# Generated MicroDuck mesh; do not edit by hand.
# Source: microduck_rl/src/mjlab_microduck/robot/microduck/assets/ankle_right.stl
# Source repository: https://github.com/pollen-robotics/microduck_rl.git@5946fd9cdbc58956424420153e51975af3b30d77
# Source SHA-256: 836032fdeaa4b1f47f75cb24fa4ad9ebdb09acec158a0d787b3890c6dc4d4c6e
# License: Creative Commons BY-SA-NC; see ../Licenses/ATTRIBUTION.json.
# Modified: exported MuJoCo-compiled mesh geometry in Tuanjie coordinates.
# Transform: (x,y,z) -> (-y,z,x); triangle winding reversed.
o ankle_right
v 0.0119371088 -0.0112771848 -0.00859594345
v 0.0118704103 -0.0113945818 -0.00535715092
v 0.0129368929 -0.0112799499 -0.00857545435
v 0.0123712504 -0.0114141805 -0.00484495098
v 0.0128490785 -0.0114345141 -0.00431124633
v 0.0143264355 -0.0099842716 -0.00299509754
v 0.0138225378 -0.00998287834 -0.00300542405
v 0.0144396024 -0.00978508685 -0.00849032495
v 0.0129765011 -0.0099410899 -0.00410985854
v 0.0103994682 -0.00984617788 -0.00658177771
v 0.0104404604 -0.00977402832 -0.00857228041
v 0.0110176411 -0.00986553729 -0.00608273642
v 0.0120392581 -0.00990188122 -0.00513812806
v 0.0144295013 -0.0147817861 -0.00867164787
v 0.0143163353 -0.0149809718 -0.00317642069
v 0.0104303593 -0.0147707285 -0.00875360332
v 0.010389368 -0.0148428781 -0.00676310062
v 0.0110075409 -0.0148622375 -0.00626405934
v 0.0138124377 -0.0149795786 -0.0031867472
v 0.0129664009 -0.0149377901 -0.00429118192
v 0.012029158 -0.0148985805 -0.00531945098
v 0.0129328528 -0.0132786343 -0.00864798389
v 0.0128450384 -0.0134331984 -0.00438377541
v 0.0104844971 0.0120115876 -0.00778171141
v 0.0104435058 0.0119394381 -0.00579120917
v 0.014483639 0.01200053 -0.00769975595
v 0.0110616777 0.0119200787 -0.00529216789
v 0.0138665754 0.0118027376 -0.00221485551
v 0.0143704731 0.0118013443 -0.00220452901
v 0.0130205387 0.011844526 -0.00331929
v 0.0120832957 0.0118837357 -0.00434755953
v 0.0119912457 0.0155051313 -0.007624052
v 0.0104945973 0.0170082878 -0.00760038849
v 0.0119872056 0.0135064507 -0.00769658107
v 0.0129869906 0.0135036856 -0.00767609244
v 0.0129910307 0.0155023662 -0.0076035629
v 0.0144937392 0.0169972293 -0.00751843303
v 0.0143805733 0.0167980436 -0.00202320609
v 0.0138766756 0.0167994369 -0.0020335326
v 0.0130306389 0.0168412253 -0.00313796708
v 0.010453606 0.0169361383 -0.00560988626
v 0.0110717788 0.0169167779 -0.00511084497
v 0.0120933959 0.0168804359 -0.00416623661
v 0.0119245481 0.0153877344 -0.004385259
v 0.0124253873 0.0153681356 -0.00387305953
v 0.0129032154 0.0153478021 -0.00333935465
v -0.0197568256 0.00695538614 -0.00188193773
v -0.0197835751 0.00690830639 -0.000583066256
v -0.0197810661 -0.00503669772 -0.0023171131
v -0.0198078156 -0.00508377794 -0.00101824163
v 0.0119330687 -0.0132758692 -0.00866847299
v 0.0118663702 -0.0133932661 -0.00542967999
v -0.0211807676 -0.00503282761 -0.00234579761
v -0.0212075152 -0.00507990783 -0.00104692613
v 0.0123672104 -0.0134128649 -0.00491748052
v -0.0211832747 0.0069121765 -0.0006117507
v -0.0211565271 0.00695925672 -0.00191062212
v 0.0128991753 0.0133491214 -0.00341188372
v 0.011920508 0.0133890538 -0.00445778854
v 0.0124213472 0.013369455 -0.0039455886
v 0.0139092216 0.00681514386 0.0001074096
v 0.0139359701 0.00686222361 -0.00119146192
v 0.0138849812 -0.00517694047 -0.000327765854
v 0.0139117297 -0.00512986025 -0.0016266373
v 0.0152846836 -0.00518081058 -0.000299081352
v 0.0153114321 -0.00513373083 -0.0015979528
v 0.0153356725 0.0068583535 -0.00116277742
v 0.015308924 0.00681127328 0.000136094081
v -0.00923459139 -0.013716639 -0.00361558865
v -0.00917520188 0.0156639609 -0.00254940894
v -0.00114114198 -0.0137390178 -0.00344972732
v 0.0106109278 0.0156092513 -0.00214392622
v 0.0105515383 -0.0137713486 -0.00321010593
v -0.0125025613 -0.0160060991 -0.00376587338
v 0.0138102155 -0.0160788558 -0.00322663831
v 0.0129641788 -0.0160370674 -0.00433107279
v 0.0120269358 -0.0159978587 -0.00535934232
v 0.0110053187 -0.0159615148 -0.00630395068
v 0.00990678277 -0.015928302 -0.00715800887
v 0.00873933267 -0.0158984624 -0.00791528914
v 0.00751148444 -0.0158722121 -0.00857027248
v 0.00623219041 -0.015849743 -0.00911818072
v 0.000791293278 -0.0158005226 -0.0101714442
v -0.0106329806 -0.0159352031 -0.00582371838
v 0.00218037399 -0.0158065185 -0.0100835776
v -0.0116117671 -0.0159691144 -0.00483471481
v 0.00491077825 -0.015831219 -0.00955501944
v 0.0035568818 -0.0158167761 -0.00987760257
v -0.00198405911 -0.0158014558 -0.00999115501
v -0.00335009373 -0.0158083774 -0.00972431246
v -0.0046883761 -0.0158195458 -0.00934197847
v -0.00598914828 -0.015834881 -0.0088469442
v -0.00724292547 -0.0158542693 -0.00824281853
v -0.00844056718 -0.015877571 -0.00753400661
v -0.000600232801 -0.0157988314 -0.0101405615
v -0.00957333762 -0.0159046147 -0.00672567496
v -0.0115430858 0.0180084538 -0.00360171776
v -0.0105642993 0.0180423651 -0.00459072134
v 0.00224905577 0.0181710478 -0.00885058101
v 0.00630087219 0.0181278251 -0.00788518321
v 0.00758016622 0.018105356 -0.00733727543
v -0.0124338791 0.0179714672 -0.00253287656
v 0.00497946003 0.0181463491 -0.00832202286
v 0.00880801491 0.0180791058 -0.00668229256
v 0.00997546408 0.0180492662 -0.00592501229
v 0.011074 0.0180160534 -0.00507095363
v 0.0120956181 0.0179797094 -0.00412634527
v 0.0130328611 0.0179405008 -0.00309807598
v 0.0138788978 0.0178987123 -0.00199364149
v -0.00950465631 0.0180729534 -0.00549267791
v -0.000531551021 0.0181787368 -0.00890756492
v 0.000859975058 0.0181770455 -0.00893844664
v -0.00461969431 0.0181580223 -0.00810898189
v -0.00328141218 0.0181691907 -0.00849131495
v -0.00191537745 0.0181761123 -0.00875815749
v 0.00362556358 0.0181607921 -0.00864460599
v -0.00837188493 0.0180999972 -0.00630100956
v -0.00717424368 0.0181232989 -0.00700982148
v -0.0059204665 0.0181426872 -0.00761394762
v -0.0146579975 0.000898058061 -0.000695365714
v -0.0146374218 0.000934273528 -0.001694498
v -0.0146659799 0.0010896991 -0.000688583707
v -0.0146454042 0.00112591463 -0.00168771599
v -0.0146906422 0.00127992698 -0.000682196405
v -0.0146700665 0.00131614238 -0.00168132875
v -0.0147317946 0.00146729278 -0.000676252414
v -0.0147112189 0.00150350831 -0.00167538482
v -0.014789125 0.00165037368 -0.000670796959
v -0.0147685492 0.00168658921 -0.00166992925
v -0.0148621984 0.00182777608 -0.000665871485
v -0.0148416227 0.00186399161 -0.00166500383
v -0.014950457 0.001998147 -0.000661513594
v -0.0149298813 0.00203436264 -0.00166064594
v -0.0150532294 0.00216019293 -0.000657756405
v -0.0150326537 0.00219640834 -0.00165688875
v -0.0151697332 0.00231268303 -0.000654628326
v -0.0151491575 0.00234889844 -0.00165376067
v -0.0152990827 0.00245444942 -0.000652153511
v -0.015278507 0.00249066507 -0.0016512858
v -0.0154402927 0.00258441758 -0.000650350528
v -0.0154197169 0.00262063299 -0.00164948287
v -0.0155922882 0.00270159775 -0.000649233232
v -0.0155717125 0.00273781316 -0.00164836564
v -0.0157539137 0.0028050968 -0.000648810179
v -0.015733337 0.00284131244 -0.00164794247
v -0.0159239378 0.0028941338 -0.000649084279
v -0.015903363 0.0029303492 -0.00164821662
v -0.0161010679 0.00296801957 -0.000650053844
v -0.0160804931 0.00300423498 -0.00164918613
v -0.0162839536 0.00302619953 -0.000651711249
v -0.0162633788 0.00306241517 -0.00165084354
v -0.0164712071 0.00306823105 -0.000654043921
v -0.0164506305 0.00310444646 -0.00165317627
v -0.0166613981 0.00309379306 -0.000657034107
v -0.0166408233 0.00313000847 -0.00165616639
v -0.0168530829 0.00310268835 -0.000660659105
v -0.0168325081 0.00313890376 -0.00165979145
v -0.0170448013 0.00309485313 -0.000664891268
v -0.0170242265 0.00313106854 -0.00166402361
v -0.0172350947 0.00307034305 -0.000669698522
v -0.0172145199 0.0031065587 -0.00166883087
v -0.0174225159 0.00302934786 -0.000675044081
v -0.0174019393 0.00306556327 -0.00167417643
v -0.0176056344 0.00297217979 -0.000680887315
v -0.0175850596 0.0030083952 -0.00168001966
v -0.0177830607 0.00289927423 -0.000687183754
v -0.0177624859 0.00293548964 -0.0016863161
v -0.0179534443 0.0028111788 -0.000693885726
v -0.0179328676 0.00284739421 -0.00169301801
v -0.0181154851 0.00270857452 -0.000700941833
v -0.0180949103 0.00274478993 -0.00170007418
v -0.0182679538 0.00259223627 -0.000708298583
v -0.0182473771 0.00262845168 -0.00170743093
v -0.018409688 0.00246305042 -0.00071589998
v -0.0183891114 0.00249926606 -0.00171503227
v -0.0185396075 0.00232200092 -0.000723688107
v -0.0185190327 0.00235821633 -0.00172282045
v -0.0186567269 0.00217015692 -0.000731603883
v -0.0186361521 0.00220637233 -0.00173073623
v -0.018760154 0.00200868119 -0.000739586831
v -0.0187395792 0.0020448966 -0.00173871918
v -0.0188491009 0.00183880015 -0.000747576181
v -0.0188285243 0.00187501556 -0.00174670853
v -0.0189228896 0.00166180381 -0.000755511341
v -0.018902313 0.00169801922 -0.00175464363
v -0.0189809594 0.001479042 -0.000763331773
v -0.0189603847 0.00151525741 -0.00176246406
v -0.0190228689 0.00129190576 -0.000770977931
v -0.0190022942 0.00132812129 -0.00177011022
v -0.0190482996 0.00110181642 -0.000778391783
v -0.0190277249 0.00113803195 -0.00177752413
v -0.0190570578 0.000910221715 -0.000785516866
v -0.0190364812 0.000946437183 -0.00178464921
v -0.0190490745 0.000718584401 -0.000792298757
v -0.0190284997 0.000754799868 -0.0017914311
v -0.0190244131 0.000528356584 -0.000798686058
v -0.0190038364 0.000564572052 -0.00179781835
v -0.0189832598 0.000340990751 -0.000804629992
v -0.018962685 0.000377206219 -0.00180376228
v -0.0189259294 0.000157906106 -0.000810085621
v -0.0189053528 0.000194121589 -0.00180921797
v -0.018852856 -1.94925815e-05 -0.000815010921
v -0.0188322812 1.67228991e-05 -0.00181414327
v -0.0187645983 -0.000189867278 -0.000819368986
v -0.0187440217 -0.000153651796 -0.00181850127
v -0.018661825 -0.000351913157 -0.000823126175
v -0.0186412502 -0.00031569766 -0.00182225846
v -0.0185453221 -0.000504399475 -0.000826254138
v -0.0185247455 -0.000468183978 -0.00182538643
v -0.0184159726 -0.00064616598 -0.000828728953
v -0.0183953959 -0.000609950512 -0.0018278613
v -0.0182747617 -0.000776134024 -0.000830531877
v -0.018254187 -0.000739918556 -0.00182966422
v -0.0181227662 -0.000893317861 -0.000831649289
v -0.0181021914 -0.000857102394 -0.00183078169
v -0.0179611407 -0.000996817136 -0.000832072401
v -0.0179405659 -0.00096060161 -0.00183120475
v -0.0177911166 -0.00108585018 -0.000831798185
v -0.01777054 -0.00104963465 -0.00183093047
v -0.0176139865 -0.00115973968 -0.000830828736
v -0.0175934117 -0.00112352427 -0.00182996108
v -0.0174311008 -0.00121791987 -0.000829171331
v -0.0174105242 -0.00118170434 -0.00182830368
v -0.0172438491 -0.00125995115 -0.000826838659
v -0.0172232725 -0.00122373563 -0.00182597095
v -0.0170536563 -0.00128551316 -0.000823848473
v -0.0170330815 -0.00124929775 -0.00182298082
v -0.0168619715 -0.00129440846 -0.000820223417
v -0.0168413948 -0.00125819305 -0.00181935576
v -0.0166702531 -0.00128657336 -0.000815991254
v -0.0166496765 -0.00125035783 -0.0018151236
v -0.0164799597 -0.00126206339 -0.000811184058
v -0.0164593849 -0.00122584787 -0.00181031635
v -0.0162925404 -0.00122106809 -0.000805838499
v -0.0162719637 -0.00118485256 -0.00180497079
v -0.01610942 -0.0011638999 -0.000799995265
v -0.0160888452 -0.00112768449 -0.00179912755
v -0.0159319937 -0.00109099073 -0.000793698651
v -0.0159114189 -0.00105477532 -0.001792831
v -0.0157616101 -0.00100289891 -0.000786996854
v -0.0157410353 -0.000966683438 -0.0017861292
v -0.0155995693 -0.00090029469 -0.000779940747
v -0.0155789936 -0.000864079164 -0.00177907303
v -0.0154471016 -0.00078395271 -0.00077258388
v -0.0154265258 -0.000747737184 -0.00177171617
v -0.0153053673 -0.000654766976 -0.000764982484
v -0.0152847916 -0.000618551509 -0.00176411483
v -0.0151754469 -0.000513717358 -0.000757194299
v -0.0151548712 -0.000477501861 -0.00175632664
v -0.0150583275 -0.000361877028 -0.000749278697
v -0.0150377518 -0.000325661531 -0.00174841098
v -0.0149549013 -0.000200401308 -0.000741295749
v -0.0149343256 -0.000164185825 -0.00174042815
v -0.0148659544 -3.05165904e-05 -0.000733306282
v -0.0148453787 5.69889062e-06 -0.00173243857
v -0.0147921648 0.000146476013 -0.000725371239
v -0.01477159 0.000182691496 -0.00172450359
v -0.014734095 0.000329241564 -0.000717550691
v -0.0147135193 0.000365457032 -0.00171668304
v -0.0146921854 0.000516377739 -0.000709904474
v -0.0146716097 0.000552593207 -0.00170903688
v -0.0146667548 0.000706467021 -0.000702490623
v -0.014646179 0.000742682489 -0.00170162297
v 0.00159903918 0.0178333875 0.0142781157
v 0.00159956794 0.0180949271 0.0142876068
v 0.00129681116 0.0180888101 0.01432765
v 0.000992081361 0.017832173 0.0143453497
v 0.00190028292 0.0181030128 0.0142344581
v 0.00219782675 0.017836526 0.0141582722
v 0.00219838577 0.0181130543 0.0141683072
v 0.00249330746 0.0181250293 0.0140892779
v 0.00278388872 0.0178415664 0.0139867319
v 0.00278448989 0.018138919 0.0139975222
v 0.00307137403 0.0181546938 0.013893215
v 0.00335276243 0.0178484693 0.0137648005
v 0.00335341715 0.0181723218 0.0137765529
v 0.00363008212 0.0181917772 0.0136477593
v 0.00390012073 0.0178571828 0.0134941665
v 0.00390083995 0.018213015 0.0135070793
v 0.00416517863 0.0182359982 0.0133547811
v 0.00442179805 0.0178676434 0.0131768901
v 0.00442259246 0.0182606801 0.0131911533
v 0.00467259111 0.0182870198 0.0130165089
v 0.00491382135 0.0178797673 0.0128153861
v 0.00491470098 0.0183149613 0.0128311794
v 0.00514845876 0.0183444563 0.0126355169
v 0.00537244882 0.0178934634 0.0124124056
v 0.00537342299 0.0183754433 0.0124298958
v 0.00579418708 0.0179086272 0.0119710155
v 0.00579526462 0.0184416678 0.0119903581
v 0.00617582863 0.0179251451 0.0114945741
v 0.006177017 0.0185131226 0.0115159107
v 0.00651446963 0.0179428905 0.010986709
v 0.00651577627 0.018589275 0.0110101653
v 0.00680753123 0.0179617293 0.0104512842
v 0.00680896221 0.0186695401 0.0104769692
v 0.00705278479 0.0179815143 0.00989237521
v 0.00705434475 0.0187533032 0.00992038194
v 0.00724835973 0.0180020984 0.0093142353
v 0.00725005334 0.018839933 0.00934463926
v 0.00739277387 0.0180233251 0.00872126501
v 0.00739460392 0.01892877 0.00875412207
v 0.00748492219 0.0180450324 0.00811797567
v 0.00748689147 0.0190191325 0.00815332495
v 0.00752410525 0.0180670526 0.00750896102
v 0.00752621423 0.0191103388 0.00754682021
v 0.00751002831 0.0180892218 0.00689885486
v 0.00751227699 0.0192016922 0.0069392249
v 0.00744279474 0.0181113686 0.00629229983
v 0.00744518219 0.0192924961 0.00633516116
v 0.0073229149 0.0181333255 0.00569391297
v 0.00732543878 0.0193820633 0.00573922787
v 0.00715130661 0.0181549247 0.00510824798
v 0.0071539646 0.0194697082 0.00515595963
v 0.00692927046 0.0181760024 0.00453976262
v 0.00693205744 0.0195547678 0.00458979607
v 0.00665849913 0.0181964003 0.00399278337
v 0.00666141044 0.0196365882 0.00404504547
v 0.00634105224 0.018215958 0.00347147323
v 0.00634408137 0.0197145529 0.00352585502
v 0.00597934797 0.0182345323 0.00297979801
v 0.00598248793 0.0197880678 0.00303617376
v 0.00557613699 0.0182519779 0.00252150185
v 0.00557938032 0.0198565703 0.00257973024
v 0.00536320405 0.0198887773 0.0023650683
v 0.00513448706 0.0182681642 0.0021000714
v 0.00513782538 0.0199195407 0.00215999759
v 0.00490366947 0.019948801 0.00196490763
v 0.00465776213 0.0182829667 0.00171871437
v 0.0046611852 0.0199765023 0.00178017025
v 0.00441083172 0.0200025905 0.00160613703
v 0.00414958689 0.0182962734 0.00138033321
v 0.00415308541 0.0200270154 0.00144313939
v 0.00388843985 0.020049734 0.0012914869
v 0.00361383241 0.018307982 0.00108750316
v 0.00361739565 0.0200707 0.00115146965
v 0.0033404706 0.0200898778 0.0010233525
v 0.00305457553 0.0183180049 0.000842452457
v 0.00305819232 0.0201072264 0.000907380716
v 0.00277109491 0.0201227125 0.000803773699
v 0.00247607031 0.0183262657 0.000647046312
v 0.00247972901 0.0201363098 0.000712730223
v 0.00218464667 0.0201479904 0.000634422759
v 0.00188272179 0.0183327012 0.000502772338
v 0.00188641087 0.0201577339 0.000569000142
v 0.00158558728 0.0201655179 0.000516586995
v 0.00127904408 0.0183372609 0.000410727429
v 0.00128275144 0.0201713331 0.000477283262
v 0.000978477299 0.0201751646 0.00045116464
v 0.0006696317 0.0183399115 0.000371613714
v 0.000673345174 0.0201770049 0.000438279181
v 0.000367935863 0.0201768521 0.000438652642
v 5.91232638e-05 0.0183406342 0.000385727268
v 6.28306298e-05 0.0201747064 0.0004522831
v -0.000241388756 0.0201705694 0.000479146256
v -0.000547834614 0.0183394216 0.000452962238
v -0.000544145529 0.0201644544 0.000519190042
v -0.000844860508 0.0201563668 0.000572338235
v -0.00114662223 0.018336283 0.000572805468
v -0.00114296342 0.0201463271 0.000638489379
v -0.00143788522 0.0201343503 0.000717517862
v -0.00173268421 0.0183312427 0.000744345773
v -0.00172906753 0.0201204643 0.000809274032
v -0.00201595156 0.0201046877 0.000913581869
v -0.00230155792 0.0183243379 0.000966277439
v -0.00229799491 0.0200870577 0.00103024393
v -0.00257465965 0.0200676043 0.00115903676
v -0.00284891622 0.0183156244 0.00123691093
v -0.00284541771 0.0200463664 0.00129971711
v -0.00310975616 0.0200233851 0.0014520156
v -0.00337059167 0.0183051657 0.00155418704
v -0.00336716836 0.0199986994 0.00161564304
v -0.00361716864 0.0199723616 0.00179028767
v -0.00386261661 0.0182930417 0.00191569119
v -0.00385927851 0.0199444182 0.00197561737
v -0.00409303652 0.0199149251 0.00217127893
v -0.00432124222 0.0182793457 0.00231867214
v -0.00431799889 0.0198839381 0.00237690052
v -0.0047429828 0.01826418 0.00276006246
v -0.00473984238 0.0198177155 0.00281643798
v -0.00512462389 0.0182476621 0.00323650381
v -0.00512159476 0.019746257 0.00329088559
v -0.00546326535 0.0182299167 0.00374436867
v -0.00546035403 0.0196701065 0.003796631
v -0.00575632649 0.0182110798 0.00427979324
v -0.0057535395 0.0195898432 0.00432982668
v -0.00600157911 0.0181912929 0.00483870227
v -0.00599892158 0.0195060764 0.00488641392
v -0.00619715592 0.0181707088 0.00541684264
v -0.00619463203 0.0194194466 0.00546215754
v -0.00634156819 0.0181494821 0.00600981293
v -0.00633918075 0.0193306115 0.00605267426
v -0.00643371651 0.0181277767 0.00661310181
v -0.00643146783 0.0192402471 0.00665347185
v -0.00647290191 0.0181057546 0.00722211646
v -0.00647079293 0.0191490427 0.00725997565
v -0.00645882264 0.0180835873 0.00783222262
v -0.00645685382 0.0190576874 0.0078675719
v -0.00639158906 0.0180614404 0.00843877811
v -0.00638975855 0.0189668853 0.00847163517
v -0.00627171108 0.0180394836 0.00903716404
v -0.00627001747 0.0188773181 0.009067568
v -0.00610010093 0.0180178825 0.00962282903
v -0.00609854097 0.0187896714 0.0096508367
v -0.00587806571 0.0179968048 0.0101913149
v -0.00587663474 0.0187046155 0.0102169998
v -0.00560729438 0.0179764088 0.0107382936
v -0.0056059882 0.0186227933 0.0107617499
v -0.0052898475 0.0179568492 0.0112596052
v -0.00528865913 0.0185448267 0.0112809418
v -0.00492814323 0.0179382768 0.0117512792
v -0.00492706569 0.0184713155 0.0117706228
v -0.00452493038 0.0179208294 0.0122095756
v -0.00452395622 0.0184028093 0.0122270659
v -0.00408328278 0.0179046448 0.0126310065
v -0.00360655552 0.0178898424 0.0130123636
v -0.0036057611 0.0182828791 0.0130266258
v -0.003848247 0.0183105804 0.0128418887
v -0.00408240268 0.0183398388 0.012646799
v -0.00430778181 0.0183706023 0.0124417283
v -0.00309838238 0.0178765357 0.0133507447
v -0.00256262789 0.0178648252 0.0136435749
v -0.00256197318 0.0181886777 0.0136553273
v -0.00283301761 0.0182096474 0.0135153094
v -0.00309766317 0.0182323661 0.0133636575
v -0.00335540925 0.0182567928 0.0132006593
v -0.00200337102 0.0178548023 0.0138886254
v -0.00142486568 0.0178465415 0.0140840309
v -0.00142430665 0.0181230698 0.0140940659
v -0.00171567244 0.0181366671 0.0140030226
v -0.00200276985 0.0181521568 0.0138994157
v -0.00228504813 0.0181695055 0.0137834437
v -0.000831517158 0.0178401079 0.0142283058
v -0.000227839424 0.0178355463 0.0143203503
v -0.000227329016 0.0180880483 0.0143295126
v -0.000530164922 0.0180938635 0.0142902089
v -0.000830988516 0.0181016475 0.014237796
v -0.00112922431 0.018111391 0.0141723743
v 0.000992591726 0.0180846751 0.014354513
v 0.000687486492 0.0180825312 0.0143681439
v 0.0003815729 0.0178328957 0.0143594639
v 0.000382077182 0.0180823784 0.0143685173
v 7.69450926e-05 0.0180842187 0.0143556325
v 2.11585429e-05 0.0160603095 -0.000196239373
v -1.3171948e-05 0.015578798 -0.000712929701
v -0.00062915415 0.0160590094 -0.000124202241
v -0.000706837571 0.0155774113 -0.000636089477
v -0.00127071247 0.0160556473 4.20199422e-06
v -0.0013911667 0.0155738248 -0.000499126094
v -0.00189863588 0.0160502475 0.000187994418
v -0.00206095143 0.0155680645 -0.000303079694
v -0.00250814459 0.0160428509 0.000425777951
v -0.00271109515 0.0155601744 -4.94442647e-05
v -0.00309459982 0.0160335135 0.000715742994
v -0.00333664729 0.0155502148 0.000259851367
v -0.00365353865 0.0160223078 0.00105568173
v -0.00393284811 0.0155382613 0.000622452761
v -0.00418070704 0.0160093177 0.00144300773
v -0.00449516112 0.015524406 0.00103560055
v -0.00467209239 0.0159946419 0.00187477306
v -0.00501930481 0.0155087523 0.00149615039
v -0.0051239552 0.0159783941 0.00234769122
v -0.00550129358 0.0154914213 0.00200059614
v -0.00553285843 0.0159606971 0.00285816356
v -0.00593745569 0.0154725434 0.00254510064
v -0.00589568773 0.0159416832 0.0034023053
v -0.0063244733 0.0154522639 0.0031255174
v -0.00620968174 0.0159215014 0.0039759744
v -0.00665940065 0.0154307354 0.00373743242
v -0.00647245208 0.0159003008 0.00457480596
v -0.00693968963 0.015408122 0.00437618513
v -0.00668199873 0.0158782471 0.00519424072
v -0.00716320612 0.0153845968 0.00503691612
v -0.00683672586 0.0158555042 0.00582956709
v -0.00732824858 0.0153603386 0.00571459671
v -0.00693545723 0.0158322472 0.00647594733
v -0.00743356161 0.015335531 0.00640406925
v -0.00697744126 0.0158086531 0.00712846313
v -0.00747834332 0.0153103648 0.00710008619
v -0.00696235662 0.0157849006 0.00778214913
v -0.00746225379 0.0152850291 0.00779735157
v -0.00689031975 0.0157611724 0.00843202882
v -0.00738541503 0.0152597185 0.00849055685
v -0.00676187919 0.0157376472 0.00907315779
v -0.00724841189 0.015234625 0.00917442702
v -0.00657801144 0.0157145057 0.00970065594
v -0.00705228606 0.0152099393 0.00984375831
v -0.00634011626 0.0156919211 0.0103097474
v -0.00679853093 0.0151858497 0.0104934555
v -0.00605000509 0.0156700667 0.0108957961
v -0.00648907805 0.0151625397 0.011118575
v -0.00570988422 0.0156491119 0.0114543438
v -0.00612628274 0.0151401861 0.0117143588
v -0.00532234181 0.0156292114 0.011981138
v -0.0057129059 0.0151189594 0.0122762732
v -0.00489033014 0.0156105189 0.0124721695
v -0.00525209121 0.0150990216 0.0128000397
v -0.00441713491 0.0155931767 0.0129237026
v -0.0047473507 0.0150805227 0.0132816751
v -0.0039063571 0.0155773172 0.013332299
v -0.00420252094 0.0150636062 0.0137175117
v -0.00336188497 0.0155630605 0.0136948507
v -0.00362175168 0.0150483986 0.0141042331
v -0.00278786244 0.0155505147 0.0140085975
v -0.00300946087 0.0150350165 0.0144388964
v -0.00218865741 0.0155397756 0.0142711513
v -0.00237030769 0.0150235612 0.0147189535
v -0.00156883057 0.0155309252 0.0144805154
v -0.00170915923 0.0150141213 0.0149422754
v -0.000933099713 0.0155240307 0.0146350944
v -0.00103104615 0.0150067667 0.0151071595
v -0.000286301482 0.015519144 0.0147337131
v -0.000341129315 0.015001555 0.0152123533
v 0.000366638968 0.0155163035 0.0147756217
v 0.000355341122 0.0149985254 0.0152570549
v 0.00102075387 0.0155155305 0.0147604998
v 0.00105306425 0.0149977002 0.0152409254
v 0.00167106651 0.0155168297 0.014688462
v 0.00174672983 0.014999086 0.0151640857
v 0.00231262483 0.0155201927 0.0145600587
v 0.00243105902 0.0150026735 0.0150271216
v 0.00294054812 0.0155255934 0.0143762659
v 0.00310084363 0.0150084337 0.0148310754
v 0.00355005707 0.01553299 0.0141384816
v 0.00375098758 0.015016323 0.01457744
v 0.00413651206 0.0155423265 0.0138485171
v 0.00437653949 0.0150262825 0.014268144
v 0.00469545089 0.0155535331 0.0135085788
v 0.00497274008 0.015038236 0.0139055429
v 0.00522261951 0.0155665223 0.0131212529
v 0.00553505355 0.0150520913 0.0134923952
v 0.00571400486 0.0155811971 0.0126894871
v 0.00605919911 0.015067745 0.0130318459
v 0.00616586767 0.0155974459 0.0122165689
v 0.00654118601 0.015085076 0.0125273997
v 0.0065747709 0.0156151438 0.0117060961
v 0.00697734766 0.0151039539 0.0119828954
v 0.00693760021 0.0156341568 0.0111619551
v 0.0073643662 0.0151242344 0.0114024775
v 0.00725159422 0.0156543385 0.0105882855
v 0.00769929308 0.0151457628 0.0107905641
v 0.00751436455 0.0156755392 0.00998945441
v 0.00797958206 0.0151683753 0.0101518109
v 0.0077239112 0.0156975929 0.00937001873
v 0.00820309855 0.0151919005 0.00949107949
v 0.0078786388 0.0157203358 0.00873469375
v 0.00836814102 0.0152161587 0.00881339889
v 0.00797737017 0.0157435928 0.00808831304
v 0.00847345497 0.0152409663 0.00812392589
v 0.00801935326 0.0157671869 0.00743579678
v 0.00851823576 0.0152661335 0.00742790895
v 0.00800426956 0.0157909375 0.00678211125
v 0.00850214716 0.0152914682 0.0067306445
v 0.00793223269 0.0158146676 0.00613223156
v 0.00842530746 0.0153167788 0.00603743875
v 0.00780379167 0.0158381928 0.00549110211
v 0.00828830432 0.0153418723 0.00535356812
v 0.00761992345 0.0158613343 0.0048636049
v 0.00809217803 0.015366558 0.0046842373
v 0.00738202874 0.0158839189 0.00425451342
v 0.00783842336 0.0153906476 0.00403454015
v 0.0070919171 0.0159057714 0.00366846402
v 0.00752897142 0.0154139576 0.00340941991
v 0.0067517967 0.015926728 0.00310991635
v 0.00716617517 0.0154363113 0.00281363702
v 0.00636425428 0.0159466285 0.00258312211
v 0.00675279833 0.015457538 0.00225172262
v 0.00593224214 0.0159653202 0.00209209067
v 0.00629198551 0.0154774766 0.00172795577
v 0.00545904692 0.0159826633 0.00164055789
v 0.00578724314 0.0154959746 0.00124632067
v 0.00494826958 0.0159985218 0.00123196095
v 0.00524241338 0.0155128911 0.000810483936
v 0.00440379744 0.0160127804 0.000869409763
v 0.00466164388 0.0155280987 0.000423762569
v 0.00382977468 0.0160253253 0.000555662671
v 0.0040493533 0.0155414809 8.90994779e-05
v 0.00323056965 0.0160360634 0.000293108664
v 0.00341019989 0.0155529361 -0.000190957871
v 0.00261074281 0.0160449147 8.3745741e-05
v 0.00274905167 0.0155623769 -0.000414279406
v 0.00197501201 0.0160518084 -7.08343287e-05
v 0.00207093847 0.0155697307 -0.000579163723
v 0.00132821384 0.016056696 -0.000169453531
v 0.00138102169 0.0155749423 -0.000684358121
v 0.000675273419 0.0160595365 -0.000211361126
v 0.000684551196 0.0155779729 -0.000729059626
v 0.000679919554 0.0183580201 -0.000127952459
v 2.58046639e-05 0.0183587931 -0.000112830698
v -0.000624508015 0.018357493 -4.07935586e-05
v -0.00126606645 0.0183541309 8.76106715e-05
v -0.00189398974 0.0183487311 0.000271403085
v -0.00250349846 0.0183413345 0.00050918659
v -0.00308995368 0.0183319971 0.000799151661
v -0.00364889251 0.0183207914 0.0011390904
v -0.00417606067 0.0183078013 0.0015264164
v -0.00466744648 0.0182931256 0.00195818185
v -0.00511930929 0.0182768777 0.00243109977
v -0.00552821252 0.0182591807 0.00294157234
v -0.00589104136 0.0182401668 0.00348571409
v -0.00620503584 0.0182199851 0.00405938318
v -0.00646780571 0.0181987844 0.00465821475
v -0.00667735236 0.0181767307 0.0052776495
v -0.0068320795 0.0181539878 0.00591297587
v -0.00693081087 0.0181307308 0.00655935612
v -0.00697279489 0.0181071367 0.00721187191
v -0.00695771025 0.0180833861 0.00786555745
v -0.00688567339 0.018059656 0.00851543806
v -0.00675723283 0.0180361308 0.00915656611
v -0.00657336507 0.0180129893 0.00978406426
v -0.00633547036 0.0179904047 0.0103931557
v -0.00604535872 0.0179685522 0.0109792054
v -0.00570523785 0.0179475956 0.0115377521
v -0.00531769544 0.0179276951 0.0120645463
v -0.00488568377 0.0179090034 0.0125555787
v -0.00441248855 0.0178916603 0.0130071109
v -0.0039017112 0.0178758018 0.0134157082
v -0.00335723907 0.0178615451 0.013778259
v -0.0027832163 0.0178489983 0.0140920058
v -0.00218401127 0.0178382602 0.0143545605
v -0.00156418444 0.0178294089 0.0145639237
v -0.000928453635 0.0178225152 0.0147185028
v -0.000281655375 0.0178176276 0.0148171224
v 0.000371285074 0.0178147871 0.01485903
v 0.00102540001 0.0178140141 0.0148439081
v 0.00167571264 0.0178153142 0.0147718713
v 0.00231727096 0.0178186763 0.014643467
v 0.00294519425 0.017824078 0.0144596742
v 0.0035547032 0.0178314745 0.0142218908
v 0.00414115842 0.0178408101 0.0139319263
v 0.00470009726 0.0178520177 0.0135919871
v 0.00522726541 0.0178650059 0.0132046612
v 0.00571865076 0.0178796817 0.0127728963
v 0.00617051357 0.0178959295 0.0122999772
v 0.00657941727 0.0179136284 0.0117895054
v 0.00694224611 0.0179326404 0.0112453634
v 0.00725624012 0.017952824 0.0106716948
v 0.00751901045 0.0179740228 0.0100728637
v 0.0077285571 0.0179960784 0.00945342798
v 0.00788328517 0.0180188194 0.00881810207
v 0.00798201654 0.0180420764 0.00817172136
v 0.00802399963 0.0180656705 0.00751920557
v 0.00800891593 0.018089423 0.00686552003
v 0.00793687906 0.0181131512 0.00621563988
v 0.00780843757 0.0181366764 0.0055745109
v 0.00762456981 0.0181598198 0.00494701369
v 0.00738667464 0.0181824025 0.0043379222
v 0.00709656347 0.0182042569 0.00375187257
v 0.0067564426 0.0182252135 0.00319332513
v 0.00636890018 0.0182451122 0.0026665309
v 0.00593688851 0.0182638038 0.00217549945
v 0.00546369329 0.0182811469 0.00172396656
v 0.00495291594 0.0182970073 0.00131536962
v 0.00440844335 0.018311264 0.000952818431
v 0.00383442082 0.0183238089 0.000639071339
v 0.00323521579 0.0183345489 0.000376517331
v 0.00261538895 0.0183433983 0.000167154416
v 0.00197965815 0.0183502939 1.25743427e-05
v 0.00133285997 0.0183551796 -8.6044849e-05
v 0.0152671086 -0.0138750682 -0.000614583434
v 0.0152573297 -0.0187128447 -0.000790139369
v 0.0100327153 -0.0141841089 0.00819317997
v 0.00840674154 -0.0176579207 0.0107950764
v 0.00841357 -0.0142797036 0.0109176664
v -0.0084769493 -0.0177855119 0.00847661868
v -0.00846962444 -0.0141617665 0.00860811956
v -0.00823437236 -0.0141892498 0.00935238879
v -0.00824151095 -0.0177205354 0.00922424346
v -0.00793712866 -0.0142160431 0.0100741656
v -0.00794408657 -0.0176578388 0.00994926784
v -0.00758001208 -0.0142419543 0.0107683064
v -0.00758679584 -0.0175978635 0.0106465258
v -0.00716556888 -0.0142667992 0.0114298612
v -0.00717218732 -0.0175410528 0.0113110431
v -0.0066967532 -0.0142903998 0.0120541127
v -0.00670321612 -0.0174877997 0.0119380839
v -0.0061769085 -0.0143125886 0.0126366103
v -0.00618322752 -0.0174384788 0.0125231771
v -0.00560973957 -0.0143332072 0.0131732021
v -0.00561592542 -0.0173934568 0.0130621502
v -0.00499929395 -0.0143521084 0.0136600612
v -0.00500536012 -0.0173530467 0.0135511616
v -0.0043499181 -0.0143691581 0.0140937166
v -0.00435587764 -0.0173175372 0.0139867235
v -0.00366624678 -0.0143842334 0.0144710764
v -0.00367211481 -0.0172871798 0.0143657327
v -0.00295315264 -0.0143972281 0.01478945
v -0.00295894383 -0.0172621943 0.0146854846
v -0.00221571792 -0.0144080501 0.0150465686
v -0.00222144788 -0.0172427483 0.0149437012
v -0.00145920494 -0.0144166201 0.0152405985
v -0.00146488985 -0.0172289964 0.0151385413
v -0.000689003093 -0.0144228786 0.0153701548
v -0.000694659248 -0.0172210336 0.0152686145
v 0.00796914846 -0.0175965428 0.0114671001
v 0.0027543155 -0.017838249 0.00846131891
v -0.000550867873 -0.017832689 0.00835311878
v -0.000649791502 -0.01783631 0.00830698293
v -0.00388994301 -0.0179029033 0.00738546625
v -0.00539897941 -0.017829759 0.00813521165
v -0.00549486745 -0.017828932 0.00813955069
v -0.000447937375 -0.017829394 0.0083956942
v -0.00559085095 -0.0178284813 0.00813968573
v -0.00854671653 -0.0178072453 0.00822698511
v -0.00568675157 -0.0178284012 0.00813561864
v -0.000450035412 -0.0178294573 0.00839487929
v -0.00149478309 -0.0178924184 0.00762817496
v -0.00162400771 -0.0179074146 0.00745179225
v -0.00511372648 -0.0178344324 0.00809710193
v -0.00520822871 -0.0178325046 0.00811396819
v -0.00530337356 -0.0178309456 0.00812667888
v -0.00578238256 -0.0178286973 0.00812735502
v -0.00587756559 -0.0178293586 0.00811491255
v -0.00597211672 -0.0178303923 0.00809831358
v -0.00747334538 -0.017920861 0.00699661486
v -0.00882658269 -0.0178817809 0.00736888498
v -0.00737353554 -0.0179067794 0.0071611898
v -0.00725981873 -0.0178935844 0.00731640635
v -0.000746614474 -0.0178403221 0.00825655926
v -0.00084115786 -0.0178447179 0.00820194371
v -0.000933235686 -0.0178494845 0.00814324059
v -0.00130797841 -0.0186653547 -0.00111052627
v -0.00120159099 -0.0186800081 -0.00127087557
v -0.0211840607 -0.0188338682 -0.00404715398
v -0.00108168332 -0.0186938476 -0.00142130489
v -0.000949172885 -0.0187067725 -0.00156066893
v 0.00252916012 -0.0181733184 0.00465730857
v 0.00264258147 -0.0181573108 0.00484432559
v 0.00223071175 -0.0184521023 0.00148639351
v 0.00273933401 -0.018140411 0.00504055293
v -0.00483587198 -0.0178423375 0.00802193955
v -0.00492737116 -0.0178393554 0.00805104431
v -0.005020048 -0.0178367142 0.00807611458
v -0.00606585713 -0.0178317986 0.00807758979
v -0.00615860801 -0.0178335663 0.00805278122
v -0.00625019427 -0.0178356972 0.00802393537
v -0.00113916211 -0.0184427835 0.00141733384
v -0.00432662573 -0.0181917492 0.0040935697
v -0.00424791779 -0.0181872379 0.00414872775
v 0.00254907017 -0.0184959546 0.00100656692
v 0.00245700846 -0.0184806027 0.00117561559
v 0.00281950715 -0.0181225501 0.00524692843
v 0.0023506193 -0.0184659418 0.00133596431
v 0.0028186827 -0.0181227587 0.00524449721
v -0.00377003709 -0.0179167427 0.00723503716
v -0.00173742895 -0.0179234147 0.00726477522
v -0.00366364792 -0.0179313961 0.0070746881
v 0.000338272133 -0.0183778964 0.00222828262
v 0.000243089016 -0.0183785651 0.00221583969
v 0.000285348389 -0.0182608403 0.00355046522
v 0.000148537816 -0.0183795989 0.00219924026
v 0.000176703819 -0.018259488 0.00356016145
v 5.47985619e-05 -0.0183809977 0.0021785167
v 6.85834602e-05 -0.0182577129 0.00357460696
v -0.0212348681 -0.0186119415 -0.00153798412
v -0.0200796947 -0.0186107401 -0.00146448659
v -0.0189350285 -0.0186007302 -0.0012919209
v -0.0178092867 -0.0185819883 -0.00102155644
v -0.000563971233 -0.0184008069 0.00192225084
v -0.000645000546 -0.0184050016 0.00187059178
v -0.00383246411 -0.0181539673 0.0045468281
v -0.000723708479 -0.0184095129 0.00181543443
v 0.00228819042 -0.0187031645 -0.00135224522
v 0.00240190909 -0.0186899714 -0.00119702809
v 0.00299756159 -0.0189007316 -0.00355159305
v 0.00250171917 -0.0186758898 -0.00103245303
v 0.00258686137 -0.0186610278 -0.000859773892
v 0.000433905021 -0.0183776077 0.00223654509
v 0.000394310075 -0.0182617754 0.00354553503
v 0.000529803568 -0.0183776878 0.00224061357
v 0.000503383693 -0.0182622895 0.00354538113
v 0.000625789107 -0.0183781385 0.00224047736
v 0.000612360542 -0.0182623789 0.00355000375
v 0.000721675286 -0.0183789562 0.00223613973
v -0.00102267694 -0.0178546105 0.00808056165
v -0.00110931078 -0.0178600885 0.0080140261
v -0.00119297032 -0.0178659204 0.0079437606
v 0.000523241062 -0.0187678188 -0.00217538909
v 0.000619224738 -0.0187682696 -0.00217552413
v 0.000715125119 -0.0187683497 -0.00217145681
v -0.00127349782 -0.0178720765 0.00786989834
v -0.00135073985 -0.0178785529 0.00779258134
v -3.79525736e-05 -0.0183827654 0.00215370907
v -0.000129537657 -0.0183848962 0.00212486321
v -3.88034241e-05 -0.0182555299 0.00359377195
v -0.000219782683 -0.0183873847 0.00209203386
v -0.00457017077 -0.0178533588 0.00791101158
v -0.00465710089 -0.0178493485 0.00795185659
v -0.00474572508 -0.0178456735 0.00798885617
v -0.00634043897 -0.0178381782 0.00799110625
v -0.00642917212 -0.0178410187 0.00795435719
v -0.00651622424 -0.0178442076 0.00791375712
v -0.01274586 -0.0183643959 0.00170348643
v -0.0118984208 -0.0182983372 0.0024950509
v -0.00752069661 -0.0181007963 0.00495759491
v -0.0111216344 -0.0182257723 0.0033565755
v -0.00759773143 -0.0180848576 0.00513405586
v -0.0104212109 -0.0181472432 0.00428172527
v -0.00765915215 -0.0180684458 0.00531658716
v -0.00179123727 -0.0181278847 0.00494770706
v -0.00168662157 -0.0181453396 0.00475560594
v -0.00353379524 -0.0181118213 0.00503929937
v -0.00045698788 -0.0182427466 0.00371677824
v -0.000354548625 -0.0182465408 0.00367918401
v -0.000250570738 -0.0182499345 0.00364611042
v -0.000145256781 -0.0182529371 0.00361762149
v -0.000308515679 -0.0183902252 0.0020552848
v -0.000395568495 -0.0183934141 0.00201468472
v -0.000480775052 -0.0183969401 0.00197031186
v -0.0167107452 -0.0185546651 -0.000655380194
v -0.0156474803 -0.0185189527 -0.000196084162
v -0.0146273058 -0.0184751134 0.000352953735
v -0.00417168206 -0.0181824118 0.0042072786
v -0.00409806101 -0.0181772895 0.00426911237
v -0.00101240317 -0.0184305832 0.00156201166
v -0.00402719621 -0.0181718655 0.00433411123
v -0.00094442995 -0.0184248853 0.00163005106
v -0.00395922316 -0.0181661677 0.00440214993
v -0.000873567129 -0.0184194688 0.00169504876
v -0.000799946254 -0.0184143391 0.00175688264
v -0.00493367389 -0.0182139855 0.003810453
v -0.00484208856 -0.0182118621 0.00383929885
v -0.0012528809 -0.0184559785 0.00126211671
v -0.00475184387 -0.0182093736 0.00387212797
v -0.00466311071 -0.018206533 0.00390887726
v -0.00143783295 -0.0184849296 0.000924862281
v -0.00669023907 -0.0181852151 0.00404513115
v -0.00660718558 -0.0181898624 0.00399683602
v 0.000236600463 -0.0187642463 -0.00214980659
v 0.000331745163 -0.0187658034 -0.00216251751
v 0.000427352992 -0.0187669992 -0.00217105052
v 0.00165176869 -0.0182404015 0.00385254202
v 0.00174631027 -0.0182360075 0.00390715711
v 0.00119328348 -0.0183885545 0.00215197215
v 0.00100692827 -0.0183836296 0.00219802908
v 0.000912427844 -0.0183817111 0.00221489486
v 0.00114856171 -0.0182565153 0.00364413601
v 0.000721034128 -0.0182620436 0.00355939381
v 0.000829194207 -0.0182612929 0.00357353315
v 0.000817283115 -0.0183801521 0.00222760695
v 0.000936640135 -0.0182601139 0.00359239639
v 0.00104316208 -0.0182585213 0.00361594511
v -0.0014294663 -0.0181777179 0.00440244935
v -0.00156572368 -0.0181619953 0.00457339128
v -0.00371874729 -0.0181407724 0.00470204465
v -0.00361893745 -0.0181266908 0.00486661913
v -0.00755848782 -0.0179357305 0.00682393508
v -0.00762831513 -0.017951265 0.0066444641
v -0.00926945172 -0.0179746114 0.00629528146
v -0.00768229598 -0.0179673564 0.0064595677
v -0.00559741538 -0.0182186197 0.00372368353
v -0.00550143002 -0.0182190705 0.00372354849
v -0.001352689 -0.0184700675 0.00109754247
v -0.00540553126 -0.0182191506 0.00372761581
v -0.00530989841 -0.0182188544 0.00373587944
v -0.00153849565 -0.0186176524 -0.000582485751
v -0.00147707586 -0.0186340548 -0.000765016594
v -0.00140004198 -0.0186500028 -0.000941478589
v 0.000810756115 -0.0187680591 -0.00216319342
v 0.000905939261 -0.0187673923 -0.00215075049
v 0.00100049051 -0.0187663585 -0.00213415199
v -0.00432116725 -0.0178672913 0.0077662156
v -0.00440204283 -0.0178623367 0.00781810284
v -0.00448509585 -0.0178576894 0.00786639843
v -0.00660142954 -0.017847741 0.00786938425
v -0.00668462692 -0.0178516079 0.00782132335
v -0.00676565617 -0.0178558026 0.00776966428
v -0.00588405412 -0.0182150472 0.00374926603
v -0.00578890927 -0.0182166044 0.00373655511
v -0.00569330156 -0.0182177927 0.00372802233
v 0.00273286388 -0.0185450576 0.000460362207
v 0.00268752594 -0.018528305 0.000647574139
v 0.00262610405 -0.0185119007 0.000830105855
v -0.000753156724 -0.0182290953 0.00385593483
v -0.000656480901 -0.0182340201 0.00380523829
v -0.000557697087 -0.0182385743 0.00375882327
v -0.00770449126 -0.0180517007 0.0055037993
v -0.00980230048 -0.0180633124 0.00526370062
v -0.00773340464 -0.0180347413 0.00569426687
v -0.00457605766 -0.0182033423 0.00394947641
v -0.00449085329 -0.0181998108 0.00399384927
v -0.00440765498 -0.0181959439 0.00404191157
v 0.000142100063 -0.0187623259 -0.00213294057
v 4.84216253e-05 -0.0187600423 -0.00211195275
v 0.0012847844 -0.018391544 0.00212286739
v 0.0012526369 -0.0182540901 0.00367691601
v 0.00135518785 -0.0182512682 0.00371422223
v 0.00110060663 -0.0183859132 0.00217704196
v 0.00145602028 -0.0182480365 0.00375598203
v 0.00155494397 -0.0182444155 0.00380211812
v -0.00521471724 -0.0182181932 0.00374832214
v -0.00512016611 -0.0182171594 0.00376492064
v -0.00502642477 -0.0182157531 0.00378564443
v 0.00109422975 -0.0187649596 -0.00211342843
v 0.00118698087 -0.018763192 -0.00208861986
v 0.00127856596 -0.0187610611 -0.00205977377
v 0.00265668798 -0.0186454859 -0.000680302212
v 0.00271066977 -0.0186294019 -0.000495406392
v 0.00274839159 -0.0186128784 -0.000306491391
v -0.00409312453 -0.0178839043 0.00759002892
v -0.00416656164 -0.0178780816 0.00765207037
v -0.00424262462 -0.017872544 0.00771083636
v -0.00684436411 -0.0178603139 0.00771450717
v -0.00692060171 -0.01786514 0.00765595585
v -0.00699422183 -0.0178702623 0.00759412209
v -0.00616491167 -0.0182082038 0.00381218968
v -0.0060722339 -0.0182108376 0.00378712034
v -0.00597855542 -0.0182131194 0.00376613229
v -0.000225901298 -0.0187510774 -0.00202469481
v -0.000135754293 -0.0187544115 -0.00205777818
v -4.42551791e-05 -0.0187574029 -0.00208688271
v 0.00163555855 -0.0184068885 0.00196732627
v 0.00155048585 -0.0184025578 0.00201193895
v 0.00225589238 -0.0182021707 0.00431651948
v 0.00183838815 -0.018231241 0.00396586023
v 0.00192782935 -0.0182261132 0.00402853917
v 0.00137493142 -0.01839488 0.00208978425
v 0.0020144633 -0.018220637 0.00409507472
v 0.00209812261 -0.0182148106 0.00416534068
v -0.00102869421 -0.0182122216 0.00403271057
v -0.000939438876 -0.0182181858 0.00396977924
v -0.000847534509 -0.0182238147 0.00391081721
v -0.00402245345 -0.0178899858 0.00752483075
v -0.00706508663 -0.0178756863 0.00752912369
v -0.00713305874 -0.0178813841 0.00746108452
v -0.00772001874 -0.0179838724 0.00627065357
v -0.00774119794 -0.018000694 0.00607915921
v -0.00774567109 -0.0180176944 0.00588654121
v 0.00171861181 -0.0184115358 0.00191902998
v 0.00146355364 -0.018398555 0.0020527842
v 0.00217865035 -0.018208649 0.00423920248
v -0.0136577236 -0.0184234641 0.000987700187
v -0.00742863491 -0.0181161556 0.00478854589
v -0.00732224574 -0.0181308091 0.00462819682
v -0.00720233982 -0.0181446485 0.00447776821
v -0.00706982845 -0.018157566 0.0043384037
v 0.00136881287 -0.0187585726 -0.00202694465
v 0.00145754579 -0.0187557321 -0.00199019536
v 0.00154459674 -0.0187525414 -0.00194959529
v -0.00643518101 -0.0181982033 0.00391137693
v -0.00634655776 -0.0182018783 0.00387437781
v -0.00625641085 -0.0182052143 0.00384129444
v -0.00162501563 -0.0185668934 -1.25307934e-05
v -0.00161274802 -0.0185839403 -0.000204805154
v -0.00158383558 -0.0186008997 -0.000395272917
v -0.000486530247 -0.0187390689 -0.00190223707
v -0.00040145751 -0.0187433995 -0.00194685068
v -0.000314525416 -0.0187474024 -0.00198769476
v 0.00276957173 -0.0185960568 -0.000114997056
v 0.00277404394 -0.0185790565 7.76203524e-05
v 0.00276177819 -0.018562017 0.000269894488
v -0.00187877589 -0.0181097705 0.00514823105
v -0.00346396677 -0.0180962868 0.00521877035
v -0.00340998685 -0.0180801954 0.00540366629
v -0.00684965914 -0.0181750059 0.00415239809
v -0.00677111465 -0.0181802604 0.00409701932
v 0.00195409474 -0.0184272882 0.00175299682
v 0.001878032 -0.0184217431 0.00181176316
v 0.00179948728 -0.0184164885 0.00186714297
v -0.00127888727 -0.0181923974 0.00424407981
v -0.00119857944 -0.0181993097 0.00416999171
v -0.00111512875 -0.0182059258 0.00409949059
v -0.00652211206 -0.018194193 0.00395222241
v -0.0069991583 -0.0181636475 0.004273206
v -0.00692572119 -0.0181694701 0.00421116408
v -0.00150765968 -0.0185004715 0.000745391531
v -0.0015616396 -0.0185165554 0.00056049478
v -0.0015993634 -0.018533079 0.000371580682
v -0.00162054156 -0.0185499005 0.000180086383
v 0.00162980333 -0.0187490154 -0.00190522347
v 0.00171299954 -0.0187451504 -0.00185716152
v 0.00179402879 -0.0187409557 -0.00180550246
v -0.000729003688 -0.0187242124 -0.00174667488
v -0.000650458969 -0.0187294669 -0.00180205377
v -0.000569583557 -0.0187344216 -0.00185394066
v 0.00239993748 -0.0181883071 0.00448092632
v 0.00209820108 -0.0184391849 0.00162575813
v 0.00202752999 -0.0184331015 0.0016909563
v -0.00338779087 -0.0179958511 0.00635943515
v -0.00343313068 -0.0179791059 0.00654664729
v -0.00201774039 -0.0179950222 0.006439819
v -0.00357158622 -0.0179467555 0.00690563954
v -0.00183418172 -0.0179403126 0.00706854789
v -0.00349455047 -0.0179626942 0.00672917813
v -0.00191353029 -0.0179579668 0.00686460361
v -0.00197487278 -0.0179762524 0.00665449444
v 0.00187273673 -0.0187364444 -0.00175034523
v 0.00194897456 -0.0187316183 -0.00169179426
v 0.00202259538 -0.0187264886 -0.00162996037
v -0.0008785018 -0.018712854 -0.00162586698
v -0.000805066549 -0.0187186692 -0.00168790843
v 0.00209345832 -0.018721072 -0.00156496186
v 0.00216143136 -0.0187153742 -0.00149692246
v -0.0033588782 -0.0180128105 0.00616896758
v -0.00204180647 -0.018014133 0.00622221176
v -0.00334661081 -0.0180298574 0.00597669231
v -0.00204688893 -0.0180334505 0.00600332813
v -0.00335108466 -0.0180468578 0.00578407524
v -0.00203295029 -0.0180528238 0.00578483474
v -0.00337226293 -0.0180636793 0.00559258088
v -0.00200009509 -0.018072091 0.00556839397
v -0.00194857281 -0.0180911291 0.00535565242
v 0.000477799418 -0.0173137262 0.0142801516
v 0.000381913211 -0.0173129067 0.0142844897
v 0.00122586871 -0.017226344 0.0153079722
v -0.001383038 -0.0173775591 0.0134613458
v -0.00144546689 -0.0176147837 0.0107731363
v -0.00132555922 -0.0176286232 0.0106227072
v -0.00119304878 -0.0176415406 0.0104833432
v 0.000285927701 -0.0173124559 0.0142846256
v 0.000190029154 -0.0173123758 0.0142805576
v 0.00221313257 -0.0174153708 0.0132196276
v 0.0021067434 -0.0174007174 0.0133799762
v 0.00280086882 -0.017257547 0.015036392
v 0.00198683585 -0.0173868779 0.0135304052
v 0.0018543253 -0.017373953 0.0136697702
v 0.00204431452 -0.0176379401 0.0106917666
v 0.0021580332 -0.017624747 0.0108469836
v 0.00225784327 -0.017610658 0.0110115586
v 0.000763052318 -0.0173183996 0.0142420419
v 0.000668551947 -0.0173164792 0.0142589072
v 0.000573407218 -0.0173149202 0.0142716188
v 9.43962659e-05 -0.0173126645 0.0142722949
v -7.86840758e-07 -0.0173133332 0.0142598515
v -9.53380586e-05 -0.017314367 0.0142432526
v -0.00172095175 -0.0175688248 0.0112789953
v -0.00164391787 -0.0175847709 0.0111025339
v -0.00155185419 -0.0176001228 0.0109334858
v -0.000243409275 -0.0178242102 0.00846496504
v -0.000813459395 -0.0176691897 0.0101900715
v 0.00146912364 -0.0176799186 0.010186851
v 0.0015501529 -0.0176757239 0.0102385096
v -0.000894334866 -0.0176642351 0.0102419583
v -0.000972879585 -0.0176589806 0.0102973375
v 0.00104090851 -0.0173263121 0.0141668795
v 0.000949407578 -0.0173233226 0.0141959842
v 0.000856730796 -0.0173206814 0.0142210536
v -0.00149675668 -0.0173907541 0.0133061288
v -0.00159656478 -0.0174048357 0.0131415548
v -0.00168170885 -0.0174196977 0.0129688745
v 0.00244365004 -0.0174630731 0.0126915863
v 0.00238222815 -0.0174466688 0.0128741181
v 0.0023051945 -0.0174307227 0.0130505795
v -0.000189077313 -0.0173157658 0.0142225297
v -0.000281828427 -0.0173175335 0.0141977211
v -0.000373413524 -0.0173196644 0.0141688753
v 0.00162886095 -0.0176712126 0.0102936663
v 0.00170509866 -0.0176663864 0.0103522176
v 0.0017787196 -0.0176612567 0.0104140518
v 0.000619805884 -0.0178198852 0.0085586356
v 0.000510842365 -0.0178189501 0.00856356602
v 0.000566880277 -0.0177028291 0.00988081843
v -0.0011223777 -0.0176476222 0.010418145
v -0.00104894245 -0.0176534373 0.010356104
v 0.00184958242 -0.0176558401 0.0104790498
v 0.00191755558 -0.0176501423 0.0105470894
v -7.27540646e-06 -0.0176990144 0.00989420619
v 8.78693099e-05 -0.0177005716 0.00988149457
v 0.000184120145 -0.01781868 0.00854970701
v 0.000183477139 -0.0177017674 0.00987296179
v 0.000292791839 -0.0178183466 0.00855909754
v 0.000279365195 -0.0177025869 0.00986862369
v 0.000401768746 -0.017818436 0.00856371969
v 0.000375348842 -0.0177030377 0.00986848772
v 0.000471249252 -0.0177031178 0.00987255573
v 0.00121366989 -0.0176905002 0.0100538163
v 0.00130072085 -0.0176873095 0.0100944163
v 0.000943955849 -0.0178251956 0.0085153291
v 0.00234298548 -0.0175957959 0.0111842388
v 0.00241281209 -0.017580254 0.0113637103
v 0.00246679387 -0.0175641701 0.0115486057
v 0.000662063365 -0.0177021604 0.00989326183
v 0.000756614609 -0.0177011266 0.00990986079
v 0.00072844862 -0.0178212374 0.0085489396
v 0.000850353856 -0.0176997278 0.00993058365
v 0.000836568943 -0.0178230107 0.00853449479
v 0.00201922446 -0.0172389485 0.0152063919
v 0.00121967786 -0.0173333231 0.0140967965
v 0.00113105553 -0.0173296481 0.0141337961
v -0.000101775804 -0.017697094 0.00991107151
v 7.59582108e-05 -0.0178194325 0.00853556767
v -0.000195454239 -0.0176948123 0.00993205979
v -3.14877179e-05 -0.0178206116 0.00851670559
v -0.000288131036 -0.017692171 0.00995712914
v 0.00105040916 -0.0178277884 0.00849147979
v 0.00147473591 -0.0173463039 0.0139630418
v 0.00139168266 -0.0173416641 0.0140113384
v 0.00130660995 -0.0173373334 0.0140559515
v -0.000463658536 -0.0173221529 0.0141360462
v -0.000552391517 -0.0173249934 0.0140992962
v -0.000639444334 -0.0173281822 0.014058697
v -0.000724650919 -0.0173317157 0.0140143242
v -0.000379630161 -0.0176891815 0.0099862339
v -0.00013800968 -0.0178222023 0.00849315617
v -0.000469777151 -0.0176858455 0.0100193173
v -0.000730406144 -0.017673837 0.010141775
v -0.000645333377 -0.0176781677 0.0100971619
v -0.000558401283 -0.0176821705 0.0100563169
v 0.000943104969 -0.0176979601 0.00995539222
v 0.00103469007 -0.0176958293 0.00998423807
v 0.00112493697 -0.0176933408 0.0100170672
v 0.00253016804 -0.0175138321 0.0121216318
v 0.00251790229 -0.0174967851 0.0123139061
v 0.00248898799 -0.0174798258 0.0125043746
v 0.00155561138 -0.017351266 0.0139111551
v 0.0016341561 -0.0173565112 0.0138557758
v -0.000807847129 -0.0173355825 0.0139662623
v -0.000888876384 -0.0173397698 0.0139146037
v -0.000967584376 -0.0173442885 0.0138594462
v -0.00104382215 -0.0173491072 0.0138008948
v -0.00178237155 -0.0175524205 0.0114615271
v -0.00182771136 -0.0175356679 0.0116487388
v -0.00185662392 -0.0175187085 0.0118392063
v -0.00186889153 -0.017501669 0.0120314807
v -0.00186441746 -0.0174846686 0.0122240987
v -0.00184323918 -0.0174678471 0.0124155926
v -0.00180551538 -0.0174513236 0.0126045076
v -0.00175153557 -0.0174352396 0.0127894031
v 0.00250451569 -0.0175476465 0.0117375199
v 0.00252569583 -0.017530825 0.0119290147
v 0.00178365421 -0.0173678696 0.0137349684
v 0.00171021896 -0.0173620563 0.0137970094
v -0.00111744297 -0.0173542369 0.0137390615
v -0.00118830579 -0.0173596535 0.0136740636
v -0.00125627907 -0.0173653513 0.013606024
v 0.00247087609 -0.0179187376 0.00753571
v 0.00233462057 -0.0179030076 0.00770665193
v 0.00218403968 -0.0178883281 0.00786502101
v 0.0027839283 -0.017970955 0.00696087023
v 0.0026963898 -0.0179528408 0.00716139423
v 0.00259177387 -0.0179353841 0.00735349488
v 0.00138592743 -0.0176837854 0.0101387892
v 0.00125757174 -0.0178341102 0.0084306458
v 0.00125970098 -0.0178341847 0.00842991751
v 0.00136214029 -0.0178379789 0.00839232281
v 0.00165830913 -0.0178516284 0.00825316552
v 0.00156163517 -0.0178467054 0.008303863
v 0.00146284956 -0.0178421512 0.00835027732
v 0.00193384662 -0.0178685039 0.00807639025
v 0.00184459123 -0.0178625397 0.00813932158
v 0.00175268692 -0.0178569108 0.00819828361
v 0.00210373173 -0.0178814158 0.00793910958
v 0.00202028104 -0.0178748053 0.0080096107
v 0.00640658429 -0.017861655 0.00838555302
v 0.00631068368 -0.0178615749 0.00838148501
v 0.00621505082 -0.017861871 0.00837322138
v 0.00833378732 -0.0179645699 0.00732055493
v 0.00822739769 -0.0179499164 0.00748090399
v 0.0081074927 -0.017936077 0.00763133308
v 0.00797498133 -0.0179231595 0.00777069759
v 0.00479509542 -0.0181778222 0.00472363504
v 0.00492760586 -0.0181907397 0.00458427006
v 0.00669406168 -0.0178641193 0.00837254617
v 0.00659845583 -0.0178629309 0.00838107895
v 0.00650256779 -0.0178621057 0.00838541798
v 0.00473761652 -0.0179267582 0.00756227318
v 0.0046238997 -0.0179399531 0.00740705663
v 0.00611986965 -0.0178625323 0.00836077891
v 0.00602531852 -0.0178635661 0.00834417995
v 0.00593157718 -0.0178649724 0.00832345616
v 0.00649600523 -0.0182522442 0.00396941509
v 0.00659190398 -0.0182523243 0.00397348264
v 0.00697738724 -0.0178698879 0.00832198095
v 0.00688370876 -0.0178676043 0.00834296923
v 0.00678920653 -0.0178656783 0.00835983455
v 0.00439970475 -0.0181180295 0.00537992269
v 0.00447673863 -0.01813397 0.00520346174
v 0.00456880033 -0.0181493293 0.00503441272
v 0.0046751895 -0.0181639828 0.00487406366
v 0.00620852597 -0.0182497781 0.00398242194
v 0.00630413182 -0.0182509664 0.00397388916
v 0.00640001986 -0.0182517935 0.00396955013
v 0.0058388263 -0.01786674 0.00829864759
v 0.00574724097 -0.0178688709 0.00826980174
v 0.00827868748 -0.0181739461 0.00494791148
v 0.00837849826 -0.0181598626 0.00511248596
v 0.00846363977 -0.018144995 0.0052851662
v 0.00853346847 -0.0181294605 0.00546463719
v 0.00725171017 -0.0178788472 0.00823472347
v 0.00716156326 -0.0178755112 0.00826780684
v 0.00707006408 -0.0178725291 0.00829691067
v 0.00565699628 -0.0178713519 0.00823697355
v 0.00556826312 -0.0178741924 0.00820022356
v 0.00548121007 -0.0178773813 0.00815962441
v 0.00592520041 -0.0182440095 0.00403298717
v 0.00601887889 -0.0182462931 0.00401199888
v 0.00611338113 -0.0182482209 0.0039951331
v 0.00668753684 -0.0182520263 0.00398174627
v 0.006782718 -0.0182513669 0.00399418874
v 0.0153081371 -0.0189347696 -0.00329930917
v 0.00687726913 -0.0182503331 0.00401078723
v 0.00860964414 -0.0180290248 0.00660530198
v 0.00856430456 -0.0180122796 0.00679251412
v 0.00850288477 -0.0179958679 0.00697504496
v 0.00842584856 -0.0179799292 0.00715150638
v 0.00697101047 -0.0182489268 0.00403151149
v 0.00706376135 -0.0182471592 0.00405632006
v 0.00715534668 -0.0182450358 0.00408516545
v 0.00751233893 -0.0178908631 0.00811226573
v 0.00742726447 -0.0178865325 0.00815687887
v 0.00734033436 -0.0178825222 0.00819772389
v 0.0053960057 -0.0178809147 0.00811525155
v 0.00531280925 -0.0178847816 0.00806718972
v 0.00523177814 -0.0178889744 0.00801553112
v 0.00565087749 -0.018235052 0.00412024464
v 0.00574102439 -0.0182383861 0.00408716127
v 0.00583252357 -0.0182413775 0.00405805651
v 0.00452408986 -0.0179540347 0.00724248169
v 0.00443894742 -0.0179689042 0.00706980145
v 0.00436912104 -0.0179844387 0.00689033093
v 0.00285372534 -0.0179896038 0.0067534484
v 0.00431513926 -0.0180005301 0.00670543453
v 0.00427741557 -0.0180170462 0.0065165204
v 0.00858744886 -0.0181133691 0.00564953312
v 0.00862517208 -0.018096853 0.00583844772
v 0.00864635035 -0.0180800315 0.00602994207
v 0.00724559138 -0.0182425473 0.00411799457
v 0.00733432453 -0.0182397068 0.00415474409
v 0.00742137758 -0.018236516 0.00419534324
v 0.00775481062 -0.0179057177 0.00795670319
v 0.007676268 -0.0179004632 0.00801208243
v 0.00759539241 -0.0178955104 0.0080639692
v 0.0051530702 -0.0178934876 0.00796037354
v 0.00507683447 -0.0178983137 0.00790182222
v 0.00500321342 -0.017903436 0.00783998892
v 0.00288002519 -0.0181044806 0.00545460638
v 0.00429294305 -0.0180848744 0.00574966613
v 0.00433828309 -0.0181016196 0.005562454
v 0.00539025012 -0.0182230361 0.00424270239
v 0.00547532318 -0.0182273667 0.00419808924
v 0.0055622533 -0.018231377 0.00415724376
v 0.00865082443 -0.0180630311 0.00622255914
v 0.00863855705 -0.0180459842 0.00641483394
v 0.00493234862 -0.01790886 0.00777499052
v 0.00486437557 -0.0179145578 0.00770695088
v 0.00750658195 -0.0182329826 0.0042397161
v 0.00758978026 -0.0182291176 0.0042877784
v 0.00767080951 -0.0182249229 0.00433943607
v 0.00790431071 -0.0179170761 0.00783589575
v 0.00783087313 -0.0179112554 0.00789793674
v 0.0029228928 -0.0180857033 0.00566928228
v 0.00294695888 -0.0180665925 0.00588688953
v 0.00426403061 -0.018067915 0.00594013371
v 0.00514777703 -0.0182081796 0.00439826492
v 0.00522631966 -0.0182134341 0.00434288615
v 0.00530719524 -0.0182183869 0.00429099798
v 0.00774951745 -0.0182204116 0.00439459458
v 0.00782575365 -0.0182155855 0.00445314543
v 0.00789937377 -0.0182104632 0.00451497873
v 0.00499827694 -0.0181968212 0.00451907283
v 0.00507171405 -0.0182026438 0.00445703091
v 0.00797023904 -0.0182050392 0.00457997806
v 0.00803821161 -0.0181993395 0.00464801677
v 0.00816497114 -0.0181871392 0.00479269493
v 0.00425176509 -0.0180508681 0.00613240805
v 0.00295204134 -0.0180472732 0.00610577269
v 0.0042562373 -0.0180338677 0.00632502604
v 0.0029381027 -0.0180279016 0.00632426655
v 0.0029052475 -0.0180086344 0.00654070731
v 0.00633435603 -0.0174340326 0.0132218339
v 0.00692906603 -0.0174841806 0.0126850316
v 0.00747535983 -0.0175384879 0.0120986588
v 0.00430577621 -0.0173121076 0.0144967157
v 0.00501778908 -0.017347673 0.0141310748
v 0.00569567177 -0.0173884183 0.0137050515
v 0.00356495753 -0.0172819924 0.0147992419
v 0.0153879076 0.0205283165 -0.00186725054
v -0.0211042911 0.0206292197 -0.00261509535
v -0.000623957429 0.0177558772 0.0165378749
v 0.00129657041 0.0177505668 0.0165772345
v 0.0153358951 0.020154275 0.000620292383
v 0.00208998285 0.0177659392 0.0164766684
v -0.0013941332 0.017775042 0.0164087862
v 0.0028717164 0.0177915059 0.0163082704
v -0.0021506052 0.0178038646 0.016215492
v 0.0036359264 0.017827075 0.0160732996
v -0.0177309364 0.0201791897 0.0003850309
v -0.0188565589 0.0202191658 0.000116797171
v -0.0200011525 0.0202445574 -5.44838913e-05
v -0.0211563036 0.0202551782 -0.000127552412
v -0.0028879845 0.0178421419 0.0159593709
v 0.00437689759 0.0178723875 0.0157735106
v -0.00360100903 0.0178895984 0.0156422462
v 0.00847967993 0.0184253547 0.0121044861
v -0.00972688664 0.0192446075 0.0066175512
v 0.005089093 0.0179270972 0.0154111451
v -0.00919452775 0.0190909896 0.00764033897
v -0.0135802953 0.0198808853 0.00237770984
v -0.0145495832 0.0199752226 0.00174826093
v -0.0155695034 0.0200567674 0.00120377308
v -0.0166325588 0.0201249234 0.000748246326
v -0.00875217002 0.0189310815 0.00870477036
v -0.00840306468 0.0187660605 0.00980302226
v -0.0081679821 0.0186546855 0.0105442479
v -0.00787090324 0.0185466968 0.011263079
v -0.00751394359 0.0184428636 0.0119543914
v -0.00709964987 0.0183439273 0.0126132574
v -0.00663097529 0.0182505939 0.0132349785
v -0.0061112619 0.018163532 0.0138151227
v -0.00493387645 0.0180106368 0.014834458
v -0.00428459654 0.0179458968 0.0152663831
v 0.0057671871 0.0179907959 0.0149889123
v -0.0103453323 0.0193908047 0.00564392703
v -0.0110453181 0.0195285082 0.00472662365
v -0.0118216993 0.0196567047 0.00387238455
v -0.012668767 0.0197744537 0.00308749033
v -0.00554421311 0.0180833545 0.0143495528
v 0.00640610931 0.0180630144 0.0145099703
v 0.00700108288 0.018143205 0.0139778974
v 0.00754766306 0.0182307679 0.0133966738
v 0.00804175902 0.018325055 0.0127706435
v -0.00841023494 0.0152188335 0.00967429858
v -0.0087595908 0.0152595574 0.00857153628
v -0.00920219254 0.0152992373 0.00750274165
v -0.00973478425 0.0153375808 0.00647577085
v -0.0103534507 0.0153743075 0.00549817411
v -0.0110536451 0.0154091455 0.004577138
v -0.0118302191 0.0154418405 0.00371943321
v -0.0126774637 0.0154721504 0.00293136598
v -0.0135891512 0.0154998545 0.00221872842
v -0.0145585788 0.0155247469 0.0015867597
v -0.0155786201 0.015546646 0.00104010734
v -0.0166417751 0.0155653907 0.000582787441
v -0.017740231 0.0155808432 0.000218163506
v -0.0188659113 0.0155928889 -5.10837272e-05
v -0.0200105384 0.0156014403 -0.000222975897
v -0.0211657006 0.0156064341 -0.000296248618
v 0.00847295951 0.0151008964 0.0119838463
v 0.00803519506 0.0150775062 0.0126527939
v 0.00754124532 0.0150556909 0.0132814543
v 0.00699480111 0.0150356153 0.0138651282
v 0.00639995281 0.0150174275 0.0143994503
v 0.00576114375 0.0150012653 0.0148804272
v 0.00508315023 0.014987248 0.0153044621
v 0.0043710419 0.0149754807 0.0156683847
v 0.00363014336 0.014966053 0.0159694776
v 0.00286599086 0.0149590326 0.016205484
v 0.00208429992 0.0149544748 0.0163746458
v 0.00129091425 0.0149524109 0.0164756924
v 0.0153264981 0.0155055309 0.000451596163
v -0.000629613583 0.0149577213 0.0164363347
v -0.00139981543 0.0149639798 0.0163067784
v -0.00215632841 0.0149725499 0.0161127485
v -0.00289376313 0.0149833709 0.015855629
v -0.00360685727 0.0149963656 0.0155372564
v -0.0042905286 0.0150114419 0.0151598956
v -0.00493990444 0.0150284916 0.0147262402
v -0.00555035006 0.0150473928 0.014239382
v -0.00611751899 0.0150680114 0.0137027903
v -0.00663736369 0.0150902001 0.0131202927
v -0.00710617937 0.0151138008 0.0124960411
v -0.00752062257 0.0151386457 0.0118344864
v -0.00787773915 0.0151645569 0.0111403456
v -0.00817498285 0.0151913501 0.0104185678
v 0.0124858972 0.0155133856 0.000393382943
v 0.0124265086 -0.0138672143 -0.000672796683
v -0.0157740861 0.00122193177 -0.00170747924
v -0.0157535095 0.00112824887 -0.00171045121
v -0.0157411788 0.00103313313 -0.00171364483
v -0.0157371871 0.000937314471 -0.00171703578
v -0.0157415643 0.000841518922 -0.00172059832
v -0.0157542806 0.000746476173 -0.0017243051
v -0.0157752354 0.000652904331 -0.00172812841
v -0.0158042703 0.000561525289 -0.00173203857
v -0.0158411656 0.000473027147 -0.00173600612
v -0.0158856381 0.000388086628 -0.00174000079
v -0.0159373507 0.000307346927 -0.00174399232
v -0.0159959123 0.00023142861 -0.0017479501
v -0.016060872 0.000160900076 -0.00175184431
v -0.0161317382 9.63072234e-05 -0.00175564492
v -0.0162079725 3.8139955e-05 -0.00175932329
v -0.0162889939 -1.3164029e-05 -0.00176285137
v -0.0163741857 -5.72080826e-05 -0.00176620227
v -0.0164628979 -9.36626748e-05 -0.00176935049
v -0.0165544581 -0.000122246725 -0.00177227217
v -0.0166481677 -0.000142746241 -0.00177494495
v -0.0167433135 -0.00015499939 -0.00177734857
v -0.0168391727 -0.000158918818 -0.00177946466
v -0.016935017 -0.000154469322 -0.00178127713
v -0.0170301124 -0.000141690136 -0.00178277225
v -0.0171237383 -0.00012067263 -0.00178393861
v -0.0172151811 -9.15825658e-05 -0.00178476726
v -0.0173037462 -5.46377923e-05 -0.00178525201
v -0.0173887592 -1.01231171e-05 -0.00178538915
v -0.0174695719 4.16283438e-05 -0.0017851775
v -0.0175455697 0.000100216545 -0.00178461894
v -0.0176161733 0.000165200589 -0.00178371754
v -0.017680848 0.000236087566 -0.00178247993
v -0.0177391004 0.000312328862 -0.00178091601
v -0.017790487 0.000393353635 -0.00177903741
v -0.0178346168 0.00047853915 -0.00177685847
v -0.0178711526 0.000567240349 -0.0017743957
v -0.0178998187 0.000658778939 -0.00177166809
v -0.0179203954 0.000752465567 -0.00176869589
v -0.0179327261 0.000847577641 -0.00176550238
v -0.0179367159 0.000943396299 -0.00176211144
v -0.0179323386 0.00103919185 -0.0017585489
v -0.0179196224 0.00113423832 -0.001754842
v -0.0178986676 0.00122780644 -0.0017510188
v -0.0178696327 0.00131918921 -0.00174710853
v -0.0178327374 0.00140768359 -0.0017431411
v -0.0177882649 0.0014926279 -0.0017391463
v -0.0177365523 0.00157336378 -0.00173515489
v -0.0176779926 0.0016492859 -0.001731197
v -0.017613031 0.00171981065 -0.00172730291
v -0.0175421648 0.00178440358 -0.0017235023
v -0.0174659304 0.00184257457 -0.00171982381
v -0.0173849091 0.00189387472 -0.00171629584
v -0.0172997192 0.00193792256 -0.00171294482
v -0.0172110051 0.00197437708 -0.0017097966
v -0.0171194449 0.00200296124 -0.00170687493
v -0.0170257352 0.00202345708 -0.00170420227
v -0.0169305895 0.00203571375 -0.00170179852
v -0.0168347303 0.0020396295 -0.00169968256
v -0.0167388879 0.00203518383 -0.00169786997
v -0.0166437905 0.00202240096 -0.00169637497
v -0.0165501647 0.00200138707 -0.00169520848
v -0.0164587218 0.00197229697 -0.00169437984
v -0.0163701568 0.00193535222 -0.00169389509
v -0.0162851457 0.00189083384 -0.00169375807
v -0.0162043329 0.00183908618 -0.00169396959
v -0.0161283351 0.00178049423 -0.00169452827
v -0.0160577297 0.00171551015 -0.00169542967
v -0.015993055 0.00164462696 -0.00169666717
v -0.0159348026 0.00156838191 -0.00169823121
v -0.0158834159 0.0014873608 -0.00170010969
v -0.015839288 0.00140217156 -0.00170228875
v -0.0158027504 0.00131347415 -0.0017047514
v -0.00561146485 -0.0140358135 0.004978057
v -0.00570684392 -0.0140360044 0.00498862285
v -0.00536947791 -0.0141155245 0.00716114696
v -0.00527538313 -0.0141150309 0.00714231422
v -0.00137609546 -0.0141525632 0.00795937609
v -0.00142107985 -0.0140288593 0.00455300556
v -0.00155738101 -0.0140347593 0.00472316239
v -0.00457441946 -0.0140584791 0.00554488041
v -0.00167832524 -0.0140410969 0.00490454305
v -0.00453187013 -0.0140616847 0.00563083449
v -0.00650190143 -0.0140930489 0.00660488894
v -0.0112124374 -0.0138018513 -0.00115723617
v -0.00654445123 -0.0140898442 0.00651893532
v -0.00657934276 -0.0140865315 0.00642960146
v -0.00447001122 -0.0140683912 0.00581220072
v -0.00178298994 -0.0140478238 0.00509576639
v -0.00187057944 -0.0140548907 0.00529537676
v -0.00629980816 -0.0140454452 0.00528180553
v -0.00636608107 -0.0140478276 0.00535116717
v -0.00661728764 -0.0140658515 0.00586184207
v -0.00663176784 -0.0140692629 0.00595664466
v -0.00663792575 -0.0140727237 0.0060523469
v -0.00663571293 -0.0140762068 0.00614822097
v -0.006625148 -0.0140796872 0.00624353671
v -0.00660630967 -0.0140831377 0.00633756863
v -0.0046502687 -0.0141011048 0.00672373315
v -0.00471024076 -0.0141037004 0.00679860264
v -0.00477651414 -0.0141060837 0.00686796382
v -0.00449697813 -0.0140649965 0.00572016789
v -0.00130458677 -0.0140245855 0.00442872802
v -0.00462430483 -0.0140554057 0.00546296034
v -0.00468114438 -0.014052487 0.00538569689
v -0.0058009387 -0.014036498 0.00500745559
v -0.00589303393 -0.0140372897 0.00503441133
v -0.0099559417 -0.0137430606 -0.00284732133
v -0.00642605312 -0.0140504241 0.00542603666
v -0.00647926843 -0.0140532125 0.00550584355
v -0.00652532047 -0.0140561722 0.00558998203
v -0.00656386092 -0.0140592819 0.00567781087
v -0.0065945941 -0.0140625164 0.00576866139
v -0.0177996214 -0.0137997568 -0.00084801612
v -0.0189252999 -0.013787711 -0.00111726334
v -0.0200699288 -0.0137791596 -0.00128915557
v -0.0212250892 -0.0137741659 -0.00136242819
v -0.00618749997 -0.0141066527 0.006962243
v -0.00610764418 -0.0141087435 0.00701541686
v -0.00602345401 -0.0141105838 0.00706143351
v -0.00593557069 -0.0141121587 0.00709994091
v -0.00565655902 -0.0141151845 0.00716778357
v -0.00556079298 -0.0141156008 0.00717392983
v -0.00546485744 -0.0141157145 0.00717171188
v -0.00451245997 -0.014092247 0.00647195894
v -0.00172976439 -0.0141316354 0.00740237348
v -0.00455100043 -0.0140953558 0.00655978778
v -0.00161638949 -0.0141386203 0.0075885565
v -0.00148720865 -0.0141452542 0.00776415411
v -0.00459705293 -0.0140983164 0.00664392579
v -0.00194042886 -0.0140622426 0.00550185516
v -0.00199200492 -0.0140698226 0.00571363047
v -0.00445117289 -0.0140718417 0.0059062331
v -0.00202491484 -0.0140775749 0.00592909055
v -0.00474450598 -0.0140497452 0.00531367911
v -0.0048139072 -0.0140472017 0.00524745416
v -0.00488882093 -0.0140448762 0.00518752635
v -0.00496867672 -0.0140427845 0.00513435248
v -0.00505286781 -0.0140409451 0.0050883363
v -0.0051407516 -0.0140393693 0.00504982797
v -0.00523165939 -0.014038072 0.0050191218
v -0.00598242879 -0.0140383746 0.00506928656
v -0.00606844248 -0.0140397437 0.00511181494
v -0.0106165083 -0.01377152 -0.0020262741
v -0.00615041982 -0.0140413875 0.00516167236
v -0.00622773822 -0.014043293 0.00521848025
v -0.0111130346 -0.0139714545 0.00351095852
v -0.0118896086 -0.0139387595 0.0026532535
v -0.00639517792 -0.0140990419 0.00676407246
v -0.00633181632 -0.0141017828 0.0068360907
v -0.00626241462 -0.0141043263 0.00690231519
v -0.0058446629 -0.0141134569 0.00713064754
v -0.00575142261 -0.0141144684 0.00715331966
v -0.0051832879 -0.0141142393 0.00711535802
v -0.00509389304 -0.0141131543 0.00708048325
v -0.00500787841 -0.0141117843 0.00703795487
v -0.00492590107 -0.0141101414 0.00698809745
v -0.0048485836 -0.0141082359 0.00693128956
v -0.00203388114 -0.0140933571 0.00636449084
v -0.00445903325 -0.0140856765 0.00628792774
v -0.00444455398 -0.014082266 0.00619312515
v -0.00532489922 -0.0140370606 0.00499645015
v -0.00541976327 -0.0140363434 0.00498198578
v -0.00551552698 -0.0140359271 0.00497583905
v -0.0127368532 -0.0139084486 0.00186518626
v -0.0136485407 -0.0138807455 0.00115254894
v -0.0146179684 -0.0138558531 0.000520580041
v -0.00203890842 -0.01408544 0.00614659581
v -0.00443839515 -0.0140788052 0.00609742245
v -0.0044406089 -0.0140753211 0.00600154838
v -0.00979417376 -0.0140430182 0.00540959137
v -0.0104128402 -0.0140062924 0.00443199463
v -0.0156380087 -0.013833954 -2.60723209e-05
v -0.0167011656 -0.0138152093 -0.000483392185
v -0.00200986955 -0.0141012669 0.00658111786
v -0.00196705572 -0.0141091086 0.00679482752
v -0.00448172726 -0.0140890125 0.00638110843
v -0.00190576585 -0.0141168227 0.00700399326
v -0.00182646816 -0.0141243506 0.00720702391
v -0.006452017 -0.0140961232 0.00668680947
v -0.00881898031 -0.0141210426 0.0075053568
v -0.00926158205 -0.0140813626 0.00643656217
v -0.000688597094 -0.0142931612 0.0117955366
v -0.000719330099 -0.0142963957 0.0118863871
v 7.4324118e-05 -0.0142703773 0.0111251818
v -0.000642383471 -0.0141714858 0.00843997393
v -0.000442648481 -0.0141750658 0.00852749217
v -0.000731045904 -0.014317017 0.0124552948
v -0.000749884115 -0.0143135665 0.0123612629
v -0.000760450144 -0.0143100861 0.0122659476
v -0.000236038919 -0.0141780162 0.0085972799
v -2.41292764e-05 -0.0141803138 0.00864880625
v 0.000168420636 -0.0142698837 0.0111063495
v 0.000986441853 -0.0142787555 0.011305253
v 0.00090658624 -0.0142766647 0.0112520792
v 0.00215681572 -0.0141623747 0.00803297572
v 0.000822397007 -0.0142748244 0.0112060625
v 0.00202777772 -0.0141661502 0.0081441924
v -0.000107165964 -0.014272254 0.0111870132
v -0.000193178654 -0.0142736239 0.0112295412
v -0.000275156053 -0.0142752668 0.0112793986
v -0.000352473668 -0.0142771723 0.0113362065
v -0.000742023694 -0.0142997317 0.0119795687
v -0.000756504945 -0.0143031422 0.0120743709
v -0.000762662035 -0.014306603 0.0121700736
v -0.00070407911 -0.0143204117 0.0125473281
v -0.000669187226 -0.0143237235 0.0126366615
v -0.0006266376 -0.0143269291 0.0127226152
v 0.00125095982 -0.0142892851 0.0115806861
v 0.00130084332 -0.0142923594 0.0116626071
v 0.001343393 -0.014295564 0.0117485607
v 0.000643605599 -0.0142719513 0.0111368485
v 0.000550363795 -0.0142709399 0.0111141764
v 0.00105777953 -0.0141815934 0.00862379465
v -0.0010152139 -0.0141625516 0.00821454171
v -0.000833724393 -0.0141673042 0.00833539199
v 0.00140525168 -0.0143022705 0.0119299274
v 0.00137828488 -0.0142988767 0.0118378941
v 0.000263800088 -0.0142696938 0.0110957837
v 0.000191471379 -0.0141819427 0.00868167914
v 0.000359736063 -0.0142698064 0.0110935662
v 0.00040911758 -0.0141828898 0.00869564898
v 0.000455501664 -0.0142702237 0.011099712
v 0.000627157104 -0.0141831478 0.00869060773
v 0.000843927381 -0.0141827147 0.00866659544
v -0.00134320604 -0.0141514847 0.00792783126
v -0.00130982406 -0.0141527895 0.0079619335
v -0.00118547364 -0.0141572654 0.0080783423
v 0.00502376072 -0.014393352 0.0142382821
v 0.00136280281 -0.0143261263 0.0125896856
v 0.00570175424 -0.0143793346 0.0138142472
v 0.00139353587 -0.0143228918 0.0124988351
v 0.0063405633 -0.0143631725 0.0133332703
v 0.00141622941 -0.0143195558 0.0124056535
v 0.0069354116 -0.0143449847 0.0127989482
v 0.00143071066 -0.0143161453 0.0123108514
v 0.00748185581 -0.0143249091 0.0122152753
v 0.00143686775 -0.0143126845 0.0122151487
v 0.00797580555 -0.0143030938 0.0115866149
v 0.00143465586 -0.0143092014 0.0121192755
v 0.00142408989 -0.014305721 0.0120239593
v 0.001267088 -0.0141797932 0.00856253039
v 0.00147025753 -0.014177328 0.00848326832
v 0.000734513334 -0.0142732495 0.0111675551
v 0.0016657426 -0.0141742155 0.0083866138
v 0.00185205438 -0.01417048 0.00827330071
v -1.77711263e-05 -0.014271169 0.011152138
v -0.000424545055 -0.0142793246 0.0113995317
v -0.000490818173 -0.0142817078 0.0114688938
v -0.000550790282 -0.0142843034 0.0115437629
v -0.000604004425 -0.0142870918 0.0116235698
v -0.000650056812 -0.0142900525 0.0117077082
v -0.000576754042 -0.0143300025 0.0128045361
v -0.000519914844 -0.0143329212 0.0128817987
v -0.000456553214 -0.0143356631 0.0129538169
v -0.000387149717 -0.0143382065 0.0130200414
v -0.000312236079 -0.014340532 0.0130799692
v -0.000232380495 -0.0143426238 0.0131331431
v -0.000148191248 -0.0143444631 0.0131791597
v 0.00119412062 -0.0142863663 0.0115034236
v 0.00113075902 -0.0142836254 0.0114314053
v 0.00106135546 -0.014281082 0.0113651808
v -6.03076187e-05 -0.014346038 0.013217668
v 3.06001493e-05 -0.0143473363 0.0132483747
v 0.00012384195 -0.0143483477 0.0132710459
v 0.000218705944 -0.0143490639 0.0132855102
v 0.000314469682 -0.0143494811 0.013291657
v 0.00123152486 -0.014428189 0.0154095134
v 0.00041040752 -0.0143495947 0.0132894386
v 0.000505785109 -0.0143494038 0.0132788736
v 0.000599881634 -0.0143489102 0.0132600404
v 0.000691976864 -0.0143481186 0.0132330842
v 0.00202491041 -0.0144261252 0.0153084649
v 0.000781371724 -0.0143470336 0.0131982099
v 0.000867384369 -0.0143456645 0.0131556811
v 0.000949361769 -0.0143440207 0.0131058237
v 0.00280660135 -0.0144215673 0.015139305
v 0.00102667941 -0.0143421153 0.0130490158
v 0.00109875074 -0.014339963 0.0129856905
v 0.00357075385 -0.014414547 0.0149032976
v 0.00116502389 -0.0143375797 0.0129163293
v 0.00122499606 -0.0143349841 0.0128414594
v 0.00431165239 -0.0144051183 0.0146022057
v 0.0012782102 -0.0143321957 0.0127616525
v 0.00132426259 -0.014329236 0.012677514
v 0.00662795734 -0.0141486973 0.00740701379
v 0.00672205212 -0.0141482046 0.00738818105
v 0.00740038231 -0.0141314901 0.00688979216
v 0.00744643481 -0.0141285295 0.00680565462
v 0.00748497527 -0.0141254207 0.00671782577
v 0.00751570798 -0.0141221853 0.00662697526
v 0.00753840199 -0.0141188502 0.00653379411
v 0.00755288126 -0.0141154388 0.00643899199
v 0.0075590401 -0.0141119789 0.00634328928
v 0.00755682634 -0.0141084949 0.00624741521
v 0.00754626235 -0.0141050145 0.00615209946
v 0.00752742402 -0.0141015649 0.00605806755
v 0.00750045711 -0.0140981702 0.00596603472
v 0.00746556511 -0.0140948584 0.00587670086
v 0.000797271321 -0.013836354 -0.000875409169
v 0.000702409248 -0.0138356378 -0.000889873947
v 0.00722092111 -0.0141392574 0.00711383065
v 0.00728719449 -0.0141368741 0.00704446947
v 0.00734716654 -0.0141342785 0.00696959998
v 0.00634087622 -0.0141483583 0.0074136504
v 0.00643664179 -0.0141487746 0.00741979666
v 0.0065325778 -0.0141488882 0.00741757872
v 0.00742301578 -0.0140916528 0.00579074677
v 0.00737313041 -0.0140885795 0.00570882717
v 0.00731629087 -0.0140856607 0.00563156372
v 0.00648190826 -0.0140691008 0.00522170588
v 0.00152511778 -0.0138976099 0.000772066356
v 0.00157117017 -0.0138946502 0.000687928055
v 0.00159030047 -0.0138609782 -0.000241024914
v 0.0015477509 -0.0138577735 -0.000326979003
v 0.00681414735 -0.014147412 0.00736122439
v 0.00690354221 -0.014146328 0.00732635008
v 0.00698955683 -0.014144958 0.0072838217
v 0.00707153417 -0.0141433142 0.00723396428
v 0.00714885164 -0.0141414097 0.00717715593
v 0.0112406528 -0.0138016697 -0.00241293362
v 0.00694456743 -0.0140741188 0.00533420313
v 0.00685668364 -0.014072543 0.00529569481
v 0.00676577585 -0.0140712457 0.00526498863
v 0.00537228631 -0.0141128609 0.00648940355
v 0.00291311834 -0.0141148791 0.00668200618
v 0.00294602802 -0.0141071267 0.00646654563
v 0.00606186455 -0.0141453324 0.00734580774
v 0.00615277234 -0.0141466307 0.00737651438
v 0.00624601264 -0.0141476411 0.00739918649
v 0.00167761825 -0.0138815595 0.000321265514
v 0.00168377534 -0.0138780987 0.000225563184
v 0.00168156344 -0.0138746155 0.000129689361
v 0.00167099747 -0.0138711352 3.43732245e-05
v 0.00725292927 -0.0140829189 0.00555954548
v 0.00718352757 -0.0140803754 0.00549332099
v 0.0118668601 -0.0138336876 -0.00156551634
v 0.00710861431 -0.014078049 0.00543339318
v 0.00702875853 -0.0140759582 0.00538021931
v 0.00667253602 -0.0140702343 0.00524231698
v 0.00657767197 -0.0140695171 0.00522785261
v 0.000606643618 -0.0138352215 -0.000896019978
v 0.000510707672 -0.0138351079 -0.000893802498
v 0.000415328221 -0.0138352979 -0.000883236469
v 0.000321231695 -0.0138357915 -0.000864404661
v 0.000229136436 -0.0138365841 -0.00083744782
v 0.000139741605 -0.0138376681 -0.000802573224
v -0.00044168951 -0.0138585754 -0.000194049353
v -0.000472422544 -0.0138618099 -0.00010319893
v 0.00295499456 -0.0140913446 0.00603114534
v 0.00538014667 -0.0140990252 0.0061077089
v 0.0053656674 -0.0141024366 0.00620251149
v 0.00580993434 -0.0141398264 0.00720810983
v 0.005889792 -0.0141419172 0.0072612837
v 0.00597398123 -0.0141437575 0.00730730034
v 0.0063859704 -0.0140689872 0.00522392383
v 0.00629059132 -0.0140691781 0.00523448968
v 0.00619649654 -0.0140696708 0.00525332242
v 0.0014978674 -0.0138546992 -0.000408899883
v 0.0014410282 -0.0138517814 -0.000486162637
v 0.00137766649 -0.0138490396 -0.000558180269
v -0.000515754451 -0.0138720172 0.000180487608
v -0.00051354256 -0.0138755012 0.000276361447
v -0.000502976589 -0.0138789807 0.000371676637
v -0.000484138349 -0.0138824312 0.000465709163
v 0.00296002184 -0.0140992627 0.00624904037
v 0.00535951043 -0.0141058965 0.00629821373
v 0.00536172232 -0.0141093805 0.0063940878
v 0.00219157338 -0.0141612589 0.00800027046
v 0.00566561893 -0.0141349565 0.00708195753
v 0.00573502062 -0.0141375 0.00714818202
v 0.00610440131 -0.0140704634 0.00528027816
v 0.00601500645 -0.0140715484 0.00531515339
v 0.00592899369 -0.0140729174 0.00535768177
v 0.00160971039 -0.0138915405 0.000600099214
v 0.00164044346 -0.013888306 0.000509248814
v 0.00166313699 -0.0138849709 0.0004160674
v 0.00165215926 -0.0138676846 -5.96592909e-05
v 0.00162519235 -0.0138642909 -0.000151692162
v 0.00130826305 -0.0138464961 -0.000624405802
v 0.00123334944 -0.0138441697 -0.000684333092
v 0.00115349377 -0.0138420789 -0.00073750742
v 0.00106930453 -0.0138402386 -0.000783523428
v 0.000981420977 -0.0138386637 -0.000822031056
v 0.000890513184 -0.0138373654 -0.000852738216
v 5.3728927e-05 -0.0138390381 -0.000760045194
v -2.82484634e-05 -0.0138406819 -0.000710187363
v -0.000105566076 -0.0138425864 -0.00065337983
v -0.000177637485 -0.0138447387 -0.000590053562
v -0.000243910603 -0.013847122 -0.000520692556
v -0.000303882727 -0.0138497176 -0.000445823651
v -0.000357096869 -0.0138525059 -0.000366015563
v -0.000403149257 -0.0138554666 -0.000281877234
v -0.000495116168 -0.0138651459 -1.00175448e-05
v -0.000509597361 -0.0138685573 8.47852862e-05
v -0.000457171525 -0.0138858259 0.000557742023
v -0.000422279641 -0.0138891377 0.000647075707
v -0.000379730045 -0.0138923433 0.000733029796
v -0.000329846458 -0.0138954166 0.000814949744
v -0.000273007288 -0.0138983354 0.000892213429
v -0.000209645659 -0.0139010772 0.000964231091
v -0.000140242148 -0.0139036207 0.00103045569
v -6.53285169e-05 -0.0139059462 0.00109038304
v 1.45270851e-05 -0.0139080379 0.00114355725
v 0.00547211384 -0.0140893459 0.00583584886
v 0.00543357525 -0.0140924556 0.0059236777
v 0.00274758134 -0.0140603511 0.00518861273
v 0.00540284021 -0.0140956901 0.00601452775
v 0.00253750291 -0.0140460813 0.00480708014
v 0.00240832381 -0.0140394485 0.00463148253
v 0.00551816588 -0.0140863862 0.00575171039
v 0.00226431922 -0.014033217 0.00446780445
v 0.00210658694 -0.0140274372 0.00431729434
v 0.00234219502 -0.0141558424 0.00784263108
v 0.00247849431 -0.0141499434 0.00767247379
v 0.00560225733 -0.0141322147 0.00700993929
v 0.00554541824 -0.0141292969 0.0069326763
v 0.00141193147 -0.0139029948 0.000926743378
v 0.00147190364 -0.0139003983 0.000851873541
v 0.00576969702 -0.0140764667 0.00546434708
v 0.00584701449 -0.0140745612 0.0054075392
v 0.000752692693 -0.0139148179 0.00128928723
v 0.000846789218 -0.0139143253 0.00127045449
v 0.000945242587 -0.0140043879 0.00374683063
v 0.00111429195 -0.0139110787 0.00116609503
v 0.00119626941 -0.0139094349 0.00111623725
v 0.00265087769 -0.0140530672 0.0049932627
v 0.0019363272 -0.0140221501 0.00418109493
v 0.00175483769 -0.0140173975 0.00406024419
v 0.00156349677 -0.0140132159 0.00395566225
v 0.00259943865 -0.0141436057 0.00749109313
v 0.00545298308 -0.0141230179 0.00676480215
v 0.00549553288 -0.0141262226 0.00685075577
v 0.00539112464 -0.0141163114 0.00658343546
v 0.00279169274 -0.0141298119 0.00710025942
v 0.00286154216 -0.01412246 0.00689378148
v 0.00270410324 -0.0141368778 0.00729987025
v 0.00541809341 -0.0141197052 0.00667546829
v 0.000186599951 -0.0139114531 0.00122808188
v -0.000930941023 -0.0140142217 0.00412233546
v 9.87163367e-05 -0.0139098773 0.00118957332
v -0.00110666442 -0.0140185524 0.00425144425
v -0.0012704602 -0.0140234437 0.00439536525
v 0.00293098297 -0.0140834358 0.00581451878
v 0.00288816914 -0.014075594 0.00560080865
v 0.00282687903 -0.0140678789 0.00539164292
v -0.000345974666 -0.0140049085 0.00383310672
v -0.000549144228 -0.0140073746 0.00391236739
v -0.000744629302 -0.0140104862 0.00400902191
v 0.00102827931 -0.0139124477 0.00120862306
v 0.000938884448 -0.0139135327 0.00124349864
v 0.00136376184 -0.0140096359 0.00386814494
v 0.00115715223 -0.0140066864 0.00379835628
v -0.000136666233 -0.0140031083 0.00377184176
v 0.00027750773 -0.0139127504 0.00125878805
v 0.000370749534 -0.0139137618 0.00128146005
v 0.00134565833 -0.0139053771 0.000996104325
v 0.00569762709 -0.014078619 0.00552767236
v 0.001273587 -0.0139075294 0.00105942972
v 0.00563135417 -0.0140810013 0.005597034
v 0.00557138212 -0.0140835969 0.00567190303
v 0.000657315075 -0.0139150089 0.00129985239
v 0.000729643798 -0.014002759 0.00371395727
v 0.000561377266 -0.0139148952 0.0013020708
v 0.00051199575 -0.0140018128 0.00369998766
v 0.000465613528 -0.0139144789 0.00129592384
v 0.000293958059 -0.0140015548 0.00370502844
v 7.71859195e-05 -0.0140019879 0.0037290412
v -0.0166173037 -8.84230176e-05 -0.00327364355
v -0.0167124514 -0.000100676167 -0.00327604706
v -0.0169041529 -0.000100146099 -0.00327997562
v -0.0169992484 -8.73669196e-05 -0.00328147085
v -0.0166129284 0.00207672408 -0.00319507346
v -0.0165193025 0.00205571041 -0.00319390697
v -0.0168083105 -0.000104595594 -0.00327816326
v -0.016030008 0.000215223306 -0.0032505428
v -0.016100876 0.00015063044 -0.00325434352
v -0.0161771085 9.2463175e-05 -0.00325802178
v -0.0162581299 4.11591936e-05 -0.00326154986
v -0.0163433217 -2.88486308e-06 -0.00326490076
v -0.0164320357 -3.93394512e-05 -0.0032680491
v -0.016523594 -6.79235018e-05 -0.00327097066
v -0.0164278578 0.00202662032 -0.00319307833
v -0.0163392927 0.00198967545 -0.00319259358
v -0.0162542816 0.00194515707 -0.00319245644
v -0.0157432221 0.001276255 -0.00320617761
v -0.0157226454 0.0011825721 -0.0032091497
v -0.0157103147 0.00108745636 -0.00321234344
v -0.0157063231 0.000991637702 -0.00321573438
v -0.0158547759 0.000442409859 -0.0032386994
v -0.0159064885 0.000361670129 -0.00324269081
v -0.0159650482 0.000285751827 -0.00324664847
v -0.0170928743 -6.63494138e-05 -0.0032826371
v -0.0171843171 -3.72593458e-05 -0.00328346575
v -0.0172728822 -3.14572873e-07 -0.0032839505
v -0.0173540469 0.00194819795 -0.00321499421
v -0.0172688551 0.00199224567 -0.00321164331
v -0.0169948731 0.0020777802 -0.00320290076
v -0.0168997254 0.0020900371 -0.00320049701
v -0.0168038663 0.00209395285 -0.00319838105
v -0.0167080238 0.00208950695 -0.00319656846
v -0.0161734689 0.0018934093 -0.00319266808
v -0.0160974711 0.00183481746 -0.00319322664
v -0.0160268657 0.00176983338 -0.00319412816
v -0.0157107022 0.000895842153 -0.00321929669
v -0.0157234166 0.000800799404 -0.00322300359
v -0.0157443732 0.000707227562 -0.0032268269
v -0.0157734063 0.000615848519 -0.00323073706
v -0.0158103015 0.000527350348 -0.00323470449
v -0.0171801411 0.00202870043 -0.00320849498
v -0.0170885827 0.00205728435 -0.00320557342
v -0.0159621909 0.00169895019 -0.00319536566
v -0.0159039386 0.00162270514 -0.00319692958
v -0.0158525538 0.00154168403 -0.00319880829
v -0.0175821688 0.00177413388 -0.00322600151
v -0.0175113007 0.00183872681 -0.00322220079
v -0.0174350664 0.0018968978 -0.0032185223
v -0.015808424 0.00145649479 -0.00320098735
v -0.0157718863 0.00136779738 -0.00320344977
v -0.0173578952 4.42001037e-05 -0.00328408764
v -0.0174387079 9.59515673e-05 -0.00328387599
v -0.0175147057 0.000154539768 -0.00328331743
v -0.0175853111 0.000219523805 -0.00328241591
v -0.0176499858 0.000290410768 -0.00328117842
v -0.0177082382 0.000366652064 -0.0032796145
v -0.017759623 0.000447676866 -0.00327773578
v -0.0178037528 0.000532862381 -0.00327555696
v -0.0178402886 0.00062156358 -0.00327309431
v -0.0178689547 0.00071310217 -0.00327036646
v -0.0178895313 0.000806788797 -0.00326739438
v -0.017901862 0.000901900872 -0.00326420087
v -0.0179058537 0.000997719471 -0.00326080993
v -0.0179014746 0.00109351508 -0.00325724739
v -0.0178887602 0.00118856155 -0.00325354049
v -0.0178678054 0.00128212967 -0.00324971741
v -0.0178387687 0.00137351244 -0.00324580702
v -0.0178018752 0.00146200683 -0.00324183959
v -0.0177574009 0.00154695101 -0.00323784491
v -0.0177056883 0.00162768702 -0.00323385349
v -0.0176471286 0.00170360913 -0.00322989561
v 0.000730877277 -0.0160720628 0.0111022787
v 0.00112828775 -0.0160356686 0.0100772223
v 0.000639969483 -0.0160707645 0.0110715721
v 0.000946470362 -0.016033072 0.010015809
v 0.000546727679 -0.0160697531 0.0110489
v 0.000759990478 -0.0160310492 0.00997046567
v 0.000451865548 -0.016069036 0.0110344356
v 0.000570262491 -0.0160296168 0.00994153693
v 0.000356099976 -0.0160686206 0.0110282898
v 0.000378733152 -0.0160287824 0.00992924441
v 0.000260164001 -0.016068507 0.0110305073
v 0.000186859339 -0.0160285551 0.0099336803
v 0.000164784549 -0.016068697 0.0110410731
v -3.89953721e-06 -0.016028937 0.00995481107
v 7.0688031e-05 -0.0160691906 0.0110599054
v -0.000192088861 -0.0160299242 0.00999247562
v -2.14072188e-05 -0.0160699822 0.0110868616
v -0.000376279349 -0.0160315074 0.010046389
v -0.000110802059 -0.0160710663 0.0111217368
v -0.000555069011 -0.0160336774 0.0101161385
v -0.000196814741 -0.0160724372 0.0111642648
v -0.000727096281 -0.0160364155 0.0102011943
v -0.00027879214 -0.01607408 0.0112141222
v -0.000891051022 -0.016039703 0.0103009101
v -0.000356109755 -0.0160759855 0.0112709301
v -0.00104568817 -0.016043514 0.0104145259
v -0.000428181142 -0.0160781369 0.0113342553
v -0.00118982722 -0.0160478186 0.0105411764
v -0.000494454289 -0.016080521 0.0114036174
v -0.0013223734 -0.0160525851 0.0106798997
v -0.000554426399 -0.0160831157 0.0114784865
v -0.0014423196 -0.0160577763 0.0108296378
v -0.000607640541 -0.0160859041 0.0115582943
v -0.00154874776 -0.016063353 0.0109892525
v -0.000653692929 -0.0160888657 0.0116424318
v -0.0016408544 -0.0160692725 0.0111575294
v -0.000692233152 -0.0160919745 0.0117302602
v -0.0017179331 -0.0160754919 0.0113331862
v -0.000722966215 -0.0160952099 0.0118211107
v -0.00177939923 -0.0160819609 0.0115148872
v -0.00074565981 -0.016098544 0.0119142924
v -0.00182478642 -0.0160886329 0.0117012495
v -0.000760141003 -0.0161019564 0.0120090945
v -0.00185374694 -0.0160954539 0.0118908547
v -0.000766298093 -0.0161054153 0.0121047972
v -0.00186606299 -0.0161023755 0.0120822592
v -0.00076408626 -0.0161089003 0.0122006712
v -0.00186163746 -0.0161093418 0.0122740073
v -0.000753520231 -0.0161123797 0.0122959865
v -0.00184050726 -0.0161163025 0.0124646388
v -0.00073468202 -0.0161158293 0.0123900184
v -0.00180283084 -0.0161232036 0.0126527026
v -0.000707715168 -0.016119225 0.0124820517
v -0.00174889714 -0.016129991 0.0128367692
v -0.000672823342 -0.0161225367 0.0125713851
v -0.00167911523 -0.0161366165 0.013015436
v -0.000630273717 -0.0161257423 0.0126573397
v -0.00159401423 -0.0161430277 0.0131873433
v -0.0005803901 -0.0161288157 0.0127392597
v -0.001494247 -0.0161491744 0.0133511843
v -0.00052355096 -0.0161317345 0.0128165223
v -0.00138056674 -0.016155012 0.0135057103
v -0.000460189331 -0.0161344763 0.0128885405
v -0.00125384354 -0.0161604937 0.0136497468
v -0.000390785804 -0.0161370188 0.012954765
v -0.00111504027 -0.0161655806 0.0137821957
v -0.000315872196 -0.0161393452 0.0130146928
v -0.000965211133 -0.0161702335 0.0139020514
v -0.000236016582 -0.016141437 0.0130678676
v -0.000805499963 -0.0161744151 0.0140083991
v -0.000151827335 -0.0161432754 0.0131138833
v -0.000637119578 -0.0161780957 0.0141004315
v -6.3943713e-05 -0.0161448512 0.0131523916
v -0.000461352349 -0.0161812454 0.0141774481
v 2.6964055e-05 -0.0161461495 0.0131830983
v -0.000279536791 -0.016183842 0.0142388614
v 0.000120205863 -0.0161471609 0.0132057695
v -9.30569222e-05 -0.0161858648 0.0142842047
v 0.000215069856 -0.016147878 0.0132202338
v 9.6671065e-05 -0.0161872972 0.0143131325
v 0.000310833595 -0.0161482934 0.0132263806
v 0.00028820039 -0.0161881316 0.014325426
v 0.000406771433 -0.016148407 0.0132241622
v 0.000480074203 -0.016188357 0.0143209901
v 0.000502148992 -0.016148217 0.0132135972
v 0.000670833106 -0.016187977 0.0142998593
v 0.000596245518 -0.0161477234 0.013194764
v 0.000859022432 -0.0161869898 0.0142621938
v 0.000688340748 -0.0161469318 0.0131678078
v 0.00104321481 -0.0161854066 0.0142082814
v 0.000777735608 -0.0161458459 0.0131329335
v 0.00122200255 -0.0161832366 0.0141385319
v 0.000863748312 -0.0161444768 0.0130904047
v 0.00139402982 -0.0161804967 0.0140534751
v 0.000945725711 -0.016142834 0.0130405473
v 0.00155798462 -0.016177211 0.0139537593
v 0.0010230433 -0.0161409285 0.0129837394
v 0.00171262166 -0.0161734 0.0138401445
v 0.00109511474 -0.0161387753 0.0129204141
v 0.00185676082 -0.0161690954 0.013713493
v 0.00116138777 -0.016136393 0.0128510529
v 0.00198930711 -0.0161643289 0.0135747707
v 0.00122135994 -0.0161337983 0.012776183
v 0.00210925308 -0.0161591377 0.0134250317
v 0.00127457408 -0.016131008 0.0126963761
v 0.00221568323 -0.016153561 0.013265417
v 0.00132062647 -0.0161280483 0.0126122376
v 0.002307788 -0.0161476415 0.0130971409
v 0.00135916669 -0.0161249395 0.0125244092
v 0.00238486659 -0.0161414221 0.0129214833
v 0.00138989976 -0.0161217041 0.0124335587
v 0.00244633458 -0.0161349531 0.0127397822
v 0.00141259341 -0.01611837 0.0123403771
v 0.00249172002 -0.0161282811 0.0125534199
v 0.00142707455 -0.0161149576 0.012245575
v 0.00252068229 -0.0161214601 0.0123638147
v 0.00143323164 -0.0161114987 0.0121498723
v 0.00253299647 -0.0161145385 0.0121724103
v 0.00143101974 -0.0161080137 0.0120539991
v 0.00252857292 -0.0161075722 0.0119806631
v 0.00142045377 -0.0161045343 0.0119586829
v 0.00250744075 -0.0161006115 0.0117900316
v 0.00140161556 -0.0161010828 0.011864651
v 0.00246976619 -0.0160937104 0.0116019668
v 0.00137464877 -0.016097689 0.0117726177
v 0.00241583074 -0.0160869211 0.0114179011
v 0.00133975688 -0.0160943773 0.0116832843
v 0.00234604883 -0.0160802975 0.0112392334
v 0.00129720732 -0.0160911717 0.0115973307
v 0.0022609497 -0.0160738863 0.0110673262
v 0.0012473237 -0.0160880983 0.0115154106
v 0.0021611806 -0.0160677396 0.0109034851
v 0.0011904845 -0.0160851795 0.0114381472
v 0.00204750034 -0.016061902 0.0107489591
v 0.0011271229 -0.0160824377 0.0113661289
v 0.00192077714 -0.0160564184 0.0106049236
v 0.00105771935 -0.0160798952 0.0112999044
v 0.00178197387 -0.0160513315 0.0104724737
v 0.000982805737 -0.0160775688 0.0112399766
v 0.00163214467 -0.0160466805 0.010352619
v 0.000902950123 -0.016075477 0.0111868028
v 0.00147243345 -0.0160424989 0.0102462703
v 0.000818760891 -0.0160736367 0.0111407861
v 0.00130405312 -0.0160388183 0.010154238
v -0.0111530479 0.0155787487 -9.10565359e-05
v 0.0113000423 0.0155789303 -0.00134675391
v 0.0119262496 0.0155469123 -0.000499336689
v -0.0105571188 0.01560908 -0.000960094563
v -0.00989655219 0.0156375393 -0.00178114162
v 0.00647827238 -0.0158679131 0.00515642948
v 0.00638233451 -0.0158677995 0.00515864743
v 0.00628695497 -0.0158679914 0.00516921328
v 0.00619286019 -0.015868485 0.00518804602
v 0.00610076496 -0.0158692766 0.00521500176
v 0.0060113701 -0.0158703607 0.00524987699
v 0.00592535734 -0.0158717297 0.00529240537
v 0.00584337814 -0.0158733744 0.0053422628
v 0.00576606067 -0.0158752799 0.00539907068
v 0.0056939912 -0.0158774313 0.00546239596
v 0.00562771782 -0.0158798154 0.0055317576
v 0.00556774577 -0.0158824101 0.00560662709
v 0.00551453 -0.0158851985 0.00568643399
v 0.0054684775 -0.0158881582 0.00577057246
v 0.00542993937 -0.0158912688 0.0058584013
v 0.00539920432 -0.0158945024 0.00594925182
v 0.00537651079 -0.0158978384 0.00604243251
v 0.00536203152 -0.0159012489 0.00613723509
v 0.00535587408 -0.0159047097 0.00623293733
v 0.00535808597 -0.0159081928 0.0063288114
v 0.00536865043 -0.0159116741 0.00642412715
v 0.00538748829 -0.0159151237 0.00651815906
v 0.00541445706 -0.0159185175 0.00661019236
v 0.0054493472 -0.0159218311 0.00669952575
v 0.00549189653 -0.0159250367 0.00678547937
v 0.00554178236 -0.0159281101 0.0068673999
v 0.00559862144 -0.0159310289 0.00694466289
v 0.00566198304 -0.0159337688 0.00701668113
v 0.00573138474 -0.0159363132 0.00708290562
v 0.00580629846 -0.0159386396 0.00714283343
v 0.00588615565 -0.0159407295 0.0071960073
v 0.00597034488 -0.0159425698 0.00724202394
v 0.00605822867 -0.0159441456 0.00728053134
v 0.00614913646 -0.0159454439 0.00731123798
v 0.00624237629 -0.0159464553 0.00733391009
v 0.00633724034 -0.0159471706 0.007348374
v 0.00643300591 -0.0159475878 0.00735452026
v 0.00652894191 -0.0159477014 0.00735230232
v 0.00662432145 -0.0159475114 0.00734173739
v 0.00671841577 -0.0159470178 0.00732290465
v 0.00681051146 -0.0159462262 0.00729594845
v 0.00689990586 -0.0159451403 0.00726107368
v 0.00698592048 -0.0159437712 0.0072185453
v 0.00706789782 -0.0159421284 0.00716868788
v 0.00714521576 -0.0159402229 0.00711188
v 0.00721728522 -0.0159380697 0.00704855425
v 0.00728355814 -0.0159356873 0.00697919307
v 0.00734353019 -0.0159330908 0.00690432359
v 0.00739674643 -0.0159303024 0.00682451623
v 0.00744279893 -0.0159273427 0.00674037822
v 0.00748133892 -0.0159242339 0.00665254937
v 0.0075120721 -0.0159209985 0.00656169886
v 0.00753476564 -0.0159176625 0.00646851817
v 0.00754924491 -0.015914252 0.00637371559
v 0.00755540375 -0.0159107912 0.00627801288
v 0.00755319046 -0.0159073081 0.00618213881
v 0.007542626 -0.0159038287 0.00608682353
v 0.00752378767 -0.0159003772 0.00599279115
v 0.00749682123 -0.0158969834 0.00590075832
v 0.00746192923 -0.0158936717 0.00581142493
v 0.00741937943 -0.015890466 0.00572547084
v 0.00736949407 -0.0158873927 0.00564355077
v 0.00731265498 -0.0158844739 0.00556628732
v 0.00724929338 -0.0158817321 0.00549426954
v 0.00717989169 -0.0158791877 0.00542804459
v 0.00710497797 -0.0158768632 0.00536811678
v 0.00702512264 -0.0158747714 0.00531494338
v 0.00694093155 -0.0158729311 0.00526892673
v 0.00685304776 -0.0158713572 0.00523041841
v 0.00676213996 -0.0158700589 0.00519971224
v 0.00666890014 -0.0158690475 0.00517704058
v 0.00657403609 -0.0158683304 0.00516257621
v 0.00060300756 -0.0156340338 -0.000961296319
v 0.000507071556 -0.0156339202 -0.00095907884
v 0.000411692105 -0.0156341121 -0.00094851281
v 0.000317595608 -0.0156346038 -0.000929681002
v 0.000225500349 -0.0156353973 -0.000902724161
v 0.000136105518 -0.0156364813 -0.000867849565
v 5.00928363e-05 -0.0156378504 -0.000825321535
v -3.18845559e-05 -0.0156394951 -0.000775463704
v -0.00010920217 -0.0156413987 -0.000718656112
v -0.000181273586 -0.0156435519 -0.000655329903
v -0.000247546704 -0.0156459343 -0.000585968897
v -0.000307518814 -0.0156485308 -0.000511099992
v -0.000360732956 -0.0156513192 -0.000431291905
v -0.000406785344 -0.0156542789 -0.000347153546
v -0.000445325597 -0.0156573877 -0.000259325665
v -0.000476058631 -0.0156606231 -0.000168475264
v -0.000498752226 -0.0156639591 -7.52938722e-05
v -0.000513233477 -0.0156673696 1.95089578e-05
v -0.000519390509 -0.0156708304 0.000115211282
v -0.000517178676 -0.0156743135 0.000211085106
v -0.000506612647 -0.0156777948 0.000306400325
v -0.000487774436 -0.0156812444 0.000400432822
v -0.000460807612 -0.0156846382 0.000492465682
v -0.000425915729 -0.0156879518 0.000581799366
v -0.000383366161 -0.0156911556 0.000667753455
v -0.000333482545 -0.0156942289 0.000749673403
v -0.000276643375 -0.0156971477 0.000826937088
v -0.000213281746 -0.0156998895 0.00089895475
v -0.000143878235 -0.0157024339 0.000965179352
v -6.8964604e-05 -0.0157047603 0.00102510664
v 1.08909917e-05 -0.0157068502 0.00107828097
v 9.50802423e-05 -0.0157086905 0.00112429692
v 0.00018296385 -0.0157102663 0.00116280548
v 0.000273871643 -0.0157115646 0.00119351177
v 0.000367113418 -0.0157125741 0.00121618365
v 0.000461977441 -0.0157132912 0.00123064755
v 0.00055774115 -0.0157137085 0.0012367944
v 0.000653679017 -0.0157138221 0.00123457611
v 0.000749056577 -0.0157136302 0.00122401095
v 0.000843153102 -0.0157131385 0.00120517821
v 0.000935248332 -0.015712345 0.00117822224
v 0.00102464319 -0.015711261 0.00114334677
v 0.00111065584 -0.0157098919 0.00110081874
v 0.0011926333 -0.0157082472 0.00105096097
v 0.00126995088 -0.0157063436 0.000994153321
v 0.00134202233 -0.0157041904 0.000930828042
v 0.00140829536 -0.015701808 0.000861467037
v 0.00146826752 -0.0156992115 0.0007865972
v 0.00152148167 -0.0156964231 0.000706790073
v 0.00156753405 -0.0156934634 0.000622651714
v 0.00160607428 -0.0156903546 0.000534822873
v 0.00163680734 -0.0156871192 0.000443972473
v 0.00165950099 -0.0156837832 0.000350791088
v 0.00167398213 -0.0156803727 0.000255989173
v 0.00168013922 -0.0156769119 0.000160286858
v 0.00167792733 -0.0156734288 6.44130268e-05
v 0.00166736136 -0.0156699475 -3.09031057e-05
v 0.00164852315 -0.0156664979 -0.000124935614
v 0.00162155635 -0.0156631041 -0.000216968489
v 0.00158666447 -0.0156597905 -0.000306301226
v 0.00154411478 -0.0156565867 -0.000392255344
v 0.00149423128 -0.0156535134 -0.000474176224
v 0.00143739209 -0.0156505946 -0.000551438949
v 0.00137403049 -0.0156478528 -0.00062345661
v 0.00130462693 -0.0156453084 -0.000689682143
v 0.00122971332 -0.015642982 -0.000749609433
v 0.00114985777 -0.0156408921 -0.000802783761
v 0.00106566842 -0.0156390518 -0.000848799769
v 0.000977784861 -0.015637476 -0.000887307397
v 0.000886877067 -0.0156361777 -0.000918014557
v 0.000793635263 -0.0156351682 -0.00094068551
v 0.000698773132 -0.0156344511 -0.00095515023
v -0.00551916286 -0.0158347394 0.00491056312
v -0.00561510073 -0.0158346277 0.0049127806
v -0.00571048027 -0.0158348177 0.00492334645
v -0.00580457505 -0.0158353113 0.00494217919
v -0.00589667028 -0.0158361029 0.00496913493
v -0.00598606514 -0.0158371869 0.00500401016
v -0.00607207837 -0.015838556 0.00504653854
v -0.00615405617 -0.0158402007 0.00509639597
v -0.00623137457 -0.0158421062 0.00515320385
v -0.00630344404 -0.0158442575 0.00521652913
v -0.00636971695 -0.0158466417 0.00528589077
v -0.00642968947 -0.0158492364 0.00536076026
v -0.00648290431 -0.0158520248 0.00544056715
v -0.00652895682 -0.0158549845 0.00552470563
v -0.00656749681 -0.0158580951 0.00561253447
v -0.00659822999 -0.0158613287 0.00570338499
v -0.00662092352 -0.0158646647 0.00579656567
v -0.00663540373 -0.0158680752 0.00589136826
v -0.0066415621 -0.015871536 0.0059870705
v -0.00663934927 -0.0158750191 0.00608294457
v -0.00662878389 -0.0158785004 0.00617826032
v -0.00660994602 -0.01588195 0.0062722927
v -0.00658297911 -0.0158853456 0.00636432553
v -0.00654808711 -0.0158886574 0.00645365892
v -0.00650553731 -0.015891863 0.00653961254
v -0.00645565288 -0.0158949364 0.00662153307
v -0.0063988138 -0.0158978552 0.00669879653
v -0.0063354522 -0.0159005951 0.0067708143
v -0.00626605051 -0.0159031395 0.00683703879
v -0.00619113585 -0.0159054659 0.0068969666
v -0.00611128053 -0.0159075558 0.00695014047
v -0.00602709036 -0.0159093961 0.00699615711
v -0.00593920657 -0.0159109719 0.00703466451
v -0.00584829878 -0.0159122702 0.00706537161
v -0.00575505896 -0.0159132816 0.00708804326
v -0.0056601949 -0.0159139968 0.00710250717
v -0.00556442933 -0.0159144141 0.00710865343
v -0.00546849333 -0.0159145277 0.00710643595
v -0.00537311379 -0.0159143377 0.00709587056
v -0.00527901901 -0.0159138441 0.00707703782
v -0.00518692378 -0.0159130525 0.00705008162
v -0.00509752892 -0.0159119666 0.00701520685
v -0.00501151476 -0.0159105975 0.00697267847
v -0.00492953742 -0.0159089547 0.00692282105
v -0.00485221948 -0.0159070492 0.00686601317
v -0.00478015002 -0.015904896 0.00680268789
v -0.0047138771 -0.0159025136 0.00673332624
v -0.00465390459 -0.0158999171 0.00665845675
v -0.00460068882 -0.0158971287 0.00657864939
v -0.00455463631 -0.015894169 0.00649451138
v -0.00451609632 -0.0158910602 0.00640668254
v -0.00448536314 -0.0158878248 0.00631583203
v -0.0044626696 -0.0158844888 0.00622265134
v -0.00444819033 -0.0158810783 0.00612784876
v -0.00444203103 -0.0158776175 0.00603214605
v -0.00444424478 -0.0158741344 0.00593627198
v -0.00445480924 -0.015870655 0.0058409567
v -0.0044736471 -0.0158672035 0.00574692432
v -0.00450061401 -0.0158638097 0.00565489149
v -0.00453550601 -0.015860498 0.00556555809
v -0.00457805581 -0.0158572923 0.00547960401
v -0.00462794118 -0.015854219 0.00539768394
v -0.00468478026 -0.0158513002 0.00532042049
v -0.00474814186 -0.0158485584 0.00524840271
v -0.00481754355 -0.0158460159 0.00518217823
v -0.00489245728 -0.0158436894 0.00512225041
v -0.0049723126 -0.0158415977 0.00506907655
v -0.00505650369 -0.0158397574 0.0050230599
v -0.00514438748 -0.0158381835 0.00498455158
v -0.00523529528 -0.0158368852 0.0049538454
v -0.0053285351 -0.0158358738 0.00493117375
v -0.00542339915 -0.0158351567 0.00491670938
v -0.00706509082 -0.0158139393 0.00442345021
v -0.00719763804 -0.0158187039 0.0045621735
v -0.00731758261 -0.015823897 0.00471191155
v -0.00742401276 -0.0158294737 0.00487152627
v -0.0075161173 -0.0158353932 0.00503980275
v -0.00759319682 -0.0158416126 0.00521545997
v -0.00765466411 -0.0158480816 0.005397161
v -0.00770005025 -0.0158547517 0.00558352331
v -0.00772901159 -0.0158615746 0.00577312801
v -0.00774132693 -0.0158684961 0.00596453249
v -0.00773690222 -0.0158754624 0.00615628064
v -0.00771577097 -0.0158824231 0.00634691212
v -0.00767809572 -0.0158893242 0.00653497688
v -0.00762416096 -0.0158961117 0.00671904255
v -0.00755437836 -0.0159027372 0.00689770933
v -0.00746927876 -0.0159091465 0.00706961704
v -0.0073695099 -0.0159152951 0.00723345811
v -0.00725583173 -0.0159211326 0.00738798408
v -0.0071291076 -0.0159266144 0.0075320201
v -0.00699030329 -0.0159317013 0.00766446954
v -0.0068404749 -0.0159363542 0.0077843247
v -0.00668076379 -0.0159405358 0.00789067335
v -0.00651238346 -0.0159442164 0.00798270572
v -0.00633661728 -0.0159473661 0.00805972144
v -0.00615480077 -0.0159499627 0.00812113471
v -0.00596831972 -0.0159519855 0.00816647802
v -0.00577859161 -0.0159534179 0.00819540583
v -0.00558706233 -0.0159542505 0.00820769928
v -0.00539518846 -0.0159544777 0.00820326339
v -0.00520443171 -0.0159540977 0.00818213262
v -0.00501624029 -0.0159531105 0.00814446714
v -0.00483204983 -0.0159515273 0.00809055474
v -0.00465326011 -0.0159493573 0.00802080519
v -0.00448123319 -0.0159466173 0.00793574844
v -0.00431727851 -0.0159433316 0.00783603359
v -0.0041626431 -0.0159395207 0.00772241782
v -0.00401850231 -0.0159352161 0.0075957668
v -0.00388595578 -0.0159304496 0.00745704351
v -0.00376601168 -0.0159252584 0.00730730547
v -0.00365958153 -0.0159196816 0.00714769028
v -0.00356747676 -0.0159137603 0.0069794138
v -0.00349039631 -0.0159075428 0.00680375705
v -0.00342893018 -0.0159010738 0.00662205601
v -0.00338354288 -0.0158944018 0.00643569371
v -0.00335458247 -0.0158875808 0.006246089
v -0.00334226643 -0.0158806592 0.00605468405
v -0.00334669184 -0.0158736911 0.00586293638
v -0.00336782215 -0.0158667322 0.00567230489
v -0.00340549857 -0.0158598311 0.00548424013
v -0.00345943216 -0.0158530418 0.00530017447
v -0.00352921593 -0.0158464182 0.00512150768
v -0.00361431506 -0.015840007 0.0049495995
v -0.00371408416 -0.0158338603 0.00478575891
v -0.00382776256 -0.0158280227 0.00463123294
v -0.00395448599 -0.0158225391 0.00448719691
v -0.00409329077 -0.0158174522 0.00435474748
v -0.00424311822 -0.0158128012 0.00423489278
v -0.00440282933 -0.0158086177 0.00412854413
v -0.00457120966 -0.015804939 0.00403651083
v -0.00474697677 -0.0158017874 0.00395949557
v -0.00492879236 -0.0157991927 0.00389808253
v -0.00511527434 -0.0157971699 0.00385273853
v -0.00530500058 -0.0157957356 0.00382381096
v -0.00549652986 -0.015794903 0.00381151796
v -0.00568840373 -0.0157946758 0.00381595385
v -0.00587916235 -0.0157950576 0.00383708416
v -0.00606735284 -0.0157960448 0.00387474964
v -0.00625154423 -0.0157976281 0.00392866228
v -0.00643033301 -0.0157997981 0.00399841135
v -0.00660235994 -0.0158025362 0.00408346858
v -0.00676631508 -0.0158058237 0.00418318389
v -0.00692095095 -0.0158096347 0.00429679919
v -0.000480188697 -0.0156018306 -0.00178839127
v -0.000644143496 -0.0156051172 -0.00168867561
v -0.000798780588 -0.0156089282 -0.00157506042
v -0.000942919636 -0.0156132327 -0.00144840882
v -0.00107546581 -0.0156179983 -0.00130968681
v -0.00119541201 -0.0156231904 -0.00115994806
v -0.0013018403 -0.0156287663 -0.00100033288
v -0.00139394694 -0.0156346876 -0.000832057151
v -0.00147102552 -0.0156409051 -0.000656399468
v -0.00153249165 -0.015647376 -0.000474698667
v -0.00157787884 -0.0156540461 -0.000288335897
v -0.00160683936 -0.015660869 -9.87311141e-05
v -0.0016191554 -0.0156677887 9.26734938e-05
v -0.00161472987 -0.0156747568 0.000284421199
v -0.00159359968 -0.0156817175 0.000475052482
v -0.00155592326 -0.0156886186 0.000663116574
v -0.00150198955 -0.0156954061 0.000847183284
v -0.00143220765 -0.0157020316 0.0010258496
v -0.00134710665 -0.0157084409 0.0011977579
v -0.00124733942 -0.0157145876 0.0013615978
v -0.00113365927 -0.0157204252 0.00151612423
v -0.00100693596 -0.0157259088 0.00166016049
v -0.000868132687 -0.0157309957 0.00179260958
v -0.000718303549 -0.0157356486 0.0019124652
v -0.000558592379 -0.0157398302 0.00201881374
v -0.000390212022 -0.0157435108 0.00211084587
v -0.000214444764 -0.0157466605 0.00218786206
v -3.26292356e-05 -0.0157492571 0.00224927533
v 0.000153850662 -0.015751278 0.00229461817
v 0.000343578635 -0.0157527123 0.00232354691
v 0.000535107974 -0.0157535449 0.0023358399
v 0.000726981787 -0.0157537721 0.00233140402
v 0.00091774069 -0.0157533903 0.00231027277
v 0.00110592996 -0.0157524049 0.00227260822
v 0.00129012228 -0.0157508198 0.00221869559
v 0.00146891014 -0.0157486498 0.00214894535
v 0.00164093741 -0.0157459117 0.00206388929
v 0.00180489221 -0.0157426242 0.00196417375
v 0.00195952924 -0.0157388151 0.00185055763
v 0.0021036684 -0.0157345105 0.00172390696
v 0.00223621447 -0.015729744 0.00158518401
v 0.00235616066 -0.0157245528 0.00143544527
v 0.00246259081 -0.015718976 0.00127583102
v 0.00255469559 -0.0157130547 0.00110755442
v 0.00263177417 -0.0157068372 0.000931897608
v 0.00269324216 -0.0157003663 0.000750195934
v 0.00273862761 -0.0156936962 0.000563834037
v 0.00276758987 -0.0156868733 0.000374229305
v 0.00277990405 -0.0156799536 0.000182824646
v 0.00277548027 -0.0156729855 -8.92301614e-06
v 0.00275434833 -0.0156660248 -0.000199554357
v 0.00271667377 -0.0156591255 -0.000387619337
v 0.00266273832 -0.0156523362 -0.000571685145
v 0.00259295641 -0.0156457108 -0.000750352454
v 0.00250785728 -0.0156393014 -0.0009222597
v 0.00240808818 -0.0156331547 -0.00108610059
v 0.00229440792 -0.0156273171 -0.00124062703
v 0.00216768472 -0.0156218335 -0.00138466235
v 0.00202888134 -0.0156167466 -0.00151711237
v 0.00187905226 -0.0156120947 -0.00163696706
v 0.00171934103 -0.0156079121 -0.0017433156
v 0.0015509607 -0.0156042324 -0.00183534774
v 0.00137519534 -0.0156010818 -0.0019123638
v 0.00119337789 -0.0155984862 -0.00197377731
v 0.001006898 -0.0155964633 -0.00201912108
v 0.000817170076 -0.01559503 -0.00204804866
v 0.000625640736 -0.0155941974 -0.00206034165
v 0.000433766894 -0.0155939702 -0.00205590599
v 0.000243008035 -0.0155943511 -0.00203477568
v 5.48187127e-05 -0.0155953383 -0.00199710997
v -0.00012937178 -0.0155969216 -0.00194319733
v -0.000308161456 -0.0155990915 -0.00187344721
v 0.00783479214 -0.0159726944 0.00796828419
v 0.00797893293 -0.0159683898 0.00784163363
v 0.00811147969 -0.0159636233 0.00770291034
v 0.0082314238 -0.0159584321 0.0075531723
v 0.00833785348 -0.0159528553 0.00739355711
v 0.00842995849 -0.015946934 0.00722528063
v 0.0085070394 -0.0159407165 0.00704962341
v 0.00856850483 -0.0159342457 0.00686792284
v 0.0086138919 -0.0159275755 0.00668156054
v 0.00864285324 -0.0159207527 0.00649195584
v 0.00865516905 -0.0159138329 0.00630055042
v 0.0086507434 -0.0159068648 0.00610880274
v 0.00862961356 -0.0158999059 0.00591817172
v 0.0085919369 -0.0158930048 0.00573010696
v 0.00853800308 -0.0158862155 0.0055460413
v 0.00846821908 -0.0158795919 0.00536737451
v 0.00838312041 -0.0158731807 0.00519546634
v 0.00828335062 -0.015867034 0.00503162574
v 0.00816967245 -0.0158611964 0.00487709977
v 0.00804294925 -0.0158557128 0.00473306375
v 0.007904144 -0.0158506259 0.00460061384
v 0.00775431702 -0.0158459749 0.00448075961
v 0.00759460591 -0.0158417914 0.00437441096
v 0.00742622558 -0.0158381127 0.00428237766
v 0.007250458 -0.0158349611 0.00420536241
v 0.00706864288 -0.0158323664 0.00414394913
v 0.0068821609 -0.0158303436 0.00409860536
v 0.00669243466 -0.0158289094 0.00406967755
v 0.00650090538 -0.0158280768 0.00405738456
v 0.00630902965 -0.0158278495 0.00406182045
v 0.0061182729 -0.0158282313 0.00408295076
v 0.00593008148 -0.0158292167 0.00412061624
v 0.00574589102 -0.0158308018 0.00417452911
v 0.0055671013 -0.0158329718 0.00424427819
v 0.00539507624 -0.0158357099 0.00432933541
v 0.00523111923 -0.0158389974 0.00442905072
v 0.00507648429 -0.0158428084 0.00454266602
v 0.00493234303 -0.015847113 0.00466931704
v 0.0047997972 -0.0158518776 0.00480803987
v 0.00467985263 -0.0158570688 0.00495777838
v 0.00457342248 -0.0158626474 0.0051173931
v 0.00448131794 -0.0158685669 0.00528566958
v 0.00440423936 -0.0158747863 0.0054613268
v 0.00434277114 -0.0158812553 0.00564302783
v 0.00429738406 -0.0158879254 0.00582939014
v 0.00426842365 -0.0158947483 0.00601899484
v 0.00425610924 -0.0159016699 0.00621039933
v 0.00426053302 -0.0159086362 0.00640214747
v 0.00428166334 -0.0159155969 0.00659277895
v 0.00431933952 -0.015922498 0.00678084325
v 0.00437327521 -0.0159292854 0.00696490938
v 0.00444305688 -0.0159359109 0.00714357616
v 0.00452815648 -0.0159423202 0.00731548388
v 0.00462792534 -0.0159484688 0.00747932494
v 0.00474160351 -0.0159543045 0.00763385044
v 0.00486832671 -0.0159597881 0.00777788693
v 0.00500713196 -0.015964875 0.00791033637
v 0.00515695941 -0.0159695279 0.008030192
v 0.00531667238 -0.0159737095 0.00813653972
v 0.00548505085 -0.0159773901 0.00822857209
v 0.00566081796 -0.0159805398 0.00830558781
v 0.00584263355 -0.0159831364 0.00836700108
v 0.00602911552 -0.0159851592 0.00841234438
v 0.0062188413 -0.0159865916 0.00844127312
v 0.00641037291 -0.0159874242 0.00845356565
v 0.00660224631 -0.0159876514 0.00844912976
v 0.00679300353 -0.0159872714 0.00842799898
v 0.00698119495 -0.0159862842 0.00839033443
v 0.00716538541 -0.0159846991 0.0083364211
v 0.00734417513 -0.015982531 0.00826667156
v 0.00751620205 -0.0159797911 0.00818161573
v 0.00768015673 -0.0159765035 0.00808189996
f 1 3 2
f 2 3 4
f 3 5 4
f 6 8 7
f 7 8 9
f 10 12 11
f 11 12 8
f 12 13 8
f 8 13 9
f 14 8 15
f 15 8 6
f 16 14 17
f 17 14 18
f 19 20 15
f 15 20 14
f 20 21 14
f 14 21 18
f 16 17 11
f 11 17 10
f 22 23 3
f 3 23 5
f 24 26 25
f 25 26 27
f 28 30 29
f 29 30 26
f 30 31 26
f 26 31 27
f 32 34 33
f 33 34 24
f 34 35 24
f 24 35 26
f 35 36 26
f 26 36 37
f 36 32 37
f 37 32 33
f 26 37 29
f 29 37 38
f 38 37 39
f 39 37 40
f 41 42 33
f 33 42 37
f 42 43 37
f 37 43 40
f 33 24 41
f 41 24 25
f 32 36 44
f 44 36 45
f 36 46 45
f 47 49 48
f 48 49 50
f 51 1 52
f 52 1 2
f 53 54 49
f 49 54 50
f 52 55 51
f 51 55 22
f 55 23 22
f 48 56 47
f 47 56 57
f 36 35 46
f 46 35 58
f 57 53 47
f 47 53 49
f 59 60 34
f 34 60 35
f 60 58 35
f 61 63 62
f 62 63 64
f 32 44 34
f 34 44 59
f 65 66 63
f 63 66 64
f 23 4 5
f 23 55 4
f 4 55 2
f 55 52 2
f 62 67 61
f 61 67 68
f 58 45 46
f 58 60 45
f 45 60 44
f 60 59 44
f 64 66 62
f 62 66 67
f 69 71 70
f 70 71 72
f 71 73 72
f 3 1 8
f 8 1 11
f 1 51 11
f 11 51 16
f 51 22 16
f 16 22 14
f 22 3 14
f 14 3 8
f 74 76 75
f 76 74 77
f 77 74 78
f 74 79 78
f 79 74 80
f 80 74 81
f 74 82 81
f 83 85 84
f 84 85 86
f 85 74 86
f 82 74 87
f 87 74 88
f 74 85 88
f 89 91 90
f 91 89 92
f 92 89 93
f 89 94 93
f 83 84 95
f 95 84 89
f 84 96 89
f 89 96 94
f 97 99 98
f 100 102 101
f 100 103 102
f 101 102 104
f 104 102 105
f 102 106 105
f 106 102 107
f 107 102 108
f 102 109 108
f 110 98 111
f 111 98 112
f 98 99 112
f 113 115 114
f 97 102 99
f 99 102 116
f 102 103 116
f 110 111 117
f 117 111 118
f 111 115 118
f 118 115 119
f 115 113 119
f 120 122 121
f 121 122 123
f 122 124 123
f 123 124 125
f 124 126 125
f 125 126 127
f 126 128 127
f 127 128 129
f 128 130 129
f 129 130 131
f 130 132 131
f 131 132 133
f 132 134 133
f 133 134 135
f 134 136 135
f 135 136 137
f 136 138 137
f 137 138 139
f 138 140 139
f 139 140 141
f 140 142 141
f 141 142 143
f 142 144 143
f 143 144 145
f 144 146 145
f 145 146 147
f 146 148 147
f 147 148 149
f 148 150 149
f 149 150 151
f 150 152 151
f 151 152 153
f 152 154 153
f 153 154 155
f 154 156 155
f 155 156 157
f 156 158 157
f 157 158 159
f 158 160 159
f 159 160 161
f 160 162 161
f 161 162 163
f 162 164 163
f 163 164 165
f 164 166 165
f 165 166 167
f 166 168 167
f 167 168 169
f 168 170 169
f 169 170 171
f 170 172 171
f 171 172 173
f 172 174 173
f 173 174 175
f 174 176 175
f 175 176 177
f 176 178 177
f 177 178 179
f 178 180 179
f 179 180 181
f 180 182 181
f 181 182 183
f 182 184 183
f 183 184 185
f 184 186 185
f 185 186 187
f 186 188 187
f 187 188 189
f 188 190 189
f 189 190 191
f 190 192 191
f 191 192 193
f 192 194 193
f 193 194 195
f 194 196 195
f 195 196 197
f 196 198 197
f 197 198 199
f 198 200 199
f 199 200 201
f 200 202 201
f 201 202 203
f 202 204 203
f 203 204 205
f 204 206 205
f 205 206 207
f 206 208 207
f 207 208 209
f 208 210 209
f 209 210 211
f 210 212 211
f 211 212 213
f 212 214 213
f 213 214 215
f 214 216 215
f 215 216 217
f 216 218 217
f 217 218 219
f 218 220 219
f 219 220 221
f 220 222 221
f 221 222 223
f 222 224 223
f 223 224 225
f 224 226 225
f 225 226 227
f 226 228 227
f 227 228 229
f 228 230 229
f 229 230 231
f 230 232 231
f 231 232 233
f 232 234 233
f 233 234 235
f 234 236 235
f 235 236 237
f 236 238 237
f 237 238 239
f 238 240 239
f 239 240 241
f 240 242 241
f 241 242 243
f 242 244 243
f 243 244 245
f 244 246 245
f 245 246 247
f 246 248 247
f 247 248 249
f 248 250 249
f 249 250 251
f 250 252 251
f 251 252 253
f 252 254 253
f 253 254 255
f 254 256 255
f 255 256 257
f 256 258 257
f 257 258 259
f 258 260 259
f 259 260 261
f 260 262 261
f 261 262 263
f 262 120 263
f 263 120 121
f 264 266 265
f 264 267 266
f 265 268 264
f 264 268 269
f 268 270 269
f 270 271 269
f 269 271 272
f 271 273 272
f 273 274 272
f 272 274 275
f 274 276 275
f 276 277 275
f 275 277 278
f 277 279 278
f 279 280 278
f 278 280 281
f 280 282 281
f 282 283 281
f 281 283 284
f 283 285 284
f 285 286 284
f 284 286 287
f 286 288 287
f 287 288 289
f 288 290 289
f 289 290 291
f 290 292 291
f 291 292 293
f 292 294 293
f 293 294 295
f 294 296 295
f 295 296 297
f 296 298 297
f 297 298 299
f 298 300 299
f 299 300 301
f 300 302 301
f 301 302 303
f 302 304 303
f 303 304 305
f 304 306 305
f 305 306 307
f 306 308 307
f 307 308 309
f 308 310 309
f 309 310 311
f 310 312 311
f 311 312 313
f 312 314 313
f 313 314 315
f 314 316 315
f 315 316 317
f 316 318 317
f 317 318 319
f 318 320 319
f 319 320 321
f 320 322 321
f 321 322 323
f 322 324 323
f 324 325 323
f 323 325 326
f 325 327 326
f 327 328 326
f 326 328 329
f 328 330 329
f 330 331 329
f 329 331 332
f 331 333 332
f 333 334 332
f 332 334 335
f 334 336 335
f 336 337 335
f 335 337 338
f 337 339 338
f 339 340 338
f 338 340 341
f 340 342 341
f 342 343 341
f 341 343 344
f 343 345 344
f 345 346 344
f 344 346 347
f 346 348 347
f 348 349 347
f 347 349 350
f 349 351 350
f 351 352 350
f 350 352 353
f 352 354 353
f 354 355 353
f 353 355 356
f 355 357 356
f 357 358 356
f 356 358 359
f 358 360 359
f 360 361 359
f 359 361 362
f 361 363 362
f 363 364 362
f 362 364 365
f 364 366 365
f 366 367 365
f 365 367 368
f 367 369 368
f 369 370 368
f 368 370 371
f 370 372 371
f 372 373 371
f 371 373 374
f 373 375 374
f 375 376 374
f 374 376 377
f 376 378 377
f 377 378 379
f 378 380 379
f 379 380 381
f 380 382 381
f 381 382 383
f 382 384 383
f 383 384 385
f 384 386 385
f 385 386 387
f 386 388 387
f 387 388 389
f 388 390 389
f 389 390 391
f 390 392 391
f 391 392 393
f 392 394 393
f 393 394 395
f 394 396 395
f 395 396 397
f 396 398 397
f 397 398 399
f 398 400 399
f 399 400 401
f 400 402 401
f 401 402 403
f 402 404 403
f 403 404 405
f 404 406 405
f 405 406 407
f 406 408 407
f 407 408 409
f 408 410 409
f 409 410 411
f 410 412 411
f 411 412 413
f 412 414 413
f 415 417 416
f 417 415 418
f 418 415 419
f 415 413 419
f 419 413 420
f 413 414 420
f 421 423 422
f 423 421 424
f 424 421 425
f 421 416 425
f 425 416 426
f 416 417 426
f 427 429 428
f 429 427 430
f 430 427 431
f 427 422 431
f 431 422 432
f 422 423 432
f 433 435 434
f 435 433 436
f 436 433 437
f 433 428 437
f 437 428 438
f 428 429 438
f 266 267 439
f 439 267 440
f 267 441 440
f 440 441 442
f 441 434 442
f 442 434 443
f 434 435 443
f 444 446 445
f 445 446 447
f 446 448 447
f 447 448 449
f 448 450 449
f 449 450 451
f 450 452 451
f 451 452 453
f 452 454 453
f 453 454 455
f 454 456 455
f 455 456 457
f 456 458 457
f 457 458 459
f 458 460 459
f 459 460 461
f 460 462 461
f 461 462 463
f 462 464 463
f 463 464 465
f 464 466 465
f 465 466 467
f 466 468 467
f 467 468 469
f 468 470 469
f 469 470 471
f 470 472 471
f 471 472 473
f 472 474 473
f 473 474 475
f 474 476 475
f 475 476 477
f 476 478 477
f 477 478 479
f 478 480 479
f 479 480 481
f 480 482 481
f 481 482 483
f 482 484 483
f 483 484 485
f 484 486 485
f 485 486 487
f 486 488 487
f 487 488 489
f 488 490 489
f 489 490 491
f 490 492 491
f 491 492 493
f 492 494 493
f 493 494 495
f 494 496 495
f 495 496 497
f 496 498 497
f 497 498 499
f 498 500 499
f 499 500 501
f 500 502 501
f 501 502 503
f 502 504 503
f 503 504 505
f 504 506 505
f 505 506 507
f 506 508 507
f 507 508 509
f 508 510 509
f 509 510 511
f 510 512 511
f 511 512 513
f 512 514 513
f 513 514 515
f 514 516 515
f 515 516 517
f 516 518 517
f 517 518 519
f 518 520 519
f 519 520 521
f 520 522 521
f 521 522 523
f 522 524 523
f 523 524 525
f 524 526 525
f 525 526 527
f 526 528 527
f 527 528 529
f 528 530 529
f 529 530 531
f 530 532 531
f 531 532 533
f 532 534 533
f 533 534 535
f 534 536 535
f 535 536 537
f 536 538 537
f 537 538 539
f 538 540 539
f 539 540 541
f 540 542 541
f 541 542 543
f 542 544 543
f 543 544 545
f 544 546 545
f 545 546 547
f 546 548 547
f 547 548 549
f 548 550 549
f 549 550 551
f 550 552 551
f 551 552 553
f 552 554 553
f 553 554 555
f 554 556 555
f 555 556 557
f 556 558 557
f 557 558 559
f 558 560 559
f 559 560 561
f 560 562 561
f 561 562 563
f 562 564 563
f 563 564 565
f 564 566 565
f 565 566 567
f 566 568 567
f 567 568 569
f 568 570 569
f 569 570 571
f 570 572 571
f 571 572 573
f 572 574 573
f 573 574 575
f 574 576 575
f 575 576 577
f 576 578 577
f 577 578 579
f 578 580 579
f 579 580 581
f 580 582 581
f 581 582 583
f 582 584 583
f 583 584 585
f 584 586 585
f 585 586 587
f 586 444 587
f 587 444 445
f 588 589 586
f 586 589 444
f 589 590 444
f 444 590 446
f 590 591 446
f 446 591 448
f 591 592 448
f 448 592 450
f 592 593 450
f 450 593 452
f 593 594 452
f 452 594 454
f 594 595 454
f 454 595 456
f 595 596 456
f 456 596 458
f 596 597 458
f 458 597 460
f 597 598 460
f 460 598 462
f 598 599 462
f 462 599 464
f 599 600 464
f 464 600 466
f 600 601 466
f 466 601 468
f 601 602 468
f 468 602 470
f 602 603 470
f 470 603 472
f 603 604 472
f 472 604 474
f 604 605 474
f 474 605 476
f 605 606 476
f 476 606 478
f 606 607 478
f 478 607 480
f 607 608 480
f 480 608 482
f 608 609 482
f 482 609 484
f 609 610 484
f 484 610 486
f 610 611 486
f 486 611 488
f 611 612 488
f 488 612 490
f 612 613 490
f 490 613 492
f 613 614 492
f 492 614 494
f 614 615 494
f 494 615 496
f 615 616 496
f 496 616 498
f 616 617 498
f 498 617 500
f 617 618 500
f 500 618 502
f 618 619 502
f 502 619 504
f 619 620 504
f 504 620 506
f 620 621 506
f 506 621 508
f 621 622 508
f 508 622 510
f 622 623 510
f 510 623 512
f 623 624 512
f 512 624 514
f 624 625 514
f 514 625 516
f 625 626 516
f 516 626 518
f 626 627 518
f 518 627 520
f 627 628 520
f 520 628 522
f 628 629 522
f 522 629 524
f 629 630 524
f 524 630 526
f 630 631 526
f 526 631 528
f 631 632 528
f 528 632 530
f 632 633 530
f 530 633 532
f 633 634 532
f 532 634 534
f 634 635 534
f 534 635 536
f 635 636 536
f 536 636 538
f 636 637 538
f 538 637 540
f 637 638 540
f 540 638 542
f 638 639 542
f 542 639 544
f 639 640 544
f 544 640 546
f 640 641 546
f 546 641 548
f 641 642 548
f 548 642 550
f 642 643 550
f 550 643 552
f 643 644 552
f 552 644 554
f 644 645 554
f 554 645 556
f 645 646 556
f 556 646 558
f 646 647 558
f 558 647 560
f 647 648 560
f 560 648 562
f 648 649 562
f 562 649 564
f 649 650 564
f 564 650 566
f 650 651 566
f 566 651 568
f 651 652 568
f 568 652 570
f 652 653 570
f 570 653 572
f 653 654 572
f 572 654 574
f 654 655 574
f 574 655 576
f 655 656 576
f 576 656 578
f 656 657 578
f 578 657 580
f 657 658 580
f 580 658 582
f 658 659 582
f 582 659 584
f 659 588 584
f 584 588 586
f 660 662 661
f 661 662 663
f 662 664 663
f 665 667 666
f 665 668 667
f 667 668 669
f 668 670 669
f 669 670 671
f 670 672 671
f 671 672 673
f 672 674 673
f 673 674 675
f 674 676 675
f 675 676 677
f 676 678 677
f 677 678 679
f 678 680 679
f 679 680 681
f 680 682 681
f 681 682 683
f 682 684 683
f 683 684 685
f 684 686 685
f 685 686 687
f 686 688 687
f 687 688 689
f 688 690 689
f 689 690 691
f 690 692 691
f 691 692 693
f 692 694 693
f 695 696 663
f 697 699 698
f 700 702 701
f 701 702 703
f 702 704 703
f 703 704 705
f 697 706 699
f 699 708 707
f 709 702 710
f 710 702 711
f 702 700 711
f 705 704 712
f 712 704 713
f 704 714 713
f 715 717 716
f 716 717 704
f 717 718 704
f 698 699 719
f 719 699 720
f 699 721 720
f 722 724 723
f 723 724 725
f 724 726 725
f 727 729 728
f 728 729 730
f 731 702 732
f 732 702 733
f 702 709 733
f 714 704 734
f 734 704 735
f 704 736 735
f 737 739 738
f 740 742 741
f 741 742 743
f 743 742 729
f 742 744 729
f 729 744 730
f 699 745 708
f 708 745 746
f 745 747 746
f 748 750 749
f 749 750 751
f 750 752 751
f 751 752 753
f 752 754 753
f 755 724 756
f 756 724 757
f 724 758 757
f 759 761 760
f 760 761 762
f 763 765 764
f 764 765 766
f 765 767 766
f 748 768 750
f 750 768 769
f 768 770 769
f 769 770 771
f 770 772 771
f 771 772 773
f 772 774 773
f 721 699 775
f 775 699 776
f 699 777 776
f 778 765 779
f 779 765 780
f 777 699 781
f 781 699 782
f 699 707 782
f 753 754 783
f 783 754 784
f 754 785 784
f 784 785 786
f 787 702 788
f 788 702 789
f 702 731 789
f 736 704 790
f 790 704 791
f 704 792 791
f 793 795 794
f 794 795 796
f 795 797 796
f 796 797 798
f 797 799 798
f 800 802 801
f 803 759 804
f 804 759 805
f 759 806 805
f 786 785 807
f 807 785 808
f 785 806 808
f 808 806 809
f 806 759 809
f 758 724 810
f 810 724 811
f 724 812 811
f 739 737 813
f 813 737 814
f 737 815 814
f 814 815 816
f 815 817 816
f 816 817 818
f 817 819 818
f 818 819 761
f 819 820 761
f 761 820 762
f 821 823 822
f 822 823 824
f 823 825 824
f 826 828 827
f 829 765 830
f 830 765 831
f 765 778 831
f 832 834 833
f 835 837 836
f 773 774 838
f 838 774 839
f 774 840 839
f 839 840 841
f 840 836 841
f 841 836 842
f 836 837 842
f 843 844 761
f 761 844 845
f 844 801 845
f 845 801 846
f 801 802 846
f 715 716 847
f 847 716 848
f 716 849 848
f 848 849 850
f 851 853 852
f 852 853 854
f 853 855 854
f 856 724 857
f 857 724 858
f 724 722 858
f 780 765 859
f 859 765 860
f 765 861 860
f 862 702 863
f 863 702 864
f 702 787 864
f 792 704 865
f 865 704 866
f 704 867 866
f 868 853 869
f 869 853 870
f 853 851 870
f 871 742 872
f 872 742 873
f 742 740 873
f 874 759 875
f 875 759 876
f 759 803 876
f 799 877 798
f 798 877 878
f 877 879 878
f 825 823 880
f 880 823 881
f 823 737 881
f 881 737 882
f 737 738 882
f 829 883 765
f 765 883 724
f 883 884 724
f 834 885 833
f 837 835 886
f 886 835 887
f 835 888 887
f 887 888 889
f 888 834 889
f 889 834 890
f 834 832 890
f 855 853 891
f 891 853 892
f 853 823 892
f 892 823 893
f 823 821 893
f 861 765 894
f 894 765 895
f 765 896 895
f 767 765 897
f 897 765 898
f 765 899 898
f 900 702 901
f 901 702 902
f 702 862 902
f 867 704 903
f 903 704 904
f 704 905 904
f 906 853 907
f 907 853 908
f 853 868 908
f 909 724 910
f 910 724 911
f 724 884 911
f 912 914 913
f 833 885 915
f 915 885 916
f 885 917 916
f 916 917 918
f 917 919 918
f 920 759 921
f 921 759 922
f 759 874 922
f 706 702 699
f 699 702 923
f 702 900 923
f 905 704 924
f 924 704 925
f 704 718 925
f 850 849 926
f 926 849 927
f 849 878 927
f 927 878 928
f 878 879 928
f 912 929 914
f 913 914 930
f 930 914 917
f 914 931 917
f 917 931 919
f 793 932 795
f 795 932 933
f 932 812 933
f 933 812 934
f 812 724 934
f 934 724 935
f 724 936 935
f 896 765 937
f 937 765 938
f 765 939 938
f 940 853 941
f 941 853 942
f 853 906 942
f 943 724 944
f 944 724 945
f 724 856 945
f 946 724 947
f 947 724 948
f 724 909 948
f 899 765 949
f 949 765 950
f 765 742 950
f 950 742 951
f 742 871 951
f 800 952 802
f 802 952 953
f 952 954 953
f 724 956 955
f 957 914 958
f 958 914 959
f 914 929 959
f 843 761 960
f 960 761 961
f 761 759 961
f 961 759 962
f 759 920 962
f 826 853 828
f 828 853 963
f 853 940 963
f 936 724 964
f 964 724 965
f 724 955 965
f 826 827 966
f 966 827 967
f 827 956 967
f 967 956 968
f 956 724 968
f 968 724 969
f 724 943 969
f 939 765 970
f 970 765 971
f 765 972 971
f 973 724 974
f 974 724 975
f 724 946 975
f 727 976 729
f 729 976 977
f 976 914 977
f 977 914 978
f 914 957 978
f 979 981 980
f 747 982 746
f 746 982 983
f 982 984 983
f 983 984 985
f 984 980 985
f 985 980 986
f 980 981 986
f 972 765 987
f 987 765 988
f 765 989 988
f 726 724 990
f 990 724 991
f 724 973 991
f 989 765 992
f 992 765 993
f 765 763 993
f 979 994 981
f 981 994 995
f 994 996 995
f 995 996 997
f 996 998 997
f 997 998 999
f 998 1000 999
f 999 1000 1001
f 1000 954 1001
f 1001 954 1002
f 954 952 1002
f 1003 1005 1004
f 686 1006 688
f 1007 704 1008
f 1008 704 1009
f 1005 694 1004
f 1004 694 1010
f 694 1011 1010
f 1012 1014 1013
f 1013 1014 1015
f 1014 1016 1015
f 1017 696 1018
f 1018 696 1019
f 1020 1005 1021
f 1021 1005 1022
f 1005 1003 1022
f 1011 694 1023
f 1023 694 1024
f 694 1025 1024
f 1026 704 1027
f 1027 704 1028
f 704 1007 1028
f 1029 1030 702
f 1031 696 1032
f 1030 1033 702
f 702 1033 704
f 1033 1034 704
f 1035 1005 1036
f 1036 1005 1037
f 1005 1020 1037
f 1006 686 1038
f 1038 686 1039
f 686 684 1039
f 1039 684 1040
f 684 682 1040
f 1041 1014 1042
f 1042 1014 1043
f 1014 1012 1043
f 1025 694 1044
f 1044 694 1045
f 694 1046 1045
f 1032 696 1047
f 1047 696 1048
f 696 1049 1048
f 1050 1052 1051
f 1009 704 1053
f 1053 704 1054
f 704 1034 1054
f 1049 696 1055
f 1055 696 1056
f 696 1017 1056
f 1057 1059 1058
f 1058 1059 1060
f 1059 1061 1060
f 1060 1061 1062
f 1061 1063 1062
f 1062 1063 1064
f 1063 1051 1064
f 1064 1051 1065
f 1051 1052 1065
f 1066 1068 1067
f 1019 696 1069
f 1069 696 1070
f 696 1071 1070
f 1052 1050 1072
f 1072 1050 1073
f 1050 1074 1073
f 1073 1074 1075
f 1074 1076 1075
f 1077 1005 1078
f 1078 1005 1079
f 1005 1035 1079
f 1057 1080 1059
f 1059 1080 1081
f 1080 1082 1081
f 1081 1082 1083
f 1082 1084 1083
f 1068 1085 1067
f 1086 1077 1087
f 1087 1077 1088
f 1077 1078 1088
f 1046 694 1089
f 1089 694 1090
f 694 692 1090
f 1090 692 1091
f 692 1092 1091
f 1084 1093 1083
f 1083 1093 1094
f 1093 1095 1094
f 1030 1029 1096
f 1096 1029 1097
f 1029 1094 1097
f 1097 1094 1098
f 1094 1095 1098
f 1075 1076 1099
f 1099 1076 1100
f 1076 1068 1100
f 1100 1068 1101
f 1068 1066 1101
f 1102 1014 1103
f 1103 1014 1104
f 1014 1041 1104
f 1086 1105 1077
f 1077 1105 1014
f 1105 1106 1014
f 1092 692 1107
f 1107 692 1108
f 692 690 1108
f 1108 690 1109
f 690 1110 1109
f 704 1026 665
f 665 1026 668
f 1026 1111 668
f 668 1111 670
f 1111 1112 670
f 670 1112 672
f 1112 1113 672
f 672 1113 674
f 1113 1114 674
f 674 1114 676
f 1114 1115 676
f 676 1115 678
f 1115 1116 678
f 678 1116 680
f 1116 1117 680
f 680 1117 682
f 1117 1118 682
f 682 1118 1040
f 1071 696 1119
f 1119 696 1120
f 696 1102 1120
f 1016 1014 1121
f 1121 1014 1122
f 1014 1106 1122
f 1110 690 1123
f 1123 690 1124
f 690 688 1124
f 1124 688 1125
f 688 1006 1125
f 1126 696 1127
f 1127 696 1128
f 1129 696 1130
f 1130 696 1131
f 696 1126 1131
f 1067 1085 1132
f 1132 1085 1031
f 1085 1133 1031
f 1031 1133 696
f 1133 1134 696
f 696 1134 1135
f 1136 696 1137
f 1137 696 1138
f 696 1135 1138
f 1139 696 1140
f 1140 696 1141
f 696 1136 1141
f 1128 696 1142
f 1142 696 1143
f 696 1139 1143
f 1144 663 1145
f 1145 663 1146
f 1147 663 1148
f 1148 663 1149
f 663 1150 1149
f 765 1152 1151
f 1153 663 1154
f 1154 663 1155
f 663 1144 1155
f 696 1157 1156
f 1146 663 1158
f 1158 663 1159
f 663 1160 1159
f 765 1162 1161
f 1163 663 1164
f 1164 663 1165
f 663 1153 1165
f 1166 742 1167
f 1167 742 1168
f 742 765 1168
f 1168 765 1169
f 765 1151 1169
f 1170 765 1171
f 1171 765 1172
f 765 1161 1172
f 1160 663 1173
f 1173 663 1174
f 663 696 1174
f 1175 661 1176
f 1176 661 1177
f 661 1178 1177
f 1179 663 1180
f 1180 663 1181
f 663 1163 1181
f 1174 696 1182
f 1182 696 1183
f 696 1184 1183
f 1185 765 1186
f 1186 765 1187
f 765 1170 1187
f 1162 765 1188
f 1188 765 1189
f 765 1190 1189
f 1189 1190 1191
f 1192 661 1193
f 1193 661 1194
f 661 663 1194
f 1194 663 1195
f 663 1147 1195
f 1191 1190 1196
f 1196 1190 1197
f 1190 1198 1197
f 1199 663 1200
f 1200 663 1201
f 663 1179 1201
f 1184 696 1202
f 1202 696 1203
f 696 1204 1203
f 1205 765 1206
f 1206 765 1207
f 765 1185 1207
f 1157 696 1208
f 1208 696 1209
f 696 1129 1209
f 1209 1129 1210
f 1129 1211 1210
f 1210 1211 1212
f 1211 1213 1212
f 1178 661 1214
f 1214 661 1215
f 661 1216 1215
f 1198 1190 1217
f 1217 1190 1218
f 1190 1219 1218
f 1220 663 1221
f 1221 663 1222
f 663 1199 1222
f 1204 696 1223
f 1223 696 1224
f 696 1225 1224
f 1226 742 1227
f 1227 742 1228
f 742 1166 1228
f 1229 765 1230
f 1230 765 1231
f 765 1205 1231
f 1216 661 1232
f 1232 661 1233
f 661 1192 1233
f 1225 696 1234
f 1234 696 1235
f 696 1156 1235
f 1219 1190 1236
f 1236 1190 1237
f 1190 1238 1237
f 1150 663 1239
f 1239 663 1240
f 663 1220 1240
f 1226 1227 1241
f 1241 1227 1242
f 1227 1243 1242
f 1244 765 1245
f 1245 765 1246
f 765 1229 1246
f 1238 1190 1247
f 1247 1190 1248
f 1190 1249 1248
f 1152 765 1250
f 1250 765 1251
f 765 1244 1251
f 1249 1190 1252
f 1252 1190 1253
f 1190 661 1253
f 1253 661 1254
f 661 1175 1254
f 1243 1255 1242
f 1242 1255 1256
f 1255 1257 1256
f 1256 1257 1258
f 1257 1213 1258
f 1258 1213 1259
f 1213 1211 1259
f 1260 696 1261
f 1261 696 1262
f 696 695 1262
f 1263 696 1264
f 1264 696 1265
f 696 1260 1265
f 1102 696 1014
f 1014 696 1266
f 696 1263 1266
f 320 1267 322
f 322 1267 324
f 1268 382 380
f 348 1267 349
f 348 346 1267
f 349 1267 351
f 351 1267 352
f 1267 1268 352
f 435 1269 443
f 443 1269 442
f 1269 1270 442
f 442 1270 440
f 352 1268 354
f 354 1268 355
f 1268 357 355
f 1271 1267 316
f 316 1267 318
f 1267 320 318
f 342 1267 343
f 343 1267 345
f 1267 346 345
f 357 1268 358
f 358 1268 360
f 1268 361 360
f 440 1270 439
f 439 1270 266
f 1270 1272 266
f 382 1268 384
f 384 1268 386
f 1268 388 386
f 1273 1269 437
f 437 1269 436
f 1269 435 436
f 266 1272 265
f 265 1272 268
f 1272 1274 268
f 310 1271 312
f 312 1271 314
f 1271 316 314
f 337 1267 339
f 339 1267 340
f 1267 342 340
f 361 1268 363
f 363 1268 364
f 1268 366 364
f 1275 1273 429
f 429 1273 438
f 1273 437 438
f 268 1274 270
f 270 1274 271
f 1274 1276 271
f 1277 1268 1278
f 1278 1268 1279
f 1268 1280 1279
f 1281 1275 431
f 431 1275 430
f 1275 429 430
f 333 1267 334
f 334 1267 336
f 1267 337 336
f 366 1268 367
f 367 1268 369
f 1268 370 369
f 271 1276 273
f 273 1276 274
f 1276 1282 274
f 1283 1281 423
f 423 1281 432
f 1281 431 432
f 296 1284 298
f 298 1284 300
f 1284 1271 300
f 300 1271 302
f 1271 304 302
f 392 1285 394
f 274 1282 276
f 276 1282 277
f 1282 1286 277
f 304 1271 306
f 306 1271 308
f 1271 310 308
f 328 1267 330
f 330 1267 331
f 1267 333 331
f 370 1268 372
f 372 1268 373
f 1268 375 373
f 1285 1287 394
f 375 1268 376
f 376 1268 378
f 1268 380 378
f 1288 388 1289
f 1289 388 1290
f 388 1268 1290
f 1290 1268 1291
f 1268 1277 1291
f 394 1287 396
f 396 1287 398
f 1287 1292 398
f 398 1292 400
f 1292 1293 400
f 400 1293 402
f 1293 1294 402
f 402 1294 404
f 1294 1295 404
f 404 1295 406
f 1295 1296 406
f 406 1296 408
f 1296 1297 408
f 408 1297 410
f 1297 1298 410
f 410 1298 412
f 1298 1299 412
f 1300 1301 426
f 426 1301 425
f 1301 1283 425
f 425 1283 424
f 1283 423 424
f 277 1286 279
f 279 1286 280
f 1286 1302 280
f 324 1267 325
f 325 1267 327
f 1267 328 327
f 1285 392 1303
f 1303 392 1304
f 392 390 1304
f 1304 390 1305
f 390 388 1305
f 1305 388 1306
f 388 1288 1306
f 1307 1300 418
f 418 1300 417
f 1300 426 417
f 280 1302 282
f 282 1302 283
f 1302 1308 283
f 412 1299 414
f 414 1299 420
f 1299 1307 420
f 420 1307 419
f 1307 418 419
f 283 1308 285
f 285 1308 286
f 1308 1309 286
f 286 1309 288
f 1309 1310 288
f 288 1310 290
f 1310 1311 290
f 290 1311 292
f 1311 1284 292
f 292 1284 294
f 1284 296 294
f 1293 1313 1312
f 1293 1292 1313
f 1313 1292 1314
f 1292 1287 1314
f 1314 1287 1315
f 1287 1285 1315
f 1315 1285 1316
f 1285 1303 1316
f 1316 1303 1317
f 1303 1304 1317
f 1317 1304 1318
f 1304 1305 1318
f 1318 1305 1319
f 1305 1306 1319
f 1319 1306 1320
f 1306 1288 1320
f 1320 1288 1321
f 1288 1289 1321
f 1321 1289 1322
f 1289 1290 1322
f 1322 1290 1323
f 1290 1291 1323
f 1323 1291 1324
f 1291 1277 1324
f 1324 1277 1325
f 1277 1278 1325
f 1325 1278 1326
f 1278 1279 1326
f 1326 1279 1327
f 1279 1280 1327
f 1284 1329 1328
f 1284 1311 1329
f 1329 1311 1330
f 1311 1310 1330
f 1330 1310 1331
f 1310 1309 1331
f 1331 1309 1332
f 1309 1308 1332
f 1332 1308 1333
f 1308 1302 1333
f 1333 1302 1334
f 1302 1286 1334
f 1334 1286 1335
f 1286 1282 1335
f 1335 1282 1336
f 1282 1276 1336
f 1336 1276 1337
f 1276 1274 1337
f 1337 1274 1338
f 1274 1272 1338
f 1338 1272 1339
f 1272 1270 1339
f 1284 1328 1271
f 1271 1328 1340
f 1269 1342 1341
f 1269 1273 1342
f 1342 1273 1343
f 1273 1275 1343
f 1343 1275 1344
f 1275 1281 1344
f 1344 1281 1345
f 1281 1283 1345
f 1345 1283 1346
f 1283 1301 1346
f 1346 1301 1347
f 1301 1300 1347
f 1347 1300 1348
f 1300 1307 1348
f 1348 1307 1349
f 1307 1299 1349
f 1349 1299 1350
f 1299 1298 1350
f 1350 1298 1351
f 1298 1297 1351
f 1351 1297 1352
f 1297 1296 1352
f 1352 1296 1353
f 1296 1295 1353
f 1353 1295 1354
f 1295 1294 1354
f 1354 1294 1312
f 1294 1293 1312
f 1270 1269 1339
f 1339 1269 1341
f 63 660 65
f 1355 68 1340
f 68 1355 61
f 61 1355 63
f 1355 1356 63
f 63 1356 660
f 1357 1358 127
f 127 1358 125
f 1358 1359 125
f 125 1359 123
f 1359 1360 123
f 123 1360 121
f 1360 1361 121
f 121 1361 263
f 1361 1362 263
f 263 1362 261
f 1362 1363 261
f 261 1363 259
f 1363 1364 259
f 259 1364 257
f 1364 1365 257
f 257 1365 255
f 1365 1366 255
f 255 1366 253
f 1366 1367 253
f 253 1367 251
f 1367 1368 251
f 251 1368 249
f 1368 1369 249
f 249 1369 247
f 1369 1370 247
f 247 1370 245
f 1370 1371 245
f 245 1371 243
f 1371 1372 243
f 243 1372 241
f 1372 1373 241
f 241 1373 239
f 1373 1374 239
f 239 1374 237
f 1374 1375 237
f 237 1375 235
f 1375 1376 235
f 235 1376 233
f 1376 1377 233
f 233 1377 231
f 1377 1378 231
f 231 1378 229
f 1378 1379 229
f 229 1379 227
f 1379 1380 227
f 227 1380 225
f 1380 1381 225
f 225 1381 223
f 1381 1382 223
f 223 1382 221
f 1382 1383 221
f 221 1383 219
f 1383 1384 219
f 219 1384 217
f 1384 1385 217
f 217 1385 215
f 1385 1386 215
f 215 1386 213
f 1386 1387 213
f 213 1387 211
f 1387 1388 211
f 211 1388 209
f 1388 1389 209
f 209 1389 207
f 1389 1390 207
f 207 1390 205
f 1390 1391 205
f 205 1391 203
f 1391 1392 203
f 203 1392 201
f 1392 1393 201
f 201 1393 199
f 1393 1394 199
f 199 1394 197
f 1394 1395 197
f 197 1395 195
f 1395 1396 195
f 195 1396 193
f 1396 1397 193
f 193 1397 191
f 1397 1398 191
f 191 1398 189
f 1398 1399 189
f 189 1399 187
f 1399 1400 187
f 187 1400 185
f 1400 1401 185
f 185 1401 183
f 1401 1402 183
f 183 1402 181
f 1402 1403 181
f 181 1403 179
f 1403 1404 179
f 179 1404 177
f 1404 1405 177
f 177 1405 175
f 1405 1406 175
f 175 1406 173
f 1406 1407 173
f 173 1407 171
f 1407 1408 171
f 171 1408 169
f 1408 1409 169
f 169 1409 167
f 1409 1410 167
f 167 1410 165
f 1410 1411 165
f 165 1411 163
f 1411 1412 163
f 163 1412 161
f 1412 1413 161
f 161 1413 159
f 1413 1414 159
f 159 1414 157
f 1414 1415 157
f 157 1415 155
f 1415 1416 155
f 155 1416 153
f 1416 1417 153
f 153 1417 151
f 1417 1418 151
f 151 1418 149
f 1418 1419 149
f 149 1419 147
f 1419 1420 147
f 147 1420 145
f 1420 1421 145
f 145 1421 143
f 1421 1422 143
f 143 1422 141
f 1422 1423 141
f 141 1423 139
f 1423 1424 139
f 139 1424 137
f 1424 1425 137
f 137 1425 135
f 1425 1426 135
f 135 1426 133
f 1426 1427 133
f 133 1427 131
f 1427 1428 131
f 131 1428 129
f 1428 1357 129
f 129 1357 127
f 381 383 599
f 599 383 600
f 383 385 600
f 600 385 601
f 385 387 601
f 601 387 602
f 387 389 602
f 602 389 603
f 389 391 603
f 603 391 604
f 391 393 604
f 604 393 605
f 393 395 605
f 605 395 606
f 395 397 606
f 606 397 607
f 397 399 607
f 607 399 608
f 399 401 608
f 608 401 609
f 401 403 609
f 609 403 610
f 403 405 610
f 610 405 611
f 405 407 611
f 611 407 612
f 407 409 612
f 612 409 613
f 409 411 613
f 613 411 614
f 411 413 614
f 614 413 615
f 413 415 615
f 615 415 616
f 415 416 616
f 616 416 617
f 416 421 617
f 617 421 618
f 421 422 618
f 618 422 619
f 422 427 619
f 619 427 620
f 427 428 620
f 620 428 621
f 428 433 621
f 621 433 622
f 433 434 622
f 622 434 623
f 434 441 623
f 623 441 624
f 441 267 624
f 624 267 625
f 267 264 625
f 625 264 626
f 264 269 626
f 626 269 627
f 269 272 627
f 627 272 628
f 272 275 628
f 628 275 629
f 275 278 629
f 629 278 630
f 278 281 630
f 630 281 631
f 281 284 631
f 631 284 632
f 284 287 632
f 632 287 633
f 287 289 633
f 633 289 634
f 289 291 634
f 634 291 635
f 291 293 635
f 635 293 636
f 293 295 636
f 636 295 637
f 295 297 637
f 637 297 638
f 297 299 638
f 638 299 639
f 299 301 639
f 639 301 640
f 301 303 640
f 640 303 641
f 303 305 641
f 641 305 642
f 305 307 642
f 642 307 643
f 307 309 643
f 643 309 644
f 309 311 644
f 644 311 645
f 311 313 645
f 645 313 646
f 313 315 646
f 646 315 647
f 315 317 647
f 647 317 648
f 317 319 648
f 648 319 649
f 319 321 649
f 649 321 650
f 321 323 650
f 650 323 651
f 323 326 651
f 651 326 652
f 326 329 652
f 652 329 653
f 329 332 653
f 653 332 654
f 332 335 654
f 654 335 655
f 335 338 655
f 655 338 656
f 338 341 656
f 656 341 657
f 341 344 657
f 657 344 658
f 344 347 658
f 658 347 659
f 347 350 659
f 659 350 588
f 350 353 588
f 588 353 589
f 353 356 589
f 589 356 590
f 356 359 590
f 590 359 591
f 359 362 591
f 591 362 592
f 362 365 592
f 592 365 593
f 365 368 593
f 593 368 594
f 368 371 594
f 594 371 595
f 371 374 595
f 595 374 596
f 374 377 596
f 596 377 597
f 377 379 597
f 597 379 598
f 379 381 598
f 598 381 599
f 1429 69 1430
f 1431 1433 1432
f 1434 1436 1435
f 1435 1436 1437
f 1436 1438 1437
f 1439 1441 1440
f 1440 1441 1442
f 1443 1445 1444
f 1446 1440 1447
f 1448 1440 1449
f 1449 1440 1450
f 1440 1451 1450
f 1451 1440 1452
f 1452 1440 1453
f 1440 1442 1453
f 1454 1455 1433
f 1433 1455 1456
f 1444 1437 1443
f 1443 1437 1457
f 1437 1438 1457
f 1434 1458 1436
f 1436 1458 1459
f 1458 1460 1459
f 1430 69 1461
f 1461 69 1462
f 69 1463 1462
f 1447 1440 1464
f 1464 1440 1465
f 1440 1466 1465
f 1466 1440 1467
f 1467 1440 1468
f 1440 1448 1468
f 1469 1440 1470
f 1470 1440 1471
f 1440 1472 1471
f 1473 666 1474
f 1474 666 1475
f 666 1476 1475
f 1477 666 1478
f 1478 666 1479
f 1480 1482 1481
f 1481 1482 1483
f 1483 1482 1484
f 1484 1482 1433
f 1482 1485 1433
f 1433 1485 1454
f 1445 1443 1486
f 1486 1443 1487
f 1443 1488 1487
f 1487 1488 1489
f 1490 71 1491
f 1491 71 1492
f 71 1493 1492
f 1493 71 1494
f 1494 71 1495
f 71 1496 1495
f 1462 1463 1497
f 1497 1463 1498
f 1463 1499 1498
f 1498 1499 1500
f 1499 1440 1500
f 1500 1440 1501
f 1440 1446 1501
f 1440 1503 1502
f 1504 666 1505
f 1505 666 1506
f 666 1473 1506
f 1476 666 1507
f 1507 666 1508
f 666 1477 1508
f 1432 1433 1509
f 1509 1433 1510
f 1433 1511 1510
f 1511 1433 1512
f 1512 1433 1513
f 1433 1456 1513
f 1514 1516 1515
f 1496 71 1517
f 1517 71 1518
f 71 69 1518
f 1518 69 1519
f 69 1429 1519
f 1503 1440 1520
f 1520 1440 1521
f 1440 1522 1521
f 1514 1523 1516
f 1516 1523 1524
f 1523 1489 1524
f 1524 1489 1525
f 1489 1488 1525
f 1439 1440 1526
f 1526 1440 1527
f 1440 1502 1527
f 1522 1440 1528
f 1528 1440 1529
f 1440 1469 1529
f 1514 1515 1530
f 1530 1515 1531
f 1515 1532 1531
f 1531 1532 1533
f 1532 1480 1533
f 1533 1480 1534
f 1480 1481 1534
f 1504 1535 666
f 666 1535 1536
f 1535 1439 1536
f 1536 1439 1537
f 1439 1526 1537
f 689 1433 687
f 687 1433 685
f 1433 683 685
f 683 1433 681
f 681 1433 679
f 1433 677 679
f 1433 669 671
f 677 1433 675
f 675 1433 673
f 1433 671 673
f 1479 666 1431
f 1431 666 1433
f 666 667 1433
f 1433 667 669
f 1538 1433 1539
f 1540 1542 1541
f 1543 1544 689
f 689 1544 1545
f 1542 1540 1546
f 1546 1540 1547
f 1540 1548 1547
f 1549 1551 1550
f 1550 1551 1552
f 1551 1553 1552
f 1554 1433 1555
f 1555 1433 1556
f 1433 1557 1556
f 1539 1433 1558
f 1558 1433 1559
f 1433 689 1559
f 1559 689 1560
f 689 1545 1560
f 1543 689 1561
f 1561 689 1562
f 689 1563 1562
f 1564 1565 662
f 662 1565 1566
f 1567 1569 1568
f 1554 1571 1570
f 664 662 1572
f 1572 662 1573
f 662 1566 1573
f 1548 1574 1547
f 1547 1574 1575
f 1574 1576 1575
f 1575 1576 1577
f 1576 1578 1577
f 1577 1578 1579
f 1578 1568 1579
f 1579 1568 1580
f 1568 1569 1580
f 1484 1433 1581
f 1581 1433 1582
f 1433 1554 1582
f 1582 1554 1583
f 1554 1570 1583
f 1584 1586 1585
f 1585 1586 1587
f 1586 1588 1587
f 1587 1588 1589
f 1588 1590 1589
f 1589 1590 1591
f 1590 1592 1591
f 1591 1592 1593
f 1592 1594 1593
f 1593 1594 1595
f 1594 664 1595
f 1595 664 1596
f 664 1572 1596
f 1569 1567 1597
f 1597 1567 1598
f 1567 1599 1598
f 1598 1599 1600
f 1599 1552 1600
f 1600 1552 1601
f 1552 1553 1601
f 1541 1571 1540
f 1540 1571 1602
f 1571 1554 1602
f 1557 1433 1603
f 1603 1433 1604
f 1433 1605 1604
f 1605 1433 1606
f 1606 1433 1607
f 1433 1538 1607
f 1563 689 1608
f 1608 689 1609
f 689 1610 1609
f 1610 689 1611
f 1611 689 1612
f 689 691 1612
f 1612 691 1613
f 1613 691 1614
f 691 693 1614
f 1564 662 1615
f 1615 662 1616
f 662 1551 1616
f 1616 1551 1617
f 1551 1549 1617
f 1614 693 1618
f 1618 693 1619
f 693 1620 1619
f 1620 693 1621
f 1621 693 1622
f 693 1623 1622
f 1622 1623 1624
f 1623 1625 1624
f 1625 1623 1626
f 1626 1623 1627
f 1623 1628 1627
f 1627 1628 1629
f 1629 1628 1630
f 1630 1628 1631
f 1628 1632 1631
f 1631 1632 1633
f 1633 1632 1634
f 1632 1635 1634
f 1634 1635 1636
f 1636 1635 1637
f 1635 1638 1637
f 1637 1638 1639
f 1638 1584 1639
f 1639 1584 1640
f 1584 1585 1640
f 1641 662 1642
f 660 1643 662
f 660 1356 1643
f 1643 1356 1644
f 1356 1645 1644
f 1645 1356 1646
f 1646 1356 1647
f 1356 1648 1647
f 1648 1356 1649
f 1649 1356 1650
f 1356 1651 1650
f 1651 1356 1652
f 1652 1356 1653
f 1356 1654 1653
f 1655 71 1656
f 1657 662 1658
f 1658 662 1659
f 662 1643 1659
f 1551 1661 1660
f 1551 662 1661
f 1661 662 1662
f 662 1641 1662
f 1654 1356 1663
f 1663 1356 1664
f 1356 1665 1664
f 1666 1668 1667
f 1669 73 1670
f 1642 662 1671
f 1671 662 1672
f 662 1673 1672
f 1673 662 1674
f 1674 662 1675
f 662 1657 1675
f 1676 73 1677
f 1677 73 1678
f 73 1679 1678
f 1680 1682 1681
f 1683 1551 1684
f 1684 1551 1685
f 1551 1660 1685
f 1686 73 1687
f 1687 73 1688
f 73 1689 1688
f 1665 1356 1690
f 1690 1356 1691
f 1356 1692 1691
f 1691 1692 1693
f 1692 1676 1693
f 1693 1676 1694
f 1676 1677 1694
f 1679 73 1695
f 1695 73 1696
f 73 1666 1696
f 1656 71 1697
f 1697 71 1698
f 71 1699 1698
f 1699 71 1700
f 1700 71 1701
f 71 1702 1701
f 1703 71 1704
f 1705 1707 1706
f 1708 1551 1709
f 1709 1551 1710
f 1551 1683 1710
f 1666 1667 1711
f 1711 1667 1712
f 1667 1713 1712
f 1670 73 1714
f 1714 73 1715
f 73 1716 1715
f 1717 71 1458
f 1458 71 1460
f 71 1490 1460
f 1717 1458 1718
f 1718 1458 1719
f 1458 1720 1719
f 1705 1721 1707
f 1707 1721 1722
f 1721 1682 1722
f 1722 1682 1723
f 1682 1680 1723
f 1724 1551 1725
f 1725 1551 1726
f 1551 1708 1726
f 1713 1667 1727
f 1727 1667 1728
f 1667 1729 1728
f 1668 1666 1730
f 1730 1666 1731
f 1666 73 1731
f 1731 73 1732
f 73 1686 1732
f 1689 73 1733
f 1733 73 1734
f 73 1669 1734
f 1716 73 1735
f 1735 73 1736
f 73 1737 1736
f 1737 73 1738
f 1738 73 1739
f 73 71 1739
f 1739 71 1740
f 71 1655 1740
f 1702 71 1741
f 1741 71 1742
f 71 1743 1742
f 1743 71 1744
f 1744 71 1745
f 71 1746 1745
f 1746 71 1747
f 1747 71 1748
f 71 1703 1748
f 1704 71 1749
f 1749 71 1750
f 71 1717 1750
f 1720 1458 1751
f 1751 1458 1752
f 1458 1753 1752
f 1753 1458 1754
f 1754 1458 1755
f 1458 1756 1755
f 1756 1458 1757
f 1757 1458 1758
f 1458 1759 1758
f 1760 1762 1761
f 1761 1762 1763
f 1764 1766 1765
f 1765 1766 1767
f 1766 1768 1767
f 1724 1725 1769
f 1769 1725 1770
f 1725 1771 1770
f 1770 1771 1772
f 1773 1775 1774
f 1774 1775 1667
f 1775 1776 1667
f 1667 1776 1729
f 1777 1779 1778
f 1766 1781 1780
f 1760 1766 1762
f 1762 1766 1782
f 1766 1764 1782
f 1768 1766 1783
f 1783 1766 1784
f 1766 1785 1784
f 1786 1770 1787
f 1787 1770 1788
f 1770 1772 1788
f 1789 1680 1790
f 1790 1680 1791
f 1680 1681 1791
f 1786 1787 1792
f 1792 1787 1790
f 1787 1793 1790
f 1790 1793 1789
f 1794 1796 1795
f 1795 1796 1797
f 1796 1759 1797
f 1797 1759 1798
f 1759 1458 1798
f 1705 1706 1799
f 1799 1706 1800
f 1706 1763 1800
f 1800 1763 1801
f 1763 1762 1801
f 1802 1794 1803
f 1803 1794 1804
f 1794 1795 1804
f 1780 1805 1766
f 1766 1805 1785
f 1805 1806 1785
f 1785 1806 1807
f 1806 1778 1807
f 1807 1778 1808
f 1778 1779 1808
f 1802 1809 1794
f 1794 1809 1810
f 1809 1811 1810
f 1773 1812 1775
f 1775 1812 1813
f 1812 1814 1813
f 1813 1814 1815
f 1814 1781 1815
f 1815 1781 1816
f 1781 1766 1816
f 1777 1817 1779
f 1779 1817 1818
f 1817 1819 1818
f 1818 1819 1820
f 1819 1821 1820
f 1820 1821 1822
f 1821 1811 1822
f 1822 1811 1823
f 1811 1809 1823
f 15 75 19
f 29 7 28
f 1190 6 1267
f 6 1190 15
f 15 1190 75
f 1190 765 75
f 75 765 74
f 765 724 74
f 74 1825 1824
f 1826 724 1827
f 1828 102 1829
f 109 102 1267
f 1267 102 1268
f 7 29 6
f 6 29 1267
f 29 38 1267
f 1267 38 109
f 38 39 109
f 74 724 1825
f 1825 724 1830
f 724 1826 1830
f 1831 74 1832
f 1832 74 1833
f 1833 74 1834
f 74 1835 1834
f 1835 74 1836
f 1836 74 1837
f 74 1824 1837
f 1829 102 1838
f 1838 102 1839
f 102 1840 1839
f 102 1842 1841
f 102 74 1842
f 1842 74 1843
f 74 1844 1843
f 1845 74 1846
f 1846 74 1847
f 74 1831 1847
f 1827 724 1848
f 1848 724 1849
f 724 1850 1849
f 1851 1268 1852
f 1853 1268 1854
f 1854 1268 1855
f 1268 102 1855
f 1855 102 1856
f 102 1828 1856
f 1840 102 1857
f 1857 102 1858
f 102 1859 1858
f 1844 74 1860
f 1860 74 1861
f 74 1862 1861
f 1862 74 1863
f 1863 74 1864
f 74 1845 1864
f 1852 1268 1865
f 1865 1268 1866
f 1268 1853 1866
f 1859 102 1867
f 1867 102 1868
f 102 1869 1868
f 1870 1268 1871
f 1871 1268 1872
f 1268 1851 1872
f 1869 102 1873
f 1873 102 1874
f 102 1841 1874
f 1850 724 1875
f 1875 724 1876
f 724 1877 1876
f 1877 724 1878
f 1878 724 1879
f 724 1880 1879
f 1880 724 1881
f 1881 724 1882
f 724 1883 1882
f 1883 724 1884
f 1884 724 1885
f 724 1268 1885
f 1885 1268 1886
f 1268 1887 1886
f 1887 1268 1888
f 1888 1268 1889
f 1268 1890 1889
f 1890 1268 1891
f 1891 1268 1892
f 1268 1893 1892
f 1893 1268 1894
f 1894 1268 1895
f 1268 1870 1895
f 1896 1898 1897
f 1897 1898 1899
f 1898 1900 1899
f 1899 1900 1901
f 1900 1902 1901
f 1901 1902 1903
f 1902 1904 1903
f 1903 1904 1905
f 1904 1906 1905
f 1905 1906 1907
f 1906 1908 1907
f 1907 1908 1909
f 1908 1910 1909
f 1909 1910 1911
f 1910 1912 1911
f 1911 1912 1913
f 1912 1914 1913
f 1913 1914 1915
f 1914 1916 1915
f 1915 1916 1917
f 1916 1918 1917
f 1917 1918 1919
f 1918 1920 1919
f 1919 1920 1921
f 1920 1922 1921
f 1921 1922 1923
f 1922 1924 1923
f 1923 1924 1925
f 1924 1926 1925
f 1925 1926 1927
f 1926 1928 1927
f 1927 1928 1929
f 1928 1930 1929
f 1929 1930 1931
f 1930 1932 1931
f 1931 1932 1933
f 1932 1934 1933
f 1933 1934 1935
f 1934 1936 1935
f 1935 1936 1937
f 1936 1938 1937
f 1937 1938 1939
f 1938 1940 1939
f 1939 1940 1941
f 1940 1942 1941
f 1941 1942 1943
f 1942 1944 1943
f 1943 1944 1945
f 1944 1946 1945
f 1945 1946 1947
f 1946 1948 1947
f 1947 1948 1949
f 1948 1950 1949
f 1949 1950 1951
f 1950 1952 1951
f 1951 1952 1953
f 1952 1954 1953
f 1953 1954 1955
f 1954 1956 1955
f 1955 1956 1957
f 1956 1958 1957
f 1957 1958 1959
f 1958 1960 1959
f 1959 1960 1961
f 1960 1962 1961
f 1961 1962 1963
f 1962 1964 1963
f 1963 1964 1965
f 1964 1966 1965
f 1965 1966 1967
f 1966 1968 1967
f 1967 1968 1969
f 1968 1970 1969
f 1969 1970 1971
f 1970 1972 1971
f 1971 1972 1973
f 1972 1974 1973
f 1973 1974 1975
f 1974 1976 1975
f 1975 1976 1977
f 1976 1978 1977
f 1977 1978 1979
f 1978 1980 1979
f 1979 1980 1981
f 1980 1982 1981
f 1981 1982 1983
f 1982 1984 1983
f 1983 1984 1985
f 1984 1986 1985
f 1985 1986 1987
f 1986 1988 1987
f 1987 1988 1989
f 1988 1990 1989
f 1989 1990 1991
f 1990 1992 1991
f 1991 1992 1993
f 1992 1994 1993
f 1993 1994 1995
f 1994 1996 1995
f 1995 1996 1997
f 1996 1998 1997
f 1997 1998 1999
f 1998 2000 1999
f 1999 2000 2001
f 2000 2002 2001
f 2001 2002 2003
f 2002 2004 2003
f 2003 2004 2005
f 2004 2006 2005
f 2005 2006 2007
f 2006 2008 2007
f 2007 2008 2009
f 2008 2010 2009
f 2009 2010 2011
f 2010 2012 2011
f 2011 2012 2013
f 2012 2014 2013
f 2013 2014 2015
f 2014 2016 2015
f 2015 2016 2017
f 2016 2018 2017
f 2017 2018 2019
f 2018 2020 2019
f 2019 2020 2021
f 2020 2022 2021
f 2021 2022 2023
f 2022 2024 2023
f 2023 2024 2025
f 2024 2026 2025
f 2025 2026 2027
f 2026 2028 2027
f 2027 2028 2029
f 2028 2030 2029
f 2029 2030 2031
f 2030 2032 2031
f 2031 2032 2033
f 2032 2034 2033
f 2033 2034 2035
f 2034 2036 2035
f 2035 2036 2037
f 2036 2038 2037
f 2037 2038 2039
f 2038 1896 2039
f 2039 1896 1897
f 39 108 109
f 39 40 108
f 108 40 107
f 40 43 107
f 107 43 106
f 43 42 106
f 18 79 17
f 17 79 10
f 42 41 106
f 106 41 105
f 41 25 105
f 10 27 12
f 12 27 13
f 27 31 13
f 13 31 9
f 31 30 9
f 9 30 7
f 30 28 7
f 79 18 78
f 78 18 77
f 18 21 77
f 77 21 76
f 21 20 76
f 76 20 75
f 20 19 75
f 27 10 25
f 25 10 105
f 10 79 105
f 105 79 104
f 79 80 104
f 104 80 101
f 80 81 101
f 101 81 100
f 81 82 100
f 100 82 103
f 82 87 103
f 103 87 116
f 87 88 116
f 116 88 99
f 88 85 99
f 99 85 112
f 85 83 112
f 112 83 111
f 83 95 111
f 111 95 115
f 95 89 115
f 115 89 114
f 89 90 114
f 114 90 113
f 90 91 113
f 113 91 119
f 91 92 119
f 119 92 118
f 92 93 118
f 118 93 117
f 93 94 117
f 117 94 110
f 94 96 110
f 110 96 98
f 96 84 98
f 98 84 97
f 84 86 97
f 97 86 102
f 86 74 102
f 1472 724 755
f 1327 57 56
f 1268 1327 1280
f 1327 1268 57
f 57 1268 53
f 1268 724 53
f 53 724 54
f 724 1472 54
f 1005 1623 694
f 694 1623 693
f 660 66 65
f 67 66 1267
f 1267 66 1190
f 66 660 1190
f 1190 660 661
f 67 1267 68
f 68 1267 1340
f 1267 1271 1340
f 1005 1628 1623
f 1005 1077 1628
f 1628 1077 1632
f 1077 1014 1632
f 1632 1014 1635
f 1014 1266 1635
f 1635 1266 1638
f 1266 1263 1638
f 1638 1263 1584
f 1263 1264 1584
f 1584 1264 1586
f 1264 1265 1586
f 1586 1265 1588
f 1265 1260 1588
f 1588 1260 1590
f 1260 1261 1590
f 1590 1261 1592
f 1261 1262 1592
f 1592 1262 1594
f 1262 695 1594
f 1594 695 664
f 695 663 664
f 755 1471 1472
f 755 756 1471
f 1471 756 1470
f 756 757 1470
f 1470 757 1469
f 757 758 1469
f 1469 758 1529
f 758 810 1529
f 1529 810 1528
f 810 811 1528
f 1528 811 1522
f 811 812 1522
f 1522 812 1521
f 812 932 1521
f 1521 932 1520
f 932 793 1520
f 1520 793 1503
f 793 794 1503
f 1503 794 1502
f 794 796 1502
f 1502 796 1527
f 796 798 1527
f 1527 798 1526
f 798 878 1526
f 1526 878 1537
f 878 849 1537
f 1537 849 1536
f 849 716 1536
f 716 704 1536
f 1536 704 666
f 704 665 666
f 56 48 1327
f 1327 48 2040
f 1472 1440 54
f 54 1440 50
f 50 1440 224
f 224 1440 226
f 1440 228 226
f 228 1440 230
f 230 1440 232
f 1440 234 232
f 1440 242 240
f 162 48 164
f 200 198 50
f 50 198 196
f 212 50 214
f 214 50 216
f 50 218 216
f 234 1440 236
f 236 1440 238
f 1440 240 238
f 146 2040 148
f 154 2040 156
f 156 2040 158
f 2040 48 158
f 158 48 160
f 48 162 160
f 164 48 166
f 166 48 168
f 48 170 168
f 200 50 202
f 202 50 204
f 50 206 204
f 206 50 208
f 208 50 210
f 50 212 210
f 218 50 220
f 220 50 222
f 50 224 222
f 242 1440 244
f 244 1440 246
f 1440 248 246
f 148 2040 150
f 150 2040 152
f 2040 154 152
f 140 2040 142
f 142 2040 144
f 2040 146 144
f 170 48 172
f 172 48 174
f 48 176 174
f 176 48 178
f 178 48 180
f 48 182 180
f 182 48 184
f 184 48 186
f 48 188 186
f 188 48 190
f 190 48 192
f 48 50 192
f 192 50 194
f 50 196 194
f 248 1440 250
f 250 1440 252
f 1440 254 252
f 254 1440 256
f 256 1440 258
f 1440 260 258
f 260 1440 262
f 262 1440 120
f 1440 2040 120
f 120 2040 122
f 122 2040 124
f 124 2040 126
f 2040 128 126
f 128 2040 130
f 130 2040 132
f 2040 134 132
f 134 2040 136
f 136 2040 138
f 2040 140 138
f 73 1676 72
f 72 1676 2041
f 1676 1692 2041
f 2041 1692 2042
f 1692 1356 2042
f 2042 1356 1355
f 1360 1359 1844
f 1844 1359 1843
f 1359 1358 1843
f 1843 1358 1842
f 1358 1357 1842
f 1842 1357 1841
f 1357 1428 1841
f 1841 1428 1874
f 1428 1427 1874
f 1874 1427 1873
f 1427 1426 1873
f 1873 1426 1869
f 1426 1425 1869
f 1869 1425 1868
f 1425 1424 1868
f 1868 1424 1867
f 1424 1423 1867
f 1867 1423 1859
f 1423 1422 1859
f 1859 1422 1858
f 1422 1421 1858
f 1858 1421 1857
f 1421 1420 1857
f 1857 1420 1840
f 1420 1419 1840
f 1840 1419 1839
f 1419 1418 1839
f 1839 1418 1838
f 1418 1417 1838
f 1838 1417 1829
f 1417 1416 1829
f 1829 1416 1828
f 1416 1415 1828
f 1828 1415 1856
f 1415 1414 1856
f 1856 1414 1855
f 1414 1413 1855
f 1855 1413 1854
f 1413 1412 1854
f 1854 1412 1853
f 1412 1411 1853
f 1853 1411 1866
f 1411 1410 1866
f 1866 1410 1865
f 1410 1409 1865
f 1865 1409 1852
f 1409 1408 1852
f 1852 1408 1851
f 1408 1407 1851
f 1851 1407 1872
f 1407 1406 1872
f 1872 1406 1871
f 1406 1405 1871
f 1871 1405 1870
f 1405 1404 1870
f 1870 1404 1895
f 1404 1403 1895
f 1895 1403 1894
f 1403 1402 1894
f 1894 1402 1893
f 1402 1401 1893
f 1893 1401 1892
f 1401 1400 1892
f 1892 1400 1891
f 1400 1399 1891
f 1891 1399 1890
f 1399 1398 1890
f 1890 1398 1889
f 1398 1397 1889
f 1889 1397 1888
f 1397 1396 1888
f 1888 1396 1887
f 1396 1395 1887
f 1887 1395 1886
f 1395 1394 1886
f 1886 1394 1885
f 1394 1393 1885
f 1885 1393 1884
f 1393 1392 1884
f 1884 1392 1883
f 1392 1391 1883
f 1883 1391 1882
f 1391 1390 1882
f 1882 1390 1881
f 1390 1389 1881
f 1881 1389 1880
f 1389 1388 1880
f 1880 1388 1879
f 1388 1387 1879
f 1879 1387 1878
f 1387 1386 1878
f 1878 1386 1877
f 1386 1385 1877
f 1877 1385 1876
f 1385 1384 1876
f 1876 1384 1875
f 1384 1383 1875
f 1875 1383 1850
f 1383 1382 1850
f 1850 1382 1849
f 1382 1381 1849
f 1849 1381 1848
f 1381 1380 1848
f 1848 1380 1827
f 1380 1379 1827
f 1827 1379 1826
f 1379 1378 1826
f 1826 1378 1830
f 1378 1377 1830
f 1830 1377 1825
f 1377 1376 1825
f 1825 1376 1824
f 1376 1375 1824
f 1824 1375 1837
f 1375 1374 1837
f 1837 1374 1836
f 1374 1373 1836
f 1836 1373 1835
f 1373 1372 1835
f 1835 1372 1834
f 1372 1371 1834
f 1834 1371 1833
f 1371 1370 1833
f 1833 1370 1832
f 1370 1369 1832
f 1832 1369 1831
f 1369 1368 1831
f 1831 1368 1847
f 1368 1367 1847
f 1847 1367 1846
f 1367 1366 1846
f 1846 1366 1845
f 1366 1365 1845
f 1845 1365 1864
f 1365 1364 1864
f 1864 1364 1863
f 1364 1363 1863
f 1863 1363 1862
f 1363 1362 1862
f 1862 1362 1861
f 1362 1361 1861
f 1861 1361 1860
f 1361 1360 1860
f 1860 1360 1844
f 1440 1499 2040
f 2040 1499 2043
f 1499 1463 2043
f 2043 1463 2044
f 1463 69 2044
f 2044 69 70
f 553 1355 551
f 1355 1340 551
f 1355 559 561
f 459 70 457
f 457 70 455
f 70 453 455
f 559 1355 557
f 557 1355 555
f 1355 553 555
f 551 1340 549
f 549 1340 547
f 1340 1328 547
f 547 1328 545
f 1328 543 545
f 2040 477 479
f 477 2040 475
f 475 2040 473
f 2040 471 473
f 453 70 451
f 451 70 449
f 70 447 449
f 447 70 445
f 445 70 587
f 70 72 587
f 587 72 585
f 585 72 583
f 583 72 581
f 72 579 581
f 1325 1326 2040
f 2040 1326 1327
f 471 2040 469
f 469 2040 467
f 2040 2043 467
f 467 2043 465
f 2043 2044 465
f 465 2044 463
f 2044 70 463
f 463 70 461
f 70 459 461
f 579 72 577
f 577 72 575
f 72 573 575
f 2040 1318 1319
f 543 1328 541
f 541 1328 539
f 1328 1329 539
f 539 1329 537
f 1329 1330 537
f 537 1330 535
f 1330 1331 535
f 535 1331 533
f 1331 1332 533
f 533 1332 531
f 1332 1333 531
f 531 1333 529
f 1333 1334 529
f 529 1334 527
f 1334 1335 527
f 527 1335 525
f 1335 1336 525
f 525 1336 523
f 1336 1337 523
f 523 1337 521
f 1337 1338 521
f 521 1338 519
f 1338 1339 519
f 519 1339 517
f 1339 1341 517
f 1325 2040 1324
f 1324 2040 1323
f 2040 1322 1323
f 517 1341 515
f 515 1341 513
f 1341 1342 513
f 513 1342 511
f 1342 1343 511
f 511 1343 509
f 1343 1344 509
f 509 1344 507
f 1344 1345 507
f 507 1345 505
f 1345 1346 505
f 505 1346 503
f 1346 1347 503
f 503 1347 501
f 1347 1348 501
f 501 1348 499
f 1348 1349 499
f 499 1349 497
f 1349 1350 497
f 497 1350 495
f 1350 1351 495
f 495 1351 493
f 1351 1352 493
f 493 1352 491
f 1352 1353 491
f 491 1353 489
f 1353 1354 489
f 489 1354 487
f 1354 1312 487
f 487 1312 485
f 1312 1313 485
f 485 1313 483
f 1313 1314 483
f 483 1314 481
f 1314 1315 481
f 481 1315 479
f 1315 1316 479
f 479 1316 2040
f 1316 1317 2040
f 2040 1317 1318
f 573 72 571
f 571 72 569
f 72 2041 569
f 569 2041 567
f 2041 2042 567
f 567 2042 565
f 2042 1355 565
f 565 1355 563
f 1355 561 563
f 1322 2040 1321
f 1321 2040 1320
f 2040 1319 1320
f 1051 1579 1050
f 773 1818 1820
f 1779 1818 839
f 839 1818 838
f 1818 773 838
f 1808 1779 842
f 842 1779 841
f 1779 839 841
f 1807 1808 886
f 886 1808 837
f 1808 842 837
f 1785 1807 889
f 889 1807 887
f 1807 886 887
f 1784 1785 832
f 832 1785 890
f 1785 889 890
f 1783 1784 915
f 915 1784 833
f 1784 832 833
f 1768 1783 918
f 918 1783 916
f 1783 915 916
f 1801 1762 730
f 730 1762 728
f 1762 1782 728
f 728 1782 727
f 1782 1764 727
f 727 1764 976
f 1764 1765 976
f 976 1765 914
f 1765 1767 914
f 914 1767 931
f 1767 1768 931
f 931 1768 919
f 1768 918 919
f 1724 1769 1127
f 1127 1769 1126
f 1769 1770 1126
f 1126 1770 1131
f 1770 1786 1131
f 1131 1786 1130
f 1786 1792 1130
f 1130 1792 1129
f 1792 1790 1129
f 1129 1790 1211
f 1790 1791 1211
f 1211 1791 1259
f 1791 1681 1259
f 1259 1681 1258
f 1681 1682 1258
f 1258 1682 1256
f 1682 1721 1256
f 1256 1721 1242
f 1721 1705 1242
f 1242 1705 1241
f 1705 1799 1241
f 1241 1799 1226
f 1799 1800 1226
f 1226 1800 742
f 1800 1801 742
f 742 1801 744
f 1801 730 744
f 1553 1140 1601
f 1140 1553 1139
f 1139 1553 1143
f 1553 1551 1143
f 1143 1551 1142
f 1551 1724 1142
f 1142 1724 1128
f 1724 1127 1128
f 1600 1138 1598
f 1138 1600 1137
f 1137 1600 1136
f 1600 1601 1136
f 1136 1601 1141
f 1601 1140 1141
f 1597 1085 1569
f 1085 1597 1133
f 1133 1597 1134
f 1597 1598 1134
f 1134 1598 1135
f 1598 1138 1135
f 1579 1580 1050
f 1050 1580 1074
f 1074 1580 1076
f 1580 1569 1076
f 1076 1569 1068
f 1569 1085 1068
f 1051 1063 1579
f 1579 1063 1577
f 1063 1061 1577
f 1577 1061 1575
f 1061 1059 1575
f 1059 1081 1575
f 1575 1081 1547
f 1081 1083 1547
f 1083 1094 1547
f 1547 1094 1546
f 1094 1029 1546
f 1541 1542 697
f 697 1542 706
f 1542 1546 706
f 706 1546 702
f 1546 1029 702
f 1571 1541 719
f 719 1541 698
f 1541 697 698
f 1570 1571 721
f 721 1571 720
f 1571 719 720
f 1797 1798 961
f 961 1798 960
f 1798 1458 960
f 960 1458 843
f 1458 1434 843
f 843 1434 844
f 1434 1435 844
f 844 1435 801
f 1435 1437 801
f 801 1437 800
f 1437 1444 800
f 800 1444 952
f 1444 1445 952
f 952 1445 1002
f 1445 1486 1002
f 1002 1486 1001
f 1486 1487 1001
f 1001 1487 999
f 1487 1489 999
f 999 1489 997
f 1489 1523 997
f 997 1523 995
f 1523 1514 995
f 995 1514 981
f 1514 1530 981
f 981 1530 986
f 1530 1531 986
f 986 1531 985
f 1531 1533 985
f 985 1533 983
f 1533 1534 983
f 983 1534 746
f 1534 1481 746
f 746 1481 708
f 1481 1483 708
f 708 1483 707
f 1483 1484 707
f 707 1484 782
f 1484 1581 782
f 782 1581 781
f 1581 1582 781
f 781 1582 777
f 1582 1583 777
f 777 1583 776
f 1583 1570 776
f 776 1570 775
f 1570 721 775
f 1795 1797 920
f 920 1797 962
f 1797 961 962
f 1804 1795 922
f 922 1795 921
f 1795 920 921
f 1803 1804 875
f 875 1804 874
f 1804 922 874
f 1802 1803 803
f 803 1803 876
f 1803 875 876
f 1809 1802 805
f 805 1802 804
f 1802 803 804
f 1823 1809 785
f 785 1809 806
f 1809 805 806
f 1822 1823 752
f 752 1823 754
f 1823 785 754
f 773 1820 771
f 771 1820 769
f 1820 1822 769
f 769 1822 750
f 1822 752 750
f 1666 1711 2045
f 2045 1711 2046
f 1711 1712 2046
f 2046 1712 2047
f 1712 1713 2047
f 2047 1713 2048
f 1713 1727 2048
f 2048 1727 2049
f 1727 1728 2049
f 2049 1728 2050
f 1728 1729 2050
f 2050 1729 2051
f 1729 1776 2051
f 2051 1776 2052
f 1776 1775 2052
f 2052 1775 2053
f 1775 1813 2053
f 2053 1813 2054
f 1813 1815 2054
f 2054 1815 2055
f 1815 1816 2055
f 2055 1816 2056
f 1816 1766 2056
f 2056 1766 2057
f 1766 1760 2057
f 2057 1760 2058
f 1760 1761 2058
f 2058 1761 2059
f 1761 1763 2059
f 2059 1763 2060
f 1763 1706 2060
f 2060 1706 2061
f 1706 1707 2061
f 2061 1707 2062
f 1707 1722 2062
f 2062 1722 2063
f 1722 1723 2063
f 2063 1723 2064
f 1723 1680 2064
f 2064 1680 2065
f 1680 1789 2065
f 2065 1789 2066
f 1789 1793 2066
f 2066 1793 2067
f 1793 1787 2067
f 2067 1787 2068
f 1787 1788 2068
f 2068 1788 2069
f 1788 1772 2069
f 2069 1772 2070
f 1772 1771 2070
f 2070 1771 2071
f 1771 1725 2071
f 2071 1725 2072
f 1725 1726 2072
f 2072 1726 2073
f 1726 1708 2073
f 2073 1708 2074
f 1708 1709 2074
f 2074 1709 2075
f 1709 1710 2075
f 2075 1710 2076
f 1710 1683 2076
f 2076 1683 2077
f 1683 1684 2077
f 2077 1684 2078
f 1684 1685 2078
f 2078 1685 2079
f 1685 1660 2079
f 2079 1660 2080
f 1660 1661 2080
f 2080 1661 2081
f 1661 1662 2081
f 2081 1662 2082
f 1662 1641 2082
f 2082 1641 2083
f 1641 1642 2083
f 2083 1642 2084
f 1642 1671 2084
f 2084 1671 2085
f 1671 1672 2085
f 2085 1672 2086
f 1672 1673 2086
f 2086 1673 2087
f 1673 1674 2087
f 2087 1674 2088
f 1674 1675 2088
f 2088 1675 2089
f 1675 1657 2089
f 2089 1657 2090
f 1657 1658 2090
f 2090 1658 2091
f 1658 1659 2091
f 2091 1659 2092
f 1659 1643 2092
f 2092 1643 2093
f 1643 1644 2093
f 2093 1644 2094
f 1644 1645 2094
f 2094 1645 2095
f 1645 1646 2095
f 2095 1646 2096
f 1646 1647 2096
f 2096 1647 2097
f 1647 1648 2097
f 2097 1648 2098
f 1648 1649 2098
f 2098 1649 2099
f 1649 1650 2099
f 2099 1650 2100
f 1650 1651 2100
f 2100 1651 2101
f 1651 1652 2101
f 2101 1652 2102
f 1652 1653 2102
f 2102 1653 2103
f 1653 1654 2103
f 2103 1654 2104
f 1654 1663 2104
f 2104 1663 2105
f 1663 1664 2105
f 2105 1664 2106
f 1664 1665 2106
f 2106 1665 2107
f 1665 1690 2107
f 2107 1690 2108
f 1690 1691 2108
f 2108 1691 2109
f 1691 1693 2109
f 2109 1693 2110
f 1693 1694 2110
f 2110 1694 2111
f 1694 1677 2111
f 2111 1677 2112
f 1677 1678 2112
f 2112 1678 2113
f 1678 1679 2113
f 2113 1679 2114
f 1679 1695 2114
f 2114 1695 2115
f 1695 1696 2115
f 2115 1696 2116
f 1696 1666 2116
f 2116 1666 2045
f 1697 1698 2117
f 2117 1698 2118
f 1698 1699 2118
f 2118 1699 2119
f 1699 1700 2119
f 2119 1700 2120
f 1700 1701 2120
f 2120 1701 2121
f 1701 1702 2121
f 2121 1702 2122
f 1702 1741 2122
f 2122 1741 2123
f 1741 1742 2123
f 2123 1742 2124
f 1742 1743 2124
f 2124 1743 2125
f 1743 1744 2125
f 2125 1744 2126
f 1744 1745 2126
f 2126 1745 2127
f 1745 1746 2127
f 2127 1746 2128
f 1746 1747 2128
f 2128 1747 2129
f 1747 1748 2129
f 2129 1748 2130
f 1748 1703 2130
f 2130 1703 2131
f 1703 1704 2131
f 2131 1704 2132
f 1704 1749 2132
f 2132 1749 2133
f 1749 1750 2133
f 2133 1750 2134
f 1750 1717 2134
f 2134 1717 2135
f 1717 1718 2135
f 2135 1718 2136
f 1718 1719 2136
f 2136 1719 2137
f 1719 1720 2137
f 2137 1720 2138
f 1720 1751 2138
f 2138 1751 2139
f 1751 1752 2139
f 2139 1752 2140
f 1752 1753 2140
f 2140 1753 2141
f 1753 1754 2141
f 2141 1754 2142
f 1754 1755 2142
f 2142 1755 2143
f 1755 1756 2143
f 2143 1756 2144
f 1756 1757 2144
f 2144 1757 2145
f 1757 1758 2145
f 2145 1758 2146
f 1758 1759 2146
f 2146 1759 2147
f 1759 1796 2147
f 2147 1796 2148
f 1796 1794 2148
f 2148 1794 2149
f 1794 1810 2149
f 2149 1810 2150
f 1810 1811 2150
f 2150 1811 2151
f 1811 1821 2151
f 2151 1821 2152
f 1821 1819 2152
f 2152 1819 2153
f 1819 1817 2153
f 2153 1817 2154
f 1817 1777 2154
f 2154 1777 2155
f 1777 1778 2155
f 2155 1778 2156
f 1778 1806 2156
f 2156 1806 2157
f 1806 1805 2157
f 2157 1805 2158
f 1805 1780 2158
f 2158 1780 2159
f 1780 1781 2159
f 2159 1781 2160
f 1781 1814 2160
f 2160 1814 2161
f 1814 1812 2161
f 2161 1812 2162
f 1812 1773 2162
f 2162 1773 2163
f 1773 1774 2163
f 2163 1774 2164
f 1774 1667 2164
f 2164 1667 2165
f 1667 1668 2165
f 2165 1668 2166
f 1668 1730 2166
f 2166 1730 2167
f 1730 1731 2167
f 2167 1731 2168
f 1731 1732 2168
f 2168 1732 2169
f 1732 1686 2169
f 2169 1686 2170
f 1686 1687 2170
f 2170 1687 2171
f 1687 1688 2171
f 2171 1688 2172
f 1688 1689 2172
f 2172 1689 2173
f 1689 1733 2173
f 2173 1733 2174
f 1733 1734 2174
f 2174 1734 2175
f 1734 1669 2175
f 2175 1669 2176
f 1669 1670 2176
f 2176 1670 2177
f 1670 1714 2177
f 2177 1714 2178
f 1714 1715 2178
f 2178 1715 2179
f 1715 1716 2179
f 2179 1716 2180
f 1716 1735 2180
f 2180 1735 2181
f 1735 1736 2181
f 2181 1736 2182
f 1736 1737 2182
f 2182 1737 2183
f 1737 1738 2183
f 2183 1738 2184
f 1738 1739 2184
f 2184 1739 2185
f 1739 1740 2185
f 2185 1740 2186
f 1740 1655 2186
f 2186 1655 2187
f 1655 1656 2187
f 2187 1656 2188
f 1656 1697 2188
f 2188 1697 2117
f 1519 1429 2189
f 2189 1429 2190
f 1429 1430 2190
f 2190 1430 2191
f 1430 1461 2191
f 2191 1461 2192
f 1461 1462 2192
f 2192 1462 2193
f 1462 1497 2193
f 2193 1497 2194
f 1497 1498 2194
f 2194 1498 2195
f 1498 1500 2195
f 2195 1500 2196
f 1500 1501 2196
f 2196 1501 2197
f 1501 1446 2197
f 2197 1446 2198
f 1446 1447 2198
f 2198 1447 2199
f 1447 1464 2199
f 2199 1464 2200
f 1464 1465 2200
f 2200 1465 2201
f 1465 1466 2201
f 2201 1466 2202
f 1466 1467 2202
f 2202 1467 2203
f 1467 1468 2203
f 2203 1468 2204
f 1468 1448 2204
f 2204 1448 2205
f 1448 1449 2205
f 2205 1449 2206
f 1449 1450 2206
f 2206 1450 2207
f 1450 1451 2207
f 2207 1451 2208
f 1451 1452 2208
f 2208 1452 2209
f 1452 1453 2209
f 2209 1453 2210
f 1453 1442 2210
f 2210 1442 2211
f 1442 1441 2211
f 2211 1441 2212
f 1441 1439 2212
f 2212 1439 2213
f 1439 1535 2213
f 2213 1535 2214
f 1535 1504 2214
f 2214 1504 2215
f 1504 1505 2215
f 2215 1505 2216
f 1505 1506 2216
f 2216 1506 2217
f 1506 1473 2217
f 2217 1473 2218
f 1473 1474 2218
f 2218 1474 2219
f 1474 1475 2219
f 2219 1475 2220
f 1475 1476 2220
f 2220 1476 2221
f 1476 1507 2221
f 2221 1507 2222
f 1507 1508 2222
f 2222 1508 2223
f 1508 1477 2223
f 2223 1477 2224
f 1477 1478 2224
f 2224 1478 2225
f 1478 1479 2225
f 2225 1479 2226
f 1479 1431 2226
f 2226 1431 2227
f 1431 1432 2227
f 2227 1432 2228
f 1432 1509 2228
f 2228 1509 2229
f 1509 1510 2229
f 2229 1510 2230
f 1510 1511 2230
f 2230 1511 2231
f 1511 1512 2231
f 2231 1512 2232
f 1512 1513 2232
f 2232 1513 2233
f 1513 1456 2233
f 2233 1456 2234
f 1456 1455 2234
f 2234 1455 2235
f 1455 1454 2235
f 2235 1454 2236
f 1454 1485 2236
f 2236 1485 2237
f 1485 1482 2237
f 2237 1482 2238
f 1482 1480 2238
f 2238 1480 2239
f 1480 1532 2239
f 2239 1532 2240
f 1532 1515 2240
f 2240 1515 2241
f 1515 1516 2241
f 2241 1516 2242
f 1516 1524 2242
f 2242 1524 2243
f 1524 1525 2243
f 2243 1525 2244
f 1525 1488 2244
f 2244 1488 2245
f 1488 1443 2245
f 2245 1443 2246
f 1443 1457 2246
f 2246 1457 2247
f 1457 1438 2247
f 2247 1438 2248
f 1438 1436 2248
f 2248 1436 2249
f 1436 1459 2249
f 2249 1459 2250
f 1459 1460 2250
f 2250 1460 2251
f 1460 1490 2251
f 2251 1490 2252
f 1490 1491 2252
f 2252 1491 2253
f 1491 1492 2253
f 2253 1492 2254
f 1492 1493 2254
f 2254 1493 2255
f 1493 1494 2255
f 2255 1494 2256
f 1494 1495 2256
f 2256 1495 2257
f 1495 1496 2257
f 2257 1496 2258
f 1496 1517 2258
f 2258 1517 2259
f 1517 1518 2259
f 2259 1518 2260
f 1518 1519 2260
f 2260 1519 2189
f 1576 1574 1904
f 1904 1574 1906
f 1574 1548 1906
f 1906 1548 1908
f 1548 1540 1908
f 1908 1540 1910
f 1540 1602 1910
f 1910 1602 1912
f 1602 1554 1912
f 1912 1554 1914
f 1554 1555 1914
f 1914 1555 1916
f 1555 1556 1916
f 1916 1556 1918
f 1556 1557 1918
f 1918 1557 1920
f 1557 1603 1920
f 1920 1603 1922
f 1603 1604 1922
f 1922 1604 1924
f 1604 1605 1924
f 1924 1605 1926
f 1605 1606 1926
f 1926 1606 1928
f 1606 1607 1928
f 1928 1607 1930
f 1607 1538 1930
f 1930 1538 1932
f 1538 1539 1932
f 1932 1539 1934
f 1539 1558 1934
f 1934 1558 1936
f 1558 1559 1936
f 1936 1559 1938
f 1559 1560 1938
f 1938 1560 1940
f 1560 1545 1940
f 1940 1545 1942
f 1545 1544 1942
f 1942 1544 1944
f 1544 1543 1944
f 1944 1543 1946
f 1543 1561 1946
f 1946 1561 1948
f 1561 1562 1948
f 1948 1562 1950
f 1562 1563 1950
f 1950 1563 1952
f 1563 1608 1952
f 1952 1608 1954
f 1608 1609 1954
f 1954 1609 1956
f 1609 1610 1956
f 1956 1610 1958
f 1610 1611 1958
f 1958 1611 1960
f 1611 1612 1960
f 1960 1612 1962
f 1612 1613 1962
f 1962 1613 1964
f 1613 1614 1964
f 1964 1614 1966
f 1614 1618 1966
f 1966 1618 1968
f 1618 1619 1968
f 1968 1619 1970
f 1619 1620 1970
f 1970 1620 1972
f 1620 1621 1972
f 1972 1621 1974
f 1621 1622 1974
f 1974 1622 1976
f 1622 1624 1976
f 1976 1624 1978
f 1624 1625 1978
f 1978 1625 1980
f 1625 1626 1980
f 1980 1626 1982
f 1626 1627 1982
f 1982 1627 1984
f 1627 1629 1984
f 1984 1629 1986
f 1629 1630 1986
f 1986 1630 1988
f 1630 1631 1988
f 1988 1631 1990
f 1631 1633 1990
f 1990 1633 1992
f 1633 1634 1992
f 1992 1634 1994
f 1634 1636 1994
f 1994 1636 1996
f 1636 1637 1996
f 1996 1637 1998
f 1637 1639 1998
f 1998 1639 2000
f 1639 1640 2000
f 2000 1640 2002
f 1640 1585 2002
f 2002 1585 2004
f 1585 1587 2004
f 2004 1587 2006
f 1587 1589 2006
f 2006 1589 2008
f 1589 1591 2008
f 2008 1591 2010
f 1591 1593 2010
f 2010 1593 2012
f 1593 1595 2012
f 2012 1595 2014
f 1595 1596 2014
f 2014 1596 2016
f 1596 1572 2016
f 2016 1572 2018
f 1572 1573 2018
f 2018 1573 2020
f 1573 1566 2020
f 2020 1566 2022
f 1566 1565 2022
f 2022 1565 2024
f 1565 1564 2024
f 2024 1564 2026
f 1564 1615 2026
f 2026 1615 2028
f 1615 1616 2028
f 2028 1616 2030
f 1616 1617 2030
f 2030 1617 2032
f 1617 1549 2032
f 2032 1549 2034
f 1549 1550 2034
f 2034 1550 2036
f 1550 1552 2036
f 2036 1552 2038
f 1552 1599 2038
f 2038 1599 1896
f 1599 1567 1896
f 1896 1567 1898
f 1567 1568 1898
f 1898 1568 1900
f 1568 1578 1900
f 1900 1578 1902
f 1578 1576 1902
f 1902 1576 1904
f 1052 1903 1065
f 1065 1903 1905
f 1052 1072 1903
f 1903 1072 1901
f 1072 1073 1901
f 1073 1075 1901
f 1901 1075 1899
f 1075 1099 1899
f 1099 1100 1899
f 1899 1100 1897
f 1100 1101 1897
f 1101 1066 1897
f 1897 1066 2039
f 1066 1067 2039
f 1067 1132 2039
f 2039 1132 2037
f 1132 1031 2037
f 1031 1032 2037
f 2037 1032 2035
f 1032 1047 2035
f 1047 1048 2035
f 2035 1048 2033
f 1048 1049 2033
f 1049 1055 2033
f 2033 1055 2031
f 1055 1056 2031
f 2031 1056 2029
f 1056 1017 2029
f 2029 1017 2027
f 1017 1018 2027
f 2027 1018 2025
f 1018 1019 2025
f 2025 1019 2023
f 1019 1069 2023
f 2023 1069 2021
f 1069 1070 2021
f 2021 1070 2019
f 1070 1071 2019
f 2019 1071 2017
f 1071 1119 2017
f 2017 1119 2015
f 1119 1120 2015
f 2015 1120 2013
f 1120 1102 2013
f 2013 1102 2011
f 1102 1103 2011
f 2011 1103 2009
f 1103 1104 2009
f 2009 1104 2007
f 1104 1041 2007
f 2007 1041 2005
f 1041 1042 2005
f 2005 1042 2003
f 1042 1043 2003
f 2003 1043 2001
f 1043 1012 2001
f 2001 1012 1999
f 1012 1013 1999
f 1999 1013 1997
f 1013 1015 1997
f 1997 1015 1995
f 1015 1016 1995
f 1993 1105 1991
f 1105 1993 1106
f 1106 1993 1122
f 1993 1995 1122
f 1122 1995 1121
f 1995 1016 1121
f 1989 1078 1987
f 1078 1989 1088
f 1088 1989 1087
f 1989 1991 1087
f 1087 1991 1086
f 1991 1105 1086
f 1985 1037 1983
f 1037 1985 1036
f 1036 1985 1035
f 1985 1987 1035
f 1035 1987 1079
f 1987 1078 1079
f 1981 1003 1979
f 1003 1981 1022
f 1022 1981 1021
f 1981 1983 1021
f 1021 1983 1020
f 1983 1037 1020
f 1975 1977 1011
f 1011 1977 1010
f 1977 1979 1010
f 1010 1979 1004
f 1979 1003 1004
f 1973 1975 1024
f 1024 1975 1023
f 1975 1011 1023
f 1971 1973 1044
f 1044 1973 1025
f 1973 1024 1025
f 1969 1971 1046
f 1046 1971 1045
f 1971 1044 1045
f 1967 1969 1090
f 1090 1969 1089
f 1969 1046 1089
f 1965 1967 1092
f 1092 1967 1091
f 1967 1090 1091
f 1963 1965 1108
f 1108 1965 1107
f 1965 1092 1107
f 1961 1963 1110
f 1110 1963 1109
f 1963 1108 1109
f 1923 1925 1008
f 1008 1925 1007
f 1925 1927 1007
f 1007 1927 1028
f 1927 1929 1028
f 1028 1929 1027
f 1929 1931 1027
f 1027 1931 1026
f 1931 1933 1026
f 1026 1933 1111
f 1933 1935 1111
f 1111 1935 1112
f 1935 1937 1112
f 1112 1937 1113
f 1937 1939 1113
f 1113 1939 1114
f 1939 1941 1114
f 1114 1941 1115
f 1941 1943 1115
f 1115 1943 1116
f 1943 1945 1116
f 1116 1945 1117
f 1945 1947 1117
f 1117 1947 1118
f 1947 1949 1118
f 1118 1949 1040
f 1949 1951 1040
f 1040 1951 1039
f 1951 1953 1039
f 1039 1953 1038
f 1953 1955 1038
f 1038 1955 1006
f 1955 1957 1006
f 1006 1957 1125
f 1957 1959 1125
f 1125 1959 1124
f 1959 1961 1124
f 1124 1961 1123
f 1961 1110 1123
f 1921 1923 1053
f 1053 1923 1009
f 1923 1008 1009
f 1919 1921 1034
f 1034 1921 1054
f 1921 1053 1054
f 1917 1919 1030
f 1030 1919 1033
f 1919 1034 1033
f 1915 1917 1097
f 1097 1917 1096
f 1917 1030 1096
f 1913 1915 1095
f 1095 1915 1098
f 1915 1097 1098
f 1911 1913 1084
f 1084 1913 1093
f 1913 1095 1093
f 1909 1911 1080
f 1080 1911 1082
f 1911 1084 1082
f 1907 1909 1058
f 1058 1909 1057
f 1909 1080 1057
f 1065 1905 1064
f 1064 1905 1062
f 1905 1907 1062
f 1062 1907 1060
f 1907 1058 1060
f 2198 2199 2261
f 2261 2199 2262
f 2199 2200 2262
f 2262 2200 2263
f 2200 2201 2263
f 2263 2201 2264
f 2201 2202 2264
f 2264 2202 2265
f 2202 2203 2265
f 2265 2203 2266
f 2203 2204 2266
f 2266 2204 2267
f 2204 2205 2267
f 2267 2205 2268
f 2205 2206 2268
f 2268 2206 2269
f 2206 2207 2269
f 2269 2207 2270
f 2207 2208 2270
f 2270 2208 2271
f 2208 2209 2271
f 2271 2209 2272
f 2209 2210 2272
f 2272 2210 2273
f 2210 2211 2273
f 2273 2211 2274
f 2211 2212 2274
f 2274 2212 2275
f 2212 2213 2275
f 2275 2213 2276
f 2213 2214 2276
f 2276 2214 2277
f 2214 2215 2277
f 2277 2215 2278
f 2215 2216 2278
f 2278 2216 2279
f 2216 2217 2279
f 2279 2217 2280
f 2217 2218 2280
f 2280 2218 2281
f 2218 2219 2281
f 2281 2219 2282
f 2219 2220 2282
f 2282 2220 2283
f 2220 2221 2283
f 2283 2221 2284
f 2221 2222 2284
f 2284 2222 2285
f 2222 2223 2285
f 2285 2223 2286
f 2223 2224 2286
f 2286 2224 2287
f 2224 2225 2287
f 2287 2225 2288
f 2225 2226 2288
f 2288 2226 2289
f 2226 2227 2289
f 2289 2227 2290
f 2227 2228 2290
f 2290 2228 2291
f 2228 2229 2291
f 2291 2229 2292
f 2229 2230 2292
f 2292 2230 2293
f 2230 2231 2293
f 2293 2231 2294
f 2231 2232 2294
f 2294 2232 2295
f 2232 2233 2295
f 2295 2233 2296
f 2233 2234 2296
f 2296 2234 2297
f 2234 2235 2297
f 2297 2235 2298
f 2235 2236 2298
f 2298 2236 2299
f 2236 2237 2299
f 2299 2237 2300
f 2237 2238 2300
f 2300 2238 2301
f 2238 2239 2301
f 2301 2239 2302
f 2239 2240 2302
f 2302 2240 2303
f 2240 2241 2303
f 2303 2241 2304
f 2241 2242 2304
f 2304 2242 2305
f 2242 2243 2305
f 2305 2243 2306
f 2243 2244 2306
f 2306 2244 2307
f 2244 2245 2307
f 2307 2245 2308
f 2245 2246 2308
f 2308 2246 2309
f 2246 2247 2309
f 2309 2247 2310
f 2247 2248 2310
f 2310 2248 2311
f 2248 2249 2311
f 2311 2249 2312
f 2249 2250 2312
f 2312 2250 2313
f 2250 2251 2313
f 2313 2251 2314
f 2251 2252 2314
f 2314 2252 2315
f 2252 2253 2315
f 2315 2253 2316
f 2253 2254 2316
f 2316 2254 2317
f 2254 2255 2317
f 2317 2255 2318
f 2255 2256 2318
f 2318 2256 2319
f 2256 2257 2319
f 2319 2257 2320
f 2257 2258 2320
f 2320 2258 2321
f 2258 2259 2321
f 2321 2259 2322
f 2259 2260 2322
f 2322 2260 2323
f 2260 2189 2323
f 2323 2189 2324
f 2189 2190 2324
f 2324 2190 2325
f 2190 2191 2325
f 2325 2191 2326
f 2191 2192 2326
f 2326 2192 2327
f 2192 2193 2327
f 2327 2193 2328
f 2193 2194 2328
f 2328 2194 2329
f 2194 2195 2329
f 2329 2195 2330
f 2195 2196 2330
f 2330 2196 2331
f 2196 2197 2331
f 2331 2197 2332
f 2197 2198 2332
f 2332 2198 2261
f 855 2323 854
f 854 2323 2324
f 855 891 2323
f 2323 891 2322
f 891 892 2322
f 892 893 2322
f 2322 893 2321
f 893 821 2321
f 821 822 2321
f 2321 822 2320
f 822 824 2320
f 824 825 2320
f 2320 825 2319
f 825 880 2319
f 880 881 2319
f 2319 881 2318
f 881 882 2318
f 882 738 2318
f 2318 738 2317
f 738 739 2317
f 739 813 2317
f 2317 813 2316
f 813 814 2316
f 814 816 2316
f 2316 816 2315
f 816 818 2315
f 2315 818 2314
f 818 761 2314
f 2314 761 2313
f 761 845 2313
f 2313 845 2312
f 845 846 2312
f 2312 846 2311
f 846 802 2311
f 2311 802 2310
f 802 953 2310
f 2310 953 2309
f 953 954 2309
f 2309 954 2308
f 954 1000 2308
f 2308 1000 2307
f 1000 998 2307
f 2307 998 2306
f 998 996 2306
f 2306 996 2305
f 996 994 2305
f 2305 994 2304
f 994 979 2304
f 2304 979 2303
f 979 980 2303
f 2303 980 2302
f 980 984 2302
f 2302 984 2301
f 984 982 2301
f 2301 982 2300
f 982 747 2300
f 2300 747 2299
f 747 745 2299
f 2299 745 2298
f 745 699 2298
f 2298 699 2297
f 699 923 2297
f 2296 862 2295
f 862 2296 902
f 902 2296 901
f 2296 2297 901
f 901 2297 900
f 2297 923 900
f 2294 788 2293
f 788 2294 787
f 787 2294 864
f 2294 2295 864
f 864 2295 863
f 2295 862 863
f 2292 733 2291
f 733 2292 732
f 732 2292 731
f 2292 2293 731
f 731 2293 789
f 2293 788 789
f 2290 700 2289
f 700 2290 711
f 711 2290 710
f 2290 2291 710
f 710 2291 709
f 2291 733 709
f 2287 2288 705
f 705 2288 703
f 2288 2289 703
f 703 2289 701
f 2289 700 701
f 2286 2287 713
f 713 2287 712
f 2287 705 712
f 2285 2286 734
f 734 2286 714
f 2286 713 714
f 2284 2285 736
f 736 2285 735
f 2285 734 735
f 2283 2284 791
f 791 2284 790
f 2284 736 790
f 2282 2283 865
f 865 2283 792
f 2283 791 792
f 2281 2282 867
f 867 2282 866
f 2282 865 866
f 2280 2281 904
f 904 2281 903
f 2281 867 903
f 2261 2262 935
f 935 2262 934
f 2262 2263 934
f 934 2263 933
f 2263 2264 933
f 933 2264 795
f 2264 2265 795
f 795 2265 797
f 2265 2266 797
f 797 2266 799
f 2266 2267 799
f 799 2267 877
f 2267 2268 877
f 877 2268 879
f 2268 2269 879
f 879 2269 928
f 2269 2270 928
f 928 2270 927
f 2270 2271 927
f 927 2271 926
f 2271 2272 926
f 926 2272 850
f 2272 2273 850
f 850 2273 848
f 2273 2274 848
f 848 2274 847
f 2274 2275 847
f 847 2275 715
f 2275 2276 715
f 715 2276 717
f 2276 2277 717
f 717 2277 718
f 2277 2278 718
f 718 2278 925
f 2278 2279 925
f 925 2279 924
f 2279 2280 924
f 924 2280 905
f 2280 904 905
f 2332 2261 964
f 964 2261 936
f 2261 935 936
f 2331 2332 955
f 955 2332 965
f 2332 964 965
f 2330 2331 827
f 827 2331 956
f 2331 955 956
f 2329 2330 963
f 963 2330 828
f 2330 827 828
f 2328 2329 941
f 941 2329 940
f 2329 963 940
f 2327 2328 906
f 906 2328 942
f 2328 941 942
f 2326 2327 908
f 908 2327 907
f 2327 906 907
f 2325 2326 869
f 869 2326 868
f 2326 908 868
f 854 2324 852
f 852 2324 851
f 2324 2325 851
f 851 2325 870
f 2325 869 870
f 2123 2124 2333
f 2333 2124 2334
f 2124 2125 2334
f 2334 2125 2335
f 2125 2126 2335
f 2335 2126 2336
f 2126 2127 2336
f 2336 2127 2337
f 2127 2128 2337
f 2337 2128 2338
f 2128 2129 2338
f 2338 2129 2339
f 2129 2130 2339
f 2339 2130 2340
f 2130 2131 2340
f 2340 2131 2341
f 2131 2132 2341
f 2341 2132 2342
f 2132 2133 2342
f 2342 2133 2343
f 2133 2134 2343
f 2343 2134 2344
f 2134 2135 2344
f 2344 2135 2345
f 2135 2136 2345
f 2345 2136 2346
f 2136 2137 2346
f 2346 2137 2347
f 2137 2138 2347
f 2347 2138 2348
f 2138 2139 2348
f 2348 2139 2349
f 2139 2140 2349
f 2349 2140 2350
f 2140 2141 2350
f 2350 2141 2351
f 2141 2142 2351
f 2351 2142 2352
f 2142 2143 2352
f 2352 2143 2353
f 2143 2144 2353
f 2353 2144 2354
f 2144 2145 2354
f 2354 2145 2355
f 2145 2146 2355
f 2355 2146 2356
f 2146 2147 2356
f 2356 2147 2357
f 2147 2148 2357
f 2357 2148 2358
f 2148 2149 2358
f 2358 2149 2359
f 2149 2150 2359
f 2359 2150 2360
f 2150 2151 2360
f 2360 2151 2361
f 2151 2152 2361
f 2361 2152 2362
f 2152 2153 2362
f 2362 2153 2363
f 2153 2154 2363
f 2363 2154 2364
f 2154 2155 2364
f 2364 2155 2365
f 2155 2156 2365
f 2365 2156 2366
f 2156 2157 2366
f 2366 2157 2367
f 2157 2158 2367
f 2367 2158 2368
f 2158 2159 2368
f 2368 2159 2369
f 2159 2160 2369
f 2369 2160 2370
f 2160 2161 2370
f 2370 2161 2371
f 2161 2162 2371
f 2371 2162 2372
f 2162 2163 2372
f 2372 2163 2373
f 2163 2164 2373
f 2373 2164 2374
f 2164 2165 2374
f 2374 2165 2375
f 2165 2166 2375
f 2375 2166 2376
f 2166 2167 2376
f 2376 2167 2377
f 2167 2168 2377
f 2377 2168 2378
f 2168 2169 2378
f 2378 2169 2379
f 2169 2170 2379
f 2379 2170 2380
f 2170 2171 2380
f 2380 2171 2381
f 2171 2172 2381
f 2381 2172 2382
f 2172 2173 2382
f 2382 2173 2383
f 2173 2174 2383
f 2383 2174 2384
f 2174 2175 2384
f 2384 2175 2385
f 2175 2176 2385
f 2385 2176 2386
f 2176 2177 2386
f 2386 2177 2387
f 2177 2178 2387
f 2387 2178 2388
f 2178 2179 2388
f 2388 2179 2389
f 2179 2180 2389
f 2389 2180 2390
f 2180 2181 2390
f 2390 2181 2391
f 2181 2182 2391
f 2391 2182 2392
f 2182 2183 2392
f 2392 2183 2393
f 2183 2184 2393
f 2393 2184 2394
f 2184 2185 2394
f 2394 2185 2395
f 2185 2186 2395
f 2395 2186 2396
f 2186 2187 2396
f 2396 2187 2397
f 2187 2188 2397
f 2397 2188 2398
f 2188 2117 2398
f 2398 2117 2399
f 2117 2118 2399
f 2399 2118 2400
f 2118 2119 2400
f 2400 2119 2401
f 2119 2120 2401
f 2401 2120 2402
f 2120 2121 2402
f 2402 2121 2403
f 2121 2122 2403
f 2403 2122 2404
f 2122 2123 2404
f 2404 2123 2333
f 859 2398 780
f 780 2398 2399
f 859 860 2398
f 2398 860 2397
f 860 861 2397
f 861 894 2397
f 2397 894 2396
f 894 895 2396
f 895 896 2396
f 2396 896 2395
f 896 937 2395
f 937 938 2395
f 2395 938 2394
f 938 939 2394
f 939 970 2394
f 2394 970 2393
f 970 971 2393
f 971 972 2393
f 2393 972 2392
f 972 987 2392
f 987 988 2392
f 2392 988 2391
f 988 989 2391
f 989 992 2391
f 2391 992 2390
f 992 993 2390
f 2390 993 2389
f 993 763 2389
f 2389 763 2388
f 763 764 2388
f 2388 764 2387
f 764 766 2387
f 2387 766 2386
f 766 767 2386
f 2386 767 2385
f 767 897 2385
f 2385 897 2384
f 897 898 2384
f 2384 898 2383
f 898 899 2383
f 2383 899 2382
f 899 949 2382
f 2382 949 2381
f 949 950 2381
f 2381 950 2380
f 950 951 2380
f 2380 951 2379
f 951 871 2379
f 2379 871 2378
f 871 872 2378
f 2378 872 2377
f 872 873 2377
f 2377 873 2376
f 873 740 2376
f 2376 740 2375
f 740 741 2375
f 2375 741 2374
f 741 743 2374
f 2374 743 2373
f 743 729 2373
f 2373 729 2372
f 729 977 2372
f 2371 959 2370
f 959 2371 958
f 958 2371 957
f 2371 2372 957
f 957 2372 978
f 2372 977 978
f 2369 930 2368
f 930 2369 913
f 913 2369 912
f 2369 2370 912
f 912 2370 929
f 2370 959 929
f 2367 888 2366
f 888 2367 834
f 834 2367 885
f 2367 2368 885
f 885 2368 917
f 2368 930 917
f 2365 774 2364
f 774 2365 840
f 840 2365 836
f 2365 2366 836
f 836 2366 835
f 2366 888 835
f 2362 2363 768
f 768 2363 770
f 2363 2364 770
f 770 2364 772
f 2364 774 772
f 2361 2362 749
f 749 2362 748
f 2362 768 748
f 2360 2361 753
f 753 2361 751
f 2361 749 751
f 2359 2360 784
f 784 2360 783
f 2360 753 783
f 2358 2359 807
f 807 2359 786
f 2359 784 786
f 2357 2358 809
f 809 2358 808
f 2358 807 808
f 2356 2357 760
f 760 2357 759
f 2357 809 759
f 2355 2356 820
f 820 2356 762
f 2356 760 762
f 2336 2337 725
f 725 2337 723
f 2337 2338 723
f 723 2338 722
f 2338 2339 722
f 722 2339 858
f 2339 2340 858
f 858 2340 857
f 2340 2341 857
f 857 2341 856
f 2341 2342 856
f 856 2342 945
f 2342 2343 945
f 945 2343 944
f 2343 2344 944
f 944 2344 943
f 2344 2345 943
f 943 2345 969
f 2345 2346 969
f 969 2346 968
f 2346 2347 968
f 968 2347 967
f 2347 2348 967
f 967 2348 966
f 2348 2349 966
f 966 2349 826
f 2349 2350 826
f 826 2350 853
f 2350 2351 853
f 853 2351 823
f 2351 2352 823
f 823 2352 737
f 2352 2353 737
f 737 2353 815
f 2353 2354 815
f 815 2354 817
f 2354 2355 817
f 817 2355 819
f 2355 820 819
f 2335 2336 990
f 990 2336 726
f 2336 725 726
f 2334 2335 973
f 973 2335 991
f 2335 990 991
f 2333 2334 975
f 975 2334 974
f 2334 973 974
f 2404 2333 947
f 947 2333 946
f 2333 975 946
f 2403 2404 909
f 909 2404 948
f 2404 947 948
f 2402 2403 911
f 911 2403 910
f 2403 909 910
f 2401 2402 883
f 883 2402 884
f 2402 911 884
f 2400 2401 830
f 830 2401 829
f 2401 883 829
f 780 2399 779
f 779 2399 778
f 2399 2400 778
f 778 2400 831
f 2400 830 831
f 2089 2090 2405
f 2405 2090 2406
f 2090 2091 2406
f 2406 2091 2407
f 2091 2092 2407
f 2407 2092 2408
f 2092 2093 2408
f 2408 2093 2409
f 2093 2094 2409
f 2409 2094 2410
f 2094 2095 2410
f 2410 2095 2411
f 2095 2096 2411
f 2411 2096 2412
f 2096 2097 2412
f 2412 2097 2413
f 2097 2098 2413
f 2413 2098 2414
f 2098 2099 2414
f 2414 2099 2415
f 2099 2100 2415
f 2415 2100 2416
f 2100 2101 2416
f 2416 2101 2417
f 2101 2102 2417
f 2417 2102 2418
f 2102 2103 2418
f 2418 2103 2419
f 2103 2104 2419
f 2419 2104 2420
f 2104 2105 2420
f 2420 2105 2421
f 2105 2106 2421
f 2421 2106 2422
f 2106 2107 2422
f 2422 2107 2423
f 2107 2108 2423
f 2423 2108 2424
f 2108 2109 2424
f 2424 2109 2425
f 2109 2110 2425
f 2425 2110 2426
f 2110 2111 2426
f 2426 2111 2427
f 2111 2112 2427
f 2427 2112 2428
f 2112 2113 2428
f 2428 2113 2429
f 2113 2114 2429
f 2429 2114 2430
f 2114 2115 2430
f 2430 2115 2431
f 2115 2116 2431
f 2431 2116 2432
f 2116 2045 2432
f 2432 2045 2433
f 2045 2046 2433
f 2433 2046 2434
f 2046 2047 2434
f 2434 2047 2435
f 2047 2048 2435
f 2435 2048 2436
f 2048 2049 2436
f 2436 2049 2437
f 2049 2050 2437
f 2437 2050 2438
f 2050 2051 2438
f 2438 2051 2439
f 2051 2052 2439
f 2439 2052 2440
f 2052 2053 2440
f 2440 2053 2441
f 2053 2054 2441
f 2441 2054 2442
f 2054 2055 2442
f 2442 2055 2443
f 2055 2056 2443
f 2443 2056 2444
f 2056 2057 2444
f 2444 2057 2445
f 2057 2058 2445
f 2445 2058 2446
f 2058 2059 2446
f 2446 2059 2447
f 2059 2060 2447
f 2447 2060 2448
f 2060 2061 2448
f 2448 2061 2449
f 2061 2062 2449
f 2449 2062 2450
f 2062 2063 2450
f 2450 2063 2451
f 2063 2064 2451
f 2451 2064 2452
f 2064 2065 2452
f 2452 2065 2453
f 2065 2066 2453
f 2453 2066 2454
f 2066 2067 2454
f 2454 2067 2455
f 2067 2068 2455
f 2455 2068 2456
f 2068 2069 2456
f 2456 2069 2457
f 2069 2070 2457
f 2457 2070 2458
f 2070 2071 2458
f 2458 2071 2459
f 2071 2072 2459
f 2459 2072 2460
f 2072 2073 2460
f 2460 2073 2461
f 2073 2074 2461
f 2461 2074 2462
f 2074 2075 2462
f 2462 2075 2463
f 2075 2076 2463
f 2463 2076 2464
f 2076 2077 2464
f 2464 2077 2465
f 2077 2078 2465
f 2465 2078 2466
f 2078 2079 2466
f 2466 2079 2467
f 2079 2080 2467
f 2467 2080 2468
f 2080 2081 2468
f 2468 2081 2469
f 2081 2082 2469
f 2469 2082 2470
f 2082 2083 2470
f 2470 2083 2471
f 2083 2084 2471
f 2471 2084 2472
f 2084 2085 2472
f 2472 2085 2473
f 2085 2086 2473
f 2473 2086 2474
f 2086 2087 2474
f 2474 2087 2475
f 2087 2088 2475
f 2475 2088 2476
f 2088 2089 2476
f 2476 2089 2405
f 1188 2432 1162
f 1162 2432 2433
f 1188 1189 2432
f 2432 1189 2431
f 1189 1191 2431
f 1191 1196 2431
f 2431 1196 2430
f 1196 1197 2430
f 1197 1198 2430
f 2430 1198 2429
f 1198 1217 2429
f 1217 1218 2429
f 2429 1218 2428
f 1218 1219 2428
f 1219 1236 2428
f 2428 1236 2427
f 1236 1237 2427
f 1237 1238 2427
f 2427 1238 2426
f 1238 1247 2426
f 1247 1248 2426
f 2426 1248 2425
f 1248 1249 2425
f 1249 1252 2425
f 2425 1252 2424
f 1252 1253 2424
f 2424 1253 2423
f 1253 1254 2423
f 2423 1254 2422
f 1254 1175 2422
f 2422 1175 2421
f 1175 1176 2421
f 2421 1176 2420
f 1176 1177 2420
f 2420 1177 2419
f 1177 1178 2419
f 2419 1178 2418
f 1178 1214 2418
f 2418 1214 2417
f 1214 1215 2417
f 2417 1215 2416
f 1215 1216 2416
f 2416 1216 2415
f 1216 1232 2415
f 2415 1232 2414
f 1232 1233 2414
f 2414 1233 2413
f 1233 1192 2413
f 2413 1192 2412
f 1192 1193 2412
f 2412 1193 2411
f 1193 1194 2411
f 2411 1194 2410
f 1194 1195 2410
f 2410 1195 2409
f 1195 1147 2409
f 2409 1147 2408
f 1147 1148 2408
f 2408 1148 2407
f 1148 1149 2407
f 2407 1149 2406
f 1149 1150 2406
f 2405 1221 2476
f 1221 2405 1220
f 1220 2405 1240
f 2405 2406 1240
f 1240 2406 1239
f 2406 1150 1239
f 2475 1201 2474
f 1201 2475 1200
f 1200 2475 1199
f 2475 2476 1199
f 1199 2476 1222
f 2476 1221 1222
f 2473 1163 2472
f 1163 2473 1181
f 1181 2473 1180
f 2473 2474 1180
f 1180 2474 1179
f 2474 1201 1179
f 2471 1154 2470
f 1154 2471 1153
f 1153 2471 1165
f 2471 2472 1165
f 1165 2472 1164
f 2472 1163 1164
f 2468 2469 1145
f 1145 2469 1144
f 2469 2470 1144
f 1144 2470 1155
f 2470 1154 1155
f 2467 2468 1158
f 1158 2468 1146
f 2468 1145 1146
f 2466 2467 1160
f 1160 2467 1159
f 2467 1158 1159
f 2465 2466 1174
f 1174 2466 1173
f 2466 1160 1173
f 2464 2465 1183
f 1183 2465 1182
f 2465 1174 1182
f 2463 2464 1202
f 1202 2464 1184
f 2464 1183 1184
f 2462 2463 1204
f 1204 2463 1203
f 2463 1202 1203
f 2461 2462 1224
f 1224 2462 1223
f 2462 1204 1223
f 2442 2443 1151
f 1151 2443 1169
f 2443 2444 1169
f 1169 2444 1168
f 2444 2445 1168
f 1168 2445 1167
f 2445 2446 1167
f 1167 2446 1166
f 2446 2447 1166
f 1166 2447 1228
f 2447 2448 1228
f 1228 2448 1227
f 2448 2449 1227
f 1227 2449 1243
f 2449 2450 1243
f 1243 2450 1255
f 2450 2451 1255
f 1255 2451 1257
f 2451 2452 1257
f 1257 2452 1213
f 2452 2453 1213
f 1213 2453 1212
f 2453 2454 1212
f 1212 2454 1210
f 2454 2455 1210
f 1210 2455 1209
f 2455 2456 1209
f 1209 2456 1208
f 2456 2457 1208
f 1208 2457 1157
f 2457 2458 1157
f 1157 2458 1156
f 2458 2459 1156
f 1156 2459 1235
f 2459 2460 1235
f 1235 2460 1234
f 2460 2461 1234
f 1234 2461 1225
f 2461 1224 1225
f 2441 2442 1250
f 1250 2442 1152
f 2442 1151 1152
f 2440 2441 1244
f 1244 2441 1251
f 2441 1250 1251
f 2439 2440 1246
f 1246 2440 1245
f 2440 1244 1245
f 2438 2439 1230
f 1230 2439 1229
f 2439 1246 1229
f 2437 2438 1205
f 1205 2438 1231
f 2438 1230 1231
f 2436 2437 1207
f 1207 2437 1206
f 2437 1205 1206
f 2435 2436 1186
f 1186 2436 1185
f 2436 1207 1185
f 2434 2435 1170
f 1170 2435 1187
f 2435 1186 1187
f 1162 2433 1161
f 1161 2433 1172
f 2433 2434 1172
f 1172 2434 1171
f 2434 1170 1171
