# Generated MicroDuck mesh; do not edit by hand.
# Source: microduck_rl/src/mjlab_microduck/robot/microduck/assets/elec_rpi_robot_hat_pcb.stl
# Source repository: https://github.com/pollen-robotics/microduck_rl.git@5946fd9cdbc58956424420153e51975af3b30d77
# Source SHA-256: 45b904bcb378161d274d313cd067d3967305db0bf22c0955530145e18cdd2cd8
# License: Creative Commons BY-SA-NC; see ../Licenses/ATTRIBUTION.json.
# Modified: exported MuJoCo-compiled mesh geometry in Tuanjie coordinates.
# Transform: (x,y,z) -> (-y,z,x); triangle winding reversed.
o elec_rpi_robot_hat_pcb
v 0.0109471641 0.0311035644 0.000419999997
v 0.0109471641 0.0311035644 -0.000419999997
v 0.0112517849 0.0310826842 -0.000419999997
v 0.0112517849 0.0310826842 0.000419999997
v 0.0115534272 0.0310353301 -0.000419999997
v 0.0115534272 0.0310353301 0.000419999997
v 0.0118497936 0.0309618693 -0.000419999997
v 0.0118497936 0.0309618693 0.000419999997
v 0.0121386312 0.0308628622 -0.000419999997
v 0.0121386312 0.0308628622 0.000419999997
v 0.0124177393 0.0307390522 -0.000419999997
v 0.0124177393 0.0307390522 0.000419999997
v 0.0126849944 0.0305913873 -0.000419999997
v 0.0126849944 0.0305913873 0.000419999997
v 0.0129383635 0.0304209962 -0.000419999997
v 0.0129383635 0.0304209962 0.000419999997
v 0.0131759178 0.0302291662 -0.000419999997
v 0.0131759178 0.0302291662 0.000419999997
v 0.0133958487 0.0300173666 -0.000419999997
v 0.0133958487 0.0300173666 0.000419999997
v 0.0135964826 0.0297871996 -0.000419999997
v 0.0135964826 0.0297871996 0.000419999997
v 0.013776294 0.029540427 -0.000419999997
v 0.013776294 0.029540427 0.000419999997
v 0.0139339119 0.0292789172 -0.000419999997
v 0.0139339119 0.0292789172 0.000419999997
v 0.0140681397 0.029004667 -0.000419999997
v 0.0140681397 0.029004667 0.000419999997
v 0.0141779529 0.0287197623 -0.000419999997
v 0.0141779529 0.0287197623 0.000419999997
v 0.0142625179 0.0284263678 -0.000419999997
v 0.0142625179 0.0284263678 0.000419999997
v 0.0143211894 0.0281267241 -0.000419999997
v 0.0143211894 0.0281267241 0.000419999997
v 0.014353523 0.0278231073 -0.000419999997
v 0.014353523 0.0278231073 0.000419999997
v 0.0143592702 0.0275178254 -0.000419999997
v 0.0143592702 0.0275178254 0.000419999997
v 0.0143400971 0.0267530661 0.000419999997
v 0.0143400971 0.0267530661 -0.000419999997
v 0.0142540671 0.0233216435 0.000419999997
v 0.0142540671 0.0233216435 -0.000419999997
v 0.0142323868 0.0224569142 0.000419999997
v 0.0142323868 0.0224569142 -0.000419999997
v 0.0142052565 0.0213747546 0.000419999997
v 0.0142052565 0.0213747546 -0.000419999997
v 0.0141296275 0.0183582027 0.000419999997
v 0.0141296275 0.0183582027 -0.000419999997
v 0.0140779344 0.0162963513 0.000419999997
v 0.0140779344 0.0162963513 -0.000419999997
v 0.014024863 0.0141795166 0.000419999997
v 0.014024863 0.0141795166 -0.000419999997
v 0.0140058147 0.0134197548 0.000419999997
v 0.0140058147 0.0134197548 -0.000419999997
v 0.0139811272 0.0124350637 0.000419999997
v 0.0139811272 0.0124350637 -0.000419999997
v 0.0138869509 0.00867874175 0.000419999997
v 0.0138869509 0.00867874175 -0.000419999997
v 0.0138232904 0.00613953918 0.000419999997
v 0.0138232904 0.00613953918 -0.000419999997
v 0.0137074981 0.00152099354 0.000419999997
v 0.0137074981 0.00152099354 -0.000419999997
v 0.0136884497 0.000761232048 0.000419999997
v 0.0136884497 0.000761232048 -0.000419999997
v 0.0136323078 -0.00147806655 0.000419999997
v 0.0136323078 -0.00147806655 -0.000419999997
v 0.0135686472 -0.00401726831 0.000419999997
v 0.0135686472 -0.00401726831 -0.000419999997
v 0.0135049857 -0.00655647041 0.000419999997
v 0.0135049857 -0.00655647041 -0.000419999997
v 0.0134413252 -0.00909567252 0.000419999997
v 0.0134413252 -0.00909567252 -0.000419999997
v 0.0133776637 -0.0116348742 0.000419999997
v 0.0133776637 -0.0116348742 -0.000419999997
v 0.0132503416 -0.0167132784 0.000419999997
v 0.0132503416 -0.0167132784 -0.000419999997
v 0.0131866811 -0.0192524809 0.000419999997
v 0.0131866811 -0.0192524809 -0.000419999997
v 0.0131230205 -0.0217916835 0.000419999997
v 0.0131230205 -0.0217916835 -0.000419999997
v 0.013059359 -0.0243308842 0.000419999997
v 0.013059359 -0.0243308842 -0.000419999997
v 0.0129770888 -0.0276123546 0.000419999997
v 0.0129770888 -0.0276123546 -0.000419999997
v 0.0129054701 -0.0304689575 0.000419999997
v 0.0129054701 -0.0304689575 -0.000419999997
v -0.0120608788 0.0316694453 0.000419999997
v -0.0120608788 0.0316694453 -0.000419999997
v -0.0103763891 0.0316280164 0.000419999997
v -0.0103763891 0.0316280164 -0.000419999997
v -0.00726233004 0.0315514244 0.000419999997
v -0.00726233004 0.0315514244 -0.000419999997
v -0.00476308633 0.0314899571 0.000419999997
v -0.00476308633 0.0314899571 -0.000419999997
v 0.00434416067 0.0312659629 0.000419999997
v 0.00434416067 0.0312659629 -0.000419999997
v 0.00936514232 0.0311424714 0.000419999997
v 0.00936514232 0.0311424714 -0.000419999997
v 0.0109321689 0.0311039332 0.000419999997
v 0.0109321689 0.0311039332 -0.000419999997
v 0.00844374206 -0.00476969499 -0.000419999997
v 0.00847970042 -0.00474349223 -0.000419999997
v 0.00849586539 -0.00389140029 -0.000419999997
v 0.00843289029 -0.0081428187 -0.000419999997
v 0.0083959708 -0.00811798964 -0.000419999997
v 0.00836985745 -0.00896983687 -0.000419999997
v 0.00836988632 -0.0106820362 -0.000419999997
v 0.00833296683 -0.010657208 -0.000419999997
v 0.00830685254 -0.0115090553 -0.000419999997
v -0.00636692205 0.0238616858 -0.000419999997
v -0.00633969298 0.0238304492 -0.000419999997
v -0.00495393714 0.0237982403 -0.000419999997
v -0.00453130621 0.0139096966 -0.000419999997
v -0.00452691875 0.013868493 -0.000419999997
v 0.00390756922 0.0136703169 -0.000419999997
v 0.0121636195 0.0273378082 -0.000419999997
v 0.012135285 0.0272234939 -0.000419999997
v 0.0120970951 0.0271120854 -0.000419999997
v 0.0120493406 0.0270044282 -0.000419999997
v 0.0121818837 0.0274541527 -0.000419999997
v 0.0121899378 0.0275716521 -0.000419999997
v 0.0121877212 0.0276894029 -0.000419999997
v 0.0121752499 0.027806513 -0.000419999997
v 0.0121526187 0.027922092 -0.000419999997
v 0.012120001 0.028035257 -0.000419999997
v 0.0120776445 0.0281451456 -0.000419999997
v 0.0120258713 0.0282509308 -0.000419999997
v 0.0119650755 0.0283517968 -0.000419999997
v 0.0118957199 0.0284469798 -0.000419999997
v 0.0118183326 0.0285357609 -0.000419999997
v 0.0117335021 0.0286174547 -0.000419999997
v 0.011641874 0.0286914427 -0.000419999997
v 0.0115441456 0.0287571698 -0.000419999997
v 0.0114410613 0.0288141258 -0.000419999997
v 0.011333406 0.0288618784 -0.000419999997
v 0.0112219974 0.0289000664 -0.000419999997
v 0.0111076841 0.0289284028 -0.000419999997
v 0.0109913368 0.028946666 -0.000419999997
v 0.0108068669 0.0262555536 -0.000419999997
v 0.0107412338 0.023408806 -0.000419999997
v 0.0109246187 0.0262577701 -0.000419999997
v 0.0110417288 0.0262702387 -0.000419999997
v 0.0112704718 0.0263254866 -0.000419999997
v 0.0111573059 0.0262928717 -0.000419999997
v 0.0119923847 0.0269013457 -0.000419999997
v 0.0119266612 0.0268036146 -0.000419999997
v 0.0118526705 0.0267119873 -0.000419999997
v 0.0117709748 0.0266271587 -0.000419999997
v 0.0116821975 0.0265497696 -0.000419999997
v 0.0115870126 0.0264804158 -0.000419999997
v 0.0114861457 0.026419621 -0.000419999997
v 0.0113803633 0.0263678469 -0.000419999997
v 0.012138214 0.0231892075 -0.000419999997
v 0.0121803014 0.0231747814 -0.000419999997
v 0.0120950295 0.0231999122 -0.000419999997
v 0.0122209713 0.0231567379 -0.000419999997
v 0.0122599145 0.0231352206 -0.000419999997
v 0.012296834 0.0231103916 -0.000419999997
v 0.0117500713 0.0231478717 -0.000419999997
v 0.0117900334 0.0231674314 -0.000419999997
v 0.0123314494 0.0230824426 -0.000419999997
v 0.0123634962 0.0230515786 -0.000419999997
v 0.0123927314 0.0230180416 -0.000419999997
v 0.0115588261 0.0229658876 -0.000419999997
v 0.0115836542 0.0230028089 -0.000419999997
v 0.0116116069 0.0230374224 -0.000419999997
v 0.0116424691 0.0230694693 -0.000419999997
v 0.0118315481 0.0231834352 -0.000419999997
v 0.0118742995 0.0231957547 -0.000419999997
v 0.0119179627 0.0232043043 -0.000419999997
v 0.0119622042 0.0232090168 -0.000419999997
v 0.0120066879 0.023209855 -0.000419999997
v 0.0120510757 0.0232068114 -0.000419999997
v 0.0124614583 0.0229040142 -0.000419999997
v 0.0124774603 0.0228624996 -0.000419999997
v 0.011504841 0.0228441879 -0.000419999997
v 0.0115192682 0.0228862744 -0.000419999997
v 0.0115373088 0.0229269452 -0.000419999997
v 0.0116760079 0.0230987053 -0.000419999997
v 0.0117119662 0.0231249034 -0.000419999997
v 0.0124189323 0.0229820833 -0.000419999997
v 0.0124418996 0.0229439773 -0.000419999997
v 0.0115106152 0.0225375239 -0.000419999997
v 0.0114982929 0.0225802734 -0.000419999997
v 0.0107197771 0.0225440692 -0.000419999997
v 0.0114897434 0.0226239357 -0.000419999997
v 0.0114850318 0.0226681773 -0.000419999997
v 0.0125030428 0.0227318462 -0.000419999997
v 0.0124983313 0.0227760877 -0.000419999997
v 0.0124897826 0.02281975 -0.000419999997
v 0.012503881 0.0226873606 -0.000419999997
v 0.0125008384 0.0226429719 -0.000419999997
v 0.0124939382 0.0225990191 -0.000419999997
v 0.0114841945 0.0227126628 -0.000419999997
v 0.0114872372 0.0227570496 -0.000419999997
v 0.0114941364 0.0228010044 -0.000419999997
v 0.0110581499 0.0223928243 -0.000419999997
v 0.0111378953 0.0223574508 -0.000419999997
v 0.0120701129 0.0221957173 -0.000419999997
v 0.0120258713 0.0221910067 -0.000419999997
v 0.011692619 0.0214370992 -0.000419999997
v 0.0119813867 0.0221901685 -0.000419999997
v 0.010717731 0.022461595 -0.000419999997
v 0.0108047659 0.0224556308 -0.000419999997
v 0.0108909486 0.0224421006 -0.000419999997
v 0.0109756254 0.0224211104 -0.000419999997
v 0.0124832336 0.0225558337 -0.000419999997
v 0.0124688065 0.0225137491 -0.000419999997
v 0.0124507658 0.0224730745 -0.000419999997
v 0.0124292495 0.022434134 -0.000419999997
v 0.0122380033 0.022252148 -0.000419999997
v 0.0121980412 0.0222325884 -0.000419999997
v 0.0121565266 0.0222165883 -0.000419999997
v 0.0121137751 0.0222042669 -0.000419999997
v 0.0119369999 0.0221932121 -0.000419999997
v 0.0118930461 0.0222001113 -0.000419999997
v 0.0116909761 0.0215243213 -0.000419999997
v 0.0116817383 0.0216110703 -0.000419999997
v 0.0124044204 0.0223972145 -0.000419999997
v 0.0123764686 0.0223625991 -0.000419999997
v 0.0123456055 0.0223305505 -0.000419999997
v 0.0123120677 0.0223013181 -0.000419999997
v 0.0122761084 0.0222751144 -0.000419999997
v 0.0112142544 0.0223152619 -0.000419999997
v 0.0112866452 0.0222665761 -0.000419999997
v 0.0115266163 0.0224960055 -0.000419999997
v 0.011546175 0.0224560462 -0.000419999997
v 0.0113545172 0.0222117677 -0.000419999997
v 0.0115691423 0.0224179402 -0.000419999997
v 0.0116649745 0.021696683 -0.000419999997
v 0.0118498607 0.0222108159 -0.000419999997
v 0.0116408132 0.0217805095 -0.000419999997
v 0.0118077733 0.0222252421 -0.000419999997
v 0.0116094379 0.021861909 -0.000419999997
v 0.0117671033 0.02224328 -0.000419999997
v 0.0115710879 0.0219402667 -0.000419999997
v 0.0117281601 0.0222647991 -0.000419999997
v 0.0115260538 0.0220149849 -0.000419999997
v 0.0116912406 0.0222896263 -0.000419999997
v 0.0114746792 0.0220854934 -0.000419999997
v 0.0116566261 0.0223175809 -0.000419999997
v 0.0114173554 0.0221512523 -0.000419999997
v 0.0116245784 0.0223484412 -0.000419999997
v 0.0115953432 0.0223819818 -0.000419999997
v 0.0120935226 0.0196773708 -0.000419999997
v 0.0120507712 0.0196650457 -0.000419999997
v 0.011873995 0.0196539927 -0.000419999997
v 0.0118300412 0.0196608901 -0.000419999997
v 0.0106180776 0.0184453335 -0.000419999997
v 0.0117868567 0.0196715947 -0.000419999997
v 0.0117447693 0.0196860228 -0.000419999997
v 0.012007108 0.0196564961 -0.000419999997
v 0.0119628664 0.0196517874 -0.000419999997
v 0.0119183827 0.019650951 -0.000419999997
v 0.0115884719 0.0210169349 -0.000419999997
v 0.011546283 0.0209405757 -0.000419999997
v 0.0117270295 0.020628212 -0.000419999997
v 0.0114975991 0.0208681822 -0.000419999997
v 0.0116870673 0.0206086524 -0.000419999997
v 0.0116238454 0.0210966785 -0.000419999997
v 0.0118112955 0.0206565373 -0.000419999997
v 0.0116521344 0.0211792067 -0.000419999997
v 0.0116731236 0.0212638788 -0.000419999997
v 0.010927706 0.0204898547 -0.000419999997
v 0.0108420933 0.0204730891 -0.000419999997
v 0.0117685441 0.0206442159 -0.000419999997
v 0.0119880717 0.0206675939 -0.000419999997
v 0.011943684 0.0206706356 -0.000419999997
v 0.011686652 0.0213500634 -0.000419999997
v 0.0118991993 0.0206697974 -0.000419999997
v 0.0115061384 0.0198787209 -0.000419999997
v 0.0110929338 0.0205453932 -0.000419999997
v 0.0110115325 0.020514017 -0.000419999997
v 0.0122826016 0.019791333 -0.000419999997
v 0.0122490637 0.0197620988 -0.000419999997
v 0.0122131044 0.019735897 -0.000419999997
v 0.0117040994 0.0197040625 -0.000419999997
v 0.0116651561 0.0197255798 -0.000419999997
v 0.0116282366 0.0197504088 -0.000419999997
v 0.0115323393 0.0198427625 -0.000419999997
v 0.0120320246 0.0206606928 -0.000419999997
v 0.01207521 0.0206499882 -0.000419999997
v 0.0121172974 0.020635562 -0.000419999997
v 0.0121749993 0.0197129305 -0.000419999997
v 0.0121350372 0.019693369 -0.000419999997
v 0.0114743048 0.0203877259 -0.000419999997
v 0.0112460069 0.0206287745 -0.000419999997
v 0.0114562642 0.0203470569 -0.000419999997
v 0.0114418371 0.0203049704 -0.000419999997
v 0.0115936212 0.0197783634 -0.000419999997
v 0.0115615744 0.0198092218 -0.000419999997
v 0.0118549578 0.0206650868 -0.000419999997
v 0.0121579673 0.0206175204 -0.000419999997
v 0.0121969106 0.0205960032 -0.000419999997
v 0.0122338301 0.0205711741 -0.000419999997
v 0.0114958212 0.0204266701 -0.000419999997
v 0.0115206502 0.0204635914 -0.000419999997
v 0.0113165146 0.02068015 -0.000419999997
v 0.011548602 0.020498205 -0.000419999997
v 0.0113822753 0.0207374729 -0.000419999997
v 0.0115794651 0.0205302499 -0.000419999997
v 0.0114427907 0.020800313 -0.000419999997
v 0.011613003 0.020559486 -0.000419999997
v 0.0116489623 0.020585686 -0.000419999997
v 0.0122684445 0.0205432232 -0.000419999997
v 0.0123004923 0.0205123592 -0.000419999997
v 0.0123297274 0.0204788242 -0.000419999997
v 0.0114220278 0.0201289598 -0.000419999997
v 0.0114211906 0.0201734435 -0.000419999997
v 0.0114242332 0.0202178322 -0.000419999997
v 0.0114311324 0.020261785 -0.000419999997
v 0.0123559283 0.0204428658 -0.000419999997
v 0.0123788957 0.0204047598 -0.000419999997
v 0.0123984544 0.0203647949 -0.000419999997
v 0.0123877618 0.019933857 -0.000419999997
v 0.0123662455 0.0198949166 -0.000419999997
v 0.011483171 0.0199168269 -0.000419999997
v 0.0114636123 0.0199567862 -0.000419999997
v 0.0114476103 0.0199983008 -0.000419999997
v 0.0111712907 0.0205837432 -0.000419999997
v 0.0123414164 0.0198579952 -0.000419999997
v 0.0123134637 0.0198233817 -0.000419999997
v 0.011435288 0.0200410541 -0.000419999997
v 0.0114267394 0.0200847182 -0.000419999997
v 0.0124144554 0.0203232821 -0.000419999997
v 0.0124267777 0.0202805307 -0.000419999997
v 0.0124353273 0.0202368684 -0.000419999997
v 0.0124309342 0.0200598016 -0.000419999997
v 0.0124202296 0.0200166162 -0.000419999997
v 0.0124058025 0.019974526 -0.000419999997
v 0.0124400388 0.0201926269 -0.000419999997
v 0.0124408761 0.0201481432 -0.000419999997
v 0.0124378335 0.0201037545 -0.000419999997
v 0.0117055401 0.0181049984 -0.000419999997
v 0.0117482916 0.0181173179 -0.000419999997
v 0.0105669172 0.0163834672 -0.000419999997
v 0.0118553787 0.0171117317 -0.000419999997
v 0.011810991 0.0171147753 -0.000419999997
v 0.0117670372 0.0171216708 -0.000419999997
v 0.0117238527 0.0171323754 -0.000419999997
v 0.0116817644 0.0171468053 -0.000419999997
v 0.0114855981 0.0179589875 -0.000419999997
v 0.0115164602 0.0179910325 -0.000419999997
v 0.011549999 0.0180202685 -0.000419999997
v 0.0115859574 0.0180464685 -0.000419999997
v 0.0116240634 0.0180694349 -0.000419999997
v 0.0116640255 0.0180889945 -0.000419999997
v 0.0120305177 0.0171381515 -0.000419999997
v 0.0119877663 0.0171258282 -0.000419999997
v 0.011944104 0.0171172787 -0.000419999997
v 0.0118998624 0.0171125699 -0.000419999997
v 0.0116410945 0.017164845 -0.000419999997
v 0.0116021521 0.0171863623 -0.000419999997
v 0.0115652326 0.0172111914 -0.000419999997
v 0.0114693353 0.017303545 -0.000419999997
v 0.0114431344 0.0173395034 -0.000419999997
v 0.0117919538 0.0181258675 -0.000419999997
v 0.0118361954 0.01813058 -0.000419999997
v 0.0118806791 0.0181314182 -0.000419999997
v 0.0119250668 0.0181283746 -0.000419999997
v 0.0119690206 0.0181214754 -0.000419999997
v 0.0120122051 0.0181107707 -0.000419999997
v 0.0120542934 0.0180963445 -0.000419999997
v 0.0122195976 0.0172521137 -0.000419999997
v 0.0121860588 0.0172228813 -0.000419999997
v 0.0121501004 0.0171966776 -0.000419999997
v 0.0115306173 0.0172391441 -0.000419999997
v 0.0114985704 0.0172700044 -0.000419999997
v 0.0121119944 0.0171737112 -0.000419999997
v 0.0120720323 0.0171541516 -0.000419999997
v 0.0114113009 0.0178485084 -0.000419999997
v 0.0114328172 0.0178874526 -0.000419999997
v 0.0114576463 0.0179243684 -0.000419999997
v 0.0120949633 0.0180783011 -0.000419999997
v 0.0121339057 0.0180567838 -0.000419999997
v 0.0121708252 0.0180319548 -0.000419999997
v 0.0122054406 0.0180040058 -0.000419999997
v 0.0122374874 0.0179731417 -0.000419999997
v 0.0122667225 0.0179396048 -0.000419999997
v 0.0114201671 0.0173776094 -0.000419999997
v 0.0114006074 0.0174175687 -0.000419999997
v 0.0113846064 0.0174590833 -0.000419999997
v 0.0113681285 0.0177225638 -0.000419999997
v 0.0113612283 0.0176786091 -0.000419999997
v 0.0113581857 0.017634226 -0.000419999997
v 0.0113788322 0.0177657511 -0.000419999997
v 0.0113932602 0.0178078376 -0.000419999997
v 0.0122929243 0.0179036427 -0.000419999997
v 0.0123158917 0.0178655405 -0.000419999997
v 0.0123354504 0.0178255774 -0.000419999997
v 0.0123247569 0.0173946377 -0.000419999997
v 0.0123032406 0.0173556972 -0.000419999997
v 0.011372284 0.0175018366 -0.000419999997
v 0.0113637345 0.0175454989 -0.000419999997
v 0.0113590239 0.0175897405 -0.000419999997
v 0.0122784115 0.0173187777 -0.000419999997
v 0.0122504598 0.0172841623 -0.000419999997
v 0.0123514514 0.0177840628 -0.000419999997
v 0.0123637738 0.0177413132 -0.000419999997
v 0.0123723233 0.0176976472 -0.000419999997
v 0.0123679293 0.0175205823 -0.000419999997
v 0.0123572256 0.0174773987 -0.000419999997
v 0.0123427976 0.0174353085 -0.000419999997
v 0.0123770349 0.0176534057 -0.000419999997
v 0.0123778721 0.0176089238 -0.000419999997
v 0.0123748295 0.017564537 -0.000419999997
v 0.0116010206 0.0155497761 -0.000419999997
v 0.0116425352 0.0155657763 -0.000419999997
v 0.0119247623 0.0145866089 -0.000419999997
v 0.0118811 0.0145780593 -0.000419999997
v 0.0118368585 0.0145733478 -0.000419999997
v 0.0117923738 0.0145725142 -0.000419999997
v 0.0105143934 0.0142666195 -0.000419999997
v 0.0117479861 0.0145755531 -0.000419999997
v 0.0120870965 0.0146574602 -0.000419999997
v 0.0120489905 0.0146344928 -0.000419999997
v 0.0116852866 0.0155781005 -0.000419999997
v 0.0117289498 0.01558665 -0.000419999997
v 0.0117731914 0.0155913616 -0.000419999997
v 0.0121230548 0.0146836629 -0.000419999997
v 0.0120090283 0.0146149332 -0.000419999997
v 0.0119675137 0.014598934 -0.000419999997
v 0.0117040332 0.0145824533 -0.000419999997
v 0.0116608478 0.0145931579 -0.000419999997
v 0.0116187604 0.0146075869 -0.000419999997
v 0.0115780905 0.0146256257 -0.000419999997
v 0.0115391472 0.0146471439 -0.000419999997
v 0.0115022277 0.014671972 -0.000419999997
v 0.0118176751 0.0155921998 -0.000419999997
v 0.0118620628 0.0155891562 -0.000419999997
v 0.0119060166 0.015582257 -0.000419999997
v 0.0119492011 0.0155715523 -0.000419999997
v 0.0119912885 0.0155571224 -0.000419999997
v 0.0120319584 0.0155390836 -0.000419999997
v 0.0120709017 0.0155175664 -0.000419999997
v 0.011486995 0.0154810501 -0.000419999997
v 0.0115229534 0.0155072492 -0.000419999997
v 0.0115610585 0.0155302165 -0.000419999997
v 0.0114676133 0.0146999257 -0.000419999997
v 0.0114355655 0.014730786 -0.000419999997
v 0.0114063304 0.0147643266 -0.000419999997
v 0.0121078212 0.0154927373 -0.000419999997
v 0.0121424366 0.0154647874 -0.000419999997
v 0.0121744834 0.0154339233 -0.000419999997
v 0.0122154076 0.0147795593 -0.000419999997
v 0.0122402366 0.0148164798 -0.000419999997
v 0.012261753 0.0148554202 -0.000419999997
v 0.0121874558 0.0147449449 -0.000419999997
v 0.0121565927 0.0147128953 -0.000419999997
v 0.0113946414 0.01538515 -0.000419999997
v 0.0113698132 0.0153482333 -0.000419999997
v 0.011348296 0.01530929 -0.000419999997
v 0.0114225941 0.0154197682 -0.000419999997
v 0.0114534562 0.015451814 -0.000419999997
v 0.0122037185 0.0154003864 -0.000419999997
v 0.0122299194 0.0153644253 -0.000419999997
v 0.0122528868 0.0153263221 -0.000419999997
v 0.0122724455 0.015286359 -0.000419999997
v 0.0122884475 0.0152448444 -0.000419999997
v 0.0123007698 0.0152020911 -0.000419999997
v 0.0113801295 0.014800285 -0.000419999997
v 0.0113571621 0.014838391 -0.000419999997
v 0.0113376034 0.0148783503 -0.000419999997
v 0.0113216024 0.0149198649 -0.000419999997
v 0.0113092801 0.0149626182 -0.000419999997
v 0.0113007305 0.0150062805 -0.000419999997
v 0.0123118255 0.0150253177 -0.000419999997
v 0.0123049254 0.0149813639 -0.000419999997
v 0.0113051236 0.0151833454 -0.000419999997
v 0.0113158282 0.0152265299 -0.000419999997
v 0.0113302553 0.0152686201 -0.000419999997
v 0.0122942207 0.0149381794 -0.000419999997
v 0.0122797936 0.0148960901 -0.000419999997
v 0.011296019 0.0150505221 -0.000419999997
v 0.0112951817 0.0150950067 -0.000419999997
v 0.0112982243 0.0151393916 -0.000419999997
v 0.0123093184 0.0151584288 -0.000419999997
v 0.01231403 0.0151141873 -0.000419999997
v 0.0123148682 0.0150697064 -0.000419999997
v 0.0104955416 0.013506853 -0.000419999997
v 0.0113595892 0.0128805498 -0.000419999997
v 0.0113904523 0.0129125956 -0.000419999997
v 0.0114239901 0.0129418317 -0.000419999997
v 0.0114599494 0.0129680308 -0.000419999997
v 0.011285292 0.0127700716 -0.000419999997
v 0.0113068083 0.0128090158 -0.000419999997
v 0.0113316374 0.0128459316 -0.000419999997
v 0.0114980545 0.0129909981 -0.000419999997
v 0.0115380166 0.0130105577 -0.000419999997
v 0.0115795312 0.0130265579 -0.000419999997
v 0.0118861971 0.0130323339 -0.000419999997
v 0.0119282845 0.013017904 -0.000419999997
v 0.0116222827 0.0130388821 -0.000419999997
v 0.0116659449 0.0130474316 -0.000419999997
v 0.0117101865 0.0130521432 -0.000419999997
v 0.0117546711 0.0130529813 -0.000419999997
v 0.0117990589 0.0130499387 -0.000419999997
v 0.0118430117 0.0130430385 -0.000419999997
v 0.011233015 0.0125113046 -0.000419999997
v 0.0112321777 0.0125557892 -0.000419999997
v 0.0104711093 0.0125221564 -0.000419999997
v 0.0112352204 0.0126001732 -0.000419999997
v 0.0119689545 0.0129998652 -0.000419999997
v 0.0120078977 0.0129783479 -0.000419999997
v 0.0120448172 0.0129535189 -0.000419999997
v 0.0112421196 0.012644127 -0.000419999997
v 0.0112528242 0.0126873115 -0.000419999997
v 0.0112672513 0.0127294017 -0.000419999997
v 0.0120794317 0.012925569 -0.000419999997
v 0.0121114794 0.0128947049 -0.000419999997
v 0.0121407146 0.0128611689 -0.000419999997
v 0.0121669155 0.0128252069 -0.000419999997
v 0.0121898828 0.0127871046 -0.000419999997
v 0.0122094415 0.0127471406 -0.000419999997
v 0.0122488206 0.0124860993 -0.000419999997
v 0.0122518633 0.012530488 -0.000419999997
v 0.012251026 0.0125749689 -0.000419999997
v 0.0122254426 0.0127056269 -0.000419999997
v 0.0122377649 0.0126628727 -0.000419999997
v 0.0122463144 0.0126192104 -0.000419999997
v 0.0103779044 0.00876580924 -0.000419999997
v 0.0116663659 0.00949407369 -0.000419999997
v 0.0116219781 0.00949711632 -0.000419999997
v 0.0115780244 0.00950401649 -0.000419999997
v 0.0115348399 0.00951472111 -0.000419999997
v 0.0114927515 0.00952915102 -0.000419999997
v 0.0119045097 0.0120597156 -0.000419999997
v 0.0118617583 0.0120473905 -0.000419999997
v 0.0112965852 0.0103413286 -0.000419999997
v 0.0113274483 0.0103733772 -0.000419999997
v 0.0113609862 0.0104026143 -0.000419999997
v 0.0113969445 0.0104288133 -0.000419999997
v 0.0114350505 0.0104517797 -0.000419999997
v 0.0114750126 0.0104713393 -0.000419999997
v 0.0115165273 0.0104873395 -0.000419999997
v 0.0115592787 0.0104996637 -0.000419999997
v 0.0112377265 0.012467063 -0.000419999997
v 0.0121524036 0.0122403409 -0.000419999997
v 0.0121244509 0.0122057265 -0.000419999997
v 0.0117293699 0.0120332921 -0.000419999997
v 0.0116849821 0.0120363347 -0.000419999997
v 0.0114520816 0.00954718981 -0.000419999997
v 0.0114131393 0.00956870709 -0.000419999997
v 0.0113762198 0.00959353615 -0.000419999997
v 0.0112803224 0.00968588982 -0.000419999997
v 0.0112541215 0.00972184818 -0.000419999997
v 0.0112042474 0.0101901833 -0.000419999997
v 0.011222288 0.0102308532 -0.000419999997
v 0.0122167896 0.0123568717 -0.000419999997
v 0.012198749 0.0123162018 -0.000419999997
v 0.0120935887 0.0121736778 -0.000419999997
v 0.0120600499 0.0121444408 -0.000419999997
v 0.0120240916 0.0121182417 -0.000419999997
v 0.0118180951 0.0120388418 -0.000419999997
v 0.0117738536 0.0120341294 -0.000419999997
v 0.0118415048 0.00952049717 -0.000419999997
v 0.0117987534 0.00950817298 -0.000419999997
v 0.0117550911 0.00949962344 -0.000419999997
v 0.0117108496 0.00949491095 -0.000419999997
v 0.0113416044 0.00962148607 -0.000419999997
v 0.0113095576 0.00965234917 -0.000419999997
v 0.0119859865 0.0120952753 -0.000419999997
v 0.0119460244 0.0120757148 -0.000419999997
v 0.0115978438 0.0120539395 -0.000419999997
v 0.0116916662 0.0105137629 -0.000419999997
v 0.011736054 0.0105107203 -0.000419999997
v 0.0120305847 0.00963445939 -0.000419999997
v 0.0119970459 0.00960522238 -0.000419999997
v 0.0119610876 0.00957902335 -0.000419999997
v 0.0111898193 0.0101480931 -0.000419999997
v 0.0112438044 0.0102697974 -0.000419999997
v 0.0112686334 0.0103067141 -0.000419999997
v 0.0121772327 0.0122772614 -0.000419999997
v 0.0117800077 0.0105038201 -0.000419999997
v 0.0118231922 0.0104931155 -0.000419999997
v 0.0118652806 0.0104786856 -0.000419999997
v 0.0119229816 0.00955605693 -0.000419999997
v 0.0118830195 0.00953649729 -0.000419999997
v 0.0122419214 0.0124421464 -0.000419999997
v 0.0122312168 0.012398961 -0.000419999997
v 0.0116471825 0.0105129248 -0.000419999997
v 0.0115557564 0.0120683685 -0.000419999997
v 0.011602941 0.0105082132 -0.000419999997
v 0.0115150865 0.0120864082 -0.000419999997
v 0.0114761433 0.0121079255 -0.000419999997
v 0.0114392238 0.0121327536 -0.000419999997
v 0.0114046084 0.0121607045 -0.000419999997
v 0.0113725616 0.0121915676 -0.000419999997
v 0.0113433264 0.0122251082 -0.000419999997
v 0.0113171255 0.0122610666 -0.000419999997
v 0.0112941582 0.0122991726 -0.000419999997
v 0.0112745995 0.0123391319 -0.000419999997
v 0.0112585975 0.0123806465 -0.000419999997
v 0.0112462752 0.0124233998 -0.000419999997
v 0.0119059505 0.0104606468 -0.000419999997
v 0.0119448928 0.0104391295 -0.000419999997
v 0.0119818123 0.0104143005 -0.000419999997
v 0.0112311542 0.00975995045 -0.000419999997
v 0.0112115946 0.0097999135 -0.000419999997
v 0.0111955935 0.00984142814 -0.000419999997
v 0.0120164277 0.0103863506 -0.000419999997
v 0.0120484745 0.0103554865 -0.000419999997
v 0.0120777097 0.0103219468 -0.000419999997
v 0.0111832712 0.00988418236 -0.000419999997
v 0.0111747216 0.00992784463 -0.000419999997
v 0.011170011 0.00997208618 -0.000419999997
v 0.0111691728 0.0100165671 -0.000419999997
v 0.0111722155 0.0100609548 -0.000419999997
v 0.0111791156 0.0101049086 -0.000419999997
v 0.0121537847 0.00981765334 -0.000419999997
v 0.0121357441 0.00977698341 -0.000419999997
v 0.0121142277 0.00973803923 -0.000419999997
v 0.0121039115 0.0102859885 -0.000419999997
v 0.0116410283 0.0120432349 -0.000419999997
v 0.0121268788 0.0102478862 -0.000419999997
v 0.0121464375 0.0102079231 -0.000419999997
v 0.0121624386 0.0101664085 -0.000419999997
v 0.0120893987 0.00970112253 -0.000419999997
v 0.0120614469 0.00966650806 -0.000419999997
v 0.0121858167 0.00994688179 -0.000419999997
v 0.0121888593 0.00999126583 -0.000419999997
v 0.012188022 0.0100357505 -0.000419999997
v 0.0121747609 0.0101236543 -0.000419999997
v 0.0121833105 0.010079992 -0.000419999997
v 0.0121789165 0.00990292802 -0.000419999997
v 0.0121682128 0.00985974353 -0.000419999997
v 0.0103149004 0.0062265913 -0.000419999997
v 0.011603361 0.00695485529 -0.000419999997
v 0.0115589732 0.00695789838 -0.000419999997
v 0.0115150204 0.00696479855 -0.000419999997
v 0.011471835 0.00697550271 -0.000419999997
v 0.0114297476 0.00698993215 -0.000419999997
v 0.0112335812 0.00780211017 -0.000419999997
v 0.0112644434 0.00783415884 -0.000419999997
v 0.0112979822 0.00786339585 -0.000419999997
v 0.0113339406 0.00788959488 -0.000419999997
v 0.0113720456 0.0079125613 -0.000419999997
v 0.0114120077 0.00793212093 -0.000419999997
v 0.0114535224 0.00794812106 -0.000419999997
v 0.0117785009 0.00698127877 -0.000419999997
v 0.0117357494 0.00696895458 -0.000419999997
v 0.0116920872 0.00696040504 -0.000419999997
v 0.0116478456 0.00695569301 -0.000419999997
v 0.0113890776 0.00700797141 -0.000419999997
v 0.0113501344 0.00702948868 -0.000419999997
v 0.0113132149 0.00705431728 -0.000419999997
v 0.0112173175 0.00714666815 -0.000419999997
v 0.0111911166 0.00718262978 -0.000419999997
v 0.0114962738 0.00796044618 -0.000419999997
v 0.011539937 0.00796899479 -0.000419999997
v 0.0115841785 0.00797370728 -0.000419999997
v 0.0117601883 0.00795389712 -0.000419999997
v 0.0118022757 0.00793946814 -0.000419999997
v 0.0119675798 0.00709524099 -0.000419999997
v 0.011934042 0.00706600444 -0.000419999997
v 0.0118980836 0.00703980541 -0.000419999997
v 0.0112786004 0.00708226766 -0.000419999997
v 0.0112465527 0.00711313123 -0.000419999997
v 0.0116286622 0.00797454454 -0.000419999997
v 0.01167305 0.00797150191 -0.000419999997
v 0.0117170038 0.00796460174 -0.000419999997
v 0.0118599776 0.00701683853 -0.000419999997
v 0.0118200155 0.00699727889 -0.000419999997
v 0.0111592831 0.00769163482 -0.000419999997
v 0.0111808004 0.00773057528 -0.000419999997
v 0.0112056285 0.0077674957 -0.000419999997
v 0.0118429456 0.00792142842 -0.000419999997
v 0.0118818888 0.00789991114 -0.000419999997
v 0.0119188083 0.00787508301 -0.000419999997
v 0.0119534237 0.00784713216 -0.000419999997
v 0.0119854705 0.00781626906 -0.000419999997
v 0.0120147057 0.00778272841 -0.000419999997
v 0.0111681493 0.00722073251 -0.000419999997
v 0.0111485906 0.00726069557 -0.000419999997
v 0.0111325895 0.0073022102 -0.000419999997
v 0.0111070061 0.00743286777 -0.000419999997
v 0.0111061689 0.00747734867 -0.000419999997
v 0.0111092115 0.0075217369 -0.000419999997
v 0.0111161107 0.00756569067 -0.000419999997
v 0.0111268153 0.00760887517 -0.000419999997
v 0.0111412425 0.00765096489 -0.000419999997
v 0.0120409066 0.00774677005 -0.000419999997
v 0.0120638739 0.00770866405 -0.000419999997
v 0.0120834326 0.00766870426 -0.000419999997
v 0.0120727401 0.00723776501 -0.000419999997
v 0.0120512238 0.00719882129 -0.000419999997
v 0.0111202672 0.00734496349 -0.000419999997
v 0.0111117177 0.00738862623 -0.000419999997
v 0.0120263947 0.00716190459 -0.000419999997
v 0.0119984429 0.0071272864 -0.000419999997
v 0.0120994346 0.00762719009 -0.000419999997
v 0.012111757 0.00758443633 -0.000419999997
v 0.0121203056 0.00754077407 -0.000419999997
v 0.0121159125 0.00736370962 -0.000419999997
v 0.0121052079 0.00732052466 -0.000419999997
v 0.0120907808 0.00727843493 -0.000419999997
v 0.0121250171 0.00749653252 -0.000419999997
v 0.0121258553 0.0074520479 -0.000419999997
v 0.0121228127 0.00740766292 -0.000419999997
v 0.0113275144 0.00286968471 -0.000419999997
v 0.0113702659 0.00288200914 -0.000419999997
v 0.0115218367 0.00187725655 -0.000419999997
v 0.0114773531 0.00187641883 -0.000419999997
v 0.0102003021 0.00160801574 -0.000419999997
v 0.0114329653 0.00187946169 -0.000419999997
v 0.0113890115 0.00188636186 -0.000419999997
v 0.011345827 0.00189706625 -0.000419999997
v 0.0113037387 0.00191149209 -0.000419999997
v 0.0112709366 0.00535037648 -0.000419999997
v 0.0113090416 0.00537334336 -0.000419999997
v 0.0113490038 0.005392903 -0.000419999997
v 0.0113905184 0.00540890265 -0.000419999997
v 0.0111075724 0.00272367336 -0.000419999997
v 0.0111384355 0.00275572273 -0.000419999997
v 0.0111719733 0.00278495532 -0.000419999997
v 0.0112079317 0.00281115808 -0.000419999997
v 0.0112460377 0.00283412519 -0.000419999997
v 0.0112859998 0.00285368483 -0.000419999997
v 0.011408831 0.0044362843 -0.000419999997
v 0.0114520155 0.00442558015 -0.000419999997
v 0.0114959693 0.00441867998 -0.000419999997
v 0.011652492 0.0019028387 -0.000419999997
v 0.0116097406 0.00189051789 -0.000419999997
v 0.0115660783 0.00188196835 -0.000419999997
v 0.0115470411 0.00289306161 -0.000419999997
v 0.0115909949 0.00288616517 -0.000419999997
v 0.0116727455 0.00442973617 -0.000419999997
v 0.0116341794 0.00287546078 -0.000419999997
v 0.0116762677 0.0028610311 -0.000419999997
v 0.0111705763 0.00526289176 -0.000419999997
v 0.0112014394 0.0052949409 -0.000419999997
v 0.0112349773 0.00532417372 -0.000419999997
v 0.0114139281 0.00289055868 -0.000419999997
v 0.0114581697 0.00289526675 -0.000419999997
v 0.011540357 0.00441563735 -0.000419999997
v 0.0115026534 0.00289610447 -0.000419999997
v 0.0115848407 0.00441647507 -0.000419999997
v 0.0116290823 0.00442118663 -0.000419999997
v 0.0112630688 0.00192953483 -0.000419999997
v 0.0112241264 0.00195105234 -0.000419999997
v 0.011187207 0.00197588094 -0.000419999997
v 0.0110913096 0.00206823158 -0.000419999997
v 0.0110651087 0.00210419344 -0.000419999997
v 0.0110152345 0.00257252855 -0.000419999997
v 0.0110332752 0.00261319848 -0.000419999997
v 0.0114332698 0.00542122731 -0.000419999997
v 0.0114769321 0.00542977685 -0.000419999997
v 0.0115211736 0.00543448515 -0.000419999997
v 0.0117799416 0.00538221048 -0.000419999997
v 0.0117392717 0.00540024927 -0.000419999997
v 0.0116971843 0.00541467918 -0.000419999997
v 0.0117169376 0.00284299231 -0.000419999997
v 0.01175588 0.00282147457 -0.000419999997
v 0.0117927995 0.00279664597 -0.000419999997
v 0.0118886968 0.00270429184 -0.000419999997
v 0.0119148986 0.00266833371 -0.000419999997
v 0.0111525916 0.00200383109 -0.000419999997
v 0.0111205447 0.00203469489 -0.000419999997
v 0.0109809982 0.0023544312 -0.000419999997
v 0.01098016 0.0023989121 -0.000419999997
v 0.0113667436 0.00445071049 -0.000419999997
v 0.0113260737 0.004468753 -0.000419999997
v 0.0112871304 0.00449027075 -0.000419999997
v 0.0115656583 0.00543532288 -0.000419999997
v 0.011610046 0.00543227978 -0.000419999997
v 0.0116539989 0.00542538334 -0.000419999997
v 0.0118415719 0.00201680441 -0.000419999997
v 0.0118080331 0.00198756787 -0.000419999997
v 0.0117720747 0.00196136907 -0.000419999997
v 0.0118274149 0.00276869233 -0.000419999997
v 0.0118594617 0.00273783226 -0.000419999997
v 0.011937866 0.00263022748 -0.000419999997
v 0.0119574247 0.00259026792 -0.000419999997
v 0.0119734257 0.00254875352 -0.000419999997
v 0.0110547915 0.0026521387 -0.000419999997
v 0.0110796206 0.00268905889 -0.000419999997
v 0.0112502109 0.00451509934 -0.000419999997
v 0.0112155955 0.00454304926 -0.000419999997
v 0.0111835487 0.00457391329 -0.000419999997
v 0.0111543136 0.00460744975 -0.000419999997
v 0.0111281127 0.00464341138 -0.000419999997
v 0.0111051453 0.00468151411 -0.000419999997
v 0.0119045759 0.00455602258 -0.000419999997
v 0.0118710371 0.00452678604 -0.000419999997
v 0.0118350787 0.00450058701 -0.000419999997
v 0.0117969736 0.00447762012 -0.000419999997
v 0.0117339687 0.00193840195 -0.000419999997
v 0.0116940066 0.0019188422 -0.000419999997
v 0.0110487137 0.00484940782 -0.000419999997
v 0.0110440021 0.00489364937 -0.000419999997
v 0.0110962791 0.00515241688 -0.000419999997
v 0.0111177955 0.00519135688 -0.000419999997
v 0.0111426245 0.0052282773 -0.000419999997
v 0.0118188849 0.00536069274 -0.000419999997
v 0.0118558044 0.00533586415 -0.000419999997
v 0.0118904188 0.0053079105 -0.000419999997
v 0.0119224666 0.00527705066 -0.000419999997
v 0.0119517017 0.00524351001 -0.000419999997
v 0.0119779026 0.00520755211 -0.000419999997
v 0.0119647719 0.00219999859 -0.000419999997
v 0.0119467312 0.00215932867 -0.000419999997
v 0.0119252149 0.00212038471 -0.000419999997
v 0.0110421414 0.00214229594 -0.000419999997
v 0.0110225827 0.00218225899 -0.000419999997
v 0.0110065807 0.00222377363 -0.000419999997
v 0.0120277768 0.00473921699 -0.000419999997
v 0.0120097362 0.00469854707 -0.000419999997
v 0.0119882198 0.00465960288 -0.000419999997
v 0.0119003858 0.00208346802 -0.000419999997
v 0.0118724341 0.00204884983 -0.000419999997
v 0.0109942583 0.00226652343 -0.000419999997
v 0.0109857088 0.00231018965 -0.000419999997
v 0.0109832026 0.00244330056 -0.000419999997
v 0.0109901028 0.0024872541 -0.000419999997
v 0.0110008065 0.00253043859 -0.000419999997
v 0.0110431649 0.00493813027 -0.000419999997
v 0.0110462075 0.0049825185 -0.000419999997
v 0.0110531067 0.00502647227 -0.000419999997
v 0.0110638114 0.00506965676 -0.000419999997
v 0.0110782385 0.00511174696 -0.000419999997
v 0.01200087 0.00516944565 -0.000419999997
v 0.0120204287 0.00512948632 -0.000419999997
v 0.0120364297 0.00508797169 -0.000419999997
v 0.0119633907 0.00462268619 -0.000419999997
v 0.011935438 0.004588068 -0.000419999997
v 0.0119942976 0.00246233749 -0.000419999997
v 0.0119990092 0.00241809571 -0.000419999997
v 0.0119998464 0.00237361109 -0.000419999997
v 0.0119968038 0.00232922658 -0.000419999997
v 0.0110855866 0.00472147716 -0.000419999997
v 0.0110695846 0.0047629918 -0.000419999997
v 0.0110572623 0.00480574556 -0.000419999997
v 0.0120620131 0.00495731412 -0.000419999997
v 0.0120628504 0.00491282949 -0.000419999997
v 0.0119857481 0.00250599976 -0.000419999997
v 0.0117154969 0.00444205711 -0.000419999997
v 0.0117570115 0.00445806049 -0.000419999997
v 0.012048752 0.00504521793 -0.000419999997
v 0.0120573016 0.00500155566 -0.000419999997
v 0.0119899036 0.00228527305 -0.000419999997
v 0.0119791999 0.00224208459 -0.000419999997
v 0.0120598078 0.00486844499 -0.000419999997
v 0.0120529085 0.00482449122 -0.000419999997
v 0.0120422039 0.00478130672 -0.000419999997
v 0.0101814503 0.000848249358 -0.000419999997
v 0.0115711754 0.000336240715 -0.000419999997
v 0.0116132628 0.000321812928 -0.000419999997
v 0.0114143481 -0.000662799401 -0.000419999997
v 0.0113699604 -0.000659756537 -0.000419999997
v 0.0101258876 -0.00139106356 -0.000419999997
v 0.0113260075 -0.000652856426 -0.000419999997
v 0.0112828221 -0.000642152037 -0.000419999997
v 0.0112407347 -0.000627724279 -0.000419999997
v 0.0112000648 -0.000609683455 -0.000419999997
v 0.0111089693 0.000245738978 -0.000419999997
v 0.0111449277 0.000271939818 -0.000419999997
v 0.0117450291 -0.000551650301 -0.000419999997
v 0.0117090698 -0.00057785114 -0.000419999997
v 0.0111611215 -0.00058816775 -0.000419999997
v 0.0111242021 -0.000563339156 -0.000419999997
v 0.0110895876 -0.000535387197 -0.000419999997
v 0.0116539327 0.000303772133 -0.000419999997
v 0.011692876 0.000282256427 -0.000419999997
v 0.0117297955 0.000257427804 -0.000419999997
v 0.0109917875 0.000112922273 -0.000419999997
v 0.0110166157 0.000149840751 -0.000419999997
v 0.0113951657 0.000356050325 -0.000419999997
v 0.0114396494 0.00035688802 -0.000419999997
v 0.0114840372 0.000353845186 -0.000419999997
v 0.0115279909 0.000346945075 -0.000419999997
v 0.0110445684 0.000184455173 -0.000419999997
v 0.0110754305 0.000216502536 -0.000419999997
v 0.0112645095 0.000330466341 -0.000419999997
v 0.011307261 0.000342789077 -0.000419999997
v 0.0113509241 0.00035133856 -0.000419999997
v 0.011589488 -0.000636377663 -0.000419999997
v 0.0115467366 -0.000648700399 -0.000419999997
v 0.0115030743 -0.000657249882 -0.000419999997
v 0.0114588328 -0.000661961676 -0.000419999997
v 0.0111830328 0.000294906873 -0.000419999997
v 0.0112229949 0.000314464764 -0.000419999997
v 0.0117644109 0.00022947586 -0.000419999997
v 0.0117964577 0.000198612077 -0.000419999997
v 0.0118256928 0.000165073536 -0.000419999997
v 0.0116709648 -0.000600818195 -0.000419999997
v 0.0116310026 -0.000620376086 -0.000419999997
v 0.0110021038 -0.00043502677 -0.000419999997
v 0.0109791365 -0.000396922347 -0.000419999997
v 0.0110575398 -0.000504523399 -0.000419999997
v 0.0110283047 -0.000470984873 -0.000419999997
v 0.0109595777 -0.000356959179 -0.000419999997
v 0.0109435767 -0.00031544466 -0.000419999997
v 0.0109312544 -0.000272692909 -0.000419999997
v 0.0109201986 -9.59177851e-05 -0.000419999997
v 0.0109270979 -5.19642454e-05 -0.000419999997
v 0.0109378025 -8.77958973e-06 -0.000419999997
v 0.0118518937 0.000129115433 -0.000419999997
v 0.0118748611 9.10110248e-05 -0.000419999997
v 0.0118944198 5.10478494e-05 -0.000419999997
v 0.0119104218 9.53330982e-06 -0.000419999997
v 0.0119227441 -3.32184136e-05 -0.000419999997
v 0.0119312927 -7.68808022e-05 -0.000419999997
v 0.0119017679 -0.000339219754 -0.000419999997
v 0.011916195 -0.000297131744 -0.000419999997
v 0.0119268997 -0.000253947102 -0.000419999997
v 0.0118837273 -0.000379889621 -0.000419999997
v 0.0118622109 -0.000418833602 -0.000419999997
v 0.0118373819 -0.000455752073 -0.000419999997
v 0.0118094301 -0.000490366481 -0.000419999997
v 0.011778567 -0.000522413873 -0.000419999997
v 0.0109522296 3.33084099e-05 -0.000419999997
v 0.0109702703 7.39782845e-05 -0.000419999997
v 0.0119360043 -0.000121122437 -0.000419999997
v 0.0119368425 -0.000165605205 -0.000419999997
v 0.0119337998 -0.000209993552 -0.000419999997
v 0.0109227048 -0.000229030542 -0.000419999997
v 0.0109179933 -0.000184788893 -0.000419999997
v 0.010917156 -0.00014030427 -0.000419999997
v 0.0113513442 -0.00320201763 -0.000419999997
v 0.0113069564 -0.00319897477 -0.000419999997
v 0.0100628836 -0.00393028185 -0.000419999997
v 0.0112630026 -0.0031920746 -0.000419999997
v 0.0112198181 -0.00318137021 -0.000419999997
v 0.0113321608 -0.00218316796 -0.000419999997
v 0.0113766454 -0.00218233024 -0.000419999997
v 0.0114210332 -0.0021853731 -0.000419999997
v 0.011526484 -0.00317559601 -0.000419999997
v 0.0114837326 -0.00318791857 -0.000419999997
v 0.0114400694 -0.00319646811 -0.000419999997
v 0.0113958279 -0.0032011799 -0.000419999997
v 0.0112015055 -0.00220875186 -0.000419999997
v 0.011244257 -0.00219642906 -0.000419999997
v 0.0112879192 -0.00218787976 -0.000419999997
v 0.011464986 -0.00219227327 -0.000419999997
v 0.0115081714 -0.00220297743 -0.000419999997
v 0.0115502588 -0.00221740524 -0.000419999997
v 0.0116460659 -0.00311706937 -0.000419999997
v 0.0116079608 -0.00314003648 -0.000419999997
v 0.0115679987 -0.00315959426 -0.000419999997
v 0.0111777307 -0.00316694262 -0.000419999997
v 0.0111370608 -0.00314890174 -0.000419999997
v 0.0110981176 -0.0031273861 -0.000419999997
v 0.0109815635 -0.00235476298 -0.000419999997
v 0.0109536117 -0.00238937745 -0.000419999997
v 0.0109287826 -0.00242629787 -0.000419999997
v 0.0115909288 -0.00223544613 -0.000419999997
v 0.011629872 -0.00225696177 -0.000419999997
v 0.0116667915 -0.00228179037 -0.000419999997
v 0.011701406 -0.00230974238 -0.000419999997
v 0.0117334537 -0.00234060618 -0.000419999997
v 0.0117626889 -0.00237414474 -0.000419999997
v 0.0117743779 -0.00299497042 -0.000419999997
v 0.0117464252 -0.00302958651 -0.000419999997
v 0.0110611981 -0.0031025575 -0.000419999997
v 0.0110265827 -0.00307460548 -0.000419999997
v 0.0109945359 -0.00304374169 -0.000419999997
v 0.0109653007 -0.00301020499 -0.000419999997
v 0.0109390998 -0.002974245 -0.000419999997
v 0.0109161325 -0.00293614063 -0.000419999997
v 0.0110124266 -0.00232271571 -0.000419999997
v 0.0110459644 -0.00229347916 -0.000419999997
v 0.0110819237 -0.0022672785 -0.000419999997
v 0.011715563 -0.00306163216 -0.000419999997
v 0.0116820242 -0.00309086847 -0.000419999997
v 0.0108571947 -0.00263513601 -0.000419999997
v 0.0108640939 -0.00259118248 -0.000419999997
v 0.0108747985 -0.00254799775 -0.000419999997
v 0.0111200288 -0.00224431138 -0.000419999997
v 0.0111599909 -0.00222475361 -0.000419999997
v 0.0117888898 -0.00241010287 -0.000419999997
v 0.0118118571 -0.0024482091 -0.000419999997
v 0.0118314158 -0.00248817052 -0.000419999997
v 0.0118474169 -0.00252968492 -0.000419999997
v 0.0118597392 -0.00257243658 -0.000419999997
v 0.0118682887 -0.00261609908 -0.000419999997
v 0.0118531911 -0.00283635012 -0.000419999997
v 0.011838764 -0.00287843798 -0.000419999997
v 0.0108965738 -0.00289617735 -0.000419999997
v 0.0108805718 -0.00285466295 -0.000419999997
v 0.0108682495 -0.00281191128 -0.000419999997
v 0.0108892256 -0.00250590988 -0.000419999997
v 0.0109072663 -0.00246523996 -0.000419999997
v 0.0118638957 -0.00279316539 -0.000419999997
v 0.0118207233 -0.00291910791 -0.000419999997
v 0.011799207 -0.00295805186 -0.000419999997
v 0.0118730003 -0.00266034063 -0.000419999997
v 0.0118738376 -0.00270482525 -0.000419999997
v 0.0118707949 -0.00274921185 -0.000419999997
v 0.0108597009 -0.00276824879 -0.000419999997
v 0.0108549893 -0.00272400724 -0.000419999997
v 0.010854152 -0.00267952448 -0.000419999997
v 0.0112883402 -0.0057412358 -0.000419999997
v 0.0112439524 -0.00573819317 -0.000419999997
v 0.0099998787 -0.00646950025 -0.000419999997
v 0.0111999987 -0.005731293 -0.000419999997
v 0.0111568142 -0.00572058838 -0.000419999997
v 0.0112691568 -0.00472238613 -0.000419999997
v 0.0113136405 -0.00472155027 -0.000419999997
v 0.0113580283 -0.0047245915 -0.000419999997
v 0.0114634791 -0.00571481418 -0.000419999997
v 0.0114207277 -0.00572713697 -0.000419999997
v 0.0113770654 -0.00573568651 -0.000419999997
v 0.0113328239 -0.00574039808 -0.000419999997
v 0.0111385016 -0.00474797003 -0.000419999997
v 0.011181253 -0.00473564724 -0.000419999997
v 0.0112249153 -0.00472709816 -0.000419999997
v 0.011401982 -0.00473149121 -0.000419999997
v 0.0114451665 -0.00474219583 -0.000419999997
v 0.0114872549 -0.00475662341 -0.000419999997
v 0.0115830619 -0.00565628754 -0.000419999997
v 0.0115449559 -0.00567925489 -0.000419999997
v 0.0115049938 -0.00569881452 -0.000419999997
v 0.0111147258 -0.00570616079 -0.000419999997
v 0.0110740559 -0.00568812201 -0.000419999997
v 0.0110351136 -0.00566660427 -0.000419999997
v 0.0109185595 -0.00489398139 -0.000419999997
v 0.0108906077 -0.00492859585 -0.000419999997
v 0.0108657787 -0.00496551627 -0.000419999997
v 0.0115279248 -0.00477466453 -0.000419999997
v 0.0115668671 -0.00479617994 -0.000419999997
v 0.0116037866 -0.00482100854 -0.000419999997
v 0.011638402 -0.00484896265 -0.000419999997
v 0.0116704488 -0.00487982435 -0.000419999997
v 0.011699684 -0.00491336314 -0.000419999997
v 0.011711373 -0.00553418882 -0.000419999997
v 0.0116834212 -0.00556880469 -0.000419999997
v 0.0109981941 -0.00564177567 -0.000419999997
v 0.0109635787 -0.00561382389 -0.000419999997
v 0.0109315319 -0.00558296172 -0.000419999997
v 0.0109022968 -0.0055494234 -0.000419999997
v 0.0108760949 -0.00551346317 -0.000419999997
v 0.0108531285 -0.00547535904 -0.000419999997
v 0.0109494217 -0.00486193411 -0.000419999997
v 0.0109829605 -0.00483269943 -0.000419999997
v 0.0110189188 -0.00480649667 -0.000419999997
v 0.011652559 -0.00560085243 -0.000419999997
v 0.0116190203 -0.00563008664 -0.000419999997
v 0.0107941898 -0.00517435418 -0.000419999997
v 0.0108010899 -0.00513040088 -0.000419999997
v 0.0108117936 -0.00508721592 -0.000419999997
v 0.0110570248 -0.00478352979 -0.000419999997
v 0.0110969869 -0.00476397155 -0.000419999997
v 0.0117258858 -0.00494932104 -0.000419999997
v 0.0117488531 -0.0049874275 -0.000419999997
v 0.0117684118 -0.00502738869 -0.000419999997
v 0.0117844129 -0.00506890332 -0.000419999997
v 0.0117967352 -0.00511165475 -0.000419999997
v 0.0118052848 -0.00515531749 -0.000419999997
v 0.0117901871 -0.00537556829 -0.000419999997
v 0.011775759 -0.00541765615 -0.000419999997
v 0.0108335698 -0.00543539552 -0.000419999997
v 0.0108175678 -0.00539388135 -0.000419999997
v 0.0108052455 -0.00535112945 -0.000419999997
v 0.0108262217 -0.00504512805 -0.000419999997
v 0.0108442623 -0.00500445813 -0.000419999997
v 0.0118008908 -0.00533238379 -0.000419999997
v 0.0117577184 -0.00545832608 -0.000419999997
v 0.0117362021 -0.00549727026 -0.000419999997
v 0.0118099963 -0.00519955903 -0.000419999997
v 0.0118108336 -0.00524404366 -0.000419999997
v 0.011807791 -0.00528843002 -0.000419999997
v 0.0107966959 -0.00530746719 -0.000419999997
v 0.0107919853 -0.00526322564 -0.000419999997
v 0.0107911471 -0.00521874288 -0.000419999997
v 0.0109721087 -0.00820582267 -0.000419999997
v 0.0109351892 -0.00818099361 -0.000419999997
v 0.00993687473 -0.00900871865 -0.000419999997
v 0.0111619113 -0.0072663161 -0.000419999997
v 0.0112061528 -0.0072616064 -0.000419999997
v 0.0115038631 -0.00733539835 -0.000419999997
v 0.0115407826 -0.0073602288 -0.000419999997
v 0.0112253353 -0.0082804542 -0.000419999997
v 0.0111809485 -0.00827741157 -0.000419999997
v 0.0111369947 -0.0082705114 -0.000419999997
v 0.0110938093 -0.00825980678 -0.000419999997
v 0.0109199565 -0.00737191783 -0.000419999997
v 0.0109559149 -0.00734571693 -0.000419999997
v 0.0109940199 -0.00732274773 -0.000419999997
v 0.011033982 -0.00730318995 -0.000419999997
v 0.0112506365 -0.00726076867 -0.000419999997
v 0.0112950243 -0.00726381131 -0.000419999997
v 0.0113389781 -0.00727070961 -0.000419999997
v 0.0113821626 -0.00728141423 -0.000419999997
v 0.0110517219 -0.0082453806 -0.000419999997
v 0.0110110519 -0.00822733995 -0.000419999997
v 0.01142425 -0.00729584182 -0.000419999997
v 0.0114649199 -0.00731388247 -0.000419999997
v 0.0115560163 -0.00816930551 -0.000419999997
v 0.0115200579 -0.00819550548 -0.000419999997
v 0.0114819519 -0.00821847282 -0.000419999997
v 0.0114419898 -0.00823803246 -0.000419999997
v 0.0113140615 -0.00827490445 -0.000419999997
v 0.0112698199 -0.00827961601 -0.000419999997
v 0.0109005747 -0.00815304182 -0.000419999997
v 0.010868527 -0.00812217966 -0.000419999997
v 0.0108392918 -0.0080886418 -0.000419999997
v 0.0108027747 -0.00750473421 -0.000419999997
v 0.0108276028 -0.00746781426 -0.000419999997
v 0.0110754967 -0.00728718843 -0.000419999997
v 0.0111182481 -0.00727486564 -0.000419999997
v 0.0114004752 -0.00825403444 -0.000419999997
v 0.0113577237 -0.00826635491 -0.000419999997
v 0.010738085 -0.00766961882 -0.000419999997
v 0.0107487896 -0.00762643432 -0.000419999997
v 0.0108555555 -0.00743319979 -0.000419999997
v 0.0108864177 -0.00740115205 -0.000419999997
v 0.011575398 -0.00738818059 -0.000419999997
v 0.0116074448 -0.00741904275 -0.000419999997
v 0.01163668 -0.00745258108 -0.000419999997
v 0.0116731981 -0.00803648867 -0.000419999997
v 0.011648369 -0.00807340723 -0.000419999997
v 0.0116204172 -0.00810802355 -0.000419999997
v 0.0115895541 -0.00814007036 -0.000419999997
v 0.010813091 -0.00805268157 -0.000419999997
v 0.0107901236 -0.00801457744 -0.000419999997
v 0.0107705649 -0.00797461439 -0.000419999997
v 0.0107632168 -0.00758434646 -0.000419999997
v 0.0107812574 -0.00754367653 -0.000419999997
v 0.0116628809 -0.00748853944 -0.000419999997
v 0.0116858482 -0.00752664544 -0.000419999997
v 0.0117054069 -0.00756660709 -0.000419999997
v 0.0107545638 -0.00793309975 -0.000419999997
v 0.0107422415 -0.00789034925 -0.000419999997
v 0.010733692 -0.00784668513 -0.000419999997
v 0.0117214089 -0.00760812126 -0.000419999997
v 0.0117337313 -0.00765087316 -0.000419999997
v 0.0117422799 -0.00769453542 -0.000419999997
v 0.0117378868 -0.00787160173 -0.000419999997
v 0.0117271822 -0.00791478809 -0.000419999997
v 0.0107289804 -0.00780244358 -0.000419999997
v 0.0107281432 -0.00775796082 -0.000419999997
v 0.0107311858 -0.00771357259 -0.000419999997
v 0.0117469914 -0.00773877744 -0.000419999997
v 0.0117478296 -0.00778326206 -0.000419999997
v 0.011744787 -0.00782764796 -0.000419999997
v 0.0117127551 -0.00795687456 -0.000419999997
v 0.0116947144 -0.00799754448 -0.000419999997
v 0.0109091047 -0.0107450411 -0.000419999997
v 0.0108721852 -0.010720212 -0.000419999997
v 0.00987387076 -0.0115479371 -0.000419999997
v 0.0110989064 -0.00980553403 -0.000419999997
v 0.0111431479 -0.00980082434 -0.000419999997
v 0.0114408592 -0.00987461861 -0.000419999997
v 0.0114777787 -0.00989944674 -0.000419999997
v 0.0111623313 -0.0108196726 -0.000419999997
v 0.0111179436 -0.01081663 -0.000419999997
v 0.0110739898 -0.0108097298 -0.000419999997
v 0.0110308053 -0.0107990252 -0.000419999997
v 0.0108569516 -0.00991113577 -0.000419999997
v 0.0108929109 -0.00988493487 -0.000419999997
v 0.0109310159 -0.00986196846 -0.000419999997
v 0.0109709781 -0.00984240789 -0.000419999997
v 0.0111876326 -0.00979998708 -0.000419999997
v 0.0112320203 -0.00980302971 -0.000419999997
v 0.0112759732 -0.00980992801 -0.000419999997
v 0.0113191586 -0.00982063264 -0.000419999997
v 0.0109887179 -0.010784599 -0.000419999997
v 0.010948048 -0.0107665583 -0.000419999997
v 0.011361246 -0.00983505975 -0.000419999997
v 0.0114019159 -0.00985310134 -0.000419999997
v 0.0114930123 -0.010708523 -0.000419999997
v 0.011457053 -0.0107347239 -0.000419999997
v 0.011418948 -0.0107576912 -0.000419999997
v 0.0113789858 -0.0107772509 -0.000419999997
v 0.0112510566 -0.0108141229 -0.000419999997
v 0.011206815 -0.0108188344 -0.000419999997
v 0.0108375698 -0.0106922602 -0.000419999997
v 0.010805523 -0.0106613981 -0.000419999997
v 0.0107762879 -0.0106278602 -0.000419999997
v 0.0107397698 -0.0100439526 -0.000419999997
v 0.0107645988 -0.0100070322 -0.000419999997
v 0.0110124927 -0.00982640684 -0.000419999997
v 0.0110552441 -0.00981408358 -0.000419999997
v 0.0113374712 -0.0107932528 -0.000419999997
v 0.0112947198 -0.0108055733 -0.000419999997
v 0.0106750811 -0.0102088377 -0.000419999997
v 0.0106857857 -0.0101656523 -0.000419999997
v 0.0107925506 -0.00997241773 -0.000419999997
v 0.0108234137 -0.00994037092 -0.000419999997
v 0.0115123931 -0.00992739946 -0.000419999997
v 0.0115444409 -0.00995826069 -0.000419999997
v 0.011573676 -0.00999179948 -0.000419999997
v 0.0116101941 -0.0105757071 -0.000419999997
v 0.011585365 -0.0106126266 -0.000419999997
v 0.0115574123 -0.010647241 -0.000419999997
v 0.0115265502 -0.0106792888 -0.000419999997
v 0.010750087 -0.0105919018 -0.000419999997
v 0.0107271196 -0.0105537958 -0.000419999997
v 0.0107075609 -0.0105138337 -0.000419999997
v 0.0107002128 -0.0101235649 -0.000419999997
v 0.0107182534 -0.0100828949 -0.000419999997
v 0.0115998769 -0.0100277578 -0.000419999997
v 0.0116228443 -0.0100658638 -0.000419999997
v 0.011642403 -0.010105825 -0.000419999997
v 0.0106915589 -0.0104723172 -0.000419999997
v 0.0106792366 -0.0104295677 -0.000419999997
v 0.010670688 -0.0103859054 -0.000419999997
v 0.011658404 -0.0101473397 -0.000419999997
v 0.0116707264 -0.0101900911 -0.000419999997
v 0.0116792759 -0.0102337543 -0.000419999997
v 0.0116748828 -0.010410822 -0.000419999997
v 0.0116641782 -0.0104540065 -0.000419999997
v 0.0106659764 -0.0103416638 -0.000419999997
v 0.0106651392 -0.0102971792 -0.000419999997
v 0.0106681818 -0.0102527905 -0.000419999997
v 0.0116839875 -0.0102779958 -0.000419999997
v 0.0116848247 -0.0103224805 -0.000419999997
v 0.0116817821 -0.0103668682 -0.000419999997
v 0.0116497511 -0.010496093 -0.000419999997
v 0.0116317105 -0.0105367647 -0.000419999997
v 0.010862709 -0.0158630349 -0.000419999997
v 0.0108220391 -0.0158449952 -0.000419999997
v 0.00974786188 -0.0166263748 -0.000419999997
v 0.0107939476 -0.0124503542 -0.000419999997
v 0.010829906 -0.0124241533 -0.000419999997
v 0.010868012 -0.0124011859 -0.000419999997
v 0.0109079741 -0.0123816263 -0.000419999997
v 0.0110359024 -0.0123447543 -0.000419999997
v 0.011080144 -0.0123400427 -0.000419999997
v 0.0112114623 -0.0158716887 -0.000419999997
v 0.0111687109 -0.0158840101 -0.000419999997
v 0.0111250486 -0.0158925597 -0.000419999997
v 0.0110808071 -0.0158972722 -0.000419999997
v 0.0110363225 -0.0158981103 -0.000419999997
v 0.0109919347 -0.0158950668 -0.000419999997
v 0.0111246277 -0.0123392055 -0.000419999997
v 0.0111690154 -0.0123422481 -0.000419999997
v 0.0112129692 -0.0123491483 -0.000419999997
v 0.0112561537 -0.012359852 -0.000419999997
v 0.0111880526 -0.0133533431 -0.000419999997
v 0.011143811 -0.0133580528 -0.000419999997
v 0.0109479818 -0.0158881675 -0.000419999997
v 0.0109047964 -0.0158774629 -0.000419999997
v 0.0107830958 -0.0158234779 -0.000419999997
v 0.0107461764 -0.0157986488 -0.000419999997
v 0.0107115619 -0.015770698 -0.000419999997
v 0.0108850431 -0.0133057768 -0.000419999997
v 0.0108461007 -0.0132842595 -0.000419999997
v 0.0108091813 -0.0132594304 -0.000419999997
v 0.0107745659 -0.0132314786 -0.000419999997
v 0.0106767658 -0.012583171 -0.000419999997
v 0.0107015949 -0.0125462506 -0.000419999997
v 0.011298242 -0.0123742782 -0.000419999997
v 0.011338912 -0.0123923188 -0.000419999997
v 0.0113778543 -0.012413837 -0.000419999997
v 0.0114300074 -0.0132477414 -0.000419999997
v 0.011394049 -0.0132739423 -0.000419999997
v 0.011355943 -0.0132969096 -0.000419999997
v 0.0113159809 -0.0133164693 -0.000419999997
v 0.0107295467 -0.0125116361 -0.000419999997
v 0.0107604098 -0.0124795884 -0.000419999997
v 0.0109494887 -0.0123656252 -0.000419999997
v 0.0109922402 -0.0123533038 -0.000419999997
v 0.0113670034 -0.0157869607 -0.000419999997
v 0.0113310441 -0.0158131626 -0.000419999997
v 0.0114147738 -0.0124386651 -0.000419999997
v 0.0114493892 -0.0124666169 -0.000419999997
v 0.011481436 -0.0124974791 -0.000419999997
v 0.0110993274 -0.013358891 -0.000419999997
v 0.0106137618 -0.0151223894 -0.000419999997
v 0.01063859 -0.0150854699 -0.000419999997
v 0.0108050071 -0.0149404043 -0.000419999997
v 0.010766902 -0.0149633717 -0.000419999997
v 0.0107309436 -0.0149895726 -0.000419999997
v 0.0112744663 -0.0133324713 -0.000419999997
v 0.0112317149 -0.0133447936 -0.000419999997
v 0.0106795141 -0.0157398339 -0.000419999997
v 0.010650279 -0.015706297 -0.000419999997
v 0.0106240781 -0.0156703386 -0.000419999997
v 0.0105597768 -0.01524409 -0.000419999997
v 0.0105742039 -0.0152020017 -0.000419999997
v 0.0105922446 -0.0151613317 -0.000419999997
v 0.0106665427 -0.0150508555 -0.000419999997
v 0.0106974049 -0.0150188077 -0.000419999997
v 0.0112929391 -0.015836129 -0.000419999997
v 0.011252977 -0.0158556867 -0.000419999997
v 0.0107425191 -0.0132006165 -0.000419999997
v 0.0107132839 -0.0131670777 -0.000419999997
v 0.0106870821 -0.0131311202 -0.000419999997
v 0.0106641157 -0.0130930133 -0.000419999997
v 0.010644556 -0.0130530521 -0.000419999997
v 0.010628555 -0.0130115375 -0.000419999997
v 0.0106227808 -0.0127048707 -0.000419999997
v 0.0106372088 -0.0126627851 -0.000419999997
v 0.0106552495 -0.0126221133 -0.000419999997
v 0.0115223601 -0.013151845 -0.000419999997
v 0.0114944084 -0.0131864594 -0.000419999997
v 0.0114635462 -0.0132185072 -0.000419999997
v 0.0108449692 -0.0149208456 -0.000419999997
v 0.0108864838 -0.0149048446 -0.000419999997
v 0.0109292353 -0.0148925213 -0.000419999997
v 0.0110616237 -0.014878423 -0.000419999997
v 0.0111060115 -0.0148814665 -0.000419999997
v 0.0111499652 -0.0148883658 -0.000419999997
v 0.0111931497 -0.0148990694 -0.000419999997
v 0.0112352371 -0.0149134975 -0.000419999997
v 0.011275907 -0.0149315381 -0.000419999997
v 0.0113148503 -0.0149530554 -0.000419999997
v 0.0113517698 -0.0149778835 -0.000419999997
v 0.0106011108 -0.0156322327 -0.000419999997
v 0.0105815521 -0.0155922705 -0.000419999997
v 0.010565551 -0.015550755 -0.000419999997
v 0.0105532287 -0.0155080045 -0.000419999997
v 0.0105446791 -0.0154643422 -0.000419999997
v 0.0105399676 -0.0154201007 -0.000419999997
v 0.0115106711 -0.0125310179 -0.000419999997
v 0.0115368729 -0.0125669762 -0.000419999997
v 0.0115598403 -0.0126050822 -0.000419999997
v 0.0109728985 -0.0148839718 -0.000419999997
v 0.01101714 -0.0148792611 -0.000419999997
v 0.0106162326 -0.0129687861 -0.000419999997
v 0.0106076831 -0.0129251238 -0.000419999997
v 0.0106029725 -0.0128808822 -0.000419999997
v 0.0106021343 -0.0128363976 -0.000419999997
v 0.0106051769 -0.0127920089 -0.000419999997
v 0.0106120771 -0.0127480552 -0.000419999997
v 0.011579399 -0.0126450434 -0.000419999997
v 0.0115954001 -0.0126865599 -0.000419999997
v 0.0116077224 -0.0127293095 -0.000419999997
v 0.0115867462 -0.0130353132 -0.000419999997
v 0.0115687056 -0.0130759832 -0.000419999997
v 0.0115471892 -0.0131149245 -0.000419999997
v 0.0113863852 -0.0150058353 -0.000419999997
v 0.011418432 -0.0150366984 -0.000419999997
v 0.0114476671 -0.0150702372 -0.000419999997
v 0.0114593562 -0.0156910643 -0.000419999997
v 0.0114841852 -0.0156541448 -0.000419999997
v 0.0115057016 -0.0156152006 -0.000419999997
v 0.0116162719 -0.0127729718 -0.000419999997
v 0.0116209835 -0.0128172133 -0.000419999997
v 0.0116218207 -0.0128616979 -0.000419999997
v 0.0115323961 -0.0152257774 -0.000419999997
v 0.0115447184 -0.0152685288 -0.000419999997
v 0.011553267 -0.0153121911 -0.000419999997
v 0.0115579786 -0.0153564326 -0.000419999997
v 0.0115588168 -0.0154009163 -0.000419999997
v 0.0115557732 -0.015445305 -0.000419999997
v 0.011548874 -0.0154892588 -0.000419999997
v 0.0115381693 -0.0155324433 -0.000419999997
v 0.0115237422 -0.0155745298 -0.000419999997
v 0.0114314044 -0.0157256778 -0.000419999997
v 0.0114005413 -0.0157577246 -0.000419999997
v 0.0105391303 -0.015375616 -0.000419999997
v 0.0105421729 -0.0153312283 -0.000419999997
v 0.0105490722 -0.0152872745 -0.000419999997
v 0.0116187781 -0.0129060866 -0.000419999997
v 0.0116118779 -0.0129500404 -0.000419999997
v 0.0116011743 -0.0129932249 -0.000419999997
v 0.011473868 -0.0151061947 -0.000419999997
v 0.0114968354 -0.0151443006 -0.000419999997
v 0.0115163941 -0.0151842628 -0.000419999997
v 0.0110549396 -0.0133558474 -0.000419999997
v 0.0110109858 -0.0133489491 -0.000419999997
v 0.0109678013 -0.0133382455 -0.000419999997
v 0.010925713 -0.0133238174 -0.000419999997
v 0.0107819652 -0.0174600631 -0.000419999997
v 0.0108234799 -0.017444063 -0.000419999997
v 0.0113039995 -0.0183261782 -0.000419999997
v 0.0112680402 -0.01835238 -0.000419999997
v 0.0111484583 -0.0184109081 -0.000419999997
v 0.0111057069 -0.0184232295 -0.000419999997
v 0.0110620437 -0.018431779 -0.000419999997
v 0.00968485791 -0.0191655923 -0.000419999997
v 0.0110178022 -0.0184364896 -0.000419999997
v 0.0109733185 -0.0184373278 -0.000419999997
v 0.0109289307 -0.0184342861 -0.000419999997
v 0.0112299351 -0.0183753464 -0.000419999997
v 0.011189973 -0.0183949061 -0.000419999997
v 0.0108849769 -0.0184273869 -0.000419999997
v 0.0108417924 -0.0184166823 -0.000419999997
v 0.0107997051 -0.0184022542 -0.000419999997
v 0.0107590351 -0.0183842126 -0.000419999997
v 0.0107200919 -0.0183626972 -0.000419999997
v 0.0106831724 -0.0183378682 -0.000419999997
v 0.0106679387 -0.017528791 -0.000419999997
v 0.010703898 -0.0175025892 -0.000419999997
v 0.0107420031 -0.0174796227 -0.000419999997
v 0.0111301458 -0.0174382888 -0.000419999997
v 0.0111722331 -0.017452715 -0.000419999997
v 0.0112129031 -0.0174707565 -0.000419999997
v 0.0112518463 -0.0174922738 -0.000419999997
v 0.0108662313 -0.0174317397 -0.000419999997
v 0.0109098935 -0.017423192 -0.000419999997
v 0.0109541351 -0.0174184795 -0.000419999997
v 0.0109986197 -0.0174176414 -0.000419999997
v 0.0110430075 -0.0174206849 -0.000419999997
v 0.0110869603 -0.0174275842 -0.000419999997
v 0.0114817135 -0.0178077463 -0.000419999997
v 0.011490263 -0.0178514104 -0.000419999997
v 0.0112887658 -0.017517101 -0.000419999997
v 0.0113233803 -0.0175450537 -0.000419999997
v 0.011355428 -0.0175759159 -0.000419999997
v 0.0113963522 -0.0182302818 -0.000419999997
v 0.0114211813 -0.0181933623 -0.000419999997
v 0.0114426976 -0.01815442 -0.000419999997
v 0.010648557 -0.0183099154 -0.000419999997
v 0.0106165102 -0.0182790533 -0.000419999997
v 0.010587275 -0.0182455145 -0.000419999997
v 0.0104860682 -0.0178264938 -0.000419999997
v 0.0104967728 -0.0177833084 -0.000419999997
v 0.0105111999 -0.0177412219 -0.000419999997
v 0.0113846632 -0.0176094547 -0.000419999997
v 0.0114108641 -0.0176454131 -0.000419999997
v 0.0114338314 -0.0176835191 -0.000419999997
v 0.0114533901 -0.0177234802 -0.000419999997
v 0.0114693912 -0.0177649967 -0.000419999997
v 0.01148587 -0.0180284772 -0.000419999997
v 0.0114751654 -0.0180716608 -0.000419999997
v 0.0114607383 -0.0181137491 -0.000419999997
v 0.0113683995 -0.0182648953 -0.000419999997
v 0.0113375373 -0.018296944 -0.000419999997
v 0.0105292406 -0.0177005511 -0.000419999997
v 0.0105507569 -0.0176616069 -0.000419999997
v 0.010575586 -0.0176246874 -0.000419999997
v 0.0106035378 -0.0175900739 -0.000419999997
v 0.0106344009 -0.0175580271 -0.000419999997
v 0.0114949746 -0.017895652 -0.000419999997
v 0.0114958119 -0.0179401357 -0.000419999997
v 0.0114927692 -0.0179845225 -0.000419999997
v 0.0105610741 -0.0182095561 -0.000419999997
v 0.0105381068 -0.018171452 -0.000419999997
v 0.0105185481 -0.0181314889 -0.000419999997
v 0.0105025461 -0.0180899743 -0.000419999997
v 0.0104902238 -0.0180472229 -0.000419999997
v 0.0104816752 -0.0180035606 -0.000419999997
v 0.0104769636 -0.0179593191 -0.000419999997
v 0.0104761263 -0.0179148354 -0.000419999997
v 0.010479169 -0.0178704467 -0.000419999997
v 0.0107189612 -0.0199992824 -0.000419999997
v 0.0107604759 -0.0199832805 -0.000419999997
v 0.00962185301 -0.0217048097 -0.000419999997
v 0.0109103145 -0.0209765472 -0.000419999997
v 0.0108659267 -0.0209735036 -0.000419999997
v 0.010571396 -0.0200972445 -0.000419999997
v 0.0106049348 -0.0200680103 -0.000419999997
v 0.0111269681 -0.0209341254 -0.000419999997
v 0.0110854534 -0.0209501255 -0.000419999997
v 0.010821973 -0.0209666044 -0.000419999997
v 0.0107787885 -0.0209558997 -0.000419999997
v 0.0107367001 -0.0209414717 -0.000419999997
v 0.0106960302 -0.020923432 -0.000419999997
v 0.0106570879 -0.0209019165 -0.000419999997
v 0.0106201684 -0.0208770856 -0.000419999997
v 0.0106408931 -0.0200418085 -0.000419999997
v 0.0106789991 -0.0200188402 -0.000419999997
v 0.0110671408 -0.0199775081 -0.000419999997
v 0.0111092292 -0.0199919343 -0.000419999997
v 0.0111498991 -0.020009974 -0.000419999997
v 0.0111888414 -0.0200314913 -0.000419999997
v 0.011042702 -0.0209624488 -0.000419999997
v 0.0109990397 -0.0209709983 -0.000419999997
v 0.0109547982 -0.020975709 -0.000419999997
v 0.0114187095 -0.0203469656 -0.000419999997
v 0.0114272591 -0.0203906279 -0.000419999997
v 0.0104230642 -0.0203657113 -0.000419999997
v 0.0104337679 -0.0203225259 -0.000419999997
v 0.0108032273 -0.0199709591 -0.000419999997
v 0.0108468896 -0.0199624095 -0.000419999997
v 0.0108911311 -0.019957697 -0.000419999997
v 0.0109356148 -0.0199568607 -0.000419999997
v 0.0109800026 -0.0199599024 -0.000419999997
v 0.0110239564 -0.0199668035 -0.000419999997
v 0.0112257609 -0.0200563204 -0.000419999997
v 0.0112603763 -0.0200842731 -0.000419999997
v 0.0112924231 -0.0201151352 -0.000419999997
v 0.0113333473 -0.0207694992 -0.000419999997
v 0.0113581764 -0.0207325798 -0.000419999997
v 0.0113796927 -0.0206936374 -0.000419999997
v 0.0112409946 -0.0208653975 -0.000419999997
v 0.0112050362 -0.0208915975 -0.000419999997
v 0.0111669302 -0.0209145658 -0.000419999997
v 0.0113216583 -0.020148674 -0.000419999997
v 0.0113478601 -0.0201846324 -0.000419999997
v 0.0113708274 -0.0202227384 -0.000419999997
v 0.0113903861 -0.0202626996 -0.000419999997
v 0.0114063872 -0.0203042142 -0.000419999997
v 0.0114228651 -0.0205676947 -0.000419999997
v 0.0114121614 -0.0206108801 -0.000419999997
v 0.0113977334 -0.0206529684 -0.000419999997
v 0.0113053955 -0.0208041146 -0.000419999997
v 0.0112745333 -0.0208361614 -0.000419999997
v 0.010585553 -0.0208491348 -0.000419999997
v 0.0105535062 -0.0208182707 -0.000419999997
v 0.0105242711 -0.0207847338 -0.000419999997
v 0.010448196 -0.0202804394 -0.000419999997
v 0.0104662366 -0.0202397704 -0.000419999997
v 0.010487753 -0.0202008262 -0.000419999997
v 0.0114319706 -0.0204348695 -0.000419999997
v 0.0114328079 -0.0204793531 -0.000419999997
v 0.0114297653 -0.0205237418 -0.000419999997
v 0.010512582 -0.0201639067 -0.000419999997
v 0.0105405338 -0.0201292913 -0.000419999997
v 0.0104980692 -0.0207487755 -0.000419999997
v 0.0104751028 -0.0207106695 -0.000419999997
v 0.0104555432 -0.0206707064 -0.000419999997
v 0.0104395421 -0.0206291918 -0.000419999997
v 0.0104272198 -0.0205864403 -0.000419999997
v 0.0104186703 -0.0205427781 -0.000419999997
v 0.0104139596 -0.0204985365 -0.000419999997
v 0.0104131214 -0.0204540528 -0.000419999997
v 0.0104161641 -0.020409666 -0.000419999997
v 0.0106559563 -0.0225384999 -0.000419999997
v 0.010697471 -0.0225224998 -0.000419999997
v 0.0108029218 -0.0235127229 -0.000419999997
v 0.010758969 -0.0235058218 -0.000419999997
v 0.0105585409 -0.0242688339 -0.000419999997
v 0.010556899 -0.02418161 -0.000419999997
v 0.0110041369 -0.0225167256 -0.000419999997
v 0.0110462243 -0.0225311536 -0.000419999997
v 0.0110868942 -0.0225491934 -0.000419999997
v 0.0111258375 -0.0225707106 -0.000419999997
v 0.0111627569 -0.0225955397 -0.000419999997
v 0.0109360358 -0.0235102158 -0.000419999997
v 0.0108917942 -0.0235149283 -0.000419999997
v 0.0108473096 -0.0235157646 -0.000419999997
v 0.0110639641 -0.0234733429 -0.000419999997
v 0.0110224495 -0.0234893449 -0.000419999997
v 0.0107402224 -0.0225101765 -0.000419999997
v 0.0107838856 -0.022501627 -0.000419999997
v 0.0108281272 -0.0224969164 -0.000419999997
v 0.0108726108 -0.0224960782 -0.000419999997
v 0.0109169986 -0.0224991217 -0.000419999997
v 0.0109609524 -0.022506021 -0.000419999997
v 0.0111973723 -0.0226234905 -0.000419999997
v 0.0112294191 -0.0226543527 -0.000419999997
v 0.0112586543 -0.0226878915 -0.000419999997
v 0.010979698 -0.0235016663 -0.000419999997
v 0.00967068877 -0.0232503023 -0.000419999997
v 0.0097568715 -0.0232638326 -0.000419999997
v 0.00984154828 -0.0232848208 -0.000419999997
v 0.00992407277 -0.0233131088 -0.000419999997
v 0.0105419308 -0.0226072278 -0.000419999997
v 0.0105778892 -0.0225810278 -0.000419999997
v 0.0106159942 -0.0225580595 -0.000419999997
v 0.0103642158 -0.0231256597 -0.000419999997
v 0.0103556663 -0.0230819974 -0.000419999997
v 0.0100801764 -0.0233906731 -0.000419999997
v 0.0100038182 -0.0233484823 -0.000419999997
v 0.0103501175 -0.0229932722 -0.000419999997
v 0.0103531601 -0.0229488835 -0.000419999997
v 0.0103600593 -0.0229049306 -0.000419999997
v 0.010370764 -0.0228617452 -0.000419999997
v 0.0104612662 -0.0233239513 -0.000419999997
v 0.0102204401 -0.0234941635 -0.000419999997
v 0.0104905013 -0.0233574901 -0.000419999997
v 0.0102832783 -0.023554679 -0.000419999997
v 0.010522549 -0.0233883522 -0.000419999997
v 0.0103406021 -0.0236204416 -0.000419999997
v 0.0105571635 -0.023416305 -0.000419999997
v 0.0103919767 -0.0236909483 -0.000419999997
v 0.010594083 -0.023441134 -0.000419999997
v 0.0104370108 -0.0237656645 -0.000419999997
v 0.0106330262 -0.0234626513 -0.000419999997
v 0.0104753608 -0.0238440223 -0.000419999997
v 0.0106736962 -0.023480691 -0.000419999997
v 0.0105067361 -0.0239254236 -0.000419999997
v 0.0107157836 -0.0234951191 -0.000419999997
v 0.0105308974 -0.0240092501 -0.000419999997
v 0.0105476612 -0.0240948629 -0.000419999997
v 0.0112848552 -0.0227238499 -0.000419999997
v 0.0113078225 -0.0227619559 -0.000419999997
v 0.0113273812 -0.0228019189 -0.000419999997
v 0.0103509547 -0.0230377559 -0.000419999997
v 0.0103851911 -0.0228196569 -0.000419999997
v 0.0104032317 -0.0227789879 -0.000419999997
v 0.010424749 -0.0227400456 -0.000419999997
v 0.0113491565 -0.0231500976 -0.000419999997
v 0.0113347294 -0.0231921859 -0.000419999997
v 0.0111779906 -0.0234046169 -0.000419999997
v 0.0111420313 -0.0234308168 -0.000419999997
v 0.0111039262 -0.0234537851 -0.000419999997
v 0.0104350653 -0.0232879929 -0.000419999997
v 0.0104120979 -0.0232498869 -0.000419999997
v 0.0101525681 -0.0234393571 -0.000419999997
v 0.0103925392 -0.0232099257 -0.000419999997
v 0.0103765382 -0.0231684111 -0.000419999997
v 0.0104495771 -0.0227031261 -0.000419999997
v 0.0104775298 -0.0226685107 -0.000419999997
v 0.010508392 -0.0226364639 -0.000419999997
v 0.0113598611 -0.023106914 -0.000419999997
v 0.0113433832 -0.0228434335 -0.000419999997
v 0.0113557056 -0.022886185 -0.000419999997
v 0.0113642542 -0.0229298472 -0.000419999997
v 0.0113689657 -0.0229740888 -0.000419999997
v 0.0113698039 -0.0230185725 -0.000419999997
v 0.0113667604 -0.0230629593 -0.000419999997
v 0.0113166887 -0.0232328568 -0.000419999997
v 0.0112951724 -0.0232717991 -0.000419999997
v 0.0112703433 -0.0233087186 -0.000419999997
v 0.0112423915 -0.023343334 -0.000419999997
v 0.0112115284 -0.0233753808 -0.000419999997
v 0.0110009601 -0.0260125622 -0.000419999997
v 0.0109594455 -0.0260285623 -0.000419999997
v 0.0110238902 -0.0250884127 -0.000419999997
v 0.0110628335 -0.0251099281 -0.000419999997
v 0.0111664152 -0.025193572 -0.000419999997
v 0.0111956503 -0.0252271108 -0.000419999997
v 0.0112218512 -0.0252630692 -0.000419999997
v 0.0108287893 -0.0260541458 -0.000419999997
v 0.00947742723 -0.02752552 -0.000419999997
v 0.0108730309 -0.0260494351 -0.000419999997
v 0.0109166941 -0.0260408856 -0.000419999997
v 0.011099753 -0.0251347572 -0.000419999997
v 0.0111343674 -0.0251627099 -0.000419999997
v 0.0112448186 -0.0253011752 -0.000419999997
v 0.0112643773 -0.0253411364 -0.000419999997
v 0.0112803783 -0.025382651 -0.000419999997
v 0.0107843056 -0.026054984 -0.000419999997
v 0.0107399179 -0.0260519404 -0.000419999997
v 0.0106959641 -0.0260450412 -0.000419999997
v 0.0108539946 -0.0250383411 -0.000419999997
v 0.0108979475 -0.0250452403 -0.000419999997
v 0.0109411329 -0.0250559449 -0.000419999997
v 0.0109832203 -0.0250703711 -0.000419999997
v 0.0112861525 -0.0256893169 -0.000419999997
v 0.0112717254 -0.0257314052 -0.000419999997
v 0.0111149866 -0.0259438343 -0.000419999997
v 0.0110790273 -0.0259700362 -0.000419999997
v 0.0110409223 -0.0259930026 -0.000419999997
v 0.0105148852 -0.0251202453 -0.000419999997
v 0.010363522 -0.0248377472 -0.000419999997
v 0.0103087137 -0.0249056201 -0.000419999997
v 0.0106772184 -0.0250493959 -0.000419999997
v 0.0107208807 -0.0250408463 -0.000419999997
v 0.0105525749 -0.0243558679 -0.000419999997
v 0.0107651222 -0.0250361357 -0.000419999997
v 0.0108096069 -0.0250352975 -0.000419999997
v 0.00987745542 -0.0251919162 -0.000419999997
v 0.00979362894 -0.0252160784 -0.000419999997
v 0.00970801618 -0.0252328403 -0.000419999997
v 0.0105390465 -0.0244420525 -0.000419999997
v 0.0105180573 -0.0245267283 -0.000419999997
v 0.010634467 -0.0250617173 -0.000419999997
v 0.0104897683 -0.0246092528 -0.000419999997
v 0.0104543949 -0.0246889982 -0.000419999997
v 0.0112927007 -0.0254254024 -0.000419999997
v 0.0113012502 -0.0254690647 -0.000419999997
v 0.0113059618 -0.0255133063 -0.000419999997
v 0.0102879507 -0.0255769733 -0.000419999997
v 0.0102871135 -0.0255324896 -0.000419999997
v 0.00995885674 -0.0251605418 -0.000419999997
v 0.0102970554 -0.0254441481 -0.000419999997
v 0.01030776 -0.0254009645 -0.000419999997
v 0.0101119298 -0.0250771567 -0.000419999997
v 0.0106527796 -0.0260343365 -0.000419999997
v 0.0106106922 -0.0260199104 -0.000419999997
v 0.0105700223 -0.0260018688 -0.000419999997
v 0.010531079 -0.0259803515 -0.000419999997
v 0.0104941595 -0.0259555243 -0.000419999997
v 0.0104595441 -0.0259275716 -0.000419999997
v 0.0104122059 -0.0247653574 -0.000419999997
v 0.0105529903 -0.0250972789 -0.000419999997
v 0.0105929524 -0.0250777192 -0.000419999997
v 0.011306799 -0.0255577918 -0.000419999997
v 0.0113037564 -0.0256021786 -0.000419999997
v 0.0112968571 -0.0256461315 -0.000419999997
v 0.0112536848 -0.0257720742 -0.000419999997
v 0.0112321684 -0.0258110184 -0.000419999997
v 0.0112073394 -0.0258479379 -0.000419999997
v 0.0111793866 -0.0258825514 -0.000419999997
v 0.0111485245 -0.0259146001 -0.000419999997
v 0.0103295352 -0.0257491432 -0.000419999997
v 0.0103135332 -0.0257076304 -0.000419999997
v 0.0102901561 -0.0254881028 -0.000419999997
v 0.0100372136 -0.0251221899 -0.000419999997
v 0.0104274973 -0.0258967094 -0.000419999997
v 0.0103982622 -0.0258631706 -0.000419999997
v 0.0103720613 -0.0258272123 -0.000419999997
v 0.0103490939 -0.0257891063 -0.000419999997
v 0.0103617441 -0.025279263 -0.000419999997
v 0.0101824375 -0.0250257812 -0.000419999997
v 0.0103402277 -0.0253182054 -0.000419999997
v 0.0103221871 -0.0253588762 -0.000419999997
v 0.0103012109 -0.025664879 -0.000419999997
v 0.0102926623 -0.0256212149 -0.000419999997
v 0.0103865732 -0.0252423435 -0.000419999997
v 0.0104145249 -0.0252077281 -0.000419999997
v 0.0102481982 -0.0249684583 -0.000419999997
v 0.010445388 -0.0251756813 -0.000419999997
v 0.0104789259 -0.0251464471 -0.000419999997
v 0.0106389644 -0.0298370067 -0.000419999997
v 0.0106813209 -0.029946899 -0.000419999997
v 0.00931740832 -0.0290296506 -0.000419999997
v 0.00943515915 -0.0290274322 -0.000419999997
v 0.00955265574 -0.0290354863 -0.000419999997
v 0.00966900401 -0.0290537514 -0.000419999997
v 0.0101054655 -0.0292249862 -0.000419999997
v 0.0102031939 -0.0292907096 -0.000419999997
v 0.0107139386 -0.030060064 -0.000419999997
v 0.0107365688 -0.030175643 -0.000419999997
v 0.0102948211 -0.0293646995 -0.000419999997
v 0.0103796516 -0.0294463951 -0.000419999997
v 0.0104570398 -0.0295351725 -0.000419999997
v 0.0105263954 -0.0296303574 -0.000419999997
v 0.0105871903 -0.0297312252 -0.000419999997
v 0.0097833164 -0.0290820859 -0.000419999997
v 0.00989472494 -0.0291202758 -0.000419999997
v 0.0100023812 -0.0291680302 -0.000419999997
v 0.00936818682 -0.0317266025 -0.000419999997
v 0.0093197301 -0.0338810645 -0.000419999997
v 0.00948593765 -0.0317243859 -0.000419999997
v 0.00962501206 -0.0338753164 -0.000419999997
v 0.00960304774 -0.0317119136 -0.000419999997
v 0.00992863066 -0.0338429809 -0.000419999997
v 0.00971862581 -0.0316892825 -0.000419999997
v 0.0102282763 -0.0337843113 -0.000419999997
v 0.00983179081 -0.0316566639 -0.000419999997
v 0.010521668 -0.0336997472 -0.000419999997
v 0.00994168315 -0.0316143073 -0.000419999997
v 0.0108065736 -0.0335899331 -0.000419999997
v 0.0100474646 -0.031562537 -0.000419999997
v 0.0110808238 -0.0334557034 -0.000419999997
v 0.0101483325 -0.0315017402 -0.000419999997
v 0.0113423308 -0.0332980864 -0.000419999997
v 0.0102435173 -0.0314323828 -0.000419999997
v 0.0115891062 -0.0331182741 -0.000419999997
v 0.0103322947 -0.0313549973 -0.000419999997
v 0.0118192714 -0.0329176411 -0.000419999997
v 0.0104139904 -0.031270165 -0.000419999997
v 0.0120310737 -0.0326977111 -0.000419999997
v 0.0104879811 -0.0311785378 -0.000419999997
v 0.0122229019 -0.0324601568 -0.000419999997
v 0.0105537046 -0.0310808104 -0.000419999997
v 0.0123932958 -0.0322067887 -0.000419999997
v 0.0106106596 -0.030977726 -0.000419999997
v 0.0125409588 -0.0319395326 -0.000419999997
v 0.0106584141 -0.0308700688 -0.000419999997
v 0.012664767 -0.0316604227 -0.000419999997
v 0.0106966048 -0.0307586603 -0.000419999997
v 0.0127637777 -0.031371586 -0.000419999997
v 0.0107249394 -0.0306443479 -0.000419999997
v 0.0128372386 -0.0310752187 -0.000419999997
v 0.0107432036 -0.0305279996 -0.000419999997
v 0.0128845898 -0.0307735782 -0.000419999997
v 0.0107512577 -0.030410504 -0.000419999997
v 0.0107490402 -0.0302927531 -0.000419999997
v 0.00890862104 -0.0316337608 -0.000419999997
v 0.0088009648 -0.0315860063 -0.000419999997
v 0.00775267882 -0.0338435434 -0.000419999997
v 0.00827695057 -0.0311236773 -0.000419999997
v 0.00821615476 -0.0310228094 -0.000419999997
v 0.00869788043 -0.0315290503 -0.000419999997
v 0.0086001521 -0.031463325 -0.000419999997
v 0.00850852486 -0.0313893333 -0.000419999997
v 0.00842369348 -0.0313076377 -0.000419999997
v 0.00834630616 -0.0312188622 -0.000419999997
v 0.00816438161 -0.030917028 -0.000419999997
v 0.00812202506 -0.0308071356 -0.000419999997
v 0.00808940735 -0.0306939706 -0.000419999997
v 0.00805208832 -0.0303435307 -0.000419999997
v 0.0080601424 -0.030226035 -0.000419999997
v 0.00791040994 -0.0274866372 -0.000419999997
v 0.00807840656 -0.0301096868 -0.000419999997
v 0.00810674112 -0.0299953744 -0.000419999997
v 0.00814493094 -0.0298839658 -0.000419999997
v 0.0092506893 -0.0317185484 -0.000419999997
v 0.00913434196 -0.0317002833 -0.000419999997
v 0.00902002957 -0.0316719487 -0.000419999997
v 0.00819268543 -0.0297763087 -0.000419999997
v 0.0082496414 -0.0296732243 -0.000419999997
v 0.00831536483 -0.0295754969 -0.000419999997
v 0.00886166282 -0.0291397255 -0.000419999997
v 0.00897155516 -0.0290973689 -0.000419999997
v 0.00908472016 -0.0290647522 -0.000419999997
v 0.00920029823 -0.029042121 -0.000419999997
v 0.00806677621 -0.0305783916 -0.000419999997
v 0.00805430487 -0.0304612815 -0.000419999997
v 0.00838935561 -0.0294838697 -0.000419999997
v 0.00847105123 -0.0293990392 -0.000419999997
v 0.00855982862 -0.02932165 -0.000419999997
v 0.00865501352 -0.0292522945 -0.000419999997
v 0.00875588041 -0.0291914996 -0.000419999997
v 0.00288945436 -0.0273620561 -0.000419999997
v 0.00273161568 -0.0337233245 -0.000419999997
v -0.0122497203 -0.02995749 -0.000419999997
v -0.0119891716 -0.0333708674 -0.000419999997
v -0.0122416662 -0.0298399925 -0.000419999997
v -0.0118310153 -0.0269968044 -0.000419999997
v -0.0122438837 -0.0297222417 -0.000419999997
v -0.0122679844 -0.0300738364 -0.000419999997
v -0.012296319 -0.0301881507 -0.000419999997
v -0.0123345088 -0.0302995574 -0.000419999997
v -0.0123822624 -0.0304072145 -0.000419999997
v -0.0124392183 -0.0305102989 -0.000419999997
v -0.0125049427 -0.0306080263 -0.000419999997
v -0.017095793 -0.029744558 -0.000419999997
v -0.0149408346 -0.0297730193 -0.000419999997
v -0.0149327805 -0.0296555236 -0.000419999997
v -0.0146775581 -0.0290049855 -0.000419999997
v -0.017023921 -0.0268679559 -0.000419999997
v -0.0147432825 -0.0291027129 -0.000419999997
v -0.0148002366 -0.0292057972 -0.000419999997
v -0.012535884 -0.0289646611 -0.000419999997
v -0.0124665285 -0.029059846 -0.000419999997
v -0.0149145164 -0.0295391753 -0.000419999997
v -0.0148861818 -0.0294248629 -0.000419999997
v -0.014847992 -0.0293134544 -0.000419999997
v -0.0125789335 -0.0306996554 -0.000419999997
v -0.0126606273 -0.0307844859 -0.000419999997
v -0.0127494056 -0.0308618732 -0.000419999997
v -0.0124057326 -0.0291607138 -0.000419999997
v -0.0123539586 -0.0292664953 -0.000419999997
v -0.0123116029 -0.0293763876 -0.000419999997
v -0.0146035682 -0.0289133582 -0.000419999997
v -0.0145218717 -0.0288285278 -0.000419999997
v -0.0144330943 -0.0287511405 -0.000419999997
v -0.0122789852 -0.0294895526 -0.000419999997
v -0.012256355 -0.0296051316 -0.000419999997
v -0.0128445905 -0.0309312288 -0.000419999997
v -0.0129454574 -0.0309920236 -0.000419999997
v -0.0130512407 -0.0310437977 -0.000419999997
v -0.0149386181 -0.029890772 -0.000419999997
v -0.0170900449 -0.03004984 -0.000419999997
v -0.0149261467 -0.030007882 -0.000419999997
v -0.0170577113 -0.0303534586 -0.000419999997
v -0.0149035156 -0.0301234592 -0.000419999997
v -0.0169990398 -0.0306531042 -0.000419999997
v -0.0148708988 -0.0302366242 -0.000419999997
v -0.0169144757 -0.030946495 -0.000419999997
v -0.0148285413 -0.0303465165 -0.000419999997
v -0.0168046616 -0.0312313996 -0.000419999997
v -0.0147767691 -0.030452298 -0.000419999997
v -0.0166704338 -0.0315056518 -0.000419999997
v -0.0147159724 -0.0305531658 -0.000419999997
v -0.0165128149 -0.0317671597 -0.000419999997
v -0.0146466177 -0.0306483507 -0.000419999997
v -0.0163330045 -0.0320139341 -0.000419999997
v -0.0145692285 -0.0307371281 -0.000419999997
v -0.0161323715 -0.0322440974 -0.000419999997
v -0.0144843981 -0.0308188237 -0.000419999997
v -0.0159124397 -0.0324558988 -0.000419999997
v -0.0143927718 -0.0308928136 -0.000419999997
v -0.0156748854 -0.0326477289 -0.000419999997
v -0.0142950425 -0.030958537 -0.000419999997
v -0.0154215163 -0.0328181237 -0.000419999997
v -0.0141919591 -0.031015493 -0.000419999997
v -0.0151542611 -0.0329657868 -0.000419999997
v -0.0140843019 -0.0310632475 -0.000419999997
v -0.0148751521 -0.0330895931 -0.000419999997
v -0.0139728943 -0.0311014373 -0.000419999997
v -0.0145863155 -0.0331886038 -0.000419999997
v -0.01385858 -0.0311297718 -0.000419999997
v -0.0142899482 -0.0332620665 -0.000419999997
v -0.0137422336 -0.0311480369 -0.000419999997
v -0.0139883077 -0.033309415 -0.000419999997
v -0.0136247361 -0.031156091 -0.000419999997
v -0.013683686 -0.033330299 -0.000419999997
v -0.0135069853 -0.0311538745 -0.000419999997
v -0.0128874574 -0.0286544748 -0.000419999997
v -0.01278973 -0.0287201982 -0.000419999997
v -0.0126981009 -0.0287941899 -0.000419999997
v -0.0126132704 -0.0288758837 -0.000419999997
v -0.0143379103 -0.0286817849 -0.000419999997
v -0.0142370425 -0.0286209881 -0.000419999997
v -0.014131261 -0.0285692159 -0.000419999997
v -0.0131611312 -0.0310861543 -0.000419999997
v -0.013274298 -0.0311187711 -0.000419999997
v -0.0133898742 -0.0311414022 -0.000419999997
v -0.0140213678 -0.0285268575 -0.000419999997
v -0.0139082028 -0.0284942407 -0.000419999997
v -0.0137926247 -0.0284716096 -0.000419999997
v -0.0136755155 -0.0284591392 -0.000419999997
v -0.0135577628 -0.0284569208 -0.000419999997
v -0.0134402672 -0.0284649748 -0.000419999997
v -0.0133239189 -0.0284832399 -0.000419999997
v -0.0132096075 -0.0285115745 -0.000419999997
v -0.0130981971 -0.0285497643 -0.000419999997
v -0.0129905427 -0.0285975188 -0.000419999997
v -0.0117495935 -0.0237153135 -0.000419999997
v -0.016941933 -0.0235864781 -0.000419999997
v -0.0116865896 -0.0211760961 -0.000419999997
v -0.0168784913 -0.0210472718 -0.000419999997
v -0.0116235847 -0.0186368767 -0.000419999997
v -0.0168150496 -0.0185080636 -0.000419999997
v -0.0115605807 -0.0160976592 -0.000419999997
v -0.0167516079 -0.0159688573 -0.000419999997
v -0.0114345718 -0.0110192215 -0.000419999997
v -0.0166247245 -0.010890441 -0.000419999997
v -0.0113715678 -0.0084800031 -0.000419999997
v -0.0165612791 -0.00835123379 -0.000419999997
v -0.0113085639 -0.00594078517 -0.000419999997
v -0.0164978374 -0.00581202609 -0.000419999997
v -0.011245559 -0.00340156676 -0.000419999997
v -0.0164343957 -0.00327281887 -0.000419999997
v -0.011182555 -0.000862348475 -0.000419999997
v -0.016370954 -0.000733611465 -0.000419999997
v -0.0111269923 0.0013769645 -0.000419999997
v -0.0163150057 0.00150569191 -0.000419999997
v -0.0111081405 0.00213673082 -0.000419999997
v -0.0162960235 0.00226545497 -0.000419999997
v -0.0109935421 0.00675530639 -0.000419999997
v -0.0161806289 0.00688401051 -0.000419999997
v -0.0109305382 0.00929452479 -0.000419999997
v -0.0161171872 0.00942321774 -0.000419999997
v -0.0108373333 0.013050871 -0.000419999997
v -0.0160233341 0.013179549 -0.000419999997
v -0.010812901 0.0140355686 -0.000419999997
v -0.0120246103 0.0140545294 -0.000419999997
v -0.0120238308 0.0140130976 -0.000419999997
v -0.0120564979 0.0138513986 -0.000419999997
v -0.0120733008 0.0138135189 -0.000419999997
v -0.01209334 0.0137772514 -0.000419999997
v -0.0121164666 0.0137428632 -0.000419999997
v -0.0121424999 0.0137106236 -0.000419999997
v -0.012632967 0.0135692563 -0.000419999997
v -0.0126721654 0.0135826943 -0.000419999997
v -0.0120266648 0.0139717562 -0.000419999997
v -0.0120330909 0.0139308209 -0.000419999997
v -0.0120430598 0.0138905989 -0.000419999997
v -0.0121712442 0.0136807766 -0.000419999997
v -0.0122024808 0.0136535475 -0.000419999997
v -0.0122359721 0.0136291469 -0.000419999997
v -0.012271462 0.0136077544 -0.000419999997
v -0.0123086814 0.0135895386 -0.000419999997
v -0.0123473471 0.0135746347 -0.000419999997
v -0.0123871639 0.013563158 -0.000419999997
v -0.0124278311 0.0135551933 -0.000419999997
v -0.0124690365 0.0135508049 -0.000419999997
v -0.0128700165 0.0137286754 -0.000419999997
v -0.012894419 0.0137621667 -0.000419999997
v -0.0125104683 0.0135500263 -0.000419999997
v -0.0125518078 0.0135528585 -0.000419999997
v -0.012592745 0.0135592856 -0.000419999997
v -0.0127100451 0.0135994973 -0.000419999997
v -0.0127463145 0.0136195365 -0.000419999997
v -0.0127807008 0.0136426622 -0.000419999997
v -0.0128129404 0.0136686945 -0.000419999997
v -0.0128427874 0.0136974389 -0.000419999997
v -0.0129158115 0.0137976585 -0.000419999997
v -0.0129340272 0.013834876 -0.000419999997
v -0.0129489312 0.0138735417 -0.000419999997
v -0.0129604079 0.0139133604 -0.000419999997
v -0.0129683707 0.0139540276 -0.000419999997
v -0.0159987323 0.014164242 -0.000419999997
v -0.0129727591 0.0139952311 -0.000419999997
v -0.0129735386 0.0140366629 -0.000419999997
v -0.0129707055 0.0140780043 -0.000419999997
v -0.0159797501 0.0149240047 -0.000419999997
v -0.0129642785 0.0141189396 -0.000419999997
v -0.0129543096 0.0141591616 -0.000419999997
v -0.0129040293 0.0142725091 -0.000419999997
v -0.0128809037 0.0143068973 -0.000419999997
v -0.0120633421 0.0142148845 -0.000419999997
v -0.0120484382 0.0141762188 -0.000419999997
v -0.0107940491 0.014795335 -0.000419999997
v -0.0120369615 0.0141364001 -0.000419999997
v -0.0120289987 0.0140957329 -0.000419999997
v -0.0129408715 0.0141983619 -0.000419999997
v -0.0129240686 0.0142362416 -0.000419999997
v -0.0128548695 0.0143391369 -0.000419999997
v -0.0128261251 0.0143689839 -0.000419999997
v -0.0127948886 0.014396213 -0.000419999997
v -0.0127613973 0.0144206174 -0.000419999997
v -0.0127259074 0.0144420061 -0.000419999997
v -0.012688688 0.0144602219 -0.000419999997
v -0.0126500223 0.0144751258 -0.000419999997
v -0.0126102054 0.0144866025 -0.000419999997
v -0.0125695383 0.0144945672 -0.000419999997
v -0.0121273529 0.0143210851 -0.000419999997
v -0.0121029504 0.0142875938 -0.000419999997
v -0.0120815579 0.014252102 -0.000419999997
v -0.0125283329 0.0144989556 -0.000419999997
v -0.012486903 0.0144997351 -0.000419999997
v -0.0124455616 0.014496902 -0.000419999997
v -0.0124046244 0.0144904749 -0.000419999997
v -0.0123644024 0.0144805042 -0.000419999997
v -0.012325204 0.0144670662 -0.000419999997
v -0.0122873243 0.0144502632 -0.000419999997
v -0.0122510549 0.014430224 -0.000419999997
v -0.0122166686 0.014407102 -0.000419999997
v -0.012184429 0.014381066 -0.000419999997
v -0.012154582 0.0143523216 -0.000419999997
v -0.0107415253 0.0169121828 -0.000419999997
v -0.0159268621 0.0170408431 -0.000419999997
v -0.0119442791 0.0190134067 -0.000419999997
v -0.0119293751 0.0189747401 -0.000419999997
v -0.010690365 0.0189740472 -0.000419999997
v -0.0119178984 0.0189349223 -0.000419999997
v -0.0119099356 0.0188942589 -0.000419999997
v -0.0125139039 0.0183677785 -0.000419999997
v -0.0125531023 0.0183812175 -0.000419999997
v -0.0119542377 0.0186120421 -0.000419999997
v -0.011974277 0.0185757726 -0.000419999997
v -0.0119974026 0.0185413864 -0.000419999997
v -0.0120234368 0.0185091458 -0.000419999997
v -0.012228284 0.0183731578 -0.000419999997
v -0.0122681009 0.0183616802 -0.000419999997
v -0.012308768 0.0183537155 -0.000419999997
v -0.0123499734 0.0183493309 -0.000419999997
v -0.0127509534 0.0185271967 -0.000419999997
v -0.0127753559 0.0185606889 -0.000419999997
v -0.0127967484 0.0185961816 -0.000419999997
v -0.0128149642 0.0186333973 -0.000419999997
v -0.0119055472 0.0188530516 -0.000419999997
v -0.0119047677 0.0188116208 -0.000419999997
v -0.0119076008 0.0187702794 -0.000419999997
v -0.0120521812 0.0184792988 -0.000419999997
v -0.0120834177 0.0184520688 -0.000419999997
v -0.012116909 0.0184276681 -0.000419999997
v -0.0121523989 0.0184062775 -0.000419999997
v -0.0121896183 0.0183880609 -0.000419999997
v -0.0123914052 0.0183485486 -0.000419999997
v -0.0124327447 0.0183513854 -0.000419999997
v -0.0124736819 0.0183578078 -0.000419999997
v -0.012590982 0.0183980204 -0.000419999997
v -0.0126272514 0.0184180588 -0.000419999997
v -0.0126616377 0.0184411854 -0.000419999997
v -0.0126938773 0.0184672158 -0.000419999997
v -0.0127237244 0.018495962 -0.000419999997
v -0.012853696 0.0187937543 -0.000419999997
v -0.0128544746 0.0188351851 -0.000419999997
v -0.0158753451 0.0191027001 -0.000419999997
v -0.0119140279 0.018729344 -0.000419999997
v -0.0119239967 0.0186891221 -0.000419999997
v -0.0119374348 0.0186499208 -0.000419999997
v -0.0128298681 0.0186720639 -0.000419999997
v -0.0128413448 0.0187118836 -0.000419999997
v -0.0128493076 0.0187525488 -0.000419999997
v -0.0128516415 0.0188765265 -0.000419999997
v -0.0128452154 0.0189174656 -0.000419999997
v -0.0128352465 0.0189576838 -0.000419999997
v -0.0127618397 0.0191054195 -0.000419999997
v -0.0127358064 0.01913766 -0.000419999997
v -0.0157999769 0.0221192595 -0.000419999997
v -0.0127070621 0.0191675071 -0.000419999997
v -0.0128218085 0.018996885 -0.000419999997
v -0.0128050055 0.0190347638 -0.000419999997
v -0.0127849663 0.0190710351 -0.000419999997
v -0.0126758255 0.0191947352 -0.000419999997
v -0.0126423342 0.0192191396 -0.000419999997
v -0.0126068443 0.0192405283 -0.000419999997
v -0.0125696249 0.0192587487 -0.000419999997
v -0.0125309592 0.019273648 -0.000419999997
v -0.0124911424 0.0192851257 -0.000419999997
v -0.0123264985 0.0192954242 -0.000419999997
v -0.0122855613 0.0192889981 -0.000419999997
v -0.0106155165 0.0219906196 -0.000419999997
v -0.0122453393 0.0192790255 -0.000419999997
v -0.0122061409 0.0192655884 -0.000419999997
v -0.0121682612 0.0192487892 -0.000419999997
v -0.0121319918 0.0192287471 -0.000419999997
v -0.0120976055 0.0192056242 -0.000419999997
v -0.0120653659 0.0191795882 -0.000419999997
v -0.0120355189 0.0191508438 -0.000419999997
v -0.0120082898 0.0191196073 -0.000419999997
v -0.0119838873 0.0190861169 -0.000419999997
v -0.0119624948 0.0190506279 -0.000419999997
v -0.0124504752 0.0192930903 -0.000419999997
v -0.0124092698 0.0192974787 -0.000419999997
v -0.0123678399 0.0192982573 -0.000419999997
v -0.0119511941 0.0268407501 -0.000419999997
v -0.0105672088 0.0239375196 -0.000419999997
v -0.0118356179 0.0268633831 -0.000419999997
v -0.0117224511 0.026895998 -0.000419999997
v -0.0104820663 0.0273689646 -0.000419999997
v -0.0110662626 0.027374126 -0.000419999997
v -0.0111402525 0.0272824988 -0.000419999997
v -0.0112219471 0.0271976702 -0.000419999997
v -0.0113107245 0.0271202791 -0.000419999997
v -0.0114059104 0.0270509273 -0.000419999997
v -0.0120683052 0.0268282816 -0.000419999997
v -0.012186056 0.026826065 -0.000419999997
v -0.0123035535 0.0268341191 -0.000419999997
v -0.0105886655 0.0230727848 -0.000419999997
v -0.0157729406 0.023201419 -0.000419999997
v -0.0157513358 0.0240661521 -0.000419999997
v -0.0124198999 0.0268523805 -0.000419999997
v -0.0115067763 0.0269901324 -0.000419999997
v -0.0116125597 0.0269383583 -0.000419999997
v -0.0125342133 0.0268807169 -0.000419999997
v -0.0126456218 0.0269189049 -0.000419999997
v -0.012753278 0.0269666631 -0.000419999997
v -0.0128563615 0.027023619 -0.000419999997
v -0.0129540907 0.0270893406 -0.000419999997
v -0.013045718 0.0271633286 -0.000419999997
v -0.0132772923 0.0274289865 -0.000419999997
v -0.0156656001 0.0274975821 -0.000419999997
v -0.0132079367 0.0273338035 -0.000419999997
v -0.0131305484 0.0272450279 -0.000419999997
v -0.0133380881 0.0275298562 -0.000419999997
v -0.0133898603 0.0276356377 -0.000419999997
v -0.0134322178 0.0277455319 -0.000419999997
v -0.0134648355 0.0278586969 -0.000419999997
v -0.0134874657 0.027974274 -0.000419999997
v -0.0156466179 0.0282573402 -0.000419999997
v -0.013499937 0.0280913822 -0.000419999997
v -0.0135021545 0.0282091368 -0.000419999997
v -0.0156257357 0.0285619628 -0.000419999997
v -0.0134941004 0.0283266325 -0.000419999997
v -0.0155783864 0.0288636051 -0.000419999997
v -0.0134758363 0.0284429807 -0.000419999997
v -0.0155049255 0.0291599724 -0.000419999997
v -0.0134475017 0.0285572931 -0.000419999997
v -0.0154059129 0.0294488072 -0.000419999997
v -0.0134093119 0.0286687016 -0.000419999997
v -0.0152821066 0.0297279153 -0.000419999997
v -0.0133615565 0.0287763551 -0.000419999997
v -0.0151344426 0.0299951714 -0.000419999997
v -0.0133046024 0.0288794413 -0.000419999997
v -0.0149640488 0.0302485395 -0.000419999997
v -0.013238878 0.0289771687 -0.000419999997
v -0.0147722205 0.030486092 -0.000419999997
v -0.0131648872 0.029068796 -0.000419999997
v -0.0145604173 0.0307060257 -0.000419999997
v -0.0130831916 0.0291536283 -0.000419999997
v -0.0143302549 0.0309066586 -0.000419999997
v -0.0129944133 0.0292310156 -0.000419999997
v -0.0140834795 0.0310864691 -0.000419999997
v -0.0128992302 0.0293003693 -0.000419999997
v -0.0138219707 0.0312440898 -0.000419999997
v -0.0127983615 0.0293611661 -0.000419999997
v -0.0135477213 0.0313783139 -0.000419999997
v -0.01269258 0.0294129401 -0.000419999997
v -0.0132628158 0.031488128 -0.000419999997
v -0.0125826877 0.0294552967 -0.000419999997
v -0.012969424 0.0315726921 -0.000419999997
v -0.0124695227 0.0294879116 -0.000419999997
v -0.0126697784 0.0316313691 -0.000419999997
v -0.0123539446 0.0295105446 -0.000419999997
v -0.0123661608 0.0316637009 -0.000419999997
v -0.0122368354 0.0295230132 -0.000419999997
v -0.0121190827 0.0295252316 -0.000419999997
v -0.011659517 0.0294323899 -0.000419999997
v -0.0115518617 0.0293846373 -0.000419999997
v -0.0108958287 0.0276825968 -0.000419999997
v -0.0109435823 0.0275749397 -0.000419999997
v -0.0110005382 0.0274718571 -0.000419999997
v -0.0120015871 0.0295171775 -0.000419999997
v -0.0118852388 0.0294989143 -0.000419999997
v -0.0117709273 0.0294705778 -0.000419999997
v -0.0114487763 0.0293276794 -0.000419999997
v -0.0113510489 0.0292619541 -0.000419999997
v -0.0112594208 0.0291879661 -0.000419999997
v -0.0111745894 0.0291062724 -0.000419999997
v -0.011097203 0.0290174913 -0.000419999997
v -0.0110278483 0.0289223082 -0.000419999997
v -0.0108029861 0.0281421635 -0.000419999997
v -0.0108110402 0.0280246641 -0.000419999997
v -0.0109670516 0.0288214423 -0.000419999997
v -0.0109152775 0.0287156571 -0.000419999997
v -0.0108729219 0.0286057685 -0.000419999997
v -0.0108403051 0.0284926035 -0.000419999997
v -0.010817674 0.0283770245 -0.000419999997
v -0.0108052026 0.0282599144 -0.000419999997
v -0.0108293043 0.0279083196 -0.000419999997
v -0.0108576389 0.0277940053 -0.000419999997
v -0.00736802444 0.0272916984 -0.000419999997
v -0.00660374481 0.0278579146 -0.000419999997
v -0.00664508669 0.0278607477 -0.000419999997
v -0.0066860239 0.0278671756 -0.000419999997
v -0.006726244 0.0278771427 -0.000419999997
v -0.0067654443 0.0278905798 -0.000419999997
v -0.0069632954 0.0280365646 -0.000419999997
v -0.00698769838 0.0280700531 -0.000419999997
v -0.0064576813 0.0287883934 -0.000419999997
v -0.006418481 0.0287749562 -0.000419999997
v -0.00622062944 0.0286289714 -0.000419999997
v -0.00619622692 0.0285954792 -0.000419999997
v -0.00617483677 0.0285599921 -0.000419999997
v -0.00615661917 0.0285227709 -0.000419999997
v -0.00644062459 0.0278825201 -0.000419999997
v -0.00648044283 0.0278710444 -0.000419999997
v -0.00486879423 0.0272296853 -0.000419999997
v -0.00652110763 0.0278630834 -0.000419999997
v -0.00656231353 0.027858695 -0.000419999997
v -0.00680332212 0.0279073827 -0.000419999997
v -0.00683959387 0.0279274229 -0.000419999997
v -0.00687397923 0.0279505476 -0.000419999997
v -0.00690621929 0.02797658 -0.000419999997
v -0.00693606678 0.0280053243 -0.000419999997
v -0.00700908853 0.0281055439 -0.000419999997
v -0.00702730613 0.0281427652 -0.000419999997
v -0.00704220822 0.0281814281 -0.000419999997
v -0.00694814883 0.0286470223 -0.000419999997
v -0.00697418209 0.0286147837 -0.000419999997
v -0.00699730637 0.0285803992 -0.000419999997
v -0.00674330071 0.0287830159 -0.000419999997
v -0.00670348248 0.0287944917 -0.000419999997
v -0.00666281767 0.0288024526 -0.000419999997
v -0.00662161177 0.028806841 -0.000419999997
v -0.00638060318 0.0287581533 -0.000419999997
v -0.00634433143 0.0287381131 -0.000419999997
v -0.00630994607 0.0287149884 -0.000419999997
v -0.00627770601 0.0286889523 -0.000419999997
v -0.00624785898 0.028660208 -0.000419999997
v -0.00705368537 0.0282212459 -0.000419999997
v -0.00706164772 0.028261913 -0.000419999997
v -0.00706603611 0.0283031166 -0.000419999997
v -0.00704758614 0.0284670517 -0.000419999997
v -0.00703414856 0.0285062473 -0.000419999997
v -0.00701734703 0.0285441279 -0.000419999997
v -0.00691940403 0.0286768693 -0.000419999997
v -0.00688816793 0.0287040994 -0.000419999997
v -0.00685467664 0.0287285037 -0.000419999997
v -0.00681918627 0.0287498962 -0.000419999997
v -0.00678196549 0.028768111 -0.000419999997
v -0.00658018049 0.0288076214 -0.000419999997
v -0.00653883861 0.0288047884 -0.000419999997
v -0.0064979014 0.0287983604 -0.000419999997
v -0.00611788919 0.0283624157 -0.000419999997
v -0.00611710828 0.0283209831 -0.000419999997
v -0.00623577647 0.0280185137 -0.000419999997
v -0.00620974321 0.0280507486 -0.000419999997
v -0.00618661894 0.0280851368 -0.000419999997
v -0.00706681702 0.0283445492 -0.000419999997
v -0.00706398208 0.0283858906 -0.000419999997
v -0.00705755549 0.0284268297 -0.000419999997
v -0.00614171522 0.0284841042 -0.000419999997
v -0.00613023993 0.0284442902 -0.000419999997
v -0.00612227572 0.028403623 -0.000419999997
v -0.00611994322 0.0282796416 -0.000419999997
v -0.00612636795 0.0282387063 -0.000419999997
v -0.00613633916 0.0281984843 -0.000419999997
v -0.00614977488 0.028159285 -0.000419999997
v -0.00616657827 0.0281214081 -0.000419999997
v -0.00626452127 0.0279886629 -0.000419999997
v -0.00629575783 0.0279614329 -0.000419999997
v -0.00632924866 0.0279370323 -0.000419999997
v -0.00636473903 0.0279156398 -0.000419999997
v -0.00640195981 0.027897425 -0.000419999997
v -0.00142001954 0.028650932 -0.000419999997
v -0.00138214079 0.0286341291 -0.000419999997
v -0.00414585508 0.0277987365 -0.000419999997
v -0.00418679276 0.0278051626 -0.000419999997
v -0.00178350485 0.0286440868 -0.000419999997
v -0.00174483843 0.0286589917 -0.000419999997
v -0.00422701379 0.0278151296 -0.000419999997
v -0.00426621316 0.0278285686 -0.000419999997
v -0.00430409191 0.0278453715 -0.000419999997
v -0.00145921891 0.0286643691 -0.000419999997
v -0.00434036227 0.0278654099 -0.000419999997
v -0.0043747481 0.0278885365 -0.000419999997
v -0.00440698816 0.0279145688 -0.000419999997
v -0.00449807616 0.0285183862 -0.000419999997
v -0.00447495095 0.0285527706 -0.000419999997
v -0.00428273529 0.0287060998 -0.000419999997
v -0.00424406957 0.0287210029 -0.000419999997
v -0.00398121169 0.0278090313 -0.000419999997
v -0.00402187742 0.0278010704 -0.000419999997
v -0.00170502171 0.0286704674 -0.000419999997
v -0.00166435516 0.0286784284 -0.000419999997
v -0.00162315019 0.0286828168 -0.000419999997
v -0.00127924548 0.0285649281 -0.000419999997
v -0.00124939729 0.0285361838 -0.000419999997
v -0.00122216821 0.0285049472 -0.000419999997
v -0.00119776558 0.028471455 -0.000419999997
v -0.00148198067 0.0277470201 -0.000419999997
v 0.0042384034 0.0270037148 -0.000419999997
v -0.00144216302 0.0277584959 -0.000419999997
v -0.00140349753 0.0277734008 -0.000419999997
v -0.00443683518 0.0279433131 -0.000419999997
v -0.00446406426 0.0279745534 -0.000419999997
v -0.00448846724 0.02800804 -0.000419999997
v -0.00160528347 0.0277338903 -0.000419999997
v -0.00390272774 0.027835412 -0.000419999997
v -0.00394139439 0.0278205089 -0.000419999997
v -0.00406308332 0.027796682 -0.000419999997
v -0.00410451367 0.0277959034 -0.000419999997
v -0.00158171891 0.0286835972 -0.000419999997
v -0.00154037727 0.0286807641 -0.000419999997
v -0.00149943982 0.0286743362 -0.000419999997
v -0.0042042518 0.0287324805 -0.000419999997
v -0.00416358607 0.0287404414 -0.000419999997
v -0.00412238063 0.0287448298 -0.000419999997
v -0.00408094935 0.0287456084 -0.000419999997
v -0.00403960841 0.0287427753 -0.000419999997
v -0.00399867073 0.0287363492 -0.000419999997
v -0.00395845016 0.0287263822 -0.000419999997
v -0.0039192508 0.0287129432 -0.000419999997
v -0.00388137111 0.0286961403 -0.000419999997
v -0.00180486159 0.0277833585 -0.000419999997
v -0.00176698191 0.0277665555 -0.000419999997
v -0.00172778347 0.0277531184 -0.000419999997
v -0.0013458702 0.0286140889 -0.000419999997
v -0.00131148438 0.0285909642 -0.000419999997
v -0.00115131435 0.0280352607 -0.000419999997
v -0.00116811658 0.0279973838 -0.000419999997
v -0.00118815654 0.0279611126 -0.000419999997
v -0.00121128175 0.0279267244 -0.000419999997
v -0.00123731513 0.0278944895 -0.000419999997
v -0.00126606005 0.0278646387 -0.000419999997
v -0.00129729707 0.0278374087 -0.000419999997
v -0.00133078743 0.0278130081 -0.000419999997
v -0.00136627781 0.0277916156 -0.000419999997
v -0.00444891723 0.0285850111 -0.000419999997
v -0.00442017289 0.0286148582 -0.000419999997
v -0.0043889368 0.0286420863 -0.000419999997
v -0.00435544504 0.0286664907 -0.000419999997
v -0.00431995466 0.0286878832 -0.000419999997
v -0.00164662499 0.0277367234 -0.000419999997
v -0.00168756163 0.0277431514 -0.000419999997
v -0.00184113125 0.0278033987 -0.000419999997
v -0.00187551707 0.0278265234 -0.000419999997
v -0.0019077569 0.0278525557 -0.000419999997
v -0.00152264629 0.0277390592 -0.000419999997
v -0.00156385219 0.0277346708 -0.000419999997
v -0.00117637427 0.0284359679 -0.000419999997
v -0.00115815783 0.0283987466 -0.000419999997
v -0.00114325469 0.02836008 -0.000419999997
v -0.00111864682 0.0281969588 -0.000419999997
v -0.00112148083 0.0281556174 -0.000419999997
v -0.00450985832 0.0280435327 -0.000419999997
v -0.00452807499 0.028080754 -0.000419999997
v -0.00454297801 0.028119415 -0.000419999997
v -0.00454835594 0.0284050386 -0.000419999997
v -0.00453491835 0.0284442361 -0.000419999997
v -0.00451811589 0.0284821149 -0.000419999997
v -0.00193760509 0.0278813001 -0.000419999997
v -0.00196483312 0.0279125404 -0.000419999997
v -0.0019892368 0.0279460289 -0.000419999997
v -0.00112790731 0.0281146821 -0.000419999997
v -0.00113787677 0.0280744601 -0.000419999997
v -0.0045544547 0.0281592347 -0.000419999997
v -0.00456241705 0.0281999018 -0.000419999997
v -0.0045668059 0.0282411054 -0.000419999997
v -0.00456758589 0.0282825362 -0.000419999997
v -0.00456475187 0.0283238776 -0.000419999997
v -0.00455832528 0.0283648167 -0.000419999997
v -0.00113177765 0.0283202659 -0.000419999997
v -0.00112381531 0.0282795988 -0.000419999997
v -0.00111942703 0.0282383915 -0.000419999997
v -0.00374862854 0.0285981949 -0.000419999997
v -0.00372139947 0.0285669584 -0.000419999997
v -0.00197572075 0.0284907594 -0.000419999997
v -0.00369699579 0.028533468 -0.000419999997
v -0.00199884502 0.028456375 -0.000419999997
v -0.0036873878 0.0280231256 -0.000419999997
v -0.00371051207 0.0279887374 -0.000419999997
v -0.00194968621 0.0285229981 -0.000419999997
v -0.00192094245 0.0285528451 -0.000419999997
v -0.00188970543 0.0285800751 -0.000419999997
v -0.00185621402 0.0286044795 -0.000419999997
v -0.00182072364 0.028625872 -0.000419999997
v -0.00384510146 0.0286761019 -0.000419999997
v -0.00381071563 0.0286529753 -0.000419999997
v -0.0037784758 0.0286269393 -0.000419999997
v -0.00373654626 0.0279565006 -0.000419999997
v -0.0037652913 0.0279266499 -0.000419999997
v -0.0037965274 0.0278994218 -0.000419999997
v -0.00383001869 0.0278750211 -0.000419999997
v -0.00386550906 0.0278536286 -0.000419999997
v -0.00366734783 0.0280593969 -0.000419999997
v -0.00201062718 0.0279815197 -0.000419999997
v -0.00202884455 0.0280187409 -0.000419999997
v -0.00201888569 0.0284201037 -0.000419999997
v -0.0036756054 0.028497979 -0.000419999997
v -0.00365738897 0.0284607578 -0.000419999997
v -0.00364248501 0.028422093 -0.000419999997
v -0.00363100879 0.0283822771 -0.000419999997
v -0.00203568814 0.0283822231 -0.000419999997
v -0.00205909507 0.0283028055 -0.000419999997
v -0.0020491248 0.0283430275 -0.000419999997
v -0.00361865829 0.0283004027 -0.000419999997
v -0.00204374781 0.0280574039 -0.000419999997
v -0.0020552238 0.0280972216 -0.000419999997
v -0.00365054468 0.0280972719 -0.000419999997
v -0.00363710802 0.0281364731 -0.000419999997
v -0.00362304552 0.02834161 -0.000419999997
v -0.00206318707 0.0281378888 -0.000419999997
v -0.00206757453 0.0281790923 -0.000419999997
v -0.00362713751 0.0281766951 -0.000419999997
v -0.00362071209 0.0282176305 -0.000419999997
v -0.00361787807 0.0282589719 -0.000419999997
v -0.00206835475 0.028220525 -0.000419999997
v -0.00206552073 0.0282618664 -0.000419999997
v 0.0108738402 0.0289547201 -0.000419999997
v 0.0107560884 0.0289525017 -0.000419999997
v 0.0106389783 0.0289400332 -0.000419999997
v 0.0105234003 0.0289174002 -0.000419999997
v 0.0104102353 0.0288847852 -0.000419999997
v 0.00975404587 0.0284066573 -0.000419999997
v 0.00982803665 0.0284982845 -0.000419999997
v 0.00990973134 0.0285831168 -0.000419999997
v 0.00999850966 0.0286605041 -0.000419999997
v 0.0100936936 0.0287298579 -0.000419999997
v 0.0101945614 0.0287906565 -0.000419999997
v 0.0103003439 0.0288424287 -0.000419999997
v 0.00954542216 0.0279867817 -0.000419999997
v 0.00958361197 0.0280981902 -0.000419999997
v 0.00925935898 0.0268791318 -0.000419999997
v 0.0096548358 0.0269593466 -0.000419999997
v 0.00960306264 0.0270651281 -0.000419999997
v 0.00963136647 0.0282058436 -0.000419999997
v 0.00968832243 0.0283089317 -0.000419999997
v 0.00956070609 0.0271750204 -0.000419999997
v 0.00952808745 0.0272881854 -0.000419999997
v 0.00950545724 0.0274037626 -0.000419999997
v 0.0094988225 0.027756121 -0.000419999997
v 0.00951708667 0.0278724693 -0.000419999997
v 0.0094929859 0.0275208708 -0.000419999997
v 0.00949076843 0.0276386254 -0.000419999997
v -0.00784432702 0.0135734146 -0.000419999997
v -0.0078715561 0.0136046512 -0.000419999997
v -0.00980945118 0.0135275265 -0.000419999997
v -0.00953386072 0.0138688087 -0.000419999997
v -0.0095438296 0.0138285868 -0.000419999997
v -0.00796990842 0.0138300033 -0.000419999997
v -0.00789595861 0.0136381425 -0.000419999997
v -0.00791734923 0.0136736343 -0.000419999997
v -0.00793556683 0.0137108518 -0.000419999997
v -0.00984811503 0.0135126226 -0.000419999997
v -0.00772329187 0.0129736038 -0.000419999997
v -0.00988793373 0.0135011459 -0.000419999997
v -0.00957406871 0.0137515068 -0.000419999997
v -0.00959410984 0.0137152392 -0.000419999997
v -0.00796194561 0.0137893362 -0.000419999997
v -0.00961723365 0.0136808511 -0.000419999997
v -0.00964326784 0.0136486115 -0.000419999997
v -0.0100525776 0.0134908473 -0.000419999997
v -0.0100935148 0.0134972734 -0.000419999997
v -0.0101337368 0.0135072451 -0.000419999997
v -0.0101729352 0.0135206822 -0.000419999997
v -0.0104165813 0.0137356464 -0.000419999997
v -0.0103951888 0.0137001546 -0.000419999997
v -0.0103707863 0.0136666633 -0.000419999997
v -0.0104691405 0.0138920154 -0.000419999997
v -0.0104735289 0.013933219 -0.000419999997
v -0.00771158282 0.013475473 -0.000419999997
v -0.00774785411 0.0134955123 -0.000419999997
v -0.00778223993 0.0135186389 -0.000419999997
v -0.00781447999 0.0135446703 -0.000419999997
v -0.00955726765 0.0137893865 -0.000419999997
v -0.00967201218 0.0136187645 -0.000419999997
v -0.0097032506 0.0135915354 -0.000419999997
v -0.00973674003 0.0135671347 -0.000419999997
v -0.00795046892 0.0137495175 -0.000419999997
v -0.00977222994 0.0135457423 -0.000419999997
v -0.00992860086 0.0134931812 -0.000419999997
v -0.00996980444 0.0134887928 -0.000419999997
v -0.0100112362 0.0134880133 -0.000419999997
v -0.0102108149 0.0135374852 -0.000419999997
v -0.0102470843 0.0135575244 -0.000419999997
v -0.0102814706 0.013580651 -0.000419999997
v -0.0103137102 0.0136066824 -0.000419999997
v -0.0103435572 0.0136354268 -0.000419999997
v -0.010434797 0.0137728639 -0.000419999997
v -0.010449701 0.0138115296 -0.000419999997
v -0.0104611777 0.0138513483 -0.000419999997
v -0.0104743084 0.0139746508 -0.000419999997
v -0.0104714753 0.0140159922 -0.000419999997
v -0.0104650483 0.0140569275 -0.000419999997
v -0.0102266772 0.014379994 -0.000419999997
v -0.0101894578 0.0143982098 -0.000419999997
v -0.0101507921 0.0144131137 -0.000419999997
v -0.0104047991 0.014210497 -0.000419999997
v -0.0103816735 0.0142448852 -0.000419999997
v -0.0103556393 0.0142771248 -0.000419999997
v -0.0103268949 0.0143069718 -0.000419999997
v -0.00986517221 0.0144184921 -0.000419999997
v -0.00982597191 0.014405054 -0.000419999997
v -0.00768000726 0.0147180678 -0.000419999997
v -0.0102956584 0.0143342009 -0.000419999997
v -0.0102621671 0.0143586053 -0.000419999997
v -0.0101109752 0.0144245904 -0.000419999997
v -0.0100703081 0.0144325551 -0.000419999997
v -0.0100291027 0.0144369435 -0.000419999997
v -0.00962812081 0.014259073 -0.000419999997
v -0.0096037183 0.0142255817 -0.000419999997
v -0.0104550794 0.0140971495 -0.000419999997
v -0.0104416413 0.0141363498 -0.000419999997
v -0.0104248384 0.0141742295 -0.000419999997
v -0.00998767093 0.014437723 -0.000419999997
v -0.00994632952 0.0144348899 -0.000419999997
v -0.00990539417 0.0144284628 -0.000419999997
v -0.00978809409 0.0143882511 -0.000419999997
v -0.0097518228 0.0143682119 -0.000419999997
v -0.00971743651 0.0143450899 -0.000419999997
v -0.00968519878 0.0143190539 -0.000419999997
v -0.00965534989 0.0142903095 -0.000419999997
v -0.00958232768 0.0141900899 -0.000419999997
v -0.00956411008 0.0141528724 -0.000419999997
v -0.00954920799 0.0141142067 -0.000419999997
v -0.00794240925 0.0140743377 -0.000419999997
v -0.0079256082 0.0141122174 -0.000419999997
v -0.0095377313 0.014074388 -0.000419999997
v -0.00790556706 0.0141484849 -0.000419999997
v -0.00788244233 0.0141828731 -0.000419999997
v -0.00785640907 0.0142151127 -0.000419999997
v -0.00952743366 0.0139097441 -0.000419999997
v -0.00797429681 0.0138712069 -0.000419999997
v -0.00952460058 0.0139510855 -0.000419999997
v -0.00797507819 0.0139126386 -0.000419999997
v -0.0095253801 0.0139925173 -0.000419999997
v -0.00797224231 0.0139539801 -0.000419999997
v -0.00952976849 0.0140337208 -0.000419999997
v -0.00796581618 0.0139949154 -0.000419999997
v -0.00795584731 0.0140351374 -0.000419999997
v -0.00782766473 0.0142449597 -0.000419999997
v -0.00779642817 0.0142721888 -0.000419999997
v -0.00776293688 0.0142965931 -0.000419999997
v -0.00772744697 0.0143179819 -0.000419999997
v -0.00769022619 0.0143361976 -0.000419999997
v -0.00534509681 0.0135114025 -0.000419999997
v -0.00537232403 0.0135426391 -0.000419999997
v -0.00731022051 0.0134655144 -0.000419999997
v -0.00703463051 0.0138067966 -0.000419999997
v -0.00704459986 0.0137665747 -0.000419999997
v -0.00547067774 0.0137679912 -0.000419999997
v -0.00531524792 0.0134826582 -0.000419999997
v -0.00734888529 0.0134506105 -0.000419999997
v -0.0053967284 0.0135761304 -0.000419999997
v -0.00541811902 0.0136116222 -0.000419999997
v -0.00543633662 0.0136488397 -0.000419999997
v -0.00738870353 0.0134391338 -0.000419999997
v -0.00742936833 0.0134311691 -0.000419999997
v -0.00747057423 0.0134267807 -0.000419999997
v -0.00751200551 0.0134260021 -0.000419999997
v -0.00755334739 0.0134288352 -0.000419999997
v -0.0075942846 0.0134352613 -0.000419999997
v -0.0076345047 0.013445233 -0.000419999997
v -0.007673705 0.0134586701 -0.000419999997
v -0.00528300973 0.0134566268 -0.000419999997
v -0.00522406166 0.0129115926 -0.000419999997
v -0.0052486239 0.0134335002 -0.000419999997
v -0.00521235261 0.0134134609 -0.000419999997
v -0.00707483897 0.0136894947 -0.000419999997
v -0.00709487963 0.0136532271 -0.000419999997
v -0.0054627154 0.0137273241 -0.000419999997
v -0.00711800391 0.013618839 -0.000419999997
v -0.00714403717 0.0135865994 -0.000419999997
v -0.00705803558 0.0137273744 -0.000419999997
v -0.00717278197 0.0135567524 -0.000419999997
v -0.00720401807 0.0135295233 -0.000419999997
v -0.00723750936 0.0135051226 -0.000419999997
v -0.00545123871 0.0136875054 -0.000419999997
v -0.00727299973 0.0134837301 -0.000419999997
v -0.00761174317 0.0143625783 -0.000419999997
v -0.00757107791 0.014370543 -0.000419999997
v -0.00518077705 0.0146560557 -0.000419999997
v -0.00706487987 0.0140908603 -0.000419999997
v -0.00704997592 0.0140521945 -0.000419999997
v -0.00765156141 0.0143511016 -0.000419999997
v -0.00712889014 0.0141970608 -0.000419999997
v -0.00710448762 0.0141635695 -0.000419999997
v -0.00708309747 0.0141280778 -0.000419999997
v -0.007529872 0.0143749313 -0.000419999997
v -0.00748844119 0.0143757109 -0.000419999997
v -0.00744709931 0.0143728778 -0.000419999997
v -0.0072182063 0.0142830778 -0.000419999997
v -0.00725259213 0.0143061997 -0.000419999997
v -0.00728886388 0.014326239 -0.000419999997
v -0.00718596671 0.0142570417 -0.000419999997
v -0.00715611922 0.0142282974 -0.000419999997
v -0.00544317905 0.0140123256 -0.000419999997
v -0.00542637752 0.0140502052 -0.000419999997
v -0.00703850063 0.0140123758 -0.000419999997
v -0.00540633686 0.0140864728 -0.000419999997
v -0.00538321259 0.014120861 -0.000419999997
v -0.00740616163 0.0143664507 -0.000419999997
v -0.007365942 0.01435648 -0.000419999997
v -0.0073267417 0.0143430419 -0.000419999997
v -0.00702820392 0.013847732 -0.000419999997
v -0.00547506614 0.0138091948 -0.000419999997
v -0.00702536898 0.0138890734 -0.000419999997
v -0.00547584565 0.0138506265 -0.000419999997
v -0.00702614989 0.0139305051 -0.000419999997
v -0.00547301257 0.0138919679 -0.000419999997
v -0.00703053828 0.0139717087 -0.000419999997
v -0.00546658598 0.0139329033 -0.000419999997
v -0.00545661664 0.0139731253 -0.000419999997
v -0.005357177 0.0141531006 -0.000419999997
v -0.00532843405 0.0141829476 -0.000419999997
v -0.0052971961 0.0142101767 -0.000419999997
v -0.00526370667 0.014234581 -0.000419999997
v -0.00522821629 0.0142559698 -0.000419999997
v -0.00519099599 0.0142741855 -0.000419999997
v -0.00775249302 0.0184031744 -0.000419999997
v -0.00777689554 0.0184366647 -0.000419999997
v -0.00969038717 0.0183260497 -0.000419999997
v -0.00779828615 0.0184721574 -0.000419999997
v -0.00781650376 0.0185093731 -0.000419999997
v -0.0103057753 0.0189727526 -0.000419999997
v -0.0103225783 0.018934872 -0.000419999997
v -0.0103360154 0.0188956726 -0.000419999997
v -0.00762748346 0.0168349165 -0.000419999997
v -0.00759251975 0.0182739962 -0.000419999997
v -0.00762879103 0.0182940345 -0.000419999997
v -0.00942476653 0.018627109 -0.000419999997
v -0.00784288254 0.0185878593 -0.000419999997
v -0.00785084534 0.0186285246 -0.000419999997
v -0.00980953779 0.0182917044 -0.000419999997
v -0.00976887066 0.0182996672 -0.000419999997
v -0.00972905196 0.0183111448 -0.000419999997
v -0.00985074136 0.0182873197 -0.000419999997
v -0.00989217311 0.0182865355 -0.000419999997
v -0.00993351452 0.0182893723 -0.000419999997
v -0.00997445174 0.0182957966 -0.000419999997
v -0.0100146737 0.0183057673 -0.000419999997
v -0.0100538721 0.0183192044 -0.000419999997
v -0.0102975182 0.0185341686 -0.000419999997
v -0.0102761257 0.0184986759 -0.000419999997
v -0.0102517232 0.0184651855 -0.000419999997
v -0.00766317686 0.0183171611 -0.000419999997
v -0.00769541692 0.0183431935 -0.000419999997
v -0.00772526395 0.0183719378 -0.000419999997
v -0.0100917518 0.0183360074 -0.000419999997
v -0.0101280212 0.0183560476 -0.000419999997
v -0.0101624075 0.0183791723 -0.000419999997
v -0.0101946471 0.0184052046 -0.000419999997
v -0.0102244942 0.018433949 -0.000419999997
v -0.00952420477 0.0184471346 -0.000419999997
v -0.00949817058 0.0184793733 -0.000419999997
v -0.00947504677 0.0185137615 -0.000419999997
v -0.0103421146 0.0186498705 -0.000419999997
v -0.0103306379 0.0186100528 -0.000419999997
v -0.010315734 0.0185713861 -0.000419999997
v -0.0103500774 0.0186905377 -0.000419999997
v -0.0103544658 0.0187317412 -0.000419999997
v -0.0103552444 0.0187731721 -0.000419999997
v -0.0103524113 0.0188145153 -0.000419999997
v -0.0103459852 0.0188554544 -0.000419999997
v -0.00943820458 0.0185879096 -0.000419999997
v -0.00945500564 0.018550029 -0.000419999997
v -0.00955294911 0.0184172876 -0.000419999997
v -0.00958418753 0.0183900576 -0.000419999997
v -0.00961767696 0.018365657 -0.000419999997
v -0.00783140585 0.0185480397 -0.000419999997
v -0.00965316687 0.0183442645 -0.000419999997
v -0.00944504701 0.0189513955 -0.000419999997
v -0.00943014491 0.0189127289 -0.000419999997
v -0.0078367833 0.0188336596 -0.000419999997
v -0.00941866823 0.0188729111 -0.000419999997
v -0.00784675311 0.0187934414 -0.000419999997
v -0.00941070542 0.0188322477 -0.000419999997
v -0.00785317924 0.0187525023 -0.000419999997
v -0.00940631703 0.0187910404 -0.000419999997
v -0.00785601418 0.0187111609 -0.000419999997
v -0.00940553751 0.0187496077 -0.000419999997
v -0.00785523374 0.0186697301 -0.000419999997
v -0.00940837059 0.0187082663 -0.000419999997
v -0.00941479765 0.018667331 -0.000419999997
v -0.00776337972 0.0189813953 -0.000419999997
v -0.00773734599 0.0190136358 -0.000419999997
v -0.00946326461 0.0189886168 -0.000419999997
v -0.0102857361 0.0190090239 -0.000419999997
v -0.0102626095 0.0190434065 -0.000419999997
v -0.0102365762 0.019075647 -0.000419999997
v -0.0102078319 0.019105494 -0.000419999997
v -0.0101765953 0.019132724 -0.000419999997
v -0.010143104 0.0191571284 -0.000419999997
v -0.0101076141 0.0191785172 -0.000419999997
v -0.0100703947 0.0191967357 -0.000419999997
v -0.010031729 0.0192116369 -0.000419999997
v -0.00999191217 0.0192231126 -0.000419999997
v -0.00948465522 0.0190241039 -0.000419999997
v -0.00995124504 0.0192310773 -0.000419999997
v -0.0099100396 0.0192354657 -0.000419999997
v -0.00986860786 0.0192362443 -0.000419999997
v -0.00970690884 0.0192035772 -0.000419999997
v -0.00966903102 0.0191867761 -0.000419999997
v -0.00750147458 0.0219133534 -0.000419999997
v -0.00963275973 0.0191667341 -0.000419999997
v -0.00959837344 0.0191436112 -0.000419999997
v -0.0095661357 0.019117577 -0.000419999997
v -0.00953628682 0.0190888327 -0.000419999997
v -0.00950905774 0.0190575961 -0.000419999997
v -0.00982726645 0.0192334112 -0.000419999997
v -0.00978633109 0.0192269851 -0.000419999997
v -0.00974610914 0.0192170143 -0.000419999997
v -0.00782334618 0.0188728608 -0.000419999997
v -0.00780654466 0.0189107396 -0.000419999997
v -0.00778650399 0.0189470109 -0.000419999997
v -0.00757116266 0.0191347245 -0.000419999997
v -0.00760838343 0.0191165041 -0.000419999997
v -0.0076438738 0.0190951154 -0.000419999997
v -0.00770860119 0.0190434828 -0.000419999997
v -0.00767736509 0.019070711 -0.000419999997
v -0.00512825279 0.0167729035 -0.000419999997
v -0.00719115743 0.0182640366 -0.000419999997
v -0.00722982176 0.0182491336 -0.000419999997
v -0.00525326096 0.0183411613 -0.000419999997
v -0.00527766533 0.0183746535 -0.000419999997
v -0.00529905595 0.0184101444 -0.000419999997
v -0.00531727308 0.0184473619 -0.000419999997
v -0.00726964045 0.018237656 -0.000419999997
v -0.00731030526 0.0182296913 -0.000419999997
v -0.00735151116 0.0182253066 -0.000419999997
v -0.00739294244 0.0182245243 -0.000419999997
v -0.00743428385 0.0182273611 -0.000419999997
v -0.00747522153 0.0182337835 -0.000419999997
v -0.00751544116 0.0182437543 -0.000419999997
v -0.00755464192 0.0182571933 -0.000419999997
v -0.00509328907 0.0182119831 -0.000419999997
v -0.00512956083 0.0182320233 -0.000419999997
v -0.00692553632 0.0185650978 -0.000419999997
v -0.00534365233 0.0185258463 -0.000419999997
v -0.00535161467 0.0185665134 -0.000419999997
v -0.00516394665 0.0182551481 -0.000419999997
v -0.00519618439 0.0182811804 -0.000419999997
v -0.00522603374 0.0183099248 -0.000419999997
v -0.0070249741 0.0183851216 -0.000419999997
v -0.00699894084 0.0184173621 -0.000419999997
v -0.0069758161 0.0184517503 -0.000419999997
v -0.00693897204 0.0185258966 -0.000419999997
v -0.00695577543 0.0184880178 -0.000419999997
v -0.0070537189 0.0183552746 -0.000419999997
v -0.007084955 0.0183280446 -0.000419999997
v -0.00711844629 0.0183036439 -0.000419999997
v -0.00533217518 0.0184860285 -0.000419999997
v -0.00715393666 0.0182822533 -0.000419999997
v -0.0069458168 0.0188893825 -0.000419999997
v -0.00693091284 0.0188507158 -0.000419999997
v -0.00533755356 0.0187716484 -0.000419999997
v -0.00691943755 0.0188108981 -0.000419999997
v -0.00534752291 0.0187314302 -0.000419999997
v -0.00691147521 0.0187702347 -0.000419999997
v -0.0053539495 0.0186904911 -0.000419999997
v -0.00690708682 0.0187290274 -0.000419999997
v -0.00535678258 0.0186491478 -0.000419999997
v -0.00690630544 0.0186875965 -0.000419999997
v -0.00535600306 0.018607717 -0.000419999997
v -0.00690914085 0.0186462551 -0.000419999997
v -0.00691556698 0.0186053198 -0.000419999997
v -0.00753249833 0.0191496238 -0.000419999997
v -0.00749267964 0.0191611014 -0.000419999997
v -0.00745201483 0.0191690661 -0.000419999997
v -0.00741080893 0.0191734545 -0.000419999997
v -0.00736937765 0.0191742331 -0.000419999997
v -0.00732803624 0.0191714 -0.000419999997
v -0.00709914323 0.0190816 -0.000419999997
v -0.00500224438 0.0218513403 -0.000419999997
v -0.00713352906 0.0191047229 -0.000419999997
v -0.00716980034 0.0191247649 -0.000419999997
v -0.00706690364 0.019055564 -0.000419999997
v -0.00703705614 0.0190268196 -0.000419999997
v -0.00700982707 0.0189955831 -0.000419999997
v -0.00528727332 0.0188849997 -0.000419999997
v -0.00526414951 0.0189193841 -0.000419999997
v -0.00728709856 0.0191649739 -0.000419999997
v -0.00724687893 0.0191550013 -0.000419999997
v -0.00720767863 0.0191415641 -0.000419999997
v -0.00532411598 0.0188108478 -0.000419999997
v -0.00530731445 0.0188487284 -0.000419999997
v -0.00696403394 0.0189266037 -0.000419999997
v -0.00698542455 0.0189620927 -0.000419999997
v -0.00507193245 0.0190727115 -0.000419999997
v -0.00510915322 0.0190544929 -0.000419999997
v -0.0051446436 0.0190331042 -0.000419999997
v -0.00523811392 0.0189516228 -0.000419999997
v -0.00520937098 0.0189814698 -0.000419999997
v -0.00517813303 0.0190086998 -0.000419999997
v 0.0038831362 0.0126856202 -0.000419999997
v -0.00473827915 0.0134431105 -0.000419999997
v -0.00477376953 0.013421718 -0.000419999997
v -0.00481098844 0.0134035023 -0.000419999997
v -0.00484965462 0.0133885983 -0.000419999997
v -0.00464480696 0.0135245873 -0.000419999997
v -0.00467355177 0.0134947402 -0.000419999997
v -0.00470478786 0.0134675112 -0.000419999997
v -0.00488947239 0.0133771216 -0.000419999997
v -0.00493013812 0.013369157 -0.000419999997
v -0.00497134402 0.0133647686 -0.000419999997
v -0.00501277437 0.01336399 -0.000419999997
v -0.00505411578 0.0133668231 -0.000419999997
v -0.00509505346 0.0133732492 -0.000419999997
v -0.00513527449 0.0133832209 -0.000419999997
v -0.00517447293 0.013396658 -0.000419999997
v -0.00452897279 0.0137857199 -0.000419999997
v -0.00453539798 0.0137447845 -0.000419999997
v -0.00454536872 0.0137045626 -0.000419999997
v -0.00455880538 0.0136653623 -0.000419999997
v -0.0045756083 0.0136274826 -0.000419999997
v -0.0045956485 0.013591215 -0.000419999997
v -0.00461877277 0.0135568269 -0.000419999997
v -0.00452613877 0.0138270613 -0.000419999997
v -0.00515232934 0.0142890895 -0.000419999997
v -0.00465688901 0.0141662853 -0.000419999997
v -0.00462965993 0.0141350487 -0.000419999997
v 0.00392642058 0.0144300833 -0.000419999997
v -0.00460525649 0.0141015574 -0.000419999997
v -0.00458386634 0.0140660657 -0.000419999997
v -0.0051125125 0.0143005662 -0.000419999997
v -0.00507184677 0.0143085308 -0.000419999997
v -0.00503064087 0.0143129192 -0.000419999997
v -0.00498920958 0.0143136987 -0.000419999997
v -0.00494786911 0.0143108657 -0.000419999997
v -0.00490693143 0.0143044386 -0.000419999997
v -0.00475336192 0.0142441876 -0.000419999997
v -0.0047189761 0.0142210657 -0.000419999997
v -0.0046867365 0.0141950296 -0.000419999997
v -0.00456564967 0.0140288481 -0.000419999997
v -0.00455074571 0.0139901824 -0.000419999997
v -0.00453926949 0.0139503637 -0.000419999997
v -0.00486671086 0.0142944679 -0.000419999997
v -0.0048275115 0.0142810298 -0.000419999997
v -0.00478963181 0.0142642269 -0.000419999997
v -0.00168467162 0.000604413857 -0.000419999997
v -0.00172828382 0.000603593595 -0.000419999997
v -0.00556928292 -0.00100162765 -0.000419999997
v -0.00185723067 0.000623834087 -0.000419999997
v -0.0018984928 0.000637978723 -0.000419999997
v -0.00131354516 0.000806579948 -0.000419999997
v -0.00134094921 0.000772643194 -0.000419999997
v 0.00353791495 -0.00122759969 -0.000419999997
v -0.00155657821 0.000629494956 -0.000419999997
v -0.0015984911 0.000617414131 -0.000419999997
v -0.00164129783 0.000609033508 -0.000419999997
v -0.0017718008 0.000606575748 -0.000419999997
v -0.00181489228 0.000613340817 -0.000419999997
v -0.00137120683 0.00074122363 -0.000419999997
v -0.00140408729 0.000712563342 -0.000419999997
v -0.00143934053 0.00068687601 -0.000419999997
v -0.00147669867 0.000664358085 -0.000419999997
v -0.00151587732 0.00064518326 -0.000419999997
v -0.00193836563 0.000655666227 -0.000419999997
v -0.00197654497 0.000676760508 -0.000419999997
v -0.00201274035 0.000701103476 -0.000419999997
v -0.00204667728 0.000728507584 -0.000419999997
v -0.00207809592 0.000758763286 -0.000419999997
v -0.00210675807 0.000791644794 -0.000419999997
v -0.00213244534 0.000826898904 -0.000419999997
v -0.00215496239 0.000864256173 -0.000419999997
v -0.00217413716 0.000903434702 -0.000419999997
v 0.00359347765 0.00101171318 -0.000419999997
v -0.00121685641 0.00113464869 -0.000419999997
v -0.00121603522 0.00109103648 -0.000419999997
v -0.00218982459 0.000944136526 -0.000419999997
v -0.00220190524 0.000986049417 -0.000419999997
v -0.00551372021 0.00123768533 -0.000419999997
v -0.00221028691 0.00102885615 -0.000419999997
v -0.0022149065 0.00107222912 -0.000419999997
v -0.00125042128 0.000920827617 -0.000419999997
v -0.00126810791 0.000880953856 -0.000419999997
v -0.00128920306 0.00084277452 -0.000419999997
v -0.00121901836 0.00104751869 -0.000419999997
v -0.00122578244 0.00100442814 -0.000419999997
v -0.0012362767 0.000962089805 -0.000419999997
v -0.00170347909 0.00160328427 -0.000419999997
v -0.0016599613 0.00160030019 -0.000419999997
v 0.00361232948 0.00177147961 -0.000419999997
v -0.00202767574 0.00149431452 -0.000419999997
v -0.00199242146 0.0015200018 -0.000419999997
v -0.00549486838 0.00199745176 -0.000419999997
v -0.00161686982 0.00159353705 -0.000419999997
v -0.00157453143 0.00158304372 -0.000419999997
v -0.0015332693 0.00156889914 -0.000419999997
v -0.00141902163 0.00150577433 -0.000419999997
v -0.00138508575 0.00147837028 -0.000419999997
v -0.00135366712 0.00144811464 -0.000419999997
v -0.00132500497 0.00141523313 -0.000419999997
v -0.0022157277 0.00111584133 -0.000419999997
v -0.00221274467 0.00115935924 -0.000419999997
v -0.00195506332 0.00154251792 -0.000419999997
v -0.00191588479 0.00156169466 -0.000419999997
v -0.00187518389 0.00157738291 -0.000419999997
v -0.001833271 0.00158946367 -0.000419999997
v -0.00179046427 0.0015978443 -0.000419999997
v -0.00174709037 0.00160246214 -0.000419999997
v -0.00149339647 0.00155121158 -0.000419999997
v -0.00145521713 0.00153011549 -0.000419999997
v -0.00129931758 0.00137998082 -0.000419999997
v -0.00127680064 0.00134261989 -0.000419999997
v -0.00125762494 0.00130344124 -0.000419999997
v -0.00124193751 0.00126274314 -0.000419999997
v -0.00122985663 0.00122083025 -0.000419999997
v -0.00122147507 0.00117802166 -0.000419999997
v -0.00211821776 0.00140029972 -0.000419999997
v -0.00209081382 0.00143423467 -0.000419999997
v -0.00206055609 0.00146565423 -0.000419999997
v -0.00220597954 0.00120244967 -0.000419999997
v -0.0021954854 0.00124478992 -0.000419999997
v -0.00218134071 0.00128605205 -0.000419999997
v -0.00216365419 0.00132592209 -0.000419999997
v -0.00214255997 0.00136410142 -0.000419999997
v -0.00469192537 0.0182020254 -0.000419999997
v -0.00473059155 0.0181871206 -0.000419999997
v 0.00397894485 0.0165469311 -0.000419999997
v -0.00452574389 0.0183231104 -0.000419999997
v -0.0045544887 0.0182932634 -0.000419999997
v -0.00458572479 0.0182660334 -0.000419999997
v -0.00461921608 0.0182416327 -0.000419999997
v -0.00465470646 0.0182202403 -0.000419999997
v -0.00477040932 0.0181756448 -0.000419999997
v -0.00481107505 0.0181676801 -0.000419999997
v -0.00485228095 0.0181632955 -0.000419999997
v -0.0048937113 0.0181625113 -0.000419999997
v -0.00493505271 0.0181653481 -0.000419999997
v -0.00497599039 0.0181717724 -0.000419999997
v -0.00501621095 0.0181817431 -0.000419999997
v -0.00505540939 0.0181951802 -0.000419999997
v -0.00444658659 0.0188273713 -0.000419999997
v -0.00443168264 0.0187887046 -0.000419999997
v 0.00403010473 0.0186087973 -0.000419999997
v -0.00442020642 0.0187488869 -0.000419999997
v -0.00441224314 0.0187082235 -0.000419999997
v -0.00441633491 0.0185433067 -0.000419999997
v -0.00442630518 0.0185030848 -0.000419999997
v -0.00443974184 0.0184638854 -0.000419999997
v -0.00445654523 0.0184260048 -0.000419999997
v -0.00447658496 0.0183897372 -0.000419999997
v -0.00449970923 0.0183553491 -0.000419999997
v -0.00440785568 0.0186670162 -0.000419999997
v -0.00440707523 0.0186255835 -0.000419999997
v -0.00440990925 0.0185842421 -0.000419999997
v -0.00456767343 0.0189935528 -0.000419999997
v -0.00453782594 0.0189648084 -0.000419999997
v 0.00410495326 0.0216253679 -0.000419999997
v -0.00503326626 0.0190876126 -0.000419999997
v -0.00499344943 0.0190990884 -0.000419999997
v -0.0049527837 0.0191070531 -0.000419999997
v -0.00451059686 0.0189335719 -0.000419999997
v -0.00448619341 0.0189000797 -0.000419999997
v -0.0044648028 0.0188645925 -0.000419999997
v -0.00491157779 0.0191114414 -0.000419999997
v -0.00487014651 0.01911222 -0.000419999997
v -0.00482880604 0.019109387 -0.000419999997
v -0.00478786835 0.0191029608 -0.000419999997
v -0.00474764779 0.0190929901 -0.000419999997
v -0.00470844842 0.019079553 -0.000419999997
v -0.00467056828 0.0190627519 -0.000419999997
v -0.00463429885 0.0190427098 -0.000419999997
v -0.00459991302 0.019019587 -0.000419999997
v -0.00631529046 0.023796957 -0.000419999997
v -0.00629389985 0.0237614699 -0.000419999997
v -0.00627568271 0.0237242486 -0.000419999997
v -0.00624543102 0.0234401841 -0.000419999997
v -0.00625540223 0.0233999621 -0.000419999997
v -0.00497539341 0.0229335055 -0.000419999997
v -0.00626077829 0.023685582 -0.000419999997
v -0.00624930346 0.0236457642 -0.000419999997
v -0.00624133926 0.0236050971 -0.000419999997
v -0.00655968767 0.0230839979 -0.000419999997
v -0.00659950636 0.0230725221 -0.000419999997
v -0.00635484001 0.0232199878 -0.000419999997
v -0.00632880628 0.0232522264 -0.000419999997
v -0.00630568201 0.0232866146 -0.000419999997
v -0.00676414976 0.0230622254 -0.000419999997
v -0.00680508744 0.0230686497 -0.000419999997
v -0.00747462362 0.0229955185 -0.000419999997
v -0.00684530707 0.0230786204 -0.000419999997
v -0.00688450737 0.0230920576 -0.000419999997
v -0.00708235893 0.0232380386 -0.000419999997
v -0.00710676145 0.023271529 -0.000419999997
v -0.00626883795 0.0233607627 -0.000419999997
v -0.00628564134 0.0233228821 -0.000419999997
v -0.00638358481 0.0231901407 -0.000419999997
v -0.00641482091 0.0231629107 -0.000419999997
v -0.0064483122 0.0231385101 -0.000419999997
v -0.00648380257 0.0231171176 -0.000419999997
v -0.00652102334 0.0230989028 -0.000419999997
v -0.00664017117 0.0230645575 -0.000419999997
v -0.00668137707 0.0230601728 -0.000419999997
v -0.00672280835 0.0230593886 -0.000419999997
v -0.00692238519 0.0231088605 -0.000419999997
v -0.00695865694 0.0231289007 -0.000419999997
v -0.00699304277 0.0231520254 -0.000419999997
v -0.00702528236 0.0231780577 -0.000419999997
v -0.00705512986 0.0232068021 -0.000419999997
v -0.00712815206 0.0233070217 -0.000419999997
v -0.0071463692 0.0233442392 -0.000419999997
v -0.00716127129 0.0233829059 -0.000419999997
v -0.00716664921 0.0236685257 -0.000419999997
v -0.00715321163 0.0237077251 -0.000419999997
v -0.00745316735 0.0238602534 -0.000419999997
v -0.00713641057 0.0237456057 -0.000419999997
v -0.00711636944 0.023781877 -0.000419999997
v -0.00623695273 0.0235638935 -0.000419999997
v -0.00623617135 0.0235224608 -0.000419999997
v -0.0062390063 0.0234811194 -0.000419999997
v -0.00718588009 0.0235460252 -0.000419999997
v -0.00718304515 0.0235873684 -0.000419999997
v -0.00717661902 0.0236283038 -0.000419999997
v -0.00717274845 0.0234227236 -0.000419999997
v -0.00718071079 0.0234633908 -0.000419999997
v -0.00718509918 0.0235045943 -0.000419999997
v -0.00653754408 0.0239764303 -0.000419999997
v -0.00649966625 0.0239596292 -0.000419999997
v -0.007007231 0.0239055771 -0.000419999997
v -0.00697373971 0.0239299815 -0.000419999997
v -0.00709324516 0.0238162596 -0.000419999997
v -0.0070672119 0.0238485001 -0.000419999997
v -0.0070384671 0.0238783471 -0.000419999997
v -0.00693824934 0.0239513703 -0.000419999997
v -0.00690102857 0.0239695888 -0.000419999997
v -0.00686236424 0.02398449 -0.000419999997
v -0.00657674437 0.0239898674 -0.000419999997
v -0.00646339497 0.0239395872 -0.000419999997
v -0.00642900914 0.0239164643 -0.000419999997
v -0.00639676908 0.0238904301 -0.000419999997
v -0.00682254555 0.0239959657 -0.000419999997
v -0.00678188074 0.0240039304 -0.000419999997
v -0.00674067484 0.0240083188 -0.000419999997
v -0.00669924356 0.0240090974 -0.000419999997
v -0.00665790215 0.0240062643 -0.000419999997
v -0.00661696447 0.0239998382 -0.000419999997
v -0.00130721973 0.0231625903 -0.000419999997
v -0.00133034494 0.0231282022 -0.000419999997
v 0.00413180469 0.0227075331 -0.000419999997
v -0.00152256072 0.0229748785 -0.000419999997
v -0.00156122621 0.0229599737 -0.000419999997
v -0.00160104386 0.0229484979 -0.000419999997
v -0.00164170959 0.0229405332 -0.000419999997
v -0.0013412314 0.023706425 -0.000419999997
v -0.00131682889 0.0236729328 -0.000419999997
v 0.00415326096 0.0235722698 -0.000419999997
v -0.00129543745 0.0236374456 -0.000419999997
v -0.00127722102 0.0236002244 -0.000419999997
v -0.0012469705 0.0233161598 -0.000419999997
v -0.00125693996 0.0232759379 -0.000419999997
v -0.00135637843 0.0230959635 -0.000419999997
v -0.00138512324 0.0230661165 -0.000419999997
v -0.00141636026 0.0230388865 -0.000419999997
v -0.00144985062 0.0230144858 -0.000419999997
v -0.001485341 0.0229930934 -0.000419999997
v -0.00180662493 0.0229446255 -0.000419999997
v -0.00184684666 0.0229545962 -0.000419999997
v -0.00188604509 0.0229680333 -0.000419999997
v -0.00192392478 0.0229848363 -0.000419999997
v -0.00202682009 0.0230540335 -0.000419999997
v -0.00402179081 0.0230368897 -0.000419999997
v -0.00199458026 0.0230280012 -0.000419999997
v -0.00196019444 0.0230048764 -0.000419999997
v -0.00426491862 0.0230002142 -0.000419999997
v -0.0043058563 0.0230066366 -0.000419999997
v -0.00127037754 0.0232367385 -0.000419999997
v -0.00128717988 0.0231988579 -0.000419999997
v -0.00168291538 0.0229361486 -0.000419999997
v -0.00172434677 0.0229353644 -0.000419999997
v -0.00176568818 0.0229382012 -0.000419999997
v -0.00205666828 0.0230827779 -0.000419999997
v -0.00208389643 0.0231140144 -0.000419999997
v -0.0021083001 0.0231475066 -0.000419999997
v -0.00406045746 0.0230219867 -0.000419999997
v -0.00410027523 0.0230105091 -0.000419999997
v -0.00442315498 0.0230468493 -0.000419999997
v -0.00445942581 0.0230668876 -0.000419999997
v -0.00449381163 0.0230900142 -0.000419999997
v -0.00452605123 0.0231160466 -0.000419999997
v -0.00126231788 0.0235615578 -0.000419999997
v -0.00125084096 0.02352174 -0.000419999997
v -0.00124287861 0.0234810729 -0.000419999997
v -0.00123849022 0.0234398693 -0.000419999997
v -0.00123771001 0.0233984366 -0.000419999997
v -0.00124054402 0.0233570952 -0.000419999997
v -0.00386769162 0.0237996727 -0.000419999997
v -0.00384046254 0.0237684362 -0.000419999997
v -0.00209478382 0.0236922372 -0.000419999997
v -0.00381605909 0.0237349458 -0.000419999997
v -0.00211790809 0.0236578528 -0.000419999997
v -0.00434607686 0.0230166074 -0.000419999997
v -0.00438527623 0.0230300464 -0.000419999997
v -0.00455589872 0.0231447909 -0.000419999997
v -0.0045831278 0.0231760275 -0.000419999997
v -0.00460753031 0.0232095178 -0.000419999997
v -0.00380645087 0.0232246034 -0.000419999997
v -0.00382957514 0.0231902152 -0.000419999997
v -0.00414094096 0.0230025444 -0.000419999997
v -0.0041821464 0.0229981598 -0.000419999997
v -0.00422357721 0.0229973774 -0.000419999997
v -0.00465398142 0.0236457139 -0.000419999997
v -0.00463717896 0.0236835927 -0.000419999997
v -0.00461713923 0.023719864 -0.000419999997
v -0.00459401403 0.0237542484 -0.000419999997
v -0.00385560957 0.0231579747 -0.000419999997
v -0.00388435437 0.0231281277 -0.000419999997
v -0.0039155907 0.0231008995 -0.000419999997
v -0.00394908199 0.023076497 -0.000419999997
v -0.00398457237 0.0230551064 -0.000419999997
v -0.00462892139 0.0232450105 -0.000419999997
v -0.00464713806 0.0232822262 -0.000419999997
v -0.00466204109 0.0233208928 -0.000419999997
v -0.00468664896 0.023484014 -0.000419999997
v -0.00468381494 0.0235253554 -0.000419999997
v -0.00378641114 0.0232608709 -0.000419999997
v -0.00212969049 0.0231829975 -0.000419999997
v -0.00214790786 0.023220215 -0.000419999997
v -0.00213794899 0.0236215815 -0.000419999997
v -0.00379466871 0.0236994568 -0.000419999997
v -0.00377645227 0.0236622356 -0.000419999997
v -0.00467738835 0.0235662907 -0.000419999997
v -0.00466741901 0.0236065127 -0.000419999997
v -0.00376154808 0.0236235689 -0.000419999997
v -0.00375007209 0.0235837512 -0.000419999997
v -0.00215475145 0.0235837009 -0.000419999997
v -0.00217815838 0.0235042796 -0.000419999997
v -0.0021681881 0.0235445015 -0.000419999997
v -0.00373772136 0.0235018805 -0.000419999997
v -0.00467351824 0.0233607125 -0.000419999997
v -0.00468148058 0.0234013777 -0.000419999997
v -0.00468586897 0.0234425832 -0.000419999997
v -0.00216281088 0.0232588816 -0.000419999997
v -0.00217428687 0.0232986994 -0.000419999997
v -0.00376960775 0.0232987497 -0.000419999997
v -0.00375617109 0.0233379509 -0.000419999997
v -0.00374210882 0.023543084 -0.000419999997
v -0.00218225014 0.0233393665 -0.000419999997
v -0.0021866376 0.0233805701 -0.000419999997
v -0.00374620082 0.0233781729 -0.000419999997
v -0.00373977516 0.0234191082 -0.000419999997
v -0.00373694114 0.0234604497 -0.000419999997
v -0.00218741782 0.0234220009 -0.000419999997
v -0.00218458381 0.0234633442 -0.000419999997
v -0.00153908273 0.0238524061 -0.000419999997
v -0.00150120398 0.023835605 -0.000419999997
v -0.00456798077 0.0237864889 -0.000419999997
v -0.00190256804 0.0238455646 -0.000419999997
v -0.00186390174 0.0238604657 -0.000419999997
v -0.00136846048 0.0237376615 -0.000419999997
v -0.00139830878 0.0237664059 -0.000419999997
v -0.00453923596 0.0238163359 -0.000419999997
v -0.00450799987 0.0238435641 -0.000419999997
v -0.00447450858 0.0238679685 -0.000419999997
v -0.0044390182 0.0238893572 -0.000419999997
v -0.00440179836 0.0239075776 -0.000419999997
v -0.00436313311 0.0239224769 -0.000419999997
v -0.00157828222 0.0238658432 -0.000419999997
v -0.00400043419 0.0238976181 -0.000419999997
v -0.00396416476 0.023877576 -0.000419999997
v -0.00392977893 0.0238544531 -0.000419999997
v -0.00389753911 0.0238284171 -0.000419999997
v -0.00193978695 0.023827346 -0.000419999997
v -0.00197527721 0.0238059573 -0.000419999997
v -0.00182408502 0.0238719415 -0.000419999997
v -0.00178341835 0.0238799062 -0.000419999997
v -0.00174221338 0.0238842946 -0.000419999997
v -0.00146493351 0.0238155629 -0.000419999997
v -0.00143054756 0.0237924401 -0.000419999997
v -0.00432331534 0.0239339545 -0.000419999997
v -0.00428264961 0.0239419192 -0.000419999997
v -0.0042414437 0.0239463076 -0.000419999997
v -0.00420001242 0.0239470862 -0.000419999997
v -0.00415867148 0.0239442531 -0.000419999997
v -0.00411773426 0.023937827 -0.000419999997
v -0.00407751324 0.0239278544 -0.000419999997
v -0.00403831387 0.0239144173 -0.000419999997
v -0.0020687494 0.0237244759 -0.000419999997
v -0.00204000552 0.0237543229 -0.000419999997
v -0.0020087685 0.0237815529 -0.000419999997
v -0.0017007821 0.0238850731 -0.000419999997
v -0.00165944046 0.0238822401 -0.000419999997
v -0.00161850301 0.0238758139 -0.000419999997
v 0.00795494113 -0.0258925185 -0.000419999997
v 0.00792032573 -0.0258645676 -0.000419999997
v 0.00788827892 -0.0258337036 -0.000419999997
v 0.00785904378 -0.0258001667 -0.000419999997
v 0.00783284288 -0.0257642083 -0.000419999997
v 0.00780987553 -0.0257261023 -0.000419999997
v 0.00297087641 -0.0240805652 -0.000419999997
v 0.00775093725 -0.0254250988 -0.000419999997
v 0.00775783695 -0.0253811441 -0.000419999997
v 0.00776854111 -0.0253379606 -0.000419999997
v 0.00778296869 -0.0252958722 -0.000419999997
v 0.00780100934 -0.0252552014 -0.000419999997
v 0.00779031683 -0.0256861392 -0.000419999997
v 0.00777431531 -0.0256446246 -0.000419999997
v 0.00776199298 -0.0256018732 -0.000419999997
v 0.00775344344 -0.0255582109 -0.000419999997
v 0.00774873234 -0.0255139694 -0.000419999997
v 0.00774789462 -0.0254694857 -0.000419999997
v 0.00782252569 -0.0252162591 -0.000419999997
v 0.00784735475 -0.0251793396 -0.000419999997
v 0.00787530653 -0.0251447242 -0.000419999997
v 0.00790616963 -0.0251126774 -0.000419999997
v 0.00793970749 -0.0250834413 -0.000419999997
v 0.00799183175 -0.0242051464 -0.000419999997
v 0.00797566585 -0.0250572413 -0.000419999997
v 0.00801377185 -0.025034273 -0.000419999997
v 0.00856079906 -0.0243064482 -0.000419999997
v 0.00855915621 -0.0242192242 -0.000419999997
v 0.00835872907 -0.0249822363 -0.000419999997
v 0.0083147753 -0.0249753352 -0.000419999997
v 0.00820069946 -0.0259889364 -0.000419999997
v 0.00824508723 -0.02599198 -0.000419999997
v 0.00828957092 -0.0259911418 -0.000419999997
v 0.00813800003 -0.0249863919 -0.000419999997
v 0.0081816623 -0.0249778423 -0.000419999997
v 0.00822590385 -0.0249731299 -0.000419999997
v 0.00827038847 -0.0249722935 -0.000419999997
v 0.00846174173 -0.0259495564 -0.000419999997
v 0.0084202271 -0.0259655584 -0.000419999997
v 0.00837747566 -0.0259778816 -0.000419999997
v 0.00833381247 -0.0259864293 -0.000419999997
v 0.00805373397 -0.0250147153 -0.000419999997
v 0.0080952486 -0.0249987133 -0.000419999997
v 0.00962126721 -0.025242079 -0.000419999997
v 0.00953404419 -0.0252437219 -0.000419999997
v 0.0094470093 -0.0252377558 -0.000419999997
v 0.00857576728 -0.0258808304 -0.000419999997
v 0.00853980891 -0.0259070322 -0.000419999997
v 0.00850170385 -0.0259299986 -0.000419999997
v 0.00815674569 -0.0259820372 -0.000419999997
v 0.0081135612 -0.0259713326 -0.000419999997
v 0.0080714738 -0.0259569045 -0.000419999997
v 0.00803080387 -0.0259388648 -0.000419999997
v 0.00799186062 -0.0259173475 -0.000419999997
v 0.00936082657 -0.0252242256 -0.000419999997
v 0.00927614979 -0.0252032373 -0.000419999997
v 0.0091936253 -0.0251749493 -0.000419999997
v 0.00876453798 -0.0255391747 -0.000419999997
v 0.00875763875 -0.0255831275 -0.000419999997
v 0.00874693412 -0.0256263129 -0.000419999997
v 0.00873250701 -0.0256684013 -0.000419999997
v 0.00871446636 -0.0257090703 -0.000419999997
v 0.00869294908 -0.0257480126 -0.000419999997
v 0.00868068729 -0.0247223936 -0.000419999997
v 0.00864233728 -0.0246440358 -0.000419999997
v 0.0084440019 -0.0250073671 -0.000419999997
v 0.00861096196 -0.0245626345 -0.000419999997
v 0.0084019145 -0.0249929391 -0.000419999997
v 0.00858680066 -0.024478808 -0.000419999997
v 0.00857003685 -0.0243931953 -0.000419999997
v 0.00866812095 -0.0257849321 -0.000419999997
v 0.00864016823 -0.0258195475 -0.000419999997
v 0.00860930607 -0.0258515943 -0.000419999997
v 0.00876203179 -0.0254060607 -0.000419999997
v 0.00875348225 -0.0253623985 -0.000419999997
v 0.00874115992 -0.025319647 -0.000419999997
v 0.00876674335 -0.0254503023 -0.000419999997
v 0.00876758061 -0.025494786 -0.000419999997
v 0.00848467182 -0.0250254069 -0.000419999997
v 0.00852361508 -0.0250469241 -0.000419999997
v 0.00872572139 -0.0247971099 -0.000419999997
v 0.00856053457 -0.0250717532 -0.000419999997
v 0.00877709594 -0.0248676166 -0.000419999997
v 0.00859514903 -0.0250997059 -0.000419999997
v 0.00883441977 -0.0249333791 -0.000419999997
v 0.00862719677 -0.0251305681 -0.000419999997
v 0.00889725797 -0.0249938928 -0.000419999997
v 0.00865643192 -0.0251641069 -0.000419999997
v 0.00896512996 -0.0250487011 -0.000419999997
v 0.00868263282 -0.0252000652 -0.000419999997
v 0.00870560016 -0.0252381694 -0.000419999997
v 0.00872515887 -0.0252781324 -0.000419999997
v 0.00911387987 -0.0251395758 -0.000419999997
v 0.00903752167 -0.025097385 -0.000419999997
v 0.00850700587 -0.0224681497 -0.000419999997
v 0.0085476758 -0.0224861894 -0.000419999997
v 0.00858661905 -0.0225077048 -0.000419999997
v 0.00807677582 -0.0224950556 -0.000419999997
v 0.00811673794 -0.0224754959 -0.000419999997
v 0.00805483572 -0.0216659289 -0.000419999997
v 0.00815825257 -0.0224594958 -0.000419999997
v 0.00820100401 -0.0224471726 -0.000419999997
v 0.0082446672 -0.022438623 -0.000419999997
v 0.00828890875 -0.0224339124 -0.000419999997
v 0.00833339244 -0.0224330742 -0.000419999997
v 0.00837778021 -0.0224361178 -0.000419999997
v 0.00842173398 -0.022443017 -0.000419999997
v 0.00846491847 -0.0224537216 -0.000419999997
v 0.00862353854 -0.0225325357 -0.000419999997
v 0.00865815394 -0.0225604866 -0.000419999997
v 0.00869020075 -0.0225913487 -0.000419999997
v 0.00839681737 -0.0234472118 -0.000419999997
v 0.00856512319 -0.0241321903 -0.000419999997
v 0.00871943589 -0.0226248875 -0.000419999997
v 0.00874563679 -0.0226608459 -0.000419999997
v 0.00876860414 -0.0226989519 -0.000419999997
v 0.00835257582 -0.0234519225 -0.000419999997
v 0.0083080912 -0.0234527607 -0.000419999997
v 0.00826370344 -0.0234497171 -0.000419999997
v 0.0082197506 -0.0234428179 -0.000419999997
v 0.00817656517 -0.0234321132 -0.000419999997
v 0.00813447777 -0.023417687 -0.000419999997
v 0.00809380785 -0.0233996455 -0.000419999997
v 0.00940968189 -0.0232552178 -0.000419999997
v 0.00949643087 -0.0232459791 -0.000419999997
v 0.00958365388 -0.0232443362 -0.000419999997
v 0.00866330322 -0.0237990599 -0.000419999997
v 0.00870549213 -0.0237227008 -0.000419999997
v 0.00856470782 -0.0233907793 -0.000419999997
v 0.00857865158 -0.0240460057 -0.000419999997
v 0.0085996408 -0.0239613298 -0.000419999997
v 0.00844047964 -0.0234386623 -0.000419999997
v 0.00848323107 -0.0234263409 -0.000419999997
v 0.00862792972 -0.0238788053 -0.000419999997
v 0.0085247457 -0.0234103389 -0.000419999997
v 0.00875417609 -0.0236503091 -0.000419999997
v 0.00880898442 -0.023582438 -0.000419999997
v 0.00860281289 -0.0233678129 -0.000419999997
v 0.00915884133 -0.0233275164 -0.000419999997
v 0.00882754195 -0.0229999553 -0.000419999997
v 0.00882064272 -0.02304391 -0.000419999997
v 0.0088099381 -0.0230870936 -0.000419999997
v 0.00879551098 -0.0231291819 -0.000419999997
v 0.00900576822 -0.0234109014 -0.000419999997
v 0.00877747033 -0.0231698528 -0.000419999997
v 0.00875595398 -0.0232087951 -0.000419999997
v 0.00873112492 -0.0232457146 -0.000419999997
v 0.00893526059 -0.023462275 -0.000419999997
v 0.00870317314 -0.02328033 -0.000419999997
v 0.0088694999 -0.0235195998 -0.000419999997
v 0.00867231004 -0.0233123768 -0.000419999997
v 0.00863877218 -0.023341611 -0.000419999997
v 0.00878816284 -0.0227389149 -0.000419999997
v 0.00924024265 -0.023296142 -0.000419999997
v 0.00932406913 -0.0232719798 -0.000419999997
v 0.00880416483 -0.0227804277 -0.000419999997
v 0.00881648716 -0.0228231791 -0.000419999997
v 0.00882503577 -0.0228668433 -0.000419999997
v 0.00882974733 -0.0229110848 -0.000419999997
v 0.00883058459 -0.0229555685 -0.000419999997
v 0.00908048451 -0.0233658683 -0.000419999997
v 0.0079512829 -0.0232944861 -0.000419999997
v 0.00792204775 -0.0232609473 -0.000419999997
v 0.00805486459 -0.02337813 -0.000419999997
v 0.0080179451 -0.023353301 -0.000419999997
v 0.00798333064 -0.0233253483 -0.000419999997
v 0.00789584685 -0.023224989 -0.000419999997
v 0.00787287951 -0.023186883 -0.000419999997
v 0.0078533208 -0.0231469218 -0.000419999997
v 0.00782084092 -0.0228419267 -0.000419999997
v 0.00783154555 -0.0227987412 -0.000419999997
v 0.00303388061 -0.0215413459 -0.000419999997
v 0.00784597266 -0.0227566529 -0.000419999997
v 0.00786401331 -0.0227159839 -0.000419999997
v 0.00783731975 -0.0231054071 -0.000419999997
v 0.00782499742 -0.0230626557 -0.000419999997
v 0.00781644788 -0.0230189934 -0.000419999997
v 0.00781173632 -0.0229747519 -0.000419999997
v 0.00781089859 -0.0229302663 -0.000419999997
v 0.00781394169 -0.0228858795 -0.000419999997
v 0.00788552966 -0.0226770397 -0.000419999997
v 0.00791035872 -0.0226401202 -0.000419999997
v 0.00793831144 -0.0226055067 -0.000419999997
v 0.0079691736 -0.022573458 -0.000419999997
v 0.00800271146 -0.0225442238 -0.000419999997
v 0.00803867076 -0.0225180238 -0.000419999997
v 0.00787694566 -0.020346662 -0.000419999997
v 0.00788384583 -0.0203027073 -0.000419999997
v 0.00309688482 -0.0190021284 -0.000419999997
v 0.0080142878 -0.0207552668 -0.000419999997
v 0.00798505265 -0.0207217298 -0.000419999997
v 0.00795885082 -0.0206857696 -0.000419999997
v 0.00793588348 -0.0206476655 -0.000419999997
v 0.00791632477 -0.0206077024 -0.000419999997
v 0.00790032372 -0.0205661878 -0.000419999997
v 0.00788800139 -0.0205234364 -0.000419999997
v 0.00787945185 -0.0204797741 -0.000419999997
v 0.00787474029 -0.0204355326 -0.000419999997
v 0.00787390303 -0.0203910489 -0.000419999997
v 0.00789454952 -0.0202595219 -0.000419999997
v 0.00790897757 -0.0202174354 -0.000419999997
v 0.00792701822 -0.0201767646 -0.000419999997
v 0.00794853456 -0.0201378223 -0.000419999997
v 0.00797336362 -0.0201009028 -0.000419999997
v 0.00800131541 -0.0200662874 -0.000419999997
v 0.00803217757 -0.0200342406 -0.000419999997
v 0.00806571636 -0.0200050063 -0.000419999997
v 0.00811783969 -0.0191267114 -0.000419999997
v 0.00810167473 -0.0199788045 -0.000419999997
v 0.00813978072 -0.0199558362 -0.000419999997
v 0.00819748174 -0.0208784677 -0.000419999997
v 0.00815681182 -0.020860428 -0.000419999997
v 0.0081178695 -0.0208389107 -0.000419999997
v 0.00808095001 -0.0208140817 -0.000419999997
v 0.00804633461 -0.0207861308 -0.000419999997
v 0.00857001077 -0.0199289303 -0.000419999997
v 0.0086106807 -0.01994697 -0.000419999997
v 0.00864962302 -0.0199684873 -0.000419999997
v 0.00868654251 -0.0199933164 -0.000419999997
v 0.00817974284 -0.0199362785 -0.000419999997
v 0.00822125748 -0.0199202765 -0.000419999997
v 0.00826400891 -0.0199079551 -0.000419999997
v 0.00879412889 -0.0207064953 -0.000419999997
v 0.00881895795 -0.0206695758 -0.000419999997
v 0.0088404743 -0.0206306335 -0.000419999997
v 0.00870177615 -0.0208023936 -0.000419999997
v 0.00866581779 -0.0208285935 -0.000419999997
v 0.0086277118 -0.0208515618 -0.000419999997
v 0.00858774967 -0.0208711214 -0.000419999997
v 0.0084155798 -0.020912705 -0.000419999997
v 0.0083710961 -0.0209135413 -0.000419999997
v 0.00832670834 -0.0209104996 -0.000419999997
v 0.00830767117 -0.0198994055 -0.000419999997
v 0.00835191272 -0.019894693 -0.000419999997
v 0.00839639641 -0.0198938567 -0.000419999997
v 0.00844078418 -0.0198968984 -0.000419999997
v 0.00848473795 -0.0199037977 -0.000419999997
v 0.00852792244 -0.0199145023 -0.000419999997
v 0.00872115791 -0.0200212691 -0.000419999997
v 0.00875320472 -0.0200521313 -0.000419999997
v 0.00878243987 -0.0200856701 -0.000419999997
v 0.00876617711 -0.0207411107 -0.000419999997
v 0.00873531494 -0.0207731575 -0.000419999997
v 0.00828275457 -0.0209036004 -0.000419999997
v 0.00823957007 -0.0208928958 -0.000419999997
v 0.00854623504 -0.0208871216 -0.000419999997
v 0.00850348361 -0.0208994448 -0.000419999997
v 0.00845982134 -0.0209079944 -0.000419999997
v 0.00880864076 -0.0201216284 -0.000419999997
v 0.00883160811 -0.0201597344 -0.000419999997
v 0.00885116681 -0.0201996956 -0.000419999997
v 0.0088671688 -0.0202412102 -0.000419999997
v 0.00887949113 -0.0202839617 -0.000419999997
v 0.00888804067 -0.0203276239 -0.000419999997
v 0.00888364669 -0.0205046907 -0.000419999997
v 0.008872943 -0.0205478761 -0.000419999997
v 0.00885851495 -0.0205899626 -0.000419999997
v 0.0088927513 -0.0203718655 -0.000419999997
v 0.00889358949 -0.0204163492 -0.000419999997
v 0.00889054686 -0.0204607379 -0.000419999997
v 0.00807729177 -0.0182160493 -0.000419999997
v 0.00804805662 -0.0181825105 -0.000419999997
v 0.00802185573 -0.0181465521 -0.000419999997
v 0.00799888838 -0.0181084462 -0.000419999997
v 0.00797932968 -0.018068485 -0.000419999997
v 0.00796332769 -0.0180269703 -0.000419999997
v 0.00795100536 -0.0179842189 -0.000419999997
v 0.00794245675 -0.0179405566 -0.000419999997
v 0.00793774519 -0.0178963151 -0.000419999997
v 0.007936907 -0.0178518314 -0.000419999997
v 0.00315988925 -0.0164629109 -0.000419999997
v 0.00793995056 -0.0178074427 -0.000419999997
v 0.0079468498 -0.017763488 -0.000419999997
v 0.00795755442 -0.0177203044 -0.000419999997
v 0.00797198154 -0.0176782161 -0.000419999997
v 0.00799002219 -0.0176375452 -0.000419999997
v 0.00801153854 -0.0175986029 -0.000419999997
v 0.0080363676 -0.0175616834 -0.000419999997
v 0.00806431938 -0.0175270699 -0.000419999997
v 0.00826048665 -0.0183392502 -0.000419999997
v 0.00821981672 -0.0183212087 -0.000419999997
v 0.00809518248 -0.0174950212 -0.000419999997
v 0.00812872034 -0.017465787 -0.000419999997
v 0.0081808446 -0.0165874921 -0.000419999997
v 0.0081646787 -0.0174395852 -0.000419999997
v 0.00820278469 -0.0174166188 -0.000419999997
v 0.00818087347 -0.0182996914 -0.000419999997
v 0.00814395398 -0.0182748642 -0.000419999997
v 0.00810933858 -0.0182469115 -0.000419999997
v 0.00847858377 -0.0183734857 -0.000419999997
v 0.00843410008 -0.0183743238 -0.000419999997
v 0.00838971231 -0.0183712803 -0.000419999997
v 0.00876478013 -0.0182631742 -0.000419999997
v 0.00872882176 -0.0182893761 -0.000419999997
v 0.0086907167 -0.0183123425 -0.000419999997
v 0.00865075458 -0.0183319021 -0.000419999997
v 0.00834575854 -0.018364381 -0.000419999997
v 0.00830257405 -0.0183536783 -0.000419999997
v 0.00824274682 -0.0173970591 -0.000419999997
v 0.00828426145 -0.017381059 -0.000419999997
v 0.00832701288 -0.0173687357 -0.000419999997
v 0.00863301475 -0.017389711 -0.000419999997
v 0.00867368467 -0.0174077526 -0.000419999997
v 0.00871262792 -0.0174292699 -0.000419999997
v 0.00837067515 -0.0173601862 -0.000419999997
v 0.00841491669 -0.0173554756 -0.000419999997
v 0.00845940132 -0.0173546374 -0.000419999997
v 0.00850378815 -0.0173576809 -0.000419999997
v 0.00854774192 -0.0173645802 -0.000419999997
v 0.00859092735 -0.0173752848 -0.000419999997
v 0.0088571338 -0.0181672778 -0.000419999997
v 0.00888196193 -0.0181303583 -0.000419999997
v 0.0089034792 -0.0180914141 -0.000419999997
v 0.00860923994 -0.0183479022 -0.000419999997
v 0.00856648851 -0.0183602255 -0.000419999997
v 0.00852282532 -0.018368775 -0.000419999997
v 0.00874954741 -0.017454097 -0.000419999997
v 0.00878416188 -0.0174820498 -0.000419999997
v 0.00881620962 -0.0175129119 -0.000419999997
v 0.00882918108 -0.0182018913 -0.000419999997
v 0.00879831892 -0.01823394 -0.000419999997
v 0.00884544477 -0.0175464507 -0.000419999997
v 0.00887164567 -0.0175824091 -0.000419999997
v 0.00889461301 -0.0176205151 -0.000419999997
v 0.00895355083 -0.0179215185 -0.000419999997
v 0.00894665159 -0.0179654732 -0.000419999997
v 0.00891417172 -0.0176604763 -0.000419999997
v 0.00893017277 -0.0177019928 -0.000419999997
v 0.0089424951 -0.0177447423 -0.000419999997
v 0.00893594697 -0.0180086568 -0.000419999997
v 0.00892151985 -0.0180507451 -0.000419999997
v 0.00895104464 -0.0177884046 -0.000419999997
v 0.0089557562 -0.0178326461 -0.000419999997
v 0.00895659346 -0.0178771317 -0.000419999997
v 0.00800074916 -0.0153570957 -0.000419999997
v 0.0079999119 -0.0153126111 -0.000419999997
v 0.00328589766 -0.0113844732 -0.000419999997
v 0.00816237647 -0.0124832466 -0.000419999997
v 0.00819032826 -0.0124486322 -0.000419999997
v 0.00814029574 -0.01567683 -0.000419999997
v 0.0081110606 -0.0156432912 -0.000419999997
v 0.0080848597 -0.0156073337 -0.000419999997
v 0.00812489633 -0.0130300093 -0.000419999997
v 0.00810533762 -0.0129900482 -0.000419999997
v 0.00806189235 -0.0155692287 -0.000419999997
v 0.00804233365 -0.0155292666 -0.000419999997
v 0.00802633259 -0.015487751 -0.000419999997
v 0.00801401027 -0.0154450005 -0.000419999997
v 0.00800546072 -0.0154013373 -0.000419999997
v 0.00803498551 -0.0151389977 -0.000419999997
v 0.00805302616 -0.0150983278 -0.000419999997
v 0.00807454251 -0.0150593845 -0.000419999997
v 0.00809937157 -0.015022465 -0.000419999997
v 0.00812732428 -0.0149878506 -0.000419999997
v 0.00815818645 -0.0149558038 -0.000419999997
v 0.00800295454 -0.0152682243 -0.000419999997
v 0.00800985377 -0.0152242705 -0.000419999997
v 0.00802055839 -0.015181086 -0.000419999997
v 0.00808933657 -0.0129485335 -0.000419999997
v 0.00807701424 -0.0129057821 -0.000419999997
v 0.0080684647 -0.0128621198 -0.000419999997
v 0.0081740655 -0.0131040737 -0.000419999997
v 0.00814786367 -0.0130681153 -0.000419999997
v 0.00806375314 -0.0128178773 -0.000419999997
v 0.00806291588 -0.0127733927 -0.000419999997
v 0.00806595851 -0.012729005 -0.000419999997
v 0.00807285868 -0.0126850512 -0.000419999997
v 0.00808356237 -0.0126418667 -0.000419999997
v 0.00809799042 -0.0125997802 -0.000419999997
v 0.00811603107 -0.0125591084 -0.000419999997
v 0.00813754741 -0.012520167 -0.000419999997
v 0.00832879357 -0.012338182 -0.000419999997
v 0.00836875569 -0.0123186223 -0.000419999997
v 0.00822119042 -0.0124165844 -0.000419999997
v 0.00825472921 -0.0123873502 -0.000419999997
v 0.00829068758 -0.0123611493 -0.000419999997
v 0.00832349062 -0.0158000309 -0.000419999997
v 0.00828282069 -0.0157819912 -0.000419999997
v 0.00824387744 -0.0157604739 -0.000419999997
v 0.00820695795 -0.0157356448 -0.000419999997
v 0.00817234349 -0.015707694 -0.000419999997
v 0.00849668402 -0.0122817503 -0.000419999997
v 0.00854092557 -0.0122770388 -0.000419999997
v 0.00858540926 -0.0122762006 -0.000419999997
v 0.00875902362 -0.0123112742 -0.000419999997
v 0.00879969355 -0.0123293148 -0.000419999997
v 0.00883863587 -0.0123508321 -0.000419999997
v 0.00887555536 -0.0123756612 -0.000419999997
v 0.00830688234 -0.0132212546 -0.000419999997
v 0.00826996285 -0.0131964264 -0.000419999997
v 0.00819172431 -0.0149265677 -0.000419999997
v 0.00823534746 -0.0131684747 -0.000419999997
v 0.00820330065 -0.0131376125 -0.000419999997
v 0.00858583022 -0.0158295557 -0.000419999997
v 0.00854158867 -0.0158342682 -0.000419999997
v 0.00849710405 -0.0158351064 -0.000419999997
v 0.00845271628 -0.0158320628 -0.000419999997
v 0.00862979703 -0.0122792432 -0.000419999997
v 0.0086737508 -0.0122861434 -0.000419999997
v 0.00871693529 -0.012296848 -0.000419999997
v 0.008890789 -0.0131847374 -0.000419999997
v 0.00885483064 -0.0132109383 -0.000419999997
v 0.00881672464 -0.0132339057 -0.000419999997
v 0.00877676252 -0.0132534653 -0.000419999997
v 0.00864883419 -0.0132903391 -0.000419999997
v 0.00860459264 -0.0132950488 -0.000419999997
v 0.00840876345 -0.0158251617 -0.000419999997
v 0.00836557802 -0.015814459 -0.000419999997
v 0.00841027033 -0.0123026203 -0.000419999997
v 0.00845302176 -0.0122902999 -0.000419999997
v 0.00834582467 -0.0132427728 -0.000419999997
v 0.0082276836 -0.0149003677 -0.000419999997
v 0.00826578867 -0.0148774004 -0.000419999997
v 0.00891017076 -0.012403613 -0.000419999997
v 0.00894221757 -0.0124344751 -0.000419999997
v 0.00897145271 -0.0124680139 -0.000419999997
v 0.0090079708 -0.0130519206 -0.000419999997
v 0.00898314174 -0.013088841 -0.000419999997
v 0.00862949248 -0.0158210061 -0.000419999997
v 0.00867224392 -0.0158086848 -0.000419999997
v 0.00895518996 -0.0131234555 -0.000419999997
v 0.00892432686 -0.0131555032 -0.000419999997
v 0.00873524789 -0.0132694663 -0.000419999997
v 0.00869249646 -0.0132817896 -0.000419999997
v 0.00861074682 -0.0148253608 -0.000419999997
v 0.00865393132 -0.0148360655 -0.000419999997
v 0.00882778503 -0.0157239567 -0.000419999997
v 0.00879182573 -0.0157501567 -0.000419999997
v 0.00830575079 -0.0148578417 -0.000419999997
v 0.00834726542 -0.0148418397 -0.000419999997
v 0.00838649459 -0.0132608134 -0.000419999997
v 0.00842858292 -0.0132752405 -0.000419999997
v 0.00904018059 -0.0125820395 -0.000419999997
v 0.00905618165 -0.012623556 -0.000419999997
v 0.00875372067 -0.015773125 -0.000419999997
v 0.00871375855 -0.0157926828 -0.000419999997
v 0.00899765454 -0.0125039713 -0.000419999997
v 0.00902062096 -0.0125420783 -0.000419999997
v 0.00906195585 -0.0129302209 -0.000419999997
v 0.0090475278 -0.0129723083 -0.000419999997
v 0.00902948715 -0.0130129782 -0.000419999997
v 0.00839001685 -0.0148295173 -0.000419999997
v 0.00851572119 -0.0132928435 -0.000419999997
v 0.00847176742 -0.0132859452 -0.000419999997
v 0.00869601872 -0.0148504935 -0.000419999997
v 0.00873668864 -0.0148685342 -0.000419999997
v 0.0087756319 -0.0148900505 -0.000419999997
v 0.00843368005 -0.0148209678 -0.000419999997
v 0.0084779216 -0.0148162572 -0.000419999997
v 0.00856010895 -0.0132958861 -0.000419999997
v 0.00852240529 -0.014815419 -0.000419999997
v 0.00856679305 -0.0148184616 -0.000419999997
v 0.00892013777 -0.0156280585 -0.000419999997
v 0.00894496683 -0.0155911399 -0.000419999997
v 0.00896648318 -0.0155521967 -0.000419999997
v 0.00881255139 -0.0149148796 -0.000419999997
v 0.00884716678 -0.0149428314 -0.000419999997
v 0.00887921359 -0.0149736945 -0.000419999997
v 0.00889218599 -0.0156626739 -0.000419999997
v 0.00886132289 -0.0156947207 -0.000419999997
v 0.00906850398 -0.0126663055 -0.000419999997
v 0.00907705352 -0.0127099678 -0.000419999997
v 0.00908176415 -0.0127542093 -0.000419999997
v 0.00908260234 -0.012798694 -0.000419999997
v 0.00907955971 -0.0128430827 -0.000419999997
v 0.00907265954 -0.0128870355 -0.000419999997
v 0.00890844874 -0.0150072323 -0.000419999997
v 0.00893464964 -0.0150431907 -0.000419999997
v 0.00895761698 -0.0150812957 -0.000419999997
v 0.0090165548 -0.0153823011 -0.000419999997
v 0.00900965557 -0.0154262539 -0.000419999997
v 0.00897717569 -0.0151212588 -0.000419999997
v 0.00899317767 -0.0151627725 -0.000419999997
v 0.0090055 -0.0152055249 -0.000419999997
v 0.00901404861 -0.0152491871 -0.000419999997
v 0.00899895094 -0.0154694393 -0.000419999997
v 0.00898452383 -0.0155115258 -0.000419999997
v 0.00901876017 -0.0152934287 -0.000419999997
v 0.00901959743 -0.0153379124 -0.000419999997
v 0.00829835143 -0.0106292563 -0.000419999997
v 0.00826630462 -0.0105983941 -0.000419999997
v 0.0033489021 -0.00884525478 -0.000419999997
v 0.00822538044 -0.00994402822 -0.000419999997
v 0.00825333223 -0.00990941375 -0.000419999997
v 0.00823706947 -0.0105648553 -0.000419999997
v 0.00821086857 -0.0105288969 -0.000419999997
v 0.00818790123 -0.0104907909 -0.000419999997
v 0.00816834252 -0.0104508298 -0.000419999997
v 0.00815234054 -0.0104093133 -0.000419999997
v 0.00814001821 -0.0103665637 -0.000419999997
v 0.00812896341 -0.0101897866 -0.000419999997
v 0.00813586265 -0.0101458328 -0.000419999997
v 0.00814656727 -0.0101026483 -0.000419999997
v 0.00816099439 -0.01006056 -0.000419999997
v 0.0081314696 -0.0103229014 -0.000419999997
v 0.00812675804 -0.0102786599 -0.000419999997
v 0.00812591985 -0.0102341752 -0.000419999997
v 0.00817903504 -0.01001989 -0.000419999997
v 0.00820055138 -0.00998094864 -0.000419999997
v 0.00839179754 -0.00979896355 -0.000419999997
v 0.00843175966 -0.00977940392 -0.000419999997
v 0.00828419533 -0.00987736601 -0.000419999997
v 0.00831773318 -0.0098481318 -0.000419999997
v 0.00835369155 -0.0098219309 -0.000419999997
v 0.00855968799 -0.00974253006 -0.000419999997
v 0.00860392954 -0.00973782036 -0.000419999997
v 0.00864841416 -0.00973698217 -0.000419999997
v 0.00882202759 -0.00977205578 -0.000419999997
v 0.00886269752 -0.00979009643 -0.000419999997
v 0.00890164077 -0.00981161464 -0.000419999997
v 0.00893856026 -0.00983644277 -0.000419999997
v 0.008692801 -0.00974002574 -0.000419999997
v 0.00873675477 -0.00974692404 -0.000419999997
v 0.0087799402 -0.00975762773 -0.000419999997
v 0.00895379297 -0.010645519 -0.000419999997
v 0.00891783461 -0.0106717199 -0.000419999997
v 0.00887972955 -0.0106946873 -0.000419999997
v 0.00883976743 -0.0107142469 -0.000419999997
v 0.0084732743 -0.00976340193 -0.000419999997
v 0.00851602573 -0.0097510796 -0.000419999997
v 0.00866759662 -0.0107558304 -0.000419999997
v 0.00862311292 -0.0107566677 -0.000419999997
v 0.00897317473 -0.00986439455 -0.000419999997
v 0.00900522247 -0.00989525672 -0.000419999997
v 0.00903445762 -0.00992879551 -0.000419999997
v 0.00907097477 -0.0105127022 -0.000419999997
v 0.00904614665 -0.0105496226 -0.000419999997
v 0.00879825279 -0.0107302479 -0.000419999997
v 0.00875550136 -0.0107425693 -0.000419999997
v 0.00871183816 -0.0107511189 -0.000419999997
v 0.00857872516 -0.0107536251 -0.000419999997
v 0.00853477139 -0.0107467249 -0.000419999997
v 0.00849158689 -0.0107360212 -0.000419999997
v 0.00913566444 -0.010347818 -0.000419999997
v 0.00912495982 -0.0103910025 -0.000419999997
v 0.00901819393 -0.0105842371 -0.000419999997
v 0.00898733176 -0.0106162848 -0.000419999997
v 0.0084494995 -0.010721595 -0.000419999997
v 0.00840882957 -0.0107035544 -0.000419999997
v 0.00906065851 -0.00996475294 -0.000419999997
v 0.00908362586 -0.0100028599 -0.000419999997
v 0.00910318457 -0.0100428211 -0.000419999997
v 0.0091105327 -0.0104330881 -0.000419999997
v 0.00909249205 -0.0104737598 -0.000419999997
v 0.00911918562 -0.0100843357 -0.000419999997
v 0.00913150795 -0.0101270871 -0.000419999997
v 0.00914005749 -0.0101707494 -0.000419999997
v 0.00914476905 -0.0102149909 -0.000419999997
v 0.00914560631 -0.0102594756 -0.000419999997
v 0.00914256368 -0.0103038643 -0.000419999997
v 0.00836135633 -0.00809003785 -0.000419999997
v 0.00832930859 -0.00805917569 -0.000419999997
v 0.00828838442 -0.00740480982 -0.000419999997
v 0.00831633713 -0.00737019535 -0.000419999997
v 0.00341190631 -0.00630603638 -0.000419999997
v 0.0083471993 -0.00733814808 -0.000419999997
v 0.00838073716 -0.00730891339 -0.000419999997
v 0.00830007344 -0.0080256369 -0.000419999997
v 0.00827387255 -0.0079896776 -0.000419999997
v 0.0082509052 -0.00795157254 -0.000419999997
v 0.0082313465 -0.00791160949 -0.000419999997
v 0.00821534544 -0.00787009485 -0.000419999997
v 0.00820302311 -0.00782734528 -0.000419999997
v 0.00819196738 -0.00765056815 -0.000419999997
v 0.00819886662 -0.00760661485 -0.000419999997
v 0.00820957124 -0.00756342988 -0.000419999997
v 0.00822399836 -0.00752134202 -0.000419999997
v 0.00819447357 -0.00778368115 -0.000419999997
v 0.00818976201 -0.00773943961 -0.000419999997
v 0.00818892475 -0.00769495685 -0.000419999997
v 0.00824203901 -0.00748067209 -0.000419999997
v 0.00826355536 -0.00744173024 -0.000419999997
v 0.00841669645 -0.0072827125 -0.000419999997
v 0.00843286142 -0.00643061846 -0.000419999997
v 0.00845480151 -0.00725974375 -0.000419999997
v 0.00849476364 -0.00724018551 -0.000419999997
v 0.0086226929 -0.00720331213 -0.000419999997
v 0.00866693445 -0.00719860196 -0.000419999997
v 0.00871141814 -0.00719776424 -0.000419999997
v 0.00888503157 -0.00723283738 -0.000419999997
v 0.00892570149 -0.00725087849 -0.000419999997
v 0.00896464474 -0.00727239391 -0.000419999997
v 0.00900156423 -0.00729722437 -0.000419999997
v 0.0087558059 -0.00720080733 -0.000419999997
v 0.00879975967 -0.00720770517 -0.000419999997
v 0.00884294417 -0.0072184098 -0.000419999997
v 0.00901679788 -0.00810630061 -0.000419999997
v 0.00898083858 -0.00813250151 -0.000419999997
v 0.00894273352 -0.00815546885 -0.000419999997
v 0.0089027714 -0.00817502849 -0.000419999997
v 0.00853627827 -0.007224184 -0.000419999997
v 0.0085790297 -0.0072118612 -0.000419999997
v 0.00873060152 -0.00821661204 -0.000419999997
v 0.0086861169 -0.00821745023 -0.000419999997
v 0.00903617963 -0.00732517662 -0.000419999997
v 0.00906822644 -0.00735603832 -0.000419999997
v 0.00909746159 -0.00738957711 -0.000419999997
v 0.00913397968 -0.00797348376 -0.000419999997
v 0.00910915062 -0.00801040232 -0.000419999997
v 0.00886125676 -0.00819103047 -0.000419999997
v 0.00881850533 -0.00820335094 -0.000419999997
v 0.00877484307 -0.00821190048 -0.000419999997
v 0.00864172913 -0.00821440667 -0.000419999997
v 0.00859777629 -0.0082075065 -0.000419999997
v 0.00855459087 -0.00819680281 -0.000419999997
v 0.00919866841 -0.00780859776 -0.000419999997
v 0.00918796379 -0.00785178412 -0.000419999997
v 0.00908119883 -0.00804501865 -0.000419999997
v 0.00905033574 -0.00807706639 -0.000419999997
v 0.00851250347 -0.00818237662 -0.000419999997
v 0.00847183354 -0.00816433597 -0.000419999997
v 0.00912366249 -0.007425535 -0.000419999997
v 0.00914662983 -0.00746364146 -0.000419999997
v 0.00916618854 -0.00750360265 -0.000419999997
v 0.00917353667 -0.00789387058 -0.000419999997
v 0.00915549602 -0.00793454051 -0.000419999997
v 0.00918219052 -0.00754511729 -0.000419999997
v 0.00919451285 -0.00758786872 -0.000419999997
v 0.00920306146 -0.00763153145 -0.000419999997
v 0.00920777302 -0.007675773 -0.000419999997
v 0.00920861028 -0.00772025762 -0.000419999997
v 0.00920556765 -0.00776464399 -0.000419999997
v 0.00842436031 -0.00555081945 -0.000419999997
v 0.0083923135 -0.00551995728 -0.000419999997
v 0.00836307835 -0.00548641896 -0.000419999997
v 0.00833687652 -0.0054504592 -0.000419999997
v 0.00831390917 -0.0054123546 -0.000419999997
v 0.00347491051 -0.00376681797 -0.000419999997
v 0.00832656026 -0.00490251184 -0.000419999997
v 0.00835138932 -0.00486559141 -0.000419999997
v 0.0083793411 -0.00483097695 -0.000419999997
v 0.00841020327 -0.00479892967 -0.000419999997
v 0.0084589757 -0.00557877123 -0.000419999997
v 0.00829435047 -0.00537239155 -0.000419999997
v 0.00827834941 -0.00533087691 -0.000419999997
v 0.00826602709 -0.00528812502 -0.000419999997
v 0.00825497136 -0.00511135021 -0.000419999997
v 0.00826187152 -0.00506739644 -0.000419999997
v 0.00827257521 -0.00502421195 -0.000419999997
v 0.00828700326 -0.00498212362 -0.000419999997
v 0.00830504391 -0.00494145416 -0.000419999997
v 0.00825747754 -0.00524446275 -0.000419999997
v 0.00825276598 -0.0052002212 -0.000419999997
v 0.00825192872 -0.00515573844 -0.000419999997
v 0.00851780642 -0.00472052535 -0.000419999997
v 0.00855776854 -0.00470096758 -0.000419999997
v 0.00859928317 -0.00468496606 -0.000419999997
v 0.00872993842 -0.0046593817 -0.000419999997
v 0.00877442211 -0.00465854583 -0.000419999997
v 0.00883784704 -0.00567268208 -0.000419999997
v 0.00879360549 -0.0056773941 -0.000419999997
v 0.00866078027 -0.00566828856 -0.000419999997
v 0.00861759577 -0.00565758441 -0.000419999997
v 0.00857550744 -0.00564315636 -0.000419999997
v 0.00864203461 -0.00467264326 -0.000419999997
v 0.00868569687 -0.00466409372 -0.000419999997
v 0.0087491218 -0.00567823183 -0.000419999997
v 0.00870473403 -0.00567518873 -0.000419999997
v 0.00890594814 -0.00467919139 -0.000419999997
v 0.00886276364 -0.00466848724 -0.000419999997
v 0.00881880987 -0.00466158707 -0.000419999997
v 0.00853483751 -0.00562511757 -0.000419999997
v 0.00849589519 -0.00560359983 -0.000419999997
v 0.0088815093 -0.00566413254 -0.000419999997
v 0.00892426074 -0.00565180974 -0.000419999997
v 0.00904384349 -0.00559328357 -0.000419999997
v 0.00900573749 -0.00561625045 -0.000419999997
v 0.00896577537 -0.00563581008 -0.000419999997
v 0.00894803647 -0.00469361944 -0.000419999997
v 0.0089887064 -0.00471166009 -0.000419999997
v 0.00902764872 -0.00473317597 -0.000419999997
v 0.00906456821 -0.00475800456 -0.000419999997
v 0.0090991836 -0.00478595821 -0.000419999997
v 0.00913123041 -0.00481682038 -0.000419999997
v 0.00917215459 -0.00547118438 -0.000419999997
v 0.00914420281 -0.00550580071 -0.000419999997
v 0.00916046556 -0.0048503587 -0.000419999997
v 0.00918666739 -0.0048863166 -0.000419999997
v 0.0092096338 -0.00492442306 -0.000419999997
v 0.00911333971 -0.00553784799 -0.000419999997
v 0.00907980185 -0.00556708267 -0.000419999997
v 0.00926857255 -0.00522542559 -0.000419999997
v 0.00926167239 -0.00526937936 -0.000419999997
v 0.00925096869 -0.00531256385 -0.000419999997
v 0.00923654065 -0.00535465218 -0.000419999997
v 0.00922919344 -0.00496438425 -0.000419999997
v 0.00924519449 -0.00500589889 -0.000419999997
v 0.00925751682 -0.00504865078 -0.000419999997
v 0.0092185 -0.00539532164 -0.000419999997
v 0.00919698365 -0.00543426583 -0.000419999997
v 0.00926606636 -0.00509231305 -0.000419999997
v 0.00927077699 -0.0051365546 -0.000419999997
v 0.00927161518 -0.00518103922 -0.000419999997
v 0.00848736428 -0.00301160128 -0.000419999997
v 0.00845531747 -0.00298073748 -0.000419999997
v 0.00842608232 -0.00294720079 -0.000419999997
v 0.00839988142 -0.00291124079 -0.000419999997
v 0.00837691408 -0.00287313643 -0.000419999997
v 0.00844234508 -0.00229175878 -0.000419999997
v 0.00841439329 -0.00232637324 -0.000419999997
v 0.00838956423 -0.00236329366 -0.000419999997
v 0.00852197967 -0.00303955306 -0.000419999997
v 0.00835735537 -0.00283317314 -0.000419999997
v 0.00834135339 -0.00279165851 -0.000419999997
v 0.00832903106 -0.00274890685 -0.000419999997
v 0.00831797626 -0.00257213181 -0.000419999997
v 0.0083248755 -0.00252817827 -0.000419999997
v 0.00833558012 -0.00248499354 -0.000419999997
v 0.00835000724 -0.00244290568 -0.000419999997
v 0.00836804789 -0.00240223575 -0.000419999997
v 0.00832048245 -0.00270524458 -0.000419999997
v 0.00831577089 -0.0026610028 -0.000419999997
v 0.0083149327 -0.00261652004 -0.000419999997
v 0.00862077251 -0.00216174917 -0.000419999997
v 0.00866228715 -0.00214574765 -0.000419999997
v 0.00855887029 -0.00135218201 -0.000419999997
v 0.00858081039 -0.00218130718 -0.000419999997
v 0.00847320817 -0.0022597115 -0.000419999997
v 0.00850674603 -0.00223047496 -0.000419999997
v 0.00854270533 -0.00220427406 -0.000419999997
v 0.00879294239 -0.00212016376 -0.000419999997
v 0.00883742701 -0.00211932603 -0.000419999997
v 0.00890085101 -0.00313346391 -0.000419999997
v 0.00885660946 -0.0031381757 -0.000419999997
v 0.00872378424 -0.00312907039 -0.000419999997
v 0.00868059974 -0.003118366 -0.000419999997
v 0.00863851234 -0.00310393819 -0.000419999997
v 0.00870503858 -0.00213342486 -0.000419999997
v 0.00874870084 -0.00212487532 -0.000419999997
v 0.00881212577 -0.00313901342 -0.000419999997
v 0.00876773801 -0.00313597056 -0.000419999997
v 0.00896895304 -0.00213997322 -0.000419999997
v 0.00892576762 -0.00212926883 -0.000419999997
v 0.00888181478 -0.0021223689 -0.000419999997
v 0.00859784242 -0.00308589754 -0.000419999997
v 0.00855889916 -0.00306438166 -0.000419999997
v 0.00894451421 -0.00312491436 -0.000419999997
v 0.00898726564 -0.00311259157 -0.000419999997
v 0.00910684746 -0.00305406516 -0.000419999997
v 0.00906874239 -0.00307703228 -0.000419999997
v 0.00902878027 -0.00309659005 -0.000419999997
v 0.00901104044 -0.00215440104 -0.000419999997
v 0.00905171037 -0.00217244192 -0.000419999997
v 0.00909065362 -0.00219395757 -0.000419999997
v 0.00912757311 -0.00221878616 -0.000419999997
v 0.00916218758 -0.00224673818 -0.000419999997
v 0.00919423532 -0.00227760198 -0.000419999997
v 0.00923515949 -0.00293196598 -0.000419999997
v 0.00920720678 -0.00296658231 -0.000419999997
v 0.00922347046 -0.00231114053 -0.000419999997
v 0.00924967136 -0.00234709843 -0.000419999997
v 0.00927263871 -0.00238520489 -0.000419999997
v 0.00917634461 -0.00299862796 -0.000419999997
v 0.00914280582 -0.00302786427 -0.000419999997
v 0.00933157653 -0.00268620742 -0.000419999997
v 0.00932467729 -0.00273016095 -0.000419999997
v 0.00931397267 -0.00277334568 -0.000419999997
v 0.00929954555 -0.00281543378 -0.000419999997
v 0.00929219741 -0.00242516608 -0.000419999997
v 0.00930819847 -0.00246668071 -0.000419999997
v 0.0093205208 -0.00250943238 -0.000419999997
v 0.0092815049 -0.0028561037 -0.000419999997
v 0.00925998762 -0.00289504766 -0.000419999997
v 0.00932907034 -0.00255309488 -0.000419999997
v 0.0093337819 -0.00259733642 -0.000419999997
v 0.00933461916 -0.00264182105 -0.000419999997
v 0.00850534998 0.000247459451 -0.000419999997
v 0.00853621215 0.000279506814 -0.000419999997
v 0.00838098023 -3.29135e-05 -0.000419999997
v 0.00838787947 1.1040037e-05 -0.000419999997
v 0.008614433 0.000887130911 -0.000419999997
v 0.00856975093 0.000308743271 -0.000419999997
v 0.0086057093 0.00033494411 -0.000419999997
v 0.00851832144 -0.000441519136 -0.000419999997
v 0.00848908629 -0.00040798058 -0.000419999997
v 0.00846288539 -0.000372022478 -0.000419999997
v 0.00843991805 -0.000333918084 -0.000419999997
v 0.00842035934 -0.000293954916 -0.000419999997
v 0.00840435829 -0.000252440368 -0.000419999997
v 0.00839203596 -0.000209688646 -0.000419999997
v 0.00843105186 0.000136982562 -0.000419999997
v 0.0084525682 0.000175926558 -0.000419999997
v 0.00847739726 0.000212845029 -0.000419999997
v 0.00838348642 -0.00016602625 -0.000419999997
v 0.00837877486 -0.000121784615 -0.000419999997
v 0.0083779376 -7.72999847e-05 -0.000419999997
v 0.00839858409 5.42246926e-05 -0.000419999997
v 0.00841301121 9.6312695e-05 -0.000419999997
v 0.00866084639 -0.000546679192 -0.000419999997
v 0.00862190314 -0.000525163487 -0.000419999997
v 0.00858498365 -0.000500334834 -0.000419999997
v 0.00855036918 -0.000472382904 -0.000419999997
v 0.00885594729 0.000419054588 -0.000419999997
v 0.00890043098 0.000419892312 -0.000419999997
v 0.00872529112 0.000393470633 -0.000419999997
v 0.00876804255 0.000405793369 -0.000419999997
v 0.00881170575 0.000414342823 -0.000419999997
v 0.00907404441 0.00038481722 -0.000419999997
v 0.00911471434 0.000366776396 -0.000419999997
v 0.00915365759 0.000345260691 -0.000419999997
v 0.00919057708 0.000320432096 -0.000419999997
v 0.00891961437 -0.000598957355 -0.000419999997
v 0.00887512974 -0.000599795079 -0.000419999997
v 0.00883074198 -0.000596752274 -0.000419999997
v 0.00878678914 -0.000589852163 -0.000419999997
v 0.00874360371 -0.000579147774 -0.000419999997
v 0.00870151632 -0.000564719958 -0.000419999997
v 0.00864381436 0.000357911165 -0.000419999997
v 0.00868377648 0.000377469027 -0.000419999997
v 0.00894481875 0.000416849478 -0.000419999997
v 0.00898877252 0.000409949367 -0.000419999997
v 0.00903195702 0.000399245007 -0.000419999997
v 0.00932299253 -0.000355829339 -0.000419999997
v 0.00929816347 -0.00039274781 -0.000419999997
v 0.00927021168 -0.000427362218 -0.000419999997
v 0.00923934858 -0.000459409581 -0.000419999997
v 0.00920581073 -0.000488646037 -0.000419999997
v 0.00916985143 -0.000514846877 -0.000419999997
v 0.00913174637 -0.000537813932 -0.000419999997
v 0.00909178425 -0.000557371823 -0.000419999997
v 0.00905026961 -0.0005733734 -0.000419999997
v 0.00900751818 -0.000585696136 -0.000419999997
v 0.00896385591 -0.000594245619 -0.000419999997
v 0.00922519248 0.000292480137 -0.000419999997
v 0.00925723929 0.000261616369 -0.000419999997
v 0.00928647444 0.000228077814 -0.000419999997
v 0.00931267533 0.000192119711 -0.000419999997
v 0.00933564268 0.000154015303 -0.000419999997
v 0.00935520139 0.000114052134 -0.000419999997
v 0.00938768126 -0.00019094281 -0.000419999997
v 0.00937697664 -0.000234127467 -0.000419999997
v 0.00937120337 7.2537594e-05 -0.000419999997
v 0.0093835257 2.97858678e-05 -0.000419999997
v 0.00939207431 -1.38765163e-05 -0.000419999997
v 0.00936254952 -0.000276215462 -0.000419999997
v 0.00934450887 -0.000316885329 -0.000419999997
v 0.00939678587 -5.81181557e-05 -0.000419999997
v 0.00939762313 -0.000102600919 -0.000419999997
v 0.0093945805 -0.000146989274 -0.000419999997
v 0.00858132634 0.00209769909 -0.000419999997
v 0.00861337315 0.0020668353 -0.000419999997
v 0.00863328483 0.00164689729 -0.000419999997
v 0.00861509517 0.00467045419 -0.000419999997
v 0.00858889427 0.00470641581 -0.000419999997
v 0.0085520912 0.00213123579 -0.000419999997
v 0.00852588937 0.00216719764 -0.000419999997
v 0.00850292202 0.00220530014 -0.000419999997
v 0.00844094157 0.0024619163 -0.000419999997
v 0.0084439842 0.00250630477 -0.000419999997
v 0.00856592692 0.00474451855 -0.000419999997
v 0.00854636822 0.0047844816 -0.000419999997
v 0.00853036623 0.00482599624 -0.000419999997
v 0.00850394554 0.0050011347 -0.000419999997
v 0.00850698818 0.00504552294 -0.000419999997
v 0.0037269278 0.00639005518 -0.000419999997
v 0.00848336332 0.00224526343 -0.000419999997
v 0.00846736226 0.00228677783 -0.000419999997
v 0.00845503993 0.00232952787 -0.000419999997
v 0.00847601611 0.00263553276 -0.000419999997
v 0.00849405676 0.00267620268 -0.000419999997
v 0.00853902008 0.00517475093 -0.000419999997
v 0.00855706073 0.00521542085 -0.000419999997
v 0.00844649039 0.00237319386 -0.000419999997
v 0.00844177883 0.0024174354 -0.000419999997
v 0.00863275491 0.00284795975 -0.000419999997
v 0.00867637713 0.0046060537 -0.000419999997
v 0.00859921612 0.00281872693 -0.000419999997
v 0.00864433032 0.00463691726 -0.000419999997
v 0.00856835395 0.0027866778 -0.000419999997
v 0.00854040217 0.00275206333 -0.000419999997
v 0.00851557311 0.00271514291 -0.000419999997
v 0.00851804391 0.00486874953 -0.000419999997
v 0.0085094953 0.00491241226 -0.000419999997
v 0.00850478373 0.00495665381 -0.000419999997
v 0.00857857708 0.00525436131 -0.000419999997
v 0.00860340614 0.00529128173 -0.000419999997
v 0.00863135792 0.0053258962 -0.000419999997
v 0.00845088437 0.0025502583 -0.000419999997
v 0.00846158806 0.00259344303 -0.000419999997
v 0.00851388834 0.0050894767 -0.000419999997
v 0.00852459297 0.0051326612 -0.000419999997
v 0.00866222102 0.00535794534 -0.000419999997
v 0.00869575888 0.00538717816 -0.000419999997
v 0.00874788314 0.00626547262 -0.000419999997
v 0.00873171724 0.00541338045 -0.000419999997
v 0.00876982324 0.0054363478 -0.000419999997
v 0.00880978536 0.00545590743 -0.000419999997
v 0.00885129999 0.00547190709 -0.000419999997
v 0.00889405143 0.00548423175 -0.000419999997
v 0.00882752519 0.00451371446 -0.000419999997
v 0.00878685527 0.00453175744 -0.000419999997
v 0.00936535746 0.00461902702 -0.000419999997
v 0.00933181867 0.00458979048 -0.000419999997
v 0.00883104745 0.00294501358 -0.000419999997
v 0.00870681927 0.00289712939 -0.000419999997
v 0.00874678139 0.00291668926 -0.000419999997
v 0.00886961259 0.00449928874 -0.000419999997
v 0.00911327358 0.00196584291 -0.000419999997
v 0.00907052215 0.00195352221 -0.000419999997
v 0.00876452029 0.00197449652 -0.000419999997
v 0.00872385036 0.00199253904 -0.000419999997
v 0.00874791201 0.00455327472 -0.000419999997
v 0.00871099252 0.00457810331 -0.000419999997
v 0.00868490804 0.00201405655 -0.000419999997
v 0.00864798855 0.00203888537 -0.000419999997
v 0.00866871327 0.00287416228 -0.000419999997
v 0.00898261834 0.00194026087 -0.000419999997
v 0.00893813465 0.00193942315 -0.000419999997
v 0.00889374688 0.00194246601 -0.000419999997
v 0.00944900047 0.00472260732 -0.000419999997
v 0.00942417234 0.00468569063 -0.000419999997
v 0.00939621963 0.00465107244 -0.000419999997
v 0.00929586031 0.00456359144 -0.000419999997
v 0.00925775524 0.00454062456 -0.000419999997
v 0.00921779312 0.00452106493 -0.000419999997
v 0.00917627849 0.00450506108 -0.000419999997
v 0.00913352706 0.00449274015 -0.000419999997
v 0.00908986386 0.00448419107 -0.000419999997
v 0.00920005329 0.00546325371 -0.000419999997
v 0.00924072322 0.00544521492 -0.000419999997
v 0.00884979311 0.00194936607 -0.000419999997
v 0.00880660862 0.00196007057 -0.000419999997
v 0.00904562231 0.00447947904 -0.000419999997
v 0.00900113862 0.00447864132 -0.000419999997
v 0.00878829602 0.00293268892 -0.000419999997
v 0.00895675085 0.00448168442 -0.000419999997
v 0.00891279709 0.00448858459 -0.000419999997
v 0.00893771369 0.00549278129 -0.000419999997
v 0.00898195524 0.00549748912 -0.000419999997
v 0.00902643986 0.00549832685 -0.000419999997
v 0.00902685989 0.00194497267 -0.000419999997
v 0.00907082669 0.00549528422 -0.000419999997
v 0.00911478046 0.00548838777 -0.000419999997
v 0.00915796589 0.00547768315 -0.000419999997
v 0.00887470972 0.00295356289 -0.000419999997
v 0.0094885584 0.00480222097 -0.000419999997
v 0.00947051775 0.00476155104 -0.000419999997
v 0.00923285633 0.00202437327 -0.000419999997
v 0.00919475034 0.00200140616 -0.000419999997
v 0.00915478822 0.00198184652 -0.000419999997
v 0.00952279475 0.00502031855 -0.000419999997
v 0.009523632 0.00497583393 -0.000419999997
v 0.00925358105 0.00285965041 -0.000419999997
v 0.00921666157 0.00288447901 -0.000419999997
v 0.00917771924 0.00290599652 -0.000419999997
v 0.00933321565 0.00211185426 -0.000419999997
v 0.00930235349 0.00207980862 -0.000419999997
v 0.0092688147 0.00205057231 -0.000419999997
v 0.00927966647 0.00542369718 -0.000419999997
v 0.00931658596 0.00539886858 -0.000419999997
v 0.00935120042 0.00537091494 -0.000419999997
v 0.00938324817 0.00534005463 -0.000419999997
v 0.00941248331 0.00530651445 -0.000419999997
v 0.00943868421 0.00527055608 -0.000419999997
v 0.00946165156 0.00523245009 -0.000419999997
v 0.00948121026 0.00519249029 -0.000419999997
v 0.00949721131 0.00515097613 -0.000419999997
v 0.00928819645 0.00283169653 -0.000419999997
v 0.00932024326 0.00280083646 -0.000419999997
v 0.00934947841 0.00276729604 -0.000419999997
v 0.00940751284 0.00222233287 -0.000419999997
v 0.0093859965 0.00218338892 -0.000419999997
v 0.00936116744 0.00214647222 -0.000419999997
v 0.00891895127 0.00295827095 -0.000419999997
v 0.00896343496 0.00295910868 -0.000419999997
v 0.00950298551 0.00484431069 -0.000419999997
v 0.00900782272 0.00295606581 -0.000419999997
v 0.00937568024 0.00273133791 -0.000419999997
v 0.00939864665 0.00269323168 -0.000419999997
v 0.00941820629 0.00265327236 -0.000419999997
v 0.00950953364 0.00510822237 -0.000419999997
v 0.00951808318 0.0050645601 -0.000419999997
v 0.00945978984 0.00248110015 -0.000419999997
v 0.00946062803 0.00243661553 -0.000419999997
v 0.0094575854 0.00239223079 -0.000419999997
v 0.00945068523 0.00234827725 -0.000419999997
v 0.00952058937 0.00493144896 -0.000419999997
v 0.00951369014 0.00488749566 -0.000419999997
v 0.00905177649 0.00294916937 -0.000419999997
v 0.00909496099 0.00293846522 -0.000419999997
v 0.00913704932 0.00292403554 -0.000419999997
v 0.00943998154 0.00230508903 -0.000419999997
v 0.00942555349 0.0022630028 -0.000419999997
v 0.00943420734 0.00261175772 -0.000419999997
v 0.00944652967 0.00256900419 -0.000419999997
v 0.00945507921 0.0025253417 -0.000419999997
v 0.00870733429 0.00717613567 -0.000419999997
v 0.00867809914 0.00720967213 -0.000419999997
v 0.00865189824 0.00724563422 -0.000419999997
v 0.0086289309 0.00728373649 -0.000419999997
v 0.00860937219 0.0073237 -0.000419999997
v 0.00859337114 0.00736521464 -0.000419999997
v 0.00858104881 0.00740796793 -0.000419999997
v 0.00857249927 0.0074516302 -0.000419999997
v 0.00857689232 0.00762869464 -0.000419999997
v 0.00858759694 0.0076718796 -0.000419999997
v 0.003789932 0.00892927311 -0.000419999997
v 0.00860202406 0.00771396933 -0.000419999997
v 0.00862006471 0.00775463926 -0.000419999997
v 0.00864158105 0.00779357925 -0.000419999997
v 0.00866641011 0.00783049967 -0.000419999997
v 0.00869436283 0.00786511414 -0.000419999997
v 0.00856778771 0.00749587221 -0.000419999997
v 0.00856695045 0.00754035311 -0.000419999997
v 0.00856999308 0.00758474134 -0.000419999997
v 0.00872522499 0.00789716374 -0.000419999997
v 0.00875876378 0.00792639982 -0.000419999997
v 0.00881088711 0.00880469102 -0.000419999997
v 0.00879472215 0.00795259885 -0.000419999997
v 0.00883282721 0.0079755662 -0.000419999997
v 0.00887278933 0.00799512584 -0.000419999997
v 0.00891430397 0.00801112503 -0.000419999997
v 0.0089570554 0.00802345015 -0.000419999997
v 0.00923928246 0.00704428321 -0.000419999997
v 0.00919653103 0.00703195855 -0.000419999997
v 0.00889052916 0.00705293659 -0.000419999997
v 0.00884985924 0.00707097538 -0.000419999997
v 0.00881091598 0.00709249312 -0.000419999997
v 0.00877399649 0.00711732171 -0.000419999997
v 0.00873938203 0.00714527164 -0.000419999997
v 0.00910862722 0.00701869745 -0.000419999997
v 0.00906414259 0.00701785972 -0.000419999997
v 0.00901975483 0.00702090235 -0.000419999997
v 0.00926305726 0.00800247211 -0.000419999997
v 0.00930372719 0.00798443332 -0.000419999997
v 0.00897580199 0.00702780252 -0.000419999997
v 0.00893261656 0.00703850714 -0.000419999997
v 0.00900071859 0.00803199969 -0.000419999997
v 0.00904496014 0.00803671125 -0.000419999997
v 0.00908944383 0.00803754851 -0.000419999997
v 0.00915286876 0.00702340901 -0.000419999997
v 0.0091338316 0.00803450588 -0.000419999997
v 0.00917778537 0.00802760571 -0.000419999997
v 0.00922096986 0.00801690202 -0.000419999997
v 0.00935886428 0.00710280985 -0.000419999997
v 0.00932075921 0.0070798425 -0.000419999997
v 0.00928079709 0.00706028286 -0.000419999997
v 0.00945922453 0.00719029084 -0.000419999997
v 0.00942836143 0.00715824496 -0.000419999997
v 0.00939482357 0.00712900888 -0.000419999997
v 0.00934267044 0.00796291512 -0.000419999997
v 0.00937958993 0.00793808699 -0.000419999997
v 0.00941420533 0.00791013706 -0.000419999997
v 0.00953352172 0.00730076944 -0.000419999997
v 0.00951200537 0.00726182526 -0.000419999997
v 0.00948717631 0.00722490903 -0.000419999997
v 0.00944625214 0.00787927303 -0.000419999997
v 0.00947548728 0.00784573238 -0.000419999997
v 0.00950168818 0.00780977448 -0.000419999997
v 0.00952465553 0.00777166802 -0.000419999997
v 0.00954421423 0.0077317087 -0.000419999997
v 0.00956021622 0.00769019406 -0.000419999997
v 0.00958663598 0.00751505187 -0.000419999997
v 0.00958359335 0.00747066736 -0.000419999997
v 0.00957669411 0.00742671359 -0.000419999997
v 0.00958579872 0.00755953649 -0.000419999997
v 0.00957253855 0.00764744077 -0.000419999997
v 0.00958108716 0.00760377804 -0.000419999997
v 0.00956598949 0.0073835291 -0.000419999997
v 0.00955156237 0.00734143937 -0.000419999997
v 0.00880410802 0.0122881122 -0.000419999997
v 0.00877790712 0.0123240706 -0.000419999997
v 0.00875493977 0.0123621766 -0.000419999997
v 0.00873538107 0.0124021368 -0.000419999997
v 0.00871937908 0.0124436505 -0.000419999997
v 0.00870705675 0.0124864047 -0.000419999997
v 0.00869850814 0.012530067 -0.000419999997
v 0.00877033919 0.00971535407 -0.000419999997
v 0.00874110404 0.00974889472 -0.000419999997
v 0.00871490221 0.00978485215 -0.000419999997
v 0.00869193487 0.00982295536 -0.000419999997
v 0.00862995442 0.010079571 -0.000419999997
v 0.00863299705 0.0101239597 -0.000419999997
v 0.00867237616 0.00986291841 -0.000419999997
v 0.00865637511 0.00990443304 -0.000419999997
v 0.00864405278 0.00994718634 -0.000419999997
v 0.00866502896 0.0102531873 -0.000419999997
v 0.00868306961 0.0102938572 -0.000419999997
v 0.00863550324 0.0099908486 -0.000419999997
v 0.00863079168 0.0100350901 -0.000419999997
v 0.00882176775 0.0104656182 -0.000419999997
v 0.00886538997 0.0122237084 -0.000419999997
v 0.00878822897 0.0104363821 -0.000419999997
v 0.00883334316 0.0122545725 -0.000419999997
v 0.0087573668 0.0104043325 -0.000419999997
v 0.00872941501 0.0103697181 -0.000419999997
v 0.00870458595 0.0103328014 -0.000419999997
v 0.00863989722 0.0101679135 -0.000419999997
v 0.00865060091 0.010211098 -0.000419999997
v 0.00901653804 0.0121313734 -0.000419999997
v 0.00897586811 0.0121494122 -0.000419999997
v 0.00889583211 0.0105147846 -0.000419999997
v 0.00893579423 0.0105343442 -0.000419999997
v 0.00905862544 0.0121169435 -0.000419999997
v 0.00936529133 0.0121227195 -0.000419999997
v 0.0093225399 0.0121103954 -0.000419999997
v 0.00895353314 0.00959215499 -0.000419999997
v 0.00891286321 0.00961019378 -0.000419999997
v 0.00893692486 0.0121709295 -0.000419999997
v 0.00890000537 0.0121957585 -0.000419999997
v 0.00885772612 0.0104918173 -0.000419999997
v 0.00930228643 0.00958350115 -0.000419999997
v 0.009259535 0.00957117695 -0.000419999997
v 0.00887392089 0.00963171106 -0.000419999997
v 0.0088370014 0.00965654012 -0.000419999997
v 0.008802386 0.00968449004 -0.000419999997
v 0.00958523247 0.0122687314 -0.000419999997
v 0.00955437031 0.0122366818 -0.000419999997
v 0.00952083152 0.0122074457 -0.000419999997
v 0.00948487315 0.0121812467 -0.000419999997
v 0.00917163119 0.00955791585 -0.000419999997
v 0.0091271475 0.00955707766 -0.000419999997
v 0.00908275973 0.00956012122 -0.000419999997
v 0.00944676809 0.0121582793 -0.000419999997
v 0.00940680597 0.0121387197 -0.000419999997
v 0.00903880596 0.00956702046 -0.000419999997
v 0.00899562147 0.00957772508 -0.000419999997
v 0.00928397384 0.0105561195 -0.000419999997
v 0.00924078934 0.0105668241 -0.000419999997
v 0.00919683557 0.0105737243 -0.000419999997
v 0.00897730887 0.0105503434 -0.000419999997
v 0.0090200603 0.0105626686 -0.000419999997
v 0.00910180993 0.0121062389 -0.000419999997
v 0.0091457637 0.0120993387 -0.000419999997
v 0.00921587273 0.00956262741 -0.000419999997
v 0.00970960222 0.0125491042 -0.000419999997
v 0.00970270298 0.0125051504 -0.000419999997
v 0.00969199836 0.0124619659 -0.000419999997
v 0.00967757124 0.0124198757 -0.000419999997
v 0.00965953059 0.0123792058 -0.000419999997
v 0.00963801425 0.0123402653 -0.000419999997
v 0.00961318519 0.0123033449 -0.000419999997
v 0.00927887671 0.0121018458 -0.000419999997
v 0.00923463516 0.0120971343 -0.000419999997
v 0.0091524478 0.0105767669 -0.000419999997
v 0.00919015147 0.0120962961 -0.000419999997
v 0.00910796411 0.0105759297 -0.000419999997
v 0.00906372257 0.0105712181 -0.000419999997
v 0.00942186918 0.00964202825 -0.000419999997
v 0.00938376319 0.0096190609 -0.000419999997
v 0.00934380107 0.00959950127 -0.000419999997
v 0.00932606217 0.0105416905 -0.000419999997
v 0.00936673209 0.0105236517 -0.000419999997
v 0.00940567441 0.0105021335 -0.000419999997
v 0.0095222285 0.00972951297 -0.000419999997
v 0.0094913654 0.00969746336 -0.000419999997
v 0.00945782755 0.00966822729 -0.000419999997
v 0.0094425939 0.0104773054 -0.000419999997
v 0.0094772093 0.0104493555 -0.000419999997
v 0.00950925611 0.0104184914 -0.000419999997
v 0.00959652569 0.00983998738 -0.000419999997
v 0.00957500935 0.00980104413 -0.000419999997
v 0.00955018029 0.00976412743 -0.000419999997
v 0.00953849126 0.0103849508 -0.000419999997
v 0.00956469215 0.0103489924 -0.000419999997
v 0.00958766043 0.0103108902 -0.000419999997
v 0.00964409206 0.0101429969 -0.000419999997
v 0.00964880269 0.0100987544 -0.000419999997
v 0.00964964088 0.0100542698 -0.000419999997
v 0.00964659825 0.0100098858 -0.000419999997
v 0.00963969808 0.009965932 -0.000419999997
v 0.00960721914 0.0102709271 -0.000419999997
v 0.00962322019 0.0102294125 -0.000419999997
v 0.00963554252 0.0101866592 -0.000419999997
v 0.00962899439 0.0099227475 -0.000419999997
v 0.00961456634 0.00988065731 -0.000419999997
v 0.00882037077 0.0129435547 -0.000419999997
v 0.00885123387 0.0129755996 -0.000419999997
v 0.00892852433 0.0135457348 -0.000419999997
v 0.00870290119 0.012707131 -0.000419999997
v 0.00871360581 0.0127503164 -0.000419999997
v 0.00872803293 0.0127924057 -0.000419999997
v 0.00874607358 0.0128330756 -0.000419999997
v 0.00876758993 0.0128720198 -0.000419999997
v 0.00879241899 0.0129089365 -0.000419999997
v 0.00869379658 0.0125743086 -0.000419999997
v 0.00869295839 0.0126187932 -0.000419999997
v 0.00869600102 0.0126631781 -0.000419999997
v 0.00888477173 0.0130048366 -0.000419999997
v 0.00892073009 0.0130310357 -0.000419999997
v 0.00895883609 0.0130540021 -0.000419999997
v 0.00899879821 0.0130735626 -0.000419999997
v 0.00904031284 0.0130895618 -0.000419999997
v 0.00908306427 0.013101887 -0.000419999997
v 0.00912672654 0.0131104356 -0.000419999997
v 0.00917096809 0.0131151481 -0.000419999997
v 0.00921545271 0.0131159853 -0.000419999997
v 0.00934697874 0.0130953379 -0.000419999997
v 0.00930379331 0.0131060425 -0.000419999997
v 0.00925984047 0.0131129427 -0.000419999997
v 0.00938906614 0.0130809089 -0.000419999997
v 0.00942973606 0.0130628692 -0.000419999997
v 0.00946867932 0.0130413519 -0.000419999997
v 0.00950559881 0.0130165238 -0.000419999997
v 0.00954021327 0.0129885729 -0.000419999997
v 0.00957226101 0.0129577098 -0.000419999997
v 0.00960149616 0.0129241729 -0.000419999997
v 0.00962769706 0.0128882108 -0.000419999997
v 0.0096506644 0.0128501086 -0.000419999997
v 0.00970709603 0.0126822144 -0.000419999997
v 0.00971180759 0.0126379728 -0.000419999997
v 0.00971264485 0.0125934919 -0.000419999997
v 0.00967022311 0.0128101455 -0.000419999997
v 0.00968622416 0.0127686309 -0.000419999997
v 0.00969854649 0.0127258776 -0.000419999997
v 0.00889634714 0.0147937909 -0.000419999997
v 0.00892839488 0.0147629306 -0.000419999997
v 0.00894737616 0.0143055012 -0.000419999997
v 0.00896300934 0.0147349769 -0.000419999997
v 0.00899992883 0.0147101479 -0.000419999997
v 0.0088305939 0.0154112382 -0.000419999997
v 0.00885542296 0.0154481549 -0.000419999997
v 0.00888337567 0.0154827731 -0.000419999997
v 0.00886711199 0.0148273306 -0.000419999997
v 0.00884091109 0.014863289 -0.000419999997
v 0.00881794374 0.014901395 -0.000419999997
v 0.00876590516 0.0152463494 -0.000419999997
v 0.00877660979 0.0152895339 -0.000419999997
v 0.00879838504 0.0149413543 -0.000419999997
v 0.00878238399 0.0149828689 -0.000419999997
v 0.00877006166 0.0150256231 -0.000419999997
v 0.00875900593 0.0152023956 -0.000419999997
v 0.0087910369 0.0153316241 -0.000419999997
v 0.00880907755 0.015372294 -0.000419999997
v 0.00876151212 0.0150692854 -0.000419999997
v 0.00875680055 0.015113527 -0.000419999997
v 0.0087559633 0.0151580116 -0.000419999997
v 0.00891423784 0.015514818 -0.000419999997
v 0.00894777663 0.015544055 -0.000419999997
v 0.00899989996 0.01642235 -0.000419999997
v 0.008983735 0.0155702541 -0.000419999997
v 0.00902184006 0.0155932205 -0.000419999997
v 0.00929763913 0.0146363517 -0.000419999997
v 0.00925315544 0.0146355182 -0.000419999997
v 0.00920876767 0.0146385571 -0.000419999997
v 0.00916481484 0.0146454573 -0.000419999997
v 0.00912162941 0.0146561619 -0.000419999997
v 0.00907954201 0.0146705918 -0.000419999997
v 0.00903887209 0.0146886306 -0.000419999997
v 0.00906180218 0.0156127801 -0.000419999997
v 0.00910331681 0.0156287793 -0.000419999997
v 0.00914606825 0.0156411044 -0.000419999997
v 0.00918973144 0.015649654 -0.000419999997
v 0.00923397299 0.0156543665 -0.000419999997
v 0.00927845668 0.0156552047 -0.000419999997
v 0.00949274004 0.0156020876 -0.000419999997
v 0.00953168329 0.0155805703 -0.000419999997
v 0.00958383642 0.0147466669 -0.000419999997
v 0.00954787713 0.0147204641 -0.000419999997
v 0.00950977206 0.0146974977 -0.000419999997
v 0.00946980994 0.0146779381 -0.000419999997
v 0.00942829531 0.014661938 -0.000419999997
v 0.00938554388 0.0146496138 -0.000419999997
v 0.00934188161 0.0146410642 -0.000419999997
v 0.00945207011 0.0156201264 -0.000419999997
v 0.00932284445 0.0156521611 -0.000419999997
v 0.00936679821 0.01564526 -0.000419999997
v 0.00940998271 0.0156345572 -0.000419999997
v 0.00956860278 0.0155557413 -0.000419999997
v 0.00960321818 0.0155277913 -0.000419999997
v 0.00963526499 0.0154969273 -0.000419999997
v 0.00966450013 0.0154633913 -0.000419999997
v 0.00969070103 0.0154274292 -0.000419999997
v 0.00971366838 0.015389327 -0.000419999997
v 0.00967618916 0.0148425633 -0.000419999997
v 0.00970101822 0.0148794837 -0.000419999997
v 0.00972253457 0.0149184242 -0.000419999997
v 0.00964823738 0.0148079488 -0.000419999997
v 0.00961737428 0.0147759002 -0.000419999997
v 0.00973322708 0.0153493639 -0.000419999997
v 0.00974922907 0.0153078493 -0.000419999997
v 0.0097615514 0.015265095 -0.000419999997
v 0.00977260619 0.0150883226 -0.000419999997
v 0.00976570696 0.0150443688 -0.000419999997
v 0.00975500233 0.0150011843 -0.000419999997
v 0.00974057522 0.0149590941 -0.000419999997
v 0.0097701 0.0152214328 -0.000419999997
v 0.00977481157 0.0151771912 -0.000419999997
v 0.00977564882 0.0151327103 -0.000419999997
v 0.00894637965 0.0180219915 -0.000419999997
v 0.00897724181 0.0180540364 -0.000419999997
v 0.0090510603 0.0184842143 -0.000419999997
v 0.00895935204 0.0173330083 -0.000419999997
v 0.00893011689 0.017366549 -0.000419999997
v 0.00890391506 0.0174025074 -0.000419999997
v 0.00888094772 0.0174406134 -0.000419999997
v 0.00886138901 0.0174805727 -0.000419999997
v 0.00884538796 0.0175220873 -0.000419999997
v 0.00883306563 0.0175648406 -0.000419999997
v 0.00885404181 0.0178708415 -0.000419999997
v 0.00887208246 0.0179115124 -0.000419999997
v 0.00882451609 0.0176085029 -0.000419999997
v 0.00881980453 0.0176527444 -0.000419999997
v 0.00881896727 0.01769723 -0.000419999997
v 0.0088220099 0.017741615 -0.000419999997
v 0.0088935988 0.0179504566 -0.000419999997
v 0.00891842786 0.0179873724 -0.000419999997
v 0.00882891007 0.0177855678 -0.000419999997
v 0.00883961376 0.0178287569 -0.000419999997
v 0.0090107806 0.0180832725 -0.000419999997
v 0.00904673897 0.0181094725 -0.000419999997
v 0.00908484496 0.0181324389 -0.000419999997
v 0.00912480708 0.0181519985 -0.000419999997
v 0.00916632172 0.0181680024 -0.000419999997
v 0.00920907315 0.0181803238 -0.000419999997
v 0.00949129928 0.0172011554 -0.000419999997
v 0.00944854785 0.0171888322 -0.000419999997
v 0.00914254598 0.0172098093 -0.000419999997
v 0.00910187606 0.017227849 -0.000419999997
v 0.00906293374 0.0172493663 -0.000419999997
v 0.00902601425 0.0172741953 -0.000419999997
v 0.00899139885 0.017302148 -0.000419999997
v 0.00936064404 0.0171755739 -0.000419999997
v 0.00931616034 0.0171747357 -0.000419999997
v 0.00927177258 0.0171777792 -0.000419999997
v 0.00951507501 0.0181593485 -0.000419999997
v 0.00955574494 0.0181413069 -0.000419999997
v 0.00922781881 0.0171846747 -0.000419999997
v 0.00918463431 0.0171953794 -0.000419999997
v 0.00925273541 0.0181888733 -0.000419999997
v 0.00929697696 0.0181935839 -0.000419999997
v 0.00934146065 0.0181944221 -0.000419999997
v 0.00968037825 0.0173151176 -0.000419999997
v 0.00964684039 0.0172858853 -0.000419999997
v 0.00961088203 0.0172596835 -0.000419999997
v 0.00940488558 0.0171802826 -0.000419999997
v 0.00938584842 0.0181913786 -0.000419999997
v 0.00942980219 0.0181844793 -0.000419999997
v 0.00947298668 0.0181737747 -0.000419999997
v 0.00957277603 0.0172367152 -0.000419999997
v 0.00953281391 0.0172171555 -0.000419999997
v 0.00959468726 0.0181197878 -0.000419999997
v 0.00963160675 0.0180949606 -0.000419999997
v 0.00966622215 0.0180670097 -0.000419999997
v 0.00976402219 0.0174187031 -0.000419999997
v 0.00973919313 0.0173817817 -0.000419999997
v 0.00971124135 0.0173471682 -0.000419999997
v 0.00969826896 0.0180361457 -0.000419999997
v 0.0097275041 0.0180026088 -0.000419999997
v 0.009753705 0.0179666467 -0.000419999997
v 0.00977667235 0.0179285444 -0.000419999997
v 0.00979623199 0.0178885814 -0.000419999997
v 0.00981223304 0.0178470667 -0.000419999997
v 0.00981800724 0.0175404027 -0.000419999997
v 0.00980357919 0.0174983125 -0.000419999997
v 0.00978553854 0.0174576417 -0.000419999997
v 0.00982455537 0.0178043172 -0.000419999997
v 0.00983310491 0.0177606512 -0.000419999997
v 0.00983781554 0.0177164096 -0.000419999997
v 0.00983865373 0.0176719297 -0.000419999997
v 0.0098356111 0.017627541 -0.000419999997
v 0.00982871093 0.0175835863 -0.000419999997
v 0.00902235601 0.0198722277 -0.000419999997
v 0.00899312086 0.0199057665 -0.000419999997
v 0.00896691997 0.0199417248 -0.000419999997
v 0.00894395262 0.0199798308 -0.000419999997
v 0.00892439391 0.020019792 -0.000419999997
v 0.00890839193 0.0200613048 -0.000419999997
v 0.0088960696 0.0201040599 -0.000419999997
v 0.00891704578 0.0204100609 -0.000419999997
v 0.00893508643 0.0204507299 -0.000419999997
v 0.00888752099 0.0201477222 -0.000419999997
v 0.00888280943 0.0201919638 -0.000419999997
v 0.00888197124 0.0202364475 -0.000419999997
v 0.0088850148 0.0202808362 -0.000419999997
v 0.00895660277 0.0204896741 -0.000419999997
v 0.00898143183 0.0205265954 -0.000419999997
v 0.00900938362 0.0205612089 -0.000419999997
v 0.00889191404 0.020324789 -0.000419999997
v 0.00890261866 0.0203679744 -0.000419999997
v 0.00904024672 0.0205932539 -0.000419999997
v 0.00907378457 0.0206224918 -0.000419999997
v 0.00912590884 0.0215007868 -0.000419999997
v 0.00910974294 0.0206486899 -0.000419999997
v 0.00914784893 0.0206716564 -0.000419999997
v 0.00918781105 0.0206912179 -0.000419999997
v 0.00922932569 0.0207072198 -0.000419999997
v 0.00927207712 0.0207195412 -0.000419999997
v 0.00955430418 0.0197403748 -0.000419999997
v 0.00951155275 0.0197280496 -0.000419999997
v 0.00920555089 0.0197490286 -0.000419999997
v 0.00916488096 0.0197670665 -0.000419999997
v 0.00912593771 0.0197885837 -0.000419999997
v 0.00908901822 0.0198134128 -0.000419999997
v 0.00905440282 0.0198413674 -0.000419999997
v 0.00942364801 0.0197147932 -0.000419999997
v 0.00937916432 0.019713955 -0.000419999997
v 0.00933477655 0.0197169967 -0.000419999997
v 0.00929082278 0.0197238941 -0.000419999997
v 0.00924763829 0.0197345987 -0.000419999997
v 0.00931573939 0.0207280908 -0.000419999997
v 0.00935998093 0.0207328033 -0.000419999997
v 0.00969323423 0.0214867089 -0.000419999997
v 0.00940446556 0.0207336396 -0.000419999997
v 0.00969487615 0.0213994849 -0.000419999997
v 0.00946788955 0.0197195001 -0.000419999997
v 0.0107553443 0.0204638541 -0.000419999997
v 0.0106681213 0.0204622094 -0.000419999997
v 0.0105810864 0.0204681773 -0.000419999997
v 0.009673886 0.0197989009 -0.000419999997
v 0.00963578094 0.0197759345 -0.000419999997
v 0.00959581882 0.0197563749 -0.000419999997
v 0.00944885332 0.0207305979 -0.000419999997
v 0.00949280616 0.0207236968 -0.000419999997
v 0.00970411394 0.021312736 -0.000419999997
v 0.00953599159 0.0207129922 -0.000419999997
v 0.00972087774 0.0212271251 -0.000419999997
v 0.00977424532 0.0198863856 -0.000419999997
v 0.00974338315 0.019854337 -0.000419999997
v 0.00970984437 0.0198251046 -0.000419999997
v 0.00983967725 0.0204677638 -0.000419999997
v 0.00985923596 0.0204278007 -0.000419999997
v 0.0100992071 0.0206572302 -0.000419999997
v 0.0104949037 0.0204817038 -0.000419999997
v 0.0104102269 0.020502694 -0.000419999997
v 0.0103277024 0.0205309838 -0.000419999997
v 0.00980219804 0.019921001 -0.000419999997
v 0.010247957 0.0205663592 -0.000419999997
v 0.00982702617 0.0199579205 -0.000419999997
v 0.00984854344 0.019996861 -0.000419999997
v 0.0099016577 0.0202111471 -0.000419999997
v 0.00989861507 0.0201667584 -0.000419999997
v 0.00989171583 0.0201228056 -0.000419999997
v 0.00974503905 0.0211432967 -0.000419999997
v 0.00957807899 0.0206985679 -0.000419999997
v 0.00977641437 0.0210618954 -0.000419999997
v 0.00961874891 0.0206805244 -0.000419999997
v 0.00981476437 0.0209835395 -0.000419999997
v 0.00965769216 0.0206590071 -0.000419999997
v 0.00985979848 0.0209088214 -0.000419999997
v 0.00969461165 0.0206341781 -0.000419999997
v 0.00991117302 0.0208383165 -0.000419999997
v 0.00972922612 0.0206062272 -0.000419999997
v 0.00996849686 0.020772554 -0.000419999997
v 0.00976127386 0.0205753651 -0.000419999997
v 0.0100313351 0.0207120385 -0.000419999997
v 0.00979050901 0.0205418281 -0.000419999997
v 0.00981670991 0.0205058698 -0.000419999997
v 0.00987523701 0.0203862861 -0.000419999997
v 0.00988755934 0.0203435365 -0.000419999997
v 0.0101715988 0.0206085481 -0.000419999997
v 0.00989610888 0.0202998724 -0.000419999997
v 0.00990082044 0.0202556308 -0.000419999997
v 0.00988101121 0.0200796202 -0.000419999997
v 0.00986658409 0.02003753 -0.000419999997
v 0.00895491801 0.0228640083 -0.000419999997
v 0.00896562263 0.0229071919 -0.000419999997
v 0.00907238852 0.0231004283 -0.000419999997
v 0.00904443581 0.0230658129 -0.000419999997
v 0.00901960675 0.0230288934 -0.000419999997
v 0.00895052496 0.0226869397 -0.000419999997
v 0.0089590745 0.0226432774 -0.000419999997
v 0.00897139683 0.0226005279 -0.000419999997
v 0.00898004975 0.0229492784 -0.000419999997
v 0.0089980904 0.0229899492 -0.000419999997
v 0.0089458134 0.0227311812 -0.000419999997
v 0.00894497614 0.0227756668 -0.000419999997
v 0.00894801877 0.0228200536 -0.000419999997
v 0.00908535998 0.0224114452 -0.000419999997
v 0.00905612484 0.0224449858 -0.000419999997
v 0.00902992394 0.0224809442 -0.000419999997
v 0.00900695659 0.0225190502 -0.000419999997
v 0.00898739789 0.0225590095 -0.000419999997
v 0.00922788493 0.0223062858 -0.000419999997
v 0.00918894168 0.0223278031 -0.000419999997
v 0.00915202219 0.0223526321 -0.000419999997
v 0.00911740772 0.0223805849 -0.000419999997
v 0.00935382769 0.0222631153 -0.000419999997
v 0.00931064226 0.0222738199 -0.000419999997
v 0.00926855486 0.0222882461 -0.000419999997
v 0.0102145616 0.0223400667 -0.000419999997
v 0.0102929184 0.0223784167 -0.000419999997
v 0.00992958806 0.0225767531 -0.000419999997
v 0.00957455672 0.0222672727 -0.000419999997
v 0.00971272867 0.0216599256 -0.000419999997
v 0.00973371789 0.0217446033 -0.000419999997
v 0.010543759 0.0224507153 -0.000419999997
v 0.010630508 0.022459954 -0.000419999997
v 0.00969920028 0.021573741 -0.000419999997
v 0.0103743197 0.022409793 -0.000419999997
v 0.0104581462 0.0224339496 -0.000419999997
v 0.00976200681 0.0218271278 -0.000419999997
v 0.00979738031 0.0219068713 -0.000419999997
v 0.00961730815 0.0222795922 -0.000419999997
v 0.00965882279 0.0222955924 -0.000419999997
v 0.00953089446 0.0222587232 -0.000419999997
v 0.00948665291 0.0222540107 -0.000419999997
v 0.00944216829 0.0222531725 -0.000419999997
v 0.00939778052 0.022256216 -0.000419999997
v 0.00969878491 0.022315152 -0.000419999997
v 0.00983956922 0.0219832286 -0.000419999997
v 0.00973688997 0.0223381184 -0.000419999997
v 0.00988825317 0.0220556222 -0.000419999997
v 0.00994306151 0.0221234951 -0.000419999997
v 0.00991154741 0.0225360785 -0.000419999997
v 0.00989003107 0.022497138 -0.000419999997
v 0.0101398453 0.0222950298 -0.000419999997
v 0.00986520201 0.0224602185 -0.000419999997
v 0.0100693377 0.0222436562 -0.000419999997
v 0.00983725023 0.0224256031 -0.000419999997
v 0.010003577 0.0221863315 -0.000419999997
v 0.00980638713 0.0223935544 -0.000419999997
v 0.00977284927 0.0223643221 -0.000419999997
v 0.00910325069 0.0231324732 -0.000419999997
v 0.00913678948 0.0231617093 -0.000419999997
v 0.00917421561 0.0234476868 -0.000419999997
v 0.00917274784 0.0231879093 -0.000419999997
v 0.00921085291 0.0232108757 -0.000419999997
v 0.00964108296 0.0232377853 -0.000419999997
v 0.00968175288 0.0232197419 -0.000419999997
v 0.00972069614 0.0231982246 -0.000419999997
v 0.00975761563 0.0231733955 -0.000419999997
v 0.00979223102 0.0231454466 -0.000419999997
v 0.00925081503 0.0232304353 -0.000419999997
v 0.00929232966 0.0232464392 -0.000419999997
v 0.00933508109 0.0232587587 -0.000419999997
v 0.00946746953 0.0232728589 -0.000419999997
v 0.00951185729 0.0232698154 -0.000419999997
v 0.00955581106 0.0232629161 -0.000419999997
v 0.00959899556 0.0232522115 -0.000419999997
v 0.00996466167 0.0227503646 -0.000419999997
v 0.00996161904 0.0227059778 -0.000419999997
v 0.00937874429 0.0232673083 -0.000419999997
v 0.00942298584 0.0232720207 -0.000419999997
v 0.00982427783 0.0231145825 -0.000419999997
v 0.00985351298 0.0230810456 -0.000419999997
v 0.00987971388 0.0230450872 -0.000419999997
v 0.0099547198 0.0226620231 -0.000419999997
v 0.00994401518 0.0226188395 -0.000419999997
v 0.00990268122 0.0230069812 -0.000419999997
v 0.00992223993 0.0229670182 -0.000419999997
v 0.00993824191 0.0229255036 -0.000419999997
v 0.00995056424 0.022882754 -0.000419999997
v 0.00995911285 0.0228390917 -0.000419999997
v 0.00996382441 0.0227948502 -0.000419999997
v 0.0103473011 0.0263483934 -0.000419999997
v 0.0102396449 0.0263961516 -0.000419999997
v 0.0101365605 0.0264531076 -0.000419999997
v 0.0100388331 0.0265188292 -0.000419999997
v 0.00994720496 0.026592819 -0.000419999997
v 0.0106893703 0.0262636077 -0.000419999997
v 0.010573023 0.026281869 -0.000419999997
v 0.0104587097 0.0263102055 -0.000419999997
v 0.00986237451 0.0266745165 -0.000419999997
v 0.0097849872 0.026763292 -0.000419999997
v 0.0097156316 0.0268584751 -0.000419999997
v -0.00887506269 -0.0334454291 -0.000419999997
v -0.00871697348 -0.0270740706 -0.000419999997
v -0.00863555167 -0.0237925816 -0.000419999997
v -0.0085725477 -0.0212533623 -0.000419999997
v -0.00850954279 -0.0187141448 -0.000419999997
v -0.00844653882 -0.0161749255 -0.000419999997
v -0.00832052995 -0.0110964887 -0.000419999997
v -0.00825752597 -0.00855727028 -0.000419999997
v -0.008194522 -0.00601805188 -0.000419999997
v -0.0081315171 -0.00347883371 -0.000419999997
v -0.00806851313 -0.000939615536 -0.000419999997
v -0.00801295042 0.00129969744 -0.000419999997
v -0.00799409859 0.00205946364 -0.000419999997
v -0.00787950028 0.00667803921 -0.000419999997
v -0.00781649631 0.00921725761 -0.000419999997
v -0.00637577847 -0.0335052684 -0.000419999997
v -0.00621774327 -0.0271360837 -0.000419999997
v -0.00613632146 -0.0238545928 -0.000419999997
v -0.00607331749 -0.0213153753 -0.000419999997
v -0.00601031305 -0.018776156 -0.000419999997
v -0.00594730861 -0.0162369385 -0.000419999997
v -0.0058213002 -0.0111585008 -0.000419999997
v -0.00575829577 -0.00861928239 -0.000419999997
v -0.00569529179 -0.00608006399 -0.000419999997
v -0.00563228736 -0.00354084582 -0.000419999997
v -0.00538027007 0.00661602709 -0.000419999997
v -0.0053172661 0.0091552455 -0.000419999997
v 0.00845480151 -0.00725974375 0.000419999997
v 0.00841669645 -0.0072827125 0.000419999997
v 0.00843286142 -0.00643061846 0.000419999997
v 0.00839179754 -0.00979896355 0.000419999997
v 0.00835369155 -0.0098219309 0.000419999997
v 0.00836985745 -0.00896983687 0.000419999997
v 0.00832879357 -0.012338182 0.000419999997
v 0.00829068758 -0.0123611493 0.000419999997
v 0.00830685254 -0.0115090553 0.000419999997
v -0.00176568818 0.0229382012 0.000419999997
v -0.00172434677 0.0229353644 0.000419999997
v -0.00402179081 0.0230368897 0.000419999997
v -0.0102857361 0.0190090239 0.000419999997
v -0.0103057753 0.0189727526 0.000419999997
v -0.010690365 0.0189740472 0.000419999997
v 0.0114982929 0.0225802734 0.000419999997
v 0.0115106152 0.0225375239 0.000419999997
v 0.0107197771 0.0225440692 0.000419999997
v 0.0120493406 0.0270044282 0.000419999997
v 0.0120970951 0.0271120854 0.000419999997
v 0.0119923847 0.0269013457 0.000419999997
v 0.012135285 0.0272234939 0.000419999997
v 0.0121636195 0.0273378082 0.000419999997
v 0.0121818837 0.0274541527 0.000419999997
v 0.0121899378 0.0275716521 0.000419999997
v 0.0121877212 0.0276894029 0.000419999997
v 0.0121752499 0.027806513 0.000419999997
v 0.0121526187 0.027922092 0.000419999997
v 0.012120001 0.028035257 0.000419999997
v 0.0120776445 0.0281451456 0.000419999997
v 0.0120258713 0.0282509308 0.000419999997
v 0.0119650755 0.0283517968 0.000419999997
v 0.0118957199 0.0284469798 0.000419999997
v 0.0118183326 0.0285357609 0.000419999997
v 0.0117335021 0.0286174547 0.000419999997
v 0.011641874 0.0286914427 0.000419999997
v 0.0115441456 0.0287571698 0.000419999997
v 0.0114410613 0.0288141258 0.000419999997
v 0.011333406 0.0288618784 0.000419999997
v 0.0112219974 0.0289000664 0.000419999997
v 0.0111076841 0.0289284028 0.000419999997
v 0.0109913368 0.028946666 0.000419999997
v 0.0108738402 0.0289547201 0.000419999997
v 0.0107560884 0.0289525017 0.000419999997
v 0.0106389783 0.0289400332 0.000419999997
v 0.0105234003 0.0289174002 0.000419999997
v 0.0104102353 0.0288847852 0.000419999997
v 0.0103003439 0.0288424287 0.000419999997
v 0.0101945614 0.0287906565 0.000419999997
v 0.0100936936 0.0287298579 0.000419999997
v 0.00999850966 0.0286605041 0.000419999997
v 0.00990973134 0.0285831168 0.000419999997
v 0.00982803665 0.0284982845 0.000419999997
v 0.00975404587 0.0284066573 0.000419999997
v 0.00968832243 0.0283089317 0.000419999997
v 0.00963136647 0.0282058436 0.000419999997
v 0.00958361197 0.0280981902 0.000419999997
v 0.00954542216 0.0279867817 0.000419999997
v 0.00951708667 0.0278724693 0.000419999997
v 0.00952808745 0.0272881854 0.000419999997
v 0.00956070609 0.0271750204 0.000419999997
v 0.00925935898 0.0268791318 0.000419999997
v 0.00960306264 0.0270651281 0.000419999997
v 0.0094988225 0.027756121 0.000419999997
v 0.00949076843 0.0276386254 0.000419999997
v 0.0094929859 0.0275208708 0.000419999997
v 0.00950545724 0.0274037626 0.000419999997
v 0.0042384034 0.0270037148 0.000419999997
v -0.00403960841 0.0287427753 0.000419999997
v -0.00408094935 0.0287456084 0.000419999997
v -0.00434036227 0.0278654099 0.000419999997
v -0.00430409191 0.0278453715 0.000419999997
v -0.00486879423 0.0272296853 0.000419999997
v -0.00412238063 0.0287448298 0.000419999997
v -0.00416358607 0.0287404414 0.000419999997
v -0.0042042518 0.0287324805 0.000419999997
v -0.0043747481 0.0278885365 0.000419999997
v -0.00184113125 0.0278033987 0.000419999997
v -0.00180486159 0.0277833585 0.000419999997
v -0.00390272774 0.027835412 0.000419999997
v -0.00176698191 0.0277665555 0.000419999997
v -0.00172778347 0.0277531184 0.000419999997
v -0.00168756163 0.0277431514 0.000419999997
v -0.00152264629 0.0277390592 0.000419999997
v -0.00148198067 0.0277470201 0.000419999997
v -0.00144216302 0.0277584959 0.000419999997
v -0.00140349753 0.0277734008 0.000419999997
v -0.00142001954 0.028650932 0.000419999997
v -0.00145921891 0.0286643691 0.000419999997
v -0.00149943982 0.0286743362 0.000419999997
v -0.00154037727 0.0286807641 0.000419999997
v -0.00424406957 0.0287210029 0.000419999997
v -0.00428273529 0.0287060998 0.000419999997
v -0.00431995466 0.0286878832 0.000419999997
v -0.00426621316 0.0278285686 0.000419999997
v -0.00422701379 0.0278151296 0.000419999997
v -0.00418679276 0.0278051626 0.000419999997
v -0.00388137111 0.0286961403 0.000419999997
v -0.0039192508 0.0287129432 0.000419999997
v -0.00164662499 0.0277367234 0.000419999997
v -0.00160528347 0.0277338903 0.000419999997
v -0.00156385219 0.0277346708 0.000419999997
v -0.00136627781 0.0277916156 0.000419999997
v -0.00133078743 0.0278130081 0.000419999997
v -0.00129729707 0.0278374087 0.000419999997
v -0.00126606005 0.0278646387 0.000419999997
v -0.00123731513 0.0278944895 0.000419999997
v -0.00121128175 0.0279267244 0.000419999997
v -0.00117637427 0.0284359679 0.000419999997
v -0.00119776558 0.028471455 0.000419999997
v -0.00122216821 0.0285049472 0.000419999997
v -0.00435544504 0.0286664907 0.000419999997
v -0.0043889368 0.0286420863 0.000419999997
v -0.00442017289 0.0286148582 0.000419999997
v -0.00454297801 0.028119415 0.000419999997
v -0.00452807499 0.028080754 0.000419999997
v -0.00446406426 0.0279745534 0.000419999997
v -0.00443683518 0.0279433131 0.000419999997
v -0.00440698816 0.0279145688 0.000419999997
v -0.00414585508 0.0277987365 0.000419999997
v -0.00410451367 0.0277959034 0.000419999997
v -0.00406308332 0.027796682 0.000419999997
v -0.00158171891 0.0286835972 0.000419999997
v -0.00162315019 0.0286828168 0.000419999997
v -0.00166435516 0.0286784284 0.000419999997
v -0.00395845016 0.0287263822 0.000419999997
v -0.00399867073 0.0287363492 0.000419999997
v -0.00124939729 0.0285361838 0.000419999997
v -0.00127924548 0.0285649281 0.000419999997
v -0.00131148438 0.0285909642 0.000419999997
v -0.00444891723 0.0285850111 0.000419999997
v -0.00447495095 0.0285527706 0.000419999997
v -0.00449807616 0.0285183862 0.000419999997
v -0.00450985832 0.0280435327 0.000419999997
v -0.00448846724 0.02800804 0.000419999997
v -0.00402187742 0.0278010704 0.000419999997
v -0.00398121169 0.0278090313 0.000419999997
v -0.00394139439 0.0278205089 0.000419999997
v -0.00170502171 0.0286704674 0.000419999997
v -0.00174483843 0.0286589917 0.000419999997
v -0.00178350485 0.0286440868 0.000419999997
v -0.00118815654 0.0279611126 0.000419999997
v -0.00116811658 0.0279973838 0.000419999997
v -0.00115131435 0.0280352607 0.000419999997
v -0.00113177765 0.0283202659 0.000419999997
v -0.00114325469 0.02836008 0.000419999997
v -0.00115815783 0.0283987466 0.000419999997
v -0.0013458702 0.0286140889 0.000419999997
v -0.00138214079 0.0286341291 0.000419999997
v -0.00451811589 0.0284821149 0.000419999997
v -0.00453491835 0.0284442361 0.000419999997
v -0.00454835594 0.0284050386 0.000419999997
v -0.00386550906 0.0278536286 0.000419999997
v -0.0019077569 0.0278525557 0.000419999997
v -0.00187551707 0.0278265234 0.000419999997
v -0.00372139947 0.0285669584 0.000419999997
v -0.00374862854 0.0285981949 0.000419999997
v -0.00113787677 0.0280744601 0.000419999997
v -0.00112790731 0.0281146821 0.000419999997
v -0.00112148083 0.0281556174 0.000419999997
v -0.00455832528 0.0283648167 0.000419999997
v -0.00456475187 0.0283238776 0.000419999997
v -0.00456758589 0.0282825362 0.000419999997
v -0.0045668059 0.0282411054 0.000419999997
v -0.00456241705 0.0281999018 0.000419999997
v -0.0045544547 0.0281592347 0.000419999997
v -0.00383001869 0.0278750211 0.000419999997
v -0.0037965274 0.0278994218 0.000419999997
v -0.0037652913 0.0279266499 0.000419999997
v -0.00185621402 0.0286044795 0.000419999997
v -0.00188970543 0.0285800751 0.000419999997
v -0.00369699579 0.028533468 0.000419999997
v -0.0036756054 0.028497979 0.000419999997
v -0.00197572075 0.0284907594 0.000419999997
v -0.00111864682 0.0281969588 0.000419999997
v -0.00111942703 0.0282383915 0.000419999997
v -0.00112381531 0.0282795988 0.000419999997
v -0.00201062718 0.0279815197 0.000419999997
v -0.0019892368 0.0279460289 0.000419999997
v -0.00371051207 0.0279887374 0.000419999997
v -0.00196483312 0.0279125404 0.000419999997
v -0.00182072364 0.028625872 0.000419999997
v -0.00192094245 0.0285528451 0.000419999997
v -0.00194968621 0.0285229981 0.000419999997
v -0.00373654626 0.0279565006 0.000419999997
v -0.00193760509 0.0278813001 0.000419999997
v -0.0037784758 0.0286269393 0.000419999997
v -0.00381071563 0.0286529753 0.000419999997
v -0.00384510146 0.0286761019 0.000419999997
v -0.00202884455 0.0280187409 0.000419999997
v -0.0036873878 0.0280231256 0.000419999997
v -0.00366734783 0.0280593969 0.000419999997
v -0.00365738897 0.0284607578 0.000419999997
v -0.00199884502 0.028456375 0.000419999997
v -0.00201888569 0.0284201037 0.000419999997
v -0.00203568814 0.0283822231 0.000419999997
v -0.0020491248 0.0283430275 0.000419999997
v -0.00364248501 0.028422093 0.000419999997
v -0.00362304552 0.02834161 0.000419999997
v -0.00363100879 0.0283822771 0.000419999997
v -0.00206552073 0.0282618664 0.000419999997
v -0.00365054468 0.0280972719 0.000419999997
v -0.00363710802 0.0281364731 0.000419999997
v -0.00204374781 0.0280574039 0.000419999997
v -0.0020552238 0.0280972216 0.000419999997
v -0.00205909507 0.0283028055 0.000419999997
v -0.00362713751 0.0281766951 0.000419999997
v -0.00362071209 0.0282176305 0.000419999997
v -0.00206318707 0.0281378888 0.000419999997
v -0.00206757453 0.0281790923 0.000419999997
v -0.00206835475 0.028220525 0.000419999997
v -0.00361787807 0.0282589719 0.000419999997
v -0.00361865829 0.0283004027 0.000419999997
v -0.00614171522 0.0284841042 0.000419999997
v -0.00615661917 0.0285227709 0.000419999997
v -0.00658018049 0.0288076214 0.000419999997
v -0.00662161177 0.028806841 0.000419999997
v -0.00666281767 0.0288024526 0.000419999997
v -0.00670348248 0.0287944917 0.000419999997
v -0.00674330071 0.0287830159 0.000419999997
v -0.00648044283 0.0278710444 0.000419999997
v -0.00644062459 0.0278825201 0.000419999997
v -0.00618661894 0.0280851368 0.000419999997
v -0.00620974321 0.0280507486 0.000419999997
v -0.00623577647 0.0280185137 0.000419999997
v -0.00617483677 0.0285599921 0.000419999997
v -0.00619622692 0.0285954792 0.000419999997
v -0.00622062944 0.0286289714 0.000419999997
v -0.006418481 0.0287749562 0.000419999997
v -0.0064576813 0.0287883934 0.000419999997
v -0.0064979014 0.0287983604 0.000419999997
v -0.00653883861 0.0288047884 0.000419999997
v -0.00699730637 0.0285803992 0.000419999997
v -0.00697418209 0.0286147837 0.000419999997
v -0.00694814883 0.0286470223 0.000419999997
v -0.0067654443 0.0278905798 0.000419999997
v -0.006726244 0.0278771427 0.000419999997
v -0.00736802444 0.0272916984 0.000419999997
v -0.0066860239 0.0278671756 0.000419999997
v -0.00664508669 0.0278607477 0.000419999997
v -0.00640195981 0.027897425 0.000419999997
v -0.00636473903 0.0279156398 0.000419999997
v -0.00632924866 0.0279370323 0.000419999997
v -0.00629575783 0.0279614329 0.000419999997
v -0.00626452127 0.0279886629 0.000419999997
v -0.00616657827 0.0281214081 0.000419999997
v -0.00614977488 0.028159285 0.000419999997
v -0.00613633916 0.0281984843 0.000419999997
v -0.00624785898 0.028660208 0.000419999997
v -0.00627770601 0.0286889523 0.000419999997
v -0.00630994607 0.0287149884 0.000419999997
v -0.00634433143 0.0287381131 0.000419999997
v -0.00638060318 0.0287581533 0.000419999997
v -0.00678196549 0.028768111 0.000419999997
v -0.00681918627 0.0287498962 0.000419999997
v -0.00685467664 0.0287285037 0.000419999997
v -0.00688816793 0.0287040994 0.000419999997
v -0.00691940403 0.0286768693 0.000419999997
v -0.00701734703 0.0285441279 0.000419999997
v -0.00703414856 0.0285062473 0.000419999997
v -0.00704758614 0.0284670517 0.000419999997
v -0.0069632954 0.0280365646 0.000419999997
v -0.00698769838 0.0280700531 0.000419999997
v -0.00700908853 0.0281055439 0.000419999997
v -0.00660374481 0.0278579146 0.000419999997
v -0.00656231353 0.027858695 0.000419999997
v -0.00652110763 0.0278630834 0.000419999997
v -0.00612636795 0.0282387063 0.000419999997
v -0.00611994322 0.0282796416 0.000419999997
v -0.00611710828 0.0283209831 0.000419999997
v -0.00611788919 0.0283624157 0.000419999997
v -0.00612227572 0.028403623 0.000419999997
v -0.00613023993 0.0284442902 0.000419999997
v -0.00706681702 0.0283445492 0.000419999997
v -0.00706398208 0.0283858906 0.000419999997
v -0.00705755549 0.0284268297 0.000419999997
v -0.00706603611 0.0283031166 0.000419999997
v -0.00706164772 0.028261913 0.000419999997
v -0.00705368537 0.0282212459 0.000419999997
v -0.00704220822 0.0281814281 0.000419999997
v -0.00702730613 0.0281427652 0.000419999997
v -0.00693606678 0.0280053243 0.000419999997
v -0.00690621929 0.02797658 0.000419999997
v -0.00687397923 0.0279505476 0.000419999997
v -0.00683959387 0.0279274229 0.000419999997
v -0.00680332212 0.0279073827 0.000419999997
v -0.0104820663 0.0273689646 0.000419999997
v -0.0120015871 0.0295171775 0.000419999997
v -0.0121190827 0.0295252316 0.000419999997
v -0.0134648355 0.0278586969 0.000419999997
v -0.0134322178 0.0277455319 0.000419999997
v -0.0156656001 0.0274975821 0.000419999997
v -0.0133898603 0.0276356377 0.000419999997
v -0.0110278483 0.0289223082 0.000419999997
v -0.011097203 0.0290174913 0.000419999997
v -0.0111745894 0.0291062724 0.000419999997
v -0.0112594208 0.0291879661 0.000419999997
v -0.0123661608 0.0316637009 0.000419999997
v -0.0122368354 0.0295230132 0.000419999997
v -0.0126697784 0.0316313691 0.000419999997
v -0.0123539446 0.0295105446 0.000419999997
v -0.012969424 0.0315726921 0.000419999997
v -0.0124695227 0.0294879116 0.000419999997
v -0.0132628158 0.031488128 0.000419999997
v -0.0125826877 0.0294552967 0.000419999997
v -0.0135477213 0.0313783139 0.000419999997
v -0.01269258 0.0294129401 0.000419999997
v -0.0138219707 0.0312440898 0.000419999997
v -0.0127983615 0.0293611661 0.000419999997
v -0.0140834795 0.0310864691 0.000419999997
v -0.0128992302 0.0293003693 0.000419999997
v -0.0143302549 0.0309066586 0.000419999997
v -0.0129944133 0.0292310156 0.000419999997
v -0.0145604173 0.0307060257 0.000419999997
v -0.0130831916 0.0291536283 0.000419999997
v -0.0147722205 0.030486092 0.000419999997
v -0.0131648872 0.029068796 0.000419999997
v -0.0149640488 0.0302485395 0.000419999997
v -0.013238878 0.0289771687 0.000419999997
v -0.0151344426 0.0299951714 0.000419999997
v -0.0133046024 0.0288794413 0.000419999997
v -0.0152821066 0.0297279153 0.000419999997
v -0.0133615565 0.0287763551 0.000419999997
v -0.0154059129 0.0294488072 0.000419999997
v -0.0134093119 0.0286687016 0.000419999997
v -0.0155049255 0.0291599724 0.000419999997
v -0.0134475017 0.0285572931 0.000419999997
v -0.0155783864 0.0288636051 0.000419999997
v -0.0134758363 0.0284429807 0.000419999997
v -0.0156257357 0.0285619628 0.000419999997
v -0.0134941004 0.0283266325 0.000419999997
v -0.0156466179 0.0282573402 0.000419999997
v -0.0135021545 0.0282091368 0.000419999997
v -0.013499937 0.0280913822 0.000419999997
v -0.0134874657 0.027974274 0.000419999997
v -0.0110005382 0.0274718571 0.000419999997
v -0.0109435823 0.0275749397 0.000419999997
v -0.0108958287 0.0276825968 0.000419999997
v -0.0108576389 0.0277940053 0.000419999997
v -0.0113510489 0.0292619541 0.000419999997
v -0.0114487763 0.0293276794 0.000419999997
v -0.0115518617 0.0293846373 0.000419999997
v -0.011659517 0.0294323899 0.000419999997
v -0.0117709273 0.0294705778 0.000419999997
v -0.0118852388 0.0294989143 0.000419999997
v -0.0108293043 0.0279083196 0.000419999997
v -0.0108110402 0.0280246641 0.000419999997
v -0.0108029861 0.0281421635 0.000419999997
v -0.0108052026 0.0282599144 0.000419999997
v -0.010817674 0.0283770245 0.000419999997
v -0.0108403051 0.0284926035 0.000419999997
v -0.0108729219 0.0286057685 0.000419999997
v -0.0109152775 0.0287156571 0.000419999997
v -0.0109670516 0.0288214423 0.000419999997
v -0.0124198999 0.0268523805 0.000419999997
v -0.0123035535 0.0268341191 0.000419999997
v -0.0105672088 0.0239375196 0.000419999997
v -0.0131305484 0.0272450279 0.000419999997
v -0.013045718 0.0271633286 0.000419999997
v -0.0157513358 0.0240661521 0.000419999997
v -0.0129540907 0.0270893406 0.000419999997
v -0.0128563615 0.027023619 0.000419999997
v -0.012753278 0.0269666631 0.000419999997
v -0.0126456218 0.0269189049 0.000419999997
v -0.0125342133 0.0268807169 0.000419999997
v -0.012186056 0.026826065 0.000419999997
v -0.0120683052 0.0268282816 0.000419999997
v -0.0119511941 0.0268407501 0.000419999997
v -0.0133380881 0.0275298562 0.000419999997
v -0.0132772923 0.0274289865 0.000419999997
v -0.0132079367 0.0273338035 0.000419999997
v -0.0118356179 0.0268633831 0.000419999997
v -0.0117224511 0.026895998 0.000419999997
v -0.0116125597 0.0269383583 0.000419999997
v -0.0113107245 0.0271202791 0.000419999997
v -0.0112219471 0.0271976702 0.000419999997
v -0.0111402525 0.0272824988 0.000419999997
v -0.0110662626 0.027374126 0.000419999997
v -0.0115067763 0.0269901324 0.000419999997
v -0.0114059104 0.0270509273 0.000419999997
v -0.0122855613 0.0192889981 0.000419999997
v -0.0106155165 0.0219906196 0.000419999997
v -0.0122453393 0.0192790255 0.000419999997
v -0.0122061409 0.0192655884 0.000419999997
v -0.0126423342 0.0192191396 0.000419999997
v -0.0157999769 0.0221192595 0.000419999997
v -0.0126068443 0.0192405283 0.000419999997
v -0.0125696249 0.0192587487 0.000419999997
v -0.0126758255 0.0191947352 0.000419999997
v -0.0127070621 0.0191675071 0.000419999997
v -0.0127358064 0.01913766 0.000419999997
v -0.0119624948 0.0190506279 0.000419999997
v -0.0119838873 0.0190861169 0.000419999997
v -0.0120082898 0.0191196073 0.000419999997
v -0.0120355189 0.0191508438 0.000419999997
v -0.0120653659 0.0191795882 0.000419999997
v -0.0120976055 0.0192056242 0.000419999997
v -0.0121319918 0.0192287471 0.000419999997
v -0.0121682612 0.0192487892 0.000419999997
v -0.0123264985 0.0192954242 0.000419999997
v -0.0123678399 0.0192982573 0.000419999997
v -0.0124092698 0.0192974787 0.000419999997
v -0.0124504752 0.0192930903 0.000419999997
v -0.0124911424 0.0192851257 0.000419999997
v -0.0125309592 0.019273648 0.000419999997
v -0.0105886655 0.0230727848 0.000419999997
v -0.0157729406 0.023201419 0.000419999997
v -0.0128218085 0.018996885 0.000419999997
v -0.0128352465 0.0189576838 0.000419999997
v -0.0158753451 0.0191027001 0.000419999997
v -0.0127618397 0.0191054195 0.000419999997
v -0.0127849663 0.0190710351 0.000419999997
v -0.0128050055 0.0190347638 0.000419999997
v -0.0119178984 0.0189349223 0.000419999997
v -0.0119293751 0.0189747401 0.000419999997
v -0.0119442791 0.0190134067 0.000419999997
v -0.011974277 0.0185757726 0.000419999997
v -0.0107415253 0.0169121828 0.000419999997
v -0.0119974026 0.0185413864 0.000419999997
v -0.0120234368 0.0185091458 0.000419999997
v -0.0123914052 0.0183485486 0.000419999997
v -0.0123499734 0.0183493309 0.000419999997
v -0.012308768 0.0183537155 0.000419999997
v -0.0122681009 0.0183616802 0.000419999997
v -0.012228284 0.0183731578 0.000419999997
v -0.0121896183 0.0183880609 0.000419999997
v -0.0121523989 0.0184062775 0.000419999997
v -0.012116909 0.0184276681 0.000419999997
v -0.0120834177 0.0184520688 0.000419999997
v -0.0120521812 0.0184792988 0.000419999997
v -0.0128298681 0.0186720639 0.000419999997
v -0.0128149642 0.0186333973 0.000419999997
v -0.0159268621 0.0170408431 0.000419999997
v -0.0127967484 0.0185961816 0.000419999997
v -0.0127753559 0.0185606889 0.000419999997
v -0.0127509534 0.0185271967 0.000419999997
v -0.0125531023 0.0183812175 0.000419999997
v -0.0125139039 0.0183677785 0.000419999997
v -0.0124736819 0.0183578078 0.000419999997
v -0.0124327447 0.0183513854 0.000419999997
v -0.0119239967 0.0186891221 0.000419999997
v -0.0119374348 0.0186499208 0.000419999997
v -0.0119542377 0.0186120421 0.000419999997
v -0.0119140279 0.018729344 0.000419999997
v -0.0119076008 0.0187702794 0.000419999997
v -0.0119047677 0.0188116208 0.000419999997
v -0.0119055472 0.0188530516 0.000419999997
v -0.0119099356 0.0188942589 0.000419999997
v -0.0128452154 0.0189174656 0.000419999997
v -0.0128516415 0.0188765265 0.000419999997
v -0.0128544746 0.0188351851 0.000419999997
v -0.012853696 0.0187937543 0.000419999997
v -0.0128493076 0.0187525488 0.000419999997
v -0.0128413448 0.0187118836 0.000419999997
v -0.0127237244 0.018495962 0.000419999997
v -0.0126938773 0.0184672158 0.000419999997
v -0.0126616377 0.0184411854 0.000419999997
v -0.0126272514 0.0184180588 0.000419999997
v -0.012590982 0.0183980204 0.000419999997
v -0.0120484382 0.0141762188 0.000419999997
v -0.0120633421 0.0142148845 0.000419999997
v -0.0107940491 0.014795335 0.000419999997
v -0.010812901 0.0140355686 0.000419999997
v -0.0120289987 0.0140957329 0.000419999997
v -0.0120369615 0.0141364001 0.000419999997
v -0.0129707055 0.0140780043 0.000419999997
v -0.0159987323 0.014164242 0.000419999997
v -0.0129642785 0.0141189396 0.000419999997
v -0.0159797501 0.0149240047 0.000419999997
v -0.0120815579 0.014252102 0.000419999997
v -0.0121029504 0.0142875938 0.000419999997
v -0.0121273529 0.0143210851 0.000419999997
v -0.0126102054 0.0144866025 0.000419999997
v -0.0126500223 0.0144751258 0.000419999997
v -0.0128548695 0.0143391369 0.000419999997
v -0.0128809037 0.0143068973 0.000419999997
v -0.0129040293 0.0142725091 0.000419999997
v -0.0129240686 0.0142362416 0.000419999997
v -0.012154582 0.0143523216 0.000419999997
v -0.012184429 0.014381066 0.000419999997
v -0.0122166686 0.014407102 0.000419999997
v -0.0122510549 0.014430224 0.000419999997
v -0.0122873243 0.0144502632 0.000419999997
v -0.012325204 0.0144670662 0.000419999997
v -0.0123644024 0.0144805042 0.000419999997
v -0.0124046244 0.0144904749 0.000419999997
v -0.0124455616 0.014496902 0.000419999997
v -0.012688688 0.0144602219 0.000419999997
v -0.0127259074 0.0144420061 0.000419999997
v -0.0127613973 0.0144206174 0.000419999997
v -0.0127948886 0.014396213 0.000419999997
v -0.0128261251 0.0143689839 0.000419999997
v -0.0129408715 0.0141983619 0.000419999997
v -0.0129543096 0.0141591616 0.000419999997
v -0.012486903 0.0144997351 0.000419999997
v -0.0125283329 0.0144989556 0.000419999997
v -0.0125695383 0.0144945672 0.000419999997
v -0.0120266648 0.0139717562 0.000419999997
v -0.0120238308 0.0140130976 0.000419999997
v -0.0120246103 0.0140545294 0.000419999997
v -0.0121424999 0.0137106236 0.000419999997
v -0.0121164666 0.0137428632 0.000419999997
v -0.0108373333 0.013050871 0.000419999997
v -0.01209334 0.0137772514 0.000419999997
v -0.0120733008 0.0138135189 0.000419999997
v -0.0128700165 0.0137286754 0.000419999997
v -0.0160233341 0.013179549 0.000419999997
v -0.012894419 0.0137621667 0.000419999997
v -0.0129158115 0.0137976585 0.000419999997
v -0.0125518078 0.0135528585 0.000419999997
v -0.0125104683 0.0135500263 0.000419999997
v -0.0124690365 0.0135508049 0.000419999997
v -0.0124278311 0.0135551933 0.000419999997
v -0.0123871639 0.013563158 0.000419999997
v -0.0123473471 0.0135746347 0.000419999997
v -0.0123086814 0.0135895386 0.000419999997
v -0.012271462 0.0136077544 0.000419999997
v -0.0122359721 0.0136291469 0.000419999997
v -0.0122024808 0.0136535475 0.000419999997
v -0.0121712442 0.0136807766 0.000419999997
v -0.0120564979 0.0138513986 0.000419999997
v -0.0120430598 0.0138905989 0.000419999997
v -0.0120330909 0.0139308209 0.000419999997
v -0.0129735386 0.0140366629 0.000419999997
v -0.0129727591 0.0139952311 0.000419999997
v -0.0129683707 0.0139540276 0.000419999997
v -0.0129604079 0.0139133604 0.000419999997
v -0.0129489312 0.0138735417 0.000419999997
v -0.0129340272 0.013834876 0.000419999997
v -0.0128427874 0.0136974389 0.000419999997
v -0.0128129404 0.0136686945 0.000419999997
v -0.0127807008 0.0136426622 0.000419999997
v -0.0127463145 0.0136195365 0.000419999997
v -0.0127100451 0.0135994973 0.000419999997
v -0.0126721654 0.0135826943 0.000419999997
v -0.012632967 0.0135692563 0.000419999997
v -0.012592745 0.0135592856 0.000419999997
v -0.0125049427 -0.0306080263 0.000419999997
v -0.0124392183 -0.0305102989 0.000419999997
v -0.0119891716 -0.0333708674 0.000419999997
v -0.0123822624 -0.0304072145 0.000419999997
v -0.0123345088 -0.0302995574 0.000419999997
v -0.012256355 -0.0296051316 0.000419999997
v -0.0118310153 -0.0269968044 0.000419999997
v -0.0122438837 -0.0297222417 0.000419999997
v -0.0122416662 -0.0298399925 0.000419999997
v -0.0145218717 -0.0288285278 0.000419999997
v -0.0146035682 -0.0289133582 0.000419999997
v -0.017023921 -0.0268679559 0.000419999997
v -0.0146775581 -0.0290049855 0.000419999997
v -0.0147432825 -0.0291027129 0.000419999997
v -0.0148002366 -0.0292057972 0.000419999997
v -0.014847992 -0.0293134544 0.000419999997
v -0.017095793 -0.029744558 0.000419999997
v -0.0148861818 -0.0294248629 0.000419999997
v -0.0149145164 -0.0295391753 0.000419999997
v -0.0127494056 -0.0308618732 0.000419999997
v -0.0126606273 -0.0307844859 0.000419999997
v -0.0125789335 -0.0306996554 0.000419999997
v -0.012296319 -0.0301881507 0.000419999997
v -0.0122679844 -0.0300738364 0.000419999997
v -0.0122497203 -0.02995749 0.000419999997
v -0.0123539586 -0.0292664953 0.000419999997
v -0.0124057326 -0.0291607138 0.000419999997
v -0.0124665285 -0.029059846 0.000419999997
v -0.012535884 -0.0289646611 0.000419999997
v -0.0126132704 -0.0288758837 0.000419999997
v -0.0135577628 -0.0284569208 0.000419999997
v -0.0136755155 -0.0284591392 0.000419999997
v -0.014131261 -0.0285692159 0.000419999997
v -0.0142370425 -0.0286209881 0.000419999997
v -0.0131611312 -0.0310861543 0.000419999997
v -0.0130512407 -0.0310437977 0.000419999997
v -0.0122789852 -0.0294895526 0.000419999997
v -0.0123116029 -0.0293763876 0.000419999997
v -0.0143379103 -0.0286817849 0.000419999997
v -0.0144330943 -0.0287511405 0.000419999997
v -0.0126981009 -0.0287941899 0.000419999997
v -0.01278973 -0.0287201982 0.000419999997
v -0.0128874574 -0.0286544748 0.000419999997
v -0.0137926247 -0.0284716096 0.000419999997
v -0.0139082028 -0.0284942407 0.000419999997
v -0.0140213678 -0.0285268575 0.000419999997
v -0.0129454574 -0.0309920236 0.000419999997
v -0.0128445905 -0.0309312288 0.000419999997
v -0.0129905427 -0.0285975188 0.000419999997
v -0.0130981971 -0.0285497643 0.000419999997
v -0.0132096075 -0.0285115745 0.000419999997
v -0.0133239189 -0.0284832399 0.000419999997
v -0.0134402672 -0.0284649748 0.000419999997
v -0.0109305382 0.00929452479 0.000419999997
v -0.0161171872 0.00942321774 0.000419999997
v -0.0109935421 0.00675530639 0.000419999997
v -0.0161806289 0.00688401051 0.000419999997
v -0.0111081405 0.00213673082 0.000419999997
v -0.0162960235 0.00226545497 0.000419999997
v -0.0111269923 0.0013769645 0.000419999997
v -0.0163150057 0.00150569191 0.000419999997
v -0.011182555 -0.000862348475 0.000419999997
v -0.016370954 -0.000733611465 0.000419999997
v -0.011245559 -0.00340156676 0.000419999997
v -0.0164343957 -0.00327281887 0.000419999997
v -0.0113085639 -0.00594078517 0.000419999997
v -0.0164978374 -0.00581202609 0.000419999997
v -0.0113715678 -0.0084800031 0.000419999997
v -0.0165612791 -0.00835123379 0.000419999997
v -0.0114345718 -0.0110192215 0.000419999997
v -0.0166247245 -0.010890441 0.000419999997
v -0.0115605807 -0.0160976592 0.000419999997
v -0.0167516079 -0.0159688573 0.000419999997
v -0.0116235847 -0.0186368767 0.000419999997
v -0.0168150496 -0.0185080636 0.000419999997
v -0.0116865896 -0.0211760961 0.000419999997
v -0.0168784913 -0.0210472718 0.000419999997
v -0.0117495935 -0.0237153135 0.000419999997
v -0.016941933 -0.0235864781 0.000419999997
v -0.0149327805 -0.0296555236 0.000419999997
v -0.0149408346 -0.0297730193 0.000419999997
v -0.0170900449 -0.03004984 0.000419999997
v -0.0149386181 -0.029890772 0.000419999997
v -0.0170577113 -0.0303534586 0.000419999997
v -0.0149261467 -0.030007882 0.000419999997
v -0.0169990398 -0.0306531042 0.000419999997
v -0.0149035156 -0.0301234592 0.000419999997
v -0.0169144757 -0.030946495 0.000419999997
v -0.0148708988 -0.0302366242 0.000419999997
v -0.0168046616 -0.0312313996 0.000419999997
v -0.0148285413 -0.0303465165 0.000419999997
v -0.0166704338 -0.0315056518 0.000419999997
v -0.0147767691 -0.030452298 0.000419999997
v -0.0165128149 -0.0317671597 0.000419999997
v -0.0147159724 -0.0305531658 0.000419999997
v -0.0163330045 -0.0320139341 0.000419999997
v -0.0146466177 -0.0306483507 0.000419999997
v -0.0161323715 -0.0322440974 0.000419999997
v -0.0145692285 -0.0307371281 0.000419999997
v -0.0159124397 -0.0324558988 0.000419999997
v -0.0144843981 -0.0308188237 0.000419999997
v -0.0156748854 -0.0326477289 0.000419999997
v -0.0143927718 -0.0308928136 0.000419999997
v -0.0154215163 -0.0328181237 0.000419999997
v -0.0142950425 -0.030958537 0.000419999997
v -0.0151542611 -0.0329657868 0.000419999997
v -0.0141919591 -0.031015493 0.000419999997
v -0.0148751521 -0.0330895931 0.000419999997
v -0.0140843019 -0.0310632475 0.000419999997
v -0.0145863155 -0.0331886038 0.000419999997
v -0.0139728943 -0.0311014373 0.000419999997
v -0.0142899482 -0.0332620665 0.000419999997
v -0.01385858 -0.0311297718 0.000419999997
v -0.0139883077 -0.033309415 0.000419999997
v -0.0137422336 -0.0311480369 0.000419999997
v -0.013683686 -0.033330299 0.000419999997
v -0.0136247361 -0.031156091 0.000419999997
v -0.0135069853 -0.0311538745 0.000419999997
v -0.0133898742 -0.0311414022 0.000419999997
v -0.013274298 -0.0311187711 0.000419999997
v -0.00871697348 -0.0270740706 0.000419999997
v -0.00887506269 -0.0334454291 0.000419999997
v -0.00621774327 -0.0271360837 0.000419999997
v -0.00637577847 -0.0335052684 0.000419999997
v 0.00288945436 -0.0273620561 0.000419999997
v 0.00273161568 -0.0337233245 0.000419999997
v 0.00791040994 -0.0274866372 0.000419999997
v 0.00775267882 -0.0338435434 0.000419999997
v 0.00947742723 -0.02752552 0.000419999997
v 0.00931740832 -0.0290296506 0.000419999997
v 0.00920029823 -0.029042121 0.000419999997
v 0.00827695057 -0.0311236773 0.000419999997
v 0.00834630616 -0.0312188622 0.000419999997
v 0.00886166282 -0.0291397255 0.000419999997
v 0.00875588041 -0.0291914996 0.000419999997
v 0.00897155516 -0.0290973689 0.000419999997
v 0.00908472016 -0.0290647522 0.000419999997
v 0.00847105123 -0.0293990392 0.000419999997
v 0.00838935561 -0.0294838697 0.000419999997
v 0.00819268543 -0.0297763087 0.000419999997
v 0.00814493094 -0.0298839658 0.000419999997
v 0.00810674112 -0.0299953744 0.000419999997
v 0.00807840656 -0.0301096868 0.000419999997
v 0.0088009648 -0.0315860063 0.000419999997
v 0.00869788043 -0.0315290503 0.000419999997
v 0.0086001521 -0.031463325 0.000419999997
v 0.00865501352 -0.0292522945 0.000419999997
v 0.00855982862 -0.02932165 0.000419999997
v 0.00831536483 -0.0295754969 0.000419999997
v 0.0082496414 -0.0296732243 0.000419999997
v 0.00808940735 -0.0306939706 0.000419999997
v 0.00812202506 -0.0308071356 0.000419999997
v 0.00842369348 -0.0313076377 0.000419999997
v 0.00850852486 -0.0313893333 0.000419999997
v 0.00806677621 -0.0305783916 0.000419999997
v 0.00816438161 -0.030917028 0.000419999997
v 0.00821615476 -0.0310228094 0.000419999997
v 0.00913434196 -0.0317002833 0.000419999997
v 0.0093197301 -0.0338810645 0.000419999997
v 0.00902002957 -0.0316719487 0.000419999997
v 0.00890862104 -0.0316337608 0.000419999997
v 0.0080601424 -0.030226035 0.000419999997
v 0.00805208832 -0.0303435307 0.000419999997
v 0.00805430487 -0.0304612815 0.000419999997
v 0.0097833164 -0.0290820859 0.000419999997
v 0.00966900401 -0.0290537514 0.000419999997
v 0.0107490402 -0.0302927531 0.000419999997
v 0.0107365688 -0.030175643 0.000419999997
v 0.0107139386 -0.030060064 0.000419999997
v 0.0106813209 -0.029946899 0.000419999997
v 0.0106389644 -0.0298370067 0.000419999997
v 0.00955265574 -0.0290354863 0.000419999997
v 0.00943515915 -0.0290274322 0.000419999997
v 0.0105871903 -0.0297312252 0.000419999997
v 0.0105263954 -0.0296303574 0.000419999997
v 0.0104570398 -0.0295351725 0.000419999997
v 0.0103796516 -0.0294463951 0.000419999997
v 0.0102948211 -0.0293646995 0.000419999997
v 0.0102031939 -0.0292907096 0.000419999997
v 0.0092506893 -0.0317185484 0.000419999997
v 0.00936818682 -0.0317266025 0.000419999997
v 0.00962501206 -0.0338753164 0.000419999997
v 0.00948593765 -0.0317243859 0.000419999997
v 0.00992863066 -0.0338429809 0.000419999997
v 0.00960304774 -0.0317119136 0.000419999997
v 0.0102282763 -0.0337843113 0.000419999997
v 0.00971862581 -0.0316892825 0.000419999997
v 0.010521668 -0.0336997472 0.000419999997
v 0.00983179081 -0.0316566639 0.000419999997
v 0.0108065736 -0.0335899331 0.000419999997
v 0.00994168315 -0.0316143073 0.000419999997
v 0.0110808238 -0.0334557034 0.000419999997
v 0.0100474646 -0.031562537 0.000419999997
v 0.0113423308 -0.0332980864 0.000419999997
v 0.0101483325 -0.0315017402 0.000419999997
v 0.0115891062 -0.0331182741 0.000419999997
v 0.0102435173 -0.0314323828 0.000419999997
v 0.0118192714 -0.0329176411 0.000419999997
v 0.0103322947 -0.0313549973 0.000419999997
v 0.0120310737 -0.0326977111 0.000419999997
v 0.0104139904 -0.031270165 0.000419999997
v 0.0122229019 -0.0324601568 0.000419999997
v 0.0104879811 -0.0311785378 0.000419999997
v 0.0123932958 -0.0322067887 0.000419999997
v 0.0105537046 -0.0310808104 0.000419999997
v 0.0125409588 -0.0319395326 0.000419999997
v 0.0106106596 -0.030977726 0.000419999997
v 0.012664767 -0.0316604227 0.000419999997
v 0.0106584141 -0.0308700688 0.000419999997
v 0.0127637777 -0.031371586 0.000419999997
v 0.0106966048 -0.0307586603 0.000419999997
v 0.0128372386 -0.0310752187 0.000419999997
v 0.0107249394 -0.0306443479 0.000419999997
v 0.0128845898 -0.0307735782 0.000419999997
v 0.0107432036 -0.0305279996 0.000419999997
v 0.0107512577 -0.030410504 0.000419999997
v 0.0101054655 -0.0292249862 0.000419999997
v 0.0100023812 -0.0291680302 0.000419999997
v 0.00989472494 -0.0291202758 0.000419999997
v 0.0108979475 -0.0250452403 0.000419999997
v 0.0108539946 -0.0250383411 0.000419999997
v 0.0105585409 -0.0242688339 0.000419999997
v 0.0109166941 -0.0260408856 0.000419999997
v 0.0109594455 -0.0260285623 0.000419999997
v 0.0110009601 -0.0260125622 0.000419999997
v 0.0112643773 -0.0253411364 0.000419999997
v 0.0112448186 -0.0253011752 0.000419999997
v 0.0106959641 -0.0260450412 0.000419999997
v 0.0107399179 -0.0260519404 0.000419999997
v 0.0112218512 -0.0252630692 0.000419999997
v 0.0111956503 -0.0252271108 0.000419999997
v 0.0111664152 -0.025193572 0.000419999997
v 0.0111343674 -0.0251627099 0.000419999997
v 0.011099753 -0.0251347572 0.000419999997
v 0.0110628335 -0.0251099281 0.000419999997
v 0.0110238902 -0.0250884127 0.000419999997
v 0.0109832203 -0.0250703711 0.000419999997
v 0.0109411329 -0.0250559449 0.000419999997
v 0.0106527796 -0.0260343365 0.000419999997
v 0.0106772184 -0.0250493959 0.000419999997
v 0.0105390465 -0.0244420525 0.000419999997
v 0.0107208807 -0.0250408463 0.000419999997
v 0.0105525749 -0.0243558679 0.000419999997
v 0.0107651222 -0.0250361357 0.000419999997
v 0.0108096069 -0.0250352975 0.000419999997
v 0.0107843056 -0.026054984 0.000419999997
v 0.0108287893 -0.0260541458 0.000419999997
v 0.0108730309 -0.0260494351 0.000419999997
v 0.0110409223 -0.0259930026 0.000419999997
v 0.0110790273 -0.0259700362 0.000419999997
v 0.0111149866 -0.0259438343 0.000419999997
v 0.0104941595 -0.0259555243 0.000419999997
v 0.010531079 -0.0259803515 0.000419999997
v 0.0111485245 -0.0259146001 0.000419999997
v 0.0111793866 -0.0258825514 0.000419999997
v 0.0112073394 -0.0258479379 0.000419999997
v 0.011306799 -0.0255577918 0.000419999997
v 0.0113059618 -0.0255133063 0.000419999997
v 0.0113012502 -0.0254690647 0.000419999997
v 0.0105700223 -0.0260018688 0.000419999997
v 0.0106106922 -0.0260199104 0.000419999997
v 0.0112321684 -0.0258110184 0.000419999997
v 0.0112536848 -0.0257720742 0.000419999997
v 0.0112717254 -0.0257314052 0.000419999997
v 0.0112927007 -0.0254254024 0.000419999997
v 0.0112803783 -0.025382651 0.000419999997
v 0.0103982622 -0.0258631706 0.000419999997
v 0.0104274973 -0.0258967094 0.000419999997
v 0.0104595441 -0.0259275716 0.000419999997
v 0.00962126721 -0.025242079 0.000419999997
v 0.00970801618 -0.0252328403 0.000419999997
v 0.00979362894 -0.0252160784 0.000419999997
v 0.00987745542 -0.0251919162 0.000419999997
v 0.0103720613 -0.0258272123 0.000419999997
v 0.00995885674 -0.0251605418 0.000419999997
v 0.0103490939 -0.0257891063 0.000419999997
v 0.0103295352 -0.0257491432 0.000419999997
v 0.0102901561 -0.0254881028 0.000419999997
v 0.0102970554 -0.0254441481 0.000419999997
v 0.0100372136 -0.0251221899 0.000419999997
v 0.01030776 -0.0254009645 0.000419999997
v 0.0101119298 -0.0250771567 0.000419999997
v 0.0103221871 -0.0253588762 0.000419999997
v 0.0102871135 -0.0255324896 0.000419999997
v 0.0102879507 -0.0255769733 0.000419999997
v 0.0102926623 -0.0256212149 0.000419999997
v 0.0104145249 -0.0252077281 0.000419999997
v 0.0103865732 -0.0252423435 0.000419999997
v 0.0101824375 -0.0250257812 0.000419999997
v 0.0103617441 -0.025279263 0.000419999997
v 0.0103402277 -0.0253182054 0.000419999997
v 0.0112861525 -0.0256893169 0.000419999997
v 0.0112968571 -0.0256461315 0.000419999997
v 0.0113037564 -0.0256021786 0.000419999997
v 0.0103012109 -0.025664879 0.000419999997
v 0.0103135332 -0.0257076304 0.000419999997
v 0.010445388 -0.0251756813 0.000419999997
v 0.0102481982 -0.0249684583 0.000419999997
v 0.0104789259 -0.0251464471 0.000419999997
v 0.0103087137 -0.0249056201 0.000419999997
v 0.0105148852 -0.0251202453 0.000419999997
v 0.010363522 -0.0248377472 0.000419999997
v 0.0105529903 -0.0250972789 0.000419999997
v 0.0104122059 -0.0247653574 0.000419999997
v 0.0105929524 -0.0250777192 0.000419999997
v 0.0104543949 -0.0246889982 0.000419999997
v 0.010634467 -0.0250617173 0.000419999997
v 0.0104897683 -0.0246092528 0.000419999997
v 0.0105180573 -0.0245267283 0.000419999997
v 0.00962185301 -0.0217048097 0.000419999997
v 0.0108726108 -0.0224960782 0.000419999997
v 0.0108281272 -0.0224969164 0.000419999997
v 0.0107838856 -0.022501627 0.000419999997
v 0.0107402224 -0.0225101765 0.000419999997
v 0.010697471 -0.0225224998 0.000419999997
v 0.0111258375 -0.0225707106 0.000419999997
v 0.0110868942 -0.0225491934 0.000419999997
v 0.0110462243 -0.0225311536 0.000419999997
v 0.0107157836 -0.0234951191 0.000419999997
v 0.010758969 -0.0235058218 0.000419999997
v 0.0105308974 -0.0240092501 0.000419999997
v 0.0112294191 -0.0226543527 0.000419999997
v 0.0111973723 -0.0226234905 0.000419999997
v 0.0111627569 -0.0225955397 0.000419999997
v 0.0110041369 -0.0225167256 0.000419999997
v 0.0109609524 -0.022506021 0.000419999997
v 0.0109169986 -0.0224991217 0.000419999997
v 0.0105476612 -0.0240948629 0.000419999997
v 0.0108029218 -0.0235127229 0.000419999997
v 0.0108473096 -0.0235157646 0.000419999997
v 0.0108917942 -0.0235149283 0.000419999997
v 0.0113273812 -0.0228019189 0.000419999997
v 0.0113078225 -0.0227619559 0.000419999997
v 0.0110639641 -0.0234733429 0.000419999997
v 0.0111039262 -0.0234537851 0.000419999997
v 0.0112848552 -0.0227238499 0.000419999997
v 0.0112586543 -0.0226878915 0.000419999997
v 0.010556899 -0.02418161 0.000419999997
v 0.0109360358 -0.0235102158 0.000419999997
v 0.010979698 -0.0235016663 0.000419999997
v 0.0110224495 -0.0234893449 0.000419999997
v 0.010594083 -0.023441134 0.000419999997
v 0.0104370108 -0.0237656645 0.000419999997
v 0.0103919767 -0.0236909483 0.000419999997
v 0.0106736962 -0.023480691 0.000419999997
v 0.0105067361 -0.0239254236 0.000419999997
v 0.0104753608 -0.0238440223 0.000419999997
v 0.0106559563 -0.0225384999 0.000419999997
v 0.0106159942 -0.0225580595 0.000419999997
v 0.0105778892 -0.0225810278 0.000419999997
v 0.0105419308 -0.0226072278 0.000419999997
v 0.010508392 -0.0226364639 0.000419999997
v 0.0104775298 -0.0226685107 0.000419999997
v 0.010424749 -0.0227400456 0.000419999997
v 0.0104032317 -0.0227789879 0.000419999997
v 0.00992407277 -0.0233131088 0.000419999997
v 0.0103600593 -0.0229049306 0.000419999997
v 0.0103531601 -0.0229488835 0.000419999997
v 0.0103501175 -0.0229932722 0.000419999997
v 0.0104120979 -0.0232498869 0.000419999997
v 0.0104350653 -0.0232879929 0.000419999997
v 0.0102204401 -0.0234941635 0.000419999997
v 0.0104612662 -0.0233239513 0.000419999997
v 0.0102832783 -0.023554679 0.000419999997
v 0.0104905013 -0.0233574901 0.000419999997
v 0.0103406021 -0.0236204416 0.000419999997
v 0.010522549 -0.0233883522 0.000419999997
v 0.0105571635 -0.023416305 0.000419999997
v 0.0106330262 -0.0234626513 0.000419999997
v 0.0111420313 -0.0234308168 0.000419999997
v 0.0111779906 -0.0234046169 0.000419999997
v 0.0112115284 -0.0233753808 0.000419999997
v 0.0103851911 -0.0228196569 0.000419999997
v 0.010370764 -0.0228617452 0.000419999997
v 0.0103509547 -0.0230377559 0.000419999997
v 0.0103556663 -0.0230819974 0.000419999997
v 0.0100038182 -0.0233484823 0.000419999997
v 0.0103765382 -0.0231684111 0.000419999997
v 0.0103925392 -0.0232099257 0.000419999997
v 0.0100801764 -0.0233906731 0.000419999997
v 0.0113689657 -0.0229740888 0.000419999997
v 0.0113642542 -0.0229298472 0.000419999997
v 0.0097568715 -0.0232638326 0.000419999997
v 0.00984154828 -0.0232848208 0.000419999997
v 0.0104495771 -0.0227031261 0.000419999997
v 0.0112423915 -0.023343334 0.000419999997
v 0.0112703433 -0.0233087186 0.000419999997
v 0.0112951724 -0.0232717991 0.000419999997
v 0.0113557056 -0.022886185 0.000419999997
v 0.0113433832 -0.0228434335 0.000419999997
v 0.0103642158 -0.0231256597 0.000419999997
v 0.0101525681 -0.0234393571 0.000419999997
v 0.0113166887 -0.0232328568 0.000419999997
v 0.0113347294 -0.0231921859 0.000419999997
v 0.0113491565 -0.0231500976 0.000419999997
v 0.0113598611 -0.023106914 0.000419999997
v 0.0113667604 -0.0230629593 0.000419999997
v 0.0113698039 -0.0230185725 0.000419999997
v 0.00968485791 -0.0191655923 0.000419999997
v 0.0109356148 -0.0199568607 0.000419999997
v 0.0108911311 -0.019957697 0.000419999997
v 0.0106789991 -0.0200188402 0.000419999997
v 0.0107189612 -0.0199992824 0.000419999997
v 0.0107604759 -0.0199832805 0.000419999997
v 0.0108468896 -0.0199624095 0.000419999997
v 0.0108032273 -0.0199709591 0.000419999997
v 0.010571396 -0.0200972445 0.000419999997
v 0.0105405338 -0.0201292913 0.000419999997
v 0.0106408931 -0.0200418085 0.000419999997
v 0.0106049348 -0.0200680103 0.000419999997
v 0.0112257609 -0.0200563204 0.000419999997
v 0.0111888414 -0.0200314913 0.000419999997
v 0.0111498991 -0.020009974 0.000419999997
v 0.0111092292 -0.0199919343 0.000419999997
v 0.011042702 -0.0209624488 0.000419999997
v 0.0110854534 -0.0209501255 0.000419999997
v 0.0111269681 -0.0209341254 0.000419999997
v 0.0111669302 -0.0209145658 0.000419999997
v 0.0112050362 -0.0208915975 0.000419999997
v 0.0112409946 -0.0208653975 0.000419999997
v 0.0112745333 -0.0208361614 0.000419999997
v 0.0110671408 -0.0199775081 0.000419999997
v 0.0110239564 -0.0199668035 0.000419999997
v 0.0109800026 -0.0199599024 0.000419999997
v 0.0106201684 -0.0208770856 0.000419999997
v 0.0106570879 -0.0209019165 0.000419999997
v 0.0106960302 -0.020923432 0.000419999997
v 0.0107367001 -0.0209414717 0.000419999997
v 0.0107787885 -0.0209558997 0.000419999997
v 0.010821973 -0.0209666044 0.000419999997
v 0.0108659267 -0.0209735036 0.000419999997
v 0.0113053955 -0.0208041146 0.000419999997
v 0.0113333473 -0.0207694992 0.000419999997
v 0.0113581764 -0.0207325798 0.000419999997
v 0.0114319706 -0.0204348695 0.000419999997
v 0.0114272591 -0.0203906279 0.000419999997
v 0.0104980692 -0.0207487755 0.000419999997
v 0.0105242711 -0.0207847338 0.000419999997
v 0.0109103145 -0.0209765472 0.000419999997
v 0.0109547982 -0.020975709 0.000419999997
v 0.0109990397 -0.0209709983 0.000419999997
v 0.0113796927 -0.0206936374 0.000419999997
v 0.0113977334 -0.0206529684 0.000419999997
v 0.0114121614 -0.0206108801 0.000419999997
v 0.0114187095 -0.0203469656 0.000419999997
v 0.0114063872 -0.0203042142 0.000419999997
v 0.0113903861 -0.0202626996 0.000419999997
v 0.010512582 -0.0201639067 0.000419999997
v 0.010487753 -0.0202008262 0.000419999997
v 0.0104662366 -0.0202397704 0.000419999997
v 0.0105535062 -0.0208182707 0.000419999997
v 0.010585553 -0.0208491348 0.000419999997
v 0.0113708274 -0.0202227384 0.000419999997
v 0.0113478601 -0.0201846324 0.000419999997
v 0.0113216583 -0.020148674 0.000419999997
v 0.0112924231 -0.0201151352 0.000419999997
v 0.0112603763 -0.0200842731 0.000419999997
v 0.010448196 -0.0202804394 0.000419999997
v 0.0104337679 -0.0203225259 0.000419999997
v 0.0104230642 -0.0203657113 0.000419999997
v 0.0104395421 -0.0206291918 0.000419999997
v 0.0104272198 -0.0205864403 0.000419999997
v 0.0104186703 -0.0205427781 0.000419999997
v 0.0104555432 -0.0206707064 0.000419999997
v 0.0104751028 -0.0207106695 0.000419999997
v 0.0114228651 -0.0205676947 0.000419999997
v 0.0114297653 -0.0205237418 0.000419999997
v 0.0114328079 -0.0204793531 0.000419999997
v 0.0104161641 -0.020409666 0.000419999997
v 0.0104131214 -0.0204540528 0.000419999997
v 0.0104139596 -0.0204985365 0.000419999997
v 0.00974786188 -0.0166263748 0.000419999997
v 0.0109986197 -0.0174176414 0.000419999997
v 0.0109541351 -0.0174184795 0.000419999997
v 0.0108234799 -0.017444063 0.000419999997
v 0.0107819652 -0.0174600631 0.000419999997
v 0.0109098935 -0.017423192 0.000419999997
v 0.0108662313 -0.0174317397 0.000419999997
v 0.0111057069 -0.0184232295 0.000419999997
v 0.0111484583 -0.0184109081 0.000419999997
v 0.011189973 -0.0183949061 0.000419999997
v 0.0112299351 -0.0183753464 0.000419999997
v 0.0112887658 -0.017517101 0.000419999997
v 0.0112518463 -0.0174922738 0.000419999997
v 0.0112129031 -0.0174707565 0.000419999997
v 0.0111722331 -0.017452715 0.000419999997
v 0.0111301458 -0.0174382888 0.000419999997
v 0.0110869603 -0.0174275842 0.000419999997
v 0.0110430075 -0.0174206849 0.000419999997
v 0.0107420031 -0.0174796227 0.000419999997
v 0.010703898 -0.0175025892 0.000419999997
v 0.0106679387 -0.017528791 0.000419999997
v 0.0105111999 -0.0177412219 0.000419999997
v 0.0104967728 -0.0177833084 0.000419999997
v 0.0112680402 -0.01835238 0.000419999997
v 0.0113039995 -0.0183261782 0.000419999997
v 0.0113375373 -0.018296944 0.000419999997
v 0.0106831724 -0.0183378682 0.000419999997
v 0.0107200919 -0.0183626972 0.000419999997
v 0.0107590351 -0.0183842126 0.000419999997
v 0.0107997051 -0.0184022542 0.000419999997
v 0.0108417924 -0.0184166823 0.000419999997
v 0.0108849769 -0.0184273869 0.000419999997
v 0.0109289307 -0.0184342861 0.000419999997
v 0.0113683995 -0.0182648953 0.000419999997
v 0.0113963522 -0.0182302818 0.000419999997
v 0.0114211813 -0.0181933623 0.000419999997
v 0.0114949746 -0.017895652 0.000419999997
v 0.011490263 -0.0178514104 0.000419999997
v 0.0105610741 -0.0182095561 0.000419999997
v 0.010587275 -0.0182455145 0.000419999997
v 0.0109733185 -0.0184373278 0.000419999997
v 0.0110178022 -0.0184364896 0.000419999997
v 0.0110620437 -0.018431779 0.000419999997
v 0.0114426976 -0.01815442 0.000419999997
v 0.0114607383 -0.0181137491 0.000419999997
v 0.0114751654 -0.0180716608 0.000419999997
v 0.0114817135 -0.0178077463 0.000419999997
v 0.0114693912 -0.0177649967 0.000419999997
v 0.0114533901 -0.0177234802 0.000419999997
v 0.0106344009 -0.0175580271 0.000419999997
v 0.0106035378 -0.0175900739 0.000419999997
v 0.010575586 -0.0176246874 0.000419999997
v 0.0105507569 -0.0176616069 0.000419999997
v 0.0105292406 -0.0177005511 0.000419999997
v 0.0106165102 -0.0182790533 0.000419999997
v 0.010648557 -0.0183099154 0.000419999997
v 0.0114338314 -0.0176835191 0.000419999997
v 0.0114108641 -0.0176454131 0.000419999997
v 0.0113846632 -0.0176094547 0.000419999997
v 0.011355428 -0.0175759159 0.000419999997
v 0.0113233803 -0.0175450537 0.000419999997
v 0.0104769636 -0.0179593191 0.000419999997
v 0.0104816752 -0.0180035606 0.000419999997
v 0.0104902238 -0.0180472229 0.000419999997
v 0.0105025461 -0.0180899743 0.000419999997
v 0.0105185481 -0.0181314889 0.000419999997
v 0.0105381068 -0.018171452 0.000419999997
v 0.01148587 -0.0180284772 0.000419999997
v 0.0114927692 -0.0179845225 0.000419999997
v 0.0114958119 -0.0179401357 0.000419999997
v 0.0104860682 -0.0178264938 0.000419999997
v 0.010479169 -0.0178704467 0.000419999997
v 0.0104761263 -0.0179148354 0.000419999997
v 0.0108461007 -0.0132842595 0.000419999997
v 0.0108850431 -0.0133057768 0.000419999997
v 0.0113778543 -0.012413837 0.000419999997
v 0.011338912 -0.0123923188 0.000419999997
v 0.0111246277 -0.0123392055 0.000419999997
v 0.011080144 -0.0123400427 0.000419999997
v 0.00987387076 -0.0115479371 0.000419999997
v 0.0110359024 -0.0123447543 0.000419999997
v 0.0109922402 -0.0123533038 0.000419999997
v 0.0109494887 -0.0123656252 0.000419999997
v 0.0109079741 -0.0123816263 0.000419999997
v 0.010868012 -0.0124011859 0.000419999997
v 0.0108449692 -0.0149208456 0.000419999997
v 0.0108050071 -0.0149404043 0.000419999997
v 0.0112129692 -0.0123491483 0.000419999997
v 0.0111690154 -0.0123422481 0.000419999997
v 0.0109678013 -0.0133382455 0.000419999997
v 0.0110109858 -0.0133489491 0.000419999997
v 0.0108864838 -0.0149048446 0.000419999997
v 0.0110549396 -0.0133558474 0.000419999997
v 0.0109292353 -0.0148925213 0.000419999997
v 0.0109728985 -0.0148839718 0.000419999997
v 0.0112352371 -0.0149134975 0.000419999997
v 0.0111931497 -0.0148990694 0.000419999997
v 0.011143811 -0.0133580528 0.000419999997
v 0.011298242 -0.0123742782 0.000419999997
v 0.0112561537 -0.012359852 0.000419999997
v 0.010829906 -0.0124241533 0.000419999997
v 0.0107939476 -0.0124503542 0.000419999997
v 0.0107604098 -0.0124795884 0.000419999997
v 0.0107425191 -0.0132006165 0.000419999997
v 0.0107745659 -0.0132314786 0.000419999997
v 0.0108091813 -0.0132594304 0.000419999997
v 0.010925713 -0.0133238174 0.000419999997
v 0.0111687109 -0.0158840101 0.000419999997
v 0.0112114623 -0.0158716887 0.000419999997
v 0.011252977 -0.0158556867 0.000419999997
v 0.010766902 -0.0149633717 0.000419999997
v 0.0107309436 -0.0149895726 0.000419999997
v 0.0106974049 -0.0150188077 0.000419999997
v 0.0113517698 -0.0149778835 0.000419999997
v 0.0113148503 -0.0149530554 0.000419999997
v 0.011275907 -0.0149315381 0.000419999997
v 0.0111499652 -0.0148883658 0.000419999997
v 0.0111060115 -0.0148814665 0.000419999997
v 0.0110993274 -0.013358891 0.000419999997
v 0.0110616237 -0.014878423 0.000419999997
v 0.01101714 -0.0148792611 0.000419999997
v 0.0112929391 -0.015836129 0.000419999997
v 0.0113310441 -0.0158131626 0.000419999997
v 0.0113670034 -0.0157869607 0.000419999997
v 0.011481436 -0.0124974791 0.000419999997
v 0.0114493892 -0.0124666169 0.000419999997
v 0.0114147738 -0.0124386651 0.000419999997
v 0.0107295467 -0.0125116361 0.000419999997
v 0.0107015949 -0.0125462506 0.000419999997
v 0.0106767658 -0.012583171 0.000419999997
v 0.0107461764 -0.0157986488 0.000419999997
v 0.0107830958 -0.0158234779 0.000419999997
v 0.0108220391 -0.0158449952 0.000419999997
v 0.010862709 -0.0158630349 0.000419999997
v 0.0109047964 -0.0158774629 0.000419999997
v 0.0109479818 -0.0158881675 0.000419999997
v 0.0109919347 -0.0158950668 0.000419999997
v 0.0106240781 -0.0156703386 0.000419999997
v 0.010650279 -0.015706297 0.000419999997
v 0.0110363225 -0.0158981103 0.000419999997
v 0.0110808071 -0.0158972722 0.000419999997
v 0.0111250486 -0.0158925597 0.000419999997
v 0.0115163941 -0.0151842628 0.000419999997
v 0.0114968354 -0.0151443006 0.000419999997
v 0.011473868 -0.0151061947 0.000419999997
v 0.0114476671 -0.0150702372 0.000419999997
v 0.011418432 -0.0150366984 0.000419999997
v 0.0113863852 -0.0150058353 0.000419999997
v 0.0114005413 -0.0157577246 0.000419999997
v 0.0114314044 -0.0157256778 0.000419999997
v 0.0114593562 -0.0156910643 0.000419999997
v 0.0114841852 -0.0156541448 0.000419999997
v 0.0115057016 -0.0156152006 0.000419999997
v 0.0115237422 -0.0155745298 0.000419999997
v 0.011394049 -0.0132739423 0.000419999997
v 0.0114300074 -0.0132477414 0.000419999997
v 0.0114635462 -0.0132185072 0.000419999997
v 0.0114944084 -0.0131864594 0.000419999997
v 0.011579399 -0.0126450434 0.000419999997
v 0.0115598403 -0.0126050822 0.000419999997
v 0.0106552495 -0.0126221133 0.000419999997
v 0.0106372088 -0.0126627851 0.000419999997
v 0.0106227808 -0.0127048707 0.000419999997
v 0.010628555 -0.0130115375 0.000419999997
v 0.010644556 -0.0130530521 0.000419999997
v 0.0106641157 -0.0130930133 0.000419999997
v 0.0106665427 -0.0150508555 0.000419999997
v 0.01063859 -0.0150854699 0.000419999997
v 0.0106137618 -0.0151223894 0.000419999997
v 0.0105597768 -0.01524409 0.000419999997
v 0.0105742039 -0.0152020017 0.000419999997
v 0.0105922446 -0.0151613317 0.000419999997
v 0.0105532287 -0.0155080045 0.000419999997
v 0.010565551 -0.015550755 0.000419999997
v 0.0106795141 -0.0157398339 0.000419999997
v 0.0107115619 -0.015770698 0.000419999997
v 0.0115381693 -0.0155324433 0.000419999997
v 0.011548874 -0.0154892588 0.000419999997
v 0.0115557732 -0.015445305 0.000419999997
v 0.0112317149 -0.0133447936 0.000419999997
v 0.011553267 -0.0153121911 0.000419999997
v 0.0111880526 -0.0133533431 0.000419999997
v 0.0115447184 -0.0152685288 0.000419999997
v 0.0115323961 -0.0152257774 0.000419999997
v 0.0115368729 -0.0125669762 0.000419999997
v 0.0115106711 -0.0125310179 0.000419999997
v 0.0106120771 -0.0127480552 0.000419999997
v 0.0106051769 -0.0127920089 0.000419999997
v 0.0106021343 -0.0128363976 0.000419999997
v 0.0106870821 -0.0131311202 0.000419999997
v 0.0107132839 -0.0131670777 0.000419999997
v 0.0105490722 -0.0152872745 0.000419999997
v 0.0105421729 -0.0153312283 0.000419999997
v 0.0105391303 -0.015375616 0.000419999997
v 0.0105815521 -0.0155922705 0.000419999997
v 0.0106011108 -0.0156322327 0.000419999997
v 0.0115223601 -0.013151845 0.000419999997
v 0.0115471892 -0.0131149245 0.000419999997
v 0.0115687056 -0.0130759832 0.000419999997
v 0.0105399676 -0.0154201007 0.000419999997
v 0.0105446791 -0.0154643422 0.000419999997
v 0.0115588168 -0.0154009163 0.000419999997
v 0.0115579786 -0.0153564326 0.000419999997
v 0.0106029725 -0.0128808822 0.000419999997
v 0.0106076831 -0.0129251238 0.000419999997
v 0.0106162326 -0.0129687861 0.000419999997
v 0.0112744663 -0.0133324713 0.000419999997
v 0.0113159809 -0.0133164693 0.000419999997
v 0.011355943 -0.0132969096 0.000419999997
v 0.0115867462 -0.0130353132 0.000419999997
v 0.0116011743 -0.0129932249 0.000419999997
v 0.0116118779 -0.0129500404 0.000419999997
v 0.0116187781 -0.0129060866 0.000419999997
v 0.0116218207 -0.0128616979 0.000419999997
v 0.0116209835 -0.0128172133 0.000419999997
v 0.0116162719 -0.0127729718 0.000419999997
v 0.0116077224 -0.0127293095 0.000419999997
v 0.0115954001 -0.0126865599 0.000419999997
v 0.00993687473 -0.00900871865 0.000419999997
v 0.0111876326 -0.00979998708 0.000419999997
v 0.0111431479 -0.00980082434 0.000419999997
v 0.0114408592 -0.00987461861 0.000419999997
v 0.0114019159 -0.00985310134 0.000419999997
v 0.0109091047 -0.0107450411 0.000419999997
v 0.010948048 -0.0107665583 0.000419999997
v 0.0110989064 -0.00980553403 0.000419999997
v 0.0110552441 -0.00981408358 0.000419999997
v 0.0110124927 -0.00982640684 0.000419999997
v 0.0109709781 -0.00984240789 0.000419999997
v 0.0109310159 -0.00986196846 0.000419999997
v 0.0108929109 -0.00988493487 0.000419999997
v 0.0112759732 -0.00980992801 0.000419999997
v 0.0112320203 -0.00980302971 0.000419999997
v 0.0110739898 -0.0108097298 0.000419999997
v 0.0111179436 -0.01081663 0.000419999997
v 0.011361246 -0.00983505975 0.000419999997
v 0.0113191586 -0.00982063264 0.000419999997
v 0.0111623313 -0.0108196726 0.000419999997
v 0.011206815 -0.0108188344 0.000419999997
v 0.0112510566 -0.0108141229 0.000419999997
v 0.0112947198 -0.0108055733 0.000419999997
v 0.010805523 -0.0106613981 0.000419999997
v 0.0108375698 -0.0106922602 0.000419999997
v 0.0108721852 -0.010720212 0.000419999997
v 0.0113374712 -0.0107932528 0.000419999997
v 0.0113789858 -0.0107772509 0.000419999997
v 0.011418948 -0.0107576912 0.000419999997
v 0.0108569516 -0.00991113577 0.000419999997
v 0.0108234137 -0.00994037092 0.000419999997
v 0.0107925506 -0.00997241773 0.000419999997
v 0.0109887179 -0.010784599 0.000419999997
v 0.0110308053 -0.0107990252 0.000419999997
v 0.011457053 -0.0107347239 0.000419999997
v 0.0114930123 -0.010708523 0.000419999997
v 0.0115265502 -0.0106792888 0.000419999997
v 0.0115444409 -0.00995826069 0.000419999997
v 0.0115123931 -0.00992739946 0.000419999997
v 0.0114777787 -0.00989944674 0.000419999997
v 0.010670688 -0.0103859054 0.000419999997
v 0.0106792366 -0.0104295677 0.000419999997
v 0.0107645988 -0.0100070322 0.000419999997
v 0.0107397698 -0.0100439526 0.000419999997
v 0.0107182534 -0.0100828949 0.000419999997
v 0.0115574123 -0.010647241 0.000419999997
v 0.011585365 -0.0106126266 0.000419999997
v 0.0116101941 -0.0105757071 0.000419999997
v 0.011642403 -0.010105825 0.000419999997
v 0.0116228443 -0.0100658638 0.000419999997
v 0.0107002128 -0.0101235649 0.000419999997
v 0.0106857857 -0.0101656523 0.000419999997
v 0.0106750811 -0.0102088377 0.000419999997
v 0.0106915589 -0.0104723172 0.000419999997
v 0.0107075609 -0.0105138337 0.000419999997
v 0.0107271196 -0.0105537958 0.000419999997
v 0.0115998769 -0.0100277578 0.000419999997
v 0.011573676 -0.00999179948 0.000419999997
v 0.010750087 -0.0105919018 0.000419999997
v 0.0107762879 -0.0106278602 0.000419999997
v 0.0106681818 -0.0102527905 0.000419999997
v 0.0106651392 -0.0102971792 0.000419999997
v 0.0106659764 -0.0103416638 0.000419999997
v 0.0116839875 -0.0102779958 0.000419999997
v 0.0116792759 -0.0102337543 0.000419999997
v 0.0116317105 -0.0105367647 0.000419999997
v 0.0116497511 -0.010496093 0.000419999997
v 0.0116641782 -0.0104540065 0.000419999997
v 0.0116748828 -0.010410822 0.000419999997
v 0.0116817821 -0.0103668682 0.000419999997
v 0.0116848247 -0.0103224805 0.000419999997
v 0.0116707264 -0.0101900911 0.000419999997
v 0.011658404 -0.0101473397 0.000419999997
v 0.0099998787 -0.00646950025 0.000419999997
v 0.0112506365 -0.00726076867 0.000419999997
v 0.0112061528 -0.0072616064 0.000419999997
v 0.0115038631 -0.00733539835 0.000419999997
v 0.0114649199 -0.00731388247 0.000419999997
v 0.0109721087 -0.00820582267 0.000419999997
v 0.0110110519 -0.00822733995 0.000419999997
v 0.0111619113 -0.0072663161 0.000419999997
v 0.0111182481 -0.00727486564 0.000419999997
v 0.0110754967 -0.00728718843 0.000419999997
v 0.011033982 -0.00730318995 0.000419999997
v 0.0109940199 -0.00732274773 0.000419999997
v 0.0109559149 -0.00734571693 0.000419999997
v 0.0113389781 -0.00727070961 0.000419999997
v 0.0112950243 -0.00726381131 0.000419999997
v 0.0111369947 -0.0082705114 0.000419999997
v 0.0111809485 -0.00827741157 0.000419999997
v 0.01142425 -0.00729584182 0.000419999997
v 0.0113821626 -0.00728141423 0.000419999997
v 0.0112253353 -0.0082804542 0.000419999997
v 0.0112698199 -0.00827961601 0.000419999997
v 0.0113140615 -0.00827490445 0.000419999997
v 0.0113577237 -0.00826635491 0.000419999997
v 0.010868527 -0.00812217966 0.000419999997
v 0.0109005747 -0.00815304182 0.000419999997
v 0.0109351892 -0.00818099361 0.000419999997
v 0.0114004752 -0.00825403444 0.000419999997
v 0.0114419898 -0.00823803246 0.000419999997
v 0.0114819519 -0.00821847282 0.000419999997
v 0.0109199565 -0.00737191783 0.000419999997
v 0.0108864177 -0.00740115205 0.000419999997
v 0.0108555555 -0.00743319979 0.000419999997
v 0.0110517219 -0.0082453806 0.000419999997
v 0.0110938093 -0.00825980678 0.000419999997
v 0.0115200579 -0.00819550548 0.000419999997
v 0.0115560163 -0.00816930551 0.000419999997
v 0.0115895541 -0.00814007036 0.000419999997
v 0.0116074448 -0.00741904275 0.000419999997
v 0.011575398 -0.00738818059 0.000419999997
v 0.0115407826 -0.0073602288 0.000419999997
v 0.010733692 -0.00784668513 0.000419999997
v 0.0107422415 -0.00789034925 0.000419999997
v 0.0108276028 -0.00746781426 0.000419999997
v 0.0108027747 -0.00750473421 0.000419999997
v 0.0107812574 -0.00754367653 0.000419999997
v 0.0116204172 -0.00810802355 0.000419999997
v 0.011648369 -0.00807340723 0.000419999997
v 0.0116731981 -0.00803648867 0.000419999997
v 0.0117054069 -0.00756660709 0.000419999997
v 0.0116858482 -0.00752664544 0.000419999997
v 0.0107632168 -0.00758434646 0.000419999997
v 0.0107487896 -0.00762643432 0.000419999997
v 0.010738085 -0.00766961882 0.000419999997
v 0.0107545638 -0.00793309975 0.000419999997
v 0.0107705649 -0.00797461439 0.000419999997
v 0.0107901236 -0.00801457744 0.000419999997
v 0.0116628809 -0.00748853944 0.000419999997
v 0.01163668 -0.00745258108 0.000419999997
v 0.010813091 -0.00805268157 0.000419999997
v 0.0108392918 -0.0080886418 0.000419999997
v 0.0107311858 -0.00771357259 0.000419999997
v 0.0107281432 -0.00775796082 0.000419999997
v 0.0107289804 -0.00780244358 0.000419999997
v 0.0117469914 -0.00773877744 0.000419999997
v 0.0117422799 -0.00769453542 0.000419999997
v 0.0116947144 -0.00799754448 0.000419999997
v 0.0117127551 -0.00795687456 0.000419999997
v 0.0117271822 -0.00791478809 0.000419999997
v 0.0117378868 -0.00787160173 0.000419999997
v 0.011744787 -0.00782764796 0.000419999997
v 0.0117478296 -0.00778326206 0.000419999997
v 0.0117337313 -0.00765087316 0.000419999997
v 0.0117214089 -0.00760812126 0.000419999997
v 0.0113580283 -0.0047245915 0.000419999997
v 0.0113136405 -0.00472155027 0.000419999997
v 0.0100628836 -0.00393028185 0.000419999997
v 0.0112691568 -0.00472238613 0.000419999997
v 0.0112249153 -0.00472709816 0.000419999997
v 0.0112439524 -0.00573819317 0.000419999997
v 0.0111999987 -0.005731293 0.000419999997
v 0.0111568142 -0.00572058838 0.000419999997
v 0.0112883402 -0.0057412358 0.000419999997
v 0.0113328239 -0.00574039808 0.000419999997
v 0.0113770654 -0.00573568651 0.000419999997
v 0.0114207277 -0.00572713697 0.000419999997
v 0.011401982 -0.00473149121 0.000419999997
v 0.0114451665 -0.00474219583 0.000419999997
v 0.0108335698 -0.00543539552 0.000419999997
v 0.0108531285 -0.00547535904 0.000419999997
v 0.0110351136 -0.00566660427 0.000419999997
v 0.0110740559 -0.00568812201 0.000419999997
v 0.0111147258 -0.00570616079 0.000419999997
v 0.0109185595 -0.00489398139 0.000419999997
v 0.0109494217 -0.00486193411 0.000419999997
v 0.0109829605 -0.00483269943 0.000419999997
v 0.0108760949 -0.00551346317 0.000419999997
v 0.0109022968 -0.0055494234 0.000419999997
v 0.0109315319 -0.00558296172 0.000419999997
v 0.0109635787 -0.00561382389 0.000419999997
v 0.0109981941 -0.00564177567 0.000419999997
v 0.0114634791 -0.00571481418 0.000419999997
v 0.0115049938 -0.00569881452 0.000419999997
v 0.0115449559 -0.00567925489 0.000419999997
v 0.0115668671 -0.00479617994 0.000419999997
v 0.0115279248 -0.00477466453 0.000419999997
v 0.0114872549 -0.00475662341 0.000419999997
v 0.011181253 -0.00473564724 0.000419999997
v 0.0111385016 -0.00474797003 0.000419999997
v 0.0110969869 -0.00476397155 0.000419999997
v 0.0115830619 -0.00565628754 0.000419999997
v 0.0116190203 -0.00563008664 0.000419999997
v 0.011652559 -0.00560085243 0.000419999997
v 0.0116834212 -0.00556880469 0.000419999997
v 0.011711373 -0.00553418882 0.000419999997
v 0.0117362021 -0.00549727026 0.000419999997
v 0.0117258858 -0.00494932104 0.000419999997
v 0.011699684 -0.00491336314 0.000419999997
v 0.0116704488 -0.00487982435 0.000419999997
v 0.0110570248 -0.00478352979 0.000419999997
v 0.0110189188 -0.00480649667 0.000419999997
v 0.0108906077 -0.00492859585 0.000419999997
v 0.0108657787 -0.00496551627 0.000419999997
v 0.0108442623 -0.00500445813 0.000419999997
v 0.011638402 -0.00484896265 0.000419999997
v 0.0116037866 -0.00482100854 0.000419999997
v 0.0108262217 -0.00504512805 0.000419999997
v 0.0108117936 -0.00508721592 0.000419999997
v 0.0108010899 -0.00513040088 0.000419999997
v 0.0107966959 -0.00530746719 0.000419999997
v 0.0108052455 -0.00535112945 0.000419999997
v 0.0108175678 -0.00539388135 0.000419999997
v 0.0118099963 -0.00519955903 0.000419999997
v 0.0118052848 -0.00515531749 0.000419999997
v 0.0117967352 -0.00511165475 0.000419999997
v 0.0117844129 -0.00506890332 0.000419999997
v 0.0117684118 -0.00502738869 0.000419999997
v 0.0117488531 -0.0049874275 0.000419999997
v 0.0107941898 -0.00517435418 0.000419999997
v 0.0107911471 -0.00521874288 0.000419999997
v 0.0107919853 -0.00526322564 0.000419999997
v 0.0117577184 -0.00545832608 0.000419999997
v 0.011775759 -0.00541765615 0.000419999997
v 0.0117901871 -0.00537556829 0.000419999997
v 0.0118008908 -0.00533238379 0.000419999997
v 0.011807791 -0.00528843002 0.000419999997
v 0.0118108336 -0.00524404366 0.000419999997
v 0.0114210332 -0.0021853731 0.000419999997
v 0.0113766454 -0.00218233024 0.000419999997
v 0.0101258876 -0.00139106356 0.000419999997
v 0.0113321608 -0.00218316796 0.000419999997
v 0.0112879192 -0.00218787976 0.000419999997
v 0.0113069564 -0.00319897477 0.000419999997
v 0.0112630026 -0.0031920746 0.000419999997
v 0.0112198181 -0.00318137021 0.000419999997
v 0.0113513442 -0.00320201763 0.000419999997
v 0.0113958279 -0.0032011799 0.000419999997
v 0.0114400694 -0.00319646811 0.000419999997
v 0.0114837326 -0.00318791857 0.000419999997
v 0.011464986 -0.00219227327 0.000419999997
v 0.0115081714 -0.00220297743 0.000419999997
v 0.0108965738 -0.00289617735 0.000419999997
v 0.0109161325 -0.00293614063 0.000419999997
v 0.0110981176 -0.0031273861 0.000419999997
v 0.0111370608 -0.00314890174 0.000419999997
v 0.0111777307 -0.00316694262 0.000419999997
v 0.0109815635 -0.00235476298 0.000419999997
v 0.0110124266 -0.00232271571 0.000419999997
v 0.0110459644 -0.00229347916 0.000419999997
v 0.0109390998 -0.002974245 0.000419999997
v 0.0109653007 -0.00301020499 0.000419999997
v 0.0109945359 -0.00304374169 0.000419999997
v 0.0110265827 -0.00307460548 0.000419999997
v 0.0110611981 -0.0031025575 0.000419999997
v 0.011526484 -0.00317559601 0.000419999997
v 0.0115679987 -0.00315959426 0.000419999997
v 0.0116079608 -0.00314003648 0.000419999997
v 0.011629872 -0.00225696177 0.000419999997
v 0.0115909288 -0.00223544613 0.000419999997
v 0.0115502588 -0.00221740524 0.000419999997
v 0.011244257 -0.00219642906 0.000419999997
v 0.0112015055 -0.00220875186 0.000419999997
v 0.0111599909 -0.00222475361 0.000419999997
v 0.0116460659 -0.00311706937 0.000419999997
v 0.0116820242 -0.00309086847 0.000419999997
v 0.011715563 -0.00306163216 0.000419999997
v 0.0117464252 -0.00302958651 0.000419999997
v 0.0117743779 -0.00299497042 0.000419999997
v 0.011799207 -0.00295805186 0.000419999997
v 0.0117888898 -0.00241010287 0.000419999997
v 0.0117626889 -0.00237414474 0.000419999997
v 0.0117334537 -0.00234060618 0.000419999997
v 0.0111200288 -0.00224431138 0.000419999997
v 0.0110819237 -0.0022672785 0.000419999997
v 0.0109536117 -0.00238937745 0.000419999997
v 0.0109287826 -0.00242629787 0.000419999997
v 0.0109072663 -0.00246523996 0.000419999997
v 0.011701406 -0.00230974238 0.000419999997
v 0.0116667915 -0.00228179037 0.000419999997
v 0.0108892256 -0.00250590988 0.000419999997
v 0.0108747985 -0.00254799775 0.000419999997
v 0.0108640939 -0.00259118248 0.000419999997
v 0.0108597009 -0.00276824879 0.000419999997
v 0.0108682495 -0.00281191128 0.000419999997
v 0.0108805718 -0.00285466295 0.000419999997
v 0.0118730003 -0.00266034063 0.000419999997
v 0.0118682887 -0.00261609908 0.000419999997
v 0.0118597392 -0.00257243658 0.000419999997
v 0.0118474169 -0.00252968492 0.000419999997
v 0.0118314158 -0.00248817052 0.000419999997
v 0.0118118571 -0.0024482091 0.000419999997
v 0.0108571947 -0.00263513601 0.000419999997
v 0.010854152 -0.00267952448 0.000419999997
v 0.0108549893 -0.00272400724 0.000419999997
v 0.0118207233 -0.00291910791 0.000419999997
v 0.011838764 -0.00287843798 0.000419999997
v 0.0118531911 -0.00283635012 0.000419999997
v 0.0118638957 -0.00279316539 0.000419999997
v 0.0118707949 -0.00274921185 0.000419999997
v 0.0118738376 -0.00270482525 0.000419999997
v 0.0101814503 0.000848249358 0.000419999997
v 0.0114840372 0.000353845186 0.000419999997
v 0.0114396494 0.00035688802 0.000419999997
v 0.0113951657 0.000356050325 0.000419999997
v 0.0113509241 0.00035133856 0.000419999997
v 0.0111242021 -0.000563339156 0.000419999997
v 0.0111611215 -0.00058816775 0.000419999997
v 0.0112000648 -0.000609683455 0.000419999997
v 0.0112407347 -0.000627724279 0.000419999997
v 0.0116132628 0.000321812928 0.000419999997
v 0.0115711754 0.000336240715 0.000419999997
v 0.0115279909 0.000346945075 0.000419999997
v 0.0112828221 -0.000642152037 0.000419999997
v 0.0113260075 -0.000652856426 0.000419999997
v 0.0113699604 -0.000659756537 0.000419999997
v 0.0117297955 0.000257427804 0.000419999997
v 0.011692876 0.000282256427 0.000419999997
v 0.0116539327 0.000303772133 0.000419999997
v 0.011307261 0.000342789077 0.000419999997
v 0.0112645095 0.000330466341 0.000419999997
v 0.0112229949 0.000314464764 0.000419999997
v 0.0111089693 0.000245738978 0.000419999997
v 0.0110754305 0.000216502536 0.000419999997
v 0.0110445684 0.000184455173 0.000419999997
v 0.0109312544 -0.000272692909 0.000419999997
v 0.0109435767 -0.00031544466 0.000419999997
v 0.0117450291 -0.000551650301 0.000419999997
v 0.011778567 -0.000522413873 0.000419999997
v 0.0111830328 0.000294906873 0.000419999997
v 0.0111449277 0.000271939818 0.000419999997
v 0.0114143481 -0.000662799401 0.000419999997
v 0.0114588328 -0.000661961676 0.000419999997
v 0.0115030743 -0.000657249882 0.000419999997
v 0.0110021038 -0.00043502677 0.000419999997
v 0.0110283047 -0.000470984873 0.000419999997
v 0.0115467366 -0.000648700399 0.000419999997
v 0.011589488 -0.000636377663 0.000419999997
v 0.0116310026 -0.000620376086 0.000419999997
v 0.0110166157 0.000149840751 0.000419999997
v 0.0109917875 0.000112922273 0.000419999997
v 0.0109702703 7.39782845e-05 0.000419999997
v 0.0109227048 -0.000229030542 0.000419999997
v 0.0109595777 -0.000356959179 0.000419999997
v 0.0109791365 -0.000396922347 0.000419999997
v 0.0110575398 -0.000504523399 0.000419999997
v 0.0110895876 -0.000535387197 0.000419999997
v 0.0116709648 -0.000600818195 0.000419999997
v 0.0117090698 -0.00057785114 0.000419999997
v 0.0109522296 3.33084099e-05 0.000419999997
v 0.0109378025 -8.77958973e-06 0.000419999997
v 0.0109270979 -5.19642454e-05 0.000419999997
v 0.0118094301 -0.000490366481 0.000419999997
v 0.0118373819 -0.000455752073 0.000419999997
v 0.0118622109 -0.000418833602 0.000419999997
v 0.0118837273 -0.000379889621 0.000419999997
v 0.0119017679 -0.000339219754 0.000419999997
v 0.011916195 -0.000297131744 0.000419999997
v 0.0118256928 0.000165073536 0.000419999997
v 0.0117964577 0.000198612077 0.000419999997
v 0.0117644109 0.00022947586 0.000419999997
v 0.0109201986 -9.59177851e-05 0.000419999997
v 0.010917156 -0.00014030427 0.000419999997
v 0.0109179933 -0.000184788893 0.000419999997
v 0.0119360043 -0.000121122437 0.000419999997
v 0.0119312927 -7.68808022e-05 0.000419999997
v 0.0119227441 -3.32184136e-05 0.000419999997
v 0.0119104218 9.53330982e-06 0.000419999997
v 0.0118944198 5.10478494e-05 0.000419999997
v 0.0119268997 -0.000253947102 0.000419999997
v 0.0119337998 -0.000209993552 0.000419999997
v 0.0119368425 -0.000165605205 0.000419999997
v 0.0118748611 9.10110248e-05 0.000419999997
v 0.0118518937 0.000129115433 0.000419999997
v 0.0115656583 0.00543532288 0.000419999997
v 0.0115211736 0.00543448515 0.000419999997
v 0.0103149004 0.0062265913 0.000419999997
v 0.0114769321 0.00542977685 0.000419999997
v 0.0114332698 0.00542122731 0.000419999997
v 0.0113905184 0.00540890265 0.000419999997
v 0.0113490038 0.005392903 0.000419999997
v 0.0113090416 0.00537334336 0.000419999997
v 0.0112709366 0.00535037648 0.000419999997
v 0.0112349773 0.00532417372 0.000419999997
v 0.0112014394 0.0052949409 0.000419999997
v 0.0112241264 0.00195105234 0.000419999997
v 0.0112630688 0.00192953483 0.000419999997
v 0.0102003021 0.00160801574 0.000419999997
v 0.0113037387 0.00191149209 0.000419999997
v 0.0112079317 0.00281115808 0.000419999997
v 0.0112460377 0.00283412519 0.000419999997
v 0.0112859998 0.00285368483 0.000419999997
v 0.0111719733 0.00278495532 0.000419999997
v 0.0111384355 0.00275572273 0.000419999997
v 0.0111075724 0.00272367336 0.000419999997
v 0.0111705763 0.00526289176 0.000419999997
v 0.0111426245 0.0052282773 0.000419999997
v 0.0111177955 0.00519135688 0.000419999997
v 0.01175588 0.00282147457 0.000419999997
v 0.0117169376 0.00284299231 0.000419999997
v 0.011408831 0.0044362843 0.000419999997
v 0.0116762677 0.0028610311 0.000419999997
v 0.0116341794 0.00287546078 0.000419999997
v 0.0110913096 0.00206823158 0.000419999997
v 0.0111205447 0.00203469489 0.000419999997
v 0.0114520155 0.00442558015 0.000419999997
v 0.0114959693 0.00441867998 0.000419999997
v 0.0119734257 0.00254875352 0.000419999997
v 0.011540357 0.00441563735 0.000419999997
v 0.0119857481 0.00250599976 0.000419999997
v 0.0115848407 0.00441647507 0.000419999997
v 0.0110962791 0.00515241688 0.000419999997
v 0.0110782385 0.00511174696 0.000419999997
v 0.0110638114 0.00506965676 0.000419999997
v 0.0110531067 0.00502647227 0.000419999997
v 0.0110462075 0.0049825185 0.000419999997
v 0.0110431649 0.00493813027 0.000419999997
v 0.0110572623 0.00480574556 0.000419999997
v 0.0115026534 0.00289610447 0.000419999997
v 0.0114581697 0.00289526675 0.000419999997
v 0.0110225827 0.00218225899 0.000419999997
v 0.0110421414 0.00214229594 0.000419999997
v 0.0110651087 0.00210419344 0.000419999997
v 0.0111525916 0.00200383109 0.000419999997
v 0.011187207 0.00197588094 0.000419999997
v 0.0119574247 0.00259026792 0.000419999997
v 0.011937866 0.00263022748 0.000419999997
v 0.0119148986 0.00266833371 0.000419999997
v 0.0118886968 0.00270429184 0.000419999997
v 0.0118594617 0.00273783226 0.000419999997
v 0.0111051453 0.00468151411 0.000419999997
v 0.0111281127 0.00464341138 0.000419999997
v 0.0111543136 0.00460744975 0.000419999997
v 0.0111835487 0.00457391329 0.000419999997
v 0.0115909949 0.00288616517 0.000419999997
v 0.0115470411 0.00289306161 0.000419999997
v 0.0113667436 0.00445071049 0.000419999997
v 0.0113260737 0.004468753 0.000419999997
v 0.0112871304 0.00449027075 0.000419999997
v 0.011345827 0.00189706625 0.000419999997
v 0.0113890115 0.00188636186 0.000419999997
v 0.0114329653 0.00187946169 0.000419999997
v 0.0114773531 0.00187641883 0.000419999997
v 0.0115218367 0.00187725655 0.000419999997
v 0.0115660783 0.00188196835 0.000419999997
v 0.0110796206 0.00268905889 0.000419999997
v 0.0110547915 0.0026521387 0.000419999997
v 0.0110332752 0.00261319848 0.000419999997
v 0.0118274149 0.00276869233 0.000419999997
v 0.0117927995 0.00279664597 0.000419999997
v 0.0110695846 0.0047629918 0.000419999997
v 0.0110855866 0.00472147716 0.000419999997
v 0.0112155955 0.00454304926 0.000419999997
v 0.0112502109 0.00451509934 0.000419999997
v 0.0116290823 0.00442118663 0.000419999997
v 0.0116727455 0.00442973617 0.000419999997
v 0.0119942976 0.00246233749 0.000419999997
v 0.0116097406 0.00189051789 0.000419999997
v 0.011652492 0.0019028387 0.000419999997
v 0.0116940066 0.0019188422 0.000419999997
v 0.0118188849 0.00536069274 0.000419999997
v 0.0117799416 0.00538221048 0.000419999997
v 0.0116539989 0.00542538334 0.000419999997
v 0.011610046 0.00543227978 0.000419999997
v 0.0110440021 0.00489364937 0.000419999997
v 0.0110487137 0.00484940782 0.000419999997
v 0.0109832026 0.00244330056 0.000419999997
v 0.01098016 0.0023989121 0.000419999997
v 0.0109809982 0.0023544312 0.000419999997
v 0.0109857088 0.00231018965 0.000419999997
v 0.0117339687 0.00193840195 0.000419999997
v 0.0117720747 0.00196136907 0.000419999997
v 0.0118080331 0.00198756787 0.000419999997
v 0.0117392717 0.00540024927 0.000419999997
v 0.0116971843 0.00541467918 0.000419999997
v 0.0114139281 0.00289055868 0.000419999997
v 0.0113702659 0.00288200914 0.000419999997
v 0.0113275144 0.00286968471 0.000419999997
v 0.0118350787 0.00450058701 0.000419999997
v 0.0118710371 0.00452678604 0.000419999997
v 0.0119045759 0.00455602258 0.000419999997
v 0.011935438 0.004588068 0.000419999997
v 0.0110152345 0.00257252855 0.000419999997
v 0.0110008065 0.00253043859 0.000419999997
v 0.0109901028 0.0024872541 0.000419999997
v 0.0109942583 0.00226652343 0.000419999997
v 0.0110065807 0.00222377363 0.000419999997
v 0.0118415719 0.00201680441 0.000419999997
v 0.0118724341 0.00204884983 0.000419999997
v 0.0119003858 0.00208346802 0.000419999997
v 0.0119252149 0.00212038471 0.000419999997
v 0.0119467312 0.00215932867 0.000419999997
v 0.0119647719 0.00219999859 0.000419999997
v 0.0119517017 0.00524351001 0.000419999997
v 0.0119224666 0.00527705066 0.000419999997
v 0.0120204287 0.00512948632 0.000419999997
v 0.01200087 0.00516944565 0.000419999997
v 0.0119779026 0.00520755211 0.000419999997
v 0.0118904188 0.0053079105 0.000419999997
v 0.0118558044 0.00533586415 0.000419999997
v 0.0119791999 0.00224208459 0.000419999997
v 0.0119899036 0.00228527305 0.000419999997
v 0.0119968038 0.00232922658 0.000419999997
v 0.0119998464 0.00237361109 0.000419999997
v 0.0119990092 0.00241809571 0.000419999997
v 0.0119633907 0.00462268619 0.000419999997
v 0.0119882198 0.00465960288 0.000419999997
v 0.0120097362 0.00469854707 0.000419999997
v 0.0117154969 0.00444205711 0.000419999997
v 0.0117570115 0.00445806049 0.000419999997
v 0.0117969736 0.00447762012 0.000419999997
v 0.0120598078 0.00486844499 0.000419999997
v 0.0120628504 0.00491282949 0.000419999997
v 0.0120620131 0.00495731412 0.000419999997
v 0.0120573016 0.00500155566 0.000419999997
v 0.0120277768 0.00473921699 0.000419999997
v 0.0120422039 0.00478130672 0.000419999997
v 0.0120529085 0.00482449122 0.000419999997
v 0.012048752 0.00504521793 0.000419999997
v 0.0120364297 0.00508797169 0.000419999997
v 0.0116286622 0.00797454454 0.000419999997
v 0.0115841785 0.00797370728 0.000419999997
v 0.0103779044 0.00876580924 0.000419999997
v 0.011539937 0.00796899479 0.000419999997
v 0.0114962738 0.00796044618 0.000419999997
v 0.0114535224 0.00794812106 0.000419999997
v 0.0114120077 0.00793212093 0.000419999997
v 0.0113501344 0.00702948868 0.000419999997
v 0.0113890776 0.00700797141 0.000419999997
v 0.0114297476 0.00698993215 0.000419999997
v 0.0113720456 0.0079125613 0.000419999997
v 0.0113339406 0.00788959488 0.000419999997
v 0.0112979822 0.00786339585 0.000419999997
v 0.011471835 0.00697550271 0.000419999997
v 0.0115150204 0.00696479855 0.000419999997
v 0.0115589732 0.00695789838 0.000419999997
v 0.0112173175 0.00714666815 0.000419999997
v 0.0112465527 0.00711313123 0.000419999997
v 0.011603361 0.00695485529 0.000419999997
v 0.0116478456 0.00695569301 0.000419999997
v 0.0116920872 0.00696040504 0.000419999997
v 0.0117357494 0.00696895458 0.000419999997
v 0.0118818888 0.00789991114 0.000419999997
v 0.0118429456 0.00792142842 0.000419999997
v 0.0118022757 0.00793946814 0.000419999997
v 0.0117601883 0.00795389712 0.000419999997
v 0.0117170038 0.00796460174 0.000419999997
v 0.01167305 0.00797150191 0.000419999997
v 0.0112644434 0.00783415884 0.000419999997
v 0.0112335812 0.00780211017 0.000419999997
v 0.0112056285 0.0077674957 0.000419999997
v 0.0111485906 0.00726069557 0.000419999997
v 0.0111681493 0.00722073251 0.000419999997
v 0.0111911166 0.00718262978 0.000419999997
v 0.0112786004 0.00708226766 0.000419999997
v 0.0113132149 0.00705431728 0.000419999997
v 0.0117785009 0.00698127877 0.000419999997
v 0.0118200155 0.00699727889 0.000419999997
v 0.0118599776 0.00701683853 0.000419999997
v 0.0118980836 0.00703980541 0.000419999997
v 0.011934042 0.00706600444 0.000419999997
v 0.0119675798 0.00709524099 0.000419999997
v 0.0111808004 0.00773057528 0.000419999997
v 0.0111592831 0.00769163482 0.000419999997
v 0.0111412425 0.00765096489 0.000419999997
v 0.0111061689 0.00747734867 0.000419999997
v 0.0111070061 0.00743286777 0.000419999997
v 0.0111117177 0.00738862623 0.000419999997
v 0.0120147057 0.00778272841 0.000419999997
v 0.0119854705 0.00781626906 0.000419999997
v 0.0111268153 0.00760887517 0.000419999997
v 0.0111161107 0.00756569067 0.000419999997
v 0.0111092115 0.0075217369 0.000419999997
v 0.0120834326 0.00766870426 0.000419999997
v 0.0120638739 0.00770866405 0.000419999997
v 0.0120409066 0.00774677005 0.000419999997
v 0.0119534237 0.00784713216 0.000419999997
v 0.0119188083 0.00787508301 0.000419999997
v 0.0111202672 0.00734496349 0.000419999997
v 0.0111325895 0.0073022102 0.000419999997
v 0.0119984429 0.0071272864 0.000419999997
v 0.0120263947 0.00716190459 0.000419999997
v 0.0120512238 0.00719882129 0.000419999997
v 0.0120727401 0.00723776501 0.000419999997
v 0.0120907808 0.00727843493 0.000419999997
v 0.0121052079 0.00732052466 0.000419999997
v 0.0121159125 0.00736370962 0.000419999997
v 0.0121228127 0.00740766292 0.000419999997
v 0.0121258553 0.0074520479 0.000419999997
v 0.0121250171 0.00749653252 0.000419999997
v 0.0121203056 0.00754077407 0.000419999997
v 0.012111757 0.00758443633 0.000419999997
v 0.0120994346 0.00762719009 0.000419999997
v 0.0114761433 0.0121079255 0.000419999997
v 0.0115150865 0.0120864082 0.000419999997
v 0.0113609862 0.0104026143 0.000419999997
v 0.0115557564 0.0120683685 0.000419999997
v 0.0115978438 0.0120539395 0.000419999997
v 0.0114131393 0.00956870709 0.000419999997
v 0.0114520816 0.00954718981 0.000419999997
v 0.0114927515 0.00952915102 0.000419999997
v 0.0114750126 0.0104713393 0.000419999997
v 0.0115165273 0.0104873395 0.000419999997
v 0.0115592787 0.0104996637 0.000419999997
v 0.0104711093 0.0125221564 0.000419999997
v 0.011233015 0.0125113046 0.000419999997
v 0.0112377265 0.012467063 0.000419999997
v 0.0116410283 0.0120432349 0.000419999997
v 0.0116849821 0.0120363347 0.000419999997
v 0.011602941 0.0105082132 0.000419999997
v 0.0116471825 0.0105129248 0.000419999997
v 0.0114350505 0.0104517797 0.000419999997
v 0.0113969445 0.0104288133 0.000419999997
v 0.0115348399 0.00951472111 0.000419999997
v 0.0115780244 0.00950401649 0.000419999997
v 0.0116219781 0.00949711632 0.000419999997
v 0.0112745995 0.0123391319 0.000419999997
v 0.0112941582 0.0122991726 0.000419999997
v 0.0113171255 0.0122610666 0.000419999997
v 0.0113433264 0.0122251082 0.000419999997
v 0.0113725616 0.0121915676 0.000419999997
v 0.0114046084 0.0121607045 0.000419999997
v 0.0114392238 0.0121327536 0.000419999997
v 0.0112803224 0.00968588982 0.000419999997
v 0.0113095576 0.00965234917 0.000419999997
v 0.0116663659 0.00949407369 0.000419999997
v 0.0117108496 0.00949491095 0.000419999997
v 0.0117550911 0.00949962344 0.000419999997
v 0.0119448928 0.0104391295 0.000419999997
v 0.0119059505 0.0104606468 0.000419999997
v 0.0118617583 0.0120473905 0.000419999997
v 0.0118652806 0.0104786856 0.000419999997
v 0.0118231922 0.0104931155 0.000419999997
v 0.0117800077 0.0105038201 0.000419999997
v 0.011736054 0.0105107203 0.000419999997
v 0.0118180951 0.0120388418 0.000419999997
v 0.0120240916 0.0121182417 0.000419999997
v 0.0120600499 0.0121444408 0.000419999997
v 0.0120935887 0.0121736778 0.000419999997
v 0.0121244509 0.0122057265 0.000419999997
v 0.0112462752 0.0124233998 0.000419999997
v 0.0112585975 0.0123806465 0.000419999997
v 0.0113274483 0.0103733772 0.000419999997
v 0.0112965852 0.0103413286 0.000419999997
v 0.0112686334 0.0103067141 0.000419999997
v 0.0112115946 0.0097999135 0.000419999997
v 0.0112311542 0.00975995045 0.000419999997
v 0.0112541215 0.00972184818 0.000419999997
v 0.0113416044 0.00962148607 0.000419999997
v 0.0113762198 0.00959353615 0.000419999997
v 0.0116916662 0.0105137629 0.000419999997
v 0.0117293699 0.0120332921 0.000419999997
v 0.0117738536 0.0120341294 0.000419999997
v 0.0117987534 0.00950817298 0.000419999997
v 0.0118415048 0.00952049717 0.000419999997
v 0.0118830195 0.00953649729 0.000419999997
v 0.0112438044 0.0102697974 0.000419999997
v 0.011222288 0.0102308532 0.000419999997
v 0.0112042474 0.0101901833 0.000419999997
v 0.0120777097 0.0103219468 0.000419999997
v 0.0120484745 0.0103554865 0.000419999997
v 0.0119229816 0.00955605693 0.000419999997
v 0.0119610876 0.00957902335 0.000419999997
v 0.0119970459 0.00960522238 0.000419999997
v 0.0121524036 0.0122403409 0.000419999997
v 0.0121772327 0.0122772614 0.000419999997
v 0.012198749 0.0123162018 0.000419999997
v 0.0122167896 0.0123568717 0.000419999997
v 0.0122312168 0.012398961 0.000419999997
v 0.0111691728 0.0100165671 0.000419999997
v 0.011170011 0.00997208618 0.000419999997
v 0.0111747216 0.00992784463 0.000419999997
v 0.0121833105 0.010079992 0.000419999997
v 0.0121747609 0.0101236543 0.000419999997
v 0.0121624386 0.0101664085 0.000419999997
v 0.0121464375 0.0102079231 0.000419999997
v 0.0121268788 0.0102478862 0.000419999997
v 0.0121039115 0.0102859885 0.000419999997
v 0.0120164277 0.0103863506 0.000419999997
v 0.0119818123 0.0104143005 0.000419999997
v 0.0120305847 0.00963445939 0.000419999997
v 0.0120614469 0.00966650806 0.000419999997
v 0.0120893987 0.00970112253 0.000419999997
v 0.0121142277 0.00973803923 0.000419999997
v 0.0121357441 0.00977698341 0.000419999997
v 0.0121537847 0.00981765334 0.000419999997
v 0.0111898193 0.0101480931 0.000419999997
v 0.0111791156 0.0101049086 0.000419999997
v 0.0111722155 0.0100609548 0.000419999997
v 0.0111832712 0.00988418236 0.000419999997
v 0.0111955935 0.00984142814 0.000419999997
v 0.0121682128 0.00985974353 0.000419999997
v 0.0121789165 0.00990292802 0.000419999997
v 0.0121858167 0.00994688179 0.000419999997
v 0.0121888593 0.00999126583 0.000419999997
v 0.012188022 0.0100357505 0.000419999997
v 0.0119045097 0.0120597156 0.000419999997
v 0.0119460244 0.0120757148 0.000419999997
v 0.0119859865 0.0120952753 0.000419999997
v 0.0115795312 0.0130265579 0.000419999997
v 0.0115380166 0.0130105577 0.000419999997
v 0.0104955416 0.013506853 0.000419999997
v 0.0114239901 0.0129418317 0.000419999997
v 0.0113904523 0.0129125956 0.000419999997
v 0.0120078977 0.0129783479 0.000419999997
v 0.0119689545 0.0129998652 0.000419999997
v 0.0119282845 0.013017904 0.000419999997
v 0.0118861971 0.0130323339 0.000419999997
v 0.0114980545 0.0129909981 0.000419999997
v 0.0114599494 0.0129680308 0.000419999997
v 0.0113595892 0.0128805498 0.000419999997
v 0.0113316374 0.0128459316 0.000419999997
v 0.0113068083 0.0128090158 0.000419999997
v 0.0122254426 0.0127056269 0.000419999997
v 0.0122094415 0.0127471406 0.000419999997
v 0.0118430117 0.0130430385 0.000419999997
v 0.0117990589 0.0130499387 0.000419999997
v 0.0117546711 0.0130529813 0.000419999997
v 0.0117101865 0.0130521432 0.000419999997
v 0.0116659449 0.0130474316 0.000419999997
v 0.0116222827 0.0130388821 0.000419999997
v 0.0121407146 0.0128611689 0.000419999997
v 0.0121114794 0.0128947049 0.000419999997
v 0.0112421196 0.012644127 0.000419999997
v 0.0112352204 0.0126001732 0.000419999997
v 0.0112321777 0.0125557892 0.000419999997
v 0.0122419214 0.0124421464 0.000419999997
v 0.0122488206 0.0124860993 0.000419999997
v 0.0122518633 0.012530488 0.000419999997
v 0.0121898828 0.0127871046 0.000419999997
v 0.0121669155 0.0128252069 0.000419999997
v 0.0120794317 0.012925569 0.000419999997
v 0.0120448172 0.0129535189 0.000419999997
v 0.011285292 0.0127700716 0.000419999997
v 0.0112672513 0.0127294017 0.000419999997
v 0.0112528242 0.0126873115 0.000419999997
v 0.012251026 0.0125749689 0.000419999997
v 0.0122463144 0.0126192104 0.000419999997
v 0.0122377649 0.0126628727 0.000419999997
v 0.0119247623 0.0145866089 0.000419999997
v 0.0119675137 0.014598934 0.000419999997
v 0.0118176751 0.0155921998 0.000419999997
v 0.0117731914 0.0155913616 0.000419999997
v 0.0105669172 0.0163834672 0.000419999997
v 0.0117289498 0.01558665 0.000419999997
v 0.0116852866 0.0155781005 0.000419999997
v 0.0116425352 0.0155657763 0.000419999997
v 0.0116010206 0.0155497761 0.000419999997
v 0.0115610585 0.0155302165 0.000419999997
v 0.0117040332 0.0145824533 0.000419999997
v 0.0117479861 0.0145755531 0.000419999997
v 0.0105143934 0.0142666195 0.000419999997
v 0.0120090283 0.0146149332 0.000419999997
v 0.0120489905 0.0146344928 0.000419999997
v 0.0120870965 0.0146574602 0.000419999997
v 0.0120709017 0.0155175664 0.000419999997
v 0.0120319584 0.0155390836 0.000419999997
v 0.0119060166 0.015582257 0.000419999997
v 0.0118620628 0.0155891562 0.000419999997
v 0.0115391472 0.0146471439 0.000419999997
v 0.0115780905 0.0146256257 0.000419999997
v 0.0119912885 0.0155571224 0.000419999997
v 0.0119492011 0.0155715523 0.000419999997
v 0.0116187604 0.0146075869 0.000419999997
v 0.0116608478 0.0145931579 0.000419999997
v 0.0117923738 0.0145725142 0.000419999997
v 0.0118368585 0.0145733478 0.000419999997
v 0.0118811 0.0145780593 0.000419999997
v 0.0113801295 0.014800285 0.000419999997
v 0.0114063304 0.0147643266 0.000419999997
v 0.0114355655 0.014730786 0.000419999997
v 0.0121230548 0.0146836629 0.000419999997
v 0.0121565927 0.0147128953 0.000419999997
v 0.0121874558 0.0147449449 0.000419999997
v 0.0122154076 0.0147795593 0.000419999997
v 0.0122402366 0.0148164798 0.000419999997
v 0.012261753 0.0148554202 0.000419999997
v 0.0121744834 0.0154339233 0.000419999997
v 0.0121424366 0.0154647874 0.000419999997
v 0.0121078212 0.0154927373 0.000419999997
v 0.0115229534 0.0155072492 0.000419999997
v 0.011486995 0.0154810501 0.000419999997
v 0.0114534562 0.015451814 0.000419999997
v 0.0114676133 0.0146999257 0.000419999997
v 0.0115022277 0.014671972 0.000419999997
v 0.0114225941 0.0154197682 0.000419999997
v 0.0113946414 0.01538515 0.000419999997
v 0.0113698132 0.0153482333 0.000419999997
v 0.0123093184 0.0151584288 0.000419999997
v 0.0123007698 0.0152020911 0.000419999997
v 0.0122884475 0.0152448444 0.000419999997
v 0.0122724455 0.015286359 0.000419999997
v 0.0122528868 0.0153263221 0.000419999997
v 0.0122299194 0.0153644253 0.000419999997
v 0.0122037185 0.0154003864 0.000419999997
v 0.0122797936 0.0148960901 0.000419999997
v 0.0122942207 0.0149381794 0.000419999997
v 0.0123049254 0.0149813639 0.000419999997
v 0.011348296 0.01530929 0.000419999997
v 0.0113302553 0.0152686201 0.000419999997
v 0.0113158282 0.0152265299 0.000419999997
v 0.011296019 0.0150505221 0.000419999997
v 0.0113007305 0.0150062805 0.000419999997
v 0.0113092801 0.0149626182 0.000419999997
v 0.0113216024 0.0149198649 0.000419999997
v 0.0113376034 0.0148783503 0.000419999997
v 0.0113571621 0.014838391 0.000419999997
v 0.0123118255 0.0150253177 0.000419999997
v 0.0123148682 0.0150697064 0.000419999997
v 0.01231403 0.0151141873 0.000419999997
v 0.0113051236 0.0151833454 0.000419999997
v 0.0112982243 0.0151393916 0.000419999997
v 0.0112951817 0.0150950067 0.000419999997
v 0.0118806791 0.0181314182 0.000419999997
v 0.0118361954 0.01813058 0.000419999997
v 0.0106180776 0.0184453335 0.000419999997
v 0.0117919538 0.0181258675 0.000419999997
v 0.0117482916 0.0181173179 0.000419999997
v 0.0117055401 0.0181049984 0.000419999997
v 0.0116640255 0.0180889945 0.000419999997
v 0.0116021521 0.0171863623 0.000419999997
v 0.0116410945 0.017164845 0.000419999997
v 0.0116817644 0.0171468053 0.000419999997
v 0.0116240634 0.0180694349 0.000419999997
v 0.0115859574 0.0180464685 0.000419999997
v 0.011549999 0.0180202685 0.000419999997
v 0.0117238527 0.0171323754 0.000419999997
v 0.0117670372 0.0171216708 0.000419999997
v 0.011810991 0.0171147753 0.000419999997
v 0.0121339057 0.0180567838 0.000419999997
v 0.0120949633 0.0180783011 0.000419999997
v 0.0119250668 0.0181283746 0.000419999997
v 0.0119690206 0.0181214754 0.000419999997
v 0.0114201671 0.0173776094 0.000419999997
v 0.0114431344 0.0173395034 0.000419999997
v 0.0114693353 0.017303545 0.000419999997
v 0.0114985704 0.0172700044 0.000419999997
v 0.0118553787 0.0171117317 0.000419999997
v 0.0118998624 0.0171125699 0.000419999997
v 0.011944104 0.0171172787 0.000419999997
v 0.0119877663 0.0171258282 0.000419999997
v 0.0120542934 0.0180963445 0.000419999997
v 0.0120122051 0.0181107707 0.000419999997
v 0.0115164602 0.0179910325 0.000419999997
v 0.0114855981 0.0179589875 0.000419999997
v 0.0114576463 0.0179243684 0.000419999997
v 0.0115306173 0.0172391441 0.000419999997
v 0.0115652326 0.0172111914 0.000419999997
v 0.0120305177 0.0171381515 0.000419999997
v 0.0120720323 0.0171541516 0.000419999997
v 0.0121119944 0.0171737112 0.000419999997
v 0.0121501004 0.0171966776 0.000419999997
v 0.0121860588 0.0172228813 0.000419999997
v 0.0122195976 0.0172521137 0.000419999997
v 0.0114328172 0.0178874526 0.000419999997
v 0.0114113009 0.0178485084 0.000419999997
v 0.0113932602 0.0178078376 0.000419999997
v 0.0122667225 0.0179396048 0.000419999997
v 0.0122374874 0.0179731417 0.000419999997
v 0.0113788322 0.0177657511 0.000419999997
v 0.0113681285 0.0177225638 0.000419999997
v 0.0113612283 0.0176786091 0.000419999997
v 0.011372284 0.0175018366 0.000419999997
v 0.0113846064 0.0174590833 0.000419999997
v 0.0114006074 0.0174175687 0.000419999997
v 0.0123354504 0.0178255774 0.000419999997
v 0.0123158917 0.0178655405 0.000419999997
v 0.0122929243 0.0179036427 0.000419999997
v 0.0122054406 0.0180040058 0.000419999997
v 0.0121708252 0.0180319548 0.000419999997
v 0.0113581857 0.017634226 0.000419999997
v 0.0113590239 0.0175897405 0.000419999997
v 0.0113637345 0.0175454989 0.000419999997
v 0.0122504598 0.0172841623 0.000419999997
v 0.0122784115 0.0173187777 0.000419999997
v 0.0123032406 0.0173556972 0.000419999997
v 0.0123247569 0.0173946377 0.000419999997
v 0.0123427976 0.0174353085 0.000419999997
v 0.0123572256 0.0174773987 0.000419999997
v 0.0123679293 0.0175205823 0.000419999997
v 0.0123748295 0.017564537 0.000419999997
v 0.0123778721 0.0176089238 0.000419999997
v 0.0123770349 0.0176534057 0.000419999997
v 0.0123723233 0.0176976472 0.000419999997
v 0.0123637738 0.0177413132 0.000419999997
v 0.0123514514 0.0177840628 0.000419999997
v 0.0117040994 0.0197040625 0.000419999997
v 0.0117447693 0.0196860228 0.000419999997
v 0.0106681213 0.0204622094 0.000419999997
v 0.0107553443 0.0204638541 0.000419999997
v 0.0116651561 0.0197255798 0.000419999997
v 0.0120320246 0.0206606928 0.000419999997
v 0.0119880717 0.0206675939 0.000419999997
v 0.011692619 0.0214370992 0.000419999997
v 0.011943684 0.0206706356 0.000419999997
v 0.011686652 0.0213500634 0.000419999997
v 0.0118112955 0.0206565373 0.000419999997
v 0.0116731236 0.0212638788 0.000419999997
v 0.0118549578 0.0206650868 0.000419999997
v 0.0118991993 0.0206697974 0.000419999997
v 0.0114975991 0.0208681822 0.000419999997
v 0.011546283 0.0209405757 0.000419999997
v 0.0117270295 0.020628212 0.000419999997
v 0.0115884719 0.0210169349 0.000419999997
v 0.0117685441 0.0206442159 0.000419999997
v 0.0116238454 0.0210966785 0.000419999997
v 0.0116521344 0.0211792067 0.000419999997
v 0.0117868567 0.0196715947 0.000419999997
v 0.0118300412 0.0196608901 0.000419999997
v 0.011873995 0.0196539927 0.000419999997
v 0.0119183827 0.019650951 0.000419999997
v 0.0119628664 0.0196517874 0.000419999997
v 0.012007108 0.0196564961 0.000419999997
v 0.0120507712 0.0196650457 0.000419999997
v 0.0115323393 0.0198427625 0.000419999997
v 0.0115615744 0.0198092218 0.000419999997
v 0.0114958212 0.0204266701 0.000419999997
v 0.0114743048 0.0203877259 0.000419999997
v 0.0112460069 0.0206287745 0.000419999997
v 0.0120935226 0.0196773708 0.000419999997
v 0.0121350372 0.019693369 0.000419999997
v 0.0121749993 0.0197129305 0.000419999997
v 0.0122131044 0.019735897 0.000419999997
v 0.0122490637 0.0197620988 0.000419999997
v 0.0122826016 0.019791333 0.000419999997
v 0.0121969106 0.0205960032 0.000419999997
v 0.0121579673 0.0206175204 0.000419999997
v 0.0121172974 0.020635562 0.000419999997
v 0.01207521 0.0206499882 0.000419999997
v 0.0115936212 0.0197783634 0.000419999997
v 0.0116282366 0.0197504088 0.000419999997
v 0.0108420933 0.0204730891 0.000419999997
v 0.010927706 0.0204898547 0.000419999997
v 0.0110115325 0.020514017 0.000419999997
v 0.0115061384 0.0198787209 0.000419999997
v 0.0110929338 0.0205453932 0.000419999997
v 0.011483171 0.0199168269 0.000419999997
v 0.0114636123 0.0199567862 0.000419999997
v 0.0116870673 0.0206086524 0.000419999997
v 0.0116489623 0.020585686 0.000419999997
v 0.0114427907 0.020800313 0.000419999997
v 0.011613003 0.020559486 0.000419999997
v 0.0113822753 0.0207374729 0.000419999997
v 0.0115794651 0.0205302499 0.000419999997
v 0.0113165146 0.02068015 0.000419999997
v 0.011548602 0.020498205 0.000419999997
v 0.0115206502 0.0204635914 0.000419999997
v 0.0123297274 0.0204788242 0.000419999997
v 0.0123004923 0.0205123592 0.000419999997
v 0.0114211906 0.0201734435 0.000419999997
v 0.0114220278 0.0201289598 0.000419999997
v 0.0114267394 0.0200847182 0.000419999997
v 0.0123984544 0.0203647949 0.000419999997
v 0.0123788957 0.0204047598 0.000419999997
v 0.0123559283 0.0204428658 0.000419999997
v 0.0122684445 0.0205432232 0.000419999997
v 0.0122338301 0.0205711741 0.000419999997
v 0.0114562642 0.0203470569 0.000419999997
v 0.0114418371 0.0203049704 0.000419999997
v 0.0111712907 0.0205837432 0.000419999997
v 0.0114311324 0.020261785 0.000419999997
v 0.0114242332 0.0202178322 0.000419999997
v 0.0123134637 0.0198233817 0.000419999997
v 0.0123414164 0.0198579952 0.000419999997
v 0.0123662455 0.0198949166 0.000419999997
v 0.011435288 0.0200410541 0.000419999997
v 0.0114476103 0.0199983008 0.000419999997
v 0.0123877618 0.019933857 0.000419999997
v 0.0124058025 0.019974526 0.000419999997
v 0.0124202296 0.0200166162 0.000419999997
v 0.0124309342 0.0200598016 0.000419999997
v 0.0124378335 0.0201037545 0.000419999997
v 0.0124408761 0.0201481432 0.000419999997
v 0.0124400388 0.0201926269 0.000419999997
v 0.0124353273 0.0202368684 0.000419999997
v 0.0124267777 0.0202805307 0.000419999997
v 0.0124144554 0.0203232821 0.000419999997
v 0.0111378953 0.0223574508 0.000419999997
v 0.0110581499 0.0223928243 0.000419999997
v 0.0118077733 0.0222252421 0.000419999997
v 0.0116408132 0.0217805095 0.000419999997
v 0.0116094379 0.021861909 0.000419999997
v 0.0109756254 0.0224211104 0.000419999997
v 0.0108909486 0.0224421006 0.000419999997
v 0.0108047659 0.0224556308 0.000419999997
v 0.010717731 0.022461595 0.000419999997
v 0.0116817383 0.0216110703 0.000419999997
v 0.0116649745 0.021696683 0.000419999997
v 0.0118930461 0.0222001113 0.000419999997
v 0.0120258713 0.0221910067 0.000419999997
v 0.0119813867 0.0221901685 0.000419999997
v 0.0119369999 0.0221932121 0.000419999997
v 0.0121980412 0.0222325884 0.000419999997
v 0.0122380033 0.022252148 0.000419999997
v 0.0122761084 0.0222751144 0.000419999997
v 0.0120701129 0.0221957173 0.000419999997
v 0.0121137751 0.0222042669 0.000419999997
v 0.0121565266 0.0222165883 0.000419999997
v 0.0124688065 0.0225137491 0.000419999997
v 0.0124507658 0.0224730745 0.000419999997
v 0.0116912406 0.0222896263 0.000419999997
v 0.0115260538 0.0220149849 0.000419999997
v 0.0114746792 0.0220854934 0.000419999997
v 0.0115710879 0.0219402667 0.000419999997
v 0.0117281601 0.0222647991 0.000419999997
v 0.0117671033 0.02224328 0.000419999997
v 0.0116909761 0.0215243213 0.000419999997
v 0.0118498607 0.0222108159 0.000419999997
v 0.0123120677 0.0223013181 0.000419999997
v 0.0123456055 0.0223305505 0.000419999997
v 0.0123764686 0.0223625991 0.000419999997
v 0.0124044204 0.0223972145 0.000419999997
v 0.0124292495 0.022434134 0.000419999997
v 0.011546175 0.0224560462 0.000419999997
v 0.0113545172 0.0222117677 0.000419999997
v 0.0115266163 0.0224960055 0.000419999997
v 0.0112866452 0.0222665761 0.000419999997
v 0.0112142544 0.0223152619 0.000419999997
v 0.0115691423 0.0224179402 0.000419999997
v 0.0115953432 0.0223819818 0.000419999997
v 0.0114173554 0.0221512523 0.000419999997
v 0.0116245784 0.0223484412 0.000419999997
v 0.0116566261 0.0223175809 0.000419999997
v 0.0118742995 0.0231957547 0.000419999997
v 0.0118315481 0.0231834352 0.000419999997
v 0.0107412338 0.023408806 0.000419999997
v 0.0123634962 0.0230515786 0.000419999997
v 0.0123314494 0.0230824426 0.000419999997
v 0.012296834 0.0231103916 0.000419999997
v 0.0122599145 0.0231352206 0.000419999997
v 0.0122209713 0.0231567379 0.000419999997
v 0.0121803014 0.0231747814 0.000419999997
v 0.012138214 0.0231892075 0.000419999997
v 0.0120950295 0.0231999122 0.000419999997
v 0.0119179627 0.0232043043 0.000419999997
v 0.0117900334 0.0231674314 0.000419999997
v 0.0117500713 0.0231478717 0.000419999997
v 0.0117119662 0.0231249034 0.000419999997
v 0.0124897826 0.02281975 0.000419999997
v 0.0124774603 0.0228624996 0.000419999997
v 0.0124614583 0.0229040142 0.000419999997
v 0.0124418996 0.0229439773 0.000419999997
v 0.0120510757 0.0232068114 0.000419999997
v 0.0120066879 0.023209855 0.000419999997
v 0.0119622042 0.0232090168 0.000419999997
v 0.0116116069 0.0230374224 0.000419999997
v 0.0115836542 0.0230028089 0.000419999997
v 0.0124189323 0.0229820833 0.000419999997
v 0.0123927314 0.0230180416 0.000419999997
v 0.0116760079 0.0230987053 0.000419999997
v 0.0116424691 0.0230694693 0.000419999997
v 0.0115588261 0.0229658876 0.000419999997
v 0.0115373088 0.0229269452 0.000419999997
v 0.0115192682 0.0228862744 0.000419999997
v 0.0124832336 0.0225558337 0.000419999997
v 0.0124939382 0.0225990191 0.000419999997
v 0.0125008384 0.0226429719 0.000419999997
v 0.012503881 0.0226873606 0.000419999997
v 0.0125030428 0.0227318462 0.000419999997
v 0.0124983313 0.0227760877 0.000419999997
v 0.0114841945 0.0227126628 0.000419999997
v 0.0114850318 0.0226681773 0.000419999997
v 0.0114897434 0.0226239357 0.000419999997
v 0.011504841 0.0228441879 0.000419999997
v 0.0114941364 0.0228010044 0.000419999997
v 0.0114872372 0.0227570496 0.000419999997
v 0.0106893703 0.0262636077 0.000419999997
v 0.0108068669 0.0262555536 0.000419999997
v 0.0109246187 0.0262577701 0.000419999997
v 0.0112704718 0.0263254866 0.000419999997
v 0.0111573059 0.0262928717 0.000419999997
v 0.0110417288 0.0262702387 0.000419999997
v 0.0118526705 0.0267119873 0.000419999997
v 0.0119266612 0.0268036146 0.000419999997
v 0.0113803633 0.0263678469 0.000419999997
v 0.0114861457 0.026419621 0.000419999997
v 0.0115870126 0.0264804158 0.000419999997
v 0.0116821975 0.0265497696 0.000419999997
v 0.0117709748 0.0266271587 0.000419999997
v -0.00796990842 0.0138300033 0.000419999997
v -0.00796194561 0.0137893362 0.000419999997
v -0.00953386072 0.0138688087 0.000419999997
v -0.0100935148 0.0134972734 0.000419999997
v -0.0101337368 0.0135072451 0.000419999997
v -0.0101729352 0.0135206822 0.000419999997
v -0.00772329187 0.0129736038 0.000419999997
v -0.00964326784 0.0136486115 0.000419999997
v -0.00961723365 0.0136808511 0.000419999997
v -0.0104743084 0.0139746508 0.000419999997
v -0.0104735289 0.013933219 0.000419999997
v -0.010434797 0.0137728639 0.000419999997
v -0.0104165813 0.0137356464 0.000419999997
v -0.0103951888 0.0137001546 0.000419999997
v -0.0103707863 0.0136666633 0.000419999997
v -0.0100525776 0.0134908473 0.000419999997
v -0.0100112362 0.0134880133 0.000419999997
v -0.00996980444 0.0134887928 0.000419999997
v -0.00984811503 0.0135126226 0.000419999997
v -0.00988793373 0.0135011459 0.000419999997
v -0.00992860086 0.0134931812 0.000419999997
v -0.00980945118 0.0135275265 0.000419999997
v -0.00977222994 0.0135457423 0.000419999997
v -0.00973674003 0.0135671347 0.000419999997
v -0.0097032506 0.0135915354 0.000419999997
v -0.00967201218 0.0136187645 0.000419999997
v -0.00959410984 0.0137152392 0.000419999997
v -0.00957406871 0.0137515068 0.000419999997
v -0.00955726765 0.0137893865 0.000419999997
v -0.00793556683 0.0137108518 0.000419999997
v -0.00791734923 0.0136736343 0.000419999997
v -0.0095438296 0.0138285868 0.000419999997
v -0.00789595861 0.0136381425 0.000419999997
v -0.0078715561 0.0136046512 0.000419999997
v -0.0103435572 0.0136354268 0.000419999997
v -0.0103137102 0.0136066824 0.000419999997
v -0.0102814706 0.013580651 0.000419999997
v -0.0102470843 0.0135575244 0.000419999997
v -0.0102108149 0.0135374852 0.000419999997
v -0.00795046892 0.0137495175 0.000419999997
v -0.00784432702 0.0135734146 0.000419999997
v -0.00781447999 0.0135446703 0.000419999997
v -0.00778223993 0.0135186389 0.000419999997
v -0.00774785411 0.0134955123 0.000419999997
v -0.00771158282 0.013475473 0.000419999997
v -0.0104691405 0.0138920154 0.000419999997
v -0.0104611777 0.0138513483 0.000419999997
v -0.010449701 0.0138115296 0.000419999997
v -0.0104550794 0.0140971495 0.000419999997
v -0.0104650483 0.0140569275 0.000419999997
v -0.0104714753 0.0140159922 0.000419999997
v -0.00782766473 0.0142449597 0.000419999997
v -0.00785640907 0.0142151127 0.000419999997
v -0.00978809409 0.0143882511 0.000419999997
v -0.0100291027 0.0144369435 0.000419999997
v -0.0100703081 0.0144325551 0.000419999997
v -0.00982597191 0.014405054 0.000419999997
v -0.00768000726 0.0147180678 0.000419999997
v -0.00986517221 0.0144184921 0.000419999997
v -0.0102621671 0.0143586053 0.000419999997
v -0.0102266772 0.014379994 0.000419999997
v -0.0101894578 0.0143982098 0.000419999997
v -0.0103556393 0.0142771248 0.000419999997
v -0.0103816735 0.0142448852 0.000419999997
v -0.00788244233 0.0141828731 0.000419999997
v -0.00790556706 0.0141484849 0.000419999997
v -0.0079256082 0.0141122174 0.000419999997
v -0.0101109752 0.0144245904 0.000419999997
v -0.0101507921 0.0144131137 0.000419999997
v -0.0102956584 0.0143342009 0.000419999997
v -0.0103268949 0.0143069718 0.000419999997
v -0.00954920799 0.0141142067 0.000419999997
v -0.00956411008 0.0141528724 0.000419999997
v -0.00795584731 0.0140351374 0.000419999997
v -0.00958232768 0.0141900899 0.000419999997
v -0.0096037183 0.0142255817 0.000419999997
v -0.00962812081 0.014259073 0.000419999997
v -0.00990539417 0.0144284628 0.000419999997
v -0.00994632952 0.0144348899 0.000419999997
v -0.00998767093 0.014437723 0.000419999997
v -0.0104047991 0.014210497 0.000419999997
v -0.0104248384 0.0141742295 0.000419999997
v -0.0104416413 0.0141363498 0.000419999997
v -0.00769022619 0.0143361976 0.000419999997
v -0.00772744697 0.0143179819 0.000419999997
v -0.00776293688 0.0142965931 0.000419999997
v -0.00779642817 0.0142721888 0.000419999997
v -0.00797429681 0.0138712069 0.000419999997
v -0.00952743366 0.0139097441 0.000419999997
v -0.00797507819 0.0139126386 0.000419999997
v -0.00952460058 0.0139510855 0.000419999997
v -0.00797224231 0.0139539801 0.000419999997
v -0.0095253801 0.0139925173 0.000419999997
v -0.00796581618 0.0139949154 0.000419999997
v -0.00952976849 0.0140337208 0.000419999997
v -0.0095377313 0.014074388 0.000419999997
v -0.00965534989 0.0142903095 0.000419999997
v -0.00968519878 0.0143190539 0.000419999997
v -0.00971743651 0.0143450899 0.000419999997
v -0.00794240925 0.0140743377 0.000419999997
v -0.0097518228 0.0143682119 0.000419999997
v -0.005357177 0.0141531006 0.000419999997
v -0.00538321259 0.014120861 0.000419999997
v -0.00706487987 0.0140908603 0.000419999997
v -0.00540633686 0.0140864728 0.000419999997
v -0.00542637752 0.0140502052 0.000419999997
v -0.00708309747 0.0141280778 0.000419999997
v -0.00518077705 0.0146560557 0.000419999997
v -0.00710448762 0.0141635695 0.000419999997
v -0.00712889014 0.0141970608 0.000419999997
v -0.0073267417 0.0143430419 0.000419999997
v -0.00544317905 0.0140123256 0.000419999997
v -0.00545661664 0.0139731253 0.000419999997
v -0.00704997592 0.0140521945 0.000419999997
v -0.00715611922 0.0142282974 0.000419999997
v -0.00718596671 0.0142570417 0.000419999997
v -0.0072182063 0.0142830778 0.000419999997
v -0.00725259213 0.0143061997 0.000419999997
v -0.00728886388 0.014326239 0.000419999997
v -0.007365942 0.01435648 0.000419999997
v -0.00740616163 0.0143664507 0.000419999997
v -0.00744709931 0.0143728778 0.000419999997
v -0.00748844119 0.0143757109 0.000419999997
v -0.007529872 0.0143749313 0.000419999997
v -0.00757107791 0.014370543 0.000419999997
v -0.00761174317 0.0143625783 0.000419999997
v -0.00765156141 0.0143511016 0.000419999997
v -0.00522821629 0.0142559698 0.000419999997
v -0.00526370667 0.014234581 0.000419999997
v -0.0052971961 0.0142101767 0.000419999997
v -0.00532843405 0.0141829476 0.000419999997
v -0.0076345047 0.013445233 0.000419999997
v -0.0075942846 0.0134352613 0.000419999997
v -0.00547067774 0.0137679912 0.000419999997
v -0.0054627154 0.0137273241 0.000419999997
v -0.00703463051 0.0138067966 0.000419999997
v -0.007673705 0.0134586701 0.000419999997
v -0.00755334739 0.0134288352 0.000419999997
v -0.00751200551 0.0134260021 0.000419999997
v -0.00747057423 0.0134267807 0.000419999997
v -0.00742936833 0.0134311691 0.000419999997
v -0.00738870353 0.0134391338 0.000419999997
v -0.00734888529 0.0134506105 0.000419999997
v -0.00522406166 0.0129115926 0.000419999997
v -0.00714403717 0.0135865994 0.000419999997
v -0.00711800391 0.013618839 0.000419999997
v -0.00723750936 0.0135051226 0.000419999997
v -0.00727299973 0.0134837301 0.000419999997
v -0.00731022051 0.0134655144 0.000419999997
v -0.00720401807 0.0135295233 0.000419999997
v -0.00717278197 0.0135567524 0.000419999997
v -0.00709487963 0.0136532271 0.000419999997
v -0.00707483897 0.0136894947 0.000419999997
v -0.00705803558 0.0137273744 0.000419999997
v -0.00543633662 0.0136488397 0.000419999997
v -0.00541811902 0.0136116222 0.000419999997
v -0.00704459986 0.0137665747 0.000419999997
v -0.0053967284 0.0135761304 0.000419999997
v -0.00537232403 0.0135426391 0.000419999997
v -0.00545123871 0.0136875054 0.000419999997
v -0.00534509681 0.0135114025 0.000419999997
v -0.00531524792 0.0134826582 0.000419999997
v -0.00528300973 0.0134566268 0.000419999997
v -0.0052486239 0.0134335002 0.000419999997
v -0.00521235261 0.0134134609 0.000419999997
v -0.00547506614 0.0138091948 0.000419999997
v -0.00702820392 0.013847732 0.000419999997
v -0.00547584565 0.0138506265 0.000419999997
v -0.00702536898 0.0138890734 0.000419999997
v -0.00547301257 0.0138919679 0.000419999997
v -0.00702614989 0.0139305051 0.000419999997
v -0.00546658598 0.0139329033 0.000419999997
v -0.00703053828 0.0139717087 0.000419999997
v -0.00703850063 0.0140123758 0.000419999997
v -0.0103225783 0.018934872 0.000419999997
v -0.0103360154 0.0188956726 0.000419999997
v -0.0103459852 0.0188554544 0.000419999997
v -0.0100538721 0.0183192044 0.000419999997
v -0.0100146737 0.0183057673 0.000419999997
v -0.00952420477 0.0184471346 0.000419999997
v -0.00949817058 0.0184793733 0.000419999997
v -0.00762748346 0.0168349165 0.000419999997
v -0.00947504677 0.0185137615 0.000419999997
v -0.00945500564 0.018550029 0.000419999997
v -0.00997445174 0.0182957966 0.000419999997
v -0.00993351452 0.0182893723 0.000419999997
v -0.00989217311 0.0182865355 0.000419999997
v -0.00972905196 0.0183111448 0.000419999997
v -0.00969038717 0.0183260497 0.000419999997
v -0.00965316687 0.0183442645 0.000419999997
v -0.00961767696 0.018365657 0.000419999997
v -0.00958418753 0.0183900576 0.000419999997
v -0.00955294911 0.0184172876 0.000419999997
v -0.00784288254 0.0185878593 0.000419999997
v -0.00942476653 0.018627109 0.000419999997
v -0.00941479765 0.018667331 0.000419999997
v -0.010315734 0.0185713861 0.000419999997
v -0.0102975182 0.0185341686 0.000419999997
v -0.0102761257 0.0184986759 0.000419999997
v -0.0102517232 0.0184651855 0.000419999997
v -0.00985074136 0.0182873197 0.000419999997
v -0.00980953779 0.0182917044 0.000419999997
v -0.00976887066 0.0182996672 0.000419999997
v -0.0103524113 0.0188145153 0.000419999997
v -0.0103552444 0.0187731721 0.000419999997
v -0.0103544658 0.0187317412 0.000419999997
v -0.0102244942 0.018433949 0.000419999997
v -0.0101946471 0.0184052046 0.000419999997
v -0.0101624075 0.0183791723 0.000419999997
v -0.0101280212 0.0183560476 0.000419999997
v -0.0100917518 0.0183360074 0.000419999997
v -0.00775249302 0.0184031744 0.000419999997
v -0.00777689554 0.0184366647 0.000419999997
v -0.00779828615 0.0184721574 0.000419999997
v -0.0103500774 0.0186905377 0.000419999997
v -0.0103421146 0.0186498705 0.000419999997
v -0.0103306379 0.0186100528 0.000419999997
v -0.00783140585 0.0185480397 0.000419999997
v -0.00781650376 0.0185093731 0.000419999997
v -0.00772526395 0.0183719378 0.000419999997
v -0.00769541692 0.0183431935 0.000419999997
v -0.00766317686 0.0183171611 0.000419999997
v -0.00762879103 0.0182940345 0.000419999997
v -0.00759251975 0.0182739962 0.000419999997
v -0.00943820458 0.0185879096 0.000419999997
v -0.00780654466 0.0189107396 0.000419999997
v -0.00782334618 0.0188728608 0.000419999997
v -0.00941866823 0.0188729111 0.000419999997
v -0.0078367833 0.0188336596 0.000419999997
v -0.00941070542 0.0188322477 0.000419999997
v -0.00784675311 0.0187934414 0.000419999997
v -0.00940631703 0.0187910404 0.000419999997
v -0.00785317924 0.0187525023 0.000419999997
v -0.00940553751 0.0187496077 0.000419999997
v -0.00785601418 0.0187111609 0.000419999997
v -0.00940837059 0.0187082663 0.000419999997
v -0.00785523374 0.0186697301 0.000419999997
v -0.00785084534 0.0186285246 0.000419999997
v -0.00948465522 0.0190241039 0.000419999997
v -0.00950905774 0.0190575961 0.000419999997
v -0.00778650399 0.0189470109 0.000419999997
v -0.00776337972 0.0189813953 0.000419999997
v -0.00966903102 0.0191867761 0.000419999997
v -0.00970690884 0.0192035772 0.000419999997
v -0.00750147458 0.0219133534 0.000419999997
v -0.00974610914 0.0192170143 0.000419999997
v -0.0100703947 0.0191967357 0.000419999997
v -0.0101076141 0.0191785172 0.000419999997
v -0.010143104 0.0191571284 0.000419999997
v -0.0101765953 0.019132724 0.000419999997
v -0.0102078319 0.019105494 0.000419999997
v -0.0102365762 0.019075647 0.000419999997
v -0.0102626095 0.0190434065 0.000419999997
v -0.00757116266 0.0191347245 0.000419999997
v -0.00760838343 0.0191165041 0.000419999997
v -0.0095661357 0.019117577 0.000419999997
v -0.00959837344 0.0191436112 0.000419999997
v -0.00773734599 0.0190136358 0.000419999997
v -0.00978633109 0.0192269851 0.000419999997
v -0.00982726645 0.0192334112 0.000419999997
v -0.00986860786 0.0192362443 0.000419999997
v -0.0099100396 0.0192354657 0.000419999997
v -0.00995124504 0.0192310773 0.000419999997
v -0.00999191217 0.0192231126 0.000419999997
v -0.010031729 0.0192116369 0.000419999997
v -0.0076438738 0.0190951154 0.000419999997
v -0.00767736509 0.019070711 0.000419999997
v -0.00943014491 0.0189127289 0.000419999997
v -0.00944504701 0.0189513955 0.000419999997
v -0.00946326461 0.0189886168 0.000419999997
v -0.00953628682 0.0190888327 0.000419999997
v -0.00770860119 0.0190434828 0.000419999997
v -0.00963275973 0.0191667341 0.000419999997
v -0.00698542455 0.0189620927 0.000419999997
v -0.00700982707 0.0189955831 0.000419999997
v -0.00528727332 0.0188849997 0.000419999997
v -0.00526414951 0.0189193841 0.000419999997
v -0.00510915322 0.0190544929 0.000419999997
v -0.0051446436 0.0190331042 0.000419999997
v -0.00500224438 0.0218513403 0.000419999997
v -0.00517813303 0.0190086998 0.000419999997
v -0.00706690364 0.019055564 0.000419999997
v -0.00709914323 0.0190816 0.000419999997
v -0.00523811392 0.0189516228 0.000419999997
v -0.00728709856 0.0191649739 0.000419999997
v -0.00732803624 0.0191714 0.000419999997
v -0.00736937765 0.0191742331 0.000419999997
v -0.00741080893 0.0191734545 0.000419999997
v -0.00745201483 0.0191690661 0.000419999997
v -0.00749267964 0.0191611014 0.000419999997
v -0.00753249833 0.0191496238 0.000419999997
v -0.00716980034 0.0191247649 0.000419999997
v -0.00720767863 0.0191415641 0.000419999997
v -0.00724687893 0.0191550013 0.000419999997
v -0.00703705614 0.0190268196 0.000419999997
v -0.00520937098 0.0189814698 0.000419999997
v -0.00713352906 0.0191047229 0.000419999997
v -0.00755464192 0.0182571933 0.000419999997
v -0.00691943755 0.0188108981 0.000419999997
v -0.00693091284 0.0188507158 0.000419999997
v -0.00530731445 0.0188487284 0.000419999997
v -0.0069458168 0.0188893825 0.000419999997
v -0.00696403394 0.0189266037 0.000419999997
v -0.00751544116 0.0182437543 0.000419999997
v -0.00747522153 0.0182337835 0.000419999997
v -0.00743428385 0.0182273611 0.000419999997
v -0.00739294244 0.0182245243 0.000419999997
v -0.00735151116 0.0182253066 0.000419999997
v -0.00731030526 0.0182296913 0.000419999997
v -0.00715393666 0.0182822533 0.000419999997
v -0.00711844629 0.0183036439 0.000419999997
v -0.00512825279 0.0167729035 0.000419999997
v -0.0070249741 0.0183851216 0.000419999997
v -0.00699894084 0.0184173621 0.000419999997
v -0.0069758161 0.0184517503 0.000419999997
v -0.00695577543 0.0184880178 0.000419999997
v -0.00726964045 0.018237656 0.000419999997
v -0.00722982176 0.0182491336 0.000419999997
v -0.00719115743 0.0182640366 0.000419999997
v -0.007084955 0.0183280446 0.000419999997
v -0.0070537189 0.0183552746 0.000419999997
v -0.00534365233 0.0185258463 0.000419999997
v -0.00692553632 0.0185650978 0.000419999997
v -0.00691556698 0.0186053198 0.000419999997
v -0.00525326096 0.0183411613 0.000419999997
v -0.00527766533 0.0183746535 0.000419999997
v -0.00529905595 0.0184101444 0.000419999997
v -0.00533217518 0.0184860285 0.000419999997
v -0.00531727308 0.0184473619 0.000419999997
v -0.00522603374 0.0183099248 0.000419999997
v -0.00519618439 0.0182811804 0.000419999997
v -0.00516394665 0.0182551481 0.000419999997
v -0.00693897204 0.0185258966 0.000419999997
v -0.00509328907 0.0182119831 0.000419999997
v -0.00512956083 0.0182320233 0.000419999997
v -0.00532411598 0.0188108478 0.000419999997
v -0.00533755356 0.0187716484 0.000419999997
v -0.00691147521 0.0187702347 0.000419999997
v -0.00534752291 0.0187314302 0.000419999997
v -0.00690708682 0.0187290274 0.000419999997
v -0.0053539495 0.0186904911 0.000419999997
v -0.00690630544 0.0186875965 0.000419999997
v -0.00535678258 0.0186491478 0.000419999997
v -0.00690914085 0.0186462551 0.000419999997
v -0.00535600306 0.018607717 0.000419999997
v -0.00535161467 0.0185665134 0.000419999997
v -0.00455074571 0.0139901824 0.000419999997
v -0.00456564967 0.0140288481 0.000419999997
v 0.00392642058 0.0144300833 0.000419999997
v -0.0051125125 0.0143005662 0.000419999997
v -0.00515232934 0.0142890895 0.000419999997
v -0.00519099599 0.0142741855 0.000419999997
v -0.00458386634 0.0140660657 0.000419999997
v -0.00460525649 0.0141015574 0.000419999997
v -0.00462965993 0.0141350487 0.000419999997
v -0.00465688901 0.0141662853 0.000419999997
v -0.0046867365 0.0141950296 0.000419999997
v -0.0047189761 0.0142210657 0.000419999997
v -0.00475336192 0.0142441876 0.000419999997
v -0.00478963181 0.0142642269 0.000419999997
v -0.0048275115 0.0142810298 0.000419999997
v -0.00486671086 0.0142944679 0.000419999997
v -0.00490693143 0.0143044386 0.000419999997
v -0.00494786911 0.0143108657 0.000419999997
v -0.00498920958 0.0143136987 0.000419999997
v -0.00503064087 0.0143129192 0.000419999997
v -0.00507184677 0.0143085308 0.000419999997
v -0.00452691875 0.013868493 0.000419999997
v -0.00453130621 0.0139096966 0.000419999997
v -0.00453926949 0.0139503637 0.000419999997
v -0.00513527449 0.0133832209 0.000419999997
v -0.00509505346 0.0133732492 0.000419999997
v -0.00517447293 0.013396658 0.000419999997
v 0.0038831362 0.0126856202 0.000419999997
v -0.00481098844 0.0134035023 0.000419999997
v -0.00477376953 0.013421718 0.000419999997
v -0.00505411578 0.0133668231 0.000419999997
v -0.00501277437 0.01336399 0.000419999997
v -0.00497134402 0.0133647686 0.000419999997
v -0.00493013812 0.013369157 0.000419999997
v -0.00488947239 0.0133771216 0.000419999997
v -0.00484965462 0.0133885983 0.000419999997
v -0.00473827915 0.0134431105 0.000419999997
v -0.00470478786 0.0134675112 0.000419999997
v -0.00467355177 0.0134947402 0.000419999997
v -0.00464480696 0.0135245873 0.000419999997
v -0.00461877277 0.0135568269 0.000419999997
v -0.0045956485 0.013591215 0.000419999997
v -0.0045756083 0.0136274826 0.000419999997
v -0.00455880538 0.0136653623 0.000419999997
v -0.00454536872 0.0137045626 0.000419999997
v -0.00452613877 0.0138270613 0.000419999997
v 0.00390756922 0.0136703169 0.000419999997
v -0.00452897279 0.0137857199 0.000419999997
v -0.00453539798 0.0137447845 0.000419999997
v -0.00551372021 0.00123768533 0.000419999997
v -0.00221274467 0.00115935924 0.000419999997
v -0.0022157277 0.00111584133 0.000419999997
v -0.00556928292 -0.00100162765 0.000419999997
v -0.00213244534 0.000826898904 0.000419999997
v -0.00210675807 0.000791644794 0.000419999997
v -0.00201274035 0.000701103476 0.000419999997
v -0.00197654497 0.000676760508 0.000419999997
v -0.00185723067 0.000623834087 0.000419999997
v -0.00181489228 0.000613340817 0.000419999997
v -0.0017718008 0.000606575748 0.000419999997
v -0.00172828382 0.000603593595 0.000419999997
v -0.00168467162 0.000604413857 0.000419999997
v -0.00164129783 0.000609033508 0.000419999997
v 0.00353791495 -0.00122759969 0.000419999997
v -0.0015984911 0.000617414131 0.000419999997
v -0.00155657821 0.000629494956 0.000419999997
v -0.00218982459 0.000944136526 0.000419999997
v -0.00217413716 0.000903434702 0.000419999997
v -0.00215496239 0.000864256173 0.000419999997
v -0.00207809592 0.000758763286 0.000419999997
v -0.00204667728 0.000728507584 0.000419999997
v -0.00193836563 0.000655666227 0.000419999997
v -0.0018984928 0.000637978723 0.000419999997
v -0.00151587732 0.00064518326 0.000419999997
v -0.00147669867 0.000664358085 0.000419999997
v -0.00143934053 0.00068687601 0.000419999997
v -0.00140408729 0.000712563342 0.000419999997
v -0.00137120683 0.00074122363 0.000419999997
v -0.00134094921 0.000772643194 0.000419999997
v -0.0022149065 0.00107222912 0.000419999997
v -0.00221028691 0.00102885615 0.000419999997
v -0.00220190524 0.000986049417 0.000419999997
v 0.00359347765 0.00101171318 0.000419999997
v -0.00121901836 0.00104751869 0.000419999997
v -0.00121603522 0.00109103648 0.000419999997
v -0.00131354516 0.000806579948 0.000419999997
v -0.00128920306 0.00084277452 0.000419999997
v -0.00126810791 0.000880953856 0.000419999997
v -0.00125042128 0.000920827617 0.000419999997
v -0.0012362767 0.000962089805 0.000419999997
v -0.00122578244 0.00100442814 0.000419999997
v -0.00170347909 0.00160328427 0.000419999997
v -0.00174709037 0.00160246214 0.000419999997
v -0.00549486838 0.00199745176 0.000419999997
v -0.00135366712 0.00144811464 0.000419999997
v 0.00361232948 0.00177147961 0.000419999997
v -0.00132500497 0.00141523313 0.000419999997
v -0.00129931758 0.00137998082 0.000419999997
v -0.00157453143 0.00158304372 0.000419999997
v -0.00161686982 0.00159353705 0.000419999997
v -0.0016599613 0.00160030019 0.000419999997
v -0.00138508575 0.00147837028 0.000419999997
v -0.00141902163 0.00150577433 0.000419999997
v -0.00145521713 0.00153011549 0.000419999997
v -0.00206055609 0.00146565423 0.000419999997
v -0.00202767574 0.00149431452 0.000419999997
v -0.00199242146 0.0015200018 0.000419999997
v -0.00121685641 0.00113464869 0.000419999997
v -0.00122147507 0.00117802166 0.000419999997
v -0.00122985663 0.00122083025 0.000419999997
v -0.00124193751 0.00126274314 0.000419999997
v -0.00125762494 0.00130344124 0.000419999997
v -0.00127680064 0.00134261989 0.000419999997
v -0.00149339647 0.00155121158 0.000419999997
v -0.0015332693 0.00156889914 0.000419999997
v -0.00179046427 0.0015978443 0.000419999997
v -0.001833271 0.00158946367 0.000419999997
v -0.00187518389 0.00157738291 0.000419999997
v -0.00191588479 0.00156169466 0.000419999997
v -0.00195506332 0.00154251792 0.000419999997
v -0.00209081382 0.00143423467 0.000419999997
v -0.00211821776 0.00140029972 0.000419999997
v -0.00214255997 0.00136410142 0.000419999997
v -0.00220597954 0.00120244967 0.000419999997
v -0.0021954854 0.00124478992 0.000419999997
v -0.00216365419 0.00132592209 0.000419999997
v -0.00218134071 0.00128605205 0.000419999997
v -0.00499344943 0.0190990884 0.000419999997
v -0.00503326626 0.0190876126 0.000419999997
v -0.00507193245 0.0190727115 0.000419999997
v -0.00448619341 0.0189000797 0.000419999997
v -0.00451059686 0.0189335719 0.000419999997
v 0.00410495326 0.0216253679 0.000419999997
v -0.00453782594 0.0189648084 0.000419999997
v -0.00456767343 0.0189935528 0.000419999997
v -0.00459991302 0.019019587 0.000419999997
v -0.00470844842 0.019079553 0.000419999997
v -0.00474764779 0.0190929901 0.000419999997
v -0.00478786835 0.0191029608 0.000419999997
v -0.00482880604 0.019109387 0.000419999997
v -0.00487014651 0.01911222 0.000419999997
v -0.00491157779 0.0191114414 0.000419999997
v -0.0049527837 0.0191070531 0.000419999997
v -0.00463429885 0.0190427098 0.000419999997
v -0.00467056828 0.0190627519 0.000419999997
v -0.00501621095 0.0181817431 0.000419999997
v -0.00497599039 0.0181717724 0.000419999997
v -0.0045544887 0.0182932634 0.000419999997
v -0.00452574389 0.0183231104 0.000419999997
v 0.00397894485 0.0165469311 0.000419999997
v -0.00440990925 0.0185842421 0.000419999997
v -0.00440707523 0.0186255835 0.000419999997
v 0.00403010473 0.0186087973 0.000419999997
v -0.00505540939 0.0181951802 0.000419999997
v -0.00458572479 0.0182660334 0.000419999997
v -0.00493505271 0.0181653481 0.000419999997
v -0.0048937113 0.0181625113 0.000419999997
v -0.00485228095 0.0181632955 0.000419999997
v -0.00481107505 0.0181676801 0.000419999997
v -0.00477040932 0.0181756448 0.000419999997
v -0.00473059155 0.0181871206 0.000419999997
v -0.00469192537 0.0182020254 0.000419999997
v -0.00465470646 0.0182202403 0.000419999997
v -0.00461921608 0.0182416327 0.000419999997
v -0.00442020642 0.0187488869 0.000419999997
v -0.00443168264 0.0187887046 0.000419999997
v -0.00444658659 0.0188273713 0.000419999997
v -0.0044648028 0.0188645925 0.000419999997
v -0.00449970923 0.0183553491 0.000419999997
v -0.00447658496 0.0183897372 0.000419999997
v -0.00445654523 0.0184260048 0.000419999997
v -0.00440785568 0.0186670162 0.000419999997
v -0.00441224314 0.0187082235 0.000419999997
v -0.00443974184 0.0184638854 0.000419999997
v -0.00442630518 0.0185030848 0.000419999997
v -0.00441633491 0.0185433067 0.000419999997
v -0.00626077829 0.023685582 0.000419999997
v -0.00627568271 0.0237242486 0.000419999997
v -0.00495393714 0.0237982403 0.000419999997
v -0.00629389985 0.0237614699 0.000419999997
v -0.00680508744 0.0230686497 0.000419999997
v -0.00747462362 0.0229955185 0.000419999997
v -0.00684530707 0.0230786204 0.000419999997
v -0.00688450737 0.0230920576 0.000419999997
v -0.00709324516 0.0238162596 0.000419999997
v -0.00711636944 0.023781877 0.000419999997
v -0.00745316735 0.0238602534 0.000419999997
v -0.00713641057 0.0237456057 0.000419999997
v -0.00715321163 0.0237077251 0.000419999997
v -0.00655968767 0.0230839979 0.000419999997
v -0.00497539341 0.0229335055 0.000419999997
v -0.00659950636 0.0230725221 0.000419999997
v -0.00664017117 0.0230645575 0.000419999997
v -0.00630568201 0.0232866146 0.000419999997
v -0.00632880628 0.0232522264 0.000419999997
v -0.00635484001 0.0232199878 0.000419999997
v -0.00623695273 0.0235638935 0.000419999997
v -0.00624133926 0.0236050971 0.000419999997
v -0.00624930346 0.0236457642 0.000419999997
v -0.00708235893 0.0232380386 0.000419999997
v -0.00710676145 0.023271529 0.000419999997
v -0.00712815206 0.0233070217 0.000419999997
v -0.00676414976 0.0230622254 0.000419999997
v -0.00672280835 0.0230593886 0.000419999997
v -0.00668137707 0.0230601728 0.000419999997
v -0.00652102334 0.0230989028 0.000419999997
v -0.00648380257 0.0231171176 0.000419999997
v -0.0064483122 0.0231385101 0.000419999997
v -0.00641482091 0.0231629107 0.000419999997
v -0.00638358481 0.0231901407 0.000419999997
v -0.00628564134 0.0233228821 0.000419999997
v -0.00626883795 0.0233607627 0.000419999997
v -0.00625540223 0.0233999621 0.000419999997
v -0.00716664921 0.0236685257 0.000419999997
v -0.00717661902 0.0236283038 0.000419999997
v -0.00718304515 0.0235873684 0.000419999997
v -0.00717274845 0.0234227236 0.000419999997
v -0.00716127129 0.0233829059 0.000419999997
v -0.0071463692 0.0233442392 0.000419999997
v -0.00705512986 0.0232068021 0.000419999997
v -0.00702528236 0.0231780577 0.000419999997
v -0.00699304277 0.0231520254 0.000419999997
v -0.00695865694 0.0231289007 0.000419999997
v -0.00692238519 0.0231088605 0.000419999997
v -0.00718588009 0.0235460252 0.000419999997
v -0.00718509918 0.0235045943 0.000419999997
v -0.00718071079 0.0234633908 0.000419999997
v -0.00624543102 0.0234401841 0.000419999997
v -0.0062390063 0.0234811194 0.000419999997
v -0.00623617135 0.0235224608 0.000419999997
v -0.00639676908 0.0238904301 0.000419999997
v -0.00642900914 0.0239164643 0.000419999997
v -0.00697373971 0.0239299815 0.000419999997
v -0.00693824934 0.0239513703 0.000419999997
v -0.00690102857 0.0239695888 0.000419999997
v -0.007007231 0.0239055771 0.000419999997
v -0.0070384671 0.0238783471 0.000419999997
v -0.0070672119 0.0238485001 0.000419999997
v -0.00631529046 0.023796957 0.000419999997
v -0.00633969298 0.0238304492 0.000419999997
v -0.00636692205 0.0238616858 0.000419999997
v -0.00646339497 0.0239395872 0.000419999997
v -0.00649966625 0.0239596292 0.000419999997
v -0.00653754408 0.0239764303 0.000419999997
v -0.00678188074 0.0240039304 0.000419999997
v -0.00674067484 0.0240083188 0.000419999997
v -0.00669924356 0.0240090974 0.000419999997
v -0.00682254555 0.0239959657 0.000419999997
v -0.00686236424 0.02398449 0.000419999997
v -0.00657674437 0.0239898674 0.000419999997
v -0.00661696447 0.0239998382 0.000419999997
v -0.00665790215 0.0240062643 0.000419999997
v -0.00462892139 0.0232450105 0.000419999997
v -0.00460753031 0.0232095178 0.000419999997
v -0.0045831278 0.0231760275 0.000419999997
v -0.00449381163 0.0230900142 0.000419999997
v -0.00445942581 0.0230668876 0.000419999997
v -0.00442315498 0.0230468493 0.000419999997
v -0.00438527623 0.0230300464 0.000419999997
v -0.00196019444 0.0230048764 0.000419999997
v -0.00192392478 0.0229848363 0.000419999997
v -0.00188604509 0.0229680333 0.000419999997
v -0.00455589872 0.0231447909 0.000419999997
v -0.00452605123 0.0231160466 0.000419999997
v -0.00406045746 0.0230219867 0.000419999997
v -0.00184684666 0.0229545962 0.000419999997
v -0.00180662493 0.0229446255 0.000419999997
v -0.00434607686 0.0230166074 0.000419999997
v -0.0043058563 0.0230066366 0.000419999997
v -0.00426491862 0.0230002142 0.000419999997
v -0.00160104386 0.0229484979 0.000419999997
v -0.00156122621 0.0229599737 0.000419999997
v 0.00413180469 0.0227075331 0.000419999997
v -0.00152256072 0.0229748785 0.000419999997
v -0.001485341 0.0229930934 0.000419999997
v -0.00144985062 0.0230144858 0.000419999997
v -0.00141636026 0.0230388865 0.000419999997
v -0.00138512324 0.0230661165 0.000419999997
v -0.00398457237 0.0230551064 0.000419999997
v -0.00202682009 0.0230540335 0.000419999997
v -0.00199458026 0.0230280012 0.000419999997
v -0.00459401403 0.0237542484 0.000419999997
v -0.00461713923 0.023719864 0.000419999997
v -0.00463717896 0.0236835927 0.000419999997
v -0.00465398142 0.0236457139 0.000419999997
v -0.00467351824 0.0233607125 0.000419999997
v -0.00466204109 0.0233208928 0.000419999997
v -0.00464713806 0.0232822262 0.000419999997
v -0.00135637843 0.0230959635 0.000419999997
v -0.00133034494 0.0231282022 0.000419999997
v -0.00130721973 0.0231625903 0.000419999997
v -0.00126231788 0.0235615578 0.000419999997
v -0.00127722102 0.0236002244 0.000419999997
v 0.00415326096 0.0235722698 0.000419999997
v -0.00129543745 0.0236374456 0.000419999997
v -0.00394908199 0.023076497 0.000419999997
v -0.0039155907 0.0231008995 0.000419999997
v -0.00388435437 0.0231281277 0.000419999997
v -0.00204000552 0.0237543229 0.000419999997
v -0.0020687494 0.0237244759 0.000419999997
v -0.00381605909 0.0237349458 0.000419999997
v -0.00209478382 0.0236922372 0.000419999997
v -0.00379466871 0.0236994568 0.000419999997
v -0.00466741901 0.0236065127 0.000419999997
v -0.00467738835 0.0235662907 0.000419999997
v -0.00468381494 0.0235253554 0.000419999997
v -0.00168291538 0.0229361486 0.000419999997
v -0.00164170959 0.0229405332 0.000419999997
v -0.00128717988 0.0231988579 0.000419999997
v -0.00127037754 0.0232367385 0.000419999997
v -0.00125693996 0.0232759379 0.000419999997
v -0.00212969049 0.0231829975 0.000419999997
v -0.0021083001 0.0231475066 0.000419999997
v -0.00382957514 0.0231902152 0.000419999997
v -0.00208389643 0.0231140144 0.000419999997
v -0.00468664896 0.023484014 0.000419999997
v -0.00468586897 0.0234425832 0.000419999997
v -0.00468148058 0.0234013777 0.000419999997
v -0.00422357721 0.0229973774 0.000419999997
v -0.0041821464 0.0229981598 0.000419999997
v -0.00414094096 0.0230025444 0.000419999997
v -0.00410027523 0.0230105091 0.000419999997
v -0.0012469705 0.0233161598 0.000419999997
v -0.00124054402 0.0233570952 0.000419999997
v -0.00123771001 0.0233984366 0.000419999997
v -0.00123849022 0.0234398693 0.000419999997
v -0.00124287861 0.0234810729 0.000419999997
v -0.00125084096 0.02352174 0.000419999997
v -0.00385560957 0.0231579747 0.000419999997
v -0.00205666828 0.0230827779 0.000419999997
v -0.00214790786 0.023220215 0.000419999997
v -0.00380645087 0.0232246034 0.000419999997
v -0.00378641114 0.0232608709 0.000419999997
v -0.00377645227 0.0236622356 0.000419999997
v -0.00211790809 0.0236578528 0.000419999997
v -0.00213794899 0.0236215815 0.000419999997
v -0.00215475145 0.0235837009 0.000419999997
v -0.0021681881 0.0235445015 0.000419999997
v -0.00376154808 0.0236235689 0.000419999997
v -0.00374210882 0.023543084 0.000419999997
v -0.00375007209 0.0235837512 0.000419999997
v -0.00218458381 0.0234633442 0.000419999997
v -0.00376960775 0.0232987497 0.000419999997
v -0.00375617109 0.0233379509 0.000419999997
v -0.00216281088 0.0232588816 0.000419999997
v -0.00217428687 0.0232986994 0.000419999997
v -0.00217815838 0.0235042796 0.000419999997
v -0.00374620082 0.0233781729 0.000419999997
v -0.00373977516 0.0234191082 0.000419999997
v -0.00218225014 0.0233393665 0.000419999997
v -0.0021866376 0.0233805701 0.000419999997
v -0.00218741782 0.0234220009 0.000419999997
v -0.00373694114 0.0234604497 0.000419999997
v -0.00373772136 0.0235018805 0.000419999997
v -0.00131682889 0.0236729328 0.000419999997
v -0.0013412314 0.023706425 0.000419999997
v -0.00186390174 0.0238604657 0.000419999997
v -0.00190256804 0.0238455646 0.000419999997
v -0.00136846048 0.0237376615 0.000419999997
v -0.00139830878 0.0237664059 0.000419999997
v -0.00143054756 0.0237924401 0.000419999997
v -0.00182408502 0.0238719415 0.000419999997
v -0.00146493351 0.0238155629 0.000419999997
v -0.00150120398 0.023835605 0.000419999997
v -0.00153908273 0.0238524061 0.000419999997
v -0.0017007821 0.0238850731 0.000419999997
v -0.00174221338 0.0238842946 0.000419999997
v -0.00178341835 0.0238799062 0.000419999997
v -0.00193978695 0.023827346 0.000419999997
v -0.00197527721 0.0238059573 0.000419999997
v -0.0020087685 0.0237815529 0.000419999997
v -0.00432331534 0.0239339545 0.000419999997
v -0.00436313311 0.0239224769 0.000419999997
v -0.00157828222 0.0238658432 0.000419999997
v -0.00161850301 0.0238758139 0.000419999997
v -0.00165944046 0.0238822401 0.000419999997
v -0.00384046254 0.0237684362 0.000419999997
v -0.00386769162 0.0237996727 0.000419999997
v -0.00389753911 0.0238284171 0.000419999997
v -0.00392977893 0.0238544531 0.000419999997
v -0.00396416476 0.023877576 0.000419999997
v -0.00440179836 0.0239075776 0.000419999997
v -0.0044390182 0.0238893572 0.000419999997
v -0.00447450858 0.0238679685 0.000419999997
v -0.00450799987 0.0238435641 0.000419999997
v -0.00453923596 0.0238163359 0.000419999997
v -0.00456798077 0.0237864889 0.000419999997
v -0.00400043419 0.0238976181 0.000419999997
v -0.00403831387 0.0239144173 0.000419999997
v -0.00407751324 0.0239278544 0.000419999997
v -0.00411773426 0.023937827 0.000419999997
v -0.00415867148 0.0239442531 0.000419999997
v -0.00420001242 0.0239470862 0.000419999997
v -0.0042414437 0.0239463076 0.000419999997
v -0.00428264961 0.0239419192 0.000419999997
v 0.00788827892 -0.0258337036 0.000419999997
v 0.00792032573 -0.0258645676 0.000419999997
v 0.00795494113 -0.0258925185 0.000419999997
v 0.00780987553 -0.0257261023 0.000419999997
v 0.00783284288 -0.0257642083 0.000419999997
v 0.00785904378 -0.0258001667 0.000419999997
v 0.00778296869 -0.0252958722 0.000419999997
v 0.00776854111 -0.0253379606 0.000419999997
v 0.00297087641 -0.0240805652 0.000419999997
v 0.00775783695 -0.0253811441 0.000419999997
v 0.00790616963 -0.0251126774 0.000419999997
v 0.00787530653 -0.0251447242 0.000419999997
v 0.00784735475 -0.0251793396 0.000419999997
v 0.00775344344 -0.0255582109 0.000419999997
v 0.00776199298 -0.0256018732 0.000419999997
v 0.00799183175 -0.0242051464 0.000419999997
v 0.00797566585 -0.0250572413 0.000419999997
v 0.00793970749 -0.0250834413 0.000419999997
v 0.00782252569 -0.0252162591 0.000419999997
v 0.00780100934 -0.0252552014 0.000419999997
v 0.00775093725 -0.0254250988 0.000419999997
v 0.00774789462 -0.0254694857 0.000419999997
v 0.00774873234 -0.0255139694 0.000419999997
v 0.00777431531 -0.0256446246 0.000419999997
v 0.00779031683 -0.0256861392 0.000419999997
v 0.00820069946 -0.0259889364 0.000419999997
v 0.00824508723 -0.02599198 0.000419999997
v 0.00799186062 -0.0259173475 0.000419999997
v 0.00803080387 -0.0259388648 0.000419999997
v 0.0080714738 -0.0259569045 0.000419999997
v 0.0081135612 -0.0259713326 0.000419999997
v 0.00815674569 -0.0259820372 0.000419999997
v 0.0084202271 -0.0259655584 0.000419999997
v 0.00846174173 -0.0259495564 0.000419999997
v 0.00850170385 -0.0259299986 0.000419999997
v 0.00853980891 -0.0259070322 0.000419999997
v 0.00822590385 -0.0249731299 0.000419999997
v 0.00827038847 -0.0249722935 0.000419999997
v 0.00855915621 -0.0242192242 0.000419999997
v 0.0083147753 -0.0249753352 0.000419999997
v 0.00835872907 -0.0249822363 0.000419999997
v 0.0081816623 -0.0249778423 0.000419999997
v 0.00813800003 -0.0249863919 0.000419999997
v 0.0080952486 -0.0249987133 0.000419999997
v 0.00828957092 -0.0259911418 0.000419999997
v 0.00833381247 -0.0259864293 0.000419999997
v 0.00837747566 -0.0259778816 0.000419999997
v 0.00873250701 -0.0256684013 0.000419999997
v 0.0091936253 -0.0251749493 0.000419999997
v 0.00871446636 -0.0257090703 0.000419999997
v 0.00869294908 -0.0257480126 0.000419999997
v 0.00936082657 -0.0252242256 0.000419999997
v 0.0094470093 -0.0252377558 0.000419999997
v 0.00953404419 -0.0252437219 0.000419999997
v 0.00852361508 -0.0250469241 0.000419999997
v 0.00868068729 -0.0247223936 0.000419999997
v 0.00872572139 -0.0247971099 0.000419999997
v 0.00861096196 -0.0245626345 0.000419999997
v 0.00864233728 -0.0246440358 0.000419999997
v 0.0084440019 -0.0250073671 0.000419999997
v 0.00848467182 -0.0250254069 0.000419999997
v 0.00856079906 -0.0243064482 0.000419999997
v 0.00857003685 -0.0243931953 0.000419999997
v 0.00858680066 -0.024478808 0.000419999997
v 0.00805373397 -0.0250147153 0.000419999997
v 0.00801377185 -0.025034273 0.000419999997
v 0.00874693412 -0.0256263129 0.000419999997
v 0.00875763875 -0.0255831275 0.000419999997
v 0.00876453798 -0.0255391747 0.000419999997
v 0.00857576728 -0.0258808304 0.000419999997
v 0.00860930607 -0.0258515943 0.000419999997
v 0.00864016823 -0.0258195475 0.000419999997
v 0.00876758061 -0.025494786 0.000419999997
v 0.00876674335 -0.0254503023 0.000419999997
v 0.00876203179 -0.0254060607 0.000419999997
v 0.00927614979 -0.0252032373 0.000419999997
v 0.00866812095 -0.0257849321 0.000419999997
v 0.0084019145 -0.0249929391 0.000419999997
v 0.00875348225 -0.0253623985 0.000419999997
v 0.00874115992 -0.025319647 0.000419999997
v 0.00911387987 -0.0251395758 0.000419999997
v 0.00872515887 -0.0252781324 0.000419999997
v 0.00903752167 -0.025097385 0.000419999997
v 0.00870560016 -0.0252381694 0.000419999997
v 0.00896512996 -0.0250487011 0.000419999997
v 0.00868263282 -0.0252000652 0.000419999997
v 0.00889725797 -0.0249938928 0.000419999997
v 0.00865643192 -0.0251641069 0.000419999997
v 0.00883441977 -0.0249333791 0.000419999997
v 0.00862719677 -0.0251305681 0.000419999997
v 0.00877709594 -0.0248676166 0.000419999997
v 0.00859514903 -0.0250997059 0.000419999997
v 0.00856053457 -0.0250717532 0.000419999997
v 0.00858661905 -0.0225077048 0.000419999997
v 0.0085476758 -0.0224861894 0.000419999997
v 0.00805483572 -0.0216659289 0.000419999997
v 0.00815825257 -0.0224594958 0.000419999997
v 0.00811673794 -0.0224754959 0.000419999997
v 0.00835257582 -0.0234519225 0.000419999997
v 0.00839681737 -0.0234472118 0.000419999997
v 0.00837778021 -0.0224361178 0.000419999997
v 0.00833339244 -0.0224330742 0.000419999997
v 0.00828890875 -0.0224339124 0.000419999997
v 0.00856512319 -0.0241321903 0.000419999997
v 0.00869020075 -0.0225913487 0.000419999997
v 0.00865815394 -0.0225604866 0.000419999997
v 0.00862353854 -0.0225325357 0.000419999997
v 0.00850700587 -0.0224681497 0.000419999997
v 0.00846491847 -0.0224537216 0.000419999997
v 0.00842173398 -0.022443017 0.000419999997
v 0.0082446672 -0.022438623 0.000419999997
v 0.00820100401 -0.0224471726 0.000419999997
v 0.00805486459 -0.02337813 0.000419999997
v 0.00809380785 -0.0233996455 0.000419999997
v 0.00813447777 -0.023417687 0.000419999997
v 0.00817656517 -0.0234321132 0.000419999997
v 0.0082197506 -0.0234428179 0.000419999997
v 0.00826370344 -0.0234497171 0.000419999997
v 0.0083080912 -0.0234527607 0.000419999997
v 0.00876860414 -0.0226989519 0.000419999997
v 0.00874563679 -0.0226608459 0.000419999997
v 0.00871943589 -0.0226248875 0.000419999997
v 0.00967068877 -0.0232503023 0.000419999997
v 0.00958365388 -0.0232443362 0.000419999997
v 0.00949643087 -0.0232459791 0.000419999997
v 0.00940968189 -0.0232552178 0.000419999997
v 0.00932406913 -0.0232719798 0.000419999997
v 0.00880898442 -0.023582438 0.000419999997
v 0.00875417609 -0.0236503091 0.000419999997
v 0.00856470782 -0.0233907793 0.000419999997
v 0.00870549213 -0.0237227008 0.000419999997
v 0.0085247457 -0.0234103389 0.000419999997
v 0.00866330322 -0.0237990599 0.000419999997
v 0.00848323107 -0.0234263409 0.000419999997
v 0.00862792972 -0.0238788053 0.000419999997
v 0.00844047964 -0.0234386623 0.000419999997
v 0.0085996408 -0.0239613298 0.000419999997
v 0.00857865158 -0.0240460057 0.000419999997
v 0.00900576822 -0.0234109014 0.000419999997
v 0.0088099381 -0.0230870936 0.000419999997
v 0.00908048451 -0.0233658683 0.000419999997
v 0.00882064272 -0.02304391 0.000419999997
v 0.00915884133 -0.0233275164 0.000419999997
v 0.00882754195 -0.0229999553 0.000419999997
v 0.00883058459 -0.0229555685 0.000419999997
v 0.00882974733 -0.0229110848 0.000419999997
v 0.00882503577 -0.0228668433 0.000419999997
v 0.00881648716 -0.0228231791 0.000419999997
v 0.00880416483 -0.0227804277 0.000419999997
v 0.00924024265 -0.023296142 0.000419999997
v 0.00878816284 -0.0227389149 0.000419999997
v 0.00875595398 -0.0232087951 0.000419999997
v 0.00877747033 -0.0231698528 0.000419999997
v 0.00879551098 -0.0231291819 0.000419999997
v 0.00860281289 -0.0233678129 0.000419999997
v 0.00863877218 -0.023341611 0.000419999997
v 0.0088694999 -0.0235195998 0.000419999997
v 0.00867231004 -0.0233123768 0.000419999997
v 0.00893526059 -0.023462275 0.000419999997
v 0.00870317314 -0.02328033 0.000419999997
v 0.00873112492 -0.0232457146 0.000419999997
v 0.00784597266 -0.0227566529 0.000419999997
v 0.00783154555 -0.0227987412 0.000419999997
v 0.00303388061 -0.0215413459 0.000419999997
v 0.00789584685 -0.023224989 0.000419999997
v 0.00792204775 -0.0232609473 0.000419999997
v 0.00787287951 -0.023186883 0.000419999997
v 0.0079512829 -0.0232944861 0.000419999997
v 0.00798333064 -0.0233253483 0.000419999997
v 0.0080179451 -0.023353301 0.000419999997
v 0.0079691736 -0.022573458 0.000419999997
v 0.00793831144 -0.0226055067 0.000419999997
v 0.00791035872 -0.0226401202 0.000419999997
v 0.00807677582 -0.0224950556 0.000419999997
v 0.00803867076 -0.0225180238 0.000419999997
v 0.00800271146 -0.0225442238 0.000419999997
v 0.00788552966 -0.0226770397 0.000419999997
v 0.00786401331 -0.0227159839 0.000419999997
v 0.00782084092 -0.0228419267 0.000419999997
v 0.00781394169 -0.0228858795 0.000419999997
v 0.00781089859 -0.0229302663 0.000419999997
v 0.00781173632 -0.0229747519 0.000419999997
v 0.00781644788 -0.0230189934 0.000419999997
v 0.00782499742 -0.0230626557 0.000419999997
v 0.00783731975 -0.0231054071 0.000419999997
v 0.0078533208 -0.0231469218 0.000419999997
v 0.00811783969 -0.0191267114 0.000419999997
v 0.00810167473 -0.0199788045 0.000419999997
v 0.00309688482 -0.0190021284 0.000419999997
v 0.00806571636 -0.0200050063 0.000419999997
v 0.00803217757 -0.0200342406 0.000419999997
v 0.00787474029 -0.0204355326 0.000419999997
v 0.00787945185 -0.0204797741 0.000419999997
v 0.00800131541 -0.0200662874 0.000419999997
v 0.00797336362 -0.0201009028 0.000419999997
v 0.00794853456 -0.0201378223 0.000419999997
v 0.00792701822 -0.0201767646 0.000419999997
v 0.00790897757 -0.0202174354 0.000419999997
v 0.00789454952 -0.0202595219 0.000419999997
v 0.00788384583 -0.0203027073 0.000419999997
v 0.00787694566 -0.020346662 0.000419999997
v 0.00787390303 -0.0203910489 0.000419999997
v 0.00788800139 -0.0205234364 0.000419999997
v 0.00790032372 -0.0205661878 0.000419999997
v 0.00791632477 -0.0206077024 0.000419999997
v 0.00793588348 -0.0206476655 0.000419999997
v 0.00795885082 -0.0206857696 0.000419999997
v 0.00798505265 -0.0207217298 0.000419999997
v 0.00858774967 -0.0208711214 0.000419999997
v 0.0086277118 -0.0208515618 0.000419999997
v 0.00822125748 -0.0199202765 0.000419999997
v 0.00817974284 -0.0199362785 0.000419999997
v 0.00813978072 -0.0199558362 0.000419999997
v 0.0080142878 -0.0207552668 0.000419999997
v 0.00804633461 -0.0207861308 0.000419999997
v 0.00808095001 -0.0208140817 0.000419999997
v 0.0081178695 -0.0208389107 0.000419999997
v 0.00815681182 -0.020860428 0.000419999997
v 0.00819748174 -0.0208784677 0.000419999997
v 0.00823957007 -0.0208928958 0.000419999997
v 0.00854623504 -0.0208871216 0.000419999997
v 0.00881895795 -0.0206695758 0.000419999997
v 0.0088404743 -0.0206306335 0.000419999997
v 0.0086106807 -0.01994697 0.000419999997
v 0.00864962302 -0.0199684873 0.000419999997
v 0.00868654251 -0.0199933164 0.000419999997
v 0.00844078418 -0.0198968984 0.000419999997
v 0.00839639641 -0.0198938567 0.000419999997
v 0.00835191272 -0.019894693 0.000419999997
v 0.00866581779 -0.0208285935 0.000419999997
v 0.00870177615 -0.0208023936 0.000419999997
v 0.00873531494 -0.0207731575 0.000419999997
v 0.00828275457 -0.0209036004 0.000419999997
v 0.00832670834 -0.0209104996 0.000419999997
v 0.0083710961 -0.0209135413 0.000419999997
v 0.00876617711 -0.0207411107 0.000419999997
v 0.00879412889 -0.0207064953 0.000419999997
v 0.00888804067 -0.0203276239 0.000419999997
v 0.00887949113 -0.0202839617 0.000419999997
v 0.00857001077 -0.0199289303 0.000419999997
v 0.00852792244 -0.0199145023 0.000419999997
v 0.00848473795 -0.0199037977 0.000419999997
v 0.00830767117 -0.0198994055 0.000419999997
v 0.00826400891 -0.0199079551 0.000419999997
v 0.0084155798 -0.020912705 0.000419999997
v 0.00845982134 -0.0209079944 0.000419999997
v 0.00850348361 -0.0208994448 0.000419999997
v 0.00878243987 -0.0200856701 0.000419999997
v 0.00880864076 -0.0201216284 0.000419999997
v 0.00883160811 -0.0201597344 0.000419999997
v 0.00875320472 -0.0200521313 0.000419999997
v 0.00872115791 -0.0200212691 0.000419999997
v 0.0088671688 -0.0202412102 0.000419999997
v 0.00885116681 -0.0201996956 0.000419999997
v 0.00885851495 -0.0205899626 0.000419999997
v 0.008872943 -0.0205478761 0.000419999997
v 0.00888364669 -0.0205046907 0.000419999997
v 0.00889054686 -0.0204607379 0.000419999997
v 0.00889358949 -0.0204163492 0.000419999997
v 0.0088927513 -0.0203718655 0.000419999997
v 0.0081808446 -0.0165874921 0.000419999997
v 0.0081646787 -0.0174395852 0.000419999997
v 0.00315988925 -0.0164629109 0.000419999997
v 0.00812872034 -0.017465787 0.000419999997
v 0.00809518248 -0.0174950212 0.000419999997
v 0.00793774519 -0.0178963151 0.000419999997
v 0.00794245675 -0.0179405566 0.000419999997
v 0.00806431938 -0.0175270699 0.000419999997
v 0.0080363676 -0.0175616834 0.000419999997
v 0.00801153854 -0.0175986029 0.000419999997
v 0.00799002219 -0.0176375452 0.000419999997
v 0.00797198154 -0.0176782161 0.000419999997
v 0.00795755442 -0.0177203044 0.000419999997
v 0.0079468498 -0.017763488 0.000419999997
v 0.00793995056 -0.0178074427 0.000419999997
v 0.007936907 -0.0178518314 0.000419999997
v 0.00795100536 -0.0179842189 0.000419999997
v 0.00796332769 -0.0180269703 0.000419999997
v 0.00797932968 -0.018068485 0.000419999997
v 0.00799888838 -0.0181084462 0.000419999997
v 0.00802185573 -0.0181465521 0.000419999997
v 0.00804805662 -0.0181825105 0.000419999997
v 0.00807729177 -0.0182160493 0.000419999997
v 0.00810933858 -0.0182469115 0.000419999997
v 0.00814395398 -0.0182748642 0.000419999997
v 0.00818087347 -0.0182996914 0.000419999997
v 0.00821981672 -0.0183212087 0.000419999997
v 0.00826048665 -0.0183392502 0.000419999997
v 0.00830257405 -0.0183536783 0.000419999997
v 0.00828426145 -0.017381059 0.000419999997
v 0.00824274682 -0.0173970591 0.000419999997
v 0.00820278469 -0.0174166188 0.000419999997
v 0.00834575854 -0.018364381 0.000419999997
v 0.00838971231 -0.0183712803 0.000419999997
v 0.00843410008 -0.0183743238 0.000419999997
v 0.00860923994 -0.0183479022 0.000419999997
v 0.00865075458 -0.0183319021 0.000419999997
v 0.0086907167 -0.0183123425 0.000419999997
v 0.00845940132 -0.0173546374 0.000419999997
v 0.00841491669 -0.0173554756 0.000419999997
v 0.00888196193 -0.0181303583 0.000419999997
v 0.0089034792 -0.0180914141 0.000419999997
v 0.00874954741 -0.017454097 0.000419999997
v 0.00871262792 -0.0174292699 0.000419999997
v 0.00867368467 -0.0174077526 0.000419999997
v 0.00863301475 -0.017389711 0.000419999997
v 0.00847858377 -0.0183734857 0.000419999997
v 0.00852282532 -0.018368775 0.000419999997
v 0.00856648851 -0.0183602255 0.000419999997
v 0.00872882176 -0.0182893761 0.000419999997
v 0.00876478013 -0.0182631742 0.000419999997
v 0.00879831892 -0.01823394 0.000419999997
v 0.00859092735 -0.0173752848 0.000419999997
v 0.00854774192 -0.0173645802 0.000419999997
v 0.00850378815 -0.0173576809 0.000419999997
v 0.00837067515 -0.0173601862 0.000419999997
v 0.00832701288 -0.0173687357 0.000419999997
v 0.00882918108 -0.0182018913 0.000419999997
v 0.0088571338 -0.0181672778 0.000419999997
v 0.00895104464 -0.0177884046 0.000419999997
v 0.0089424951 -0.0177447423 0.000419999997
v 0.00884544477 -0.0175464507 0.000419999997
v 0.00887164567 -0.0175824091 0.000419999997
v 0.00889461301 -0.0176205151 0.000419999997
v 0.00881620962 -0.0175129119 0.000419999997
v 0.00878416188 -0.0174820498 0.000419999997
v 0.00893017277 -0.0177019928 0.000419999997
v 0.00891417172 -0.0176604763 0.000419999997
v 0.00892151985 -0.0180507451 0.000419999997
v 0.00893594697 -0.0180086568 0.000419999997
v 0.00894665159 -0.0179654732 0.000419999997
v 0.00895355083 -0.0179215185 0.000419999997
v 0.00895659346 -0.0178771317 0.000419999997
v 0.0089557562 -0.0178326461 0.000419999997
v 0.00328589766 -0.0113844732 0.000419999997
v 0.00825472921 -0.0123873502 0.000419999997
v 0.00822119042 -0.0124165844 0.000419999997
v 0.00819032826 -0.0124486322 0.000419999997
v 0.00816237647 -0.0124832466 0.000419999997
v 0.00813754741 -0.012520167 0.000419999997
v 0.00815818645 -0.0149558038 0.000419999997
v 0.00812732428 -0.0149878506 0.000419999997
v 0.00809937157 -0.015022465 0.000419999997
v 0.00807454251 -0.0150593845 0.000419999997
v 0.00805302616 -0.0150983278 0.000419999997
v 0.00800295454 -0.0152682243 0.000419999997
v 0.0079999119 -0.0153126111 0.000419999997
v 0.00800074916 -0.0153570957 0.000419999997
v 0.00800546072 -0.0154013373 0.000419999997
v 0.00803498551 -0.0151389977 0.000419999997
v 0.00802055839 -0.015181086 0.000419999997
v 0.00800985377 -0.0152242705 0.000419999997
v 0.00801401027 -0.0154450005 0.000419999997
v 0.00802633259 -0.015487751 0.000419999997
v 0.00804233365 -0.0155292666 0.000419999997
v 0.00806189235 -0.0155692287 0.000419999997
v 0.0080848597 -0.0156073337 0.000419999997
v 0.0081110606 -0.0156432912 0.000419999997
v 0.00808356237 -0.0126418667 0.000419999997
v 0.00807285868 -0.0126850512 0.000419999997
v 0.00806595851 -0.012729005 0.000419999997
v 0.00810533762 -0.0129900482 0.000419999997
v 0.00812489633 -0.0130300093 0.000419999997
v 0.00814786367 -0.0130681153 0.000419999997
v 0.00811603107 -0.0125591084 0.000419999997
v 0.00809799042 -0.0125997802 0.000419999997
v 0.00806291588 -0.0127733927 0.000419999997
v 0.00806375314 -0.0128178773 0.000419999997
v 0.0080684647 -0.0128621198 0.000419999997
v 0.00807701424 -0.0129057821 0.000419999997
v 0.00808933657 -0.0129485335 0.000419999997
v 0.00883863587 -0.0123508321 0.000419999997
v 0.00879969355 -0.0123293148 0.000419999997
v 0.00814029574 -0.01567683 0.000419999997
v 0.00817234349 -0.015707694 0.000419999997
v 0.00820695795 -0.0157356448 0.000419999997
v 0.00824387744 -0.0157604739 0.000419999997
v 0.00828282069 -0.0157819912 0.000419999997
v 0.00832349062 -0.0158000309 0.000419999997
v 0.00836557802 -0.015814459 0.000419999997
v 0.0081740655 -0.0131040737 0.000419999997
v 0.00820330065 -0.0131376125 0.000419999997
v 0.00819172431 -0.0149265677 0.000419999997
v 0.00823534746 -0.0131684747 0.000419999997
v 0.00826996285 -0.0131964264 0.000419999997
v 0.00849710405 -0.0158351064 0.000419999997
v 0.00854158867 -0.0158342682 0.000419999997
v 0.00862979703 -0.0122792432 0.000419999997
v 0.00858540926 -0.0122762006 0.000419999997
v 0.00840876345 -0.0158251617 0.000419999997
v 0.00845271628 -0.0158320628 0.000419999997
v 0.00830575079 -0.0148578417 0.000419999997
v 0.00826578867 -0.0148774004 0.000419999997
v 0.00834582467 -0.0132427728 0.000419999997
v 0.00875902362 -0.0123112742 0.000419999997
v 0.00871693529 -0.012296848 0.000419999997
v 0.0086737508 -0.0122861434 0.000419999997
v 0.00854092557 -0.0122770388 0.000419999997
v 0.00849668402 -0.0122817503 0.000419999997
v 0.00845302176 -0.0122902999 0.000419999997
v 0.00858583022 -0.0158295557 0.000419999997
v 0.00830688234 -0.0132212546 0.000419999997
v 0.0082276836 -0.0149003677 0.000419999997
v 0.00873524789 -0.0132694663 0.000419999997
v 0.00877676252 -0.0132534653 0.000419999997
v 0.00881672464 -0.0132339057 0.000419999997
v 0.00841027033 -0.0123026203 0.000419999997
v 0.00836875569 -0.0123186223 0.000419999997
v 0.00869601872 -0.0148504935 0.000419999997
v 0.00865393132 -0.0148360655 0.000419999997
v 0.00860459264 -0.0132950488 0.000419999997
v 0.00862949248 -0.0158210061 0.000419999997
v 0.00867224392 -0.0158086848 0.000419999997
v 0.00871375855 -0.0157926828 0.000419999997
v 0.00885483064 -0.0132109383 0.000419999997
v 0.008890789 -0.0131847374 0.000419999997
v 0.00892432686 -0.0131555032 0.000419999997
v 0.00894221757 -0.0124344751 0.000419999997
v 0.00891017076 -0.012403613 0.000419999997
v 0.00887555536 -0.0123756612 0.000419999997
v 0.00834726542 -0.0148418397 0.000419999997
v 0.00838649459 -0.0132608134 0.000419999997
v 0.00842858292 -0.0132752405 0.000419999997
v 0.00875372067 -0.015773125 0.000419999997
v 0.00879182573 -0.0157501567 0.000419999997
v 0.00882778503 -0.0157239567 0.000419999997
v 0.00895518996 -0.0131234555 0.000419999997
v 0.00898314174 -0.013088841 0.000419999997
v 0.0090079708 -0.0130519206 0.000419999997
v 0.00881255139 -0.0149148796 0.000419999997
v 0.0087756319 -0.0148900505 0.000419999997
v 0.00873668864 -0.0148685342 0.000419999997
v 0.00897717569 -0.0151212588 0.000419999997
v 0.00895761698 -0.0150812957 0.000419999997
v 0.00893464964 -0.0150431907 0.000419999997
v 0.00890844874 -0.0150072323 0.000419999997
v 0.00887921359 -0.0149736945 0.000419999997
v 0.00884716678 -0.0149428314 0.000419999997
v 0.00847176742 -0.0132859452 0.000419999997
v 0.00851572119 -0.0132928435 0.000419999997
v 0.00839001685 -0.0148295173 0.000419999997
v 0.00843368005 -0.0148209678 0.000419999997
v 0.00886132289 -0.0156947207 0.000419999997
v 0.00889218599 -0.0156626739 0.000419999997
v 0.00892013777 -0.0156280585 0.000419999997
v 0.00894496683 -0.0155911399 0.000419999997
v 0.00896648318 -0.0155521967 0.000419999997
v 0.00898452383 -0.0155115258 0.000419999997
v 0.00861074682 -0.0148253608 0.000419999997
v 0.00856679305 -0.0148184616 0.000419999997
v 0.00856010895 -0.0132958861 0.000419999997
v 0.00852240529 -0.014815419 0.000419999997
v 0.0084779216 -0.0148162572 0.000419999997
v 0.00899895094 -0.0154694393 0.000419999997
v 0.00900965557 -0.0154262539 0.000419999997
v 0.0090165548 -0.0153823011 0.000419999997
v 0.00902948715 -0.0130129782 0.000419999997
v 0.0090475278 -0.0129723083 0.000419999997
v 0.00906195585 -0.0129302209 0.000419999997
v 0.00905618165 -0.012623556 0.000419999997
v 0.00904018059 -0.0125820395 0.000419999997
v 0.00902062096 -0.0125420783 0.000419999997
v 0.00899765454 -0.0125039713 0.000419999997
v 0.00897145271 -0.0124680139 0.000419999997
v 0.00907265954 -0.0128870355 0.000419999997
v 0.00901959743 -0.0153379124 0.000419999997
v 0.00901876017 -0.0152934287 0.000419999997
v 0.00901404861 -0.0152491871 0.000419999997
v 0.00869249646 -0.0132817896 0.000419999997
v 0.00864883419 -0.0132903391 0.000419999997
v 0.0090055 -0.0152055249 0.000419999997
v 0.00899317767 -0.0151627725 0.000419999997
v 0.00907955971 -0.0128430827 0.000419999997
v 0.00908260234 -0.012798694 0.000419999997
v 0.00908176415 -0.0127542093 0.000419999997
v 0.00907705352 -0.0127099678 0.000419999997
v 0.00906850398 -0.0126663055 0.000419999997
v 0.0033489021 -0.00884525478 0.000419999997
v 0.00831773318 -0.0098481318 0.000419999997
v 0.00828419533 -0.00987736601 0.000419999997
v 0.00825333223 -0.00990941375 0.000419999997
v 0.00822538044 -0.00994402822 0.000419999997
v 0.00820055138 -0.00998094864 0.000419999997
v 0.00816834252 -0.0104508298 0.000419999997
v 0.00818790123 -0.0104907909 0.000419999997
v 0.00821086857 -0.0105288969 0.000419999997
v 0.00823706947 -0.0105648553 0.000419999997
v 0.00812675804 -0.0102786599 0.000419999997
v 0.0081314696 -0.0103229014 0.000419999997
v 0.00817903504 -0.01001989 0.000419999997
v 0.00816099439 -0.01006056 0.000419999997
v 0.00814656727 -0.0101026483 0.000419999997
v 0.00813586265 -0.0101458328 0.000419999997
v 0.00812896341 -0.0101897866 0.000419999997
v 0.00812591985 -0.0102341752 0.000419999997
v 0.00814001821 -0.0103665637 0.000419999997
v 0.00815234054 -0.0104093133 0.000419999997
v 0.00890164077 -0.00981161464 0.000419999997
v 0.00886269752 -0.00979009643 0.000419999997
v 0.00836988632 -0.0106820362 0.000419999997
v 0.00840882957 -0.0107035544 0.000419999997
v 0.00826630462 -0.0105983941 0.000419999997
v 0.00829835143 -0.0106292563 0.000419999997
v 0.00833296683 -0.010657208 0.000419999997
v 0.008692801 -0.00974002574 0.000419999997
v 0.00864841416 -0.00973698217 0.000419999997
v 0.00882202759 -0.00977205578 0.000419999997
v 0.0087799402 -0.00975762773 0.000419999997
v 0.00873675477 -0.00974692404 0.000419999997
v 0.00860392954 -0.00973782036 0.000419999997
v 0.00855968799 -0.00974253006 0.000419999997
v 0.00851602573 -0.0097510796 0.000419999997
v 0.00853477139 -0.0107467249 0.000419999997
v 0.00857872516 -0.0107536251 0.000419999997
v 0.00862311292 -0.0107566677 0.000419999997
v 0.00879825279 -0.0107302479 0.000419999997
v 0.00883976743 -0.0107142469 0.000419999997
v 0.00887972955 -0.0106946873 0.000419999997
v 0.00891783461 -0.0106717199 0.000419999997
v 0.0084732743 -0.00976340193 0.000419999997
v 0.00843175966 -0.00977940392 0.000419999997
v 0.00866759662 -0.0107558304 0.000419999997
v 0.00871183816 -0.0107511189 0.000419999997
v 0.00875550136 -0.0107425693 0.000419999997
v 0.0084494995 -0.010721595 0.000419999997
v 0.00849158689 -0.0107360212 0.000419999997
v 0.00900522247 -0.00989525672 0.000419999997
v 0.00897317473 -0.00986439455 0.000419999997
v 0.00893856026 -0.00983644277 0.000419999997
v 0.00895379297 -0.010645519 0.000419999997
v 0.00898733176 -0.0106162848 0.000419999997
v 0.00901819393 -0.0105842371 0.000419999997
v 0.00904614665 -0.0105496226 0.000419999997
v 0.00907097477 -0.0105127022 0.000419999997
v 0.00909249205 -0.0104737598 0.000419999997
v 0.00910318457 -0.0100428211 0.000419999997
v 0.00908362586 -0.0100028599 0.000419999997
v 0.0091105327 -0.0104330881 0.000419999997
v 0.00912495982 -0.0103910025 0.000419999997
v 0.00913566444 -0.010347818 0.000419999997
v 0.00906065851 -0.00996475294 0.000419999997
v 0.00903445762 -0.00992879551 0.000419999997
v 0.00914005749 -0.0101707494 0.000419999997
v 0.00913150795 -0.0101270871 0.000419999997
v 0.00911918562 -0.0100843357 0.000419999997
v 0.00914256368 -0.0103038643 0.000419999997
v 0.00914560631 -0.0102594756 0.000419999997
v 0.00914476905 -0.0102149909 0.000419999997
v 0.00341190631 -0.00630603638 0.000419999997
v 0.00838073716 -0.00730891339 0.000419999997
v 0.0083471993 -0.00733814808 0.000419999997
v 0.00831633713 -0.00737019535 0.000419999997
v 0.00828838442 -0.00740480982 0.000419999997
v 0.00826355536 -0.00744173024 0.000419999997
v 0.0082313465 -0.00791160949 0.000419999997
v 0.0082509052 -0.00795157254 0.000419999997
v 0.00827387255 -0.0079896776 0.000419999997
v 0.00830007344 -0.0080256369 0.000419999997
v 0.00818976201 -0.00773943961 0.000419999997
v 0.00819447357 -0.00778368115 0.000419999997
v 0.00824203901 -0.00748067209 0.000419999997
v 0.00822399836 -0.00752134202 0.000419999997
v 0.00820957124 -0.00756342988 0.000419999997
v 0.00819886662 -0.00760661485 0.000419999997
v 0.00819196738 -0.00765056815 0.000419999997
v 0.00818892475 -0.00769495685 0.000419999997
v 0.00820302311 -0.00782734528 0.000419999997
v 0.00821534544 -0.00787009485 0.000419999997
v 0.00896464474 -0.00727239391 0.000419999997
v 0.00892570149 -0.00725087849 0.000419999997
v 0.00843289029 -0.0081428187 0.000419999997
v 0.00847183354 -0.00816433597 0.000419999997
v 0.00832930859 -0.00805917569 0.000419999997
v 0.00836135633 -0.00809003785 0.000419999997
v 0.0083959708 -0.00811798964 0.000419999997
v 0.0087558059 -0.00720080733 0.000419999997
v 0.00871141814 -0.00719776424 0.000419999997
v 0.00888503157 -0.00723283738 0.000419999997
v 0.00884294417 -0.0072184098 0.000419999997
v 0.00879975967 -0.00720770517 0.000419999997
v 0.00866693445 -0.00719860196 0.000419999997
v 0.0086226929 -0.00720331213 0.000419999997
v 0.0085790297 -0.0072118612 0.000419999997
v 0.00859777629 -0.0082075065 0.000419999997
v 0.00864172913 -0.00821440667 0.000419999997
v 0.0086861169 -0.00821745023 0.000419999997
v 0.00886125676 -0.00819103047 0.000419999997
v 0.0089027714 -0.00817502849 0.000419999997
v 0.00894273352 -0.00815546885 0.000419999997
v 0.00898083858 -0.00813250151 0.000419999997
v 0.00853627827 -0.007224184 0.000419999997
v 0.00849476364 -0.00724018551 0.000419999997
v 0.00873060152 -0.00821661204 0.000419999997
v 0.00877484307 -0.00821190048 0.000419999997
v 0.00881850533 -0.00820335094 0.000419999997
v 0.00851250347 -0.00818237662 0.000419999997
v 0.00855459087 -0.00819680281 0.000419999997
v 0.00906822644 -0.00735603832 0.000419999997
v 0.00903617963 -0.00732517662 0.000419999997
v 0.00900156423 -0.00729722437 0.000419999997
v 0.00901679788 -0.00810630061 0.000419999997
v 0.00905033574 -0.00807706639 0.000419999997
v 0.00908119883 -0.00804501865 0.000419999997
v 0.00910915062 -0.00801040232 0.000419999997
v 0.00913397968 -0.00797348376 0.000419999997
v 0.00915549602 -0.00793454051 0.000419999997
v 0.00916618854 -0.00750360265 0.000419999997
v 0.00914662983 -0.00746364146 0.000419999997
v 0.00917353667 -0.00789387058 0.000419999997
v 0.00918796379 -0.00785178412 0.000419999997
v 0.00919866841 -0.00780859776 0.000419999997
v 0.00912366249 -0.007425535 0.000419999997
v 0.00909746159 -0.00738957711 0.000419999997
v 0.00920306146 -0.00763153145 0.000419999997
v 0.00919451285 -0.00758786872 0.000419999997
v 0.00918219052 -0.00754511729 0.000419999997
v 0.00920556765 -0.00776464399 0.000419999997
v 0.00920861028 -0.00772025762 0.000419999997
v 0.00920777302 -0.007675773 0.000419999997
v 0.00841020327 -0.00479892967 0.000419999997
v 0.0083793411 -0.00483097695 0.000419999997
v 0.00347491051 -0.00376681797 0.000419999997
v 0.00829435047 -0.00537239155 0.000419999997
v 0.00831390917 -0.0054123546 0.000419999997
v 0.00833687652 -0.0054504592 0.000419999997
v 0.00836307835 -0.00548641896 0.000419999997
v 0.00835138932 -0.00486559141 0.000419999997
v 0.00832656026 -0.00490251184 0.000419999997
v 0.00830504391 -0.00494145416 0.000419999997
v 0.00825747754 -0.00524446275 0.000419999997
v 0.00826602709 -0.00528812502 0.000419999997
v 0.00827834941 -0.00533087691 0.000419999997
v 0.00828700326 -0.00498212362 0.000419999997
v 0.00827257521 -0.00502421195 0.000419999997
v 0.00826187152 -0.00506739644 0.000419999997
v 0.00825497136 -0.00511135021 0.000419999997
v 0.00825192872 -0.00515573844 0.000419999997
v 0.00825276598 -0.0052002212 0.000419999997
v 0.0083923135 -0.00551995728 0.000419999997
v 0.00842436031 -0.00555081945 0.000419999997
v 0.0084589757 -0.00557877123 0.000419999997
v 0.00849589519 -0.00560359983 0.000419999997
v 0.00853483751 -0.00562511757 0.000419999997
v 0.00857550744 -0.00564315636 0.000419999997
v 0.00861759577 -0.00565758441 0.000419999997
v 0.00866078027 -0.00566828856 0.000419999997
v 0.00870473403 -0.00567518873 0.000419999997
v 0.0087491218 -0.00567823183 0.000419999997
v 0.00881880987 -0.00466158707 0.000419999997
v 0.00877442211 -0.00465854583 0.000419999997
v 0.00849586539 -0.00389140029 0.000419999997
v 0.00872993842 -0.0046593817 0.000419999997
v 0.00868569687 -0.00466409372 0.000419999997
v 0.00855776854 -0.00470096758 0.000419999997
v 0.00851780642 -0.00472052535 0.000419999997
v 0.00847970042 -0.00474349223 0.000419999997
v 0.00844374206 -0.00476969499 0.000419999997
v 0.00890594814 -0.00467919139 0.000419999997
v 0.00886276364 -0.00466848724 0.000419999997
v 0.00864203461 -0.00467264326 0.000419999997
v 0.00859928317 -0.00468496606 0.000419999997
v 0.00879360549 -0.0056773941 0.000419999997
v 0.00883784704 -0.00567268208 0.000419999997
v 0.0088815093 -0.00566413254 0.000419999997
v 0.00892426074 -0.00565180974 0.000419999997
v 0.00896577537 -0.00563581008 0.000419999997
v 0.00900573749 -0.00561625045 0.000419999997
v 0.00902764872 -0.00473317597 0.000419999997
v 0.0089887064 -0.00471166009 0.000419999997
v 0.00894803647 -0.00469361944 0.000419999997
v 0.00904384349 -0.00559328357 0.000419999997
v 0.00907980185 -0.00556708267 0.000419999997
v 0.00911333971 -0.00553784799 0.000419999997
v 0.00914420281 -0.00550580071 0.000419999997
v 0.00917215459 -0.00547118438 0.000419999997
v 0.00919698365 -0.00543426583 0.000419999997
v 0.00918666739 -0.0048863166 0.000419999997
v 0.00916046556 -0.0048503587 0.000419999997
v 0.00913123041 -0.00481682038 0.000419999997
v 0.00925096869 -0.00531256385 0.000419999997
v 0.00926167239 -0.00526937936 0.000419999997
v 0.0090991836 -0.00478595821 0.000419999997
v 0.00906456821 -0.00475800456 0.000419999997
v 0.0092185 -0.00539532164 0.000419999997
v 0.00923654065 -0.00535465218 0.000419999997
v 0.00924519449 -0.00500589889 0.000419999997
v 0.00925751682 -0.00504865078 0.000419999997
v 0.00926606636 -0.00509231305 0.000419999997
v 0.00922919344 -0.00496438425 0.000419999997
v 0.0092096338 -0.00492442306 0.000419999997
v 0.00926857255 -0.00522542559 0.000419999997
v 0.00927161518 -0.00518103922 0.000419999997
v 0.00927077699 -0.0051365546 0.000419999997
v 0.00847320817 -0.0022597115 0.000419999997
v 0.00844234508 -0.00229175878 0.000419999997
v 0.00835735537 -0.00283317314 0.000419999997
v 0.00837691408 -0.00287313643 0.000419999997
v 0.00839988142 -0.00291124079 0.000419999997
v 0.00842608232 -0.00294720079 0.000419999997
v 0.00841439329 -0.00232637324 0.000419999997
v 0.00838956423 -0.00236329366 0.000419999997
v 0.00836804789 -0.00240223575 0.000419999997
v 0.00832048245 -0.00270524458 0.000419999997
v 0.00832903106 -0.00274890685 0.000419999997
v 0.00834135339 -0.00279165851 0.000419999997
v 0.00835000724 -0.00244290568 0.000419999997
v 0.00833558012 -0.00248499354 0.000419999997
v 0.0083248755 -0.00252817827 0.000419999997
v 0.00831797626 -0.00257213181 0.000419999997
v 0.0083149327 -0.00261652004 0.000419999997
v 0.00831577089 -0.0026610028 0.000419999997
v 0.00845531747 -0.00298073748 0.000419999997
v 0.00848736428 -0.00301160128 0.000419999997
v 0.00852197967 -0.00303955306 0.000419999997
v 0.00855889916 -0.00306438166 0.000419999997
v 0.00859784242 -0.00308589754 0.000419999997
v 0.00863851234 -0.00310393819 0.000419999997
v 0.00868059974 -0.003118366 0.000419999997
v 0.00872378424 -0.00312907039 0.000419999997
v 0.00876773801 -0.00313597056 0.000419999997
v 0.00881212577 -0.00313901342 0.000419999997
v 0.00888181478 -0.0021223689 0.000419999997
v 0.00883742701 -0.00211932603 0.000419999997
v 0.00855887029 -0.00135218201 0.000419999997
v 0.00879294239 -0.00212016376 0.000419999997
v 0.00874870084 -0.00212487532 0.000419999997
v 0.00862077251 -0.00216174917 0.000419999997
v 0.00858081039 -0.00218130718 0.000419999997
v 0.00854270533 -0.00220427406 0.000419999997
v 0.00850674603 -0.00223047496 0.000419999997
v 0.00896895304 -0.00213997322 0.000419999997
v 0.00892576762 -0.00212926883 0.000419999997
v 0.00870503858 -0.00213342486 0.000419999997
v 0.00866228715 -0.00214574765 0.000419999997
v 0.00885660946 -0.0031381757 0.000419999997
v 0.00890085101 -0.00313346391 0.000419999997
v 0.00894451421 -0.00312491436 0.000419999997
v 0.00898726564 -0.00311259157 0.000419999997
v 0.00902878027 -0.00309659005 0.000419999997
v 0.00906874239 -0.00307703228 0.000419999997
v 0.00909065362 -0.00219395757 0.000419999997
v 0.00905171037 -0.00217244192 0.000419999997
v 0.00901104044 -0.00215440104 0.000419999997
v 0.00910684746 -0.00305406516 0.000419999997
v 0.00914280582 -0.00302786427 0.000419999997
v 0.00917634461 -0.00299862796 0.000419999997
v 0.00920720678 -0.00296658231 0.000419999997
v 0.00923515949 -0.00293196598 0.000419999997
v 0.00925998762 -0.00289504766 0.000419999997
v 0.00924967136 -0.00234709843 0.000419999997
v 0.00922347046 -0.00231114053 0.000419999997
v 0.00919423532 -0.00227760198 0.000419999997
v 0.00931397267 -0.00277334568 0.000419999997
v 0.00932467729 -0.00273016095 0.000419999997
v 0.00916218758 -0.00224673818 0.000419999997
v 0.00912757311 -0.00221878616 0.000419999997
v 0.0092815049 -0.0028561037 0.000419999997
v 0.00929954555 -0.00281543378 0.000419999997
v 0.00930819847 -0.00246668071 0.000419999997
v 0.0093205208 -0.00250943238 0.000419999997
v 0.00932907034 -0.00255309488 0.000419999997
v 0.00929219741 -0.00242516608 0.000419999997
v 0.00927263871 -0.00238520489 0.000419999997
v 0.00933157653 -0.00268620742 0.000419999997
v 0.00933461916 -0.00264182105 0.000419999997
v 0.0093337819 -0.00259733642 0.000419999997
v 0.008614433 0.000887130911 0.000419999997
v 0.00856975093 0.000308743271 0.000419999997
v 0.00853621215 0.000279506814 0.000419999997
v 0.00850534998 0.000247459451 0.000419999997
v 0.00847739726 0.000212845029 0.000419999997
v 0.0084525682 0.000175926558 0.000419999997
v 0.00843105186 0.000136982562 0.000419999997
v 0.00841301121 9.6312695e-05 0.000419999997
v 0.00839858409 5.42246926e-05 0.000419999997
v 0.00838787947 1.1040037e-05 0.000419999997
v 0.00838348642 -0.00016602625 0.000419999997
v 0.00839203596 -0.000209688646 0.000419999997
v 0.00840435829 -0.000252440368 0.000419999997
v 0.00842035934 -0.000293954916 0.000419999997
v 0.00838098023 -3.29135e-05 0.000419999997
v 0.0083779376 -7.72999847e-05 0.000419999997
v 0.00837877486 -0.000121784615 0.000419999997
v 0.00843991805 -0.000333918084 0.000419999997
v 0.00846288539 -0.000372022478 0.000419999997
v 0.00848908629 -0.00040798058 0.000419999997
v 0.00851832144 -0.000441519136 0.000419999997
v 0.00855036918 -0.000472382904 0.000419999997
v 0.00858498365 -0.000500334834 0.000419999997
v 0.00862190314 -0.000525163487 0.000419999997
v 0.00894481875 0.000416849478 0.000419999997
v 0.00890043098 0.000419892312 0.000419999997
v 0.00885594729 0.000419054588 0.000419999997
v 0.00881170575 0.000414342823 0.000419999997
v 0.00866084639 -0.000546679192 0.000419999997
v 0.00870151632 -0.000564719958 0.000419999997
v 0.00874360371 -0.000579147774 0.000419999997
v 0.00878678914 -0.000589852163 0.000419999997
v 0.00883074198 -0.000596752274 0.000419999997
v 0.00887512974 -0.000599795079 0.000419999997
v 0.00911471434 0.000366776396 0.000419999997
v 0.00915365759 0.000345260691 0.000419999997
v 0.00919057708 0.000320432096 0.000419999997
v 0.00876804255 0.000405793369 0.000419999997
v 0.00872529112 0.000393470633 0.000419999997
v 0.00868377648 0.000377469027 0.000419999997
v 0.00920581073 -0.000488646037 0.000419999997
v 0.00923934858 -0.000459409581 0.000419999997
v 0.00907404441 0.00038481722 0.000419999997
v 0.00903195702 0.000399245007 0.000419999997
v 0.00898877252 0.000409949367 0.000419999997
v 0.00864381436 0.000357911165 0.000419999997
v 0.0086057093 0.00033494411 0.000419999997
v 0.00905026961 -0.0005733734 0.000419999997
v 0.00909178425 -0.000557371823 0.000419999997
v 0.00891961437 -0.000598957355 0.000419999997
v 0.00896385591 -0.000594245619 0.000419999997
v 0.00900751818 -0.000585696136 0.000419999997
v 0.00913174637 -0.000537813932 0.000419999997
v 0.00916985143 -0.000514846877 0.000419999997
v 0.00927021168 -0.000427362218 0.000419999997
v 0.00929816347 -0.00039274781 0.000419999997
v 0.00932299253 -0.000355829339 0.000419999997
v 0.00937120337 7.2537594e-05 0.000419999997
v 0.00935520139 0.000114052134 0.000419999997
v 0.00933564268 0.000154015303 0.000419999997
v 0.00931267533 0.000192119711 0.000419999997
v 0.00928647444 0.000228077814 0.000419999997
v 0.00925723929 0.000261616369 0.000419999997
v 0.00922519248 0.000292480137 0.000419999997
v 0.00934450887 -0.000316885329 0.000419999997
v 0.00936254952 -0.000276215462 0.000419999997
v 0.00937697664 -0.000234127467 0.000419999997
v 0.00939678587 -5.81181557e-05 0.000419999997
v 0.00939207431 -1.38765163e-05 0.000419999997
v 0.0093835257 2.97858678e-05 0.000419999997
v 0.00938768126 -0.00019094281 0.000419999997
v 0.0093945805 -0.000146989274 0.000419999997
v 0.00939762313 -0.000102600919 0.000419999997
v 0.00858889427 0.00470641581 0.000419999997
v 0.00861509517 0.00467045419 0.000419999997
v 0.0085520912 0.00213123579 0.000419999997
v 0.00858132634 0.00209769909 0.000419999997
v 0.00856592692 0.00474451855 0.000419999997
v 0.00856835395 0.0027866778 0.000419999997
v 0.00864433032 0.00463691726 0.000419999997
v 0.00846736226 0.00228677783 0.000419999997
v 0.00848336332 0.00224526343 0.000419999997
v 0.00863328483 0.00164689729 0.000419999997
v 0.00866222102 0.00535794534 0.000419999997
v 0.00863135792 0.0053258962 0.000419999997
v 0.0037269278 0.00639005518 0.000419999997
v 0.00860340614 0.00529128173 0.000419999997
v 0.00851804391 0.00486874953 0.000419999997
v 0.00853036623 0.00482599624 0.000419999997
v 0.00854636822 0.0047844816 0.000419999997
v 0.00867637713 0.0046060537 0.000419999997
v 0.00863275491 0.00284795975 0.000419999997
v 0.00859921612 0.00281872693 0.000419999997
v 0.00844094157 0.0024619163 0.000419999997
v 0.00844177883 0.0024174354 0.000419999997
v 0.00850292202 0.00220530014 0.000419999997
v 0.00852588937 0.00216719764 0.000419999997
v 0.00857857708 0.00525436131 0.000419999997
v 0.00855706073 0.00521542085 0.000419999997
v 0.00853902008 0.00517475093 0.000419999997
v 0.00852459297 0.0051326612 0.000419999997
v 0.00851388834 0.0050894767 0.000419999997
v 0.00850698818 0.00504552294 0.000419999997
v 0.00854040217 0.00275206333 0.000419999997
v 0.00851557311 0.00271514291 0.000419999997
v 0.00849405676 0.00267620268 0.000419999997
v 0.00847601611 0.00263553276 0.000419999997
v 0.00846158806 0.00259344303 0.000419999997
v 0.00850394554 0.0050011347 0.000419999997
v 0.00850478373 0.00495665381 0.000419999997
v 0.0085094953 0.00491241226 0.000419999997
v 0.00845088437 0.0025502583 0.000419999997
v 0.0084439842 0.00250630477 0.000419999997
v 0.00844649039 0.00237319386 0.000419999997
v 0.00845503993 0.00232952787 0.000419999997
v 0.00885129999 0.00547190709 0.000419999997
v 0.00880978536 0.00545590743 0.000419999997
v 0.00874788314 0.00626547262 0.000419999997
v 0.00871099252 0.00457810331 0.000419999997
v 0.00874791201 0.00455327472 0.000419999997
v 0.00878685527 0.00453175744 0.000419999997
v 0.00876982324 0.0054363478 0.000419999997
v 0.00873171724 0.00541338045 0.000419999997
v 0.00869575888 0.00538717816 0.000419999997
v 0.00861337315 0.0020668353 0.000419999997
v 0.00864798855 0.00203888537 0.000419999997
v 0.00868490804 0.00201405655 0.000419999997
v 0.00872385036 0.00199253904 0.000419999997
v 0.00876452029 0.00197449652 0.000419999997
v 0.00880660862 0.00196007057 0.000419999997
v 0.00882752519 0.00451371446 0.000419999997
v 0.00886961259 0.00449928874 0.000419999997
v 0.00866871327 0.00287416228 0.000419999997
v 0.00884979311 0.00194936607 0.000419999997
v 0.00889374688 0.00194246601 0.000419999997
v 0.00893813465 0.00193942315 0.000419999997
v 0.00911327358 0.00196584291 0.000419999997
v 0.00915478822 0.00198184652 0.000419999997
v 0.00927966647 0.00542369718 0.000419999997
v 0.00924072322 0.00544521492 0.000419999997
v 0.00907082669 0.00549528422 0.000419999997
v 0.00902643986 0.00549832685 0.000419999997
v 0.00898195524 0.00549748912 0.000419999997
v 0.00898261834 0.00194026087 0.000419999997
v 0.00902685989 0.00194497267 0.000419999997
v 0.00907052215 0.00195352221 0.000419999997
v 0.00921666157 0.00288447901 0.000419999997
v 0.00917771924 0.00290599652 0.000419999997
v 0.00913704932 0.00292403554 0.000419999997
v 0.00909496099 0.00293846522 0.000419999997
v 0.00905177649 0.00294916937 0.000419999997
v 0.00900782272 0.00295606581 0.000419999997
v 0.00896343496 0.00295910868 0.000419999997
v 0.00891895127 0.00295827095 0.000419999997
v 0.00887470972 0.00295356289 0.000419999997
v 0.00883104745 0.00294501358 0.000419999997
v 0.00900113862 0.00447864132 0.000419999997
v 0.00904562231 0.00447947904 0.000419999997
v 0.00908986386 0.00448419107 0.000419999997
v 0.00913352706 0.00449274015 0.000419999997
v 0.00917627849 0.00450506108 0.000419999997
v 0.00921779312 0.00452106493 0.000419999997
v 0.00893771369 0.00549278129 0.000419999997
v 0.00889405143 0.00548423175 0.000419999997
v 0.00919475034 0.00200140616 0.000419999997
v 0.00923285633 0.00202437327 0.000419999997
v 0.0092688147 0.00205057231 0.000419999997
v 0.00895675085 0.00448168442 0.000419999997
v 0.00878829602 0.00293268892 0.000419999997
v 0.00891279709 0.00448858459 0.000419999997
v 0.00874678139 0.00291668926 0.000419999997
v 0.00870681927 0.00289712939 0.000419999997
v 0.00925775524 0.00454062456 0.000419999997
v 0.00929586031 0.00456359144 0.000419999997
v 0.00933181867 0.00458979048 0.000419999997
v 0.00920005329 0.00546325371 0.000419999997
v 0.00915796589 0.00547768315 0.000419999997
v 0.00911478046 0.00548838777 0.000419999997
v 0.00930235349 0.00207980862 0.000419999997
v 0.00933321565 0.00211185426 0.000419999997
v 0.00936116744 0.00214647222 0.000419999997
v 0.00936535746 0.00461902702 0.000419999997
v 0.00939621963 0.00465107244 0.000419999997
v 0.00942417234 0.00468569063 0.000419999997
v 0.0094575854 0.00239223079 0.000419999997
v 0.00946062803 0.00243661553 0.000419999997
v 0.00943420734 0.00261175772 0.000419999997
v 0.00941820629 0.00265327236 0.000419999997
v 0.00939864665 0.00269323168 0.000419999997
v 0.00932024326 0.00280083646 0.000419999997
v 0.00928819645 0.00283169653 0.000419999997
v 0.00925358105 0.00285965041 0.000419999997
v 0.00948121026 0.00519249029 0.000419999997
v 0.00946165156 0.00523245009 0.000419999997
v 0.00938324817 0.00534005463 0.000419999997
v 0.00935120042 0.00537091494 0.000419999997
v 0.00931658596 0.00539886858 0.000419999997
v 0.00937568024 0.00273133791 0.000419999997
v 0.00934947841 0.00276729604 0.000419999997
v 0.00951369014 0.00488749566 0.000419999997
v 0.00952058937 0.00493144896 0.000419999997
v 0.00943868421 0.00527055608 0.000419999997
v 0.00941248331 0.00530651445 0.000419999997
v 0.00950298551 0.00484431069 0.000419999997
v 0.0093859965 0.00218338892 0.000419999997
v 0.00940751284 0.00222233287 0.000419999997
v 0.00942555349 0.0022630028 0.000419999997
v 0.009523632 0.00497583393 0.000419999997
v 0.00952279475 0.00502031855 0.000419999997
v 0.00951808318 0.0050645601 0.000419999997
v 0.00943998154 0.00230508903 0.000419999997
v 0.00945068523 0.00234827725 0.000419999997
v 0.00944900047 0.00472260732 0.000419999997
v 0.00947051775 0.00476155104 0.000419999997
v 0.0094885584 0.00480222097 0.000419999997
v 0.00950953364 0.00510822237 0.000419999997
v 0.00949721131 0.00515097613 0.000419999997
v 0.00945978984 0.00248110015 0.000419999997
v 0.00945507921 0.0025253417 0.000419999997
v 0.00944652967 0.00256900419 0.000419999997
v 0.00872522499 0.00789716374 0.000419999997
v 0.00869436283 0.00786511414 0.000419999997
v 0.003789932 0.00892927311 0.000419999997
v 0.00860937219 0.0073237 0.000419999997
v 0.0086289309 0.00728373649 0.000419999997
v 0.00865189824 0.00724563422 0.000419999997
v 0.00867809914 0.00720967213 0.000419999997
v 0.00866641011 0.00783049967 0.000419999997
v 0.00864158105 0.00779357925 0.000419999997
v 0.00862006471 0.00775463926 0.000419999997
v 0.00857249927 0.0074516302 0.000419999997
v 0.00858104881 0.00740796793 0.000419999997
v 0.00859337114 0.00736521464 0.000419999997
v 0.00860202406 0.00771396933 0.000419999997
v 0.00858759694 0.0076718796 0.000419999997
v 0.00857689232 0.00762869464 0.000419999997
v 0.00856999308 0.00758474134 0.000419999997
v 0.00856695045 0.00754035311 0.000419999997
v 0.00856778771 0.00749587221 0.000419999997
v 0.00870733429 0.00717613567 0.000419999997
v 0.00873938203 0.00714527164 0.000419999997
v 0.00877399649 0.00711732171 0.000419999997
v 0.00881091598 0.00709249312 0.000419999997
v 0.00884985924 0.00707097538 0.000419999997
v 0.00889052916 0.00705293659 0.000419999997
v 0.00893261656 0.00703850714 0.000419999997
v 0.00891430397 0.00801112503 0.000419999997
v 0.00887278933 0.00799512584 0.000419999997
v 0.00881088711 0.00880469102 0.000419999997
v 0.00883282721 0.0079755662 0.000419999997
v 0.00879472215 0.00795259885 0.000419999997
v 0.00875876378 0.00792639982 0.000419999997
v 0.00897580199 0.00702780252 0.000419999997
v 0.00901975483 0.00702090235 0.000419999997
v 0.00906414259 0.00701785972 0.000419999997
v 0.00923928246 0.00704428321 0.000419999997
v 0.00928079709 0.00706028286 0.000419999997
v 0.00934267044 0.00796291512 0.000419999997
v 0.00930372719 0.00798443332 0.000419999997
v 0.0091338316 0.00803450588 0.000419999997
v 0.00908944383 0.00803754851 0.000419999997
v 0.00904496014 0.00803671125 0.000419999997
v 0.00910862722 0.00701869745 0.000419999997
v 0.00915286876 0.00702340901 0.000419999997
v 0.00919653103 0.00703195855 0.000419999997
v 0.00900071859 0.00803199969 0.000419999997
v 0.0089570554 0.00802345015 0.000419999997
v 0.00932075921 0.0070798425 0.000419999997
v 0.00935886428 0.00710280985 0.000419999997
v 0.00939482357 0.00712900888 0.000419999997
v 0.00926305726 0.00800247211 0.000419999997
v 0.00922096986 0.00801690202 0.000419999997
v 0.00917778537 0.00802760571 0.000419999997
v 0.00942836143 0.00715824496 0.000419999997
v 0.00945922453 0.00719029084 0.000419999997
v 0.00948717631 0.00722490903 0.000419999997
v 0.00954421423 0.0077317087 0.000419999997
v 0.00952465553 0.00777166802 0.000419999997
v 0.00944625214 0.00787927303 0.000419999997
v 0.00941420533 0.00791013706 0.000419999997
v 0.00937958993 0.00793808699 0.000419999997
v 0.00950168818 0.00780977448 0.000419999997
v 0.00947548728 0.00784573238 0.000419999997
v 0.00958359335 0.00747066736 0.000419999997
v 0.00951200537 0.00726182526 0.000419999997
v 0.00953352172 0.00730076944 0.000419999997
v 0.00955156237 0.00734143937 0.000419999997
v 0.00958663598 0.00751505187 0.000419999997
v 0.00958579872 0.00755953649 0.000419999997
v 0.00958108716 0.00760377804 0.000419999997
v 0.00956598949 0.0073835291 0.000419999997
v 0.00957669411 0.00742671359 0.000419999997
v 0.00957253855 0.00764744077 0.000419999997
v 0.00956021622 0.00769019406 0.000419999997
v 0.00878822897 0.0104363821 0.000419999997
v 0.0087573668 0.0104043325 0.000419999997
v 0.00883334316 0.0122545725 0.000419999997
v 0.00880410802 0.0122881122 0.000419999997
v 0.00865637511 0.00990443304 0.000419999997
v 0.00867237616 0.00986291841 0.000419999997
v 0.00873538107 0.0124021368 0.000419999997
v 0.00875493977 0.0123621766 0.000419999997
v 0.00877790712 0.0123240706 0.000419999997
v 0.00869379658 0.0125743086 0.000419999997
v 0.00869850814 0.012530067 0.000419999997
v 0.00870705675 0.0124864047 0.000419999997
v 0.00871937908 0.0124436505 0.000419999997
v 0.00862995442 0.010079571 0.000419999997
v 0.00863079168 0.0100350901 0.000419999997
v 0.00869193487 0.00982295536 0.000419999997
v 0.00871490221 0.00978485215 0.000419999997
v 0.00874110404 0.00974889472 0.000419999997
v 0.00872941501 0.0103697181 0.000419999997
v 0.00870458595 0.0103328014 0.000419999997
v 0.00868306961 0.0102938572 0.000419999997
v 0.00866502896 0.0102531873 0.000419999997
v 0.00865060091 0.010211098 0.000419999997
v 0.00863989722 0.0101679135 0.000419999997
v 0.00863299705 0.0101239597 0.000419999997
v 0.00863550324 0.0099908486 0.000419999997
v 0.00864405278 0.00994718634 0.000419999997
v 0.00901653804 0.0121313734 0.000419999997
v 0.00905862544 0.0121169435 0.000419999997
v 0.00882176775 0.0104656182 0.000419999997
v 0.00886538997 0.0122237084 0.000419999997
v 0.00890000537 0.0121957585 0.000419999997
v 0.00893692486 0.0121709295 0.000419999997
v 0.00897586811 0.0121494122 0.000419999997
v 0.00877033919 0.00971535407 0.000419999997
v 0.008802386 0.00968449004 0.000419999997
v 0.0088370014 0.00965654012 0.000419999997
v 0.00887392089 0.00963171106 0.000419999997
v 0.00891286321 0.00961019378 0.000419999997
v 0.00895353314 0.00959215499 0.000419999997
v 0.00899562147 0.00957772508 0.000419999997
v 0.00906372257 0.0105712181 0.000419999997
v 0.0090200603 0.0105626686 0.000419999997
v 0.0091457637 0.0120993387 0.000419999997
v 0.00897730887 0.0105503434 0.000419999997
v 0.00893579423 0.0105343442 0.000419999997
v 0.00889583211 0.0105147846 0.000419999997
v 0.00885772612 0.0104918173 0.000419999997
v 0.00940680597 0.0121387197 0.000419999997
v 0.00936529133 0.0121227195 0.000419999997
v 0.0093225399 0.0121103954 0.000419999997
v 0.00952083152 0.0122074457 0.000419999997
v 0.00955437031 0.0122366818 0.000419999997
v 0.00903880596 0.00956702046 0.000419999997
v 0.00908275973 0.00956012122 0.000419999997
v 0.0091271475 0.00955707766 0.000419999997
v 0.00930228643 0.00958350115 0.000419999997
v 0.00934380107 0.00959950127 0.000419999997
v 0.00944676809 0.0121582793 0.000419999997
v 0.00948487315 0.0121812467 0.000419999997
v 0.00917163119 0.00955791585 0.000419999997
v 0.00921587273 0.00956262741 0.000419999997
v 0.009259535 0.00957117695 0.000419999997
v 0.00940567441 0.0105021335 0.000419999997
v 0.00936673209 0.0105236517 0.000419999997
v 0.00932606217 0.0105416905 0.000419999997
v 0.00928397384 0.0105561195 0.000419999997
v 0.00910180993 0.0121062389 0.000419999997
v 0.00938376319 0.0096190609 0.000419999997
v 0.00942186918 0.00964202825 0.000419999997
v 0.00945782755 0.00966822729 0.000419999997
v 0.00924078934 0.0105668241 0.000419999997
v 0.00919683557 0.0105737243 0.000419999997
v 0.00927887671 0.0121018458 0.000419999997
v 0.00923463516 0.0120971343 0.000419999997
v 0.00919015147 0.0120962961 0.000419999997
v 0.0091524478 0.0105767669 0.000419999997
v 0.00910796411 0.0105759297 0.000419999997
v 0.00958523247 0.0122687314 0.000419999997
v 0.00961318519 0.0123033449 0.000419999997
v 0.00963801425 0.0123402653 0.000419999997
v 0.00965953059 0.0123792058 0.000419999997
v 0.00967757124 0.0124198757 0.000419999997
v 0.00969199836 0.0124619659 0.000419999997
v 0.00970270298 0.0125051504 0.000419999997
v 0.0094913654 0.00969746336 0.000419999997
v 0.0095222285 0.00972951297 0.000419999997
v 0.00955018029 0.00976412743 0.000419999997
v 0.00950925611 0.0104184914 0.000419999997
v 0.0094772093 0.0104493555 0.000419999997
v 0.0094425939 0.0104773054 0.000419999997
v 0.00958766043 0.0103108902 0.000419999997
v 0.00956469215 0.0103489924 0.000419999997
v 0.00953849126 0.0103849508 0.000419999997
v 0.00957500935 0.00980104413 0.000419999997
v 0.00959652569 0.00983998738 0.000419999997
v 0.00961456634 0.00988065731 0.000419999997
v 0.00964659825 0.0100098858 0.000419999997
v 0.00964964088 0.0100542698 0.000419999997
v 0.00964880269 0.0100987544 0.000419999997
v 0.00964409206 0.0101429969 0.000419999997
v 0.00962899439 0.0099227475 0.000419999997
v 0.00963969808 0.009965932 0.000419999997
v 0.00963554252 0.0101866592 0.000419999997
v 0.00962322019 0.0102294125 0.000419999997
v 0.00960721914 0.0102709271 0.000419999997
v 0.00892852433 0.0135457348 0.000419999997
v 0.00888477173 0.0130048366 0.000419999997
v 0.00885123387 0.0129755996 0.000419999997
v 0.00882037077 0.0129435547 0.000419999997
v 0.00879241899 0.0129089365 0.000419999997
v 0.00876758993 0.0128720198 0.000419999997
v 0.00874607358 0.0128330756 0.000419999997
v 0.00872803293 0.0127924057 0.000419999997
v 0.00871360581 0.0127503164 0.000419999997
v 0.00870290119 0.012707131 0.000419999997
v 0.00869600102 0.0126631781 0.000419999997
v 0.00869295839 0.0126187932 0.000419999997
v 0.00904031284 0.0130895618 0.000419999997
v 0.00899879821 0.0130735626 0.000419999997
v 0.00946867932 0.0130413519 0.000419999997
v 0.00942973606 0.0130628692 0.000419999997
v 0.00895883609 0.0130540021 0.000419999997
v 0.00892073009 0.0130310357 0.000419999997
v 0.00925984047 0.0131129427 0.000419999997
v 0.00921545271 0.0131159853 0.000419999997
v 0.00917096809 0.0131151481 0.000419999997
v 0.00912672654 0.0131104356 0.000419999997
v 0.00908306427 0.013101887 0.000419999997
v 0.00967022311 0.0128101455 0.000419999997
v 0.0096506644 0.0128501086 0.000419999997
v 0.00938906614 0.0130809089 0.000419999997
v 0.00934697874 0.0130953379 0.000419999997
v 0.00930379331 0.0131060425 0.000419999997
v 0.00962769706 0.0128882108 0.000419999997
v 0.00960149616 0.0129241729 0.000419999997
v 0.00957226101 0.0129577098 0.000419999997
v 0.00954021327 0.0129885729 0.000419999997
v 0.00950559881 0.0130165238 0.000419999997
v 0.00970960222 0.0125491042 0.000419999997
v 0.00971264485 0.0125934919 0.000419999997
v 0.00971180759 0.0126379728 0.000419999997
v 0.00970709603 0.0126822144 0.000419999997
v 0.00969854649 0.0127258776 0.000419999997
v 0.00968622416 0.0127686309 0.000419999997
v 0.00884091109 0.014863289 0.000419999997
v 0.00886711199 0.0148273306 0.000419999997
v 0.00889634714 0.0147937909 0.000419999997
v 0.00894737616 0.0143055012 0.000419999997
v 0.0087559633 0.0151580116 0.000419999997
v 0.00875680055 0.015113527 0.000419999997
v 0.00891423784 0.015514818 0.000419999997
v 0.00888337567 0.0154827731 0.000419999997
v 0.00885542296 0.0154481549 0.000419999997
v 0.0088305939 0.0154112382 0.000419999997
v 0.00880907755 0.015372294 0.000419999997
v 0.00875900593 0.0152023956 0.000419999997
v 0.0087910369 0.0153316241 0.000419999997
v 0.00877660979 0.0152895339 0.000419999997
v 0.00876590516 0.0152463494 0.000419999997
v 0.00878238399 0.0149828689 0.000419999997
v 0.00879838504 0.0149413543 0.000419999997
v 0.00881794374 0.014901395 0.000419999997
v 0.00876151212 0.0150692854 0.000419999997
v 0.00877006166 0.0150256231 0.000419999997
v 0.00892839488 0.0147629306 0.000419999997
v 0.00896300934 0.0147349769 0.000419999997
v 0.00899992883 0.0147101479 0.000419999997
v 0.00906180218 0.0156127801 0.000419999997
v 0.00902184006 0.0155932205 0.000419999997
v 0.00899989996 0.01642235 0.000419999997
v 0.008983735 0.0155702541 0.000419999997
v 0.00894777663 0.015544055 0.000419999997
v 0.00903887209 0.0146886306 0.000419999997
v 0.00907954201 0.0146705918 0.000419999997
v 0.00912162941 0.0146561619 0.000419999997
v 0.00916481484 0.0146454573 0.000419999997
v 0.00920876767 0.0146385571 0.000419999997
v 0.00925315544 0.0146355182 0.000419999997
v 0.00929763913 0.0146363517 0.000419999997
v 0.00934188161 0.0146410642 0.000419999997
v 0.00938554388 0.0146496138 0.000419999997
v 0.00942829531 0.014661938 0.000419999997
v 0.00946980994 0.0146779381 0.000419999997
v 0.00950977206 0.0146974977 0.000419999997
v 0.00954787713 0.0147204641 0.000419999997
v 0.00932284445 0.0156521611 0.000419999997
v 0.00927845668 0.0156552047 0.000419999997
v 0.00923397299 0.0156543665 0.000419999997
v 0.00918973144 0.015649654 0.000419999997
v 0.00914606825 0.0156411044 0.000419999997
v 0.00910331681 0.0156287793 0.000419999997
v 0.00953168329 0.0155805703 0.000419999997
v 0.00949274004 0.0156020876 0.000419999997
v 0.00945207011 0.0156201264 0.000419999997
v 0.00940998271 0.0156345572 0.000419999997
v 0.00936679821 0.01564526 0.000419999997
v 0.00969070103 0.0154274292 0.000419999997
v 0.00966450013 0.0154633913 0.000419999997
v 0.00963526499 0.0154969273 0.000419999997
v 0.00958383642 0.0147466669 0.000419999997
v 0.00961737428 0.0147759002 0.000419999997
v 0.00964823738 0.0148079488 0.000419999997
v 0.00967618916 0.0148425633 0.000419999997
v 0.00970101822 0.0148794837 0.000419999997
v 0.00972253457 0.0149184242 0.000419999997
v 0.00960321818 0.0155277913 0.000419999997
v 0.00956860278 0.0155557413 0.000419999997
v 0.00974922907 0.0153078493 0.000419999997
v 0.0097615514 0.015265095 0.000419999997
v 0.0097701 0.0152214328 0.000419999997
v 0.00973322708 0.0153493639 0.000419999997
v 0.00971366838 0.015389327 0.000419999997
v 0.00974057522 0.0149590941 0.000419999997
v 0.00975500233 0.0150011843 0.000419999997
v 0.00976570696 0.0150443688 0.000419999997
v 0.00977260619 0.0150883226 0.000419999997
v 0.00977564882 0.0151327103 0.000419999997
v 0.00977481157 0.0151771912 0.000419999997
v 0.0090510603 0.0184842143 0.000419999997
v 0.0090107806 0.0180832725 0.000419999997
v 0.00897724181 0.0180540364 0.000419999997
v 0.00894637965 0.0180219915 0.000419999997
v 0.00886138901 0.0174805727 0.000419999997
v 0.00888094772 0.0174406134 0.000419999997
v 0.00890391506 0.0174025074 0.000419999997
v 0.00893011689 0.017366549 0.000419999997
v 0.00891842786 0.0179873724 0.000419999997
v 0.0088935988 0.0179504566 0.000419999997
v 0.00887208246 0.0179115124 0.000419999997
v 0.00882451609 0.0176085029 0.000419999997
v 0.00883306563 0.0175648406 0.000419999997
v 0.00884538796 0.0175220873 0.000419999997
v 0.00885404181 0.0178708415 0.000419999997
v 0.00883961376 0.0178287569 0.000419999997
v 0.00882891007 0.0177855678 0.000419999997
v 0.0088220099 0.017741615 0.000419999997
v 0.00881896727 0.01769723 0.000419999997
v 0.00881980453 0.0176527444 0.000419999997
v 0.00895935204 0.0173330083 0.000419999997
v 0.00899139885 0.017302148 0.000419999997
v 0.00902601425 0.0172741953 0.000419999997
v 0.00906293374 0.0172493663 0.000419999997
v 0.00910187606 0.017227849 0.000419999997
v 0.00914254598 0.0172098093 0.000419999997
v 0.00918463431 0.0171953794 0.000419999997
v 0.00916632172 0.0181680024 0.000419999997
v 0.00912480708 0.0181519985 0.000419999997
v 0.00908484496 0.0181324389 0.000419999997
v 0.00904673897 0.0181094725 0.000419999997
v 0.00922781881 0.0171846747 0.000419999997
v 0.00927177258 0.0171777792 0.000419999997
v 0.00931616034 0.0171747357 0.000419999997
v 0.00949129928 0.0172011554 0.000419999997
v 0.00953281391 0.0172171555 0.000419999997
v 0.00959468726 0.0181197878 0.000419999997
v 0.00955574494 0.0181413069 0.000419999997
v 0.00938584842 0.0181913786 0.000419999997
v 0.00934146065 0.0181944221 0.000419999997
v 0.00929697696 0.0181935839 0.000419999997
v 0.00936064404 0.0171755739 0.000419999997
v 0.00940488558 0.0171802826 0.000419999997
v 0.00944854785 0.0171888322 0.000419999997
v 0.00925273541 0.0181888733 0.000419999997
v 0.00920907315 0.0181803238 0.000419999997
v 0.00957277603 0.0172367152 0.000419999997
v 0.00961088203 0.0172596835 0.000419999997
v 0.00964684039 0.0172858853 0.000419999997
v 0.00951507501 0.0181593485 0.000419999997
v 0.00947298668 0.0181737747 0.000419999997
v 0.00942980219 0.0181844793 0.000419999997
v 0.00968037825 0.0173151176 0.000419999997
v 0.00971124135 0.0173471682 0.000419999997
v 0.00973919313 0.0173817817 0.000419999997
v 0.00979623199 0.0178885814 0.000419999997
v 0.00977667235 0.0179285444 0.000419999997
v 0.00969826896 0.0180361457 0.000419999997
v 0.00966622215 0.0180670097 0.000419999997
v 0.00963160675 0.0180949606 0.000419999997
v 0.009753705 0.0179666467 0.000419999997
v 0.0097275041 0.0180026088 0.000419999997
v 0.00976402219 0.0174187031 0.000419999997
v 0.00978553854 0.0174576417 0.000419999997
v 0.00980357919 0.0174983125 0.000419999997
v 0.00983865373 0.0176719297 0.000419999997
v 0.00983781554 0.0177164096 0.000419999997
v 0.00983310491 0.0177606512 0.000419999997
v 0.00981800724 0.0175404027 0.000419999997
v 0.00982871093 0.0175835863 0.000419999997
v 0.0098356111 0.017627541 0.000419999997
v 0.00982455537 0.0178043172 0.000419999997
v 0.00981223304 0.0178470667 0.000419999997
v 0.00904024672 0.0205932539 0.000419999997
v 0.00900938362 0.0205612089 0.000419999997
v 0.00892439391 0.020019792 0.000419999997
v 0.00894395262 0.0199798308 0.000419999997
v 0.00896691997 0.0199417248 0.000419999997
v 0.00899312086 0.0199057665 0.000419999997
v 0.00898143183 0.0205265954 0.000419999997
v 0.00895660277 0.0204896741 0.000419999997
v 0.00893508643 0.0204507299 0.000419999997
v 0.00888752099 0.0201477222 0.000419999997
v 0.0088960696 0.0201040599 0.000419999997
v 0.00890839193 0.0200613048 0.000419999997
v 0.00891704578 0.0204100609 0.000419999997
v 0.00890261866 0.0203679744 0.000419999997
v 0.00889191404 0.020324789 0.000419999997
v 0.0088850148 0.0202808362 0.000419999997
v 0.00888197124 0.0202364475 0.000419999997
v 0.00888280943 0.0201919638 0.000419999997
v 0.00902235601 0.0198722277 0.000419999997
v 0.00905440282 0.0198413674 0.000419999997
v 0.00908901822 0.0198134128 0.000419999997
v 0.00912593771 0.0197885837 0.000419999997
v 0.00916488096 0.0197670665 0.000419999997
v 0.00920555089 0.0197490286 0.000419999997
v 0.00924763829 0.0197345987 0.000419999997
v 0.00922932569 0.0207072198 0.000419999997
v 0.00918781105 0.0206912179 0.000419999997
v 0.00912590884 0.0215007868 0.000419999997
v 0.00914784893 0.0206716564 0.000419999997
v 0.00910974294 0.0206486899 0.000419999997
v 0.00907378457 0.0206224918 0.000419999997
v 0.00929082278 0.0197238941 0.000419999997
v 0.00933477655 0.0197169967 0.000419999997
v 0.00937916432 0.019713955 0.000419999997
v 0.00955430418 0.0197403748 0.000419999997
v 0.00959581882 0.0197563749 0.000419999997
v 0.00942364801 0.0197147932 0.000419999997
v 0.00946788955 0.0197195001 0.000419999997
v 0.00951155275 0.0197280496 0.000419999997
v 0.0103277024 0.0205309838 0.000419999997
v 0.0104102269 0.020502694 0.000419999997
v 0.00940446556 0.0207336396 0.000419999997
v 0.00935998093 0.0207328033 0.000419999997
v 0.00931573939 0.0207280908 0.000419999997
v 0.00927207712 0.0207195412 0.000419999997
v 0.00963578094 0.0197759345 0.000419999997
v 0.009673886 0.0197989009 0.000419999997
v 0.00970984437 0.0198251046 0.000419999997
v 0.00957807899 0.0206985679 0.000419999997
v 0.00953599159 0.0207129922 0.000419999997
v 0.00974503905 0.0211432967 0.000419999997
v 0.00972087774 0.0212271251 0.000419999997
v 0.0104949037 0.0204817038 0.000419999997
v 0.0105810864 0.0204681773 0.000419999997
v 0.00949280616 0.0207236968 0.000419999997
v 0.00969487615 0.0213994849 0.000419999997
v 0.00970411394 0.021312736 0.000419999997
v 0.00969461165 0.0206341781 0.000419999997
v 0.00985979848 0.0209088214 0.000419999997
v 0.00991117302 0.0208383165 0.000419999997
v 0.00961874891 0.0206805244 0.000419999997
v 0.00977641437 0.0210618954 0.000419999997
v 0.00981476437 0.0209835395 0.000419999997
v 0.00974338315 0.019854337 0.000419999997
v 0.00977424532 0.0198863856 0.000419999997
v 0.00980219804 0.019921001 0.000419999997
v 0.010247957 0.0205663592 0.000419999997
v 0.00985923596 0.0204278007 0.000419999997
v 0.0100992071 0.0206572302 0.000419999997
v 0.00987523701 0.0203862861 0.000419999997
v 0.00988755934 0.0203435365 0.000419999997
v 0.00965769216 0.0206590071 0.000419999997
v 0.00989861507 0.0201667584 0.000419999997
v 0.0099016577 0.0202111471 0.000419999997
v 0.00990082044 0.0202556308 0.000419999997
v 0.00989610888 0.0202998724 0.000419999997
v 0.00983967725 0.0204677638 0.000419999997
v 0.00981670991 0.0205058698 0.000419999997
v 0.0100313351 0.0207120385 0.000419999997
v 0.00979050901 0.0205418281 0.000419999997
v 0.00996849686 0.020772554 0.000419999997
v 0.00976127386 0.0205753651 0.000419999997
v 0.00972922612 0.0206062272 0.000419999997
v 0.00982702617 0.0199579205 0.000419999997
v 0.00984854344 0.019996861 0.000419999997
v 0.00986658409 0.02003753 0.000419999997
v 0.00988101121 0.0200796202 0.000419999997
v 0.00989171583 0.0201228056 0.000419999997
v 0.0101715988 0.0206085481 0.000419999997
v 0.00917421561 0.0234476868 0.000419999997
v 0.00917274784 0.0231879093 0.000419999997
v 0.00913678948 0.0231617093 0.000419999997
v 0.00910325069 0.0231324732 0.000419999997
v 0.00907238852 0.0231004283 0.000419999997
v 0.00904443581 0.0230658129 0.000419999997
v 0.00901960675 0.0230288934 0.000419999997
v 0.0089980904 0.0229899492 0.000419999997
v 0.00898004975 0.0229492784 0.000419999997
v 0.00896562263 0.0229071919 0.000419999997
v 0.0089458134 0.0227311812 0.000419999997
v 0.00895052496 0.0226869397 0.000419999997
v 0.0089590745 0.0226432774 0.000419999997
v 0.00895491801 0.0228640083 0.000419999997
v 0.00894801877 0.0228200536 0.000419999997
v 0.00894497614 0.0227756668 0.000419999997
v 0.00975761563 0.0231733955 0.000419999997
v 0.00979223102 0.0231454466 0.000419999997
v 0.00982427783 0.0231145825 0.000419999997
v 0.00972069614 0.0231982246 0.000419999997
v 0.00968175288 0.0232197419 0.000419999997
v 0.00964108296 0.0232377853 0.000419999997
v 0.00946746953 0.0232728589 0.000419999997
v 0.00942298584 0.0232720207 0.000419999997
v 0.00929232966 0.0232464392 0.000419999997
v 0.00925081503 0.0232304353 0.000419999997
v 0.00921085291 0.0232108757 0.000419999997
v 0.00959899556 0.0232522115 0.000419999997
v 0.00955581106 0.0232629161 0.000419999997
v 0.00951185729 0.0232698154 0.000419999997
v 0.00990268122 0.0230069812 0.000419999997
v 0.00987971388 0.0230450872 0.000419999997
v 0.00985351298 0.0230810456 0.000419999997
v 0.00937874429 0.0232673083 0.000419999997
v 0.00933508109 0.0232587587 0.000419999997
v 0.00992958806 0.0225767531 0.000419999997
v 0.00994401518 0.0226188395 0.000419999997
v 0.0099547198 0.0226620231 0.000419999997
v 0.00996161904 0.0227059778 0.000419999997
v 0.00995056424 0.022882754 0.000419999997
v 0.00993824191 0.0229255036 0.000419999997
v 0.00992223993 0.0229670182 0.000419999997
v 0.00996466167 0.0227503646 0.000419999997
v 0.00996382441 0.0227948502 0.000419999997
v 0.00995911285 0.0228390917 0.000419999997
v 0.00915202219 0.0223526321 0.000419999997
v 0.00918894168 0.0223278031 0.000419999997
v 0.00922788493 0.0223062858 0.000419999997
v 0.00926855486 0.0222882461 0.000419999997
v 0.00931064226 0.0222738199 0.000419999997
v 0.00935382769 0.0222631153 0.000419999997
v 0.00939778052 0.022256216 0.000419999997
v 0.00969323423 0.0214867089 0.000419999997
v 0.00944885332 0.0207305979 0.000419999997
v 0.00957455672 0.0222672727 0.000419999997
v 0.00971272867 0.0216599256 0.000419999997
v 0.00953089446 0.0222587232 0.000419999997
v 0.00969920028 0.021573741 0.000419999997
v 0.00948665291 0.0222540107 0.000419999997
v 0.00944216829 0.0222531725 0.000419999997
v 0.00979738031 0.0219068713 0.000419999997
v 0.00976200681 0.0218271278 0.000419999997
v 0.00973371789 0.0217446033 0.000419999997
v 0.010630508 0.022459954 0.000419999997
v 0.010543759 0.0224507153 0.000419999997
v 0.0104581462 0.0224339496 0.000419999997
v 0.0103743197 0.022409793 0.000419999997
v 0.0102929184 0.0223784167 0.000419999997
v 0.0102145616 0.0223400667 0.000419999997
v 0.00991154741 0.0225360785 0.000419999997
v 0.00961730815 0.0222795922 0.000419999997
v 0.00965882279 0.0222955924 0.000419999997
v 0.00983956922 0.0219832286 0.000419999997
v 0.00969878491 0.022315152 0.000419999997
v 0.00988825317 0.0220556222 0.000419999997
v 0.00973688997 0.0223381184 0.000419999997
v 0.00994306151 0.0221234951 0.000419999997
v 0.00977284927 0.0223643221 0.000419999997
v 0.010003577 0.0221863315 0.000419999997
v 0.00980638713 0.0223935544 0.000419999997
v 0.0100693377 0.0222436562 0.000419999997
v 0.00983725023 0.0224256031 0.000419999997
v 0.0101398453 0.0222950298 0.000419999997
v 0.00986520201 0.0224602185 0.000419999997
v 0.00989003107 0.022497138 0.000419999997
v 0.00897139683 0.0226005279 0.000419999997
v 0.00898739789 0.0225590095 0.000419999997
v 0.00900695659 0.0225190502 0.000419999997
v 0.00911740772 0.0223805849 0.000419999997
v 0.00908535998 0.0224114452 0.000419999997
v 0.00902992394 0.0224809442 0.000419999997
v 0.00905612484 0.0224449858 0.000419999997
v 0.00986237451 0.0266745165 0.000419999997
v 0.00994720496 0.026592819 0.000419999997
v 0.0096548358 0.0269593466 0.000419999997
v 0.0097156316 0.0268584751 0.000419999997
v 0.0097849872 0.026763292 0.000419999997
v 0.0100388331 0.0265188292 0.000419999997
v 0.0101365605 0.0264531076 0.000419999997
v 0.0102396449 0.0263961516 0.000419999997
v 0.0103473011 0.0263483934 0.000419999997
v 0.0104587097 0.0263102055 0.000419999997
v 0.010573023 0.026281869 0.000419999997
v -0.00538027007 0.00661602709 0.000419999997
v -0.0053172661 0.0091552455 0.000419999997
v -0.00613632146 -0.0238545928 0.000419999997
v -0.00607331749 -0.0213153753 0.000419999997
v -0.00601031305 -0.018776156 0.000419999997
v -0.00594730861 -0.0162369385 0.000419999997
v -0.0058213002 -0.0111585008 0.000419999997
v -0.00575829577 -0.00861928239 0.000419999997
v -0.00569529179 -0.00608006399 0.000419999997
v -0.00563228736 -0.00354084582 0.000419999997
v -0.00863555167 -0.0237925816 0.000419999997
v -0.0085725477 -0.0212533623 0.000419999997
v -0.00850954279 -0.0187141448 0.000419999997
v -0.00844653882 -0.0161749255 0.000419999997
v -0.00832052995 -0.0110964887 0.000419999997
v -0.00825752597 -0.00855727028 0.000419999997
v -0.008194522 -0.00601805188 0.000419999997
v -0.0081315171 -0.00347883371 0.000419999997
v -0.00806851313 -0.000939615536 0.000419999997
v -0.00801295042 0.00129969744 0.000419999997
v -0.00799409859 0.00205946364 0.000419999997
v -0.00787950028 0.00667803921 0.000419999997
v -0.00781649631 0.00921725761 0.000419999997
f 1 3 2
f 1 4 3
f 3 4 5
f 4 6 5
f 5 6 7
f 6 8 7
f 7 8 9
f 8 10 9
f 9 10 11
f 10 12 11
f 11 12 13
f 12 14 13
f 13 14 15
f 14 16 15
f 15 16 17
f 16 18 17
f 17 18 19
f 18 20 19
f 19 20 21
f 20 22 21
f 21 22 23
f 22 24 23
f 23 24 25
f 24 26 25
f 25 26 27
f 26 28 27
f 27 28 29
f 28 30 29
f 29 30 31
f 30 32 31
f 31 32 33
f 32 34 33
f 33 34 35
f 34 36 35
f 35 36 37
f 36 38 37
f 38 39 37
f 37 39 40
f 39 41 40
f 40 41 42
f 41 43 42
f 42 43 44
f 43 45 44
f 44 45 46
f 45 47 46
f 46 47 48
f 47 49 48
f 48 49 50
f 49 51 50
f 50 51 52
f 51 53 52
f 52 53 54
f 53 55 54
f 54 55 56
f 55 57 56
f 56 57 58
f 57 59 58
f 58 59 60
f 59 61 60
f 60 61 62
f 61 63 62
f 62 63 64
f 63 65 64
f 64 65 66
f 65 67 66
f 66 67 68
f 67 69 68
f 68 69 70
f 69 71 70
f 70 71 72
f 71 73 72
f 72 73 74
f 73 75 74
f 74 75 76
f 75 77 76
f 76 77 78
f 77 79 78
f 78 79 80
f 79 81 80
f 80 81 82
f 81 83 82
f 82 83 84
f 83 85 84
f 84 85 86
f 87 89 88
f 88 89 90
f 89 91 90
f 90 91 92
f 91 93 92
f 92 93 94
f 93 95 94
f 94 95 96
f 95 97 96
f 96 97 98
f 97 99 98
f 98 99 100
f 99 1 100
f 100 1 2
f 101 103 102
f 104 106 105
f 107 109 108
f 110 112 111
f 113 115 114
f 116 40 117
f 117 40 118
f 40 119 118
f 116 120 40
f 40 120 37
f 120 121 37
f 121 122 37
f 37 122 35
f 122 123 35
f 35 123 33
f 123 124 33
f 33 124 31
f 124 125 31
f 31 125 29
f 125 126 29
f 29 126 27
f 126 127 27
f 27 127 25
f 127 128 25
f 25 128 23
f 128 129 23
f 23 129 21
f 129 130 21
f 21 130 19
f 130 131 19
f 19 131 17
f 131 132 17
f 17 132 15
f 132 133 15
f 15 133 13
f 133 134 13
f 13 134 11
f 134 135 11
f 11 135 9
f 135 136 9
f 9 136 7
f 136 137 7
f 7 137 5
f 137 138 5
f 139 141 140
f 140 141 142
f 42 140 143
f 143 140 144
f 140 142 144
f 119 40 145
f 145 40 146
f 40 42 146
f 146 42 147
f 147 42 148
f 148 42 149
f 42 150 149
f 150 42 151
f 151 42 152
f 42 143 152
f 153 42 154
f 153 155 42
f 154 42 156
f 156 42 157
f 42 158 157
f 140 160 159
f 158 42 161
f 161 42 162
f 42 163 162
f 164 140 165
f 165 140 166
f 140 167 166
f 160 140 168
f 168 140 169
f 140 170 169
f 170 140 171
f 171 140 172
f 140 42 172
f 172 42 173
f 42 155 173
f 42 175 174
f 176 140 177
f 177 140 178
f 140 164 178
f 167 140 179
f 179 140 180
f 140 159 180
f 163 42 181
f 181 42 182
f 42 174 182
f 183 185 184
f 184 185 186
f 185 187 186
f 188 189 44
f 44 189 42
f 189 190 42
f 42 190 175
f 188 44 191
f 191 44 192
f 44 193 192
f 187 185 194
f 194 185 195
f 185 140 195
f 195 140 196
f 140 176 196
f 197 183 198
f 199 201 200
f 200 201 202
f 203 185 204
f 204 185 205
f 185 183 205
f 205 183 206
f 183 197 206
f 193 44 207
f 207 44 208
f 44 46 208
f 208 46 209
f 46 210 209
f 211 46 212
f 212 46 213
f 46 201 213
f 213 201 214
f 201 199 214
f 202 201 215
f 215 201 216
f 201 217 216
f 216 217 218
f 210 46 219
f 219 46 220
f 46 221 220
f 221 46 222
f 222 46 223
f 46 211 223
f 198 183 224
f 224 183 225
f 183 226 225
f 226 227 225
f 225 227 228
f 227 229 228
f 218 230 216
f 216 230 231
f 230 232 231
f 231 232 233
f 232 234 233
f 233 234 235
f 234 236 235
f 235 236 237
f 236 238 237
f 237 238 239
f 238 240 239
f 239 240 241
f 240 242 241
f 241 242 243
f 242 228 243
f 243 228 244
f 228 229 244
f 245 48 246
f 247 249 248
f 248 249 250
f 249 251 250
f 252 249 253
f 253 249 254
f 249 247 254
f 255 257 256
f 256 257 258
f 257 259 258
f 260 262 261
f 261 262 263
f 249 265 264
f 255 260 257
f 257 260 266
f 260 261 266
f 267 268 201
f 201 268 269
f 268 270 269
f 271 273 272
f 274 48 275
f 275 48 276
f 251 249 277
f 277 249 278
f 249 279 278
f 264 273 249
f 249 273 280
f 273 271 280
f 267 201 281
f 281 201 282
f 201 46 282
f 282 46 283
f 276 48 284
f 284 48 285
f 48 245 285
f 286 288 287
f 287 288 289
f 279 249 290
f 290 249 291
f 249 280 291
f 263 269 261
f 261 269 292
f 269 270 292
f 283 46 293
f 293 46 294
f 46 295 294
f 286 287 296
f 296 287 297
f 287 298 297
f 297 298 299
f 298 300 299
f 299 300 301
f 300 302 301
f 301 302 303
f 302 258 303
f 303 258 304
f 258 259 304
f 295 46 305
f 305 46 306
f 46 307 306
f 308 272 309
f 309 272 310
f 272 311 310
f 307 46 312
f 312 46 313
f 46 314 313
f 48 316 315
f 271 272 317
f 317 272 318
f 272 319 318
f 289 311 287
f 287 311 320
f 311 272 320
f 316 48 321
f 321 48 322
f 48 274 322
f 319 272 323
f 323 272 324
f 272 308 324
f 314 46 325
f 325 46 326
f 46 327 326
f 328 48 329
f 329 48 330
f 48 315 330
f 327 46 331
f 331 46 332
f 46 48 332
f 332 48 333
f 48 328 333
f 334 249 335
f 336 338 337
f 338 336 339
f 339 336 340
f 336 341 340
f 342 249 343
f 343 249 344
f 249 345 344
f 345 249 346
f 346 249 347
f 249 334 347
f 348 50 349
f 349 50 350
f 50 336 350
f 350 336 351
f 336 337 351
f 341 336 352
f 352 336 353
f 336 354 353
f 336 356 355
f 335 249 357
f 357 249 358
f 249 359 358
f 246 48 252
f 252 48 249
f 48 360 249
f 249 360 359
f 360 48 361
f 361 48 362
f 48 363 362
f 364 50 365
f 365 50 366
f 354 336 367
f 367 336 368
f 336 355 368
f 366 50 369
f 369 50 370
f 50 348 370
f 371 249 372
f 372 249 373
f 249 342 373
f 363 48 374
f 374 48 375
f 48 376 375
f 376 48 377
f 377 48 378
f 48 379 378
f 356 336 380
f 380 336 381
f 336 382 381
f 383 384 249
f 249 384 385
f 383 249 386
f 386 249 387
f 249 371 387
f 379 48 388
f 388 48 389
f 48 390 389
f 50 392 391
f 382 336 393
f 393 336 394
f 336 249 394
f 394 249 395
f 249 385 395
f 392 50 396
f 396 50 397
f 50 364 397
f 390 48 398
f 398 48 399
f 48 400 399
f 401 50 402
f 402 50 403
f 50 391 403
f 400 48 404
f 404 48 405
f 48 50 405
f 405 50 406
f 50 401 406
f 407 336 408
f 409 52 410
f 411 413 412
f 412 413 414
f 415 52 416
f 408 336 417
f 417 336 418
f 336 419 418
f 415 420 52
f 416 52 421
f 421 52 422
f 52 409 422
f 414 413 423
f 423 413 424
f 413 425 424
f 425 413 426
f 426 413 427
f 413 428 427
f 419 336 429
f 429 336 430
f 336 50 430
f 430 50 431
f 50 432 431
f 432 50 433
f 433 50 434
f 50 435 434
f 436 336 437
f 437 336 438
f 336 407 438
f 428 413 439
f 439 413 440
f 413 441 440
f 435 50 442
f 442 50 443
f 50 444 443
f 445 446 52
f 52 446 447
f 445 52 448
f 448 52 449
f 52 420 449
f 450 451 336
f 336 451 452
f 450 336 453
f 453 336 454
f 336 436 454
f 444 50 455
f 455 50 456
f 50 457 456
f 457 50 458
f 458 50 459
f 50 460 459
f 441 413 461
f 461 413 462
f 413 463 462
f 463 413 464
f 464 413 465
f 413 466 465
f 467 52 468
f 469 336 470
f 470 336 471
f 336 452 471
f 468 52 472
f 472 52 473
f 52 447 473
f 466 413 474
f 474 413 475
f 413 336 475
f 475 336 476
f 336 469 476
f 460 50 477
f 477 50 478
f 50 52 478
f 478 52 479
f 52 467 479
f 480 52 54
f 481 480 482
f 482 480 483
f 480 484 483
f 485 480 486
f 486 480 487
f 480 481 487
f 484 480 488
f 488 480 489
f 480 490 489
f 54 492 491
f 490 480 493
f 493 480 494
f 480 495 494
f 495 480 496
f 496 480 497
f 480 54 497
f 497 54 498
f 54 491 498
f 499 501 500
f 500 501 502
f 492 54 503
f 503 54 504
f 54 505 504
f 502 501 506
f 506 501 507
f 501 480 507
f 507 480 508
f 480 485 508
f 505 54 509
f 509 54 510
f 54 511 510
f 511 54 512
f 512 54 513
f 54 514 513
f 515 516 56
f 56 516 517
f 514 54 518
f 518 54 519
f 54 56 519
f 519 56 520
f 56 517 520
f 521 523 522
f 523 521 524
f 524 521 525
f 521 526 525
f 527 58 528
f 529 501 530
f 530 501 531
f 501 532 531
f 532 501 533
f 533 501 534
f 501 535 534
f 535 501 536
f 536 501 537
f 501 499 537
f 538 58 539
f 58 541 540
f 526 521 542
f 542 521 543
f 521 544 543
f 521 546 545
f 547 501 548
f 549 56 550
f 539 58 551
f 551 58 552
f 58 553 552
f 528 58 554
f 554 58 555
f 58 540 555
f 556 58 557
f 557 58 558
f 58 521 558
f 558 521 559
f 521 522 559
f 544 521 560
f 560 521 561
f 521 545 561
f 553 58 562
f 562 58 563
f 58 527 563
f 564 566 565
f 567 58 568
f 568 58 569
f 547 570 501
f 548 501 571
f 571 501 572
f 501 529 572
f 56 58 550
f 550 58 573
f 58 538 573
f 566 564 574
f 574 564 575
f 564 576 575
f 569 58 577
f 577 58 578
f 58 556 578
f 515 56 579
f 579 56 580
f 56 549 580
f 565 581 564
f 564 581 582
f 581 583 582
f 582 583 584
f 583 536 584
f 584 536 585
f 536 586 585
f 586 536 587
f 587 536 588
f 536 589 588
f 589 536 590
f 590 536 591
f 536 592 591
f 592 536 593
f 593 536 594
f 536 537 594
f 576 564 595
f 595 564 596
f 564 597 596
f 546 521 598
f 598 521 599
f 521 600 599
f 597 564 601
f 601 564 602
f 564 603 602
f 600 521 604
f 604 521 605
f 521 606 605
f 606 521 607
f 607 521 608
f 521 501 608
f 608 501 609
f 501 570 609
f 610 58 611
f 611 58 612
f 603 564 613
f 613 564 58
f 564 614 58
f 58 614 541
f 613 58 615
f 615 58 616
f 58 617 616
f 612 58 618
f 618 58 619
f 58 567 619
f 620 621 58
f 58 621 622
f 617 58 623
f 623 58 624
f 58 622 624
f 620 58 625
f 625 58 626
f 58 610 626
f 627 629 628
f 629 627 630
f 630 627 631
f 627 632 631
f 633 521 634
f 634 521 635
f 521 636 635
f 636 521 637
f 637 521 638
f 521 639 638
f 640 60 641
f 641 60 642
f 60 627 642
f 642 627 643
f 627 628 643
f 632 627 644
f 644 627 645
f 627 646 645
f 627 648 647
f 639 521 649
f 649 521 650
f 521 651 650
f 58 653 652
f 654 60 655
f 655 60 656
f 646 627 657
f 657 627 658
f 627 647 658
f 651 521 659
f 659 521 660
f 521 58 660
f 660 58 661
f 58 652 661
f 656 60 662
f 662 60 663
f 60 640 663
f 664 521 665
f 665 521 666
f 521 633 666
f 653 58 667
f 667 58 668
f 58 669 668
f 669 58 670
f 670 58 671
f 58 672 671
f 648 627 673
f 673 627 674
f 627 675 674
f 676 521 677
f 677 521 678
f 521 679 678
f 679 521 680
f 680 521 681
f 521 664 681
f 672 58 682
f 682 58 683
f 58 684 683
f 60 686 685
f 675 627 687
f 687 627 688
f 627 676 688
f 686 60 689
f 689 60 690
f 60 654 690
f 684 58 691
f 691 58 692
f 58 693 692
f 694 60 695
f 695 60 696
f 60 685 696
f 693 58 697
f 697 58 698
f 58 60 698
f 698 60 699
f 60 694 699
f 700 627 701
f 702 704 703
f 703 704 705
f 705 704 706
f 706 704 707
f 704 708 707
f 709 627 710
f 710 627 711
f 627 712 711
f 713 627 714
f 714 627 715
f 627 716 715
f 716 627 717
f 717 627 718
f 627 700 718
f 719 720 701
f 701 720 721
f 722 62 723
f 723 62 724
f 725 727 726
f 726 727 728
f 727 729 728
f 730 627 731
f 731 627 732
f 627 709 732
f 701 721 733
f 733 721 734
f 721 735 734
f 734 735 736
f 735 737 736
f 736 737 725
f 737 738 725
f 725 738 727
f 708 704 739
f 739 704 740
f 704 741 740
f 704 743 742
f 744 627 745
f 712 627 746
f 746 627 747
f 627 748 747
f 749 750 60
f 60 750 751
f 729 727 752
f 752 727 753
f 727 754 753
f 727 756 755
f 741 704 757
f 757 704 758
f 704 742 758
f 759 704 760
f 719 701 761
f 761 701 762
f 701 763 762
f 748 627 764
f 764 627 765
f 627 60 765
f 765 60 766
f 60 751 766
f 767 62 768
f 768 62 769
f 754 727 770
f 770 727 771
f 727 755 771
f 756 727 772
f 772 727 773
f 727 774 773
f 745 627 775
f 775 627 776
f 627 713 776
f 763 701 777
f 777 701 778
f 701 779 778
f 779 701 780
f 780 701 781
f 701 782 781
f 783 62 784
f 784 62 785
f 62 786 785
f 769 62 787
f 787 62 788
f 62 722 788
f 789 627 790
f 791 627 792
f 792 627 793
f 627 730 793
f 749 60 794
f 794 60 795
f 60 796 795
f 796 60 797
f 797 60 798
f 60 799 798
f 800 62 801
f 801 62 802
f 743 704 803
f 803 704 804
f 704 805 804
f 806 62 807
f 807 62 808
f 802 62 809
f 809 62 810
f 62 767 810
f 805 704 811
f 811 704 812
f 704 759 812
f 760 704 813
f 813 704 814
f 704 627 814
f 814 627 815
f 627 744 815
f 790 627 816
f 816 627 817
f 627 818 817
f 818 627 819
f 819 627 820
f 627 791 820
f 799 60 821
f 821 60 822
f 60 823 822
f 808 62 824
f 824 62 825
f 62 783 825
f 826 62 827
f 827 62 828
f 62 829 828
f 782 701 830
f 830 701 831
f 701 627 831
f 831 627 832
f 627 789 832
f 60 834 833
f 774 727 835
f 835 727 826
f 727 836 826
f 826 836 62
f 836 837 62
f 62 837 786
f 823 60 838
f 838 60 839
f 60 833 839
f 829 62 840
f 840 62 841
f 62 800 841
f 834 60 842
f 842 60 843
f 60 62 843
f 843 62 844
f 62 806 844
f 845 62 64
f 846 64 847
f 848 850 849
f 849 850 851
f 851 850 852
f 852 850 853
f 850 854 853
f 855 845 856
f 857 66 858
f 854 850 859
f 859 850 860
f 850 861 860
f 847 64 862
f 862 64 863
f 64 864 863
f 865 845 866
f 867 845 868
f 868 845 869
f 845 64 869
f 869 64 870
f 64 846 870
f 866 845 871
f 871 845 872
f 845 855 872
f 873 845 874
f 874 845 875
f 845 867 875
f 876 66 877
f 877 66 878
f 66 850 878
f 878 850 879
f 850 848 879
f 856 845 880
f 880 845 881
f 845 873 881
f 864 64 882
f 882 64 883
f 64 884 883
f 858 66 885
f 885 66 886
f 66 876 886
f 850 888 887
f 861 850 889
f 889 850 890
f 850 887 890
f 888 850 891
f 891 850 892
f 850 893 892
f 894 845 895
f 895 845 896
f 884 64 897
f 897 64 898
f 64 899 898
f 899 64 900
f 900 64 901
f 64 902 901
f 903 904 66
f 66 904 905
f 903 66 906
f 906 66 907
f 66 908 907
f 908 66 909
f 909 66 910
f 66 857 910
f 896 845 911
f 911 845 912
f 845 865 912
f 902 64 913
f 913 64 914
f 64 66 914
f 914 66 915
f 66 905 915
f 893 850 916
f 916 850 917
f 850 845 917
f 917 845 918
f 845 894 918
f 919 921 920
f 920 921 922
f 921 923 922
f 924 850 925
f 925 850 926
f 850 66 926
f 927 68 928
f 928 68 929
f 68 921 929
f 929 921 930
f 921 919 930
f 931 850 932
f 932 850 933
f 850 924 933
f 926 66 934
f 934 66 935
f 66 936 935
f 937 68 938
f 938 68 939
f 68 927 939
f 923 921 940
f 940 921 941
f 921 942 941
f 943 944 850
f 850 944 945
f 936 66 946
f 946 66 947
f 66 948 947
f 948 66 949
f 949 66 950
f 66 951 950
f 952 68 953
f 942 921 954
f 954 921 955
f 921 956 955
f 956 921 957
f 957 921 958
f 921 959 958
f 943 850 960
f 960 850 961
f 850 962 961
f 953 68 963
f 963 68 964
f 68 937 964
f 965 850 966
f 966 850 967
f 962 850 968
f 968 850 969
f 850 931 969
f 951 66 970
f 970 66 971
f 66 972 971
f 972 66 973
f 973 66 974
f 66 975 974
f 976 68 977
f 959 921 978
f 978 921 979
f 921 980 979
f 967 850 981
f 981 850 982
f 850 945 982
f 976 983 68
f 977 68 984
f 984 68 985
f 68 952 985
f 975 66 986
f 986 66 987
f 66 68 987
f 987 68 988
f 68 983 988
f 980 921 989
f 989 921 990
f 921 850 990
f 990 850 991
f 850 965 991
f 992 994 993
f 993 994 995
f 994 996 995
f 997 921 998
f 998 921 999
f 921 68 999
f 1000 70 1001
f 1001 70 1002
f 70 994 1002
f 1002 994 1003
f 994 992 1003
f 1004 921 1005
f 1005 921 1006
f 921 997 1006
f 999 68 1007
f 1007 68 1008
f 68 1009 1008
f 1010 70 1011
f 1011 70 1012
f 70 1000 1012
f 996 994 1013
f 1013 994 1014
f 994 1015 1014
f 1016 1017 921
f 921 1017 1018
f 1009 68 1019
f 1019 68 1020
f 68 1021 1020
f 1021 68 1022
f 1022 68 1023
f 68 1024 1023
f 1025 70 1026
f 1015 994 1027
f 1027 994 1028
f 994 1029 1028
f 1029 994 1030
f 1030 994 1031
f 994 1032 1031
f 1016 921 1033
f 1033 921 1034
f 921 1035 1034
f 1026 70 1036
f 1036 70 1037
f 70 1010 1037
f 1038 921 1039
f 1039 921 1040
f 1035 921 1041
f 1041 921 1042
f 921 1004 1042
f 1024 68 1043
f 1043 68 1044
f 68 1045 1044
f 1045 68 1046
f 1046 68 1047
f 68 1048 1047
f 1049 70 1050
f 1032 994 1051
f 1051 994 1052
f 994 1053 1052
f 1040 921 1054
f 1054 921 1055
f 921 1018 1055
f 1049 1056 70
f 1050 70 1057
f 1057 70 1058
f 70 1025 1058
f 1048 68 1059
f 1059 68 1060
f 68 70 1060
f 1060 70 1061
f 70 1056 1061
f 1053 994 1062
f 1062 994 1063
f 994 921 1063
f 1063 921 1064
f 921 1038 1064
f 1065 1067 1066
f 1068 994 1069
f 1070 70 1071
f 1072 1067 1073
f 1073 1067 1074
f 1067 1075 1074
f 1076 994 1077
f 1077 994 1078
f 994 1079 1078
f 1069 994 1080
f 1080 994 1081
f 994 70 1081
f 1081 70 1082
f 70 1083 1082
f 1075 1067 1084
f 1084 1067 1085
f 1067 1065 1085
f 1083 70 1086
f 1086 70 1087
f 70 1070 1087
f 1088 72 1089
f 1089 72 1090
f 72 1091 1090
f 72 1067 1092
f 1092 1067 1093
f 1067 1072 1093
f 1066 1067 1094
f 1094 1067 1095
f 1067 1096 1095
f 1097 994 1098
f 1079 994 1099
f 1099 994 1100
f 994 1068 1100
f 1091 72 1101
f 1101 72 1102
f 72 1092 1102
f 1103 994 1104
f 1098 994 1105
f 1105 994 1106
f 994 1076 1106
f 1071 70 1107
f 1107 70 1108
f 70 1109 1108
f 1110 72 1111
f 1111 72 1112
f 1112 72 1113
f 72 1088 1113
f 1096 1067 1114
f 1114 1067 1115
f 1067 1116 1115
f 1104 994 1117
f 1117 994 1118
f 994 1097 1118
f 1109 70 1119
f 1119 70 1120
f 70 1121 1120
f 1116 1067 1122
f 1122 1067 1123
f 1067 1124 1123
f 1121 70 1125
f 1125 70 1126
f 70 1127 1126
f 72 1129 1128
f 1124 1067 1130
f 1130 1067 1131
f 1067 994 1131
f 1131 994 1132
f 994 1103 1132
f 1127 70 1133
f 1133 70 1134
f 70 72 1134
f 1134 72 1135
f 72 1128 1135
f 1129 72 1136
f 1136 72 1137
f 72 1110 1137
f 1138 1140 1139
f 1141 1067 1142
f 1143 72 1144
f 1145 1140 1146
f 1146 1140 1147
f 1140 1148 1147
f 1149 1067 1150
f 1150 1067 1151
f 1067 1152 1151
f 1142 1067 1153
f 1153 1067 1154
f 1067 72 1154
f 1154 72 1155
f 72 1156 1155
f 1148 1140 1157
f 1157 1140 1158
f 1140 1138 1158
f 1156 72 1159
f 1159 72 1160
f 72 1143 1160
f 1161 74 1162
f 1162 74 1163
f 74 1164 1163
f 74 1140 1165
f 1165 1140 1166
f 1140 1145 1166
f 1139 1140 1167
f 1167 1140 1168
f 1140 1169 1168
f 1170 1067 1171
f 1152 1067 1172
f 1172 1067 1173
f 1067 1141 1173
f 1164 74 1174
f 1174 74 1175
f 74 1165 1175
f 1176 1067 1177
f 1171 1067 1178
f 1178 1067 1179
f 1067 1149 1179
f 1144 72 1180
f 1180 72 1181
f 72 1182 1181
f 1183 74 1184
f 1184 74 1185
f 1185 74 1186
f 74 1161 1186
f 1169 1140 1187
f 1187 1140 1188
f 1140 1189 1188
f 1177 1067 1190
f 1190 1067 1191
f 1067 1170 1191
f 1182 72 1192
f 1192 72 1193
f 72 1194 1193
f 1189 1140 1195
f 1195 1140 1196
f 1140 1197 1196
f 1194 72 1198
f 1198 72 1199
f 72 1200 1199
f 74 1202 1201
f 1197 1140 1203
f 1203 1140 1204
f 1140 1067 1204
f 1204 1067 1205
f 1067 1176 1205
f 1200 72 1206
f 1206 72 1207
f 72 74 1207
f 1207 74 1208
f 74 1201 1208
f 1202 74 1209
f 1209 74 1210
f 74 1183 1210
f 1211 1213 1212
f 1214 1140 1215
f 1215 1140 1216
f 1140 1217 1216
f 1218 1140 1219
f 1220 76 1221
f 1221 76 1222
f 76 1213 1222
f 1222 1213 1223
f 1223 1213 1224
f 1213 1225 1224
f 1219 1140 1226
f 1226 1140 1227
f 1140 74 1227
f 1227 74 1228
f 74 1229 1228
f 1230 76 1231
f 1225 1213 1232
f 1232 1213 1233
f 1213 1211 1233
f 1212 1213 1234
f 1234 1213 1235
f 1213 1236 1235
f 1237 1213 1238
f 1238 1213 1239
f 1213 1240 1239
f 1241 1140 1242
f 1229 74 1243
f 1243 74 1244
f 74 1245 1244
f 1246 76 1247
f 1247 76 1248
f 76 1249 1248
f 1242 1140 1250
f 1250 1140 1251
f 1140 1214 1251
f 1217 1140 1252
f 1252 1140 1253
f 1140 1218 1253
f 1254 76 1255
f 1245 74 1256
f 1256 74 1257
f 74 1258 1257
f 1259 1261 1260
f 1262 1263 1259
f 1259 1263 1264
f 1249 76 1265
f 1265 76 1266
f 76 1230 1266
f 1236 1213 1267
f 1267 1213 1268
f 1213 1269 1268
f 1270 1259 1271
f 1271 1259 1272
f 1259 1260 1272
f 1261 1259 1273
f 1273 1259 1274
f 1259 1264 1274
f 1255 76 1275
f 1275 76 1276
f 76 1220 1276
f 1240 1213 1277
f 1277 1213 1278
f 1213 1279 1278
f 1279 1213 1280
f 1280 1213 1281
f 1213 1282 1281
f 1283 1140 1284
f 1284 1140 1285
f 1140 1241 1285
f 1286 76 1287
f 1287 76 1288
f 76 1246 1288
f 1262 1259 1289
f 1289 1259 1290
f 1259 1291 1290
f 1259 1231 1292
f 1292 1231 1293
f 1293 1231 1294
f 1294 1231 1295
f 1231 1296 1295
f 1296 1231 1297
f 1297 1231 1298
f 1231 1299 1298
f 1269 1213 1300
f 1300 1213 1301
f 1213 1302 1301
f 1302 1213 1303
f 1303 1213 1304
f 1213 1305 1304
f 1258 74 1306
f 1306 74 1307
f 74 1308 1307
f 1291 1259 1309
f 1309 1259 1310
f 1259 1292 1310
f 1282 1213 1311
f 1311 1213 1312
f 1213 1140 1312
f 1312 1140 1313
f 1140 1314 1313
f 1314 1140 1315
f 1315 1140 1316
f 1140 1283 1316
f 1308 74 1317
f 1317 74 1318
f 74 1319 1318
f 1320 76 1321
f 1321 76 1322
f 76 1286 1322
f 1299 1231 1323
f 1323 1231 1324
f 1231 1325 1324
f 1326 1327 76
f 76 1327 1328
f 1319 74 1329
f 1329 74 1330
f 74 1331 1330
f 1332 76 1333
f 1333 76 1334
f 76 1335 1334
f 1335 76 1336
f 1336 76 1337
f 76 1338 1337
f 1338 76 1339
f 1339 76 1340
f 76 1328 1340
f 1326 76 1341
f 1341 76 1342
f 76 1254 1342
f 1305 1213 1343
f 1343 1213 1344
f 1213 1345 1344
f 1331 74 1346
f 1346 74 1347
f 74 76 1347
f 1347 76 1348
f 76 1320 1348
f 1325 1231 1349
f 1349 1231 1350
f 1231 76 1350
f 1350 76 1351
f 76 1332 1351
f 1259 1270 1352
f 1352 1270 1353
f 1270 1345 1353
f 1353 1345 1354
f 1345 1213 1354
f 1354 1213 1355
f 1213 1237 1355
f 1356 1213 1357
f 1358 78 1359
f 1360 78 1361
f 1361 78 1362
f 78 1363 1362
f 1362 1363 1364
f 1364 1363 1365
f 1363 1366 1365
f 1359 78 1367
f 1367 78 1368
f 78 1360 1368
f 1366 1363 1369
f 1369 1363 1370
f 1363 1371 1370
f 1371 1363 1372
f 1372 1363 1373
f 1363 1374 1373
f 1375 1213 1376
f 1376 1213 1377
f 1213 1356 1377
f 1378 76 1379
f 1379 76 1380
f 76 1381 1380
f 1357 1213 1382
f 1382 1213 1383
f 1213 1384 1383
f 1384 1213 1385
f 1385 1213 1386
f 1213 76 1386
f 1386 76 1387
f 76 1378 1387
f 1388 76 1389
f 1381 76 1390
f 1390 76 1391
f 76 1392 1391
f 1393 1394 78
f 78 1394 1395
f 1374 1363 1396
f 1396 1363 1397
f 1363 1398 1397
f 1399 1213 1400
f 1400 1213 1401
f 1392 76 1402
f 1402 76 1403
f 76 1404 1403
f 1404 76 1405
f 1405 76 1406
f 76 1388 1406
f 1407 78 1408
f 1408 78 1409
f 78 1395 1409
f 1393 78 1410
f 1410 78 1411
f 78 1358 1411
f 1401 1213 1412
f 1412 1213 1413
f 1213 1414 1413
f 1414 1213 1415
f 1415 1213 1416
f 1213 1375 1416
f 1389 76 1417
f 1417 76 1418
f 76 78 1418
f 1418 78 1419
f 78 1407 1419
f 1398 1363 1420
f 1420 1363 1421
f 1363 1422 1421
f 1422 1363 1423
f 1423 1363 1424
f 1363 1425 1424
f 1425 1363 1426
f 1426 1363 1427
f 1363 1213 1427
f 1427 1213 1428
f 1213 1399 1428
f 1429 1363 1430
f 1431 1433 1432
f 1363 1435 1434
f 80 1437 1436
f 1433 1431 1438
f 1438 1431 1439
f 1431 1440 1439
f 1440 1431 1441
f 1441 1431 1442
f 1431 1443 1442
f 1435 1363 1444
f 1444 1363 1445
f 1363 1429 1445
f 1446 78 1447
f 1447 78 1448
f 78 1449 1448
f 1437 80 1450
f 1450 80 1451
f 80 1431 1451
f 1451 1431 1452
f 1431 1432 1452
f 1453 78 1454
f 1455 1363 1456
f 1430 1363 1457
f 1457 1363 1458
f 1363 1459 1458
f 1459 1363 1460
f 1460 1363 1461
f 1363 78 1461
f 1461 78 1462
f 78 1446 1462
f 1449 78 1463
f 1463 78 1464
f 78 1465 1464
f 1466 1467 80
f 80 1467 1468
f 1469 80 1470
f 1470 80 1471
f 80 1436 1471
f 1465 78 1472
f 1472 78 1473
f 78 1474 1473
f 1474 78 1475
f 1475 78 1476
f 78 1453 1476
f 1477 80 1478
f 1478 80 1479
f 80 1468 1479
f 1466 80 1480
f 1480 80 1481
f 80 1469 1481
f 1443 1431 1482
f 1482 1431 1483
f 1431 1484 1483
f 1456 1363 1485
f 1485 1363 1486
f 1363 1487 1486
f 1454 78 1488
f 1488 78 1489
f 78 80 1489
f 1489 80 1490
f 80 1477 1490
f 1487 1363 1491
f 1491 1363 1492
f 1363 1434 1492
f 1484 1431 1493
f 1493 1431 1494
f 1431 1495 1494
f 1495 1431 1496
f 1496 1431 1497
f 1431 1498 1497
f 1498 1431 1499
f 1499 1431 1500
f 1431 1363 1500
f 1500 1363 1501
f 1363 1455 1501
f 1502 1431 1503
f 1504 1506 1505
f 1506 1507 1505
f 80 1509 1508
f 1509 80 1510
f 1510 80 1511
f 80 1512 1511
f 1513 1506 1514
f 1514 1506 1515
f 1506 1504 1515
f 1516 82 1517
f 1503 1431 1518
f 1518 1431 1519
f 1431 1520 1519
f 1520 1431 1521
f 1521 1431 1522
f 1431 80 1522
f 1522 80 1523
f 80 1508 1523
f 1512 80 1524
f 1524 80 1525
f 80 1526 1525
f 82 1506 1517
f 1517 1506 1527
f 1506 1513 1527
f 1528 1431 1529
f 1529 1431 1530
f 1431 1531 1530
f 1532 1431 1533
f 1533 1431 1534
f 1431 1502 1534
f 1535 1537 1536
f 1537 1538 1536
f 1539 1531 1540
f 1540 1531 1541
f 1531 1542 1541
f 1543 1545 1544
f 1544 1545 1546
f 1545 1547 1546
f 1546 1547 1548
f 1547 1549 1548
f 1548 1549 1550
f 1549 1551 1550
f 1550 1551 1552
f 1551 1553 1552
f 1552 1553 1554
f 1553 1555 1554
f 1554 1555 1556
f 1555 1557 1556
f 1556 1557 1558
f 1557 1505 1558
f 1558 1505 1559
f 1505 1507 1559
f 1526 80 1560
f 1560 80 1561
f 80 1562 1561
f 1538 1531 1536
f 1536 1531 1563
f 1531 1539 1563
f 1542 1531 1564
f 1564 1531 1565
f 1531 1566 1565
f 1567 82 1568
f 1569 82 1570
f 1570 82 1571
f 82 1516 1571
f 1543 1544 1572
f 1572 1544 1573
f 1544 1574 1573
f 1573 1574 1575
f 1574 1537 1575
f 1575 1537 1576
f 1537 1535 1576
f 1566 1531 1577
f 1577 1531 1578
f 1531 1431 1578
f 1578 1431 1579
f 1431 1532 1579
f 1567 1580 82
f 1562 80 1581
f 1581 80 1582
f 80 1583 1582
f 1583 80 1584
f 1584 80 1585
f 80 82 1585
f 1585 82 1586
f 82 1580 1586
f 1568 82 1587
f 1587 82 1588
f 82 1589 1588
f 1589 82 1590
f 1590 82 1591
f 82 1569 1591
f 1592 84 1593
f 82 1595 1594
f 1596 82 1597
f 1597 82 1598
f 1599 1601 1600
f 1600 1601 84
f 1601 1602 84
f 84 1602 1593
f 1595 82 1603
f 1603 82 1604
f 82 1596 1604
f 1598 82 1605
f 1605 82 1606
f 82 1607 1606
f 1599 1600 1608
f 1608 1600 1609
f 1600 1610 1609
f 1611 1506 1612
f 1612 1506 1613
f 1506 82 1613
f 1613 82 1614
f 82 1594 1614
f 1615 84 1616
f 1617 84 1618
f 1618 84 1619
f 84 1592 1619
f 1620 1622 1621
f 1623 1625 1624
f 1624 1625 1626
f 1625 1506 1626
f 1626 1506 1627
f 1506 1611 1627
f 1628 1600 1629
f 1629 1600 1630
f 1625 1623 1631
f 1631 1623 1632
f 1623 1633 1632
f 1632 1633 1634
f 1633 1635 1634
f 1607 82 1636
f 1636 82 1637
f 82 1638 1637
f 1639 1641 1640
f 1642 1644 1643
f 1610 1600 1645
f 1645 1600 1646
f 1600 1647 1646
f 1647 1600 1648
f 1648 1600 1649
f 1600 1650 1649
f 1621 1651 1620
f 1620 1651 1652
f 1651 1635 1652
f 1652 1635 1653
f 1635 1633 1653
f 1638 82 1654
f 1654 82 1655
f 82 84 1655
f 1655 84 1656
f 84 1615 1656
f 1616 84 1657
f 1657 84 1658
f 84 1659 1658
f 1659 84 1660
f 1660 84 1661
f 84 1617 1661
f 1641 1663 1662
f 1640 1641 1664
f 1664 1641 1642
f 1641 1665 1642
f 1642 1665 1644
f 1650 1600 1666
f 1666 1600 1667
f 1600 1628 1667
f 1667 1628 1668
f 1628 1641 1668
f 1668 1641 1669
f 1641 1662 1669
f 1670 1672 1671
f 1671 1672 1644
f 1672 1673 1644
f 1644 1673 1643
f 1663 1641 1674
f 1674 1641 1675
f 1641 1639 1675
f 1670 1671 1676
f 1676 1671 1677
f 1671 1678 1677
f 1677 1678 1679
f 1678 1622 1679
f 1679 1622 1680
f 1622 1620 1680
f 84 1682 1681
f 1683 1600 1684
f 1684 1600 1685
f 1600 1686 1685
f 84 1688 1687
f 84 86 1682
f 1682 86 1689
f 86 1690 1689
f 1688 84 1691
f 1691 84 1692
f 84 1693 1692
f 1693 84 1694
f 1694 84 1695
f 84 1681 1695
f 1686 1600 1696
f 1696 1600 1697
f 1600 84 1697
f 1697 84 1698
f 84 1687 1698
f 1699 1701 1700
f 1700 1701 1702
f 1701 1703 1702
f 1702 1703 1704
f 1703 1705 1704
f 1704 1705 1706
f 1705 1707 1706
f 1706 1707 1708
f 1707 1709 1708
f 1708 1709 1710
f 1709 1711 1710
f 1710 1711 1712
f 1711 1713 1712
f 1712 1713 1714
f 1713 1715 1714
f 1714 1715 1716
f 1715 1717 1716
f 1716 1717 1718
f 1717 1719 1718
f 1718 1719 1720
f 1719 1721 1720
f 1720 1721 1722
f 1721 1723 1722
f 1722 1723 1724
f 1723 1725 1724
f 1724 1725 1726
f 1725 1727 1726
f 1726 1727 1728
f 1727 1729 1728
f 1728 1729 1730
f 1729 1731 1730
f 1730 1731 1732
f 1731 1733 1732
f 1732 1733 1734
f 1733 1735 1734
f 1734 1735 86
f 1735 1736 86
f 86 1736 1690
f 1737 1739 1738
f 1740 1739 1741
f 1738 1739 1742
f 1742 1739 1743
f 1739 1744 1743
f 1744 1739 1745
f 1745 1739 1746
f 1739 1740 1746
f 1741 1739 1747
f 1747 1739 1748
f 1739 1749 1748
f 1750 1752 1751
f 1751 1752 1753
f 1753 1752 1754
f 1752 1755 1754
f 1699 1700 1756
f 1756 1700 1757
f 1700 1739 1757
f 1757 1739 1758
f 1739 1737 1758
f 1755 1752 1759
f 1759 1752 1760
f 1752 1761 1760
f 1762 1752 1763
f 1763 1752 1764
f 1752 1600 1764
f 1764 1600 1765
f 1600 1683 1765
f 1749 1739 1766
f 1766 1739 1767
f 1739 1750 1767
f 1761 1752 1768
f 1768 1752 1769
f 1752 1770 1769
f 1770 1752 1771
f 1771 1752 1772
f 1752 1762 1772
f 1750 1739 1752
f 1752 1739 1773
f 1739 1774 1773
f 1775 1777 1776
f 1776 1777 1778
f 1777 1779 1778
f 1775 1776 1780
f 1780 1776 1781
f 1776 1782 1781
f 1782 1776 1783
f 1783 1776 1784
f 1776 1785 1784
f 1786 1788 1787
f 1789 1791 1790
f 1790 1791 1792
f 1793 1778 1794
f 1788 1786 1795
f 1795 1786 1796
f 1786 1790 1796
f 1796 1790 1797
f 1790 1792 1797
f 1785 1776 1798
f 1798 1776 1799
f 1776 1800 1799
f 1794 1778 1801
f 1801 1778 1802
f 1778 1803 1802
f 1789 1790 1804
f 1804 1790 1805
f 1790 1806 1805
f 1803 1778 1807
f 1807 1778 1808
f 1778 1779 1808
f 1800 1776 1809
f 1809 1776 1810
f 1776 1811 1810
f 1787 1812 1786
f 1786 1812 1813
f 1812 1814 1813
f 1813 1814 1815
f 1814 1816 1815
f 1815 1816 1817
f 1816 1818 1817
f 1817 1818 1819
f 1818 1820 1819
f 1819 1820 1821
f 1820 1822 1821
f 1821 1822 1823
f 1822 1824 1823
f 1823 1824 1825
f 1824 1826 1825
f 1825 1826 1827
f 1826 1828 1827
f 1827 1828 1829
f 1828 1830 1829
f 1829 1830 1831
f 1830 1832 1831
f 1831 1832 1833
f 1832 1834 1833
f 1833 1834 1835
f 1834 1836 1835
f 1835 1836 1837
f 1836 1838 1837
f 1837 1838 1839
f 1838 1840 1839
f 1839 1840 1841
f 1840 1842 1841
f 1841 1842 1843
f 1842 1844 1843
f 1843 1844 1845
f 1844 1846 1845
f 1845 1846 1847
f 1846 1848 1847
f 1849 1778 1850
f 1850 1778 1851
f 1851 1778 1852
f 1778 1793 1852
f 1806 1790 1853
f 1853 1790 1854
f 1790 1855 1854
f 1811 1776 1856
f 1856 1776 1857
f 1776 1847 1857
f 1857 1847 1858
f 1847 1848 1858
f 1855 1790 1859
f 1859 1790 1860
f 1790 1861 1860
f 1861 1778 1862
f 1862 1778 1863
f 1863 1778 1864
f 1864 1778 1865
f 1778 1866 1865
f 1866 1778 1867
f 1867 1778 1868
f 1778 1849 1868
f 1861 1790 1778
f 1778 1790 1869
f 1790 1870 1869
f 1869 1870 1871
f 1870 1872 1871
f 1871 1872 1873
f 1872 1874 1873
f 1873 1874 1875
f 1874 1876 1875
f 1875 1876 1877
f 1876 1878 1877
f 1877 1878 1879
f 1878 1880 1879
f 1879 1880 1881
f 1880 1882 1881
f 1881 1882 1883
f 1882 1884 1883
f 1883 1884 1885
f 1884 1886 1885
f 1885 1886 1887
f 1886 1888 1887
f 1887 1888 1889
f 1888 1890 1889
f 1889 1890 1891
f 1890 1892 1891
f 1891 1892 1893
f 1892 1894 1893
f 1893 1894 1895
f 1894 1896 1895
f 1897 1899 1898
f 1900 1895 1901
f 1901 1895 1902
f 1902 1895 1903
f 1895 1904 1903
f 1905 1896 1906
f 1899 1897 1907
f 1907 1897 1908
f 1897 1895 1908
f 1908 1895 1909
f 1895 1900 1909
f 1904 1895 1910
f 1910 1895 1911
f 1895 1912 1911
f 1912 1895 1913
f 1913 1895 1914
f 1895 1915 1914
f 1915 1895 1916
f 1916 1895 1917
f 1895 1918 1917
f 1896 1920 1919
f 1918 1895 1921
f 1921 1895 1922
f 1895 1896 1922
f 1922 1896 1923
f 1896 1905 1923
f 1906 1896 1924
f 1924 1896 1925
f 1896 1926 1925
f 1926 1896 1927
f 1927 1896 1928
f 1896 1919 1928
f 1920 1896 1929
f 1929 1896 1930
f 1896 1931 1930
f 1931 1896 1932
f 1932 1896 1933
f 1896 1934 1933
f 1933 1934 1935
f 1935 1934 1936
f 1936 1934 1937
f 1934 1938 1937
f 1937 1938 1939
f 1938 1940 1939
f 1938 1942 1941
f 1943 1945 1944
f 1944 1945 1946
f 1945 1897 1946
f 1946 1897 1947
f 1897 1898 1947
f 1940 1938 1948
f 1948 1938 1949
f 1938 1941 1949
f 1942 1938 1950
f 1950 1938 1951
f 1938 1952 1951
f 1952 1938 1953
f 1953 1938 1954
f 1938 1955 1954
f 1955 1938 1956
f 1956 1938 1957
f 1938 1958 1957
f 1959 1945 1960
f 1960 1945 1961
f 1945 1943 1961
f 1962 1945 1963
f 1963 1945 1964
f 1964 1945 1965
f 1965 1945 1966
f 1945 1967 1966
f 1967 1945 1968
f 1968 1945 1969
f 1945 1970 1969
f 1970 1945 1971
f 1971 1945 1972
f 1945 1959 1972
f 1973 1938 1974
f 1975 1977 1976
f 1976 1977 1978
f 1977 1979 1978
f 1980 1974 1981
f 1982 1973 1983
f 1983 1973 1984
f 1973 1985 1984
f 1986 1973 1987
f 1987 1973 1988
f 1973 1989 1988
f 1990 1974 1991
f 1991 1974 1992
f 1974 1993 1992
f 1979 1977 1994
f 1994 1977 1995
f 1977 1996 1995
f 1985 1973 1997
f 1997 1973 1998
f 1973 1999 1998
f 1999 1973 2000
f 2000 1973 2001
f 1973 1986 2001
f 1989 1973 2002
f 2002 1973 2003
f 1973 1974 2003
f 2003 1974 2004
f 1974 1980 2004
f 1981 1974 2005
f 2005 1974 2006
f 1974 2007 2006
f 2007 1974 2008
f 2008 1974 2009
f 1974 1990 2009
f 2010 2012 2011
f 1996 1977 2013
f 2013 1977 2014
f 1977 1973 2014
f 2014 1973 2015
f 1973 1982 2015
f 1993 1974 2016
f 2016 1974 2017
f 1974 2012 2017
f 2017 2012 2018
f 2012 2010 2018
f 2011 2012 2019
f 2019 2012 2020
f 2012 2021 2020
f 2022 2024 2023
f 2023 2024 2025
f 2021 2012 2026
f 2026 2012 2027
f 2012 2024 2027
f 2027 2024 2028
f 2024 2022 2028
f 2025 2024 2029
f 2029 2024 2030
f 2024 2031 2030
f 2031 2024 2032
f 2032 2024 2033
f 2024 2034 2033
f 2035 2037 2036
f 2036 2037 2038
f 2038 2037 2039
f 2039 2037 2040
f 2037 2041 2040
f 2041 2037 2042
f 2042 2037 2043
f 2037 2044 2043
f 2044 2037 2045
f 2045 2037 2046
f 2037 1977 2046
f 2046 1977 2047
f 1977 1975 2047
f 2048 2037 2049
f 2049 2037 2050
f 2037 2035 2050
f 2051 2053 2052
f 2052 2053 2054
f 2055 2052 2056
f 2056 2052 2057
f 2057 2052 2058
f 2058 2052 2059
f 2052 2060 2059
f 2051 2052 2061
f 2061 2052 2062
f 2052 2063 2062
f 2024 2065 2064
f 2064 2065 2052
f 2065 2066 2052
f 2052 2066 2063
f 2066 2067 2063
f 2060 2052 2068
f 2068 2052 2069
f 2052 2054 2069
f 2067 2066 2070
f 2070 2066 2071
f 2066 2072 2071
f 2072 2066 2073
f 2073 2066 2074
f 2066 2075 2074
f 2076 2078 2077
f 2077 2078 2066
f 2078 2079 2066
f 2066 2079 2075
f 2076 2077 2080
f 2080 2077 2081
f 2077 2082 2081
f 2082 2077 2083
f 2083 2077 2084
f 2077 2085 2084
f 2084 2085 2086
f 2086 2085 2087
f 2085 2088 2087
f 2087 2088 2089
f 2088 2090 2089
f 2089 2090 2091
f 2090 2092 2091
f 2091 2092 2093
f 2092 2094 2093
f 2093 2094 2095
f 2094 2096 2095
f 2095 2096 2097
f 2096 2098 2097
f 2097 2098 2099
f 2098 2100 2099
f 2099 2100 2101
f 2100 2102 2101
f 2101 2102 2103
f 2102 2104 2103
f 2103 2104 2105
f 2104 2106 2105
f 2105 2106 2107
f 2106 2108 2107
f 2107 2108 2109
f 2108 2110 2109
f 2109 2110 2111
f 2110 2112 2111
f 2111 2112 2113
f 2112 2114 2113
f 2113 2114 2115
f 2114 2116 2115
f 2115 2116 2117
f 2116 2118 2117
f 2117 2118 2119
f 2118 2120 2119
f 2119 2120 2121
f 2120 88 2121
f 2121 88 2122
f 2123 90 2124
f 2125 2055 2126
f 2126 2055 2127
f 2055 2056 2127
f 2122 88 2128
f 2128 88 2129
f 88 90 2129
f 2129 90 2130
f 90 2123 2130
f 2124 90 2131
f 2131 90 2132
f 90 2133 2132
f 2133 90 2134
f 2134 90 2135
f 90 2136 2135
f 2055 2138 2137
f 2136 90 2139
f 2139 90 2140
f 90 2141 2140
f 2141 90 2142
f 2142 90 2143
f 90 2055 2143
f 2143 2055 2144
f 2055 2137 2144
f 2138 2055 2145
f 2145 2055 2146
f 2055 2125 2146
f 2147 2149 2148
f 2149 2147 2150
f 2150 2147 2151
f 2147 2152 2151
f 2147 2154 2153
f 2155 94 2156
f 2157 94 2158
f 2158 94 2159
f 94 2160 2159
f 2161 2163 2162
f 2162 2163 2164
f 2163 2147 2164
f 2164 2147 2165
f 2147 2148 2165
f 2152 2147 2166
f 2166 2147 2167
f 2147 2168 2167
f 2168 2147 2169
f 2169 2147 2170
f 2147 2153 2170
f 2154 2147 2171
f 2171 2147 2172
f 2147 2173 2172
f 2174 2175 92
f 92 2175 2176
f 2177 92 2178
f 2178 92 2179
f 92 2180 2179
f 2156 94 2181
f 2181 94 2182
f 94 2183 2182
f 2183 94 2184
f 2184 94 2185
f 94 2157 2185
f 2173 2147 2186
f 2186 2147 2187
f 2147 2188 2187
f 2189 92 2190
f 2190 92 2191
f 92 2176 2191
f 2174 92 2192
f 2192 92 2193
f 92 2194 2193
f 2194 92 2195
f 2195 92 2196
f 92 2177 2196
f 2180 92 2197
f 2197 92 2198
f 92 94 2198
f 2198 94 2199
f 94 2155 2199
f 2200 2163 2201
f 2202 2203 2163
f 2163 2203 2204
f 2188 2147 2205
f 2205 2147 2206
f 2147 92 2206
f 2206 92 2207
f 92 2189 2207
f 2160 94 2208
f 2208 94 2209
f 94 2163 2209
f 2209 2163 2210
f 2163 2200 2210
f 2201 2163 2211
f 2211 2163 2212
f 2163 2213 2212
f 2213 2163 2214
f 2214 2163 2215
f 2163 2204 2215
f 2202 2163 2216
f 2216 2163 2217
f 2163 2218 2217
f 2218 2163 2219
f 2219 2163 2220
f 2163 2161 2220
f 2221 96 2222
f 2223 2163 2224
f 94 2226 2225
f 2224 2163 2227
f 2227 2163 2228
f 2163 2229 2228
f 2221 2230 96
f 2229 2163 2231
f 2231 2163 2232
f 2163 2233 2232
f 2234 94 2235
f 94 2237 2236
f 2238 2163 2239
f 2226 94 2240
f 2240 94 2241
f 94 2242 2241
f 2243 96 2244
f 2244 96 2245
f 96 2246 2245
f 2247 2249 2248
f 2248 2249 2250
f 2233 2163 2251
f 2251 2163 2252
f 2163 2253 2252
f 2254 2256 2255
f 2239 2163 2257
f 2257 2163 2258
f 2163 2223 2258
f 2242 94 2259
f 2259 94 2260
f 94 96 2260
f 2260 96 2261
f 96 2230 2261
f 2237 94 2262
f 2262 94 2263
f 94 2264 2263
f 2264 94 2265
f 2265 94 2266
f 94 2267 2266
f 2267 94 2268
f 2268 94 2269
f 94 2270 2269
f 2271 2272 2255
f 2255 2272 2273
f 2222 96 2274
f 2274 96 2275
f 96 2243 2275
f 2276 2248 2277
f 2277 2248 2278
f 2248 2279 2278
f 2279 2248 2280
f 2280 2248 2281
f 2248 2282 2281
f 2282 2248 2283
f 2283 2248 2284
f 2248 2250 2284
f 2235 94 2285
f 2285 94 2286
f 94 2287 2286
f 2287 94 2288
f 2288 94 2289
f 94 2236 2289
f 2254 2255 2290
f 2290 2255 2291
f 2255 2273 2291
f 2271 2255 2292
f 2292 2255 2293
f 2255 2294 2293
f 2247 2248 2295
f 2295 2248 2296
f 2248 2163 2296
f 2296 2163 2254
f 2163 2238 2254
f 2254 2238 2256
f 2246 96 2297
f 2297 96 2298
f 96 2299 2298
f 2248 2301 2300
f 2253 2163 2302
f 2302 2163 2303
f 2163 2304 2303
f 2305 94 2306
f 2306 94 2307
f 94 2234 2307
f 2294 2255 2308
f 2308 2255 2309
f 2255 2310 2309
f 2301 2248 2311
f 2311 2248 2312
f 2248 2276 2312
f 2304 2163 2313
f 2313 2163 2314
f 2163 2315 2314
f 2315 2163 2316
f 2316 2163 2317
f 2163 94 2317
f 2317 94 2318
f 94 2305 2318
f 2299 96 2319
f 2319 96 2320
f 96 2248 2320
f 2320 2248 2321
f 2248 2300 2321
f 2322 2324 2323
f 2323 2324 2325
f 2324 2326 2325
f 2327 2310 2328
f 2324 94 2329
f 2329 94 2330
f 94 2331 2330
f 2331 94 2332
f 2332 94 2333
f 94 2225 2333
f 2270 94 2334
f 2334 94 2335
f 94 2324 2335
f 2335 2324 2336
f 2324 2322 2336
f 2328 2310 2337
f 2337 2310 2338
f 2310 2339 2338
f 2339 2310 2340
f 2340 2310 2341
f 2310 2255 2341
f 2327 2342 2310
f 2310 2342 2343
f 2342 2344 2343
f 2326 2345 2325
f 2325 2345 2346
f 2345 2347 2346
f 2347 2345 2348
f 2348 2345 2349
f 2345 2350 2349
f 2351 2353 2352
f 2344 2342 2354
f 2354 2342 2355
f 2342 2356 2355
f 2355 2356 2357
f 2350 2352 2349
f 2349 2352 2358
f 2352 2353 2358
f 2355 2357 2359
f 2359 2357 2360
f 2357 2361 2360
f 2360 2361 2362
f 2362 2363 2360
f 2360 2363 2364
f 2363 2353 2364
f 2364 2353 2365
f 2353 2351 2365
f 5 138 3
f 3 138 2
f 138 2366 2
f 2 2366 100
f 2366 2367 100
f 100 2367 2368
f 2368 2369 100
f 100 2369 98
f 2369 2370 98
f 98 2372 2371
f 2372 98 2373
f 2373 98 2374
f 98 2375 2374
f 2375 98 2376
f 2376 98 2377
f 98 2370 2377
f 98 2379 2378
f 2380 2382 2381
f 2379 98 2383
f 2383 98 2384
f 98 2371 2384
f 2382 2380 2385
f 2385 2380 2386
f 2380 2387 2386
f 2380 98 2388
f 2388 98 2389
f 98 2378 2389
f 2387 2380 2390
f 2390 2380 2391
f 2380 2388 2391
f 2392 2394 2393
f 2395 2397 2396
f 2393 2394 2398
f 2398 2394 2399
f 2394 2400 2399
f 2394 2402 2401
f 2401 2402 2403
f 2404 2406 2405
f 2405 2406 2407
f 2406 2408 2407
f 2409 1895 2410
f 2410 1895 2411
f 1895 2412 2411
f 2413 2414 1895
f 1895 2414 2415
f 1897 2417 2416
f 2418 2402 2419
f 2419 2402 2420
f 2402 2394 2420
f 2420 2394 2421
f 2394 2392 2421
f 2397 2406 2396
f 2396 2406 2422
f 2406 2404 2422
f 2408 2406 2423
f 2423 2406 2424
f 2406 2425 2424
f 2400 2394 2426
f 2426 2394 2406
f 2394 2427 2406
f 2406 2427 2425
f 2428 1895 2429
f 2429 1895 2430
f 1895 2409 2430
f 2412 1895 2431
f 2431 1895 2432
f 1895 2433 2432
f 2433 1895 2434
f 2434 1895 2435
f 1895 2415 2435
f 2413 1895 2436
f 2436 1895 2437
f 1895 1897 2437
f 2437 1897 2438
f 1897 2416 2438
f 2417 1897 2439
f 2439 1897 2440
f 1897 2441 2440
f 2442 1945 2443
f 2443 1945 2444
f 2445 1945 2446
f 2446 1945 2447
f 1945 2448 2447
f 2449 2451 2450
f 2448 1945 2452
f 2452 1945 2453
f 1945 2442 2453
f 2444 1945 2454
f 2454 1945 2455
f 1945 2456 2455
f 2451 2458 2457
f 2441 1897 2459
f 2459 1897 2460
f 1897 1945 2460
f 2460 1945 2461
f 1945 2445 2461
f 2456 1945 2462
f 2462 1945 2463
f 1945 2451 2463
f 2463 2451 2464
f 2451 2449 2464
f 2450 2451 2465
f 2465 2451 2466
f 2451 2467 2466
f 2467 2451 2468
f 2468 2451 2469
f 2451 2457 2469
f 2458 2451 2470
f 2470 2451 2471
f 2451 2472 2471
f 2473 2475 2474
f 2474 2475 2476
f 2476 2475 2477
f 2475 2478 2477
f 2395 2479 2397
f 2397 2479 2480
f 2479 2481 2480
f 2480 2481 2482
f 2481 2483 2482
f 2482 2483 2484
f 2483 2485 2484
f 2484 2485 2486
f 2485 2475 2486
f 2486 2475 2487
f 2475 2473 2487
f 2478 2475 2488
f 2488 2475 2489
f 2475 2490 2489
f 2490 2475 2491
f 2491 2475 2492
f 2475 2472 2492
f 2493 2495 2494
f 2496 2498 2497
f 2493 2499 2495
f 2495 2402 2500
f 2494 2495 2501
f 2501 2495 2502
f 2495 2503 2502
f 2500 2402 2504
f 2504 2402 2505
f 2402 2506 2505
f 2506 2402 2507
f 2507 2402 2508
f 2402 2509 2508
f 2509 2402 2510
f 2510 2402 2511
f 2402 2418 2511
f 2512 2514 2513
f 2513 2514 2515
f 2516 2518 2517
f 2517 2518 2519
f 2518 2520 2519
f 2498 2518 2497
f 2497 2518 2521
f 2518 2516 2521
f 2520 2518 2522
f 2522 2518 2523
f 2518 2524 2523
f 2503 2495 2525
f 2525 2495 2518
f 2495 2526 2518
f 2518 2526 2524
f 2527 2451 2528
f 2529 2531 2530
f 2472 2451 2492
f 2492 2451 2532
f 2451 2527 2532
f 2533 2529 2534
f 2534 2529 2535
f 2529 2530 2535
f 2528 2451 2536
f 2536 2451 2537
f 2451 2538 2537
f 2539 2540 2529
f 2529 2540 2541
f 2539 2529 2542
f 2542 2529 2543
f 2529 2533 2543
f 2544 2546 2545
f 2545 2546 2547
f 2546 2548 2547
f 2538 2451 2549
f 2549 2451 2550
f 2451 2529 2550
f 2550 2529 2551
f 2529 2541 2551
f 2496 2552 2498
f 2498 2552 2553
f 2552 2554 2553
f 2553 2554 2555
f 2554 2556 2555
f 2555 2556 2557
f 2556 2558 2557
f 2557 2558 2559
f 2558 2546 2559
f 2559 2546 2560
f 2546 2544 2560
f 2548 2546 2561
f 2561 2546 2562
f 2546 2563 2562
f 2563 2546 2564
f 2564 2546 2565
f 2546 2566 2565
f 2567 2569 2568
f 2568 2569 2570
f 2569 2571 2570
f 2572 2573 1977
f 1977 2573 2574
f 2575 2577 2576
f 2578 2580 2579
f 2581 2582 1973
f 1973 2582 2575
f 2582 2583 2575
f 2575 2583 2569
f 2581 1973 2584
f 2584 1973 2585
f 1973 2586 2585
f 2586 1973 2587
f 2587 1973 2588
f 1973 2589 2588
f 2590 2591 1973
f 1973 2591 2592
f 2577 2575 2593
f 2593 2575 2594
f 2575 2569 2594
f 2594 2569 2595
f 2569 2567 2595
f 2589 1973 2596
f 2596 1973 2597
f 1973 2598 2597
f 2598 1973 2599
f 2599 1973 2600
f 1973 2592 2600
f 2601 2602 2579
f 2579 2602 2603
f 2604 2605 1977
f 1977 2605 1973
f 2605 2606 1973
f 1973 2606 2590
f 2604 1977 2607
f 2607 1977 2608
f 1977 2609 2608
f 2609 1977 2610
f 2610 1977 2611
f 1977 2574 2611
f 2578 2579 2612
f 2612 2579 2613
f 2579 2603 2613
f 2601 2579 2614
f 2614 2579 2615
f 2579 2616 2615
f 2571 2569 2617
f 2617 2569 2579
f 2569 2618 2579
f 2579 2618 2616
f 2619 2621 2620
f 2620 2621 2622
f 2621 2623 2622
f 2622 2623 2624
f 2623 2625 2624
f 2624 2625 2626
f 2625 2627 2626
f 2626 2627 2628
f 2627 2629 2628
f 2628 2629 2630
f 2629 2580 2630
f 2630 2580 2631
f 2580 2578 2631
f 2632 2634 2633
f 2572 1977 2635
f 2635 1977 2636
f 1977 2037 2636
f 2636 2037 2637
f 2037 2638 2637
f 2638 2037 2639
f 2639 2037 2640
f 2037 2641 2640
f 2641 2037 2642
f 2642 2037 2643
f 2037 2644 2643
f 2634 2645 2633
f 2644 2037 2646
f 2646 2037 2647
f 2037 2648 2647
f 2649 2651 2650
f 2650 2651 2652
f 2651 2653 2652
f 2653 2651 2654
f 2654 2651 2655
f 2651 2656 2655
f 2648 2037 2657
f 2657 2037 2658
f 2037 2651 2658
f 2658 2651 2659
f 2651 2649 2659
f 2621 2619 2660
f 2660 2619 2661
f 2619 2634 2661
f 2661 2634 2662
f 2634 2632 2662
f 2663 2664 2651
f 2651 2664 2665
f 2645 2656 2633
f 2633 2656 2666
f 2656 2651 2666
f 2666 2651 2667
f 2651 2665 2667
f 2668 2575 2669
f 2669 2575 2670
f 2671 2669 2672
f 2672 2669 2673
f 2669 2674 2673
f 2670 2575 2675
f 2675 2575 2676
f 2575 2677 2676
f 2677 2575 2678
f 2678 2575 2679
f 2575 2680 2679
f 2680 2575 2681
f 2681 2575 2682
f 2575 2576 2682
f 2668 2684 2683
f 2685 2687 2686
f 2684 2668 2688
f 2688 2668 2689
f 2668 2669 2689
f 2689 2669 2690
f 2669 2671 2690
f 2691 2692 2686
f 2686 2692 2693
f 2685 2686 2694
f 2694 2686 2695
f 2686 2693 2695
f 2691 2686 2696
f 2696 2686 2697
f 2686 2698 2697
f 2674 2669 2699
f 2699 2669 2686
f 2669 2700 2686
f 2686 2700 2698
f 2701 2703 2702
f 2702 2703 2704
f 2703 2705 2704
f 2704 2705 2706
f 2705 2707 2706
f 2706 2707 2708
f 2707 2709 2708
f 2708 2709 2710
f 2709 2711 2710
f 2710 2711 2712
f 2711 2687 2712
f 2712 2687 2713
f 2687 2685 2713
f 2663 2651 2714
f 2714 2651 2715
f 2651 2716 2715
f 2716 2651 2717
f 2717 2651 2718
f 2651 2719 2718
f 2720 2722 2721
f 2721 2722 2723
f 2720 2721 2724
f 2724 2721 2725
f 2721 2726 2725
f 2726 2728 2727
f 2719 2651 2729
f 2729 2651 2730
f 2651 2721 2730
f 2730 2721 2731
f 2721 2723 2731
f 2703 2701 2732
f 2732 2701 2733
f 2701 2734 2733
f 2733 2734 2727
f 2734 2735 2727
f 2727 2735 2726
f 2736 2737 2721
f 2721 2737 2738
f 2728 2726 2739
f 2739 2726 2740
f 2726 2721 2740
f 2740 2721 2741
f 2721 2738 2741
f 2742 2744 2743
f 2745 2513 2746
f 2747 2742 2748
f 2748 2742 2749
f 2742 2743 2749
f 2746 2513 2750
f 2750 2513 2751
f 2513 2752 2751
f 2752 2513 2753
f 2753 2513 2754
f 2513 2755 2754
f 2755 2513 2756
f 2756 2513 2757
f 2513 2515 2757
f 2758 2742 2759
f 2759 2742 2760
f 2760 2742 2761
f 2742 2762 2761
f 2762 2742 2763
f 2763 2742 2764
f 2742 2747 2764
f 115 2742 114
f 114 2742 2765
f 2742 2758 2765
f 2766 2566 2529
f 2529 2566 2531
f 2566 2546 2531
f 2767 2769 2768
f 2768 2769 2770
f 2769 2771 2770
f 2766 2529 2772
f 2772 2529 2773
f 2529 2774 2773
f 2774 2529 2775
f 2775 2529 2776
f 2529 2777 2776
f 2778 2769 2779
f 2779 2769 2780
f 2769 2767 2780
f 2771 2769 2781
f 2781 2769 2782
f 2769 2783 2782
f 2777 2529 2784
f 2784 2529 2785
f 2529 2769 2785
f 2785 2769 2786
f 2769 2778 2786
f 2787 2789 2788
f 2789 2791 2790
f 2792 2794 2793
f 2795 2794 2796
f 2796 2794 2797
f 2788 2789 2798
f 2798 2789 2799
f 2789 2790 2799
f 2793 2794 2800
f 2800 2794 2801
f 2794 2802 2801
f 2802 2794 2803
f 2803 2794 2804
f 2794 2795 2804
f 2791 2789 2805
f 2805 2789 2806
f 2789 2807 2806
f 2807 2789 2808
f 2808 2789 2809
f 2789 2810 2809
f 2810 2789 2811
f 2811 2789 2812
f 2789 2813 2812
f 2814 2816 2815
f 2813 2789 2817
f 2817 2789 2818
f 2789 2819 2818
f 2818 2819 2820
f 2819 2821 2820
f 2822 2794 2823
f 2823 2794 2824
f 2794 2792 2824
f 2816 2814 2825
f 2825 2814 2826
f 2814 2794 2826
f 2826 2794 2827
f 2794 2822 2827
f 2828 2830 2829
f 2831 2833 2832
f 2829 2830 2834
f 2834 2830 2835
f 2830 2836 2835
f 2837 2830 2838
f 2838 2830 2839
f 2830 2840 2839
f 2821 2819 2841
f 2841 2819 2842
f 2819 2833 2842
f 2832 2833 2843
f 2843 2833 2844
f 2833 2845 2844
f 2845 2833 2846
f 2846 2833 2847
f 2833 2848 2847
f 2836 2830 2849
f 2849 2830 2850
f 2830 2837 2850
f 2840 2830 2851
f 2851 2830 2852
f 2830 2853 2852
f 2853 2830 2854
f 2854 2830 2855
f 2830 2856 2855
f 2857 2833 2858
f 2858 2833 2859
f 2833 2831 2859
f 2842 2833 2860
f 2860 2833 2861
f 2833 2862 2861
f 2862 2833 2863
f 2863 2833 2864
f 2833 2857 2864
f 2668 2866 2865
f 2867 2869 2868
f 2869 2867 2870
f 2870 2867 2871
f 2867 2668 2871
f 2871 2668 2872
f 2668 2865 2872
f 2866 2668 2873
f 2873 2668 2874
f 2668 2875 2874
f 2875 2668 2876
f 2876 2668 2877
f 2668 2878 2877
f 2878 2668 2879
f 2879 2668 2880
f 2668 2683 2880
f 2881 2883 2882
f 2882 2883 2884
f 2883 2885 2884
f 2886 2867 2887
f 2887 2867 2888
f 2867 2889 2888
f 2889 2867 2890
f 2890 2867 2891
f 2867 2868 2891
f 2885 2883 2892
f 2892 2883 2893
f 2883 2867 2893
f 2893 2867 2894
f 2867 2886 2894
f 2895 2897 2896
f 2736 2721 2898
f 2898 2721 2899
f 2721 2900 2899
f 2896 2897 2901
f 2901 2897 2902
f 2897 2883 2902
f 2902 2883 2903
f 2883 2881 2903
f 2900 2721 2904
f 2904 2721 2905
f 2721 2906 2905
f 2906 2721 2907
f 2907 2721 2908
f 2721 2909 2908
f 2909 2721 2910
f 2910 2721 2911
f 2721 2897 2911
f 2911 2897 2912
f 2897 2895 2912
f 111 112 2913
f 2913 112 2914
f 112 2915 2914
f 2916 2918 2917
f 2915 112 2919
f 2919 112 2920
f 112 2921 2920
f 2918 2923 2922
f 2924 2925 2918
f 2918 2925 2926
f 2927 2929 2928
f 2928 2929 2930
f 2929 2931 2930
f 2929 2933 2932
f 2917 2918 2934
f 2934 2918 2935
f 2918 2926 2935
f 2924 2918 2936
f 2936 2918 2937
f 2918 2938 2937
f 2938 2918 2939
f 2939 2918 2940
f 2918 2922 2940
f 2923 2918 2941
f 2941 2918 2942
f 2918 2929 2942
f 2942 2929 2943
f 2929 2927 2943
f 2931 2929 2944
f 2944 2929 2945
f 2929 2946 2945
f 2946 2929 2947
f 2947 2929 2948
f 2929 2932 2948
f 2933 2929 2949
f 2949 2929 2950
f 2929 2951 2950
f 2952 2954 2953
f 2953 2954 2955
f 2954 2956 2955
f 2921 112 2957
f 2957 112 2958
f 112 2918 2958
f 2958 2918 2959
f 2918 2916 2959
f 2960 2954 2961
f 2961 2954 2962
f 2954 2952 2962
f 2951 2929 2963
f 2963 2929 2964
f 2929 2954 2964
f 2964 2954 2965
f 2954 2960 2965
f 2966 2163 2967
f 2968 2147 2969
f 2956 2954 2970
f 2970 2954 2971
f 2954 2147 2971
f 2971 2147 2972
f 2147 2968 2972
f 2969 2147 2973
f 2973 2147 2974
f 2147 2975 2974
f 2966 2976 2163
f 2967 2163 2977
f 2977 2163 2978
f 2163 2979 2978
f 2975 2147 2980
f 2980 2147 2981
f 2147 2982 2981
f 2982 2147 2983
f 2983 2147 2984
f 2147 2163 2984
f 2984 2163 2985
f 2163 2976 2985
f 2986 2988 2987
f 2989 2988 2990
f 2990 2988 2991
f 2988 2992 2991
f 2993 2995 2994
f 2994 2995 2996
f 2995 2997 2996
f 2998 2988 2999
f 2987 2988 3000
f 3000 2988 3001
f 2988 3002 3001
f 3002 2988 3003
f 3003 2988 3004
f 2988 2989 3004
f 3005 2918 3006
f 3006 2918 3007
f 2918 3008 3007
f 3009 3011 3010
f 3010 3011 3012
f 3013 2918 3014
f 2999 2988 3015
f 3015 2988 3016
f 2988 2986 3016
f 2992 2988 3017
f 3017 2988 3018
f 2988 2918 3018
f 3018 2918 3019
f 2918 3005 3019
f 3009 3010 3020
f 3020 3010 3021
f 3010 3022 3021
f 3012 3008 3010
f 3010 3008 3023
f 3008 3024 3023
f 3025 2918 3026
f 3026 2918 3027
f 2918 3028 3027
f 2997 2995 3029
f 3029 2995 3030
f 2995 3031 3030
f 3031 2995 3032
f 3032 2995 3033
f 2995 2988 3033
f 3033 2988 3034
f 2988 2998 3034
f 3035 3037 3036
f 3036 3037 3038
f 3037 3039 3038
f 3014 2918 3040
f 3040 2918 3041
f 2918 3025 3041
f 3028 2918 3042
f 3042 2918 3043
f 2918 3044 3043
f 3045 3022 3046
f 3024 3008 3047
f 3047 3008 3048
f 3008 2918 3048
f 3048 2918 3049
f 2918 3013 3049
f 3050 112 3051
f 3051 112 3052
f 112 3053 3052
f 3046 3022 3054
f 3054 3022 3055
f 3022 3056 3055
f 3056 3022 3057
f 3057 3022 3058
f 3022 3010 3058
f 3044 2918 3059
f 3059 2918 3060
f 2918 3061 3060
f 112 3063 3062
f 3045 3064 3022
f 3022 3064 3065
f 3064 3066 3065
f 3039 3067 3038
f 3038 3067 3068
f 3067 3069 3068
f 3063 112 3070
f 3070 112 3071
f 112 3050 3071
f 3069 3067 3072
f 3072 3067 3073
f 3067 3074 3073
f 3075 3077 3076
f 3061 2918 3078
f 3078 2918 3079
f 2918 112 3079
f 3079 112 3080
f 112 3062 3080
f 3066 3064 3081
f 3081 3064 3082
f 3064 3083 3082
f 3082 3083 3084
f 3074 3076 3073
f 3073 3076 3085
f 3076 3077 3085
f 3082 3084 3086
f 3086 3084 3087
f 3084 3088 3087
f 3087 3088 3089
f 3089 3090 3087
f 3087 3090 3091
f 3090 3077 3091
f 3091 3077 3092
f 3077 3075 3092
f 3093 2248 3094
f 3053 112 3095
f 3095 112 2163
f 112 110 2163
f 2163 110 2979
f 2163 3097 3096
f 2993 3098 2995
f 2995 3098 2248
f 3098 3099 2248
f 3095 2163 3100
f 3100 2163 3101
f 2163 3102 3101
f 3102 2163 3103
f 3103 2163 3104
f 2163 3105 3104
f 3093 3106 2248
f 3107 2163 3108
f 3108 2163 3109
f 2163 3096 3109
f 3109 3096 3110
f 3096 3111 3110
f 3110 3111 3112
f 3097 2163 3113
f 3113 2163 3114
f 2163 3115 3114
f 3094 2248 3116
f 3116 2248 3117
f 2248 3099 3117
f 3105 2163 3118
f 3118 2163 3119
f 2163 3120 3119
f 3120 2163 3121
f 3121 2163 3122
f 2163 3123 3122
f 3123 2163 3124
f 3124 2163 3125
f 2163 3107 3125
f 3037 3035 3126
f 3126 3035 3127
f 3035 3110 3127
f 3127 3110 3128
f 3110 3112 3128
f 3115 2163 3129
f 3129 2163 3130
f 2163 2248 3130
f 3130 2248 3131
f 2248 3106 3131
f 1752 1773 3132
f 3132 1773 3133
f 1773 3134 3133
f 3134 1773 3135
f 3135 1773 3136
f 1773 3137 3136
f 3138 3140 3139
f 3140 3138 3141
f 3141 3138 3142
f 3138 3143 3142
f 3137 1773 3144
f 3144 1773 3145
f 1773 3146 3145
f 3146 1773 3147
f 3147 1773 3148
f 1773 3138 3148
f 3148 3138 3149
f 3138 3139 3149
f 3143 3138 3150
f 3150 3138 3151
f 3138 3152 3151
f 3152 3138 3153
f 3153 3138 3154
f 3138 3155 3154
f 3154 3155 3156
f 3155 3157 3156
f 3158 3160 3159
f 3159 3160 3161
f 3162 3163 1752
f 1752 3163 3164
f 3165 3155 3166
f 3166 3155 3167
f 3155 3159 3167
f 3167 3159 3168
f 3159 3161 3168
f 3169 1600 3170
f 3170 1600 3171
f 1600 1752 3171
f 3171 1752 3172
f 1752 3164 3172
f 3157 3155 3173
f 3173 3155 3174
f 3155 3165 3174
f 1630 1600 3175
f 3175 1600 3176
f 1600 3177 3176
f 3178 1600 3179
f 3179 1600 3180
f 1600 3169 3180
f 3162 1752 3181
f 3181 1752 3182
f 1752 3183 3182
f 3183 1752 3184
f 3184 1752 3185
f 1752 3132 3185
f 3177 1600 3186
f 3186 1600 3187
f 1600 3188 3187
f 3189 3188 3190
f 3190 3188 3191
f 3191 3188 3192
f 3192 3188 3193
f 3188 3194 3193
f 3195 3197 3196
f 3196 3197 3198
f 3197 3199 3198
f 3198 3199 3200
f 3199 3160 3200
f 3200 3160 3201
f 3160 3158 3201
f 3194 3188 3202
f 3202 3188 3203
f 3188 1600 3203
f 3203 1600 3204
f 1600 3178 3204
f 3205 3206 3188
f 3188 3206 3207
f 3205 3188 3208
f 3208 3188 3209
f 3188 3189 3209
f 3197 3195 3210
f 3210 3195 3211
f 3195 3212 3211
f 3211 3212 3213
f 3212 3214 3213
f 3213 3214 3215
f 3214 3216 3215
f 3215 3216 3217
f 3216 3218 3217
f 3217 3218 3219
f 3218 3220 3219
f 3219 3220 3221
f 3220 3222 3221
f 3207 3223 3188
f 3188 3223 3224
f 3223 3222 3224
f 3224 3222 3225
f 3222 3220 3225
f 3226 1431 3227
f 3227 1431 3228
f 3229 3231 3230
f 3230 3231 3232
f 3231 3233 3232
f 3233 3231 3234
f 3234 3231 3235
f 3231 3236 3235
f 3236 3231 3237
f 3237 3231 3238
f 3231 1431 3238
f 3238 1431 3239
f 1431 3226 3239
f 3228 1431 3240
f 3240 1431 3241
f 1431 3242 3241
f 3243 3244 3159
f 3242 1431 3245
f 3245 1431 3246
f 1431 3247 3246
f 3243 3159 3248
f 3248 3159 3249
f 3159 3155 3249
f 3249 3155 3250
f 3155 3251 3250
f 3251 3155 3252
f 3252 3155 3253
f 3155 3254 3253
f 3255 1431 3256
f 3256 1431 3257
f 1431 1528 3257
f 3258 3260 3259
f 3244 3243 3261
f 3261 3243 3262
f 3243 3263 3262
f 3262 3263 3264
f 3262 3264 3265
f 3265 3264 3258
f 3264 3266 3258
f 3258 3266 3260
f 3259 3260 3267
f 3267 3260 3268
f 3260 3269 3268
f 3270 3272 3271
f 3273 3275 3274
f 3274 3275 3276
f 3276 3275 3277
f 3277 3275 3278
f 3275 3279 3278
f 3278 3279 3280
f 3279 3281 3280
f 3280 3281 3282
f 3281 3268 3282
f 3282 3268 3283
f 3268 3269 3283
f 3284 3247 3270
f 3270 3247 3285
f 3247 1431 3285
f 3285 1431 3286
f 1431 3255 3286
f 3284 3270 3287
f 3287 3270 3288
f 3270 3289 3288
f 3289 3270 3290
f 3290 3270 3291
f 3270 3271 3291
f 3273 3272 3275
f 3275 3272 3292
f 3272 3270 3292
f 3293 3138 3294
f 3254 3155 3295
f 3295 3155 3296
f 3155 3138 3296
f 3296 3138 3297
f 3138 3293 3297
f 3294 3138 3298
f 3298 3138 3299
f 3138 3300 3299
f 3301 3303 3302
f 3302 3303 3304
f 3303 3305 3304
f 3300 3138 3306
f 3306 3138 3307
f 3138 3308 3307
f 3308 3138 3309
f 3309 3138 3310
f 3138 3303 3310
f 3310 3303 3311
f 3303 3301 3311
f 3305 3303 3312
f 3312 3303 3313
f 3303 3314 3313
f 3314 3303 3315
f 3315 3303 3316
f 3303 3231 3316
f 3316 3231 3317
f 3231 3229 3317
f 3318 3320 3319
f 3321 3303 3322
f 3322 3303 3323
f 3303 3324 3323
f 3324 3303 3325
f 3325 3303 3326
f 3303 3327 3326
f 3327 3303 3328
f 3328 3303 3329
f 3303 3320 3329
f 3329 3320 3330
f 3320 3318 3330
f 3319 3320 3331
f 3331 3320 3332
f 3320 3333 3332
f 3333 3320 3334
f 3334 3320 3335
f 3320 3336 3335
f 3336 3320 3337
f 3337 3320 3338
f 3320 3339 3338
f 3338 3339 3340
f 3339 3341 3340
f 3342 3231 3343
f 3343 3231 3344
f 3344 3231 3345
f 3231 3303 3345
f 3345 3303 3346
f 3303 3321 3346
f 3347 1363 3348
f 3348 1363 3349
f 1363 3350 3349
f 3341 3339 3351
f 3351 3339 3352
f 3339 3353 3352
f 3354 3355 1431
f 1431 3355 3356
f 3357 1431 3358
f 3358 1431 3359
f 1431 3360 3359
f 3361 3231 3362
f 3362 3231 3363
f 3353 3339 3364
f 3364 3339 3365
f 3339 3366 3365
f 3366 3339 3367
f 3367 3339 3368
f 3339 1363 3368
f 3368 1363 3369
f 1363 3347 3369
f 3350 1363 3370
f 3370 1363 3371
f 1363 3372 3371
f 3354 1431 3373
f 3373 1431 3374
f 1431 3357 3374
f 3363 3231 3375
f 3375 3231 3376
f 3231 3342 3376
f 3360 1431 3377
f 3377 1431 3378
f 1431 3231 3378
f 3378 3231 3379
f 3231 3361 3379
f 3372 1363 3380
f 3380 1363 3381
f 1363 3382 3381
f 3382 1363 3383
f 3383 1363 3384
f 1363 3385 3384
f 3386 1431 3387
f 3387 1431 3388
f 1431 3356 3388
f 3385 1363 3389
f 3389 1363 3390
f 1363 1431 3390
f 3390 1431 3391
f 1431 3386 3391
f 3392 3320 3393
f 3393 3320 3394
f 3394 3320 3395
f 3320 3396 3395
f 3396 3320 3397
f 3397 3320 3398
f 3320 3399 3398
f 3399 3320 3400
f 3400 3320 3401
f 3320 3402 3401
f 3401 3402 3403
f 3402 3404 3403
f 3404 3402 3405
f 3405 3402 3406
f 3402 3407 3406
f 3407 3402 3408
f 3408 3402 3409
f 3402 3410 3409
f 3411 3339 3412
f 3410 3402 3413
f 3413 3402 3414
f 3402 3415 3414
f 3414 3415 3416
f 3415 3417 3416
f 3412 3339 3418
f 3418 3339 3419
f 3339 3320 3419
f 3419 3320 3420
f 3320 3392 3420
f 3421 3339 3422
f 3422 3339 3423
f 3424 1363 3425
f 3425 1363 3426
f 1363 3427 3426
f 3423 3339 3428
f 3428 3339 3429
f 3339 3411 3429
f 3417 3415 3430
f 3430 3415 3431
f 3415 3432 3431
f 3433 1213 3434
f 3434 1213 3435
f 3432 3415 3436
f 3436 3415 3437
f 3415 3438 3437
f 3438 3415 3439
f 3439 3415 3440
f 3415 1213 3440
f 3440 1213 3441
f 1213 3433 3441
f 3442 3443 1363
f 1363 3443 3444
f 3427 1363 3445
f 3445 1363 3446
f 1363 3339 3446
f 3446 3339 3447
f 3339 3421 3447
f 3435 1213 3448
f 3448 1213 3449
f 1213 3450 3449
f 3442 1363 3451
f 3451 1363 3452
f 1363 3424 3452
f 3450 1213 3453
f 3453 1213 3454
f 1213 3455 3454
f 3456 1363 3457
f 3455 1213 3458
f 3458 1213 3459
f 1213 3460 3459
f 3457 1363 3461
f 3461 1363 3462
f 1363 3444 3462
f 3460 1213 3463
f 3463 1213 3464
f 1213 1363 3464
f 3464 1363 3465
f 1363 3456 3465
f 3466 3402 3467
f 3468 3470 3469
f 3471 3402 3472
f 3472 3402 3473
f 3474 3468 3475
f 3473 3402 3476
f 3476 3402 3477
f 3402 3478 3477
f 3478 3402 3479
f 3479 3402 3480
f 3402 3466 3480
f 3481 3468 3482
f 3482 3468 3483
f 3483 3468 3484
f 3484 3468 3485
f 3468 3486 3485
f 3467 3402 3487
f 3487 3402 3488
f 3402 3468 3488
f 3488 3468 3489
f 3468 3481 3489
f 3475 3468 3490
f 3490 3468 3491
f 3468 3492 3491
f 3486 3468 3493
f 3493 3468 3494
f 3468 3474 3494
f 3492 3468 3495
f 3495 3468 3496
f 3468 3497 3496
f 3497 3468 3498
f 3498 3468 3499
f 3468 3500 3499
f 3500 3468 3501
f 3501 3468 3502
f 3468 3469 3502
f 3503 109 3504
f 3470 3468 3505
f 3505 3468 3506
f 3468 109 3506
f 3506 109 3507
f 109 3503 3507
f 3508 3415 3509
f 3509 3415 3510
f 3510 3415 3511
f 3415 3402 3511
f 3511 3402 3512
f 3402 3471 3512
f 3513 109 3514
f 3514 109 3515
f 3516 1140 3517
f 3517 1140 3518
f 1140 3519 3518
f 3520 3522 3521
f 3521 3522 3523
f 3522 3486 3523
f 3523 3486 3524
f 3486 3493 3524
f 3525 3415 3526
f 3526 3415 3527
f 3415 3528 3527
f 3515 109 3529
f 3529 109 3530
f 109 1140 3530
f 3530 1140 3531
f 1140 3516 3531
f 3532 1213 3533
f 3533 1213 3534
f 1213 3535 3534
f 3536 1213 3537
f 3528 3415 3538
f 3538 3415 3539
f 3415 3508 3539
f 3504 109 3540
f 3540 109 3541
f 109 3513 3541
f 3520 3542 3522
f 3522 3542 3543
f 3542 3544 3543
f 3519 1140 3545
f 3545 1140 3546
f 1140 3547 3546
f 3548 1213 3549
f 3525 3550 3415
f 3415 3550 1213
f 3550 3551 1213
f 3549 1213 3552
f 3552 1213 3553
f 1213 3532 3553
f 3535 1213 3554
f 3554 1213 3555
f 1213 3536 3555
f 3556 3537 3557
f 3558 1213 3559
f 3544 3542 3560
f 3560 3542 3561
f 3542 3562 3561
f 3561 3562 3563
f 1140 3565 3564
f 3559 1213 3566
f 3566 1213 3567
f 1213 3551 3567
f 3547 1140 3568
f 3568 1140 3569
f 1140 3564 3569
f 3570 1213 3571
f 3571 1213 3572
f 1213 3548 3572
f 3573 3561 3574
f 3574 3561 3575
f 3561 3563 3575
f 3557 3537 3576
f 3576 3537 3577
f 3537 3578 3577
f 3573 3574 3579
f 3579 3574 3580
f 3574 3581 3580
f 3580 3581 3582
f 3581 3537 3582
f 3582 3537 3583
f 3537 3556 3583
f 3584 3585 1213
f 1213 3585 3586
f 3578 3537 3587
f 3587 3537 3588
f 3537 3589 3588
f 3584 1213 3590
f 3590 1213 3591
f 1213 3558 3591
f 3565 1140 3592
f 3592 1140 3593
f 1140 3594 3593
f 3594 1140 3595
f 3595 1140 3596
f 1140 1213 3596
f 3596 1213 3597
f 1213 3570 3597
f 3589 3537 3598
f 3598 3537 3599
f 3537 3600 3599
f 3601 1213 3602
f 3600 3537 3603
f 3603 3537 3604
f 3537 1213 3604
f 3604 1213 3605
f 1213 3606 3605
f 3602 1213 3607
f 3607 1213 3608
f 1213 3586 3608
f 3606 1213 3609
f 3609 1213 3610
f 1213 3601 3610
f 109 3468 108
f 108 3468 3611
f 3468 3612 3611
f 3613 3615 3614
f 3612 3468 3616
f 3616 3468 3617
f 3468 3618 3617
f 3618 3468 3619
f 3619 3468 3620
f 3468 3621 3620
f 3622 3613 3623
f 3623 3613 3624
f 3613 3625 3624
f 3621 3468 3626
f 3626 3468 3627
f 3468 3613 3627
f 3627 3613 3628
f 3613 3622 3628
f 3625 3613 3629
f 3629 3613 3630
f 3613 3614 3630
f 3631 106 3632
f 3615 3613 3633
f 3633 3613 3634
f 3613 106 3634
f 3634 106 3635
f 106 3631 3635
f 3636 106 3637
f 3637 106 3638
f 3639 1067 3640
f 3640 1067 3641
f 1067 3642 3641
f 3638 106 3643
f 3643 106 3644
f 106 1067 3644
f 3644 1067 3645
f 1067 3639 3645
f 3646 1140 3647
f 3647 1140 3648
f 1140 3649 3648
f 3632 106 3650
f 3650 106 3651
f 106 3636 3651
f 109 3653 3652
f 3642 1067 3654
f 3654 1067 3655
f 1067 3656 3655
f 3657 1140 3658
f 3649 1140 3659
f 3659 1140 3660
f 1140 109 3660
f 3660 109 3661
f 109 3652 3661
f 3653 109 3662
f 3662 109 3663
f 109 3664 3663
f 3665 1140 3666
f 3658 1140 3667
f 3667 1140 3668
f 1140 3646 3668
f 3664 109 3669
f 3669 109 3670
f 109 107 3670
f 3656 1067 3671
f 3671 1067 3672
f 1067 3673 3672
f 3666 1140 3674
f 3674 1140 3675
f 1140 3657 3675
f 3673 1067 3676
f 3676 1067 3677
f 1067 3678 3677
f 3678 1067 3679
f 3679 1067 3680
f 1067 1140 3680
f 3680 1140 3681
f 1140 3665 3681
f 106 3613 105
f 105 3613 3682
f 3613 3683 3682
f 3684 3686 3685
f 3685 3686 3687
f 3686 3688 3687
f 3683 3613 3689
f 3689 3613 3690
f 3613 3691 3690
f 3691 3613 3692
f 3692 3613 3693
f 3613 3694 3693
f 3695 3686 3696
f 3696 3686 3697
f 3686 3698 3697
f 3694 3613 3699
f 3699 3613 3700
f 3613 3686 3700
f 3700 3686 3701
f 3686 3695 3701
f 3698 3686 3702
f 3702 3686 3703
f 3686 3684 3703
f 3688 3705 3704
f 3704 3705 3706
f 3705 3707 3706
f 3708 3705 3709
f 3709 3705 3710
f 3711 994 3712
f 3712 994 3713
f 994 3714 3713
f 3710 3705 3715
f 3715 3705 3716
f 3705 994 3716
f 3716 994 3717
f 994 3711 3717
f 3718 1067 3719
f 3719 1067 3720
f 1067 3721 3720
f 3707 3705 3722
f 3722 3705 3723
f 3705 3708 3723
f 106 3725 3724
f 3714 994 3726
f 3726 994 3727
f 994 3728 3727
f 3729 1067 3730
f 3721 1067 3731
f 3731 1067 3732
f 1067 106 3732
f 3732 106 3733
f 106 3724 3733
f 3725 106 3734
f 3734 106 3735
f 106 3736 3735
f 3737 1067 3738
f 3730 1067 3739
f 3739 1067 3740
f 1067 3718 3740
f 3736 106 3741
f 3741 106 3742
f 106 104 3742
f 3728 994 3743
f 3743 994 3744
f 994 3745 3744
f 3738 1067 3746
f 3746 1067 3747
f 1067 3729 3747
f 3745 994 3748
f 3748 994 3749
f 994 3750 3749
f 3750 994 3751
f 3751 994 3752
f 994 1067 3752
f 3752 1067 3753
f 1067 3737 3753
f 3754 3686 3755
f 3755 3686 3756
f 3756 3686 3757
f 3686 3758 3757
f 3759 3761 3760
f 3761 3759 3762
f 3762 3759 3763
f 3759 101 3763
f 3688 3686 3705
f 3705 3686 3764
f 3686 3754 3764
f 3758 3686 3765
f 3765 3686 3766
f 3686 3767 3766
f 3768 3759 3769
f 3769 3759 3770
f 3770 3759 3771
f 3771 3759 3772
f 3759 3760 3772
f 3767 3686 3773
f 3773 3686 3774
f 3686 3759 3774
f 3774 3759 3775
f 3759 3768 3775
f 102 103 3776
f 3776 103 3777
f 103 3778 3777
f 103 3780 3779
f 3781 3705 3782
f 3783 3705 3784
f 3784 3705 3785
f 3778 103 3786
f 3786 103 3787
f 103 3779 3787
f 3782 3705 3788
f 3788 3705 3789
f 3705 3783 3789
f 3790 3791 921
f 921 3791 103
f 3791 3792 103
f 103 3792 3780
f 3785 3705 3793
f 3793 3705 3794
f 3705 3764 3794
f 3781 3795 3705
f 3705 3795 994
f 3795 3796 994
f 3797 994 3798
f 3798 994 3799
f 994 3796 3799
f 3790 921 3800
f 3800 921 3801
f 921 3802 3801
f 3802 921 3803
f 3803 921 3804
f 921 3805 3804
f 3806 994 3807
f 3805 921 3808
f 3808 921 3809
f 921 3810 3809
f 3807 994 3811
f 3811 994 3812
f 994 3797 3812
f 3813 994 3814
f 3814 994 3815
f 994 3816 3815
f 3810 921 3817
f 3817 921 3818
f 921 3819 3818
f 3816 994 3820
f 3820 994 3821
f 994 3806 3821
f 3819 921 3822
f 3822 921 3823
f 921 994 3823
f 3823 994 3824
f 994 3813 3824
f 3825 3759 3826
f 3826 3759 3827
f 3827 3759 3828
f 3759 3829 3828
f 3830 3831 2794
f 2794 3831 3832
f 101 3759 103
f 103 3759 3833
f 3759 3825 3833
f 3829 3759 3834
f 3834 3759 3835
f 3759 3836 3835
f 3837 2794 3838
f 3838 2794 3839
f 3839 2794 3840
f 3840 2794 3841
f 2794 3832 3841
f 3836 3759 3842
f 3842 3759 3843
f 3759 2794 3843
f 3843 2794 3844
f 2794 3837 3844
f 3845 3847 3846
f 3845 3848 3847
f 3830 2794 3849
f 3849 2794 3850
f 2794 3847 3850
f 3850 3847 3851
f 3847 3848 3851
f 3847 3853 3852
f 3854 103 3855
f 3856 103 3857
f 3857 103 3858
f 3846 3847 3859
f 3859 3847 3860
f 3847 3852 3860
f 3855 103 3861
f 3861 103 3862
f 103 3856 3862
f 3863 3864 850
f 850 3864 3847
f 3864 3865 3847
f 3847 3865 3853
f 3858 103 3866
f 3866 103 3867
f 103 3833 3867
f 3854 3868 103
f 103 3868 921
f 3868 3869 921
f 3870 921 3871
f 3871 921 3872
f 921 3869 3872
f 3863 850 3873
f 3873 850 3874
f 850 3875 3874
f 3875 850 3876
f 3876 850 3877
f 850 3878 3877
f 3879 921 3880
f 3878 850 3881
f 3881 850 3882
f 850 3883 3882
f 3880 921 3884
f 3884 921 3885
f 921 3870 3885
f 3886 921 3887
f 3887 921 3888
f 921 3889 3888
f 3883 850 3890
f 3890 850 3891
f 850 3892 3891
f 3889 921 3893
f 3893 921 3894
f 921 3879 3894
f 3892 850 3895
f 3895 850 3896
f 850 921 3896
f 3896 921 3897
f 921 3886 3897
f 3898 2814 3899
f 3900 2814 3901
f 2814 3902 3899
f 3899 3902 3903
f 3902 3904 3903
f 3905 2794 3906
f 3906 2794 3907
f 2794 3908 3907
f 3908 2794 3909
f 3909 2794 3910
f 2794 3911 3910
f 3912 2814 3913
f 3913 2814 3914
f 2814 3898 3914
f 3911 2794 3915
f 3915 2794 3916
f 2794 2814 3916
f 3916 2814 3917
f 2814 3900 3917
f 3901 2814 3918
f 3918 2814 3919
f 2814 3912 3919
f 3920 3847 3921
f 3921 3847 3922
f 3847 2794 3922
f 3922 2794 3923
f 2794 3905 3923
f 3902 3925 3924
f 3926 3902 3927
f 3927 3902 3928
f 3902 3924 3928
f 3929 845 3930
f 3930 845 3931
f 845 3932 3931
f 3933 3847 3934
f 3934 3847 3935
f 3847 3936 3935
f 3936 3847 3937
f 3937 3847 3938
f 3847 3920 3938
f 3904 3902 3939
f 3939 3902 3940
f 3902 3926 3940
f 3925 3902 3941
f 3941 3902 3942
f 3902 845 3942
f 3942 845 3943
f 845 3929 3943
f 3944 850 3945
f 3945 850 3946
f 3946 850 3947
f 850 3948 3947
f 3948 850 3949
f 3949 850 3950
f 850 3951 3950
f 3951 850 3952
f 3952 850 3953
f 850 3847 3953
f 3953 3847 3954
f 3847 3933 3954
f 3932 845 3955
f 3955 845 3956
f 845 3957 3956
f 3957 845 3958
f 3958 845 3959
f 845 3960 3959
f 850 3962 3961
f 3960 845 3963
f 3963 845 3964
f 845 3965 3964
f 3962 850 3966
f 3966 850 3967
f 850 3944 3967
f 3965 845 3968
f 3968 845 3969
f 845 850 3969
f 3969 850 3970
f 850 3961 3970
f 3971 3972 2830
f 2830 3972 3973
f 2830 3975 3974
f 3971 2830 3976
f 3976 2830 3977
f 2830 3978 3977
f 3979 2830 3980
f 3975 2830 3981
f 3981 2830 3982
f 2830 3983 3982
f 3984 3986 3985
f 3978 2830 3987
f 3987 2830 3988
f 2830 3989 3988
f 3990 2830 3991
f 3992 3986 3993
f 3989 2830 3994
f 3994 2830 3995
f 2830 3979 3995
f 3996 3998 3997
f 3997 3998 3999
f 3998 4000 3999
f 3999 4000 3974
f 4000 4001 3974
f 3974 4001 2830
f 4001 4002 2830
f 2830 4002 3991
f 3983 2830 4003
f 4003 2830 4004
f 2830 3986 4004
f 4004 3986 4005
f 3986 3984 4005
f 3993 3986 4006
f 4006 3986 4007
f 3986 4008 4007
f 3980 2830 4009
f 4009 2830 4010
f 2830 3990 4010
f 3985 3986 4011
f 4011 3986 4012
f 3986 3992 4012
f 4008 3986 4013
f 4013 3986 4014
f 3986 4015 4014
f 4014 4015 4016
f 4015 4017 4016
f 4017 4015 4018
f 4018 4015 4019
f 4015 4020 4019
f 4021 3996 4022
f 4023 4025 4024
f 4026 4028 4027
f 4029 704 4030
f 4031 3973 4032
f 4022 3996 4033
f 4033 3996 4034
f 3996 3997 4034
f 4032 3973 4035
f 4035 3973 4036
f 3973 3972 4036
f 4021 4028 3996
f 3996 4028 4037
f 4028 4026 4037
f 4038 3973 4039
f 4039 3973 4040
f 4041 4025 4042
f 4042 4025 4043
f 4025 4023 4043
f 4024 4025 4044
f 4044 4025 4045
f 4025 4046 4045
f 4046 4025 4047
f 4047 4025 4048
f 4025 4049 4048
f 4050 627 4051
f 4040 3973 4052
f 4052 3973 4053
f 3973 4031 4053
f 4049 4025 4054
f 4054 4025 4055
f 4025 4056 4055
f 4055 4056 4057
f 4056 4027 4057
f 4057 4027 4058
f 4027 4028 4058
f 4020 4015 4059
f 4059 4015 4060
f 4015 4061 4060
f 704 3973 4030
f 4030 3973 4062
f 3973 4038 4062
f 4061 4015 4063
f 4063 4015 4064
f 4015 627 4064
f 4064 627 4065
f 627 4050 4065
f 4066 4025 4067
f 4067 4025 4068
f 4025 4041 4068
f 4069 704 4070
f 4070 704 4071
f 704 4029 4071
f 4072 627 4073
f 4074 4075 627
f 627 4075 4076
f 4077 704 4078
f 4078 704 4079
f 704 4069 4079
f 4051 627 4080
f 4080 627 4081
f 627 4082 4081
f 4082 627 4083
f 4083 627 4084
f 627 4085 4084
f 4085 627 4086
f 4086 627 4087
f 627 4088 4087
f 4074 627 4089
f 4089 627 4090
f 627 4091 4090
f 4092 704 4093
f 4093 704 4094
f 704 4077 4094
f 4066 4067 4095
f 4095 4067 4096
f 4067 4097 4096
f 4096 4097 4098
f 4091 627 4099
f 4099 627 4100
f 627 4101 4100
f 4088 627 4102
f 4102 627 4103
f 627 4072 4103
f 4104 704 4105
f 4105 704 4106
f 704 4107 4106
f 4073 627 4108
f 4108 627 4109
f 627 4097 4109
f 4098 4097 4110
f 4110 4097 4111
f 4097 627 4111
f 4111 627 4112
f 627 4076 4112
f 4107 704 4113
f 4113 704 4114
f 704 4092 4114
f 4101 627 4115
f 4115 627 4116
f 627 704 4116
f 4116 704 4117
f 704 4104 4117
f 4118 3986 4119
f 4119 3986 4120
f 4120 3986 4121
f 3986 4122 4121
f 4122 3986 4123
f 4123 3986 4124
f 3986 4125 4124
f 4126 4128 4127
f 4127 4128 4129
f 4128 4130 4129
f 4130 4128 4131
f 4131 4128 4132
f 4128 4133 4132
f 4125 3986 4134
f 4134 3986 4135
f 3986 4128 4135
f 4135 4128 4136
f 4128 4126 4136
f 4133 4128 4137
f 4137 4128 4138
f 4128 4139 4138
f 4138 4139 4140
f 4139 4141 4140
f 4141 4139 4142
f 4142 4139 4143
f 4139 4144 4143
f 4145 627 4146
f 4147 4015 4148
f 4148 4015 4149
f 4149 4015 4150
f 4015 3986 4150
f 4150 3986 4151
f 3986 4118 4151
f 4152 4015 4153
f 4153 4015 4154
f 4155 521 4156
f 4154 4015 4157
f 4157 4015 4158
f 4015 4147 4158
f 4144 4139 4159
f 4159 4139 4160
f 4139 4161 4160
f 627 4015 4146
f 4146 4015 4162
f 4015 4152 4162
f 4161 4139 4163
f 4163 4139 4164
f 4139 521 4164
f 4164 521 4165
f 521 4155 4165
f 4166 627 4167
f 4167 627 4168
f 627 4145 4168
f 4169 627 4170
f 4170 627 4171
f 627 4166 4171
f 4156 521 4172
f 4172 521 4173
f 521 4174 4173
f 4175 627 4176
f 4176 627 4177
f 627 4169 4177
f 4174 521 4178
f 4178 521 4179
f 521 4180 4179
f 4180 521 4181
f 4181 521 4182
f 521 4183 4182
f 4184 627 4185
f 4185 627 4186
f 676 627 521
f 521 627 4187
f 627 4184 4187
f 4183 521 4188
f 4188 521 4189
f 521 4187 4189
f 4186 627 4190
f 4190 627 4191
f 627 4175 4191
f 4192 4128 4193
f 4193 4128 4194
f 4194 4128 4195
f 4195 4128 4196
f 4128 2742 4196
f 4196 2742 4197
f 2742 4198 4197
f 4199 4128 4200
f 4200 4128 4201
f 4128 4202 4201
f 4203 4128 4204
f 4202 4128 4205
f 4205 4128 4206
f 4128 4207 4206
f 4208 4128 4209
f 4207 4128 4210
f 4210 4128 4211
f 4128 4203 4211
f 4212 4214 4213
f 4213 4214 4215
f 4214 4216 4215
f 4215 4216 4192
f 4216 4217 4192
f 4192 4217 4128
f 4217 4218 4128
f 4128 4218 4209
f 4204 4128 4219
f 4219 4128 4220
f 4128 4208 4220
f 4221 4212 4222
f 4223 4225 4224
f 4226 521 4227
f 4228 4139 4229
f 4222 4212 4230
f 4230 4212 4231
f 4212 4213 4231
f 4221 4225 4212
f 4212 4225 4232
f 4225 4223 4232
f 4233 521 4234
f 4229 4139 4235
f 4235 4139 4236
f 4139 4128 4236
f 4236 4128 4237
f 4128 4199 4237
f 4238 521 4239
f 4239 521 4240
f 521 4241 4240
f 4242 4139 4243
f 4243 4139 4244
f 4241 521 4245
f 4245 521 4246
f 521 4226 4246
f 4244 4139 4247
f 4247 4139 4248
f 4139 4228 4248
f 4249 4250 4227
f 4227 4250 4251
f 4224 4225 4252
f 4252 4225 4253
f 4225 4254 4253
f 4253 4254 4255
f 521 4139 4234
f 4234 4139 4256
f 4139 4242 4256
f 4257 501 4258
f 4258 501 4259
f 501 4260 4259
f 4260 501 4261
f 4261 501 4262
f 501 521 4262
f 4262 521 4263
f 521 4238 4263
f 4227 4251 4264
f 4264 4251 4265
f 4251 4266 4265
f 4265 4266 4267
f 4266 4268 4267
f 4267 4268 4255
f 4268 4269 4255
f 4255 4269 4253
f 4270 521 4271
f 4271 521 4272
f 521 4233 4272
f 4249 4227 4273
f 4273 4227 4274
f 4227 4275 4274
f 4276 521 4277
f 4277 521 4278
f 521 4270 4278
f 4275 4227 4279
f 4279 4227 4280
f 4227 4281 4280
f 4282 521 4283
f 4283 521 4284
f 521 4276 4284
f 4281 4227 4285
f 4285 4227 4286
f 4227 4287 4286
f 4288 521 4289
f 4289 521 4290
f 4290 521 4291
f 521 4292 4291
f 4287 4227 4293
f 4293 4227 4294
f 4227 521 4294
f 4294 521 4295
f 521 4288 4295
f 4292 521 4296
f 4296 521 4297
f 521 4282 4297
f 115 4299 4298
f 115 4300 4299
f 4301 115 4302
f 4302 115 4303
f 115 4304 4303
f 4304 115 4305
f 4305 115 4306
f 115 4298 4306
f 4198 2742 4307
f 4307 2742 4308
f 2742 115 4308
f 4308 115 4309
f 115 4301 4309
f 4299 4300 4310
f 4310 4300 4311
f 4300 4312 4311
f 4312 4300 4313
f 4313 4300 4314
f 4300 4315 4314
f 4315 4300 4316
f 4316 4300 4317
f 4300 4318 4317
f 4319 4320 480
f 480 4320 4300
f 4320 4321 4300
f 4300 4321 4318
f 4319 480 4322
f 4322 480 4323
f 480 4324 4323
f 4324 480 4325
f 4325 480 4326
f 480 4327 4326
f 4327 480 4328
f 4328 480 4329
f 480 4330 4329
f 4331 501 4332
f 4332 501 4333
f 501 4257 4333
f 4330 480 4334
f 4334 480 4335
f 480 501 4335
f 4335 501 4336
f 501 4331 4336
f 4337 4338 2769
f 2769 4338 4339
f 4338 4340 4339
f 4339 4340 4341
f 4342 2867 4343
f 4343 2867 4344
f 4337 2769 4345
f 4345 2769 4346
f 2769 4347 4346
f 4348 2867 4349
f 4347 2769 4350
f 4350 2769 4351
f 2769 4352 4351
f 4348 4353 2867
f 4349 2867 4354
f 4354 2867 4355
f 2867 4342 4355
f 4352 2769 4356
f 4356 2769 4357
f 2769 4358 4357
f 4344 2867 4359
f 4359 2867 4360
f 2867 4361 4360
f 4360 4361 4362
f 4361 4363 4362
f 4364 4339 4365
f 4365 4339 4366
f 4366 4339 4367
f 4339 4368 4367
f 4368 4339 4369
f 4369 4339 4370
f 4339 4341 4370
f 4363 4361 4371
f 4371 4361 4372
f 4361 4373 4372
f 4373 4361 4374
f 4374 4361 4375
f 4361 4376 4375
f 4377 336 4378
f 4379 413 4380
f 4380 413 4381
f 413 4382 4381
f 4382 413 4383
f 4383 413 4384
f 413 4339 4384
f 4384 4339 4385
f 4339 4364 4385
f 4377 4386 336
f 4376 4361 4387
f 4387 4361 4388
f 4361 336 4388
f 4388 336 4389
f 336 4386 4389
f 4378 336 4390
f 4390 336 4391
f 336 4392 4391
f 4392 336 4393
f 4393 336 4394
f 336 4395 4394
f 4396 4397 413
f 413 4397 4398
f 4396 413 4399
f 4399 413 4400
f 413 4379 4400
f 4395 336 4401
f 4401 336 4402
f 336 4403 4402
f 413 4405 4404
f 4405 413 4406
f 4406 413 4407
f 413 4398 4407
f 4403 336 4408
f 4408 336 4409
f 336 413 4409
f 4409 413 4410
f 413 4404 4410
f 2883 4412 4411
f 2883 4413 4412
f 4414 2867 4415
f 4415 2867 4416
f 2867 4417 4416
f 4417 2867 4418
f 4418 2867 4419
f 2867 4420 4419
f 4421 2883 4422
f 4420 2867 4423
f 4423 2867 4424
f 2867 2883 4424
f 4424 2883 4425
f 2883 4426 4425
f 4422 2883 4427
f 4427 2883 4428
f 2883 4411 4428
f 4426 2883 4429
f 4429 2883 4430
f 2883 4421 4430
f 4412 4413 4431
f 4431 4413 4432
f 4413 4433 4432
f 4433 4413 4434
f 4434 4413 4435
f 4413 4436 4435
f 4437 336 4438
f 4439 4361 4440
f 4440 4361 4441
f 4441 4361 4442
f 4361 2867 4442
f 4442 2867 4443
f 2867 4414 4443
f 4444 4361 4445
f 4445 4361 4446
f 4447 249 4448
f 4446 4361 4449
f 4449 4361 4450
f 4361 4439 4450
f 4436 4413 4451
f 4451 4413 4452
f 4413 4453 4452
f 4454 336 4455
f 4455 336 4456
f 336 4361 4438
f 4438 4361 4457
f 4361 4444 4457
f 4453 4413 4458
f 4458 4413 4459
f 4413 249 4459
f 4459 249 4460
f 249 4447 4460
f 4456 336 4461
f 4461 336 4462
f 336 4437 4462
f 4448 249 4463
f 4463 249 4464
f 249 4465 4464
f 4466 336 4467
f 4467 336 4468
f 336 4454 4468
f 4465 249 4469
f 4469 249 4470
f 249 4471 4470
f 4471 249 4472
f 4472 249 4473
f 249 4474 4473
f 4475 336 4476
f 4476 336 4477
f 336 4466 4477
f 4474 249 4478
f 4478 249 4479
f 249 4480 4479
f 4480 249 4481
f 4481 249 4482
f 249 336 4482
f 4482 336 4483
f 336 4475 4483
f 4484 2883 4485
f 4485 2883 4486
f 2883 4487 4486
f 4487 2883 4488
f 4488 2883 4489
f 2883 4490 4489
f 4491 2897 4492
f 4490 2883 4493
f 4493 2883 4494
f 2883 2897 4494
f 4494 2897 4495
f 2897 4496 4495
f 4492 2897 4497
f 4497 2897 4498
f 2897 4499 4498
f 4496 2897 4500
f 4500 2897 4501
f 2897 4491 4501
f 4499 2897 4502
f 4502 2897 4503
f 2897 4504 4503
f 4503 4504 4505
f 4504 4506 4505
f 4506 4504 4507
f 4507 4504 4508
f 4504 4509 4508
f 4510 249 4511
f 4512 4413 4513
f 4513 4413 4514
f 4514 4413 4515
f 4413 2883 4515
f 4515 2883 4516
f 2883 4484 4516
f 4517 4413 4518
f 4518 4413 4519
f 4519 4413 4520
f 4520 4413 4521
f 4413 4512 4521
f 4509 4504 4522
f 4522 4504 4523
f 4504 4524 4523
f 4523 4524 4525
f 4524 4526 4525
f 249 4413 4511
f 4511 4413 4527
f 4413 4517 4527
f 265 249 4528
f 4528 249 4529
f 249 4530 4529
f 4531 249 4532
f 4532 249 4533
f 249 4510 4533
f 4525 4526 4534
f 4534 4526 4535
f 4526 4536 4535
f 4535 4536 4537
f 4536 4538 4537
f 4539 249 4540
f 4540 249 4541
f 249 4531 4541
f 4542 4544 4543
f 4530 249 4545
f 4545 249 4546
f 249 4539 4546
f 4546 4539 4547
f 4539 4548 4547
f 4547 4548 4549
f 4548 4550 4549
f 4549 4550 4551
f 4552 4549 4553
f 4553 4549 4554
f 4538 4555 4537
f 4537 4555 4556
f 4555 4557 4556
f 4556 4557 4558
f 4557 4559 4558
f 4558 4559 4560
f 4559 4561 4560
f 4560 4561 4562
f 4561 4563 4562
f 4562 4563 4564
f 4563 4565 4564
f 4564 4565 4566
f 4565 4567 4566
f 4566 4567 4568
f 4567 4544 4568
f 4568 4544 4569
f 4544 4542 4569
f 4543 4544 4570
f 4570 4544 4571
f 4544 4572 4571
f 4571 4572 4573
f 4572 4549 4573
f 4573 4549 4574
f 4549 4552 4574
f 4554 4549 4575
f 4575 4549 4576
f 4549 4551 4576
f 4577 2995 4578
f 4579 4580 2995
f 2995 4580 4581
f 4582 4583 2988
f 2988 4583 4584
f 4578 2995 4585
f 4585 2995 4586
f 2995 4581 4586
f 4582 2988 4587
f 4587 2988 4588
f 2988 2995 4588
f 4588 2995 4589
f 2995 4577 4589
f 2897 4591 4590
f 4591 2897 4592
f 4592 2897 4593
f 2897 4594 4593
f 4595 4504 4596
f 4596 4504 4597
f 4504 2897 4597
f 4597 2897 4598
f 2897 4590 4598
f 4599 4504 4600
f 4600 4504 4601
f 4504 4595 4601
f 4602 4604 4603
f 4605 4607 4606
f 4604 185 4608
f 4608 185 4609
f 185 203 4609
f 4606 4610 4605
f 4603 4604 4611
f 4611 4604 4612
f 4604 4608 4612
f 4607 4605 4613
f 4613 4605 4614
f 4605 4615 4614
f 4614 4615 4616
f 4605 4610 4617
f 4617 4610 4618
f 4610 4524 4618
f 4618 4524 4619
f 4524 4504 4619
f 4619 4504 4620
f 4504 4599 4620
f 4616 4621 4614
f 4614 4621 4622
f 4621 4623 4622
f 4622 4623 4624
f 4623 4625 4624
f 4604 4602 4626
f 4626 4602 4627
f 4602 4628 4627
f 4627 4628 4629
f 4628 4630 4629
f 4629 4630 4631
f 4630 4632 4631
f 4631 4632 4633
f 4632 4625 4633
f 4633 4625 4634
f 4625 4623 4634
f 4635 4637 4636
f 4636 4637 4638
f 4637 4639 4638
f 140 4641 4640
f 4641 140 4642
f 4642 140 4643
f 140 4644 4643
f 4639 4637 4645
f 4645 4637 4646
f 4637 4647 4646
f 4648 4637 4649
f 4649 4637 4650
f 4637 140 4650
f 4650 140 4651
f 140 4640 4651
f 4652 185 4653
f 4647 4637 4654
f 4654 4637 4655
f 4637 4648 4655
f 4644 140 4656
f 4656 140 4657
f 140 4658 4657
f 4653 185 4659
f 4659 185 4660
f 185 4604 4660
f 4658 140 4661
f 4661 140 4662
f 140 4663 4662
f 4663 140 4664
f 4664 140 4665
f 140 185 4665
f 4665 185 4666
f 185 4652 4666
f 4667 4637 4668
f 4668 4637 4669
f 4669 4637 4670
f 4637 4671 4670
f 139 140 4672
f 4672 140 4673
f 140 4637 4673
f 4673 4637 4674
f 4637 4667 4674
f 4671 4637 4675
f 4675 4637 4676
f 4637 2380 4676
f 4676 2380 4677
f 2380 2381 4677
f 2064 2052 2929
f 2929 2052 2954
f 2052 2055 2954
f 2954 2055 2147
f 2055 90 2147
f 2147 90 92
f 1776 1778 4678
f 4678 1778 4679
f 1778 1869 4679
f 4679 1869 4680
f 1869 1871 4680
f 4680 1871 4681
f 1871 1873 4681
f 4681 1873 4682
f 1873 1875 4682
f 4682 1875 4683
f 1875 1877 4683
f 4683 1877 4684
f 1877 1879 4684
f 4684 1879 4685
f 1879 1881 4685
f 4685 1881 4686
f 1881 1883 4686
f 4686 1883 4687
f 1883 1885 4687
f 4687 1885 4688
f 1885 1887 4688
f 4688 1887 4689
f 1887 1889 4689
f 4689 1889 4690
f 1889 1891 4690
f 4690 1891 4691
f 1891 1893 4691
f 4691 1893 4692
f 1893 1895 4692
f 4692 1895 2402
f 1895 2428 2402
f 2402 2428 2403
f 4678 4679 4693
f 4693 4679 4694
f 4679 4680 4694
f 4694 4680 4695
f 4680 4681 4695
f 4695 4681 4696
f 4681 4682 4696
f 4696 4682 4697
f 4682 4683 4697
f 4697 4683 4698
f 4683 4684 4698
f 4698 4684 4699
f 4684 4685 4699
f 4699 4685 4700
f 4685 4686 4700
f 4700 4686 4701
f 4686 4687 4701
f 4701 4687 4702
f 4687 4688 4702
f 4702 4688 2789
f 4688 4689 2789
f 2789 4689 2819
f 4689 4690 2819
f 2819 4690 2833
f 4690 4691 2833
f 2833 4691 4703
f 4691 4692 4703
f 4703 4692 4704
f 4692 2402 4704
f 4704 2402 2513
f 2402 2495 2513
f 2513 2495 2512
f 2495 2499 2512
f 2034 2024 2048
f 2048 2024 2037
f 2024 2064 2037
f 2037 2064 2651
f 2064 2929 2651
f 2651 2929 2721
f 2929 2918 2721
f 2721 2918 2897
f 2918 2988 2897
f 2897 2988 4594
f 2988 4584 4594
f 1958 1938 1962
f 1962 1938 1945
f 1938 1973 1945
f 1945 1973 2451
f 1973 2575 2451
f 2451 2575 2529
f 2575 2668 2529
f 2529 2668 2769
f 2668 2867 2769
f 2769 2867 4358
f 2867 4353 4358
f 2848 2833 2828
f 2828 2833 2830
f 2833 4703 2830
f 2830 4703 3986
f 4703 4704 3986
f 3986 4704 4128
f 4704 2513 4128
f 4128 2513 2742
f 2513 2745 2742
f 2742 2745 2744
f 4693 4694 1774
f 1774 4694 1773
f 4694 4695 1773
f 1773 4695 3138
f 4695 4696 3138
f 3138 4696 3303
f 4696 4697 3303
f 3303 4697 3320
f 4697 4698 3320
f 3320 4698 3402
f 4698 4699 3402
f 3402 4699 3468
f 4699 4700 3468
f 3468 4700 3613
f 4700 4701 3613
f 3613 4701 3686
f 4701 4702 3686
f 3686 4702 3759
f 4702 2789 3759
f 3759 2789 2794
f 2789 2787 2794
f 2794 2787 2797
f 4579 2995 4635
f 4635 2995 4637
f 2995 2248 4637
f 4637 2248 2380
f 2248 96 2380
f 2380 96 98
f 410 52 411
f 411 52 413
f 52 480 413
f 413 480 4339
f 480 4300 4339
f 4339 4300 2769
f 4300 115 2769
f 2769 115 2783
f 115 113 2783
f 724 62 702
f 702 62 704
f 62 845 704
f 704 845 3973
f 845 3902 3973
f 3973 3902 2830
f 3902 2814 2830
f 2830 2814 2856
f 2814 2815 2856
f 4705 4707 4706
f 4708 4710 4709
f 4711 4713 4712
f 4714 4716 4715
f 4717 4719 4718
f 4720 4722 4721
f 4723 39 4724
f 4723 4725 39
f 4724 39 4726
f 4726 39 4727
f 39 38 4727
f 4727 38 4728
f 4728 38 4729
f 38 36 4729
f 4729 36 4730
f 36 34 4730
f 4730 34 4731
f 34 32 4731
f 4731 32 4732
f 32 30 4732
f 4732 30 4733
f 30 28 4733
f 4733 28 4734
f 28 26 4734
f 4734 26 4735
f 26 24 4735
f 4735 24 4736
f 24 22 4736
f 4736 22 4737
f 22 20 4737
f 4737 20 4738
f 20 18 4738
f 4738 18 4739
f 18 16 4739
f 4739 16 4740
f 16 14 4740
f 4740 14 4741
f 14 12 4741
f 4741 12 4742
f 12 10 4742
f 4742 10 4743
f 10 8 4743
f 4743 8 4744
f 8 6 4744
f 4744 6 4745
f 6 4 4745
f 4745 4 4746
f 4 1 4746
f 4746 1 4747
f 1 99 4747
f 4747 99 4748
f 4748 99 4749
f 99 97 4749
f 4749 97 4750
f 97 4751 4750
f 4751 97 4752
f 4752 97 4753
f 97 4754 4753
f 4754 97 4755
f 4755 97 4756
f 97 4757 4756
f 4757 97 4758
f 4758 97 4759
f 97 4760 4759
f 4760 97 4761
f 4761 97 4762
f 97 4763 4762
f 4764 4766 4765
f 4765 4766 4767
f 4766 4769 4768
f 4769 4766 4770
f 4770 4766 4771
f 4766 4764 4771
f 4772 97 95
f 4773 93 4774
f 4775 4777 4776
f 4774 93 4778
f 4778 93 4779
f 93 4780 4779
f 4775 4781 4777
f 4782 4784 4783
f 4783 4777 4785
f 4785 4777 4786
f 4777 4787 4786
f 4788 4772 4789
f 4789 4772 4790
f 4772 4791 4790
f 4792 95 4793
f 4793 95 4794
f 95 93 4794
f 4794 93 4795
f 4780 93 4796
f 4796 93 4797
f 93 4798 4797
f 4776 4777 4799
f 4799 4777 4800
f 4777 4801 4800
f 93 4803 4802
f 4787 4777 4804
f 4804 4777 4805
f 4777 4772 4805
f 4805 4772 4806
f 4772 4788 4806
f 4791 4772 4807
f 4807 4772 4808
f 4772 4809 4808
f 4809 4772 4810
f 4810 4772 4811
f 4772 4812 4811
f 4813 95 4814
f 4814 95 4815
f 4798 93 4816
f 4816 93 4817
f 93 4818 4817
f 4819 4777 4820
f 4821 4777 4822
f 4822 4777 4823
f 4777 4781 4823
f 4801 4777 4824
f 4824 4777 4825
f 4777 4826 4825
f 4795 93 4827
f 4827 93 4828
f 93 4829 4828
f 4803 93 4830
f 4830 93 4831
f 93 4773 4831
f 4815 95 4832
f 4832 95 4833
f 95 4834 4833
f 4818 93 4835
f 4835 93 4836
f 93 4837 4836
f 4820 4777 4838
f 4838 4777 4839
f 4777 4821 4839
f 4826 4777 4840
f 4840 4777 4841
f 4777 4783 4841
f 4841 4783 4842
f 4783 4784 4842
f 4829 93 4843
f 4843 93 4844
f 93 4845 4844
f 4812 4772 4846
f 4846 4772 4847
f 4772 4848 4847
f 4849 95 4850
f 4850 95 4851
f 95 4813 4851
f 4834 95 4852
f 4852 95 4853
f 95 4792 4853
f 4837 93 4854
f 4854 93 4855
f 93 4856 4855
f 4857 4784 4858
f 4858 4784 4859
f 4784 4782 4859
f 4860 4845 4861
f 4848 4772 4862
f 4862 4772 4863
f 4772 4864 4863
f 4856 93 4865
f 4865 93 4866
f 93 4777 4866
f 4866 4777 4867
f 4777 4868 4867
f 4868 4777 4869
f 4869 4777 4870
f 4777 4819 4870
f 4857 4858 4871
f 4871 4858 4872
f 4858 4873 4872
f 4874 4876 4875
f 4877 4878 4876
f 4864 4772 4879
f 4879 4772 4880
f 4772 95 4880
f 4880 95 4881
f 95 4849 4881
f 4882 4884 4883
f 4883 4884 4885
f 4860 4876 4845
f 4845 4876 4886
f 4876 4874 4886
f 4875 4876 4887
f 4887 4876 4888
f 4876 4878 4888
f 4873 4858 4889
f 4889 4858 4884
f 4858 4890 4884
f 4884 4890 4885
f 4861 4845 4891
f 4891 4845 4892
f 4845 93 4892
f 4892 93 4893
f 93 4802 4893
f 4882 4894 4884
f 4884 4894 4895
f 4894 4896 4895
f 4877 4897 4878
f 4878 4897 4898
f 4897 4899 4898
f 4899 4897 4900
f 4900 4897 4901
f 4897 4902 4901
f 4903 4905 4904
f 4896 4894 4906
f 4906 4894 4907
f 4894 4908 4907
f 4907 4908 4909
f 4902 4904 4901
f 4901 4904 4910
f 4904 4905 4910
f 4907 4909 4911
f 4911 4909 4912
f 4909 4913 4912
f 4912 4913 4914
f 4914 4915 4912
f 4912 4915 4916
f 4915 4905 4916
f 4916 4905 4917
f 4905 4903 4917
f 4918 93 4919
f 91 4921 4920
f 4921 91 4922
f 4922 91 4923
f 91 4924 4923
f 4925 4777 4926
f 4927 4928 4777
f 4777 4928 4929
f 4919 93 4930
f 4930 93 4931
f 93 4932 4931
f 4933 93 4934
f 4934 93 4935
f 93 91 4935
f 4935 91 4936
f 91 4920 4936
f 4937 4938 91
f 91 4938 4939
f 4940 4942 4941
f 4941 4942 4943
f 4942 4944 4943
f 4926 4777 4945
f 4945 4777 4946
f 4777 4947 4946
f 4947 4777 4948
f 4948 4777 4949
f 4777 4929 4949
f 4927 4777 4950
f 4950 4777 4951
f 4777 4952 4951
f 4932 93 4953
f 4953 93 4954
f 93 4955 4954
f 4955 93 4956
f 4956 93 4957
f 93 4933 4957
f 4924 91 4958
f 4958 91 4959
f 91 4960 4959
f 4960 91 4961
f 4961 91 4962
f 91 4939 4962
f 4937 91 4963
f 4963 91 4964
f 91 4965 4964
f 4966 4967 4942
f 4942 4967 4968
f 4944 4942 4969
f 4969 4942 4970
f 4942 4777 4970
f 4970 4777 4971
f 4777 4925 4971
f 4952 4777 4972
f 4972 4777 4973
f 4777 4974 4973
f 4974 4777 4975
f 4975 4777 4976
f 4777 93 4976
f 4976 93 4977
f 93 4918 4977
f 4978 4979 4942
f 4942 4979 4980
f 4978 4942 4981
f 4981 4942 4982
f 4942 4983 4982
f 4983 4942 4984
f 4984 4942 4985
f 4942 4968 4985
f 4966 4942 4986
f 4986 4942 4987
f 4942 4988 4987
f 4988 4942 4989
f 4989 4942 4990
f 4942 4940 4990
f 4991 91 89
f 87 4993 4992
f 4994 4996 4995
f 4995 4996 4997
f 4998 89 4999
f 4999 89 5000
f 89 5001 5000
f 87 5002 4993
f 4993 5002 5003
f 5002 5004 5003
f 5003 5004 5005
f 5004 5006 5005
f 5005 5006 5007
f 5006 5008 5007
f 5007 5008 5009
f 5008 5010 5009
f 5009 5010 5011
f 5010 5012 5011
f 5011 5012 5013
f 5012 5014 5013
f 5013 5014 5015
f 5014 5016 5015
f 5015 5016 5017
f 5016 5018 5017
f 5017 5018 5019
f 5018 5020 5019
f 5019 5020 5021
f 5020 5022 5021
f 5021 5022 5023
f 5022 5024 5023
f 5023 5024 5025
f 5024 5026 5025
f 5025 5026 5027
f 5026 5028 5027
f 5027 5028 5029
f 5028 5030 5029
f 5029 5030 5031
f 5030 5032 5031
f 5031 5032 5033
f 5032 5034 5033
f 5033 5034 5035
f 5034 5036 5035
f 5035 5036 5037
f 5037 5036 5038
f 5036 4996 5038
f 5038 4996 5039
f 4996 4994 5039
f 5040 4991 5041
f 5041 4991 5042
f 4991 5043 5042
f 5001 89 5044
f 5044 89 5045
f 89 5046 5045
f 5046 89 5047
f 5047 89 5048
f 89 87 5048
f 5048 87 5049
f 87 4992 5049
f 5043 4991 5050
f 5050 4991 5051
f 4991 5052 5051
f 5052 4991 5053
f 5053 4991 5054
f 4991 89 5054
f 5054 89 5055
f 89 5056 5055
f 5056 89 5057
f 5057 89 5058
f 89 4998 5058
f 5059 5061 5060
f 5062 5064 5063
f 5063 5064 5065
f 5065 5064 5066
f 5064 5067 5066
f 5067 5064 5068
f 5068 5064 5069
f 5064 5059 5069
f 5060 5061 5070
f 5070 5061 5071
f 5061 5072 5071
f 4997 4996 5073
f 5073 4996 5074
f 4996 5064 5074
f 5074 5064 5075
f 5064 5062 5075
f 5072 5061 5076
f 5076 5061 5077
f 5061 5078 5077
f 5079 5061 5080
f 5080 5061 5081
f 5061 4991 5081
f 5081 4991 5082
f 4991 5040 5082
f 5078 5061 5083
f 5083 5061 5084
f 5061 5079 5084
f 5085 5087 5086
f 5086 5087 5088
f 5089 5091 5090
f 5090 5091 5092
f 5089 5090 5093
f 5093 5090 5094
f 5090 5095 5094
f 4719 5086 5096
f 5096 5086 5097
f 5086 5098 5097
f 5098 5086 5099
f 5099 5086 5100
f 5086 5101 5100
f 5101 5086 5102
f 5102 5086 5103
f 5086 5088 5103
f 5085 5086 5104
f 5104 5086 5105
f 5086 5106 5105
f 5107 5090 5108
f 5108 5090 5109
f 5090 5092 5109
f 5059 5064 5061
f 5061 5064 5110
f 5064 5111 5110
f 5110 5111 5086
f 5111 5090 5086
f 5086 5090 5106
f 5090 5107 5106
f 5112 5114 5113
f 5095 5090 5115
f 5115 5090 5116
f 5090 5114 5116
f 5116 5114 5117
f 5114 5112 5117
f 5118 4719 5119
f 5119 4719 5120
f 4719 5096 5120
f 5121 5123 5122
f 5122 5123 5124
f 5122 5126 5125
f 5126 5122 5127
f 5127 5122 5128
f 5122 5129 5128
f 5129 5122 5130
f 5130 5122 5131
f 5122 5132 5131
f 5132 5122 5133
f 5133 5122 5134
f 5122 5124 5134
f 5135 5137 5136
f 5136 5137 5138
f 5138 5137 5139
f 5137 5140 5139
f 5141 5137 5142
f 5142 5137 5143
f 5137 5122 5143
f 5143 5122 5144
f 5122 5125 5144
f 5145 5146 4719
f 4719 5146 5122
f 5146 5147 5122
f 5122 5147 5121
f 5145 4719 5148
f 5148 4719 5149
f 4719 5150 5149
f 5150 4719 5151
f 5151 4719 5152
f 4719 5118 5152
f 5113 5114 5153
f 5153 5114 5154
f 5114 5155 5154
f 5155 5114 5156
f 5156 5114 5157
f 5114 5137 5157
f 5157 5137 5158
f 5137 5135 5158
f 5140 5137 5159
f 5159 5137 5160
f 5137 5161 5160
f 5161 5137 5162
f 5162 5137 5163
f 5137 5141 5163
f 5164 5166 5165
f 5167 5166 5168
f 5168 5166 5169
f 5166 5164 5169
f 5170 5172 5171
f 5171 5172 5173
f 5165 5166 5174
f 5174 5166 5175
f 5166 5176 5175
f 5177 5173 5178
f 5179 5173 5180
f 5180 5173 5181
f 5173 5182 5181
f 5176 5166 5183
f 5183 5166 5184
f 5166 5185 5184
f 5185 5166 5186
f 5186 5166 5187
f 5166 5188 5187
f 5188 5166 5189
f 5189 5166 5190
f 5166 5191 5190
f 5178 5173 5192
f 5192 5173 5193
f 5173 5194 5193
f 5194 5173 5195
f 5195 5173 5196
f 5173 5179 5196
f 5182 5173 5197
f 5197 5173 5198
f 5173 5172 5198
f 5191 5166 5199
f 5199 5166 5200
f 5166 5173 5200
f 5200 5173 5201
f 5173 5177 5201
f 5202 5167 5203
f 5203 5167 5204
f 5167 5168 5204
f 5205 5207 5206
f 5206 5207 5208
f 5207 5209 5208
f 5210 5212 5211
f 5211 5212 5213
f 5214 5207 5215
f 5215 5207 5216
f 5216 5207 5217
f 5217 5207 5218
f 5207 5219 5218
f 5219 5207 5220
f 5220 5207 5221
f 5207 5222 5221
f 5222 5207 5223
f 5223 5207 5224
f 5207 5205 5224
f 5209 5207 5225
f 5225 5207 5226
f 5207 5167 5226
f 5226 5167 5227
f 5167 5202 5227
f 5170 5171 5228
f 5228 5171 5229
f 5171 5211 5229
f 5229 5211 5230
f 5211 5231 5230
f 5231 5211 5232
f 5232 5211 5233
f 5211 5213 5233
f 5210 5211 5234
f 5234 5211 5235
f 5211 5236 5235
f 5236 5211 5237
f 5237 5211 5238
f 5211 5239 5238
f 5239 5211 5240
f 5240 5211 5241
f 5211 5214 5241
f 5242 5244 5243
f 5243 5244 5245
f 5244 5246 5245
f 5247 5249 5248
f 5248 5249 5250
f 5251 5253 5252
f 5252 5253 5254
f 5253 5255 5254
f 5255 5253 5256
f 5256 5253 5257
f 5253 5258 5257
f 5257 5258 5259
f 5258 5260 5259
f 5261 5244 5262
f 5262 5244 5263
f 5244 5242 5263
f 5246 5244 5264
f 5264 5244 5265
f 5244 5266 5265
f 5248 5268 5267
f 5268 5248 5269
f 5269 5248 5270
f 5248 5271 5270
f 5248 5273 5272
f 5253 5275 5274
f 5276 5244 5277
f 5247 5248 5278
f 5278 5248 5279
f 5248 5267 5279
f 5275 5253 5280
f 5280 5253 5281
f 5253 5251 5281
f 5271 5248 5282
f 5282 5248 5283
f 5248 5284 5283
f 5285 5253 5286
f 5286 5253 5287
f 5253 5274 5287
f 5277 5244 5288
f 5288 5244 5289
f 5244 5261 5289
f 5284 5248 5290
f 5290 5248 5291
f 5248 5292 5291
f 5292 5248 5293
f 5293 5248 5294
f 5248 5272 5294
f 5214 5211 5207
f 5207 5211 5295
f 5211 5296 5295
f 5295 5296 5297
f 5296 5298 5297
f 5297 5298 5299
f 5298 5300 5299
f 5299 5300 5301
f 5300 5302 5301
f 5301 5302 5303
f 5302 5304 5303
f 5303 5304 5305
f 5304 5306 5305
f 5305 5306 5307
f 5306 5308 5307
f 5307 5308 5309
f 5308 5310 5309
f 5309 5310 5311
f 5310 5312 5311
f 5311 5312 5313
f 5312 5314 5313
f 5313 5314 5315
f 5314 5316 5315
f 5315 5316 5317
f 5316 5318 5317
f 5317 5318 5319
f 5318 5320 5319
f 5319 5320 5248
f 5320 5253 5248
f 5248 5253 5273
f 5253 5285 5273
f 5260 5258 5321
f 5321 5258 5322
f 5258 5323 5322
f 5322 5323 5324
f 5323 5325 5324
f 5324 5325 5326
f 5325 5327 5326
f 5326 5327 5328
f 5327 5329 5328
f 5328 5329 5330
f 5329 5331 5330
f 5330 5331 5332
f 5331 5333 5332
f 5332 5333 5334
f 5333 5335 5334
f 5334 5335 5336
f 5335 5337 5336
f 5336 5337 5338
f 5337 5339 5338
f 5338 5339 5340
f 5339 5341 5340
f 5340 5341 5342
f 5341 5343 5342
f 5342 5343 5344
f 5343 5345 5344
f 5344 5345 5346
f 5345 5347 5346
f 5346 5347 5348
f 5347 5349 5348
f 5348 5349 5350
f 5349 5351 5350
f 5350 5351 5352
f 5351 5353 5352
f 5352 5353 5354
f 5353 5355 5354
f 5354 5355 5356
f 5355 5357 5356
f 5356 5357 5358
f 5358 5357 5359
f 5359 5357 5360
f 5357 5244 5360
f 5360 5244 5361
f 5244 5276 5361
f 5362 5244 5363
f 5364 5363 5365
f 5366 5365 5367
f 5368 5367 5369
f 5370 5372 5371
f 5373 5369 5374
f 5375 5368 5376
f 5375 5377 5368
f 5370 5368 5372
f 5372 5368 5378
f 5368 5377 5378
f 5368 5380 5379
f 5381 5368 5382
f 5382 5368 5383
f 5368 5384 5383
f 5385 5386 5369
f 5369 5386 5387
f 5376 5368 5388
f 5388 5368 5389
f 5368 5379 5389
f 5380 5368 5390
f 5390 5368 5391
f 5368 5381 5391
f 5392 5369 5393
f 5374 5369 5394
f 5394 5369 5395
f 5369 5387 5395
f 5392 5396 5369
f 5393 5369 5397
f 5397 5369 5398
f 5369 5373 5398
f 5399 5401 5400
f 5400 5401 5369
f 5401 5402 5369
f 5369 5402 5385
f 5384 5368 5403
f 5403 5368 5404
f 5368 5369 5404
f 5404 5369 5405
f 5369 5396 5405
f 5406 5370 5407
f 5408 85 5409
f 5409 85 5410
f 85 83 5410
f 5410 83 5411
f 83 5412 5411
f 5407 5370 5413
f 5413 5370 5414
f 5370 5371 5414
f 5412 83 5415
f 5415 83 5416
f 83 5417 5416
f 5417 83 5418
f 5418 83 5419
f 83 5420 5419
f 5399 5400 5421
f 5421 5400 5422
f 5400 5423 5422
f 5422 5423 5424
f 5423 5425 5424
f 5424 5425 5426
f 5425 5427 5426
f 5426 5427 5428
f 5427 5429 5428
f 5428 5429 5430
f 5429 5431 5430
f 5430 5431 5432
f 5431 5433 5432
f 5432 5433 5434
f 5433 5435 5434
f 5434 5435 5436
f 5435 5437 5436
f 5436 5437 5438
f 5437 5439 5438
f 5438 5439 5440
f 5439 5441 5440
f 5440 5441 5442
f 5441 5443 5442
f 5442 5443 5444
f 5443 5445 5444
f 5444 5445 5446
f 5445 5447 5446
f 5446 5447 5448
f 5447 5449 5448
f 5448 5449 5450
f 5449 5451 5450
f 5450 5451 5452
f 5451 5453 5452
f 5452 5453 5454
f 5453 5455 5454
f 5454 5455 5456
f 5455 85 5456
f 5456 85 5457
f 85 5408 5457
f 5420 83 5458
f 5458 83 5459
f 83 5370 5459
f 5459 5370 5460
f 5370 5406 5460
f 5461 5463 5462
f 5464 83 5465
f 5465 83 5466
f 5467 81 5468
f 5469 5370 5470
f 5468 81 5471
f 5471 81 5472
f 81 5473 5472
f 5473 81 5474
f 5474 81 5475
f 81 5476 5475
f 5476 81 5477
f 5477 81 5478
f 81 5463 5478
f 5478 5463 5479
f 5463 5461 5479
f 5469 5480 5370
f 5481 5483 5482
f 5482 5483 5484
f 5483 5485 5484
f 5484 5485 5463
f 5485 5486 5463
f 5463 5486 5462
f 5470 5370 5487
f 5487 5370 5488
f 5370 83 5488
f 5488 83 5489
f 83 5464 5489
f 5466 83 5490
f 5490 83 5491
f 83 5492 5491
f 5493 5370 5494
f 5492 83 5495
f 5495 83 5496
f 83 5497 5496
f 5498 81 5499
f 5499 81 5500
f 5494 5370 5501
f 5501 5370 5502
f 5370 5480 5502
f 5497 83 5503
f 5503 83 5504
f 83 5505 5504
f 5500 81 5506
f 5506 81 5507
f 81 5467 5507
f 5508 5370 5509
f 5509 5370 5510
f 5370 5493 5510
f 5511 5370 5512
f 5512 5370 5513
f 5370 5508 5513
f 5513 5508 5514
f 5508 5515 5514
f 5514 5515 5516
f 5515 5517 5516
f 5516 5517 5518
f 5519 5520 5516
f 5516 5520 5521
f 5520 5522 5521
f 5521 5522 5523
f 5522 5524 5523
f 5519 5516 5525
f 5525 5516 5526
f 5516 5527 5526
f 5528 5530 5529
f 5529 5530 5531
f 5530 5523 5531
f 5531 5523 5532
f 5523 5524 5532
f 5505 83 5533
f 5533 83 5534
f 83 81 5534
f 5534 81 5535
f 81 5498 5535
f 5527 5516 5536
f 5536 5516 5537
f 5516 5518 5537
f 5528 5538 5530
f 5530 5538 5539
f 5538 5540 5539
f 5539 5540 5541
f 5540 5542 5541
f 5541 5542 5543
f 5542 5544 5543
f 5543 5544 5545
f 5544 5546 5545
f 5545 5546 5547
f 5546 5548 5547
f 5547 5548 5549
f 5548 5481 5549
f 5549 5481 5550
f 5481 5482 5550
f 5551 5553 5552
f 5553 5551 5554
f 5554 5551 5555
f 5551 5556 5555
f 5557 79 5558
f 5558 79 5559
f 5560 5562 5561
f 5563 79 5564
f 5564 79 5565
f 79 5557 5565
f 5559 79 5566
f 5566 79 5567
f 79 5551 5567
f 5567 5551 5568
f 5551 5552 5568
f 5562 5569 5561
f 5570 5463 5571
f 5571 5463 5572
f 5573 79 5574
f 5575 81 5576
f 5574 79 5577
f 5577 79 5578
f 79 5563 5578
f 5570 5561 5463
f 5463 5561 5579
f 5561 5569 5579
f 5572 5463 5580
f 5580 5463 5581
f 5463 81 5581
f 5581 81 5582
f 81 5575 5582
f 5583 5585 5584
f 5560 5586 5562
f 5562 5586 5587
f 5586 5588 5587
f 5556 5551 5589
f 5589 5551 5590
f 5551 5591 5590
f 5591 5551 5592
f 5592 5551 5593
f 5551 5594 5593
f 5595 5597 5596
f 5598 5597 5599
f 5599 5597 5600
f 5601 5603 5602
f 5602 5603 5604
f 5603 5605 5604
f 5604 5605 5606
f 5605 5607 5606
f 5606 5607 5608
f 5607 5585 5608
f 5608 5585 5609
f 5585 5583 5609
f 5584 5588 5583
f 5583 5588 5610
f 5588 5586 5610
f 5576 81 5611
f 5611 81 5612
f 81 5613 5612
f 5596 5597 5614
f 5614 5597 5615
f 5597 5598 5615
f 5600 5597 5616
f 5616 5597 5617
f 5597 5618 5617
f 5619 5621 5620
f 79 5623 5622
f 5624 5625 5551
f 5551 5625 5594
f 5625 5597 5594
f 5594 5597 5626
f 5597 5595 5626
f 5613 81 5627
f 5627 81 5628
f 81 5629 5628
f 5623 79 5630
f 5630 79 5631
f 79 5573 5631
f 5618 5621 5617
f 5617 5621 5632
f 5621 5619 5632
f 5601 5620 5603
f 5603 5620 5633
f 5620 5621 5633
f 5629 81 5634
f 5634 81 5635
f 81 5636 5635
f 5636 81 5637
f 5637 81 5638
f 81 79 5638
f 5638 79 5639
f 79 5622 5639
f 5640 5642 5641
f 5643 5644 5640
f 5640 5644 5645
f 5642 5640 5646
f 5646 5640 5647
f 5640 5645 5647
f 5640 5649 5648
f 5643 5640 5650
f 5650 5640 5651
f 5640 5648 5651
f 5652 77 5653
f 5653 77 5654
f 77 5655 5654
f 5656 79 5657
f 5657 79 5658
f 79 5659 5658
f 5659 79 5660
f 5660 79 5661
f 79 5662 5661
f 5655 77 5663
f 5663 77 5664
f 77 5640 5664
f 5664 5640 5665
f 5640 5641 5665
f 5666 5551 5667
f 5667 5551 5668
f 5551 5669 5668
f 5669 5551 5670
f 5670 5551 5671
f 5551 5672 5671
f 5662 79 5673
f 5673 79 5674
f 79 5675 5674
f 5676 77 5677
f 5678 5551 5679
f 5672 5551 5680
f 5680 5551 5681
f 5551 79 5681
f 5681 79 5682
f 79 5656 5682
f 5675 79 5683
f 5683 79 5684
f 79 5685 5684
f 5677 77 5686
f 5686 77 5687
f 77 5688 5687
f 5649 5640 5689
f 5689 5640 5690
f 5640 5691 5690
f 5679 5551 5692
f 5692 5551 5693
f 5551 5666 5693
f 5688 77 5694
f 5694 77 5695
f 77 5696 5695
f 5696 77 5697
f 5697 77 5698
f 77 5652 5698
f 5691 5640 5699
f 5699 5640 5700
f 5640 5701 5700
f 5702 5703 5551
f 5551 5703 5704
f 5702 5551 5705
f 5705 5551 5706
f 5551 5678 5706
f 5685 79 5707
f 5707 79 5708
f 79 77 5708
f 5708 77 5709
f 77 5676 5709
f 5701 5640 5710
f 5710 5640 5711
f 5640 5551 5711
f 5711 5551 5712
f 5551 5704 5712
f 5713 5715 5714
f 5713 5717 5716
f 5715 5713 5718
f 5718 5713 5719
f 5713 5716 5719
f 5720 77 5721
f 5721 77 5722
f 77 5723 5722
f 5724 75 5725
f 5725 75 5726
f 75 5727 5726
f 5727 75 5728
f 5728 75 5729
f 75 5713 5729
f 5729 5713 5730
f 5713 5714 5730
f 5717 5713 5731
f 5731 5713 5732
f 5713 5733 5732
f 5734 5713 5735
f 5723 77 5736
f 5736 77 5737
f 77 5738 5737
f 5739 5640 5740
f 5740 5640 5741
f 5640 5742 5741
f 5742 5640 5743
f 5743 5640 5744
f 5640 5745 5744
f 5738 77 5746
f 5746 77 5747
f 77 5748 5747
f 5749 75 5750
f 5751 5640 5752
f 5745 5640 5753
f 5753 5640 5754
f 5640 77 5754
f 5754 77 5755
f 77 5720 5755
f 5748 77 5756
f 5756 77 5757
f 77 5758 5757
f 5750 75 5759
f 5759 75 5760
f 75 5761 5760
f 5733 5713 5762
f 5762 5713 5763
f 5713 5764 5763
f 5764 5713 5765
f 5765 5713 5766
f 5713 5734 5766
f 5752 5640 5767
f 5767 5640 5768
f 5640 5739 5768
f 5761 75 5769
f 5769 75 5770
f 75 5771 5770
f 5771 75 5772
f 5772 75 5773
f 75 5724 5773
f 5774 5640 5775
f 5775 5640 5776
f 5640 5777 5776
f 5777 5640 5778
f 5778 5640 5779
f 5640 5751 5779
f 5758 77 5780
f 5780 77 5781
f 77 75 5781
f 5781 75 5782
f 75 5749 5782
f 5735 5713 5783
f 5783 5713 5784
f 5713 5640 5784
f 5784 5640 5785
f 5640 5774 5785
f 5786 5713 5787
f 5788 73 5789
f 5790 5792 5791
f 5791 5792 5793
f 5792 5794 5793
f 5794 5792 5795
f 5795 5792 5796
f 5792 5797 5796
f 5798 5787 5799
f 73 5792 5800
f 5800 5792 5801
f 5792 5790 5801
f 5802 5804 5803
f 5803 5804 5805
f 5804 5806 5805
f 5805 5806 5807
f 5808 5810 5809
f 5789 73 5811
f 5811 73 5812
f 73 5800 5812
f 5797 5792 5813
f 5813 5792 5814
f 5792 5815 5814
f 5816 5713 5817
f 5817 5713 5818
f 5713 5786 5818
f 5798 5804 5787
f 5787 5804 5819
f 5804 5802 5819
f 5820 75 5821
f 5821 75 5822
f 5799 5787 5823
f 5823 5787 5824
f 5787 5825 5824
f 5826 5810 5827
f 5827 5810 5828
f 5810 5808 5828
f 5809 5810 5829
f 5829 5810 5830
f 5810 5831 5830
f 5830 5831 5832
f 5831 5805 5832
f 5832 5805 5833
f 5805 5807 5833
f 5822 75 5834
f 5834 75 5835
f 75 5836 5835
f 5837 73 5838
f 5838 73 5839
f 73 5788 5839
f 5815 5792 5840
f 5840 5792 5841
f 5792 5842 5841
f 5843 5713 5844
f 5844 5713 5845
f 5713 5846 5845
f 5846 5713 5847
f 5847 5713 5848
f 5713 5849 5848
f 5850 5713 5851
f 5849 5713 5852
f 5852 5713 5853
f 5713 75 5853
f 5853 75 5854
f 75 5820 5854
f 5855 5810 5856
f 5856 5810 5857
f 5810 5858 5857
f 5858 5810 5859
f 5859 5810 5860
f 5810 5826 5860
f 5836 75 5861
f 5861 75 5862
f 75 5863 5862
f 5863 75 5864
f 5864 75 5865
f 75 5866 5865
f 5867 75 5868
f 5868 75 5869
f 75 5870 5869
f 73 5872 5871
f 5842 5792 5873
f 5873 5792 5874
f 5792 5875 5874
f 5876 5713 5877
f 5877 5713 5878
f 5825 5787 5879
f 5879 5787 5880
f 5787 5881 5880
f 5882 5883 5713
f 5713 5883 5787
f 5883 5884 5787
f 5787 5884 5881
f 5885 5713 5886
f 5851 5713 5887
f 5887 5713 5888
f 5713 5843 5888
f 5866 75 5889
f 5889 75 5890
f 75 5891 5890
f 5892 5894 5893
f 5893 5894 5895
f 5894 5810 5895
f 5895 5810 5896
f 5810 5855 5896
f 5872 73 5897
f 5897 73 5898
f 73 5837 5898
f 5875 5792 5899
f 5899 5792 5900
f 5792 5901 5900
f 5878 5713 5902
f 5902 5713 5903
f 5713 5816 5903
f 5882 5713 5904
f 5904 5713 5905
f 5713 5906 5905
f 5886 5713 5907
f 5907 5713 5908
f 5713 5850 5908
f 5870 75 5909
f 5909 75 5910
f 75 5911 5910
f 5906 5713 5912
f 5912 5713 5913
f 5713 5885 5913
f 5891 75 5914
f 5914 75 5915
f 75 5893 5915
f 5916 5713 5917
f 5917 5713 5918
f 5713 5876 5918
f 5892 5893 5919
f 5919 5893 5920
f 5893 75 5920
f 5920 75 5921
f 75 5867 5921
f 5911 75 5922
f 5922 75 5923
f 75 73 5923
f 5923 73 5924
f 73 5925 5924
f 5925 73 5926
f 5926 73 5927
f 73 5928 5927
f 5928 73 5929
f 5929 73 5930
f 73 5871 5930
f 5931 5933 5932
f 5934 71 5935
f 5936 5792 5937
f 5933 5931 5938
f 5938 5931 5939
f 5931 5940 5939
f 5940 5931 5941
f 5941 5931 5942
f 5931 5943 5942
f 71 5931 5944
f 5944 5931 5945
f 5931 5932 5945
f 5946 5792 5947
f 5935 71 5948
f 5948 71 5949
f 71 5944 5949
f 5947 5792 5950
f 5950 5792 5951
f 5792 73 5951
f 5951 73 5952
f 73 5953 5952
f 5954 5792 5955
f 5955 5792 5956
f 5792 5936 5956
f 5953 73 5957
f 5957 73 5958
f 73 5959 5958
f 5943 5931 5960
f 5960 5931 5961
f 5931 5962 5961
f 5937 5792 5963
f 5963 5792 5964
f 5792 5946 5964
f 5959 73 5965
f 5965 73 5966
f 73 5967 5966
f 5968 71 5969
f 5969 71 5970
f 71 5934 5970
f 5971 5792 5972
f 5962 5931 5973
f 5973 5931 5974
f 5931 5975 5974
f 5967 73 5976
f 5976 73 5977
f 73 5978 5977
f 71 5980 5979
f 5975 5931 5981
f 5981 5931 5982
f 5931 5983 5982
f 5972 5792 5984
f 5984 5792 5985
f 5792 5986 5985
f 5980 71 5987
f 5987 71 5988
f 71 5968 5988
f 5986 5792 5989
f 5989 5792 5990
f 5792 5954 5990
f 5983 5931 5991
f 5991 5931 5992
f 5931 5792 5992
f 5992 5792 5993
f 5792 5971 5993
f 5994 71 5995
f 5978 73 5996
f 5996 73 5997
f 73 5998 5997
f 5998 73 5999
f 5999 73 6000
f 73 71 6000
f 6000 71 6001
f 71 5994 6001
f 5995 71 6002
f 6002 71 6003
f 71 5979 6003
f 6004 6006 6005
f 6007 69 6008
f 6009 5931 6010
f 6006 6004 6011
f 6011 6004 6012
f 6004 6013 6012
f 6013 6004 6014
f 6014 6004 6015
f 6004 6016 6015
f 69 6004 6017
f 6017 6004 6018
f 6004 6005 6018
f 6019 5931 6020
f 6008 69 6021
f 6021 69 6022
f 69 6017 6022
f 6020 5931 6023
f 6023 5931 6024
f 5931 71 6024
f 6024 71 6025
f 71 6026 6025
f 6027 5931 6028
f 6028 5931 6029
f 5931 6009 6029
f 6026 71 6030
f 6030 71 6031
f 71 6032 6031
f 6016 6004 6033
f 6033 6004 6034
f 6004 6035 6034
f 6010 5931 6036
f 6036 5931 6037
f 5931 6019 6037
f 6032 71 6038
f 6038 71 6039
f 71 6040 6039
f 6041 69 6042
f 6042 69 6043
f 69 6007 6043
f 6044 5931 6045
f 6035 6004 6046
f 6046 6004 6047
f 6004 6048 6047
f 6040 71 6049
f 6049 71 6050
f 71 6051 6050
f 69 6053 6052
f 6048 6004 6054
f 6054 6004 6055
f 6004 6056 6055
f 6045 5931 6057
f 6057 5931 6058
f 5931 6059 6058
f 6053 69 6060
f 6060 69 6061
f 69 6041 6061
f 6059 5931 6062
f 6062 5931 6063
f 5931 6027 6063
f 6056 6004 6064
f 6064 6004 6065
f 6004 5931 6065
f 6065 5931 6066
f 5931 6044 6066
f 6067 69 6068
f 6051 71 6069
f 6069 71 6070
f 71 6071 6070
f 6071 71 6072
f 6072 71 6073
f 71 69 6073
f 6073 69 6074
f 69 6067 6074
f 6068 69 6075
f 6075 69 6076
f 69 6052 6076
f 6077 6079 6078
f 6078 6079 6080
f 6079 6081 6080
f 6082 6083 6004
f 6004 6083 6084
f 6082 6004 6085
f 6085 6004 6086
f 6004 69 6086
f 6086 69 6087
f 69 6088 6087
f 6077 6089 6079
f 6079 6089 67
f 6089 6090 67
f 6091 6004 6092
f 6093 6004 6094
f 6094 6004 6095
f 6004 6084 6095
f 6096 6097 6079
f 6079 6097 6098
f 6092 6004 6099
f 6099 6004 6100
f 6004 6101 6100
f 6101 6004 6102
f 6102 6004 6103
f 6004 6093 6103
f 6088 69 6104
f 6104 69 6105
f 69 6106 6105
f 6107 67 6108
f 6108 67 6109
f 67 6090 6109
f 6081 6079 6110
f 6110 6079 6111
f 6079 6112 6111
f 6106 69 6113
f 6113 69 6114
f 69 6115 6114
f 6115 69 6116
f 6116 69 6117
f 69 6118 6117
f 6119 67 6120
f 6120 67 6121
f 6112 6079 6122
f 6122 6079 6123
f 6079 6098 6123
f 6096 6079 6124
f 6124 6079 6125
f 6079 6126 6125
f 6121 67 6127
f 6127 67 6128
f 67 6107 6128
f 6126 6079 6129
f 6129 6079 6130
f 6079 6131 6130
f 6132 6004 6133
f 6133 6004 6134
f 6004 6091 6134
f 6135 67 6136
f 6136 67 6137
f 67 6138 6137
f 6138 67 6139
f 6139 67 6140
f 67 6119 6140
f 6131 6079 6141
f 6141 6079 6142
f 6079 6004 6142
f 6142 6004 6143
f 6004 6132 6143
f 6118 69 6144
f 6144 69 6145
f 69 6146 6145
f 6146 69 6147
f 6147 69 6148
f 69 67 6148
f 6148 67 6149
f 67 6135 6149
f 6150 6152 6151
f 6151 6152 6153
f 6152 6154 6153
f 6155 6156 6079
f 6079 6156 6157
f 6155 6079 6158
f 6158 6079 6159
f 6079 67 6159
f 6159 67 6160
f 67 6161 6160
f 6150 6162 6152
f 6152 6162 65
f 6162 6163 65
f 6164 6079 6165
f 6166 6079 6167
f 6167 6079 6168
f 6079 6157 6168
f 6169 6170 6152
f 6152 6170 6171
f 6165 6079 6172
f 6172 6079 6173
f 6079 6174 6173
f 6174 6079 6175
f 6175 6079 6176
f 6079 6166 6176
f 6161 67 6177
f 6177 67 6178
f 67 6179 6178
f 6180 65 6181
f 6181 65 6182
f 65 6163 6182
f 6154 6152 6183
f 6183 6152 6184
f 6152 6185 6184
f 6179 67 6186
f 6186 67 6187
f 67 6188 6187
f 6188 67 6189
f 6189 67 6190
f 67 6191 6190
f 6192 65 6193
f 6193 65 6194
f 6185 6152 6195
f 6195 6152 6196
f 6152 6171 6196
f 6169 6152 6197
f 6197 6152 6198
f 6152 6199 6198
f 6194 65 6200
f 6200 65 6201
f 65 6180 6201
f 6199 6152 6202
f 6202 6152 6203
f 6152 6204 6203
f 6205 6079 6206
f 6206 6079 6207
f 6079 6164 6207
f 6208 65 6209
f 6209 65 6210
f 65 6211 6210
f 6211 65 6212
f 6212 65 6213
f 65 6192 6213
f 6204 6152 6214
f 6214 6152 6215
f 6152 6079 6215
f 6215 6079 6216
f 6079 6205 6216
f 6191 67 6217
f 6217 67 6218
f 67 6219 6218
f 6219 67 6220
f 6220 67 6221
f 67 65 6221
f 6221 65 6222
f 65 6208 6222
f 6223 6224 63
f 6224 6223 6225
f 6225 6223 6226
f 6223 6227 6226
f 6228 6152 6229
f 6229 6152 6230
f 6152 6231 6230
f 6232 63 6233
f 6233 63 6234
f 63 6224 6234
f 6231 6152 6235
f 6235 6152 6236
f 6152 6237 6236
f 6238 63 6239
f 6239 63 6240
f 63 6232 6240
f 6227 6223 6241
f 6241 6223 6242
f 6223 6243 6242
f 6244 6223 6245
f 6245 6223 6246
f 6247 6152 6248
f 6249 65 6250
f 6243 6223 6251
f 6251 6223 6252
f 6223 6244 6252
f 6237 6152 6253
f 6253 6152 6254
f 6152 65 6254
f 6254 65 6255
f 6152 6257 6256
f 6255 65 6258
f 6258 65 6259
f 65 6260 6259
f 6246 6223 6261
f 6261 6223 6262
f 6223 6263 6262
f 6247 6264 6152
f 6248 6152 6265
f 6265 6152 6266
f 6152 6256 6266
f 6257 6152 6267
f 6267 6152 6268
f 6152 6228 6268
f 6260 65 6269
f 6269 65 6270
f 65 6249 6270
f 6263 6223 6271
f 6271 6223 6272
f 6223 6273 6272
f 6250 65 6274
f 6274 65 6275
f 65 6276 6275
f 6276 65 6277
f 6277 65 6278
f 65 6279 6278
f 6280 63 6281
f 6281 63 6282
f 63 6238 6282
f 6273 6223 6283
f 6283 6223 6284
f 6223 6152 6284
f 6284 6152 6285
f 6152 6264 6285
f 63 6287 6286
f 6287 63 6288
f 6288 63 6289
f 63 6290 6289
f 6279 65 6291
f 6291 65 6292
f 65 63 6292
f 6292 63 6293
f 63 6286 6293
f 6290 63 6294
f 6294 63 6295
f 63 6280 6295
f 6296 6298 6297
f 6297 6298 6299
f 6298 6300 6299
f 6300 6298 6301
f 6301 6298 6302
f 6298 6303 6302
f 6303 6298 6304
f 6304 6298 6305
f 6298 6306 6305
f 6307 6309 6308
f 6308 6309 6310
f 6311 6312 6298
f 6298 6312 6313
f 6311 6298 6314
f 6314 6298 6315
f 6298 6316 6315
f 6306 6298 6317
f 6317 6298 6318
f 6298 6319 6318
f 6320 6322 6321
f 6321 6322 6323
f 6322 6324 6323
f 6309 6326 6325
f 6327 6329 6328
f 6328 6329 6330
f 6329 6331 6330
f 6330 6331 6332
f 6319 6298 6333
f 6333 6298 6334
f 6298 6335 6334
f 6335 6298 6336
f 6336 6298 6337
f 6298 6338 6337
f 6339 6341 6340
f 6342 6309 6343
f 6343 6309 6344
f 6309 6325 6344
f 6326 6309 6345
f 6345 6309 6346
f 6309 6307 6346
f 6327 6322 6329
f 6329 6322 6347
f 6322 6348 6347
f 6348 6322 6349
f 6349 6322 6350
f 6322 6351 6350
f 6352 6340 6353
f 6353 6340 6354
f 6340 6355 6354
f 6324 6322 6356
f 6356 6322 6357
f 6322 6358 6357
f 6357 6358 6340
f 6358 6359 6340
f 6340 6359 6360
f 6310 6309 6361
f 6361 6309 6362
f 6309 6363 6362
f 6363 6309 6364
f 6364 6309 6365
f 6309 61 6365
f 6365 61 6366
f 6316 6298 6367
f 6367 6298 6368
f 6298 6369 6368
f 6351 6322 6370
f 6370 6322 6371
f 6322 6320 6371
f 6339 6340 6372
f 6372 6340 6373
f 6340 6352 6373
f 6355 6340 6374
f 6374 6340 6375
f 6340 6360 6375
f 6332 6331 6376
f 6376 6331 6377
f 6331 6378 6377
f 6366 61 6379
f 6379 61 6380
f 61 6381 6380
f 6382 59 6383
f 59 6298 6384
f 6384 6298 6385
f 6298 6296 6385
f 6338 6298 6386
f 6386 6298 6387
f 6298 6339 6387
f 6388 6309 6389
f 6389 6309 6390
f 6309 6391 6390
f 6381 61 6392
f 6392 61 6393
f 61 6394 6393
f 6383 59 6395
f 6395 59 6396
f 59 6384 6396
f 6341 6339 6397
f 6397 6339 6398
f 6339 6298 6398
f 6398 6298 6399
f 6298 6313 6399
f 6400 61 6401
f 6401 61 6402
f 61 6403 6402
f 6369 6298 6404
f 6404 6298 6405
f 6298 6309 6405
f 6405 6309 6406
f 6309 6388 6406
f 6391 6309 6407
f 6407 6309 6408
f 6309 6342 6408
f 6394 61 6409
f 6409 61 6410
f 61 6411 6410
f 6411 61 6412
f 6412 61 6413
f 61 6414 6413
f 59 6416 6415
f 6417 59 6418
f 6418 59 6419
f 59 6415 6419
f 6416 59 6420
f 6420 59 6421
f 59 6382 6421
f 6414 61 6422
f 6422 61 6423
f 61 6424 6423
f 6424 61 6425
f 6425 61 6426
f 61 6378 6426
f 6403 61 6427
f 6427 61 6428
f 61 6429 6428
f 6377 6378 6430
f 6430 6378 6431
f 6378 61 6431
f 6431 61 6432
f 61 6400 6432
f 6433 59 6434
f 6434 59 6435
f 59 6436 6435
f 6429 61 6437
f 6437 61 6438
f 61 59 6438
f 6438 59 6439
f 59 6433 6439
f 6436 59 6440
f 6440 59 6441
f 59 6417 6441
f 6442 6444 6443
f 6443 6444 6445
f 6445 6444 6446
f 6446 6444 6447
f 6444 6448 6447
f 6449 6298 6450
f 6450 6298 6451
f 6448 6444 6452
f 6452 6444 6453
f 6444 6454 6453
f 6451 6298 6455
f 6455 6298 6456
f 6298 6457 6456
f 6298 6459 6458
f 6457 6298 6460
f 6460 6298 6461
f 6298 59 6461
f 6461 59 6462
f 59 6463 6462
f 6464 57 6465
f 6465 57 6466
f 6466 57 6467
f 6467 57 6468
f 57 6444 6468
f 6468 6444 6469
f 6444 6442 6469
f 6454 6444 6470
f 6470 6444 6471
f 6444 6472 6471
f 6473 6298 6474
f 6474 6298 6475
f 6298 6458 6475
f 6459 6298 6476
f 6476 6298 6477
f 6298 6449 6477
f 6463 59 6478
f 6478 59 6479
f 59 6480 6479
f 6480 59 6481
f 6481 59 6482
f 59 6483 6482
f 6472 6444 6484
f 6484 6444 6485
f 6444 6486 6485
f 6487 6298 6488
f 6488 6298 6489
f 57 6491 6490
f 6486 6444 6492
f 6492 6444 6493
f 6444 6494 6493
f 6495 57 6496
f 6496 57 6497
f 57 6490 6497
f 6491 57 6498
f 6498 57 6499
f 57 6464 6499
f 6489 6298 6500
f 6500 6298 6501
f 6298 6473 6501
f 6483 59 6502
f 6502 59 6503
f 59 6504 6503
f 6504 59 6505
f 6505 59 6506
f 59 6507 6506
f 6507 59 6508
f 6508 59 6509
f 59 57 6509
f 6509 57 6510
f 6510 57 6511
f 57 6512 6511
f 6512 57 6513
f 6513 57 6514
f 57 6495 6514
f 6515 6517 6516
f 6516 6517 6518
f 6517 6519 6518
f 6520 6444 6521
f 6521 6444 6522
f 6523 6524 6519
f 6519 6524 6525
f 6526 6528 6527
f 6519 6525 6529
f 6529 6525 6530
f 6525 6531 6530
f 6530 6531 6532
f 6523 6519 6533
f 6533 6519 6534
f 6519 6517 6534
f 6522 6444 6535
f 6535 6444 6536
f 6444 6537 6536
f 6538 6526 6539
f 6539 6526 6540
f 6526 6517 6540
f 6540 6517 6541
f 6517 6542 6541
f 6542 6517 6543
f 6543 6517 6544
f 6517 6515 6544
f 6444 6546 6545
f 6537 6444 6547
f 6547 6444 6548
f 6444 57 6548
f 6548 57 6549
f 6550 6552 6551
f 6551 6552 6553
f 6552 6554 6553
f 6554 6552 6555
f 6555 6552 6556
f 6552 6557 6556
f 6558 57 6559
f 6559 57 6560
f 57 6561 6560
f 6528 6526 6562
f 6562 6526 6563
f 6526 6538 6563
f 6517 6526 6564
f 6564 6526 6565
f 6526 6566 6565
f 6567 6444 6568
f 6568 6444 6569
f 6444 6545 6569
f 6546 6444 6570
f 6570 6444 6571
f 6444 6520 6571
f 6532 6572 6530
f 6530 6572 6573
f 6572 6556 6573
f 6573 6556 6574
f 6556 6557 6574
f 6549 57 6575
f 6575 57 6576
f 57 6577 6576
f 6566 6526 6578
f 6578 6526 6579
f 6526 6580 6579
f 6552 6582 6581
f 6577 57 6583
f 6583 57 6584
f 57 6585 6584
f 6561 57 6586
f 6586 57 6587
f 57 55 6587
f 6587 55 6588
f 6588 55 6589
f 55 6590 6589
f 6591 6444 6592
f 6592 6444 6593
f 6594 6552 6595
f 6595 6552 6596
f 6552 6597 6596
f 6597 6552 6598
f 6598 6552 6599
f 6552 6581 6599
f 6582 6552 6600
f 6600 6552 6601
f 6552 6550 6601
f 6585 57 6602
f 6602 57 6603
f 57 6604 6603
f 6604 57 6605
f 6605 57 6606
f 57 6607 6606
f 6580 6526 6608
f 6608 6526 6609
f 6526 6444 6609
f 6609 6444 6610
f 6444 6591 6610
f 6593 6444 6611
f 6611 6444 6612
f 6444 6567 6612
f 6607 57 6613
f 6613 57 6614
f 57 6615 6614
f 6615 57 6616
f 6616 57 6617
f 57 6594 6617
f 6552 6594 6618
f 6618 6594 6619
f 6594 57 6619
f 6619 57 6620
f 57 6558 6620
f 6621 6623 6622
f 6623 6625 6624
f 6626 53 6627
f 6627 53 6628
f 53 6629 6628
f 6622 6623 6630
f 6630 6623 6631
f 6623 6624 6631
f 6625 6623 6632
f 6632 6623 6633
f 6623 6634 6633
f 6635 53 6636
f 6629 53 6637
f 6637 53 6638
f 53 6623 6638
f 6638 6623 6639
f 6623 6640 6639
f 6640 6623 6641
f 6641 6623 6642
f 6623 6621 6642
f 53 6644 6643
f 6645 6526 6646
f 6646 6526 6647
f 6526 6527 6647
f 6590 55 6648
f 6648 55 6649
f 55 6650 6649
f 6636 53 6651
f 6651 53 6652
f 53 6643 6652
f 6644 53 6653
f 6653 53 6654
f 53 6626 6654
f 6634 6623 6655
f 6655 6623 6656
f 6623 6526 6656
f 6656 6526 6657
f 6526 6645 6657
f 6650 55 6658
f 6658 55 6659
f 55 53 6659
f 6659 53 6660
f 53 6635 6660
f 6661 51 6662
f 6663 6665 6664
f 6664 6665 6666
f 6665 6667 6666
f 6667 6665 6668
f 6668 6665 6669
f 6665 6670 6669
f 6671 6673 6672
f 6662 51 6674
f 6674 51 6675
f 51 6676 6675
f 49 6678 6677
f 49 6665 6679
f 6679 6665 6680
f 6665 6663 6680
f 6673 6682 6681
f 6678 49 6683
f 6683 49 6684
f 49 6679 6684
f 6682 6673 6685
f 6685 6673 6686
f 6673 6671 6686
f 6672 6673 6687
f 6687 6673 6688
f 6673 51 6688
f 6688 51 6689
f 51 6661 6689
f 6690 6673 6691
f 6691 6673 6692
f 6676 51 6693
f 6693 51 6694
f 51 6695 6694
f 6695 51 6696
f 6696 51 6697
f 51 6698 6697
f 6699 49 6700
f 6700 49 6701
f 49 6677 6701
f 6670 6665 6702
f 6702 6665 6703
f 6665 6704 6703
f 6692 6673 6705
f 6705 6673 6706
f 6673 6681 6706
f 6704 6665 6707
f 6707 6665 6708
f 6665 6709 6708
f 49 6711 6710
f 6711 49 6712
f 6712 49 6713
f 49 6714 6713
f 6714 49 6715
f 6715 49 6716
f 49 6699 6716
f 6698 51 6717
f 6717 51 6718
f 51 6719 6718
f 6709 6665 6720
f 6720 6665 6721
f 6665 6722 6721
f 6723 6673 6724
f 6724 6673 6725
f 6673 6726 6725
f 6726 6673 6727
f 6727 6673 6728
f 6673 6690 6728
f 6719 51 6729
f 6729 51 6730
f 51 49 6730
f 6730 49 6731
f 49 6710 6731
f 6722 6665 6732
f 6732 6665 6733
f 6665 6673 6733
f 6733 6673 6734
f 6673 6723 6734
f 6735 6737 6736
f 6736 6737 6738
f 6738 6737 6739
f 6739 6737 6740
f 6737 6741 6740
f 6742 6665 6743
f 6743 6665 6744
f 6741 6737 6745
f 6745 6737 6746
f 6737 6747 6746
f 6744 6665 6748
f 6748 6665 6749
f 6665 6750 6749
f 6751 47 6752
f 6735 6753 6737
f 6737 6753 47
f 6753 6754 47
f 6755 6665 6756
f 6756 6665 6757
f 6665 6758 6757
f 6750 6665 6759
f 6759 6665 6760
f 6665 49 6760
f 6760 49 6761
f 49 6762 6761
f 6752 47 6763
f 6763 47 6764
f 47 6754 6764
f 6747 6737 6765
f 6765 6737 6766
f 6737 6767 6766
f 6758 6665 6768
f 6768 6665 6769
f 6665 6742 6769
f 6762 49 6770
f 6770 49 6771
f 49 6772 6771
f 6772 49 6773
f 6773 49 6774
f 49 6775 6774
f 6767 6737 6776
f 6776 6737 6777
f 6737 6778 6777
f 47 6780 6779
f 6778 6737 6781
f 6781 6737 6782
f 6737 6783 6782
f 6784 6665 6785
f 6785 6665 6786
f 6665 6755 6786
f 6787 47 6788
f 6788 47 6789
f 47 6779 6789
f 6780 47 6790
f 6790 47 6791
f 47 6751 6791
f 6783 6737 6792
f 6792 6737 6793
f 6737 6665 6793
f 6793 6665 6794
f 6665 6784 6794
f 6775 49 6795
f 6795 49 6796
f 49 6797 6796
f 6797 49 6798
f 6798 49 6799
f 49 6800 6799
f 6800 49 6801
f 6801 49 6802
f 49 47 6802
f 6802 47 6803
f 6803 47 6804
f 47 6805 6804
f 6805 47 6806
f 6806 47 6807
f 47 6787 6807
f 6737 6809 6808
f 6737 6811 6810
f 6808 6812 6737
f 6813 6815 6814
f 6814 6815 6816
f 6815 6817 6816
f 6818 6820 6819
f 6819 6820 6817
f 6820 6821 6817
f 6817 6821 6816
f 6822 6824 6823
f 6823 6824 6825
f 6824 6826 6825
f 6825 6826 6827
f 6826 6818 6827
f 6827 6818 6828
f 6818 6819 6828
f 6809 6737 6829
f 6829 6737 6830
f 6737 6831 6830
f 6831 6737 6832
f 6832 6737 6833
f 6737 47 6833
f 6833 47 6834
f 47 6835 6834
f 6737 6837 6836
f 6838 6840 6839
f 6835 47 6841
f 6841 47 6842
f 47 6843 6842
f 6843 47 6844
f 6844 47 6845
f 47 6846 6845
f 6847 45 6848
f 6848 45 6849
f 45 6815 6849
f 6849 6815 6850
f 6815 6813 6850
f 6837 6737 6851
f 6851 6737 6852
f 6737 6812 6852
f 6811 6737 6853
f 6853 6737 6854
f 6737 6836 6854
f 6854 6836 6855
f 6836 6856 6855
f 6855 6856 6857
f 6856 6858 6857
f 6857 6858 6859
f 6824 6822 6860
f 6860 6822 6861
f 6822 6862 6861
f 6861 6862 6863
f 6862 6864 6863
f 6863 6864 6865
f 6864 6866 6865
f 6865 6866 6867
f 6866 6840 6867
f 6867 6840 6868
f 6840 6838 6868
f 45 6870 6869
f 6871 6857 6872
f 6872 6857 6873
f 6874 45 6875
f 6875 45 6876
f 45 6869 6876
f 6870 45 6877
f 6877 45 6878
f 45 6847 6878
f 6839 6840 6879
f 6879 6840 6880
f 6840 6881 6880
f 6880 6881 6882
f 6881 6857 6882
f 6882 6857 6883
f 6857 6871 6883
f 6846 47 6884
f 6884 47 6885
f 47 6886 6885
f 6873 6857 6887
f 6887 6857 6888
f 6857 6859 6888
f 6886 47 6889
f 6889 47 6890
f 47 6891 6890
f 6891 47 6892
f 6892 47 6893
f 47 45 6893
f 6893 45 6894
f 6894 45 6895
f 45 6896 6895
f 6896 45 6897
f 6897 45 6898
f 45 6874 6898
f 4721 6900 6899
f 6901 6903 6902
f 6900 4721 6904
f 6904 4721 6905
f 4721 4722 6905
f 6905 4722 6906
f 4722 6907 6906
f 6908 6910 6909
f 6911 6912 6815
f 6815 6912 6913
f 6914 45 6915
f 6915 45 6916
f 6911 6815 6917
f 6917 6815 6918
f 6815 45 6918
f 6918 45 6919
f 45 6914 6919
f 6920 6921 43
f 43 6921 45
f 6922 6924 6923
f 6923 6925 6922
f 6922 6925 6926
f 6925 6903 6926
f 6926 6903 6927
f 6903 6901 6927
f 6913 6910 6815
f 6815 6910 6928
f 6910 6908 6928
f 6902 6909 6901
f 6901 6909 6929
f 6909 6910 6929
f 6916 45 6930
f 6930 45 6931
f 45 6932 6931
f 6932 45 6933
f 6933 45 6934
f 45 6921 6934
f 6935 6937 6936
f 6936 6937 6938
f 6937 4721 6938
f 6938 4721 6939
f 4721 6899 6939
f 6935 6936 6940
f 6940 6936 6941
f 6936 6942 6941
f 6941 6942 6943
f 6942 6924 6943
f 6943 6924 6944
f 6924 6922 6944
f 6945 6947 6946
f 41 6949 6948
f 6949 41 6950
f 6950 41 6951
f 41 6952 6951
f 6952 41 6953
f 6953 41 6954
f 41 6955 6954
f 6945 6956 6947
f 6946 6947 6957
f 6957 6947 6958
f 6947 6959 6958
f 6960 41 6961
f 6961 41 6962
f 41 6963 6962
f 6955 41 6964
f 6964 41 6965
f 41 6947 6965
f 6965 6947 6966
f 6947 6956 6966
f 6947 6968 6967
f 6963 41 6969
f 6969 41 6970
f 41 6948 6970
f 6959 6947 6971
f 6971 6947 6972
f 6947 6967 6972
f 6968 6947 6973
f 6973 6947 6974
f 6947 6975 6974
f 6920 43 6976
f 6976 43 6977
f 43 6978 6977
f 6978 43 6979
f 6979 43 6980
f 43 41 6980
f 6980 41 6981
f 41 6960 6981
f 6982 4722 6983
f 6983 4722 6984
f 4722 4720 6984
f 6975 6947 6985
f 6985 6947 6986
f 6947 4722 6986
f 6986 4722 6987
f 4722 6982 6987
f 6988 6947 6989
f 6989 6947 6990
f 6991 6992 41
f 41 6992 6947
f 6992 6993 6947
f 6947 6993 6990
f 41 39 6994
f 6994 39 6995
f 39 4725 6995
f 6991 41 6996
f 6996 41 6997
f 41 6998 6997
f 6998 41 6999
f 6999 41 7000
f 41 6994 7000
f 7001 7003 7002
f 7004 7005 5207
f 5207 7005 7006
f 7007 7009 7008
f 5167 7011 7010
f 7012 5207 7013
f 7013 5207 7014
f 5207 7015 7014
f 7004 5207 7016
f 7016 5207 7017
f 5207 7018 7017
f 7019 7020 7007
f 7007 7020 7021
f 7019 7007 7022
f 7022 7007 7023
f 7007 7024 7023
f 7024 7007 7025
f 7025 7007 7026
f 7007 7008 7026
f 7009 7007 7027
f 7027 7007 7028
f 7007 7029 7028
f 7030 7032 7031
f 7031 7032 7033
f 7032 7034 7033
f 7015 5207 7035
f 7035 5207 7036
f 5207 7037 7036
f 7037 5207 7038
f 7038 5207 7039
f 5207 7006 7039
f 7003 7032 7002
f 7002 7032 7040
f 7032 7030 7040
f 7034 7032 7041
f 7041 7032 7042
f 7032 7043 7042
f 7043 7032 7044
f 7044 7032 7045
f 7032 7029 7045
f 7011 5167 7046
f 7046 5167 7047
f 5167 5207 7047
f 7047 5207 7048
f 5207 7012 7048
f 7049 5167 7050
f 7050 5167 7051
f 5167 7010 7051
f 7052 7054 7053
f 7055 5166 7056
f 7054 7058 7057
f 7057 7058 7059
f 7060 7061 5166
f 5166 7061 7062
f 5166 7064 7063
f 7053 7054 7065
f 7065 7054 7066
f 7054 7067 7066
f 7056 5166 7068
f 7068 5166 7069
f 5166 7062 7069
f 7060 5166 7070
f 7070 5166 7071
f 5166 7063 7071
f 7072 7074 7073
f 7073 7074 7075
f 7075 7074 7076
f 7074 7077 7076
f 7059 7058 7078
f 7078 7058 7079
f 7058 5166 7079
f 7079 5166 7080
f 5166 7055 7080
f 7064 5166 7081
f 7081 5166 7082
f 5166 5167 7082
f 7082 5167 7083
f 5167 7049 7083
f 7084 7058 7085
f 7085 7058 7086
f 7058 7054 7086
f 7086 7054 7087
f 7054 7052 7087
f 7001 7088 7003
f 7003 7088 7089
f 7088 7090 7089
f 7089 7090 7091
f 7090 7092 7091
f 7091 7092 7093
f 7092 7094 7093
f 7093 7094 7095
f 7094 7074 7095
f 7095 7074 7096
f 7074 7072 7096
f 7077 7074 7097
f 7097 7074 7098
f 7074 7099 7098
f 7067 7054 7100
f 7100 7054 7074
f 7054 7101 7074
f 7074 7101 7099
f 7102 7104 7103
f 7103 7104 7105
f 7104 7106 7105
f 7104 7108 7107
f 7107 7108 7109
f 7108 7110 7109
f 7058 7111 7108
f 7106 7104 7112
f 7112 7104 7113
f 7104 7114 7113
f 7110 7108 7115
f 7115 7108 7116
f 7108 7117 7116
f 7117 7108 7118
f 7118 7108 7119
f 7108 7111 7119
f 7111 7058 7120
f 7120 7058 7121
f 7058 7122 7121
f 7122 7058 7123
f 7123 7058 7124
f 7058 7125 7124
f 7125 7058 7126
f 7126 7058 7127
f 7058 7084 7127
f 7128 7108 7129
f 7129 7108 7130
f 7108 7104 7130
f 7130 7104 7131
f 7104 7102 7131
f 7132 7007 7133
f 7134 7136 7135
f 7029 7007 7045
f 7045 7007 7137
f 7007 7132 7137
f 7133 7007 7138
f 7138 7007 7139
f 7007 7140 7139
f 7140 7007 7141
f 7141 7007 7142
f 7007 7143 7142
f 7144 7146 7145
f 7147 7148 7144
f 7144 7148 7149
f 7147 7144 7150
f 7150 7144 7151
f 7144 7145 7151
f 7146 7144 7152
f 7152 7144 7153
f 7144 7154 7153
f 7155 7157 7156
f 7156 7157 7158
f 7157 7159 7158
f 7136 7157 7135
f 7135 7157 7160
f 7157 7155 7160
f 7159 7157 7161
f 7161 7157 7162
f 7157 7163 7162
f 7163 7157 7164
f 7164 7157 7165
f 7157 7154 7165
f 7134 7166 7136
f 7136 7166 7167
f 7166 7168 7167
f 7167 7168 7169
f 7168 7170 7169
f 7169 7170 7171
f 7170 7172 7171
f 7171 7172 7173
f 7172 7113 7173
f 7173 7113 7174
f 7113 7114 7174
f 4718 4719 7175
f 7175 4719 7176
f 4719 7177 7176
f 5122 7179 7178
f 7180 7182 7181
f 7181 7182 7183
f 7182 7184 7183
f 7179 5122 7185
f 7185 5122 7186
f 5122 7187 7186
f 7188 7182 7189
f 7189 7182 7190
f 7182 7191 7190
f 7191 7182 7192
f 7192 7182 7193
f 7182 7180 7193
f 7194 7196 7195
f 7197 5122 7198
f 7198 5122 7199
f 5122 7200 7199
f 7187 5122 7201
f 7201 5122 7202
f 5122 7182 7202
f 7202 7182 7203
f 7182 7188 7203
f 7177 4719 7204
f 7204 4719 7205
f 4719 7206 7205
f 7200 5122 7207
f 7207 5122 7208
f 5122 7209 7208
f 7209 5122 7210
f 7210 5122 7211
f 5122 7178 7211
f 7212 7213 7195
f 7195 7213 7214
f 7206 4719 7215
f 7215 4719 7216
f 4719 5122 7216
f 7216 5122 7217
f 5122 7197 7217
f 7194 7195 7218
f 7218 7195 7219
f 7195 7214 7219
f 7212 7195 7220
f 7220 7195 7221
f 7195 7222 7221
f 7222 7195 7223
f 7223 7195 7224
f 7195 7225 7224
f 7226 7228 7227
f 7227 7228 7229
f 7228 7230 7229
f 7229 7230 7231
f 7230 7232 7231
f 7231 7232 7233
f 7232 7234 7233
f 7233 7234 7235
f 7234 7236 7235
f 7235 7236 7237
f 7236 7196 7237
f 7237 7196 7238
f 7196 7194 7238
f 7239 7241 7240
f 7241 7242 7240
f 7243 7245 7244
f 7244 7245 7246
f 7247 5086 7248
f 7248 5086 7249
f 5086 7250 7249
f 7250 5086 7251
f 7251 5086 7252
f 5086 4719 7252
f 7252 4719 7253
f 4719 4717 7253
f 7245 7255 7254
f 7256 7258 7257
f 5086 7260 7259
f 7260 5086 7261
f 7261 5086 7262
f 5086 7263 7262
f 7263 5086 7264
f 7264 5086 7265
f 5086 7247 7265
f 7255 7245 7266
f 7266 7245 7267
f 7245 7243 7267
f 7228 7226 7268
f 7268 7226 7269
f 7226 7241 7269
f 7269 7241 7270
f 7241 7239 7270
f 7242 7258 7240
f 7240 7258 7271
f 7258 7256 7271
f 7267 7243 7272
f 7272 7243 7258
f 7243 7273 7258
f 7258 7273 7257
f 7274 7276 7275
f 7276 7277 7275
f 7278 7280 7279
f 7279 7280 7281
f 7282 7284 7283
f 7245 7286 7285
f 7286 7245 7287
f 7287 7245 7288
f 7245 7289 7288
f 7289 7245 7290
f 7290 7245 7291
f 7245 7254 7291
f 7281 7280 7292
f 7292 7280 7293
f 7280 7245 7293
f 7293 7245 7294
f 7245 7285 7294
f 7277 7284 7275
f 7275 7284 7295
f 7284 7282 7295
f 7281 7292 7296
f 7296 7292 7284
f 7292 7297 7284
f 7284 7297 7283
f 7298 7224 7182
f 7182 7224 7184
f 7224 7225 7184
f 7299 7301 7300
f 7300 7301 7302
f 7301 7276 7302
f 7302 7276 7303
f 7276 7274 7303
f 7298 7182 7304
f 7304 7182 7305
f 7182 7306 7305
f 7306 7182 7307
f 7307 7182 7308
f 7182 7309 7308
f 7310 7312 7311
f 7313 7312 7314
f 7314 7312 7315
f 7312 7316 7315
f 7309 7182 7317
f 7317 7182 7318
f 7182 7312 7318
f 7318 7312 7319
f 7312 7310 7319
f 7311 7312 7320
f 7320 7312 7321
f 7312 7313 7321
f 7322 7324 7323
f 7325 7326 7323
f 7323 7326 7327
f 7322 7323 7328
f 7328 7323 7329
f 7323 7327 7329
f 7325 7323 7330
f 7330 7323 7331
f 7323 7332 7331
f 7316 7334 7333
f 7333 7334 7323
f 7334 7335 7323
f 7323 7335 7332
f 7301 7299 7336
f 7336 7299 7337
f 7299 7338 7337
f 7337 7338 7339
f 7338 7340 7339
f 7339 7340 7341
f 7340 7342 7341
f 7341 7342 7343
f 7342 7344 7343
f 7343 7344 7345
f 7344 7324 7345
f 7345 7324 7346
f 7324 7322 7346
f 7347 7349 7348
f 7350 7108 7351
f 7351 7108 7352
f 7108 7128 7352
f 7348 7349 7353
f 7353 7349 7354
f 7349 7355 7354
f 7355 7349 7356
f 7356 7349 7357
f 7349 7358 7357
f 7358 7349 7359
f 7359 7349 7360
f 7349 7108 7360
f 7360 7108 7361
f 7108 7362 7361
f 7362 7108 7363
f 7363 7108 7364
f 7108 7365 7364
f 7365 7108 7366
f 7366 7108 7367
f 7108 7350 7367
f 7368 7349 7369
f 7369 7349 7370
f 7349 7347 7370
f 7371 7144 7372
f 7154 7144 7165
f 7165 7144 7373
f 7144 7371 7373
f 7374 7376 7375
f 7372 7144 7377
f 7377 7144 7378
f 7144 7379 7378
f 7379 7144 7380
f 7380 7144 7381
f 7144 7382 7381
f 7376 7374 7383
f 7383 7374 7384
f 7374 7385 7384
f 7385 7374 7386
f 7386 7374 7387
f 7374 7388 7387
f 7388 7374 7389
f 7389 7374 7390
f 7374 7391 7390
f 7392 7394 7393
f 7393 7394 7374
f 7394 7395 7374
f 7374 7395 7391
f 7396 7398 7397
f 7399 7401 7400
f 7399 7403 7402
f 7404 7399 7405
f 7405 7399 7406
f 7399 7407 7406
f 7408 7410 7409
f 7409 7410 7411
f 7410 7412 7411
f 7413 7399 7414
f 7414 7399 7415
f 7399 7400 7415
f 7401 7399 7416
f 7416 7399 7417
f 7399 7402 7417
f 7403 7399 7418
f 7418 7399 7419
f 7399 7404 7419
f 7412 7410 7420
f 7420 7410 7421
f 7410 7422 7421
f 7422 7410 7423
f 7423 7410 7424
f 7410 7425 7424
f 7398 7396 7426
f 7426 7396 7427
f 7396 7399 7427
f 7427 7399 7428
f 7399 7413 7428
f 7429 7431 7430
f 7425 7410 7432
f 7432 7410 7433
f 7410 7434 7433
f 7434 7410 7435
f 7435 7410 7436
f 7410 7429 7436
f 7436 7429 7437
f 7429 7430 7437
f 7438 7440 7439
f 7441 7443 7442
f 7442 7443 7444
f 7445 7442 7446
f 7446 7442 7447
f 7442 7438 7447
f 7441 7442 7448
f 7448 7442 7449
f 7442 7450 7449
f 7451 7452 7440
f 7440 7452 7453
f 7454 7442 7455
f 7455 7442 7456
f 7442 7457 7456
f 7457 7442 7458
f 7458 7442 7459
f 7442 7444 7459
f 7450 7442 7460
f 7460 7442 7461
f 7442 7445 7461
f 7439 7440 7462
f 7462 7440 7463
f 7440 7464 7463
f 7464 7440 7465
f 7465 7440 7466
f 7440 7453 7466
f 7451 7440 7467
f 7467 7440 7468
f 7440 7469 7468
f 7397 7470 7396
f 7396 7470 7440
f 7470 7471 7440
f 7469 7440 7472
f 7472 7440 7473
f 7440 7471 7473
f 7474 7280 7475
f 7475 7280 7476
f 7280 7278 7476
f 7477 7479 7478
f 7478 7479 7480
f 7479 7280 7480
f 7480 7280 7481
f 7280 7482 7481
f 7280 7484 7483
f 7484 7280 7485
f 7485 7280 7486
f 7280 7487 7486
f 7487 7280 7488
f 7488 7280 7489
f 7280 7474 7489
f 7482 7280 7490
f 7490 7280 7491
f 7280 7483 7491
f 7492 7312 7493
f 7494 7496 7495
f 7497 7499 7498
f 7316 7312 7334
f 7334 7312 7500
f 7312 7492 7500
f 7494 7501 7496
f 7493 7312 7502
f 7502 7312 7503
f 7312 7504 7503
f 7504 7312 7505
f 7505 7312 7506
f 7312 7507 7506
f 7507 7312 7508
f 7508 7312 7509
f 7312 7496 7509
f 7509 7496 7510
f 7496 7501 7510
f 7511 7499 7512
f 7512 7499 7513
f 7499 7479 7513
f 7513 7479 7514
f 7479 7477 7514
f 7495 7496 7515
f 7515 7496 7516
f 7496 7517 7516
f 7498 7499 7518
f 7518 7499 7519
f 7499 7511 7519
f 7517 7496 7520
f 7520 7496 7521
f 7496 7499 7521
f 7521 7499 7522
f 7499 7497 7522
f 7523 7525 7524
f 7524 7525 7526
f 7527 7529 7528
f 7528 7529 7530
f 7531 7533 7532
f 7532 7533 7534
f 7533 7535 7534
f 7536 7538 7537
f 7537 7538 7539
f 7540 7541 7537
f 7537 7541 7542
f 7543 7525 7544
f 7544 7525 7545
f 7525 7523 7545
f 7546 7547 7528
f 7528 7547 7548
f 7527 7528 7549
f 7549 7528 7550
f 7528 7537 7550
f 7550 7537 7551
f 7537 7539 7551
f 7536 7537 7552
f 7552 7537 7553
f 7537 7554 7553
f 7554 7537 7555
f 7555 7537 7556
f 7537 7542 7556
f 7540 7537 7557
f 7557 7537 7558
f 7537 7559 7558
f 7535 7533 7560
f 7560 7533 7561
f 7533 7562 7561
f 7563 7528 7564
f 7564 7528 7565
f 7528 7548 7565
f 7546 7528 7566
f 7566 7528 7567
f 7528 7568 7567
f 7568 7528 7569
f 7569 7528 7570
f 7528 7530 7570
f 7562 7533 7571
f 7571 7533 7572
f 7533 7528 7572
f 7572 7528 7573
f 7528 7563 7573
f 7559 7537 7574
f 7574 7537 7575
f 7537 7525 7575
f 7575 7525 7576
f 7525 7543 7576
f 7577 4777 7578
f 7579 7580 4942
f 4942 7580 7581
f 7579 4942 7582
f 7582 4942 7583
f 4942 7533 7583
f 7583 7533 7584
f 7533 7531 7584
f 7526 7525 7585
f 7585 7525 7586
f 7525 4777 7586
f 7586 4777 7587
f 4777 7577 7587
f 7578 4777 7588
f 7588 4777 7589
f 4777 7590 7589
f 7591 7592 4942
f 4942 7592 7593
f 7591 4942 7594
f 7594 4942 7595
f 4942 7581 7595
f 7590 4777 7596
f 7596 4777 7597
f 4777 4942 7597
f 7597 4942 7598
f 4942 7593 7598
f 7599 7537 7600
f 7600 7537 7601
f 7602 7537 7603
f 7603 7537 7604
f 7537 7605 7604
f 7606 4716 7607
f 7607 4716 7608
f 7601 7537 7609
f 7609 7537 7610
f 7537 7602 7610
f 4716 7611 4715
f 7608 4716 7612
f 7612 4716 7613
f 4716 4714 7613
f 7605 7537 7614
f 7614 7537 7615
f 7537 7616 7615
f 7617 7619 7618
f 7618 7619 7620
f 7619 7621 7620
f 7621 7619 7622
f 7622 7619 7623
f 7619 7624 7623
f 7625 4716 7626
f 7626 4716 7627
f 4716 7606 7627
f 7628 7525 7629
f 7629 7525 7630
f 7525 7631 7630
f 7632 7537 7633
f 7633 7537 7634
f 7537 7599 7634
f 7624 7619 7635
f 7635 7619 7636
f 7619 7637 7636
f 7638 7640 7639
f 7639 7640 7641
f 7625 7626 7642
f 7642 7626 7643
f 7626 7644 7643
f 7645 7647 7646
f 7646 7647 7648
f 7647 7649 7648
f 7631 7525 7650
f 7650 7525 7651
f 7525 7652 7651
f 4715 7619 7653
f 7653 7619 7654
f 7619 7617 7654
f 7637 7619 7655
f 7655 7619 7656
f 7619 7657 7656
f 7658 7660 7659
f 7659 7660 7661
f 7652 7525 7662
f 7662 7525 7663
f 7525 7537 7663
f 7663 7537 7664
f 7537 7632 7664
f 7616 7537 7665
f 7665 7537 7666
f 7537 7619 7666
f 7666 7619 7667
f 7619 4715 7667
f 7667 4715 7668
f 4715 7611 7668
f 7657 7619 7669
f 7669 7619 7670
f 7619 7640 7670
f 7670 7640 7671
f 7640 7672 7671
f 7672 7640 7673
f 7673 7640 7674
f 7640 7638 7674
f 7644 7626 7675
f 7675 7626 7660
f 7626 7676 7660
f 7660 7676 7661
f 7658 7677 7660
f 7660 7677 7678
f 7677 7679 7678
f 7649 7680 7648
f 7648 7680 7681
f 7680 7682 7681
f 7682 7680 7683
f 7683 7680 7684
f 7680 7685 7684
f 7686 7688 7687
f 7679 7677 7689
f 7689 7677 7690
f 7677 7691 7690
f 7690 7691 7692
f 7685 7687 7684
f 7684 7687 7693
f 7687 7688 7693
f 7690 7692 7694
f 7694 7692 7695
f 7692 7696 7695
f 7695 7696 7697
f 7697 7698 7695
f 7695 7698 7699
f 7698 7688 7699
f 7699 7688 7700
f 7688 7686 7700
f 7641 7640 7701
f 7701 7640 7702
f 7640 4772 7702
f 7703 4777 7704
f 7702 4772 7705
f 7705 4772 7706
f 4772 7707 7706
f 7703 7708 4777
f 7707 4772 7709
f 7709 4772 7710
f 4772 7711 7710
f 7712 4777 7713
f 7713 4777 7714
f 4777 7708 7714
f 7704 4777 7715
f 7715 4777 7716
f 4777 7717 7716
f 7718 4777 7719
f 7711 4772 7720
f 7720 4772 7721
f 4772 4777 7721
f 7721 4777 7722
f 4777 7712 7722
f 7647 7645 7723
f 7723 7645 7724
f 7645 7717 7724
f 7724 7717 7725
f 7717 4777 7725
f 7725 4777 7726
f 4777 7727 7726
f 7719 4777 7728
f 7728 4777 7729
f 4777 7730 7729
f 7730 4777 7731
f 7731 4777 7732
f 4777 7525 7732
f 7732 7525 7733
f 7525 7628 7733
f 7727 4777 7734
f 7734 4777 7735
f 4777 7736 7735
f 7736 4777 7737
f 7737 4777 7738
f 4777 7739 7738
f 7739 4777 7740
f 7740 4777 7741
f 4777 7718 7741
f 7742 5366 7743
f 5367 5368 5366
f 5366 5368 7743
f 5368 7744 7743
f 7745 5366 7746
f 7746 5366 7747
f 5366 7742 7747
f 7748 7750 7749
f 7749 7750 7751
f 7752 7750 7753
f 7753 7750 7754
f 7755 5366 7756
f 7757 7750 7758
f 7758 7750 7759
f 7750 7752 7759
f 7754 7750 7760
f 7760 7750 7761
f 7750 7748 7761
f 7751 7750 7762
f 7762 7750 7763
f 7750 5366 7763
f 7763 5366 7764
f 5366 7755 7764
f 7756 5366 7765
f 7765 5366 7766
f 5366 7745 7766
f 5368 7768 7767
f 7744 5368 7769
f 7769 5368 7770
f 5368 7771 7770
f 7771 5368 7772
f 7772 5368 7773
f 5368 7767 7773
f 7774 5370 7775
f 7775 5370 7776
f 5370 7777 7776
f 7778 7779 7757
f 7757 7779 7780
f 7779 7781 7780
f 7780 7781 7782
f 7778 7757 7783
f 7783 7757 7784
f 7757 7785 7784
f 7768 5368 7786
f 7786 5368 7787
f 5368 5370 7787
f 7787 5370 7788
f 5370 7774 7788
f 7789 7791 7790
f 7790 7791 7792
f 7793 5370 7794
f 7794 5370 7795
f 5370 5511 7795
f 7796 7798 7797
f 7799 7801 7800
f 7800 7801 7797
f 7801 7802 7797
f 7797 7802 7796
f 7780 7782 7803
f 7803 7782 7804
f 7782 7805 7804
f 7785 7757 7806
f 7806 7757 7807
f 7757 7758 7807
f 7789 7790 7808
f 7808 7790 7809
f 7790 7810 7809
f 7777 5370 7811
f 7811 5370 7812
f 5370 7813 7812
f 7810 7790 7814
f 7814 7790 7815
f 7790 7816 7815
f 7793 7817 5370
f 5370 7817 7813
f 7817 7790 7813
f 7813 7790 7818
f 7790 7792 7818
f 7799 7805 7801
f 7801 7805 7819
f 7805 7782 7819
f 7816 7790 7820
f 7820 7790 7821
f 7790 7822 7821
f 7821 7822 7823
f 7822 7824 7823
f 7823 7824 7825
f 7824 7826 7825
f 7825 7826 7827
f 7826 7828 7827
f 7827 7828 7829
f 7828 7830 7829
f 7829 7830 7831
f 7830 7832 7831
f 7831 7832 7833
f 7832 7798 7833
f 7833 7798 7834
f 7798 7796 7834
f 7835 5551 7836
f 7837 7839 7838
f 7840 7780 7841
f 7842 7837 7843
f 7843 7837 7844
f 7780 7845 7841
f 7846 5551 7847
f 7847 5551 7848
f 5551 7835 7848
f 7836 5551 7849
f 7849 5551 7850
f 5551 7837 7850
f 7850 7837 7851
f 7837 7842 7851
f 7844 7837 7852
f 7852 7837 7853
f 7837 7838 7853
f 7854 7757 7855
f 7855 7757 7856
f 7757 7857 7856
f 7857 7757 7858
f 7858 7757 7859
f 7757 7780 7859
f 7859 7780 7860
f 7780 7840 7860
f 7861 5551 7862
f 7862 5551 7863
f 5551 7846 7863
f 5624 5551 7864
f 7864 5551 7865
f 5551 7866 7865
f 7866 5551 7867
f 7867 5551 7868
f 5551 7861 7868
f 7869 7871 7870
f 7870 7871 7872
f 7871 7873 7872
f 7872 7873 7874
f 7873 7875 7874
f 7874 7875 7876
f 7875 7877 7876
f 7876 7877 7878
f 7877 7841 7878
f 7878 7841 7879
f 7841 7845 7879
f 7880 7882 7881
f 7881 7882 7883
f 7882 7884 7883
f 7883 7884 7885
f 7885 7884 7886
f 7884 7887 7886
f 7887 7884 7888
f 7888 7884 7889
f 7884 7890 7889
f 7868 7861 7891
f 7891 7861 7884
f 7861 7892 7884
f 7884 7892 7890
f 7893 7880 7894
f 7894 7880 7895
f 7880 7881 7895
f 7871 7869 7896
f 7896 7869 7897
f 7869 7898 7897
f 7897 7898 7899
f 7898 7900 7899
f 7899 7900 7901
f 7900 7880 7901
f 7901 7880 7902
f 7880 7893 7902
f 7903 7905 7904
f 7906 7750 7907
f 7906 7908 7750
f 7907 7750 7909
f 7909 7750 7910
f 7750 7757 7910
f 7910 7757 7911
f 7757 7854 7911
f 7912 7905 7913
f 7913 7905 7914
f 7839 7837 7915
f 7915 7837 7916
f 7837 7905 7916
f 7916 7905 7917
f 7905 7912 7917
f 7914 7905 7918
f 7918 7905 7919
f 7905 7903 7919
f 7904 7905 7920
f 7920 7905 7921
f 7905 7750 7921
f 7921 7750 7922
f 7922 7750 7923
f 7923 7750 7924
f 7750 7925 7924
f 7925 7750 7926
f 7926 7750 7927
f 7750 7908 7927
f 7928 7930 7929
f 7929 7930 7931
f 7930 7932 7931
f 7933 7905 7934
f 7932 7930 7935
f 7935 7930 7936
f 7930 7937 7936
f 7937 7930 7938
f 7938 7930 7939
f 7930 7940 7939
f 7940 7930 7941
f 7941 7930 7942
f 7930 7905 7942
f 7942 7905 7943
f 7905 7933 7943
f 7934 7905 7944
f 7944 7905 7945
f 7905 7946 7945
f 7946 7905 7947
f 7947 7905 7948
f 7905 7949 7948
f 7950 5551 7951
f 7952 7928 7953
f 7953 7928 7954
f 7928 7929 7954
f 7949 7905 7955
f 7955 7905 7956
f 7905 7837 7956
f 7956 7837 7957
f 7837 7958 7957
f 7958 7837 7959
f 7959 7837 7960
f 7837 7961 7960
f 7950 7962 5551
f 7963 5551 7964
f 7965 7966 5640
f 5640 7966 7967
f 7968 7928 7969
f 7969 7928 7970
f 7951 5551 7971
f 7971 5551 7972
f 5551 7973 7972
f 7961 7837 7974
f 7974 7837 7975
f 7837 7976 7975
f 7973 5551 7977
f 7977 5551 7978
f 5551 7963 7978
f 7979 5640 7980
f 7965 5640 7981
f 7981 5640 7982
f 5640 7928 7982
f 7982 7928 7983
f 7928 7968 7983
f 7970 7928 7984
f 7984 7928 7985
f 7928 7952 7985
f 7976 7837 7986
f 7986 7837 7987
f 7837 5551 7987
f 7987 5551 7988
f 5551 7962 7988
f 7989 7990 5640
f 5640 7990 7991
f 7989 5640 7992
f 7992 5640 7993
f 5640 7967 7993
f 7980 5640 7994
f 7994 5640 7995
f 5640 7991 7995
f 7964 5551 7996
f 7996 5551 7997
f 5551 7998 7997
f 7998 5551 7999
f 7999 5551 8000
f 5551 5640 8000
f 8000 5640 8001
f 5640 7979 8001
f 8002 8004 8003
f 8003 8004 8005
f 8004 8006 8005
f 8007 7930 8008
f 8006 8004 8009
f 8009 8004 8010
f 8004 8011 8010
f 8011 8004 8012
f 8012 8004 8013
f 8004 8014 8013
f 8014 8004 8015
f 8015 8004 8016
f 8004 7930 8016
f 8016 7930 8017
f 7930 8007 8017
f 8008 7930 8018
f 8018 7930 8019
f 7930 8020 8019
f 8020 7930 8021
f 8021 7930 8022
f 7930 8023 8022
f 8023 7930 8024
f 8024 7930 8025
f 7930 7928 8025
f 8025 7928 8026
f 7928 8027 8026
f 8027 7928 8028
f 8028 7928 8029
f 7928 8030 8029
f 8031 8002 8032
f 8032 8002 8033
f 8002 8003 8033
f 8030 7928 8034
f 8034 7928 8035
f 7928 8036 8035
f 8037 5640 8038
f 8038 5640 8039
f 8002 8041 8040
f 8042 5640 8043
f 8044 5713 8045
f 8045 5713 8046
f 5713 8047 8046
f 8036 7928 8048
f 8048 7928 8049
f 7928 5640 8049
f 8049 5640 8050
f 5640 8037 8050
f 8039 5640 8051
f 8051 5640 8052
f 5640 8053 8052
f 8054 8002 8055
f 8055 8002 8056
f 8002 8040 8056
f 8041 8002 8057
f 8057 8002 8058
f 8002 8031 8058
f 8053 5640 8059
f 8059 5640 8060
f 5640 8042 8060
f 8061 5713 8062
f 8063 8064 5713
f 5713 8064 8065
f 8063 5713 8066
f 8066 5713 8067
f 5713 8044 8067
f 8062 5713 8068
f 8068 5713 8069
f 5713 8065 8069
f 8043 5640 8070
f 8070 5640 8071
f 5640 8072 8071
f 8072 5640 8073
f 8073 5640 8074
f 5640 5713 8074
f 8074 5713 8075
f 5713 8061 8075
f 4713 8076 4712
f 4712 8076 8077
f 8076 8078 8077
f 8078 8076 8079
f 8079 8076 8080
f 8076 8081 8080
f 8076 8083 8082
f 8083 8076 8084
f 8084 8076 8085
f 8076 8086 8085
f 8087 8004 8088
f 8088 8004 8089
f 8004 8090 8089
f 8086 8076 8091
f 8091 8076 8092
f 8076 8004 8092
f 8092 8004 8093
f 8004 8087 8093
f 8090 8004 8094
f 8094 8004 8095
f 8004 8096 8095
f 8096 8004 8097
f 8097 8004 8098
f 8004 8099 8098
f 8100 8076 8101
f 8101 8076 8102
f 8103 8076 8104
f 8104 8076 8105
f 8076 8082 8105
f 8081 8076 8106
f 8106 8076 8107
f 8076 8100 8107
f 8102 8076 8108
f 8108 8076 8109
f 8076 8110 8109
f 8110 8076 8111
f 8111 8076 8112
f 8076 8103 8112
f 8113 5792 8114
f 8099 8004 8115
f 8115 8004 8116
f 8004 8002 8116
f 8116 8002 8117
f 8002 8118 8117
f 8118 8002 8119
f 8119 8002 8120
f 8002 8121 8120
f 8105 8082 8122
f 8122 8082 8123
f 8082 8124 8123
f 8123 8124 8125
f 8124 8126 8125
f 8002 8128 8127
f 4713 8130 8129
f 8121 8002 8131
f 8131 8002 8132
f 8002 8127 8132
f 8133 8135 8134
f 8114 5792 8136
f 8136 5792 8137
f 5792 4713 8137
f 8137 4713 8138
f 4713 8129 8138
f 8130 4713 8139
f 8139 4713 8140
f 4713 8141 8140
f 8128 8002 8142
f 8142 8002 5713
f 8002 8054 5713
f 5713 8054 8047
f 8126 8124 8143
f 8143 8124 8135
f 8124 8144 8135
f 8135 8144 8134
f 8145 5713 8146
f 8146 5713 8147
f 8141 4713 8148
f 8148 4713 8149
f 4713 4711 8149
f 8150 8152 8151
f 8142 5713 8153
f 8153 5713 8154
f 5713 8155 8154
f 8147 5713 8156
f 8156 5713 8157
f 5713 8158 8157
f 8159 5792 8160
f 8160 5792 8161
f 5792 8113 8161
f 8133 8162 8135
f 8135 8162 8163
f 8162 8164 8163
f 8155 5713 8165
f 8165 5713 8166
f 5713 8167 8166
f 8158 5713 8168
f 8168 5713 8169
f 5713 8170 8169
f 8171 8152 8172
f 8172 8152 8173
f 8152 8150 8173
f 8174 8152 8175
f 8175 8152 8176
f 8152 8177 8176
f 8177 8152 8178
f 8178 8152 8179
f 8152 8171 8179
f 8164 8162 8180
f 8180 8162 8181
f 8162 8182 8181
f 8181 8182 8183
f 8167 5713 8184
f 8184 5713 8185
f 5713 8186 8185
f 8186 5713 8187
f 8187 5713 8188
f 5713 8189 8188
f 8151 8152 8190
f 8190 8152 8191
f 8152 8192 8191
f 8191 8192 8193
f 8192 8181 8193
f 8193 8181 8194
f 8181 8183 8194
f 8189 5713 8195
f 8195 5713 8196
f 5713 8197 8196
f 8170 5713 8198
f 8198 5713 8199
f 5713 8200 8199
f 8201 5792 8202
f 8202 5792 8203
f 8203 5792 8204
f 8204 5792 8205
f 5792 8159 8205
f 5901 5792 5916
f 5916 5792 5713
f 5792 8206 5713
f 5713 8206 8200
f 8197 5713 8207
f 8207 5713 8208
f 5713 8209 8208
f 8145 8210 5713
f 5713 8210 8209
f 8210 8211 8209
f 8209 8211 8212
f 8211 8152 8212
f 8212 8152 8213
f 8152 8174 8213
f 8206 5792 8214
f 8214 5792 8215
f 5792 8216 8215
f 8216 5792 8217
f 8217 5792 8218
f 5792 8201 8218
f 4710 8219 4709
f 4709 8219 8220
f 8219 8221 8220
f 8221 8219 8222
f 8222 8219 8223
f 8219 8224 8223
f 8225 8076 8226
f 8226 8076 8227
f 8076 8228 8227
f 8229 8076 8230
f 8224 8219 8231
f 8231 8219 8232
f 8219 8233 8232
f 8233 8219 8234
f 8234 8219 8235
f 8219 8076 8235
f 8235 8076 8236
f 8076 8229 8236
f 8230 8076 8237
f 8237 8076 8238
f 8076 8225 8238
f 8239 5931 8240
f 8241 4713 8242
f 8228 8076 8243
f 8243 8076 8244
f 8076 4713 8244
f 8244 4713 8245
f 4713 8241 8245
f 4710 8247 8246
f 8240 5931 8248
f 8248 5931 8249
f 5931 4710 8249
f 8249 4710 8250
f 4710 8246 8250
f 8247 4710 8251
f 8251 4710 8252
f 4710 8253 8252
f 8254 4713 8255
f 8255 4713 8256
f 8257 5792 8258
f 8258 5792 8259
f 5792 8260 8259
f 8253 4710 8261
f 8261 4710 8262
f 4710 4708 8262
f 8256 4713 8263
f 8263 4713 8264
f 4713 5792 8264
f 8264 5792 8265
f 5792 8257 8265
f 8242 4713 8266
f 8266 4713 8267
f 4713 8254 8267
f 8268 5931 8269
f 8269 5931 8270
f 5931 8239 8270
f 8260 5792 8271
f 8271 5792 8272
f 5792 8273 8272
f 8273 5792 8274
f 8274 5792 8275
f 5792 8276 8275
f 5931 8278 8277
f 8276 5792 8279
f 8279 5792 8280
f 5792 8281 8280
f 8278 5931 8282
f 8282 5931 8283
f 5931 8268 8283
f 8284 5931 8285
f 8285 5931 8286
f 5931 8277 8286
f 8281 5792 8287
f 8287 5792 8288
f 5792 5931 8288
f 8288 5931 8289
f 5931 8284 8289
f 4707 8290 4706
f 4706 8290 8291
f 8290 8292 8291
f 8292 8290 8293
f 8293 8290 8294
f 8290 8295 8294
f 8296 8219 8297
f 8297 8219 8298
f 8219 8299 8298
f 8300 8219 8301
f 8295 8290 8302
f 8302 8290 8303
f 8290 8304 8303
f 8304 8290 8305
f 8305 8290 8306
f 8290 8219 8306
f 8306 8219 8307
f 8219 8300 8307
f 8301 8219 8308
f 8308 8219 8309
f 8219 8296 8309
f 8310 6004 8311
f 8312 4710 8313
f 8299 8219 8314
f 8314 8219 8315
f 8219 4710 8315
f 8315 4710 8316
f 4710 8312 8316
f 4707 8318 8317
f 8311 6004 8319
f 8319 6004 8320
f 6004 4707 8320
f 8320 4707 8321
f 4707 8317 8321
f 8318 4707 8322
f 8322 4707 8323
f 4707 8324 8323
f 8325 4710 8326
f 8326 4710 8327
f 8328 5931 8329
f 8329 5931 8330
f 5931 8331 8330
f 8324 4707 8332
f 8332 4707 8333
f 4707 4705 8333
f 8327 4710 8334
f 8334 4710 8335
f 4710 5931 8335
f 8335 5931 8336
f 5931 8328 8336
f 8313 4710 8337
f 8337 4710 8338
f 4710 8325 8338
f 8339 6004 8340
f 8340 6004 8341
f 6004 8310 8341
f 8331 5931 8342
f 8342 5931 8343
f 5931 8344 8343
f 8344 5931 8345
f 8345 5931 8346
f 5931 8347 8346
f 6004 8349 8348
f 8347 5931 8350
f 8350 5931 8351
f 5931 8352 8351
f 8349 6004 8353
f 8353 6004 8354
f 6004 8339 8354
f 8355 6004 8356
f 8356 6004 8357
f 6004 8348 8357
f 8352 5931 8358
f 8358 5931 8359
f 5931 6004 8359
f 8359 6004 8360
f 6004 8355 8360
f 8361 8363 8362
f 8364 8290 8365
f 8365 8290 8366
f 8290 8367 8366
f 8362 8363 8368
f 8368 8363 8369
f 8363 8370 8369
f 8371 8290 8372
f 8372 8290 8373
f 8290 8364 8373
f 8370 8363 8374
f 8374 8363 8375
f 8363 8376 8375
f 8376 8363 8377
f 8377 8363 8378
f 8363 8290 8378
f 8378 8290 8379
f 8290 8371 8379
f 8367 8290 8380
f 8380 8290 8381
f 8290 4707 8381
f 8381 4707 8382
f 4707 8383 8382
f 8383 4707 8384
f 8384 4707 8385
f 4707 8386 8385
f 8386 4707 8387
f 8387 4707 8388
f 4707 8389 8388
f 8390 8392 8391
f 8391 8392 8393
f 8392 8394 8393
f 8395 8392 8396
f 8396 8392 8397
f 8392 8363 8397
f 8397 8363 8398
f 8363 8361 8398
f 6079 8392 8399
f 8399 8392 8400
f 8392 8390 8400
f 8394 8392 8401
f 8401 8392 8402
f 8392 8395 8402
f 8389 4707 8403
f 8403 4707 8404
f 4707 6004 8404
f 8404 6004 8405
f 8405 6004 8406
f 8406 6004 8407
f 6004 8408 8407
f 8409 6079 8410
f 8410 6079 8411
f 6079 8399 8411
f 8408 6004 8412
f 8412 6004 8413
f 6004 8414 8413
f 8414 6004 8415
f 8415 6004 8416
f 6004 8417 8416
f 8418 6079 8419
f 8419 6079 8420
f 8421 6004 8422
f 8420 6079 8423
f 8423 6079 8424
f 6079 8409 8424
f 8417 6004 8425
f 8425 6004 8426
f 6004 8421 8426
f 8427 8428 6079
f 6079 8428 8429
f 8427 6079 8430
f 8430 6079 8431
f 6079 8418 8431
f 8422 6004 8432
f 8432 6004 8433
f 6004 6079 8433
f 8433 6079 8434
f 6079 8429 8434
f 8435 7410 8436
f 8437 8363 8438
f 8438 8363 8439
f 8363 8440 8439
f 8436 7410 8441
f 8441 7410 8442
f 7410 8443 8442
f 8444 8363 8445
f 8445 8363 8446
f 8363 8437 8446
f 8443 7410 8447
f 8447 7410 8448
f 7410 8449 8448
f 8449 7410 8450
f 8450 7410 8451
f 7410 8363 8451
f 8451 8363 8452
f 8363 8444 8452
f 8440 8363 8453
f 8453 8363 8454
f 8363 8392 8454
f 8454 8392 8455
f 8392 8456 8455
f 8456 8392 8457
f 8457 8392 8458
f 8392 8459 8458
f 8459 8392 8460
f 8460 8392 8461
f 8392 8462 8461
f 8463 8465 8464
f 8464 8465 8466
f 8465 8467 8466
f 8468 8465 8469
f 8469 8465 8470
f 8465 7410 8470
f 8470 7410 8471
f 7410 8435 8471
f 6152 8465 8472
f 8472 8465 8473
f 8465 8463 8473
f 8467 8465 8474
f 8474 8465 8475
f 8465 8468 8475
f 8462 8392 8476
f 8476 8392 8477
f 8392 6079 8477
f 8477 6079 8478
f 8478 6079 8479
f 8479 6079 8480
f 6079 8481 8480
f 8482 6152 8483
f 8483 6152 8484
f 6152 8472 8484
f 8481 6079 8485
f 8485 6079 8486
f 6079 8487 8486
f 8487 6079 8488
f 8488 6079 8489
f 6079 8490 8489
f 8491 6152 8492
f 8492 6152 8493
f 8494 6079 8495
f 8493 6152 8496
f 8496 6152 8497
f 6152 8482 8497
f 8490 6079 8498
f 8498 6079 8499
f 6079 8494 8499
f 8500 8501 6152
f 6152 8501 8502
f 8500 6152 8503
f 8503 6152 8504
f 6152 8491 8504
f 8495 6079 8505
f 8505 6079 8506
f 6079 6152 8506
f 8506 6152 8507
f 6152 8502 8507
f 8508 7429 8509
f 8509 7429 8510
f 7429 8511 8510
f 8511 7429 8512
f 8512 7429 8513
f 7429 8514 8513
f 8514 7429 8515
f 8515 7429 8516
f 7429 8517 8516
f 8518 7410 8519
f 8519 7410 8520
f 7410 8521 8520
f 8517 7429 8522
f 8522 7429 8523
f 7429 7410 8523
f 8523 7410 8524
f 7410 8518 8524
f 8521 7410 8525
f 8525 7410 8526
f 7410 8527 8526
f 8527 7410 8528
f 8528 7410 8529
f 7410 8465 8529
f 8529 8465 8530
f 8465 8531 8530
f 8532 8508 8533
f 8533 8508 8534
f 8508 8535 8534
f 8531 8465 8536
f 8536 8465 8537
f 8465 8538 8537
f 8538 8465 8539
f 8539 8465 8540
f 8465 8541 8540
f 8542 8543 6223
f 6223 8543 8544
f 8535 8508 8545
f 8545 8508 8546
f 8508 8547 8546
f 8548 6152 8549
f 8542 6223 8550
f 8550 6223 8551
f 6223 8508 8551
f 8551 8508 8552
f 8508 8532 8552
f 8547 8508 8553
f 8553 8508 8554
f 8508 8509 8554
f 6152 8556 8555
f 8541 8465 8557
f 8557 8465 8558
f 8465 6152 8558
f 8558 6152 8559
f 6152 8555 8559
f 8556 6152 8560
f 8560 6152 8561
f 6152 8548 8561
f 8549 6152 8562
f 8562 6152 8563
f 6152 8564 8563
f 6223 8566 8565
f 8566 6223 8567
f 8567 6223 8568
f 6223 8569 8568
f 8569 6223 8570
f 8570 6223 8571
f 6223 8544 8571
f 8564 6152 8572
f 8572 6152 8573
f 6152 8574 8573
f 8575 6223 8576
f 8576 6223 8577
f 6223 8565 8577
f 8574 6152 8578
f 8578 6152 8579
f 6152 6223 8579
f 8579 6223 8580
f 6223 8575 8580
f 8581 7442 8582
f 7442 8584 8583
f 8581 8585 7442
f 8586 8587 8582
f 8588 7442 8589
f 7442 8590 8584
f 8591 8593 8592
f 8592 8593 8594
f 8595 7442 8596
f 8596 7442 8597
f 7442 8585 8597
f 8598 8587 8599
f 8599 8587 8600
f 8587 8586 8600
f 8601 7442 8602
f 8589 7442 8603
f 8603 7442 8604
f 7442 8583 8604
f 8594 8593 8605
f 8605 8593 8606
f 8593 8607 8606
f 8607 8593 8608
f 8608 8593 8609
f 8593 8610 8609
f 8582 7442 8586
f 8586 7442 8611
f 7442 8612 8611
f 8612 7442 8613
f 8613 7442 8614
f 7442 8615 8614
f 8610 8593 8616
f 8616 8593 8617
f 8593 7442 8617
f 8617 7442 8618
f 7442 8595 8618
f 8615 7442 8619
f 8619 7442 8620
f 7442 8601 8620
f 8602 7442 8621
f 8621 7442 8622
f 7442 8588 8622
f 8623 8625 8624
f 8598 8599 8626
f 8626 8599 8627
f 8599 8628 8627
f 8624 8625 8629
f 8629 8625 8630
f 8625 8593 8630
f 8630 8593 8631
f 8593 8591 8631
f 8584 8590 8632
f 8632 8590 8633
f 8590 8634 8633
f 8634 8590 8635
f 8635 8590 8636
f 8590 8637 8636
f 8628 8599 8638
f 8638 8599 8639
f 8599 8640 8639
f 8637 8590 8641
f 8641 8590 8642
f 8590 8643 8642
f 8644 6309 8645
f 8646 6298 8647
f 8648 8625 8649
f 8649 8625 8650
f 8643 8590 8651
f 8651 8590 8652
f 8590 6309 8652
f 8652 6309 8653
f 6309 8644 8653
f 8654 6298 8655
f 8655 6298 8656
f 6298 8657 8656
f 8657 6298 8658
f 8658 6298 8659
f 6298 8660 8659
f 8660 6298 8661
f 8661 6298 8662
f 6298 8663 8662
f 8664 8663 8665
f 8665 8663 8666
f 8666 8663 8667
f 8667 8663 8668
f 8663 8669 8668
f 8650 8625 8670
f 8670 8625 8671
f 8625 8623 8671
f 8645 6309 8672
f 8672 6309 8673
f 6309 8674 8673
f 8664 8675 8663
f 8663 8675 8676
f 8675 8677 8676
f 8676 8677 8678
f 8677 8639 8678
f 8678 8639 8679
f 8639 8640 8679
f 8669 8663 8680
f 8680 8663 8681
f 8663 8682 8681
f 8647 6298 8683
f 8683 6298 8684
f 6298 8625 8684
f 8684 8625 8685
f 8625 8648 8685
f 8674 6309 8686
f 8686 6309 8687
f 6309 8688 8687
f 8682 8663 8689
f 8689 8663 8690
f 8663 8691 8690
f 8692 6309 8693
f 8694 6298 8695
f 8695 6298 8696
f 8697 6298 8698
f 8698 6298 8699
f 6298 8654 8699
f 6298 8701 8700
f 8702 6298 8703
f 8703 6298 8704
f 6298 8646 8704
f 8696 6298 8705
f 8705 6298 8706
f 6298 8697 8706
f 8707 6298 8708
f 8701 6298 8709
f 8709 6298 8710
f 6298 8702 8710
f 8707 8711 6298
f 8688 6309 8712
f 8712 6309 8713
f 6309 8714 8713
f 8708 6298 8715
f 8715 6298 8716
f 6298 8717 8716
f 8714 6309 8718
f 8718 6309 8719
f 6309 8692 8719
f 8691 8663 8720
f 8720 8663 8721
f 8663 6298 8721
f 8721 6298 8722
f 6298 8711 8722
f 8717 6298 8723
f 8723 6298 8724
f 6298 8700 8724
f 8693 6309 8725
f 8725 6309 8726
f 6309 6298 8726
f 8726 6298 8727
f 6298 8694 8727
f 8728 8730 8729
f 8731 8593 8732
f 8732 8593 8733
f 8593 8734 8733
f 8729 8730 8735
f 8735 8730 8736
f 8730 8737 8736
f 8738 8593 8739
f 8739 8593 8740
f 8593 8731 8740
f 8737 8730 8741
f 8741 8730 8742
f 8730 8743 8742
f 8743 8730 8744
f 8744 8730 8745
f 8730 8593 8745
f 8745 8593 8746
f 8593 8738 8746
f 8734 8593 8747
f 8747 8593 8748
f 8593 8625 8748
f 8748 8625 8749
f 8625 8750 8749
f 8750 8625 8751
f 8751 8625 8752
f 8625 8753 8752
f 8754 8756 8755
f 8755 8756 8757
f 8757 8756 8758
f 8756 8730 8758
f 8758 8730 8759
f 8730 8728 8759
f 8753 8625 8760
f 8760 8625 8761
f 8625 8762 8761
f 8763 6298 8764
f 8765 6444 8766
f 8767 8756 8768
f 8768 8756 8769
f 8762 8625 8770
f 8770 8625 8771
f 8625 6298 8771
f 8771 6298 8772
f 6298 8763 8772
f 8769 8756 8773
f 8773 8756 8774
f 8756 8754 8774
f 8764 6298 8775
f 8775 6298 8776
f 6298 8777 8776
f 8766 6444 8778
f 8778 6444 8779
f 6444 8756 8779
f 8779 8756 8780
f 8756 8767 8780
f 8777 6298 8781
f 8781 6298 8782
f 6298 8783 8782
f 6444 8785 8784
f 8786 6444 8787
f 8787 6444 8788
f 6444 8765 8788
f 8785 6444 8789
f 8789 6444 8790
f 6444 8786 8790
f 8791 6298 6444
f 6444 6298 6494
f 6298 6487 6494
f 8783 6298 8792
f 8792 6298 8793
f 6298 8794 8793
f 8791 6444 8795
f 8795 6444 8796
f 6444 8797 8796
f 8794 6298 8798
f 8798 6298 8799
f 6298 8791 8799
f 8797 6444 8800
f 8800 6444 8801
f 6444 8784 8801
f 8802 8804 8803
f 8803 8804 8805
f 8806 8730 8807
f 8808 8730 8809
f 8809 8730 8810
f 8730 8805 8810
f 8811 7374 8812
f 8812 7374 8813
f 7374 8730 8813
f 8813 8730 8814
f 8730 8808 8814
f 8815 8730 8816
f 8807 8730 8817
f 8817 8730 8818
f 8730 8819 8818
f 8805 8730 8803
f 8803 8730 8820
f 8730 8821 8820
f 8821 8730 8822
f 8822 8730 8823
f 8730 8824 8823
f 8824 8730 8825
f 8825 8730 8826
f 8730 8815 8826
f 8816 8730 8827
f 8827 8730 8828
f 8730 8806 8828
f 8829 8831 8830
f 8802 8831 8804
f 8804 8831 8832
f 8831 8833 8832
f 8833 8831 8834
f 8834 8831 8835
f 8831 8829 8835
f 8819 8730 8836
f 8836 8730 8837
f 8730 8756 8837
f 8837 8756 8838
f 8756 8839 8838
f 8839 8756 8840
f 8840 8756 8841
f 8756 8842 8841
f 8843 8845 8844
f 8846 8830 8847
f 8847 8830 8848
f 8848 8830 8849
f 8830 8831 8849
f 8850 8851 6444
f 6444 8851 8852
f 6444 8854 8853
f 8842 8756 8855
f 8855 8756 8856
f 8756 8857 8856
f 8858 6444 8859
f 8850 6444 8860
f 8860 6444 8861
f 6444 8853 8861
f 8857 8756 8862
f 8862 8756 8863
f 8756 6444 8863
f 8863 6444 8864
f 6444 8858 8864
f 8865 8852 8866
f 8866 8852 8867
f 8852 8868 8867
f 8846 8844 8830
f 8830 8844 8869
f 8844 8845 8869
f 8859 6444 8870
f 8870 6444 8871
f 6444 8872 8871
f 8868 8852 8873
f 8873 8852 8874
f 8852 8875 8874
f 8874 8875 8876
f 8876 8877 8874
f 8874 8877 8878
f 8877 8845 8878
f 8878 8845 8879
f 8845 8843 8879
f 8854 6444 8880
f 8880 6444 8881
f 6444 6526 8881
f 8881 6526 8882
f 6526 8883 8882
f 8883 6526 8884
f 8884 6526 8885
f 6526 8886 8885
f 8872 6444 8887
f 8887 6444 8888
f 6444 8889 8888
f 8890 8852 8891
f 8891 8852 8892
f 8852 8865 8892
f 8893 8852 8894
f 8894 8852 8895
f 8852 8890 8895
f 8889 6444 8896
f 8896 6444 8897
f 6444 8898 8897
f 8899 6444 8900
f 8900 6444 8901
f 6444 8902 8901
f 8898 6444 8903
f 8903 6444 8904
f 6444 8899 8904
f 8902 6444 8905
f 8905 6444 8906
f 6444 8852 8906
f 8906 8852 8907
f 8852 8893 8907
f 8908 7393 8909
f 8909 7393 8910
f 8910 7393 8911
f 8911 7393 8912
f 7393 8913 8912
f 8913 7393 8914
f 8914 7393 8915
f 7393 8916 8915
f 8916 7393 8917
f 8917 7393 8918
f 7393 7374 8918
f 8918 7374 8919
f 7374 8811 8919
f 8920 8908 8921
f 8922 6623 8923
f 8921 8908 8924
f 8924 8908 8925
f 8908 8909 8925
f 8926 8908 8927
f 8927 8908 8928
f 8928 8908 8929
f 8929 8908 8930
f 8908 8920 8930
f 6623 8932 8931
f 8923 6623 8933
f 8933 6623 8934
f 6623 8908 8934
f 8934 8908 8935
f 8908 8926 8935
f 8932 6623 8936
f 8936 6623 8937
f 6623 8938 8937
f 8938 6623 8939
f 8939 6623 8940
f 6623 8922 8940
f 8886 6526 8941
f 8941 6526 8942
f 6526 8943 8942
f 8943 6526 8944
f 8944 6526 8945
f 6526 6623 8945
f 8945 6623 8946
f 6623 8931 8946
f 8947 7349 8948
f 8948 7349 8949
f 7349 8950 8949
f 8951 7349 8952
f 7496 8954 8953
f 8954 7496 8955
f 8955 7496 8956
f 7496 8957 8956
f 8951 8958 7349
f 8957 7496 8959
f 8959 7496 8960
f 7496 8961 8960
f 8962 7349 8963
f 8963 7349 8964
f 7349 8947 8964
f 8952 7349 8965
f 8965 7349 8966
f 7349 8962 8966
f 8949 8950 8967
f 8967 8950 8968
f 8950 8969 8968
f 8970 8972 8971
f 8971 8972 8973
f 8972 7496 8973
f 8973 7496 8974
f 7496 8953 8974
f 8969 8950 8975
f 8975 8950 8976
f 8950 8977 8976
f 8977 8950 8978
f 8978 8950 8979
f 8950 8980 8979
f 8980 8950 8981
f 8981 8950 8982
f 8950 6673 8982
f 8982 6673 8983
f 6673 8984 8983
f 8984 6673 8985
f 8985 6673 8986
f 6673 8987 8986
f 8988 8972 8989
f 8989 8972 8990
f 8972 8991 8990
f 8991 8972 8992
f 8992 8972 8993
f 8972 8970 8993
f 6665 8995 8994
f 8995 6665 8996
f 8996 6665 8997
f 6665 8972 8997
f 8997 8972 8998
f 8972 8988 8998
f 8999 6665 9000
f 9000 6665 9001
f 8987 6673 9002
f 9002 6673 9003
f 6673 9004 9003
f 9004 6673 9005
f 9005 6673 9006
f 6673 9007 9006
f 9001 6665 9008
f 9008 6665 9009
f 6665 8994 9009
f 9010 9011 6665
f 6665 9011 9012
f 9010 6665 9013
f 9013 6665 9014
f 6665 8999 9014
f 9007 6673 9015
f 9015 6673 9016
f 6673 9017 9016
f 9017 6673 9018
f 9018 6673 9019
f 6673 6665 9019
f 9019 6665 9020
f 6665 9012 9020
f 9021 7499 9022
f 9022 7499 9023
f 7499 9024 9023
f 9025 7496 9026
f 9026 7496 9027
f 7496 9028 9027
f 9024 7499 9029
f 9029 7499 9030
f 7499 9031 9030
f 9032 7496 9033
f 9033 7496 9034
f 7496 9025 9034
f 9031 7499 9035
f 9035 7499 9036
f 7499 9037 9036
f 9037 7499 9038
f 9038 7499 9039
f 7499 7496 9039
f 9039 7496 9040
f 7496 9032 9040
f 9028 7496 9041
f 9041 7496 9042
f 7496 8972 9042
f 9042 8972 9043
f 8972 9044 9043
f 9044 8972 9045
f 9045 8972 9046
f 8972 9047 9046
f 9048 9021 9049
f 9049 9021 9050
f 9050 9021 9051
f 9021 9022 9051
f 9047 8972 9052
f 9052 8972 9053
f 8972 9054 9053
f 9055 6665 9056
f 9057 6737 9058
f 9059 9021 9060
f 9060 9021 9061
f 9054 8972 9062
f 9062 8972 9063
f 8972 6665 9063
f 9063 6665 9064
f 6665 9055 9064
f 9061 9021 9065
f 9065 9021 9066
f 9021 9048 9066
f 9056 6665 9067
f 9067 6665 9068
f 6665 9069 9068
f 9058 6737 9070
f 9070 6737 9071
f 6737 9021 9071
f 9071 9021 9072
f 9021 9059 9072
f 9069 6665 9073
f 9073 6665 9074
f 6665 9075 9074
f 6737 9077 9076
f 9078 6737 9079
f 9079 6737 9080
f 6737 9057 9080
f 9077 6737 9081
f 9081 6737 9082
f 6737 9078 9082
f 9075 6665 9083
f 9083 6665 9084
f 6665 9085 9084
f 9086 6737 9087
f 9087 6737 9088
f 9085 6665 9089
f 9089 6665 9090
f 6665 6737 9090
f 9090 6737 9091
f 6737 9086 9091
f 9088 6737 9092
f 9092 6737 9093
f 6737 9076 9093
f 9094 7479 9095
f 9096 7499 9097
f 9097 7499 9098
f 7499 9099 9098
f 9095 7479 9100
f 9100 7479 9101
f 7479 9102 9101
f 9103 7499 9104
f 9104 7499 9105
f 7499 9096 9105
f 9102 7479 9106
f 9106 7479 9107
f 7479 9108 9107
f 9108 7479 9109
f 9109 7479 9110
f 7479 7499 9110
f 9110 7499 9111
f 7499 9103 9111
f 9099 7499 9112
f 9112 7499 9113
f 7499 9021 9113
f 9113 9021 9114
f 9021 9115 9114
f 9115 9021 9116
f 9116 9021 9117
f 9021 9118 9117
f 9119 9121 9120
f 9120 9121 9122
f 9122 9121 9123
f 9121 7479 9123
f 9123 7479 9124
f 7479 9094 9124
f 9118 9021 9125
f 9125 9021 9126
f 9021 9127 9126
f 9128 6737 9129
f 9127 9021 9130
f 9130 9021 9131
f 9021 6737 9131
f 9131 6737 9132
f 6737 9128 9132
f 9133 6737 9134
f 9135 9121 9136
f 9136 9121 9137
f 9137 9121 9138
f 9121 9119 9138
f 9129 6737 9139
f 9139 6737 9140
f 6737 9141 9140
f 9142 9144 9143
f 9143 9144 9145
f 9134 6737 9146
f 9146 6737 9147
f 6737 6810 9147
f 9148 9143 9149
f 9149 9143 9150
f 9143 9145 9150
f 9151 9153 9152
f 9142 9154 9144
f 9144 9154 9155
f 9154 9156 9155
f 9141 6737 9157
f 9157 6737 9158
f 6737 9133 9158
f 9158 9133 9159
f 9133 9160 9159
f 9161 9163 9162
f 9162 9163 9164
f 9152 9156 9151
f 9151 9156 9165
f 9156 9154 9165
f 9166 9160 9167
f 9167 9160 9168
f 9160 9169 9168
f 9161 9162 9170
f 9170 9162 9171
f 9162 9172 9171
f 9171 9172 9173
f 9172 9174 9173
f 9173 9174 9175
f 9174 9153 9175
f 9175 9153 9176
f 9153 9151 9176
f 9159 9160 9177
f 9177 9160 9178
f 9160 9179 9178
f 9179 9160 9180
f 9180 9160 9181
f 9160 9166 9181
f 9164 9169 9162
f 9162 9169 9182
f 9169 9160 9182
f 9183 9185 9184
f 9186 7640 9187
f 9187 7640 9188
f 7640 9189 9188
f 9189 7640 9190
f 9190 7640 9191
f 7640 9192 9191
f 9193 7619 9194
f 9194 7619 9195
f 9192 7640 9196
f 9196 7640 9197
f 7640 7619 9197
f 9197 7619 9198
f 7619 9193 9198
f 9199 9200 6947
f 6947 9200 9201
f 9199 6947 9202
f 9202 6947 9203
f 6947 9204 9203
f 9205 9183 9206
f 9207 9183 9208
f 9208 9183 9209
f 9183 9184 9209
f 9204 6947 9210
f 9210 6947 9211
f 6947 9183 9211
f 9211 9183 9212
f 9183 9205 9212
f 9213 6947 9214
f 9214 6947 9215
f 6947 9201 9215
f 9206 9183 9216
f 9216 9183 9217
f 9183 9207 9217
f 9218 4722 9219
f 9219 4722 9220
f 4722 9221 9220
f 9222 6947 9223
f 9223 6947 9224
f 6947 9213 9224
f 9221 4722 9225
f 9225 4722 9226
f 4722 6947 9226
f 9226 6947 9227
f 6947 9222 9227
f 9228 9121 9229
f 9229 9121 9230
f 9230 9121 9231
f 9231 9121 9232
f 9121 9233 9232
f 9233 9121 9234
f 9234 9121 9235
f 9121 9135 9235
f 9235 9135 9149
f 9135 9236 9149
f 9149 9236 9148
f 9237 9239 9238
f 9238 9239 9240
f 9239 9241 9240
f 9240 9241 9235
f 9241 9242 9235
f 9235 9242 9234
f 9243 9237 9244
f 9244 9237 9245
f 9237 9238 9245
f 6907 4722 9246
f 9246 4722 9247
f 4722 9218 9247
f 9247 9218 9248
f 9218 9249 9248
f 9249 9218 9250
f 9250 9218 9251
f 9218 9252 9251
f 9237 9243 9253
f 9253 9243 9254
f 9243 9255 9254
f 9254 9255 9256
f 9255 9257 9256
f 9256 9257 9258
f 9257 9259 9258
f 9258 9259 9260
f 9259 9261 9260
f 9260 9261 9262
f 9261 9263 9262
f 9262 9263 9264
f 9263 9265 9264
f 9264 9265 9266
f 9265 9251 9266
f 9266 9251 9267
f 9251 9252 9267
f 9268 7479 9269
f 9269 7479 9270
f 9228 9271 9121
f 9121 9271 7479
f 9271 9272 7479
f 9270 7479 9273
f 9273 7479 9274
f 7479 9272 9274
f 9275 9183 9276
f 4767 4766 9277
f 9277 4766 9278
f 4766 9183 9278
f 9278 9183 9279
f 9183 9275 9279
f 9276 9183 9280
f 9280 9183 9281
f 9183 9282 9281
f 9282 9183 9283
f 9283 9183 9284
f 9183 6947 9284
f 9284 6947 9285
f 6947 6988 9285
f 4763 97 4768
f 4768 97 4766
f 97 4772 4766
f 4766 4772 9183
f 4772 7640 9183
f 9183 7640 9185
f 7640 9186 9185
f 51 6673 53
f 53 6673 6623
f 6673 8950 6623
f 6623 8950 8908
f 8950 7349 8908
f 8908 7349 7393
f 7349 7368 7393
f 7393 7368 7392
f 61 6309 63
f 63 6309 6223
f 6309 8590 6223
f 6223 8590 8508
f 8590 7442 8508
f 8508 7442 7429
f 7442 7454 7429
f 7429 7454 7431
f 7438 7442 7440
f 7440 7442 9286
f 7442 8593 9286
f 9286 8593 9287
f 8593 8730 9287
f 9287 8730 7144
f 8730 7374 7144
f 7144 7374 7382
f 7374 7375 7382
f 5365 5366 5364
f 5364 5366 9288
f 5366 7750 9288
f 9288 7750 9289
f 7750 7905 9289
f 9289 7905 9290
f 7905 7930 9290
f 9290 7930 9291
f 7930 8004 9291
f 9291 8004 9292
f 8004 8076 9292
f 9292 8076 9293
f 8076 8219 9293
f 9293 8219 9294
f 8219 8290 9294
f 9294 8290 9295
f 8290 8363 9295
f 9295 8363 7399
f 8363 7410 7399
f 7399 7410 7407
f 7410 7408 7407
f 9195 7619 9268
f 9268 7619 7479
f 7619 7537 7479
f 7479 7537 7280
f 7537 7528 7280
f 7280 7528 7245
f 5363 5364 5362
f 5362 5364 9296
f 5364 9288 9296
f 9296 9288 9297
f 9288 9289 9297
f 9297 9289 9298
f 9289 9290 9298
f 9298 9290 9299
f 9290 9291 9299
f 9299 9291 9300
f 9291 9292 9300
f 9300 9292 9301
f 9292 9293 9301
f 9301 9293 9302
f 9293 9294 9302
f 9302 9294 9303
f 9294 9295 9303
f 9303 9295 9304
f 9295 7399 9304
f 9304 7399 9305
f 7399 7396 9305
f 9305 7396 9306
f 7396 7440 9306
f 9306 7440 9307
f 7440 9286 9307
f 9307 9286 9308
f 9286 9287 9308
f 9308 9287 7007
f 9287 7144 7007
f 7007 7144 7143
f 7144 7149 7143
f 4965 91 4980
f 4980 91 4942
f 91 4991 4942
f 4942 4991 7533
f 4991 5061 7533
f 7533 5061 7528
f 5061 5110 7528
f 7528 5110 7245
f 5110 5086 7245
f 7245 5086 7246
f 5086 7259 7246
f 8961 7496 8958
f 8958 7496 7349
f 7496 7312 7349
f 7349 7312 7108
f 7312 7182 7108
f 7108 7182 7058
f 7182 5122 7058
f 7058 5122 5166
f 5122 5137 5166
f 5166 5137 5173
f 5266 5244 5250
f 5250 5244 5248
f 5244 5362 5248
f 5248 5362 5319
f 5362 9296 5319
f 5319 9296 5317
f 9296 9297 5317
f 5317 9297 5315
f 9297 9298 5315
f 5315 9298 5313
f 9298 9299 5313
f 5313 9299 5311
f 9299 9300 5311
f 5311 9300 5309
f 9300 9301 5309
f 5309 9301 5307
f 9301 9302 5307
f 5307 9302 5305
f 9302 9303 5305
f 5305 9303 5303
f 9303 9304 5303
f 5303 9304 5301
f 9304 9305 5301
f 5301 9305 5299
f 9305 9306 5299
f 5299 9306 5297
f 9306 9307 5297
f 5297 9307 5295
f 9307 9308 5295
f 5295 9308 5207
f 9308 7007 5207
f 5207 7007 7018
f 7007 7021 7018
f 85 1734 86
f 85 5455 1734
f 1734 5455 1732
f 5455 5453 1732
f 1732 5453 1730
f 5453 5451 1730
f 1730 5451 1728
f 5451 5449 1728
f 1728 5449 1726
f 5449 5447 1726
f 1726 5447 1724
f 5447 5445 1724
f 1724 5445 1722
f 5445 5443 1722
f 1722 5443 1720
f 5443 5441 1720
f 1720 5441 1718
f 5441 5439 1718
f 1718 5439 1716
f 5439 5437 1716
f 1716 5437 1714
f 5437 5435 1714
f 1714 5435 1712
f 5435 5433 1712
f 1712 5433 1710
f 5433 5431 1710
f 1710 5431 1708
f 5431 5429 1708
f 1708 5429 1706
f 5429 5427 1706
f 1706 5427 1704
f 5427 5425 1704
f 1704 5425 1702
f 5425 5423 1702
f 1702 5423 1700
f 5423 5400 1700
f 5036 2088 2085
f 5036 5034 2088
f 2088 5034 2090
f 5034 5032 2090
f 2090 5032 2092
f 5032 5030 2092
f 2092 5030 2094
f 5030 5028 2094
f 2094 5028 2096
f 5028 5026 2096
f 2096 5026 2098
f 5026 5024 2098
f 2098 5024 2100
f 5024 5022 2100
f 2100 5022 2102
f 5022 5020 2102
f 2102 5020 2104
f 5020 5018 2104
f 2104 5018 2106
f 5018 5016 2106
f 2106 5016 2108
f 5016 5014 2108
f 2108 5014 2110
f 5014 5012 2110
f 2110 5012 2112
f 5012 5010 2112
f 2112 5010 2114
f 5010 5008 2114
f 2114 5008 2116
f 5008 5006 2116
f 2116 5006 2118
f 5006 5004 2118
f 2118 5004 2120
f 5004 5002 2120
f 2120 5002 88
f 5002 87 88
f 5400 5369 1700
f 1700 5369 1739
f 5369 5367 1739
f 1739 5367 1774
f 5367 5365 1774
f 1774 5365 4693
f 5365 5363 4693
f 4693 5363 4678
f 5363 5244 4678
f 4678 5244 1776
f 5244 5357 1776
f 1776 5357 1847
f 5258 5253 1786
f 1786 5253 1790
f 5253 5320 1790
f 1790 5320 1870
f 5320 5318 1870
f 1870 5318 1872
f 5318 5316 1872
f 1872 5316 1874
f 5316 5314 1874
f 1874 5314 1876
f 5314 5312 1876
f 1876 5312 1878
f 5312 5310 1878
f 1878 5310 1880
f 5310 5308 1880
f 1880 5308 1882
f 5308 5306 1882
f 1882 5306 1884
f 5306 5304 1884
f 1884 5304 1886
f 5304 5302 1886
f 1886 5302 1888
f 5302 5300 1888
f 1888 5300 1890
f 5300 5298 1890
f 1890 5298 1892
f 5298 5296 1892
f 1892 5296 1894
f 5296 5211 1894
f 1894 5211 1896
f 5211 5171 1896
f 1896 5171 1934
f 5171 5173 1934
f 1934 5173 1938
f 5173 5137 1938
f 1938 5137 1974
f 5137 5114 1974
f 1974 5114 2012
f 5114 5090 2012
f 2012 5090 2024
f 5090 5111 2024
f 2024 5111 2065
f 5111 5064 2065
f 2065 5064 2066
f 5064 4996 2066
f 2066 4996 2077
f 4996 5036 2077
f 2077 5036 2085
f 5357 1845 1847
f 5357 5355 1845
f 1845 5355 1843
f 5355 5353 1843
f 1843 5353 1841
f 5353 5351 1841
f 1841 5351 1839
f 5351 5349 1839
f 1839 5349 1837
f 5349 5347 1837
f 1837 5347 1835
f 5347 5345 1835
f 1835 5345 1833
f 5345 5343 1833
f 1833 5343 1831
f 5343 5341 1831
f 1831 5341 1829
f 5341 5339 1829
f 1829 5339 1827
f 5339 5337 1827
f 1827 5337 1825
f 5337 5335 1825
f 1825 5335 1823
f 5335 5333 1823
f 1823 5333 1821
f 5333 5331 1821
f 1821 5331 1819
f 5331 5329 1819
f 1819 5329 1817
f 5329 5327 1817
f 1817 5327 1815
f 5327 5325 1815
f 1815 5325 1813
f 5325 5323 1813
f 1813 5323 1786
f 5323 5258 1786
f 5322 5324 1787
f 1787 5324 1812
f 5324 5326 1812
f 1812 5326 1814
f 5326 5328 1814
f 1814 5328 1816
f 5328 5330 1816
f 1816 5330 1818
f 5330 5332 1818
f 1818 5332 1820
f 5332 5334 1820
f 1820 5334 1822
f 5334 5336 1822
f 1822 5336 1824
f 5336 5338 1824
f 1824 5338 1826
f 5338 5340 1826
f 1826 5340 1828
f 5340 5342 1828
f 1828 5342 1830
f 5342 5344 1830
f 1830 5344 1832
f 5344 5346 1832
f 1832 5346 1834
f 5346 5348 1834
f 1834 5348 1836
f 5348 5350 1836
f 1836 5350 1838
f 5350 5352 1838
f 1838 5352 1840
f 5352 5354 1840
f 1840 5354 1842
f 5354 5356 1842
f 1842 5356 1844
f 5356 5358 1844
f 1844 5358 1846
f 5358 5359 1846
f 1846 5359 1848
f 5359 5360 1848
f 1848 5360 1858
f 5360 5361 1858
f 1858 5361 1857
f 5361 5276 1857
f 1857 5276 1856
f 5276 5277 1856
f 1856 5277 1811
f 5277 5288 1811
f 1811 5288 1810
f 5288 5289 1810
f 1810 5289 1809
f 5289 5261 1809
f 1809 5261 1800
f 5261 5262 1800
f 1800 5262 1799
f 5262 5263 1799
f 1799 5263 1798
f 5263 5242 1798
f 1798 5242 1785
f 5242 5243 1785
f 1785 5243 1784
f 5243 5245 1784
f 1784 5245 1783
f 5245 5246 1783
f 1783 5246 1782
f 5246 5264 1782
f 1782 5264 1781
f 5264 5265 1781
f 1781 5265 1780
f 5265 5266 1780
f 1780 5266 1775
f 5266 5250 1775
f 1775 5250 1777
f 5250 5249 1777
f 1777 5249 1779
f 5249 5247 1779
f 1779 5247 1808
f 5247 5278 1808
f 1808 5278 1807
f 5278 5279 1807
f 1807 5279 1803
f 5279 5267 1803
f 1803 5267 1802
f 5267 5268 1802
f 1802 5268 1801
f 5268 5269 1801
f 1801 5269 1794
f 5269 5270 1794
f 1794 5270 1793
f 5270 5271 1793
f 1793 5271 1852
f 5271 5282 1852
f 1852 5282 1851
f 5282 5283 1851
f 1851 5283 1850
f 5283 5284 1850
f 1850 5284 1849
f 5284 5290 1849
f 1849 5290 1868
f 5290 5291 1868
f 1868 5291 1867
f 5291 5292 1867
f 1867 5292 1866
f 5292 5293 1866
f 1866 5293 1865
f 5293 5294 1865
f 1865 5294 1864
f 5294 5272 1864
f 1864 5272 1863
f 5272 5273 1863
f 1863 5273 1862
f 5273 5285 1862
f 1862 5285 1861
f 5285 5286 1861
f 1861 5286 1860
f 5286 5287 1860
f 1860 5287 1859
f 5287 5274 1859
f 1859 5274 1855
f 5274 5275 1855
f 1855 5275 1854
f 5275 5280 1854
f 1854 5280 1853
f 5280 5281 1853
f 1853 5281 1806
f 5281 5251 1806
f 1806 5251 1805
f 5251 5252 1805
f 1805 5252 1804
f 5252 5254 1804
f 1804 5254 1789
f 5254 5255 1789
f 1789 5255 1791
f 5255 5256 1791
f 1791 5256 1792
f 5256 5257 1792
f 1792 5257 1797
f 5257 5259 1797
f 1797 5259 1796
f 5259 5260 1796
f 1796 5260 1795
f 5260 5321 1795
f 1795 5321 1788
f 5321 5322 1788
f 1788 5322 1787
f 5228 5229 1936
f 1936 5229 1935
f 5229 5230 1935
f 1935 5230 1933
f 5230 5231 1933
f 1933 5231 1932
f 5231 5232 1932
f 1932 5232 1931
f 5232 5233 1931
f 1931 5233 1930
f 5233 5213 1930
f 1930 5213 1929
f 5213 5212 1929
f 1929 5212 1920
f 5212 5210 1920
f 1920 5210 1919
f 5210 5234 1919
f 1919 5234 1928
f 5234 5235 1928
f 1928 5235 1927
f 5235 5236 1927
f 1927 5236 1926
f 5236 5237 1926
f 1926 5237 1925
f 5237 5238 1925
f 1925 5238 1924
f 5238 5239 1924
f 1924 5239 1906
f 5239 5240 1906
f 1906 5240 1905
f 5240 5241 1905
f 1905 5241 1923
f 5241 5214 1923
f 1923 5214 1922
f 5214 5215 1922
f 1922 5215 1921
f 5215 5216 1921
f 1921 5216 1918
f 5216 5217 1918
f 1918 5217 1917
f 5217 5218 1917
f 1917 5218 1916
f 5218 5219 1916
f 1916 5219 1915
f 5219 5220 1915
f 1915 5220 1914
f 5220 5221 1914
f 1914 5221 1913
f 5221 5222 1913
f 1913 5222 1912
f 5222 5223 1912
f 1912 5223 1911
f 5223 5224 1911
f 1911 5224 1910
f 5224 5205 1910
f 1910 5205 1904
f 5205 5206 1904
f 1904 5206 1903
f 5206 5208 1903
f 1903 5208 1902
f 5208 5209 1902
f 1902 5209 1901
f 5209 5225 1901
f 1901 5225 1900
f 5225 5226 1900
f 1900 5226 1909
f 5226 5227 1909
f 1909 5227 1908
f 5227 5202 1908
f 1908 5202 1907
f 5202 5203 1907
f 1907 5203 1899
f 5203 5204 1899
f 1899 5204 1898
f 5204 5168 1898
f 1898 5168 1947
f 5168 5169 1947
f 1947 5169 1946
f 5169 5164 1946
f 1946 5164 1944
f 5164 5165 1944
f 1944 5165 1943
f 5165 5174 1943
f 1943 5174 1961
f 5174 5175 1961
f 1961 5175 1960
f 5175 5176 1960
f 1960 5176 1959
f 5176 5183 1959
f 1959 5183 1972
f 5183 5184 1972
f 1972 5184 1971
f 5184 5185 1971
f 1971 5185 1970
f 5185 5186 1970
f 1970 5186 1969
f 5186 5187 1969
f 1969 5187 1968
f 5187 5188 1968
f 1968 5188 1967
f 5188 5189 1967
f 1967 5189 1966
f 5189 5190 1966
f 1966 5190 1965
f 5190 5191 1965
f 1965 5191 1964
f 5191 5199 1964
f 1964 5199 1963
f 5199 5200 1963
f 1963 5200 1962
f 5200 5201 1962
f 1962 5201 1958
f 5201 5177 1958
f 1958 5177 1957
f 5177 5178 1957
f 1957 5178 1956
f 5178 5192 1956
f 1956 5192 1955
f 5192 5193 1955
f 1955 5193 1954
f 5193 5194 1954
f 1954 5194 1953
f 5194 5195 1953
f 1953 5195 1952
f 5195 5196 1952
f 1952 5196 1951
f 5196 5179 1951
f 1951 5179 1950
f 5179 5180 1950
f 1950 5180 1942
f 5180 5181 1942
f 1942 5181 1941
f 5181 5182 1941
f 1941 5182 1949
f 5182 5197 1949
f 1949 5197 1948
f 5197 5198 1948
f 1948 5198 1940
f 5198 5172 1940
f 1940 5172 1939
f 5172 5170 1939
f 1939 5170 1937
f 5170 5228 1937
f 1937 5228 1936
f 7010 7011 2439
f 2439 7011 2417
f 7011 7046 2417
f 2417 7046 2416
f 7046 7047 2416
f 2416 7047 2438
f 7047 7048 2438
f 2438 7048 2437
f 7048 7012 2437
f 2437 7012 2436
f 7012 7013 2436
f 2436 7013 2413
f 7013 7014 2413
f 2413 7014 2414
f 7014 7015 2414
f 2414 7015 2415
f 7015 7035 2415
f 2415 7035 2435
f 7035 7036 2435
f 2435 7036 2434
f 7036 7037 2434
f 2434 7037 2433
f 7037 7038 2433
f 2433 7038 2432
f 7038 7039 2432
f 2432 7039 2431
f 7039 7006 2431
f 2431 7006 2412
f 7006 7005 2412
f 2412 7005 2411
f 7005 7004 2411
f 2411 7004 2410
f 7004 7016 2410
f 2410 7016 2409
f 7016 7017 2409
f 2409 7017 2430
f 7017 7018 2430
f 2430 7018 2429
f 7018 7021 2429
f 2429 7021 2428
f 7021 7020 2428
f 2428 7020 2403
f 7020 7019 2403
f 2403 7019 2401
f 7019 7022 2401
f 2401 7022 2394
f 7022 7023 2394
f 2394 7023 2427
f 7023 7024 2427
f 2427 7024 2425
f 7024 7025 2425
f 2425 7025 2424
f 7025 7026 2424
f 2424 7026 2423
f 7026 7008 2423
f 2423 7008 2408
f 7008 7009 2408
f 2408 7009 2407
f 7009 7027 2407
f 2407 7027 2405
f 7027 7028 2405
f 2405 7028 2404
f 7028 7029 2404
f 2404 7029 2422
f 7029 7032 2422
f 2422 7032 2396
f 7032 7003 2396
f 2396 7003 2395
f 7003 7089 2395
f 2395 7089 2479
f 7089 7091 2479
f 2479 7091 2481
f 7091 7093 2481
f 2481 7093 2483
f 7093 7095 2483
f 2483 7095 2485
f 7095 7096 2485
f 2485 7096 2475
f 7096 7072 2475
f 2475 7072 2472
f 7072 7073 2472
f 2472 7073 2471
f 7073 7075 2471
f 2471 7075 2470
f 7075 7076 2470
f 2470 7076 2458
f 7076 7077 2458
f 2458 7077 2457
f 7077 7097 2457
f 2457 7097 2469
f 7097 7098 2469
f 2469 7098 2468
f 7098 7099 2468
f 2468 7099 2467
f 7099 7101 2467
f 2467 7101 2466
f 7101 7054 2466
f 2466 7054 2465
f 7054 7057 2465
f 2465 7057 2450
f 7057 7059 2450
f 2450 7059 2449
f 7059 7078 2449
f 2449 7078 2464
f 7078 7079 2464
f 2464 7079 2463
f 7079 7080 2463
f 2463 7080 2462
f 7080 7055 2462
f 2462 7055 2456
f 7055 7056 2456
f 2456 7056 2455
f 7056 7068 2455
f 2455 7068 2454
f 7068 7069 2454
f 2454 7069 2444
f 7069 7062 2444
f 2444 7062 2443
f 7062 7061 2443
f 2443 7061 2442
f 7061 7060 2442
f 2442 7060 2453
f 7060 7070 2453
f 2453 7070 2452
f 7070 7071 2452
f 2452 7071 2448
f 7071 7063 2448
f 2448 7063 2447
f 7063 7064 2447
f 2447 7064 2446
f 7064 7081 2446
f 2446 7081 2445
f 7081 7082 2445
f 2445 7082 2461
f 7082 7083 2461
f 2461 7083 2460
f 7083 7049 2460
f 2460 7049 2459
f 7049 7050 2459
f 2459 7050 2441
f 7050 7051 2441
f 2441 7051 2440
f 7051 7010 2440
f 2440 7010 2439
f 7090 7088 2482
f 2482 7088 2480
f 7088 7001 2480
f 2480 7001 2397
f 7001 7002 2397
f 2397 7002 2406
f 7002 7040 2406
f 2406 7040 2426
f 7040 7030 2426
f 2426 7030 2400
f 7030 7031 2400
f 2400 7031 2399
f 7031 7033 2399
f 2399 7033 2398
f 7033 7034 2398
f 2398 7034 2393
f 7034 7041 2393
f 2393 7041 2392
f 7041 7042 2392
f 2392 7042 2421
f 7042 7043 2421
f 2421 7043 2420
f 7043 7044 2420
f 2420 7044 2419
f 7044 7045 2419
f 2419 7045 2418
f 7045 7137 2418
f 2418 7137 2511
f 7137 7132 2511
f 2511 7132 2510
f 7132 7133 2510
f 2510 7133 2509
f 7133 7138 2509
f 2509 7138 2508
f 7138 7139 2508
f 2508 7139 2507
f 7139 7140 2507
f 2507 7140 2506
f 7140 7141 2506
f 2506 7141 2505
f 7141 7142 2505
f 2505 7142 2504
f 7142 7143 2504
f 2504 7143 2500
f 7143 7149 2500
f 2500 7149 2495
f 7149 7148 2495
f 2495 7148 2526
f 7148 7147 2526
f 2526 7147 2524
f 7147 7150 2524
f 2524 7150 2523
f 7150 7151 2523
f 2523 7151 2522
f 7151 7145 2522
f 2522 7145 2520
f 7145 7146 2520
f 2520 7146 2519
f 7146 7152 2519
f 2519 7152 2517
f 7152 7153 2517
f 2517 7153 2516
f 7153 7154 2516
f 2516 7154 2521
f 7154 7157 2521
f 2521 7157 2497
f 7157 7136 2497
f 2497 7136 2496
f 7136 7167 2496
f 2496 7167 2552
f 7167 7169 2552
f 2552 7169 2554
f 7169 7171 2554
f 2554 7171 2556
f 7171 7173 2556
f 2556 7173 2558
f 7173 7174 2558
f 2558 7174 2546
f 7174 7114 2546
f 2546 7114 2531
f 7114 7104 2531
f 2531 7104 2530
f 7104 7107 2530
f 2530 7107 2535
f 7107 7109 2535
f 2535 7109 2534
f 7109 7110 2534
f 2534 7110 2533
f 7110 7115 2533
f 2533 7115 2543
f 7115 7116 2543
f 2543 7116 2542
f 7116 7117 2542
f 2542 7117 2539
f 7117 7118 2539
f 2539 7118 2540
f 7118 7119 2540
f 2540 7119 2541
f 7119 7111 2541
f 2541 7111 2551
f 7111 7120 2551
f 2551 7120 2550
f 7120 7121 2550
f 2550 7121 2549
f 7121 7122 2549
f 2549 7122 2538
f 7122 7123 2538
f 2538 7123 2537
f 7123 7124 2537
f 2537 7124 2536
f 7124 7125 2536
f 2536 7125 2528
f 7125 7126 2528
f 2528 7126 2527
f 7126 7127 2527
f 2527 7127 2532
f 7127 7084 2532
f 2532 7084 2492
f 7084 7085 2492
f 2492 7085 2491
f 7085 7086 2491
f 2491 7086 2490
f 7086 7087 2490
f 2490 7087 2489
f 7087 7052 2489
f 2489 7052 2488
f 7052 7053 2488
f 2488 7053 2478
f 7053 7065 2478
f 2478 7065 2477
f 7065 7066 2477
f 2477 7066 2476
f 7066 7067 2476
f 2476 7067 2474
f 7067 7100 2474
f 2474 7100 2473
f 7100 7074 2473
f 2473 7074 2487
f 7074 7094 2487
f 2487 7094 2486
f 7094 7092 2486
f 2486 7092 2484
f 7092 7090 2484
f 2484 7090 2482
f 5155 5156 2011
f 2011 5156 2010
f 5156 5157 2010
f 2010 5157 2018
f 5157 5158 2018
f 2018 5158 2017
f 5158 5135 2017
f 2017 5135 2016
f 5135 5136 2016
f 2016 5136 1993
f 5136 5138 1993
f 1993 5138 1992
f 5138 5139 1992
f 1992 5139 1991
f 5139 5140 1991
f 1991 5140 1990
f 5140 5159 1990
f 1990 5159 2009
f 5159 5160 2009
f 2009 5160 2008
f 5160 5161 2008
f 2008 5161 2007
f 5161 5162 2007
f 2007 5162 2006
f 5162 5163 2006
f 2006 5163 2005
f 5163 5141 2005
f 2005 5141 1981
f 5141 5142 1981
f 1981 5142 1980
f 5142 5143 1980
f 1980 5143 2004
f 5143 5144 2004
f 2004 5144 2003
f 5144 5125 2003
f 2003 5125 2002
f 5125 5126 2002
f 2002 5126 1989
f 5126 5127 1989
f 1989 5127 1988
f 5127 5128 1988
f 1988 5128 1987
f 5128 5129 1987
f 1987 5129 1986
f 5129 5130 1986
f 1986 5130 2001
f 5130 5131 2001
f 2001 5131 2000
f 5131 5132 2000
f 2000 5132 1999
f 5132 5133 1999
f 1999 5133 1998
f 5133 5134 1998
f 1998 5134 1997
f 5134 5124 1997
f 1997 5124 1985
f 5124 5123 1985
f 1985 5123 1984
f 5123 5121 1984
f 1984 5121 1983
f 5121 5147 1983
f 1983 5147 1982
f 5147 5146 1982
f 1982 5146 2015
f 5146 5145 2015
f 2015 5145 2014
f 5145 5148 2014
f 2014 5148 2013
f 5148 5149 2013
f 2013 5149 1996
f 5149 5150 1996
f 1996 5150 1995
f 5150 5151 1995
f 1995 5151 1994
f 5151 5152 1994
f 1994 5152 1979
f 5152 5118 1979
f 1979 5118 1978
f 5118 5119 1978
f 1978 5119 1976
f 5119 5120 1976
f 1976 5120 1975
f 5120 5096 1975
f 1975 5096 2047
f 5096 5097 2047
f 2047 5097 2046
f 5097 5098 2046
f 2046 5098 2045
f 5098 5099 2045
f 2045 5099 2044
f 5099 5100 2044
f 2044 5100 2043
f 5100 5101 2043
f 2043 5101 2042
f 5101 5102 2042
f 2042 5102 2041
f 5102 5103 2041
f 2041 5103 2040
f 5103 5088 2040
f 2040 5088 2039
f 5088 5087 2039
f 2039 5087 2038
f 5087 5085 2038
f 2038 5085 2036
f 5085 5104 2036
f 2036 5104 2035
f 5104 5105 2035
f 2035 5105 2050
f 5105 5106 2050
f 2050 5106 2049
f 5106 5107 2049
f 2049 5107 2048
f 5107 5108 2048
f 2048 5108 2034
f 5108 5109 2034
f 2034 5109 2033
f 5109 5092 2033
f 2033 5092 2032
f 5092 5091 2032
f 2032 5091 2031
f 5091 5089 2031
f 2031 5089 2030
f 5089 5093 2030
f 2030 5093 2029
f 5093 5094 2029
f 2029 5094 2025
f 5094 5095 2025
f 2025 5095 2023
f 5095 5115 2023
f 2023 5115 2022
f 5115 5116 2022
f 2022 5116 2028
f 5116 5117 2028
f 2028 5117 2027
f 5117 5112 2027
f 2027 5112 2026
f 5112 5113 2026
f 2026 5113 2021
f 5113 5153 2021
f 2021 5153 2020
f 5153 5154 2020
f 2020 5154 2019
f 5154 5155 2019
f 2019 5155 2011
f 5037 5038 2087
f 2087 5038 2086
f 5038 5039 2086
f 2086 5039 2084
f 5039 4994 2084
f 2084 4994 2083
f 4994 4995 2083
f 2083 4995 2082
f 4995 4997 2082
f 2082 4997 2081
f 4997 5073 2081
f 2081 5073 2080
f 5073 5074 2080
f 2080 5074 2076
f 5074 5075 2076
f 2076 5075 2078
f 5075 5062 2078
f 2078 5062 2079
f 5062 5063 2079
f 2079 5063 2075
f 5063 5065 2075
f 2075 5065 2074
f 5065 5066 2074
f 2074 5066 2073
f 5066 5067 2073
f 2073 5067 2072
f 5067 5068 2072
f 2072 5068 2071
f 5068 5069 2071
f 2071 5069 2070
f 5069 5059 2070
f 2070 5059 2067
f 5059 5060 2067
f 2067 5060 2063
f 5060 5070 2063
f 2063 5070 2062
f 5070 5071 2062
f 2062 5071 2061
f 5071 5072 2061
f 2061 5072 2051
f 5072 5076 2051
f 2051 5076 2053
f 5076 5077 2053
f 2053 5077 2054
f 5077 5078 2054
f 2054 5078 2069
f 5078 5083 2069
f 2069 5083 2068
f 5083 5084 2068
f 2068 5084 2060
f 5084 5079 2060
f 2060 5079 2059
f 5079 5080 2059
f 2059 5080 2058
f 5080 5081 2058
f 2058 5081 2057
f 5081 5082 2057
f 2057 5082 2056
f 5082 5040 2056
f 2056 5040 2127
f 5040 5041 2127
f 2127 5041 2126
f 5041 5042 2126
f 2126 5042 2125
f 5042 5043 2125
f 2125 5043 2146
f 5043 5050 2146
f 2146 5050 2145
f 5050 5051 2145
f 2145 5051 2138
f 5051 5052 2138
f 2138 5052 2137
f 5052 5053 2137
f 2137 5053 2144
f 5053 5054 2144
f 2144 5054 2143
f 5054 5055 2143
f 2143 5055 2142
f 5055 5056 2142
f 2142 5056 2141
f 5056 5057 2141
f 2141 5057 2140
f 5057 5058 2140
f 2140 5058 2139
f 5058 4998 2139
f 2139 4998 2136
f 4998 4999 2136
f 2136 4999 2135
f 4999 5000 2135
f 2135 5000 2134
f 5000 5001 2134
f 2134 5001 2133
f 5001 5044 2133
f 2133 5044 2132
f 5044 5045 2132
f 2132 5045 2131
f 5045 5046 2131
f 2131 5046 2124
f 5046 5047 2124
f 2124 5047 2123
f 5047 5048 2123
f 2123 5048 2130
f 5048 5049 2130
f 2130 5049 2129
f 5049 4992 2129
f 2129 4992 2128
f 4992 4993 2128
f 2128 4993 2122
f 4993 5003 2122
f 2122 5003 2121
f 5003 5005 2121
f 2121 5005 2119
f 5005 5007 2119
f 2119 5007 2117
f 5007 5009 2117
f 2117 5009 2115
f 5009 5011 2115
f 2115 5011 2113
f 5011 5013 2113
f 2113 5013 2111
f 5013 5015 2111
f 2111 5015 2109
f 5015 5017 2109
f 2109 5017 2107
f 5017 5019 2107
f 2107 5019 2105
f 5019 5021 2105
f 2105 5021 2103
f 5021 5023 2103
f 2103 5023 2101
f 5023 5025 2101
f 2101 5025 2099
f 5025 5027 2099
f 2099 5027 2097
f 5027 5029 2097
f 2097 5029 2095
f 5029 5031 2095
f 2095 5031 2093
f 5031 5033 2093
f 2093 5033 2091
f 5033 5035 2091
f 2091 5035 2089
f 5035 5037 2089
f 2089 5037 2087
f 7205 7206 2609
f 2609 7206 2608
f 7206 7215 2608
f 2608 7215 2607
f 7215 7216 2607
f 2607 7216 2604
f 7216 7217 2604
f 2604 7217 2605
f 7217 7197 2605
f 2605 7197 2606
f 7197 7198 2606
f 2606 7198 2590
f 7198 7199 2590
f 2590 7199 2591
f 7199 7200 2591
f 2591 7200 2592
f 7200 7207 2592
f 2592 7207 2600
f 7207 7208 2600
f 2600 7208 2599
f 7208 7209 2599
f 2599 7209 2598
f 7209 7210 2598
f 2598 7210 2597
f 7210 7211 2597
f 2597 7211 2596
f 7211 7178 2596
f 2596 7178 2589
f 7178 7179 2589
f 2589 7179 2588
f 7179 7185 2588
f 2588 7185 2587
f 7185 7186 2587
f 2587 7186 2586
f 7186 7187 2586
f 2586 7187 2585
f 7187 7201 2585
f 2585 7201 2584
f 7201 7202 2584
f 2584 7202 2581
f 7202 7203 2581
f 2581 7203 2582
f 7203 7188 2582
f 2582 7188 2583
f 7188 7189 2583
f 2583 7189 2569
f 7189 7190 2569
f 2569 7190 2618
f 7190 7191 2618
f 2618 7191 2616
f 7191 7192 2616
f 2616 7192 2615
f 7192 7193 2615
f 2615 7193 2614
f 7193 7180 2614
f 2614 7180 2601
f 7180 7181 2601
f 2601 7181 2602
f 7181 7183 2602
f 2602 7183 2603
f 7183 7184 2603
f 2603 7184 2613
f 7184 7225 2613
f 2613 7225 2612
f 7225 7195 2612
f 2612 7195 2578
f 7195 7196 2578
f 2578 7196 2631
f 7196 7236 2631
f 2631 7236 2630
f 7236 7234 2630
f 2630 7234 2628
f 7234 7232 2628
f 2628 7232 2626
f 7232 7230 2626
f 2626 7230 2624
f 7230 7228 2624
f 2624 7228 2622
f 7228 7268 2622
f 2622 7268 2620
f 7268 7269 2620
f 2620 7269 2619
f 7269 7270 2619
f 2619 7270 2634
f 7270 7239 2634
f 2634 7239 2645
f 7239 7240 2645
f 2645 7240 2656
f 7240 7271 2656
f 2656 7271 2655
f 7271 7256 2655
f 2655 7256 2654
f 7256 7257 2654
f 2654 7257 2653
f 7257 7273 2653
f 2653 7273 2652
f 7273 7243 2652
f 2652 7243 2650
f 7243 7244 2650
f 2650 7244 2649
f 7244 7246 2649
f 2649 7246 2659
f 7246 7259 2659
f 2659 7259 2658
f 7259 7260 2658
f 2658 7260 2657
f 7260 7261 2657
f 2657 7261 2648
f 7261 7262 2648
f 2648 7262 2647
f 7262 7263 2647
f 2647 7263 2646
f 7263 7264 2646
f 2646 7264 2644
f 7264 7265 2644
f 2644 7265 2643
f 7265 7247 2643
f 2643 7247 2642
f 7247 7248 2642
f 2642 7248 2641
f 7248 7249 2641
f 2641 7249 2640
f 7249 7250 2640
f 2640 7250 2639
f 7250 7251 2639
f 2639 7251 2638
f 7251 7252 2638
f 2638 7252 2637
f 7252 7253 2637
f 2637 7253 2636
f 7253 4717 2636
f 2636 4717 2635
f 4717 4718 2635
f 2635 4718 2572
f 4718 7175 2572
f 2572 7175 2573
f 7175 7176 2573
f 2573 7176 2574
f 7176 7177 2574
f 2574 7177 2611
f 7177 7204 2611
f 2611 7204 2610
f 7204 7205 2610
f 2610 7205 2609
f 7235 7237 2627
f 2627 7237 2629
f 7237 7238 2629
f 2629 7238 2580
f 7238 7194 2580
f 2580 7194 2579
f 7194 7218 2579
f 2579 7218 2617
f 7218 7219 2617
f 2617 7219 2571
f 7219 7214 2571
f 2571 7214 2570
f 7214 7213 2570
f 2570 7213 2568
f 7213 7212 2568
f 2568 7212 2567
f 7212 7220 2567
f 2567 7220 2595
f 7220 7221 2595
f 2595 7221 2594
f 7221 7222 2594
f 2594 7222 2593
f 7222 7223 2593
f 2593 7223 2577
f 7223 7224 2577
f 2577 7224 2576
f 7224 7298 2576
f 2576 7298 2682
f 7298 7304 2682
f 2682 7304 2681
f 7304 7305 2681
f 2681 7305 2680
f 7305 7306 2680
f 2680 7306 2679
f 7306 7307 2679
f 2679 7307 2678
f 7307 7308 2678
f 2678 7308 2677
f 7308 7309 2677
f 2677 7309 2676
f 7309 7317 2676
f 2676 7317 2675
f 7317 7318 2675
f 2675 7318 2670
f 7318 7319 2670
f 2670 7319 2669
f 7319 7310 2669
f 2669 7310 2700
f 7310 7311 2700
f 2700 7311 2698
f 7311 7320 2698
f 2698 7320 2697
f 7320 7321 2697
f 2697 7321 2696
f 7321 7313 2696
f 2696 7313 2691
f 7313 7314 2691
f 2691 7314 2692
f 7314 7315 2692
f 2692 7315 2693
f 7315 7316 2693
f 2693 7316 2695
f 7316 7333 2695
f 2695 7333 2694
f 7333 7323 2694
f 2694 7323 2685
f 7323 7324 2685
f 2685 7324 2713
f 7324 7344 2713
f 2713 7344 2712
f 7344 7342 2712
f 2712 7342 2710
f 7342 7340 2710
f 2710 7340 2708
f 7340 7338 2708
f 2708 7338 2706
f 7338 7299 2706
f 2706 7299 2704
f 7299 7300 2704
f 2704 7300 2702
f 7300 7302 2702
f 2702 7302 2701
f 7302 7303 2701
f 2701 7303 2734
f 7303 7274 2734
f 2734 7274 2735
f 7274 7275 2735
f 2735 7275 2726
f 7275 7295 2726
f 2726 7295 2725
f 7295 7282 2725
f 2725 7282 2724
f 7282 7283 2724
f 2724 7283 2720
f 7283 7297 2720
f 2720 7297 2722
f 7297 7292 2722
f 2722 7292 2723
f 7292 7293 2723
f 2723 7293 2731
f 7293 7294 2731
f 2731 7294 2730
f 7294 7285 2730
f 2730 7285 2729
f 7285 7286 2729
f 2729 7286 2719
f 7286 7287 2719
f 2719 7287 2718
f 7287 7288 2718
f 2718 7288 2717
f 7288 7289 2717
f 2717 7289 2716
f 7289 7290 2716
f 2716 7290 2715
f 7290 7291 2715
f 2715 7291 2714
f 7291 7254 2714
f 2714 7254 2663
f 7254 7255 2663
f 2663 7255 2664
f 7255 7266 2664
f 2664 7266 2665
f 7266 7267 2665
f 2665 7267 2667
f 7267 7272 2667
f 2667 7272 2666
f 7272 7258 2666
f 2666 7258 2633
f 7258 7242 2633
f 2633 7242 2632
f 7242 7241 2632
f 2632 7241 2662
f 7241 7226 2662
f 2662 7226 2661
f 7226 7227 2661
f 2661 7227 2660
f 7227 7229 2660
f 2660 7229 2621
f 7229 7231 2621
f 2621 7231 2623
f 7231 7233 2623
f 2623 7233 2625
f 7233 7235 2625
f 2625 7235 2627
f 7168 7166 2555
f 2555 7166 2553
f 7166 7134 2553
f 2553 7134 2498
f 7134 7135 2498
f 2498 7135 2518
f 7135 7160 2518
f 2518 7160 2525
f 7160 7155 2525
f 2525 7155 2503
f 7155 7156 2503
f 2503 7156 2502
f 7156 7158 2502
f 2502 7158 2501
f 7158 7159 2501
f 2501 7159 2494
f 7159 7161 2494
f 2494 7161 2493
f 7161 7162 2493
f 2493 7162 2499
f 7162 7163 2499
f 2499 7163 2512
f 7163 7164 2512
f 2512 7164 2514
f 7164 7165 2514
f 2514 7165 2515
f 7165 7373 2515
f 2515 7373 2757
f 7373 7371 2757
f 2757 7371 2756
f 7371 7372 2756
f 2756 7372 2755
f 7372 7377 2755
f 2755 7377 2754
f 7377 7378 2754
f 2754 7378 2753
f 7378 7379 2753
f 2753 7379 2752
f 7379 7380 2752
f 2752 7380 2751
f 7380 7381 2751
f 2751 7381 2750
f 7381 7382 2750
f 2750 7382 2746
f 7382 7375 2746
f 2746 7375 2745
f 7375 7376 2745
f 2745 7376 2744
f 7376 7383 2744
f 2744 7383 2743
f 7383 7384 2743
f 2743 7384 2749
f 7384 7385 2749
f 2749 7385 2748
f 7385 7386 2748
f 2748 7386 2747
f 7386 7387 2747
f 2747 7387 2764
f 7387 7388 2764
f 2764 7388 2763
f 7388 7389 2763
f 2763 7389 2762
f 7389 7390 2762
f 2762 7390 2761
f 7390 7391 2761
f 2761 7391 2760
f 7391 7395 2760
f 2760 7395 2759
f 7395 7394 2759
f 2759 7394 2758
f 7394 7392 2758
f 2758 7392 2765
f 7392 7368 2765
f 2765 7368 114
f 7368 7369 114
f 114 7369 113
f 7369 7370 113
f 113 7370 2783
f 7370 7347 2783
f 2783 7347 2782
f 7347 7348 2782
f 2782 7348 2781
f 7348 7353 2781
f 2781 7353 2771
f 7353 7354 2771
f 2771 7354 2770
f 7354 7355 2770
f 2770 7355 2768
f 7355 7356 2768
f 2768 7356 2767
f 7356 7357 2767
f 2767 7357 2780
f 7357 7358 2780
f 2780 7358 2779
f 7358 7359 2779
f 2779 7359 2778
f 7359 7360 2778
f 2778 7360 2786
f 7360 7361 2786
f 2786 7361 2785
f 7361 7362 2785
f 2785 7362 2784
f 7362 7363 2784
f 2784 7363 2777
f 7363 7364 2777
f 2777 7364 2776
f 7364 7365 2776
f 2776 7365 2775
f 7365 7366 2775
f 2775 7366 2774
f 7366 7367 2774
f 2774 7367 2773
f 7367 7350 2773
f 2773 7350 2772
f 7350 7351 2772
f 2772 7351 2766
f 7351 7352 2766
f 2766 7352 2566
f 7352 7128 2566
f 2566 7128 2565
f 7128 7129 2565
f 2565 7129 2564
f 7129 7130 2564
f 2564 7130 2563
f 7130 7131 2563
f 2563 7131 2562
f 7131 7102 2562
f 2562 7102 2561
f 7102 7103 2561
f 2561 7103 2548
f 7103 7105 2548
f 2548 7105 2547
f 7105 7106 2547
f 2547 7106 2545
f 7106 7112 2545
f 2545 7112 2544
f 7112 7113 2544
f 2544 7113 2560
f 7113 7172 2560
f 2560 7172 2559
f 7172 7170 2559
f 2559 7170 2557
f 7170 7168 2557
f 2557 7168 2555
f 7398 7426 2841
f 2841 7426 2821
f 7426 7427 2821
f 2821 7427 2820
f 7427 7428 2820
f 2820 7428 2818
f 7428 7413 2818
f 2818 7413 2817
f 7413 7414 2817
f 2817 7414 2813
f 7414 7415 2813
f 2813 7415 2812
f 7415 7400 2812
f 2812 7400 2811
f 7400 7401 2811
f 2811 7401 2810
f 7401 7416 2810
f 2810 7416 2809
f 7416 7417 2809
f 2809 7417 2808
f 7417 7402 2808
f 2808 7402 2807
f 7402 7403 2807
f 2807 7403 2806
f 7403 7418 2806
f 2806 7418 2805
f 7418 7419 2805
f 2805 7419 2791
f 7419 7404 2791
f 2791 7404 2790
f 7404 7405 2790
f 2790 7405 2799
f 7405 7406 2799
f 2799 7406 2798
f 7406 7407 2798
f 2798 7407 2788
f 7407 7408 2788
f 2788 7408 2787
f 7408 7409 2787
f 2787 7409 2797
f 7409 7411 2797
f 2797 7411 2796
f 7411 7412 2796
f 2796 7412 2795
f 7412 7420 2795
f 2795 7420 2804
f 7420 7421 2804
f 2804 7421 2803
f 7421 7422 2803
f 2803 7422 2802
f 7422 7423 2802
f 2802 7423 2801
f 7423 7424 2801
f 2801 7424 2800
f 7424 7425 2800
f 2800 7425 2793
f 7425 7432 2793
f 2793 7432 2792
f 7432 7433 2792
f 2792 7433 2824
f 7433 7434 2824
f 2824 7434 2823
f 7434 7435 2823
f 2823 7435 2822
f 7435 7436 2822
f 2822 7436 2827
f 7436 7437 2827
f 2827 7437 2826
f 7437 7430 2826
f 2826 7430 2825
f 7430 7431 2825
f 2825 7431 2816
f 7431 7454 2816
f 2816 7454 2815
f 7454 7455 2815
f 2815 7455 2856
f 7455 7456 2856
f 2856 7456 2855
f 7456 7457 2855
f 2855 7457 2854
f 7457 7458 2854
f 2854 7458 2853
f 7458 7459 2853
f 2853 7459 2852
f 7459 7444 2852
f 2852 7444 2851
f 7444 7443 2851
f 2851 7443 2840
f 7443 7441 2840
f 2840 7441 2839
f 7441 7448 2839
f 2839 7448 2838
f 7448 7449 2838
f 2838 7449 2837
f 7449 7450 2837
f 2837 7450 2850
f 7450 7460 2850
f 2850 7460 2849
f 7460 7461 2849
f 2849 7461 2836
f 7461 7445 2836
f 2836 7445 2835
f 7445 7446 2835
f 2835 7446 2834
f 7446 7447 2834
f 2834 7447 2829
f 7447 7438 2829
f 2829 7438 2828
f 7438 7439 2828
f 2828 7439 2848
f 7439 7462 2848
f 2848 7462 2847
f 7462 7463 2847
f 2847 7463 2846
f 7463 7464 2846
f 2846 7464 2845
f 7464 7465 2845
f 2845 7465 2844
f 7465 7466 2844
f 2844 7466 2843
f 7466 7453 2843
f 2843 7453 2832
f 7453 7452 2832
f 2832 7452 2831
f 7452 7451 2831
f 2831 7451 2859
f 7451 7467 2859
f 2859 7467 2858
f 7467 7468 2858
f 2858 7468 2857
f 7468 7469 2857
f 2857 7469 2864
f 7469 7472 2864
f 2864 7472 2863
f 7472 7473 2863
f 2863 7473 2862
f 7473 7471 2862
f 2862 7471 2861
f 7471 7470 2861
f 2861 7470 2860
f 7470 7397 2860
f 2860 7397 2842
f 7397 7398 2842
f 2842 7398 2841
f 7343 7345 2709
f 2709 7345 2711
f 7345 7346 2711
f 2711 7346 2687
f 7346 7322 2687
f 2687 7322 2686
f 7322 7328 2686
f 2686 7328 2699
f 7328 7329 2699
f 2699 7329 2674
f 7329 7327 2674
f 2674 7327 2673
f 7327 7326 2673
f 2673 7326 2672
f 7326 7325 2672
f 2672 7325 2671
f 7325 7330 2671
f 2671 7330 2690
f 7330 7331 2690
f 2690 7331 2689
f 7331 7332 2689
f 2689 7332 2688
f 7332 7335 2688
f 2688 7335 2684
f 7335 7334 2684
f 2684 7334 2683
f 7334 7500 2683
f 2683 7500 2880
f 7500 7492 2880
f 2880 7492 2879
f 7492 7493 2879
f 2879 7493 2878
f 7493 7502 2878
f 2878 7502 2877
f 7502 7503 2877
f 2877 7503 2876
f 7503 7504 2876
f 2876 7504 2875
f 7504 7505 2875
f 2875 7505 2874
f 7505 7506 2874
f 2874 7506 2873
f 7506 7507 2873
f 2873 7507 2866
f 7507 7508 2866
f 2866 7508 2865
f 7508 7509 2865
f 2865 7509 2872
f 7509 7510 2872
f 2872 7510 2871
f 7510 7501 2871
f 2871 7501 2870
f 7501 7494 2870
f 2870 7494 2869
f 7494 7495 2869
f 2869 7495 2868
f 7495 7515 2868
f 2868 7515 2891
f 7515 7516 2891
f 2891 7516 2890
f 7516 7517 2890
f 2890 7517 2889
f 7517 7520 2889
f 2889 7520 2888
f 7520 7521 2888
f 2888 7521 2887
f 7521 7522 2887
f 2887 7522 2886
f 7522 7497 2886
f 2886 7497 2894
f 7497 7498 2894
f 2894 7498 2893
f 7498 7518 2893
f 2893 7518 2892
f 7518 7519 2892
f 2892 7519 2885
f 7519 7511 2885
f 2885 7511 2884
f 7511 7512 2884
f 2884 7512 2882
f 7512 7513 2882
f 2882 7513 2881
f 7513 7514 2881
f 2881 7514 2903
f 7514 7477 2903
f 2903 7477 2902
f 7477 7478 2902
f 2902 7478 2901
f 7478 7480 2901
f 2901 7480 2896
f 7480 7481 2896
f 2896 7481 2895
f 7481 7482 2895
f 2895 7482 2912
f 7482 7490 2912
f 2912 7490 2911
f 7490 7491 2911
f 2911 7491 2910
f 7491 7483 2910
f 2910 7483 2909
f 7483 7484 2909
f 2909 7484 2908
f 7484 7485 2908
f 2908 7485 2907
f 7485 7486 2907
f 2907 7486 2906
f 7486 7487 2906
f 2906 7487 2905
f 7487 7488 2905
f 2905 7488 2904
f 7488 7489 2904
f 2904 7489 2900
f 7489 7474 2900
f 2900 7474 2899
f 7474 7475 2899
f 2899 7475 2898
f 7475 7476 2898
f 2898 7476 2736
f 7476 7278 2736
f 2736 7278 2737
f 7278 7279 2737
f 2737 7279 2738
f 7279 7281 2738
f 2738 7281 2741
f 7281 7296 2741
f 2741 7296 2740
f 7296 7284 2740
f 2740 7284 2739
f 7284 7277 2739
f 2739 7277 2728
f 7277 7276 2728
f 2728 7276 2727
f 7276 7301 2727
f 2727 7301 2733
f 7301 7336 2733
f 2733 7336 2732
f 7336 7337 2732
f 2732 7337 2703
f 7337 7339 2703
f 2703 7339 2705
f 7339 7341 2705
f 2705 7341 2707
f 7341 7343 2707
f 2707 7343 2709
f 7571 7572 2960
f 2960 7572 2965
f 7572 7573 2965
f 2965 7573 2964
f 7573 7563 2964
f 2964 7563 2963
f 7563 7564 2963
f 2963 7564 2951
f 7564 7565 2951
f 2951 7565 2950
f 7565 7548 2950
f 2950 7548 2949
f 7548 7547 2949
f 2949 7547 2933
f 7547 7546 2933
f 2933 7546 2932
f 7546 7566 2932
f 2932 7566 2948
f 7566 7567 2948
f 2948 7567 2947
f 7567 7568 2947
f 2947 7568 2946
f 7568 7569 2946
f 2946 7569 2945
f 7569 7570 2945
f 2945 7570 2944
f 7570 7530 2944
f 2944 7530 2931
f 7530 7529 2931
f 2931 7529 2930
f 7529 7527 2930
f 2930 7527 2928
f 7527 7549 2928
f 2928 7549 2927
f 7549 7550 2927
f 2927 7550 2943
f 7550 7551 2943
f 2943 7551 2942
f 7551 7539 2942
f 2942 7539 2941
f 7539 7538 2941
f 2941 7538 2923
f 7538 7536 2923
f 2923 7536 2922
f 7536 7552 2922
f 2922 7552 2940
f 7552 7553 2940
f 2940 7553 2939
f 7553 7554 2939
f 2939 7554 2938
f 7554 7555 2938
f 2938 7555 2937
f 7555 7556 2937
f 2937 7556 2936
f 7556 7542 2936
f 2936 7542 2924
f 7542 7541 2924
f 2924 7541 2925
f 7541 7540 2925
f 2925 7540 2926
f 7540 7557 2926
f 2926 7557 2935
f 7557 7558 2935
f 2935 7558 2934
f 7558 7559 2934
f 2934 7559 2917
f 7559 7574 2917
f 2917 7574 2916
f 7574 7575 2916
f 2916 7575 2959
f 7575 7576 2959
f 2959 7576 2958
f 7576 7543 2958
f 2958 7543 2957
f 7543 7544 2957
f 2957 7544 2921
f 7544 7545 2921
f 2921 7545 2920
f 7545 7523 2920
f 2920 7523 2919
f 7523 7524 2919
f 2919 7524 2915
f 7524 7526 2915
f 2915 7526 2914
f 7526 7585 2914
f 2914 7585 2913
f 7585 7586 2913
f 2913 7586 111
f 7586 7587 111
f 111 7587 110
f 7587 7577 110
f 110 7577 2979
f 7577 7578 2979
f 2979 7578 2978
f 7578 7588 2978
f 2978 7588 2977
f 7588 7589 2977
f 2977 7589 2967
f 7589 7590 2967
f 2967 7590 2966
f 7590 7596 2966
f 2966 7596 2976
f 7596 7597 2976
f 2976 7597 2985
f 7597 7598 2985
f 2985 7598 2984
f 7598 7593 2984
f 2984 7593 2983
f 7593 7592 2983
f 2983 7592 2982
f 7592 7591 2982
f 2982 7591 2981
f 7591 7594 2981
f 2981 7594 2980
f 7594 7595 2980
f 2980 7595 2975
f 7595 7581 2975
f 2975 7581 2974
f 7581 7580 2974
f 2974 7580 2973
f 7580 7579 2973
f 2973 7579 2969
f 7579 7582 2969
f 2969 7582 2968
f 7582 7583 2968
f 2968 7583 2972
f 7583 7584 2972
f 2972 7584 2971
f 7584 7531 2971
f 2971 7531 2970
f 7531 7532 2970
f 2970 7532 2956
f 7532 7534 2956
f 2956 7534 2955
f 7534 7535 2955
f 2955 7535 2953
f 7535 7560 2953
f 2953 7560 2952
f 7560 7561 2952
f 2952 7561 2962
f 7561 7562 2962
f 2962 7562 2961
f 7562 7571 2961
f 2961 7571 2960
f 4978 4981 2205
f 2205 4981 2188
f 4981 4982 2188
f 2188 4982 2187
f 4982 4983 2187
f 2187 4983 2186
f 4983 4984 2186
f 2186 4984 2173
f 4984 4985 2173
f 2173 4985 2172
f 4985 4968 2172
f 2172 4968 2171
f 4968 4967 2171
f 2171 4967 2154
f 4967 4966 2154
f 2154 4966 2153
f 4966 4986 2153
f 2153 4986 2170
f 4986 4987 2170
f 2170 4987 2169
f 4987 4988 2169
f 2169 4988 2168
f 4988 4989 2168
f 2168 4989 2167
f 4989 4990 2167
f 2167 4990 2166
f 4990 4940 2166
f 2166 4940 2152
f 4940 4941 2152
f 2152 4941 2151
f 4941 4943 2151
f 2151 4943 2150
f 4943 4944 2150
f 2150 4944 2149
f 4944 4969 2149
f 2149 4969 2148
f 4969 4970 2148
f 2148 4970 2165
f 4970 4971 2165
f 2165 4971 2164
f 4971 4925 2164
f 2164 4925 2162
f 4925 4926 2162
f 2162 4926 2161
f 4926 4945 2161
f 2161 4945 2220
f 4945 4946 2220
f 2220 4946 2219
f 4946 4947 2219
f 2219 4947 2218
f 4947 4948 2218
f 2218 4948 2217
f 4948 4949 2217
f 2217 4949 2216
f 4949 4929 2216
f 2216 4929 2202
f 4929 4928 2202
f 2202 4928 2203
f 4928 4927 2203
f 2203 4927 2204
f 4927 4950 2204
f 2204 4950 2215
f 4950 4951 2215
f 2215 4951 2214
f 4951 4952 2214
f 2214 4952 2213
f 4952 4972 2213
f 2213 4972 2212
f 4972 4973 2212
f 2212 4973 2211
f 4973 4974 2211
f 2211 4974 2201
f 4974 4975 2201
f 2201 4975 2200
f 4975 4976 2200
f 2200 4976 2210
f 4976 4977 2210
f 2210 4977 2209
f 4977 4918 2209
f 2209 4918 2208
f 4918 4919 2208
f 2208 4919 2160
f 4919 4930 2160
f 2160 4930 2159
f 4930 4931 2159
f 2159 4931 2158
f 4931 4932 2158
f 2158 4932 2157
f 4932 4953 2157
f 2157 4953 2185
f 4953 4954 2185
f 2185 4954 2184
f 4954 4955 2184
f 2184 4955 2183
f 4955 4956 2183
f 2183 4956 2182
f 4956 4957 2182
f 2182 4957 2181
f 4957 4933 2181
f 2181 4933 2156
f 4933 4934 2156
f 2156 4934 2155
f 4934 4935 2155
f 2155 4935 2199
f 4935 4936 2199
f 2199 4936 2198
f 4936 4920 2198
f 2198 4920 2197
f 4920 4921 2197
f 2197 4921 2180
f 4921 4922 2180
f 2180 4922 2179
f 4922 4923 2179
f 2179 4923 2178
f 4923 4924 2178
f 2178 4924 2177
f 4924 4958 2177
f 2177 4958 2196
f 4958 4959 2196
f 2196 4959 2195
f 4959 4960 2195
f 2195 4960 2194
f 4960 4961 2194
f 2194 4961 2193
f 4961 4962 2193
f 2193 4962 2192
f 4962 4939 2192
f 2192 4939 2174
f 4939 4938 2174
f 2174 4938 2175
f 4938 4937 2175
f 2175 4937 2176
f 4937 4963 2176
f 2176 4963 2191
f 4963 4964 2191
f 2191 4964 2190
f 4964 4965 2190
f 2190 4965 2189
f 4965 4980 2189
f 2189 4980 2207
f 4980 4979 2207
f 2207 4979 2206
f 4979 4978 2206
f 2206 4978 2205
f 7662 7663 3062
f 3062 7663 3080
f 7663 7664 3080
f 3080 7664 3079
f 7664 7632 3079
f 3079 7632 3078
f 7632 7633 3078
f 3078 7633 3061
f 7633 7634 3061
f 3061 7634 3060
f 7634 7599 3060
f 3060 7599 3059
f 7599 7600 3059
f 3059 7600 3044
f 7600 7601 3044
f 3044 7601 3043
f 7601 7609 3043
f 3043 7609 3042
f 7609 7610 3042
f 3042 7610 3028
f 7610 7602 3028
f 3028 7602 3027
f 7602 7603 3027
f 3027 7603 3026
f 7603 7604 3026
f 3026 7604 3025
f 7604 7605 3025
f 3025 7605 3041
f 7605 7614 3041
f 3041 7614 3040
f 7614 7615 3040
f 3040 7615 3014
f 7615 7616 3014
f 3014 7616 3013
f 7616 7665 3013
f 3013 7665 3049
f 7665 7666 3049
f 3049 7666 3048
f 7666 7667 3048
f 3048 7667 3047
f 7667 7668 3047
f 3047 7668 3024
f 7668 7611 3024
f 3024 7611 3023
f 7611 4716 3023
f 3023 4716 3010
f 4716 7625 3010
f 3010 7625 3058
f 7625 7642 3058
f 3058 7642 3057
f 7642 7643 3057
f 3057 7643 3056
f 7643 7644 3056
f 3056 7644 3055
f 7644 7675 3055
f 3055 7675 3054
f 7675 7660 3054
f 3054 7660 3046
f 7660 7678 3046
f 3046 7678 3045
f 7678 7679 3045
f 3045 7679 3064
f 7679 7689 3064
f 3064 7689 3083
f 7689 7690 3083
f 3083 7690 3084
f 7690 7694 3084
f 3084 7694 3088
f 7694 7695 3088
f 3088 7695 3089
f 7695 7699 3089
f 3089 7699 3090
f 7699 7700 3090
f 3090 7700 3077
f 7700 7686 3077
f 3077 7686 3085
f 7686 7687 3085
f 3085 7687 3073
f 7687 7685 3073
f 3073 7685 3072
f 7685 7680 3072
f 3072 7680 3069
f 7680 7649 3069
f 3069 7649 3068
f 7649 7647 3068
f 3068 7647 3038
f 7647 7723 3038
f 3038 7723 3036
f 7723 7724 3036
f 3036 7724 3035
f 7724 7725 3035
f 3035 7725 3110
f 7725 7726 3110
f 3110 7726 3109
f 7726 7727 3109
f 3109 7727 3108
f 7727 7734 3108
f 3108 7734 3107
f 7734 7735 3107
f 3107 7735 3125
f 7735 7736 3125
f 3125 7736 3124
f 7736 7737 3124
f 3124 7737 3123
f 7737 7738 3123
f 3123 7738 3122
f 7738 7739 3122
f 3122 7739 3121
f 7739 7740 3121
f 3121 7740 3120
f 7740 7741 3120
f 3120 7741 3119
f 7741 7718 3119
f 3119 7718 3118
f 7718 7719 3118
f 3118 7719 3105
f 7719 7728 3105
f 3105 7728 3104
f 7728 7729 3104
f 3104 7729 3103
f 7729 7730 3103
f 3103 7730 3102
f 7730 7731 3102
f 3102 7731 3101
f 7731 7732 3101
f 3101 7732 3100
f 7732 7733 3100
f 3100 7733 3095
f 7733 7628 3095
f 3095 7628 3053
f 7628 7629 3053
f 3053 7629 3052
f 7629 7630 3052
f 3052 7630 3051
f 7630 7631 3051
f 3051 7631 3050
f 7631 7650 3050
f 3050 7650 3071
f 7650 7651 3071
f 3071 7651 3070
f 7651 7652 3070
f 3070 7652 3063
f 7652 7662 3063
f 3063 7662 3062
f 4867 4868 2316
f 2316 4868 2315
f 4868 4869 2315
f 2315 4869 2314
f 4869 4870 2314
f 2314 4870 2313
f 4870 4819 2313
f 2313 4819 2304
f 4819 4820 2304
f 2304 4820 2303
f 4820 4838 2303
f 2303 4838 2302
f 4838 4839 2302
f 2302 4839 2253
f 4839 4821 2253
f 2253 4821 2252
f 4821 4822 2252
f 2252 4822 2251
f 4822 4823 2251
f 2251 4823 2233
f 4823 4781 2233
f 2233 4781 2232
f 4781 4775 2232
f 2232 4775 2231
f 4775 4776 2231
f 2231 4776 2229
f 4776 4799 2229
f 2229 4799 2228
f 4799 4800 2228
f 2228 4800 2227
f 4800 4801 2227
f 2227 4801 2224
f 4801 4824 2224
f 2224 4824 2223
f 4824 4825 2223
f 2223 4825 2258
f 4825 4826 2258
f 2258 4826 2257
f 4826 4840 2257
f 2257 4840 2239
f 4840 4841 2239
f 2239 4841 2238
f 4841 4842 2238
f 2238 4842 2256
f 4842 4784 2256
f 2256 4784 2255
f 4784 4857 2255
f 2255 4857 2341
f 4857 4871 2341
f 2341 4871 2340
f 4871 4872 2340
f 2340 4872 2339
f 4872 4873 2339
f 2339 4873 2338
f 4873 4889 2338
f 2338 4889 2337
f 4889 4884 2337
f 2337 4884 2328
f 4884 4895 2328
f 2328 4895 2327
f 4895 4896 2327
f 2327 4896 2342
f 4896 4906 2342
f 2342 4906 2356
f 4906 4907 2356
f 2356 4907 2357
f 4907 4911 2357
f 2357 4911 2361
f 4911 4912 2361
f 2361 4912 2362
f 4912 4916 2362
f 2362 4916 2363
f 4916 4917 2363
f 2363 4917 2353
f 4917 4903 2353
f 2353 4903 2358
f 4903 4904 2358
f 2358 4904 2349
f 4904 4902 2349
f 2349 4902 2348
f 4902 4897 2348
f 2348 4897 2347
f 4897 4877 2347
f 2347 4877 2346
f 4877 4876 2346
f 2346 4876 2325
f 4876 4860 2325
f 2325 4860 2323
f 4860 4861 2323
f 2323 4861 2322
f 4861 4891 2322
f 2322 4891 2336
f 4891 4892 2336
f 2336 4892 2335
f 4892 4893 2335
f 2335 4893 2334
f 4893 4802 2334
f 2334 4802 2270
f 4802 4803 2270
f 2270 4803 2269
f 4803 4830 2269
f 2269 4830 2268
f 4830 4831 2268
f 2268 4831 2267
f 4831 4773 2267
f 2267 4773 2266
f 4773 4774 2266
f 2266 4774 2265
f 4774 4778 2265
f 2265 4778 2264
f 4778 4779 2264
f 2264 4779 2263
f 4779 4780 2263
f 2263 4780 2262
f 4780 4796 2262
f 2262 4796 2237
f 4796 4797 2237
f 2237 4797 2236
f 4797 4798 2236
f 2236 4798 2289
f 4798 4816 2289
f 2289 4816 2288
f 4816 4817 2288
f 2288 4817 2287
f 4817 4818 2287
f 2287 4818 2286
f 4818 4835 2286
f 2286 4835 2285
f 4835 4836 2285
f 2285 4836 2235
f 4836 4837 2235
f 2235 4837 2234
f 4837 4854 2234
f 2234 4854 2307
f 4854 4855 2307
f 2307 4855 2306
f 4855 4856 2306
f 2306 4856 2305
f 4856 4865 2305
f 2305 4865 2318
f 4865 4866 2318
f 2318 4866 2317
f 4866 4867 2317
f 2317 4867 2316
f 7698 7697 3091
f 3091 7697 3087
f 7697 7696 3087
f 3087 7696 3086
f 7696 7692 3086
f 3086 7692 3082
f 7692 7691 3082
f 3082 7691 3081
f 7691 7677 3081
f 3081 7677 3066
f 7677 7658 3066
f 3066 7658 3065
f 7658 7659 3065
f 3065 7659 3022
f 7659 7661 3022
f 3022 7661 3021
f 7661 7676 3021
f 3021 7676 3020
f 7676 7626 3020
f 3020 7626 3009
f 7626 7627 3009
f 3009 7627 3011
f 7627 7606 3011
f 3011 7606 3012
f 7606 7607 3012
f 3012 7607 3008
f 7607 7608 3008
f 3008 7608 3007
f 7608 7612 3007
f 3007 7612 3006
f 7612 7613 3006
f 3006 7613 3005
f 7613 4714 3005
f 3005 4714 3019
f 4714 4715 3019
f 3019 4715 3018
f 4715 7653 3018
f 3018 7653 3017
f 7653 7654 3017
f 3017 7654 2992
f 7654 7617 2992
f 2992 7617 2991
f 7617 7618 2991
f 2991 7618 2990
f 7618 7620 2990
f 2990 7620 2989
f 7620 7621 2989
f 2989 7621 3004
f 7621 7622 3004
f 3004 7622 3003
f 7622 7623 3003
f 3003 7623 3002
f 7623 7624 3002
f 3002 7624 3001
f 7624 7635 3001
f 3001 7635 3000
f 7635 7636 3000
f 3000 7636 2987
f 7636 7637 2987
f 2987 7637 2986
f 7637 7655 2986
f 2986 7655 3016
f 7655 7656 3016
f 3016 7656 3015
f 7656 7657 3015
f 3015 7657 2999
f 7657 7669 2999
f 2999 7669 2998
f 7669 7670 2998
f 2998 7670 3034
f 7670 7671 3034
f 3034 7671 3033
f 7671 7672 3033
f 3033 7672 3032
f 7672 7673 3032
f 3032 7673 3031
f 7673 7674 3031
f 3031 7674 3030
f 7674 7638 3030
f 3030 7638 3029
f 7638 7639 3029
f 3029 7639 2997
f 7639 7641 2997
f 2997 7641 2996
f 7641 7701 2996
f 2996 7701 2994
f 7701 7702 2994
f 2994 7702 2993
f 7702 7705 2993
f 2993 7705 3098
f 7705 7706 3098
f 3098 7706 3099
f 7706 7707 3099
f 3099 7707 3117
f 7707 7709 3117
f 3117 7709 3116
f 7709 7710 3116
f 3116 7710 3094
f 7710 7711 3094
f 3094 7711 3093
f 7711 7720 3093
f 3093 7720 3106
f 7720 7721 3106
f 3106 7721 3131
f 7721 7722 3131
f 3131 7722 3130
f 7722 7712 3130
f 3130 7712 3129
f 7712 7713 3129
f 3129 7713 3115
f 7713 7714 3115
f 3115 7714 3114
f 7714 7708 3114
f 3114 7708 3113
f 7708 7703 3113
f 3113 7703 3097
f 7703 7704 3097
f 3097 7704 3096
f 7704 7715 3096
f 3096 7715 3111
f 7715 7716 3111
f 3111 7716 3112
f 7716 7717 3112
f 3112 7717 3128
f 7717 7645 3128
f 3128 7645 3127
f 7645 7646 3127
f 3127 7646 3126
f 7646 7648 3126
f 3126 7648 3037
f 7648 7681 3037
f 3037 7681 3039
f 7681 7682 3039
f 3039 7682 3067
f 7682 7683 3067
f 3067 7683 3074
f 7683 7684 3074
f 3074 7684 3076
f 7684 7693 3076
f 3076 7693 3075
f 7693 7688 3075
f 3075 7688 3092
f 7688 7698 3092
f 3092 7698 3091
f 4915 4914 2364
f 2364 4914 2360
f 4914 4913 2360
f 2360 4913 2359
f 4913 4909 2359
f 2359 4909 2355
f 4909 4908 2355
f 2355 4908 2354
f 4908 4894 2354
f 2354 4894 2344
f 4894 4882 2344
f 2344 4882 2343
f 4882 4883 2343
f 2343 4883 2310
f 4883 4885 2310
f 2310 4885 2309
f 4885 4890 2309
f 2309 4890 2308
f 4890 4858 2308
f 2308 4858 2294
f 4858 4859 2294
f 2294 4859 2293
f 4859 4782 2293
f 2293 4782 2292
f 4782 4783 2292
f 2292 4783 2271
f 4783 4785 2271
f 2271 4785 2272
f 4785 4786 2272
f 2272 4786 2273
f 4786 4787 2273
f 2273 4787 2291
f 4787 4804 2291
f 2291 4804 2290
f 4804 4805 2290
f 2290 4805 2254
f 4805 4806 2254
f 2254 4806 2296
f 4806 4788 2296
f 2296 4788 2295
f 4788 4789 2295
f 2295 4789 2247
f 4789 4790 2247
f 2247 4790 2249
f 4790 4791 2249
f 2249 4791 2250
f 4791 4807 2250
f 2250 4807 2284
f 4807 4808 2284
f 2284 4808 2283
f 4808 4809 2283
f 2283 4809 2282
f 4809 4810 2282
f 2282 4810 2281
f 4810 4811 2281
f 2281 4811 2280
f 4811 4812 2280
f 2280 4812 2279
f 4812 4846 2279
f 2279 4846 2278
f 4846 4847 2278
f 2278 4847 2277
f 4847 4848 2277
f 2277 4848 2276
f 4848 4862 2276
f 2276 4862 2312
f 4862 4863 2312
f 2312 4863 2311
f 4863 4864 2311
f 2311 4864 2301
f 4864 4879 2301
f 2301 4879 2300
f 4879 4880 2300
f 2300 4880 2321
f 4880 4881 2321
f 2321 4881 2320
f 4881 4849 2320
f 2320 4849 2319
f 4849 4850 2319
f 2319 4850 2299
f 4850 4851 2299
f 2299 4851 2298
f 4851 4813 2298
f 2298 4813 2297
f 4813 4814 2297
f 2297 4814 2246
f 4814 4815 2246
f 2246 4815 2245
f 4815 4832 2245
f 2245 4832 2244
f 4832 4833 2244
f 2244 4833 2243
f 4833 4834 2243
f 2243 4834 2275
f 4834 4852 2275
f 2275 4852 2274
f 4852 4853 2274
f 2274 4853 2222
f 4853 4792 2222
f 2222 4792 2221
f 4792 4793 2221
f 2221 4793 2230
f 4793 4794 2230
f 2230 4794 2261
f 4794 4795 2261
f 2261 4795 2260
f 4795 4827 2260
f 2260 4827 2259
f 4827 4828 2259
f 2259 4828 2242
f 4828 4829 2242
f 2242 4829 2241
f 4829 4843 2241
f 2241 4843 2240
f 4843 4844 2240
f 2240 4844 2226
f 4844 4845 2226
f 2226 4845 2225
f 4845 4886 2225
f 2225 4886 2333
f 4886 4874 2333
f 2333 4874 2332
f 4874 4875 2332
f 2332 4875 2331
f 4875 4887 2331
f 2331 4887 2330
f 4887 4888 2330
f 2330 4888 2329
f 4888 4878 2329
f 2329 4878 2324
f 4878 4898 2324
f 2324 4898 2326
f 4898 4899 2326
f 2326 4899 2345
f 4899 4900 2345
f 2345 4900 2350
f 4900 4901 2350
f 2350 4901 2352
f 4901 4910 2352
f 2352 4910 2351
f 4910 4905 2351
f 2351 4905 2365
f 4905 4915 2365
f 2365 4915 2364
f 5404 5405 1750
f 1750 5405 1767
f 5405 5396 1767
f 1767 5396 1766
f 5396 5392 1766
f 1766 5392 1749
f 5392 5393 1749
f 1749 5393 1748
f 5393 5397 1748
f 1748 5397 1747
f 5397 5398 1747
f 1747 5398 1741
f 5398 5373 1741
f 1741 5373 1740
f 5373 5374 1740
f 1740 5374 1746
f 5374 5394 1746
f 1746 5394 1745
f 5394 5395 1745
f 1745 5395 1744
f 5395 5387 1744
f 1744 5387 1743
f 5387 5386 1743
f 1743 5386 1742
f 5386 5385 1742
f 1742 5385 1738
f 5385 5402 1738
f 1738 5402 1737
f 5402 5401 1737
f 1737 5401 1758
f 5401 5399 1758
f 1758 5399 1757
f 5399 5421 1757
f 1757 5421 1756
f 5421 5422 1756
f 1756 5422 1699
f 5422 5424 1699
f 1699 5424 1701
f 5424 5426 1701
f 1701 5426 1703
f 5426 5428 1703
f 1703 5428 1705
f 5428 5430 1705
f 1705 5430 1707
f 5430 5432 1707
f 1707 5432 1709
f 5432 5434 1709
f 1709 5434 1711
f 5434 5436 1711
f 1711 5436 1713
f 5436 5438 1713
f 1713 5438 1715
f 5438 5440 1715
f 1715 5440 1717
f 5440 5442 1717
f 1717 5442 1719
f 5442 5444 1719
f 1719 5444 1721
f 5444 5446 1721
f 1721 5446 1723
f 5446 5448 1723
f 1723 5448 1725
f 5448 5450 1725
f 1725 5450 1727
f 5450 5452 1727
f 1727 5452 1729
f 5452 5454 1729
f 1729 5454 1731
f 5454 5456 1731
f 1731 5456 1733
f 5456 5457 1733
f 1733 5457 1735
f 5457 5408 1735
f 1735 5408 1736
f 5408 5409 1736
f 1736 5409 1690
f 5409 5410 1690
f 1690 5410 1689
f 5410 5411 1689
f 1689 5411 1682
f 5411 5412 1682
f 1682 5412 1681
f 5412 5415 1681
f 1681 5415 1695
f 5415 5416 1695
f 1695 5416 1694
f 5416 5417 1694
f 1694 5417 1693
f 5417 5418 1693
f 1693 5418 1692
f 5418 5419 1692
f 1692 5419 1691
f 5419 5420 1691
f 1691 5420 1688
f 5420 5458 1688
f 1688 5458 1687
f 5458 5459 1687
f 1687 5459 1698
f 5459 5460 1698
f 1698 5460 1697
f 5460 5406 1697
f 1697 5406 1696
f 5406 5407 1696
f 1696 5407 1686
f 5407 5413 1686
f 1686 5413 1685
f 5413 5414 1685
f 1685 5414 1684
f 5414 5371 1684
f 1684 5371 1683
f 5371 5372 1683
f 1683 5372 1765
f 5372 5378 1765
f 1765 5378 1764
f 5378 5377 1764
f 1764 5377 1763
f 5377 5375 1763
f 1763 5375 1762
f 5375 5376 1762
f 1762 5376 1772
f 5376 5388 1772
f 1772 5388 1771
f 5388 5389 1771
f 1771 5389 1770
f 5389 5379 1770
f 1770 5379 1769
f 5379 5380 1769
f 1769 5380 1768
f 5380 5390 1768
f 1768 5390 1761
f 5390 5391 1761
f 1761 5391 1760
f 5391 5381 1760
f 1760 5381 1759
f 5381 5382 1759
f 1759 5382 1755
f 5382 5383 1755
f 1755 5383 1754
f 5383 5384 1754
f 1754 5384 1753
f 5384 5403 1753
f 1753 5403 1751
f 5403 5404 1751
f 1751 5404 1750
f 7763 7764 3149
f 3149 7764 3148
f 7764 7755 3148
f 3148 7755 3147
f 7755 7756 3147
f 3147 7756 3146
f 7756 7765 3146
f 3146 7765 3145
f 7765 7766 3145
f 3145 7766 3144
f 7766 7745 3144
f 3144 7745 3137
f 7745 7746 3137
f 3137 7746 3136
f 7746 7747 3136
f 3136 7747 3135
f 7747 7742 3135
f 3135 7742 3134
f 7742 7743 3134
f 3134 7743 3133
f 7743 7744 3133
f 3133 7744 3132
f 7744 7769 3132
f 3132 7769 3185
f 7769 7770 3185
f 3185 7770 3184
f 7770 7771 3184
f 3184 7771 3183
f 7771 7772 3183
f 3183 7772 3182
f 7772 7773 3182
f 3182 7773 3181
f 7773 7767 3181
f 3181 7767 3162
f 7767 7768 3162
f 3162 7768 3163
f 7768 7786 3163
f 3163 7786 3164
f 7786 7787 3164
f 3164 7787 3172
f 7787 7788 3172
f 3172 7788 3171
f 7788 7774 3171
f 3171 7774 3170
f 7774 7775 3170
f 3170 7775 3169
f 7775 7776 3169
f 3169 7776 3180
f 7776 7777 3180
f 3180 7777 3179
f 7777 7811 3179
f 3179 7811 3178
f 7811 7812 3178
f 3178 7812 3204
f 7812 7813 3204
f 3204 7813 3203
f 7813 7818 3203
f 3203 7818 3202
f 7818 7792 3202
f 3202 7792 3194
f 7792 7791 3194
f 3194 7791 3193
f 7791 7789 3193
f 3193 7789 3192
f 7789 7808 3192
f 3192 7808 3191
f 7808 7809 3191
f 3191 7809 3190
f 7809 7810 3190
f 3190 7810 3189
f 7810 7814 3189
f 3189 7814 3209
f 7814 7815 3209
f 3209 7815 3208
f 7815 7816 3208
f 3208 7816 3205
f 7816 7820 3205
f 3205 7820 3206
f 7820 7821 3206
f 3206 7821 3207
f 7821 7823 3207
f 3207 7823 3223
f 7823 7825 3223
f 3223 7825 3222
f 7825 7827 3222
f 3222 7827 3221
f 7827 7829 3221
f 3221 7829 3219
f 7829 7831 3219
f 3219 7831 3217
f 7831 7833 3217
f 3217 7833 3215
f 7833 7834 3215
f 3215 7834 3213
f 7834 7796 3213
f 3213 7796 3211
f 7796 7802 3211
f 3211 7802 3210
f 7802 7801 3210
f 3210 7801 3197
f 7801 7819 3197
f 3197 7819 3199
f 7819 7782 3199
f 3199 7782 3160
f 7782 7781 3160
f 3160 7781 3161
f 7781 7779 3161
f 3161 7779 3168
f 7779 7778 3168
f 3168 7778 3167
f 7778 7783 3167
f 3167 7783 3166
f 7783 7784 3166
f 3166 7784 3165
f 7784 7785 3165
f 3165 7785 3174
f 7785 7806 3174
f 3174 7806 3173
f 7806 7807 3173
f 3173 7807 3157
f 7807 7758 3157
f 3157 7758 3156
f 7758 7759 3156
f 3156 7759 3154
f 7759 7752 3154
f 3154 7752 3153
f 7752 7753 3153
f 3153 7753 3152
f 7753 7754 3152
f 3152 7754 3151
f 7754 7760 3151
f 3151 7760 3150
f 7760 7761 3150
f 3150 7761 3143
f 7761 7748 3143
f 3143 7748 3142
f 7748 7749 3142
f 3142 7749 3141
f 7749 7751 3141
f 3141 7751 3140
f 7751 7762 3140
f 3140 7762 3139
f 7762 7763 3139
f 3139 7763 3149
f 7780 7803 3159
f 3159 7803 3158
f 7803 7804 3158
f 3158 7804 3201
f 7804 7805 3201
f 3201 7805 3200
f 7805 7799 3200
f 3200 7799 3198
f 7799 7800 3198
f 3198 7800 3196
f 7800 7797 3196
f 3196 7797 3195
f 7797 7798 3195
f 3195 7798 3212
f 7798 7832 3212
f 3212 7832 3214
f 7832 7830 3214
f 3214 7830 3216
f 7830 7828 3216
f 3216 7828 3218
f 7828 7826 3218
f 3218 7826 3220
f 7826 7824 3220
f 3220 7824 3225
f 7824 7822 3225
f 3225 7822 3224
f 7822 7790 3224
f 3224 7790 3188
f 7790 7817 3188
f 3188 7817 3187
f 7817 7793 3187
f 3187 7793 3186
f 7793 7794 3186
f 3186 7794 3177
f 7794 7795 3177
f 3177 7795 3176
f 7795 5511 3176
f 3176 5511 3175
f 5511 5512 3175
f 3175 5512 1630
f 5512 5513 1630
f 1630 5513 1629
f 5513 5514 1629
f 1629 5514 1628
f 5514 5516 1628
f 1628 5516 1641
f 5516 5521 1641
f 1641 5521 1665
f 5521 5523 1665
f 1665 5523 1644
f 5523 5530 1644
f 1644 5530 1671
f 5530 5539 1671
f 1671 5539 1678
f 5539 5541 1678
f 1678 5541 1622
f 5541 5543 1622
f 1622 5543 1621
f 5543 5545 1621
f 1621 5545 1651
f 5545 5547 1651
f 1651 5547 1635
f 5547 5549 1635
f 1635 5549 1634
f 5549 5550 1634
f 1634 5550 1632
f 5550 5482 1632
f 1632 5482 1631
f 5482 5484 1631
f 1631 5484 1625
f 5484 5463 1625
f 1625 5463 1506
f 5463 5579 1506
f 1506 5579 1507
f 5579 5569 1507
f 1507 5569 1559
f 5569 5562 1559
f 1559 5562 1558
f 5562 5587 1558
f 1558 5587 1556
f 5587 5588 1556
f 1556 5588 1554
f 5588 5584 1554
f 1554 5584 1552
f 5584 5585 1552
f 1552 5585 1550
f 5585 5607 1550
f 1550 5607 1548
f 5607 5605 1548
f 1548 5605 1546
f 5605 5603 1546
f 1546 5603 1544
f 5603 5633 1544
f 1544 5633 1574
f 5633 5621 1574
f 1574 5621 1537
f 5621 5618 1537
f 1537 5618 1538
f 5618 5597 1538
f 1538 5597 1531
f 5597 5625 1531
f 1531 5625 1530
f 5625 5624 1530
f 1530 5624 1529
f 5624 7864 1529
f 1529 7864 1528
f 7864 7865 1528
f 1528 7865 3257
f 7865 7866 3257
f 3257 7866 3256
f 7866 7867 3256
f 3256 7867 3255
f 7867 7868 3255
f 3255 7868 3286
f 7868 7891 3286
f 3286 7891 3285
f 7891 7884 3285
f 3285 7884 3270
f 7884 7882 3270
f 3270 7882 3292
f 7882 7880 3292
f 3292 7880 3275
f 7880 7900 3275
f 3275 7900 3279
f 7900 7898 3279
f 3279 7898 3281
f 7898 7869 3281
f 3281 7869 3268
f 7869 7870 3268
f 3268 7870 3267
f 7870 7872 3267
f 3267 7872 3259
f 7872 7874 3259
f 3259 7874 3258
f 7874 7876 3258
f 3258 7876 3265
f 7876 7878 3265
f 3265 7878 3262
f 7878 7879 3262
f 3262 7879 3261
f 7879 7845 3261
f 3261 7845 3244
f 7845 7780 3244
f 3244 7780 3159
f 5525 5526 1640
f 1640 5526 1639
f 5526 5527 1639
f 1639 5527 1675
f 5527 5536 1675
f 1675 5536 1674
f 5536 5537 1674
f 1674 5537 1663
f 5537 5518 1663
f 1663 5518 1662
f 5518 5517 1662
f 1662 5517 1669
f 5517 5515 1669
f 1669 5515 1668
f 5515 5508 1668
f 1668 5508 1667
f 5508 5509 1667
f 1667 5509 1666
f 5509 5510 1666
f 1666 5510 1650
f 5510 5493 1650
f 1650 5493 1649
f 5493 5494 1649
f 1649 5494 1648
f 5494 5501 1648
f 1648 5501 1647
f 5501 5502 1647
f 1647 5502 1646
f 5502 5480 1646
f 1646 5480 1645
f 5480 5469 1645
f 1645 5469 1610
f 5469 5470 1610
f 1610 5470 1609
f 5470 5487 1609
f 1609 5487 1608
f 5487 5488 1608
f 1608 5488 1599
f 5488 5489 1599
f 1599 5489 1601
f 5489 5464 1601
f 1601 5464 1602
f 5464 5465 1602
f 1602 5465 1593
f 5465 5466 1593
f 1593 5466 1592
f 5466 5490 1592
f 1592 5490 1619
f 5490 5491 1619
f 1619 5491 1618
f 5491 5492 1618
f 1618 5492 1617
f 5492 5495 1617
f 1617 5495 1661
f 5495 5496 1661
f 1661 5496 1660
f 5496 5497 1660
f 1660 5497 1659
f 5497 5503 1659
f 1659 5503 1658
f 5503 5504 1658
f 1658 5504 1657
f 5504 5505 1657
f 1657 5505 1616
f 5505 5533 1616
f 1616 5533 1615
f 5533 5534 1615
f 1615 5534 1656
f 5534 5535 1656
f 1656 5535 1655
f 5535 5498 1655
f 1655 5498 1654
f 5498 5499 1654
f 1654 5499 1638
f 5499 5500 1638
f 1638 5500 1637
f 5500 5506 1637
f 1637 5506 1636
f 5506 5507 1636
f 1636 5507 1607
f 5507 5467 1607
f 1607 5467 1606
f 5467 5468 1606
f 1606 5468 1605
f 5468 5471 1605
f 1605 5471 1598
f 5471 5472 1598
f 1598 5472 1597
f 5472 5473 1597
f 1597 5473 1596
f 5473 5474 1596
f 1596 5474 1604
f 5474 5475 1604
f 1604 5475 1603
f 5475 5476 1603
f 1603 5476 1595
f 5476 5477 1595
f 1595 5477 1594
f 5477 5478 1594
f 1594 5478 1614
f 5478 5479 1614
f 1614 5479 1613
f 5479 5461 1613
f 1613 5461 1612
f 5461 5462 1612
f 1612 5462 1611
f 5462 5486 1611
f 1611 5486 1627
f 5486 5485 1627
f 1627 5485 1626
f 5485 5483 1626
f 1626 5483 1624
f 5483 5481 1624
f 1624 5481 1623
f 5481 5548 1623
f 1623 5548 1633
f 5548 5546 1633
f 1633 5546 1653
f 5546 5544 1653
f 1653 5544 1652
f 5544 5542 1652
f 1652 5542 1620
f 5542 5540 1620
f 1620 5540 1680
f 5540 5538 1680
f 1680 5538 1679
f 5538 5528 1679
f 1679 5528 1677
f 5528 5529 1677
f 1677 5529 1676
f 5529 5531 1676
f 1676 5531 1670
f 5531 5532 1670
f 1670 5532 1672
f 5532 5524 1672
f 1672 5524 1673
f 5524 5522 1673
f 1673 5522 1643
f 5522 5520 1643
f 1643 5520 1642
f 5520 5519 1642
f 1642 5519 1664
f 5519 5525 1664
f 1664 5525 1640
f 7922 7923 3310
f 3310 7923 3309
f 7923 7924 3309
f 3309 7924 3308
f 7924 7925 3308
f 3308 7925 3307
f 7925 7926 3307
f 3307 7926 3306
f 7926 7927 3306
f 3306 7927 3300
f 7927 7908 3300
f 3300 7908 3299
f 7908 7906 3299
f 3299 7906 3298
f 7906 7907 3298
f 3298 7907 3294
f 7907 7909 3294
f 3294 7909 3293
f 7909 7910 3293
f 3293 7910 3297
f 7910 7911 3297
f 3297 7911 3296
f 7911 7854 3296
f 3296 7854 3295
f 7854 7855 3295
f 3295 7855 3254
f 7855 7856 3254
f 3254 7856 3253
f 7856 7857 3253
f 3253 7857 3252
f 7857 7858 3252
f 3252 7858 3251
f 7858 7859 3251
f 3251 7859 3250
f 7859 7860 3250
f 3250 7860 3249
f 7860 7840 3249
f 3249 7840 3248
f 7840 7841 3248
f 3248 7841 3243
f 7841 7877 3243
f 3243 7877 3263
f 7877 7875 3263
f 3263 7875 3264
f 7875 7873 3264
f 3264 7873 3266
f 7873 7871 3266
f 3266 7871 3260
f 7871 7896 3260
f 3260 7896 3269
f 7896 7897 3269
f 3269 7897 3283
f 7897 7899 3283
f 3283 7899 3282
f 7899 7901 3282
f 3282 7901 3280
f 7901 7902 3280
f 3280 7902 3278
f 7902 7893 3278
f 3278 7893 3277
f 7893 7894 3277
f 3277 7894 3276
f 7894 7895 3276
f 3276 7895 3274
f 7895 7881 3274
f 3274 7881 3273
f 7881 7883 3273
f 3273 7883 3272
f 7883 7885 3272
f 3272 7885 3271
f 7885 7886 3271
f 3271 7886 3291
f 7886 7887 3291
f 3291 7887 3290
f 7887 7888 3290
f 3290 7888 3289
f 7888 7889 3289
f 3289 7889 3288
f 7889 7890 3288
f 3288 7890 3287
f 7890 7892 3287
f 3287 7892 3284
f 7892 7861 3284
f 3284 7861 3247
f 7861 7862 3247
f 3247 7862 3246
f 7862 7863 3246
f 3246 7863 3245
f 7863 7846 3245
f 3245 7846 3242
f 7846 7847 3242
f 3242 7847 3241
f 7847 7848 3241
f 3241 7848 3240
f 7848 7835 3240
f 3240 7835 3228
f 7835 7836 3228
f 3228 7836 3227
f 7836 7849 3227
f 3227 7849 3226
f 7849 7850 3226
f 3226 7850 3239
f 7850 7851 3239
f 3239 7851 3238
f 7851 7842 3238
f 3238 7842 3237
f 7842 7843 3237
f 3237 7843 3236
f 7843 7844 3236
f 3236 7844 3235
f 7844 7852 3235
f 3235 7852 3234
f 7852 7853 3234
f 3234 7853 3233
f 7853 7838 3233
f 3233 7838 3232
f 7838 7839 3232
f 3232 7839 3230
f 7839 7915 3230
f 3230 7915 3229
f 7915 7916 3229
f 3229 7916 3317
f 7916 7917 3317
f 3317 7917 3316
f 7917 7912 3316
f 3316 7912 3315
f 7912 7913 3315
f 3315 7913 3314
f 7913 7914 3314
f 3314 7914 3313
f 7914 7918 3313
f 3313 7918 3312
f 7918 7919 3312
f 3312 7919 3305
f 7919 7903 3305
f 3305 7903 3304
f 7903 7904 3304
f 3304 7904 3302
f 7904 7920 3302
f 3302 7920 3301
f 7920 7921 3301
f 3301 7921 3311
f 7921 7922 3311
f 3311 7922 3310
f 7943 7933 3330
f 3330 7933 3329
f 7933 7934 3329
f 3329 7934 3328
f 7934 7944 3328
f 3328 7944 3327
f 7944 7945 3327
f 3327 7945 3326
f 7945 7946 3326
f 3326 7946 3325
f 7946 7947 3325
f 3325 7947 3324
f 7947 7948 3324
f 3324 7948 3323
f 7948 7949 3323
f 3323 7949 3322
f 7949 7955 3322
f 3322 7955 3321
f 7955 7956 3321
f 3321 7956 3346
f 7956 7957 3346
f 3346 7957 3345
f 7957 7958 3345
f 3345 7958 3344
f 7958 7959 3344
f 3344 7959 3343
f 7959 7960 3343
f 3343 7960 3342
f 7960 7961 3342
f 3342 7961 3376
f 7961 7974 3376
f 3376 7974 3375
f 7974 7975 3375
f 3375 7975 3363
f 7975 7976 3363
f 3363 7976 3362
f 7976 7986 3362
f 3362 7986 3361
f 7986 7987 3361
f 3361 7987 3379
f 7987 7988 3379
f 3379 7988 3378
f 7988 7962 3378
f 3378 7962 3377
f 7962 7950 3377
f 3377 7950 3360
f 7950 7951 3360
f 3360 7951 3359
f 7951 7971 3359
f 3359 7971 3358
f 7971 7972 3358
f 3358 7972 3357
f 7972 7973 3357
f 3357 7973 3374
f 7973 7977 3374
f 3374 7977 3373
f 7977 7978 3373
f 3373 7978 3354
f 7978 7963 3354
f 3354 7963 3355
f 7963 7964 3355
f 3355 7964 3356
f 7964 7996 3356
f 3356 7996 3388
f 7996 7997 3388
f 3388 7997 3387
f 7997 7998 3387
f 3387 7998 3386
f 7998 7999 3386
f 3386 7999 3391
f 7999 8000 3391
f 3391 8000 3390
f 8000 8001 3390
f 3390 8001 3389
f 8001 7979 3389
f 3389 7979 3385
f 7979 7980 3385
f 3385 7980 3384
f 7980 7994 3384
f 3384 7994 3383
f 7994 7995 3383
f 3383 7995 3382
f 7995 7991 3382
f 3382 7991 3381
f 7991 7990 3381
f 3381 7990 3380
f 7990 7989 3380
f 3380 7989 3372
f 7989 7992 3372
f 3372 7992 3371
f 7992 7993 3371
f 3371 7993 3370
f 7993 7967 3370
f 3370 7967 3350
f 7967 7966 3350
f 3350 7966 3349
f 7966 7965 3349
f 3349 7965 3348
f 7965 7981 3348
f 3348 7981 3347
f 7981 7982 3347
f 3347 7982 3369
f 7982 7983 3369
f 3369 7983 3368
f 7983 7968 3368
f 3368 7968 3367
f 7968 7969 3367
f 3367 7969 3366
f 7969 7970 3366
f 3366 7970 3365
f 7970 7984 3365
f 3365 7984 3364
f 7984 7985 3364
f 3364 7985 3353
f 7985 7952 3353
f 3353 7952 3352
f 7952 7953 3352
f 3352 7953 3351
f 7953 7954 3351
f 3351 7954 3341
f 7954 7929 3341
f 3341 7929 3340
f 7929 7931 3340
f 3340 7931 3338
f 7931 7932 3338
f 3338 7932 3337
f 7932 7935 3337
f 3337 7935 3336
f 7935 7936 3336
f 3336 7936 3335
f 7936 7937 3335
f 3335 7937 3334
f 7937 7938 3334
f 3334 7938 3333
f 7938 7939 3333
f 3333 7939 3332
f 7939 7940 3332
f 3332 7940 3331
f 7940 7941 3331
f 3331 7941 3319
f 7941 7942 3319
f 3319 7942 3318
f 7942 7943 3318
f 3318 7943 3330
f 8017 8007 3401
f 3401 8007 3400
f 8007 8008 3400
f 3400 8008 3399
f 8008 8018 3399
f 3399 8018 3398
f 8018 8019 3398
f 3398 8019 3397
f 8019 8020 3397
f 3397 8020 3396
f 8020 8021 3396
f 3396 8021 3395
f 8021 8022 3395
f 3395 8022 3394
f 8022 8023 3394
f 3394 8023 3393
f 8023 8024 3393
f 3393 8024 3392
f 8024 8025 3392
f 3392 8025 3420
f 8025 8026 3420
f 3420 8026 3419
f 8026 8027 3419
f 3419 8027 3418
f 8027 8028 3418
f 3418 8028 3412
f 8028 8029 3412
f 3412 8029 3411
f 8029 8030 3411
f 3411 8030 3429
f 8030 8034 3429
f 3429 8034 3428
f 8034 8035 3428
f 3428 8035 3423
f 8035 8036 3423
f 3423 8036 3422
f 8036 8048 3422
f 3422 8048 3421
f 8048 8049 3421
f 3421 8049 3447
f 8049 8050 3447
f 3447 8050 3446
f 8050 8037 3446
f 3446 8037 3445
f 8037 8038 3445
f 3445 8038 3427
f 8038 8039 3427
f 3427 8039 3426
f 8039 8051 3426
f 3426 8051 3425
f 8051 8052 3425
f 3425 8052 3424
f 8052 8053 3424
f 3424 8053 3452
f 8053 8059 3452
f 3452 8059 3451
f 8059 8060 3451
f 3451 8060 3442
f 8060 8042 3442
f 3442 8042 3443
f 8042 8043 3443
f 3443 8043 3444
f 8043 8070 3444
f 3444 8070 3462
f 8070 8071 3462
f 3462 8071 3461
f 8071 8072 3461
f 3461 8072 3457
f 8072 8073 3457
f 3457 8073 3456
f 8073 8074 3456
f 3456 8074 3465
f 8074 8075 3465
f 3465 8075 3464
f 8075 8061 3464
f 3464 8061 3463
f 8061 8062 3463
f 3463 8062 3460
f 8062 8068 3460
f 3460 8068 3459
f 8068 8069 3459
f 3459 8069 3458
f 8069 8065 3458
f 3458 8065 3455
f 8065 8064 3455
f 3455 8064 3454
f 8064 8063 3454
f 3454 8063 3453
f 8063 8066 3453
f 3453 8066 3450
f 8066 8067 3450
f 3450 8067 3449
f 8067 8044 3449
f 3449 8044 3448
f 8044 8045 3448
f 3448 8045 3435
f 8045 8046 3435
f 3435 8046 3434
f 8046 8047 3434
f 3434 8047 3433
f 8047 8054 3433
f 3433 8054 3441
f 8054 8055 3441
f 3441 8055 3440
f 8055 8056 3440
f 3440 8056 3439
f 8056 8040 3439
f 3439 8040 3438
f 8040 8041 3438
f 3438 8041 3437
f 8041 8057 3437
f 3437 8057 3436
f 8057 8058 3436
f 3436 8058 3432
f 8058 8031 3432
f 3432 8031 3431
f 8031 8032 3431
f 3431 8032 3430
f 8032 8033 3430
f 3430 8033 3417
f 8033 8003 3417
f 3417 8003 3416
f 8003 8005 3416
f 3416 8005 3414
f 8005 8006 3414
f 3414 8006 3413
f 8006 8009 3413
f 3413 8009 3410
f 8009 8010 3410
f 3410 8010 3409
f 8010 8011 3409
f 3409 8011 3408
f 8011 8012 3408
f 3408 8012 3407
f 8012 8013 3407
f 3407 8013 3406
f 8013 8014 3406
f 3406 8014 3405
f 8014 8015 3405
f 3405 8015 3404
f 8015 8016 3404
f 3404 8016 3403
f 8016 8017 3403
f 3403 8017 3401
f 5600 5616 1539
f 1539 5616 1563
f 5616 5617 1563
f 1563 5617 1536
f 5617 5632 1536
f 1536 5632 1535
f 5632 5619 1535
f 1535 5619 1576
f 5619 5620 1576
f 1576 5620 1575
f 5620 5601 1575
f 1575 5601 1573
f 5601 5602 1573
f 1573 5602 1572
f 5602 5604 1572
f 1572 5604 1543
f 5604 5606 1543
f 1543 5606 1545
f 5606 5608 1545
f 1545 5608 1547
f 5608 5609 1547
f 1547 5609 1549
f 5609 5583 1549
f 1549 5583 1551
f 5583 5610 1551
f 1551 5610 1553
f 5610 5586 1553
f 1553 5586 1555
f 5586 5560 1555
f 1555 5560 1557
f 5560 5561 1557
f 1557 5561 1505
f 5561 5570 1505
f 1505 5570 1504
f 5570 5571 1504
f 1504 5571 1515
f 5571 5572 1515
f 1515 5572 1514
f 5572 5580 1514
f 1514 5580 1513
f 5580 5581 1513
f 1513 5581 1527
f 5581 5582 1527
f 1527 5582 1517
f 5582 5575 1517
f 1517 5575 1516
f 5575 5576 1516
f 1516 5576 1571
f 5576 5611 1571
f 1571 5611 1570
f 5611 5612 1570
f 1570 5612 1569
f 5612 5613 1569
f 1569 5613 1591
f 5613 5627 1591
f 1591 5627 1590
f 5627 5628 1590
f 1590 5628 1589
f 5628 5629 1589
f 1589 5629 1588
f 5629 5634 1588
f 1588 5634 1587
f 5634 5635 1587
f 1587 5635 1568
f 5635 5636 1568
f 1568 5636 1567
f 5636 5637 1567
f 1567 5637 1580
f 5637 5638 1580
f 1580 5638 1586
f 5638 5639 1586
f 1586 5639 1585
f 5639 5622 1585
f 1585 5622 1584
f 5622 5623 1584
f 1584 5623 1583
f 5623 5630 1583
f 1583 5630 1582
f 5630 5631 1582
f 1582 5631 1581
f 5631 5573 1581
f 1581 5573 1562
f 5573 5574 1562
f 1562 5574 1561
f 5574 5577 1561
f 1561 5577 1560
f 5577 5578 1560
f 1560 5578 1526
f 5578 5563 1526
f 1526 5563 1525
f 5563 5564 1525
f 1525 5564 1524
f 5564 5565 1524
f 1524 5565 1512
f 5565 5557 1512
f 1512 5557 1511
f 5557 5558 1511
f 1511 5558 1510
f 5558 5559 1510
f 1510 5559 1509
f 5559 5566 1509
f 1509 5566 1508
f 5566 5567 1508
f 1508 5567 1523
f 5567 5568 1523
f 1523 5568 1522
f 5568 5552 1522
f 1522 5552 1521
f 5552 5553 1521
f 1521 5553 1520
f 5553 5554 1520
f 1520 5554 1519
f 5554 5555 1519
f 1519 5555 1518
f 5555 5556 1518
f 1518 5556 1503
f 5556 5589 1503
f 1503 5589 1502
f 5589 5590 1502
f 1502 5590 1534
f 5590 5591 1534
f 1534 5591 1533
f 5591 5592 1533
f 1533 5592 1532
f 5592 5593 1532
f 1532 5593 1579
f 5593 5594 1579
f 1579 5594 1578
f 5594 5626 1578
f 1578 5626 1577
f 5626 5595 1577
f 1577 5595 1566
f 5595 5596 1566
f 1566 5596 1565
f 5596 5614 1565
f 1565 5614 1564
f 5614 5615 1564
f 1564 5615 1542
f 5615 5598 1542
f 1542 5598 1541
f 5598 5599 1541
f 1541 5599 1540
f 5599 5600 1540
f 1540 5600 1539
f 8745 8746 4135
f 4135 8746 4134
f 8746 8738 4134
f 4134 8738 4125
f 8738 8739 4125
f 4125 8739 4124
f 8739 8740 4124
f 4124 8740 4123
f 8740 8731 4123
f 4123 8731 4122
f 8731 8732 4122
f 4122 8732 4121
f 8732 8733 4121
f 4121 8733 4120
f 8733 8734 4120
f 4120 8734 4119
f 8734 8747 4119
f 4119 8747 4118
f 8747 8748 4118
f 4118 8748 4151
f 8748 8749 4151
f 4151 8749 4150
f 8749 8750 4150
f 4150 8750 4149
f 8750 8751 4149
f 4149 8751 4148
f 8751 8752 4148
f 4148 8752 4147
f 8752 8753 4147
f 4147 8753 4158
f 8753 8760 4158
f 4158 8760 4157
f 8760 8761 4157
f 4157 8761 4154
f 8761 8762 4154
f 4154 8762 4153
f 8762 8770 4153
f 4153 8770 4152
f 8770 8771 4152
f 4152 8771 4162
f 8771 8772 4162
f 4162 8772 4146
f 8772 8763 4146
f 4146 8763 4145
f 8763 8764 4145
f 4145 8764 4168
f 8764 8775 4168
f 4168 8775 4167
f 8775 8776 4167
f 4167 8776 4166
f 8776 8777 4166
f 4166 8777 4171
f 8777 8781 4171
f 4171 8781 4170
f 8781 8782 4170
f 4170 8782 4169
f 8782 8783 4169
f 4169 8783 4177
f 8783 8792 4177
f 4177 8792 4176
f 8792 8793 4176
f 4176 8793 4175
f 8793 8794 4175
f 4175 8794 4191
f 8794 8798 4191
f 4191 8798 4190
f 8798 8799 4190
f 4190 8799 4186
f 8799 8791 4186
f 4186 8791 4185
f 8791 8795 4185
f 4185 8795 4184
f 8795 8796 4184
f 4184 8796 4187
f 8796 8797 4187
f 4187 8797 4189
f 8797 8800 4189
f 4189 8800 4188
f 8800 8801 4188
f 4188 8801 4183
f 8801 8784 4183
f 4183 8784 4182
f 8784 8785 4182
f 4182 8785 4181
f 8785 8789 4181
f 4181 8789 4180
f 8789 8790 4180
f 4180 8790 4179
f 8790 8786 4179
f 4179 8786 4178
f 8786 8787 4178
f 4178 8787 4174
f 8787 8788 4174
f 4174 8788 4173
f 8788 8765 4173
f 4173 8765 4172
f 8765 8766 4172
f 4172 8766 4156
f 8766 8778 4156
f 4156 8778 4155
f 8778 8779 4155
f 4155 8779 4165
f 8779 8780 4165
f 4165 8780 4164
f 8780 8767 4164
f 4164 8767 4163
f 8767 8768 4163
f 4163 8768 4161
f 8768 8769 4161
f 4161 8769 4160
f 8769 8773 4160
f 4160 8773 4159
f 8773 8774 4159
f 4159 8774 4144
f 8774 8754 4144
f 4144 8754 4143
f 8754 8755 4143
f 4143 8755 4142
f 8755 8757 4142
f 4142 8757 4141
f 8757 8758 4141
f 4141 8758 4140
f 8758 8759 4140
f 4140 8759 4138
f 8759 8728 4138
f 4138 8728 4137
f 8728 8729 4137
f 4137 8729 4133
f 8729 8735 4133
f 4133 8735 4132
f 8735 8736 4132
f 4132 8736 4131
f 8736 8737 4131
f 4131 8737 4130
f 8737 8741 4130
f 4130 8741 4129
f 8741 8742 4129
f 4129 8742 4127
f 8742 8743 4127
f 4127 8743 4126
f 8743 8744 4126
f 4126 8744 4136
f 8744 8745 4136
f 4136 8745 4135
f 8815 8816 4203
f 4203 8816 4211
f 8816 8827 4211
f 4211 8827 4210
f 8827 8828 4210
f 4210 8828 4207
f 8828 8806 4207
f 4207 8806 4206
f 8806 8807 4206
f 4206 8807 4205
f 8807 8817 4205
f 4205 8817 4202
f 8817 8818 4202
f 4202 8818 4201
f 8818 8819 4201
f 4201 8819 4200
f 8819 8836 4200
f 4200 8836 4199
f 8836 8837 4199
f 4199 8837 4237
f 8837 8838 4237
f 4237 8838 4236
f 8838 8839 4236
f 4236 8839 4235
f 8839 8840 4235
f 4235 8840 4229
f 8840 8841 4229
f 4229 8841 4228
f 8841 8842 4228
f 4228 8842 4248
f 8842 8855 4248
f 4248 8855 4247
f 8855 8856 4247
f 4247 8856 4244
f 8856 8857 4244
f 4244 8857 4243
f 8857 8862 4243
f 4243 8862 4242
f 8862 8863 4242
f 4242 8863 4256
f 8863 8864 4256
f 4256 8864 4234
f 8864 8858 4234
f 4234 8858 4233
f 8858 8859 4233
f 4233 8859 4272
f 8859 8870 4272
f 4272 8870 4271
f 8870 8871 4271
f 4271 8871 4270
f 8871 8872 4270
f 4270 8872 4278
f 8872 8887 4278
f 4278 8887 4277
f 8887 8888 4277
f 4277 8888 4276
f 8888 8889 4276
f 4276 8889 4284
f 8889 8896 4284
f 4284 8896 4283
f 8896 8897 4283
f 4283 8897 4282
f 8897 8898 4282
f 4282 8898 4297
f 8898 8903 4297
f 4297 8903 4296
f 8903 8904 4296
f 4296 8904 4292
f 8904 8899 4292
f 4292 8899 4291
f 8899 8900 4291
f 4291 8900 4290
f 8900 8901 4290
f 4290 8901 4289
f 8901 8902 4289
f 4289 8902 4288
f 8902 8905 4288
f 4288 8905 4295
f 8905 8906 4295
f 4295 8906 4294
f 8906 8907 4294
f 4294 8907 4293
f 8907 8893 4293
f 4293 8893 4287
f 8893 8894 4287
f 4287 8894 4286
f 8894 8895 4286
f 4286 8895 4285
f 8895 8890 4285
f 4285 8890 4281
f 8890 8891 4281
f 4281 8891 4280
f 8891 8892 4280
f 4280 8892 4279
f 8892 8865 4279
f 4279 8865 4275
f 8865 8866 4275
f 4275 8866 4274
f 8866 8867 4274
f 4274 8867 4273
f 8867 8868 4273
f 4273 8868 4249
f 8868 8873 4249
f 4249 8873 4250
f 8873 8874 4250
f 4250 8874 4251
f 8874 8878 4251
f 4251 8878 4266
f 8878 8879 4266
f 4266 8879 4268
f 8879 8843 4268
f 4268 8843 4269
f 8843 8844 4269
f 4269 8844 4253
f 8844 8846 4253
f 4253 8846 4252
f 8846 8847 4252
f 4252 8847 4224
f 8847 8848 4224
f 4224 8848 4223
f 8848 8849 4223
f 4223 8849 4232
f 8849 8831 4232
f 4232 8831 4212
f 8831 8802 4212
f 4212 8802 4214
f 8802 8803 4214
f 4214 8803 4216
f 8803 8820 4216
f 4216 8820 4217
f 8820 8821 4217
f 4217 8821 4218
f 8821 8822 4218
f 4218 8822 4209
f 8822 8823 4209
f 4209 8823 4208
f 8823 8824 4208
f 4208 8824 4220
f 8824 8825 4220
f 4220 8825 4219
f 8825 8826 4219
f 4219 8826 4204
f 8826 8815 4204
f 4204 8815 4203
f 8919 8811 4308
f 4308 8811 4307
f 8811 8812 4307
f 4307 8812 4198
f 8812 8813 4198
f 4198 8813 4197
f 8813 8814 4197
f 4197 8814 4196
f 8814 8808 4196
f 4196 8808 4195
f 8808 8809 4195
f 4195 8809 4194
f 8809 8810 4194
f 4194 8810 4193
f 8810 8805 4193
f 4193 8805 4192
f 8805 8804 4192
f 4192 8804 4215
f 8804 8832 4215
f 4215 8832 4213
f 8832 8833 4213
f 4213 8833 4231
f 8833 8834 4231
f 4231 8834 4230
f 8834 8835 4230
f 4230 8835 4222
f 8835 8829 4222
f 4222 8829 4221
f 8829 8830 4221
f 4221 8830 4225
f 8830 8869 4225
f 4225 8869 4254
f 8869 8845 4254
f 4254 8845 4255
f 8845 8877 4255
f 4255 8877 4267
f 8877 8876 4267
f 4267 8876 4265
f 8876 8875 4265
f 4265 8875 4264
f 8875 8852 4264
f 4264 8852 4227
f 8852 8851 4227
f 4227 8851 4226
f 8851 8850 4226
f 4226 8850 4246
f 8850 8860 4246
f 4246 8860 4245
f 8860 8861 4245
f 4245 8861 4241
f 8861 8853 4241
f 4241 8853 4240
f 8853 8854 4240
f 4240 8854 4239
f 8854 8880 4239
f 4239 8880 4238
f 8880 8881 4238
f 4238 8881 4263
f 8881 8882 4263
f 4263 8882 4262
f 8882 8883 4262
f 4262 8883 4261
f 8883 8884 4261
f 4261 8884 4260
f 8884 8885 4260
f 4260 8885 4259
f 8885 8886 4259
f 4259 8886 4258
f 8886 8941 4258
f 4258 8941 4257
f 8941 8942 4257
f 4257 8942 4333
f 8942 8943 4333
f 4333 8943 4332
f 8943 8944 4332
f 4332 8944 4331
f 8944 8945 4331
f 4331 8945 4336
f 8945 8946 4336
f 4336 8946 4335
f 8946 8931 4335
f 4335 8931 4334
f 8931 8932 4334
f 4334 8932 4330
f 8932 8936 4330
f 4330 8936 4329
f 8936 8937 4329
f 4329 8937 4328
f 8937 8938 4328
f 4328 8938 4327
f 8938 8939 4327
f 4327 8939 4326
f 8939 8940 4326
f 4326 8940 4325
f 8940 8922 4325
f 4325 8922 4324
f 8922 8923 4324
f 4324 8923 4323
f 8923 8933 4323
f 4323 8933 4322
f 8933 8934 4322
f 4322 8934 4319
f 8934 8935 4319
f 4319 8935 4320
f 8935 8926 4320
f 4320 8926 4321
f 8926 8927 4321
f 4321 8927 4318
f 8927 8928 4318
f 4318 8928 4317
f 8928 8929 4317
f 4317 8929 4316
f 8929 8930 4316
f 4316 8930 4315
f 8930 8920 4315
f 4315 8920 4314
f 8920 8921 4314
f 4314 8921 4313
f 8921 8924 4313
f 4313 8924 4312
f 8924 8925 4312
f 4312 8925 4311
f 8925 8909 4311
f 4311 8909 4310
f 8909 8910 4310
f 4310 8910 4299
f 8910 8911 4299
f 4299 8911 4298
f 8911 8912 4298
f 4298 8912 4306
f 8912 8913 4306
f 4306 8913 4305
f 8913 8914 4305
f 4305 8914 4304
f 8914 8915 4304
f 4304 8915 4303
f 8915 8916 4303
f 4303 8916 4302
f 8916 8917 4302
f 4302 8917 4301
f 8917 8918 4301
f 4301 8918 4309
f 8918 8919 4309
f 4309 8919 4308
f 6487 6488 677
f 677 6488 676
f 6488 6489 676
f 676 6489 688
f 6489 6500 688
f 688 6500 687
f 6500 6501 687
f 687 6501 675
f 6501 6473 675
f 675 6473 674
f 6473 6474 674
f 674 6474 673
f 6474 6475 673
f 673 6475 648
f 6475 6458 648
f 648 6458 647
f 6458 6459 647
f 647 6459 658
f 6459 6476 658
f 658 6476 657
f 6476 6477 657
f 657 6477 646
f 6477 6449 646
f 646 6449 645
f 6449 6450 645
f 645 6450 644
f 6450 6451 644
f 644 6451 632
f 6451 6455 632
f 632 6455 631
f 6455 6456 631
f 631 6456 630
f 6456 6457 630
f 630 6457 629
f 6457 6460 629
f 629 6460 628
f 6460 6461 628
f 628 6461 643
f 6461 6462 643
f 643 6462 642
f 6462 6463 642
f 642 6463 641
f 6463 6478 641
f 641 6478 640
f 6478 6479 640
f 640 6479 663
f 6479 6480 663
f 663 6480 662
f 6480 6481 662
f 662 6481 656
f 6481 6482 656
f 656 6482 655
f 6482 6483 655
f 655 6483 654
f 6483 6502 654
f 654 6502 690
f 6502 6503 690
f 690 6503 689
f 6503 6504 689
f 689 6504 686
f 6504 6505 686
f 686 6505 685
f 6505 6506 685
f 685 6506 696
f 6506 6507 696
f 696 6507 695
f 6507 6508 695
f 695 6508 694
f 6508 6509 694
f 694 6509 699
f 6509 6510 699
f 699 6510 698
f 6510 6511 698
f 698 6511 697
f 6511 6512 697
f 697 6512 693
f 6512 6513 693
f 693 6513 692
f 6513 6514 692
f 692 6514 691
f 6514 6495 691
f 691 6495 684
f 6495 6496 684
f 684 6496 683
f 6496 6497 683
f 683 6497 682
f 6497 6490 682
f 682 6490 672
f 6490 6491 672
f 672 6491 671
f 6491 6498 671
f 671 6498 670
f 6498 6499 670
f 670 6499 669
f 6499 6464 669
f 669 6464 668
f 6464 6465 668
f 668 6465 667
f 6465 6466 667
f 667 6466 653
f 6466 6467 653
f 653 6467 652
f 6467 6468 652
f 652 6468 661
f 6468 6469 661
f 661 6469 660
f 6469 6442 660
f 660 6442 659
f 6442 6443 659
f 659 6443 651
f 6443 6445 651
f 651 6445 650
f 6445 6446 650
f 650 6446 649
f 6446 6447 649
f 649 6447 639
f 6447 6448 639
f 639 6448 638
f 6448 6452 638
f 638 6452 637
f 6452 6453 637
f 637 6453 636
f 6453 6454 636
f 636 6454 635
f 6454 6470 635
f 635 6470 634
f 6470 6471 634
f 634 6471 633
f 6471 6472 633
f 633 6472 666
f 6472 6484 666
f 666 6484 665
f 6484 6485 665
f 665 6485 664
f 6485 6486 664
f 664 6486 681
f 6486 6492 681
f 681 6492 680
f 6492 6493 680
f 680 6493 679
f 6493 6494 679
f 679 6494 678
f 6494 6487 678
f 678 6487 677
f 6591 6592 607
f 607 6592 606
f 6592 6593 606
f 606 6593 605
f 6593 6611 605
f 605 6611 604
f 6611 6612 604
f 604 6612 600
f 6612 6567 600
f 600 6567 599
f 6567 6568 599
f 599 6568 598
f 6568 6569 598
f 598 6569 546
f 6569 6545 546
f 546 6545 545
f 6545 6546 545
f 545 6546 561
f 6546 6570 561
f 561 6570 560
f 6570 6571 560
f 560 6571 544
f 6571 6520 544
f 544 6520 543
f 6520 6521 543
f 543 6521 542
f 6521 6522 542
f 542 6522 526
f 6522 6535 526
f 526 6535 525
f 6535 6536 525
f 525 6536 524
f 6536 6537 524
f 524 6537 523
f 6537 6547 523
f 523 6547 522
f 6547 6548 522
f 522 6548 559
f 6548 6549 559
f 559 6549 558
f 6549 6575 558
f 558 6575 557
f 6575 6576 557
f 557 6576 556
f 6576 6577 556
f 556 6577 578
f 6577 6583 578
f 578 6583 577
f 6583 6584 577
f 577 6584 569
f 6584 6585 569
f 569 6585 568
f 6585 6602 568
f 568 6602 567
f 6602 6603 567
f 567 6603 619
f 6603 6604 619
f 619 6604 618
f 6604 6605 618
f 618 6605 612
f 6605 6606 612
f 612 6606 611
f 6606 6607 611
f 611 6607 610
f 6607 6613 610
f 610 6613 626
f 6613 6614 626
f 626 6614 625
f 6614 6615 625
f 625 6615 620
f 6615 6616 620
f 620 6616 621
f 6616 6617 621
f 621 6617 622
f 6617 6594 622
f 622 6594 624
f 6594 6595 624
f 624 6595 623
f 6595 6596 623
f 623 6596 617
f 6596 6597 617
f 617 6597 616
f 6597 6598 616
f 616 6598 615
f 6598 6599 615
f 615 6599 613
f 6599 6581 613
f 613 6581 603
f 6581 6582 603
f 603 6582 602
f 6582 6600 602
f 602 6600 601
f 6600 6601 601
f 601 6601 597
f 6601 6550 597
f 597 6550 596
f 6550 6551 596
f 596 6551 595
f 6551 6553 595
f 595 6553 576
f 6553 6554 576
f 576 6554 575
f 6554 6555 575
f 575 6555 574
f 6555 6556 574
f 574 6556 566
f 6556 6572 566
f 566 6572 565
f 6572 6532 565
f 565 6532 581
f 6532 6531 581
f 581 6531 583
f 6531 6525 583
f 583 6525 536
f 6525 6524 536
f 536 6524 535
f 6524 6523 535
f 535 6523 534
f 6523 6533 534
f 534 6533 533
f 6533 6534 533
f 533 6534 532
f 6534 6517 532
f 532 6517 531
f 6517 6564 531
f 531 6564 530
f 6564 6565 530
f 530 6565 529
f 6565 6566 529
f 529 6566 572
f 6566 6578 572
f 572 6578 571
f 6578 6579 571
f 571 6579 548
f 6579 6580 548
f 548 6580 547
f 6580 6608 547
f 547 6608 570
f 6608 6609 570
f 570 6609 609
f 6609 6610 609
f 609 6610 608
f 6610 6591 608
f 608 6591 607
f 6647 6527 500
f 500 6527 499
f 6527 6528 499
f 499 6528 537
f 6528 6562 537
f 537 6562 594
f 6562 6563 594
f 594 6563 593
f 6563 6538 593
f 593 6538 592
f 6538 6539 592
f 592 6539 591
f 6539 6540 591
f 591 6540 590
f 6540 6541 590
f 590 6541 589
f 6541 6542 589
f 589 6542 588
f 6542 6543 588
f 588 6543 587
f 6543 6544 587
f 587 6544 586
f 6544 6515 586
f 586 6515 585
f 6515 6516 585
f 585 6516 584
f 6516 6518 584
f 584 6518 582
f 6518 6519 582
f 582 6519 564
f 6519 6529 564
f 564 6529 614
f 6529 6530 614
f 614 6530 541
f 6530 6573 541
f 541 6573 540
f 6573 6574 540
f 540 6574 555
f 6574 6557 555
f 555 6557 554
f 6557 6552 554
f 554 6552 528
f 6552 6618 528
f 528 6618 527
f 6618 6619 527
f 527 6619 563
f 6619 6620 563
f 563 6620 562
f 6620 6558 562
f 562 6558 553
f 6558 6559 553
f 553 6559 552
f 6559 6560 552
f 552 6560 551
f 6560 6561 551
f 551 6561 539
f 6561 6586 539
f 539 6586 538
f 6586 6587 538
f 538 6587 573
f 6587 6588 573
f 573 6588 550
f 6588 6589 550
f 550 6589 549
f 6589 6590 549
f 549 6590 580
f 6590 6648 580
f 580 6648 579
f 6648 6649 579
f 579 6649 515
f 6649 6650 515
f 515 6650 516
f 6650 6658 516
f 516 6658 517
f 6658 6659 517
f 517 6659 520
f 6659 6660 520
f 520 6660 519
f 6660 6635 519
f 519 6635 518
f 6635 6636 518
f 518 6636 514
f 6636 6651 514
f 514 6651 513
f 6651 6652 513
f 513 6652 512
f 6652 6643 512
f 512 6643 511
f 6643 6644 511
f 511 6644 510
f 6644 6653 510
f 510 6653 509
f 6653 6654 509
f 509 6654 505
f 6654 6626 505
f 505 6626 504
f 6626 6627 504
f 504 6627 503
f 6627 6628 503
f 503 6628 492
f 6628 6629 492
f 492 6629 491
f 6629 6637 491
f 491 6637 498
f 6637 6638 498
f 498 6638 497
f 6638 6639 497
f 497 6639 496
f 6639 6640 496
f 496 6640 495
f 6640 6641 495
f 495 6641 494
f 6641 6642 494
f 494 6642 493
f 6642 6621 493
f 493 6621 490
f 6621 6622 490
f 490 6622 489
f 6622 6630 489
f 489 6630 488
f 6630 6631 488
f 488 6631 484
f 6631 6624 484
f 484 6624 483
f 6624 6625 483
f 483 6625 482
f 6625 6632 482
f 482 6632 481
f 6632 6633 481
f 481 6633 487
f 6633 6634 487
f 487 6634 486
f 6634 6655 486
f 486 6655 485
f 6655 6656 485
f 485 6656 508
f 6656 6657 508
f 508 6657 507
f 6657 6645 507
f 507 6645 506
f 6645 6646 506
f 506 6646 502
f 6646 6647 502
f 502 6647 500
f 8951 8952 4358
f 4358 8952 4357
f 8952 8965 4357
f 4357 8965 4356
f 8965 8966 4356
f 4356 8966 4352
f 8966 8962 4352
f 4352 8962 4351
f 8962 8963 4351
f 4351 8963 4350
f 8963 8964 4350
f 4350 8964 4347
f 8964 8947 4347
f 4347 8947 4346
f 8947 8948 4346
f 4346 8948 4345
f 8948 8949 4345
f 4345 8949 4337
f 8949 8967 4337
f 4337 8967 4338
f 8967 8968 4338
f 4338 8968 4340
f 8968 8969 4340
f 4340 8969 4341
f 8969 8975 4341
f 4341 8975 4370
f 8975 8976 4370
f 4370 8976 4369
f 8976 8977 4369
f 4369 8977 4368
f 8977 8978 4368
f 4368 8978 4367
f 8978 8979 4367
f 4367 8979 4366
f 8979 8980 4366
f 4366 8980 4365
f 8980 8981 4365
f 4365 8981 4364
f 8981 8982 4364
f 4364 8982 4385
f 8982 8983 4385
f 4385 8983 4384
f 8983 8984 4384
f 4384 8984 4383
f 8984 8985 4383
f 4383 8985 4382
f 8985 8986 4382
f 4382 8986 4381
f 8986 8987 4381
f 4381 8987 4380
f 8987 9002 4380
f 4380 9002 4379
f 9002 9003 4379
f 4379 9003 4400
f 9003 9004 4400
f 4400 9004 4399
f 9004 9005 4399
f 4399 9005 4396
f 9005 9006 4396
f 4396 9006 4397
f 9006 9007 4397
f 4397 9007 4398
f 9007 9015 4398
f 4398 9015 4407
f 9015 9016 4407
f 4407 9016 4406
f 9016 9017 4406
f 4406 9017 4405
f 9017 9018 4405
f 4405 9018 4404
f 9018 9019 4404
f 4404 9019 4410
f 9019 9020 4410
f 4410 9020 4409
f 9020 9012 4409
f 4409 9012 4408
f 9012 9011 4408
f 4408 9011 4403
f 9011 9010 4403
f 4403 9010 4402
f 9010 9013 4402
f 4402 9013 4401
f 9013 9014 4401
f 4401 9014 4395
f 9014 8999 4395
f 4395 8999 4394
f 8999 9000 4394
f 4394 9000 4393
f 9000 9001 4393
f 4393 9001 4392
f 9001 9008 4392
f 4392 9008 4391
f 9008 9009 4391
f 4391 9009 4390
f 9009 8994 4390
f 4390 8994 4378
f 8994 8995 4378
f 4378 8995 4377
f 8995 8996 4377
f 4377 8996 4386
f 8996 8997 4386
f 4386 8997 4389
f 8997 8998 4389
f 4389 8998 4388
f 8998 8988 4388
f 4388 8988 4387
f 8988 8989 4387
f 4387 8989 4376
f 8989 8990 4376
f 4376 8990 4375
f 8990 8991 4375
f 4375 8991 4374
f 8991 8992 4374
f 4374 8992 4373
f 8992 8993 4373
f 4373 8993 4372
f 8993 8970 4372
f 4372 8970 4371
f 8970 8971 4371
f 4371 8971 4363
f 8971 8973 4363
f 4363 8973 4362
f 8973 8974 4362
f 4362 8974 4360
f 8974 8953 4360
f 4360 8953 4359
f 8953 8954 4359
f 4359 8954 4344
f 8954 8955 4344
f 4344 8955 4343
f 8955 8956 4343
f 4343 8956 4342
f 8956 8957 4342
f 4342 8957 4355
f 8957 8959 4355
f 4355 8959 4354
f 8959 8960 4354
f 4354 8960 4349
f 8960 8961 4349
f 4349 8961 4348
f 8961 8958 4348
f 4348 8958 4353
f 8958 8951 4353
f 4353 8951 4358
f 9039 9040 4425
f 4425 9040 4424
f 9040 9032 4424
f 4424 9032 4423
f 9032 9033 4423
f 4423 9033 4420
f 9033 9034 4420
f 4420 9034 4419
f 9034 9025 4419
f 4419 9025 4418
f 9025 9026 4418
f 4418 9026 4417
f 9026 9027 4417
f 4417 9027 4416
f 9027 9028 4416
f 4416 9028 4415
f 9028 9041 4415
f 4415 9041 4414
f 9041 9042 4414
f 4414 9042 4443
f 9042 9043 4443
f 4443 9043 4442
f 9043 9044 4442
f 4442 9044 4441
f 9044 9045 4441
f 4441 9045 4440
f 9045 9046 4440
f 4440 9046 4439
f 9046 9047 4439
f 4439 9047 4450
f 9047 9052 4450
f 4450 9052 4449
f 9052 9053 4449
f 4449 9053 4446
f 9053 9054 4446
f 4446 9054 4445
f 9054 9062 4445
f 4445 9062 4444
f 9062 9063 4444
f 4444 9063 4457
f 9063 9064 4457
f 4457 9064 4438
f 9064 9055 4438
f 4438 9055 4437
f 9055 9056 4437
f 4437 9056 4462
f 9056 9067 4462
f 4462 9067 4461
f 9067 9068 4461
f 4461 9068 4456
f 9068 9069 4456
f 4456 9069 4455
f 9069 9073 4455
f 4455 9073 4454
f 9073 9074 4454
f 4454 9074 4468
f 9074 9075 4468
f 4468 9075 4467
f 9075 9083 4467
f 4467 9083 4466
f 9083 9084 4466
f 4466 9084 4477
f 9084 9085 4477
f 4477 9085 4476
f 9085 9089 4476
f 4476 9089 4475
f 9089 9090 4475
f 4475 9090 4483
f 9090 9091 4483
f 4483 9091 4482
f 9091 9086 4482
f 4482 9086 4481
f 9086 9087 4481
f 4481 9087 4480
f 9087 9088 4480
f 4480 9088 4479
f 9088 9092 4479
f 4479 9092 4478
f 9092 9093 4478
f 4478 9093 4474
f 9093 9076 4474
f 4474 9076 4473
f 9076 9077 4473
f 4473 9077 4472
f 9077 9081 4472
f 4472 9081 4471
f 9081 9082 4471
f 4471 9082 4470
f 9082 9078 4470
f 4470 9078 4469
f 9078 9079 4469
f 4469 9079 4465
f 9079 9080 4465
f 4465 9080 4464
f 9080 9057 4464
f 4464 9057 4463
f 9057 9058 4463
f 4463 9058 4448
f 9058 9070 4448
f 4448 9070 4447
f 9070 9071 4447
f 4447 9071 4460
f 9071 9072 4460
f 4460 9072 4459
f 9072 9059 4459
f 4459 9059 4458
f 9059 9060 4458
f 4458 9060 4453
f 9060 9061 4453
f 4453 9061 4452
f 9061 9065 4452
f 4452 9065 4451
f 9065 9066 4451
f 4451 9066 4436
f 9066 9048 4436
f 4436 9048 4435
f 9048 9049 4435
f 4435 9049 4434
f 9049 9050 4434
f 4434 9050 4433
f 9050 9051 4433
f 4433 9051 4432
f 9051 9022 4432
f 4432 9022 4431
f 9022 9023 4431
f 4431 9023 4412
f 9023 9024 4412
f 4412 9024 4411
f 9024 9029 4411
f 4411 9029 4428
f 9029 9030 4428
f 4428 9030 4427
f 9030 9031 4427
f 4427 9031 4422
f 9031 9035 4422
f 4422 9035 4421
f 9035 9036 4421
f 4421 9036 4430
f 9036 9037 4430
f 4430 9037 4429
f 9037 9038 4429
f 4429 9038 4426
f 9038 9039 4426
f 4426 9039 4425
f 9110 9111 4495
f 4495 9111 4494
f 9111 9103 4494
f 4494 9103 4493
f 9103 9104 4493
f 4493 9104 4490
f 9104 9105 4490
f 4490 9105 4489
f 9105 9096 4489
f 4489 9096 4488
f 9096 9097 4488
f 4488 9097 4487
f 9097 9098 4487
f 4487 9098 4486
f 9098 9099 4486
f 4486 9099 4485
f 9099 9112 4485
f 4485 9112 4484
f 9112 9113 4484
f 4484 9113 4516
f 9113 9114 4516
f 4516 9114 4515
f 9114 9115 4515
f 4515 9115 4514
f 9115 9116 4514
f 4514 9116 4513
f 9116 9117 4513
f 4513 9117 4512
f 9117 9118 4512
f 4512 9118 4521
f 9118 9125 4521
f 4521 9125 4520
f 9125 9126 4520
f 4520 9126 4519
f 9126 9127 4519
f 4519 9127 4518
f 9127 9130 4518
f 4518 9130 4517
f 9130 9131 4517
f 4517 9131 4527
f 9131 9132 4527
f 4527 9132 4511
f 9132 9128 4511
f 4511 9128 4510
f 9128 9129 4510
f 4510 9129 4533
f 9129 9139 4533
f 4533 9139 4532
f 9139 9140 4532
f 4532 9140 4531
f 9140 9141 4531
f 4531 9141 4541
f 9141 9157 4541
f 4541 9157 4540
f 9157 9158 4540
f 4540 9158 4539
f 9158 9159 4539
f 4539 9159 4548
f 9159 9177 4548
f 4548 9177 4550
f 9177 9178 4550
f 4550 9178 4551
f 9178 9179 4551
f 4551 9179 4576
f 9179 9180 4576
f 4576 9180 4575
f 9180 9181 4575
f 4575 9181 4554
f 9181 9166 4554
f 4554 9166 4553
f 9166 9167 4553
f 4553 9167 4552
f 9167 9168 4552
f 4552 9168 4574
f 9168 9169 4574
f 4574 9169 4573
f 9169 9164 4573
f 4573 9164 4571
f 9164 9163 4571
f 4571 9163 4570
f 9163 9161 4570
f 4570 9161 4543
f 9161 9170 4543
f 4543 9170 4542
f 9170 9171 4542
f 4542 9171 4569
f 9171 9173 4569
f 4569 9173 4568
f 9173 9175 4568
f 4568 9175 4566
f 9175 9176 4566
f 4566 9176 4564
f 9176 9151 4564
f 4564 9151 4562
f 9151 9165 4562
f 4562 9165 4560
f 9165 9154 4560
f 4560 9154 4558
f 9154 9142 4558
f 4558 9142 4556
f 9142 9143 4556
f 4556 9143 4537
f 9143 9148 4537
f 4537 9148 4535
f 9148 9236 4535
f 4535 9236 4534
f 9236 9135 4534
f 4534 9135 4525
f 9135 9136 4525
f 4525 9136 4523
f 9136 9137 4523
f 4523 9137 4522
f 9137 9138 4522
f 4522 9138 4509
f 9138 9119 4509
f 4509 9119 4508
f 9119 9120 4508
f 4508 9120 4507
f 9120 9122 4507
f 4507 9122 4506
f 9122 9123 4506
f 4506 9123 4505
f 9123 9124 4505
f 4505 9124 4503
f 9124 9094 4503
f 4503 9094 4502
f 9094 9095 4502
f 4502 9095 4499
f 9095 9100 4499
f 4499 9100 4498
f 9100 9101 4498
f 4498 9101 4497
f 9101 9102 4497
f 4497 9102 4492
f 9102 9106 4492
f 4492 9106 4491
f 9106 9107 4491
f 4491 9107 4501
f 9107 9108 4501
f 4501 9108 4500
f 9108 9109 4500
f 4500 9109 4496
f 9109 9110 4496
f 4496 9110 4495
f 6734 6723 475
f 475 6723 474
f 6723 6724 474
f 474 6724 466
f 6724 6725 466
f 466 6725 465
f 6725 6726 465
f 465 6726 464
f 6726 6727 464
f 464 6727 463
f 6727 6728 463
f 463 6728 462
f 6728 6690 462
f 462 6690 461
f 6690 6691 461
f 461 6691 441
f 6691 6692 441
f 441 6692 440
f 6692 6705 440
f 440 6705 439
f 6705 6706 439
f 439 6706 428
f 6706 6681 428
f 428 6681 427
f 6681 6682 427
f 427 6682 426
f 6682 6685 426
f 426 6685 425
f 6685 6686 425
f 425 6686 424
f 6686 6671 424
f 424 6671 423
f 6671 6672 423
f 423 6672 414
f 6672 6687 414
f 414 6687 412
f 6687 6688 412
f 412 6688 411
f 6688 6689 411
f 411 6689 410
f 6689 6661 410
f 410 6661 409
f 6661 6662 409
f 409 6662 422
f 6662 6674 422
f 422 6674 421
f 6674 6675 421
f 421 6675 416
f 6675 6676 416
f 416 6676 415
f 6676 6693 415
f 415 6693 420
f 6693 6694 420
f 420 6694 449
f 6694 6695 449
f 449 6695 448
f 6695 6696 448
f 448 6696 445
f 6696 6697 445
f 445 6697 446
f 6697 6698 446
f 446 6698 447
f 6698 6717 447
f 447 6717 473
f 6717 6718 473
f 473 6718 472
f 6718 6719 472
f 472 6719 468
f 6719 6729 468
f 468 6729 467
f 6729 6730 467
f 467 6730 479
f 6730 6731 479
f 479 6731 478
f 6731 6710 478
f 478 6710 477
f 6710 6711 477
f 477 6711 460
f 6711 6712 460
f 460 6712 459
f 6712 6713 459
f 459 6713 458
f 6713 6714 458
f 458 6714 457
f 6714 6715 457
f 457 6715 456
f 6715 6716 456
f 456 6716 455
f 6716 6699 455
f 455 6699 444
f 6699 6700 444
f 444 6700 443
f 6700 6701 443
f 443 6701 442
f 6701 6677 442
f 442 6677 435
f 6677 6678 435
f 435 6678 434
f 6678 6683 434
f 434 6683 433
f 6683 6684 433
f 433 6684 432
f 6684 6679 432
f 432 6679 431
f 6679 6680 431
f 431 6680 430
f 6680 6663 430
f 430 6663 429
f 6663 6664 429
f 429 6664 419
f 6664 6666 419
f 419 6666 418
f 6666 6667 418
f 418 6667 417
f 6667 6668 417
f 417 6668 408
f 6668 6669 408
f 408 6669 407
f 6669 6670 407
f 407 6670 438
f 6670 6702 438
f 438 6702 437
f 6702 6703 437
f 437 6703 436
f 6703 6704 436
f 436 6704 454
f 6704 6707 454
f 454 6707 453
f 6707 6708 453
f 453 6708 450
f 6708 6709 450
f 450 6709 451
f 6709 6720 451
f 451 6720 452
f 6720 6721 452
f 452 6721 471
f 6721 6722 471
f 471 6722 470
f 6722 6732 470
f 470 6732 469
f 6732 6733 469
f 469 6733 476
f 6733 6734 476
f 476 6734 475
f 4769 4770 2391
f 2391 4770 2390
f 4770 4771 2390
f 2390 4771 2387
f 4771 4764 2387
f 2387 4764 2386
f 4764 4765 2386
f 2386 4765 2385
f 4765 4767 2385
f 2385 4767 2382
f 4767 9277 2382
f 2382 9277 2381
f 9277 9278 2381
f 2381 9278 4677
f 9278 9279 4677
f 4677 9279 4676
f 9279 9275 4676
f 4676 9275 4675
f 9275 9276 4675
f 4675 9276 4671
f 9276 9280 4671
f 4671 9280 4670
f 9280 9281 4670
f 4670 9281 4669
f 9281 9282 4669
f 4669 9282 4668
f 9282 9283 4668
f 4668 9283 4667
f 9283 9284 4667
f 4667 9284 4674
f 9284 9285 4674
f 4674 9285 4673
f 9285 6988 4673
f 4673 6988 4672
f 6988 6989 4672
f 4672 6989 139
f 6989 6990 139
f 139 6990 141
f 6990 6993 141
f 141 6993 142
f 6993 6992 142
f 142 6992 144
f 6992 6991 144
f 144 6991 143
f 6991 6996 143
f 143 6996 152
f 6996 6997 152
f 152 6997 151
f 6997 6998 151
f 151 6998 150
f 6998 6999 150
f 150 6999 149
f 6999 7000 149
f 149 7000 148
f 7000 6994 148
f 148 6994 147
f 6994 6995 147
f 147 6995 146
f 6995 4725 146
f 146 4725 145
f 4725 4723 145
f 145 4723 119
f 4723 4724 119
f 119 4724 118
f 4724 4726 118
f 118 4726 117
f 4726 4727 117
f 117 4727 116
f 4727 4728 116
f 116 4728 120
f 4728 4729 120
f 120 4729 121
f 4729 4730 121
f 121 4730 122
f 4730 4731 122
f 122 4731 123
f 4731 4732 123
f 123 4732 124
f 4732 4733 124
f 124 4733 125
f 4733 4734 125
f 125 4734 126
f 4734 4735 126
f 126 4735 127
f 4735 4736 127
f 127 4736 128
f 4736 4737 128
f 128 4737 129
f 4737 4738 129
f 129 4738 130
f 4738 4739 130
f 130 4739 131
f 4739 4740 131
f 131 4740 132
f 4740 4741 132
f 132 4741 133
f 4741 4742 133
f 133 4742 134
f 4742 4743 134
f 134 4743 135
f 4743 4744 135
f 135 4744 136
f 4744 4745 136
f 136 4745 137
f 4745 4746 137
f 137 4746 138
f 4746 4747 138
f 138 4747 2366
f 4747 4748 2366
f 2366 4748 2367
f 4748 4749 2367
f 2367 4749 2368
f 4749 4750 2368
f 2368 4750 2369
f 4750 4751 2369
f 2369 4751 2370
f 4751 4752 2370
f 2370 4752 2377
f 4752 4753 2377
f 2377 4753 2376
f 4753 4754 2376
f 2376 4754 2375
f 4754 4755 2375
f 2375 4755 2374
f 4755 4756 2374
f 2374 4756 2373
f 4756 4757 2373
f 2373 4757 2372
f 4757 4758 2372
f 2372 4758 2371
f 4758 4759 2371
f 2371 4759 2384
f 4759 4760 2384
f 2384 4760 2383
f 4760 4761 2383
f 2383 4761 2379
f 4761 4762 2379
f 2379 4762 2378
f 4762 4763 2378
f 2378 4763 2389
f 4763 4768 2389
f 2389 4768 2388
f 4768 4769 2388
f 2388 4769 2391
f 6982 6983 194
f 194 6983 187
f 6983 6984 187
f 187 6984 186
f 6984 4720 186
f 186 4720 184
f 4720 4721 184
f 184 4721 183
f 4721 6937 183
f 183 6937 226
f 6937 6935 226
f 226 6935 227
f 6935 6940 227
f 227 6940 229
f 6940 6941 229
f 229 6941 244
f 6941 6943 244
f 244 6943 243
f 6943 6944 243
f 243 6944 241
f 6944 6922 241
f 241 6922 239
f 6922 6926 239
f 239 6926 237
f 6926 6927 237
f 237 6927 235
f 6927 6901 235
f 235 6901 233
f 6901 6929 233
f 233 6929 231
f 6929 6910 231
f 231 6910 216
f 6910 6913 216
f 216 6913 215
f 6913 6912 215
f 215 6912 202
f 6912 6911 202
f 202 6911 200
f 6911 6917 200
f 200 6917 199
f 6917 6918 199
f 199 6918 214
f 6918 6919 214
f 214 6919 213
f 6919 6914 213
f 213 6914 212
f 6914 6915 212
f 212 6915 211
f 6915 6916 211
f 211 6916 223
f 6916 6930 223
f 223 6930 222
f 6930 6931 222
f 222 6931 221
f 6931 6932 221
f 221 6932 220
f 6932 6933 220
f 220 6933 219
f 6933 6934 219
f 219 6934 210
f 6934 6921 210
f 210 6921 209
f 6921 6920 209
f 209 6920 208
f 6920 6976 208
f 208 6976 207
f 6976 6977 207
f 207 6977 193
f 6977 6978 193
f 193 6978 192
f 6978 6979 192
f 192 6979 191
f 6979 6980 191
f 191 6980 188
f 6980 6981 188
f 188 6981 189
f 6981 6960 189
f 189 6960 190
f 6960 6961 190
f 190 6961 175
f 6961 6962 175
f 175 6962 174
f 6962 6963 174
f 174 6963 182
f 6963 6969 182
f 182 6969 181
f 6969 6970 181
f 181 6970 163
f 6970 6948 163
f 163 6948 162
f 6948 6949 162
f 162 6949 161
f 6949 6950 161
f 161 6950 158
f 6950 6951 158
f 158 6951 157
f 6951 6952 157
f 157 6952 156
f 6952 6953 156
f 156 6953 154
f 6953 6954 154
f 154 6954 153
f 6954 6955 153
f 153 6955 155
f 6955 6964 155
f 155 6964 173
f 6964 6965 173
f 173 6965 172
f 6965 6966 172
f 172 6966 171
f 6966 6956 171
f 171 6956 170
f 6956 6945 170
f 170 6945 169
f 6945 6946 169
f 169 6946 168
f 6946 6957 168
f 168 6957 160
f 6957 6958 160
f 160 6958 159
f 6958 6959 159
f 159 6959 180
f 6959 6971 180
f 180 6971 179
f 6971 6972 179
f 179 6972 167
f 6972 6967 167
f 167 6967 166
f 6967 6968 166
f 166 6968 165
f 6968 6973 165
f 165 6973 164
f 6973 6974 164
f 164 6974 178
f 6974 6975 178
f 178 6975 177
f 6975 6985 177
f 177 6985 176
f 6985 6986 176
f 176 6986 196
f 6986 6987 196
f 196 6987 195
f 6987 6982 195
f 195 6982 194
f 9235 9149 4524
f 4524 9149 4526
f 9149 9150 4526
f 4526 9150 4536
f 9150 9145 4536
f 4536 9145 4538
f 9145 9144 4538
f 4538 9144 4555
f 9144 9155 4555
f 4555 9155 4557
f 9155 9156 4557
f 4557 9156 4559
f 9156 9152 4559
f 4559 9152 4561
f 9152 9153 4561
f 4561 9153 4563
f 9153 9174 4563
f 4563 9174 4565
f 9174 9172 4565
f 4565 9172 4567
f 9172 9162 4567
f 4567 9162 4544
f 9162 9182 4544
f 4544 9182 4572
f 9182 9160 4572
f 4572 9160 4549
f 9160 9133 4549
f 4549 9133 4547
f 9133 9134 4547
f 4547 9134 4546
f 9134 9146 4546
f 4546 9146 4545
f 9146 9147 4545
f 4545 9147 4530
f 9147 6810 4530
f 4530 6810 4529
f 6810 6811 4529
f 4529 6811 4528
f 6811 6853 4528
f 4528 6853 265
f 6853 6854 265
f 265 6854 264
f 6854 6855 264
f 264 6855 273
f 6855 6857 273
f 273 6857 272
f 6857 6881 272
f 272 6881 320
f 6881 6840 320
f 320 6840 287
f 6840 6866 287
f 287 6866 298
f 6866 6864 298
f 298 6864 300
f 6864 6862 300
f 300 6862 302
f 6862 6822 302
f 302 6822 258
f 6822 6823 258
f 258 6823 256
f 6823 6825 256
f 256 6825 255
f 6825 6827 255
f 255 6827 260
f 6827 6828 260
f 260 6828 262
f 6828 6819 262
f 262 6819 263
f 6819 6817 263
f 263 6817 269
f 6817 6815 269
f 269 6815 201
f 6815 6928 201
f 201 6928 217
f 6928 6908 217
f 217 6908 218
f 6908 6909 218
f 218 6909 230
f 6909 6902 230
f 230 6902 232
f 6902 6903 232
f 232 6903 234
f 6903 6925 234
f 234 6925 236
f 6925 6923 236
f 236 6923 238
f 6923 6924 238
f 238 6924 240
f 6924 6942 240
f 240 6942 242
f 6942 6936 242
f 242 6936 228
f 6936 6938 228
f 228 6938 225
f 6938 6939 225
f 225 6939 224
f 6939 6899 224
f 224 6899 198
f 6899 6900 198
f 198 6900 197
f 6900 6904 197
f 197 6904 206
f 6904 6905 206
f 206 6905 205
f 6905 6906 205
f 205 6906 204
f 6906 6907 204
f 204 6907 203
f 6907 9246 203
f 203 9246 4609
f 9246 9247 4609
f 4609 9247 4608
f 9247 9248 4608
f 4608 9248 4612
f 9248 9249 4612
f 4612 9249 4611
f 9249 9250 4611
f 4611 9250 4603
f 9250 9251 4603
f 4603 9251 4602
f 9251 9265 4602
f 4602 9265 4628
f 9265 9263 4628
f 4628 9263 4630
f 9263 9261 4630
f 4630 9261 4632
f 9261 9259 4632
f 4632 9259 4625
f 9259 9257 4625
f 4625 9257 4624
f 9257 9255 4624
f 4624 9255 4622
f 9255 9243 4622
f 4622 9243 4614
f 9243 9244 4614
f 4614 9244 4613
f 9244 9245 4613
f 4613 9245 4607
f 9245 9238 4607
f 4607 9238 4606
f 9238 9240 4606
f 4606 9240 4610
f 9240 9235 4610
f 4610 9235 4524
f 9198 9193 4588
f 4588 9193 4587
f 9193 9194 4587
f 4587 9194 4582
f 9194 9195 4582
f 4582 9195 4583
f 9195 9268 4583
f 4583 9268 4584
f 9268 9269 4584
f 4584 9269 4594
f 9269 9270 4594
f 4594 9270 4593
f 9270 9273 4593
f 4593 9273 4592
f 9273 9274 4592
f 4592 9274 4591
f 9274 9272 4591
f 4591 9272 4590
f 9272 9271 4590
f 4590 9271 4598
f 9271 9228 4598
f 4598 9228 4597
f 9228 9229 4597
f 4597 9229 4596
f 9229 9230 4596
f 4596 9230 4595
f 9230 9231 4595
f 4595 9231 4601
f 9231 9232 4601
f 4601 9232 4600
f 9232 9233 4600
f 4600 9233 4599
f 9233 9234 4599
f 4599 9234 4620
f 9234 9242 4620
f 4620 9242 4619
f 9242 9241 4619
f 4619 9241 4618
f 9241 9239 4618
f 4618 9239 4617
f 9239 9237 4617
f 4617 9237 4605
f 9237 9253 4605
f 4605 9253 4615
f 9253 9254 4615
f 4615 9254 4616
f 9254 9256 4616
f 4616 9256 4621
f 9256 9258 4621
f 4621 9258 4623
f 9258 9260 4623
f 4623 9260 4634
f 9260 9262 4634
f 4634 9262 4633
f 9262 9264 4633
f 4633 9264 4631
f 9264 9266 4631
f 4631 9266 4629
f 9266 9267 4629
f 4629 9267 4627
f 9267 9252 4627
f 4627 9252 4626
f 9252 9218 4626
f 4626 9218 4604
f 9218 9219 4604
f 4604 9219 4660
f 9219 9220 4660
f 4660 9220 4659
f 9220 9221 4659
f 4659 9221 4653
f 9221 9225 4653
f 4653 9225 4652
f 9225 9226 4652
f 4652 9226 4666
f 9226 9227 4666
f 4666 9227 4665
f 9227 9222 4665
f 4665 9222 4664
f 9222 9223 4664
f 4664 9223 4663
f 9223 9224 4663
f 4663 9224 4662
f 9224 9213 4662
f 4662 9213 4661
f 9213 9214 4661
f 4661 9214 4658
f 9214 9215 4658
f 4658 9215 4657
f 9215 9201 4657
f 4657 9201 4656
f 9201 9200 4656
f 4656 9200 4644
f 9200 9199 4644
f 4644 9199 4643
f 9199 9202 4643
f 4643 9202 4642
f 9202 9203 4642
f 4642 9203 4641
f 9203 9204 4641
f 4641 9204 4640
f 9204 9210 4640
f 4640 9210 4651
f 9210 9211 4651
f 4651 9211 4650
f 9211 9212 4650
f 4650 9212 4649
f 9212 9205 4649
f 4649 9205 4648
f 9205 9206 4648
f 4648 9206 4655
f 9206 9216 4655
f 4655 9216 4654
f 9216 9217 4654
f 4654 9217 4647
f 9217 9207 4647
f 4647 9207 4646
f 9207 9208 4646
f 4646 9208 4645
f 9208 9209 4645
f 4645 9209 4639
f 9209 9184 4639
f 4639 9184 4638
f 9184 9185 4638
f 4638 9185 4636
f 9185 9186 4636
f 4636 9186 4635
f 9186 9187 4635
f 4635 9187 4579
f 9187 9188 4579
f 4579 9188 4580
f 9188 9189 4580
f 4580 9189 4581
f 9189 9190 4581
f 4581 9190 4586
f 9190 9191 4586
f 4586 9191 4585
f 9191 9192 4585
f 4585 9192 4578
f 9192 9196 4578
f 4578 9196 4577
f 9196 9197 4577
f 4577 9197 4589
f 9197 9198 4589
f 4589 9198 4588
f 6871 6872 309
f 309 6872 308
f 6872 6873 308
f 308 6873 324
f 6873 6887 324
f 324 6887 323
f 6887 6888 323
f 323 6888 319
f 6888 6859 319
f 319 6859 318
f 6859 6858 318
f 318 6858 317
f 6858 6856 317
f 317 6856 271
f 6856 6836 271
f 271 6836 280
f 6836 6837 280
f 280 6837 291
f 6837 6851 291
f 291 6851 290
f 6851 6852 290
f 290 6852 279
f 6852 6812 279
f 279 6812 278
f 6812 6808 278
f 278 6808 277
f 6808 6809 277
f 277 6809 251
f 6809 6829 251
f 251 6829 250
f 6829 6830 250
f 250 6830 248
f 6830 6831 248
f 248 6831 247
f 6831 6832 247
f 247 6832 254
f 6832 6833 254
f 254 6833 253
f 6833 6834 253
f 253 6834 252
f 6834 6835 252
f 252 6835 246
f 6835 6841 246
f 246 6841 245
f 6841 6842 245
f 245 6842 285
f 6842 6843 285
f 285 6843 284
f 6843 6844 284
f 284 6844 276
f 6844 6845 276
f 276 6845 275
f 6845 6846 275
f 275 6846 274
f 6846 6884 274
f 274 6884 322
f 6884 6885 322
f 322 6885 321
f 6885 6886 321
f 321 6886 316
f 6886 6889 316
f 316 6889 315
f 6889 6890 315
f 315 6890 330
f 6890 6891 330
f 330 6891 329
f 6891 6892 329
f 329 6892 328
f 6892 6893 328
f 328 6893 333
f 6893 6894 333
f 333 6894 332
f 6894 6895 332
f 332 6895 331
f 6895 6896 331
f 331 6896 327
f 6896 6897 327
f 327 6897 326
f 6897 6898 326
f 326 6898 325
f 6898 6874 325
f 325 6874 314
f 6874 6875 314
f 314 6875 313
f 6875 6876 313
f 313 6876 312
f 6876 6869 312
f 312 6869 307
f 6869 6870 307
f 307 6870 306
f 6870 6877 306
f 306 6877 305
f 6877 6878 305
f 305 6878 295
f 6878 6847 295
f 295 6847 294
f 6847 6848 294
f 294 6848 293
f 6848 6849 293
f 293 6849 283
f 6849 6850 283
f 283 6850 282
f 6850 6813 282
f 282 6813 281
f 6813 6814 281
f 281 6814 267
f 6814 6816 267
f 267 6816 268
f 6816 6821 268
f 268 6821 270
f 6821 6820 270
f 270 6820 292
f 6820 6818 292
f 292 6818 261
f 6818 6826 261
f 261 6826 266
f 6826 6824 266
f 266 6824 257
f 6824 6860 257
f 257 6860 259
f 6860 6861 259
f 259 6861 304
f 6861 6863 304
f 304 6863 303
f 6863 6865 303
f 303 6865 301
f 6865 6867 301
f 301 6867 299
f 6867 6868 299
f 299 6868 297
f 6868 6838 297
f 297 6838 296
f 6838 6839 296
f 296 6839 286
f 6839 6879 286
f 286 6879 288
f 6879 6880 288
f 288 6880 289
f 6880 6882 289
f 289 6882 311
f 6882 6883 311
f 311 6883 310
f 6883 6871 310
f 310 6871 309
f 6792 6793 385
f 385 6793 395
f 6793 6794 395
f 395 6794 394
f 6794 6784 394
f 394 6784 393
f 6784 6785 393
f 393 6785 382
f 6785 6786 382
f 382 6786 381
f 6786 6755 381
f 381 6755 380
f 6755 6756 380
f 380 6756 356
f 6756 6757 356
f 356 6757 355
f 6757 6758 355
f 355 6758 368
f 6758 6768 368
f 368 6768 367
f 6768 6769 367
f 367 6769 354
f 6769 6742 354
f 354 6742 353
f 6742 6743 353
f 353 6743 352
f 6743 6744 352
f 352 6744 341
f 6744 6748 341
f 341 6748 340
f 6748 6749 340
f 340 6749 339
f 6749 6750 339
f 339 6750 338
f 6750 6759 338
f 338 6759 337
f 6759 6760 337
f 337 6760 351
f 6760 6761 351
f 351 6761 350
f 6761 6762 350
f 350 6762 349
f 6762 6770 349
f 349 6770 348
f 6770 6771 348
f 348 6771 370
f 6771 6772 370
f 370 6772 369
f 6772 6773 369
f 369 6773 366
f 6773 6774 366
f 366 6774 365
f 6774 6775 365
f 365 6775 364
f 6775 6795 364
f 364 6795 397
f 6795 6796 397
f 397 6796 396
f 6796 6797 396
f 396 6797 392
f 6797 6798 392
f 392 6798 391
f 6798 6799 391
f 391 6799 403
f 6799 6800 403
f 403 6800 402
f 6800 6801 402
f 402 6801 401
f 6801 6802 401
f 401 6802 406
f 6802 6803 406
f 406 6803 405
f 6803 6804 405
f 405 6804 404
f 6804 6805 404
f 404 6805 400
f 6805 6806 400
f 400 6806 399
f 6806 6807 399
f 399 6807 398
f 6807 6787 398
f 398 6787 390
f 6787 6788 390
f 390 6788 389
f 6788 6789 389
f 389 6789 388
f 6789 6779 388
f 388 6779 379
f 6779 6780 379
f 379 6780 378
f 6780 6790 378
f 378 6790 377
f 6790 6791 377
f 377 6791 376
f 6791 6751 376
f 376 6751 375
f 6751 6752 375
f 375 6752 374
f 6752 6763 374
f 374 6763 363
f 6763 6764 363
f 363 6764 362
f 6764 6754 362
f 362 6754 361
f 6754 6753 361
f 361 6753 360
f 6753 6735 360
f 360 6735 359
f 6735 6736 359
f 359 6736 358
f 6736 6738 358
f 358 6738 357
f 6738 6739 357
f 357 6739 335
f 6739 6740 335
f 335 6740 334
f 6740 6741 334
f 334 6741 347
f 6741 6745 347
f 347 6745 346
f 6745 6746 346
f 346 6746 345
f 6746 6747 345
f 345 6747 344
f 6747 6765 344
f 344 6765 343
f 6765 6766 343
f 343 6766 342
f 6766 6767 342
f 342 6767 373
f 6767 6776 373
f 373 6776 372
f 6776 6777 372
f 372 6777 371
f 6777 6778 371
f 371 6778 387
f 6778 6781 387
f 387 6781 386
f 6781 6782 386
f 386 6782 383
f 6782 6783 383
f 383 6783 384
f 6783 6792 384
f 384 6792 385
f 6338 6386 816
f 816 6386 790
f 6386 6387 790
f 790 6387 789
f 6387 6339 789
f 789 6339 832
f 6339 6372 832
f 832 6372 831
f 6372 6373 831
f 831 6373 830
f 6373 6352 830
f 830 6352 782
f 6352 6353 782
f 782 6353 781
f 6353 6354 781
f 781 6354 780
f 6354 6355 780
f 780 6355 779
f 6355 6374 779
f 779 6374 778
f 6374 6375 778
f 778 6375 777
f 6375 6360 777
f 777 6360 763
f 6360 6359 763
f 763 6359 762
f 6359 6358 762
f 762 6358 761
f 6358 6322 761
f 761 6322 719
f 6322 6327 719
f 719 6327 720
f 6327 6328 720
f 720 6328 721
f 6328 6330 721
f 721 6330 735
f 6330 6332 735
f 735 6332 737
f 6332 6376 737
f 737 6376 738
f 6376 6377 738
f 738 6377 727
f 6377 6430 727
f 727 6430 836
f 6430 6431 836
f 836 6431 837
f 6431 6432 837
f 837 6432 786
f 6432 6400 786
f 786 6400 785
f 6400 6401 785
f 785 6401 784
f 6401 6402 784
f 784 6402 783
f 6402 6403 783
f 783 6403 825
f 6403 6427 825
f 825 6427 824
f 6427 6428 824
f 824 6428 808
f 6428 6429 808
f 808 6429 807
f 6429 6437 807
f 807 6437 806
f 6437 6438 806
f 806 6438 844
f 6438 6439 844
f 844 6439 843
f 6439 6433 843
f 843 6433 842
f 6433 6434 842
f 842 6434 834
f 6434 6435 834
f 834 6435 833
f 6435 6436 833
f 833 6436 839
f 6436 6440 839
f 839 6440 838
f 6440 6441 838
f 838 6441 823
f 6441 6417 823
f 823 6417 822
f 6417 6418 822
f 822 6418 821
f 6418 6419 821
f 821 6419 799
f 6419 6415 799
f 799 6415 798
f 6415 6416 798
f 798 6416 797
f 6416 6420 797
f 797 6420 796
f 6420 6421 796
f 796 6421 795
f 6421 6382 795
f 795 6382 794
f 6382 6383 794
f 794 6383 749
f 6383 6395 749
f 749 6395 750
f 6395 6396 750
f 750 6396 751
f 6396 6384 751
f 751 6384 766
f 6384 6385 766
f 766 6385 765
f 6385 6296 765
f 765 6296 764
f 6296 6297 764
f 764 6297 748
f 6297 6299 748
f 748 6299 747
f 6299 6300 747
f 747 6300 746
f 6300 6301 746
f 746 6301 712
f 6301 6302 712
f 712 6302 711
f 6302 6303 711
f 711 6303 710
f 6303 6304 710
f 710 6304 709
f 6304 6305 709
f 709 6305 732
f 6305 6306 732
f 732 6306 731
f 6306 6317 731
f 731 6317 730
f 6317 6318 730
f 730 6318 793
f 6318 6319 793
f 793 6319 792
f 6319 6333 792
f 792 6333 791
f 6333 6334 791
f 791 6334 820
f 6334 6335 820
f 820 6335 819
f 6335 6336 819
f 819 6336 818
f 6336 6337 818
f 818 6337 817
f 6337 6338 817
f 817 6338 816
f 6389 6390 760
f 760 6390 759
f 6390 6391 759
f 759 6391 812
f 6391 6407 812
f 812 6407 811
f 6407 6408 811
f 811 6408 805
f 6408 6342 805
f 805 6342 804
f 6342 6343 804
f 804 6343 803
f 6343 6344 803
f 803 6344 743
f 6344 6325 743
f 743 6325 742
f 6325 6326 742
f 742 6326 758
f 6326 6345 758
f 758 6345 757
f 6345 6346 757
f 757 6346 741
f 6346 6307 741
f 741 6307 740
f 6307 6308 740
f 740 6308 739
f 6308 6310 739
f 739 6310 708
f 6310 6361 708
f 708 6361 707
f 6361 6362 707
f 707 6362 706
f 6362 6363 706
f 706 6363 705
f 6363 6364 705
f 705 6364 703
f 6364 6365 703
f 703 6365 702
f 6365 6366 702
f 702 6366 724
f 6366 6379 724
f 724 6379 723
f 6379 6380 723
f 723 6380 722
f 6380 6381 722
f 722 6381 788
f 6381 6392 788
f 788 6392 787
f 6392 6393 787
f 787 6393 769
f 6393 6394 769
f 769 6394 768
f 6394 6409 768
f 768 6409 767
f 6409 6410 767
f 767 6410 810
f 6410 6411 810
f 810 6411 809
f 6411 6412 809
f 809 6412 802
f 6412 6413 802
f 802 6413 801
f 6413 6414 801
f 801 6414 800
f 6414 6422 800
f 800 6422 841
f 6422 6423 841
f 841 6423 840
f 6423 6424 840
f 840 6424 829
f 6424 6425 829
f 829 6425 828
f 6425 6426 828
f 828 6426 827
f 6426 6378 827
f 827 6378 826
f 6378 6331 826
f 826 6331 835
f 6331 6329 835
f 835 6329 774
f 6329 6347 774
f 774 6347 773
f 6347 6348 773
f 773 6348 772
f 6348 6349 772
f 772 6349 756
f 6349 6350 756
f 756 6350 755
f 6350 6351 755
f 755 6351 771
f 6351 6370 771
f 771 6370 770
f 6370 6371 770
f 770 6371 754
f 6371 6320 754
f 754 6320 753
f 6320 6321 753
f 753 6321 752
f 6321 6323 752
f 752 6323 729
f 6323 6324 729
f 729 6324 728
f 6324 6356 728
f 728 6356 726
f 6356 6357 726
f 726 6357 725
f 6357 6340 725
f 725 6340 736
f 6340 6341 736
f 736 6341 734
f 6341 6397 734
f 734 6397 733
f 6397 6398 733
f 733 6398 701
f 6398 6399 701
f 701 6399 700
f 6399 6313 700
f 700 6313 718
f 6313 6312 718
f 718 6312 717
f 6312 6311 717
f 717 6311 716
f 6311 6314 716
f 716 6314 715
f 6314 6315 715
f 715 6315 714
f 6315 6316 714
f 714 6316 713
f 6316 6367 713
f 713 6367 776
f 6367 6368 776
f 776 6368 775
f 6368 6369 775
f 775 6369 745
f 6369 6404 745
f 745 6404 744
f 6404 6405 744
f 744 6405 815
f 6405 6406 815
f 815 6406 814
f 6406 6388 814
f 814 6388 813
f 6388 6389 813
f 813 6389 760
f 6284 6285 918
f 918 6285 917
f 6285 6264 917
f 917 6264 916
f 6264 6247 916
f 916 6247 893
f 6247 6248 893
f 893 6248 892
f 6248 6265 892
f 892 6265 891
f 6265 6266 891
f 891 6266 888
f 6266 6256 888
f 888 6256 887
f 6256 6257 887
f 887 6257 890
f 6257 6267 890
f 890 6267 889
f 6267 6268 889
f 889 6268 861
f 6268 6228 861
f 861 6228 860
f 6228 6229 860
f 860 6229 859
f 6229 6230 859
f 859 6230 854
f 6230 6231 854
f 854 6231 853
f 6231 6235 853
f 853 6235 852
f 6235 6236 852
f 852 6236 851
f 6236 6237 851
f 851 6237 849
f 6237 6253 849
f 849 6253 848
f 6253 6254 848
f 848 6254 879
f 6254 6255 879
f 879 6255 878
f 6255 6258 878
f 878 6258 877
f 6258 6259 877
f 877 6259 876
f 6259 6260 876
f 876 6260 886
f 6260 6269 886
f 886 6269 885
f 6269 6270 885
f 885 6270 858
f 6270 6249 858
f 858 6249 857
f 6249 6250 857
f 857 6250 910
f 6250 6274 910
f 910 6274 909
f 6274 6275 909
f 909 6275 908
f 6275 6276 908
f 908 6276 907
f 6276 6277 907
f 907 6277 906
f 6277 6278 906
f 906 6278 903
f 6278 6279 903
f 903 6279 904
f 6279 6291 904
f 904 6291 905
f 6291 6292 905
f 905 6292 915
f 6292 6293 915
f 915 6293 914
f 6293 6286 914
f 914 6286 913
f 6286 6287 913
f 913 6287 902
f 6287 6288 902
f 902 6288 901
f 6288 6289 901
f 901 6289 900
f 6289 6290 900
f 900 6290 899
f 6290 6294 899
f 899 6294 898
f 6294 6295 898
f 898 6295 897
f 6295 6280 897
f 897 6280 884
f 6280 6281 884
f 884 6281 883
f 6281 6282 883
f 883 6282 882
f 6282 6238 882
f 882 6238 864
f 6238 6239 864
f 864 6239 863
f 6239 6240 863
f 863 6240 862
f 6240 6232 862
f 862 6232 847
f 6232 6233 847
f 847 6233 846
f 6233 6234 846
f 846 6234 870
f 6234 6224 870
f 870 6224 869
f 6224 6225 869
f 869 6225 868
f 6225 6226 868
f 868 6226 867
f 6226 6227 867
f 867 6227 875
f 6227 6241 875
f 875 6241 874
f 6241 6242 874
f 874 6242 873
f 6242 6243 873
f 873 6243 881
f 6243 6251 881
f 881 6251 880
f 6251 6252 880
f 880 6252 856
f 6252 6244 856
f 856 6244 855
f 6244 6245 855
f 855 6245 872
f 6245 6246 872
f 872 6246 871
f 6246 6261 871
f 871 6261 866
f 6261 6262 866
f 866 6262 865
f 6262 6263 865
f 865 6263 912
f 6263 6271 912
f 912 6271 911
f 6271 6272 911
f 911 6272 896
f 6272 6273 896
f 896 6273 895
f 6273 6283 895
f 895 6283 894
f 6283 6284 894
f 894 6284 918
f 8616 8617 3984
f 3984 8617 4005
f 8617 8618 4005
f 4005 8618 4004
f 8618 8595 4004
f 4004 8595 4003
f 8595 8596 4003
f 4003 8596 3983
f 8596 8597 3983
f 3983 8597 3982
f 8597 8585 3982
f 3982 8585 3981
f 8585 8581 3981
f 3981 8581 3975
f 8581 8582 3975
f 3975 8582 3974
f 8582 8587 3974
f 3974 8587 3999
f 8587 8598 3999
f 3999 8598 3997
f 8598 8626 3997
f 3997 8626 4034
f 8626 8627 4034
f 4034 8627 4033
f 8627 8628 4033
f 4033 8628 4022
f 8628 8638 4022
f 4022 8638 4021
f 8638 8639 4021
f 4021 8639 4028
f 8639 8677 4028
f 4028 8677 4058
f 8677 8675 4058
f 4058 8675 4057
f 8675 8664 4057
f 4057 8664 4055
f 8664 8665 4055
f 4055 8665 4054
f 8665 8666 4054
f 4054 8666 4049
f 8666 8667 4049
f 4049 8667 4048
f 8667 8668 4048
f 4048 8668 4047
f 8668 8669 4047
f 4047 8669 4046
f 8669 8680 4046
f 4046 8680 4045
f 8680 8681 4045
f 4045 8681 4044
f 8681 8682 4044
f 4044 8682 4024
f 8682 8689 4024
f 4024 8689 4023
f 8689 8690 4023
f 4023 8690 4043
f 8690 8691 4043
f 4043 8691 4042
f 8691 8720 4042
f 4042 8720 4041
f 8720 8721 4041
f 4041 8721 4068
f 8721 8722 4068
f 4068 8722 4067
f 8722 8711 4067
f 4067 8711 4097
f 8711 8707 4097
f 4097 8707 4109
f 8707 8708 4109
f 4109 8708 4108
f 8708 8715 4108
f 4108 8715 4073
f 8715 8716 4073
f 4073 8716 4072
f 8716 8717 4072
f 4072 8717 4103
f 8717 8723 4103
f 4103 8723 4102
f 8723 8724 4102
f 4102 8724 4088
f 8724 8700 4088
f 4088 8700 4087
f 8700 8701 4087
f 4087 8701 4086
f 8701 8709 4086
f 4086 8709 4085
f 8709 8710 4085
f 4085 8710 4084
f 8710 8702 4084
f 4084 8702 4083
f 8702 8703 4083
f 4083 8703 4082
f 8703 8704 4082
f 4082 8704 4081
f 8704 8646 4081
f 4081 8646 4080
f 8646 8647 4080
f 4080 8647 4051
f 8647 8683 4051
f 4051 8683 4050
f 8683 8684 4050
f 4050 8684 4065
f 8684 8685 4065
f 4065 8685 4064
f 8685 8648 4064
f 4064 8648 4063
f 8648 8649 4063
f 4063 8649 4061
f 8649 8650 4061
f 4061 8650 4060
f 8650 8670 4060
f 4060 8670 4059
f 8670 8671 4059
f 4059 8671 4020
f 8671 8623 4020
f 4020 8623 4019
f 8623 8624 4019
f 4019 8624 4018
f 8624 8629 4018
f 4018 8629 4017
f 8629 8630 4017
f 4017 8630 4016
f 8630 8631 4016
f 4016 8631 4014
f 8631 8591 4014
f 4014 8591 4013
f 8591 8592 4013
f 4013 8592 4008
f 8592 8594 4008
f 4008 8594 4007
f 8594 8605 4007
f 4007 8605 4006
f 8605 8606 4006
f 4006 8606 3993
f 8606 8607 3993
f 3993 8607 3992
f 8607 8608 3992
f 3992 8608 4012
f 8608 8609 4012
f 4012 8609 4011
f 8609 8610 4011
f 4011 8610 3985
f 8610 8616 3985
f 3985 8616 3984
f 8601 8602 3979
f 3979 8602 3995
f 8602 8621 3995
f 3995 8621 3994
f 8621 8622 3994
f 3994 8622 3989
f 8622 8588 3989
f 3989 8588 3988
f 8588 8589 3988
f 3988 8589 3987
f 8589 8603 3987
f 3987 8603 3978
f 8603 8604 3978
f 3978 8604 3977
f 8604 8583 3977
f 3977 8583 3976
f 8583 8584 3976
f 3976 8584 3971
f 8584 8632 3971
f 3971 8632 3972
f 8632 8633 3972
f 3972 8633 4036
f 8633 8634 4036
f 4036 8634 4035
f 8634 8635 4035
f 4035 8635 4032
f 8635 8636 4032
f 4032 8636 4031
f 8636 8637 4031
f 4031 8637 4053
f 8637 8641 4053
f 4053 8641 4052
f 8641 8642 4052
f 4052 8642 4040
f 8642 8643 4040
f 4040 8643 4039
f 8643 8651 4039
f 4039 8651 4038
f 8651 8652 4038
f 4038 8652 4062
f 8652 8653 4062
f 4062 8653 4030
f 8653 8644 4030
f 4030 8644 4029
f 8644 8645 4029
f 4029 8645 4071
f 8645 8672 4071
f 4071 8672 4070
f 8672 8673 4070
f 4070 8673 4069
f 8673 8674 4069
f 4069 8674 4079
f 8674 8686 4079
f 4079 8686 4078
f 8686 8687 4078
f 4078 8687 4077
f 8687 8688 4077
f 4077 8688 4094
f 8688 8712 4094
f 4094 8712 4093
f 8712 8713 4093
f 4093 8713 4092
f 8713 8714 4092
f 4092 8714 4114
f 8714 8718 4114
f 4114 8718 4113
f 8718 8719 4113
f 4113 8719 4107
f 8719 8692 4107
f 4107 8692 4106
f 8692 8693 4106
f 4106 8693 4105
f 8693 8725 4105
f 4105 8725 4104
f 8725 8726 4104
f 4104 8726 4117
f 8726 8727 4117
f 4117 8727 4116
f 8727 8694 4116
f 4116 8694 4115
f 8694 8695 4115
f 4115 8695 4101
f 8695 8696 4101
f 4101 8696 4100
f 8696 8705 4100
f 4100 8705 4099
f 8705 8706 4099
f 4099 8706 4091
f 8706 8697 4091
f 4091 8697 4090
f 8697 8698 4090
f 4090 8698 4089
f 8698 8699 4089
f 4089 8699 4074
f 8699 8654 4074
f 4074 8654 4075
f 8654 8655 4075
f 4075 8655 4076
f 8655 8656 4076
f 4076 8656 4112
f 8656 8657 4112
f 4112 8657 4111
f 8657 8658 4111
f 4111 8658 4110
f 8658 8659 4110
f 4110 8659 4098
f 8659 8660 4098
f 4098 8660 4096
f 8660 8661 4096
f 4096 8661 4095
f 8661 8662 4095
f 4095 8662 4066
f 8662 8663 4066
f 4066 8663 4025
f 8663 8676 4025
f 4025 8676 4056
f 8676 8678 4056
f 4056 8678 4027
f 8678 8679 4027
f 4027 8679 4026
f 8679 8640 4026
f 4026 8640 4037
f 8640 8599 4037
f 4037 8599 3996
f 8599 8600 3996
f 3996 8600 3998
f 8600 8586 3998
f 3998 8586 4000
f 8586 8611 4000
f 4000 8611 4001
f 8611 8612 4001
f 4001 8612 4002
f 8612 8613 4002
f 4002 8613 3991
f 8613 8614 3991
f 3991 8614 3990
f 8614 8615 3990
f 3990 8615 4010
f 8615 8619 4010
f 4010 8619 4009
f 8619 8620 4009
f 4009 8620 3980
f 8620 8601 3980
f 3980 8601 3979
f 8523 8524 3917
f 3917 8524 3916
f 8524 8518 3916
f 3916 8518 3915
f 8518 8519 3915
f 3915 8519 3911
f 8519 8520 3911
f 3911 8520 3910
f 8520 8521 3910
f 3910 8521 3909
f 8521 8525 3909
f 3909 8525 3908
f 8525 8526 3908
f 3908 8526 3907
f 8526 8527 3907
f 3907 8527 3906
f 8527 8528 3906
f 3906 8528 3905
f 8528 8529 3905
f 3905 8529 3923
f 8529 8530 3923
f 3923 8530 3922
f 8530 8531 3922
f 3922 8531 3921
f 8531 8536 3921
f 3921 8536 3920
f 8536 8537 3920
f 3920 8537 3938
f 8537 8538 3938
f 3938 8538 3937
f 8538 8539 3937
f 3937 8539 3936
f 8539 8540 3936
f 3936 8540 3935
f 8540 8541 3935
f 3935 8541 3934
f 8541 8557 3934
f 3934 8557 3933
f 8557 8558 3933
f 3933 8558 3954
f 8558 8559 3954
f 3954 8559 3953
f 8559 8555 3953
f 3953 8555 3952
f 8555 8556 3952
f 3952 8556 3951
f 8556 8560 3951
f 3951 8560 3950
f 8560 8561 3950
f 3950 8561 3949
f 8561 8548 3949
f 3949 8548 3948
f 8548 8549 3948
f 3948 8549 3947
f 8549 8562 3947
f 3947 8562 3946
f 8562 8563 3946
f 3946 8563 3945
f 8563 8564 3945
f 3945 8564 3944
f 8564 8572 3944
f 3944 8572 3967
f 8572 8573 3967
f 3967 8573 3966
f 8573 8574 3966
f 3966 8574 3962
f 8574 8578 3962
f 3962 8578 3961
f 8578 8579 3961
f 3961 8579 3970
f 8579 8580 3970
f 3970 8580 3969
f 8580 8575 3969
f 3969 8575 3968
f 8575 8576 3968
f 3968 8576 3965
f 8576 8577 3965
f 3965 8577 3964
f 8577 8565 3964
f 3964 8565 3963
f 8565 8566 3963
f 3963 8566 3960
f 8566 8567 3960
f 3960 8567 3959
f 8567 8568 3959
f 3959 8568 3958
f 8568 8569 3958
f 3958 8569 3957
f 8569 8570 3957
f 3957 8570 3956
f 8570 8571 3956
f 3956 8571 3955
f 8571 8544 3955
f 3955 8544 3932
f 8544 8543 3932
f 3932 8543 3931
f 8543 8542 3931
f 3931 8542 3930
f 8542 8550 3930
f 3930 8550 3929
f 8550 8551 3929
f 3929 8551 3943
f 8551 8552 3943
f 3943 8552 3942
f 8552 8532 3942
f 3942 8532 3941
f 8532 8533 3941
f 3941 8533 3925
f 8533 8534 3925
f 3925 8534 3924
f 8534 8535 3924
f 3924 8535 3928
f 8535 8545 3928
f 3928 8545 3927
f 8545 8546 3927
f 3927 8546 3926
f 8546 8547 3926
f 3926 8547 3940
f 8547 8553 3940
f 3940 8553 3939
f 8553 8554 3939
f 3939 8554 3904
f 8554 8509 3904
f 3904 8509 3903
f 8509 8510 3903
f 3903 8510 3899
f 8510 8511 3899
f 3899 8511 3898
f 8511 8512 3898
f 3898 8512 3914
f 8512 8513 3914
f 3914 8513 3913
f 8513 8514 3913
f 3913 8514 3912
f 8514 8515 3912
f 3912 8515 3919
f 8515 8516 3919
f 3919 8516 3918
f 8516 8517 3918
f 3918 8517 3901
f 8517 8522 3901
f 3901 8522 3900
f 8522 8523 3900
f 3900 8523 3917
f 6215 6216 991
f 991 6216 990
f 6216 6205 990
f 990 6205 989
f 6205 6206 989
f 989 6206 980
f 6206 6207 980
f 980 6207 979
f 6207 6164 979
f 979 6164 978
f 6164 6165 978
f 978 6165 959
f 6165 6172 959
f 959 6172 958
f 6172 6173 958
f 958 6173 957
f 6173 6174 957
f 957 6174 956
f 6174 6175 956
f 956 6175 955
f 6175 6176 955
f 955 6176 954
f 6176 6166 954
f 954 6166 942
f 6166 6167 942
f 942 6167 941
f 6167 6168 941
f 941 6168 940
f 6168 6157 940
f 940 6157 923
f 6157 6156 923
f 923 6156 922
f 6156 6155 922
f 922 6155 920
f 6155 6158 920
f 920 6158 919
f 6158 6159 919
f 919 6159 930
f 6159 6160 930
f 930 6160 929
f 6160 6161 929
f 929 6161 928
f 6161 6177 928
f 928 6177 927
f 6177 6178 927
f 927 6178 939
f 6178 6179 939
f 939 6179 938
f 6179 6186 938
f 938 6186 937
f 6186 6187 937
f 937 6187 964
f 6187 6188 964
f 964 6188 963
f 6188 6189 963
f 963 6189 953
f 6189 6190 953
f 953 6190 952
f 6190 6191 952
f 952 6191 985
f 6191 6217 985
f 985 6217 984
f 6217 6218 984
f 984 6218 977
f 6218 6219 977
f 977 6219 976
f 6219 6220 976
f 976 6220 983
f 6220 6221 983
f 983 6221 988
f 6221 6222 988
f 988 6222 987
f 6222 6208 987
f 987 6208 986
f 6208 6209 986
f 986 6209 975
f 6209 6210 975
f 975 6210 974
f 6210 6211 974
f 974 6211 973
f 6211 6212 973
f 973 6212 972
f 6212 6213 972
f 972 6213 971
f 6213 6192 971
f 971 6192 970
f 6192 6193 970
f 970 6193 951
f 6193 6194 951
f 951 6194 950
f 6194 6200 950
f 950 6200 949
f 6200 6201 949
f 949 6201 948
f 6201 6180 948
f 948 6180 947
f 6180 6181 947
f 947 6181 946
f 6181 6182 946
f 946 6182 936
f 6182 6163 936
f 936 6163 935
f 6163 6162 935
f 935 6162 934
f 6162 6150 934
f 934 6150 926
f 6150 6151 926
f 926 6151 925
f 6151 6153 925
f 925 6153 924
f 6153 6154 924
f 924 6154 933
f 6154 6183 933
f 933 6183 932
f 6183 6184 932
f 932 6184 931
f 6184 6185 931
f 931 6185 969
f 6185 6195 969
f 969 6195 968
f 6195 6196 968
f 968 6196 962
f 6196 6171 962
f 962 6171 961
f 6171 6170 961
f 961 6170 960
f 6170 6169 960
f 960 6169 943
f 6169 6197 943
f 943 6197 944
f 6197 6198 944
f 944 6198 945
f 6198 6199 945
f 945 6199 982
f 6199 6202 982
f 982 6202 981
f 6202 6203 981
f 981 6203 967
f 6203 6204 967
f 967 6204 966
f 6204 6214 966
f 966 6214 965
f 6214 6215 965
f 965 6215 991
f 6142 6143 1064
f 1064 6143 1063
f 6143 6132 1063
f 1063 6132 1062
f 6132 6133 1062
f 1062 6133 1053
f 6133 6134 1053
f 1053 6134 1052
f 6134 6091 1052
f 1052 6091 1051
f 6091 6092 1051
f 1051 6092 1032
f 6092 6099 1032
f 1032 6099 1031
f 6099 6100 1031
f 1031 6100 1030
f 6100 6101 1030
f 1030 6101 1029
f 6101 6102 1029
f 1029 6102 1028
f 6102 6103 1028
f 1028 6103 1027
f 6103 6093 1027
f 1027 6093 1015
f 6093 6094 1015
f 1015 6094 1014
f 6094 6095 1014
f 1014 6095 1013
f 6095 6084 1013
f 1013 6084 996
f 6084 6083 996
f 996 6083 995
f 6083 6082 995
f 995 6082 993
f 6082 6085 993
f 993 6085 992
f 6085 6086 992
f 992 6086 1003
f 6086 6087 1003
f 1003 6087 1002
f 6087 6088 1002
f 1002 6088 1001
f 6088 6104 1001
f 1001 6104 1000
f 6104 6105 1000
f 1000 6105 1012
f 6105 6106 1012
f 1012 6106 1011
f 6106 6113 1011
f 1011 6113 1010
f 6113 6114 1010
f 1010 6114 1037
f 6114 6115 1037
f 1037 6115 1036
f 6115 6116 1036
f 1036 6116 1026
f 6116 6117 1026
f 1026 6117 1025
f 6117 6118 1025
f 1025 6118 1058
f 6118 6144 1058
f 1058 6144 1057
f 6144 6145 1057
f 1057 6145 1050
f 6145 6146 1050
f 1050 6146 1049
f 6146 6147 1049
f 1049 6147 1056
f 6147 6148 1056
f 1056 6148 1061
f 6148 6149 1061
f 1061 6149 1060
f 6149 6135 1060
f 1060 6135 1059
f 6135 6136 1059
f 1059 6136 1048
f 6136 6137 1048
f 1048 6137 1047
f 6137 6138 1047
f 1047 6138 1046
f 6138 6139 1046
f 1046 6139 1045
f 6139 6140 1045
f 1045 6140 1044
f 6140 6119 1044
f 1044 6119 1043
f 6119 6120 1043
f 1043 6120 1024
f 6120 6121 1024
f 1024 6121 1023
f 6121 6127 1023
f 1023 6127 1022
f 6127 6128 1022
f 1022 6128 1021
f 6128 6107 1021
f 1021 6107 1020
f 6107 6108 1020
f 1020 6108 1019
f 6108 6109 1019
f 1019 6109 1009
f 6109 6090 1009
f 1009 6090 1008
f 6090 6089 1008
f 1008 6089 1007
f 6089 6077 1007
f 1007 6077 999
f 6077 6078 999
f 999 6078 998
f 6078 6080 998
f 998 6080 997
f 6080 6081 997
f 997 6081 1006
f 6081 6110 1006
f 1006 6110 1005
f 6110 6111 1005
f 1005 6111 1004
f 6111 6112 1004
f 1004 6112 1042
f 6112 6122 1042
f 1042 6122 1041
f 6122 6123 1041
f 1041 6123 1035
f 6123 6098 1035
f 1035 6098 1034
f 6098 6097 1034
f 1034 6097 1033
f 6097 6096 1033
f 1033 6096 1016
f 6096 6124 1016
f 1016 6124 1017
f 6124 6125 1017
f 1017 6125 1018
f 6125 6126 1018
f 1018 6126 1055
f 6126 6129 1055
f 1055 6129 1054
f 6129 6130 1054
f 1054 6130 1040
f 6130 6131 1040
f 1040 6131 1039
f 6131 6141 1039
f 1039 6141 1038
f 6141 6142 1038
f 1038 6142 1064
f 6065 6066 1131
f 1131 6066 1130
f 6066 6044 1130
f 1130 6044 1124
f 6044 6045 1124
f 1124 6045 1123
f 6045 6057 1123
f 1123 6057 1122
f 6057 6058 1122
f 1122 6058 1116
f 6058 6059 1116
f 1116 6059 1115
f 6059 6062 1115
f 1115 6062 1114
f 6062 6063 1114
f 1114 6063 1096
f 6063 6027 1096
f 1096 6027 1095
f 6027 6028 1095
f 1095 6028 1094
f 6028 6029 1094
f 1094 6029 1066
f 6029 6009 1066
f 1066 6009 1065
f 6009 6010 1065
f 1065 6010 1085
f 6010 6036 1085
f 1085 6036 1084
f 6036 6037 1084
f 1084 6037 1075
f 6037 6019 1075
f 1075 6019 1074
f 6019 6020 1074
f 1074 6020 1073
f 6020 6023 1073
f 1073 6023 1072
f 6023 6024 1072
f 1072 6024 1093
f 6024 6025 1093
f 1093 6025 1092
f 6025 6026 1092
f 1092 6026 1102
f 6026 6030 1102
f 1102 6030 1101
f 6030 6031 1101
f 1101 6031 1091
f 6031 6032 1091
f 1091 6032 1090
f 6032 6038 1090
f 1090 6038 1089
f 6038 6039 1089
f 1089 6039 1088
f 6039 6040 1088
f 1088 6040 1113
f 6040 6049 1113
f 1113 6049 1112
f 6049 6050 1112
f 1112 6050 1111
f 6050 6051 1111
f 1111 6051 1110
f 6051 6069 1110
f 1110 6069 1137
f 6069 6070 1137
f 1137 6070 1136
f 6070 6071 1136
f 1136 6071 1129
f 6071 6072 1129
f 1129 6072 1128
f 6072 6073 1128
f 1128 6073 1135
f 6073 6074 1135
f 1135 6074 1134
f 6074 6067 1134
f 1134 6067 1133
f 6067 6068 1133
f 1133 6068 1127
f 6068 6075 1127
f 1127 6075 1126
f 6075 6076 1126
f 1126 6076 1125
f 6076 6052 1125
f 1125 6052 1121
f 6052 6053 1121
f 1121 6053 1120
f 6053 6060 1120
f 1120 6060 1119
f 6060 6061 1119
f 1119 6061 1109
f 6061 6041 1109
f 1109 6041 1108
f 6041 6042 1108
f 1108 6042 1107
f 6042 6043 1107
f 1107 6043 1071
f 6043 6007 1071
f 1071 6007 1070
f 6007 6008 1070
f 1070 6008 1087
f 6008 6021 1087
f 1087 6021 1086
f 6021 6022 1086
f 1086 6022 1083
f 6022 6017 1083
f 1083 6017 1082
f 6017 6018 1082
f 1082 6018 1081
f 6018 6005 1081
f 1081 6005 1080
f 6005 6006 1080
f 1080 6006 1069
f 6006 6011 1069
f 1069 6011 1068
f 6011 6012 1068
f 1068 6012 1100
f 6012 6013 1100
f 1100 6013 1099
f 6013 6014 1099
f 1099 6014 1079
f 6014 6015 1079
f 1079 6015 1078
f 6015 6016 1078
f 1078 6016 1077
f 6016 6033 1077
f 1077 6033 1076
f 6033 6034 1076
f 1076 6034 1106
f 6034 6035 1106
f 1106 6035 1105
f 6035 6046 1105
f 1105 6046 1098
f 6046 6047 1098
f 1098 6047 1097
f 6047 6048 1097
f 1097 6048 1118
f 6048 6054 1118
f 1118 6054 1117
f 6054 6055 1117
f 1117 6055 1104
f 6055 6056 1104
f 1104 6056 1103
f 6056 6064 1103
f 1103 6064 1132
f 6064 6065 1132
f 1132 6065 1131
f 8451 8452 3844
f 3844 8452 3843
f 8452 8444 3843
f 3843 8444 3842
f 8444 8445 3842
f 3842 8445 3836
f 8445 8446 3836
f 3836 8446 3835
f 8446 8437 3835
f 3835 8437 3834
f 8437 8438 3834
f 3834 8438 3829
f 8438 8439 3829
f 3829 8439 3828
f 8439 8440 3828
f 3828 8440 3827
f 8440 8453 3827
f 3827 8453 3826
f 8453 8454 3826
f 3826 8454 3825
f 8454 8455 3825
f 3825 8455 3833
f 8455 8456 3833
f 3833 8456 3867
f 8456 8457 3867
f 3867 8457 3866
f 8457 8458 3866
f 3866 8458 3858
f 8458 8459 3858
f 3858 8459 3857
f 8459 8460 3857
f 3857 8460 3856
f 8460 8461 3856
f 3856 8461 3862
f 8461 8462 3862
f 3862 8462 3861
f 8462 8476 3861
f 3861 8476 3855
f 8476 8477 3855
f 3855 8477 3854
f 8477 8478 3854
f 3854 8478 3868
f 8478 8479 3868
f 3868 8479 3869
f 8479 8480 3869
f 3869 8480 3872
f 8480 8481 3872
f 3872 8481 3871
f 8481 8485 3871
f 3871 8485 3870
f 8485 8486 3870
f 3870 8486 3885
f 8486 8487 3885
f 3885 8487 3884
f 8487 8488 3884
f 3884 8488 3880
f 8488 8489 3880
f 3880 8489 3879
f 8489 8490 3879
f 3879 8490 3894
f 8490 8498 3894
f 3894 8498 3893
f 8498 8499 3893
f 3893 8499 3889
f 8499 8494 3889
f 3889 8494 3888
f 8494 8495 3888
f 3888 8495 3887
f 8495 8505 3887
f 3887 8505 3886
f 8505 8506 3886
f 3886 8506 3897
f 8506 8507 3897
f 3897 8507 3896
f 8507 8502 3896
f 3896 8502 3895
f 8502 8501 3895
f 3895 8501 3892
f 8501 8500 3892
f 3892 8500 3891
f 8500 8503 3891
f 3891 8503 3890
f 8503 8504 3890
f 3890 8504 3883
f 8504 8491 3883
f 3883 8491 3882
f 8491 8492 3882
f 3882 8492 3881
f 8492 8493 3881
f 3881 8493 3878
f 8493 8496 3878
f 3878 8496 3877
f 8496 8497 3877
f 3877 8497 3876
f 8497 8482 3876
f 3876 8482 3875
f 8482 8483 3875
f 3875 8483 3874
f 8483 8484 3874
f 3874 8484 3873
f 8484 8472 3873
f 3873 8472 3863
f 8472 8473 3863
f 3863 8473 3864
f 8473 8463 3864
f 3864 8463 3865
f 8463 8464 3865
f 3865 8464 3853
f 8464 8466 3853
f 3853 8466 3852
f 8466 8467 3852
f 3852 8467 3860
f 8467 8474 3860
f 3860 8474 3859
f 8474 8475 3859
f 3859 8475 3846
f 8475 8468 3846
f 3846 8468 3845
f 8468 8469 3845
f 3845 8469 3848
f 8469 8470 3848
f 3848 8470 3851
f 8470 8471 3851
f 3851 8471 3850
f 8471 8435 3850
f 3850 8435 3849
f 8435 8436 3849
f 3849 8436 3830
f 8436 8441 3830
f 3830 8441 3831
f 8441 8442 3831
f 3831 8442 3832
f 8442 8443 3832
f 3832 8443 3841
f 8443 8447 3841
f 3841 8447 3840
f 8447 8448 3840
f 3840 8448 3839
f 8448 8449 3839
f 3839 8449 3838
f 8449 8450 3838
f 3838 8450 3837
f 8450 8451 3837
f 3837 8451 3844
f 8378 8379 3775
f 3775 8379 3774
f 8379 8371 3774
f 3774 8371 3773
f 8371 8372 3773
f 3773 8372 3767
f 8372 8373 3767
f 3767 8373 3766
f 8373 8364 3766
f 3766 8364 3765
f 8364 8365 3765
f 3765 8365 3758
f 8365 8366 3758
f 3758 8366 3757
f 8366 8367 3757
f 3757 8367 3756
f 8367 8380 3756
f 3756 8380 3755
f 8380 8381 3755
f 3755 8381 3754
f 8381 8382 3754
f 3754 8382 3764
f 8382 8383 3764
f 3764 8383 3794
f 8383 8384 3794
f 3794 8384 3793
f 8384 8385 3793
f 3793 8385 3785
f 8385 8386 3785
f 3785 8386 3784
f 8386 8387 3784
f 3784 8387 3783
f 8387 8388 3783
f 3783 8388 3789
f 8388 8389 3789
f 3789 8389 3788
f 8389 8403 3788
f 3788 8403 3782
f 8403 8404 3782
f 3782 8404 3781
f 8404 8405 3781
f 3781 8405 3795
f 8405 8406 3795
f 3795 8406 3796
f 8406 8407 3796
f 3796 8407 3799
f 8407 8408 3799
f 3799 8408 3798
f 8408 8412 3798
f 3798 8412 3797
f 8412 8413 3797
f 3797 8413 3812
f 8413 8414 3812
f 3812 8414 3811
f 8414 8415 3811
f 3811 8415 3807
f 8415 8416 3807
f 3807 8416 3806
f 8416 8417 3806
f 3806 8417 3821
f 8417 8425 3821
f 3821 8425 3820
f 8425 8426 3820
f 3820 8426 3816
f 8426 8421 3816
f 3816 8421 3815
f 8421 8422 3815
f 3815 8422 3814
f 8422 8432 3814
f 3814 8432 3813
f 8432 8433 3813
f 3813 8433 3824
f 8433 8434 3824
f 3824 8434 3823
f 8434 8429 3823
f 3823 8429 3822
f 8429 8428 3822
f 3822 8428 3819
f 8428 8427 3819
f 3819 8427 3818
f 8427 8430 3818
f 3818 8430 3817
f 8430 8431 3817
f 3817 8431 3810
f 8431 8418 3810
f 3810 8418 3809
f 8418 8419 3809
f 3809 8419 3808
f 8419 8420 3808
f 3808 8420 3805
f 8420 8423 3805
f 3805 8423 3804
f 8423 8424 3804
f 3804 8424 3803
f 8424 8409 3803
f 3803 8409 3802
f 8409 8410 3802
f 3802 8410 3801
f 8410 8411 3801
f 3801 8411 3800
f 8411 8399 3800
f 3800 8399 3790
f 8399 8400 3790
f 3790 8400 3791
f 8400 8390 3791
f 3791 8390 3792
f 8390 8391 3792
f 3792 8391 3780
f 8391 8393 3780
f 3780 8393 3779
f 8393 8394 3779
f 3779 8394 3787
f 8394 8401 3787
f 3787 8401 3786
f 8401 8402 3786
f 3786 8402 3778
f 8402 8395 3778
f 3778 8395 3777
f 8395 8396 3777
f 3777 8396 3776
f 8396 8397 3776
f 3776 8397 102
f 8397 8398 102
f 102 8398 101
f 8398 8361 101
f 101 8361 3763
f 8361 8362 3763
f 3763 8362 3762
f 8362 8368 3762
f 3762 8368 3761
f 8368 8369 3761
f 3761 8369 3760
f 8369 8370 3760
f 3760 8370 3772
f 8370 8374 3772
f 3772 8374 3771
f 8374 8375 3771
f 3771 8375 3770
f 8375 8376 3770
f 3770 8376 3769
f 8376 8377 3769
f 3769 8377 3768
f 8377 8378 3768
f 3768 8378 3775
f 8307 8300 3701
f 3701 8300 3700
f 8300 8301 3700
f 3700 8301 3699
f 8301 8308 3699
f 3699 8308 3694
f 8308 8309 3694
f 3694 8309 3693
f 8309 8296 3693
f 3693 8296 3692
f 8296 8297 3692
f 3692 8297 3691
f 8297 8298 3691
f 3691 8298 3690
f 8298 8299 3690
f 3690 8299 3689
f 8299 8314 3689
f 3689 8314 3683
f 8314 8315 3683
f 3683 8315 3682
f 8315 8316 3682
f 3682 8316 105
f 8316 8312 105
f 105 8312 104
f 8312 8313 104
f 104 8313 3742
f 8313 8337 3742
f 3742 8337 3741
f 8337 8338 3741
f 3741 8338 3736
f 8338 8325 3736
f 3736 8325 3735
f 8325 8326 3735
f 3735 8326 3734
f 8326 8327 3734
f 3734 8327 3725
f 8327 8334 3725
f 3725 8334 3724
f 8334 8335 3724
f 3724 8335 3733
f 8335 8336 3733
f 3733 8336 3732
f 8336 8328 3732
f 3732 8328 3731
f 8328 8329 3731
f 3731 8329 3721
f 8329 8330 3721
f 3721 8330 3720
f 8330 8331 3720
f 3720 8331 3719
f 8331 8342 3719
f 3719 8342 3718
f 8342 8343 3718
f 3718 8343 3740
f 8343 8344 3740
f 3740 8344 3739
f 8344 8345 3739
f 3739 8345 3730
f 8345 8346 3730
f 3730 8346 3729
f 8346 8347 3729
f 3729 8347 3747
f 8347 8350 3747
f 3747 8350 3746
f 8350 8351 3746
f 3746 8351 3738
f 8351 8352 3738
f 3738 8352 3737
f 8352 8358 3737
f 3737 8358 3753
f 8358 8359 3753
f 3753 8359 3752
f 8359 8360 3752
f 3752 8360 3751
f 8360 8355 3751
f 3751 8355 3750
f 8355 8356 3750
f 3750 8356 3749
f 8356 8357 3749
f 3749 8357 3748
f 8357 8348 3748
f 3748 8348 3745
f 8348 8349 3745
f 3745 8349 3744
f 8349 8353 3744
f 3744 8353 3743
f 8353 8354 3743
f 3743 8354 3728
f 8354 8339 3728
f 3728 8339 3727
f 8339 8340 3727
f 3727 8340 3726
f 8340 8341 3726
f 3726 8341 3714
f 8341 8310 3714
f 3714 8310 3713
f 8310 8311 3713
f 3713 8311 3712
f 8311 8319 3712
f 3712 8319 3711
f 8319 8320 3711
f 3711 8320 3717
f 8320 8321 3717
f 3717 8321 3716
f 8321 8317 3716
f 3716 8317 3715
f 8317 8318 3715
f 3715 8318 3710
f 8318 8322 3710
f 3710 8322 3709
f 8322 8323 3709
f 3709 8323 3708
f 8323 8324 3708
f 3708 8324 3723
f 8324 8332 3723
f 3723 8332 3722
f 8332 8333 3722
f 3722 8333 3707
f 8333 4705 3707
f 3707 4705 3706
f 4705 4706 3706
f 3706 4706 3704
f 4706 8291 3704
f 3704 8291 3688
f 8291 8292 3688
f 3688 8292 3687
f 8292 8293 3687
f 3687 8293 3685
f 8293 8294 3685
f 3685 8294 3684
f 8294 8295 3684
f 3684 8295 3703
f 8295 8302 3703
f 3703 8302 3702
f 8302 8303 3702
f 3702 8303 3698
f 8303 8304 3698
f 3698 8304 3697
f 8304 8305 3697
f 3697 8305 3696
f 8305 8306 3696
f 3696 8306 3695
f 8306 8307 3695
f 3695 8307 3701
f 5992 5993 1204
f 1204 5993 1203
f 5993 5971 1203
f 1203 5971 1197
f 5971 5972 1197
f 1197 5972 1196
f 5972 5984 1196
f 1196 5984 1195
f 5984 5985 1195
f 1195 5985 1189
f 5985 5986 1189
f 1189 5986 1188
f 5986 5989 1188
f 1188 5989 1187
f 5989 5990 1187
f 1187 5990 1169
f 5990 5954 1169
f 1169 5954 1168
f 5954 5955 1168
f 1168 5955 1167
f 5955 5956 1167
f 1167 5956 1139
f 5956 5936 1139
f 1139 5936 1138
f 5936 5937 1138
f 1138 5937 1158
f 5937 5963 1158
f 1158 5963 1157
f 5963 5964 1157
f 1157 5964 1148
f 5964 5946 1148
f 1148 5946 1147
f 5946 5947 1147
f 1147 5947 1146
f 5947 5950 1146
f 1146 5950 1145
f 5950 5951 1145
f 1145 5951 1166
f 5951 5952 1166
f 1166 5952 1165
f 5952 5953 1165
f 1165 5953 1175
f 5953 5957 1175
f 1175 5957 1174
f 5957 5958 1174
f 1174 5958 1164
f 5958 5959 1164
f 1164 5959 1163
f 5959 5965 1163
f 1163 5965 1162
f 5965 5966 1162
f 1162 5966 1161
f 5966 5967 1161
f 1161 5967 1186
f 5967 5976 1186
f 1186 5976 1185
f 5976 5977 1185
f 1185 5977 1184
f 5977 5978 1184
f 1184 5978 1183
f 5978 5996 1183
f 1183 5996 1210
f 5996 5997 1210
f 1210 5997 1209
f 5997 5998 1209
f 1209 5998 1202
f 5998 5999 1202
f 1202 5999 1201
f 5999 6000 1201
f 1201 6000 1208
f 6000 6001 1208
f 1208 6001 1207
f 6001 5994 1207
f 1207 5994 1206
f 5994 5995 1206
f 1206 5995 1200
f 5995 6002 1200
f 1200 6002 1199
f 6002 6003 1199
f 1199 6003 1198
f 6003 5979 1198
f 1198 5979 1194
f 5979 5980 1194
f 1194 5980 1193
f 5980 5987 1193
f 1193 5987 1192
f 5987 5988 1192
f 1192 5988 1182
f 5988 5968 1182
f 1182 5968 1181
f 5968 5969 1181
f 1181 5969 1180
f 5969 5970 1180
f 1180 5970 1144
f 5970 5934 1144
f 1144 5934 1143
f 5934 5935 1143
f 1143 5935 1160
f 5935 5948 1160
f 1160 5948 1159
f 5948 5949 1159
f 1159 5949 1156
f 5949 5944 1156
f 1156 5944 1155
f 5944 5945 1155
f 1155 5945 1154
f 5945 5932 1154
f 1154 5932 1153
f 5932 5933 1153
f 1153 5933 1142
f 5933 5938 1142
f 1142 5938 1141
f 5938 5939 1141
f 1141 5939 1173
f 5939 5940 1173
f 1173 5940 1172
f 5940 5941 1172
f 1172 5941 1152
f 5941 5942 1152
f 1152 5942 1151
f 5942 5943 1151
f 1151 5943 1150
f 5943 5960 1150
f 1150 5960 1149
f 5960 5961 1149
f 1149 5961 1179
f 5961 5962 1179
f 1179 5962 1178
f 5962 5973 1178
f 1178 5973 1171
f 5973 5974 1171
f 1171 5974 1170
f 5974 5975 1170
f 1170 5975 1191
f 5975 5981 1191
f 1191 5981 1190
f 5981 5982 1190
f 1190 5982 1177
f 5982 5983 1177
f 1177 5983 1176
f 5983 5991 1176
f 1176 5991 1205
f 5991 5992 1205
f 1205 5992 1204
f 5901 5916 1314
f 1314 5916 1313
f 5916 5917 1313
f 1313 5917 1312
f 5917 5918 1312
f 1312 5918 1311
f 5918 5876 1311
f 1311 5876 1282
f 5876 5877 1282
f 1282 5877 1281
f 5877 5878 1281
f 1281 5878 1280
f 5878 5902 1280
f 1280 5902 1279
f 5902 5903 1279
f 1279 5903 1278
f 5903 5816 1278
f 1278 5816 1277
f 5816 5817 1277
f 1277 5817 1240
f 5817 5818 1240
f 1240 5818 1239
f 5818 5786 1239
f 1239 5786 1238
f 5786 5787 1238
f 1238 5787 1237
f 5787 5819 1237
f 1237 5819 1355
f 5819 5802 1355
f 1355 5802 1354
f 5802 5803 1354
f 1354 5803 1353
f 5803 5805 1353
f 1353 5805 1352
f 5805 5831 1352
f 1352 5831 1259
f 5831 5810 1259
f 1259 5810 1231
f 5810 5894 1231
f 1231 5894 1230
f 5894 5892 1230
f 1230 5892 1266
f 5892 5919 1266
f 1266 5919 1265
f 5919 5920 1265
f 1265 5920 1249
f 5920 5921 1249
f 1249 5921 1248
f 5921 5867 1248
f 1248 5867 1247
f 5867 5868 1247
f 1247 5868 1246
f 5868 5869 1246
f 1246 5869 1288
f 5869 5870 1288
f 1288 5870 1287
f 5870 5909 1287
f 1287 5909 1286
f 5909 5910 1286
f 1286 5910 1322
f 5910 5911 1322
f 1322 5911 1321
f 5911 5922 1321
f 1321 5922 1320
f 5922 5923 1320
f 1320 5923 1348
f 5923 5924 1348
f 1348 5924 1347
f 5924 5925 1347
f 1347 5925 1346
f 5925 5926 1346
f 1346 5926 1331
f 5926 5927 1331
f 1331 5927 1330
f 5927 5928 1330
f 1330 5928 1329
f 5928 5929 1329
f 1329 5929 1319
f 5929 5930 1319
f 1319 5930 1318
f 5930 5871 1318
f 1318 5871 1317
f 5871 5872 1317
f 1317 5872 1308
f 5872 5897 1308
f 1308 5897 1307
f 5897 5898 1307
f 1307 5898 1306
f 5898 5837 1306
f 1306 5837 1258
f 5837 5838 1258
f 1258 5838 1257
f 5838 5839 1257
f 1257 5839 1256
f 5839 5788 1256
f 1256 5788 1245
f 5788 5789 1245
f 1245 5789 1244
f 5789 5811 1244
f 1244 5811 1243
f 5811 5812 1243
f 1243 5812 1229
f 5812 5800 1229
f 1229 5800 1228
f 5800 5801 1228
f 1228 5801 1227
f 5801 5790 1227
f 1227 5790 1226
f 5790 5791 1226
f 1226 5791 1219
f 5791 5793 1219
f 1219 5793 1218
f 5793 5794 1218
f 1218 5794 1253
f 5794 5795 1253
f 1253 5795 1252
f 5795 5796 1252
f 1252 5796 1217
f 5796 5797 1217
f 1217 5797 1216
f 5797 5813 1216
f 1216 5813 1215
f 5813 5814 1215
f 1215 5814 1214
f 5814 5815 1214
f 1214 5815 1251
f 5815 5840 1251
f 1251 5840 1250
f 5840 5841 1250
f 1250 5841 1242
f 5841 5842 1242
f 1242 5842 1241
f 5842 5873 1241
f 1241 5873 1285
f 5873 5874 1285
f 1285 5874 1284
f 5874 5875 1284
f 1284 5875 1283
f 5875 5899 1283
f 1283 5899 1316
f 5899 5900 1316
f 1316 5900 1315
f 5900 5901 1315
f 1315 5901 1314
f 5906 5912 1343
f 1343 5912 1305
f 5912 5913 1305
f 1305 5913 1304
f 5913 5885 1304
f 1304 5885 1303
f 5885 5886 1303
f 1303 5886 1302
f 5886 5907 1302
f 1302 5907 1301
f 5907 5908 1301
f 1301 5908 1300
f 5908 5850 1300
f 1300 5850 1269
f 5850 5851 1269
f 1269 5851 1268
f 5851 5887 1268
f 1268 5887 1267
f 5887 5888 1267
f 1267 5888 1236
f 5888 5843 1236
f 1236 5843 1235
f 5843 5844 1235
f 1235 5844 1234
f 5844 5845 1234
f 1234 5845 1212
f 5845 5846 1212
f 1212 5846 1211
f 5846 5847 1211
f 1211 5847 1233
f 5847 5848 1233
f 1233 5848 1232
f 5848 5849 1232
f 1232 5849 1225
f 5849 5852 1225
f 1225 5852 1224
f 5852 5853 1224
f 1224 5853 1223
f 5853 5854 1223
f 1223 5854 1222
f 5854 5820 1222
f 1222 5820 1221
f 5820 5821 1221
f 1221 5821 1220
f 5821 5822 1220
f 1220 5822 1276
f 5822 5834 1276
f 1276 5834 1275
f 5834 5835 1275
f 1275 5835 1255
f 5835 5836 1255
f 1255 5836 1254
f 5836 5861 1254
f 1254 5861 1342
f 5861 5862 1342
f 1342 5862 1341
f 5862 5863 1341
f 1341 5863 1326
f 5863 5864 1326
f 1326 5864 1327
f 5864 5865 1327
f 1327 5865 1328
f 5865 5866 1328
f 1328 5866 1340
f 5866 5889 1340
f 1340 5889 1339
f 5889 5890 1339
f 1339 5890 1338
f 5890 5891 1338
f 1338 5891 1337
f 5891 5914 1337
f 1337 5914 1336
f 5914 5915 1336
f 1336 5915 1335
f 5915 5893 1335
f 1335 5893 1334
f 5893 5895 1334
f 1334 5895 1333
f 5895 5896 1333
f 1333 5896 1332
f 5896 5855 1332
f 1332 5855 1351
f 5855 5856 1351
f 1351 5856 1350
f 5856 5857 1350
f 1350 5857 1349
f 5857 5858 1349
f 1349 5858 1325
f 5858 5859 1325
f 1325 5859 1324
f 5859 5860 1324
f 1324 5860 1323
f 5860 5826 1323
f 1323 5826 1299
f 5826 5827 1299
f 1299 5827 1298
f 5827 5828 1298
f 1298 5828 1297
f 5828 5808 1297
f 1297 5808 1296
f 5808 5809 1296
f 1296 5809 1295
f 5809 5829 1295
f 1295 5829 1294
f 5829 5830 1294
f 1294 5830 1293
f 5830 5832 1293
f 1293 5832 1292
f 5832 5833 1292
f 1292 5833 1310
f 5833 5807 1310
f 1310 5807 1309
f 5807 5806 1309
f 1309 5806 1291
f 5806 5804 1291
f 1291 5804 1290
f 5804 5798 1290
f 1290 5798 1289
f 5798 5799 1289
f 1289 5799 1262
f 5799 5823 1262
f 1262 5823 1263
f 5823 5824 1263
f 1263 5824 1264
f 5824 5825 1264
f 1264 5825 1274
f 5825 5879 1274
f 1274 5879 1273
f 5879 5880 1273
f 1273 5880 1261
f 5880 5881 1261
f 1261 5881 1260
f 5881 5884 1260
f 1260 5884 1272
f 5884 5883 1272
f 1272 5883 1271
f 5883 5882 1271
f 1271 5882 1270
f 5882 5904 1270
f 1270 5904 1345
f 5904 5905 1345
f 1345 5905 1344
f 5905 5906 1344
f 1344 5906 1343
f 8236 8229 3628
f 3628 8229 3627
f 8229 8230 3627
f 3627 8230 3626
f 8230 8237 3626
f 3626 8237 3621
f 8237 8238 3621
f 3621 8238 3620
f 8238 8225 3620
f 3620 8225 3619
f 8225 8226 3619
f 3619 8226 3618
f 8226 8227 3618
f 3618 8227 3617
f 8227 8228 3617
f 3617 8228 3616
f 8228 8243 3616
f 3616 8243 3612
f 8243 8244 3612
f 3612 8244 3611
f 8244 8245 3611
f 3611 8245 108
f 8245 8241 108
f 108 8241 107
f 8241 8242 107
f 107 8242 3670
f 8242 8266 3670
f 3670 8266 3669
f 8266 8267 3669
f 3669 8267 3664
f 8267 8254 3664
f 3664 8254 3663
f 8254 8255 3663
f 3663 8255 3662
f 8255 8256 3662
f 3662 8256 3653
f 8256 8263 3653
f 3653 8263 3652
f 8263 8264 3652
f 3652 8264 3661
f 8264 8265 3661
f 3661 8265 3660
f 8265 8257 3660
f 3660 8257 3659
f 8257 8258 3659
f 3659 8258 3649
f 8258 8259 3649
f 3649 8259 3648
f 8259 8260 3648
f 3648 8260 3647
f 8260 8271 3647
f 3647 8271 3646
f 8271 8272 3646
f 3646 8272 3668
f 8272 8273 3668
f 3668 8273 3667
f 8273 8274 3667
f 3667 8274 3658
f 8274 8275 3658
f 3658 8275 3657
f 8275 8276 3657
f 3657 8276 3675
f 8276 8279 3675
f 3675 8279 3674
f 8279 8280 3674
f 3674 8280 3666
f 8280 8281 3666
f 3666 8281 3665
f 8281 8287 3665
f 3665 8287 3681
f 8287 8288 3681
f 3681 8288 3680
f 8288 8289 3680
f 3680 8289 3679
f 8289 8284 3679
f 3679 8284 3678
f 8284 8285 3678
f 3678 8285 3677
f 8285 8286 3677
f 3677 8286 3676
f 8286 8277 3676
f 3676 8277 3673
f 8277 8278 3673
f 3673 8278 3672
f 8278 8282 3672
f 3672 8282 3671
f 8282 8283 3671
f 3671 8283 3656
f 8283 8268 3656
f 3656 8268 3655
f 8268 8269 3655
f 3655 8269 3654
f 8269 8270 3654
f 3654 8270 3642
f 8270 8239 3642
f 3642 8239 3641
f 8239 8240 3641
f 3641 8240 3640
f 8240 8248 3640
f 3640 8248 3639
f 8248 8249 3639
f 3639 8249 3645
f 8249 8250 3645
f 3645 8250 3644
f 8250 8246 3644
f 3644 8246 3643
f 8246 8247 3643
f 3643 8247 3638
f 8247 8251 3638
f 3638 8251 3637
f 8251 8252 3637
f 3637 8252 3636
f 8252 8253 3636
f 3636 8253 3651
f 8253 8261 3651
f 3651 8261 3650
f 8261 8262 3650
f 3650 8262 3632
f 8262 4708 3632
f 3632 4708 3631
f 4708 4709 3631
f 3631 4709 3635
f 4709 8220 3635
f 3635 8220 3634
f 8220 8221 3634
f 3634 8221 3633
f 8221 8222 3633
f 3633 8222 3615
f 8222 8223 3615
f 3615 8223 3614
f 8223 8224 3614
f 3614 8224 3630
f 8224 8231 3630
f 3630 8231 3629
f 8231 8232 3629
f 3629 8232 3625
f 8232 8233 3625
f 3625 8233 3624
f 8233 8234 3624
f 3624 8234 3623
f 8234 8235 3623
f 3623 8235 3622
f 8235 8236 3622
f 3622 8236 3628
f 8108 8109 3496
f 3496 8109 3495
f 8109 8110 3495
f 3495 8110 3492
f 8110 8111 3492
f 3492 8111 3491
f 8111 8112 3491
f 3491 8112 3490
f 8112 8103 3490
f 3490 8103 3475
f 8103 8104 3475
f 3475 8104 3474
f 8104 8105 3474
f 3474 8105 3494
f 8105 8122 3494
f 3494 8122 3493
f 8122 8123 3493
f 3493 8123 3524
f 8123 8125 3524
f 3524 8125 3523
f 8125 8126 3523
f 3523 8126 3521
f 8126 8143 3521
f 3521 8143 3520
f 8143 8135 3520
f 3520 8135 3542
f 8135 8163 3542
f 3542 8163 3562
f 8163 8164 3562
f 3562 8164 3563
f 8164 8180 3563
f 3563 8180 3575
f 8180 8181 3575
f 3575 8181 3574
f 8181 8192 3574
f 3574 8192 3581
f 8192 8152 3581
f 3581 8152 3537
f 8152 8211 3537
f 3537 8211 3536
f 8211 8210 3536
f 3536 8210 3555
f 8210 8145 3555
f 3555 8145 3554
f 8145 8146 3554
f 3554 8146 3535
f 8146 8147 3535
f 3535 8147 3534
f 8147 8156 3534
f 3534 8156 3533
f 8156 8157 3533
f 3533 8157 3532
f 8157 8158 3532
f 3532 8158 3553
f 8158 8168 3553
f 3553 8168 3552
f 8168 8169 3552
f 3552 8169 3549
f 8169 8170 3549
f 3549 8170 3548
f 8170 8198 3548
f 3548 8198 3572
f 8198 8199 3572
f 3572 8199 3571
f 8199 8200 3571
f 3571 8200 3570
f 8200 8206 3570
f 3570 8206 3597
f 8206 8214 3597
f 3597 8214 3596
f 8214 8215 3596
f 3596 8215 3595
f 8215 8216 3595
f 3595 8216 3594
f 8216 8217 3594
f 3594 8217 3593
f 8217 8218 3593
f 3593 8218 3592
f 8218 8201 3592
f 3592 8201 3565
f 8201 8202 3565
f 3565 8202 3564
f 8202 8203 3564
f 3564 8203 3569
f 8203 8204 3569
f 3569 8204 3568
f 8204 8205 3568
f 3568 8205 3547
f 8205 8159 3547
f 3547 8159 3546
f 8159 8160 3546
f 3546 8160 3545
f 8160 8161 3545
f 3545 8161 3519
f 8161 8113 3519
f 3519 8113 3518
f 8113 8114 3518
f 3518 8114 3517
f 8114 8136 3517
f 3517 8136 3516
f 8136 8137 3516
f 3516 8137 3531
f 8137 8138 3531
f 3531 8138 3530
f 8138 8129 3530
f 3530 8129 3529
f 8129 8130 3529
f 3529 8130 3515
f 8130 8139 3515
f 3515 8139 3514
f 8139 8140 3514
f 3514 8140 3513
f 8140 8141 3513
f 3513 8141 3541
f 8141 8148 3541
f 3541 8148 3540
f 8148 8149 3540
f 3540 8149 3504
f 8149 4711 3504
f 3504 4711 3503
f 4711 4712 3503
f 3503 4712 3507
f 4712 8077 3507
f 3507 8077 3506
f 8077 8078 3506
f 3506 8078 3505
f 8078 8079 3505
f 3505 8079 3470
f 8079 8080 3470
f 3470 8080 3469
f 8080 8081 3469
f 3469 8081 3502
f 8081 8106 3502
f 3502 8106 3501
f 8106 8107 3501
f 3501 8107 3500
f 8107 8100 3500
f 3500 8100 3499
f 8100 8101 3499
f 3499 8101 3498
f 8101 8102 3498
f 3498 8102 3497
f 8102 8108 3497
f 3497 8108 3496
f 8088 8089 3467
f 3467 8089 3466
f 8089 8090 3466
f 3466 8090 3480
f 8090 8094 3480
f 3480 8094 3479
f 8094 8095 3479
f 3479 8095 3478
f 8095 8096 3478
f 3478 8096 3477
f 8096 8097 3477
f 3477 8097 3476
f 8097 8098 3476
f 3476 8098 3473
f 8098 8099 3473
f 3473 8099 3472
f 8099 8115 3472
f 3472 8115 3471
f 8115 8116 3471
f 3471 8116 3512
f 8116 8117 3512
f 3512 8117 3511
f 8117 8118 3511
f 3511 8118 3510
f 8118 8119 3510
f 3510 8119 3509
f 8119 8120 3509
f 3509 8120 3508
f 8120 8121 3508
f 3508 8121 3539
f 8121 8131 3539
f 3539 8131 3538
f 8131 8132 3538
f 3538 8132 3528
f 8132 8127 3528
f 3528 8127 3527
f 8127 8128 3527
f 3527 8128 3526
f 8128 8142 3526
f 3526 8142 3525
f 8142 8153 3525
f 3525 8153 3550
f 8153 8154 3550
f 3550 8154 3551
f 8154 8155 3551
f 3551 8155 3567
f 8155 8165 3567
f 3567 8165 3566
f 8165 8166 3566
f 3566 8166 3559
f 8166 8167 3559
f 3559 8167 3558
f 8167 8184 3558
f 3558 8184 3591
f 8184 8185 3591
f 3591 8185 3590
f 8185 8186 3590
f 3590 8186 3584
f 8186 8187 3584
f 3584 8187 3585
f 8187 8188 3585
f 3585 8188 3586
f 8188 8189 3586
f 3586 8189 3608
f 8189 8195 3608
f 3608 8195 3607
f 8195 8196 3607
f 3607 8196 3602
f 8196 8197 3602
f 3602 8197 3601
f 8197 8207 3601
f 3601 8207 3610
f 8207 8208 3610
f 3610 8208 3609
f 8208 8209 3609
f 3609 8209 3606
f 8209 8212 3606
f 3606 8212 3605
f 8212 8213 3605
f 3605 8213 3604
f 8213 8174 3604
f 3604 8174 3603
f 8174 8175 3603
f 3603 8175 3600
f 8175 8176 3600
f 3600 8176 3599
f 8176 8177 3599
f 3599 8177 3598
f 8177 8178 3598
f 3598 8178 3589
f 8178 8179 3589
f 3589 8179 3588
f 8179 8171 3588
f 3588 8171 3587
f 8171 8172 3587
f 3587 8172 3578
f 8172 8173 3578
f 3578 8173 3577
f 8173 8150 3577
f 3577 8150 3576
f 8150 8151 3576
f 3576 8151 3557
f 8151 8190 3557
f 3557 8190 3556
f 8190 8191 3556
f 3556 8191 3583
f 8191 8193 3583
f 3583 8193 3582
f 8193 8194 3582
f 3582 8194 3580
f 8194 8183 3580
f 3580 8183 3579
f 8183 8182 3579
f 3579 8182 3573
f 8182 8162 3573
f 3573 8162 3561
f 8162 8133 3561
f 3561 8133 3560
f 8133 8134 3560
f 3560 8134 3544
f 8134 8144 3544
f 3544 8144 3543
f 8144 8124 3543
f 3543 8124 3522
f 8124 8082 3522
f 3522 8082 3486
f 8082 8083 3486
f 3486 8083 3485
f 8083 8084 3485
f 3485 8084 3484
f 8084 8085 3484
f 3484 8085 3483
f 8085 8086 3483
f 3483 8086 3482
f 8086 8091 3482
f 3482 8091 3481
f 8091 8092 3481
f 3481 8092 3489
f 8092 8093 3489
f 3489 8093 3488
f 8093 8087 3488
f 3488 8087 3487
f 8087 8088 3487
f 3487 8088 3467
f 5785 5774 1427
f 1427 5774 1426
f 5774 5775 1426
f 1426 5775 1425
f 5775 5776 1425
f 1425 5776 1424
f 5776 5777 1424
f 1424 5777 1423
f 5777 5778 1423
f 1423 5778 1422
f 5778 5779 1422
f 1422 5779 1421
f 5779 5751 1421
f 1421 5751 1420
f 5751 5752 1420
f 1420 5752 1398
f 5752 5767 1398
f 1398 5767 1397
f 5767 5768 1397
f 1397 5768 1396
f 5768 5739 1396
f 1396 5739 1374
f 5739 5740 1374
f 1374 5740 1373
f 5740 5741 1373
f 1373 5741 1372
f 5741 5742 1372
f 1372 5742 1371
f 5742 5743 1371
f 1371 5743 1370
f 5743 5744 1370
f 1370 5744 1369
f 5744 5745 1369
f 1369 5745 1366
f 5745 5753 1366
f 1366 5753 1365
f 5753 5754 1365
f 1365 5754 1364
f 5754 5755 1364
f 1364 5755 1362
f 5755 5720 1362
f 1362 5720 1361
f 5720 5721 1361
f 1361 5721 1360
f 5721 5722 1360
f 1360 5722 1368
f 5722 5723 1368
f 1368 5723 1367
f 5723 5736 1367
f 1367 5736 1359
f 5736 5737 1359
f 1359 5737 1358
f 5737 5738 1358
f 1358 5738 1411
f 5738 5746 1411
f 1411 5746 1410
f 5746 5747 1410
f 1410 5747 1393
f 5747 5748 1393
f 1393 5748 1394
f 5748 5756 1394
f 1394 5756 1395
f 5756 5757 1395
f 1395 5757 1409
f 5757 5758 1409
f 1409 5758 1408
f 5758 5780 1408
f 1408 5780 1407
f 5780 5781 1407
f 1407 5781 1419
f 5781 5782 1419
f 1419 5782 1418
f 5782 5749 1418
f 1418 5749 1417
f 5749 5750 1417
f 1417 5750 1389
f 5750 5759 1389
f 1389 5759 1388
f 5759 5760 1388
f 1388 5760 1406
f 5760 5761 1406
f 1406 5761 1405
f 5761 5769 1405
f 1405 5769 1404
f 5769 5770 1404
f 1404 5770 1403
f 5770 5771 1403
f 1403 5771 1402
f 5771 5772 1402
f 1402 5772 1392
f 5772 5773 1392
f 1392 5773 1391
f 5773 5724 1391
f 1391 5724 1390
f 5724 5725 1390
f 1390 5725 1381
f 5725 5726 1381
f 1381 5726 1380
f 5726 5727 1380
f 1380 5727 1379
f 5727 5728 1379
f 1379 5728 1378
f 5728 5729 1378
f 1378 5729 1387
f 5729 5730 1387
f 1387 5730 1386
f 5730 5714 1386
f 1386 5714 1385
f 5714 5715 1385
f 1385 5715 1384
f 5715 5718 1384
f 1384 5718 1383
f 5718 5719 1383
f 1383 5719 1382
f 5719 5716 1382
f 1382 5716 1357
f 5716 5717 1357
f 1357 5717 1356
f 5717 5731 1356
f 1356 5731 1377
f 5731 5732 1377
f 1377 5732 1376
f 5732 5733 1376
f 1376 5733 1375
f 5733 5762 1375
f 1375 5762 1416
f 5762 5763 1416
f 1416 5763 1415
f 5763 5764 1415
f 1415 5764 1414
f 5764 5765 1414
f 1414 5765 1413
f 5765 5766 1413
f 1413 5766 1412
f 5766 5734 1412
f 1412 5734 1401
f 5734 5735 1401
f 1401 5735 1400
f 5735 5783 1400
f 1400 5783 1399
f 5783 5784 1399
f 1399 5784 1428
f 5784 5785 1428
f 1428 5785 1427
f 5711 5712 1500
f 1500 5712 1499
f 5712 5704 1499
f 1499 5704 1498
f 5704 5703 1498
f 1498 5703 1497
f 5703 5702 1497
f 1497 5702 1496
f 5702 5705 1496
f 1496 5705 1495
f 5705 5706 1495
f 1495 5706 1494
f 5706 5678 1494
f 1494 5678 1493
f 5678 5679 1493
f 1493 5679 1484
f 5679 5692 1484
f 1484 5692 1483
f 5692 5693 1483
f 1483 5693 1482
f 5693 5666 1482
f 1482 5666 1443
f 5666 5667 1443
f 1443 5667 1442
f 5667 5668 1442
f 1442 5668 1441
f 5668 5669 1441
f 1441 5669 1440
f 5669 5670 1440
f 1440 5670 1439
f 5670 5671 1439
f 1439 5671 1438
f 5671 5672 1438
f 1438 5672 1433
f 5672 5680 1433
f 1433 5680 1432
f 5680 5681 1432
f 1432 5681 1452
f 5681 5682 1452
f 1452 5682 1451
f 5682 5656 1451
f 1451 5656 1450
f 5656 5657 1450
f 1450 5657 1437
f 5657 5658 1437
f 1437 5658 1436
f 5658 5659 1436
f 1436 5659 1471
f 5659 5660 1471
f 1471 5660 1470
f 5660 5661 1470
f 1470 5661 1469
f 5661 5662 1469
f 1469 5662 1481
f 5662 5673 1481
f 1481 5673 1480
f 5673 5674 1480
f 1480 5674 1466
f 5674 5675 1466
f 1466 5675 1467
f 5675 5683 1467
f 1467 5683 1468
f 5683 5684 1468
f 1468 5684 1479
f 5684 5685 1479
f 1479 5685 1478
f 5685 5707 1478
f 1478 5707 1477
f 5707 5708 1477
f 1477 5708 1490
f 5708 5709 1490
f 1490 5709 1489
f 5709 5676 1489
f 1489 5676 1488
f 5676 5677 1488
f 1488 5677 1454
f 5677 5686 1454
f 1454 5686 1453
f 5686 5687 1453
f 1453 5687 1476
f 5687 5688 1476
f 1476 5688 1475
f 5688 5694 1475
f 1475 5694 1474
f 5694 5695 1474
f 1474 5695 1473
f 5695 5696 1473
f 1473 5696 1472
f 5696 5697 1472
f 1472 5697 1465
f 5697 5698 1465
f 1465 5698 1464
f 5698 5652 1464
f 1464 5652 1463
f 5652 5653 1463
f 1463 5653 1449
f 5653 5654 1449
f 1449 5654 1448
f 5654 5655 1448
f 1448 5655 1447
f 5655 5663 1447
f 1447 5663 1446
f 5663 5664 1446
f 1446 5664 1462
f 5664 5665 1462
f 1462 5665 1461
f 5665 5641 1461
f 1461 5641 1460
f 5641 5642 1460
f 1460 5642 1459
f 5642 5646 1459
f 1459 5646 1458
f 5646 5647 1458
f 1458 5647 1457
f 5647 5645 1457
f 1457 5645 1430
f 5645 5644 1430
f 1430 5644 1429
f 5644 5643 1429
f 1429 5643 1445
f 5643 5650 1445
f 1445 5650 1444
f 5650 5651 1444
f 1444 5651 1435
f 5651 5648 1435
f 1435 5648 1434
f 5648 5649 1434
f 1434 5649 1492
f 5649 5689 1492
f 1492 5689 1491
f 5689 5690 1491
f 1491 5690 1487
f 5690 5691 1487
f 1487 5691 1486
f 5691 5699 1486
f 1486 5699 1485
f 5699 5700 1485
f 1485 5700 1456
f 5700 5701 1456
f 1456 5701 1455
f 5701 5710 1455
f 1455 5710 1501
f 5710 5711 1501
f 1501 5711 1500
