# Generated MicroDuck mesh; do not edit by hand.
# Source: microduck_rl/src/mjlab_microduck/robot/microduck/assets/foot_right.stl
# Source repository: https://github.com/pollen-robotics/microduck_rl.git@5946fd9cdbc58956424420153e51975af3b30d77
# Source SHA-256: 8ffa894b29578edc78f5e982a7d89a8f5e4fa1dc27232b88c22a8a0a74cfbaa7
# License: Creative Commons BY-SA-NC; see ../Licenses/ATTRIBUTION.json.
# Modified: exported MuJoCo-compiled mesh geometry in Tuanjie coordinates.
# Transform: (x,y,z) -> (-y,z,x); triangle winding reversed.
o foot_right
v -0.0163016599 0.020541288 -0.00439906958
v -0.0163040366 0.0205417834 -0.0043657897
v -0.0162957348 0.0195950773 -0.00459561683
v -0.0161966756 0.0187816191 -0.0050306702
v -0.0161724333 0.0187811125 -0.0050623361
v -0.0161792301 0.0196596812 -0.00489000743
v -0.0160757713 0.0187796317 -0.00515193772
v -0.016048396 0.0187793188 -0.0051700063
v -0.0160548631 0.0196831319 -0.00499395048
v -0.0159959737 0.0187788196 -0.00519802468
v -0.015974693 0.0187786482 -0.0052072159
v -0.0159813017 0.0196914133 -0.00502960011
v -0.0160307977 0.0187791381 -0.00518032163
v -0.0160123017 0.018778963 -0.00519015361
v -0.016018834 0.0196875874 -0.00501325633
v -0.0160429385 0.018779261 -0.00517330784
v -0.0160827544 0.0187797174 -0.00514690671
v -0.0160891414 0.0196780786 -0.00497181527
v -0.0161069427 0.0187800359 -0.00512797851
v -0.0161214415 0.019672459 -0.00494699785
v -0.0161641575 0.0187809542 -0.00507206796
v -0.0161453057 0.0187806226 -0.00509250071
v -0.0161515418 0.0196663123 -0.0049196654
v -0.0161364228 0.0187804773 -0.00510138599
v -0.016115129 0.0187801514 -0.00512101315
v -0.0162043367 0.0196526088 -0.00485821906
v -0.0161982588 0.0187816545 -0.00502840802
v -0.0162266791 0.0196451452 -0.00482451962
v -0.0162184313 0.01878215 -0.00499708904
v -0.0162707083 0.0187840257 -0.00487569673
v -0.0162699632 0.0187839866 -0.00487828348
v -0.0162757356 0.0196209103 -0.00471427757
v -0.0162580851 0.0187834371 -0.00491414545
v -0.0162625015 0.01962924 -0.00475230394
v -0.0162542835 0.0187832862 -0.00492404355
v -0.0162461158 0.019637337 -0.00478913495
v -0.0162401926 0.018782787 -0.00495635113
v -0.0162376631 0.0187827051 -0.00496156793
v -0.0162857287 0.0196123999 -0.0046753115
v -0.0162924081 0.0196037702 -0.00463566883
v -0.0162803065 0.0187846217 -0.00483628828
v -0.0162868202 0.0187852271 -0.00479591219
v -0.0162901599 0.0187858418 -0.00475455169
v -0.016300628 0.0205411501 -0.0044083437
v -0.0162838195 0.0205398928 -0.00449188566
v -0.0162851773 0.0205399655 -0.00448705163
v -0.0162947718 0.0205405876 -0.00444591884
v -0.0162956584 0.0205406584 -0.00444116257
v -0.0162724014 0.0205393527 -0.00452722982
v -0.0162347294 0.0205380861 -0.00460895058
v -0.0162371714 0.0205381531 -0.00460461341
v -0.0162541065 0.0205386709 -0.00457146531
v -0.0162564293 0.0205387492 -0.00456643011
v -0.0162122864 0.020537518 -0.00464494945
v -0.0162129998 0.0205375347 -0.00464389147
v -0.0161594823 0.0205364674 -0.00471035112
v -0.0161617566 0.0205365065 -0.00470794551
v -0.0161886886 0.0205370076 -0.00467689708
v -0.0161321629 0.0205360297 -0.00473698648
v -0.0160601754 0.0205351096 -0.00479122996
v -0.0160928927 0.0205354914 -0.00476907426
v -0.0160971209 0.0205355436 -0.00476592407
v -0.016123848 0.0205359068 -0.00474433834
v -0.0160256866 0.0205347631 -0.00481078634
v -0.0160268676 0.0205347743 -0.00481017772
v -0.0159893669 0.0205344539 -0.00482767541
v -0.0160681419 0.0152737917 -0.00552145671
v -0.0160471834 0.0152735496 -0.00553555228
v -0.0160429161 0.0161606558 -0.005487449
v -0.0159911197 0.015273002 -0.0055663907
v -0.0159762409 0.0152728781 -0.00557307899
v -0.0159704983 0.0161635317 -0.00552431401
v -0.0160259809 0.0152733261 -0.00554832583
v -0.0160124674 0.0152731938 -0.00555574428
v -0.0160074569 0.0161621999 -0.00550735183
v -0.0160352979 0.015273422 -0.0055428897
v -0.0160801765 0.0152739417 -0.00551263802
v -0.0160766337 0.0161589049 -0.00546473777
v -0.0160992462 0.0152741969 -0.00549747981
v -0.0161083788 0.0161569603 -0.00543936668
v -0.0161379576 0.016154835 -0.00541150384
v -0.0161285903 0.0152746374 -0.00547092641
v -0.016111223 0.0152743692 -0.00548714725
v -0.0161667112 0.0152753172 -0.00542910164
v -0.0161630251 0.0152752446 -0.00543358782
v -0.0161561109 0.0152751133 -0.00544171361
v -0.0161401369 0.0152748283 -0.00545924157
v -0.0161898211 0.016150102 -0.00534906052
v -0.0161907971 0.0152758313 -0.00539692165
v -0.0161869489 0.0152757438 -0.00540243601
v -0.0162083898 0.0152762653 -0.00536945928
v -0.0162117686 0.0161475241 -0.00531489309
v -0.0162122268 0.0152763678 -0.00536290836
v -0.0162469503 0.0161420312 -0.00524179358
v -0.0162436217 0.0152773783 -0.00529789831
v -0.0162308514 0.016144827 -0.00527905906
v -0.0162308589 0.0152769238 -0.00532727921
v -0.0162273087 0.0152768092 -0.00533463387
v -0.0162697919 0.0161362123 -0.0051639732
v -0.0162596703 0.0152780991 -0.00525075523
v -0.016259959 0.0161391534 -0.00520334812
v -0.016259281 0.0152780786 -0.00525210565
v -0.016247388 0.0152775282 -0.00528811617
v -0.0162689984 0.0152786784 -0.00521249697
v -0.0162763763 0.0161332283 -0.00512393098
v -0.016275337 0.0152792651 -0.00517332926
v -0.0162796751 0.016130222 -0.00508348877
v -0.0162785724 0.0152798612 -0.00513322651
v -0.0162728075 0.0170308333 -0.00507965637
v -0.0162745565 0.017030973 -0.00507035526
v -0.016278673 0.0170313828 -0.00504297437
v -0.0162800066 0.0170315634 -0.00503082899
v -0.0162820183 0.0170319937 -0.00500182854
v -0.0162488259 0.0170295686 -0.00516283093
v -0.0162513182 0.0170296691 -0.00515619759
v -0.0162620209 0.0170301665 -0.00512374751
v -0.0162635669 0.0170302484 -0.00511833746
v -0.0162128601 0.0170284063 -0.00523759425
v -0.0162175689 0.0170285348 -0.00522939535
v -0.0162325054 0.0170289837 -0.00520069571
v -0.0162360147 0.0170290992 -0.00519322744
v -0.0161651708 0.0161525439 -0.0053813355
v -0.0161909163 0.0170278661 -0.00527175842
v -0.0161915105 0.017027881 -0.00527091743
v -0.0161383916 0.0170268472 -0.00533503154
v -0.0161411073 0.0170268938 -0.00533223385
v -0.0161675997 0.0170273762 -0.00530247064
v -0.0161119476 0.0170264337 -0.00536014792
v -0.0160401687 0.0170255359 -0.00541295344
v -0.016072955 0.0170259103 -0.0053912648
v -0.0160763189 0.0170259513 -0.0053888252
v -0.0161039252 0.0170263182 -0.00536707928
v -0.0160055459 0.0170251951 -0.00543211447
v -0.0160063673 0.0170252025 -0.0054317005
v -0.0159690231 0.0170248915 -0.00544867106
v -0.0162743181 0.0135283927 -0.00521944975
v -0.0162754674 0.0135285193 -0.00521097053
v -0.0162757449 0.0126434974 -0.00522682723
v -0.0159925204 0.0117716314 -0.00563346408
v -0.0159745831 0.0117714843 -0.00564146601
v -0.015978016 0.0126508251 -0.00562250055
v -0.0160168689 0.0126504842 -0.00560369669
v -0.0160138607 0.0117718242 -0.00562281208
v -0.0160693899 0.0117724212 -0.00558859529
v -0.0160513651 0.0117722107 -0.00560081704
v -0.0160539448 0.0126500819 -0.0055816127
v -0.0160365477 0.0117720505 -0.00561003014
v -0.0160273984 0.0117719565 -0.00561537407
v -0.0161298253 0.0117732659 -0.00553806778
v -0.0161199421 0.0117731113 -0.00554748857
v -0.016121719 0.0126491031 -0.00552828563
v -0.0161004942 0.0117728263 -0.00556461839
v -0.016088983 0.01264962 -0.00555641251
v -0.0161880814 0.0117743704 -0.00546970731
v -0.0161782689 0.0117741572 -0.00548308995
v -0.0161793157 0.0126479175 -0.00546410773
v -0.0161641724 0.0117738722 -0.00550082792
v -0.0161519032 0.012648534 -0.0054974407
v -0.0161573384 0.0117737427 -0.00550886244
v -0.0162284002 0.0117754349 -0.00540198199
v -0.0162245724 0.0117753167 -0.00540956808
v -0.0162250325 0.0126465606 -0.00539098727
v -0.0162094962 0.0117748911 -0.00543676689
v -0.0162037555 0.0126472581 -0.0054285354
v -0.0162607208 0.011776723 -0.00531821931
v -0.0162574667 0.0117765563 -0.00532914046
v -0.0162574947 0.0126450723 -0.00531110214
v -0.0162484553 0.011776153 -0.00535551552
v -0.0162429903 0.0126458304 -0.00535174692
v -0.0162446965 0.0117760031 -0.0053652944
v -0.0162684433 0.0126442928 -0.0052693584
v -0.0162700377 0.0117773004 -0.00528002949
v -0.0162759479 0.0117778378 -0.00524423877
v -0.0162763577 0.0117778871 -0.0052409335
v -0.0162793547 0.0126426918 -0.00518382341
v -0.0162795912 0.0117784822 -0.00520090526
v -0.016278401 0.0135289747 -0.0051803547
v -0.0162790343 0.0135291545 -0.00516824005
v -0.0162538569 0.0135270841 -0.00530593423
v -0.0162647888 0.0135276588 -0.00526818493
v -0.0162682515 0.0135278841 -0.00525324
v -0.0162727237 0.0135282381 -0.00522973947
v -0.0162398797 0.0135265151 -0.00534297852
v -0.0162431207 0.0135266362 -0.00533515261
v -0.0162227638 0.0135259526 -0.00537929172
v -0.0161748566 0.0135247698 -0.00545410952
v -0.0161976591 0.0135252792 -0.00542211439
v -0.0162043795 0.0135254459 -0.00541157788
v -0.0162178576 0.0135258092 -0.00538846897
v -0.016149424 0.0135242809 -0.00548443384
v -0.0161531642 0.0135243488 -0.00548026664
v -0.0161212627 0.0135238133 -0.00551302824
v -0.0160512626 0.0135228895 -0.00556779932
v -0.016083356 0.013523276 -0.00554516539
v -0.0160909798 0.0135233765 -0.00553920586
v -0.0161135346 0.013523696 -0.00552011468
v -0.0160172321 0.0135225356 -0.00558798201
v -0.0160196573 0.0135225588 -0.00558666186
v -0.0159812085 0.0135222152 -0.0056056343
v -0.0161646195 0.00827229209 -0.00558206672
v -0.0161608439 0.00827221945 -0.00558654917
v -0.0161624551 0.00914622191 -0.00556320278
v -0.0159928743 0.0082700504 -0.00571475504
v -0.0159589667 0.00826978125 -0.0057291789
v -0.0159631725 0.00914966408 -0.00570601551
v -0.0160369854 0.00827047043 -0.00569128478
v -0.016033899 0.00827043783 -0.00569311855
v -0.0160371959 0.00914878957 -0.00566964597
v -0.0160278138 0.00827037636 -0.00569664082
v -0.0160009302 0.00914926361 -0.00568936067
v -0.0159971863 0.00827008765 -0.00571270986
v -0.0161577761 0.00827216171 -0.00559011381
v -0.016130263 0.0082716858 -0.00561932102
v -0.0161345489 0.00914695673 -0.0055936072
v -0.0161018129 0.00827125832 -0.00564513169
v -0.0161042344 0.00914763194 -0.00562160695
v -0.0161009263 0.00827124622 -0.00564587303
v -0.0160717051 0.00914824475 -0.00564701064
v -0.0160698295 0.00827084109 -0.00566984806
v -0.0161877573 0.00914543495 -0.00553059997
v -0.016188534 0.00827279035 -0.00555094238
v -0.0162102859 0.00914459955 -0.00549602369
v -0.0162093583 0.00827329606 -0.0055189901
v -0.0162298791 0.00914372131 -0.0054597077
v -0.0162288547 0.00827385578 -0.00548320403
v -0.0162099581 0.00827331096 -0.00551799685
v -0.0162451584 0.00827442296 -0.00544650946
v -0.0162464157 0.00914280675 -0.00542189833
v -0.0162460152 0.00827445649 -0.00544432597
v -0.0162489172 0.0082745729 -0.00543673057
v -0.0162597746 0.00914186239 -0.00538285635
v -0.0162611902 0.00827514287 -0.00539942505
v -0.0162698608 0.00914089382 -0.00534284441
v -0.016269803 0.00827567 -0.00536462152
v -0.0162705015 0.00827572122 -0.00536122592
v -0.0162766203 0.00913990848 -0.0053021377
v -0.0162768289 0.00827630796 -0.00532211876
v -0.0162799899 0.00913891196 -0.00526101189
v -0.0162800625 0.00827690307 -0.0052820798
v -0.0162706785 0.0100265611 -0.00531724235
v -0.0162725989 0.0100267148 -0.00530704623
v -0.0162765607 0.0100271106 -0.00528064137
v -0.0162779521 0.0100272987 -0.00526803406
v -0.0162798949 0.0100277178 -0.00523979543
v -0.0162467808 0.0100253075 -0.00539964717
v -0.0162493531 0.0100254128 -0.00539282104
v -0.0162599478 0.0100259017 -0.00536083616
v -0.0162615031 0.0100259837 -0.00535542844
v -0.0162107125 0.0100241508 -0.00547414692
v -0.0162158944 0.0100242915 -0.00546516385
v -0.016230477 0.0100247273 -0.00543724746
v -0.01623418 0.0100248484 -0.00542940898
v -0.0161889456 0.0100236181 -0.0055078296
v -0.016189428 0.0100236293 -0.00550713344
v -0.0161364526 0.0100226048 -0.00557068503
v -0.0161391981 0.0100226505 -0.00556787709
v -0.0161656048 0.0100231292 -0.00553838443
v -0.0161101222 0.0100221941 -0.00559555413
v -0.0160383862 0.010021301 -0.00564804068
v -0.0160711911 0.0100216744 -0.00562645542
v -0.0160744172 0.0100217136 -0.0056241313
v -0.0161021724 0.0100220805 -0.00560239144
v -0.0160037223 0.0100209629 -0.00566711463
v -0.0160044916 0.0100209694 -0.00566673046
v -0.0159671512 0.0100206584 -0.00568359485
v -0.0159570333 0.00476814946 -0.00581372809
v -0.0159408413 0.00476803677 -0.00581951346
v -0.0159455575 0.0056474274 -0.00579780107
v -0.0160373785 0.00476885447 -0.00577495201
v -0.0160282142 0.00476876041 -0.00578029873
v -0.0160233118 0.00564662414 -0.00576296868
v -0.0159931909 0.00476843445 -0.00579845952
v -0.0159851797 0.00564706465 -0.00578204403
v -0.0159809608 0.00476833247 -0.00580400135
v -0.0160564687 0.00476906355 -0.00576293888
v -0.0160596799 0.00564610912 -0.00574071473
v -0.0160702206 0.00476922514 -0.00575351529
v -0.0160940215 0.00564552238 -0.00571544515
v -0.0161013175 0.00476963026 -0.00572953979
v -0.016165005 0.00477067614 -0.00566574233
v -0.0161581691 0.00477054669 -0.00567378243
v -0.0161556304 0.00564415706 -0.00565660838
v -0.016130656 0.00477007031 -0.00570298964
v -0.0161260851 0.00564487046 -0.00568734109
v -0.016123835 0.00476996228 -0.00570954662
v -0.0161810629 0.00477100257 -0.00564540178
v -0.0161824543 0.00564338593 -0.00562347099
v -0.0161889121 0.0047711744 -0.00563462172
v -0.0162063539 0.00564256404 -0.00558816921
v -0.0162103288 0.00477169547 -0.00560167944
v -0.0162492935 0.00477295741 -0.00552042294
v -0.0162455272 0.00477280701 -0.00553020136
v -0.0162447169 0.00564079313 -0.00551211368
v -0.0162292309 0.00477223936 -0.00556689082
v -0.0162271615 0.00564169791 -0.00555095868
v -0.0162264723 0.00477215368 -0.00557240238
v -0.0162587166 0.00477338117 -0.00549270725
v -0.0162589047 0.00563985622 -0.00547191221
v -0.016261559 0.00477352692 -0.00548312254
v -0.0162696093 0.00563889369 -0.00543064997
v -0.0162767582 0.00563791301 -0.0053886259
v -0.0162768438 0.00477464916 -0.00540867075
v -0.0162708759 0.00477410527 -0.00544492947
v -0.0162771959 0.00477469154 -0.00540582975
v -0.0162803009 0.00563692115 -0.00534614455
v -0.0162804294 0.00477528665 -0.00536579778
v -0.0162693188 0.00652480219 -0.0054104696
v -0.0162761286 0.00652538612 -0.00537159853
v -0.0162767041 0.00652545225 -0.00536715006
v -0.0162798483 0.00652596867 -0.00533246621
v -0.0162802041 0.00652607903 -0.00532498723
v -0.0162429139 0.00652350858 -0.00549531495
v -0.0162564442 0.00652407482 -0.00545839779
v -0.0162591189 0.00652420521 -0.00544983847
v -0.0162670221 0.00652464945 -0.00542057771
v -0.0162263922 0.00652295072 -0.00553131476
v -0.0162278675 0.00652299635 -0.00552839041
v -0.0162067916 0.0065224017 -0.00556636788
v -0.0161538292 0.00652126316 -0.00563766621
v -0.0161787942 0.00652175164 -0.00560732279
v -0.0161838401 0.00652185967 -0.00560055627
v -0.0162012838 0.00652226293 -0.00557514746
v -0.0161263458 0.0065207975 -0.00566615909
v -0.0161282998 0.0065208287 -0.00566427968
v -0.0160962678 0.00652035605 -0.00569273718
v -0.0160226356 0.0065194997 -0.00574252615
v -0.0160562191 0.00651985547 -0.00572217256
v -0.0160628185 0.00651993183 -0.00571773341
v -0.0160880703 0.00652024569 -0.0056992732
v -0.0159872938 0.00651917886 -0.00576029904
v -0.015989285 0.00651919516 -0.00575939193
v -0.0159501452 0.00651889388 -0.00577541208
v -0.0160385799 0.00126751978 -0.005839583
v -0.0160362106 0.00126749522 -0.00584098743
v -0.0160393454 0.00214389618 -0.00582559686
v -0.0159581061 0.00126681349 -0.00587841216
v -0.0159221552 0.00126657658 -0.00589041039
v -0.0159266964 0.00214467268 -0.0058756331
v -0.0160294604 0.00126742618 -0.00584490411
v -0.0159996096 0.00126714504 -0.00586060528
v -0.0160032138 0.00214420608 -0.00584535347
v -0.0159943085 0.00126709905 -0.00586313056
v -0.0159655809 0.00214446592 -0.00586207118
v -0.0159614999 0.00126683817 -0.00587711809
v -0.0160737317 0.00214353739 -0.00580293452
v -0.016071422 0.00126789045 -0.00581814628
v -0.0161025189 0.00126829545 -0.00579416938
v -0.0161061324 0.0021431332 -0.00577752013
v -0.0161039177 0.00126831513 -0.00579299359
v -0.0161661748 0.0012693411 -0.00573040033
v -0.0161627587 0.00126927556 -0.00573446136
v -0.0161641203 0.00214219722 -0.0057191411
v -0.0161593556 0.00126921164 -0.00573841482
v -0.0161363259 0.00214268593 -0.00574952597
v -0.01613185 0.0012687355 -0.00576762063
v -0.0161893182 0.00214167219 -0.00568657368
v -0.0162117537 0.00214111432 -0.00565204211
v -0.0161900744 0.00126983924 -0.00569928857
v -0.0162111055 0.00127034984 -0.0056670038
v -0.0162312705 0.00214052596 -0.00561578292
v -0.0162303858 0.00127090374 -0.00563158002
v -0.0162114911 0.00127035996 -0.00566635607
v -0.016246682 0.00127147115 -0.0055949036
v -0.0162477288 0.00213991245 -0.00557804061
v -0.0162476376 0.0012715084 -0.00559247797
v -0.016272014 0.00127276871 -0.00550966989
v -0.0162713379 0.00127271935 -0.00551293977
v -0.016271079 0.00213862583 -0.00549913896
v -0.0162627045 0.00127219094 -0.0055478448
v -0.0162610319 0.00213927729 -0.00553907175
v -0.0162504409 0.00127162132 -0.00558512658
v -0.0162778124 0.00213796017 -0.0054585184
v -0.0162811689 0.00213728752 -0.00541747874
v -0.016278334 0.00127335475 -0.00547059067
v -0.0162815657 0.0012739494 -0.00543057732
v -0.0162652191 0.0030229846 -0.0055072722
v -0.0162709076 0.00302335364 -0.00548286503
v -0.0162736401 0.00302356808 -0.00546860648
v -0.0162775367 0.0030239583 -0.00544255879
v -0.0162789468 0.00302415085 -0.00542964647
v -0.0162808504 0.00302456343 -0.00540184602
v -0.0162479188 0.00302216178 -0.00556119066
v -0.016250385 0.00302226236 -0.0055546402
v -0.0162610076 0.0030227534 -0.00552249793
v -0.0162625089 0.00302283233 -0.00551730068
v -0.0162125025 0.00302101928 -0.0056347386
v -0.0162173808 0.00302115269 -0.00562623329
v -0.0162317101 0.00302158226 -0.0055986871
v -0.0162353572 0.0030217024 -0.00559095386
v -0.0161655974 0.0030199571 -0.00570154423
v -0.0161666963 0.00301997829 -0.00570022082
v -0.0161904804 0.00302047795 -0.00566900754
v -0.0161963608 0.00302061392 -0.00566043844
v -0.0161118824 0.00301905302 -0.00575683638
v -0.0161405057 0.00301950332 -0.00572950626
v -0.0161084589 0.0030190032 -0.00575983059
v -0.0160722863 0.00301852287 -0.0057883421
v -0.0160807464 0.00301862811 -0.0057821502
v -0.0160051435 0.0030178139 -0.00582886394
v -0.016039528 0.00301815034 -0.0058099092
v -0.0160426013 0.00301818294 -0.00580804283
v -0.0159691013 0.00301751331 -0.00584516954
v -0.0159697756 0.00301751867 -0.00584489293
v -0.0159313567 0.00301725045 -0.00585874077
v -0.0162822716 -0.000476643647 -0.00545788975
v -0.0162826758 -0.000476520538 -0.00544957584
v -0.0162834153 -0.00135928439 -0.00545474561
v -0.0159234963 -0.00223419187 -0.00591667369
v -0.0159082208 -0.00223427871 -0.00592082972
v -0.0159107447 -0.00135775981 -0.00591810653
v -0.015997 -0.00223366171 -0.00588901248
v -0.0159887485 -0.00223373109 -0.00589279318
v -0.015990654 -0.00135780219 -0.00588969933
v -0.0159607287 -0.00223394763 -0.00590431364
v -0.0159513019 -0.00135777425 -0.0059055998
v -0.0159490816 -0.00223402935 -0.00590853114
v -0.0160322879 -0.00223333319 -0.00587071665
v -0.0160285141 -0.00135784387 -0.00587051967
v -0.0160413533 -0.00223324005 -0.00586542347
v -0.0160646141 -0.00135790184 -0.00584819866
v -0.0160633493 -0.00223299814 -0.00585148018
v -0.0160741974 -0.00223286962 -0.00584398676
v -0.0161346234 -0.00223202445 -0.00579346297
v -0.0161298346 -0.00223210058 -0.00579809118
v -0.0161304902 -0.00135805598 -0.00579479523
v -0.0161052942 -0.0022324645 -0.00582001172
v -0.0160986893 -0.00135797157 -0.00582289556
v -0.0161621291 -0.00223154854 -0.00576426089
v -0.0161598027 -0.00135815283 -0.0057640993
v -0.016168924 -0.00223141955 -0.0057562734
v -0.0161863994 -0.00135826215 -0.00573102571
v -0.0161862914 -0.00223106495 -0.0057341815
v -0.0161928162 -0.00223092153 -0.00572517095
v -0.0162331201 -0.00222985726 -0.00565748569
v -0.0162310582 -0.00222992152 -0.00566160912
v -0.0162307229 -0.00135851116 -0.00565872667
v -0.0162142329 -0.00223040092 -0.00569224916
v -0.0162100922 -0.00135838205 -0.00569581753
v -0.0162494071 -0.00222929008 -0.00562082417
v -0.0162481312 -0.00135865156 -0.00562002091
v -0.0162531659 -0.00222913991 -0.00561104901
v -0.0162621923 -0.00135880022 -0.00557997683
v -0.0162628479 -0.00222870312 -0.00558248488
v -0.0162810422 -0.00222740741 -0.00549657363
v -0.0162807293 -0.00222744537 -0.00549911102
v -0.0162799023 -0.00135911768 -0.00549704069
v -0.0162747242 -0.00222799322 -0.00553563237
v -0.0162728075 -0.00135895598 -0.00553888502
v -0.0162654221 -0.00222857064 -0.0055737854
v -0.0162842739 -0.002226813 -0.00545658451
v -0.0162791982 -0.000477145222 -0.00549159991
v -0.0162616633 -0.000478390168 -0.00557414303
v -0.0162716396 -0.000477807567 -0.00553571526
v -0.0162721891 -0.000477769267 -0.00553317834
v -0.016278496 -0.000477225374 -0.005496962
v -0.0162284803 -0.000479659473 -0.00565656647
v -0.0162449442 -0.000479106675 -0.00562089961
v -0.0162478089 -0.000478997856 -0.00561383553
v -0.0162585378 -0.000478541973 -0.00558409654
v -0.0162091181 -0.000480200106 -0.00569107942
v -0.0162102357 -0.00048017138 -0.00568925496
v -0.0161867607 -0.000480728224 -0.00572440075
v -0.0161281731 -0.00048180978 -0.00579119148
v -0.016155513 -0.000481348747 -0.00576298917
v -0.016160531 -0.000481256517 -0.00575729692
v -0.0161805172 -0.00048086184 -0.00573276449
v -0.0160984881 -0.000482244592 -0.00581734721
v -0.0161001068 -0.000482222415 -0.00581602426
v -0.0160663668 -0.000482652336 -0.00584138697
v -0.0159889646 -0.000483424519 -0.00588503433
v -0.016024081 -0.000483107171 -0.00586747192
v -0.0160306804 -0.000483041658 -0.00586377271
v -0.0160576738 -0.000482752948 -0.00584723242
v -0.0159522947 -0.000483704527 -0.00589988474
v -0.0159542318 -0.000483690994 -0.00589918438
v -0.0159140378 -0.000483945943 -0.00591193512
v -0.0162852276 -0.0039771935 -0.0054694931
v -0.0162864402 -0.00397689734 -0.00544950832
v -0.0162877589 -0.0048524444 -0.00544019695
v -0.016219195 -0.00573034259 -0.00566277187
v -0.0162127409 -0.00485569658 -0.00568401162
v -0.0162338559 -0.00485518109 -0.0056465771
v -0.0161102731 -0.00573240593 -0.00579051441
v -0.0160988178 -0.00485751824 -0.00581170246
v -0.016131321 -0.0048571052 -0.00578357792
v -0.0159284379 -0.00573413353 -0.00588719174
v -0.015909411 -0.00573424064 -0.00589228608
v -0.0159072392 -0.00485902792 -0.00590551784
v -0.0159506127 -0.00573399384 -0.00588022312
v -0.0160372891 -0.00573327439 -0.00584121142
v -0.0160019714 -0.00573360315 -0.00585952587
v -0.0159885902 -0.0048585441 -0.00587798189
v -0.0159906298 -0.00573369814 -0.00586467097
v -0.0159485079 -0.00485880813 -0.00589349959
v -0.0159656778 -0.00573388953 -0.00587483216
v -0.0160463322 -0.00573318172 -0.00583592849
v -0.0160271842 -0.00485824049 -0.00585907791
v -0.0160659291 -0.00573296705 -0.00582358008
v -0.0160640236 -0.00485789729 -0.00583693199
v -0.0160791762 -0.00573281106 -0.00581449177
v -0.016167108 -0.00573148998 -0.00573476776
v -0.0161396023 -0.00573196588 -0.00576396799
v -0.0161330998 -0.00573206879 -0.00577022415
v -0.0161738899 -0.00573136099 -0.00572678866
v -0.0161612853 -0.00485666096 -0.00575276744
v -0.0161901601 -0.00573103037 -0.00570617151
v -0.016188493 -0.00485619111 -0.00571949594
v -0.0161977876 -0.00573086319 -0.00569568807
v -0.0162543636 -0.00572923198 -0.00559135573
v -0.0162380841 -0.00572979916 -0.00562801398
v -0.0162354298 -0.00572988158 -0.00563330855
v -0.0162581299 -0.00572908157 -0.0055815829
v -0.0162516739 -0.00485464977 -0.00560746528
v -0.016267579 -0.00572865643 -0.00555378105
v -0.0162660666 -0.00485410728 -0.00556696951
v -0.0162703767 -0.00572851254 -0.00554432673
v -0.0162796862 -0.00572793512 -0.00550618116
v -0.0162892286 -0.0057267556 -0.00542714819
v -0.0162859969 -0.00572734978 -0.00546712987
v -0.0162841734 -0.00485299947 -0.00548302475
v -0.0162828639 -0.00397753343 -0.00549230911
v -0.0162856523 -0.00572739122 -0.0054699285
v -0.0162769239 -0.004853555 -0.00552538736
v -0.0162618682 -0.00397893833 -0.00558532169
v -0.0162727777 -0.00397835672 -0.00554705691
v -0.016275622 -0.00397816906 -0.00553464657
v -0.0162805393 -0.00397777511 -0.00550844427
v -0.016226735 -0.00398019934 -0.00566694094
v -0.0162440315 -0.00397965126 -0.00563168991
v -0.0162503906 -0.00397941936 -0.00561667606
v -0.0162584987 -0.00397909014 -0.00559523376
v -0.0162065644 -0.00398073392 -0.00570097193
v -0.0162115041 -0.00398061099 -0.00569318514
v -0.0161834341 -0.00398125546 -0.00573374191
v -0.0161232613 -0.00398231903 -0.00579913007
v -0.0161512531 -0.00398186641 -0.00577159133
v -0.0161601081 -0.00398170948 -0.00576191675
v -0.0161769707 -0.00398138771 -0.00574197946
v -0.0160929635 -0.00398274418 -0.00582456542
v -0.0160977077 -0.00398268132 -0.00582084525
v -0.0160602853 -0.00398314139 -0.00584783172
v -0.0159818549 -0.00398388784 -0.0058896197
v -0.0160173848 -0.00398358237 -0.0058728978
v -0.0160261486 -0.00398349902 -0.0058682356
v -0.0160514507 -0.00398323918 -0.00585346622
v -0.015944846 -0.0039841556 -0.00590359373
v -0.0159475375 -0.0039841379 -0.00590268709
v -0.015906306 -0.00398438424 -0.00591473049
v -0.0162656624 -0.00922807772 -0.00548817124
v -0.0162619036 -0.00922822766 -0.0054979464
v -0.0162591264 -0.00834972132 -0.00553026702
v -0.0161814056 -0.00923035759 -0.00563342124
v -0.0161746014 -0.00923048705 -0.00564142503
v -0.0161703639 -0.00835461076 -0.00567453727
v -0.0160538256 -0.00923217833 -0.00574258948
v -0.0160447303 -0.00923227146 -0.00574789662
v -0.0160384793 -0.0083583761 -0.00578088267
v -0.0159359984 -0.00923313014 -0.00579382572
v -0.0159252528 -0.00923319161 -0.00579680316
v -0.0159202367 -0.00836019311 -0.00582819851
v -0.0159657076 -0.00923293922 -0.00578422705
v -0.0160004571 -0.0083590867 -0.00579999387
v -0.0160049498 -0.0092326384 -0.00576826883
v -0.0159609448 -0.00835969299 -0.005815804
v -0.0159732308 -0.00923288614 -0.00578146381
v -0.0160094798 -0.00923260022 -0.00576617103
v -0.0160866696 -0.00923180766 -0.00572115276
v -0.0160786975 -0.00923190266 -0.00572669553
v -0.0160747338 -0.00835756678 -0.00575861009
v -0.0161089618 -0.00835666619 -0.00573333539
v -0.0161409099 -0.00835567899 -0.00570524391
v -0.0161177665 -0.00923140254 -0.00569717586
v -0.0161443707 -0.00923100673 -0.00567327533
v -0.0161470957 -0.00923096295 -0.00567062711
v -0.0162053052 -0.00922985934 -0.00560231321
v -0.0162000973 -0.00922997482 -0.0056095412
v -0.0161970872 -0.00835347548 -0.005641439
v -0.0162208993 -0.00835227594 -0.00560618751
v -0.0162416361 -0.00835102145 -0.00556904124
v -0.0162267201 -0.00922933873 -0.00556938769
v -0.016244268 -0.00922883675 -0.00553732133
v -0.0162456073 -0.00922879484 -0.00553461723
v -0.0162910465 -0.00834564865 -0.00540703209
v -0.0162872281 -0.00922693033 -0.00541273272
v -0.0162839256 -0.00834702514 -0.00544896815
v -0.0162779186 -0.00922750775 -0.00545089832
v -0.0162732583 -0.00834838767 -0.00549014518
v -0.0162756275 -0.00922762696 -0.00545868278
v -0.0162967797 -0.00922575034 -0.00533366064
v -0.0162935462 -0.00922634453 -0.0053736628
v -0.0162932705 -0.00922637805 -0.00537588261
v -0.01628902 -0.00747704273 -0.00543358969
v -0.0162916426 -0.00747665204 -0.00540735619
v -0.0162945744 -0.00834426656 -0.00536464294
v -0.016292572 -0.0074764099 -0.00539103197
v -0.016287243 -0.00747723365 -0.00544634741
v -0.0162818562 -0.00747767463 -0.00547568779
v -0.0162797626 -0.00747781526 -0.00548500661
v -0.0162691493 -0.00747839734 -0.00552332448
v -0.0162658542 -0.00747854915 -0.00553324912
v -0.0162147097 -0.00748019759 -0.0056393859
v -0.0162184238 -0.00748010399 -0.0056334585
v -0.0162346251 -0.00747966068 -0.00560519937
v -0.016251659 -0.0074791112 -0.00556981657
v -0.0162568949 -0.00747891795 -0.00555728888
v -0.016191816 -0.00748072099 -0.0056723319
v -0.0161854196 -0.0074808537 -0.00568060763
v -0.0161020346 -0.00748221856 -0.00576382829
v -0.0161057878 -0.00748216826 -0.00576084713
v -0.0161321424 -0.00748179015 -0.00573816337
v -0.0161599237 -0.0074813352 -0.00571041508
v -0.0161675587 -0.00748119829 -0.00570197683
v -0.0160695259 -0.00748261902 -0.00578733813
v -0.0160607416 -0.00748271775 -0.00579303969
v -0.015954515 -0.00748364534 -0.00584396394
v -0.0159569662 -0.00748362904 -0.0058431183
v -0.015991414 -0.00748337386 -0.00582971331
v -0.016026821 -0.00748306466 -0.00581272738
v -0.016034903 -0.00748298643 -0.00580835575
v -0.0159160607 -0.00748387771 -0.00585538894
v -0.015983779 -0.0127307829 -0.0056136921
v -0.0159531496 -0.0127309877 -0.00562410336
v -0.0159455221 -0.0118602607 -0.005672717
v -0.0159920119 -0.0127307223 -0.00561051024
v -0.0159848277 -0.0118594347 -0.0056594261
v -0.016019959 -0.0127304979 -0.00559842447
v -0.0160228834 -0.0118584447 -0.00564292679
v -0.0160657335 -0.0127300611 -0.00557398004
v -0.0160642583 -0.0127300769 -0.00557486154
v -0.0160594396 -0.0118572973 -0.00562333176
v -0.0160550717 -0.012730171 -0.0055802241
v -0.0160296243 -0.0127304131 -0.00559376506
v -0.0161270574 -0.0118545583 -0.00557541894
v -0.0161282066 -0.0127293011 -0.00552944979
v -0.0160942506 -0.0118559981 -0.00560077699
v -0.0160971023 -0.0127297062 -0.00555342669
v -0.0161576532 -0.011852988 -0.00554742804
v -0.0161575433 -0.0127288615 -0.00550289964
v -0.0161324684 -0.0127292406 -0.0055258479
v -0.0161858182 -0.0118512968 -0.00551700313
v -0.0161850564 -0.0127283847 -0.00547369244
v -0.0161626488 -0.0127287777 -0.00549782813
v -0.0162113532 -0.0118494956 -0.00548434723
v -0.0161918998 -0.0127282552 -0.00546563789
v -0.0161904115 -0.0127282832 -0.00546741905
v -0.0162380002 -0.012727215 -0.00540027348
v -0.0162372403 -0.0127272354 -0.0054015643
v -0.0162158161 -0.012727757 -0.0054345117
v -0.0162724406 -0.0127261234 -0.00533007132
v -0.0162538774 -0.0118456203 -0.00541327056
v -0.0162739456 -0.0127260648 -0.00532623474
v -0.0162705723 -0.0118435696 -0.00537533639
v -0.0162762068 -0.0127259735 -0.0053202929
v -0.0162840541 -0.0118414648 -0.00533615053
v -0.0162884798 -0.0127254035 -0.00528298365
v -0.0162942335 -0.01183932 -0.00529598119
v -0.0162972696 -0.0127248634 -0.00524730561
v -0.0162977893 -0.0127248252 -0.00524477847
v -0.0163010471 -0.0118371472 -0.00525510916
v -0.0163041186 -0.0127242384 -0.00520566804
v -0.0163073521 -0.0127236433 -0.00516562304
v -0.0163044427 -0.0118349632 -0.00521381153
v -0.0163017493 -0.0109748133 -0.00525744399
v -0.0162982289 -0.0109754428 -0.00529977912
v -0.0162917785 -0.0109760249 -0.00533860689
v -0.0162914004 -0.0109760519 -0.00534039037
v -0.0162821934 -0.0109766079 -0.00537711754
v -0.0162791889 -0.0109767597 -0.00538705569
v -0.0162673872 -0.010977271 -0.0054204585
v -0.0162659753 -0.010977326 -0.00542402081
v -0.0162498765 -0.010977881 -0.0054598758
v -0.0162308719 -0.010978424 -0.00549460854
v -0.0162340961 -0.0118476003 -0.00544969132
v -0.0162303839 -0.010978437 -0.00549541228
v -0.0162561443 -0.0127266916 -0.00536677008
v -0.016208848 -0.0109789558 -0.00552817853
v -0.0162027217 -0.010979089 -0.00553656928
v -0.0161814224 -0.0109795164 -0.00556315808
v -0.0161780268 -0.0109795798 -0.00556706544
v -0.0161509905 -0.0109800445 -0.00559556345
v -0.0161218587 -0.0109804794 -0.00562179927
v -0.0161215663 -0.0109804841 -0.00562203722
v -0.0160897002 -0.0109808957 -0.00564641925
v -0.0160810631 -0.0109809982 -0.00565236015
v -0.0159762502 -0.0109819649 -0.00570611469
v -0.0159778558 -0.0109819537 -0.00570551446
v -0.0160127487 -0.0109816799 -0.00569088059
v -0.0160476789 -0.0109813567 -0.00567295076
v -0.0160533674 -0.0109812999 -0.00566969765
v -0.0159381181 -0.0109822117 -0.00571856508
v -0.0159836598 -0.0162282307 -0.00541432761
v -0.0159762669 -0.0153586436 -0.00546712475
v -0.0159958974 -0.016228145 -0.00540989917
v -0.0160164349 -0.0153575893 -0.0054516797
v -0.0160551146 -0.0153563423 -0.00543284323
v -0.0160320476 -0.01622786 -0.00539463572
v -0.0160233863 -0.0162279326 -0.0053985999
v -0.0160920322 -0.0153549081 -0.00541075598
v -0.01607625 -0.0162274409 -0.0053711175
v -0.0160670467 -0.016227534 -0.00537649263
v -0.0161594879 -0.0153515236 -0.00535750296
v -0.0161401965 -0.0162266642 -0.00532570574
v -0.0161269046 -0.0153532978 -0.00538557954
v -0.0161090922 -0.0162270702 -0.00534968264
v -0.0160980914 -0.0162272006 -0.00535727758
v -0.016189523 -0.0153495995 -0.0053267316
v -0.0161695331 -0.0162262246 -0.00529915374
v -0.0161646903 -0.016226301 -0.00530383922
v -0.0162167959 -0.0153475385 -0.00529349595
v -0.0162039064 -0.0162256174 -0.00526188128
v -0.0161970481 -0.0162257478 -0.00526994467
v -0.0162622631 -0.0153430719 -0.00522063067
v -0.016249245 -0.0162245985 -0.00519779697
v -0.0162411015 -0.0153453592 -0.0052580405
v -0.0162278209 -0.0162251201 -0.00523074996
v -0.0162212346 -0.0162252653 -0.00523984712
v -0.016280124 -0.015340698 -0.00518153841
v -0.0162681565 -0.0162240546 -0.00516299717
v -0.0162660796 -0.0162241198 -0.00516716484
v -0.016294552 -0.0153382542 -0.00514105894
v -0.0162882209 -0.0162233356 -0.00511651253
v -0.0162844621 -0.0162234865 -0.00512629328
v -0.0163161401 -0.0162216015 -0.00500186021
v -0.0163158216 -0.0162216388 -0.00500440085
v -0.0163127054 -0.0153332269 -0.00505714072
v -0.0163098127 -0.0162221882 -0.00504098181
v -0.0163054354 -0.0153357573 -0.00509948982
v -0.0163004939 -0.0162227657 -0.00507919397
v -0.0162979178 -0.0162228998 -0.00508791348
v -0.0163162891 -0.0153306825 -0.00501432177
v -0.0163193755 -0.0162210055 -0.00496180588
v -0.0163096786 -0.0144729875 -0.00510826893
v -0.0163118634 -0.014472683 -0.00508785201
v -0.0163133107 -0.014472344 -0.00506500248
v -0.0163069405 -0.014473266 -0.00512688514
v -0.0162989125 -0.0144738499 -0.00516563235
v -0.0162963141 -0.0144740017 -0.00517562777
v -0.0162912533 -0.0144742662 -0.00519304816
v -0.0162845645 -0.0144745735 -0.00521311676
v -0.0162698943 -0.0144751351 -0.00524960924
v -0.0162584763 -0.0144755039 -0.00527337613
v -0.0162522681 -0.0144756874 -0.00528509263
v -0.016231589 -0.0144762285 -0.00531953387
v -0.0162258279 -0.0144763645 -0.00532811461
v -0.016212333 -0.0144766634 -0.00534683373
v -0.0162023529 -0.0144768674 -0.00535958493
v -0.0161764584 -0.0144773461 -0.0053891507
v -0.0161541924 -0.0144777084 -0.00541121187
v -0.0161481053 -0.0144778006 -0.00541678444
v -0.0161172245 -0.0144782299 -0.00544242375
v -0.0161088202 -0.0144783361 -0.00544870738
v -0.0160858147 -0.014478609 -0.00546457246
v -0.0160762854 -0.0144787133 -0.00547061116
v -0.016042091 -0.0144790551 -0.00548991654
v -0.01600926 -0.0144793363 -0.00550531084
v -0.0160062257 -0.0144793605 -0.00550659141
v -0.0159686226 -0.0144796288 -0.00552054681
v 0.0155531643 0.0195412971 -0.00534426095
v 0.0155619076 0.0187216382 -0.00549829146
v 0.0155571047 0.0195313506 -0.00530213071
v 0.0155633194 0.0187219549 -0.00547666429
v 0.0155638186 0.018722238 -0.00545733515
v 0.015545479 0.0195510983 -0.0053859055
v 0.015555528 0.0187209435 -0.00554620428
v 0.0155567452 0.0187210459 -0.00553918397
v 0.0155191375 0.0195699651 -0.00546648819
v 0.0155347958 0.0187198184 -0.00562498719
v 0.0155341076 0.0195606779 -0.00542675238
v 0.0155467056 0.0187203716 -0.00558601879
v 0.015551893 0.0187206808 -0.00556443958
v 0.0155006768 0.0195788871 -0.00550481677
v 0.0155197652 0.018719282 -0.00566309784
v 0.0155258002 0.0187194832 -0.00564883044
v 0.015478869 0.0195873808 -0.00554144708
v 0.0154979229 0.0187186748 -0.00570685137
v 0.0155015243 0.0187187642 -0.00570031349
v 0.0154258963 0.0196028184 -0.00560852
v 0.0154534075 0.0187177677 -0.00577346096
v 0.0154538788 0.0195953771 -0.0055761016
v 0.0154769579 0.0187182054 -0.00574105885
v 0.0154858334 0.0187183935 -0.00572730647
v 0.0153951282 0.0196096469 -0.00563845504
v 0.0154272467 0.0187173616 -0.00580404326
v 0.0154331904 0.0187174473 -0.00579751888
v 0.0153618073 0.0196158141 -0.00566568319
v 0.0153903607 0.0187168941 -0.00583997043
v 0.0153984008 0.0187169872 -0.00583274942
v 0.0152933784 0.0187160727 -0.00590672437
v 0.0152965393 0.0187160932 -0.00590504752
v 0.0152885458 0.0196259748 -0.00571120996
v 0.0153275393 0.0187163074 -0.00588698499
v 0.0153261907 0.0196212698 -0.00568999583
v 0.0153598562 0.0187165812 -0.00586472498
v 0.0153694563 0.0187166724 -0.00585736101
v 0.0152491536 0.019629892 -0.00572916679
v 0.0152573157 0.0187158808 -0.00592386862
v 0.0152803613 0.0204724167 -0.00549052889
v 0.0152746579 0.0204723813 -0.00549357664
v 0.0152409868 0.0204722006 -0.00550968247
v 0.0153080607 0.0204726085 -0.00547429267
v 0.0153179681 0.0204726867 -0.00546787586
v 0.0153244929 0.0204727408 -0.00546346372
v 0.0153535418 0.0204730108 -0.00544188125
v 0.0153557081 0.0204730332 -0.00544013642
v 0.015385217 0.0204733647 -0.00541426055
v 0.0154129835 0.0204737373 -0.00538578257
v 0.015417519 0.0204738043 -0.00538068358
v 0.015438932 0.0204741526 -0.00535459956
v 0.0154454308 0.02047427 -0.00534594804
v 0.0154490462 0.020474337 -0.00534096453
v 0.0154703436 0.0204747748 -0.0053087878
v 0.0154714761 0.0204748008 -0.00530692283
v 0.0154913152 0.0204752963 -0.00527098635
v 0.0155085083 0.0204758253 -0.00523312716
v 0.0155104324 0.0204758924 -0.00522834063
v 0.0155229401 0.0204763878 -0.00519328658
v 0.0155261578 0.0204765368 -0.00518280547
v 0.0155365672 0.0204771236 -0.00514177466
v 0.0155365765 0.0204771254 -0.00514172763
v 0.0155437803 0.0204777308 -0.00509978924
v 0.0155482348 0.0204585884 -0.00501219742
v 0.0155572696 0.0195213314 -0.0052598333
v 0.0155634061 0.0187226087 -0.00543233007
v 0.0155477123 0.0204783548 -0.0050569931
v 0.0155479666 0.0204784311 -0.00505168177
v 0.0155482544 0.0204789955 -0.00501334108
v 0.0152838649 0.016961826 -0.00618319307
v 0.0152738011 0.0169617739 -0.00618776912
v 0.0152840801 0.0161019303 -0.00626692176
v 0.0155762406 0.0152161717 -0.00584178418
v 0.0155751994 0.0160659384 -0.00579358265
v 0.0155765135 0.0152157005 -0.00587380165
v 0.0155751295 0.0160691887 -0.00583563047
v 0.0155762136 0.0152155645 -0.00588305388
v 0.0155740408 0.0152151249 -0.00591316307
v 0.0155715039 0.0160724204 -0.00587752182
v 0.015572886 0.0152149759 -0.00592339272
v 0.0155665511 0.0152144153 -0.00596219441
v 0.0155643476 0.0160756093 -0.00591896335
v 0.015565997 0.0152143762 -0.0059648864
v 0.0155537203 0.0160787329 -0.00595965469
v 0.0155571802 0.0152138676 -0.00600042241
v 0.0155447358 0.015213334 -0.00603806879
v 0.0155396871 0.016081769 -0.00599930855
v 0.0155424941 0.0152132511 -0.0060439324
v 0.0155291203 0.0152128143 -0.00607511075
v 0.0155223534 0.0160846971 -0.00603764411
v 0.01552465 0.0152126858 -0.00608437695
v 0.015501841 0.0160874948 -0.00607438758
v 0.0155063504 0.0152122201 -0.00611804239
v 0.015505855 0.015212209 -0.0061188736
v 0.0154782971 0.0160901435 -0.00610927539
v 0.015484388 0.0152117601 -0.00615182286
v 0.0154602174 0.0152113382 -0.00618320424
v 0.0154518867 0.0160926245 -0.006142064
v 0.0154585391 0.0152113112 -0.00618520705
v 0.0154228015 0.0160949193 -0.00617251592
v 0.0154332565 0.0152109452 -0.00621296931
v 0.0154258283 0.0152108483 -0.00622038171
v 0.0153912455 0.016097011 -0.00620041601
v 0.0154003575 0.0152105484 -0.00624359911
v 0.0153967058 0.0152105093 -0.00624667574
v 0.0153574441 0.0160988849 -0.00622556591
v 0.0153655829 0.0152102085 -0.00627062796
v 0.0153216375 0.0161005296 -0.0062477882
v 0.0153333899 0.0152099533 -0.00629163347
v 0.015312206 0.0169619899 -0.00616880413
v 0.0152972946 0.0152633321 -0.00630931789
v 0.015332425 0.0152099459 -0.00629221136
v 0.0152971707 0.0152097233 -0.00631134678
v 0.0153185893 0.0169620309 -0.00616523856
v 0.0153519679 0.0169622805 -0.00614450546
v 0.0153619396 0.0169623662 -0.00613757363
v 0.0153834866 0.0169625692 -0.00612131087
v 0.0153929414 0.0169626679 -0.00611357577
v 0.0154220331 0.0169630088 -0.0060871616
v 0.0154457018 0.0169633348 -0.00606226316
v 0.0154491877 0.0169633888 -0.00605829293
v 0.0154743409 0.0169638079 -0.00602689246
v 0.015481079 0.0169639345 -0.00601752847
v 0.0154970335 0.0169642642 -0.00599337136
v 0.0155025199 0.016964389 -0.00598431332
v 0.0155213326 0.0169648714 -0.00594944181
v 0.0155359795 0.0169653296 -0.00591664761
v 0.015537479 0.0169653818 -0.00591289252
v 0.0155508704 0.0169659238 -0.00587461516
v 0.0155538395 0.0169660673 -0.0058645173
v 0.0155613916 0.0169664994 -0.00583432009
v 0.0155631648 0.0169666205 -0.00582581758
v 0.0155694392 0.0169671904 -0.00578643661
v 0.0155725181 0.0169677399 -0.00574879348
v 0.0155726178 0.0169677753 -0.00574637391
v 0.0155726019 0.0169683751 -0.00570560945
v 0.0153899658 0.0117078908 -0.00639918866
v 0.0153956003 0.0117079476 -0.00639463356
v 0.0153967869 0.0125871943 -0.00635396317
v 0.0155783603 0.0117136473 -0.00598687725
v 0.0155777354 0.0125696091 -0.00594876753
v 0.0155776786 0.0125714345 -0.00599054946
v 0.0155782364 0.0117130075 -0.00603035558
v 0.0155741302 0.0125732524 -0.0060321819
v 0.0155748595 0.0117124328 -0.00606974028
v 0.0155734802 0.0117122866 -0.00607986376
v 0.0155671118 0.012575048 -0.00607337151
v 0.0155676119 0.0117118163 -0.00611243024
v 0.0155662559 0.0117117288 -0.00611854671
v 0.0155566707 0.0125768092 -0.00611383235
v 0.0155560132 0.0117111858 -0.00615658285
v 0.0155428816 0.0125785237 -0.00615327945
v 0.0155431237 0.0117106717 -0.00619291421
v 0.0155427037 0.0117106577 -0.00619396567
v 0.0155258412 0.0125801805 -0.00619143713
v 0.015526236 0.0117101446 -0.00623066956
v 0.0155215906 0.0117100179 -0.00623977138
v 0.0155056687 0.0125817657 -0.00622803858
v 0.0155055309 0.0117096268 -0.00626815856
v 0.0155020114 0.0117095485 -0.00627384847
v 0.0154825076 0.0125832707 -0.0062628272
v 0.0154797975 0.011709108 -0.00630631763
v 0.0154196741 0.0117082177 -0.00637356192
v 0.0154272774 0.0117083117 -0.00636631437
v 0.0154278763 0.0125859948 -0.00632601138
v 0.0154549116 0.0117086954 -0.00633715745
v 0.0154565154 0.0125846835 -0.00629556226
v 0.0154558914 0.0117087103 -0.0063360366
v 0.0153246745 0.0117073506 -0.00644325558
v 0.0153263696 0.0117073618 -0.00644229213
v 0.0153281577 0.0125892293 -0.00640160963
v 0.0153583065 0.0117076011 -0.00642242981
v 0.0153634744 0.0125882756 -0.00637922157
v 0.0152910976 0.0125900498 -0.00642097183
v 0.0152889993 0.0117071401 -0.00646158401
v 0.0153298974 0.0134587148 -0.00636308407
v 0.0153256319 0.013458685 -0.00636555161
v 0.0152931223 0.0134584885 -0.00638259994
v 0.0153589826 0.0134589365 -0.00634468719
v 0.0153649226 0.0134589877 -0.00634057308
v 0.0153678255 0.0134590128 -0.00633851485
v 0.0154287741 0.0134596666 -0.0062872055
v 0.0154278884 0.0134596555 -0.00628807629
v 0.0153988265 0.0134593146 -0.00631449325
v 0.0154549871 0.0134600345 -0.00625923416
v 0.0154800536 0.0134604545 -0.00622788724
v 0.0155076077 0.0134610217 -0.00618624734
v 0.0154862832 0.0134605719 -0.00621923385
v 0.0154829044 0.0134605076 -0.00622397847
v 0.0155556332 0.0134625435 -0.00607746234
v 0.015542347 0.013462007 -0.0061153979
v 0.0155263077 0.0134615004 -0.00615164265
v 0.0155258151 0.0134614864 -0.00615264149
v 0.0155563308 0.0134625761 -0.00607516756
v 0.0155585967 0.0134626869 -0.00606740732
v 0.0155678177 0.0134632345 -0.0060291742
v 0.0155735984 0.0134637468 -0.00599370524
v 0.0155740185 0.013463797 -0.00599028822
v 0.0155771617 0.0134643735 -0.00595073774
v 0.0155771459 0.0134649668 -0.00591050647
v 0.0155812707 0.00821083412 -0.00615147781
v 0.0155805377 0.0090649575 -0.00611075573
v 0.0155816721 0.0082105808 -0.00616865512
v 0.0155804437 0.00906699151 -0.00615343358
v 0.0155766997 0.00906901434 -0.00619594613
v 0.015580372 0.00821000244 -0.00620804308
v 0.0155811664 0.00821019989 -0.00619452121
v 0.0155693395 0.0090710111 -0.00623798557
v 0.0155743184 0.00820928439 -0.00625745999
v 0.0155759538 0.00820942968 -0.00624740683
v 0.0155439973 0.0090748705 -0.00631942088
v 0.0155548416 0.00820819475 -0.00633370923
v 0.0155584123 0.0090729678 -0.00627924455
v 0.0155660836 0.00820873212 -0.00629594782
v 0.0155699253 0.00820896309 -0.00627979171
v 0.0155262034 0.00907670427 -0.00635822117
v 0.0155405598 0.00820767321 -0.00637073629
v 0.0155442832 0.00820779707 -0.00636188081
v 0.0155051546 0.00907845609 -0.00639536278
v 0.0155182593 0.00820704456 -0.00641596038
v 0.0155231347 0.00820716843 -0.00640700199
v 0.0154539458 0.0090816645 -0.0064635966
v 0.0154747404 0.00820615329 -0.00648139464
v 0.0154810119 0.00908011384 -0.0064305733
v 0.0154977972 0.00820658449 -0.00644951593
v 0.015505 0.0082067363 -0.006438368
v 0.0154241575 0.00908309687 -0.00649419101
v 0.0154490592 0.00820575189 -0.00651157182
v 0.0154532287 0.00820581242 -0.00650699437
v 0.0153918592 0.00908440072 -0.00652213534
v 0.015412882 0.00820528995 -0.0065470431
v 0.0154206716 0.00820538122 -0.00653999439
v 0.0153161027 0.00820446294 -0.00661421753
v 0.0153186535 0.00820447877 -0.00661285408
v 0.0153207127 0.00908658653 -0.00656926911
v 0.0153502664 0.00820469949 -0.00659428211
v 0.0153572951 0.00908556674 -0.00654722191
v 0.0153825181 0.00820497517 -0.00657187961
v 0.0153904939 0.00820505247 -0.00656573521
v 0.0152823785 0.00908745173 -0.00658811862
v 0.0152799673 0.00820426643 -0.00663160672
v 0.0153226601 0.00995593518 -0.00652649347
v 0.0152933123 0.00995576289 -0.00654154597
v 0.0152846528 0.00995571911 -0.00654553156
v 0.0153280944 0.0099559715 -0.00652342848
v 0.0153614925 0.00995622296 -0.00650254171
v 0.0153703904 0.00995630026 -0.00649633538
v 0.0153931538 0.00995651633 -0.00647908216
v 0.0154013913 0.00995660201 -0.00647231378
v 0.0154304532 0.00995694194 -0.00644589728
v 0.0154546192 0.00995727722 -0.00642040418
v 0.0154575557 0.00995732192 -0.00641705282
v 0.0154826259 0.00995774195 -0.00638570217
v 0.015488877 0.00995785929 -0.00637701759
v 0.0155052878 0.00995819736 -0.00635215407
v 0.0155102108 0.00995830912 -0.0063440199
v 0.0155289154 0.00995878782 -0.00630940218
v 0.0155436946 0.00995925069 -0.00627630064
v 0.0155449575 0.00995929539 -0.00627314253
v 0.0155582502 0.00995983183 -0.00623518974
v 0.0155612128 0.00995997526 -0.00622513285
v 0.015568736 0.00996040553 -0.0061950339
v 0.0155704375 0.00996052288 -0.00618687877
v 0.0155766448 0.00996108539 -0.00614796858
v 0.0155796902 0.00996162929 -0.00611069798
v 0.0155797871 0.00996166281 -0.00610839576
v 0.0155797731 0.00996225607 -0.00606813841
v 0.015468413 0.0047032428 -0.0066536786
v 0.0154923759 0.00470366189 -0.0066224956
v 0.0154928537 0.0055762073 -0.00658247992
v 0.0155738909 0.00470628263 -0.00643529277
v 0.0155734234 0.00556791527 -0.00639660051
v 0.0155635122 0.00556968618 -0.0064361617
v 0.0155840404 0.00470807264 -0.00631260453
v 0.0155834313 0.00556245679 -0.006274933
v 0.0155843263 0.00470760744 -0.00634413306
v 0.0155834202 0.00556428917 -0.00631571608
v 0.0155800739 0.00556611223 -0.00635636179
v 0.0155818984 0.00470703235 -0.00638347398
v 0.0155840181 0.00470746681 -0.0063537322
v 0.015574405 0.00470631849 -0.00643279823
v 0.0155763365 0.00470646285 -0.00642276835
v 0.0155806281 0.0047068689 -0.00639472017
v 0.0155503983 0.00557141099 -0.00647478551
v 0.0155527433 0.00470524095 -0.00650841091
v 0.0155650675 0.00470577134 -0.00647100993
v 0.0155341784 0.00557308085 -0.00651220931
v 0.0155374045 0.00470472826 -0.0065449886
v 0.0155505808 0.00470516086 -0.00651409943
v 0.0155137945 0.00470411126 -0.0065895631
v 0.0155147053 0.00470413221 -0.00658802735
v 0.0155149503 0.00557468319 -0.00654818723
v 0.0155189466 0.00470423279 -0.00658071646
v 0.0155341607 0.00470463326 -0.00655180076
v 0.0154680284 0.0055776434 -0.00661485689
v 0.0154672405 0.00470322417 -0.00665508304
v 0.0154418778 0.00470285397 -0.00668308884
v 0.0154406419 0.00557898171 -0.00664510299
v 0.0154395467 0.00470282277 -0.00668545906
v 0.0154108778 0.00558021432 -0.00667301612
v 0.0154126883 0.00470249681 -0.00671066623
v 0.0154046984 0.00470240973 -0.00671748072
v 0.0153789353 0.00558133097 -0.00669840956
v 0.0153771713 0.00470214058 -0.0067388881
v 0.0153736314 0.00470210891 -0.00674142502
v 0.015345023 0.00558232563 -0.00672111614
v 0.0153407482 0.00470184814 -0.00676287804
v 0.0153060257 0.00470162695 -0.00678181276
v 0.0153069096 0.00470163208 -0.00678137457
v 0.0153093701 0.00558319176 -0.00674098311
v 0.0152722131 0.00558392331 -0.0067578773
v 0.0152694043 0.00470144767 -0.00679814443
v 0.0153117049 0.00645301817 -0.0066997516
v 0.0152962068 0.00645293156 -0.0067073945
v 0.0152748832 0.00645282818 -0.00671684975
v 0.0153310066 0.00645314017 -0.00668927468
v 0.0153805967 0.00645353459 -0.00665688282
v 0.0153733613 0.00645346893 -0.00666214572
v 0.0153644746 0.00645339256 -0.0066683474
v 0.0153470207 0.00645325426 -0.00667971885
v 0.0154043613 0.00645377068 -0.00663812365
v 0.0154122133 0.00645385683 -0.00663139159
v 0.0154334269 0.00645411154 -0.00661170715
v 0.0154416626 0.00645421958 -0.00660341745
v 0.0154605266 0.00645449106 -0.0065828627
v 0.0154687483 0.00645462004 -0.00657314248
v 0.0154856006 0.00645491062 -0.00655151391
v 0.0155151347 0.00645552389 -0.00650650542
v 0.0155131752 0.00645547826 -0.00650983909
v 0.0154918442 0.00645502796 -0.00654283352
v 0.0155318789 0.00645595696 -0.00647522369
v 0.0155479209 0.00645646406 -0.00643896731
v 0.0155501533 0.00645654462 -0.00643323269
v 0.0155612146 0.00645700051 -0.00640101871
v 0.0155641772 0.00645714346 -0.00639096135
v 0.015572886 0.00645765476 -0.00635525817
v 0.015573401 0.00645769155 -0.00635271147
v 0.0155796055 0.00645825407 -0.006313805
v 0.0155827515 0.00645883149 -0.0062742359
v 0.0155827347 0.00645942427 -0.00623398414
v 0.0152985649 0.00295033539 -0.00685726805
v 0.0152636329 0.00295017473 -0.00687214965
v 0.0152607234 0.00207994087 -0.00690509984
v 0.0153953424 0.00119996432 -0.00685844431
v 0.0154035129 0.00120004755 -0.00685186684
v 0.0154047692 0.00207709405 -0.00682180235
v 0.0155856432 0.00120573584 -0.00644493895
v 0.0155854197 0.00206307112 -0.00641671242
v 0.0155858537 0.00120564527 -0.00645106472
v 0.0155853657 0.00206452305 -0.00645847432
v 0.0155818239 0.00206596893 -0.00650008628
v 0.0155854234 0.00120506703 -0.0064903819
v 0.0155855799 0.00120511674 -0.00648698537
v 0.0155748194 0.00206739735 -0.00654125819
v 0.0155752245 0.00120392896 -0.0065688123
v 0.0155818947 0.00120449485 -0.00652963156
v 0.015564396 0.00206880039 -0.0065817018
v 0.0155729931 0.0012037846 -0.00657887291
v 0.015574906 0.0012039073 -0.00657032197
v 0.0155336196 0.00207148632 -0.00665927911
v 0.0155492211 0.0012027215 -0.00665375264
v 0.0155506311 0.00207016617 -0.00662113354
v 0.0155625828 0.00120324397 -0.00661675911
v 0.0155643672 0.00120332546 -0.00661102403
v 0.0155134806 0.00207275175 -0.00669587124
v 0.0155328661 0.00120221742 -0.00668984279
v 0.0155332563 0.00120222825 -0.00668906281
v 0.0154856378 0.00120117399 -0.00676605571
v 0.0154895373 0.00120124489 -0.0067607942
v 0.0154903559 0.00207395386 -0.00673065567
v 0.0155079747 0.00120161206 -0.00673377002
v 0.0155134201 0.0012017322 -0.00672499742
v 0.0154334651 0.00120039098 -0.00682514533
v 0.015434444 0.00120040332 -0.00682419445
v 0.0154358102 0.00207613222 -0.00679384358
v 0.0154608116 0.00120076677 -0.00679652253
v 0.0154644046 0.00207508262 -0.00676338887
v 0.0153715014 0.00207796134 -0.00684707472
v 0.0153695308 0.00119972718 -0.00687747449
v 0.0153636094 0.00119967794 -0.00688149082
v 0.0153362378 0.00207872875 -0.00686948374
v 0.0153301321 0.00119943195 -0.006901999
v 0.0152992271 0.00207938999 -0.00688886968
v 0.0152966222 0.00119923556 -0.00691913255
v 0.0152948806 0.00119922671 -0.00691993767
v 0.0152578065 0.0011990635 -0.00693522301
v 0.0153018124 0.00295035285 -0.00685572159
v 0.0153334057 0.00295054424 -0.00683913147
v 0.0153385019 0.00295057939 -0.00683617732
v 0.0153669631 0.00295079732 -0.00681814132
v 0.0153734405 0.00295085274 -0.00681364723
v 0.0153757744 0.00295087323 -0.00681199087
v 0.0154371234 0.00295153214 -0.00676028291
v 0.0154358363 0.00295151561 -0.0067615523
v 0.0154067744 0.00295117521 -0.00678796694
v 0.0154629322 0.00295189512 -0.00673271017
v 0.0154879987 0.00295231468 -0.00670136511
v 0.0155155379 0.00295288162 -0.0066597499
v 0.0154942144 0.00295243156 -0.00669272896
v 0.0154911028 0.00295237242 -0.00669710105
v 0.0155635541 0.00295440294 -0.00655099191
v 0.015550267 0.00295386673 -0.00658891816
v 0.0155342314 0.00295335986 -0.00662515359
v 0.0155338906 0.00295335008 -0.00662584556
v 0.0155643141 0.00295443856 -0.00654848572
v 0.0155665129 0.00295454613 -0.00654093875
v 0.0155757312 0.00295509351 -0.00650272053
v 0.0155815231 0.0029556076 -0.00646715239
v 0.0155819291 0.00295565557 -0.00646384573
v 0.0155850733 0.00295623252 -0.00642431015
v 0.0155850574 0.00295682484 -0.00638409378
v 0.0155848796 -0.00229573622 -0.00651890971
v 0.015585361 -0.00143185328 -0.00650788331
v 0.0155852698 -0.00229596952 -0.00653470028
v 0.0155852744 -0.00143118121 -0.00655042706
v 0.0155815734 -0.00143051008 -0.00659280969
v 0.0155840786 -0.00229654531 -0.00657393644
v 0.0155847864 -0.00229636463 -0.00656158337
v 0.0155742764 -0.00142984476 -0.00663472433
v 0.0155797973 -0.00229711481 -0.0066130897
v 0.0155810583 -0.00229698443 -0.00660409313
v 0.0155634442 -0.00142919004 -0.0066758669
v 0.0155698983 -0.00229782285 -0.00666229147
v 0.0155723589 -0.0022976778 -0.00665216008
v 0.0155315083 -0.00142793113 -0.00675465213
v 0.015544679 -0.00229887478 -0.00673658913
v 0.015549154 -0.00142854918 -0.00671593938
v 0.0155587541 -0.00229835836 -0.00669991318
v 0.0155628212 -0.00229818071 -0.00668739202
v 0.0155106345 -0.00142733566 -0.00679172482
v 0.0155276302 -0.00229937234 -0.00677230628
v 0.0155307045 -0.00229929015 -0.00676638074
v 0.0154866828 -0.00142676837 -0.00682688737
v 0.01550184 -0.00229996955 -0.00681578135
v 0.0155075183 -0.00229985011 -0.00680703111
v 0.0154302651 -0.00142574031 -0.0068904846
v 0.0154534625 -0.00230079796 -0.00687753409
v 0.0154598271 -0.00142623519 -0.00685988693
v 0.0154788764 -0.00230039959 -0.00684758928
v 0.0154856322 -0.00230028084 -0.00683876546
v 0.0153982062 -0.0014252828 -0.00691845873
v 0.0154255629 -0.00230116467 -0.00690559018
v 0.0154289249 -0.00230112369 -0.00690243812
v 0.0153638851 -0.00142487104 -0.00694360444
v 0.0153868049 -0.00230157864 -0.00693810219
v 0.0153950946 -0.00230149808 -0.00693169469
v 0.0152851241 -0.00230228459 -0.00699758343
v 0.0152874691 -0.00230227341 -0.00699655432
v 0.015289465 -0.00142418966 -0.00698471302
v 0.0153207323 -0.00230209017 -0.00698034791
v 0.0153275523 -0.00142450491 -0.00696574384
v 0.0153546166 -0.00230185478 -0.00696051121
v 0.0153622227 -0.00230179448 -0.00695554819
v 0.0152499042 -0.00142392388 -0.007000376
v 0.0152477445 -0.00230243639 -0.0070121279
v 0.0152631626 -0.000551787729 -0.00697938027
v 0.0152523359 -0.00055182795 -0.00698334025
v 0.0153341535 -0.000551413163 -0.00694588572
v 0.0153295612 -0.000551443722 -0.00694848038
v 0.0152992615 -0.000551622419 -0.00696405396
v 0.0152916862 -0.000551661244 -0.00696755061
v 0.0153678097 -0.000551159319 -0.00692482665
v 0.0153765008 -0.000551084464 -0.00691875722
v 0.0153997941 -0.000550862984 -0.0069010742
v 0.0154075008 -0.000550782424 -0.00689473189
v 0.015436559 -0.000550442026 -0.00686831726
v 0.0154610174 -0.000550102501 -0.00684248609
v 0.0154636474 -0.000550062628 -0.00683947932
v 0.0154887065 -0.000549642951 -0.00680813985
v 0.0154948691 -0.000549527176 -0.0067995768
v 0.0155114764 -0.0005491841 -0.0067743957
v 0.0155161796 -0.000549077464 -0.00676662242
v 0.0155348629 -0.000548599637 -0.00673205405
v 0.0155497203 -0.00054813415 -0.00669876114
v 0.0155508853 -0.00054809323 -0.00669585122
v 0.0155641586 -0.000547557429 -0.00665796269
v 0.0155671174 -0.000547414413 -0.00664791325
v 0.0155746564 -0.000546982803 -0.00661775237
v 0.0155763263 -0.000546867668 -0.00660974393
v 0.0155825196 -0.000546306313 -0.00657092361
v 0.0155855594 -0.000545763178 -0.00653369771
v 0.0155856544 -0.000545730116 -0.00653144252
v 0.0155856404 -0.00054513861 -0.00649128016
v 0.0155809578 -0.00579616241 -0.00652222009
v 0.0155805564 -0.00579590909 -0.00650504325
v 0.0155819887 -0.00492230803 -0.00651721796
v 0.0155752674 -0.00579730654 -0.0066005569
v 0.0155767081 -0.00579715939 -0.0065903957
v 0.0155781358 -0.00492323702 -0.00660262024
v 0.0155796576 -0.00579673797 -0.0065614311
v 0.0155818919 -0.00492277555 -0.00656000245
v 0.0155804586 -0.00579653867 -0.00654780306
v 0.0155677227 -0.00579786906 -0.00663959607
v 0.0155707505 -0.00492368685 -0.00664476259
v 0.0155652193 -0.00579801481 -0.00664976705
v 0.0155597879 -0.00492412085 -0.00668611843
v 0.0155583806 -0.005798358 -0.00667384919
v 0.0155539727 -0.00579854893 -0.0066873366
v 0.0155226495 -0.00579956081 -0.00675960537
v 0.0155261122 -0.00579946907 -0.00675296132
v 0.015527484 -0.00492493855 -0.00676527014
v 0.015539798 -0.00579906488 -0.00672395295
v 0.0155453291 -0.00492453901 -0.00672638696
v 0.0155024445 -0.00580003764 -0.00679425569
v 0.0155063765 -0.00492531154 -0.00680248672
v 0.015496715 -0.00580015732 -0.00680302503
v 0.0154821668 -0.00492566219 -0.00683776382
v 0.0154808415 -0.00580046047 -0.0068254252
v 0.0154736666 -0.00580058573 -0.00683475425
v 0.0154201854 -0.00580134802 -0.00689258287
v 0.015423893 -0.00580130331 -0.0068891244
v 0.0154251596 -0.0049262722 -0.00690147607
v 0.015448167 -0.00580098294 -0.00686461665
v 0.0154550271 -0.0049259807 -0.00687084068
v 0.0153896464 -0.00580168003 -0.00691859378
v 0.0153927831 -0.00492652738 -0.00692944555
v 0.0153813409 -0.00580176013 -0.00692497147
v 0.0153581314 -0.00492674997 -0.00695454469
v 0.0153214615 -0.00492693484 -0.00697659049
v 0.0153490854 -0.00580203487 -0.00694728456
v 0.0153569281 -0.00580197293 -0.00694219861
v 0.0152830435 -0.00492708292 -0.0069954209
v 0.0152819054 -0.00580244977 -0.00698309438
v 0.0153151369 -0.00580226863 -0.00696702302
v 0.0152794765 -0.00580246141 -0.00698415283
v 0.015243155 -0.00492719188 -0.00701089762
v 0.0152420476 -0.00580261135 -0.00699858973
v 0.0153227076 -0.00405232795 -0.00698322104
v 0.0152969528 -0.00405247742 -0.00699629355
v 0.0152842896 -0.00405254122 -0.00700205239
v 0.0152608389 -0.00405264273 -0.00701162778
v 0.0152444048 -0.00405270234 -0.0070175319
v 0.0153741762 -0.00405193958 -0.00695099728
v 0.0153655801 -0.00405201362 -0.00695700105
v 0.0153318737 -0.00405226788 -0.00697810343
v 0.0154342307 -0.00405129697 -0.00690055732
v 0.0154051771 -0.00405163737 -0.00692697149
v 0.0153940171 -0.00405175285 -0.00693607284
v 0.0154613154 -0.00405091746 -0.00687172124
v 0.0154562546 -0.00405099383 -0.0068774661
v 0.0154863643 -0.0040504979 -0.00684038782
v 0.015532461 -0.00404945621 -0.00676440354
v 0.015513788 -0.00404993352 -0.00679894909
v 0.0155075965 -0.00405007321 -0.00680911634
v 0.0154924877 -0.00405038288 -0.00683188206
v 0.0155484732 -0.00404895004 -0.00672822865
v 0.0155465463 -0.00404901756 -0.0067330189
v 0.0155617362 -0.00404841453 -0.00669036852
v 0.0155800786 -0.00404716469 -0.00660341606
v 0.0155738955 -0.00404772535 -0.00664219353
v 0.0155719602 -0.00404785806 -0.00665139966
v 0.0155646959 -0.00404827157 -0.00668032281
v 0.0155832153 -0.00404658914 -0.0065639778
v 0.0155831035 -0.00404662825 -0.00656664418
v 0.0155831994 -0.00404599868 -0.00652386202
v 0.015343504 -0.00930066872 -0.00682907738
v 0.0153507702 -0.00930061005 -0.0068242983
v 0.0153526813 -0.00842791144 -0.00686641783
v 0.0154673122 -0.00929920468 -0.00671560923
v 0.0154734747 -0.00929909572 -0.00670750299
v 0.0154757686 -0.00842318591 -0.00674977712
v 0.0155465826 -0.00929715671 -0.00656757178
v 0.0155501729 -0.00929699838 -0.00655642152
v 0.0155527378 -0.00841683336 -0.00659873849
v 0.0155724362 -0.00929476507 -0.00640221965
v 0.0155720655 -0.00929456111 -0.00638838718
v 0.0155747319 -0.0084095858 -0.00643068785
v 0.0155719789 -0.00929518696 -0.0064309435
v 0.0155709218 -0.00841327105 -0.00651565054
v 0.0155682797 -0.00929580536 -0.0064733387
v 0.0155746406 -0.0084114382 -0.00647325022
v 0.0155713996 -0.00929534156 -0.00644149305
v 0.0155575788 -0.00929662026 -0.00652987603
v 0.0155636016 -0.00841507409 -0.00655758195
v 0.0155599853 -0.00929647591 -0.00651980098
v 0.0155672692 -0.00929591246 -0.00648068823
v 0.0155326491 -0.00929767545 -0.00660432968
v 0.0155157419 -0.00929817371 -0.0066401381
v 0.0155207114 -0.00842017215 -0.00667754188
v 0.0154957566 -0.00929865334 -0.00667496584
v 0.015499779 -0.00842172466 -0.00671461644
v 0.0154901445 -0.00929877255 -0.0066836914
v 0.0154420147 -0.00929960515 -0.00674566999
v 0.0154142249 -0.00929997396 -0.00677385088
v 0.0154192122 -0.00842579175 -0.00681334874
v 0.0153838666 -0.00930030923 -0.00680009089
v 0.0153870797 -0.00842691492 -0.00684130099
v 0.0153755974 -0.00930039026 -0.00680653611
v 0.0153097035 -0.00930090621 -0.00684905611
v 0.015236862 -0.00930125732 -0.00688113831
v 0.0152741754 -0.00930110272 -0.00686643925
v 0.0152781056 -0.00842948444 -0.00690744119
v 0.0152384685 -0.00843005069 -0.00692305015
v 0.0152546708 -0.00755216135 -0.00695354072
v 0.0152398255 -0.00755221536 -0.00695890142
v 0.0153256906 -0.00755178649 -0.00692002662
v 0.0153178237 -0.00755183818 -0.00692443317
v 0.0153162675 -0.00842876825 -0.00688851764
v 0.0152907772 -0.00755199557 -0.00693820883
v 0.0152795613 -0.00755205238 -0.0069433325
v 0.0153593784 -0.00755153224 -0.00689893775
v 0.0152763985 -0.00930109248 -0.00686545251
v 0.0153680118 -0.00755145773 -0.00689291209
v 0.0154551547 -0.00755043607 -0.00681363372
v 0.0154507849 -0.00755050173 -0.00681860326
v 0.0154488441 -0.00842454564 -0.00678276876
v 0.0154280663 -0.00755081512 -0.00684247026
v 0.0153990118 -0.00755115552 -0.00686888443
v 0.0153888315 -0.00755126122 -0.00687720813
v 0.0154802073 -0.00755001651 -0.00678229891
v 0.0154171018 -0.00929993857 -0.00677113747
v 0.0154863447 -0.00754990103 -0.00677377172
v 0.0155423405 -0.00754846772 -0.00667009177
v 0.0155406334 -0.00754852733 -0.00667434745
v 0.0155384075 -0.00841853861 -0.00663882261
v 0.0155263245 -0.0075489739 -0.00670627784
v 0.0155076478 -0.00754945166 -0.00674083084
v 0.015501881 -0.00754958158 -0.00675032148
v 0.0155556109 -0.00754793221 -0.00663222233
v 0.0155182648 -0.00929810572 -0.00663523423
v 0.0155585697 -0.00754778925 -0.00662217289
v 0.0155770946 -0.00754610589 -0.00650578272
v 0.0155769857 -0.00754614361 -0.00650833128
v 0.0155739589 -0.00754668191 -0.00654523587
v 0.0155677684 -0.00754724303 -0.00658403011
v 0.0155659132 -0.00754737016 -0.00659289584
v 0.0155770788 -0.00754551496 -0.00646565016
v 0.0153358225 -0.0127974134 -0.00658271415
v 0.0153419152 -0.0127973631 -0.00657858839
v 0.0153441653 -0.0119272089 -0.00664954493
v 0.0154580306 -0.0127959186 -0.00646729767
v 0.0154621489 -0.0127958432 -0.00646174932
v 0.0154652158 -0.0119187133 -0.00653324416
v 0.0155351618 -0.0127938483 -0.00631798059
v 0.0155371279 -0.0127937589 -0.00631167181
v 0.0155407852 -0.011907436 -0.00638353359
v 0.0155586796 -0.0127914445 -0.00615212694
v 0.0155584477 -0.012791343 -0.00614520442
v 0.015562336 -0.0118946554 -0.00621732976
v 0.0155583844 -0.0127919633 -0.00618734956
v 0.0155586144 -0.0119011458 -0.00630133972
v 0.0155547922 -0.0127925752 -0.00622933963
v 0.0155622559 -0.011897915 -0.0062594125
v 0.0155581851 -0.0127920248 -0.00619154377
v 0.0155456355 -0.0127933063 -0.00628002128
v 0.0155514413 -0.0119043281 -0.00634281198
v 0.0155478418 -0.0127931647 -0.00627016462
v 0.0155545902 -0.0127925985 -0.00623089075
v 0.0155217312 -0.0127943717 -0.00635503698
v 0.0155053008 -0.0127948765 -0.00639118021
v 0.0155093558 -0.011913348 -0.00646157563
v 0.0154857812 -0.0127953617 -0.00642637676
v 0.0154888052 -0.0119161094 -0.00649833912
v 0.0154804187 -0.01279548 -0.00643499149
v 0.0154331569 -0.0127963256 -0.00649777567
v 0.0154057611 -0.0127967009 -0.00652640266
v 0.0154096242 -0.0119233765 -0.00659650005
v 0.015375765 -0.0127970446 -0.00655311625
v 0.0153780188 -0.0119254049 -0.00662440062
v 0.0153675759 -0.0127971275 -0.00655969838
v 0.0153023321 -0.0127976593 -0.00660318742
v 0.0152300037 -0.0127980262 -0.00663632946
v 0.015267076 -0.0127978642 -0.00662108883
v 0.015270696 -0.0119300997 -0.00669086771
v 0.0152316066 -0.0119311642 -0.00670675095
v 0.0152430581 -0.0110498108 -0.00676905317
v 0.0152333193 -0.0110498471 -0.00677262619
v 0.0153140211 -0.0110494364 -0.00673560426
v 0.0153103871 -0.0110494606 -0.00673766062
v 0.0153083056 -0.0119287781 -0.00667175371
v 0.0152791468 -0.011049646 -0.00675374782
v 0.0152725922 -0.0110496795 -0.00675677788
v 0.0153476633 -0.0110491831 -0.00671456987
v 0.0152688799 -0.0127978548 -0.0066202553
v 0.0153564997 -0.0110491076 -0.00670840498
v 0.0154436575 -0.0110480851 -0.00662912289
v 0.0154415369 -0.0110481177 -0.00663155364
v 0.0154387625 -0.0119211413 -0.00656604208
v 0.0154165616 -0.011048465 -0.00665796502
v 0.0153874997 -0.011048805 -0.00668438151
v 0.0153804608 -0.0110488785 -0.00669018412
v 0.0154687278 -0.011047666 -0.00659777736
v 0.0154069485 -0.012796686 -0.00652525108
v 0.01547495 -0.0110475486 -0.00658912817
v 0.0155310137 -0.0110461134 -0.00648529781
v 0.0155300051 -0.0110461488 -0.00648782356
v 0.015526725 -0.0119104497 -0.00642321678
v 0.0155149745 -0.0110466201 -0.00652154116
v 0.0154962773 -0.0110470988 -0.00655614305
v 0.0154918646 -0.0110471984 -0.00656345021
v 0.0155443 -0.011045577 -0.00644736411
v 0.0155059528 -0.0127948578 -0.00638987869
v 0.0155472588 -0.0110454336 -0.00643730909
v 0.0155658256 -0.011043747 -0.00632065115
v 0.0155657344 -0.0110437786 -0.00632282067
v 0.0155626824 -0.0110443234 -0.00636019744
v 0.0155564807 -0.011044886 -0.00639908202
v 0.015554864 -0.0110449977 -0.0064068418
v 0.0155658089 -0.0110431546 -0.00628042314
v 0.0153284194 -0.0162931047 -0.00626485283
v 0.0153326634 -0.0162930675 -0.00626185304
v 0.0153350038 -0.0154238353 -0.00634315284
v 0.0155463172 -0.0153895151 -0.00595750054
v 0.0155420108 -0.0162877142 -0.00587464217
v 0.0155463712 -0.0153857283 -0.00591615774
v 0.0155422213 -0.0162876286 -0.0058687916
v 0.0155420387 -0.0162871052 -0.00583320111
v 0.0155316126 -0.0162889156 -0.00595741393
v 0.0155335823 -0.016288776 -0.00594760431
v 0.0155428201 -0.0153932739 -0.00599869806
v 0.0155385695 -0.0162883177 -0.00591593981
v 0.0155394729 -0.0162882041 -0.00590822566
v 0.0155081172 -0.016290037 -0.00603617076
v 0.0155093288 -0.0162899923 -0.00603303127
v 0.0155256176 -0.015400596 -0.00607952429
v 0.0154936817 -0.0162905045 -0.00606956938
v 0.0155120278 -0.0154041108 -0.00611859513
v 0.0154914903 -0.0162905678 -0.00607411144
v 0.0154952286 -0.0154074952 -0.00615641102
v 0.0154749155 -0.0162909981 -0.00610522414
v 0.0154238977 -0.0162919816 -0.00617773784
v 0.015448112 -0.0162915643 -0.00614669407
v 0.0154524967 -0.0154137798 -0.00622724136
v 0.0154491598 -0.0162915438 -0.00614522537
v 0.015469796 -0.0162911173 -0.00611387147
v 0.015397124 -0.0162923671 -0.00620698277
v 0.0154268565 -0.0154166352 -0.00625976687
v 0.0153957345 -0.0162923858 -0.00620838115
v 0.0153985946 -0.0154192774 -0.00629006373
v 0.0153679075 -0.015421682 -0.00631792331
v 0.0153596597 -0.0162928067 -0.00624113809
v 0.0153677147 -0.016292721 -0.00623436971
v 0.0152953882 -0.0162933618 -0.0062860637
v 0.0152253537 -0.0154286493 -0.00640141405
v 0.0152238095 -0.0162937529 -0.00632079178
v 0.0152634811 -0.0154273314 -0.00638504187
v 0.0152605353 -0.0162935778 -0.00630473765
v 0.015331802 -0.0145453224 -0.00642811414
v 0.015298239 -0.0145455748 -0.00644907495
v 0.0153001193 -0.015425724 -0.00636557629
v 0.0152652999 -0.0145457732 -0.00646628579
v 0.0152634121 -0.0145457834 -0.00646717893
v 0.0152269071 -0.0145459492 -0.00648262771
v 0.0153373433 -0.0145452749 -0.00642428454
v 0.0152616762 -0.0162935723 -0.00630418072
v 0.0153408451 -0.0145452442 -0.00642180722
v 0.0154531058 -0.0145438025 -0.00631116517
v 0.0154280216 -0.0145442225 -0.0063425242
v 0.0154014239 -0.014544595 -0.00637086667
v 0.0154009108 -0.0145446025 -0.00637137238
v 0.015371846 -0.0145449424 -0.00639778888
v 0.0154557656 -0.0145437531 -0.00630751764
v 0.0154807651 -0.0145432334 -0.00626936415
v 0.0154753411 -0.015410725 -0.00619271025
v 0.0154594202 -0.0145436842 -0.00630239258
v 0.0155288512 -0.0145417089 -0.00616041478
v 0.0155155454 -0.0145422462 -0.00619841274
v 0.0154994857 -0.0145427538 -0.00623471243
v 0.0154988524 -0.0145427724 -0.00623599812
v 0.0155294929 -0.0145416791 -0.00615829742
v 0.0155318137 -0.0145415664 -0.00615035417
v 0.015535906 -0.015396975 -0.00603946624
v 0.0155410506 -0.0145410169 -0.00611204049
v 0.0155219622 -0.0162894633 -0.00599564193
v 0.015546835 -0.0145405047 -0.00607657293
v 0.0155472672 -0.0145404534 -0.00607306603
v 0.0155504178 -0.0145398751 -0.00603342569
v 0.0155504011 -0.0145392809 -0.00599310128
v -0.00917358138 0.0170109421 -0.00562444143
v -0.00919831451 0.0170103833 -0.00566509645
v -0.00918719266 0.016155431 -0.00567057543
v -0.0110060507 0.0169996042 -0.00660234364
v -0.0110943848 0.0169998538 -0.00659539225
v -0.0110373991 0.0161673948 -0.00662234938
v -0.0109234862 0.0169994216 -0.00660529034
v -0.0107011758 0.0161671415 -0.00661823107
v -0.0107524144 0.0169992056 -0.00660051918
v -0.0108692003 0.0161673483 -0.00662736781
v -0.0108495224 0.0169993024 -0.00660502911
v -0.0103791412 0.0169995017 -0.00653812196
v -0.0105360672 0.0169992466 -0.00657325378
v -0.01053451 0.0161667746 -0.00659500388
v -0.0105824228 0.0169992074 -0.00658112625
v -0.01069286 0.0169991814 -0.00659540342
v -0.0102099758 0.016165575 -0.00650702883
v -0.0102506001 0.0169998594 -0.0064991829
v -0.0103703924 0.0161662512 -0.0065578483
v -0.0103377746 0.0169996023 -0.0065266178
v -0.00993763003 0.0170013588 -0.00636188919
v -0.0100445841 0.0170007385 -0.0064160875
v -0.0100543983 0.0161647499 -0.0064429054
v -0.0100911735 0.0170005057 -0.0064372411
v -0.0101891067 0.017000081 -0.00647714594
v -0.00976213161 0.0161626786 -0.00627665222
v -0.00976827554 0.0170025993 -0.00625836384
v -0.00990476646 0.0161637831 -0.00636593113
v -0.00990426168 0.0170015767 -0.00634328695
v -0.00949256867 0.0170054734 -0.0060318918
v -0.0096088117 0.0170041118 -0.00613754475
v -0.00962750986 0.0161614474 -0.00617569871
v -0.00965257827 0.0170036592 -0.00617324933
v -0.00973281078 0.0170029048 -0.00623362046
v -0.00938417483 0.0170069914 -0.00591653213
v -0.0093860412 0.0161586385 -0.0059417095
v -0.00928390119 0.0170086715 -0.00579115516
v -0.00928091072 0.0161570795 -0.00581032876
v -0.00925888028 0.0170091409 -0.00575638935
v -0.00909878686 0.017012855 -0.00548601523
v -0.00898148213 0.0170170292 -0.00518926186
v -0.00903463364 0.0170148835 -0.00534102321
v -0.0090365801 0.0161519181 -0.00536996266
v -0.00890794024 0.0170220435 -0.00484047737
v -0.00893275067 0.0170197934 -0.0049960739
v -0.00893845968 0.0161482003 -0.00504836719
v -0.00894051231 0.0170192607 -0.00503306231
v -0.00898074731 0.0161500778 -0.00521123037
v -0.00896964222 0.0170176011 -0.00514904549
v -0.00889542699 0.0170267243 -0.00452122698
v -0.00889536273 0.0170243531 -0.00468221912
v -0.00889560673 0.01614438 -0.00471487828
v -0.00889534783 0.0161424652 -0.00454661483
v -0.00889539346 0.0152742937 -0.00467314571
v -0.00889642816 0.0152762132 -0.00454294449
v -0.00892783795 0.0152697414 -0.00498596625
v -0.00891031139 0.0152713815 -0.00487261964
v -0.00891001336 0.0161462966 -0.00488252565
v -0.0089054117 0.0152720036 -0.00482977135
v -0.00889655761 0.0152737815 -0.00470806751
v -0.00893759727 0.015269028 -0.00503547397
v -0.00889582094 0.0170241948 -0.00469299313
v -0.00896299165 0.0152675062 -0.00514171179
v -0.00897425972 0.0152669307 -0.00518205995
v -0.00902392156 0.0152648222 -0.00533086527
v -0.00915817358 0.0152608491 -0.00561588258
v -0.00909831747 0.0152624138 -0.00550286751
v -0.00910555571 0.0161537081 -0.0055234395
v -0.00908517744 0.0152627947 -0.00547549175
v -0.00903192163 0.0152645297 -0.00535167661
v -0.00917696115 0.0152604068 -0.00564806722
v -0.0090423692 0.0170146134 -0.00536026713
v -0.00924329273 0.0152589884 -0.00575189805
v -0.00958444364 0.015253921 -0.00613474194
v -0.0094690863 0.0152553236 -0.00602642354
v -0.00950184744 0.0161600988 -0.00606378773
v -0.00936876889 0.0152567737 -0.0059165773
v -0.0093634082 0.0152568575 -0.00591022382
v -0.00926728733 0.0152585227 -0.0057862415
v -0.00960212387 0.0152537273 -0.00614989549
v -0.00940372515 0.0170066971 -0.00593872881
v -0.00970979407 0.0152526554 -0.00623491919
v -0.00974379946 0.0152523518 -0.0062593855
v -0.00987067353 0.0152513525 -0.00634167064
v -0.00987554807 0.015251318 -0.00634456519
v -0.0103500802 0.0152491126 -0.00654815044
v -0.0103098908 0.0152492197 -0.00653631939
v -0.0101671014 0.0152497124 -0.00648667943
v -0.0101584475 0.0152497478 -0.00648327544
v -0.0100137321 0.0152504491 -0.00641924003
v -0.0104833422 0.0152488519 -0.00658097723
v -0.0105025964 0.0152488258 -0.00658492465
v -0.0106577147 0.0152487215 -0.00660965685
v -0.010810785 0.015248795 -0.00662199454
v -0.0109754773 0.0154226329 -0.00662464974
v -0.010815464 0.0152488006 -0.00662218593
v -0.0109759271 0.0152490698 -0.00662211655
v 0.00868022628 0.0169650093 -0.00671666907
v 0.00865058601 0.0169655476 -0.00668346928
v 0.00863912515 0.0161584038 -0.00672288239
v 0.00817108154 0.0161010232 -0.00566838169
v 0.00816990621 0.0169821549 -0.00561033748
v 0.00815731287 0.0160920285 -0.005501837
v 0.00815897062 0.016983822 -0.00549831102
v 0.00815576501 0.0169846863 -0.00544001069
v 0.00819875021 0.0161099415 -0.00583319133
v 0.00824011862 0.0161187183 -0.0059951148
v 0.00824801344 0.0169767737 -0.00596682029
v 0.0082057612 0.0169791244 -0.00581203634
v 0.00819837861 0.0169796273 -0.00577874668
v 0.00817616191 0.0169814732 -0.00565585587
v 0.00838430785 0.0169717241 -0.00629430311
v 0.00831644051 0.0169739425 -0.00615135208
v 0.00829489809 0.0161272939 -0.00615301682
v 0.00829730276 0.0169746578 -0.00610499037
v 0.00826003775 0.0169762131 -0.00600361591
v 0.00846377574 0.016969556 -0.00643240893
v 0.00844307244 0.0161435995 -0.00645236857
v 0.00855521392 0.0169674437 -0.0065655075
v 0.00853542704 0.0161512177 -0.0065917247
v 0.00857869349 0.016966952 -0.00659628026
v 0.00879095774 0.0169631727 -0.00682878541
v 0.00904064439 0.0169598274 -0.00702762837
v 0.00891099963 0.0169614442 -0.00693252776
v 0.00887758285 0.0161712933 -0.00695699081
v 0.00935024209 0.0169567931 -0.00719842594
v 0.00920928363 0.0169580448 -0.00712949736
v 0.00915177073 0.0161819067 -0.00714814896
v 0.00917470548 0.0169583838 -0.007110429
v 0.00901066884 0.0161769036 -0.00705830287
v 0.00907426234 0.0169594437 -0.00704977941
v 0.00965041108 0.0169547498 -0.00730316993
v 0.00949722342 0.0169556942 -0.00725643383
v 0.00945402496 0.0161899459 -0.00729101337
v 0.00999985822 0.0169532988 -0.00736204907
v 0.00984445028 0.0169538278 -0.00734375743
v 0.00977589935 0.0161951873 -0.00738159195
v 0.00981018972 0.0169539694 -0.00733804703
v 0.00961306412 0.016192928 -0.00734303147
v 0.00969111267 0.0169545319 -0.00731336512
v 0.0103170574 0.0169527754 -0.00736146467
v 0.0101573681 0.0169529449 -0.00736808358
v 0.010108389 0.0161974858 -0.00741734775
v 0.0102757132 0.0161975063 -0.00741429441
v 0.0101112099 0.0152015276 -0.00745658623
v 0.0102097979 0.0152013656 -0.00745637575
v 0.00979817007 0.0152025195 -0.00742475502
v 0.0098829437 0.0152021777 -0.0074383188
v 0.00994139165 0.016196711 -0.00740642194
v 0.00995453633 0.0152019318 -0.00744688837
v 0.0100459876 0.0152016738 -0.00745404884
v 0.00972175412 0.0152028752 -0.00740929414
v 0.00975651573 0.0152027076 -0.00741671212
v 0.0101475883 0.0169529617 -0.00736807194
v 0.00960424915 0.0152035123 -0.00737935724
v 0.00956350099 0.01520376 -0.00736717694
v 0.00945519283 0.0152044864 -0.00733011216
v 0.00916694012 0.0152069572 -0.00719509879
v 0.00925996993 0.0152060678 -0.00724487845
v 0.00929990131 0.0161862634 -0.00722590135
v 0.00930938311 0.0152056329 -0.00726882322
v 0.00940922834 0.0152048264 -0.007312248
v 0.00913018454 0.0152073344 -0.00717364391
v 0.00948280096 0.0169557929 -0.00725132972
v 0.0089988159 0.0152088162 -0.00708790636
v 0.0089804288 0.0152090415 -0.00707469089
v 0.00887441356 0.0152104367 -0.00699200388
v 0.00864701904 0.0152141014 -0.00676897727
v 0.00873231888 0.015212602 -0.00686112884
v 0.008753445 0.0161651131 -0.00684492243
v 0.00875706878 0.0152121969 -0.00688580517
v 0.0088520078 0.0152107542 -0.00697300304
v 0.00862215832 0.0152145727 -0.00673981151
v 0.00889464188 0.0169616658 -0.00691934722
v 0.00861958694 0.015214622 -0.00673673023
v 0.00829744525 0.0152231464 -0.00619446347
v 0.00836264621 0.0152208759 -0.00634125806
v 0.00836270582 0.0161356069 -0.00630579097
v 0.00843333453 0.0152188307 -0.00647212053
v 0.0084382575 0.0152187003 -0.00648043351
v 0.00852394942 0.015216616 -0.00661222544
v 0.00829062052 0.0152234146 -0.00617703609
v 0.00844953489 0.0169699192 -0.00640944066
v 0.00828239322 0.0152237481 -0.00615535257
v 0.00823331531 0.0152260279 -0.0060061072
v 0.00819791667 0.0152282035 -0.00586240832
v 0.00819604844 0.0152283413 -0.00585327996
v 0.0081707444 0.0152306873 -0.00569682615
v 0.00815780088 0.0152330678 -0.00553663773
v 0.00836935826 0.0204804409 -0.00573021965
v 0.00834120438 0.0204813257 -0.00567325717
v 0.00834830757 0.019389106 -0.00592067558
v 0.0096156029 0.0187080055 -0.00709901797
v 0.00973058771 0.0187073927 -0.00712759187
v 0.00974571984 0.0196041241 -0.0069788387
v 0.0102823852 0.0187058747 -0.00716804015
v 0.0103865536 0.0187058449 -0.00715823146
v 0.0104073705 0.0196127892 -0.00700028427
v 0.00997210108 0.0187064447 -0.00716453791
v 0.0100572351 0.0187062174 -0.00717036426
v 0.010075599 0.0196137074 -0.00701662432
v 0.0101275453 0.0187060703 -0.00717239873
v 0.0102418205 0.0196145661 -0.00701522781
v 0.0102221174 0.0187059287 -0.00717118289
v 0.00989302248 0.0187067054 -0.00715579838
v 0.00990985055 0.0196102187 -0.00700446637
v 0.00981602352 0.0187070053 -0.00714416709
v 0.00976655446 0.0187072232 -0.00713504525
v 0.00932258461 0.0187100824 -0.00699130213
v 0.00941537227 0.0187093411 -0.00703114131
v 0.00942683313 0.0195843074 -0.0068879649
v 0.0094676055 0.0187089574 -0.00705116382
v 0.00958434585 0.0195954666 -0.00693991408
v 0.0095710149 0.0187082738 -0.00708594406
v 0.00926470663 0.0187105872 -0.00696355151
v 0.00927428156 0.0195707195 -0.00682334881
v 0.00918063521 0.0187113844 -0.00691902079
v 0.0091277333 0.0195547994 -0.00674651191
v 0.00913451612 0.0187118538 -0.00689234817
v 0.00898821093 0.0195366573 -0.00665798644
v 0.00898231007 0.0187135879 -0.00679189898
v 0.00900320336 0.0187133327 -0.00680689514
v 0.00887861662 0.0187149514 -0.00671113236
v 0.00885667372 0.0195164178 -0.00655838242
v 0.00885246973 0.0187153202 -0.0066889734
v 0.00861755665 0.0187192392 -0.006449515
v 0.00861990824 0.0187191945 -0.00645234436
v 0.00862112921 0.0194702204 -0.00632876437
v 0.00865015201 0.0187186208 -0.00648781937
v 0.00873403065 0.0194942206 -0.0064483881
v 0.00873139035 0.018717194 -0.00657553179
v 0.00876085274 0.0187167116 -0.00660489313
v 0.00852099527 0.0187212583 -0.00632338319
v 0.00851875171 0.0194445811 -0.00620033732
v 0.00843434595 0.0187233724 -0.00618966762
v 0.00842760224 0.0194174796 -0.00606399262
v 0.00842862483 0.0187235251 -0.00617997209
v 0.00829161331 0.018727893 -0.00589890266
v 0.00835776422 0.0187255833 -0.00604825513
v 0.00828141998 0.0193596538 -0.00577137154
v 0.00828389078 0.0187281985 -0.0058791074
v 0.00827645697 0.0187285002 -0.00585944578
v 0.00822740141 0.0193293262 -0.00561711611
v 0.00822626054 0.018730836 -0.00570651982
v 0.00818662532 0.0192983355 -0.00545897149
v 0.00818974804 0.0187330879 -0.00555776246
v 0.00818811171 0.018733209 -0.00554976705
v 0.00815937296 0.0192668922 -0.00529803475
v 0.00816219114 0.0187356174 -0.00538915396
v 0.00814583246 0.0192352161 -0.00513541233
v 0.0081489142 0.0187380631 -0.00522458926
v 0.00815031677 0.0203663204 -0.00504371198
v 0.0081777228 0.0204102565 -0.00520261424
v 0.00817691628 0.0204888545 -0.00518071931
v 0.00815727003 0.0204905253 -0.00506948214
v 0.00814902317 0.0204914361 -0.00500860345
v 0.00813676976 0.0203220621 -0.00488312216
v 0.00813858118 0.0204930604 -0.0048994422
v 0.00813498441 0.0204940233 -0.00483453367
v 0.0082574077 0.0204844493 -0.00547074806
v 0.0082346322 0.020485485 -0.00540297106
v 0.00821879972 0.0204535611 -0.00535871973
v 0.00821845513 0.0204862971 -0.00534963887
v 0.00818923675 0.0204879995 -0.00523735257
v 0.00829387084 0.0204829816 -0.0055662184
v 0.00842155423 0.0204789452 -0.0058257659
v 0.00864773896 0.0204738975 -0.00614283374
v 0.00861735176 0.0204744767 -0.00610694522
v 0.00854336563 0.0204760004 -0.00601199549
v 0.00851382036 0.0204766579 -0.00597065175
v 0.00845067203 0.0204781815 -0.00587439956
v 0.00885525718 0.0204704981 -0.00635012705
v 0.00877119508 0.0204717703 -0.0062732622
v 0.00873142574 0.0204724204 -0.00623371825
v 0.00866049156 0.0204736628 -0.0061574094
v 0.00915376004 0.0204668548 -0.00656370539
v 0.00901766587 0.0204683654 -0.0064765471
v 0.00898797251 0.0204687268 -0.00645538559
v 0.00889022928 0.0204700045 -0.00637965649
v 0.00946262665 0.0204641838 -0.00671002502
v 0.00931970961 0.0204652995 -0.00665045809
v 0.00927630812 0.0204656776 -0.00662968075
v 0.00918163266 0.0204665717 -0.0065796976
v 0.00961048156 0.0204632245 -0.00675831595
v 0.00958848372 0.0204633549 -0.00675194757
v 0.00976345968 0.0204624292 -0.00679502124
v 0.0101077165 0.0204613153 -0.00683154725
v 0.00995570887 0.0204616934 -0.00682309223
v 0.00991584267 0.0204618219 -0.00681888172
v 0.0098048849 0.0204622447 -0.00680273958
v 0.0102609666 0.0204611123 -0.00682796119
v 0.0102493698 0.0204611197 -0.00682865875
v 0.010415555 0.020461088 -0.00681195362
v 0.00827335101 0.0204837825 -0.00551419565
v -0.0110591063 0.0205063745 -0.00617469521
v -0.0110626752 0.0205063857 -0.0061744093
v -0.011044167 0.0196158886 -0.00634421501
v -0.00975797046 0.0187549554 -0.00611032266
v -0.00975416694 0.018754987 -0.00610765582
v -0.00976919755 0.0195673928 -0.00600196142
v -0.0088996999 0.0187791586 -0.00436942233
v -0.00890220515 0.0192951262 -0.004293954
v -0.00889944099 0.018776821 -0.00452813646
v -0.00890252646 0.01932206 -0.0044600172
v -0.00894547254 0.0193752106 -0.00478916848
v -0.00891617779 0.0187739693 -0.00472368207
v -0.00891698059 0.0193488169 -0.00462548016
v -0.00890111458 0.0187762901 -0.00456437841
v -0.00889985915 0.0187766664 -0.00453860639
v -0.00903697684 0.0187672768 -0.00519175548
v -0.00898384023 0.0187694617 -0.00503742229
v -0.00898779742 0.019401053 -0.00494992873
v -0.00894370209 0.0187716931 -0.00488137407
v -0.00894204434 0.018771803 -0.00487361243
v -0.00904365815 0.0194261614 -0.00510661816
v -0.0090388013 0.0187672116 -0.0051964093
v -0.00905000977 0.0187668186 -0.00522433687
v -0.00911265519 0.0194503572 -0.0052581327
v -0.00910680927 0.0187650584 -0.00535041699
v -0.00911601912 0.0187648013 -0.00536888232
v -0.00919430424 0.0194734689 -0.00540339854
v -0.0091931615 0.0187628847 -0.00550779328
v -0.00928802416 0.0194953345 -0.00554138701
v -0.00927968603 0.0187611058 -0.00563838938
v -0.00928157102 0.0187610704 -0.00564100454
v -0.00939315651 0.0195157994 -0.00567112165
v -0.00938158948 0.0187593624 -0.00576833589
v -0.00940547325 0.0187589973 -0.00579583598
v -0.0095089525 0.0195347182 -0.00579168694
v -0.00949749071 0.0187577177 -0.00589311821
v -0.00951434579 0.0187575035 -0.00590959331
v -0.00963459723 0.0195519552 -0.00590222841
v -0.00963180792 0.0187561568 -0.00601445371
v -0.00991180539 0.0195809174 -0.00609018328
v -0.0098931063 0.0187539048 -0.00619692216
v -0.00992769003 0.018753672 -0.00621670904
v -0.0100614065 0.0195924342 -0.00616627047
v -0.010042605 0.0187529884 -0.00627612462
v -0.0100669367 0.0187528618 -0.00628751982
v -0.0102169486 0.0196018647 -0.0062296805
v -0.0102113839 0.0187522247 -0.0063472162
v -0.0103773233 0.0196091384 -0.00627996959
v -0.0103548598 0.0187517758 -0.00639390526
v -0.0103610968 0.0187517609 -0.00639566453
v -0.0105414055 0.0196142066 -0.00631677872
v -0.0105162608 0.0187514778 -0.00643251417
v -0.0105574196 0.018751435 -0.00644010678
v -0.0107080266 0.0196170304 -0.00633984851
v -0.0106823398 0.0187513847 -0.00645772042
v -0.0107116401 0.0187513903 -0.00646068715
v -0.0108760074 0.0196175929 -0.00634901505
v -0.0108671654 0.0187515263 -0.00646911468
v -0.0110160187 0.0187518243 -0.00646573771
v -0.0110240364 0.0187518448 -0.00646523898
v -0.0112113049 0.0196119305 -0.00632548053
v -0.0111823017 0.0187523533 -0.00644865492
v -0.0111059174 0.0205065161 -0.00617041206
v -0.0112303942 0.0205069743 -0.00615344429
v -0.0109063992 0.0205060299 -0.00618079957
v -0.0108938841 0.0205060095 -0.00618076744
v -0.0107535152 0.0205058604 -0.00617489824
v -0.0106004011 0.0205058716 -0.00615683291
v -0.0105578844 0.0205059052 -0.00614961749
v -0.0104470206 0.0205060653 -0.00612619705
v -0.0103904046 0.0205061864 -0.00611160835
v -0.0102441823 0.0205066223 -0.00606535189
v -0.0102319429 0.020506667 -0.00606090063
v -0.0101015726 0.0205072351 -0.00600759778
v -0.00996259786 0.0205080248 -0.00593814952
v -0.00992527325 0.0205082726 -0.00591709046
v -0.00982736703 0.0205090009 -0.0058565787
v -0.00964663364 0.0205106772 -0.00572222564
v -0.00964864623 0.0205106549 -0.00572390296
v -0.00977251679 0.0205094609 -0.00581910508
v -0.00953203719 0.020512009 -0.00561879203
v -0.00942280237 0.0205135234 -0.00550358137
v -0.00940386392 0.0205138139 -0.00548165152
v -0.00932122581 0.0205152035 -0.0053778924
v -0.0092846062 0.0205158908 -0.00532709947
v -0.00920395367 0.020517597 -0.0052021211
v -0.00919780601 0.0205177385 -0.00519172242
v -0.0091214506 0.0205197111 -0.00504921423
v -0.00905573554 0.0205218066 -0.0048994543
v -0.00905258022 0.0205219202 -0.00489137834
v -0.00903879385 0.0205224343 -0.00485483324
v -0.0090010725 0.0205240306 -0.00474220002
v -0.0089962557 0.0204939526 -0.00473436108
v -0.00898896623 0.0205246191 -0.00470082089
v -0.00895348564 0.0204559732 -0.00457543554
v -0.00895410031 0.0205266625 -0.0045581162
v -0.00891117938 0.0205317531 -0.00420759106
v -0.00892434269 0.0205293074 -0.00437521515
v -0.00892465189 0.0204171687 -0.00441359309
v -0.00892564375 0.020529151 -0.00438597053
v -0.00895034242 0.0205269288 -0.00453962013
v -0.00890996493 0.0203778166 -0.00424999278
v -0.00890952535 0.0203381963 -0.00408579875
v -0.00891130511 0.0205342695 -0.00403670548
v -0.00555409305 0.0167521853 -0.00054466218
v 0.00443768781 0.016741449 -0.00013949805
v -0.00555423927 0.0167093258 -0.000542188296
v 0.00443754159 0.0166985877 -0.000137024137
v -0.00555453403 0.0166668352 -0.000536051171
v 0.00443724683 0.016656097 -0.000130887027
v -0.00555497454 0.0166250281 -0.00052629452
v 0.00443680631 0.0166142918 -0.000121130412
v -0.00555555802 0.0165842138 -0.000512989995
v 0.00443622284 0.0165734775 -0.000107825843
v -0.00555627979 0.0165446922 -0.000496234919
v 0.00443550106 0.0165339559 -9.10708113e-05
v -0.00555713475 0.0165067557 -0.000476154732
v 0.00443464611 0.0164960176 -7.09905944e-05
v -0.00555811683 0.0164706819 -0.000452898646
v 0.00443366449 0.0164599456 -4.7734502e-05
v -0.00555921812 0.0164367389 -0.000426634389
v 0.00443256274 0.0164260026 -2.14702413e-05
v -0.00556043116 0.0164051764 -0.000397557364
v 0.00443134969 0.0163944382 7.60678358e-06
v -0.00556174666 0.0163762253 -0.000365881308
v 0.0044300342 0.016365489 3.92828188e-05
v -0.00556315482 0.0163501017 -0.000331842079
v 0.00442862604 0.0163393654 7.33220513e-05
v -0.00556464586 0.0163269974 -0.000295688165
v 0.00442713499 0.0163162593 0.000109475965
v -0.00556620816 0.0163070802 -0.000257686421
v 0.0044255727 0.0162963439 0.000147477724
v -0.00556783052 0.0162905008 -0.000218118163
v 0.00442395033 0.0162797645 0.000187045982
v -0.00556950085 0.0162773803 -0.000177275579
v 0.00442228001 0.0162666421 0.000227888566
v -0.00557120657 0.0162678137 -0.0001354579
v 0.00442057429 0.0162570756 0.000269706245
v -0.00557293603 0.0162618719 -9.29732851e-05
v 0.00441884482 0.0162511356 0.000312190852
v 0.00436982885 -0.0238491353 0.000458277762
v -0.005621952 -0.023838399 5.31136284e-05
v 0.00436982606 -0.0238062199 0.000459488452
v -0.0056219548 -0.0237954836 5.43243186e-05
v 0.00436967378 -0.0237635672 0.000464371667
v -0.00562210707 -0.0237528291 5.92075339e-05
v 0.00436937343 -0.0237214938 0.000472892978
v -0.00562240742 -0.0237107556 6.77288554e-05
v 0.00436892733 -0.0236803014 0.000484989869
v -0.00562285352 -0.0236695651 7.98257315e-05
v 0.00436833827 -0.0236403029 0.000500573835
v -0.00562344259 -0.0236295667 9.54096759e-05
v 0.00436761137 -0.0236017853 0.000519528112
v -0.00562416995 -0.023591049 0.000114363946
v 0.00436675129 -0.0235650428 0.000541711808
v -0.00562502956 -0.0235543065 0.000136547678
v 0.00436576456 -0.0235303361 0.000566965085
v -0.0056260163 -0.0235195998 0.000161800941
v 0.00436465815 -0.0234979242 0.000595099933
v -0.00562712271 -0.0234871879 0.000189935803
v 0.00436344091 -0.0234680511 0.000625909655
v -0.00562833995 -0.023457313 0.00022074554
v 0.00436212169 -0.023440931 0.000659164798
v -0.00562965916 -0.0234301928 0.000254000654
v 0.00436070981 -0.0234167669 0.000694622577
v -0.00563107105 -0.0234060287 0.000289458432
v 0.00435921596 -0.0233957376 0.000732021348
v -0.00563256489 -0.0233849995 0.000326857204
v 0.00435765088 -0.0233779922 0.000771084044
v -0.00563412998 -0.0233672541 0.000365919928
v 0.00435602665 -0.0233636685 0.000811522477
v -0.00563575421 -0.0233529303 0.000406358333
v 0.00435435493 -0.0233528707 0.000853040256
v -0.00563742593 -0.0233421344 0.00044787614
v 0.00435264781 -0.0233456735 0.000895331381
v -0.00563913304 -0.0233349353 0.000490167236
v 0.015143998 -0.0202285126 0.00634654798
v 0.0151429884 -0.0208324548 0.00635544211
v 0.0151894931 -0.0193760842 0.00524718687
v 0.0156048099 -0.0210010186 -0.00503802719
v 0.0152319763 -0.0184328929 0.00422450248
v 0.0152711375 -0.0174058117 0.00328595028
v 0.0156168453 -0.0200380646 -0.00530933496
v 0.0156216305 -0.019582836 -0.00541526964
v 0.0156279542 -0.0188727994 -0.00555237988
v 0.0156307686 -0.018488409 -0.00561163761
v 0.0152950175 -0.0166858435 0.00271612522
v 0.0156375133 -0.0172347203 -0.00574473338
v 0.0156396553 -0.0168116353 -0.00578632578
v -0.0168307144 -0.0207980946 0.00505891675
v -0.0168297049 -0.0201941542 0.00505002262
v -0.016456306 -0.0209347531 -0.00417802157
v -0.0167842098 -0.0193417259 0.00395066151
v -0.0166786853 -0.0166514833 0.00141959975
v -0.0164236743 -0.0167445615 -0.00487173581
v -0.0164245367 -0.0169685297 -0.00485638902
v -0.0167025663 -0.0173714515 0.00198942493
v -0.0164327398 -0.0185536891 -0.0046960758
v -0.0164377112 -0.0191892628 -0.0045903367
v -0.0164284725 -0.0178739391 -0.00478330674
v -0.0167417265 -0.0183985326 0.00292797713
v -0.0164450593 -0.0199665483 -0.00442971988
v 0.0152384099 -0.0216503255 0.000866292336
v 0.015239642 -0.020913614 0.000855442835
v 0.0101699913 -0.0209081657 0.000649869849
v 0.0101720393 -0.0196833033 0.000631831295
v 0.00817368273 -0.0196811557 0.000550798432
v 0.0081689423 -0.0225164518 0.000592553755
v 0.0143736377 -0.02252312 0.000844152586
v 0.0152382385 -0.0216663387 0.000866522256
v 0.0151913902 -0.0219331831 0.000868571282
v 0.0152073419 -0.0218809173 0.000868444622
v 0.0152201317 -0.0218273569 0.00086817058
v 0.0152296145 -0.0217728913 0.000867749157
v 0.0152356839 -0.0217179433 0.000867182214
v 0.0144288084 -0.0225213803 0.00084636308
v 0.0147835556 -0.0224188287 0.000859225169
v 0.0144812511 -0.0225163866 0.0008484149
v 0.0145336594 -0.0225081015 0.000850416662
v 0.015031673 -0.0222161859 0.000866284245
v 0.0150651839 -0.0221737791 0.000867015216
v 0.0150964148 -0.0221288204 0.00086761592
v 0.0151249496 -0.0220817644 0.0008680764
v 0.0148296002 -0.0223918539 0.000860692409
v 0.0148744108 -0.0223617405 0.000862063258
v 0.0149174687 -0.0223287512 0.000863320485
v 0.0151504315 -0.022033127 0.000868389674
v 0.0151725989 -0.0219834633 0.00086855347
v 0.014585712 -0.0224965326 0.000852355384
v 0.0146370772 -0.0224817153 0.000854218204
v 0.0147364633 -0.0224426538 0.000857668812
v 0.0146874208 -0.0224637259 0.000855992665
v 0.014958309 -0.0222932044 0.000864450005
v 0.0149961188 -0.0222558994 0.000865430629
v 0.00805219356 -0.0196368117 0.00354801002
v 0.00804741029 -0.0224982891 0.00359015097
v 0.0100754118 -0.0174002275 0.00307526486
v 0.0100992918 -0.0166802593 0.0025054398
v 0.0101770125 -0.0167086273 0.000588023395
v 0.0099472627 -0.0208268706 0.00614475692
v 0.00994827226 -0.0202229302 0.00613586279
v 0.010467764 -0.0197912417 -0.00666392129
v 0.0104789492 -0.0182765722 -0.00689960737
v 0.0101749646 -0.0179334916 0.000606061891
v 0.0104802465 -0.0180449188 -0.00692547206
v 0.0100362506 -0.0184273086 0.00401381729
v 0.00999376737 -0.0193705019 0.00503650168
v 0.0156006385 -0.021000959 -0.0050345487
v 0.0155329276 -0.0209998284 -0.00496546226
v 0.0155436508 -0.0210000351 -0.00497826375
v 0.0155530879 -0.0210002065 -0.00498886919
v 0.0154671585 -0.0209981855 -0.00486133108
v 0.0154803609 -0.020998586 -0.00488707796
v 0.0154865682 -0.0209987592 -0.00489810109
v 0.0155019397 -0.0209991522 -0.00492302561
v 0.0155085064 -0.0209993068 -0.00493280031
v 0.015526236 -0.0209996942 -0.00495703099
v 0.0154337455 -0.0209968109 -0.00477182493
v 0.0154145118 -0.0209949054 -0.00464454992
v 0.0154240821 -0.020996185 -0.004730443
v 0.0154176345 -0.0209955499 -0.00468802126
v 0.0154465651 -0.0209974274 -0.0048121633
v 0.0154503966 -0.0209975839 -0.00482242741
v 0.0154616395 -0.0209980011 -0.00484942598
v 0.015571164 -0.0210005138 -0.00500764605
v 0.0155823231 -0.0210006908 -0.00501833297
v -0.0156365931 -0.0224907324 -0.000372756593
v -0.0156212877 -0.022490887 -0.000372133916
v -0.0164831374 -0.0216162372 -0.000420008262
v -0.0094118556 -0.0196622573 -0.000162290569
v -0.0114102121 -0.0196601097 -0.000243323433
v -0.00941659603 -0.0224975552 -0.000120535267
v -0.0114122601 -0.0208849739 -0.000225284908
v -0.0164819062 -0.0208795257 -0.000430857763
v -0.0156865269 -0.0224883035 -0.000374816533
v -0.016481379 -0.0216731802 -0.000419094518
v -0.0164762735 -0.0217273347 -0.000418086362
v -0.0163765233 -0.022038132 -0.000409444969
v -0.0158950333 -0.0224454477 -0.000383902196
v -0.0158441626 -0.0224609636 -0.000381610589
v -0.0161727853 -0.0222884361 -0.000397483469
v -0.0163491629 -0.0220849458 -0.000407643267
v -0.0164677668 -0.0217815004 -0.000416940136
v -0.0164558776 -0.021835275 -0.000415662682
v -0.0164406616 -0.0218882468 -0.000414262147
v -0.0162853934 -0.0221739523 -0.000403741607
v -0.0162496381 -0.0222151075 -0.000401683501
v -0.0162123162 -0.0222529918 -0.000399610173
v -0.0157922357 -0.0224733427 -0.000379322679
v -0.0157395806 -0.0224824753 -0.000377053249
v -0.0164222326 -0.0219400022 -0.000412749505
v -0.0164007284 -0.0219901782 -0.000411135494
v -0.0163186938 -0.0221303962 -0.000405735831
v -0.0161308236 -0.0223216247 -0.000395291601
v -0.0160865206 -0.0223524179 -0.000393040275
v -0.0160403084 -0.0223804526 -0.000390752306
v -0.0159926675 -0.0224054232 -0.000388451823
v -0.0159441289 -0.0224270951 -0.000386163738
v -0.00953334384 -0.0196179152 0.002834921
v -0.00953812804 -0.0224793907 0.00287706172
v -0.0111759407 -0.018901661 -0.00600062497
v -0.0111717982 -0.0179962516 -0.00607877364
v -0.0114072869 -0.017910298 -0.000269092823
v -0.0116349887 -0.0208036788 0.00526960194
v -0.0115460018 -0.0184041169 0.00313866232
v -0.011588485 -0.0193473082 0.0041613467
v -0.0114052398 -0.0166854355 -0.000287131348
v -0.0114829596 -0.0166570675 0.00163028517
v -0.0115068397 -0.0173770357 0.00220011012
v -0.0111814905 -0.0197435934 -0.00588605646
v -0.0116339792 -0.0201997366 0.00526070781
v -0.0164416879 -0.0209345371 -0.00416172482
v -0.0164331831 -0.0209344011 -0.00415155152
v -0.016318867 -0.0209305435 -0.00387663813
v -0.0163159054 -0.020929927 -0.00383436424
v -0.0163163058 -0.0209292918 -0.00379133597
v -0.0164167527 -0.0209341161 -0.00413026987
v -0.0164077319 -0.0209339429 -0.00411752332
v -0.016407676 -0.0209339429 -0.0041174409
v -0.0163861345 -0.0209334735 -0.00408320222
v -0.0163850002 -0.0209334474 -0.00408121757
v -0.0163671821 -0.0209329743 -0.00404708926
v -0.0163653214 -0.0209329184 -0.00404314417
v -0.0163509194 -0.0209324416 -0.00400915788
v -0.0163487792 -0.0209323633 -0.0040034866
v -0.0163374562 -0.0209318791 -0.00396935456
v -0.0163354892 -0.0209317822 -0.00396252377
v -0.0163344946 -0.02093173 -0.00395892328
v -0.0163255353 -0.0209311806 -0.00392052904
v -0.0163250808 -0.0209311452 -0.00391815836
v 0.0156239141 -0.016811423 -0.00577372592
v 0.0152466623 -0.0167140756 0.00079359638
v 0.0156196291 -0.0168113615 -0.00577011192
v 0.0155925751 -0.0168109518 -0.0057452647
v 0.0155907338 -0.0168109201 -0.00574343419
v 0.0155144101 -0.0168093499 -0.00564546091
v 0.0155331856 -0.0168098118 -0.00567460665
v 0.015537628 -0.0168099105 -0.00568090053
v 0.0154637042 -0.0168075524 -0.00552917132
v 0.0154616432 -0.0168074425 -0.00552192423
v 0.0155638531 -0.0168104488 -0.00571437459
v 0.0155568747 -0.0168103129 -0.00570602529
v 0.0155120008 -0.0168092865 -0.00564137381
v 0.0154942572 -0.0168087687 -0.00560817821
v 0.0154933501 -0.0168087389 -0.00560630253
v 0.015453524 -0.0168069303 -0.00548800826
v 0.0154526196 -0.0168068614 -0.00548345968
v 0.0154468417 -0.0168063026 -0.00544613134
v 0.0154466098 -0.0168062728 -0.00544410525
v 0.0154437106 -0.0168056749 -0.00540383765
v 0.015477322 -0.0168081671 -0.005569336
v 0.0154736396 -0.0168080162 -0.00555951102
v 0.00816025771 -0.0147988135 0.00101124297
v 0.0152329104 -0.014806414 0.00129803724
v 0.00815215893 -0.0147958575 0.00121105672
v 0.0152265569 -0.0148034599 0.00149792177
v 0.00817660801 -0.017931344 0.000525029027
v 0.0081795333 -0.0161815379 0.000499259739
v 0.00812468771 -0.01616152 0.00185232435
v 0.00814777985 -0.0153102838 0.00130541099
v 0.00814429857 -0.0151227843 0.00139623869
v 0.00805916917 -0.0178884789 0.00342232082
v 0.00807705522 -0.0173980817 0.00299423211
v 0.00811261032 -0.0162946079 0.00214665662
v 0.0152475396 -0.0161891337 0.000785865588
v -0.0164026637 -0.0167442691 -0.00484937942
v -0.0164748859 -0.0166799873 -0.000492704217
v -0.0163515136 -0.0167433377 -0.00478035305
v -0.0163659044 -0.0167436376 -0.00480241515
v -0.0163720474 -0.016743755 -0.00481110811
v -0.0163963679 -0.0167441722 -0.00484211557
v -0.0162879862 -0.0167411007 -0.00462132273
v -0.0162949357 -0.0167415123 -0.00464999303
v -0.0162777603 -0.0167392287 -0.00449298369
v -0.0162773896 -0.0167398211 -0.00453320052
v -0.0162774846 -0.016739862 -0.00453600427
v -0.0162801854 -0.0167403985 -0.00457276497
v -0.016286049 -0.0167409629 -0.00461169332
v -0.0163129047 -0.0167422704 -0.00470357994
v -0.0163264759 -0.0167427044 -0.00473449053
v -0.0163448714 -0.016743185 -0.00476925028
v -0.0162978079 -0.0167416558 -0.00466007227
v -0.0163107626 -0.0167421941 -0.0046981154
v -0.00942527968 -0.014779916 0.000298153929
v -0.0094333794 -0.01477696 0.000497967645
v -0.0164979286 -0.0147723155 1.1359858e-05
v -0.0165077765 -0.0147693576 0.000211102655
v -0.00952636823 -0.0178695824 0.00270923181
v -0.00950848311 -0.0173791833 0.0022811431
v -0.00940893032 -0.0179124456 -0.000188059974
v -0.00947292801 -0.0162757095 0.00143356761
v -0.00940600503 -0.0161626395 -0.000213829291
v -0.00946084969 -0.0161426216 0.00113923533
v -0.00943775754 -0.0152913863 0.000592322031
v -0.00944123976 -0.0151038868 0.000683149672
v -0.0164740086 -0.0161550455 -0.00050043501
v -0.00079411437 0.00894266181 0.00526893558
v -0.000773866312 0.00893527083 0.00476940116
v -0.00066347688 0.00894822925 0.00527414819
v -0.000643228821 0.00894083828 0.00477461424
v -0.000533817976 0.00896516815 0.00527915359
v -0.000513569918 0.00895777717 0.00477961916
v -0.0004061168 0.0089933509 0.00528391264
v -0.000385868741 0.00898595992 0.00478437822
v -0.000281352608 0.00903256238 0.00528838951
v -0.000261104578 0.0090251714 0.00478885556
v -0.000160471391 0.00908250362 0.00529255066
v -0.000140223347 0.00907511357 0.00479301624
v -4.43931749e-05 0.00914279651 0.0052963635
v -2.41451307e-05 0.00913540553 0.00479682954
v 6.59991201e-05 0.00921298005 0.00529980008
v 8.62471643e-05 0.00920559 0.00480026565
v 0.000169863357 0.00929252151 0.00530283339
v 0.000190111416 0.00928513054 0.00480329897
v 0.000266409421 0.00938081462 0.00530544017
v 0.00028665748 0.00937342364 0.00480590574
v 0.000354902935 0.00947718788 0.0053076013
v 0.000375150965 0.00946979783 0.00480806734
v 0.000434672605 0.00958090741 0.0053093005
v 0.000454920664 0.00957351644 0.00480976608
v 0.000505110482 0.00969118439 0.00531052379
v 0.000525358482 0.00968379434 0.00481098937
v 0.000565679045 0.00980717968 0.00531126279
v 0.000585927104 0.00979978964 0.00481172837
v 0.000615915342 0.00992800947 0.00531151146
v 0.0006361634 0.00992061943 0.00481197704
v 0.000655441894 0.0100527555 0.00531126792
v 0.000675689895 0.0100453645 0.00481173396
v 0.000683955557 0.0101804677 0.0053105345
v 0.000704203558 0.0101730768 0.00481100008
v 0.000701238809 0.010310173 0.00530931586
v 0.000721486867 0.010302783 0.00480978144
v 0.000707159808 0.010440886 0.00530762225
v 0.000727407867 0.010433496 0.00480808783
v 0.00070167589 0.010571612 0.00530546578
v 0.000721923949 0.0105642211 0.00480593136
v 0.000684826344 0.0107013546 0.0053028632
v 0.000705074403 0.0106939636 0.00480332877
v 0.000656739809 0.0108291274 0.00529983453
v 0.000676987867 0.0108217364 0.00480030011
v 0.000617630489 0.0109539572 0.00529640261
v 0.000637878547 0.0109465672 0.00479686819
v 0.000567798386 0.011074895 0.0052925935
v 0.000588046445 0.011067505 0.00479305908
v 0.000507617835 0.0111910198 0.00528843608
v 0.000527865894 0.0111836288 0.00478890166
v 0.000437548995 0.0113014476 0.005283962
v 0.000457797054 0.0112940576 0.00478442758
v 0.000358126388 0.0114053385 0.00527920574
v 0.000378374418 0.0113979485 0.00477967132
v 0.000269955432 0.0115019018 0.00527420314
v 0.00029020349 0.0114945117 0.00477466872
v 0.000173704932 0.0115904026 0.00526899239
v 0.000193952976 0.0115830116 0.00476945797
v 7.01070021e-05 0.0116701666 0.00526361307
v 9.03550535e-05 0.0116627757 0.00476407865
v -4.00502286e-05 0.0117405867 0.00525810616
v -1.98021826e-05 0.0117331967 0.00475857174
v -0.000155926449 0.0118011283 0.00525251357
v -0.000135678391 0.0117937382 0.00475297915
v -0.000276640232 0.0118513303 0.00524687767
v -0.000256392203 0.0118439402 0.00474734325
v -0.000401272875 0.01189081 0.00524124177
v -0.000381024816 0.011883419 0.00474170735
v -0.000528879347 0.0119192665 0.00523564825
v -0.000508631347 0.0119118765 0.00473611429
v -0.000658481149 0.0119364848 0.00523014041
v -0.000638233148 0.0119290939 0.00473060599
v -0.000789099548 0.0119423326 0.00522475969
v -0.000768851489 0.0119349416 0.00472522527
v -0.000919733255 0.0119367652 0.00521954661
v -0.000899485254 0.0119293751 0.00472001266
v -0.00104939588 0.0119198263 0.00521454168
v -0.00102914788 0.0119124353 0.00471500726
v -0.00117709336 0.0118916435 0.00520978263
v -0.00115684536 0.0118842535 0.00471024821
v -0.00130185753 0.011852432 0.00520530529
v -0.00128160953 0.011845042 0.00470577134
v -0.00142273877 0.0118024899 0.00520114461
v -0.00140249077 0.0117950998 0.00470161019
v -0.00153881696 0.0117421979 0.00519733131
v -0.00151856896 0.0117348069 0.00469779735
v -0.0016492093 0.0116720144 0.00519389519
v -0.00162896118 0.0116646234 0.00469436077
v -0.00175307353 0.0115924729 0.00519086188
v -0.00173282553 0.0115850819 0.00469132746
v -0.00184962328 0.0115041798 0.00518825464
v -0.00182937528 0.0114967888 0.00468872022
v -0.00193811685 0.0114078065 0.00518609351
v -0.00191786874 0.0114004156 0.00468655908
v -0.00201788661 0.0113040861 0.00518439477
v -0.00199763849 0.011296696 0.00468486035
v -0.0020883244 0.0111938091 0.00518317102
v -0.00206807628 0.0111864191 0.00468363659
v -0.00214889296 0.0110778147 0.00518243201
v -0.00212864485 0.0110704238 0.00468289759
v -0.0021991292 0.010956984 0.00518218335
v -0.00217888108 0.010949594 0.00468264939
v -0.0022386557 0.0108322389 0.00518242689
v -0.00221840781 0.010824848 0.00468289247
v -0.00226716953 0.0107045267 0.00518316077
v -0.00224692142 0.0106971357 0.00468362635
v -0.00228445278 0.0105748205 0.00518437894
v -0.00226420467 0.0105674304 0.00468484452
v -0.00229037367 0.0104441075 0.00518607302
v -0.00227012555 0.0104367165 0.0046865386
v -0.00228488981 0.0103133824 0.00518822903
v -0.00226464169 0.0103059914 0.00468869507
v -0.00226804032 0.0101836398 0.00519083161
v -0.0022477922 0.0101762488 0.00469129719
v -0.00223995373 0.010055867 0.00519386074
v -0.00221970561 0.010048476 0.00469432632
v -0.00220084446 0.00993103627 0.00519729266
v -0.00218059635 0.00992364623 0.00469775824
v -0.00215101219 0.00981009938 0.00520110177
v -0.0021307643 0.0098027084 0.00470156735
v -0.00209083175 0.00969397463 0.00520525919
v -0.00207058364 0.00968658365 0.00470572477
v -0.00202076277 0.00958354585 0.00520973327
v -0.00200051488 0.0095761558 0.00471019885
v -0.00194134028 0.00947965588 0.00521448953
v -0.00192109228 0.00947226491 0.00471495511
v -0.00185316929 0.0093830917 0.00521949213
v -0.00183292129 0.00937570166 0.00471995771
v -0.00175691512 0.00929459184 0.00522470288
v -0.00173666701 0.0092872018 0.00472516846
v -0.00165331713 0.00921482779 0.0052300822
v -0.00163306913 0.00920743681 0.00473054778
v -0.00154315995 0.00914440677 0.00523558911
v -0.00152291195 0.00913701579 0.00473605469
v -0.00142728374 0.00908386521 0.0052411817
v -0.00140703563 0.00907647517 0.00474164728
v -0.0013065699 0.00903366413 0.0052468176
v -0.0012863219 0.00902627315 0.00474728318
v -0.00118193729 0.00899418443 0.0052524535
v -0.00116168929 0.00898679439 0.00475291908
v -0.00105433457 0.00896572787 0.00525804656
v -0.00103408645 0.0089583369 0.00475851214
v -0.000924728985 0.00894850958 0.00526355486
v -0.000904480927 0.00894111954 0.00476402044
v -0.000979535864 0.00966267288 0.00475030299
v -0.00104600587 0.00968372915 0.00474729715
v -0.00111038552 0.00971050281 0.00474429131
v -0.00117218762 0.00974279176 0.00474130874
v -0.00123093615 0.00978034921 0.00473837182
v -0.00128618872 0.00982289016 0.00473550288
v -0.00133752497 0.00987009052 0.00473272335
v -0.00138455129 0.0099215908 0.00473005557
v -0.00142690702 0.00997699983 0.00472751865
v -0.00146427657 0.0100358948 0.0047251326
v -0.00149637403 0.0100978278 0.00472291559
v -0.00152295094 0.0101623274 0.00472088391
v -0.00154381071 0.010228904 0.0047190534
v -0.00155879045 0.0102970488 0.00471743802
v -0.00156777562 0.0103662452 0.00471605035
v -0.0015707002 0.0104359649 0.00471490016
v -0.00156754255 0.0105056791 0.00471399678
v -0.00155832607 0.0105748558 0.00471334672
v -0.0015431185 0.010642969 0.00471295556
v -0.00152203615 0.0107094999 0.00471282564
v -0.00149524375 0.0107739428 0.00471295835
v -0.00146293931 0.0108358068 0.0047133523
v -0.0014253729 0.0108946208 0.00471400516
v -0.00138283207 0.0109499376 0.00471491087
v -0.0013356338 0.0110013373 0.00471606385
v -0.00128413981 0.0110484269 0.00471745431
v -0.00122874533 0.0110908486 0.00471907202
v -0.00116987142 0.0111282803 0.0047209044
v -0.00110796152 0.0111604361 0.00472293841
v -0.00104349258 0.0111870719 0.00472515728
v -0.000976952375 0.0112079848 0.00472754519
v -0.000908843882 0.0112230154 0.00473008351
v -0.000839691958 0.0112320501 0.00473275268
v -0.000770021637 0.0112350192 0.00473553268
v -0.000700357719 0.0112319002 0.00473840302
v -0.000631236297 0.0112227174 0.00474134041
v -0.000563181937 0.0112075405 0.00474432344
v -0.000496711989 0.0111864842 0.00474732928
v -0.000432328554 0.0111597106 0.00475033512
v -0.00037053015 0.0111274216 0.00475331768
v -0.000311777869 0.0110898633 0.00475625461
v -0.000256525411 0.0110473223 0.00475912401
v -0.000205192788 0.0110001229 0.00476190262
v -0.000158166542 0.0109486217 0.00476457085
v -0.000115807081 0.0108932136 0.00476710778
v -7.84375079e-05 0.0108343186 0.00476949383
v -4.634371e-05 0.0107723856 0.00477171084
v -1.97631089e-05 0.010707886 0.00477374252
v 1.0929449e-06 0.0106413094 0.00477557303
v 1.60726868e-05 0.0105731636 0.00477718841
v 2.50578723e-05 0.0105039682 0.00477857608
v 2.79861033e-05 0.0104342476 0.00477972627
v 2.48247688e-05 0.0103645343 0.00478062965
v 1.56082533e-05 0.0102953576 0.00478127971
v 4.00717568e-07 0.0102272443 0.00478167087
v -2.06778641e-05 0.0101607135 0.00478180079
v -4.747403e-05 0.0100962706 0.00478166807
v -7.97747925e-05 0.0100344066 0.00478127412
v -0.000117341144 0.00997559261 0.00478062127
v -0.00015988572 0.00992027484 0.00477971556
v -0.000207083998 0.00986887608 0.00477856258
v -0.000258574233 0.00982178561 0.00477717211
v -0.000313968747 0.00977936387 0.00477555441
v -0.000372846378 0.00974193309 0.00477372156
v -0.000434752525 0.00970977731 0.00477168802
v -0.000499225222 0.00968314148 0.00476946915
v -0.000565765367 0.00966222864 0.00476708123
v -0.000633870193 0.00964719802 0.00476454291
v -0.000703022117 0.00963816326 0.00476187374
v -0.000772696163 0.0096351942 0.00475909328
v -0.000842356356 0.0096383132 0.00475622388
v -0.000911477779 0.00964749604 0.00475328602
v -0.00131579372 0.0100758299 -0.000274092803
v -0.00129554572 0.0100684399 -0.000773627136
v -0.0012736452 0.0100165326 -0.000771971478
v 0.000177080758 0.0100742262 -0.000213557127
v 0.00018180297 0.0100868084 -0.000213551873
v 0.000202881565 0.0101533392 -0.000213681793
v 0.000218089088 0.0102214525 -0.000214073079
v 0.000227305616 0.0102906292 -0.000214722953
v 0.000230466947 0.0103603425 -0.000215626205
v 0.000227538709 0.0104300631 -0.000216776389
v 0.000218553527 0.0104992595 -0.000218164336
v 0.000203573785 0.0105674043 -0.0002197797
v 0.000182717733 0.0106339809 -0.000221610055
v 0.000156137132 0.0106984805 -0.000223641735
v 0.000124043334 0.0107604135 -0.000225858908
v 8.6673761e-05 0.0108193085 -0.000228244971
v 4.43142926e-05 0.0108747175 -0.000230781705
v -2.71194949e-06 0.0109262178 -0.000233449799
v -5.40445617e-05 0.0109734181 -0.000236228821
v -0.000109297034 0.0110159591 -0.000239097804
v -0.000168049301 0.0110535165 -0.000242034905
v -0.000229847705 0.0110858055 -0.000245017553
v -0.00029423114 0.0111125791 -0.000248023367
v -0.000360701117 0.0111336354 -0.000251029152
v -0.000428755448 0.0111488122 -0.000254012208
v -0.000497876899 0.0111579951 -0.000256949832
v -0.000567540759 0.0111611141 -0.000259819702
v -0.00063721108 0.011158145 -0.000262599788
v -0.000706363004 0.0111491103 -0.000265269133
v -0.000774471555 0.0111340797 -0.000267807452
v -0.000841011701 0.0111131668 -0.000270195189
v -0.000905480701 0.011086531 -0.000272414298
v -0.000967390602 0.0110543752 -0.000274447986
v -0.00102626451 0.0110169444 -0.000276280596
v -0.00108165899 0.0109745217 -0.000277898333
v -0.00113315298 0.0109274322 -0.000279288884
v -0.00118035125 0.0108760335 -0.000280441571
v -0.00122289208 0.0108207157 -0.000281347515
v -0.00126045849 0.0107619017 -0.000282000081
v -0.00129276293 0.0107000377 -0.000282394263
v -0.00131955533 0.0106355948 -0.00028252686
v -0.00134063768 0.0105690639 -0.000282397086
v -0.00135584525 0.0105009507 -0.000282005785
v -0.00136506173 0.010431774 -0.000281355926
v -0.00136821938 0.0103620607 -0.000280452514
v -0.0013652948 0.0102923401 -0.000279302476
v -0.00135630963 0.0102231447 -0.000277914543
v -0.00134132989 0.0101549989 -0.000276299164
v -0.00132047012 0.0100884223 -0.00027446865
v -0.00124154764 0.00995459873 -0.000769754173
v -0.00120417809 0.00989570469 -0.000767368067
v -0.00116182235 0.00984029565 -0.000764831493
v -0.00111479615 0.00978879537 -0.000762163429
v -0.00106345979 0.00974159501 -0.000759384246
v -0.00100820733 0.00969905406 -0.000756515248
v -0.000949458743 0.00966149662 -0.000753578264
v -0.000887656643 0.00962920766 -0.000750595529
v -0.000823276932 0.009602434 -0.00074758986
v -0.000756806927 0.00958137773 -0.000744584017
v -0.0006887489 0.0095662009 -0.000741600874
v -0.000619627419 0.00955701806 -0.00073866325
v -0.000549967284 0.00955389906 -0.000735793496
v -0.000480293238 0.00955686811 -0.000733013265
v -0.000411141315 0.00956590287 -0.00073034392
v -0.000343036489 0.00958093349 -0.000727805775
v -0.000276496343 0.00960184634 -0.000725418038
v -0.000212023646 0.00962848216 -0.000723198755
v -0.000150117485 0.00966063701 -0.000721165212
v -9.12398609e-05 0.00969806872 -0.000719332485
v -3.58453508e-05 0.00974049047 -0.00071771472
v 1.5644895e-05 0.00978758 -0.000716324314
v 6.28431662e-05 0.00983897969 -0.000715171627
v 0.000105387742 0.00989429653 -0.000714265509
v 0.000142954101 0.00995311141 -0.000713612942
v 0.000175254856 0.0100149754 -0.000713218935
v 0.000197328802 0.0100668352 -0.00071309146
v -0.00120546133 0.0100676203 -0.000819065666
v -0.00109478075 0.010066634 -0.000873449317
v -0.000986342668 0.0100657027 -0.000924384163
v -0.000881280168 0.0100648534 -0.000970132416
v -0.000829336233 0.0100644631 -0.000990751665
v -0.000778690563 0.0100641083 -0.00100905076
v -0.000740260875 0.0100638624 -0.00102141628
v -0.000702787016 0.0100636454 -0.00103190821
v -0.000670675305 0.0100634806 -0.00103943748
v -0.000641138118 0.0100633493 -0.00104498549
v -0.000613477954 0.0100632468 -0.00104883884
v -0.000587138988 0.0100631677 -0.00105118565
v -0.000561650144 0.0100631109 -0.00105215027
v -0.000536606414 0.0100630745 -0.00105179264
v -0.000511612219 0.0100630578 -0.00105012115
v -0.000486288889 0.0100630596 -0.00104709622
v -0.000460226292 0.010063082 -0.00104262459
v -0.000432968751 0.0100631258 -0.00103654433
v -0.000403977552 0.0100631937 -0.00102862297
v -0.000371278991 0.0100632943 -0.00101806852
v -0.000337906618 0.01006342 -0.00100574212
v -0.000296185841 0.0100636054 -0.000988463871
v -0.000253519684 0.0100638205 -0.00096902973
v -0.000186660007 0.0100641977 -0.000935805321
v -0.000118006537 0.0100646233 -0.000899097184
v -4.82572686e-05 0.0100650843 -0.000859897176
v 8.67504132e-05 0.0100660287 -0.00078043784
v 0.000704161474 0.00821122248 -0.000164629906
v 0.000876997947 0.00832366291 -0.000159287709
v -0.000470007304 0.00786349364 -0.00020707892
v -0.00166792586 0.00811577123 -0.000259367545
v -0.00184910162 0.00821396615 -0.000268164062
v -0.00202156161 0.00832677819 -0.000276823557
v -0.00108469673 0.00791504141 -0.000232757302
v -0.000881460146 0.00788093638 -0.000224014759
v -0.000676099677 0.00786371436 -0.00021543591
v -6.12400763e-05 0.00791394152 -0.000191256389
v 0.000138653675 0.00796426833 -0.000183898504
v 0.000333728356 0.00803091191 -0.000176977337
v -0.00147927273 0.00803286023 -0.000250494049
v -0.00128441781 0.00796579756 -0.000241603688
v -0.00026458627 0.00788027421 -0.000199000686
v 0.000522661838 0.00811341684 -0.000170539774
v -0.00214305008 0.00837112125 0.00272038812
v -0.00197059009 0.00825830922 0.00272904756
v -0.00178941444 0.00816011336 0.00273784413
v -0.0016007612 0.00807720236 0.00274671754
v -0.00140590628 0.00801014062 0.00275560794
v -0.00120618532 0.00795938447 0.00276445434
v -0.00100294861 0.00792527944 0.0027731969
v -0.000797588204 0.00790805742 0.00278177555
v -0.000591495831 0.00790783577 0.00279013254
v -0.000386074797 0.00792461634 0.00279821083
v -0.000182728589 0.00795828458 0.00280595524
v 1.71651754e-05 0.00800861139 0.00281331316
v 0.000212239858 0.00807525404 0.00282023428
v 0.000401173311 0.0081577599 0.00282667181
v 0.000582673005 0.00825556554 0.00283258175
v 0.00075550942 0.00836800598 0.00283792382
v -0.00259141321 0.0118270125 -0.000351706811
v -0.00271290168 0.0118713556 0.00264550466
v -0.00282650418 0.0117000425 0.00264343456
v -0.00270501571 0.0116556995 -0.000353777024
v -0.00292566768 0.0115199778 0.00264207902
v -0.00280417921 0.0114756348 -0.000355132506
v -0.00300971302 0.0113323778 0.00264144782
v -0.00288822455 0.0112880347 -0.00035576371
v -0.00307807955 0.0111385109 0.00264154491
v -0.00295659108 0.0110941678 -0.000355666649
v -0.00313029997 0.0109396884 0.00264236983
v -0.0030088115 0.0108953463 -0.000354841817
v -0.00316602574 0.0107372552 0.00264391652
v -0.00304453727 0.0106929122 -0.000353294978
v -0.00318501261 0.0105325785 0.00264617521
v -0.00306352414 0.0104882354 -0.000351036462
v -0.00318712788 0.010327043 0.0026491303
v -0.00306563941 0.0102827 -0.000348081347
v -0.00317236595 0.0101220375 0.00265276153
v -0.00305087725 0.0100776944 -0.000344450003
v 0.00191216811 0.0100723617 -0.000143199781
v 0.00179067964 0.0101167047 0.00285401172
v 0.00180612714 0.0103216767 0.00285160542
v 0.00192761561 0.0102773337 -0.000145606144
v 0.00180469523 0.0105272159 0.00284850644
v 0.0019261837 0.0104828728 -0.00014870509
v 0.00178639276 0.0107319327 0.00284473598
v 0.00190788135 0.0106875896 -0.000152475681
v 0.00175134779 0.0109344432 0.00284031918
v 0.00187283626 0.0108901002 -0.000156892274
v 0.00169978861 0.0111333765 0.00283528632
v 0.0018212772 0.0110890334 -0.000161925331
v 0.00163207424 0.0113273896 0.00282967114
v 0.00175356271 0.0112830466 -0.00016754042
v 0.00154865277 0.0115151694 0.0028235116
v 0.00167014124 0.0114708263 -0.000173699969
v 0.00145009533 0.0116954474 0.00281684962
v 0.00157158379 0.0116511043 -0.00018036204
v 0.00133706233 0.0118670035 0.00280972966
v 0.0014585508 0.0118226605 -0.000187481826
v 0.0059427754 -0.0197844468 -0.00671621086
v 0.00377593539 -0.0196985789 -0.00668711355
v 0.00248942152 -0.0197775979 -0.00664321939
v -0.00096165482 -0.0194067135 -0.00652535306
v -0.000961920363 -0.0195881035 -0.00652057678
v 0.00109889405 -0.0196167603 -0.00660777232
v -0.000959336874 -0.0180202015 -0.00654577184
v 0.000804430631 -0.018024357 -0.00662768446
v 0.00355467969 -0.0192141607 -0.00672318647
v 0.00249102991 -0.0180282984 -0.00670383126
v 0.00837941468 -0.0180415921 -0.00693812734
v 0.00822261162 -0.018041281 -0.00693473546
v 0.00813872088 -0.018102875 -0.00692967745
v 0.00811673515 -0.018041065 -0.00693218783
v 0.0073222504 -0.0184065849 -0.00689252233
v 0.00615185779 -0.0180367269 -0.00686067808
v 0.00651384005 -0.0185916275 -0.00685709622
v 0.00594183756 -0.0180362482 -0.00685198279
v 0.00898413733 -0.0191087183 -0.00683829281
v 0.00941998418 -0.0196168348 -0.00674855849
v 0.00983725116 -0.0186484139 -0.00687830988
v 0.0103017958 -0.0191474389 -0.00678898022
v 0.00937897246 -0.0181532707 -0.00693809055
v 0.00855612755 -0.018603215 -0.006898758
v 0.00810127705 -0.0194180943 -0.00679958332
v 0.00770579092 -0.0189103857 -0.00686067017
v 0.00722594047 -0.0195947327 -0.00676276209
v 0.00686336635 -0.0190918073 -0.00682439422
v -0.000962100923 -0.0197698884 -0.00651156344
v 0.00833660923 -0.0197887551 -0.00673708972
v 0.00840137061 -0.0197888594 -0.00673680706
v 0.00883464329 -0.0197895113 -0.00673187943
v 0.00962324534 -0.0197904967 -0.00670918589
v 0.0155378273 -0.0162855666 -0.00572929857
v 0.0155466376 -0.0145379072 -0.00590025866
v -0.0163200479 -0.0144698853 -0.00489879679
v -0.0163214635 -0.0148309637 -0.00487345876
v -0.0163269062 -0.0162182581 -0.00477601774
v -0.0128002604 -0.0144931283 -0.00607754244
v -0.0126006277 -0.0145303635 -0.00608665822
v -0.0118450122 -0.0144953784 -0.00612190366
v -0.0155973509 -0.0154265221 -0.00558359455
v -0.0150716295 -0.0150262592 -0.00574531732
v -0.0151904607 -0.0144841904 -0.00574194128
v -0.0150699113 -0.0144848162 -0.00577076664
v -0.0145380571 -0.0146354027 -0.00587619515
v -0.0141248079 -0.0144890472 -0.00595079781
v -0.0130389994 -0.0144925434 -0.00606489135
v -0.0132925967 -0.0144918524 -0.00604679761
v -0.0131420847 -0.0149244927 -0.00605087774
v -0.0120620141 -0.0155103076 -0.00610134471
v -0.011011078 -0.0146478051 -0.0061577009
v -0.0110342661 -0.0144972717 -0.00615837518
v -0.0109771006 -0.014497404 -0.00616091257
v -0.0103119463 -0.0154634723 -0.00617771363
v -0.00946186855 -0.0145009076 -0.00622682273
v -0.00802348088 -0.0145042073 -0.00628759293
v -0.0094661843 -0.0161528867 -0.00620334176
v -0.00797713362 -0.0145043135 -0.00628953101
v -0.00929829944 -0.0162511077 -0.00620881096
v -0.00697269058 -0.0145066092 -0.00633139024
v -0.00833928585 -0.0162532926 -0.0062482045
v -0.00720470911 -0.0162558742 -0.00629482046
v -0.00601878902 -0.0145087903 -0.00637121452
v -0.00616209116 -0.0162582602 -0.00633843988
v -0.00515067345 -0.0145107852 -0.00640809443
v -0.00448824465 -0.0145123145 -0.00643675681
v -0.00515078288 -0.0162605885 -0.00638171332
v -0.00263787247 -0.0145166237 -0.00651928829
v -0.00306115882 -0.0162654445 -0.00647426536
v -0.000956411532 -0.0162703954 -0.00657154107
v -0.000953486247 -0.0145205883 -0.00659731077
v -0.0121738985 -0.0162444729 -0.0060846596
v -0.011608378 -0.0162458196 -0.00611199206
v -0.0114501603 -0.0162461847 -0.00611875067
v -0.0111707645 -0.0162468273 -0.00613063714
v -0.00957425591 -0.01625048 -0.00619742088
v -0.00934576988 -0.0162509996 -0.00620685518
v -0.0152152926 -0.0162329506 -0.00564758619
v -0.0142456135 -0.016237624 -0.00585480221
v -0.0146917123 -0.0159705002 -0.00578645896
v -0.0140229678 -0.0162385385 -0.00589169096
v -0.0142314881 -0.0157614332 -0.00588527508
v -0.0132252425 -0.0162414312 -0.00599750318
v -0.0136866318 -0.0153356539 -0.00598420808
v -0.0129324738 -0.0162423588 -0.00602719979
v -0.012812621 -0.0162427183 -0.00603808463
v 0.0121144438 -0.0162985697 -0.0070008277
v 0.0115644522 -0.0160718691 -0.00705073075
v 0.0111230751 -0.0162976291 -0.00704955356
v 0.0149582485 -0.0162947681 -0.00641988637
v 0.0136109907 -0.0161004905 -0.00681392243
v 0.013927347 -0.0162975639 -0.00672668079
v 0.0141789615 -0.0150834247 -0.00676436815
v 0.0145672038 -0.0162960347 -0.0065502096
v 0.0147702768 -0.0155100888 -0.0065555172
v 0.0150597654 -0.0157244168 -0.00643589208
v 0.0129966838 -0.0162986051 -0.00690309471
v 0.0137888659 -0.0162978042 -0.00675871223
v 0.0138696143 -0.0162976682 -0.00674031209
v 0.0133009478 -0.0158654042 -0.00689199334
v 0.0126759233 -0.0154018048 -0.00701588439
v 0.0123328669 -0.0162986573 -0.00698192045
v 0.0120479846 -0.0149504831 -0.00709591946
v 0.00767037738 -0.0162903462 -0.00694694277
v 0.00985368807 -0.0162953418 -0.00703833764
v 0.00904170517 -0.0155509384 -0.00701603899
v 0.0109440936 -0.0155814961 -0.0070871599
v 0.00972587895 -0.0146478834 -0.00706184376
v 0.00594781572 -0.0145365922 -0.0069005969
v 0.00531053497 -0.0145351347 -0.00687396619
v 0.00677719666 -0.0162883103 -0.00691007869
v 0.00431232713 -0.0145328511 -0.00683223084
v 0.00554406783 -0.0162855014 -0.00685930206
v 0.00340070226 -0.0145307574 -0.00679353066
v 0.0044146711 -0.0162829179 -0.00681205885
v 0.00249692472 -0.0145286694 -0.00675434293
v 0.000768724538 -0.0162744578 -0.0066515645
v 0.00421935739 -0.016282469 -0.00680377334
v 0.000771656341 -0.0145246489 -0.00667721825
v 0.00652232906 -0.0145379081 -0.00692472002
v 0.00805258472 -0.0145414267 -0.00698994985
v 0.00939861126 -0.0145445475 -0.00704907719
v 0.0111136474 -0.0145485364 -0.00712523935
v 0.0117443027 -0.0145496167 -0.0071269474
v 0.0125899781 -0.0145503003 -0.00707738614
v 0.0128865475 -0.0145503236 -0.00704533001
v 0.0133915432 -0.0145500917 -0.00697224168
v 0.0141485073 -0.0145490551 -0.00681591919
v 0.014287672 -0.0145487683 -0.0067806202
v 0.0148616089 -0.0145472372 -0.00661151949
v 0.0155550642 -0.0127901081 -0.00606174069
v 0.0155626908 -0.0110420166 -0.00620350428
v -0.0163070243 -0.0109728873 -0.00512730097
v -0.0163083095 -0.0113459462 -0.00510549964
v -0.0163133126 -0.0127214678 -0.00501856627
v -0.0128308432 -0.0109930551 -0.0061021219
v -0.0129310749 -0.0118475212 -0.00608977536
v -0.0112082297 -0.0109969033 -0.00617918791
v -0.0156339724 -0.0127328625 -0.00571518578
v -0.0151830977 -0.0127352253 -0.00582440384
v -0.0155824367 -0.0109841684 -0.0058110375
v -0.0146935033 -0.0127374372 -0.00591903087
v -0.0152445715 -0.010985815 -0.00588450581
v -0.0144302202 -0.0126086641 -0.00596419675
v -0.0146768885 -0.0109881479 -0.00597844878
v -0.0140578244 -0.0124064414 -0.00601493288
v -0.013683401 -0.0122133223 -0.00604935316
v -0.0138573917 -0.0109906197 -0.0060532731
v -0.0136520779 -0.0109911067 -0.00606305804
v -0.00741218776 -0.0127557795 -0.00633797841
v -0.00609212276 -0.0127588175 -0.00639442261
v -0.00461800396 -0.0110123968 -0.0064831702
v -0.00449004071 -0.0110126929 -0.00648875488
v -0.00587059837 -0.012759327 -0.00640383177
v -0.00384348887 -0.0110141905 -0.00651701028
v -0.00422777236 -0.01276311 -0.0064742174
v -0.002975262 -0.0110162087 -0.00655553304
v -0.002589104 -0.0127669247 -0.00654724753
v -0.00215394236 -0.0110181319 -0.00659283064
v -0.000950560963 -0.0127707804 -0.00662308
v -0.000947635621 -0.0110209733 -0.00664884923
v -0.0087756617 -0.0127526214 -0.00627831416
v -0.00926176924 -0.0120228976 -0.00626336411
v -0.00915618427 -0.0127517348 -0.00626129797
v -0.0105430307 -0.0127484752 -0.00619740319
v -0.0053591351 -0.0110106803 -0.00645073131
v -0.00626074709 -0.0110085849 -0.00641078642
v -0.00877365563 -0.0127526261 -0.00627840403
v -0.00635089446 -0.0110083744 -0.006406751
v -0.00778183527 -0.0110050179 -0.00634123152
v -0.00954586361 -0.0110008419 -0.00625793682
v -0.0124412058 -0.0127439611 -0.00610637385
v -0.013262419 -0.0127420062 -0.00606682617
v -0.0143977264 -0.012738606 -0.00596482586
v -0.013877701 -0.0127403708 -0.0060256212
v -0.0134677039 -0.0127415098 -0.00605646009
v 0.00250280811 -0.0110290432 -0.00680512749
v 0.00201302185 -0.011027908 -0.0067836768
v 0.00249987259 -0.0127788549 -0.00677966047
v 0.0136018386 -0.0128015289 -0.0070589981
v 0.0135659836 -0.0127830785 -0.00706605287
v 0.0135616101 -0.0128015578 -0.00706552435
v 0.0148068499 -0.0127994083 -0.00677821785
v 0.0151674412 -0.0110500762 -0.00679567968
v 0.0147353448 -0.0110513465 -0.00693098735
v 0.0134678744 -0.0110529596 -0.00718439277
v 0.013925056 -0.0110527175 -0.00711605093
v 0.0141163897 -0.011052506 -0.00707995798
v 0.0140164876 -0.01280108 -0.00698146364
v 0.0143499263 -0.0110521559 -0.00702966191
v 0.0141391736 -0.0128008928 -0.00695482735
v 0.0144598065 -0.0128002809 -0.00687687192
v 0.013433109 -0.0128016332 -0.00708522368
v 0.0130966622 -0.0128017105 -0.00712870294
v 0.0128254415 -0.0110527035 -0.00723992009
v 0.0126529522 -0.0128015587 -0.00716873305
v 0.0118326917 -0.0128005501 -0.00719333999
v 0.012098765 -0.0110516185 -0.0072487602
v 0.0116607416 -0.0128002223 -0.00719061587
v 0.0107328296 -0.0127980625 -0.00714929588
v 0.0109120691 -0.0110488366 -0.00719458191
v 0.00932468195 -0.0127947144 -0.0070817857
v 0.00947535411 -0.0110454317 -0.00712642213
v 0.00790592562 -0.0121516744 -0.00702839065
v 0.00773366215 -0.0127909547 -0.00700710155
v 0.00716819428 -0.0127896322 -0.0069815251
v 0.00270894845 -0.0110295201 -0.00681414083
v 0.000777514186 -0.0110250311 -0.00672856811
v -8.50754441e-05 -0.0110230073 -0.00668903533
v 0.000774584885 -0.01277484 -0.00670288457
v 0.00422527967 -0.012782828 -0.00685357722
v 0.00595068187 -0.0127868047 -0.00692775007
v 0.00422813045 -0.0110330461 -0.00688110013
v 0.00595332356 -0.0110370917 -0.00695995241
v 0.00782344583 -0.0110415183 -0.00704822177
v -0.016297115 -0.00747475168 -0.00527894357
v -0.0163015686 -0.00922400225 -0.00521549629
v -0.00564033957 -0.00751026534 -0.00648068637
v -0.00869411975 -0.0075030569 -0.00633787503
v -0.00780412927 -0.00925501809 -0.00635695504
v -0.0136239724 -0.00749142002 -0.00610733032
v -0.0144452443 -0.00748948148 -0.00606892398
v -0.0141261881 -0.00921200495 -0.00606028875
v -0.0155550884 -0.00923511293 -0.00588525645
v -0.0153111629 -0.00923622865 -0.00593332015
v -0.0153672313 -0.00748651102 -0.00597187504
v -0.0157289673 -0.00748485094 -0.00590020604
v -0.015087205 -0.00923715159 -0.00597056001
v -0.0146620013 -0.00923864543 -0.00602374272
v -0.014811446 -0.00748851337 -0.00604473799
v -0.0146504929 -0.00748897204 -0.00605761539
v -0.0142519092 -0.00923977699 -0.00605400745
v -0.0103388922 -0.00749917468 -0.00626095664
v -0.0122232176 -0.00883664563 -0.00615441706
v -0.00994028989 -0.00924997032 -0.00625668466
v -0.00788463932 -0.0092548281 -0.00635317946
v -0.00337010366 -0.00926547032 -0.00656334544
v -0.00147863629 -0.00752008893 -0.00667530065
v -0.00501269894 -0.00926160999 -0.00648771273
v -0.00152910559 -0.00751996972 -0.00667294068
v -0.00665523345 -0.00925773196 -0.00641081529
v -0.00211642683 -0.00751858344 -0.00664547877
v -0.00329106185 -0.0075158109 -0.00659054844
v -0.00108861714 -0.00752100954 -0.00669352338
v -0.00123544538 -0.00752066309 -0.00668666232
v -0.00254877494 -0.00926739071 -0.00660050055
v -0.00126240391 -0.00752059929 -0.00668540318
v -0.00136376824 -0.00752035994 -0.00668066926
v -0.00174673076 -0.00926927291 -0.00663725426
v -0.000944710337 -0.00927116349 -0.00667461846
v -0.000941785052 -0.00752135599 -0.00670038816
v -0.0140466001 -0.00924026314 -0.00606367877
v -0.0132253356 -0.00924220402 -0.00610228907
v 0.00293692644 -0.00928027928 -0.00685293553
v 0.00638712803 -0.00928842742 -0.0070145526
v -0.000133140391 -0.00752326427 -0.00673818449
v 0.00983731169 -0.00929658115 -0.00717655616
v 0.0111006228 -0.00929956697 -0.00723591866
v 0.0112054627 -0.0090367822 -0.0072452873
v 0.0125322081 -0.00930290855 -0.00730031822
v 0.0122441705 -0.00924284849 -0.00729065668
v 0.0122317467 -0.0093022408 -0.00728907343
v 0.0150868902 -0.00930174906 -0.00693156337
v 0.0151779223 -0.00755242025 -0.00697983336
v 0.0149206305 -0.00930223335 -0.00698331837
v 0.0149907153 -0.00755298277 -0.00703928201
v 0.0148420837 -0.0093024401 -0.00700628385
v 0.0146466419 -0.00755380001 -0.0071338471
v 0.0143538183 -0.00930342358 -0.00712850038
v 0.0145133762 -0.00755404355 -0.00716550322
v 0.0141015751 -0.00755454553 -0.00724633178
v 0.0140074622 -0.00930381846 -0.0071946322
v 0.0140263485 -0.00755459676 -0.0072583775
v 0.0138280122 -0.00930392835 -0.00722246105
v 0.013405839 -0.00930394046 -0.00727118924
v 0.0135486182 -0.00755464286 -0.00731571671
v 0.0133036217 -0.00930389203 -0.0072795297
v 0.0127905281 -0.00930335838 -0.00730154896
v 0.0129920011 -0.00755409291 -0.00734155299
v 0.0127706714 -0.00930332858 -0.00730174454
v 0.0120985853 -0.00930192601 -0.00728281587
v 0.00704648765 -0.00833016261 -0.00706180511
v 0.00159196602 -0.00752733648 -0.00681885565
v 0.00736147631 -0.00754095521 -0.00708866445
v 0.00284740329 -0.00928006787 -0.00684874831
v -0.000564417685 -0.00752224633 -0.00671802228
v 0.00204078946 -0.00927816983 -0.00681148097
v -0.000617987302 -0.00752212014 -0.00671552168
v 0.00129862514 -0.00927643292 -0.0067777345
v -0.000687223335 -0.00752195669 -0.0067122858
v 0.00121174811 -0.00927622896 -0.00677380152
v -0.000748099526 -0.00752181327 -0.00670944201
v 0.000349140028 -0.00927421078 -0.00673464034
v -0.000780055998 -0.00752173783 -0.00670794956
v -0.000513433712 -0.00927218143 -0.0066947639
v -0.000887875387 -0.00752148312 -0.00670290831
v 0.00849239249 -0.00754362484 -0.0071415538
v 0.0123285605 -0.00755268009 -0.00732095214
v 0.0112678865 -0.00755017623 -0.00727134896
v 0.00996656716 -0.00754710473 -0.00721049309
v 0.0155688738 -0.00929339603 -0.00630964292
v 0.0155717991 -0.00754358806 -0.00633541215
v -0.01629062 -0.00397537183 -0.0053464137
v -0.0162935089 -0.00572519284 -0.0053215432
v -0.000935934426 -0.00402174052 -0.00675192662
v -0.00131944439 -0.00577065116 -0.00670843758
v -0.00093885971 -0.00577154849 -0.00672615739
v -0.0054606339 -0.00401107036 -0.00654102676
v -0.0042749336 -0.00474965246 -0.00658537168
v -0.00395242032 -0.0040146336 -0.00661176536
v -0.0153637612 -0.00573679898 -0.00600408111
v -0.0153417289 -0.00398702454 -0.00602992531
v -0.0149737075 -0.00573822903 -0.00605691085
v -0.0149362087 -0.00398850534 -0.00608445238
v -0.0147706289 -0.00573884649 -0.00607576314
v -0.014725212 -0.0039891433 -0.00610381877
v -0.0131174671 -0.00574280135 -0.00615664897
v -0.0119708404 -0.00574550778 -0.00621027313
v -0.0130017223 -0.003993263 -0.00618792232
v -0.00702816248 -0.00575717539 -0.00644142926
v -0.00805901457 -0.00469354587 -0.00640893774
v -0.00998528488 -0.00400038529 -0.00632910291
v -0.00696884841 -0.00400750805 -0.00647035288
v -0.00398351438 -0.0057643624 -0.00658384291
v -0.00246119173 -0.00576795638 -0.00665507372
v -0.00319831702 -0.00401641568 -0.00664718077
v -0.00244421535 -0.00401819916 -0.00668265205
v -0.00169007061 -0.00401996821 -0.006717165
v -0.00170002936 -0.00576975383 -0.00669070985
v 0.0149601288 -0.00405355031 -0.00710737007
v 0.0149217593 -0.00580355478 -0.00709900865
v 0.0144248959 -0.00405463064 -0.00724151405
v 0.0144747067 -0.00580446376 -0.00721147796
v 0.0143919233 -0.00580458157 -0.00722888159
v 0.0138753802 -0.00405507814 -0.00733427377
v 0.0138809504 -0.00580497272 -0.00731343497
v 0.0138497828 -0.00580497831 -0.00731734
v 0.0133111151 -0.00405487372 -0.00738443201
v 0.0135868741 -0.00580494059 -0.00734464638
v 0.0132946242 -0.00580472685 -0.00736330589
v 0.0131555283 -0.00405470189 -0.00739043532
v 0.0132092824 -0.00580463046 -0.00736645516
v 0.013008005 -0.00580434315 -0.00736979116
v 0.0129679302 -0.00405442948 -0.00739322742
v 0.0126086101 -0.00580352638 -0.0073596728
v 0.0124599086 -0.00405335752 -0.00737811578
v 0.01122203 -0.00580025371 -0.00729482947
v 0.0110630281 -0.00405005971 -0.00731275277
v 0.00939532742 -0.00579594169 -0.00720940158
v 0.00925943814 -0.00404580124 -0.00722834701
v 0.0071356995 -0.00579060754 -0.0071037258
v 0.00660267472 -0.00464783888 -0.00709531177
v 0.00444969488 -0.00578426709 -0.00697810249
v 0.00257848646 -0.0046590534 -0.00690663792
v 0.00265350984 -0.00578002725 -0.00689408788
v 0.00705420179 -0.00404059468 -0.00712511968
v 0.00445264857 -0.00403445121 -0.00700328359
v 0.00265647145 -0.00403020857 -0.00691909716
v 0.000860303757 -0.0040259636 -0.00683477242
v 0.00085732789 -0.00577578694 -0.00681005465
v -4.0760202e-05 -0.00577366631 -0.00676801708
v -3.78095137e-05 -0.00402385043 -0.0067932168
v -0.000489809492 -0.00577260694 -0.00674705254
v -0.000486881618 -0.00402279897 -0.00677279383
v -0.000714335183 -0.00577207794 -0.00673663756
v 0.0155747244 -0.00579378055 -0.00636118138
v 0.0155776497 -0.00404397305 -0.00638695108
v -0.0162875839 -0.000474729342 -0.0053285067
v -0.0162886716 -0.00222520786 -0.0053480803
v -0.00394374877 -0.00226487522 -0.00664021727
v -0.00466512656 -0.0011032467 -0.00662558852
v -0.00544900727 -0.00226131245 -0.00656917179
v -0.00396131165 -0.000515077671 -0.00666900352
v -0.0099648321 -0.00225063669 -0.00635690149
v -0.00891587511 -0.00225311564 -0.0064061489
v -0.0120797064 -0.000495855231 -0.00628533727
v -0.00864998903 -0.00225374405 -0.00641863514
v -0.0156614836 -0.00223555323 -0.00597936474
v -0.0152870193 -0.000487112586 -0.00605577882
v -0.0153156351 -0.00223712833 -0.00604706444
v -0.0149981715 -0.000488318154 -0.00610485207
v -0.0147143574 -0.0022393011 -0.00612634234
v -0.0145978974 -0.000489731668 -0.00615539402
v -0.0129753919 -0.00224352395 -0.0062156762
v -0.0130537571 -0.000493551721 -0.0062394985
v -0.012195345 -0.000495581713 -0.00627989415
v -0.00695427973 -0.00225775247 -0.00649832515
v -0.00699210353 -0.000507895078 -0.00652533676
v -0.0100229215 -0.000500720518 -0.00638222229
v -0.00547670852 -0.000511486665 -0.00659719156
v -0.00294977194 -0.00226722332 -0.00668683788
v -0.00243841298 -0.00226841471 -0.00670968229
v -0.00265124161 -0.000518112909 -0.00672638603
v -0.00168568129 -0.00227016374 -0.00674299803
v -0.00244565005 -0.00051858637 -0.00673520006
v -0.000933009142 -0.00227193302 -0.00677769585
v -0.000930083799 -0.000522125454 -0.00680346554
v 0.0109750293 -0.00055017916 -0.00735693751
v 0.0109763285 -0.000555121573 -0.00735693472
v 0.0109987492 -0.000550235272 -0.0073580537
v 0.0134129953 -0.00230493234 -0.00738989189
v 0.0131064281 -0.000554579427 -0.00741377287
v 0.0128201805 -0.000554271508 -0.00742535945
v 0.0151562588 -0.000552155951 -0.00701651536
v 0.0145772435 -0.000553699618 -0.00718706753
v 0.0149550596 -0.0023033265 -0.00710579706
v 0.014232059 -0.000554285129 -0.00726600923
v 0.0143981837 -0.00230448344 -0.00724757137
v 0.0139949284 -0.00230490603 -0.00732205529
v 0.0139785744 -0.000554563652 -0.00731369434
v 0.0138222696 -0.00230498472 -0.0073469989
v 0.0136662917 -0.000554735307 -0.00736080157
v 0.0133621851 -0.000554723956 -0.00739455363
v 0.01210583 -0.000552852638 -0.00741010532
v 0.0121223954 -0.00230273325 -0.00738707604
v 0.0128248734 -0.00230427785 -0.00741221523
v 0.012025319 -0.000552662299 -0.00740632042
v 0.0111065637 -0.0023003337 -0.00733945891
v 0.0098441653 -0.0022973516 -0.00728026824
v 0.00745039154 -0.000541843066 -0.00719100423
v 0.00714990823 -0.00229098578 -0.00715386122
v 0.00927296188 -0.000546154333 -0.00727685494
v 0.0108236307 -0.000549821241 -0.00734981801
v 0.00580220716 -0.000537942455 -0.00711324345
v 0.00501531409 -0.00118253077 -0.00706794858
v 0.00445565861 -0.0022846174 -0.00702727865
v 0.00265950244 -0.00228036894 -0.00694268895
v 0.00535681564 -0.000536887965 -0.00709220162
v 0.00356067461 -0.000532632635 -0.00700714719
v 0.00295616174 -0.000992526533 -0.00697287498
v 0.00176142459 -0.00227824249 -0.00690026162
v 0.00332484627 -0.000532073434 -0.00699594524
v 0.00277178665 -0.000530761259 -0.00696963072
v 0.00183703983 -0.000528557226 -0.00692608254
v 0.0010561042 -0.00227657892 -0.00686735474
v 0.00176449667 -0.000528388307 -0.0069228448
v 0.000863313559 -0.00227612862 -0.00685867062
v 0.00086627173 -0.000526311342 -0.00688377861
v 0.000312453485 -0.00227484852 -0.00683428347
v -3.19564715e-05 -0.000524234551 -0.00684472406
v -3.48831309e-05 -0.00227404176 -0.00681892084
v 0.0155825699 -0.000544017879 -0.00641552778
v 0.0155825075 -0.00113817258 -0.00642974442
v 0.015580575 -0.00229416532 -0.00641272031
v 0.015582175 0.00120700162 -0.00635937974
v 0.0155818956 0.00175949384 -0.00633785967
v 0.0155810844 0.00295827514 -0.00628606835
v -0.0162872709 0.00302690733 -0.00524342293
v -0.0162871759 0.00127599738 -0.00529215299
v -0.00506820623 0.00123727589 -0.00664788391
v -0.0055708657 0.00180333562 -0.00663446868
v -0.00644828891 0.00124055496 -0.00658189366
v -0.00495458022 0.00298677827 -0.00668180967
v -0.00523894047 0.00271605328 -0.00666519254
v -0.00629793806 0.00298990635 -0.00662191072
v -0.0152244251 0.00301323482 -0.00605116831
v -0.015255983 0.00126301125 -0.00605688477
v -0.0150691243 0.00301246834 -0.00608557463
v -0.0145885991 0.00126024219 -0.00616915291
v -0.0145400576 0.00301016448 -0.00618196325
v -0.0138685387 0.0030079342 -0.00625717128
v -0.0132501842 0.00125668326 -0.00625888165
v -0.0123466263 0.00300429109 -0.00633178372
v -0.0126288533 0.00125521177 -0.00628826022
v -0.01167046 0.00300268619 -0.00636400329
v -0.0119687067 0.00125364831 -0.00631949073
v -0.00898417365 0.00299630407 -0.00649242569
v -0.00920848269 0.00124710682 -0.00645033363
v -0.0076410505 0.00299310731 -0.00655702362
v -0.00385010359 0.00123444863 -0.0067015863
v -0.00368786952 0.00123407622 -0.00670845481
v -0.00361104449 0.00298371143 -0.00673754048
v -0.0027991659 0.00123204198 -0.00674570538
v -0.00230741943 0.00123091112 -0.00676666852
v -0.00226753578 0.0029806355 -0.00679389341
v -0.000927158515 0.00122768222 -0.00682923477
v -0.000924233231 0.00297748973 -0.006855004
v 0.0146176862 0.00294804806 -0.00708988262
v 0.0150181502 0.00119823497 -0.00701869093
v 0.0143098217 0.0029473179 -0.00717441458
v 0.0147016672 0.00119732635 -0.00711631449
v 0.0139476331 0.00294667925 -0.00725889765
v 0.014071553 0.00119610841 -0.0072705429
v 0.0132573619 0.00294609694 -0.00737679098
v 0.0134687247 0.00119563797 -0.00737091992
v 0.0134216426 0.00119562901 -0.00737687619
v 0.0126195233 0.00294628832 -0.00743619539
v 0.0127779022 0.00119590585 -0.00743115507
v 0.0122140246 0.00294678356 -0.00744861038
v 0.0124576902 0.00119632436 -0.00743908482
v 0.0121469758 0.00119691493 -0.00743425405
v 0.0119701112 0.00294722803 -0.00744610745
v 0.0110510485 0.00119950227 -0.00738298055
v 0.00626122998 0.00296075549 -0.00717562018
v 0.00807241723 0.00120655692 -0.00724208029
v 0.00802797265 0.00295655639 -0.00726019498
v 0.00966943894 0.00120277365 -0.00731767854
v 0.00958709698 0.00295285531 -0.00733452849
v 0.0109415436 0.00294964225 -0.007398949
v 0.00446514832 0.00296503259 -0.00708908681
v 0.00446189707 0.00121512171 -0.00707036536
v 0.00625801273 0.00121085823 -0.00715597859
v 0.0039881561 0.00121624779 -0.00704767881
v 0.00385541958 0.00184691558 -0.00704807881
v 0.003545149 0.0012173017 -0.00702640647
v 0.00353023945 0.00281722844 -0.00704469066
v 0.00270647928 0.00121927296 -0.00698776217
v 0.00340893981 0.00296750176 -0.00704131927
v 0.00276260986 0.00296898815 -0.00701375958
v 0.00266572228 0.00121936761 -0.00698595541
v 0.00266872742 0.00296920305 -0.00700982939
v 0.00176748238 0.00122143922 -0.00694725476
v 0.00205864478 0.00297059491 -0.00698457984
v 0.00144277932 0.001222183 -0.00693360996
v 0.000872112752 0.00297330064 -0.00693554152
v 0.000929136004 0.00122335879 -0.00691208337
v 0.000869197363 0.00122349616 -0.00690955762
v 0.00367916585 0.00296687568 -0.00705316197
v 0.0155794974 0.00470973039 -0.00620052917
v 0.0155775929 0.00646130135 -0.00610713288
v -0.0162877087 0.00477794325 -0.00518622715
v -0.0162880849 0.00585148763 -0.0051485016
v -0.0162883475 0.00652905134 -0.00512408139
v -0.0110576879 0.00650064461 -0.00645920308
v -0.00956772547 0.00631851517 -0.00652849115
v -0.00929159764 0.00649641827 -0.0065457169
v -0.0136136981 0.00650693523 -0.00632221531
v -0.0143054146 0.00650957227 -0.00622168742
v -0.0143850427 0.00475970982 -0.0062083425
v -0.0151227927 0.00476316456 -0.00605749572
v -0.0155987237 0.00651654229 -0.00589520764
v -0.0151345683 0.0065137404 -0.00603276631
v -0.013724166 0.00475738104 -0.00629143277
v -0.0130164409 0.004755612 -0.0063312375
v -0.0128238099 0.00650486164 -0.00637336541
v -0.0112664318 0.00475144759 -0.0064153336
v -0.0095164394 0.00474727759 -0.00649984367
v -0.00839297473 0.00474459538 -0.00655442942
v -0.0077664759 0.00474309735 -0.00658503734
v -0.00849484187 0.00649451604 -0.00658444082
v -0.00731549412 0.00474202493 -0.00660667475
v -0.00752529502 0.00649224827 -0.00662835408
v -0.00656955875 0.0047402787 -0.00664054602
v -0.00646068202 0.00508610299 -0.00665109511
v -0.00595980976 0.0060270722 -0.00668706
v -0.00621429365 0.0064892415 -0.00668370072
v -0.00601624046 0.00473900093 -0.00666451082
v -0.00474245008 0.0047360952 -0.00671723019
v -0.0057586031 0.00648820726 -0.00670220563
v -0.00389265129 0.00473417016 -0.0067514549
v -0.00454842672 0.0064854743 -0.0067503918
v -0.00346860546 0.00473320857 -0.00676861824
v -0.0037216437 0.00648360606 -0.00678340951
v -0.00273324107 0.00648134667 -0.00682459772
v -0.000921307888 0.00472729839 -0.00688077323
v -0.000918382604 0.0064771059 -0.00690654293
v -0.00629942399 0.00473965332 -0.00665235147
v 0.00792416465 0.00645666895 -0.00729048392
v 0.0081044659 0.00631341012 -0.00729798852
v 0.00939704385 0.00645315042 -0.00736220786
v 0.00457073422 0.00471467758 -0.00711432425
v 0.00488026487 0.00471395859 -0.0071280105
v 0.00476638461 0.00507343747 -0.00712737581
v 0.0056406958 0.00471217046 -0.00716307759
v 0.0148893045 0.00645125378 -0.0068675112
v 0.014482623 0.00644988753 -0.00700646127
v 0.0146247055 0.00469914731 -0.00702755293
v 0.0137335826 0.00644810265 -0.00721267052
v 0.0144487107 0.00469865371 -0.00708103925
v 0.0137293786 0.00469719572 -0.00726168742
v 0.0129644042 0.00644720532 -0.00736091239
v 0.0131791672 0.00469666393 -0.00736026838
v 0.0130008049 0.00469659828 -0.00738497917
v 0.0122731877 0.00644720439 -0.00743946992
v 0.0127092395 0.00469660386 -0.0074176807
v 0.0120063359 0.00644741673 -0.00745531591
v 0.0122745661 0.00469687954 -0.00744830957
v 0.0115944594 0.00644799648 -0.00746271061
v 0.0116528012 0.00469786348 -0.00745208049
v 0.0106932055 0.00645005889 -0.00742498226
v 0.00883610547 0.00470455177 -0.00731768971
v 0.00446829619 0.0047149146 -0.00710985949
v 0.00426936988 0.00608256506 -0.00711968634
v 0.0036702517 0.00471674791 -0.00707594445
v 0.00395902339 0.00646592025 -0.00711241411
v 0.0026717023 0.0047190194 -0.00703507476
v 0.00350989425 0.00646693679 -0.0070943567
v 0.00267461385 0.00646882225 -0.00706115039
v 0.00209598523 0.00472032325 -0.0070118783
v 0.00190157141 0.00647056988 -0.00703025516
v 0.000875041122 0.00472310558 -0.00696156966
v 0.000877951796 0.00647290889 -0.00698762294
v 0.00688286498 0.00470920559 -0.00722340355
v 0.0060194945 0.00471126707 -0.00718144234
v 0.00626779813 0.00646061124 -0.00721082371
v 0.00564207882 0.0064620683 -0.00718290778
v 0.00447131786 0.00646475609 -0.00713331904
v 0.00445984537 0.00646478217 -0.00713284686
v 0.0155755263 0.00821293052 -0.00600975053
v 0.0155734383 0.00996456761 -0.00591185316
v -0.0162890553 0.00828018505 -0.00506022526
v -0.0162894279 0.00924035534 -0.00502559356
v -0.0162896588 0.00988511741 -0.00500280969
v -0.0162897073 0.0100312987 -0.00499771675
v -0.0154790375 0.00826645922 -0.00590027729
v -0.015201848 0.0100152828 -0.00596172782
v -0.0151895061 0.00826462824 -0.00599178625
v -0.0144607639 0.010010899 -0.00617531687
v -0.0137596307 0.010007496 -0.00632679695
v -0.0134752253 0.00961028598 -0.00636967132
v -0.0131112877 0.0100050522 -0.00641910732
v -0.0131614842 0.00929498486 -0.0064035859
v -0.0128479274 0.0100042801 -0.00644166861
v -0.012822682 0.00825454295 -0.0064078751
v -0.011125017 0.008250474 -0.00649147434
v -0.0117829703 0.00965323579 -0.00648840982
v -0.0106539335 0.00824934244 -0.00651481468
v -0.0103642792 0.00970529579 -0.00655812491
v -0.00942730531 0.00824641902 -0.0065741064
v -0.00933246221 0.00824619643 -0.00657846779
v -0.00771652162 0.00999225304 -0.00667583756
v -0.00942708738 0.00999615714 -0.00660490291
v -0.00717928214 0.00863079075 -0.00667702686
v -0.0077291932 0.00824248604 -0.00664839428
v -0.00603084592 0.00823863503 -0.00671709701
v -0.00595112052 0.00998828001 -0.00674516335
v -0.00600580033 0.00998840295 -0.00674304692
v -0.00650966121 0.00948147569 -0.00671621086
v -0.00676557934 0.0099901082 -0.00671348721
v -0.00475184387 0.00823575817 -0.00676722871
v -0.00574644469 0.0099878218 -0.00675308798
v -0.00489973417 0.00998592097 -0.00678599114
v -0.00371090253 0.00823340565 -0.00680884346
v -0.00412919419 0.00998418126 -0.00681669125
v -0.00283347769 0.00823139679 -0.00684561953
v -0.00345890364 0.00998265389 -0.00684429891
v -0.00091545732 0.0082269134 -0.00693231216
v -0.000912532036 0.00997672137 -0.00695808139
v -0.0132892737 0.00825578626 -0.00637641409
v -0.013069395 0.00825515296 -0.00639451062
v -0.0111377072 0.0100001562 -0.00652752304
v -0.014732535 0.00826199353 -0.00611878745
v -0.0144344149 0.00826044381 -0.00619020686
v -0.0137981018 0.00993381348 -0.00631949538
v -0.0139977317 0.00825841725 -0.00627823127
v -0.0137028778 0.00825721957 -0.00632609753
v 0.0125454953 0.00994826574 -0.00736258319
v 0.0128311105 0.00988417491 -0.00731475418
v 0.0133556016 0.00994928181 -0.00720162457
v 0.01142151 0.00819839258 -0.00746848527
v 0.0117933182 0.00819790456 -0.00745944772
v 0.0117125968 0.00886033569 -0.00746104866
v 0.0151218241 0.00820354745 -0.00669842912
v 0.0136576807 0.0081989225 -0.00717867725
v 0.0138661694 0.00819937047 -0.00712459302
v 0.0136748282 0.00994994864 -0.00712008215
v 0.0144439656 0.00820096768 -0.00695053209
v 0.0143026114 0.00995170604 -0.00692949072
v 0.0150969168 0.00995482411 -0.00662760809
v 0.0130232936 0.00819796789 -0.00731551461
v 0.0124501353 0.00953620579 -0.00738353934
v 0.0128515875 0.00819781516 -0.00734539097
v 0.0120767429 0.00919443183 -0.00743236532
v 0.0121107828 0.00819768384 -0.00743836723
v 0.0104826884 0.00957408734 -0.00744298566
v 0.0106461197 0.00820011925 -0.00743926223
v 0.011001721 0.00819926895 -0.00745662907
v 0.0114010256 0.00819842704 -0.00746846199
v 0.0113593079 0.00853546057 -0.00746943988
v 0.0111529715 0.00994896516 -0.00747311814
v 0.0102969054 0.00995093212 -0.0074367784
v 0.0089453496 0.00966996141 -0.00736852875
v 0.00911081024 0.00995376427 -0.00737911835
v 0.00775257545 0.00995693449 -0.00731799984
v 0.00627389224 0.00996032078 -0.00725595001
v 0.00627089664 0.00821048394 -0.0072321333
v 0.00787662063 0.00820674468 -0.00730376272
v 0.0093075959 0.00820332393 -0.00737362774
v 0.0105762416 0.00820028689 -0.00743584568
v 0.00552522298 0.00858361274 -0.00720607629
v 0.00485139899 0.00951087847 -0.00719247758
v 0.00447426084 0.00821457338 -0.00715841865
v 0.00439720135 0.00996455364 -0.00718151499
v 0.0033967176 0.0082170004 -0.00711595966
v 0.0040291748 0.00996537972 -0.00716722244
v 0.00267750071 0.00821861811 -0.00708771544
v 0.00311683421 0.0099674277 -0.00713173719
v 0.00257422379 0.00821885094 -0.0070836274
v 0.0026803771 0.00996841118 -0.00711448956
v 0.0019144793 0.00822034478 -0.0070570833
v 0.000781559502 0.00822294131 -0.00700938981
v 0.00232749223 0.00996921025 -0.00710031157
v 0.00447715912 0.00996437483 -0.007184627
v 0.0117733218 0.0099482378 -0.00745209167
v 0.0124045191 0.00994818937 -0.00738374097
v 0.0134758754 0.00994951464 -0.00717210211
v 0.0155714583 0.0117161665 -0.00581660355
v 0.0155697055 0.0134676816 -0.00572694978
v -0.016290376 0.0135332942 -0.00488841999
v -0.0162902717 0.0122610908 -0.0049246978
v -0.016290186 0.01178235 -0.00493949186
v -0.00612669298 0.0134883476 -0.0067866249
v -0.00603090972 0.0133426143 -0.00678833481
v -0.00530374795 0.0134864999 -0.00681868382
v -0.0151875867 0.0117657296 -0.0059428541
v -0.0143715143 0.0135109806 -0.00618574908
v -0.0141921071 0.0133957174 -0.00623456528
v -0.0135559971 0.0135068586 -0.00637303852
v -0.0136445845 0.0128010223 -0.00636265008
v -0.0128840217 0.0135041885 -0.00647808565
v -0.0131183593 0.0122135626 -0.00644785492
v -0.0128204832 0.0135039687 -0.00648581702
v -0.0127315195 0.0117536681 -0.00648304168
v -0.0122507401 0.0131346388 -0.00653400226
v -0.0125557622 0.013503111 -0.00651397835
v -0.0121072028 0.0135018779 -0.00654678186
v -0.0114195766 0.0135002844 -0.00657693902
v -0.0113147385 0.0118925301 -0.00655456167
v -0.0109817395 0.0134992795 -0.00659547839
v -0.0107474579 0.0132091679 -0.00660077017
v -0.0105298357 0.0134982467 -0.00661429157
v -0.00857545901 0.0117440056 -0.00666741095
v -0.00754624838 0.0117416875 -0.00670797657
v -0.00763720786 0.0122777941 -0.00671199989
v -0.00984200183 0.0117468843 -0.00661569322
v -0.00932040717 0.0117456941 -0.00663727801
v -0.00952474959 0.0134959659 -0.0066551012
v -0.00916681811 0.0134951575 -0.0066693332
v -0.00825303793 0.0134931039 -0.00670509227
v -0.00684017083 0.0129218409 -0.00675158668
v -0.00710157538 0.0134905269 -0.00674933242
v -0.00641579321 0.0117391543 -0.00675162068
v -0.00577199645 0.0117377136 -0.00677637151
v -0.0055111628 0.0117371297 -0.00678645121
v -0.00334055675 0.0117322057 -0.00687438156
v -0.00400379859 0.0134835504 -0.00687142555
v -0.000909606693 0.0117265293 -0.00698385062
v -0.000906681409 0.0134763373 -0.00700962031
v -0.00740589714 0.0117413718 -0.00671343226
v -0.0125952633 0.0117533049 -0.00649223803
v -0.0113490429 0.0117503637 -0.00655052299
v -0.0112306355 0.0117500871 -0.00655581662
v -0.0109972805 0.0117495451 -0.0065661571
v -0.0151626384 0.0135160144 -0.00593373692
v -0.0144281778 0.0117610181 -0.00617659139
v -0.0137145985 0.0117573477 -0.00634481199
v -0.0130637344 0.0117547074 -0.00645020604
v -0.0128717991 0.0117540807 -0.00647097547
v 0.0109674055 0.0134497331 -0.00746819377
v 0.0101417862 0.0134511506 -0.00746562844
v 0.0107940566 0.0127440384 -0.00747690536
v 0.00904697273 0.0134536671 -0.00741902739
v 0.00771482149 0.0134566957 -0.00736462604
v 0.00773073919 0.0117068375 -0.00734014483
v 0.0102117369 0.0117010977 -0.00744827976
v 0.00996811315 0.0117556797 -0.00743769016
v 0.00907352194 0.0117037529 -0.00739716832
v 0.0146678705 0.0134554561 -0.00665946491
v 0.0151636889 0.0117065068 -0.00651878957
v 0.0148113118 0.0117048724 -0.00666980632
v 0.0143397562 0.0117030004 -0.00685041491
v 0.0143748438 0.0134542491 -0.00677468954
v 0.0141125079 0.0117022218 -0.00692911493
v 0.0132669266 0.0133672105 -0.00713513885
v 0.0134814018 0.0117004588 -0.00712049147
v 0.0134869749 0.0134513639 -0.00707141357
v 0.0139656058 0.0134527786 -0.0069210371
v 0.012021862 0.0116986018 -0.00741225062
v 0.012461734 0.0116988271 -0.00734699797
v 0.0126177706 0.0127332518 -0.00730049377
v 0.0127082495 0.0116990823 -0.00730167795
v 0.0132959699 0.01170005 -0.0071692788
v 0.0119859232 0.0121015524 -0.00741248531
v 0.0116789443 0.0117883645 -0.00744788395
v 0.0116719604 0.0116986446 -0.00744905835
v 0.0110499784 0.0116992705 -0.00747719873
v 0.00704746554 0.0117083909 -0.0073122289
v 0.00604666071 0.0122251315 -0.00728016021
v 0.00627682172 0.0117101325 -0.00728145242
v 0.00582701433 0.0117111448 -0.00726377359
v 0.00523226149 0.0129498616 -0.00725985551
v 0.00448002992 0.0117141642 -0.0072116307
v 0.00439523952 0.0134408968 -0.00723546091
v 0.00381203671 0.0117156608 -0.00718586845
v 0.0043106107 0.0134643316 -0.00723256916
v 0.00268325256 0.0117182033 -0.00714132702
v 0.00268623815 0.0134679945 -0.0071682143
v 0.00268617459 0.0134679954 -0.00716821104
v 0.00103418354 0.011721977 -0.00707228296
v 0.00129859627 0.013471175 -0.00710981851
v 0.00627980568 0.0134599255 -0.00730820931
v 0.0054891794 0.013461696 -0.00727776065
v 0.00448295008 0.0134639461 -0.0072392025
v 0.00440615695 0.0134641174 -0.00723624928
v 0.00842151139 0.0117052561 -0.00736908615
v 0.00943798386 0.0131817218 -0.00743183587
v 0.01051402 0.0124153588 -0.0074698003
v 0.0109717017 0.0134497276 -0.00746804336
v 0.0110836113 0.0130753908 -0.00746911252
v 0.0113817248 0.0134086004 -0.0074467212
v 0.0123848766 0.0134494798 -0.00732448418
v 0.0117736338 0.0134492442 -0.00740986597
v 0.0118739521 0.0129257888 -0.00741214072
v 0.0117631927 0.0134492442 -0.0074110087
v 0.0114239482 0.0134493466 -0.00744259404
v 0.0132997027 0.0134509001 -0.00712418091
v 0.0125525128 0.01344964 -0.00729455659
v 0.00803660322 0.0170281809 -0.00250018807
v 0.00803367794 0.0152783729 -0.00247441861
v 0.015566322 0.016970668 -0.00555067929
v 0.0155675281 0.0163604822 -0.00559658324
v 0.0155682918 0.0152190737 -0.00564567
v 0.0148175005 0.0162954815 -0.00644967752
v 0.0149391536 0.0156007903 -0.00645588478
v 0.0137630804 0.0152035002 -0.00690807588
v 0.0138767986 0.0152038224 -0.0068733017
v 0.0142845353 0.0157897975 -0.006693854
v 0.0143912481 0.0152055314 -0.00669883471
v 0.0146081075 0.0152063863 -0.00661615888
v 0.0137484791 0.0152735747 -0.00690739462
v 0.0133495769 0.0166081619 -0.00689413911
v 0.0136798518 0.0152032766 -0.0069327075
v 0.0128195034 0.0160694104 -0.00707771908
v 0.0131019391 0.0152019886 -0.007085755
v 0.0122955851 0.0155219818 -0.00722824642
v 0.0113159316 0.0152005581 -0.00738565251
v 0.0123757022 0.0152009716 -0.00723727141
v 0.0130747007 0.0152019393 -0.00709222769
v 0.0117289042 0.0167462062 -0.0072142561
v 0.0112281404 0.0161742456 -0.00733254245
v 0.0107428357 0.0155954892 -0.00741474004
v 0.0141088702 0.0164704863 -0.00668701669
v 0.0137111992 0.0169560667 -0.00675272895
v 0.0128929755 0.016954286 -0.00696648564
v 0.0119240694 0.0169530455 -0.00716079026
v 0.0116512338 0.0169528499 -0.00720506208
v 0.0146537041 0.0169590954 -0.00644011749
v 0.0146473022 0.0169590712 -0.00644251285
v 0.0146190245 0.0169589631 -0.00645304658
v 0.0139466869 0.0169567186 -0.00668177707
v -0.0176835377 -0.0125808939 -0.000841366826
v -0.0177068301 -0.0138633456 -0.000300927437
v -0.0176363364 -0.00574264303 -0.00182420097
v -0.0177354347 0.002082458 0.000827052514
v -0.0177076999 0.000888945127 0.000111468777
v -0.0179288052 -0.0201929733 0.00500545418
v -0.0176842585 -0.000361309736 -0.000499771384
v -0.01766528 -0.0016591918 -0.00100221031
v -0.0176509023 -0.00299523678 -0.00139218464
v -0.0176412296 -0.00435970351 -0.00166684866
v -0.0176409855 -0.00852353871 -0.00178324676
v -0.0176504944 -0.00990121998 -0.00158523896
v -0.0176647138 -0.0112569677 -0.00127051445
v -0.0178848114 0.00612253882 0.00461790664
v -0.0178422201 0.005237957 0.00354412664
v -0.0178016648 -0.0173702706 0.0019448566
v -0.0178408269 -0.0183973517 0.00288340892
v -0.0178833101 -0.0193405449 0.00390609307
v -0.0178029407 0.00426492048 0.00254966249
v -0.017767258 0.0032105241 0.00164176419
v -0.0176362544 -0.00713396911 -0.0018630944
v -0.0177344214 -0.0150949741 0.000346863293
v -0.0177661106 -0.0162667986 0.00109728123
v 0.0152093545 0.00309146149 0.00271544536
v 0.0154867424 0.00296251546 -0.0060088574
v 0.0154861715 0.00471394975 -0.00592463743
v 0.0151873147 0.00485287607 0.00347490585
v 0.0151855405 0.00379163679 0.00349053461
v 0.0152010834 0.00317509612 0.00297862198
v 0.0154535808 -0.0145042585 -0.0056270808
v 0.0154606467 -0.0127858631 -0.00578420796
v 0.0152664622 -0.0126955938 0.000323271379
v 0.0152423643 -0.0138987536 0.00103515387
v 0.0152396895 -0.0144343153 0.00109906436
v 0.0154534541 -0.0145336874 -0.0056242845
v 0.0154846916 -0.00316670607 -0.00617623422
v 0.0154855289 -0.00229042349 -0.00616942858
v 0.0152902445 -0.00219964329 -2.73757869e-05
v 0.0152283311 0.00222719973 0.00208626222
v 0.0152256535 0.00204703771 0.00216361601
v 0.0152454143 0.00132353138 0.00151506776
v 0.0152718015 -0.000439902651 0.000618899125
v 0.0154869305 0.00121125986 -0.00608104561
v 0.015486585 -0.000539745379 -0.00613630842
v 0.0154728498 -0.00928919856 -0.00603551045
v 0.0152990604 -0.00920841005 -0.000569541589
v 0.0152880028 -0.00993661676 -0.000249591423
v 0.0152959647 -0.00855893269 -0.000447661994
v 0.0153032616 -0.00833647046 -0.000668608933
v 0.015300178 -0.00716936309 -0.000527530618
v 0.0153059689 -0.00746045494 -0.000720626442
v 0.0154774878 -0.0075401878 -0.00611522421
v 0.0152469892 0.000853531703 0.00144777296
v 0.0152649367 -0.000396717282 0.000836310035
v 0.0152818412 -0.00131047133 0.000270453631
v 0.0152793676 -0.00169459451 0.00033368665
v 0.0153017472 -0.00395615678 -0.00045533292
v 0.0154836355 -0.00404071063 -0.00617610989
v 0.015261109 -0.0126162963 0.000494530133
v 0.0152763566 -0.0112923663 6.52373928e-05
v 0.0152972676 -0.00439509936 -0.000331201096
v 0.0153006138 -0.00577803701 -0.000488616119
v 0.0153068881 -0.00570971472 -0.000683299615
v 0.0152770057 -0.011832254 2.44343209e-05
v 0.0152860191 -0.0109535167 -0.000225581112
v 0.0154672218 -0.011037752 -0.00592476409
v 0.0152901681 -0.00303063565 -5.64327638e-05
v 0.0153050786 -0.0048298412 -0.000593102071
v 0.0154809048 -0.00579060847 -0.00615644455
v 0.0154795684 -0.00652616285 -0.00614222884
v 0.0154781798 -0.00726038124 -0.00612635538
v 0.0154778371 -0.00739932992 -0.00612084009
v 0.0163310729 -0.0184340738 0.00426907046
v 0.0163702331 -0.0174069926 0.00333051826
v 0.0165355634 -0.00577936415 -0.000438539224
v 0.0165306684 -0.00439642509 -0.000281186978
v 0.0165209975 -0.00303195813 -6.52294466e-06
v 0.0162430946 -0.0202296954 0.00639111595
v 0.0165066198 -0.00169591326 0.000383451435
v 0.0164876413 -0.000398031203 0.000885890331
v 0.0162885897 -0.0193772651 0.00529175485
v 0.016507186 -0.0112936888 0.000115147217
v 0.0165214054 -0.00993794203 -0.000199577291
v 0.0165309142 -0.00856025983 -0.0003975851
v 0.016464198 0.00085222366 0.00149713049
v 0.0164364651 0.00204573665 0.00221271417
v 0.0164046399 0.00317380275 0.00302742585
v 0.0164057892 -0.0163035206 0.002482943
v 0.0164374765 -0.0151316961 0.00173252495
v 0.0164650679 -0.0139000667 0.00108473422
v 0.0164883621 -0.0126176151 0.00054429489
v 0.0165356454 -0.00717069069 -0.000477432739
v 0.0163689591 0.0042281989 0.00393532403
v 0.0163296796 0.00520123541 0.00492978841
v 0.0162870884 0.00608581724 0.00600356841
v -0.016233556 6.710241e-05 -0.00506726839
v -0.0162335988 -0.000471110048 -0.00507661793
v -0.0164508857 -0.000405813102 -0.000667447632
v -0.0165636986 0.00320923072 0.00169056817
v -0.0165883265 0.0038257814 0.00220211246
v -0.0165508129 0.00312559144 0.00142757874
v -0.0165865533 0.00488702022 0.0021864837
v -0.016234383 0.00303049851 -0.0049935542
v -0.0162354838 0.00478151673 -0.00493763248
v -0.0162336919 0.00127960416 -0.0050411704
v -0.0164933577 0.00135763816 0.00022806885
v -0.016520638 0.00226131757 0.00079884968
v -0.0164060313 -0.00852486584 -0.00173316977
v -0.0164007787 -0.00713529671 -0.00181299623
v -0.0163915455 -0.00742639275 -0.00200595241
v -0.016487781 -0.0144002214 -0.000187476326
v -0.0164841227 -0.0138646597 -0.000251346966
v -0.0162678622 -0.0144663109 -0.00465018908
v -0.0162343252 -0.00222157966 -0.00509555265
v -0.0164200645 -0.00299655949 -0.00134227448
v -0.0164207146 -0.0021655662 -0.00131324702
v -0.0164380223 -0.00166051066 -0.00095244532
v -0.016434541 -0.00127638865 -0.00101563742
v -0.0163917262 -0.00567565113 -0.0019686704
v -0.0162389595 -0.00572156021 -0.00506867329
v -0.0162419863 -0.00717853382 -0.00503521925
v -0.0162474588 -0.0092203794 -0.00496338261
v -0.0164170898 -0.00990254618 -0.00153522473
v -0.0164006427 -0.00917434599 -0.00185495638
v -0.0163949374 -0.00830240641 -0.00195396272
v -0.0164615512 -0.000362623658 -0.000450190884
v -0.0164904874 0.000887637143 0.000160826472
v -0.0165246148 0.00208115694 0.000876150909
v -0.016236078 -0.00397173921 -0.00509355543
v -0.0164012946 -0.00392208854 -0.0017408831
v -0.0164078251 -0.00436102878 -0.00161683443
v -0.0163953379 -0.00479577575 -0.00187854574
v -0.0164013822 -0.0057439697 -0.00177412387
v -0.0162427071 -0.00747112185 -0.00502630509
v -0.0162534174 -0.0109692775 -0.00487604272
v -0.0164192375 -0.0109194461 -0.00151122105
v -0.016433876 -0.0112582901 -0.0012206044
v -0.0164323784 -0.0117981788 -0.00126137305
v -0.0164562818 -0.0125822127 -0.000791601895
v -0.0164479204 -0.0126615129 -0.000962738646
v -0.0162603725 -0.0127178738 -0.00476851501
v 0.0152080012 0.0172265172 0.00329267979
v 0.015210717 0.018851338 0.00326875108
v 0.0151067609 0.0172634684 0.00579035515
v 0.0151094766 0.018888291 0.00576642621
v -0.016233325 0.00127901207 -0.00508133695
v -0.0162819475 0.00127614499 -0.00528153265
v -0.016280368 0.00127619179 -0.00527818082
v 0.0155598959 0.00120753155 -0.00632592989
v 0.0155804446 0.00120703981 -0.00635698391
v -0.0162664242 0.0012766507 -0.00524543738
v -0.0162646323 0.0012767174 -0.005240703
v -0.0162537191 0.00127717981 -0.00520806247
v -0.0162519868 0.00127726526 -0.00520207034
v -0.0162419733 0.00127787201 -0.00515973195
v -0.0162425227 0.0012778315 -0.00516253943
v -0.0162508469 0.00127732346 -0.00519798463
v -0.0162361227 0.00127843476 -0.0051208511
v 0.015497773 0.0012099318 -0.00616999483
v 0.0155068394 0.00120938872 -0.00620584236
v 0.0155076422 0.00120934739 -0.00620855903
v 0.0155107556 0.00120919454 -0.00621858938
v 0.0155203901 0.00120877719 -0.0062458287
v 0.0155242505 0.00120862818 -0.0062555084
v 0.0155372601 0.00120817905 -0.00628453027
v 0.0155406175 0.00120807393 -0.00629129261
v 0.0155573254 0.0012075986 -0.00632166909
v 0.015487399 0.0012110984 -0.00609195698
v 0.0154900504 0.00121063448 -0.00612315675
v 0.0154910441 0.0012105155 -0.00613112608
v 0.0154967029 0.00121000933 -0.00616485439
v -0.0164528619 0.0206351746 0.00195891317
v -0.0165541247 0.0206721276 0.0044565876
v -0.0165288486 0.0207489431 0.00445647584
v -0.0141718341 0.0223207492 0.00202643429
v -0.0143261217 0.0223158933 0.0020202524
v -0.0142724253 0.0223574638 0.00450810045
v -0.0144779654 0.0223487765 0.0045006061
v -0.0143773453 0.0223120507 0.00201823283
v -0.0144723095 0.0223019589 0.00201453292
v -0.0146724069 0.0223239809 0.00449499302
v -0.0145717105 0.0222872272 0.00201072171
v -0.0147639802 0.0222463105 0.00200353353
v -0.0148647921 0.022283107 0.00449065026
v -0.014904175 0.0222057104 0.00199845177
v -0.0150534743 0.022226356 0.00448723137
v -0.0149525246 0.0221895091 0.00199673162
v -0.0150436042 0.0221558101 0.00199353835
v -0.0152371256 0.0221540872 0.0044842232
v -0.0151360398 0.0221171919 0.001990363
v -0.0153137818 0.0220294315 0.00198445679
v -0.0154149756 0.0220663678 0.00448098034
v -0.0154830758 0.0219275746 0.00197910145
v -0.0155843161 0.0219645258 0.00447677495
v -0.0155924093 0.0219591632 0.00447652815
v -0.015562823 0.0218726154 0.00197668211
v -0.0157441553 0.0218493529 0.00447200192
v -0.0156429149 0.0218123998 0.00197432656
v -0.0157933068 0.0216839164 0.00197013165
v -0.0158945471 0.0217208676 0.00446780678
v -0.0159183294 0.0215589218 0.00196691323
v -0.0160195697 0.0215958748 0.00446458859
v -0.0159969367 0.0214699991 0.00196504244
v -0.0161487162 0.0214447547 0.00446158927
v -0.0160474759 0.0214078035 0.00196391414
v -0.0160893835 0.021352822 0.00196302892
v -0.0162650906 0.0212832037 0.00445926236
v -0.0161638502 0.0212462507 0.00196158723
v -0.016266901 0.0210747737 0.00195994717
v -0.0163681414 0.0211117249 0.0044576223
v -0.016320996 0.0209695995 0.00195931038
v -0.016456075 0.0209334586 0.00445669563
v -0.0163548347 0.0208965056 0.00195902027
v -0.016381979 0.0208327267 0.00195886358
v -0.0164276082 0.0207119919 0.00195880025
v -0.0162837636 0.00477805547 -0.005178147
v -0.016235115 0.00478092441 -0.00497783069
v 0.0154963145 0.00471267058 -0.00601032469
v 0.0155059239 0.00471208524 -0.00604898902
v 0.0155371837 0.00471084472 -0.0061296788
v 0.0155383656 0.00471080747 -0.00613206672
v 0.0155222258 0.00471136393 -0.0060961186
v 0.0155200828 0.00471144728 -0.00609071041
v 0.0155089684 0.00471193204 -0.00605905429
v 0.0155063439 0.00471206335 -0.00605042791
v 0.0155574223 0.00471026311 -0.00616688281
v 0.0155575266 0.00471026031 -0.00616705185
v 0.015486463 0.00471383939 -0.00593210198
v 0.0154893277 0.00471331924 -0.00596708991
v 0.0154898437 0.00471325545 -0.00597136188
v 0.0154960686 0.00471268874 -0.00600912143
v -0.0162682254 0.00477856165 -0.00514203077
v -0.0162673704 0.00477859331 -0.00513977977
v -0.0162437689 0.00477978354 -0.00505628577
v -0.0162446219 0.00477972068 -0.00506064296
v -0.0162526574 0.00477923453 -0.00509456871
v -0.0162382033 0.00478030927 -0.00501993857
v -0.0162379127 0.00478034653 -0.0050173765
v -0.0162543692 0.00477914745 -0.00510068145
v -0.0162555296 0.00477909064 -0.00510464841
v 0.0128308916 0.0222917311 0.00312138791
v 0.0127303004 0.0223284476 0.00560305361
v 0.0141788162 0.021870004 0.00318226381
v 0.0140775759 0.021906957 0.00567993894
v 0.0142357424 0.0217876025 0.00568811595
v 0.0140476534 0.021927312 0.00567842508
v 0.0140110645 0.0219759252 0.00317389704
v 0.013909854 0.022012867 0.00567084318
v 0.0139173865 0.0220270026 0.00316934427
v 0.0137350531 0.0221039187 0.00566002773
v 0.0138361678 0.0220670123 0.00316546019
v 0.0136552146 0.0221429206 0.00315700239
v 0.0135542322 0.0221797787 0.00564832659
v 0.0134680551 0.0222038236 0.00314851524
v 0.0133672105 0.0222406294 0.00563640753
v 0.0133645283 0.0222303215 0.00314392685
v 0.0131756729 0.0222857781 0.00562494993
v 0.0132763945 0.022249015 0.00314007769
v 0.0132193826 0.0222592633 0.00313761528
v 0.0129810767 0.0223148894 0.00561446883
v 0.0130817108 0.022278158 0.00313175539
v 0.012884669 0.0222910643 0.00312357768
v 0.0127840759 0.0223277789 0.00560529204
v 0.0150050605 0.0206382144 0.00573630445
v 0.0151062785 0.0206012595 0.00323862815
v 0.0150360279 0.0207990389 0.00323285442
v 0.0149347875 0.0208359919 0.00573052978
v 0.0150114102 0.0208575837 0.00323099061
v 0.0148519976 0.0210181549 0.00572447898
v 0.014953238 0.0209812019 0.00322680362
v 0.0148558272 0.0211554244 0.00322027761
v 0.0147545869 0.0211923774 0.0057179532
v 0.0147947809 0.0212496631 0.00321640889
v 0.0146437315 0.0213569496 0.00571102463
v 0.0147449719 0.0213199984 0.0032133495
v 0.0147076203 0.0213694349 0.00321110408
v 0.0145198908 0.0215115175 0.0057037184
v 0.0146211311 0.0214745663 0.00320604281
v 0.0144847762 0.0216185134 0.00319838617
v 0.0143835358 0.0216554664 0.00569606153
v 0.0144056715 0.021691978 0.00319409301
v 0.0143369827 0.0217506513 0.00319044059
v 0.0155808348 0.00295828073 -0.00628572237
v 0.0155588975 0.00295880623 -0.00625252165
v 0.0155575741 0.00295884092 -0.00625031628
v 0.0155397244 0.00295934989 -0.00621779449
v 0.0154965688 0.00296126003 -0.0060929805
v 0.0154906437 0.00296179461 -0.00605734857
v 0.0154898763 0.00296188751 -0.00605112826
v 0.0154871223 0.00296237809 -0.00601813197
v 0.0155373812 0.00295942347 -0.00621306524
v 0.0155234616 0.00295990519 -0.0061819274
v 0.015520406 0.00296002347 -0.00617424119
v 0.0155100804 0.00296047237 -0.00614493527
v 0.0155069996 0.00296062557 -0.00613488676
v 0.0154972505 0.00296121044 -0.00609627087
v -0.0162544213 0.00302807335 -0.00516051752
v -0.0162657723 0.00302759395 -0.00519435061
v -0.016267119 0.00302754389 -0.00519789802
v -0.0162817147 0.00302706566 -0.00523203053
v -0.0162826572 0.00302703818 -0.0052340054
v -0.0162368119 0.00302932877 -0.00507327076
v -0.0162370428 0.00302929943 -0.00507528754
v -0.0162340216 0.00302990619 -0.00503373984
v -0.016242668 0.00302876555 -0.00511216884
v -0.0162433609 0.00302871456 -0.00511571579
v -0.0162515491 0.00302821677 -0.00515044015
v -0.0162529629 0.00302814483 -0.00515549304
v 0.0133888163 0.0221280996 0.00564473728
v -0.0149285281 0.0221612118 0.00449632853
v 0.0100120511 -0.0225521252 -0.00494222343
v 0.0117502259 -0.022553945 -0.00486360537
v 0.00797046814 -0.022531271 -0.00191759772
v 0.00448977342 -0.0225455575 -0.00506010093
v -0.00901556388 -0.0225130171 -0.00260637701
v -0.00923837256 -0.022479713 0.00288921688
v -0.015493433 -0.0225099996 -0.00352567504
v -0.0145939589 -0.0225127023 -0.00377862644
v 0.0123232044 -0.0225542802 -0.00479320856
v 0.0134591553 -0.0225545168 -0.0045834831
v 0.0140220765 -0.0225544181 -0.00444381172
v 0.014581345 -0.0225541666 -0.0042789611
v 0.00774765899 -0.0224979669 0.00357799605
v -0.00819454528 -0.0225256551 -0.00453032739
v -0.000934734475 -0.022538038 -0.00499887485
v -0.0136888735 -0.0225150827 -0.0039761113
v -0.012778149 -0.0225171335 -0.00411784789
v -0.0118618952 -0.0225188639 -0.00420495123
v 0.0150865465 0.0261073634 0.00590563705
v 0.0152173871 0.026027495 0.00603237748
v -0.0169866607 0.0260622967 0.00472622458
v 0.0171397403 0.0241485015 0.0077649965
v 0.0171940904 0.0240674727 0.00780738052
v -0.0189187732 0.0243395399 0.00622220617
v 0.0173624419 0.0238005891 0.00793405809
v 0.0174411777 0.0236665774 0.00799053535
v -0.0191856269 0.0239644814 0.00639837608
v -0.0199587476 0.0224365946 0.00677572424
v 0.0180258267 0.0223959405 0.00831597112
v -0.0199809298 0.0223756544 0.00678070076
v 0.0180780608 0.0222457554 0.00833120942
v -0.0201047082 0.0220008548 0.00679533742
v -0.0200122781 0.0222866256 0.00678666122
v 0.0181688629 0.0219597258 0.00834732037
v 0.0181002133 0.0221791361 0.00833646953
v 0.0178743135 0.0227868389 0.00825406238
v -0.0198021475 0.0228274092 0.00672627613
v 0.0178572834 0.0228273254 0.00824578106
v -0.0197842605 0.0228683278 0.00671932008
v 0.0178444888 0.0228573438 0.00823941175
v -0.0198380891 0.0227430873 0.00673953583
v 0.0179805271 0.0225191917 0.00829994585
v 0.0176908076 0.0231940486 0.00815430097
v -0.0196754336 0.0231041126 0.00667251879
v 0.0176623035 0.0232522096 0.00813700352
v -0.0195810348 0.0232926589 0.00662667397
v -0.0195521954 0.0233476926 0.00661184685
v -0.0194918271 0.0234593656 0.00657971017
v -0.0194275379 0.0235734433 0.00654399348
v 0.0176345222 0.02330775 0.00811975263
v 0.0175179094 0.0235295799 0.00804357324
v -0.0193489846 0.0237066317 0.00649850629
v -0.0192638058 0.0238440968 0.00644715084
v -0.0189392623 0.0243125092 0.00623619184
v -0.0190886129 0.0241068695 0.00633592904
v -0.0188005194 0.0244904552 0.00614020508
v 0.0169220008 0.0244513098 0.00758919679
v 0.0170521904 0.024274271 0.00769539736
v 0.0166260116 0.0248150378 0.00733787706
v 0.0167130325 0.0247132294 0.00741301849
v 0.0168948341 0.0244868472 0.00756666763
v -0.0184866469 0.0248534065 0.00591360871
v -0.0184795503 0.0248610433 0.00590835745
v 0.0163442157 0.0251189433 0.00708865374
v -0.0181882251 0.0251556505 0.005688712
v 0.0163042303 0.0251591261 0.00705265021
v -0.0186257381 0.0246988293 0.00601546466
v -0.0185799971 0.0247507021 0.00598220574
v 0.0166254938 0.0248156339 0.00733742677
v 0.0165054817 0.0249496438 0.00723230606
v -0.0181329064 0.0252076797 0.00564620458
v -0.017781226 0.0255125798 0.00537107
v 0.0159618855 0.0254766084 0.00673904736
v -0.0181462206 0.0251952596 0.0056564617
v 0.0161722712 0.0252869725 0.0069328472
v -0.0177670829 0.0255239662 0.0053598485
v -0.0177123342 0.0255674459 0.00531630078
v 0.0158131272 0.0256009344 0.00660020672
v 0.0155990152 0.025766803 0.00639809994
v -0.0172623601 0.0258910879 0.00495289918
v -0.0173941161 0.0258022621 0.00506023038
v -0.0173191708 0.0258533619 0.00499926601
v 0.0155285131 0.0258182213 0.00633103028
v 0.0154267047 0.0258898064 0.00623376202
v -0.0165612958 0.0262905806 0.00437189639
v 0.014819799 0.0262562558 0.00564547256
v -0.0167576391 0.0261903722 0.00453606481
v 0.0148426481 0.0262442119 0.00566784013
v -0.0168471895 0.0261417609 0.00461060554
v 0.0150114987 0.0261511095 0.00583266933
v -0.016181387 0.026460886 0.00405172165
v -0.0161208492 0.0264852736 0.00400044303
v 0.0144062452 0.0264525004 0.00523824105
v -0.0163543466 0.0263870973 0.00419786107
v 0.0146249058 0.0263537951 0.00545408251
v 0.0136579759 0.0267104115 0.00449296739
v 0.013820447 0.0266644675 0.00465548504
v -0.0156657994 0.026645733 0.00361307175
v 0.0139801456 0.0266139824 0.00481490185
v -0.0158445202 0.0265874397 0.00376557792
v 0.0141478749 0.026555147 0.00498192478
v 0.0143427495 0.0264791045 0.00517536933
v -0.0151995542 0.0267702732 0.00321346731
v -0.0149786267 0.0268158559 0.00302342838
v 0.0131584043 0.0268185474 0.00399164436
v -0.0147869773 0.026848603 0.00285831885
v 0.0131009258 0.026827855 0.00393384974
v -0.0155878253 0.026669303 0.00354640558
v -0.0153209418 0.0267415997 0.00331771118
v 0.0135442689 0.0267393757 0.0043790536
v 0.0132761346 0.0267974846 0.00410996284
v -0.0147255305 0.026857784 0.00280533708
v -0.0143062361 0.0269035678 0.00244345306
v 0.0127102742 0.0268743914 0.00354069029
v 0.0126523953 0.0268788282 0.00348240882
v -0.0137765082 0.0269199833 0.0019859171
v -0.0137637816 0.0269198138 0.00197493238
v 0.0122009078 0.0268919114 0.00302779372
v -0.0142462905 0.0269077346 0.00239167968
v 0.0122127431 0.0268920548 0.00303970743
v -0.0153750796 -0.0270724483 0.00271932548
v -0.0153644914 -0.0270726327 0.00270885276
v -0.0157725196 -0.0270572454 0.00269208616
v -0.0161602218 -0.0269922186 0.00349496165
v -0.0158914048 -0.0270345882 0.00322969723
v -0.0162298568 -0.0270041358 0.00267276261
v -0.0157877952 -0.0270467456 0.00312736724
v -0.0157397408 -0.0270516053 0.00307988585
v -0.0162078626 -0.0269830655 0.00354193384
v -0.0166811459 -0.0269134827 0.00265312917
v -0.0163979921 -0.0269415099 0.00372925843
v -0.0169823766 -0.0267616902 0.00430340832
v -0.0166225731 -0.0268818904 0.00395022519
v -0.0171232745 -0.026785912 0.0026333204
v -0.0166037232 -0.0268873386 0.00393169327
v -0.0165758431 -0.0268952493 0.00390427746
v -0.0170279779 -0.0267442036 0.00434808619
v -0.017553173 -0.0266223028 0.00261347438
v -0.0170554146 -0.026733432 0.00437495718
v -0.0177594628 -0.0263882391 0.00506154215
v -0.0174825918 -0.0265404359 0.00479229307
v -0.0179678854 -0.0264237896 0.00259372778
v -0.0174214337 -0.0265710801 0.00473267911
v -0.0173778329 -0.0265922919 0.0046901512
v -0.017800441 -0.0263637546 0.00510130171
v -0.0183645338 -0.0261917431 0.00257421681
v -0.0178853199 -0.0263113789 0.00518354867
v -0.0187403802 -0.025927769 0.00255507696
v -0.0184712186 -0.0258816797 0.00574745331
v -0.0183940176 -0.0259457435 0.0056735985
v -0.0182636417 -0.0260484871 0.00554853817
v -0.0181623958 -0.0261237994 0.00545114279
v -0.0181246288 -0.0261509307 0.00541476021
v -0.0185049623 -0.0258528888 0.00577968173
v -0.0190928243 -0.0256336909 0.00253644027
v -0.0186992642 -0.0256772172 0.00596460467
v -0.0190973189 -0.0252565742 0.00633915048
v -0.0189783052 -0.0253919344 0.00622787839
v -0.0194194242 -0.0253115427 0.00251843571
v -0.0188255589 -0.0255532768 0.00608413992
v -0.018796036 -0.0255829841 0.00605624821
v -0.0191221926 -0.0252271239 0.0063623176
v -0.0197179317 -0.0249635484 0.00250118761
v -0.0192324836 -0.0250913072 0.0064646313
v -0.0199862793 -0.0245921202 0.00248481543
v -0.0196213126 -0.0245295577 0.00681839278
v -0.0195450913 -0.0246517435 0.00675009284
v -0.0194629189 -0.024776198 0.00667581987
v -0.0193929449 -0.0248768404 0.0066121039
v -0.0193730425 -0.0249046311 0.00659391144
v -0.0196359605 -0.0245052651 0.00683144573
v -0.0202226192 -0.0241998173 0.00246943161
v -0.0197261982 -0.024349289 0.0069112652
v -0.0200253967 -0.0237288699 0.00716598565
v -0.0198858809 -0.0240416508 0.00704952748
v -0.020425301 -0.0237893593 0.00245514349
v -0.0198499262 -0.0241149738 0.00701878779
v -0.0198403224 -0.02413412 0.00701053767
v -0.0200335402 -0.0237089768 0.00717261434
v -0.0205929372 -0.0233635809 0.00244204933
v -0.020142749 -0.0234191995 0.00725912116
v -0.0203057788 -0.0228637289 0.00737486361
v -0.0202403609 -0.0231112521 0.00733117294
v -0.0207243599 -0.0229254235 0.00243023969
v -0.020185532 -0.0232912954 0.00729147717
v -0.0201849043 -0.0232932437 0.00729100918
v -0.0203936435 -0.0224302821 0.00742191169
v -0.0203822963 -0.0224968493 0.00741708465
v -0.0208186693 -0.0224779174 0.00241979631
v -0.0203198697 -0.0228040032 0.00738355471
v -0.0203082468 -0.0228534434 0.00737641146
v -0.0204528719 -0.0219509285 0.00743147917
v -0.0204491541 -0.0219940227 0.00743226754
v -0.0208752118 -0.0220241621 0.00241079135
v -0.0204283409 -0.0221890919 0.0074321893
v -0.0203977451 -0.0224050209 0.00742351729
v -0.0204653442 -0.0217572358 0.00742810825
v -0.0206765179 -0.0217938535 0.00491776364
v -0.0206824206 -0.0215306673 0.00491363043
v -0.0208935943 -0.0215672851 0.00240328675
v 0.0142979398 -0.0270363335 0.00466469768
v 0.0143571515 -0.0270249769 0.00473263953
v 0.0144834369 -0.0270371418 0.00391817885
v 0.0183658376 -0.0220357329 0.00900620501
v 0.0191390868 -0.0220671613 0.00403336063
v 0.0183269233 -0.0223630741 0.00899873953
v 0.0190811083 -0.0225207955 0.00403772201
v 0.0183142927 -0.0224466696 0.00899327639
v 0.018310247 -0.0224720053 0.00899133366
v 0.0182720777 -0.0226854403 0.00896964502
v 0.0189854335 -0.0229680948 0.0040404615
v 0.0182273947 -0.0228949487 0.00893900637
v 0.0188527219 -0.0234059691 0.00404156046
v 0.0182012729 -0.0230038762 0.00891936291
v 0.0182250142 -0.0229052342 0.00893726107
v 0.0180708598 -0.0234559868 0.00880987197
v 0.0181102548 -0.0233319625 0.00884448364
v 0.0181141421 -0.0233192258 0.00884783827
v 0.0178000629 -0.0241402443 0.00855227374
v 0.0179451946 -0.0238032173 0.00869372766
v 0.0186838917 -0.0238313861 0.00404101098
v 0.0179614518 -0.0237617027 0.00870914944
v 0.0179659426 -0.0237500761 0.00871339161
v 0.0175922271 -0.0245448742 0.00834126212
v 0.0184801109 -0.0242414083 0.00403881725
v 0.0175784361 -0.024569232 0.00832700264
v 0.0182427913 -0.0246332008 0.00403499417
v 0.0175119154 -0.0246830918 0.00825785007
v 0.0176348984 -0.0244677309 0.00838520657
v 0.0177840404 -0.0241742935 0.0085363118
v 0.0177931339 -0.0241550356 0.00854537822
v 0.017111348 -0.0252660271 0.00783160888
v 0.0179735664 -0.0250040516 0.00402956828
v 0.0170882866 -0.0252952147 0.00780667085
v 0.0176743045 -0.0253514051 0.00402257685
v 0.0170457978 -0.0253479518 0.00776063232
v 0.0173041429 -0.0250048824 0.00803856738
v 0.0173459519 -0.0249438193 0.00808304362
v 0.0173644144 -0.0249163043 0.00810263213
v 0.0165355951 -0.0258906614 0.00720043015
v 0.0173470676 -0.0256728493 0.00401406828
v 0.0165042449 -0.0259193126 0.00716564013
v 0.0169941261 -0.0259661712 0.0040041022
v 0.0164407641 -0.0259758625 0.00709510269
v 0.0167630967 -0.0256675724 0.007451721
v 0.0168071538 -0.0256210584 0.00750013301
v 0.0168345589 -0.0255915485 0.00753019797
v 0.0158796106 -0.0264002848 0.00646645902
v 0.0166179109 -0.026229335 0.00399274612
v 0.0158417597 -0.0264245104 0.00642378023
v 0.0162210315 -0.0264605302 0.00398007967
v 0.0156893656 -0.0265169907 0.00625165645
v 0.0160950646 -0.0262523163 0.00670878915
v 0.0161818005 -0.02618769 0.00680602761
v 0.0162166543 -0.0261608586 0.00684504677
v 0.0151618896 -0.0267789979 0.00565284863
v 0.0158062242 -0.0266581513 0.00396618946
v 0.0151196197 -0.0267963503 0.00560469087
v 0.0153763611 -0.0268208366 0.00395117234
v 0.0147860162 -0.0269156341 0.00522385584
v 0.0152638033 -0.0267350115 0.00576886628
v 0.0154869836 -0.0266277939 0.00602242444
v 0.015527322 -0.0266067628 0.00606816914
v 0.0149344131 -0.0269474573 0.00393513171
v 0.0144012095 -0.0270159487 0.00478317402
v 0.014742529 -0.0269289315 0.00517412135
v 0.0147745218 -0.0269191992 0.00521071069
v 0.0140265459 -0.027089268 0.0039004304
v 0.0136190262 -0.027103778 0.0038841269
v 0.0136287827 -0.0271036178 0.00389536307
v 0.0138154766 -0.0270960182 0.00411024876
v 0.0139668863 -0.0270835329 0.00428440003
v 0.0140113877 -0.0270787813 0.00433556177
v 0.0183696933 -0.021992648 0.00900572445
v 0.0183827989 -0.0217989832 0.00900339056
v 0.0187674966 -0.0218362398 0.00651720818
v 0.0187742729 -0.0215730686 0.00651358906
v 0.0191589687 -0.0216103252 0.00402740808
v -0.0154401921 0.0267208628 0.00190992444
v -0.0160034429 0.0265597086 0.00188947795
v -0.0165512841 0.026352657 0.00187033508
v -0.0170799419 0.0261011384 0.00185262773
v -0.0189320836 0.0246895235 0.00179843779
v -0.0204339232 0.0222135186 0.00177419418
v -0.0206030626 0.0216562264 0.00177558325
v -0.0202187579 0.0227549598 0.00177490513
v -0.0199590493 0.023276804 0.00177771167
v -0.0196565948 0.023775449 0.00178259402
v -0.0193134807 0.0242474433 0.00178951875
v -0.0185150299 0.0250986386 0.0018092898
v -0.0180652216 0.0254719537 0.00182199921
v -0.0175857507 0.0258068927 0.00183647859
v -0.0148654375 0.0268350057 0.00193153275
v -0.0142831542 0.0269013494 0.00195415341
v -0.0201807152 0.02172946 0.00679627154
v -0.0203026552 0.0211601704 0.00679975143
v -0.0207249951 0.0210869368 0.00177906349
v -0.0203765463 0.0205828156 0.00680529792
v -0.0207988862 0.020509582 0.0017846101
v -0.0204018764 0.0200013909 0.0068128733
v -0.0208242238 0.0199281573 0.00179218512
v 0.0127195045 0.0268723313 0.00304910424
v 0.0133007756 0.0268047377 0.00307366531
v 0.013874365 0.0266893618 0.0030986222
v 0.0144363036 0.0265269987 0.0031238019
v 0.0149827078 0.0263187699 0.00314903026
v 0.015509801 0.026066117 0.00317413337
v 0.0160139333 0.0257707871 0.00319893705
v 0.016491631 0.02543482 0.00322327064
v 0.0169395842 0.0250605382 0.00324696512
v 0.0173546933 0.0246505309 0.00326985726
v 0.0177340936 0.0242076311 0.00329178828
v 0.0180751644 0.0237349011 0.00331260706
v 0.018375542 0.0232356098 0.00333216949
v 0.0186331514 0.0227132086 0.00335034006
v 0.0188462138 0.0221713092 0.00336699374
v 0.0182438623 0.0216881689 0.00835437793
v 0.0190132558 0.0216136556 0.00338201481
v 0.0191331189 0.0210441053 0.00339529966
v 0.0183637273 0.0211186185 0.00836766325
v 0.0192049816 0.020466594 0.00340675656
v 0.0184355881 0.0205411091 0.00837912038
v 0.0192283392 0.0198851153 0.00341630634
v 0.0184589475 0.0199596304 0.00838867016
v -0.0206215139 0.0149021223 0.00437708618
v -0.0204103403 0.0149387391 0.00688743079
v -0.00677925767 0.0148872472 0.00493838638
v -0.00688049803 0.0149241993 0.00743606267
v 0.0169014148 0.0225952826 0.00328189088
v 0.0171108264 0.0222467352 0.00329553569
v 0.0142479269 -0.0250046831 0.00387856294
v -0.0178060886 -0.0242691506 0.00256840861
v 0.0172911379 0.0218808819 0.00330825709
v 0.0174401794 0.0215019733 0.00331990421
v 0.0175571945 0.0211124606 0.00333040999
v 0.0176414866 0.0207151007 0.00333970552
v 0.017692605 0.0203128941 0.00334772817
v 0.0177104007 0.019886747 0.00335475407
v 0.0176410284 -0.0216086954 0.00396585558
v 0.0176283903 -0.0218964443 0.00396960089
v 0.0175923705 -0.0221771561 0.00397229381
v 0.0175333433 -0.0224534199 0.00397398835
v -0.0175761841 -0.0244316347 0.0025801314
v -0.0173335467 -0.0245744549 0.00259207934
v -0.0170815829 -0.0246958472 0.00260408851
v -0.0168209337 -0.0247958153 0.00261613261
v -0.0165521689 -0.0248741042 0.00262818485
v -0.0162776448 -0.0249298923 0.00264013791
v -0.0159990527 -0.0249627549 0.00265191635
v -0.0157469995 -0.02497245 0.00266227662
v -0.0141676553 0.0248204749 0.00198962097
v 0.0128350705 0.0247914568 0.00308457459
v 0.0166651327 0.0229235571 0.00326745678
v 0.0164024215 0.0232313238 0.0032522548
v 0.0161147751 0.0235166661 0.00323637365
v 0.0158042144 0.0237773918 0.00321992813
v 0.0154727688 0.0240116417 0.00320302765
v 0.0151229361 0.0242175553 0.00318580121
v 0.0147596374 0.0243925899 0.00316848583
v 0.0143837724 0.0245367456 0.00315111782
v 0.0139962267 0.024649635 0.00313373888
v 0.0136003383 0.0247300845 0.00311650173
v 0.0131985573 0.0247774757 0.00309951487
v -0.0180215184 -0.024088284 0.00255700061
v -0.0182210803 -0.0238903221 0.00254598283
v -0.0184033569 -0.0236767866 0.00253543514
v -0.0185672995 -0.0234490093 0.00252542016
v -0.0187126119 -0.0232071485 0.00251595164
v -0.0188377462 -0.022953257 0.00250712316
v -0.0189411789 -0.0226902906 0.00249904022
v -0.019022394 -0.0224199407 0.00249174866
v -0.0190809071 -0.0221441351 0.00248529622
v -0.019116383 -0.0218649693 0.00247972808
v -0.019128738 -0.0215691812 0.00247485121
v -0.0190593656 0.0199262612 0.0018637497
v -0.0190411564 0.0203408245 0.00185835443
v -0.0189892612 0.0207452551 0.00185447442
v -0.0189042203 0.0211432781 0.00185203284
v -0.0187867451 0.0215322841 0.00185103936
v -0.0186381117 0.0219089594 0.00185149128
v -0.0184585974 0.0222727302 0.00185338571
v -0.0182485562 0.0226221103 0.00185673055
v -0.0180106964 0.0229522362 0.00186148775
v -0.0145902857 0.0248025507 0.00197275542
v -0.0149892382 0.0247515384 0.001957339
v -0.0153835258 0.0246675555 0.00194259943
v -0.0157702602 0.0245510153 0.00192864775
v -0.0161467437 0.0244025514 0.00191558397
v -0.0165105965 0.0242228489 0.00190349424
v -0.0168576706 0.0240139533 0.00189251651
v -0.0171849448 0.0237780437 0.00188274111
v -0.0174921621 0.0235154964 0.00187417271
v -0.0177469589 0.0232607592 0.00186761352
v 0.0174518097 -0.0227234215 0.00397467799
v 0.0173486583 -0.0229848307 0.0039743646
v 0.0172240809 -0.0232372787 0.00397304958
v 0.0170783252 -0.0234797224 0.00397072872
v 0.0169132855 -0.0237087831 0.00396742765
v 0.0167303011 -0.0239228457 0.00396317756
v 0.016553523 -0.0240995772 0.00395862712
v 0.0163404066 -0.0242817104 0.00395268295
v 0.016113393 -0.0244453475 0.00394590246
v 0.0158726685 -0.0245902315 0.00393828843
v 0.0156203192 -0.0247148629 0.00392990373
v 0.0153592257 -0.0248178225 0.00392084382
v 0.0150910374 -0.0248986427 0.00391116878
v 0.0148176169 -0.024956882 0.00390094751
v 0.0145409768 -0.0249922555 0.00389025756
v -0.00923730899 -0.0218429882 0.00287983986
v -0.0067393654 -0.0218456741 0.00298113073
v -0.00673769368 -0.0208457857 0.00296640536
v 0.00525244791 -0.0208586697 0.00345260254
v 0.0077487235 -0.0218612421 0.00356861902
v 0.00525077619 -0.0218585581 0.00346732792
v 0.0184504837 0.0148969786 0.00846322719
v 0.0188351814 0.014859722 0.00597704481
v -0.00687648635 0.0173239354 0.00740072178
v 0.00511365524 0.0173110515 0.00788691919
v 0.0051096431 0.0149113145 0.00792225916
v 0.00771284243 0.0172714144 0.00549053354
v 0.0077155591 0.0188962352 0.00546660507
v 0.0155199086 -0.00754300179 -0.00630148593
v 0.0155372089 -0.0075435508 -0.00633681472
v -0.0162598398 -0.00747340033 -0.00518294191
v 0.0154819665 -0.00754097197 -0.00616796268
v 0.015488903 -0.00754155451 -0.00620672805
v 0.0155054741 -0.00754244067 -0.00626500975
v 0.0154989734 -0.00754213752 -0.00624518329
v 0.0154946512 -0.00754190935 -0.00623016339
v -0.0162909273 -0.00747457752 -0.00526643172
v -0.0162932258 -0.00747464364 -0.00527117541
v -0.016262712 -0.00747354375 -0.00519301556
v -0.0162754096 -0.00747407228 -0.00523036625
v -0.0162762795 -0.00747410441 -0.00523262704
v -0.0162456445 -0.00747235538 -0.00511038909
v -0.0162509773 -0.00747285224 -0.00514473068
v -0.0162524078 -0.00747295609 -0.00515194843
v -0.0162423402 -0.00747171324 -0.00506642554
v 0.0154781127 -0.00754039036 -0.00612889556
v 0.0154802278 -0.00754076242 -0.00615394348
v -0.0162424017 -0.00747174257 -0.00506840926
v -0.0162451249 -0.00747229019 -0.00510589452
v -0.00694224192 -0.0220085364 0.00797996949
v 0.00504794158 -0.022457432 0.00845357403
v 0.00504789967 -0.0220214222 0.00846616644
v 0.00504952436 -0.0228906907 0.00840306096
v 0.00505263591 -0.0233178921 0.00831501
v 0.00505725201 -0.0237357933 0.0081900917
v 0.00506333821 -0.0241412073 0.00802925695
v -0.00692680338 -0.0241283216 0.00754306
v -0.00692592701 -0.0241787788 0.00752011128
v 0.00506421458 -0.0241916645 0.00800630823
v -0.00693288911 -0.0237229075 0.00770389428
v -0.00693750568 -0.0233050082 0.00782881305
v -0.00694061723 -0.0228778068 0.00791686401
v -0.00694219954 -0.0224445481 0.00796737708
v -0.00684060575 -0.0218087211 0.00547880633
v -0.00694184611 -0.0217717681 0.00797648262
v 0.00521088392 0.0148743624 0.00542458333
v 0.00504829548 -0.0217846539 0.00846267957
v -0.00555734849 0.0148048783 -0.000515984255
v -0.00655652909 0.0148059521 -0.000556500803
v -0.00655251695 0.0172056891 -0.000591841585
v 0.00543762464 0.0171928033 -0.000105644453
v 0.00443443237 0.0147941411 -0.00011082014
v 0.0054336125 0.0147930672 -7.03036349e-05
v 0.0131563284 0.0221027564 -0.00490923924
v 0.0122854384 0.0220988132 -0.00515266135
v 0.0114120198 0.0220959857 -0.00534868008
v 0.0105361417 0.0220942423 -0.00549864816
v 0.00965764932 0.0220936555 -0.00559953693
v 0.00789352693 0.0220956337 -0.00566753978
v 0.00612792093 0.0220982675 -0.00570776081
v -0.0106974477 0.0221493617 -0.00498214178
v -0.0118209654 0.0221556053 -0.00481295353
v -0.0125044882 0.0221603271 -0.00467068655
v -0.0139158415 0.022172099 -0.00429056026
v 0.00259361719 0.0221049022 -0.00573012698
v -0.000854088692 0.0221135952 -0.00565716717
v -0.00809030607 0.0221387725 -0.00520852301
v -0.00895323232 0.0147716841 -0.0031554671
v -0.00895235408 0.0152966259 -0.00316319801
v -0.00917596091 0.0148529792 0.00233941991
v -0.0091750836 0.0153779211 0.002331689
v -0.0162439663 0.0135356011 -0.00472651608
v -0.0162742548 0.0135338176 -0.00485106884
v -0.0162615702 0.0135343457 -0.00481374096
v 0.015556043 0.0134680141 -0.00570594706
v 0.0155482814 0.013468219 -0.00569289317
v 0.015534902 0.0134686083 -0.00566799799
v 0.0155298915 0.0134687684 -0.0056577255
v -0.016258698 0.0135344891 -0.00480366126
v -0.0162758287 0.0135337599 -0.00485512149
v 0.0155171212 0.013469222 -0.00562835857
v 0.0154990489 0.0134700518 -0.00557405362
v -0.0162514783 0.0135349184 -0.00477371272
v 0.0154921524 0.0134704886 -0.00554520125
v 0.0154902004 0.0134706376 -0.00553530082
v 0.0154851563 0.0134711312 -0.00550231012
v 0.0154844755 0.0134712216 -0.00549626304
v 0.0154818939 0.0134717757 -0.00545897242
v 0.0152019411 0.013601915 0.00334605901
v -0.016571926 0.0136360591 0.00205763686
v -0.0162498243 0.0135350386 -0.00476540159
v 0.0155144455 0.0134693272 -0.00562148262
v 0.0155028338 0.0134698497 -0.00558732264
v 0.0155019015 0.0134698981 -0.00558418082
v -0.0162415374 0.0135367708 -0.00464682421
v -0.0162411761 0.0135361785 -0.00468699681
v -0.0162412524 0.013536144 -0.00468935212
v 0.0151990158 0.011852107 0.00337182847
v 0.0151960906 0.010102299 0.0033975977
v 0.0151931653 0.00835249107 0.00342336716
v 0.01519024 0.00660268357 0.00344913639
v -0.0165836271 0.00663682818 0.00216071424
v -0.0165807027 0.00838663615 0.00213494501
v -0.0165658668 0.0172606613 0.00200425764
v -0.0166671071 0.0172976144 0.00450193277
v -0.016563151 0.0188854821 0.00198032893
v -0.0166643914 0.0189224351 0.0044780043
v -0.0162560251 0.00653022062 -0.00504103163
v -0.0162568707 0.00653017964 -0.00504391221
v -0.0162368268 0.0065326062 -0.00487686833
v -0.016236458 0.00653201342 -0.00491707446
v 0.0154887941 0.00646483107 -0.00587753952
v 0.0154885305 0.0064648632 -0.00587535836
v 0.0154855615 0.006465415 -0.00583824934
v 0.0154853556 0.00646549696 -0.00583271263
v -0.0162392538 0.00653143553 -0.00495662587
v 0.0155045716 0.00646366039 -0.00595524069
v 0.0154953236 0.00646423036 -0.00591757568
v 0.015495114 0.00646424573 -0.00591653865
v -0.0162692182 0.00652966322 -0.0050803707
v -0.0162695684 0.00652965019 -0.00508129271
v -0.0162851047 0.00652914448 -0.00511741266
v -0.0162856132 0.00652912958 -0.00511847902
v 0.0155056845 0.00646360219 -0.00595905958
v 0.0155075835 0.00646350626 -0.00596533669
v 0.0155572761 0.00646179169 -0.00607612403
v -0.0162451118 0.00653087208 -0.00499554258
v -0.0162461307 0.00653079757 -0.00500073191
v -0.0162539985 0.00653032307 -0.00503383111
v 0.0155195342 0.00646298332 -0.00599950738
v 0.0155207021 0.00646293769 -0.00600246666
v 0.0155367069 0.00646238029 -0.00603848929
v 0.0155367749 0.00646237843 -0.00603862246
v 0.0155556407 0.006461835 -0.0060733906
v -0.0162396114 0.00653139036 -0.00495975139
v -0.00927318912 0.0172896683 0.00480175437
v -0.00927047338 0.0189144891 0.0047778259
v 0.0155328121 -0.00579373538 -0.00636288105
v -0.0162385944 -0.0057221516 -0.00510878442
v -0.0162472315 -0.00572329015 -0.00518707279
v -0.0162413865 -0.00572272809 -0.00514824595
v 0.0155167533 -0.00579318125 -0.00632707868
v 0.0155215031 -0.00579335727 -0.00633848365
v -0.0162716564 -0.00572451018 -0.00527269533
v -0.0162693877 -0.00572442496 -0.00526666641
v 0.0154970661 -0.00579227274 -0.00626760349
v 0.0155024715 -0.00579256192 -0.00628663367
v -0.0162589662 -0.00572398119 -0.00523535023
v -0.0162569396 -0.00572388107 -0.00522830989
v -0.0162560921 -0.00572383776 -0.00522527844
v 0.0154923797 -0.00579197891 -0.00624820311
v 0.0154854255 -0.00579139683 -0.00620946474
v 0.0154835032 -0.005791164 -0.00619386835
v 0.0154815465 -0.00579081569 -0.00617042463
v -0.0162871741 -0.00572501542 -0.00530875474
v -0.0162848886 -0.00572494743 -0.00530389417
v -0.0092675481 0.020664297 0.00475205621
v -0.00926901028 0.019789394 0.00476494106
v 0.00771702174 0.0197711401 0.00545372022
v 0.00771848438 0.0206460431 0.00544083538
v 0.015538563 -0.00404393068 -0.00638853572
v -0.016238505 -0.00397290708 -0.0051731281
v 0.0155220162 -0.00404337887 -0.00635292474
v 0.015536176 -0.00404385757 -0.00638382928
v 0.0155083267 -0.00404281449 -0.0063161687
v 0.0155051714 -0.00404266268 -0.00630620867
v 0.0155043928 -0.00404262356 -0.00630363077
v -0.01624435 -0.00397346914 -0.0052119568
v -0.0162687749 -0.00397468917 -0.00529758073
v -0.0162818208 -0.0039751213 -0.00532838842
v -0.0162842926 -0.00397519441 -0.00533364061
v 0.0154842725 -0.00404091598 -0.0061899838
v 0.0154868718 -0.00404134998 -0.00621916307
v 0.0154881403 -0.0040414976 -0.00622902997
v 0.0154950907 -0.00404207967 -0.00626777206
v -0.0162357111 -0.0039723306 -0.00513366843
v -0.0162532106 -0.00397401722 -0.00525016198
v -0.0162560828 -0.00397416065 -0.00526023423
v -0.0162663776 -0.00397459976 -0.00529121514
v -0.0163104869 -0.0162177421 -0.00473920023
v -0.0163082443 -0.016217662 -0.00473345956
v -0.0163237806 -0.0162181687 -0.00476958929
v -0.0162955392 -0.016217133 -0.00469606975
v -0.0162963215 -0.0162171684 -0.00469867373
v -0.0162837803 -0.0162164401 -0.00464768521
v -0.0162856672 -0.0162165742 -0.00465707574
v -0.0162754916 -0.0162147041 -0.00452896627
v -0.0162751209 -0.0162152983 -0.00456918683
v -0.0162786152 -0.0162159633 -0.00461471826
v -0.0162779167 -0.0162158757 -0.00460875314
v -0.0162752122 -0.0162153374 -0.00457191002
v 0.0154459737 -0.0162813757 -0.00545513304
v 0.0154461376 -0.0162814446 -0.00545972679
v 0.0154490992 -0.0162820034 -0.0054973932
v 0.0154493032 -0.0162820294 -0.00549910916
v 0.0154555626 -0.0162826162 -0.00553819817
v 0.0154649653 -0.0162832029 -0.00557699194
v -0.016292667 -0.0162169877 -0.00468598632
v 0.0154659366 -0.0162832532 -0.0055803638
v 0.0154679632 -0.0162833557 -0.00558712054
v 0.0154795274 -0.0162838679 -0.0056204861
v 0.0154810371 -0.0162839275 -0.00562434504
v 0.0155159011 -0.016285032 -0.00569546036
v 0.0154970046 -0.0162844844 -0.00566046266
v 0.015496443 -0.0162844677 -0.0056593148
v 0.0155165615 -0.0162850488 -0.00569657236
v 0.0155582158 -0.00229414133 -0.00641362695
v 0.0157266371 0.00184606574 -0.00646805344
v 0.0157199893 0.00176567771 -0.00646713329
v 0.0162221435 0.00245092809 -0.00645691715
v 0.0164986942 -0.000359906873 -0.00640412234
v 0.0156646837 0.000950642279 -0.00645731715
v 0.0156593975 0.000855914725 -0.00645612972
v 0.0156926382 0.0013985663 -0.00646281056
v 0.0166630317 -0.00725658471 -0.00629542628
v 0.016675856 -0.00425241143 -0.00633935258
v 0.0165671092 -0.0013370706 -0.00638689194
v 0.0156017952 -0.000484593766 -0.00643863203
v 0.0156304408 0.000264994247 -0.00644856086
v 0.0155331362 -0.00653063785 -0.00635196548
v 0.0158100594 0.00262473756 -0.00647619227
v 0.0157873258 0.00244966336 -0.00647452334
v 0.0157693345 0.00229283981 -0.00647293264
v 0.0155342985 -0.00726712402 -0.00634102244
v 0.0155652855 -0.0092933923 -0.00630978821
v 0.0155657316 -0.00931187533 -0.0063094967
v 0.0155852372 -0.00998824835 -0.00629869942
v 0.015612659 -0.0106645869 -0.00628758175
v 0.0162655301 -0.0120087592 -0.00624123169
v 0.0159575492 0.00325069157 -0.00647947472
v 0.0159517601 0.00324077671 -0.00647956273
v 0.0160637144 0.00323628145 -0.00647495827
v 0.0165331941 -0.00952011533 -0.00626720116
v 0.0159792881 0.00327802286 -0.00647899788
v 0.0159778651 0.0032767104 -0.00647903606
v 0.0159630664 0.00325910491 -0.00647937553
v 0.0159456767 0.00322914566 -0.00647963723
v 0.0159365889 0.00320945913 -0.00647971407
v 0.0159218702 0.00317163672 -0.00647975132
v 0.0161892306 0.00270369253 -0.006461991
v 0.0161852632 0.00273050764 -0.00646254839
v 0.0158544648 0.00290020672 -0.00647846749
v 0.0161480084 0.00294773281 -0.00646727253
v 0.0158924051 0.00307332282 -0.00647949101
v 0.0161287207 0.00303732115 -0.00646937964
v 0.0158947725 0.00308235595 -0.00647952873
v 0.0161054675 0.00312616141 -0.00647163671
v 0.015905913 0.00312219188 -0.00647966657
v 0.0156295393 -0.0109896706 -0.00628208788
v 0.0156412143 -0.0111866258 -0.00627870066
v 0.0156673957 -0.0115657393 -0.00627203053
v 0.0160611458 -0.0130839497 -0.00623360882
v 0.016072832 -0.0130556347 -0.00623355433
v 0.015870193 -0.013011409 -0.00624242239
v 0.0160753001 -0.0130491517 -0.00623355014
v 0.0159926154 0.00328707974 -0.00647859182
v 0.0159899704 0.00328574516 -0.0064786789
v 0.0160215907 0.00328663317 -0.00647741044
v 0.0159880649 0.00328464294 -0.0064787399
v 0.0161926653 -0.0125151258 -0.00623669382
v 0.0157698952 -0.0125340894 -0.00625354936
v 0.0161539968 -0.0127437813 -0.00623487821
v 0.015782617 -0.0126153147 -0.006251832
v 0.016151879 -0.0127546685 -0.00623480277
v 0.0158219468 -0.0128261689 -0.00624711858
v 0.015947029 -0.0131615 -0.00623708731
v 0.0159478188 -0.0131621771 -0.0062370454
v 0.0160311386 -0.0131389154 -0.00623401208
v 0.0161007475 0.00314173754 -0.00647205813
v 0.0160793085 0.00320234592 -0.00647382392
v 0.0160655398 0.00323274545 -0.00647483207
v 0.0159847643 0.00328245061 -0.00647884142
v 0.0159813724 0.00327982358 -0.00647894014
v 0.0160229411 0.00328593794 -0.00647734571
v 0.0159733873 0.00327214575 -0.00647915015
v 0.0159683339 0.00326620159 -0.00647926703
v 0.0156997535 -0.0119443284 -0.00626511779
v 0.0157409217 -0.0123220766 -0.00625786046
v 0.0157634541 -0.0124903107 -0.00625445833
v 0.0160904583 -0.0130053917 -0.0062335832
v 0.0161141995 -0.0129228923 -0.00623384118
v 0.0158633068 -0.0129895108 -0.00624302542
v 0.0158336218 -0.0128779905 -0.00624587853
v 0.0159049779 -0.013100272 -0.0062396978
v 0.0158983283 -0.0130860209 -0.0062401779
v 0.0158767011 -0.0130307553 -0.00624187244
v 0.0160000958 -0.0131695978 -0.00623481628
v 0.0160034858 -0.0131675228 -0.00623470964
v 0.0160042942 -0.0131669836 -0.00623468496
v 0.0160350036 -0.0131332446 -0.00623393944
v 0.0160423983 -0.0131212436 -0.00623381697
v 0.0160479043 -0.0131113157 -0.00623374106
v 0.0160582922 0.00324611622 -0.00647532335
v 0.016050024 0.00325919222 -0.00647585187
v 0.0160341803 0.00327780657 -0.00647676969
v 0.0160298198 0.00328145875 -0.00647700019
v 0.0160262175 0.00328400126 -0.00647718413
v 0.0160157811 0.0032889368 -0.00647768006
v 0.0160132255 0.00328959874 -0.00647779368
v 0.0159952063 0.00328816264 -0.00647850242
v 0.0160110332 0.00328999409 -0.00647788821
v 0.0159977507 0.00328901294 -0.00647841208
v 0.0160432532 0.00326817366 -0.00647625932
v 0.016037574 0.00327452784 -0.00647658342
v 0.0160186682 0.00328793167 -0.00647754828
v 0.0159859676 -0.0131748905 -0.00623531081
v 0.0159889441 -0.0131742246 -0.00623519998
v 0.0159903504 -0.013173826 -0.00623514876
v 0.0159133896 -0.0131164864 -0.00623911666
v 0.0159240793 -0.0131342001 -0.00623842143
v 0.0159277264 -0.0131395105 -0.00623819511
v 0.015935827 -0.0131499898 -0.00623771176
v 0.015942255 -0.0131570138 -0.00623734714
v 0.0160179194 -0.0131551977 -0.00623430684
v 0.0160212386 -0.0131515618 -0.00623422628
v 0.0160279628 -0.0131432628 -0.00623407634
v 0.0159564503 -0.0131685147 -0.00623660162
v 0.0159603022 -0.0131706875 -0.00623641349
v 0.0159519035 -0.0131654302 -0.00623683166
v 0.0159638729 -0.0131723396 -0.00623624399
v 0.0159665029 -0.0131733371 -0.00623612292
v 0.0159697626 -0.0131743122 -0.00623597624
v 0.0159772094 -0.0131754605 -0.00623565726
v 0.0159801189 -0.0131755006 -0.00623553898
v 0.0159830339 -0.0131753115 -0.0062354235
v 0.0160086919 -0.0131637305 -0.00623455457
v 0.0160132255 -0.0131598283 -0.00623442885
v 0.0160085876 0.00329024903 -0.00647799112
v 0.0160061438 0.00329030771 -0.00647809124
v 0.016000269 0.00328964344 -0.00647831941
v 0.0160036832 0.00329016778 -0.00647818856
v 0.0159730036 -0.0131749958 -0.00623583468
v 0.0159762446 -0.0131753962 -0.00623569731
v 0.0159935467 -0.0131727234 -0.0062350356
v 0.0159967877 -0.0131713226 -0.00623492524
v -0.0162919741 0.0170356277 -0.00475620665
v -0.0162913315 0.0167844333 -0.00477871485
v -0.0162901599 0.0152840912 -0.00484735472
v -0.0163287483 -0.0216626339 -0.00355303311
v 0.0155372247 -0.00316596869 -0.00638393685
v 0.0155054471 -0.00316624157 -0.00630374346
v 0.0155196022 -0.00316610024 -0.00634452561
v 0.0154948616 -0.00316639012 -0.00626189215
v 0.0154879289 -0.00316654448 -0.00621928275
v 0.0154968658 -0.00229178462 -0.00626057899
v 0.0154899592 -0.00229120208 -0.0062218071
v 0.0154887652 -0.00229106308 -0.00621248921
v 0.0154861314 -0.00229062047 -0.00618273485
v 0.0155069074 -0.00229236786 -0.00629904307
v 0.0155062871 -0.00229233643 -0.00629697507
v 0.015522684 -0.00229304656 -0.00634333072
v 0.0155092292 -0.00229248102 -0.00630646292
v 0.0155390007 -0.0022936 -0.00637905579
v 0.0155380638 -0.0022935709 -0.00637719268
v -0.00917194877 0.0172527153 0.00230407901
v -0.00917215832 0.01712773 0.00230591977
v -0.0165660754 0.0171356741 0.00200609816
v -0.0160923582 -0.0222608801 -0.00335076149
v -0.0160749033 -0.022278009 -0.00335042132
v -0.0156265143 -0.0224990547 -0.00346171623
v -0.0155600524 -0.0225071162 -0.00349210552
v -0.0155084701 -0.0225097984 -0.00351782702
v -0.0157256816 -0.0224770475 -0.0034221441
v -0.0156927146 -0.0224857312 -0.00343452045
v -0.015662346 -0.0224925131 -0.00344661274
v -0.0157585386 -0.0224669725 -0.00341060408
v -0.0158048999 -0.0224502254 -0.00339572248
v -0.0158498175 -0.0224309806 -0.00338292588
v -0.0158936866 -0.0224090517 -0.00337222754
v -0.0159365106 -0.0223844089 -0.00336361723
v -0.0159781836 -0.0223570559 -0.00335710682
v -0.0160566065 -0.0222948976 -0.00335063809
v -0.0160363913 -0.0223124251 -0.00335149444
v -0.0160184819 -0.0223270338 -0.0033527487
v -0.0161111448 -0.0222412329 -0.00335178757
v -0.016125964 -0.0222247746 -0.00335312402
v -0.016157547 -0.0221864451 -0.00335771008
v -0.0161870029 -0.0221459642 -0.0033645255
v -0.0162138417 -0.0221039578 -0.00337347039
v -0.0162378307 -0.0220609214 -0.00338443136
v -0.0162589662 -0.0220169742 -0.00339737791
v -0.0162773039 -0.0219720751 -0.00341231353
v -0.0162930246 -0.02192582 -0.00342924357
v -0.0163023248 -0.0218931008 -0.00344212796
v -0.0163102001 -0.0218602866 -0.00345577812
v -0.0163176786 -0.0218216088 -0.00347278779
v -0.0163217857 -0.0217944738 -0.00348530663
v -0.0163247623 -0.0217694007 -0.00349730323
v -0.0163279474 -0.0217285417 -0.00351773202
v 0.0154054007 -0.0217279512 -0.00438577589
v 0.0154012572 -0.0217954423 -0.0043460601
v 0.0153916255 -0.0218628608 -0.0043093008
v 0.015385191 -0.021894455 -0.00429305481
v 0.0153764402 -0.0219300371 -0.00427550357
v 0.0153555479 -0.0219967794 -0.0042447499
v 0.0153374262 -0.0220430288 -0.00422516093
v 0.0153167872 -0.0220877901 -0.00420760503
v 0.0152934007 -0.0221315939 -0.0041920743
v 0.015267279 -0.0221743416 -0.00417855894
v 0.0152384294 -0.0222158972 -0.00416708644
v 0.0152068827 -0.0222560633 -0.00415772572
v 0.0151732285 -0.022294024 -0.00415067887
v 0.0151377302 -0.0223295223 -0.00414599059
v 0.0151000777 -0.0223628953 -0.00414366508
v 0.0150602488 -0.0223941412 -0.00414370047
v 0.0150183048 -0.0224231482 -0.0041461275
v 0.0149748279 -0.0224494729 -0.00415094569
v 0.0149304606 -0.0224727746 -0.00415808754
v 0.0148853175 -0.0224930719 -0.0041675386
v 0.0148388958 -0.0225106105 -0.00417931052
v 0.0147913815 -0.0225253105 -0.00419340236
v 0.014738841 -0.0225379411 -0.00421128189
v 0.0146862846 -0.0225469135 -0.00423152046
v 0.0146337664 -0.0225523114 -0.00425408315
v -0.00286405394 -0.0194228627 -0.00643505203
v -0.00979555771 -0.0179997459 -0.00615979638
v -0.00930081867 -0.0181926675 -0.00617681956
v -0.0088782236 -0.0180018526 -0.00619870843
v -0.00780316209 -0.0185437258 -0.00623252941
v -0.00749189965 -0.0180050079 -0.00625559362
v -0.00510753365 -0.0190848708 -0.00633933721
v -0.00520886295 -0.0180102549 -0.00635277294
v -0.00263499143 -0.0180162545 -0.00646792864
v -0.00858324952 -0.0197508223 -0.00608200021
v -0.0083341999 -0.0197514743 -0.00609800778
v -0.00835174322 -0.0194130186 -0.00614012266
v -0.00623406889 -0.0197569132 -0.00622891774
v -0.00527520804 -0.0195071418 -0.00630779471
v -0.00540484767 -0.0197590217 -0.00627794163
v -0.00295343925 -0.0197650958 -0.00641217548
v -0.00900905393 -0.0197497047 -0.00605447683
v -0.010298715 -0.0195162036 -0.00600025104
v -0.0105322525 -0.0197455715 -0.00594673445
v -0.00807195064 -0.0189767238 -0.00619655056
v -0.00995795988 -0.0190711971 -0.00607963419
v -0.0107686734 -0.0187424906 -0.00605175691
v -0.0025455805 -0.0197660848 -0.00643305248
v 0.0080327997 0.0147534302 -0.00246668793
v 0.00781007111 0.0148347253 0.00302819908
v 0.00781094888 0.0153596681 0.00302046817
v 0.00514953583 -0.021821605 0.00596500328
v 0.0155565357 0.00996497739 -0.00588595634
v 0.0155517515 0.00996510405 -0.00587793579
v 0.015504105 0.00996680185 -0.00576804997
v 0.0155016053 0.0099669341 -0.0057593775
v -0.0162729751 0.0100318342 -0.00495944917
v -0.0162723344 0.0100318575 -0.00495778304
v -0.0162596442 0.0100323865 -0.00492042117
v 0.0155357011 0.00996556878 -0.0058482131
v 0.0155330915 0.00996565167 -0.00584288174
v 0.0155181801 0.00996617787 -0.00580881489
v 0.0155173652 0.00996620953 -0.00580673059
v 0.0155045399 0.0099667795 -0.00576949585
v 0.0154935811 0.00996743515 -0.00572622428
v 0.0154924588 0.0099675199 -0.00572063122
v 0.01548668 0.00996807404 -0.00568364747
v -0.0162392892 0.0100341933 -0.0047954442
v -0.0162420254 0.0100336429 -0.00483314414
v -0.0162425116 0.0100335814 -0.00483736536
v -0.0162478834 0.0100330794 -0.00487205526
v -0.016249232 0.0100329816 -0.00487886881
v -0.0162567627 0.0100325309 -0.0049103396
v -0.0162594132 0.0100323977 -0.00491965888
v 0.0154864406 0.00996810477 -0.0056815939
v 0.0154834604 0.00996871293 -0.00564063294
v -0.0165777765 0.0101364432 0.00210917555
v -0.0162395984 0.0100348135 -0.00475340011
v -0.0162392296 0.0100342203 -0.00479359832
v 0.0155065842 -0.00740543613 -0.00627265917
v 0.0155210169 -0.0074069011 -0.0063086506
v 0.0154863 -0.00740241352 -0.00619786605
v 0.0154949892 -0.0074039367 -0.00623565726
v 0.0154805705 -0.00740087451 -0.00615951745
v 0.0154809151 -0.00726157986 -0.00616504485
v 0.0154803833 -0.007261422 -0.00615994353
v 0.0154815288 -0.0072617447 -0.00617034966
v 0.0154969981 -0.00726414891 -0.00624720799
v 0.015494342 -0.00726384297 -0.00623749103
v 0.0154877501 -0.00726295309 -0.00620906008
v 0.0154861733 -0.00726269605 -0.0062008854
v 0.0155093223 -0.00726533355 -0.00628478592
v 0.0155187808 -0.00726608234 -0.00630835397
v 0.0155213606 -0.00726626813 -0.00631422224
v 0.0155248092 -0.00726650981 -0.00632177666
v 0.0161730554 0.01843087 -0.00553827034
v 0.0161330663 0.0184332691 -0.00555322506
v 0.0161424018 0.0176323932 -0.00567089859
v 0.0161622241 0.0163709112 -0.00578125427
v 0.0162019469 0.016369978 -0.00576381665
v 0.0161819737 0.0176305212 -0.00565540511
v 0.0160368867 0.0137626594 -0.0059266407
v 0.0162267834 0.00517590204 -0.00632369099
v 0.0155798476 0.0163614359 -0.00561388209
v 0.0155027695 0.0137457848 -0.00557420496
v 0.0156066585 0.00176074205 -0.00636925688
v 0.0155064091 -0.0005416114 -0.00626076385
v 0.0155076785 -0.000541676534 -0.00626504235
v 0.0155108133 -0.000541829155 -0.00627505314
v 0.0155199002 -0.0005422213 -0.00630064821
v 0.0155244013 -0.000542394526 -0.00631190091
v 0.0155366994 -0.000542817987 -0.00633925572
v 0.0155408559 -0.000542947906 -0.00634760922
v 0.0155566791 -0.000543397095 -0.00637631211
v 0.0155602125 -0.000543489179 -0.00638216501
v 0.0155797023 -0.000543954666 -0.00641155802
v 0.0154977096 -0.000541092712 -0.00622653216
v 0.0154963145 -0.000540992478 -0.00621988624
v 0.0154908756 -0.000540509645 -0.0061877165
v 0.0154896891 -0.000540369016 -0.00617830316
v 0.0154871242 -0.000539927278 -0.00614859816
v 0.0155821936 0.00835842546 -0.00601108326
v 0.0155804921 0.0137531254 -0.005728513
v 0.0155569203 0.00821338128 -0.00598129677
v 0.0155809438 0.00565935811 -0.00615401706
v 0.0156078069 0.0137547236 -0.00576203084
v 0.0155537045 0.0082134651 -0.00597591745
v 0.0155362505 0.00821396988 -0.00594366994
v 0.0155349048 0.00821401179 -0.00594093604
v 0.0155190397 0.00821457058 -0.00590484403
v 0.0155188693 0.0082145771 -0.00590440957
v 0.0155060636 0.00821513962 -0.00586765679
v 0.015504905 0.00821519829 -0.00586379878
v 0.0155030927 0.00821529329 -0.00585754961
v 0.0154944621 0.00821582973 -0.00582213933
v 0.0154937906 0.00821587909 -0.00581882056
v 0.0154876187 0.00821646396 -0.00577979675
v 0.015484415 0.00821710099 -0.00573690282
v 0.015517571 0.0117177404 -0.00571583211
v 0.0155562162 0.0117165362 -0.00579320826
v 0.0155499028 0.011716703 -0.00578261213
v 0.0155352233 0.0117171295 -0.00575535744
v 0.0155313816 0.0117172515 -0.00574749662
v 0.0155157987 0.0117178103 -0.00571129611
v 0.0155033851 0.0117183672 -0.00567492843
v 0.0155031178 0.0117183803 -0.00567402225
v 0.0155002242 0.0117185349 -0.00566389691
v 0.0154927801 0.0117190024 -0.00563294766
v 0.0154912267 0.0117191207 -0.00562514458
v 0.0154858287 0.0117196441 -0.00559020694
v 0.0154853603 0.0117197055 -0.00558610307
v 0.0154825905 0.0117202848 -0.00554702338
v 0.0155348685 0.0137496106 -0.00565468008
v 0.0155560346 0.0137514118 -0.00569252903
v 0.0155170709 0.0137477303 -0.00561513845
v 0.0154920788 0.0137437899 -0.00553218694
v 0.0154850734 0.0137417587 -0.00548939966
v 0.0154818119 0.0137397079 -0.00544616813
v 0.0154917883 0.0152218519 -0.00546572264
v 0.0154894628 0.0152220298 -0.00545387994
v 0.0154847428 0.0152224973 -0.00542269507
v 0.015483873 0.0152226137 -0.0054148552
v 0.0154814664 0.0152231427 -0.00537921488
v 0.01551692 0.0152205816 -0.0055491305
v 0.0155134099 0.0152207203 -0.00554007571
v 0.0155009963 0.0152212912 -0.00550275343
v 0.0154981809 0.0152214449 -0.00549262529
v 0.0155287273 0.0152201606 -0.00557635026
v 0.0155561073 0.0152193699 -0.00562691316
v 0.0155469924 0.0152196111 -0.00561155984
v 0.0155450869 0.01697121 -0.00551622733
v 0.0155503107 0.0176033694 -0.00545782549
v 0.0155302705 0.017598642 -0.00542136608
v 0.0155269131 0.0169717651 -0.0054806727
v 0.0155131342 0.0175936427 -0.00538275624
v 0.0155151011 0.0169721916 -0.00545297749
v 0.0155117046 0.0169723295 -0.00544405263
v 0.0154993702 0.017588485 -0.00534283882
v 0.0154994251 0.016972905 -0.00540638017
v 0.0154966386 0.0169730596 -0.00539613329
v 0.0154890735 0.0175832082 -0.00530190626
v 0.0154906381 0.0169734508 -0.00537033891
v 0.0154880928 0.0169736501 -0.00535703823
v 0.0154823232 0.0175778475 -0.005260251
v 0.0154837742 0.0169740897 -0.00532775326
v 0.0154826902 0.0169742387 -0.00531766098
v 0.0154791689 0.0175724439 -0.0052181771
v 0.0154805686 0.0169747286 -0.0052847378
v 0.0154795013 0.018360246 -0.00514281169
v 0.0154861566 0.0183673091 -0.00518390723
v 0.0154844765 0.0187273622 -0.00511848368
v 0.0154810017 0.0187276527 -0.00509918528
v 0.015477811 0.0187279992 -0.00507600559
v 0.0154763907 0.0183531288 -0.00510130543
v 0.0154761039 0.0187282581 -0.00505854236
v 0.0154746734 0.0187286362 -0.00503311073
v 0.0155081702 0.0187261067 -0.00520099001
v 0.0155038079 0.0187262911 -0.00518904906
v 0.0154963071 0.0183742661 -0.00522430008
v 0.0154918293 0.0187268835 -0.00515014725
v 0.0154891284 0.0187270436 -0.00513953157
v 0.0155098801 0.0183810685 -0.00526370341
v 0.015526779 0.018387666 -0.00530183548
v 0.0155187976 0.0187257081 -0.00522687798
v 0.0155700417 0.0184000656 -0.00537320552
v 0.01555801 0.0187245775 -0.00529922452
v 0.0155466255 0.0183939449 -0.00533800479
v 0.0155450888 0.0187249072 -0.00527828466
v 0.0155368363 0.0187251363 -0.00526361633
v 0.0162317883 0.0081018582 -0.00616240175
v 0.0162322689 0.00839039218 -0.00614612596
v 0.0162027329 0.013760413 -0.00587818259
v 0.0162377004 0.0117800888 -0.00595842162
v 0.0162407905 0.0137594361 -0.00585733494
v 0.016163012 0.0137612289 -0.00589565607
v 0.0161219221 0.0137618789 -0.00590962265
v 0.0160797723 0.0137623567 -0.00591997616
v 0.0159935802 0.0137627851 -0.00592956319
v 0.0159501862 0.013762732 -0.00592872454
v 0.0159070268 0.0137625011 -0.00592412986
v 0.0158227142 0.0137615129 -0.0059038382
v 0.0158644281 0.0137620941 -0.00591581268
v 0.0157059599 0.0137587823 -0.00584699446
v 0.0157431792 0.0137598515 -0.00586929871
v 0.0157821961 0.0137607642 -0.00588829303
v 0.0156354234 0.00176196988 -0.0064001279
v 0.0156666916 0.00176309678 -0.00642846664
v 0.0157002378 0.00176411483 -0.00645406777
v 0.0156708192 0.0137575651 -0.00582155026
v 0.015638018 0.0137562091 -0.00579315843
v 0.0162446685 0.0161401369 -0.00575095648
v 0.016121136 0.0163716506 -0.00579518685
v 0.0160789974 0.0163721945 -0.00580550916
v 0.0160361212 0.0163725335 -0.00581214624
v 0.0159928259 0.0163726695 -0.00581504591
v 0.0159494467 0.0163725987 -0.00581418723
v 0.0159063041 0.016372323 -0.00580957625
v 0.0158637241 0.0163718443 -0.00580124604
v 0.0158220269 0.0163711663 -0.00578926411
v 0.0157815292 0.0163702928 -0.00577371614
v 0.015742531 0.0163692329 -0.00575472089
v 0.0157053303 0.0163679924 -0.00573242083
v 0.0156072285 0.0163632892 -0.00564749027
v 0.0156374238 0.0163650084 -0.00567860343
v 0.0156702083 0.0163665805 -0.00570698408
v 0.0161016472 0.0176338274 -0.00568300113
v 0.0160600059 0.0176348127 -0.00569162425
v 0.016017776 0.0176353436 -0.00569670508
v 0.0159752667 0.0176354144 -0.0056982073
v 0.0159327835 0.0176350251 -0.00569612067
v 0.0158906318 0.0176341776 -0.00569045963
v 0.0158491209 0.0176328793 -0.00568126468
v 0.0158085488 0.0176311396 -0.00566860242
v 0.0157692116 0.0176289696 -0.00565256691
v 0.0157313887 0.017626388 -0.00563327223
v 0.0155532528 0.0169709921 -0.0055302172
v 0.0155741386 0.0176080242 -0.00549356174
v 0.0156005528 0.0176123381 -0.00552662415
v 0.0156297032 0.0176163595 -0.0055573401
v 0.015661383 0.0176200587 -0.00558548421
v 0.0156953596 0.0176234096 -0.00561085623
v 0.0162400026 0.0163688585 -0.00574300764
v 0.0162349399 0.0166418385 -0.00572857819
v 0.016220076 0.0176282227 -0.00563663198
v 0.0162106585 0.018427996 -0.00552049838
v 0.0160924513 0.0184350498 -0.00556463748
v 0.0160510056 0.0184362419 -0.00557263102
v 0.016009029 0.0184368379 -0.00557714887
v 0.0159668121 0.0184368305 -0.00557816122
v 0.0159246661 0.0184362233 -0.00557565829
v 0.0158828832 0.01843502 -0.00556965824
v 0.0158417691 0.0184332281 -0.00556020532
v 0.0158016142 0.0184308589 -0.00554736564
v 0.0157626998 0.0184279326 -0.00553123094
v 0.0155961057 0.0184057783 -0.00540593592
v 0.0156248761 0.0184111129 -0.00543638086
v 0.0156561509 0.0184160285 -0.0054643224
v 0.0156897083 0.0184204895 -0.00548955984
v 0.015725309 0.0184244681 -0.00551191671
v 0.0162093826 0.0185478609 -0.0054999995
v 0.01619648 0.0198809691 -0.00521608116
v 0.0161599461 0.0198849048 -0.00523253717
v 0.0161991306 0.0195933003 -0.00528633036
v 0.0161583945 0.019885052 -0.00523315975
v 0.016203085 0.0191749949 -0.00537947007
v 0.0157680493 0.0198814645 -0.00522963284
v 0.0158055592 0.0198853146 -0.0052437461
v 0.0158441253 0.0198884141 -0.00525488611
v 0.015883496 0.0198907461 -0.0052629821
v 0.0159234144 0.0198922921 -0.00526798144
v 0.0159636233 0.0198930465 -0.00526984874
v 0.0160038676 0.0198929999 -0.00526857702
v 0.0160438754 0.0198921543 -0.00526417047
v 0.0160833951 0.0198905151 -0.00525665842
v 0.0161221717 0.0198880937 -0.00524609257
v 0.0157318395 0.0198768899 -0.00521264086
v 0.0157142952 0.0198743418 -0.00520309526
v 0.0156971589 0.0198716223 -0.00519287493
v 0.0156642403 0.0198656935 -0.00517046824
v 0.0156332925 0.0198591445 -0.00514556328
v 0.0156045156 0.0198520143 -0.00511832302
v 0.0155780967 0.0198443513 -0.00508892303
v 0.0155609045 0.0198386274 -0.00506689586
v 0.0155542111 0.0198362041 -0.00505755609
v 0.0155491009 0.0198342726 -0.00505009992
v 0.0152077917 0.01710153 0.00329452031
v 0.00781408325 0.0172344614 0.00299285818
v 0.0078138737 0.017109476 0.00299469894
v 0.00520921219 0.0138744721 0.00543930847
v -0.00683893403 -0.0208088327 0.00546408072
v 0.00515120756 -0.0208217166 0.00595027814
v -0.0067809294 0.013887357 0.00495311152
v -0.0162768774 -0.016535297 -0.00450692931
v 0.0153528731 0.020485092 -0.00462157046
v 0.0133319935 0.0220969524 -0.00484706182
v 0.013504548 0.0220776349 -0.00479071494
v 0.0136740366 0.0220452491 -0.00473993318
v 0.0139403725 0.0219660979 -0.00466950517
v 0.0138598811 0.0219938122 -0.00468955282
v 0.0138404639 0.0219999924 -0.00469454983
v 0.014328124 0.0217810404 -0.00458933553
v 0.0141786356 0.0218631476 -0.00461684586
v 0.0140228542 0.0219341107 -0.0046501155
v 0.0145367058 0.0216400679 -0.00455901818
v 0.0144705102 0.0216884632 -0.00456752395
v 0.0144474898 0.021704467 -0.00457073143
v 0.0147974426 0.0214094762 -0.00453749811
v 0.0146721601 0.0215289798 -0.00454523554
v 0.0151439225 0.020953238 -0.00455356482
v 0.015047878 0.0211045407 -0.00454168255
v 0.0150190201 0.0211454555 -0.00453947904
v 0.0149682248 0.0212132707 -0.00453685503
v 0.0149130048 0.0212816242 -0.00453560241
v 0.0148758115 0.0213248674 -0.00453559076
v 0.0152987819 0.0206354298 -0.00459504034
v 0.0152655933 0.0207145866 -0.00458276458
v 0.015227586 0.0207965467 -0.00457138568
v 0.0152027654 0.0208460465 -0.00456518773
v -0.0161617082 0.0205484144 -0.00389932445
v -0.016160734 0.0205515735 -0.00389881525
v -0.0161030758 0.0207152907 -0.00387508282
v -0.0160343815 0.0208716597 -0.00385759003
v -0.0159547236 0.021021679 -0.00384599296
v -0.0158173908 0.0212313738 -0.00383941014
v -0.0158647969 0.0211645178 -0.00384016917
v -0.015896745 0.0211164132 -0.00384151516
v -0.0157085732 0.0213679671 -0.00384225557
v -0.0155912517 0.0214943308 -0.00385099952
v -0.0155209601 0.0215616319 -0.00385852205
v -0.0154655119 0.0216108933 -0.00386549556
v -0.0154104838 0.0216567423 -0.00387323904
v -0.0153312441 0.0217179134 -0.0038857148
v -0.0152985035 0.0217416324 -0.00389129575
v -0.0151479756 0.0218400657 -0.00391991297
v -0.0150463656 0.0218975544 -0.0039416966
v -0.0149915358 0.0219258573 -0.0039542038
v -0.0149159273 0.0219619423 -0.00397229474
v -0.0148299998 0.0219989885 -0.00399402576
v -0.0146540347 0.0220625307 -0.0040420494
v -0.0144710271 0.0221123938 -0.00409674039
v -0.0143586211 0.0221353285 -0.00413263217
v -0.0142862666 0.0221471116 -0.00415664399
v -0.0142141357 0.0221565776 -0.00418128166
v -0.0140998578 0.0221669897 -0.00422173878
v -0.0165748522 0.0118862512 0.00208340632
v 0.0152048664 0.015351722 0.00332028978
v 0.00531212427 0.0148374103 0.00292690797
v 0.00531045254 0.01383752 0.00294163334
v -0.00667968905 0.0138504049 0.00245543616
v -0.00667801732 0.0148502951 0.00244071078
v -0.0165690016 0.0153858671 0.00203186763
v -0.0162382443 0.00828371942 -0.00481445622
v 0.0114889583 -0.0235735048 -0.00515506463
v 0.0112812743 -0.0233382266 -0.00531268585
v 0.0102013992 -0.0234434884 -0.00527920248
v 0.0178910587 -0.0196909662 -0.0042976453
v 0.0179162752 -0.0194133036 -0.00430336175
v 0.0177256055 -0.0192379542 -0.00449976092
v 0.0178349093 -0.0209775344 -0.00407068757
v 0.0179175194 -0.0207015052 -0.00407748576
v 0.0177293718 -0.0205228794 -0.00427868403
v 0.0178087968 -0.0216976292 -0.00385046611
v 0.017919736 -0.0214268994 -0.00385766895
v 0.0177376643 -0.0212505292 -0.00406362861
v 0.0161181111 -0.0207296126 -0.00519010797
v 0.0161167961 -0.0208142474 -0.00516526354
v 0.0162479226 -0.0205894802 -0.00517089898
v 0.0160999969 -0.0218962152 -0.00479873829
v 0.0160935652 -0.0220084619 -0.00475720782
v 0.0163984783 -0.0215068534 -0.00480332738
v 0.0123850871 -0.0232914165 -0.00522592338
v 0.0117934179 -0.0232986789 -0.0052943984
v 0.0120371813 -0.0234655943 -0.00517239468
v 0.0151112117 -0.0250641182 -0.00334574748
v 0.0152793033 -0.0250304323 -0.00331017468
v 0.01557854 -0.024872575 -0.00332068582
v 0.017968867 -0.0204684455 -0.00408875989
v 0.0179693904 -0.0204145852 -0.00410024263
v 0.0177981965 -0.0202465896 -0.00428530481
v 0.0179708898 -0.020250937 -0.00413288781
v 0.0179722514 -0.0200869031 -0.00416212156
v 0.0178521331 -0.019969007 -0.00429162895
v 0.0179931968 -0.0160427969 -0.00457146903
v 0.0179145448 -0.0170706771 -0.0045441417
v 0.017986102 -0.0174547546 -0.00443392759
v 0.0161809772 -0.0161274634 -0.00589809567
v 0.0162408035 -0.0157218035 -0.00590647664
v 0.0161823072 -0.0156801287 -0.00594204059
v 0.0161756966 -0.0180011578 -0.00571382232
v 0.0162013639 -0.0179004353 -0.0057098628
v 0.0161760282 -0.0178791489 -0.0057257358
v 0.0161858089 -0.0145476637 -0.00605177134
v 0.0162639972 -0.0136972442 -0.00609149504
v 0.0164729357 -0.0119565492 -0.00613003271
v 0.0166249722 -0.0103174103 -0.00616257731
v 0.0167305619 -0.00725607388 -0.00625307672
v 0.0177241731 -0.014702782 -0.00496350415
v 0.0179076158 -0.0148394518 -0.00477706315
v 0.0180008002 -0.0144931646 -0.00471795117
v 0.0178788006 -0.0127380006 -0.0050008581
v 0.0179749969 -0.019675428 -0.00421894901
v 0.0179796834 -0.0187332481 -0.00430952152
v 0.0179590005 -0.021299012 -0.00386744807
v 0.0179615933 -0.021105621 -0.00392627157
v 0.0179634206 -0.020960601 -0.00396749517
v 0.0179034378 -0.0222499873 -0.00354607869
v 0.0178589821 -0.0221366286 -0.00363255804
v 0.0178966708 -0.0222880952 -0.00353449653
v 0.0177204609 -0.0223983675 -0.00362502341
v 0.0178479217 -0.0225118827 -0.00346966297
v 0.0178345274 -0.0225631967 -0.00345555879
v 0.0175683536 -0.0226536859 -0.00361730275
v 0.0177754238 -0.0227593984 -0.00340424012
v 0.0177711621 -0.0227720868 -0.00340106315
v 0.0177363269 -0.0228222683 -0.00340254931
v 0.017750226 -0.0228321794 -0.00338625675
v 0.0175713412 -0.0230714139 -0.00339476159
v 0.0176701993 -0.0230349582 -0.00333918445
v 0.0176446419 -0.0230927393 -0.00332660205
v 0.0173704717 -0.0235862266 -0.00323505304
v 0.0174299721 -0.0234939717 -0.00324989064
v 0.0173935518 -0.023312537 -0.00338682858
v 0.0175179821 -0.0233444218 -0.00327624055
v 0.0175590813 -0.0232681762 -0.00329071656
v 0.0170199312 -0.024028495 -0.00318113272
v 0.0170946326 -0.0239459816 -0.00318877981
v 0.0170016252 -0.0237678699 -0.00337061356
v 0.0172039941 -0.0238148123 -0.0032033578
v 0.0172542073 -0.0237499047 -0.00321158394
v 0.0172823425 -0.0237120986 -0.00321666687
v 0.0168424752 -0.0242050029 -0.0031692984
v 0.0169212054 -0.0241298396 -0.00317352824
v 0.0165650398 -0.0241828449 -0.00335406861
v 0.0160888396 -0.0245525371 -0.0033373686
v 0.016203424 -0.0246721841 -0.00318176439
v 0.0162596814 -0.0246395841 -0.00317782606
v 0.0164018255 -0.0245506335 -0.0031701047
v 0.0164683051 -0.0245056059 -0.00316764181
v 0.0165318046 -0.0244604312 -0.00316600851
v 0.0166289266 -0.0243869983 -0.00316493865
v 0.0167337395 -0.0243014228 -0.00316585833
v 0.0158155188 -0.0248608068 -0.00322152372
v 0.0159096643 -0.0248205215 -0.00320991944
v 0.01557953 -0.0249475688 -0.00325586577
v 0.0156496018 -0.0249238666 -0.00324489502
v 0.0160420928 -0.0247580428 -0.0031956844
v 0.0161613692 -0.0246956386 -0.00318502192
v 0.015382803 -0.0250052176 -0.00329011749
v 0.0155162932 -0.0249675177 -0.00326632219
v 0.0148368413 -0.0251002945 -0.00341188814
v 0.0150388284 -0.025075905 -0.00336221582
v 0.0148755778 -0.0249654651 -0.00351768942
v 0.0154124815 -0.0246985778 -0.00353440153
v 0.0147039071 -0.0247840192 -0.00372668658
v 0.0144964484 -0.0251138806 -0.00350802066
v 0.0145467278 -0.0251137447 -0.00349307572
v 0.0145986499 -0.0250780564 -0.00350945676
v 0.0147947194 -0.0251038224 -0.00342294551
v 0.0142663624 -0.0251144432 -0.00357235083
v 0.0138858147 -0.0251151621 -0.00366434455
v 0.0138970967 -0.0251151435 -0.00366187398
v 0.0138635067 -0.0250796806 -0.00370199489
v 0.0141475862 -0.0249955449 -0.00371010206
v 0.0131155979 -0.0250172541 -0.0038899146
v 0.0132951485 -0.0251157526 -0.00377154094
v 0.0135513619 -0.0251155756 -0.00373043888
v 0.0128270471 -0.0250575095 -0.00388219231
v 0.012737467 -0.0251156893 -0.00383050414
v 0.0104218628 -0.0251127724 -0.00389529904
v 0.011669809 -0.0251143742 -0.00386241591
v 0.0115069384 -0.0249355491 -0.00405071443
v 0.0118174441 -0.0251145642 -0.0038586345
v 0.00790193304 -0.0251095146 -0.00396024669
v 0.00932159461 -0.0251113623 -0.00392456679
v 0.00926638953 -0.0250494312 -0.00399153633
v -0.000928261608 -0.0248301588 -0.00422927272
v -0.000923446496 -0.0250946246 -0.00395101914
v 0.00274754479 -0.0247547794 -0.00437650038
v 0.00168551621 -0.025099799 -0.00400619721
v 0.0100218737 -0.0233146138 -0.00536464434
v 0.00880026817 -0.0233115572 -0.00539678149
v 0.0108779352 -0.0233168323 -0.00534250587
v 0.0113834925 -0.0233055111 -0.00532547012
v 0.0125776958 -0.0232895575 -0.00519799162
v 0.0125797465 -0.0233030971 -0.00519034965
v 0.0133066708 -0.0232841447 -0.00506792171
v 0.0133279208 -0.0233208202 -0.00504402583
v 0.0133885276 -0.023283666 -0.00505090039
v 0.0135566611 -0.0232827459 -0.0050143823
v 0.0147170154 -0.0232779961 -0.00470176386
v 0.0141380588 -0.0232800934 -0.00487146247
v 0.0142718274 -0.0235034954 -0.0047139707
v 0.0135408966 -0.0235484932 -0.00487299915
v 0.0153063312 -0.023139488 -0.00456883293
v 0.0151797673 -0.0236107092 -0.00435969885
v 0.0153810866 -0.0231001042 -0.00456056697
v 0.0156500638 -0.0232455581 -0.00437748479
v 0.0152298054 -0.0231740344 -0.00457954686
v 0.0151515156 -0.0232037604 -0.00459270598
v 0.0150714768 -0.0232286844 -0.00460831169
v 0.0149830021 -0.0232501291 -0.00462797796
v 0.0148944296 -0.0232654233 -0.00465012714
v 0.0148057649 -0.0232747011 -0.00467472244
v 0.0155910673 -0.02295468 -0.00455073919
v 0.0155242961 -0.0230071414 -0.0045514782
v 0.0154540371 -0.0230558235 -0.00455475645
v 0.0160829742 -0.0228375867 -0.0043950947
v 0.0158712715 -0.0226388052 -0.00458427146
v 0.015823273 -0.0227079578 -0.00457277521
v 0.0157706626 -0.0227749534 -0.00456353929
v 0.0157142598 -0.0228385907 -0.00455676485
v 0.0156543907 -0.0228984971 -0.00455249939
v 0.0160779245 -0.0221202467 -0.00471888529
v 0.0160529967 -0.0222315565 -0.0046837749
v 0.0164735802 -0.0223916043 -0.00441235863
v 0.0160184614 -0.0223423503 -0.00465195859
v 0.0159883406 -0.0224194117 -0.00463178288
v 0.0159537662 -0.022494508 -0.00461378368
v 0.0159147438 -0.0225676429 -0.00459794933
v 0.0161219519 -0.020484345 -0.00525917578
v 0.0162602495 -0.0198680982 -0.0053533311
v 0.0161339473 -0.0197620112 -0.00543795852
v 0.0161368717 -0.0195995029 -0.0054731844
v 0.0162157211 -0.0191402156 -0.00552865211
v 0.0161466952 -0.0190985873 -0.00557005452
v 0.0163536388 -0.0186206531 -0.00554300891
v 0.0161608495 -0.0184982829 -0.00566148339
v 0.0172251221 -0.0231420286 -0.00360138295
v 0.0176836643 -0.0219636131 -0.00384303811
v 0.0173922181 -0.0224781614 -0.00382758281
v 0.0170486439 -0.0229643919 -0.00381145836
v 0.0166568086 -0.023416508 -0.00379483216
v 0.0160379 -0.0236413926 -0.00398279168
v 0.0164727978 -0.0232301597 -0.00399997039
v 0.0168643724 -0.0227799099 -0.00401680684
v 0.0172081795 -0.0222959872 -0.00403313758
v 0.017500354 -0.0217841566 -0.0040487973
v 0.0176260453 -0.021519674 -0.00405632611
v 0.0162814241 -0.023037089 -0.00420013536
v 0.0166725907 -0.0225888789 -0.00421718555
v 0.017016504 -0.0221074577 -0.0042337249
v 0.0173093155 -0.021598557 -0.00424959138
v 0.0175478011 -0.021068247 -0.00426462619
v 0.0172452852 -0.0204198919 -0.00465814071
v 0.0171457455 -0.0206871703 -0.00465077674
v 0.0173504017 -0.0208803546 -0.00446042093
v 0.0169051327 -0.0212101731 -0.00463533029
v 0.0171108153 -0.0214071237 -0.0044451789
v 0.0166113619 -0.0217125751 -0.00461904891
v 0.0168174691 -0.021912884 -0.0044291066
v 0.0176586602 -0.0197892077 -0.00448782882
v 0.0176989231 -0.0195133612 -0.00449394342
v 0.0174994729 -0.0193310548 -0.00468480913
v 0.0175276287 -0.0190580171 -0.00469072768
v 0.0173226092 -0.0188738201 -0.00487603014
v 0.0175346136 -0.0167493597 -0.00492179208
v 0.0179361608 -0.022008691 -0.00362314726
v 0.0179383103 -0.0219864007 -0.00363059575
v 0.017645834 -0.0207970403 -0.00427178713
v 0.0174492057 -0.0206110533 -0.00446768245
v 0.0175336506 -0.020338878 -0.00447468134
v 0.0173306223 -0.0201498251 -0.00466524158
v 0.0174015425 -0.0198777821 -0.00467206491
v 0.0171925053 -0.0196862929 -0.0048570605
v 0.0172500163 -0.0194154643 -0.00486369152
v 0.0170353819 -0.0192221794 -0.005042898
v 0.0170796718 -0.0189536326 -0.00504931901
v 0.0166925564 -0.0210080277 -0.00481981365
v 0.0169341043 -0.020489024 -0.00483546499
v 0.0171205588 -0.0199560355 -0.00485013751
v 0.0177280717 -0.016911706 -0.00473579718
v 0.0179658365 -0.0207551811 -0.00402164133
v 0.0176035278 -0.0200646557 -0.00448140223
v 0.0174578689 -0.0196045842 -0.00467859302
v 0.0172929671 -0.0191443693 -0.00487000914
v 0.017110806 -0.0186856836 -0.00505544059
v 0.0179526936 -0.0217224509 -0.00372316735
v 0.0179565325 -0.0214717891 -0.00381116546
v 0.0164910555 -0.0200791471 -0.00518695638
v 0.0166804641 -0.0195555836 -0.00520203309
v 0.0164510198 -0.0193495918 -0.00536860619
v 0.0165868979 -0.0188244358 -0.00538276648
v 0.0167544 -0.0192907918 -0.00520916237
v 0.0169037413 -0.0197578445 -0.00502913957
v 0.0167157762 -0.0202862378 -0.00501426449
v 0.0164733846 -0.0208010189 -0.00499840965
v 0.0161101222 -0.0212482736 -0.0050294376
v 0.0173344109 -0.0165839419 -0.00510189869
v 0.0175340008 -0.0145638091 -0.00514405873
v 0.0176964849 -0.0126294494 -0.00518158963
v 0.0178777874 -0.0109719019 -0.00514098117
v 0.0178157911 -0.0107765011 -0.00521465437
v 0.0168924928 -0.0184939448 -0.00522874016
v 0.0171276946 -0.0164157674 -0.00527589349
v 0.0173373055 -0.0144228116 -0.00531849964
v 0.0175076425 -0.0125194909 -0.00535620935
v 0.0176324081 -0.0107012913 -0.00538918795
v 0.0169766955 -0.0194905195 -0.00503616687
v 0.016814243 -0.0190250557 -0.00521599455
v 0.0166679528 -0.0182989314 -0.00539571419
v 0.016914716 -0.0162451509 -0.00544355577
v 0.0171343107 -0.0142800659 -0.00548660709
v 0.0173124839 -0.0124083497 -0.00552449189
v 0.0174427126 -0.0106253419 -0.0055573862
v 0.0176315419 -0.00724754529 -0.00557166385
v 0.0175854489 -0.00724806823 -0.00561240967
v 0.0180085115 -0.012821977 -0.00486382376
v 0.0180135537 -0.0116234235 -0.00495637255
v 0.0180277061 -0.00724257668 -0.00518933265
v 0.0178764947 -0.00724457856 -0.0053424309
v 0.0177698508 -0.00724591035 -0.00544494763
v 0.0164374784 -0.0181009807 -0.00555615453
v 0.0166957323 -0.0160724036 -0.00560467876
v 0.0164710023 -0.0158978477 -0.00575905107
v 0.0169252455 -0.0141358553 -0.00564816641
v 0.016710341 -0.013990459 -0.00580296759
v 0.017111212 -0.0122962547 -0.00568622397
v 0.0169040468 -0.0121834371 -0.00584119326
v 0.0172469113 -0.0105488179 -0.005719034
v 0.017045211 -0.0104718795 -0.00587391667
v 0.0173950624 -0.00725011947 -0.00577332405
v 0.0171822906 -0.00725221913 -0.005940028
v 0.0164898429 -0.0138441604 -0.00595080899
v 0.0166912116 -0.012070124 -0.00598919624
v 0.0168378241 -0.0103946896 -0.00602182979
v 0.0169971958 -0.00725389272 -0.00607467908
v 0.00258937827 -0.0243805908 -0.00471646991
v -0.000934759446 -0.0244218837 -0.00461006491
v 0.00266882591 -0.0245704353 -0.00454947772
v -0.000930626469 -0.0246889628 -0.00436719181
v -0.000928980298 -0.0247879792 -0.00427120691
v 0.0116932057 -0.0238035675 -0.00499099353
v 0.0118936636 -0.0240280945 -0.00482066208
v 0.0124511179 -0.0239237137 -0.00483752089
v 0.0107834106 -0.0241181906 -0.00478861947
v 0.0105925836 -0.0238986928 -0.00495846011
v 0.0103984633 -0.0236736964 -0.00512204971
v 0.0122461747 -0.0236974098 -0.00500809029
v 0.0127931926 -0.0235359091 -0.00502581988
v 0.0130023304 -0.0237632617 -0.00485501857
v 0.0137489606 -0.0237704609 -0.0046958942
v 0.00668712985 -0.0245990455 -0.00449027307
v 0.00878711324 -0.0244743433 -0.00455067214
v 0.00654575881 -0.0244035851 -0.00466440525
v 0.00640245667 -0.024202479 -0.00483251363
v 0.00625751447 -0.0239959601 -0.00499441242
v 0.00611122698 -0.0237842612 -0.00514993025
v 0.0022678487 -0.0235704128 -0.00532123819
v 0.00449337764 -0.0233026817 -0.00548589043
v 0.0022543997 -0.0235279966 -0.00534868892
v -0.000948176952 -0.0232936926 -0.00542543875
v -0.000944188156 -0.0236836839 -0.00517748669
v 0.00234843977 -0.0237801448 -0.00517983921
v -0.000942306593 -0.0238487031 -0.00506248325
v 0.00242900918 -0.0239852294 -0.00503181294
v -0.000940026948 -0.0240354557 -0.00492449803
v 0.00250938069 -0.0241854526 -0.00487730373
v -0.000937839155 -0.0242028497 -0.0047932961
v -0.000935717369 -0.0243557878 -0.00466679689
v 0.00596389594 -0.02356763 -0.00529890181
v 0.00581582077 -0.0233463198 -0.00544116786
v 0.00282536331 -0.0249334201 -0.00419772044
v 0.00303980359 -0.024975162 -0.00415543374
v 0.00682626804 -0.0247886367 -0.00431030383
v 0.00696288422 -0.0249721371 -0.00412469869
v 0.00911021791 -0.0248640943 -0.00418342231
v 0.0159215927 -0.0243787412 -0.00355129899
v 0.015239045 -0.0245169308 -0.00374362245
v 0.0145253818 -0.0245951172 -0.00393094309
v 0.0139714042 -0.0248073097 -0.00391412666
v 0.0137889162 -0.0246118437 -0.00411317265
v 0.0136886202 -0.0248919781 -0.00390590145
v 0.0070681856 -0.0251083951 -0.0039788452
v 0.0129375942 -0.0248237904 -0.0040885983
v 0.0126506742 -0.024864994 -0.00408075284
v 0.013403073 -0.0249620248 -0.00389782363
v 0.0132235009 -0.0247677527 -0.0040966291
v 0.0113326991 -0.0247408431 -0.00424355874
v 0.0136004388 -0.0244094208 -0.00430700462
v 0.0143403057 -0.0243990272 -0.00413022237
v 0.0150585352 -0.0243278947 -0.00394810643
v 0.0157467704 -0.0241973884 -0.00376073946
v 0.0163969919 -0.0240097083 -0.00356821017
v 0.0135075515 -0.0246970393 -0.004104828
v 0.0130381892 -0.024566507 -0.00429022266
v 0.0128474664 -0.0243585613 -0.00447837869
v 0.0127539802 -0.0246233568 -0.00428206753
v 0.0125650782 -0.024416225 -0.00447010249
v 0.0124688214 -0.0246655233 -0.00427409913
v 0.0122818109 -0.0244593639 -0.0044620079
v 0.011153806 -0.0245395377 -0.00443096599
v 0.0109705972 -0.0243318994 -0.00461272197
v 0.0089503536 -0.024672322 -0.00436987029
v 0.0146774827 -0.0239287671 -0.00434190966
v 0.0139517747 -0.0239864085 -0.00451292051
v 0.0132068135 -0.0239848346 -0.00467814319
v 0.00608560909 -0.0233055223 -0.00546106324
v 0.00579959666 -0.0233049709 -0.00546649704
v 0.0153755583 -0.0238130894 -0.0041651777
v 0.0168331768 -0.023595836 -0.00358496374
v 0.0162211861 -0.0238291342 -0.00377786742
v 0.0155646615 -0.0240087453 -0.00396544673
v 0.0148712425 -0.0241317451 -0.00414761296
v 0.0141489971 -0.0241960268 -0.0043242895
v 0.0134062935 -0.0242003184 -0.00449540094
v 0.0126516633 -0.0241441969 -0.00466088112
v 0.0123712271 -0.0242026746 -0.00465248385
v 0.012089978 -0.0242467932 -0.0046442668
v 0.00635686517 -0.0251074098 -0.00399264088
v 0.00400778325 -0.0222687442 0.00942859612
v -0.0059839976 -0.0222580079 0.00902343262
v -0.0162407439 0.0117858443 -0.00469658338
v -0.016241828 0.0149251707 -0.0046142349
v -0.0162418485 0.0152875511 -0.00460692309
v 0.00804099068 0.0196528919 -0.00253884215
v -0.00894504134 0.0196711458 -0.00322762132
v 0.0080395285 0.0187779889 -0.0025259573
v -0.00894650351 0.0187962409 -0.0032147367
v -0.0089494288 0.0170464348 -0.00318896724
v 0.0176765677 0.00620972086 -0.00524042686
v 0.0178900231 0.0064128181 -0.0050291759
v 0.0176962558 0.00948313624 -0.00502400054
v 0.0169800371 -0.0027070432 -0.00613923557
v 0.0172092691 -0.00260173436 -0.00597178657
v 0.0178584531 -0.0022845848 -0.00540961232
v 0.0128686111 0.0245436672 -0.00442160014
v 0.0125043001 0.0246695243 -0.00441048527
v 0.0122979591 0.024469072 -0.00462131342
v 0.013789149 0.0244231187 -0.00422581751
v 0.013433489 0.0245908499 -0.00421564654
v 0.013227867 0.0243959129 -0.0044323965
v 0.014681506 0.024215553 -0.00402210047
v 0.0143401725 0.0244233534 -0.00401301356
v 0.0141371321 0.024234388 -0.00423562014
v 0.0142629929 0.0238261111 -0.00446266541
v 0.0145898573 0.0235959608 -0.00447198935
v 0.0148053244 0.0237963535 -0.00425405428
v 0.016931586 0.0224398896 -0.00384277501
v 0.0167250354 0.0222508069 -0.00407351274
v 0.0171683207 0.0215529371 -0.00408398965
v 0.0167453215 -0.00281159463 -0.00629634177
v 0.0180175491 0.0181026421 -0.00426715007
v 0.0180109683 0.016562311 -0.00434034877
v 0.0180195328 0.015227044 -0.00439228257
v 0.0150418999 0.0242895726 -0.00379771879
v 0.0148285637 0.0243757628 -0.0038340576
v 0.0120607493 0.0246811304 -0.00449477648
v 0.0120428279 0.0246811099 -0.00449818699
v 0.0119331758 0.0245743562 -0.00460967096
v 0.0114062615 0.0246807151 -0.00459734723
v 0.0115660122 0.0246571358 -0.00459776213
v 0.0116000595 0.0246807653 -0.00457182946
v 0.00429665437 0.0228443686 -0.0061799977
v 0.00334383035 0.0229378324 -0.00613057334
v 0.0033098273 0.0228465945 -0.00618217047
v 0.00964082032 0.02282409 -0.00605785567
v 0.00947951246 0.0228604656 -0.00605035666
v 0.00945860334 0.022827683 -0.00606922666
v 0.0115005299 0.0228064135 -0.00580538064
v 0.0107178837 0.0228344705 -0.00592771778
v 0.0106010968 0.0228114836 -0.00595607981
v 0.0156663563 0.0215480868 -0.00495976815
v 0.0157872904 0.0213582553 -0.00497043878
v 0.0158093181 0.021408869 -0.00494110025
v 0.0163281802 0.0176525302 -0.00557258958
v 0.0165943503 0.0178979151 -0.00538310222
v 0.0162447579 0.00812253822 -0.00615383685
v 0.0164819099 0.00218180194 -0.0063232854
v 0.0167253073 0.00236574258 -0.00616675802
v 0.0165017173 0.00835508946 -0.00598760508
v 0.0167504959 0.00537359715 -0.00599852763
v 0.0165562015 0.015191677 -0.00559069542
v 0.0162890572 0.0149437599 -0.00577333709
v 0.0167534649 0.00858605467 -0.00581218814
v 0.0164565835 0.0168333203 -0.00557971792
v 0.0163857508 0.0187041666 -0.00537454523
v 0.0166455712 0.0189435128 -0.00517822709
v 0.0162453409 0.0207053833 -0.00495426636
v 0.0161254201 0.0204982031 -0.00508173415
v 0.016609991 0.0199579317 -0.00496557867
v 0.016166551 0.0202735327 -0.00512558036
v 0.0161902104 0.0200476553 -0.00517548621
v 0.0163578261 0.019725753 -0.00516827032
v 0.0158925317 0.0211621299 -0.00498726964
v 0.0159822833 0.0209603105 -0.00501014199
v 0.0160570163 0.0207519103 -0.00503924955
v 0.0160664674 0.0207215659 -0.00504393037
v 0.0156300478 0.0215994269 -0.00495793717
v 0.0154967168 0.021770373 -0.00495545799
v 0.0153078418 0.0220594201 -0.00492610922
v 0.0153513923 0.0219310671 -0.00495891785
v 0.0147477705 0.0226487815 -0.00490934541
v 0.014573792 0.0225030016 -0.0050472063
v 0.0147614349 0.02239931 -0.00501746126
v 0.0149404649 0.0222823936 -0.00499355607
v 0.0150236422 0.0222213734 -0.00498409709
v 0.0151938712 0.0220814552 -0.00496839639
v 0.0139003787 0.0229438655 -0.005091378
v 0.0137275495 0.0227753893 -0.00523198489
v 0.0139401499 0.0227340292 -0.00517832534
v 0.0141489832 0.0226764772 -0.00513021136
v 0.0141733475 0.022668628 -0.00512490142
v 0.0143779861 0.0225929003 -0.00508288201
v 0.0118691614 0.0230492689 -0.00561067928
v 0.012311087 0.0228055846 -0.00562714925
v 0.0121075287 0.0232940186 -0.00543000735
v 0.0123966374 0.0228056628 -0.00560598634
v 0.0127748484 0.0229210034 -0.0054523102
v 0.0132908132 0.0228081364 -0.00535679003
v 0.00985105615 0.0228204932 -0.00604135357
v 0.010380798 0.0229515079 -0.00591555331
v 0.010954015 0.023091834 -0.00576088857
v 0.0116017759 0.0228061397 -0.00578530226
v 0.00790636986 0.0228387807 -0.0061159227
v 0.00578921475 0.0230040457 -0.00606992142
v 0.00613745442 0.0228409935 -0.00615645433
v 0.00569032272 0.0228417106 -0.00616421364
v -0.000866081566 0.0232283194 -0.00588510325
v -0.000868294446 0.0230670758 -0.00598412333
v 0.00259161438 0.0228483323 -0.0061785006
v -0.000871027412 0.0228564199 -0.00610537082
v 0.0078809429 0.0246847309 -0.0047247801
v 0.0063752518 0.0246868543 -0.0047515966
v 0.00692939246 0.0245726723 -0.00485601882
v 0.00474620797 0.024689367 -0.004765891
v 0.00425869692 0.0246864092 -0.00477059232
v 0.00971461646 0.0243960973 -0.0049512228
v 0.00990847964 0.0246020388 -0.00475267461
v 0.00926286448 0.0246829111 -0.0046915384
v 0.0104371486 0.0246814303 -0.00465879589
v 0.0113607952 0.0244516656 -0.00480261305
v 0.0134913633 0.0246705189 -0.00413140608
v 0.0136647196 0.024654625 -0.00408583507
v 0.0138897747 0.0246243924 -0.00402990589
v 0.0140275918 0.0246004555 -0.00399741856
v 0.0143896313 0.0245174319 -0.00391827011
v 0.014484006 0.0244908631 -0.00389908627
v 0.0146679524 0.0244330168 -0.00386339589
v 0.0155327842 0.0239250157 -0.00381027465
v 0.0152112404 0.024170503 -0.00380239566
v 0.0150126396 0.023987934 -0.00403077807
v 0.0150456131 0.024287967 -0.00379711203
v 0.0157524981 0.0239095539 -0.00369892363
v 0.0154926572 0.0240663458 -0.00373097509
v 0.0154037261 0.02411508 -0.00374304177
v 0.0151648177 0.0242344253 -0.00377815217
v 0.015910035 0.0238032397 -0.00368193234
v 0.0158118941 0.0238705166 -0.00369229564
v 0.0158417523 0.023661159 -0.00381770777
v 0.0164177995 0.0230817962 -0.00383119192
v 0.0165827759 0.0232326612 -0.00363326655
v 0.0164772347 0.0233367272 -0.00363799534
v 0.0163936019 0.0234148987 -0.00364258839
v 0.016201878 0.0235810596 -0.00365571328
v 0.0160832852 0.0236755423 -0.00366550521
v 0.0170543492 0.0226765387 -0.00362999504
v 0.0169771761 0.0227796678 -0.00362815545
v 0.0169446301 0.0228215307 -0.00362770003
v 0.0167358648 0.0230698567 -0.00362873543
v 0.0166813899 0.0231294949 -0.00363001367
v 0.0172612928 0.0223687682 -0.00364111527
v 0.0171818435 0.0224928875 -0.00363565865
v 0.0171080623 0.0226013158 -0.00363195501
v 0.0175745655 0.0217773765 -0.00368341804
v 0.0174450837 0.0220455918 -0.00366102788
v 0.0173761733 0.0217437483 -0.00385241164
v 0.017392559 0.022143852 -0.00365413469
v 0.0176053289 0.0217070002 -0.00369013683
v 0.0175706148 0.021378139 -0.00385649526
v 0.0177257005 0.0213977061 -0.0037237003
v 0.0178452507 0.0210071914 -0.00377532304
v 0.0177724082 0.0212582666 -0.00374095328
v 0.0177414026 0.0213523358 -0.00372916972
v 0.0179869663 0.0202053469 -0.00391410151
v 0.0179455411 0.0205312651 -0.00385225448
v 0.0179005433 0.0206177998 -0.00386319077
v 0.0179324802 0.0206087623 -0.00383866113
v 0.0179911945 0.020157937 -0.00392374024
v 0.017692022 0.0204247851 -0.00409607217
v 0.0180094466 0.0197005477 -0.00402501225
v 0.0179401878 0.019632699 -0.00410172483
v 0.0180125237 0.0192815177 -0.00411197077
v 0.0177219994 0.019430073 -0.00433002319
v 0.0180129185 0.0192200784 -0.00412334874
v 0.0178148616 0.0190254003 -0.00433256757
v 0.0178863797 0.0186170824 -0.00433465559
v 0.018014906 0.0188683234 -0.00418169517
v 0.0179363154 0.0182064492 -0.00433629751
v 0.01801713 0.0182881411 -0.00425191456
v 0.018025687 0.00980448723 -0.00468776701
v 0.0180230327 0.0118734231 -0.00456748623
v 0.017726142 0.0128779756 -0.00479750289
v 0.0179462396 0.0130953044 -0.00457571354
v 0.0177892111 0.0163499173 -0.00456564734
v 0.017912982 0.00969797466 -0.00480687153
v 0.0180278197 0.00822163746 -0.00478230417
v 0.0180284865 0.00772713311 -0.00481182383
v 0.01785299 0.00328177866 -0.00523840357
v 0.0180335604 0.00344565441 -0.00505043054
v 0.0180332493 0.00377351535 -0.00503406255
v 0.0180343352 0.00251604035 -0.0050941715
v 0.0178422015 0.000613108627 -0.00536188018
v 0.0180349592 -0.00191891368 -0.00522708101
v 0.0178725477 0.0208980199 -0.00379159744
v 0.017745601 0.0210024156 -0.0038600862
v 0.0175371319 0.0208100863 -0.00409252988
v 0.0180215444 0.0131594306 -0.00449666101
v 0.0178265218 0.0200318974 -0.00409913529
v 0.0174735356 0.0202232394 -0.00432353513
v 0.0176080968 0.0198297855 -0.00432701455
v 0.0170910638 0.020399943 -0.00454095984
v 0.0173802022 0.0196195543 -0.00454915036
v 0.0173187647 0.0206091553 -0.0043195812
v 0.0169507377 0.0213534031 -0.00431023771
v 0.0165089592 0.0220528971 -0.00429897802
v 0.0180088077 0.0197778288 -0.00400718534
v 0.0167239942 0.0211454388 -0.00453087827
v 0.0162839238 0.0218464267 -0.00451890379
v 0.0152095379 0.0230795592 -0.00448939437
v 0.0157768056 0.0224938951 -0.00450505968
v 0.015428911 0.0232822541 -0.00427082228
v 0.0159993786 0.0226986129 -0.00428582262
v 0.0156398397 0.0234761946 -0.00404684572
v 0.0162132327 0.0228946619 -0.00406111544
v 0.0153324483 0.0237412211 -0.00403903052
v 0.016488662 0.0209293365 -0.00474564452
v 0.0168546066 0.0201827642 -0.00475638406
v 0.0133009246 0.0246806294 -0.00418405002
v 0.0131316865 0.0246831924 -0.00423316099
v 0.0126590934 0.0243415907 -0.00463266531
v 0.0120856101 0.0242600888 -0.00482655037
v 0.0117243221 0.0243670847 -0.0048147114
v 0.0111504709 0.0242378134 -0.00500172423
v 0.0155460974 0.0222807508 -0.00471857097
v 0.0149822906 0.0228683297 -0.00470231846
v 0.0143668177 0.0233869534 -0.00468434906
v 0.0137081323 0.0238301065 -0.004664768
v 0.0168173406 0.0154347392 -0.00540021993
v 0.0167217515 0.0170780923 -0.00538990833
v 0.016980337 0.0173170064 -0.00519275013
v 0.0166683309 0.0174890459 -0.00538672088
v 0.0169275627 0.0177281443 -0.00518977642
v 0.0171434171 0.019401541 -0.00476525212
v 0.0168983359 0.0191760808 -0.00497503811
v 0.0168540031 0.0181371495 -0.00518637197
v 0.0141367922 0.0231695231 -0.00489088986
v 0.0134833287 0.0236151423 -0.00487085013
v 0.0132524436 0.023391854 -0.00507095875
v 0.0125717586 0.023759611 -0.00504910713
v 0.0131434696 0.0238080211 -0.00486027449
v 0.0129062422 0.0246826224 -0.00429757312
v 0.0125279771 0.0246818271 -0.00439448655
v 0.0115101952 0.0241514184 -0.00501397625
v 0.0109356046 0.0240156911 -0.00519486982
v 0.0109963035 0.0245135985 -0.00479028001
v 0.0106321247 0.0245527271 -0.0047777351
v 0.0107899122 0.0243016537 -0.00498924172
v 0.010429794 0.0243427847 -0.00497655617
v 0.0105791409 0.0240814555 -0.00518227741
v 0.0102232369 0.024124613 -0.00516948476
v 0.0103645539 0.0238531101 -0.00536916172
v 0.0142828096 0.0245450139 -0.00394070102
v 0.0135808233 0.0242267102 -0.00444285106
v 0.0130153196 0.0241922904 -0.00464370521
v 0.0124433925 0.0241309796 -0.00483810389
v 0.0118678194 0.0240427032 -0.00502597168
v 0.0112913717 0.0239274781 -0.00520723499
v 0.0107167764 0.023785416 -0.00538182445
v 0.00299776113 0.0246923622 -0.00476089865
v 0.00414704811 0.0244947691 -0.00496196654
v 0.00677124411 0.0243721083 -0.00504800817
v 0.00951683614 0.0241819881 -0.00514394883
v 0.0112639265 0.0246807169 -0.00461331476
v 0.0111660603 0.0246807393 -0.00462287338
v 0.0144762453 0.0240252484 -0.00424503814
v 0.013926262 0.0240365807 -0.00445294846
v 0.0133654019 0.0240216218 -0.00465441355
v 0.0127964225 0.0239801407 -0.00484935287
v 0.0122220907 0.0239119735 -0.00503769005
v 0.0116451774 0.0238170493 -0.00521935057
v 0.0110684289 0.0236953888 -0.00539426226
v 0.0104945619 0.0235471074 -0.00556235248
v 0.0111876754 0.0233414788 -0.00558705023
v 0.0117650358 0.0234493446 -0.005418377
v 0.0123419287 0.023530852 -0.00524273654
v 0.0130160777 0.0231604166 -0.00526485872
v 0.013511138 0.022800291 -0.00529137766
v 0.0119957719 0.023684714 -0.00523119047
v 0.0114182644 0.0235832632 -0.00540645421
v 0.0108419592 0.0234552789 -0.00557482243
v 0.0106125511 0.0232072752 -0.00574867101
v 0.0102695404 0.0233008824 -0.00573621038
v 0.0100423023 0.0230468623 -0.00590314623
v 0.00970361847 0.0231202934 -0.00589051889
v 0.00969571806 0.0228230972 -0.00605388544
v 0.011641481 0.0228060465 -0.00577725749
v 0.00908389874 0.0228367094 -0.00608312991
v 0.00914672296 0.0229138359 -0.00603762968
v 0.0101467213 0.0236167274 -0.00554965995
v 0.0097996844 0.0236639809 -0.00553677324
v 0.00958381407 0.0234217253 -0.00571065582
v 0.00911168102 0.0237296075 -0.00551105384
v 0.00890539028 0.0234915074 -0.00568496017
v 0.00644842116 0.0239473227 -0.00541437091
v 0.00628464203 0.0237231664 -0.00558829168
v 0.00391982868 0.0240883715 -0.00532758795
v 0.00380489253 0.023873629 -0.00550139602
v 0.00113465416 0.0246958975 -0.00473239459
v -0.000840200752 0.0246999059 -0.00468434114
v -0.00084362732 0.0245393328 -0.00484682992
v 0.0100130159 0.023898311 -0.00535630202
v 0.00931567419 0.0239597969 -0.0053306371
v 0.00661077164 0.0241636466 -0.00523419911
v 0.00403398415 0.0242954195 -0.00514770159
v -0.000846813025 0.024382079 -0.00499714771
v 0.00992621388 0.0233724192 -0.00572353043
v 0.00936596841 0.0231716409 -0.00587769831
v 0.00869735889 0.0232455768 -0.0058521023
v 0.00848813914 0.022991905 -0.00601221249
v 0.00611988222 0.0234912131 -0.0057557039
v 0.00595458923 0.0232514925 -0.00591634167
v 0.00368950516 0.0236511976 -0.00566887436
v 0.00357398391 0.0234210808 -0.00582975615
v -0.000857821142 0.0237716902 -0.00550931785
v -0.000860663247 0.0235942118 -0.00563959219
v 0.00345865241 0.0231832881 -0.00598375825
v -0.00086489314 0.0233118664 -0.00583165186
v -0.000861495268 0.0235404037 -0.0056775976
v -0.000864557747 0.0233351234 -0.00581650436
v 0.00904443581 0.0228378046 -0.00608377997
v -0.000848811294 0.0242793243 -0.0050909915
v -0.000852421275 0.0240851752 -0.00525950128
v -0.000854362326 0.0239757597 -0.00534969196
v -0.000856612984 0.0238442589 -0.00545379613
v 0.0176490173 -0.0023901714 -0.00560670951
v 0.0175657514 0.00019202668 -0.00562763028
v 0.0173460022 4.31962471e-05 -0.0058143544
v 0.0174324438 -0.00249599968 -0.00579419686
v 0.0169917289 0.00558507023 -0.00582265621
v 0.017195927 0.00273446878 -0.00582382642
v 0.0169635024 0.00255013932 -0.00600020308
v 0.017422013 0.0029182029 -0.00563787436
v 0.0172268674 0.00579528697 -0.00563749159
v 0.0169993918 0.00881488807 -0.00562783331
v 0.0170166623 0.0121937878 -0.00541945687
v 0.0170718376 0.0156725198 -0.0052021835
v 0.0172317065 0.0175496805 -0.00498851901
v 0.0171796028 0.0179608651 -0.00498581165
v 0.0171065032 0.0183698721 -0.00498266798
v 0.016887527 -0.000254462066 -0.00615822384
v 0.0171197448 -0.000105783882 -0.00599130057
v 0.0180300307 0.00655519729 -0.00488099316
v 0.0174942929 0.0192194115 -0.00455254409
v 0.0172576439 0.019001063 -0.00476899138
v 0.0175875314 0.018814357 -0.00455547776
v 0.0173512138 0.0185957272 -0.00477227475
v 0.0176596083 0.0184057057 -0.00455795741
v 0.0174238198 0.018186843 -0.00477511017
v 0.0177102908 0.0179947857 -0.00455999561
v 0.017475225 0.0177757349 -0.00477750413
v 0.017558381 0.0161305349 -0.00478459569
v 0.0173190571 0.0159045942 -0.00499687763
v 0.017497465 0.0126549453 -0.00501227705
v 0.0172607712 0.0124267163 -0.00521970214
v 0.0174713694 0.00926397648 -0.00523342844
v 0.0172388889 0.00904104393 -0.00543481344
v 0.0174553301 0.00600369088 -0.00544331223
v 0.0176412109 0.00310081593 -0.00544262817
v 0.0177784525 0.000340254279 -0.00543141179
v 0.01802947 -0.00628062896 -0.00520731322
v 0.00437308429 -0.0219018273 0.000429599837
v 0.00537226489 -0.0219029002 0.000470116356
v 0.00536825275 -0.0243026372 0.000505457167
v -0.00662188837 -0.0242897514 1.9260011e-05
v -0.00561869657 -0.0218910892 2.44357016e-05
v -0.0066178767 -0.0218900163 -1.60808013e-05
v 0.0153963519 -0.0218886025 -0.00438452465
v 0.0154033797 -0.0219020527 -0.00442137895
v 0.0154154375 -0.021836061 -0.0044557699
v 0.0154613284 -0.0219576824 -0.0045583467
v 0.0154828159 -0.0219716076 -0.00458888942
v 0.0154977227 -0.0219027456 -0.00462020421
v 0.0155068552 -0.0219853595 -0.00461754901
v 0.0155332936 -0.0219988562 -0.00464414293
v 0.0155488951 -0.0219271369 -0.00467474479
v 0.0146453278 -0.0225535743 -0.00429328438
v 0.0145936906 -0.0225560591 -0.00431755697
v 0.0146570271 -0.0225581657 -0.00433219643
v 0.0146059506 -0.0225612335 -0.0043558781
v 0.0146687897 -0.0225660559 -0.00437055714
v 0.0146180438 -0.0225696489 -0.00439367304
v 0.0146805346 -0.0225771908 -0.00440810807
v 0.0146298902 -0.0225812569 -0.00443069264
v 0.0146921808 -0.0225914959 -0.00444460195
v 0.0146414153 -0.0225959755 -0.00446669525
v 0.0147036593 -0.0226088762 -0.00447979104
v 0.01465254 -0.0226137079 -0.00450144056
v 0.0147148827 -0.0226292163 -0.00451344252
v 0.0146631915 -0.0226343423 -0.00453470228
v 0.0147257848 -0.0226523746 -0.0045453296
v 0.014673301 -0.0226577409 -0.00456626154
v 0.0147362873 -0.0226782039 -0.00457524089
v 0.0146827968 -0.0226837471 -0.00459590927
v 0.0147463214 -0.0227065273 -0.00460297382
v 0.0146916229 -0.0227121916 -0.00462345267
v 0.0147558181 -0.0227371585 -0.0046283449
v 0.0146997208 -0.0227428861 -0.00464870641
v 0.0147647178 -0.022769887 -0.00465118326
v 0.0147070335 -0.0227756333 -0.00467150798
v 0.0147729618 -0.0228044987 -0.00467133755
v 0.0147135165 -0.0228102095 -0.00469170604
v 0.014780486 -0.0228407606 -0.00468867179
v 0.0147191221 -0.0228463933 -0.00470916601
v 0.0147872521 -0.0228784308 -0.00470307004
v 0.014723816 -0.0228839442 -0.00472377706
v 0.0147932041 -0.0229172558 -0.00471443823
v 0.0147275692 -0.0229226146 -0.00473543769
v 0.0147983097 -0.0229569785 -0.00472269719
v 0.0147303566 -0.022962153 -0.00474407477
v 0.0148025332 -0.022997329 -0.00472779246
v 0.0147321569 -0.0230022967 -0.00474963104
v 0.0148058431 -0.0230380427 -0.00472969003
v 0.0147329615 -0.0230427813 -0.00475207018
v 0.014808218 -0.0230788421 -0.00472837873
v 0.0147327632 -0.0230833404 -0.00475137355
v 0.0148096466 -0.0231194589 -0.00472386647
v 0.0147315655 -0.0231237095 -0.00474754907
v 0.0148101123 -0.0231596176 -0.00471618166
v 0.0147293732 -0.0231636167 -0.0047406191
v 0.0148096206 -0.0231990553 -0.00470537925
v 0.0147262011 -0.0232028048 -0.00473063206
v 0.0148081677 -0.0232374985 -0.00469152769
v 0.0147220735 -0.0232410189 -0.00471765129
v 0.0146969482 -0.0225476697 -0.0042712898
v 0.0147079844 -0.0225517806 -0.0043107518
v 0.0147193177 -0.0225592237 -0.00434963824
v 0.0147308707 -0.0225699432 -0.00438768417
v 0.0147425663 -0.0225838684 -0.00442463299
v 0.0147543224 -0.022600906 -0.00446023373
v 0.0147660598 -0.0226209406 -0.00449424516
v 0.0147776976 -0.0226438381 -0.00452643586
v 0.0147891613 -0.0226694383 -0.0045565879
v 0.0148003697 -0.0226975679 -0.00458449777
v 0.0148112504 -0.022728039 -0.00460997364
v 0.014821725 -0.0227606427 -0.00463284506
v 0.0148317274 -0.0227951612 -0.00465295557
v 0.0148411812 -0.022831358 -0.00467016781
v 0.0148500307 -0.0228689872 -0.00468436861
v 0.0148582123 -0.0229077972 -0.00469545834
v 0.014865675 -0.0229475182 -0.00470336247
v 0.01487236 -0.0229878835 -0.00470802793
v 0.0148782264 -0.0230286215 -0.00470942259
v 0.014883237 -0.0230694544 -0.00470753619
v 0.0148873534 -0.0231101047 -0.00470238458
v 0.0148905497 -0.0231502969 -0.00469399989
v 0.0148928007 -0.023189757 -0.00468243845
v 0.0148941008 -0.0232282206 -0.00466778176
v 0.0147485165 -0.0225383192 -0.0042515723
v 0.0147588011 -0.0225420669 -0.00429153815
v 0.0147696212 -0.0225491468 -0.00433090748
v 0.0147809023 -0.0225595199 -0.00436940743
v 0.0147925699 -0.0225731116 -0.00440677442
v 0.0148045439 -0.0225898307 -0.00444275141
v 0.0148167387 -0.0226095598 -0.0044770902
v 0.0148290703 -0.022632163 -0.00450955704
v 0.014841456 -0.0226574838 -0.00453992933
v 0.0148538128 -0.0226853546 -0.00456799613
v 0.0148660541 -0.0227155797 -0.0045935642
v 0.0148780961 -0.0227479488 -0.00461646123
v 0.0148898521 -0.0227822457 -0.00463652797
v 0.0149012487 -0.0228182301 -0.00465362566
v 0.0149122011 -0.0228556562 -0.00466763973
v 0.0149226356 -0.0228942707 -0.00467847148
v 0.0149324816 -0.0229338016 -0.00468604686
v 0.0149416756 -0.0229739808 -0.00469031325
v 0.0149501478 -0.0230145324 -0.00469124364
v 0.0149578396 -0.023055179 -0.00468882965
v 0.0149647035 -0.0230956431 -0.00468308851
v 0.0149706919 -0.0231356379 -0.00467406027
v 0.0149757564 -0.0231748987 -0.00466180593
v 0.014979871 -0.02321315 -0.00464641023
v 0.0147999842 -0.0225254633 -0.00423416449
v 0.0148094371 -0.0225289613 -0.00427458715
v 0.0148196714 -0.0225357842 -0.00431439048
v 0.0148306191 -0.0225458872 -0.00435329974
v 0.0148421982 -0.0225591958 -0.00439104158
v 0.0148543306 -0.0225756187 -0.00442735385
v 0.014866937 -0.0225950424 -0.00446198834
v 0.0148799242 -0.0226173345 -0.00449470012
v 0.0148932012 -0.0226423368 -0.00452526473
v 0.0149066821 -0.022669876 -0.00455346983
v 0.0149202701 -0.0226997603 -0.00457911845
v 0.0149338674 -0.0227317903 -0.00460203411
v 0.0149473865 -0.0227657314 -0.00462205522
v 0.0149607239 -0.0228013527 -0.0046390458
v 0.014973795 -0.0228384119 -0.00465288665
v 0.0149865095 -0.0228766426 -0.00466348045
v 0.014998775 -0.0229157899 -0.00467075454
v 0.0150105087 -0.0229555722 -0.00467465911
v 0.0150216259 -0.0229957197 -0.00467516528
v 0.0150320539 -0.023035951 -0.00467227213
v 0.0150417155 -0.0230759848 -0.00466599874
v 0.0150505481 -0.023115553 -0.0046563861
v 0.0150584886 -0.0231543649 -0.0046435059
v 0.01506548 -0.0231921654 -0.00462744245
v 0.014846473 -0.0225106906 -0.00422045309
v 0.0148551175 -0.0225140844 -0.00426124223
v 0.0148647735 -0.0225207675 -0.0043013934
v 0.0148753654 -0.0225306973 -0.00434062723
v 0.0148868226 -0.022543801 -0.00437866757
v 0.0148990629 -0.0225599874 -0.00441524759
v 0.0149120064 -0.0225791428 -0.00445011444
v 0.0149255572 -0.0226011332 -0.0044830204
v 0.0149396211 -0.0226258058 -0.00451373542
v 0.0149541022 -0.0226529874 -0.00454204669
v 0.0149688963 -0.022682488 -0.00456775492
v 0.0149838999 -0.0227141026 -0.00459067943
v 0.0149990134 -0.022747606 -0.00461066095
v 0.0150141232 -0.0227827635 -0.00462755887
v 0.0150291277 -0.0228193346 -0.00464125536
v 0.015043919 -0.0228570569 -0.00465165311
v 0.0150583973 -0.0228956714 -0.00465868134
v 0.0150724603 -0.0229349043 -0.00466229068
v 0.0150860073 -0.0229744818 -0.00466245366
v 0.015098948 -0.0230141301 -0.00465917261
v 0.0151111865 -0.023053566 -0.00465246616
v 0.0151226409 -0.0230925195 -0.00464238552
v 0.0151332272 -0.0231307112 -0.00462899869
v 0.0151428748 -0.0231678821 -0.00461240066
v 0.0148918489 -0.0224932209 -0.00420900015
v 0.0148996636 -0.0224966258 -0.00425009895
v 0.0149087124 -0.022503268 -0.00429054582
v 0.0149189234 -0.0225131027 -0.0043300516
v 0.0149302306 -0.0225260593 -0.00436834292
v 0.014942552 -0.0225420427 -0.00440514833
v 0.0149558019 -0.0225609411 -0.0044402061
v 0.0149698816 -0.0225826241 -0.00447327038
v 0.014984699 -0.0226069409 -0.00450411066
v 0.0150001505 -0.0226337146 -0.00453250622
v 0.0150161171 -0.0226627588 -0.00455825776
v 0.0150324972 -0.0226938687 -0.00458118599
v 0.0150491726 -0.0227268282 -0.00460112514
v 0.0150660202 -0.0227614027 -0.00461793877
v 0.0150829256 -0.0227973443 -0.00463150814
v 0.0150997723 -0.0228344034 -0.00464173546
v 0.0151164345 -0.0228723213 -0.00464854948
v 0.0151328035 -0.0229108259 -0.00465190085
v 0.0151487552 -0.0229496509 -0.0046517686
v 0.0151641844 -0.0229885187 -0.00464815227
v 0.0151789747 -0.0230271574 -0.00464107841
v 0.0151930302 -0.0230652969 -0.00463059451
v 0.0152062476 -0.0231026579 -0.00461677602
v 0.0152185364 -0.0231389925 -0.00459971977
v 0.0149359358 -0.0224731285 -0.00419981265
v 0.0149429105 -0.0224766713 -0.00424116291
v 0.0149513353 -0.0224833749 -0.00428184681
v 0.0149611495 -0.0224931911 -0.00432157423
v 0.0149722854 -0.0225060564 -0.0043600658
v 0.0149846664 -0.0225218702 -0.00439704815
v 0.0149981985 -0.0225405302 -0.00443225866
v 0.0150127904 -0.0225619003 -0.0044654482
v 0.0150283361 -0.0225858279 -0.00449638069
v 0.0150447292 -0.0226121414 -0.00452484004
v 0.0150618469 -0.0226406604 -0.00455062138
v 0.0150795775 -0.0226711761 -0.00457354309
v 0.0150977867 -0.0227034763 -0.00459344266
v 0.0151163517 -0.0227373336 -0.00461018085
v 0.0151351355 -0.0227725059 -0.0046236366
v 0.0151540097 -0.0228087474 -0.0046337177
v 0.0151728392 -0.0228457954 -0.00464034872
v 0.0151914898 -0.0228833891 -0.00464348495
v 0.0152098285 -0.0229212642 -0.00464310404
v 0.0152277276 -0.0229591541 -0.00463920785
v 0.0152450604 -0.0229967851 -0.00463182572
v 0.0152616985 -0.0230338965 -0.00462100841
v 0.0152775347 -0.0230702218 -0.00460683415
v 0.0152924452 -0.0231055003 -0.00458940025
v 0.0149792749 -0.0224501677 -0.00419286592
v 0.0149854328 -0.02245396 -0.00423440244
v 0.0149932485 -0.0224608202 -0.00427525956
v 0.0150026781 -0.0224706996 -0.00431514718
v 0.0150136407 -0.0224835258 -0.00435378402
v 0.015026072 -0.0224992111 -0.00439089118
v 0.0150398733 -0.022517642 -0.00442620972
v 0.0150549542 -0.0225386899 -0.00445948355
v 0.015071203 -0.0225622021 -0.0044904789
v 0.0150885005 -0.0225880146 -0.00451897411
v 0.0151067348 -0.0226159394 -0.00454476988
v 0.0151257664 -0.022645779 -0.00456767809
v 0.0151454629 -0.0226773266 -0.00458753854
v 0.0151656847 -0.0227103513 -0.00460420828
v 0.0151862893 -0.0227446202 -0.0046175723
v 0.0152071277 -0.0227798931 -0.00462753186
v 0.0152280554 -0.022815913 -0.00463401666
v 0.015248918 -0.0228524338 -0.00463698199
v 0.0152695701 -0.0228891838 -0.0046364083
v 0.0152898664 -0.0229259077 -0.00463229604
v 0.0153096616 -0.0229623429 -0.00462467549
v 0.0153288152 -0.0229982324 -0.00461360253
v 0.0153471874 -0.0230333228 -0.004599154
v 0.0153646534 -0.0230673589 -0.00458143326
v 0.0150217721 -0.0224243179 -0.00418817345
v 0.015027144 -0.0224284679 -0.00422982965
v 0.0150343869 -0.0224355776 -0.0042707976
v 0.0150434431 -0.0224455893 -0.00431078626
v 0.0150542492 -0.0224584341 -0.00434950972
v 0.0150667317 -0.0224740207 -0.00438669277
v 0.0150808003 -0.0224922374 -0.00442207046
v 0.0150963534 -0.0225129537 -0.00445538945
v 0.0151132792 -0.0225360245 -0.0044864146
v 0.0151314614 -0.0225612801 -0.00451492332
v 0.0151507696 -0.0225885473 -0.00454071304
v 0.0151710613 -0.0226176288 -0.00456360029
v 0.0151921958 -0.0226483196 -0.00458342023
v 0.0152140232 -0.0226803962 -0.00460003363
v 0.0152363861 -0.0227136314 -0.00461332081
v 0.0152591271 -0.0227477904 -0.00462318817
v 0.0152820796 -0.0227826312 -0.0046295654
v 0.015305086 -0.0228179004 -0.0046324064
v 0.0153279779 -0.0228533484 -0.00463169068
v 0.015350596 -0.0228887293 -0.00462742383
v 0.0153727764 -0.0229237806 -0.0046196375
v 0.0153943626 -0.0229582582 -0.00460838433
v 0.0154151972 -0.022991918 -0.0045937472
v 0.0154351387 -0.0230245162 -0.00457582809
v 0.0150628006 -0.0223959014 -0.00418580463
v 0.0150674433 -0.022400517 -0.00422751345
v 0.0150741506 -0.0224079583 -0.00426852657
v 0.0150828725 -0.0224181674 -0.00430855155
v 0.0150935426 -0.0224310793 -0.00434730574
v 0.0151060885 -0.022446597 -0.00438451115
v 0.0151204234 -0.0224646069 -0.00441990141
v 0.0151364384 -0.0224849861 -0.00445322739
v 0.0151540246 -0.0225075893 -0.00448424928
v 0.0151730534 -0.0225322507 -0.00451274589
v 0.0151933907 -0.0225587953 -0.00453851372
v 0.015214893 -0.0225870404 -0.00456136977
v 0.015237404 -0.0226167757 -0.004581152
v 0.0152607663 -0.0226477962 -0.00459771883
v 0.0152848093 -0.0226798784 -0.00461095152
v 0.0153093645 -0.0227127895 -0.00462075416
v 0.0153342588 -0.0227463041 -0.00462705921
v 0.0153593067 -0.0227801744 -0.00462982338
v 0.0153843407 -0.0228141602 -0.00462902198
v 0.0154091753 -0.0228480231 -0.00462466571
v 0.0154336356 -0.0228815209 -0.00461678207
v 0.0154575417 -0.0229144096 -0.00460542832
v 0.0154807335 -0.022946462 -0.00459068548
v 0.0155030368 -0.022977449 -0.00457266113
v 0.0151017969 -0.0223653484 -0.00418575946
v 0.0151057858 -0.0223705173 -0.00422745105
v 0.0151120182 -0.0223783627 -0.00426844368
v 0.0151204476 -0.0223888326 -0.00430844678
v 0.0151310163 -0.0224018451 -0.0043471735
v 0.0151436431 -0.0224173162 -0.00438434863
v 0.0151582453 -0.0224351343 -0.00441970676
v 0.0151747139 -0.022455167 -0.00445299922
v 0.0151929334 -0.0224772748 -0.00448398432
v 0.0152127743 -0.0225012992 -0.00451244367
v 0.0152340941 -0.0225270707 -0.00453817425
v 0.015256742 -0.0225544069 -0.00456099352
v 0.0152805559 -0.0225831103 -0.00458073616
v 0.0153053654 -0.0226129759 -0.00459726527
v 0.0153309964 -0.0226437934 -0.00461046165
v 0.0153572671 -0.0226753447 -0.00462022983
v 0.015383984 -0.0227074008 -0.00462650321
v 0.0154109644 -0.0227397345 -0.00462923385
v 0.0154380118 -0.0227721184 -0.00462840451
v 0.0154649345 -0.0228043143 -0.00462401984
v 0.0154915396 -0.0228361059 -0.00461611338
v 0.015517639 -0.0228672512 -0.00460473774
v 0.0155430473 -0.0228975415 -0.00458997628
v 0.0155675812 -0.0229267534 -0.00457193423
v 0.0151387099 -0.0223327652 -0.00418800395
v 0.0151421288 -0.0223385654 -0.00422961265
v 0.0151479505 -0.0223468821 -0.00427052146
v 0.0151561461 -0.0223576594 -0.00431044027
v 0.0151666468 -0.0223708134 -0.00434908224
v 0.0151793826 -0.0223862566 -0.00438617682
v 0.0151942614 -0.0224038791 -0.00442145765
v 0.0152111789 -0.0224235505 -0.00445467373
v 0.0152300149 -0.0224451367 -0.00448559085
v 0.0152506325 -0.0224684831 -0.00451399013
v 0.0152728911 -0.022493422 -0.0045396667
v 0.0152966306 -0.0225197766 -0.0045624394
v 0.0153216748 -0.0225473624 -0.00458214711
v 0.0153478561 -0.0225759782 -0.00459864829
v 0.0153749837 -0.0226054229 -0.0046118265
v 0.0154028656 -0.0226354897 -0.00462158863
v 0.0154312998 -0.0226659607 -0.0046278662
v 0.0154600907 -0.0226966236 -0.00463061174
v 0.0154890316 -0.0227272585 -0.00462980801
v 0.0155179147 -0.0227576476 -0.00462545967
v 0.015546537 -0.0227875765 -0.00461759837
v 0.0155746918 -0.0228168294 -0.00460627908
v 0.0156021807 -0.0228452012 -0.00459158234
v 0.015628811 -0.0228724889 -0.0045736148
v 0.0151735796 -0.0222981367 -0.00419254322
v 0.0151765132 -0.0223046392 -0.0042340043
v 0.0151820118 -0.0223134812 -0.0042747641
v 0.0151900295 -0.0223246031 -0.00431453576
v 0.0152005134 -0.0223379247 -0.00435303943
v 0.0152133852 -0.0223533493 -0.00439000037
v 0.0152285611 -0.0223707724 -0.0044251564
v 0.0152459256 -0.0223900676 -0.00445826119
v 0.0152653661 -0.0224110968 -0.00448907819
v 0.0152867343 -0.0224337149 -0.004517389
v 0.0153098824 -0.0224577617 -0.00454299571
v 0.0153346527 -0.0224830639 -0.00456571439
v 0.0153608611 -0.0225094426 -0.00458538719
v 0.0153883249 -0.0225367136 -0.00460187113
v 0.0154168522 -0.022564685 -0.004615054
v 0.0154462401 -0.0225931536 -0.00462483661
v 0.0154762771 -0.0226219203 -0.00463115424
v 0.0155067537 -0.022650782 -0.00463396264
v 0.0155374557 -0.0226795375 -0.00463323807
v 0.0155681605 -0.0227079764 -0.00462898891
v 0.0155986575 -0.022735903 -0.00462124264
v 0.0156287253 -0.0227631163 -0.00461005699
v 0.0156581532 -0.0227894224 -0.0045955102
v 0.0156867318 -0.0228146445 -0.00457770471
v 0.0152067319 -0.0222611036 -0.00419937819
v 0.0152092949 -0.0222683456 -0.0042406274
v 0.0152145531 -0.0222777445 -0.00428117951
v 0.0152224693 -0.0222892314 -0.00432075048
v 0.0152329933 -0.0223027263 -0.00435905997
v 0.0152460411 -0.0223181322 -0.00439584069
v 0.0152615309 -0.0223353468 -0.00443083048
v 0.015279348 -0.0223542396 -0.0044637844
v 0.0152993696 -0.0223746803 -0.00449447334
v 0.0153214503 -0.0223965328 -0.00452267658
v 0.0153454384 -0.0224196352 -0.00454819854
v 0.0153711615 -0.0224438235 -0.00457085762
v 0.0153984437 -0.0224689338 -0.00459049642
v 0.0154270912 -0.0224947855 -0.00460697385
v 0.0154568991 -0.0225211997 -0.00462017581
v 0.0154876625 -0.0225479826 -0.00463000825
v 0.0155191589 -0.0225749537 -0.00463640317
v 0.0155511703 -0.0226019211 -0.00463931542
v 0.0155834723 -0.0226286948 -0.00463872496
v 0.0156158339 -0.0226550847 -0.00463463273
v 0.0156480297 -0.0226809047 -0.00462707086
v 0.0156798344 -0.0227059759 -0.00461609103
v 0.0157110188 -0.0227301195 -0.00460177148
v 0.015741365 -0.0227531679 -0.00458421325
v 0.0152379051 -0.0222218931 -0.0042084679
v 0.015240211 -0.0222299043 -0.00424944749
v 0.0152453268 -0.0222398713 -0.00428973604
v 0.0152532244 -0.0222517308 -0.00432905229
v 0.0152638434 -0.022265397 -0.00436712056
v 0.0152771091 -0.022280775 -0.00440367451
v 0.0152929304 -0.0222977586 -0.0044384608
v 0.0153111955 -0.0223162267 -0.00447123311
v 0.0153317777 -0.0223360471 -0.00450176466
v 0.0153545327 -0.0223570894 -0.00452983892
v 0.015379305 -0.0223792009 -0.00455526356
v 0.0154059138 -0.0224022269 -0.00457785744
v 0.0154341767 -0.0224260036 -0.00459746318
v 0.0154638998 -0.0224503726 -0.00461394479
v 0.0154948672 -0.0224751569 -0.00462718587
v 0.0155268693 -0.0225001872 -0.00463709235
v 0.015559677 -0.0225252863 -0.00464359811
v 0.0155930649 -0.0225502774 -0.0046466575
v 0.0156268012 -0.0225749929 -0.00464624632
v 0.0156606417 -0.0225992464 -0.00464236969
v 0.0156943556 -0.0226228796 -0.00463505462
v 0.01572771 -0.0226457231 -0.00462435046
v 0.0157604646 -0.0226676203 -0.00461033266
v 0.0157923922 -0.0226884149 -0.00459310133
v 0.0152665125 -0.0221812967 -0.00421961909
v 0.0152686778 -0.0221900735 -0.00426027784
v 0.0152737508 -0.0222006124 -0.00430025393
v 0.0152817033 -0.022212835 -0.00433927216
v 0.0152924741 -0.0222266577 -0.00437705591
v 0.0153059904 -0.022241991 -0.00441334862
v 0.01532216 -0.0222587232 -0.0044478951
v 0.0153408684 -0.0222767368 -0.00448045693
v 0.0153619917 -0.0222959109 -0.00451080827
v 0.0153853763 -0.0223161113 -0.0045387391
v 0.0154108601 -0.0223371964 -0.00456405291
v 0.0154382698 -0.0223590191 -0.00458657788
v 0.0154674128 -0.0223814305 -0.00460615335
v 0.0154980887 -0.022404274 -0.00462264707
v 0.0155300852 -0.0224273913 -0.00463594357
v 0.0155631788 -0.0224506222 -0.00464595016
v 0.0155971386 -0.0224738047 -0.00465259608
v 0.0156317297 -0.0224967785 -0.00465583755
v 0.0156667139 -0.0225193836 -0.00465565082
v 0.0157018472 -0.0225414634 -0.00465203775
v 0.0157368854 -0.0225628633 -0.00464502489
v 0.0157715864 -0.0225834399 -0.00463465741
v 0.0158057064 -0.0226030406 -0.00462100934
v 0.0158390105 -0.0226215404 -0.00460417429
v 0.0152925253 -0.0221395046 -0.00423276285
v 0.0152946599 -0.0221490394 -0.00427305605
v 0.0152997812 -0.0221601315 -0.00431267498
v 0.0153078604 -0.0221726988 -0.00435134908
v 0.0153188426 -0.022186663 -0.00438881246
v 0.0153326448 -0.0222019255 -0.00442480575
v 0.0153491767 -0.0222183783 -0.00445908261
v 0.0153683275 -0.0222359095 -0.00449140649
v 0.0153899575 -0.0222544037 -0.00452155713
v 0.0154139251 -0.0222737268 -0.00454932591
v 0.0154400654 -0.0222937465 -0.00457452098
v 0.0154681969 -0.0223143287 -0.00459697004
v 0.0154981231 -0.0223353319 -0.00461651944
v 0.0155296447 -0.0223566107 -0.00463303365
v 0.0155625362 -0.0223780181 -0.00464640139
v 0.0155965798 -0.022399405 -0.00465652719
v 0.0156315416 -0.022420628 -0.00466334214
v 0.0156671721 -0.0224415399 -0.0046668034
v 0.0157032348 -0.0224619992 -0.0046668807
v 0.0157394763 -0.0224818569 -0.0046635801
v 0.0157756526 -0.0225009881 -0.00465691974
v 0.0158115122 -0.0225192513 -0.00464694621
v 0.0158468075 -0.0225365292 -0.00463372888
v 0.0158812981 -0.0225526933 -0.00461735902
v 0.0153159313 -0.0220966451 -0.00424787635
v 0.0153181413 -0.0221069194 -0.00428775791
v 0.0153234024 -0.0221185423 -0.0043269759
v 0.0153316818 -0.0221314318 -0.00436526584
v 0.0153429247 -0.0221455041 -0.0044023688
v 0.0153570464 -0.0221606605 -0.00443802821
v 0.0153739573 -0.022176804 -0.00447200472
v 0.0153935412 -0.0221938174 -0.00450406503
v 0.0154156638 -0.0222115852 -0.00453399401
v 0.0154401762 -0.0222299919 -0.00456158491
v 0.0154669099 -0.0222489107 -0.00458665099
v 0.015495684 -0.0222682077 -0.00460902415
v 0.0155263003 -0.0222877599 -0.0046285484
v 0.0155585548 -0.0223074276 -0.00464509195
v 0.0155922286 -0.0223270766 -0.0046585435
v 0.0156270843 -0.0223465823 -0.00466880947
v 0.0156628955 -0.0223658029 -0.00467582326
v 0.0156994108 -0.02238461 -0.00467953505
v 0.0157363843 -0.0224028733 -0.00467991736
v 0.0157735664 -0.0224204734 -0.00467697345
v 0.0158107001 -0.0224372912 -0.00467071682
v 0.0158475358 -0.0224532075 -0.00466119545
v 0.015883822 -0.0224681143 -0.00464847079
v 0.0159193147 -0.0224819109 -0.00463263039
v 0.015336711 -0.022052804 -0.00426496705
v 0.0153391073 -0.022063788 -0.00430439087
v 0.0153445955 -0.0220759101 -0.00434316695
v 0.0153531451 -0.0220890902 -0.00438103359
v 0.0153647 -0.0221032333 -0.00441773655
v 0.0153791755 -0.022118248 -0.00445302948
v 0.0153964758 -0.022134034 -0.00448667537
v 0.015416489 -0.0221504848 -0.00451844884
v 0.0154390791 -0.0221674908 -0.00454813335
v 0.0154640926 -0.0221849326 -0.00457553146
v 0.0154913617 -0.0222026985 -0.00460046064
v 0.0155207049 -0.0222206656 -0.00462274998
v 0.0155519219 -0.0222387165 -0.00464224955
v 0.0155848032 -0.0222567283 -0.00465883175
v 0.0156191308 -0.0222745817 -0.00467238203
v 0.0156546701 -0.022292152 -0.00468281144
v 0.0156911854 -0.0223093238 -0.00469004875
v 0.0157284308 -0.0223259795 -0.00469404412
v 0.015766155 -0.0223420151 -0.00469477428
v 0.0158041026 -0.022357313 -0.00469223037
v 0.0158420224 -0.0223717764 -0.0046864301
v 0.0158796571 -0.0223853011 -0.00467741443
v 0.0159167536 -0.0223978069 -0.00466524437
v 0.015953064 -0.0224091988 -0.00464999769
v 0.0153550869 -0.0220074169 -0.00428405963
v 0.0153577682 -0.0220190566 -0.0043229959
v 0.0153635694 -0.0220316201 -0.00436129794
v 0.0153724505 -0.0220450312 -0.00439871335
v 0.0153843611 -0.0220591966 -0.00443499163
v 0.0153992157 -0.0220740195 -0.00446989527
v 0.0154169165 -0.022089405 -0.00450319145
v 0.0154373432 -0.0221052524 -0.00453465665
v 0.0154603673 -0.0221214537 -0.00456408784
v 0.0154858325 -0.022137899 -0.00459128292
v 0.0155135663 -0.0221544877 -0.00461606681
v 0.0155433919 -0.0221711006 -0.0046382728
v 0.0155751063 -0.0221876334 -0.00465775467
v 0.0156085016 -0.0222039726 -0.00467438158
v 0.0156433545 -0.0222200137 -0.00468804361
v 0.0156794321 -0.0222356468 -0.00469865091
v 0.0157164969 -0.0222507715 -0.00470613316
v 0.0157543048 -0.0222652815 -0.00471043959
v 0.0157926064 -0.0222790875 -0.00471154274
v 0.0158311389 -0.022292098 -0.00470943609
v 0.0158696566 -0.0223042183 -0.00470413081
v 0.0159078967 -0.0223153755 -0.00469566463
v 0.0159456134 -0.0223254953 -0.00468409201
v 0.0159825496 -0.0223345049 -0.0046694912
v 0.0160164982 -0.02222698 -0.00470026676
v 0.0159789938 -0.0222212728 -0.00471388549
v 0.0159407184 -0.0222144611 -0.00472454447
v 0.0159019306 -0.0222065952 -0.0047321748
v 0.015862871 -0.0221977271 -0.00473672478
v 0.0158238001 -0.0221879091 -0.00473816693
v 0.015784977 -0.0221772101 -0.00473649055
v 0.0157466419 -0.0221656971 -0.00473170821
v 0.0157090537 -0.0221534465 -0.00472384878
v 0.015672449 -0.0221405365 -0.00471296487
v 0.0156370774 -0.0221270509 -0.00469912775
v 0.015603154 -0.0221130736 -0.00468242541
v 0.0155709097 -0.022098707 -0.00466296729
v 0.0155405533 -0.0220840313 -0.00464087864
v 0.0155122774 -0.0220691506 -0.00461630616
v 0.0154862674 -0.0220541563 -0.0045894077
v 0.0154626947 -0.0220391508 -0.00456035789
v 0.0154417073 -0.0220242292 -0.00452934531
v 0.0154234488 -0.0220094882 -0.00449657114
v 0.0154080316 -0.0219950229 -0.00446225004
v 0.0153955622 -0.0219809264 -0.0044266046
v 0.0153861158 -0.0219672918 -0.00438986439
v 0.0153797548 -0.0219542123 -0.00435227156
v 0.0153765222 -0.021941768 -0.0043140687
v 0.0160411876 -0.0221188217 -0.00473426841
v 0.0160568934 -0.02201006 -0.00477141934
v 0.0160034504 -0.0221162904 -0.00474684266
v 0.0160192419 -0.0220105872 -0.00478289323
v 0.0159649607 -0.0221126657 -0.00475653308
v 0.015980849 -0.0220100358 -0.00479155732
v 0.0159259606 -0.0221079793 -0.00476327306
v 0.0159419533 -0.0220084134 -0.00479735807
v 0.0158866998 -0.0221022498 -0.00476702023
v 0.0159027893 -0.0220057257 -0.0048002624
v 0.015847424 -0.0220955256 -0.00476775551
v 0.015863603 -0.0220019948 -0.00480024843
v 0.015808383 -0.0220878422 -0.00476546912
v 0.0158246402 -0.0219972413 -0.00479731755
v 0.0157698281 -0.0220792461 -0.00476017734
v 0.0157861393 -0.0219914913 -0.00479148887
v 0.0157319997 -0.0220697988 -0.00475191511
v 0.0157483388 -0.0219847839 -0.0047827973
v 0.0156951416 -0.0220595542 -0.00474073365
v 0.0157114733 -0.0219771601 -0.00477129593
v 0.0156594906 -0.0220485833 -0.00472670281
v 0.015675772 -0.0219686683 -0.00475705881
v 0.0156252664 -0.0220369529 -0.00470991246
v 0.0156414565 -0.0219593607 -0.004740173
v 0.0155926887 -0.0220247339 -0.00469047157
v 0.0156087391 -0.0219492931 -0.00472074281
v 0.0155619653 -0.0220120084 -0.00466850121
v 0.0155778211 -0.021938527 -0.00469888793
v 0.0155221391 -0.0219151806 -0.00464846147
v 0.0154757956 -0.0218899008 -0.00459014624
v 0.0154564921 -0.0218767282 -0.00455847243
v 0.0154425316 -0.0219436735 -0.00452611502
v 0.0154265426 -0.0219296757 -0.00449239882
v 0.0154399304 -0.0218633078 -0.00452538114
v 0.015413465 -0.0219157711 -0.00445741322
v 0.0154262204 -0.0218497235 -0.00449107448
v 0.0154076545 -0.021822406 -0.00441968255
v 0.0154029168 -0.0218088366 -0.00438303733
v 0.0153924245 -0.0218755119 -0.00434708688
v 0.0160636809 -0.0219007228 -0.00481171766
v 0.0160621461 -0.0219008885 -0.00481220242
v 0.0160264093 -0.0219041929 -0.00482203485
v 0.0159884058 -0.0219066031 -0.00482962327
v 0.0159499031 -0.0219079349 -0.00483443961
v 0.0159111284 -0.0219081901 -0.00483645499
v 0.0158723183 -0.0219073612 -0.00483565591
v 0.0158337038 -0.0219054557 -0.0048320475
v 0.0157955196 -0.0219024811 -0.00482565258
v 0.0157580003 -0.0218984578 -0.00481651071
v 0.0157213677 -0.0218934081 -0.00480467314
v 0.0156858433 -0.0218873676 -0.00479021529
v 0.0156189641 -0.0218724515 -0.00475379545
v 0.0156350955 -0.0218765214 -0.00476380531
v 0.0156516396 -0.0218803659 -0.00477322191
v 0.0156019749 -0.0218677968 -0.00474229828
v 0.0155589813 -0.0218540709 -0.00470812898
v 0.0155708333 -0.0218581632 -0.00471835304
v 0.0155880153 -0.0218636692 -0.00473205373
v 0.0155418823 -0.0218476839 -0.00469212979
v 0.015507332 -0.0218326673 -0.0046543153
v 0.015515307 -0.0218364224 -0.0046637971
v 0.0155320307 -0.0218437184 -0.00468216417
v 0.0154912826 -0.0218244568 -0.00463354075
v 0.0154850315 -0.0218209904 -0.00462475093
v 0.0154699637 -0.0218118615 -0.00460156007
v 0.0154652689 -0.0218087565 -0.00459365081
v 0.0154514946 -0.0217987224 -0.00456806226
v 0.0154481549 -0.0217960365 -0.0045612012
v 0.0154359946 -0.0217851251 -0.00453326898
v 0.0154337976 -0.0217829142 -0.00452759629
v 0.0154235642 -0.0217711553 -0.00449740607
v 0.0154222818 -0.0217694584 -0.00449304236
v 0.0154142836 -0.0217569079 -0.00446070917
v 0.0154136801 -0.0217557605 -0.00445774337
v 0.015408216 -0.0217424743 -0.00442341715
v 0.01540804 -0.0217418969 -0.00442191679
v -0.0162446555 0.0170390792 -0.00451645628
v -0.0162516888 0.0183697734 -0.00434820633
v -0.016254805 0.0187928174 -0.00427686749
v 0.015547934 0.0203586426 -0.00500741601
v 0.0155650368 0.0203646459 -0.00502383895
v 0.0155481342 0.0204279032 -0.00501053361
v 0.0155483177 0.0199363586 -0.00502807461
v 0.0155953653 0.0203759763 -0.0050492459
v 0.0155031141 0.020479694 -0.00497108279
v 0.0155151049 0.0204794947 -0.00498323841
v 0.0155140888 0.0205461867 -0.00498941354
v 0.015534603 0.020479193 -0.00500152353
v 0.0155439228 0.0205592383 -0.00501499092
v 0.0154865189 0.0205334183 -0.00496127829
v 0.0154614067 0.0205210149 -0.00493077654
v 0.0154849282 0.0204800181 -0.00495114317
v 0.0154389227 0.0205090661 -0.00489811972
v 0.0154477777 0.0204807837 -0.00490338681
v 0.0154576572 0.0204805639 -0.00491716759
v 0.0153901214 0.0204824507 -0.00479674572
v 0.0154071581 0.0204818621 -0.00483469712
v 0.0154024363 0.0204868503 -0.00482724933
v 0.0154243419 0.0204813648 -0.00486659352
v 0.0154192206 0.0204976518 -0.00486353319
v 0.0154275596 0.0204812791 -0.00487204408
v 0.0154332696 0.020481132 -0.00488137826
v 0.0153763061 0.0204830412 -0.00475824485
v 0.0153810186 0.0205006953 -0.00478500361
v 0.0153730744 0.0204832032 -0.00474759983
v 0.0153704472 0.0204913635 -0.00474603381
v 0.015365649 0.0204836335 -0.00471922196
v 0.015363683 0.0204837658 -0.00471036788
v 0.0152994879 0.0206410158 -0.00463630445
v 0.015361229 0.0204839502 -0.0046981168
v 0.0153034199 0.020647835 -0.00467720069
v 0.0153560163 0.0204844642 -0.0046638744
v 0.0153554799 0.020484535 -0.0046591186
v 0.0155482618 0.0199458711 -0.00502644992
v 0.0155481277 0.0199711602 -0.00502246711
v 0.0155964466 0.0199879725 -0.00508141844
v 0.0155476704 0.0201549977 -0.00500633381
v 0.0155701851 0.0199793354 -0.0050517791
v 0.0155478148 0.0200549401 -0.00501252525
v 0.0156019777 0.0201813187 -0.0050636474
v 0.0155477971 0.020298887 -0.00500564044
v 0.0155735603 0.020171525 -0.00503596524
v 0.0155476844 0.0202160943 -0.00500503741
v 0.0155476686 0.0201619454 -0.00500610145
v 0.0161534902 0.0200493522 -0.00519256014
v 0.0161155183 0.0200502779 -0.00520669576
v 0.0157235973 0.0200183168 -0.0051761819
v 0.0157598667 0.0200246032 -0.00519314641
v 0.0157974679 0.0200302824 -0.00520716934
v 0.0158361532 0.0200353153 -0.00521815941
v 0.0158756711 0.0200396683 -0.00522604305
v 0.0159157589 0.0200433154 -0.00523077184
v 0.0159561578 0.0200462323 -0.00523230946
v 0.015996594 0.0200483985 -0.00523065031
v 0.0160368104 0.0200498011 -0.00522580231
v 0.0160765368 0.0200504288 -0.00521780131
v 0.0156251136 0.0199962426 -0.00510884961
v 0.0156559981 0.0200040899 -0.0051338952
v 0.0156888999 0.0200114641 -0.00515638757
v 0.0161298141 0.0202721208 -0.00514341611
v 0.0160918143 0.0202699024 -0.00515826698
v 0.0160527974 0.020266898 -0.00517003564
v 0.0160130337 0.0202631224 -0.00517864246
v 0.0159727801 0.0202586055 -0.00518402923
v 0.0159323104 0.0202533733 -0.00518616289
v 0.0158918947 0.0202474631 -0.00518502528
v 0.015851805 0.0202409159 -0.0051806285
v 0.0158123039 0.0202337727 -0.00517299771
v 0.0157736558 0.02022608 -0.00516218459
v 0.0157361198 0.0202178936 -0.00514826551
v 0.0156999491 0.0202092659 -0.00513132755
v 0.0156653859 0.0202002525 -0.00511148665
v 0.0156326517 0.020190917 -0.00508887647
v 0.0160889495 0.0204936136 -0.00510024093
v 0.0160512067 0.0204881877 -0.00511572184
v 0.0160124488 0.0204819627 -0.00512807211
v 0.0159729328 0.0204749815 -0.00513721071
v 0.0159329344 0.0204672888 -0.00514307152
v 0.0158927161 0.0204589367 -0.00514561636
v 0.0158525538 0.0204499848 -0.005144828
v 0.0158127267 0.0204404909 -0.00514071248
v 0.0157734901 0.020430522 -0.00513329776
v 0.0157351233 0.0204201434 -0.00512263319
v 0.0156978779 0.0204094257 -0.00510879327
v 0.0156620108 0.0203984436 -0.00509186788
v 0.0156277623 0.0203872677 -0.00507197296
v 0.0160305612 0.0207137428 -0.00506301923
v 0.0159933828 0.0207050517 -0.00507904775
v 0.0159551818 0.0206955504 -0.00509190094
v 0.0159162246 0.0206853058 -0.00510149449
v 0.0158767756 0.020674387 -0.00510776276
v 0.0158371069 0.0206628684 -0.0051106601
v 0.0157974865 0.0206508301 -0.00511016743
v 0.0157581903 0.0206383541 -0.00510628847
v 0.015719492 0.0206255261 -0.0050990521
v 0.0156816468 0.0206124354 -0.00508850301
v 0.015644921 0.0205991678 -0.00507471804
v 0.0156095643 0.0205858201 -0.00505779125
v 0.0155758234 0.020572478 -0.00503783626
v 0.0160212126 0.0207436439 -0.00505841151
v 0.0159841329 0.0207345039 -0.00507450569
v 0.0159460343 0.0207245518 -0.00508742267
v 0.015907174 0.0207138583 -0.00509707304
v 0.0158678256 0.0207024943 -0.0051033902
v 0.0158282556 0.0206905417 -0.00510633085
v 0.0157887321 0.0206780788 -0.00510587497
v 0.0157495346 0.0206651948 -0.00510202488
v 0.0157109257 0.0206519738 -0.00509480899
v 0.0156731717 0.0206385106 -0.00508427527
v 0.0156365372 0.0206248965 -0.00507049635
v 0.0156012671 0.0206112228 -0.0050535663
v 0.015567611 0.0205975864 -0.00503360154
v 0.0155357905 0.0205840804 -0.00501074176
v 0.0155060301 0.020570796 -0.00498514157
v 0.0154785374 0.0205578264 -0.00495697604
v 0.0154534951 0.0205452591 -0.00492644077
v 0.0154310763 0.0205331817 -0.00489374623
v 0.0154114384 0.0205216762 -0.00485911267
v 0.0153947156 0.0205108225 -0.00482278224
v 0.0153868459 0.0204825774 -0.00478842761
v 0.0159473456 0.0209489539 -0.00502975797
v 0.0159111321 0.0209366921 -0.00504627451
v 0.015873896 0.0209236108 -0.00505958218
v 0.0158358999 0.020909803 -0.00506958179
v 0.0157974046 0.0208953619 -0.00507620815
v 0.0157586727 0.0208803881 -0.00507941563
v 0.01571998 0.0208649859 -0.00507918047
v 0.0156815909 0.0208492633 -0.00507550547
v 0.0156437717 0.0208333284 -0.00506841298
v 0.0156067852 0.0208172929 -0.00505795749
v 0.0155708883 0.0208012648 -0.00504420651
v 0.0155363297 0.0207853578 -0.00502725737
v 0.0155033516 0.0207696818 -0.00500722975
v 0.0154721811 0.0207543466 -0.00498425867
v 0.0154430317 0.0207394566 -0.00495850714
v 0.0154161109 0.020725118 -0.0049301507
v 0.0153915994 0.0207114257 -0.00489938911
v 0.0153696723 0.0206984803 -0.00486643426
v 0.0153504815 0.0206863657 -0.00483151479
v 0.0153341554 0.0206751712 -0.00479487237
v 0.0153208142 0.0206649713 -0.00475676078
v 0.0153105417 0.0206558388 -0.0047174464
v 0.0153627666 0.0204838328 -0.0047059725
v 0.0158587396 0.0211477205 -0.00500724697
v 0.0158236735 0.0211323779 -0.00502410019
v 0.0157875922 0.0211162101 -0.0050377124
v 0.015750736 0.0210993309 -0.00504798768
v 0.0157133695 0.0210818537 -0.00505485572
v 0.0156757534 0.0210639052 -0.00505826622
v 0.0156381503 0.0210456103 -0.00505819591
v 0.0156008219 0.0210270975 -0.00505464757
v 0.0155640282 0.0210084934 -0.00504764356
v 0.0155280288 0.0209899303 -0.0050372337
v 0.01549308 0.0209715366 -0.00502348924
v 0.0154594174 0.0209534448 -0.0050065089
v 0.0154272839 0.0209357757 -0.00498640956
v 0.0153968977 0.020918658 -0.00496333418
v 0.0153684756 0.0209022071 -0.00493744016
v 0.0153422169 0.0208865423 -0.00490891282
v 0.0153183034 0.0208717715 -0.00487795053
v 0.0152969034 0.0208579954 -0.00484476797
v 0.0152781643 0.0208453145 -0.00480959797
v 0.0152622191 0.0208338145 -0.00477268966
v 0.0152491825 0.0208235793 -0.00473429682
v 0.015239141 0.0208146758 -0.00469468953
v 0.0152321644 0.0208071694 -0.00465414487
v 0.0152283031 0.0208011121 -0.00461294968
v 0.0157549102 0.0213408768 -0.00499068061
v 0.0156356879 0.0215277951 -0.0049801846
v 0.0157212708 0.0213225372 -0.00500778016
v 0.0156037742 0.0215065125 -0.00499744294
v 0.0156866126 0.0213033631 -0.00502161449
v 0.0155708408 0.0214843918 -0.00501141557
v 0.0156511758 0.0212834924 -0.00503208628
v 0.0155371157 0.0214615893 -0.00502200937
v 0.0156152099 0.0212630648 -0.00503912196
v 0.0155028487 0.0214382652 -0.00502914423
v 0.0155789685 0.0212422218 -0.00504267309
v 0.0154682742 0.0214145873 -0.0050327722
v 0.0155427121 0.0212211125 -0.0050427136
v 0.0154336384 0.0213907193 -0.00503286626
v 0.0155066894 0.0211998839 -0.00503924349
v 0.0153991869 0.0213668346 -0.00502942735
v 0.0154711548 0.021178687 -0.00503228605
v 0.0153651647 0.0213430971 -0.00502247969
v 0.0154363615 0.0211576689 -0.00502189342
v 0.0153318066 0.0213196781 -0.00501207169
v 0.0154025545 0.0211369805 -0.00500813406
v 0.0152993603 0.0212967433 -0.00499827601
v 0.0153699685 0.0211167652 -0.00499110855
v 0.0152680455 0.0212744549 -0.00498119276
v 0.0153388334 0.0210971665 -0.00497093704
v 0.0152380858 0.0212529693 -0.00496094162
v 0.0153093729 0.0210783202 -0.00494775875
v 0.0152096944 0.0212324411 -0.00493766321
v 0.0152817899 0.0210603625 -0.00492173806
v 0.0151830744 0.0212130118 -0.00491152797
v 0.0152562819 0.021043418 -0.00489305845
v 0.0151584093 0.0211948231 -0.00488271564
v 0.0152330268 0.021027606 -0.0048619234
v 0.0151358787 0.0211779997 -0.00485143391
v 0.0152121847 0.0210130382 -0.00482855039
v 0.0151156364 0.0211626627 -0.00481790164
v 0.0151939103 0.0209998172 -0.0047931727
v 0.0150978323 0.0211489219 -0.00478235725
v 0.0151783247 0.0209880341 -0.00475604227
v 0.0150825856 0.0211368725 -0.00474505266
v 0.0151655441 0.0209777746 -0.00471742079
v 0.01507001 0.0211266 -0.00470624957
v 0.0151556535 0.0209691115 -0.00467757741
v 0.0150601948 0.0211181771 -0.00466622598
v 0.0151487244 0.0209621023 -0.00463679619
v 0.0150532024 0.0211116653 -0.00462526223
v 0.0151448045 0.0209567994 -0.00459536072
v 0.0150490869 0.0211071093 -0.00458365027
v 0.0155999064 0.0215783473 -0.00497838575
v 0.015568519 0.0215562694 -0.00499567064
v 0.0155361108 0.0215333514 -0.00500966795
v 0.0155029166 0.0215097573 -0.00502027897
v 0.0154691665 0.0214856509 -0.0050274278
v 0.0154351024 0.0214612056 -0.00503106462
v 0.015400962 0.0214365944 -0.0050311652
v 0.0153669911 0.0214119889 -0.00502772583
v 0.0153334262 0.0213875659 -0.0050207735
v 0.0153005114 0.0213634986 -0.0050103548
v 0.015268473 0.0213399567 -0.00499654654
v 0.0152375447 0.0213171076 -0.00497944281
v 0.0152079379 0.0212951135 -0.00495916978
v 0.0151798697 0.0212741289 -0.00493586669
v 0.0151535347 0.0212543029 -0.00490970025
v 0.015129121 0.0212357752 -0.00488085626
v 0.0151068019 0.021218678 -0.00484953774
v 0.0150867337 0.0212031342 -0.00481596962
v 0.015069061 0.0211892519 -0.00478038611
v 0.0150539065 0.021177128 -0.004743041
v 0.0150413774 0.0211668517 -0.00470419833
v 0.0150315678 0.0211584941 -0.0046641347
v 0.0150245409 0.0211521145 -0.00462313183
v 0.0150203491 0.0211477578 -0.00458148262
v 0.0154685266 0.0217466727 -0.00497595454
v 0.0154391145 0.0217219498 -0.00499327527
v 0.0154086808 0.0216963831 -0.00500730053
v 0.0153774517 0.0216701515 -0.00501792692
v 0.0153456386 0.021643443 -0.00502508227
v 0.0153134763 0.0216164477 -0.00502871396
v 0.0152811892 0.0215893574 -0.00502879405
v 0.0152490083 0.0215623621 -0.00502532721
v 0.015217158 0.0215356573 -0.00501833297
v 0.0151858712 0.0215094294 -0.00500786304
v 0.0151553648 0.0214838665 -0.00499399239
v 0.0151258595 0.0214591511 -0.0049768188
v 0.0150975604 0.0214354582 -0.00495646568
v 0.0150706721 0.0214129537 -0.00493307505
v 0.0150453877 0.0213918015 -0.00490681501
v 0.015021882 0.0213721488 -0.00487787277
v 0.015000321 0.021354137 -0.0048464518
v 0.0149808675 0.0213378929 -0.00481277751
v 0.0149636483 0.0213235319 -0.0047770869
v 0.0149487918 0.0213111583 -0.00473963656
v 0.0149364034 0.0213008579 -0.00470068911
v 0.0149265714 0.0212927032 -0.00466052489
v 0.014919362 0.0212867558 -0.00461942563
v 0.0149148284 0.0212830529 -0.00457768608
v 0.015325387 0.02190491 -0.00497937156
v 0.0151702659 0.0220530163 -0.00498870993
v 0.01529817 0.0218777079 -0.00499664294
v 0.0151454723 0.0220235139 -0.00500584533
v 0.0152699379 0.0218496565 -0.00501061324
v 0.0151196672 0.0219931565 -0.00501967734
v 0.0152408965 0.021820955 -0.00502118142
v 0.0150930332 0.0219621602 -0.00503010862
v 0.0152112478 0.0217918083 -0.00502827251
v 0.0150657669 0.0219307467 -0.0050370656
v 0.0151812024 0.0217624214 -0.00503183529
v 0.0150380507 0.0218991414 -0.00504049752
v 0.0151509754 0.0217330046 -0.00503184414
v 0.0150100905 0.0218675658 -0.00504038064
v 0.0151207829 0.0217037685 -0.00502830045
v 0.0149820829 0.0218362454 -0.00503671402
v 0.0150908362 0.0216749217 -0.00502122939
v 0.0149542289 0.0218054038 -0.0050295284
v 0.0150613524 0.0216466654 -0.0050106803
v 0.0149267223 0.0217752606 -0.00501886941
v 0.0150325373 0.0216192063 -0.00499672815
v 0.0148997614 0.0217460282 -0.00500481622
v 0.0150045995 0.0215927344 -0.004979474
v 0.014873541 0.0217179172 -0.00498746801
v 0.0149777383 0.0215674415 -0.00495903753
v 0.0148482407 0.0216911267 -0.00496694958
v 0.0149521427 0.0215435065 -0.00493556773
v 0.0148240458 0.0216658469 -0.00494340342
v 0.0149279945 0.0215210989 -0.00490922807
v 0.0148011278 0.0216422603 -0.00491700042
v 0.0149054658 0.0215003788 -0.00488020806
v 0.0147796506 0.0216205288 -0.00488792639
v 0.0148847178 0.0214814954 -0.00484871538
v 0.0147597613 0.0216008127 -0.00485638995
v 0.0148658976 0.0214645807 -0.00481496984
v 0.0147416098 0.0215832498 -0.00482261367
v 0.0148491375 0.0214497559 -0.00477921637
v 0.0147253191 0.0215679668 -0.00478683971
v 0.0148345614 0.0214371271 -0.00474170828
v 0.0147110065 0.0215550698 -0.00474932091
v 0.0148222689 0.021426782 -0.00470270962
v 0.0146987736 0.0215446521 -0.00471032597
v 0.0148123493 0.0214187969 -0.00466250116
v 0.0146887125 0.021536788 -0.00467013055
v 0.0148048699 0.0214132275 -0.00462136604
v 0.0146808885 0.0215315316 -0.00462902198
v 0.014799892 0.0214101132 -0.00457959948
v 0.0146753574 0.0215289239 -0.00458729034
v 0.0150026502 0.0221908465 -0.0050041764
v 0.014980495 0.0221592356 -0.00502108084
v 0.014957333 0.0221267678 -0.00503468839
v 0.0149333281 0.0220936742 -0.00504490407
v 0.0149086537 0.0220601875 -0.0050516543
v 0.0148834819 0.0220265463 -0.00505488971
v 0.0148579907 0.0219929907 -0.00505458936
v 0.0148323616 0.0219597574 -0.00505075511
v 0.01480678 0.0219270848 -0.00504341302
v 0.0147814285 0.0218952037 -0.00503261667
v 0.0147564821 0.0218643397 -0.00501844101
v 0.0147321196 0.0218347125 -0.00500098942
v 0.0147085143 0.0218065344 -0.00498038391
v 0.0146858329 0.0217800029 -0.00495677069
v 0.014664243 0.0217553079 -0.00493031787
v 0.0146438899 0.0217326246 -0.00490121404
v 0.0146249197 0.0217121132 -0.00486966595
v 0.0146074686 0.0216939207 -0.00483589666
v 0.0145916631 0.0216781758 -0.00480014458
v 0.0145776132 0.021664992 -0.00476266863
v 0.0145654157 0.0216544606 -0.0047237305
v 0.0145551609 0.0216466561 -0.00468360912
v 0.0145469224 0.0216416363 -0.00464258762
v 0.0145407543 0.0216394346 -0.0046009589
v 0.0149207553 0.0222509671 -0.00501349196
v 0.0148998955 0.0222184528 -0.00503025763
v 0.0148780281 0.0221850798 -0.00504373061
v 0.014855315 0.0221510828 -0.00505381683
v 0.0148319127 0.0221167058 -0.00506044505
v 0.014807988 0.022082191 -0.00506356824
v 0.0147837074 0.0220477842 -0.00506316312
v 0.0147592509 0.0220137276 -0.005059232
v 0.0147347841 0.0219802652 -0.00505180517
v 0.0147104878 0.0219476335 -0.00504093478
v 0.0146865258 0.0219160635 -0.00502669532
v 0.0146630779 0.0218857788 -0.00500919158
v 0.0146403015 0.0218569953 -0.00498854509
v 0.0146183642 0.021829918 -0.004964903
v 0.0145974178 0.0218047369 -0.00493843341
v 0.0145776123 0.0217816308 -0.00490932353
v 0.0145590929 0.0217607655 -0.0048777801
v 0.0145419817 0.021742288 -0.00484402664
v 0.0145264082 0.021726327 -0.00480830297
v 0.0145124746 0.0217129998 -0.00477086287
v 0.0145002902 0.0217023995 -0.0047319713
v 0.0144899329 0.0216946006 -0.00469190488
v 0.0144814812 0.0216896571 -0.00465094717
v 0.0144749917 0.0216876063 -0.00460938783
v 0.0147445025 0.0223661959 -0.00503703253
v 0.0145597402 0.0224684533 -0.00506632263
v 0.0147264404 0.0223319773 -0.0050534429
v 0.0145445857 0.0224327911 -0.00508229574
v 0.01470738 0.0222968962 -0.00506657548
v 0.0145284375 0.0223962646 -0.00509500923
v 0.0146874553 0.0222612023 -0.00507633947
v 0.0145114074 0.0223591328 -0.0051043788
v 0.014666806 0.0222251471 -0.00508266501
v 0.0144936191 0.0223216545 -0.00511033414
v 0.0146455783 0.0221889839 -0.00508550508
v 0.0144751947 0.0222840924 -0.00511283707
v 0.0146239214 0.0221529715 -0.00508484337
v 0.0144562647 0.0222467128 -0.00511186756
v 0.0146019896 0.0221173596 -0.00508068269
v 0.0144369639 0.0222097766 -0.00510743121
v 0.0145799359 0.0220824052 -0.0050730519
v 0.0144174229 0.0221735425 -0.00509956246
v 0.0145579204 0.0220483504 -0.00506200455
v 0.0143977841 0.0221382678 -0.00508831674
v 0.0145360986 0.0220154393 -0.00504761934
v 0.0143781807 0.0221041981 -0.00507376855
v 0.0145146167 0.021983901 -0.00503000058
v 0.0143587543 0.0220715739 -0.00505602593
v 0.0144936331 0.0219539627 -0.00500926981
v 0.0143396417 0.0220406242 -0.00503520854
v 0.0144732958 0.0219258331 -0.0049855737
v 0.0143209752 0.0220115669 -0.00501146587
v 0.0144537492 0.0218997113 -0.00495907804
v 0.0143028852 0.0219846051 -0.00498496275
v 0.0144351283 0.0218757819 -0.00492997514
v 0.0142854983 0.0219599288 -0.00495588779
v 0.0144175645 0.0218542144 -0.00489846477
v 0.0142689431 0.0219377093 -0.00492444262
v 0.0144011863 0.0218351614 -0.00486477511
v 0.0142533248 0.0219181068 -0.00489085028
v 0.0143861035 0.0218187571 -0.00482913898
v 0.0142387655 0.0219012573 -0.00485534454
v 0.0143724279 0.0218051169 -0.00479181251
v 0.0142253572 0.0218872782 -0.00481817732
v 0.0143602528 0.0217943378 -0.00475305598
v 0.0142132007 0.02187627 -0.00477960892
v 0.0143496674 0.021786496 -0.00471314695
v 0.0142023806 0.0218683053 -0.00473990897
v 0.0143407416 0.0217816457 -0.00467236293
v 0.0141929686 0.0218634456 -0.00469935872
v 0.0143335443 0.021779824 -0.00463099591
v 0.0141850356 0.0218617227 -0.00465824129
v 0.0143669378 0.0225571673 -0.00510144699
v 0.0143548185 0.022520313 -0.00511688786
v 0.0143417129 0.0224825945 -0.00512909703
v 0.0143277114 0.0224442724 -0.00513799256
v 0.0143129127 0.0224056188 -0.00514350738
v 0.0142974202 0.0223669 -0.00514560565
v 0.0142813418 0.0223283842 -0.00514427247
v 0.0142647894 0.0222903453 -0.00513951853
v 0.0142478794 0.0222530458 -0.00513137411
v 0.0142307281 0.0222167447 -0.00511989882
v 0.0142134577 0.0221816972 -0.00510516902
v 0.0141961835 0.0221481472 -0.00508729182
v 0.0141790314 0.0221163277 -0.00506638922
v 0.0141621185 0.022086462 -0.00504260883
v 0.0141455643 0.022058757 -0.0050161141
v 0.0141294803 0.0220334064 -0.00498709036
v 0.0141139831 0.022010589 -0.00495574251
v 0.0140991788 0.0219904594 -0.00492228661
v 0.0140851708 0.0219731629 -0.00488695689
v 0.0140720578 0.0219588168 -0.00484999968
v 0.0140599292 0.0219475236 -0.00481167203
v 0.0140488734 0.0219393596 -0.00477224356
v 0.0140389632 0.0219343845 -0.00473198574
v 0.0140302712 0.0219326299 -0.00469118217
v 0.0138683105 0.0219924413 -0.0047302274
v 0.0138777522 0.0219943654 -0.00477065658
v 0.0138881449 0.0219995696 -0.00481056049
v 0.0138994111 0.0220080186 -0.00484966254
v 0.0139114754 0.0220196526 -0.00488769589
v 0.0139242541 0.0220343936 -0.00492439466
v 0.0139376614 0.022052139 -0.00495950505
v 0.0139516015 0.0220727641 -0.00499278726
v 0.0139659755 0.0220961291 -0.00502400799
v 0.0139806923 0.0221220721 -0.00505295396
v 0.0139956428 0.0221504122 -0.00507942401
v 0.0140107274 0.022180954 -0.005103237
v 0.0140258409 0.022213487 -0.00512422528
v 0.0140408771 0.0222477894 -0.00514224498
v 0.0140557326 0.0222836193 -0.00515717361
v 0.0140703078 0.0223207306 -0.00516890734
v 0.0140845021 0.0223588683 -0.00517736236
v 0.0140982149 0.0223977659 -0.00518248323
v 0.0141113512 0.022437159 -0.00518423365
v 0.0141238207 0.0224767718 -0.00518260105
v 0.0141355358 0.0225163326 -0.00517759565
v 0.0141464211 0.0225555673 -0.00516925566
v 0.0141563965 0.022594206 -0.00515763601
v 0.0141653921 0.0226319786 -0.00514281681
v 0.0138490116 0.0219986457 -0.00473517552
v 0.0138585437 0.0220005997 -0.00477555627
v 0.0138689866 0.0220058374 -0.00481541594
v 0.013880278 0.0220143255 -0.00485447794
v 0.0138923302 0.0220260024 -0.00489247171
v 0.0139050661 0.0220407918 -0.00492913742
v 0.0139184007 0.0220585875 -0.00496421987
v 0.0139322355 0.0220792703 -0.00499747926
v 0.0139464755 0.022102695 -0.00502868369
v 0.0139610274 0.0221286993 -0.00505761895
v 0.0139757879 0.0221571065 -0.00508408481
v 0.0139906527 0.0221877191 -0.00510789966
v 0.0140055241 0.0222203247 -0.00512889912
v 0.0140202958 0.0222547017 -0.00514693651
v 0.0140348664 0.0222906098 -0.00516189076
v 0.014049137 0.0223278012 -0.00517365476
v 0.0140630081 0.0223660208 -0.00518214842
v 0.0140763838 0.0224050023 -0.0051873154
v 0.0140891718 0.022444481 -0.00518911704
v 0.0141012864 0.0224841814 -0.00518754264
v 0.0141126383 0.0225238297 -0.00518260384
v 0.0141231539 0.022563152 -0.0051743323
v 0.0141327595 0.0226018783 -0.0051627853
v 0.0141413892 0.0226397403 -0.00514804525
v 0.0136835463 0.0220441911 -0.00478011044
v 0.0136937704 0.0220464636 -0.00482005952
v 0.0137046445 0.0220520459 -0.00485950988
v 0.0137160877 0.0220609028 -0.00489819096
v 0.0137280254 0.0220729727 -0.00493584061
v 0.0137403775 0.0220881756 -0.00497219991
v 0.0137530575 0.0221064035 -0.00500702253
v 0.0137659814 0.0221275371 -0.00504007004
v 0.0137790591 0.0221514273 -0.00507111615
v 0.0137921991 0.0221779142 -0.00509994989
v 0.013805314 0.0222068168 -0.00512637617
v 0.0138183152 0.0222379379 -0.00515021244
v 0.0138311144 0.022271065 -0.00517129619
v 0.013843623 0.022305971 -0.00518948305
v 0.0138557563 0.0223424174 -0.00520465244
v 0.0138674295 0.0223801583 -0.0052166977
v 0.0138785634 0.0224189349 -0.00522553595
v 0.0138890855 0.0224584807 -0.00523111084
v 0.0138989212 0.0224985275 -0.00523337955
v 0.0139080007 0.0225388035 -0.00523233041
v 0.0139162708 0.0225790311 -0.0052279667
v 0.0139236655 0.0226189382 -0.0052203224
v 0.0139301382 0.0226582512 -0.00520944782
v 0.013935646 0.0226967037 -0.00519541744
v 0.0135149518 0.0220770221 -0.00483039254
v 0.0135258045 0.022079736 -0.0048698606
v 0.0135370344 0.0220857617 -0.00490885368
v 0.0135485688 0.0220950581 -0.00494710868
v 0.0135603314 0.0221075602 -0.00498436904
v 0.0135722365 0.0221231859 -0.00502038188
v 0.0135842077 0.022141831 -0.00505490787
v 0.0135961678 0.0221633688 -0.00508771092
v 0.01360803 0.0221876521 -0.00511857355
v 0.0136197153 0.0222145207 -0.00514728529
v 0.0136311511 0.0222437922 -0.00517365662
v 0.0136422561 0.0222752709 -0.00519750454
v 0.0136529515 0.0223087426 -0.00521867257
v 0.0136631737 0.0223439839 -0.00523701869
v 0.0136728454 0.0223807562 -0.00525241578
v 0.01368191 0.0224188138 -0.00526476372
v 0.0136903003 0.0224578995 -0.00527397683
v 0.0136979623 0.022497749 -0.00527999457
v 0.0137048438 0.0225380939 -0.0052827769
v 0.0137108974 0.022578666 -0.00528230425
v 0.013716084 0.0226191897 -0.00527857896
v 0.013720368 0.022659393 -0.00527162617
v 0.0137237208 0.022699004 -0.00526149431
v 0.0137261217 0.0227377564 -0.00524825044
v 0.0133432001 0.0220969282 -0.00488619367
v 0.013354592 0.0221002046 -0.0049251318
v 0.0133660994 0.022106763 -0.0049636215
v 0.0133776413 0.0221165586 -0.00500140479
v 0.0133891441 0.0221295282 -0.00503823301
v 0.0134005351 0.0221455824 -0.00507386122
v 0.0134117287 0.0221646186 -0.00510805333
v 0.0134226605 0.0221865065 -0.00514058303
v 0.0134332543 0.0222111046 -0.00517123472
v 0.0134434383 0.022238249 -0.00519980444
v 0.0134531492 0.0222677588 -0.00522610359
v 0.0134623162 0.0222994406 -0.00524995849
v 0.0134708872 0.0223330818 -0.00527121173
v 0.013478796 0.022368459 -0.00528971897
v 0.0134859988 0.0224053413 -0.00530536147
v 0.0134924408 0.0224434827 -0.00531803258
v 0.0134980846 0.0224826299 -0.00532765081
v 0.0135028912 0.0225225221 -0.00533415005
v 0.0135068251 0.0225628968 -0.0053374893
v 0.0135098649 0.0226034876 -0.00533764577
v 0.0135119893 0.0226440225 -0.0053346171
v 0.0135131832 0.0226842351 -0.00532842567
v 0.0135134403 0.0227238573 -0.00531911105
v 0.0135127567 0.0227626283 -0.00530673424
v 0.0131682232 0.0221034568 -0.00494777597
v 0.0131800473 0.0221074056 -0.00498613948
v 0.0131917195 0.0221145768 -0.0050240783
v 0.0132031702 0.0221249238 -0.00506134564
v 0.0132143227 0.0221383814 -0.00509769935
v 0.0132251037 0.0221548583 -0.00513290334
v 0.0132354442 0.0221742503 -0.00516672712
v 0.013245279 0.0221964307 -0.00519895134
v 0.0132545363 0.0222212542 -0.00522936834
v 0.0132631669 0.0222485606 -0.00525777601
v 0.0132711036 0.022278171 -0.00528399181
v 0.0132783018 0.0223098919 -0.00530784484
v 0.013284713 0.0223435182 -0.00532918144
v 0.0132902954 0.0223788321 -0.00534786051
v 0.0132950144 0.0224156007 -0.00536376052
v 0.0132988337 0.0224535875 -0.00537677808
v 0.0133017329 0.0224925447 -0.00538683124
v 0.0133036934 0.0225322172 -0.00539385108
v 0.013304702 0.0225723479 -0.00539779337
v 0.0133047495 0.022612676 -0.00539863203
v 0.0133038387 0.022652939 -0.00539636193
v 0.0133019751 0.0226928741 -0.00539099704
v 0.0132991709 0.0227322225 -0.00538257416
v 0.0132954419 0.0227707271 -0.00537114684
v -0.0162641723 -0.000473982014 -0.00527510326
v -0.0162663199 -0.000474062224 -0.00528079364
v -0.0162360314 -0.000472278829 -0.00515625812
v -0.016241882 -0.000472841348 -0.00519511849
v -0.01625075 -0.000473389606 -0.00523335394
v -0.0162516665 -0.000473436754 -0.00523665873
v -0.0162536222 -0.000473533175 -0.00524342805
v -0.0162818432 -0.000474567612 -0.00531687401
v -0.0162797365 -0.000474505418 -0.00531241018
v -0.0162332393 -0.000471701875 -0.00511676446
v -0.0162514634 -0.00222385814 -0.00525220996
v -0.0162425954 -0.00222331006 -0.00521399314
v -0.0162339583 -0.00222217129 -0.00513567869
v -0.0162543356 -0.0022240018 -0.00526228361
v -0.0162367504 -0.00222274801 -0.0051751514
v -0.0162670352 -0.00222453056 -0.00529963616
v -0.0162646715 -0.00222444208 -0.0052933651
v -0.016282551 -0.0022250358 -0.00533570535
v -0.0162801351 -0.00222496409 -0.00533056539
v -0.0138957379 0.0245638844 -0.00382297579
v -0.0136710983 0.0243297163 -0.00405369606
v -0.0133142155 0.0244446769 -0.00406289147
v -0.0177036878 -0.00718207378 -0.00513717858
v -0.0175794121 -0.0071833143 -0.00520731509
v -0.0175792836 -0.00306279934 -0.00527248718
v -0.0173401013 0.0145385349 -0.00487615308
v -0.0176273994 0.0148252025 -0.00468780473
v -0.0180957485 0.00850709062 -0.00460547768
v -0.0119029656 0.0228588358 -0.00527384132
v -0.0117722489 0.0228594691 -0.00529720401
v -0.0115485182 0.0229365341 -0.00529919378
v -0.0124135958 0.0247292947 -0.00400264049
v -0.0127154086 0.0247304589 -0.00395786529
v -0.0125933075 0.0246079005 -0.00408075564
v -0.0143658947 0.0247207154 -0.00355944643
v -0.0146990931 0.0246824753 -0.00347561971
v -0.0144726261 0.024653716 -0.00357620488
v -0.014769516 0.0246714409 -0.00345876114
v -0.015068478 0.0246128477 -0.0033904349
v -0.0148266982 0.0244987961 -0.00356677221
v -0.0154306237 0.0245154947 -0.00331459008
v -0.0157335754 0.024344584 -0.00330367847
v -0.0155131444 0.0241262242 -0.00354767847
v -0.0163051262 0.024147965 -0.00316264178
v -0.0165316593 0.0240176655 -0.00313080964
v -0.0163879581 0.0238951165 -0.00328440871
v -0.0166545808 0.0239399485 -0.00311494502
v -0.0168366674 0.0238149837 -0.00309338188
v -0.0166982878 0.0236421209 -0.00327480235
v -0.0169685073 0.0237165894 -0.00307929772
v -0.0172533188 0.0234784484 -0.00305373222
v -0.016995959 0.0233713258 -0.00326525443
v -0.0175482035 0.0231882371 -0.00303544849
v -0.0177551061 0.0229514427 -0.00302882679
v -0.0175493322 0.0227798391 -0.00324645662
v -0.0188300889 0.00563862827 -0.00416911812
v -0.0188135225 0.00600392651 -0.00416672695
v -0.0188304037 0.0060295146 -0.00415099552
v -0.0186625104 -0.00717065437 -0.00447061192
v -0.0184136257 -0.00717396429 -0.00466713728
v -0.0185471438 -0.00259419298 -0.00463738479
v -0.0169295762 7.61928095e-05 -0.00555151887
v -0.0170678552 -0.00328297913 -0.00552295987
v -0.0169262327 -0.00329323183 -0.00558351073
v -0.016936427 0.00217372389 -0.00549983094
v -0.0170287043 0.00146660733 -0.0054769977
v -0.016933661 0.001412282 -0.0055207219
v -0.0169486962 0.00510046119 -0.00540380366
v -0.017292276 0.00166673213 -0.00534609472
v -0.0169668607 0.00924766157 -0.00525014149
v -0.0170170292 0.00745174242 -0.00528799416
v -0.016952062 0.00585893402 -0.00537626678
v -0.0175521709 0.00187024684 -0.00520412112
v -0.0187739301 -0.00247402769 -0.00445147837
v -0.0187775251 -0.00716903014 -0.00437337812
v -0.0188376997 -0.00716798753 -0.00432080729
v -0.0188309364 -0.00375486794 -0.00439714734
v -0.0188277401 0.000390051078 -0.00436610822
v -0.018578561 0.00576738035 -0.00437143864
v -0.0187726952 0.00291116629 -0.0043331394
v -0.0185413398 0.00270248554 -0.00452814996
v -0.0186905414 3.74144438e-05 -0.00448993593
v -0.0188331492 0.00926954858 -0.00399738923
v -0.0185996238 0.00902351364 -0.00420502806
v -0.018833233 0.00936906599 -0.0039927219
v -0.0184506997 0.0156506784 -0.00406944426
v -0.0188336615 0.0098961601 -0.00396819226
v -0.0188375767 0.018194003 -0.00365172047
v -0.0188367348 0.0177694205 -0.00368371233
v -0.018633794 0.0175486226 -0.00386719452
v -0.0188366789 0.0164119974 -0.00372108002
v -0.0187094472 0.0159121361 -0.00384661648
v -0.0188364908 0.0148766311 -0.00376643101
v -0.0188360456 0.0136008663 -0.0038112069
v -0.0188193172 0.0204059444 -0.00326535571
v -0.0188323855 0.0202643257 -0.00329270493
v -0.0185744502 0.0204471499 -0.00343906414
v -0.0188444946 0.0200420078 -0.00333873276
v -0.0188467391 0.0198486522 -0.00338191073
v -0.0188457109 0.0197214149 -0.00341062574
v -0.0188434497 0.0196663439 -0.00342408638
v -0.0188453179 0.0196706913 -0.00342169637
v -0.0188451596 0.0196501203 -0.00342612667
v -0.0185857788 0.0214587953 -0.00310805347
v -0.0186583474 0.0212282967 -0.00313566416
v -0.0184630398 0.021424707 -0.00321086636
v -0.01868557 0.021129733 -0.00314863399
v -0.0187012162 0.0210690573 -0.00315696537
v -0.0187665727 0.0207684692 -0.00320213474
v -0.0180405732 0.0221281908 -0.00322825089
v -0.0182438698 0.0222296994 -0.00304413494
v -0.0182600245 0.0222002305 -0.00304573728
v -0.0184078962 0.02190453 -0.00306560844
v -0.0184386075 0.0218360666 -0.0030711724
v -0.0185459014 0.0215707105 -0.00309602846
v -0.0178124961 0.0228799041 -0.00302809221
v -0.017973328 0.0226633139 -0.00302908756
v -0.0180528294 0.0225461368 -0.00303151621
v -0.0175152496 0.0232232194 -0.00303701661
v -0.016211208 0.0241973717 -0.00317678344
v -0.0155229596 0.024485847 -0.00329645374
v -0.0155586638 0.0244738404 -0.00328957243
v -0.0158752296 0.0243536625 -0.00323174661
v -0.0132972812 0.0247331224 -0.0038430416
v -0.0136008961 0.0247347131 -0.00376945199
v -0.013535168 0.0246770531 -0.00383215188
v -0.013937952 0.0247366335 -0.00367732416
v -0.0131155951 0.024732234 -0.00388269685
v -0.0129545378 0.0245374925 -0.00407192018
v -0.0131389918 0.0247323457 -0.00387777947
v -0.0110596847 0.0247252975 -0.0041203564
v -0.0115396557 0.0247266609 -0.00408221874
v -0.0115124509 0.0247032773 -0.00410616491
v -0.0123036718 0.024728911 -0.00401617959
v -0.0122318007 0.0246557165 -0.00408937456
v -0.0113067925 0.0244703535 -0.00433011632
v -0.0105797322 0.0247239396 -0.00415803259
v -0.00521698548 0.0247097109 -0.00451547606
v -0.00577668333 0.0244976487 -0.0046910774
v -0.00812496152 0.0228678808 -0.00566316163
v -0.00738943741 0.0228657797 -0.00572248455
v -0.00750997942 0.0231024269 -0.0055852728
v -0.00539447926 0.0228614658 -0.00586957624
v -0.00983055774 0.0228736773 -0.0055188206
v -0.00768472673 0.0233804826 -0.00540846586
v -0.0102224285 0.0231528096 -0.00533557823
v -0.0115063237 0.0228612442 -0.00534129934
v -0.0111102648 0.0228652991 -0.00539789908
v -0.0112150442 0.0230187215 -0.0053085736
v -0.0107441861 0.0228709113 -0.00543947937
v -0.0108821504 0.0230790563 -0.00531773223
v -0.0104872715 0.0228761937 -0.00546161178
v -0.0135618271 0.0228607673 -0.0048881406
v -0.0133008501 0.0228594765 -0.00495951762
v -0.013383599 0.0229803119 -0.00488400087
v -0.012714236 0.0232879575 -0.00490334304
v -0.013638177 0.0232590549 -0.00468339352
v -0.0140505005 0.022863958 -0.00474356301
v -0.0142792417 0.0228566546 -0.00467483094
v -0.0151877794 0.0226419214 -0.00444850046
v -0.0149685657 0.0227226187 -0.00449605985
v -0.0145494593 0.023143569 -0.00445551984
v -0.0147408126 0.0227861777 -0.0045503499
v -0.0145110078 0.0228307359 -0.00460994337
v -0.0142922085 0.0228720643 -0.00466394145
v -0.0157718863 0.0223168842 -0.00434733368
v -0.0155840479 0.0224410295 -0.00437539862
v -0.0154346805 0.0229448397 -0.00422011921
v -0.0153891575 0.0225493051 -0.00440917024
v -0.0151770907 0.0226809978 -0.00443614274
v -0.0162837654 0.0218475442 -0.00430001644
v -0.0161372162 0.0220060311 -0.00430822792
v -0.0160251763 0.0224116053 -0.00420100475
v -0.0159802288 0.0221524369 -0.00432218798
v -0.0158127267 0.0222870242 -0.00434187613
v -0.016280748 0.0226674136 -0.0039775786
v -0.0168239232 0.0220695287 -0.00395890465
v -0.0164197553 0.0216764845 -0.00429769931
v -0.0167775992 0.0210316647 -0.00433511194
v -0.0166913457 0.0212269221 -0.00431712065
v -0.0173074827 0.0214123446 -0.00394083885
v -0.0165916327 0.0214141272 -0.00430502789
v -0.016479034 0.0215928201 -0.00429870375
v -0.0169759654 0.0201565661 -0.00447462965
v -0.0169532765 0.0203728341 -0.00443172269
v -0.0171874147 0.0201746114 -0.00436238153
v -0.0169147234 0.0205851216 -0.00439488329
v -0.0168605614 0.0207935013 -0.00436391588
v -0.0169735234 0.0187912583 -0.00475787232
v -0.0169740357 0.0188900959 -0.00474043004
v -0.0175167862 0.0183614325 -0.00453799777
v -0.0169892404 0.0155924391 -0.00506004645
v -0.0169835817 0.0159270037 -0.00505394023
v -0.0172393117 0.0161657855 -0.00489896908
v -0.0169743355 0.0168010332 -0.00500721298
v -0.0171257909 0.0169799253 -0.00491192937
v -0.0169710517 0.0178466085 -0.00490012998
v -0.0188283715 0.00307495496 -0.00427940488
v -0.0175661743 0.00798097067 -0.00496715307
v -0.0170478188 0.0142472116 -0.00505511602
v -0.0178337973 0.00824483112 -0.00479130168
v -0.0180870127 0.00528860139 -0.00475158496
v -0.0180581864 0.00228429935 -0.00488741044
v -0.0172936562 0.00771633256 -0.00513279019
v -0.0178077035 0.00207636436 -0.00505117932
v -0.0182224214 -0.000300202839 -0.0048496034
v -0.0179790836 -0.000467371254 -0.00501336297
v -0.0183136612 -0.00271364651 -0.00481263781
v -0.0180741008 -0.00283189351 -0.00497701345
v -0.0181982722 -0.00717662089 -0.00482306629
v -0.0180750247 -0.00717806071 -0.0049068532
v -0.0177304093 -0.000632552255 -0.00516616087
v -0.0174770653 -0.000795077707 -0.00530786579
v -0.0178290959 -0.00294844294 -0.00513034035
v -0.0179417469 -0.00717955595 -0.0049932329
v -0.0172196981 -0.000954277522 -0.00543839298
v -0.0173253268 -0.00317447656 -0.00540337479
v -0.0174456593 -0.00718459534 -0.00527913077
v -0.0169368368 -0.00718899397 -0.00551992562
v -0.0170682445 -0.00718792481 -0.00546237128
v -0.0171814151 -0.00718696974 -0.00541034201
v -0.0169873778 0.0149347177 -0.00507396786
v -0.0169786606 0.0122672962 -0.00514647784
v -0.00542089017 0.0237804856 -0.00529789086
v -0.00554051064 0.0240292642 -0.00510353828
v -0.00530084409 0.0235220715 -0.00548385782
v -0.005180832 0.0232541002 -0.0056610601
v -0.0050613028 0.0229766499 -0.00582909212
v -0.0127748363 0.0228578709 -0.00509129232
v -0.0124645783 0.0230024662 -0.00509590469
v -0.012373941 0.0234099478 -0.00491282111
v -0.0121288402 0.0231261123 -0.00510550616
v -0.0120315095 0.0235102437 -0.0049221334
v -0.0117911221 0.0232282076 -0.00511494139
v -0.0116881551 0.0235885791 -0.00493125338
v -0.0114526404 0.0233084895 -0.00512418291
v -0.0113451136 0.0236447621 -0.00494015729
v -0.0111146057 0.0233667605 -0.00513320509
v -0.0104442285 0.0234361235 -0.00515079079
v -0.00785921048 0.0236489177 -0.00522288121
v -0.0126042794 0.0228576697 -0.00513055827
v -0.0123464139 0.0228577014 -0.00518667977
v -0.0175315142 0.0164558552 -0.00470986078
v -0.017419396 0.0172714442 -0.00472244807
v -0.0172284953 0.0180757008 -0.00473662978
v -0.016972065 0.0184388328 -0.00481606089
v -0.00863003638 0.0247185286 -0.00430411845
v -0.0085418392 0.0246242303 -0.00439993292
v -0.00589625258 0.0247113816 -0.00447914749
v -0.00575138768 0.0247110203 -0.00448715594
v -0.00565925939 0.0242683422 -0.0049011563
v -0.00837474596 0.0243953746 -0.00461710151
v -0.0167669691 0.0231476296 -0.00350939925
v -0.0159284044 0.0234416407 -0.00376598188
v -0.0158431586 0.0239097234 -0.0035380749
v -0.0161628593 0.0236739554 -0.0035284746
v -0.0160660204 0.0241295174 -0.00329404348
v -0.0143223414 0.0247240309 -0.00357090938
v -0.015938431 0.0243266094 -0.00322089484
v -0.014801017 0.0234050322 -0.0042393785
v -0.0147126 0.0238556564 -0.00402539968
v -0.015046048 0.0236561578 -0.00401582289
v -0.0149472775 0.0240946952 -0.00379472203
v -0.0152836917 0.0238966513 -0.00378515688
v -0.0151739353 0.0243227854 -0.00355725386
v -0.0173172243 0.0225538705 -0.00349068921
v -0.0178061575 0.0219002105 -0.00347257848
v -0.0182271227 0.0211949665 -0.00345529709
v -0.0187864434 0.0206528641 -0.00322124781
v -0.0188419167 0.0191753842 -0.00351869361
v -0.0187005438 0.0190235116 -0.00365496497
v -0.0185962655 0.0194236171 -0.00366189098
v -0.0183272585 0.0202054959 -0.00367680984
v -0.0179807842 0.0209546294 -0.00369298691
v -0.0175615195 0.0216614548 -0.00371021312
v -0.0170751493 0.0223169718 -0.00372827449
v -0.0165282879 0.022912873 -0.00374694122
v -0.01883954 0.0187281687 -0.00358915864
v -0.0188393053 0.0186760761 -0.00359630748
v -0.0187841766 0.0186189972 -0.00364842173
v -0.0188376345 0.018214833 -0.00364973606
v -0.0185912903 0.0179582015 -0.00387290702
v -0.0185278617 0.0183660332 -0.00387904351
v -0.0183391757 0.0191712379 -0.00389251439
v -0.0180702806 0.0199539401 -0.00390743278
v -0.0177248176 0.0207041558 -0.00392360939
v -0.00820485409 0.024156468 -0.00482685817
v -0.0110963788 0.0242270045 -0.00454685837
v -0.0120170051 0.0244185291 -0.00431323564
v -0.0134398043 0.0240848027 -0.00427739508
v -0.0132026821 0.0238293763 -0.00449377066
v -0.0130868116 0.0242015552 -0.00428662729
v -0.0128537491 0.0239479057 -0.00450306339
v -0.0127311787 0.0242962558 -0.00429569697
v -0.0125023508 0.0240444914 -0.00451219268
v -0.0121497205 0.0241188668 -0.00452113152
v -0.0123741571 0.0243686438 -0.00430457387
v -0.011797105 0.0241708439 -0.00452985521
v -0.0143715041 0.0240347646 -0.00403492386
v -0.0146030141 0.0242722668 -0.00380423293
v -0.0151680242 0.0245890301 -0.00336883659
v -0.0156853963 0.0231984947 -0.0039966302
v -0.0142521029 0.0244288221 -0.00381365954
v -0.0140239308 0.0241929442 -0.00404436421
v -0.0137889348 0.0239463337 -0.00426802598
v -0.0135479169 0.0236892365 -0.00448434195
v -0.0129605485 0.0235636774 -0.00470252382
v -0.012615853 0.0236839596 -0.00471189851
v -0.0122688562 0.0237824135 -0.00472110882
v -0.0119207846 0.0238587763 -0.00473012775
v -0.011572876 0.0239128564 -0.00473893154
v -0.0108819706 0.0239733998 -0.00475609396
v -0.0106643327 0.0237097144 -0.00495751342
v -0.0080327997 0.023907613 -0.00502889603
v -0.0138882492 0.0235278942 -0.00447480567
v -0.0141329691 0.0237865541 -0.00425854698
v -0.0183699336 0.0172867496 -0.00409016153
v -0.0178043433 0.0196929686 -0.00413060701
v -0.0175303053 0.019423075 -0.00434601074
v -0.0180729963 0.0189097319 -0.00411562202
v -0.0177985765 0.0186396204 -0.00433088932
v -0.0182623807 0.0181042366 -0.00410208199
v -0.01798857 0.0178341642 -0.00431721052
v -0.0180533584 0.0174263734 -0.004310966
v -0.0169822127 0.0199361965 -0.00452391058
v -0.0177072808 0.0175563786 -0.0045241043
v -0.017817935 0.0167397708 -0.0045118155
v -0.0183265023 0.0176963415 -0.00409590965
v -0.0180977024 0.0170169342 -0.00430514524
v -0.0181835499 0.0153819332 -0.00428413739
v -0.00505844457 0.0228609331 -0.00589188701
v -0.0179088395 0.0151065551 -0.00449036388
v -0.0183512736 0.00876692589 -0.00440995349
v -0.018336162 0.00552866096 -0.00456649298
v -0.0183029566 0.00249326834 -0.00471299374
v -0.018459782 -0.000131717548 -0.00467505539
v -0.0168500915 0.0208276175 -0.00435934821
v 0.00405078661 -0.0207836907 0.00840743817
v 0.00409128284 -0.0207984727 0.00740836747
v 0.00408961158 -0.0217983611 0.00742309261
v 0.00400912017 -0.021469038 0.00941681862
v -0.0174946673 -0.0192483924 -0.00445828494
v -0.0172039028 -0.0189726502 -0.00464252569
v -0.0173708852 -0.0184649657 -0.00463706907
v -0.00665904209 -0.0249697007 -0.00380536681
v -0.00469196355 -0.0250243973 -0.00387216429
v -0.00460217148 -0.0247976054 -0.00410581473
v -0.0132608023 -0.0242104717 -0.00390364579
v -0.0133748744 -0.0243460257 -0.00379102514
v -0.0128178494 -0.0243820138 -0.00381143438
v -0.0188662 -0.0157264974 -0.00384476967
v -0.0188253019 -0.0163327027 -0.00383446598
v -0.0185851306 -0.0161224958 -0.00404418679
v -0.0188889038 -0.0202869717 -0.00340572558
v -0.0188180469 -0.0205432847 -0.00340137328
v -0.0185725857 -0.0202979203 -0.00362972124
v -0.0189022068 -0.0213885214 -0.00310683576
v -0.0188449491 -0.0213192813 -0.00317021646
v -0.0188992117 -0.0211727805 -0.00317499531
v -0.0172681846 -0.0245701261 -0.00250352267
v -0.0171632618 -0.024630148 -0.00251189643
v -0.0169919841 -0.0244408119 -0.00273133325
v -0.0145941041 -0.0250408519 -0.00305168121
v -0.0145862959 -0.0250583272 -0.00303727249
v -0.0142961405 -0.0250594709 -0.00308198319
v -0.00846865214 -0.0250762682 -0.00356100919
v -0.00469852565 -0.0250861794 -0.00380603736
v -0.0169874877 -0.017881427 -0.00488590403
v -0.0169956554 -0.0173114184 -0.00493068621
v -0.01719133 -0.0176903363 -0.00480718305
v -0.0169602949 -0.0125611052 -0.0052619623
v -0.0169526786 -0.0113571575 -0.00533789722
v -0.017307017 -0.00979131181 -0.00525626075
v -0.01694615 -0.0100994483 -0.00540748797
v -0.017033305 -0.00970132742 -0.00538826268
v -0.0175738055 -0.00988258701 -0.00511370832
v -0.0174321588 -0.0114124408 -0.00510731433
v -0.0169626493 -0.012904169 -0.00523912534
v -0.0172272045 -0.0130519522 -0.00510662934
v -0.0169748664 -0.0145791806 -0.00512307277
v -0.0172654577 -0.0171907842 -0.00480402075
v -0.0169899985 -0.0165648088 -0.00498256925
v -0.0169841032 -0.0187902115 -0.0047687646
v -0.0169844273 -0.0184014514 -0.00482512685
v -0.0170747396 -0.0181930233 -0.00481141545
v -0.0169856083 -0.0181285422 -0.00485919695
v -0.0170087479 -0.0202438477 -0.00447314046
v -0.0169930458 -0.0202439371 -0.00447970675
v -0.0169866811 -0.0194885042 -0.00464535924
v -0.0170031022 -0.0210503023 -0.00426337495
v -0.0170016252 -0.0209456999 -0.0042939079
v -0.0172932371 -0.0205274411 -0.00427908637
v -0.0169960558 -0.0205130801 -0.00441225106
v -0.0169930849 -0.0202474929 -0.00447884481
v -0.0169816781 -0.0221388564 -0.00391290197
v -0.017001668 -0.0220309291 -0.00394429779
v -0.0171562955 -0.0220141616 -0.00388301001
v -0.016968295 -0.0221927036 -0.00389830116
v -0.0170128457 -0.021922715 -0.00397855556
v -0.0170153119 -0.0218142141 -0.00401565572
v -0.0174139403 -0.0222853236 -0.00366159971
v -0.0169261172 -0.0223226752 -0.00386613072
v -0.0169525836 -0.0222464744 -0.00388445216
v -0.016804263 -0.0233597178 -0.00345605565
v -0.0164299086 -0.0229605511 -0.00379739841
v -0.0164963007 -0.0229106564 -0.00379429129
v -0.0165593382 -0.0228571687 -0.0037934673
v -0.0166187752 -0.0228003394 -0.00379491434
v -0.0172529556 -0.0229739286 -0.00344323553
v -0.0166746117 -0.0227401908 -0.00379862124
v -0.0167268794 -0.0226767436 -0.00380457006
v -0.0167755485 -0.022609992 -0.0038127657
v -0.016819967 -0.0225408152 -0.00382310105
v -0.0176621079 -0.0225475617 -0.00343186245
v -0.0168598276 -0.0224698558 -0.00383545202
v -0.0168952048 -0.0223971419 -0.00384979509
v -0.0157411136 -0.0232122224 -0.00392367598
v -0.0158503335 -0.0231985189 -0.00389422127
v -0.0160784181 -0.0234320499 -0.00370090315
v -0.0159590878 -0.023176048 -0.00386811211
v -0.0161437858 -0.0231163837 -0.00383153115
v -0.0163212158 -0.0237003956 -0.00347027252
v -0.0160673503 -0.0231445134 -0.00384543557
v -0.0160132833 -0.0231614411 -0.00385633507
v -0.0162182637 -0.0230839252 -0.00381978136
v -0.0162907876 -0.0230471436 -0.00381018105
v -0.0163613409 -0.0230060369 -0.0038027144
v -0.0119012948 -0.0232627187 -0.00463672401
v -0.00981520489 -0.02343232 -0.00472749164
v -0.00823339447 -0.0232690275 -0.00496241869
v -0.00784484483 -0.0235953275 -0.00480370037
v -0.00812329911 -0.0232692845 -0.00497192191
v -0.00137095037 -0.023292236 -0.00540865585
v -0.00408296753 -0.0232821833 -0.00527650537
v -0.00413366826 -0.0235312209 -0.00512370467
v -0.00580424257 -0.023275895 -0.00515997922
v -0.00584519934 -0.0234457385 -0.00505788671
v -0.00765628787 -0.0232704263 -0.0050117909
v -0.00766638666 -0.0233128034 -0.00498701585
v -0.013813477 -0.0248622689 -0.00331908395
v -0.0140116606 -0.0250604227 -0.0031143534
v -0.0130009521 -0.0250633117 -0.00319580454
v -0.0143824983 -0.0247968882 -0.00329951569
v -0.0148795145 -0.0249867775 -0.00304238778
v -0.0149488663 -0.0250566732 -0.00296617788
v -0.0146103278 -0.0250582248 -0.00303307059
v -0.0155247562 -0.0250535682 -0.00282062055
v -0.0152717428 -0.0250550043 -0.00288941199
v -0.0152672091 -0.0250362661 -0.00290676579
v -0.0151797291 -0.0250554979 -0.00291255186
v -0.0151630435 -0.0249178112 -0.00303334091
v -0.0160617214 -0.0250086803 -0.0026842365
v -0.0160311684 -0.0250135045 -0.00269107218
v -0.0159299653 -0.0249710605 -0.00276148343
v -0.0157725587 -0.0250432808 -0.00275335228
v -0.0158267971 -0.024855068 -0.00288966578
v -0.016574828 -0.0248463638 -0.00261606113
v -0.0165815465 -0.0248822458 -0.00258467114
v -0.0165429842 -0.0248946156 -0.00259096804
v -0.0163390152 -0.0249518901 -0.00262719276
v -0.0162879545 -0.0249641351 -0.00263702311
v -0.016473107 -0.024733182 -0.00274576712
v -0.0171264391 -0.0246500634 -0.00251520099
v -0.0170464031 -0.0246913619 -0.00252302038
v -0.0168728679 -0.0247720368 -0.00254287967
v -0.0168176107 -0.0247952882 -0.00255000941
v -0.0166102424 -0.0248727147 -0.00258009881
v -0.0173703171 -0.0245067962 -0.00249692262
v -0.0176010951 -0.0243439786 -0.00248816097
v -0.0175495502 -0.0243828893 -0.00248933095
v -0.0174805075 -0.0240973774 -0.00271826843
v -0.0174827669 -0.0244310573 -0.00249153632
v -0.017816985 -0.0241629463 -0.00248883455
v -0.0177421011 -0.0242292546 -0.00248752162
v -0.0176620483 -0.024295928 -0.00248741056
v -0.017932957 -0.0237069055 -0.0027066411
v -0.0180165991 -0.023964949 -0.00249886513
v -0.0179229844 -0.0240619294 -0.00249289162
v -0.0184489377 -0.0233835522 -0.00256811595
v -0.0183617454 -0.0235239882 -0.00254682638
v -0.0183172151 -0.023590168 -0.002537722
v -0.018249318 -0.0236849431 -0.00252577639
v -0.0181985367 -0.0237515252 -0.00251819706
v -0.0180921555 -0.023880668 -0.00250554224
v -0.0186294578 -0.0230291728 -0.00263279094
v -0.0185653083 -0.0231674779 -0.0026057607
v -0.0183440819 -0.0232740138 -0.00269650342
v -0.0185059104 -0.0232825149 -0.00258500618
v -0.0186660811 -0.0229418483 -0.00265099132
v -0.0187091026 -0.0228038318 -0.00268789032
v -0.0187308919 -0.022766931 -0.00269000744
v -0.0187508482 -0.022706138 -0.00270435447
v -0.0188750923 -0.022157304 -0.00285197119
v -0.0188653786 -0.0222226232 -0.00283269817
v -0.0184928942 -0.0225748345 -0.00293983612
v -0.018831417 -0.0224037096 -0.00278167869
v -0.018809706 -0.0224973876 -0.00275667291
v -0.0187694114 -0.0226456951 -0.00271901814
v -0.0189061109 -0.0216504391 -0.00301751052
v -0.0189002026 -0.0219063032 -0.00293036783
v -0.0188083816 -0.022075925 -0.00293228752
v -0.0188976098 -0.0219446812 -0.00291793072
v -0.0185814667 -0.0218396187 -0.00317667914
v -0.0188924801 -0.0206265338 -0.00332651031
v -0.0188946743 -0.0208156016 -0.00327743683
v -0.0187201649 -0.0208122563 -0.00340387062
v -0.0188969467 -0.0209996868 -0.00322624017
v -0.0186082441 -0.0210775062 -0.0034067377
v -0.0188887231 -0.0202684812 -0.00340970745
v -0.0187278371 -0.0197574832 -0.00362544809
v -0.018886324 -0.0200088136 -0.00346196117
v -0.0187837966 -0.0194850806 -0.00362384529
v -0.0188830718 -0.0195910279 -0.00353108975
v -0.0188783426 -0.0186199471 -0.00362197682
v -0.0188785624 -0.018673392 -0.00361799379
v -0.0188756157 -0.0186687242 -0.00362085924
v -0.0188811161 -0.0192685891 -0.00357079762
v -0.0188689716 -0.0163811855 -0.00379377697
v -0.0188772157 -0.0183459017 -0.00364251691
v -0.0186297987 -0.0184342526 -0.00384006044
v -0.0188598987 -0.0142192002 -0.0039601936
v -0.0188520346 -0.0122162746 -0.00410108501
v -0.0188540947 -0.012763299 -0.00406474434
v -0.0185332131 -0.0139602916 -0.0042426209
v -0.0188550986 -0.013022393 -0.00404689042
v -0.0187693518 -0.0141383419 -0.00404227478
v -0.0187924635 -0.0103466967 -0.00425380701
v -0.018845804 -0.0103822378 -0.0042061084
v -0.0188408513 -0.00856288522 -0.00428005448
v -0.018841492 -0.00882521272 -0.00427118223
v -0.0185651425 -0.0102539454 -0.00444432022
v -0.0183293186 -0.0101608289 -0.00462589692
v -0.0180852786 -0.0100676762 -0.00479820557
v -0.0178333372 -0.00997481961 -0.00496091833
v -0.0163687225 -0.0246169213 -0.00287374202
v -0.0167785902 -0.0242053997 -0.00298508187
v -0.0172655713 -0.0238626916 -0.00297158607
v -0.0154438531 -0.024834156 -0.00302455784
v -0.0149477432 -0.0246720687 -0.00328085432
v -0.0174901783 -0.0232290123 -0.003205179
v -0.0170399733 -0.0236165971 -0.00321765058
v -0.0165548008 -0.0239583906 -0.00323153357
v -0.0162617452 -0.0244976524 -0.00299993367
v -0.0157211162 -0.0247360468 -0.0030160537
v -0.0152268587 -0.0245877746 -0.00327190571
v -0.0147236744 -0.0244150162 -0.00352050015
v -0.014162492 -0.0245416109 -0.00353942858
v -0.0146660134 -0.0247418378 -0.00329006277
v -0.0130357668 -0.024642501 -0.00357947359
v -0.0134872589 -0.0244790576 -0.00367621053
v -0.0135978777 -0.0246094912 -0.00355924852
v -0.0138801932 -0.0245829485 -0.00354923611
v -0.0140980408 -0.0248370692 -0.00330919493
v -0.0132466527 -0.0248923618 -0.00333906966
v -0.0110200513 -0.025009213 -0.00341734127
v -0.0108311884 -0.0247705653 -0.00365861924
v -0.0160403196 -0.02425039 -0.00324675511
v -0.0158094056 -0.0239919834 -0.0034858135
v -0.0155696254 -0.023723064 -0.00371670723
v -0.0153215984 -0.0234442819 -0.00393905258
v -0.0156314429 -0.0232172702 -0.00395645853
v -0.0140495272 -0.0244099125 -0.00365628605
v -0.0142138824 -0.0242186077 -0.00376132224
v -0.0144439312 -0.0244855825 -0.00352984457
v -0.013818101 -0.024138784 -0.00388355576
v -0.0139347073 -0.0242756121 -0.00377101125
v -0.0137683824 -0.0244518388 -0.00366614666
v -0.0142517323 -0.0238694306 -0.00397457508
v -0.0144914594 -0.0241472609 -0.00375186978
v -0.014794453 -0.0236836597 -0.00395626388
v -0.0150385723 -0.0239623785 -0.00373373134
v -0.0152748059 -0.0242311079 -0.00350259035
v -0.0155025255 -0.0244892016 -0.00326322997
v -0.0145431031 -0.0233956072 -0.00416982174
v -0.014005159 -0.0235821735 -0.0041882433
v -0.0125935487 -0.0241114907 -0.00403455785
v -0.0130279278 -0.0239321087 -0.00412211008
v -0.0131451255 -0.0240724757 -0.00401402265
v -0.0135798752 -0.0238578618 -0.00410191156
v -0.0136997933 -0.0239995066 -0.00399387116
v -0.0123635307 -0.0238315444 -0.00424846308
v -0.0127892978 -0.0236446075 -0.00433123438
v -0.0129092913 -0.0237894617 -0.00422786269
v -0.013335513 -0.0235677976 -0.00431099068
v -0.0134584149 -0.0237139314 -0.00420763204
v -0.00612270832 -0.0239874851 -0.00468138373
v -0.00802189205 -0.0238702726 -0.00460975012
v -0.00819694065 -0.0241370816 -0.00440547289
v -0.0102333566 -0.0239943787 -0.00432895264
v -0.0104372017 -0.0242626034 -0.00411482016
v -0.0137523953 -0.0232861657 -0.00439251866
v -0.0132112363 -0.0234195478 -0.00441194
v -0.012668035 -0.0234976299 -0.00443218648
v -0.0121284677 -0.0235427991 -0.00445279479
v -0.0100258058 -0.023717422 -0.004533289
v -0.0045106085 -0.0245613437 -0.00432993378
v -0.0116708344 -0.0250671357 -0.00330443494
v -0.0101603111 -0.0250714775 -0.00342783798
v -0.00870415475 -0.0248832721 -0.00373414601
v -0.00853866246 -0.0246440955 -0.00396729587
v -0.00652852282 -0.0247380622 -0.00403886056
v -0.00639530225 -0.0244968254 -0.0042629512
v -0.004417622 -0.0243160836 -0.0045441296
v -0.00432356354 -0.0240623038 -0.00474804034
v -0.00625986652 -0.0242464673 -0.00447724713
v -0.00836939458 -0.0243951976 -0.00419120025
v -0.0106366957 -0.0245215166 -0.00389124663
v -0.0151346661 -0.0232207123 -0.00410285732
v -0.0147046084 -0.0232242383 -0.00421511522
v -0.0144072967 -0.0232270714 -0.00428519817
v -0.01377293 -0.0232345797 -0.00441454211
v -0.0137126576 -0.0232354198 -0.00442538923
v -0.0128326304 -0.0232513566 -0.00455329427
v -0.0124210864 -0.0232620779 -0.00459101144
v -0.00598432263 -0.0237203985 -0.0048750327
v -0.00422879728 -0.0238005128 -0.00494133169
v -0.0186874978 -0.012108204 -0.00424545398
v -0.018452866 -0.0119696083 -0.0044364552
v -0.0182096977 -0.0118302582 -0.00461846683
v -0.0179583002 -0.0116906306 -0.00479116291
v -0.0176990088 -0.0115511976 -0.00495421607
v -0.0175611265 -0.0200315062 -0.00427110074
v -0.0172770005 -0.0197538752 -0.00446500117
v -0.0175201278 -0.0215593297 -0.00387252192
v -0.0175695438 -0.0208049584 -0.00407576468
v -0.0169864092 -0.0194434728 -0.00465416908
v -0.0169851948 -0.0192036945 -0.00469909795
v -0.0180776585 -0.0156917181 -0.00443766639
v -0.0182882305 -0.0137802465 -0.00443421677
v -0.0178111829 -0.0154724903 -0.00462076953
v -0.0180347729 -0.013598796 -0.00461673597
v -0.0175367855 -0.0152516058 -0.00479435222
v -0.0177731942 -0.0134165324 -0.00478985347
v -0.0172549188 -0.015029747 -0.004958109
v -0.0175038725 -0.0132340519 -0.00495325448
v -0.0175547004 -0.0174465533 -0.00462992629
v -0.0174844414 -0.0179543085 -0.00463295449
v -0.0181277245 -0.0230425578 -0.00294891768
v -0.0182653684 -0.0223352276 -0.00318466569
v -0.0183435977 -0.0215936862 -0.00341360248
v -0.0183609799 -0.0208271388 -0.00363545213
v -0.017659517 -0.0187334232 -0.00445297081
v -0.0177699346 -0.0182151403 -0.00444901921
v -0.0178362783 -0.0176995154 -0.0044461647
v -0.0183357801 -0.0159086119 -0.00424536457
v -0.0188251249 -0.0192123204 -0.00362259056
v -0.0188813955 -0.0193203911 -0.00356528093
v -0.0184747539 -0.0195103958 -0.00384533359
v -0.0185322817 -0.0192410406 -0.00384356268
v -0.0185753647 -0.0189714003 -0.00384213543
v -0.018374322 -0.0181940868 -0.00405090582
v -0.0177170355 -0.023473544 -0.00295951311
v -0.0179002155 -0.022800196 -0.003194171
v -0.0180270337 -0.0220856573 -0.00342197833
v -0.018095294 -0.0213388 -0.00364266988
v -0.0181036834 -0.0205688737 -0.00385598652
v -0.0183169935 -0.0200450309 -0.00384993595
v -0.0180517733 -0.0197853278 -0.00406166352
v -0.0186573751 -0.0200286992 -0.00362740527
v -0.0184029322 -0.0197786652 -0.00384745654
v -0.0182119925 -0.0192568805 -0.00405677641
v -0.0182710644 -0.0189907495 -0.00405485835
v -0.0183159187 -0.018724421 -0.00405328209
v -0.0181096494 -0.0179489348 -0.00425305124
v -0.0179400649 -0.0189976431 -0.00425943267
v -0.0180006679 -0.0187349282 -0.00425739214
v -0.0180472676 -0.0184720885 -0.00425568782
v -0.0177784357 -0.0218267944 -0.00365138706
v -0.0178370923 -0.0210756529 -0.00386351021
v -0.0178368744 -0.0203034207 -0.00406798441
v -0.0177774895 -0.0195195358 -0.00426455773
v -0.00590216974 -0.0217876229 0.00701792864
v -0.00590049801 -0.0207877345 0.00700320303
v -0.00594099425 -0.0207729544 0.00800227374
v -0.00598266069 -0.0214583017 0.00901165511
v 0.0159002282 -0.0145516181 -0.00610615034
v 0.0155403782 -0.0110414866 -0.00617005071
v 0.0155602572 -0.0110419625 -0.00620012498
v 0.0155237736 -0.0145272436 -0.00586609868
v 0.0155237317 -0.0145373521 -0.00586514175
v 0.0155245634 -0.0145373745 -0.00586653594
v 0.0155467885 -0.0145306643 -0.00590111082
v 0.0155055067 -0.0145368287 -0.00583164161
v 0.0155037558 -0.0145236561 -0.00582920201
v 0.0155037018 -0.014536771 -0.0058279587
v 0.0154893789 -0.0145362709 -0.00579561247
v 0.0154869296 -0.0145199364 -0.00579075562
v 0.0154868644 -0.0145361722 -0.00578921661
v 0.0154761365 -0.0145357018 -0.00575846573
v 0.0154734179 -0.0145161096 -0.00575103704
v 0.0154730994 -0.0145355482 -0.00574837625
v 0.0154537242 -0.0145337898 -0.00563122798
v 0.0154565722 -0.0145343132 -0.0056664329
v 0.0154566811 -0.0145082418 -0.00566890603
v 0.0154570714 -0.0145343756 -0.00567057496
v 0.0154633084 -0.0145122018 -0.00571032427
v 0.0154635124 -0.0145349614 -0.00570962531
v 0.0154637527 -0.0127864871 -0.00582626555
v 0.015461023 -0.0127859991 -0.00579340477
v 0.0154645424 -0.012786583 -0.00583268655
v 0.0154703772 -0.012787112 -0.0058679143
v 0.015471152 -0.0127871679 -0.00587167032
v 0.0154939611 -0.0127883423 -0.00594880292
v 0.0154839884 -0.0127879074 -0.00592041248
v 0.0154809076 -0.0127877546 -0.00591034908
v 0.0154804708 -0.0127877314 -0.00590885524
v 0.0154973874 -0.0127884755 -0.00595746003
v 0.0155107509 -0.0127889402 -0.00598747237
v 0.0155136641 -0.0127890315 -0.00599337695
v 0.0155307259 -0.0127895204 -0.00602459069
v 0.0155328577 -0.0127895763 -0.00602815021
v 0.0155537408 -0.0127900783 -0.0060598948
v 0.015572614 -0.0145338969 -0.0059340056
v 0.0155433947 -0.00929286145 -0.00627625408
v 0.0155372564 -0.0110414047 -0.00616486091
v 0.01552107 -0.0110409437 -0.0061354069
v 0.0155244749 -0.00929231849 -0.00624153111
v 0.0155172944 -0.0110408254 -0.00612778543
v 0.015487032 -0.0110396184 -0.0060492605
v 0.0154880304 -0.0110396696 -0.00605264399
v 0.0154926684 -0.00929106399 -0.00615994865
v 0.0154911475 -0.0110398224 -0.00606267806
v 0.0154940719 -0.00929113571 -0.00616466533
v 0.0155005129 -0.0110402284 -0.00608916022
v 0.0155061604 -0.00929167401 -0.00619982742
v 0.0155046722 -0.0110403895 -0.00609961059
v 0.0155084543 -0.00929176342 -0.00620565796
v 0.015522955 -0.00929227006 -0.00623842981
v 0.0154781295 -0.0110390848 -0.00601405697
v 0.0154840704 -0.00929055177 -0.00612616446
v 0.0154769449 -0.0110389991 -0.00600836752
v 0.0154825784 -0.00929044466 -0.00611907477
v 0.0154713746 -0.0110385008 -0.00597516494
v 0.0154772028 -0.00928996876 -0.00608735718
v 0.0154703259 -0.0110383751 -0.00596677139
v 0.015475953 -0.00928982161 -0.00607749727
v 0.0154734142 -0.00928938668 -0.00604824815
v 0.0154677015 -0.0110379178 -0.00593597116
v 0.0156014478 -0.0145369545 -0.00596494833
v 0.0156324711 -0.0145397549 -0.00599306216
v 0.0156660303 -0.0145423273 -0.00601868425
v 0.0157015026 -0.0145446248 -0.00604130188
v 0.0157387611 -0.0145466393 -0.00606086478
v 0.0158585645 -0.0145508554 -0.00609996077
v 0.0158175714 -0.0145497657 -0.00609029923
v 0.0159422737 -0.0145520503 -0.00610882696
v 0.0159843955 -0.0145521471 -0.00610797014
v 0.0160262957 -0.0145519087 -0.00610358687
v 0.0160676781 -0.0145513341 -0.00609570555
v 0.0161082465 -0.0145504307 -0.00608438719
v 0.0161477178 -0.014549206 -0.00606970629
v 0.0156174805 -0.0207080934 -0.005134576
v 0.0156309307 -0.0195843987 -0.00542216282
v 0.0156449713 -0.0184899289 -0.00562208379
v 0.0161227863 -0.0185004342 -0.00567854894
v 0.0160834156 -0.0185021367 -0.00569240795
v 0.0160430204 -0.0185033716 -0.00570296496
v 0.0160018783 -0.018504139 -0.00571014499
v 0.0159602761 -0.018504424 -0.00571390055
v 0.0159185044 -0.0185042303 -0.00571420183
v 0.0158768594 -0.0185035598 -0.0057110507
v 0.0158356261 -0.018502418 -0.00570446486
v 0.0157950949 -0.0185008068 -0.00569449412
v 0.0157555491 -0.0184987411 -0.00568120508
v 0.0156804994 -0.0184933078 -0.00564507116
v 0.0157008823 -0.0195941105 -0.00546451053
v 0.0157381203 -0.0195980221 -0.00548124406
v 0.0157766417 -0.019601291 -0.0054949373
v 0.0158161875 -0.0196038894 -0.00550549431
v 0.0158564933 -0.0196058024 -0.00551284663
v 0.0158972815 -0.019607015 -0.00551694585
v 0.015938282 -0.0196075235 -0.00551776169
v 0.0159792192 -0.0196073204 -0.00551528856
v 0.0160198212 -0.0196064059 -0.00550954556
v 0.0160598066 -0.019604791 -0.00550056947
v 0.0160989128 -0.0196024869 -0.00548842316
v 0.0157775413 -0.0145483566 -0.0060772365
v 0.0157172587 -0.0184962358 -0.00566469273
v 0.0156651773 -0.0195895787 -0.00544484751
v 0.0156508852 -0.0207149163 -0.00515668653
v 0.0156860556 -0.0207209736 -0.00517611392
v 0.0157227665 -0.0207262263 -0.00519273337
v 0.0157607682 -0.0207306352 -0.0052064308
v 0.015799813 -0.0207341742 -0.00521711912
v 0.0158396419 -0.0207368191 -0.00522472616
v 0.0158799943 -0.0207385533 -0.0052292021
v 0.0159206018 -0.0207393672 -0.00523051806
v 0.0159611907 -0.0207392517 -0.00522866379
v 0.0160015058 -0.0207382049 -0.00522365188
v 0.0160412677 -0.0207362454 -0.00521551585
v 0.0160802212 -0.0207333732 -0.00520431064
v 0.0155201722 -0.0065300311 -0.00632426236
v 0.0155066187 -0.00652927719 -0.00628928421
v 0.0154957315 -0.00652850885 -0.00625338685
v 0.0154875629 -0.00652773073 -0.00621677376
v 0.0154821659 -0.00652694749 -0.00617965125
v -0.000953820359 -0.0229988694 -0.00549406512
v 0.00449448405 -0.0230209455 -0.00555646187
v 0.00449449616 -0.022979036 -0.00555262389
v -0.000953087467 -0.0230830535 -0.00549358968
v 0.00449434901 -0.0231049918 -0.00555352401
v 0.00449443609 -0.0230630282 -0.00555676222
v -0.000948571076 -0.0232825056 -0.00543188071
v -0.000949413632 -0.0232566893 -0.00544535834
v -0.000949410547 -0.0232567228 -0.00544534298
v 0.0044936398 -0.0232657101 -0.0055059935
v -0.000950508809 -0.0232181624 -0.00546210539
v -0.000950509449 -0.0232181977 -0.00546209188
v 0.00449386751 -0.0232271757 -0.00552291796
v -0.000949764042 -0.0232450161 -0.00545084197
v 0.00449406402 -0.0231873542 -0.00553654041
v -0.000951723661 -0.023165876 -0.00547903264
v -0.000950816961 -0.0232060477 -0.00546659809
v -0.000952264818 -0.0231376048 -0.00548562547
v 0.00449422421 -0.0231465306 -0.00554676726
v -0.000952264527 -0.0231375713 -0.00548563153
v -0.000952484435 -0.0231247824 -0.00548805203
v -0.000953534909 -0.023040982 -0.0054956004
v -0.000953410054 -0.0230541676 -0.00549535174
v -0.00095341017 -0.0230542086 -0.00549534941
v 0.00449447008 -0.022937594 -0.00554527529
v -0.000953921874 -0.0229703076 -0.00549098849
v -0.000953921641 -0.022970356 -0.00549099501
v -0.000953782641 -0.0228883531 -0.00547266612
v -0.000953782001 -0.022888409 -0.00547268381
v 0.00449440395 -0.0228969175 -0.00553446775
v -0.000953904877 -0.0229157042 -0.00548039842
v -0.000953943992 -0.0229570121 -0.00548898801
v -0.000953697308 -0.0228752419 -0.00546835409
v 0.00449430337 -0.0228572972 -0.00552027719
v -0.000953322335 -0.0228359178 -0.00545293
v 0.00449416554 -0.0228190087 -0.00550280605
v -0.00095298019 -0.0228106864 -0.00544093037
v -0.00095151749 -0.0227393098 -0.00539658917
v -0.000951519469 -0.0227393713 -0.00539663481
v 0.00449378183 -0.0227475073 -0.00545853376
v -0.000952106668 -0.0227636285 -0.00541359745
v 0.00449399091 -0.0227823276 -0.00548217446
v -0.000952787872 -0.022798501 -0.00543450098
v -0.000952981354 -0.022810623 -0.00544089964
v -0.000951278373 -0.022730574 -0.00538993347
v 0.00449353736 -0.0227148011 -0.00543204835
v -0.000950308924 -0.0226995293 -0.0053636441
v 0.00449326448 -0.0226844382 -0.00540290587
v -0.000949444657 -0.0226764772 -0.0053410409
v -0.000946838467 -0.0226237364 -0.00527565135
v -0.000946839456 -0.0226237848 -0.00527571933
v 0.00449263351 -0.0226315875 -0.00533749629
v -0.000947982189 -0.0226443093 -0.00530389417
v 0.00449296413 -0.0226566344 -0.00537131447
v -0.000949206413 -0.0226707105 -0.00533490255
v -0.00094944326 -0.0226764213 -0.00534098176
v -0.000946639339 -0.022620514 -0.00527082291
v 0.00449227542 -0.0226094685 -0.00530169159
v -0.000945195323 -0.022599481 -0.00523590576
v 0.00449189963 -0.0225904435 -0.00526415277
v -0.000943782856 -0.0225827377 -0.00520243868
v -0.000943652121 -0.0225813556 -0.00519937417
v 0.00449150195 -0.0225746408 -0.00522514805
v -0.000942026149 -0.0225662701 -0.00516147166
v 0.00449108984 -0.0225621741 -0.00518495357
v -0.000940365309 -0.0225545764 -0.00512341363
v -0.000940322177 -0.0225543231 -0.00512244832
v 0.00449065957 -0.0225531328 -0.00514385197
v -0.000938552199 -0.0225456022 -0.00508256489
v 0.00449022278 -0.0225475822 -0.00510213524
v -0.000936723663 -0.0225401651 -0.00504209753
v 0.0100224419 -0.023277672 -0.00538531831
v 0.0100131221 -0.0225541741 -0.00498449709
v 0.0100141792 -0.0225597937 -0.00502644666
v 0.0100152148 -0.0225689393 -0.00506777037
v 0.0100162243 -0.0225815512 -0.00510817114
v 0.0100172004 -0.0225975383 -0.00514736213
v 0.0100181336 -0.0226167832 -0.00518505974
v 0.0100190192 -0.0226391479 -0.00522099622
v 0.0100198491 -0.0226644762 -0.00525491126
v 0.0100206211 -0.0226925816 -0.00528656319
v 0.0100213233 -0.022723265 -0.00531572616
v 0.0100219538 -0.0227563027 -0.00534218736
v 0.0100225145 -0.0227914676 -0.00536576193
v 0.0100229895 -0.0228284989 -0.00538627757
v 0.0100233853 -0.0228671338 -0.00540358806
v 0.0100236926 -0.0229070932 -0.00541756721
v 0.0100239124 -0.0229480937 -0.00542811956
v 0.0100240419 -0.0229898393 -0.00543516502
v 0.0100240819 -0.023032032 -0.00543865561
v 0.0100240288 -0.0230743662 -0.00543856435
v 0.0100238873 -0.0231165458 -0.00543489447
v 0.0100236535 -0.0231582597 -0.00542766973
v 0.010023335 -0.0231992155 -0.00541694416
v 0.0117953504 -0.023262186 -0.00531285862
v 0.0100229308 -0.0232391134 -0.00540279364
v 0.0117544131 -0.0225559231 -0.00490485923
v 0.0117585659 -0.0225613322 -0.00494580623
v 0.0117626535 -0.0225701369 -0.00498616649
v 0.0117666544 -0.0225822777 -0.00502566108
v 0.0117705353 -0.0225976668 -0.00506401947
v 0.0117742727 -0.022616202 -0.00510097481
v 0.0117778396 -0.0226377547 -0.00513627194
v 0.011781211 -0.0226621795 -0.0051696701
v 0.0117843663 -0.0226892978 -0.00520093786
v 0.0117872776 -0.0227189343 -0.00522986101
v 0.011789931 -0.0227508806 -0.00525623793
v 0.0117923077 -0.022784913 -0.00527988607
v 0.0117943902 -0.0228207987 -0.00530064618
v 0.0117961606 -0.0228582937 -0.00531837251
v 0.0117976125 -0.0228971392 -0.00533294305
v 0.0117987329 -0.022937065 -0.00534425722
v 0.0117995162 -0.0229777936 -0.00535224052
v 0.011799952 -0.0230190456 -0.00535683241
v 0.0118000414 -0.0230605416 -0.00535800494
v 0.0117997816 -0.0231019929 -0.00535574835
v 0.0117991799 -0.0231431108 -0.00535007846
v 0.0117982328 -0.0231836122 -0.00534103485
v 0.0117969513 -0.0232232232 -0.00532868039
v 0.0123290541 -0.0225562267 -0.00483390875
v 0.0123348627 -0.0225615483 -0.00487431232
v 0.0123405848 -0.0225702096 -0.00491414638
v 0.0123461876 -0.0225821529 -0.00495314086
v 0.0123516293 -0.0225972999 -0.00499103172
v 0.0123568717 -0.0226155389 -0.00502755912
v 0.0123618813 -0.0226367544 -0.00506247813
v 0.0123666273 -0.0226607993 -0.00509555219
v 0.0123710735 -0.0226875115 -0.00512655778
v 0.012375189 -0.0227167066 -0.00515528163
v 0.0123789487 -0.0227481946 -0.00518153096
v 0.0123823266 -0.0227817558 -0.00520512881
v 0.0123852976 -0.0228171628 -0.00522591406
v 0.0123878447 -0.0228541754 -0.0052437447
v 0.0123899495 -0.0228925478 -0.00525850244
v 0.0123915998 -0.0229320116 -0.00527008576
v 0.0123927779 -0.0229723118 -0.00527841691
v 0.012393482 -0.0230131596 -0.0052834386
v 0.0123937037 -0.0230542906 -0.00528511638
v 0.012393442 -0.0230954196 -0.00528344093
v 0.0123927025 -0.0231362712 -0.0052784197
v 0.0123914862 -0.0231765676 -0.00527009089
v 0.0123898033 -0.0232160315 -0.00525851035
v 0.012387665 -0.023254402 -0.00524375401
v 0.0135604348 -0.0232457481 -0.00503107347
v 0.0134681379 -0.0225564279 -0.00462319748
v 0.0134770581 -0.0225616507 -0.00466262642
v 0.0134858545 -0.0225701481 -0.00470151054
v 0.0134944702 -0.022581866 -0.00473958952
v 0.0135028455 -0.0225967262 -0.00477661239
v 0.0135109257 -0.0226146262 -0.00481233094
v 0.0135186575 -0.0226354524 -0.00484650815
v 0.0135259898 -0.0226590596 -0.00487891678
v 0.0135328732 -0.0226852968 -0.00490934402
v 0.013539264 -0.0227139909 -0.00493758405
v 0.0135451183 -0.0227449425 -0.0049634506
v 0.0135503951 -0.0227779541 -0.00498677278
v 0.0135550601 -0.0228128079 -0.00500739273
v 0.0135590862 -0.0228492636 -0.00502517773
v 0.0135624427 -0.0228870828 -0.00504000671
v 0.0135651082 -0.0229260158 -0.00505178049
v 0.013567064 -0.0229658075 -0.0050604213
v 0.0135683008 -0.0230061822 -0.0050658742
v 0.0135688055 -0.0230468828 -0.00506810006
v 0.0135685755 -0.02308763 -0.00506708538
v 0.0135676172 -0.0231281575 -0.00506283669
v 0.0135659296 -0.0231681969 -0.00505538099
v 0.0135635333 -0.0232074801 -0.0050447695
v 0.0140326871 -0.0225563217 -0.00448300503
v 0.0140432222 -0.0225615166 -0.00452191802
v 0.0140536129 -0.0225699674 -0.00456029596
v 0.0140637895 -0.0225816183 -0.0045978846
v 0.0140736885 -0.0225963946 -0.00463443482
v 0.0140832392 -0.0226142015 -0.00466970494
v 0.0140923848 -0.022634916 -0.00470346119
v 0.0141010592 -0.0226584002 -0.00473548379
v 0.0141092082 -0.0226845052 -0.00476555759
v 0.0141167743 -0.022713054 -0.00479348563
v 0.0141237155 -0.0227438547 -0.00481908303
v 0.0141299777 -0.0227767117 -0.00484217936
v 0.014135519 -0.0228114035 -0.00486262422
v 0.0141403126 -0.0228477027 -0.00488028163
v 0.0141443154 -0.0228853654 -0.00489503238
v 0.0141475089 -0.0229241475 -0.00490678335
v 0.0141498689 -0.0229637902 -0.00491545489
v 0.0141513767 -0.0230040289 -0.00492098834
v 0.0141520295 -0.0230446048 -0.00492334832
v 0.0141518181 -0.0230852421 -0.00492251851
v 0.0141507434 -0.0231256764 -0.0049185073
v 0.0141488174 -0.0231656414 -0.00491133658
v 0.0141460467 -0.0232048687 -0.00490105804
v 0.0141424527 -0.023243105 -0.00488773687
v 0.0124082528 0.0226099994 -0.005649189
v 0.0124074854 0.0226503257 -0.00564675545
v 0.0115093635 0.0226507727 -0.00584794953
v 0.00259327586 0.0221056845 -0.00577216642
v -0.000855884398 0.0221143831 -0.00569910696
v 0.00259294454 0.0221099984 -0.00581399258
v -0.000857657462 0.0221186932 -0.00574086839
v 0.00259262603 0.0221178103 -0.00585530698
v -0.000859398919 0.0221264977 -0.00578212133
v 0.00259232358 0.0221290663 -0.00589581998
v -0.000861098291 0.0221377425 -0.00582257286
v 0.00259203278 0.0221436862 -0.00593524287
v -0.000862737361 0.0221523475 -0.00586194033
v 0.00259176432 0.0221615676 -0.0059732981
v -0.000864312693 0.0221702084 -0.00589994388
v 0.00259151519 0.0221825838 -0.00600971701
v -0.000865805428 0.0221912004 -0.00593631575
v 0.00259128562 0.022206584 -0.00604424253
v -0.000867207535 0.0222151745 -0.00597079704
v 0.0025910805 0.0222334005 -0.00607662881
v -0.000868510397 0.0222419612 -0.00600314559
v 0.00259090122 0.0222628452 -0.00610664673
v -0.000869704818 0.0222713724 -0.00603313511
v 0.00259075058 0.0222947057 -0.00613408489
v -0.000870784745 0.0223032013 -0.00606055046
v 0.00259062415 0.0223287605 -0.0061587505
v -0.000871735916 0.0223372187 -0.00608519884
v 0.00259052939 0.0223647673 -0.00618046615
v -0.000872554432 0.0223731883 -0.00610690657
v 0.00259045977 0.0224024709 -0.00619908003
v -0.000873239303 0.0224108547 -0.00612552185
v 0.00259042066 0.0224416051 -0.00621445989
v -0.00087377755 0.0224499535 -0.00614091009
v -0.000874173827 0.0224902071 -0.00615296559
v 0.00259041158 0.0224818941 -0.0062264977
v -0.000874173071 0.0224902686 -0.00615298143
v -0.000874417019 0.0225313287 -0.00616160035
v 0.00259043206 0.0225230511 -0.00623510778
v -0.000874420337 0.0225313865 -0.00616160873
v 0.00259048329 0.0225647856 -0.00624023145
v -0.000874513644 0.0225730315 -0.00616675569
v -0.000874454272 0.0226150211 -0.00616839435
v 0.00259056338 0.0226068031 -0.00624182867
v -0.000874454272 0.0226150658 -0.00616839295
v 0.00259067165 0.0226488076 -0.00623988966
v -0.000874247227 0.0226569995 -0.00616650283
v -0.000873888377 0.0226986688 -0.00616109977
v 0.00259081181 0.0226904992 -0.00623442838
v -0.000873888552 0.0226987004 -0.00616109464
v 0.00259097433 0.0227315836 -0.00622548396
v -0.000873384182 0.0227397382 -0.00615221774
v -0.000872735982 0.0227799136 -0.00613992149
v 0.00259116478 0.0227717739 -0.00621311925
v -0.000872736215 0.0227799304 -0.00613991637
v 0.00259137922 0.0228107814 -0.00619742088
v -0.000871951808 0.0228189155 -0.00612429902
v 0.0124004865 0.0227682367 -0.00562072126
v 0.0122952824 0.022099508 -0.00519184442
v 0.0123050706 0.0221034605 -0.00523084635
v 0.0123147368 0.0221106485 -0.00526941428
v 0.0123242177 0.0221210252 -0.00530729908
v 0.0123334518 0.0221345201 -0.00534424791
v 0.0123423776 0.0221510455 -0.00538002374
v 0.0123509392 0.0221704952 -0.00541439001
v 0.0123590799 0.0221927408 -0.00544712413
v 0.0123667493 0.0222176369 -0.00547801051
v 0.0123738907 0.0222450215 -0.00550685078
v 0.0123804603 0.0222747158 -0.00553345354
v 0.0123864189 0.0223065261 -0.00555764511
v 0.0123917237 0.0223402437 -0.00557927042
v 0.0123963393 0.0223756488 -0.00559818605
v 0.0124002378 0.0224125125 -0.00561426766
v 0.012403395 0.0224505886 -0.00562741049
v 0.0124057867 0.0224896334 -0.00563753024
v 0.0124074006 0.0225293916 -0.00564456126
v 0.0124082239 0.0225696005 -0.00564845465
v 0.011503648 0.0227689575 -0.00582064223
v 0.0106068589 0.0226956345 -0.00599496625
v 0.0115080802 0.0226908792 -0.00584199885
v 0.0124059264 0.0226903148 -0.00564117217
v 0.0114198904 0.0220966823 -0.00538847037
v 0.0114277154 0.0221006647 -0.00542807439
v 0.0114354445 0.0221079085 -0.00546723465
v 0.0114430292 0.0221183617 -0.00550568942
v 0.0114504136 0.022131959 -0.00554319005
v 0.0114575522 0.022148611 -0.00557948556
v 0.0114643965 0.0221682061 -0.00561433984
v 0.0114709036 0.0221906155 -0.0056475224
v 0.0114770308 0.0222156923 -0.00567881577
v 0.011482737 0.0222432725 -0.00570801133
v 0.0114879841 0.0222731736 -0.0057349205
v 0.0114927348 0.022305198 -0.00575936399
v 0.011496963 0.0223391354 -0.00578118162
v 0.0115006408 0.0223747641 -0.00580022763
v 0.0115037402 0.0224118475 -0.00581638049
v 0.0115062417 0.0224501416 -0.00582953077
v 0.0115081314 0.022489395 -0.00583959371
v 0.0115093943 0.0225293487 -0.0058465004
v 0.0115100201 0.0225697402 -0.00585021032
v 0.0115100089 0.022610303 -0.00585069368
v 0.00969836768 0.022746684 -0.00608556159
v 0.0106053883 0.0227352809 -0.00598514732
v 0.0115061719 0.0227303598 -0.00583287608
v 0.0124035878 0.0227297042 -0.00563247548
v 0.0105419699 0.0220949519 -0.0055390941
v 0.0105477674 0.0220989995 -0.00557934772
v 0.0105534904 0.0221063532 -0.00561914127
v 0.0105591081 0.0221169647 -0.00565820746
v 0.010564575 0.022130765 -0.00569628691
v 0.010569863 0.0221476611 -0.00573312351
v 0.0105749303 0.0221675411 -0.00576847093
v 0.0105797453 0.0221902691 -0.00580209447
v 0.0105842743 0.0222156961 -0.00583376922
v 0.0105884913 0.0222436525 -0.00586328236
v 0.0105923656 0.0222739484 -0.00589043926
v 0.0105958665 0.0223063845 -0.00591505552
v 0.0105989808 0.0223407429 -0.00593696721
v 0.0106016789 0.0223767944 -0.00595603138
v 0.0106039448 0.0224142969 -0.00597211579
v 0.0106057664 0.0224530026 -0.00598511519
v 0.010607128 0.022492649 -0.0059949425
v 0.010608024 0.0225329753 -0.00600153208
v 0.010608444 0.0225737076 -0.00600484153
v 0.0106083918 0.0226145778 -0.00600484619
v 0.0106078619 0.022655312 -0.00600154605
v 0.00790681224 0.0228012279 -0.00613480993
v 0.00969717465 0.02278555 -0.00607130164
v 0.0106034642 0.022773983 -0.0059721563
v 0.00966110174 0.0220943969 -0.00564080104
v 0.00966453832 0.0220985617 -0.00568186259
v 0.00966793671 0.0221061241 -0.00572244124
v 0.00967126712 0.0221170299 -0.00576225715
v 0.00967451371 0.0221312046 -0.00580103602
v 0.00967765134 0.0221485514 -0.00583851244
v 0.00968065858 0.0221689511 -0.0058744289
v 0.00968351681 0.022192264 -0.00590854092
v 0.00968620274 0.0222183298 -0.00594061287
v 0.00968869869 0.0222469699 -0.00597042637
v 0.00969098881 0.0222779866 -0.00599777373
v 0.00969305914 0.0223111678 -0.00602247147
v 0.00969489012 0.022346288 -0.00604434637
v 0.00969647523 0.0223831031 -0.00606325036
v 0.00969780236 0.0224213637 -0.00607905257
v 0.00969885848 0.0224608034 -0.00609164452
v 0.00969963707 0.0225011557 -0.00610094285
v 0.00970013812 0.0225421395 -0.00610687956
v 0.00970035233 0.0225834772 -0.00610941555
v 0.00970028248 0.0226248838 -0.00610853406
v 0.00969992578 0.0226660743 -0.00610424159
v 0.00969928503 0.0227067675 -0.00609656563
v 0.00789463148 0.0220964141 -0.00570955593
v 0.00789573789 0.0221007224 -0.00575135555
v 0.00789683498 0.0221085269 -0.00579264807
v 0.00789791904 0.0221197736 -0.00583313592
v 0.0078989733 0.0221343841 -0.00587253785
v 0.00790000148 0.0221522525 -0.00591057399
v 0.00790098868 0.0221732538 -0.00594697427
v 0.00790192932 0.022197241 -0.00598148396
v 0.00790281966 0.0222240426 -0.00601385534
v 0.0079036504 0.0222534686 -0.00604386348
v 0.00790441688 0.0222853124 -0.00607129419
v 0.00790511444 0.0223193485 -0.00609595235
v 0.0079057347 0.0223553386 -0.00611766707
v 0.00790627673 0.0223930236 -0.00613628328
v 0.00790673774 0.022432141 -0.00615166686
v 0.00790711306 0.0224724133 -0.00616371352
v 0.00790739525 0.0225135554 -0.00617233524
v 0.00790758803 0.0225552768 -0.00617747102
v 0.00790769141 0.0225972813 -0.00617908593
v 0.00790769979 0.0226392746 -0.00617716741
v 0.00790761691 0.0226809569 -0.00617173035
v 0.00790743809 0.0227220375 -0.00616281293
v 0.0079071708 0.0227622222 -0.00615047757
v 0.00612870371 0.0220990479 -0.00574976346
v 0.00612948975 0.0221033506 -0.0057915519
v 0.00613026973 0.0221111476 -0.00583283277
v 0.00613104319 0.022122385 -0.00587331085
v 0.00613179896 0.0221369807 -0.00591270439
v 0.00613253238 0.0221548341 -0.00595073309
v 0.00613324391 0.0221758187 -0.00598712778
v 0.00613392331 0.0221997835 -0.00602163468
v 0.00613457104 0.0222265609 -0.00605400652
v 0.00613517454 0.0222559646 -0.00608401606
v 0.00613573613 0.0222877823 -0.00611145096
v 0.00613625068 0.0223217942 -0.00613611797
v 0.00613671169 0.0223577544 -0.00615784246
v 0.00613711635 0.0223954134 -0.00617647311
v 0.00613746606 0.0224345047 -0.00619187392
v 0.00613775617 0.0224747509 -0.00620394014
v 0.00613797922 0.0225158688 -0.00621258607
v 0.00613814406 0.0225575659 -0.00621774932
v 0.00613824092 0.0225995518 -0.00621939404
v 0.00613827305 0.0226415265 -0.00621750765
v 0.00613823673 0.0226831939 -0.00621210551
v 0.00613813708 0.0227242634 -0.00620322395
v 0.00613797223 0.0227644388 -0.00619092537
v 0.00613774592 0.0228034407 -0.00617529871
v -0.00592097826 0.0154378517 0.00846828707
v 0.00407080259 0.0154271144 0.00887345057
v -0.011902866 -0.0232257005 -0.00465536769
v -0.0128346989 -0.0232143402 -0.00457089534
v -0.0137758357 -0.0231976081 -0.00443052873
v -0.0147082461 -0.023187317 -0.00423015142
v -0.00820520706 -0.0225417726 -0.00465289317
v -0.00820865575 -0.0225538686 -0.00469239196
v -0.00819812808 -0.0225276165 -0.00457158079
v -0.00820169318 -0.0225330014 -0.00461252965
v -0.00821201503 -0.0225692112 -0.00473075779
v -0.00821525231 -0.0225876886 -0.00476772385
v -0.00822130218 -0.0226335265 -0.00483645778
v -0.0082183592 -0.0226091761 -0.00480303727
v -0.00822406728 -0.0226605721 -0.00486775208
v -0.00822663028 -0.0226901304 -0.00489670457
v -0.0082289828 -0.0227219891 -0.00492311968
v -0.0082310969 -0.0227559414 -0.00494681485
v -0.00823296886 -0.0227917433 -0.00496762432
v -0.00823458098 -0.0228291545 -0.00498540886
v -0.00823592301 -0.022867918 -0.00500004552
v -0.00823698379 -0.0229077619 -0.00501143094
v -0.00823775586 -0.0229484197 -0.00501948921
v -0.00823823735 -0.0229896083 -0.00502416445
v -0.00823842455 -0.023031041 -0.00502542499
v -0.00823831093 -0.0230724383 -0.0050232606
v -0.0082379058 -0.0231135152 -0.0050176885
v -0.00823720451 -0.0231539868 -0.00500874408
v -0.00823621172 -0.0231935773 -0.00499649206
v -0.00823493861 -0.0232322346 -0.00498091429
v -0.0146036241 -0.0225145277 -0.00381743279
v -0.0155053996 -0.022511797 -0.0035636411
v -0.0146132298 -0.0225195419 -0.00385596952
v -0.0155172972 -0.0225167628 -0.00360134686
v -0.0146227181 -0.0225277208 -0.0038939924
v -0.0155290486 -0.0225248616 -0.00363855087
v -0.0146320239 -0.0225390065 -0.00393125508
v -0.0155405784 -0.0225360394 -0.00367502193
v -0.0146410894 -0.0225533284 -0.00396752218
v -0.0155518083 -0.0225502271 -0.00371052255
v -0.0146498587 -0.0225705951 -0.00400255667
v -0.0155626722 -0.0225673355 -0.00374483154
v -0.0146582723 -0.0225907005 -0.00403613877
v -0.0155731039 -0.0225872565 -0.00377772981
v -0.0146662788 -0.0226135068 -0.0040680496
v -0.0155830299 -0.0226098616 -0.00380900758
v -0.0146738272 -0.0226388685 -0.00409808615
v -0.0155923907 -0.0226350073 -0.00383846648
v -0.0146808727 -0.022666635 -0.00412605517
v -0.0156011349 -0.0226625353 -0.00386592071
v -0.0146873556 -0.0226966143 -0.0041517783
v -0.0156091945 -0.0226922706 -0.00389119284
v -0.0146932453 -0.0227286201 -0.0041750907
v -0.0156165166 -0.0227240231 -0.00391412526
v -0.0146985101 -0.0227624476 -0.00419584103
v -0.0156230684 -0.0227575954 -0.00393457199
v -0.0147031033 -0.022797877 -0.00421389891
v -0.0156288035 -0.0227927659 -0.00395240216
v -0.0147069981 -0.0228346847 -0.00422914699
v -0.0156336743 -0.0228293203 -0.00396750309
v -0.0147101777 -0.0228726361 -0.00424148701
v -0.0156376678 -0.0228670184 -0.00397977745
v -0.0147126215 -0.0229114834 -0.00425084215
v -0.0156407449 -0.0229056273 -0.00398915075
v -0.0147143016 -0.0229509808 -0.00425714953
v -0.0156428907 -0.0229448974 -0.00399556058
v -0.0147152133 -0.0229908731 -0.0042603719
v -0.0156440847 -0.0229845792 -0.00399896502
v -0.0147153558 -0.0230309032 -0.00426048646
v -0.0156443361 -0.023024423 -0.00399934594
v -0.0147147225 -0.0230708178 -0.00425749132
v -0.0156436283 -0.0230641793 -0.00399669865
v -0.014713319 -0.0231103618 -0.00425140886
v -0.0156419761 -0.0231035873 -0.00399104273
v -0.0147111584 -0.0231492762 -0.00424227584
v -0.0156393778 -0.023142403 -0.00398240983
v -0.0156358611 -0.0231803786 -0.00397085678
v -0.0136963204 -0.0225169417 -0.0040157577
v -0.0137037225 -0.0225220509 -0.00405512471
v -0.0137110306 -0.022530375 -0.0040939576
v -0.0137182018 -0.0225418583 -0.00413200166
v -0.0137251802 -0.0225564297 -0.00416900963
v -0.0137319304 -0.0225739945 -0.00420473935
v -0.0137384022 -0.0225944389 -0.00423895894
v -0.0137445591 -0.0226176213 -0.00427144393
v -0.0137503501 -0.0226433966 -0.00430198293
v -0.0137557536 -0.0226715989 -0.00433037709
v -0.0137607167 -0.022702042 -0.00435644155
v -0.0137652177 -0.0227345265 -0.00438000355
v -0.0137692308 -0.0227688402 -0.00440091453
v -0.0137727186 -0.0228047594 -0.00441903202
v -0.0137756607 -0.0228420496 -0.00443424191
v -0.0137780486 -0.0228804685 -0.0044464441
v -0.0137798535 -0.0229197685 -0.00445555989
v -0.0137810716 -0.0229596868 -0.00446152734
v -0.0137816956 -0.0229999665 -0.00446431059
v -0.0137817115 -0.0230403468 -0.00446388731
v -0.0137811331 -0.0230805632 -0.00446026539
v -0.0137799531 -0.0231203511 -0.00445346348
v -0.0137781836 -0.0231594518 -0.00444353046
v -0.0127831036 -0.0225190558 -0.00415854249
v -0.0127880294 -0.0225243326 -0.00419894233
v -0.0127928928 -0.0225329325 -0.0042387736
v -0.0127976621 -0.0225447919 -0.00427777227
v -0.0128023047 -0.0225598309 -0.00431567198
v -0.0128067881 -0.0225779545 -0.0043522208
v -0.0128110833 -0.0225990359 -0.00438716868
v -0.0128151616 -0.0226229317 -0.00442028185
v -0.012818994 -0.0226494856 -0.0044513382
v -0.0128225554 -0.0226785168 -0.00448012631
v -0.0128258234 -0.022709826 -0.00450645434
v -0.0128287729 -0.0227432102 -0.00453014532
v -0.0128313899 -0.0227784384 -0.00455103628
v -0.0128336465 -0.0228152703 -0.00456898985
v -0.0128355371 -0.0228534658 -0.0045838845
v -0.0128370458 -0.0228927638 -0.0045956187
v -0.0128381616 -0.0229328964 -0.00460411236
v -0.0128388777 -0.0229736008 -0.00460931147
v -0.0128391897 -0.0230145957 -0.00461118016
v -0.0128390957 -0.0230556093 -0.00460970262
v -0.0128385928 -0.0230963621 -0.00460489374
v -0.0128376856 -0.0231365822 -0.00459678238
v -0.0128363883 -0.0231759958 -0.00458542444
v -0.0118655339 -0.0225208309 -0.00424622046
v -0.0118691502 -0.0225262195 -0.00428718608
v -0.0118727228 -0.022535 -0.00432756497
v -0.0118762227 -0.0225471109 -0.00436707819
v -0.0118796304 -0.0225624647 -0.00440545706
v -0.0118829235 -0.0225809626 -0.00444243476
v -0.0118860742 -0.0226024706 -0.00447775703
v -0.0118890628 -0.022626847 -0.0045111808
v -0.011891868 -0.0226539206 -0.00454247836
v -0.0118944729 -0.0226835031 -0.00457143178
v -0.011896858 -0.0227153935 -0.00459784409
v -0.0118990066 -0.0227493737 -0.00462153135
v -0.0119009046 -0.0227852054 -0.00464233011
v -0.01190254 -0.0228226464 -0.00466010021
v -0.0119038979 -0.0228614397 -0.00467471639
v -0.0119049707 -0.0229013134 -0.00468607945
v -0.0119057549 -0.0229419954 -0.00469411351
v -0.0119062411 -0.0229832102 -0.00469875848
v -0.0119064264 -0.0230246689 -0.0046999855
v -0.0119063063 -0.0230660848 -0.00469778525
v -0.0119058881 -0.0231071785 -0.0046921731
v -0.0119051738 -0.0231476612 -0.00468318909
v -0.0119041642 -0.0231872611 -0.00467089098
v -0.0140549177 0.0228267051 -0.00475662528
v -0.00812654663 0.022830341 -0.00568052894
v -0.0081278719 0.0227914862 -0.00569474418
v -0.00812972896 0.0227109082 -0.00571333943
v -0.00812893547 0.0227515828 -0.00570570584
v -0.00813047588 0.0226283502 -0.00571844028
v -0.00813024119 0.0226697363 -0.00571759464
v -0.00813009683 0.0225460753 -0.00570990704
v -0.00813042652 0.0225870367 -0.00571587123
v -0.00812948588 0.022505749 -0.0057005845
v -0.00809371099 0.0221395269 -0.00524977036
v -0.00809708238 0.0221437011 -0.00529081561
v -0.00810040347 0.0221512672 -0.0053313775
v -0.00810364727 0.0221621748 -0.00537117664
v -0.00810679141 0.0221763477 -0.00540994015
v -0.00810981728 0.0221936889 -0.00544740586
v -0.00811270159 0.0222140793 -0.00548331253
v -0.00811542384 0.022237381 -0.00551741803
v -0.00811797008 0.0222634301 -0.00554948533
v -0.00812031701 0.0222920533 -0.00557929697
v -0.00812245533 0.0223230515 -0.00560664851
v -0.00812436361 0.0223562121 -0.00563135091
v -0.00812602974 0.0223913081 -0.0056532342
v -0.00812744908 0.0224280991 -0.00567215169
v -0.0081286002 0.0224663336 -0.0056879702
v -0.0107461726 0.0228333995 -0.00545603782
v -0.0107019069 0.0221501011 -0.00502294488
v -0.0107063325 0.0221542045 -0.00506355288
v -0.010710692 0.022161644 -0.00510369055
v -0.0107149556 0.0221723709 -0.00514308643
v -0.0107190916 0.0221863128 -0.0051814788
v -0.0107230786 0.0222033765 -0.00521860411
v -0.0107268849 0.0222234447 -0.00525421556
v -0.0107304836 0.0222463831 -0.00528807146
v -0.010733854 0.0222720373 -0.00531994458
v -0.0107369749 0.0223002341 -0.00534961931
v -0.0107398173 0.0223307852 -0.00537689542
v -0.0107423719 0.022363482 -0.00540158898
v -0.0107446136 0.0223981049 -0.00542353373
v -0.0107465312 0.0224344209 -0.00544258207
v -0.0107481116 0.0224721842 -0.00545860641
v -0.0107493438 0.0225111432 -0.00547149638
v -0.0107502183 0.0225510318 -0.0054811663
v -0.0107507315 0.0225915816 -0.00548755145
v -0.0107508767 0.0226325206 -0.00549060944
v -0.0107506588 0.0226735733 -0.00549031654
v -0.0107500721 0.0227144603 -0.0054866788
v -0.0107491259 0.0227549076 -0.00547971763
v -0.0107478201 0.0227946434 -0.00546948053
v -0.0119059421 0.0228214506 -0.00528841699
v -0.0118283844 0.0221563131 -0.00485249469
v -0.0118357465 0.0221602526 -0.00489185425
v -0.011843008 0.0221673995 -0.0049307798
v -0.0118501224 0.0221777074 -0.00496901711
v -0.0118570402 0.0221911073 -0.00500631938
v -0.011863715 0.0222075153 -0.00504244771
v -0.0118701085 0.0222268254 -0.00507716276
v -0.011876178 0.0222489089 -0.00511024473
v -0.0118818795 0.022273628 -0.0051414771
v -0.0118871843 0.0223008171 -0.0051706587
v -0.0118920514 0.0223303046 -0.0051975986
v -0.011896451 0.0223618969 -0.00522212312
v -0.011900357 0.022395391 -0.00524407392
v -0.0119037414 0.0224305689 -0.00526330993
v -0.0119065866 0.0224672034 -0.00527970446
v -0.0119088674 0.022505058 -0.00529315416
v -0.0119105736 0.0225438848 -0.00530356728
v -0.0119116921 0.0225834344 -0.00531088142
v -0.0119122146 0.0226234514 -0.00531504629
v -0.0119121429 0.0226636752 -0.00531603536
v -0.0119114723 0.0227038469 -0.00531384163
v -0.0119102113 0.0227437038 -0.0053084814
v -0.0119083626 0.0227829907 -0.0052999882
v -0.0125133768 0.0221610293 -0.00470965356
v -0.0125221973 0.0221649222 -0.00474844687
v -0.0125309024 0.0221719816 -0.00478681829
v -0.0125394324 0.022182161 -0.00482452195
v -0.0125477277 0.0221953951 -0.00486131804
v -0.0125557464 0.0222116001 -0.0048969686
v -0.0125634251 0.0222306736 -0.00493124919
v -0.0125707258 0.0222524907 -0.00496393908
v -0.0125775943 0.0222769137 -0.00499483012
v -0.0125839878 0.022303788 -0.00502372487
v -0.0125898682 0.0223329403 -0.00505043613
v -0.0125951963 0.0223641843 -0.0050747958
v -0.0125999376 0.0223973189 -0.00509664835
v -0.0126040652 0.0224321354 -0.00511585129
v -0.0126075465 0.0224684086 -0.00513228495
v -0.0126103647 0.0225059073 -0.00514584221
v -0.0126124956 0.0225443915 -0.0051564388
v -0.0126139326 0.0225836169 -0.00516400393
v -0.0126146665 0.0226233322 -0.00516849151
v -0.012614687 0.0226632822 -0.00516987406
v -0.012613995 0.0227032136 -0.00516813761
v -0.0126125971 0.0227428693 -0.00516329845
v -0.0126105044 0.0227819961 -0.00515538594
v -0.0126077272 0.0228203442 -0.00514444942
v -0.0139276506 0.0221728124 -0.00432848232
v -0.0139393732 0.0221766755 -0.00436623907
v -0.0139509449 0.022183666 -0.00440359162
v -0.0139622856 0.0221937373 -0.00444030436
v -0.0139733311 0.022206828 -0.00447614677
v -0.0139840068 0.0222228542 -0.00451089209
v -0.0139942411 0.0222417153 -0.00454432052
v -0.0140039753 0.0222632922 -0.00457621971
v -0.0140131507 0.0222874489 -0.0046063913
v -0.0140216993 0.0223140307 -0.0046346439
v -0.0140295783 0.0223428737 -0.00466079777
v -0.0140367346 0.0223737936 -0.00468468945
v -0.0140431207 0.0224065948 -0.00470616575
v -0.0140486918 0.0224410724 -0.00472509395
v -0.014053422 0.0224770065 -0.00474135345
v -0.0140572796 0.02251417 -0.00475484179
v -0.0140602374 0.0225523319 -0.00476547284
v -0.0140622696 0.0225912463 -0.00477318
v -0.0140633769 0.022630671 -0.00477791531
v -0.0140635474 0.0226703566 -0.0047796485
v -0.0140627818 0.0227100533 -0.0047783684
v -0.0140610784 0.0227495078 -0.00477408431
v -0.014058453 0.0227884743 -0.00476682093
v -0.00588298962 0.0139232352 0.00749130454
v -0.00584249338 0.0139084551 0.00649223384
v -0.00584082166 0.0149083445 0.00647750823
v -0.00592231518 0.0146381473 0.00848006364
v -0.0160570368 -0.0222955309 -0.00339320418
v -0.0160919148 -0.022262264 -0.00339332968
v -0.016326759 -0.0217411518 -0.00355617958
v -0.0169760622 -0.0218195319 -0.00402859924
v -0.0169747956 -0.021924872 -0.0039921985
v -0.0169390384 -0.0218234621 -0.00403774204
v -0.0169357676 -0.0219259933 -0.00400288589
v -0.0169357825 -0.0218237564 -0.00403840933
v -0.0168947596 -0.0218268633 -0.00404502125
v -0.0168960243 -0.0219260752 -0.00401055301
v -0.0168532766 -0.0218288228 -0.00404838752
v -0.0168558173 -0.0219251141 -0.00401514769
v -0.016811613 -0.0218296237 -0.00404848205
v -0.0168154147 -0.0219231173 -0.0040166378
v -0.0167700741 -0.0218292661 -0.00404530857
v -0.0167750828 -0.021920098 -0.00401501637
v -0.0167289339 -0.0218277425 -0.0040388885
v -0.0167350788 -0.0219160765 -0.00401029037
v -0.016688481 -0.0218250714 -0.00402926235
v -0.0166956764 -0.0219110791 -0.0040024952
v -0.0166489966 -0.0218212716 -0.00401650183
v -0.0166571233 -0.0219051391 -0.00399168022
v -0.0166107528 -0.0218163636 -0.00400069309
v -0.0166196749 -0.021898292 -0.00397791574
v -0.0165740289 -0.0218103863 -0.0039819465
v -0.0165835805 -0.0218905862 -0.00396129163
v -0.0165390652 -0.0218033791 -0.00396039151
v -0.0165490787 -0.0218820721 -0.00394191965
v -0.0165163837 -0.0218728017 -0.00391992321
v -0.0165061038 -0.0217953883 -0.00393617852
v -0.016485719 -0.0218628421 -0.00389544666
v -0.0164753888 -0.0217864774 -0.00390947657
v -0.0164572876 -0.021852253 -0.00386865344
v -0.0164471157 -0.0217767023 -0.00388047053
v -0.0164312683 -0.0218411069 -0.00383971608
v -0.0164214913 -0.0217661262 -0.00384935946
v -0.0164078344 -0.0218294747 -0.00380882667
v -0.0163986869 -0.0217548329 -0.0038163634
v -0.0163871404 -0.0218174327 -0.00377618638
v -0.0163788721 -0.0217428952 -0.00378170819
v -0.0163693279 -0.0218050629 -0.00374200824
v -0.0163621735 -0.0217303988 -0.0037456362
v -0.0163544975 -0.0217924453 -0.00370651926
v -0.0163487103 -0.0217174254 -0.00370839774
v -0.0163427684 -0.021779662 -0.00366994855
v -0.0163385812 -0.0217040684 -0.00367025216
v -0.0163341966 -0.021766793 -0.00363253732
v -0.0163318478 -0.0216904227 -0.00363146164
v -0.0163288489 -0.0217539296 -0.00359453168
v -0.0163285658 -0.0216765776 -0.00359229953
v -0.0163285024 -0.0216760207 -0.00359072792
v -0.0169635173 -0.0220299959 -0.00395904155
v -0.0169243682 -0.0220280029 -0.00397076784
v -0.0168844946 -0.0220249631 -0.00397940027
v -0.016844159 -0.0220208969 -0.00398487831
v -0.0168036222 -0.0220158305 -0.00398716936
v -0.0167631712 -0.0220098011 -0.0039862548
v -0.0167230628 -0.0220028441 -0.00398214255
v -0.0166835766 -0.0219950117 -0.0039748596
v -0.0166449677 -0.0219863541 -0.00396445487
v -0.0166075043 -0.0219769273 -0.00395099679
v -0.0165714268 -0.0219667982 -0.00393457711
v -0.016536979 -0.0219560321 -0.00391530385
v -0.0165044013 -0.0219447017 -0.00389330927
v -0.0164739024 -0.0219328813 -0.00386873633
v -0.0164456852 -0.0219206493 -0.00384175242
v -0.0164199453 -0.0219080951 -0.00381253939
v -0.0163968522 -0.0218952931 -0.00378128956
v -0.016376555 -0.0218823329 -0.00374821294
v -0.0163592026 -0.0218693018 -0.00371353375
v -0.0163449012 -0.0218562875 -0.00367748109
v -0.0163337421 -0.0218433794 -0.0036402957
v -0.0163258165 -0.0218306594 -0.00360222999
v -0.0163211599 -0.0218182113 -0.00356353587
v -0.0163198151 -0.0218061227 -0.0035244748
v -0.0169437341 -0.0221347101 -0.00392868556
v -0.0169305913 -0.0221869089 -0.00391458161
v -0.01690479 -0.0221294817 -0.00394139439
v -0.0168918632 -0.0221800208 -0.00392775843
v -0.0168650988 -0.0221232064 -0.0039509437
v -0.0168523993 -0.0221720822 -0.00393774593
v -0.0168249421 -0.0221159272 -0.00395726692
v -0.0168124475 -0.0221631527 -0.00394447288
v -0.0167845879 -0.0221076887 -0.00396032119
v -0.0167723075 -0.0221532974 -0.00394789129
v -0.0167443063 -0.0220985543 -0.0039600837
v -0.0167322345 -0.0221425723 -0.0039479807
v -0.0167043805 -0.0220885854 -0.00395655818
v -0.0166925117 -0.0221310593 -0.0039447397
v -0.0166650862 -0.0220778435 -0.00394976791
v -0.0166534241 -0.0221188385 -0.00393818878
v -0.0166266821 -0.0220664069 -0.00393976178
v -0.0166152194 -0.02210599 -0.00392837543
v -0.0165894348 -0.0220543537 -0.00392660452
v -0.0165781807 -0.0220926069 -0.00391536532
v -0.0165535938 -0.0220417678 -0.0039103874
v -0.0165425502 -0.0220787749 -0.00389924808
v -0.0165194143 -0.0220287312 -0.00389122032
v -0.0165085755 -0.0220645946 -0.00388013618
v -0.016487116 -0.0220153313 -0.00386923598
v -0.0164764933 -0.0220501628 -0.00385816069
v -0.0164569318 -0.0220016651 -0.00384458178
v -0.0164465178 -0.0220355764 -0.00383347273
v -0.0164290648 -0.0219878256 -0.00381742697
v -0.0164188687 -0.022020936 -0.00380623993
v -0.0164036918 -0.0219739024 -0.0037879583
v -0.016393723 -0.0220063441 -0.00377665437
v -0.0163810067 -0.0219599921 -0.00375637598
v -0.0163712595 -0.0219918992 -0.00374491559
v -0.016361149 -0.0219461899 -0.00372289331
v -0.0163516272 -0.0219777059 -0.00371124269
v -0.0163442623 -0.0219325926 -0.00368774193
v -0.0163349714 -0.0219638571 -0.00367586943
v -0.0163304526 -0.0219192915 -0.00365115958
v -0.016321402 -0.0219504461 -0.00363903749
v -0.0163198225 -0.0219063759 -0.00361339748
v -0.0163110085 -0.0219375715 -0.00360100088
v -0.0163124446 -0.0218939334 -0.0035747122
v -0.0163038652 -0.0219253134 -0.00356202037
v -0.0163083673 -0.0218820535 -0.00353536755
v -0.0163000245 -0.0219137687 -0.00352236535
v -0.0163076166 -0.0218708105 -0.0034956336
v -0.0162995122 -0.0219030045 -0.00348230964
v -0.0169151947 -0.0222390015 -0.00390120992
v -0.0168767888 -0.0222304165 -0.00391484238
v -0.0168376267 -0.0222207922 -0.00392525317
v -0.0167979859 -0.0222101901 -0.00393236987
v -0.016758142 -0.0221986789 -0.00393614359
v -0.0167183615 -0.0221863464 -0.00393655011
v -0.0166789312 -0.0221732724 -0.00393358292
v -0.0166401155 -0.0221595485 -0.00392726623
v -0.0166021921 -0.022145275 -0.00391764194
v -0.0165654216 -0.0221305415 -0.00390477688
v -0.0165300611 -0.0221154597 -0.00388876186
v -0.0164963529 -0.0221001301 -0.0038697056
v -0.0164645296 -0.022084659 -0.00384774106
v -0.0164348092 -0.0220691524 -0.00382302096
v -0.016407406 -0.0220537223 -0.00379571854
v -0.0163825117 -0.0220384672 -0.00376602053
v -0.0163602848 -0.0220235046 -0.00373413297
v -0.016340889 -0.0220089294 -0.00370027963
v -0.0163244661 -0.0219948459 -0.0036646938
v -0.0163111165 -0.0219813529 -0.00362762203
v -0.0163009409 -0.0219685435 -0.00358932116
v -0.0162940044 -0.0219565015 -0.0035500587
v -0.0162903629 -0.0219453201 -0.00351010612
v -0.0162900351 -0.0219350699 -0.00346974097
v -0.0168893542 -0.0223127622 -0.00388353551
v -0.016851563 -0.0223017298 -0.00389777916
v -0.0168130081 -0.0222896542 -0.00390876317
v -0.0167739615 -0.022276625 -0.00391641026
v -0.0167346932 -0.0222627297 -0.00392066734
v -0.0166954901 -0.0222480688 -0.0039215046
v -0.0166566093 -0.0222327374 -0.00391891366
v -0.0166183431 -0.0222168528 -0.00391291594
v -0.0165809449 -0.0222005229 -0.00390355429
v -0.0165446866 -0.0221838579 -0.00389089109
v -0.0165098105 -0.0221669804 -0.00387501554
v -0.0164765734 -0.0221500099 -0.00385603984
v -0.0164452028 -0.0221330561 -0.00383409718
v -0.016415922 -0.0221162457 -0.00380934332
v -0.0163889322 -0.0220996961 -0.00378194731
v -0.0163644217 -0.022083519 -0.00375210517
v -0.0163425691 -0.0220678337 -0.00372002367
v -0.016323518 -0.0220527481 -0.00368592888
v -0.0163074117 -0.0220383648 -0.00365005992
v -0.0162943583 -0.0220247842 -0.00361266988
v -0.0162844434 -0.0220121089 -0.00357401767
v -0.0162777528 -0.0220004227 -0.00353437592
v -0.0162743144 -0.0219898038 -0.00349402241
v -0.0162741691 -0.0219803322 -0.0034532391
v -0.0168592595 -0.0223847684 -0.00386779127
v -0.0168222785 -0.0223712642 -0.0038825986
v -0.0167845264 -0.0223567281 -0.00389411021
v -0.0167462714 -0.022341257 -0.00390224648
v -0.0167077798 -0.0223249663 -0.00390695129
v -0.0166693237 -0.022307964 -0.00390818715
v -0.0166311879 -0.0222903751 -0.00390595058
v -0.0165936239 -0.0222723261 -0.00390025205
v -0.0165569056 -0.0222539399 -0.00389113463
v -0.0165213011 -0.0222353525 -0.0038786626
v -0.0164870527 -0.022216687 -0.00386292441
v -0.0164544005 -0.022198081 -0.0038440323
v -0.0164235774 -0.0221796688 -0.00382211641
v -0.0163948108 -0.0221615732 -0.00379733555
v -0.0163682941 -0.0221439302 -0.00376986479
v -0.0163442194 -0.0221268553 -0.00373989693
v -0.0163227599 -0.022110479 -0.00370764406
v -0.0163040608 -0.022094911 -0.00367333577
v -0.0162882544 -0.0220802668 -0.00363721256
v -0.0162754506 -0.0220666416 -0.00359953311
v -0.0162657499 -0.0220541395 -0.00356056239
v -0.0162592176 -0.0220428463 -0.00352057442
v -0.0162558984 -0.0220328439 -0.003479857
v -0.0162558146 -0.0220241975 -0.00343869277
v -0.0168248862 -0.0224550571 -0.00385397417
v -0.0167889036 -0.0224391129 -0.00386928115
v -0.0167521443 -0.0224221461 -0.00388126448
v -0.0167148672 -0.0224042684 -0.0038898394
v -0.0166773275 -0.022385614 -0.00389494374
v -0.0166398082 -0.0223663114 -0.00389654073
v -0.0166025665 -0.022346504 -0.00389461941
v -0.0165658761 -0.0223263241 -0.00388919492
v -0.0165299904 -0.0223059263 -0.00388030312
v -0.0164951738 -0.0222854465 -0.00386801036
v -0.0164616629 -0.0222650375 -0.0038524007
v -0.0164297074 -0.0222448409 -0.00383359008
v -0.0163995307 -0.0222250018 -0.00381170842
v -0.0163713526 -0.0222056601 -0.00378691382
v -0.016345365 -0.0221869573 -0.00375938346
v -0.0163217653 -0.0221690238 -0.00372931315
v -0.0163007118 -0.0221519917 -0.00369691872
v -0.0162823554 -0.0221359786 -0.00366242765
v -0.016266834 -0.0221210998 -0.00362608838
v -0.01625425 -0.0221074577 -0.0035881605
v -0.0162446946 -0.0220951568 -0.00354891154
v -0.016238248 -0.022084279 -0.00350862625
v -0.0162349362 -0.0220749062 -0.00346758822
v -0.0162347984 -0.0220671017 -0.00342609081
v -0.0167862121 -0.0225236379 -0.00384207768
v -0.0167514253 -0.022505302 -0.0038578189
v -0.0167158395 -0.022485951 -0.00387021317
v -0.0166797228 -0.0224657189 -0.00387917017
v -0.0166433211 -0.0224447548 -0.00388462516
v -0.0166069064 -0.0224232003 -0.00388654065
v -0.016570732 -0.0224012174 -0.0038848999
v -0.0165350661 -0.0223789662 -0.00387971895
v -0.016500162 -0.0223565996 -0.00387103041
v -0.0164662618 -0.0223342795 -0.00385890086
v -0.0164336171 -0.022312168 -0.00384341483
v -0.0164024681 -0.0222904254 -0.00382468407
v -0.0163730197 -0.0222692024 -0.0038028413
v -0.0163455028 -0.0222486574 -0.00377804646
v -0.0163200982 -0.0222289357 -0.00375047652
v -0.016297007 -0.022210177 -0.00372032914
v -0.0162763763 -0.0221925154 -0.00368781923
v -0.0162583683 -0.0221760832 -0.00365318079
v -0.0162431002 -0.022160992 -0.0036166627
v -0.0162306875 -0.0221473519 -0.00357852946
v -0.0162212234 -0.0221352614 -0.00353905163
v -0.0162147731 -0.0221248101 -0.00349851209
v -0.0162113756 -0.0221160706 -0.00345720397
v -0.0162110645 -0.0221091043 -0.00341542414
v -0.016743185 -0.022590477 -0.0038321258
v -0.0167097673 -0.0225698017 -0.00384823512
v -0.0166755524 -0.0225481205 -0.00386097655
v -0.0166407842 -0.0225255843 -0.00387025904
v -0.0166057032 -0.0225023571 -0.00387601554
v -0.0165705718 -0.0224786028 -0.00387820392
v -0.0165356379 -0.0224545021 -0.0038768088
v -0.0165011622 -0.0224302206 -0.00387184042
v -0.0164673813 -0.0224059392 -0.00386333372
v -0.0164345466 -0.0223818235 -0.00385135063
v -0.0164028872 -0.0223580599 -0.00383597915
v -0.0163726434 -0.0223348103 -0.00381732779
v -0.0163440276 -0.0223122463 -0.00379553135
v -0.016317239 -0.0222905334 -0.00377074792
v -0.0162924845 -0.0222698227 -0.00374315726
v -0.0162699297 -0.0222502649 -0.00371295586
v -0.0162497498 -0.0222320035 -0.00368036306
v -0.0162320808 -0.0222151652 -0.00364561565
v -0.0162170492 -0.0221998785 -0.00360895926
v -0.0162047707 -0.0221862495 -0.00357066351
v -0.0161953308 -0.022174377 -0.00353100058
v -0.0161887985 -0.0221643467 -0.00349025941
v -0.0161852166 -0.0221562311 -0.00344873336
v -0.0161846168 -0.0221500881 -0.0034067207
v -0.0166960824 -0.0226549637 -0.0038242361
v -0.0166642386 -0.0226320215 -0.00384064019
v -0.0166315846 -0.0226080809 -0.0038536631
v -0.0165983383 -0.0225833151 -0.00386321009
v -0.0165647585 -0.0225578975 -0.0038692127
v -0.0165310856 -0.0225320216 -0.00387162552
v -0.016497558 -0.0225058682 -0.00387043529
v -0.0164644215 -0.0224796273 -0.00386564736
v -0.0164319146 -0.0224534944 -0.00385729806
v -0.0164002739 -0.0224276502 -0.00384544651
v -0.0163697265 -0.0224022865 -0.00383017934
v -0.0163404997 -0.0223775841 -0.00381160551
v -0.0163127892 -0.0223537274 -0.00378986099
v -0.0162868202 -0.0223308839 -0.00376510341
v -0.0162627567 -0.0223092213 -0.00373751204
v -0.0162407849 -0.0222888961 -0.00370728411
v -0.0162210688 -0.0222700536 -0.00367464218
v -0.0162037387 -0.0222528353 -0.0036398191
v -0.0161889251 -0.0222373586 -0.00360307004
v -0.0161767341 -0.0222237408 -0.00356465625
v -0.0161672626 -0.0222120751 -0.00352486223
v -0.0161605664 -0.0222024526 -0.00348397042
v -0.0161566995 -0.0221949387 -0.00344228046
v -0.01615569 -0.0221895911 -0.00340009225
v -0.0166455563 -0.0227162521 -0.0038185108
v -0.0166154448 -0.0226911455 -0.00383513281
v -0.0165845025 -0.0226650517 -0.00384836318
v -0.0165529605 -0.0226381551 -0.00385810947
v -0.0165210497 -0.0226106551 -0.0038643002
v -0.0164889842 -0.0225827508 -0.00386688835
v -0.0164570138 -0.0225546453 -0.00386585924
v -0.0164253619 -0.0225265417 -0.0038612166
v -0.016394265 -0.0224986412 -0.00385299535
v -0.0163639374 -0.0224711504 -0.00384125486
v -0.0163346082 -0.0224442668 -0.00382608199
v -0.0163064878 -0.0224181842 -0.00380758476
v -0.0162797794 -0.0223930925 -0.00378589728
v -0.0162546802 -0.0223691761 -0.00376117765
v -0.0162313618 -0.0223466083 -0.00373360561
v -0.0162100084 -0.0223255474 -0.00370338
v -0.0161907598 -0.0223061498 -0.00367072271
v -0.0161737669 -0.0222885553 -0.00363586657
v -0.0161591507 -0.0222728942 -0.00359906652
v -0.0161470138 -0.0222592764 -0.00356058986
v -0.0161374472 -0.0222478043 -0.00352071458
v -0.0161305163 -0.0222385619 -0.00347972941
v -0.0161262769 -0.0222316086 -0.00343793374
v -0.016124757 -0.0222270004 -0.00339563005
v -0.0160940569 -0.0222661886 -0.00343568926
v -0.0160987582 -0.0222726315 -0.00347752962
v -0.0161059927 -0.0222815387 -0.00351854903
v -0.0161157064 -0.0222928487 -0.00355844945
v -0.0161278285 -0.0223064758 -0.00359694031
v -0.0161422659 -0.0223223288 -0.00363374315
v -0.0161589235 -0.0223402865 -0.00366858975
v -0.0161776729 -0.0223602187 -0.00370123028
v -0.0161983799 -0.0223819837 -0.00373142469
v -0.0162208974 -0.0224054251 -0.00375895505
v -0.0162450522 -0.022430364 -0.00378362322
v -0.0162706822 -0.0224566292 -0.00380524597
v -0.0162975919 -0.0224840231 -0.00382367079
v -0.016325593 -0.022512354 -0.00383876101
v -0.0163544789 -0.0225414112 -0.0038504086
v -0.0163840372 -0.0225709826 -0.00385852996
v -0.0164140556 -0.0226008557 -0.00386306318
v -0.016444318 -0.0226308182 -0.00386397704
v -0.0164746065 -0.0226606447 -0.00386126596
v -0.0165046994 -0.0226901211 -0.00385494833
v -0.0165343694 -0.0227190387 -0.00384507002
v -0.0165634099 -0.0227471795 -0.00383170252
v -0.0165916122 -0.022774348 -0.0038149429
v -0.0160598867 -0.0222988594 -0.00343555282
v -0.0160651244 -0.0223048571 -0.00347737502
v -0.0160727259 -0.0223134812 -0.00351836858
v -0.0160826258 -0.0223246664 -0.00355823734
v -0.0160947498 -0.0223383363 -0.00359668862
v -0.0161090251 -0.0223543867 -0.00363344653
v -0.0161253437 -0.0223727077 -0.003668244
v -0.0161435734 -0.0223931596 -0.00370082795
v -0.0161635969 -0.0224156007 -0.00373096229
v -0.0161852594 -0.0224398654 -0.00375842908
v -0.0162084121 -0.0224657729 -0.00378303113
v -0.0162328836 -0.0224931426 -0.00380458683
v -0.0162584987 -0.0225217752 -0.0038229411
v -0.0162850656 -0.0225514565 -0.00383796054
v -0.0163123962 -0.0225819778 -0.00384953641
v -0.0163402911 -0.0226131193 -0.0038575856
v -0.0163685456 -0.0226446502 -0.00386204734
v -0.016396964 -0.0226763394 -0.00386289251
v -0.0164253339 -0.0227079634 -0.00386011414
v -0.0164534468 -0.0227392931 -0.00385373179
v -0.0164810997 -0.0227700993 -0.00384379039
v -0.0165080968 -0.0228001568 -0.00383036397
v -0.0165342372 -0.0228292495 -0.00381354801
v -0.0160198528 -0.0223270338 -0.00339524867
v -0.0160234738 -0.022329865 -0.00343752396
v -0.0160293039 -0.0223355033 -0.00347926561
v -0.0160373095 -0.0223439075 -0.00352017255
v -0.0160474312 -0.0223550238 -0.00355995051
v -0.0160595886 -0.0223687701 -0.00359830866
v -0.0160736963 -0.0223850384 -0.00363497483
v -0.016089661 -0.0224037226 -0.003669678
v -0.016107358 -0.0224246774 -0.00370217115
v -0.0161266625 -0.0224477593 -0.00373221864
v -0.0161474347 -0.0224727951 -0.00375960069
v -0.0161695257 -0.0224996097 -0.00378412171
v -0.0161927696 -0.0225280039 -0.00380560523
v -0.0162170101 -0.0225577746 -0.00382389245
v -0.0162420589 -0.0225887075 -0.00383885228
v -0.0162677467 -0.0226205736 -0.00385037903
v -0.0162938759 -0.0226531513 -0.0038583877
v -0.0163202621 -0.0226862002 -0.00386281824
v -0.016346721 -0.0227194801 -0.00386364246
v -0.0163730513 -0.0227527507 -0.00386085035
v -0.0163990706 -0.0227857735 -0.00385446614
v -0.0164245851 -0.0228183065 -0.00384453381
v -0.0164494123 -0.0228501167 -0.00383112393
v -0.0164733753 -0.0228809752 -0.00381433731
v -0.0159805734 -0.0223565474 -0.00339947478
v -0.0159850121 -0.0223589856 -0.00344161014
v -0.015991481 -0.0223643612 -0.00348320999
v -0.0159999188 -0.0223726258 -0.00352397235
v -0.016010277 -0.0223837271 -0.00356360362
v -0.0160224698 -0.0223975815 -0.00360181998
v -0.0160364192 -0.0224140957 -0.00363834365
v -0.016052017 -0.0224331394 -0.00367291481
v -0.0160691533 -0.0224545859 -0.00370528107
v -0.0160877015 -0.0224782731 -0.00373521051
v -0.0161075331 -0.0225040317 -0.00376248779
v -0.0161285084 -0.0225316845 -0.00378691778
v -0.0161504671 -0.0225610211 -0.00380832213
v -0.0161732584 -0.0225918386 -0.00382654811
v -0.0161967129 -0.0226239078 -0.00384146208
v -0.0162206665 -0.0226570014 -0.00385295996
v -0.0162449405 -0.0226908829 -0.00386095606
v -0.0162693672 -0.0227253065 -0.00386539497
v -0.0162937604 -0.0227600206 -0.00386624318
v -0.016317958 -0.0227947775 -0.00386349554
v -0.0163417775 -0.0228293315 -0.00385717093
v -0.0163650457 -0.0228634272 -0.00384731637
v -0.0163875967 -0.0228968225 -0.00383400149
v -0.0164092686 -0.0229292735 -0.0038173222
v -0.0159399528 -0.0223835222 -0.00340579473
v -0.0159452483 -0.0223856922 -0.00344773196
v -0.0159523673 -0.0223908946 -0.00348913134
v -0.0159612522 -0.0223990995 -0.00352969114
v -0.0159718506 -0.0224102475 -0.00356912427
v -0.0159840807 -0.0224242546 -0.00360714784
v -0.0159978513 -0.0224410221 -0.00364348898
v -0.0160130765 -0.0224604346 -0.00367788668
v -0.0160296299 -0.0224823449 -0.00371009577
v -0.0160474032 -0.0225066021 -0.00373988459
v -0.0160662625 -0.0225330275 -0.003767038
v -0.016086081 -0.0225614365 -0.00379136344
v -0.0161067098 -0.0225916225 -0.00381268631
v -0.0161280036 -0.0226233751 -0.00383085455
v -0.0161498133 -0.0226564556 -0.00384573732
v -0.0161719788 -0.022690637 -0.00385722681
v -0.016194338 -0.0227256678 -0.00386524014
v -0.0162167344 -0.0227613021 -0.00386972423
v -0.0162390172 -0.0227972809 -0.00387064135
v -0.0162610039 -0.0228333473 -0.00386798987
v -0.0162825603 -0.0228692442 -0.00386178493
v -0.0163035132 -0.0229047127 -0.00385207357
v -0.0163237248 -0.0229394995 -0.00383892469
v -0.0163430497 -0.0229733568 -0.00382243143
v -0.0158981886 -0.0224079248 -0.00341415522
v -0.0159043521 -0.0224099364 -0.00345583912
v -0.0159121305 -0.0224150717 -0.00349697913
v -0.0159214735 -0.0224232934 -0.00353728677
v -0.0159323122 -0.0224345457 -0.003576471
v -0.0159445666 -0.0224487446 -0.00361425593
v -0.0159581453 -0.0224657953 -0.00365037262
v -0.0159729701 -0.0224855691 -0.0036845603
v -0.0159889124 -0.0225079283 -0.00371657964
v -0.0160058737 -0.0225327145 -0.00374620082
v -0.0160237309 -0.0225597546 -0.00377321336
v -0.0160423554 -0.0225888453 -0.00379742612
v -0.0160616152 -0.0226197932 -0.0038186654
v -0.0160813704 -0.0226523653 -0.00383677962
v -0.0161014814 -0.0226863381 -0.00385164004
v -0.0161218047 -0.0227214694 -0.00386314141
v -0.0161422007 -0.0227575041 -0.00387120224
v -0.0161625165 -0.0227941908 -0.00387576525
v -0.0161826108 -0.0228312649 -0.00387679762
v -0.0162023492 -0.0228684675 -0.00387429167
v -0.0162215736 -0.0229055248 -0.00386826391
v -0.0162401628 -0.0229421817 -0.00385875977
v -0.016257979 -0.0229781717 -0.00384584675
v -0.0162748937 -0.0230132435 -0.00382961426
v -0.0158553924 -0.0224297475 -0.00342454622
v -0.0158624258 -0.02243172 -0.00346591719
v -0.0158708636 -0.0224368852 -0.00350674801
v -0.0158806518 -0.0224452075 -0.00354674784
v -0.0158917122 -0.0224566255 -0.00358563475
v -0.0159039721 -0.0224710628 -0.00362313469
v -0.0159173459 -0.0224884115 -0.00365898316
v -0.0159317404 -0.0225085523 -0.00369292637
v -0.0159470439 -0.0225313455 -0.00372472662
v -0.0159631614 -0.0225566234 -0.00375415571
v -0.0159799699 -0.0225842148 -0.00378100923
v -0.0159973614 -0.0226139221 -0.00380509766
v -0.0160151944 -0.0226455368 -0.00382624683
v -0.0160333626 -0.0226788297 -0.00384431216
v -0.0160517227 -0.0227135736 -0.00385916466
v -0.0160701592 -0.0227495208 -0.00387069886
v -0.0160885323 -0.0227864161 -0.00387883256
v -0.0161067117 -0.0228239987 -0.00388351036
v -0.0161245782 -0.022862006 -0.00388469757
v -0.0161419977 -0.022900166 -0.00388238742
v -0.0161588434 -0.0229382105 -0.00387659366
v -0.0161750056 -0.0229758751 -0.0038673603
v -0.0161903668 -0.0230128877 -0.00385474996
v -0.0162048228 -0.0230489913 -0.00383885391
v -0.0158115476 -0.022449024 -0.00343698123
v -0.0158194378 -0.0224510785 -0.0034779869
v -0.0158285182 -0.0224563722 -0.00351845007
v -0.0158387236 -0.0224648714 -0.00355809322
v -0.0158499926 -0.0224765185 -0.00359663297
v -0.0158622283 -0.0224912297 -0.00363380532
v -0.0158753619 -0.0225089025 -0.00366934668
v -0.0158892907 -0.0225294121 -0.0037030098
v -0.0159039181 -0.022552615 -0.00373455882
v -0.0159191508 -0.0225783549 -0.00376377534
v -0.0159348696 -0.0226064455 -0.00379045238
v -0.0159509778 -0.0226366911 -0.00381440436
v -0.0159673523 -0.0226688813 -0.00383546366
v -0.0159838833 -0.0227027927 -0.00385348336
v -0.0160004552 -0.0227381829 -0.00386833772
v -0.0160169508 -0.0227748118 -0.00387992291
v -0.0160332564 -0.0228124168 -0.00388815603
v -0.0160492603 -0.0228507388 -0.00389298284
v -0.0160648376 -0.0228895098 -0.00389436609
v -0.0160798989 -0.0229284596 -0.00389229925
v -0.0160943251 -0.0229673088 -0.00388679607
v -0.0161080156 -0.0230057947 -0.00387789239
v -0.0161208864 -0.0230436437 -0.00386565365
v -0.0161328353 -0.023080593 -0.00385016366
v -0.015766209 -0.0224659331 -0.00345145445
v -0.015774915 -0.0224681776 -0.00349204848
v -0.0157845933 -0.0224736985 -0.00353210396
v -0.0157951806 -0.0224824548 -0.00357134477
v -0.015806606 -0.0224943887 -0.00360950059
v -0.015818784 -0.0225094091 -0.00364630646
v -0.0158316251 -0.0225274209 -0.00368150813
v -0.0158450585 -0.0225482956 -0.00371486461
v -0.0158589762 -0.0225718878 -0.00374614005
v -0.0158732943 -0.0225980394 -0.00377512327
v -0.0158878937 -0.0226265639 -0.00380160892
v -0.0159026962 -0.0226572696 -0.00382541912
v -0.0159175843 -0.0226899404 -0.00384638668
v -0.0159324687 -0.0227243491 -0.00386436586
v -0.0159472283 -0.0227602609 -0.00387923233
v -0.0159617774 -0.0227974281 -0.00389088527
v -0.0159760043 -0.0228355881 -0.0038992425
v -0.0159898177 -0.0228744838 -0.00390424766
v -0.0160031188 -0.0229138434 -0.00390586373
v -0.0160158128 -0.0229533967 -0.00390408165
v -0.0160278175 -0.0229928624 -0.00389891327
v -0.0160390548 -0.0230319761 -0.0038903947
v -0.0160494316 -0.0230704658 -0.00387858436
v -0.0160588883 -0.023108067 -0.0038635633
v -0.0157340355 -0.0224761926 -0.00346268388
v -0.0157432761 -0.0224786401 -0.0035029666
v -0.0157533418 -0.0224843733 -0.00354271382
v -0.0157641657 -0.0224933475 -0.00358165335
v -0.0157756694 -0.0225055069 -0.00361951836
v -0.0157877747 -0.0225207638 -0.00365605112
v -0.0158004034 -0.0225390177 -0.0036909983
v -0.0158134606 -0.022560142 -0.00372412312
v -0.0158268623 -0.0225839894 -0.00375519693
v -0.0158405174 -0.0226104036 -0.00378400576
v -0.0158543345 -0.0226391964 -0.00381035311
v -0.0158682074 -0.0226701703 -0.00383406016
v -0.0158820543 -0.0227031149 -0.0038549609
v -0.0158957709 -0.0227378067 -0.00387291471
v -0.0159092695 -0.0227740053 -0.00388779677
v -0.0159224514 -0.0228114612 -0.00389950746
v -0.0159352366 -0.0228499211 -0.00390796363
v -0.0159475226 -0.0228891224 -0.00391310966
v -0.0159592368 -0.0229287893 -0.00391490664
v -0.0159702953 -0.0229686536 -0.00391334621
v -0.0159806274 -0.0230084434 -0.00390843907
v -0.0159901511 -0.0230478849 -0.0039002155
v -0.0159988012 -0.023086708 -0.00388873462
v -0.0160065368 -0.0231246464 -0.00387407513
v -0.0159540288 -0.0231389999 -0.00388543773
v -0.0159479938 -0.023100812 -0.00389971491
v -0.0159410369 -0.0230617486 -0.00391084468
v -0.0159331858 -0.0230220687 -0.00391874975
v -0.0159245152 -0.0229820441 -0.00392338121
v -0.0159150753 -0.0229419488 -0.00392470462
v -0.0159049276 -0.0229020566 -0.00392270973
v -0.0158941448 -0.0228626356 -0.00391741376
v -0.0158827957 -0.0228239521 -0.00390884932
v -0.0158709586 -0.0227862727 -0.00389707508
v -0.015858721 -0.0227498487 -0.00388217322
v -0.0158461537 -0.0227149352 -0.00386424316
v -0.0158333536 -0.0226817597 -0.00384340668
v -0.0158204082 -0.0226505548 -0.0038198058
v -0.0158073902 -0.0226215329 -0.00379360071
v -0.0157944001 -0.022594884 -0.00376497139
v -0.015781533 -0.0225707982 -0.00373410922
v -0.0157688614 -0.0225494299 -0.00370122353
v -0.0157564748 -0.0225309338 -0.00366654154
v -0.0157444607 -0.0225154273 -0.00363029586
v -0.0157328993 -0.0225030202 -0.00359273446
v -0.0157218762 -0.0224937927 -0.00355411111
v -0.0157114565 -0.0224878155 -0.00351468869
v -0.0157017168 -0.0224851202 -0.00347473426
v -0.0158485528 -0.023161212 -0.00391065469
v -0.0157424975 -0.0231749788 -0.00393913081
v -0.0158458259 -0.0231227856 -0.00392409787
v -0.0157429539 -0.0231366288 -0.00395166548
v -0.0158421732 -0.0230834894 -0.00393446628
v -0.0157424808 -0.0230974257 -0.00396119803
v -0.0158376098 -0.0230435934 -0.00394168776
v -0.0157410875 -0.0230576247 -0.0039676684
v -0.0158321671 -0.0230033547 -0.00394571293
v -0.015738776 -0.023017481 -0.00397103233
v -0.0158258881 -0.0229630452 -0.00394651899
v -0.015735561 -0.0229772646 -0.00397126749
v -0.0158188138 -0.0229229368 -0.00394409802
v -0.0157314669 -0.0229372252 -0.00396837341
v -0.0158109851 -0.0228832886 -0.00393846678
v -0.0157265235 -0.0228976347 -0.00396236964
v -0.0158024561 -0.0228443705 -0.00392966205
v -0.0157207493 -0.0228587482 -0.00395329576
v -0.0157932863 -0.0228064395 -0.00391774252
v -0.0157141965 -0.0228208136 -0.00394120812
v -0.0157835335 -0.0227697492 -0.00390278827
v -0.0157069005 -0.0227840822 -0.00392618636
v -0.0157732666 -0.0227345452 -0.00388489803
v -0.015698906 -0.0227487963 -0.00390833011
v -0.0157625508 -0.0227010585 -0.00386419357
v -0.0156902783 -0.0227151774 -0.0038877551
v -0.0157514587 -0.0226695146 -0.00384080899
v -0.0156810582 -0.022683451 -0.0038645945
v -0.015740063 -0.0226401221 -0.00381490262
v -0.0156713109 -0.0226538219 -0.00383899687
v -0.0157284439 -0.0226130784 -0.0037866442
v -0.0156611074 -0.0226264801 -0.00381113403
v -0.0157166757 -0.0225885641 -0.00375622627
v -0.0156505071 -0.0226016082 -0.00378118455
v -0.0157048348 -0.0225667357 -0.00372384721
v -0.0156395826 -0.0225793663 -0.00374934264
v -0.0156929996 -0.0225477479 -0.00368972588
v -0.0156283937 -0.0225599017 -0.00371581595
v -0.0156812575 -0.0225317255 -0.00365408626
v -0.0156170279 -0.0225433353 -0.00368082593
v -0.0156696774 -0.022518767 -0.0036171698
v -0.0156055531 -0.0225297809 -0.00364459562
v -0.0156583358 -0.0225089695 -0.00357921887
v -0.0155940391 -0.022519324 -0.0036073653
v -0.0156473126 -0.0225023925 -0.00354048749
v -0.0155825755 -0.0225120317 -0.00356937409
v -0.0156366862 -0.0224990789 -0.00350123155
v -0.0155712171 -0.0225079525 -0.00353086996
v 0.00410879124 0.013912498 0.00789646804
v 0.00406946568 0.0146274101 0.00888522808
v 0.0041509592 0.0148976073 0.00688267266
v 0.00414928747 0.013897717 0.00689739781
v -0.014111096 0.0221667252 -0.00426034676
v -0.0161587503 0.0205565449 -0.00394098042
v -0.0161614772 0.0205477793 -0.00394240068
v -0.0161613692 0.0205478221 -0.00393951451
v -0.0161703508 0.020546671 -0.00401873235
v -0.0161642749 0.020547241 -0.00397930713
v -0.0161602236 0.020562578 -0.00398302963
v -0.0161767695 0.0205462612 -0.00404727645
v -0.0161723308 0.0205465313 -0.00402837666
v -0.0161651261 0.0205696281 -0.00402465649
v -0.0161734447 0.0205776468 -0.00406556204
v -0.0161818452 0.0205507781 -0.0040698396
v -0.0161833242 0.0205459278 -0.00407062937
v -0.016182771 0.0205459539 -0.00406881003
v -0.0161795784 0.0205461103 -0.00405780645
v -0.0162138399 0.0205448419 -0.00414782949
v -0.0161967538 0.0205453839 -0.00410906691
v -0.0161935445 0.0205597207 -0.00410968019
v -0.0162085183 0.0205694605 -0.00414821645
v -0.0162159968 0.0205447804 -0.00415218528
v -0.0162577778 0.0205438249 -0.00422189757
v -0.0162339602 0.0205443259 -0.00418511778
v -0.0162266493 0.0205799267 -0.00418517459
v -0.01628411 0.0205433629 -0.00425621495
v -0.0162619986 0.0205437448 -0.00422778586
v -0.0162478145 0.0205910448 -0.00422028545
v -0.0163074136 0.0205430146 -0.00428248383
v -0.0162895527 0.0205432773 -0.00426265597
v -0.0162718538 0.0206027329 -0.00425329292
v -0.0163084865 0.0203472767 -0.00426122453
v -0.0163080618 0.0204329863 -0.00426942576
v -0.0163173173 0.020435987 -0.00428105379
v -0.0163078588 0.0204693936 -0.00427348725
v -0.0163444784 0.0204468705 -0.00431156997
v -0.0162985977 0.020614909 -0.0042839637
v -0.016308846 0.0202486478 -0.00425495859
v -0.0163260438 0.0202559177 -0.00428157905
v -0.0163089335 0.020212559 -0.00425375905
v -0.0163248572 0.0200739596 -0.00428620912
v -0.016308995 0.0201748013 -0.00425325707
v -0.0163089633 0.0200667549 -0.00425689248
v -0.0163080357 0.01988676 -0.00428452902
v -0.016308615 0.0199691765 -0.00426808419
v -0.0163134094 0.0198893584 -0.00429574959
v -0.0163088236 0.0200157706 -0.00426169392
v -0.0163089521 0.0200610608 -0.00425732043
v -0.0142807551 0.0228190068 -0.00468888134
v -0.0142813455 0.0227803662 -0.00469999528
v -0.0142810065 0.0227409825 -0.00470810151
v -0.0142797418 0.0227011088 -0.00471314881
v -0.0142775653 0.0226610042 -0.00471510319
v -0.014274478 0.0226209275 -0.00471395301
v -0.0142705105 0.0225811396 -0.00470970385
v -0.0142656891 0.0225418955 -0.00470238551
v -0.014260035 0.0225034505 -0.00469204411
v -0.0142535903 0.0224660523 -0.00467874762
v -0.0142464032 0.0224299431 -0.00466257986
v -0.0142385131 0.0223953556 -0.004643647
v -0.0142299682 0.0223625153 -0.00462207198
v -0.0142208366 0.0223316345 -0.00459799403
v -0.014122501 0.022169685 -0.00429879129
v -0.0141340159 0.0221758522 -0.00433682324
v -0.0141455475 0.0221851841 -0.00437419768
v -0.0143305631 0.0221620761 -0.00431173947
v -0.0143189672 0.0221534688 -0.00427372241
v -0.0143076722 0.0221480858 -0.00423503015
v -0.0142967477 0.0221459605 -0.00419591879
v -0.0145133538 0.0221245028 -0.00425432762
v -0.01469386 0.0220722444 -0.00420197751
v -0.0145018268 0.0221165717 -0.00421570428
v -0.0146825276 0.0220649205 -0.00416278327
v -0.0144908838 0.0221118927 -0.00417638803
v -0.0146720624 0.0220608469 -0.00412288029
v -0.0144805964 0.0221104976 -0.00413664384
v -0.0146625433 0.0220600478 -0.00408254424
v -0.0148669528 0.0220068935 -0.00415606657
v -0.0148559017 0.02200008 -0.00411635451
v -0.0148460176 0.0219964795 -0.00407592254
v -0.0148373619 0.0219961144 -0.00403505005
v -0.0150254937 0.0219326243 -0.00411804533
v -0.0150147807 0.0219261963 -0.00407789415
v -0.0150055028 0.0219229143 -0.00403700862
v -0.0149977384 0.0219228007 -0.00399568165
v -0.0151787987 0.0218462795 -0.0040853289
v -0.0153260864 0.0217479244 -0.00405806722
v -0.0151684666 0.0218401346 -0.00404479075
v -0.0153161632 0.0217419509 -0.00401719613
v -0.0151598454 0.0218370389 -0.00400351174
v -0.0153082274 0.0217388999 -0.00397557626
v -0.0151530001 0.0218370166 -0.00396178523
v -0.0153023275 0.0217387937 -0.00393350841
v -0.0153581081 0.0217243079 -0.00405275356
v -0.0153482761 0.0217183568 -0.00401181541
v -0.0153404921 0.0217152964 -0.00397012895
v -0.0153348045 0.0217151493 -0.00392799405
v -0.0154893901 0.0216180701 -0.00403351523
v -0.0154799558 0.0216121525 -0.00399233494
v -0.015472794 0.0216089729 -0.00395040121
v -0.0154679734 0.021608552 -0.00390801812
v -0.0156123256 0.0215028357 -0.00401974563
v -0.0157271139 0.0213783104 -0.00401146477
v -0.0156032639 0.0214968529 -0.00397838512
v -0.0157183707 0.0213721693 -0.00396998646
v -0.015596698 0.0214934275 -0.00393626932
v -0.0157123469 0.0213683806 -0.00392775284
v -0.015592684 0.0214925837 -0.00389370369
v -0.0157090761 0.0213669781 -0.00388507103
v -0.015833728 0.0212440323 -0.00400880165
v -0.0158252642 0.0212376472 -0.00396727491
v -0.0158196967 0.021233391 -0.00392499287
v -0.0158170704 0.0212312937 -0.00388226751
v -0.0158802532 0.021178402 -0.00400954671
v -0.0158718936 0.0211718753 -0.0039680223
v -0.0158665068 0.0211673658 -0.00392574212
v -0.015864132 0.0211649071 -0.00388302142
v -0.0161074586 0.0207304955 -0.00400175434
v -0.0161156394 0.0207381155 -0.00404291833
v -0.016039243 0.0208840724 -0.00398486946
v -0.0160473865 0.0208912957 -0.00402622391
v -0.0159604829 0.0210314766 -0.00397366378
v -0.0159686971 0.021038333 -0.00401513651
v -0.0161026176 0.0207241233 -0.00395985646
v -0.0160343349 0.0208783671 -0.00394277368
v -0.0159553997 0.0210263915 -0.00393144134
v -0.0161011554 0.020719042 -0.00391753111
v -0.0160327163 0.020874219 -0.00390024344
v -0.0159534719 0.0210231189 -0.00388878072
v -0.0162631832 0.0206299815 -0.00424920768
v -0.0162898507 0.0206423663 -0.00427989895
v -0.0162037257 0.0207926705 -0.00422756281
v -0.016229881 0.0208063163 -0.00425837142
v -0.0161339045 0.0209479425 -0.00421158364
v -0.016159473 0.0209627971 -0.00424247188
v -0.016053712 0.0210970156 -0.00420092745
v -0.0160786361 0.0211130287 -0.00423185946
v -0.0159638282 0.0212391112 -0.00419550296
v -0.0159880351 0.0212562438 -0.00422644475
v -0.0159166101 0.021305738 -0.00419473881
v -0.0159404501 0.0213233996 -0.00422567362
v -0.015808519 0.0214421898 -0.00419715652
v -0.0158315096 0.0214609411 -0.00422804663
v -0.0156922583 0.0215689484 -0.00420492375
v -0.0157143492 0.0215887334 -0.00423573703
v -0.0155677777 0.021686513 -0.00421791989
v -0.0155889029 0.0217072759 -0.00424862048
v -0.0154348491 0.0217951983 -0.00423613749
v -0.0154549424 0.0218168832 -0.00426669652
v -0.015402413 0.0218194053 -0.00424117688
v -0.0154222548 0.0218413025 -0.00427169679
v -0.0152531806 0.0219204724 -0.00426705135
v -0.0152718574 0.0219432618 -0.0042973808
v -0.0150977001 0.0220095925 -0.00429817149
v -0.0151151549 0.0220331885 -0.00432828441
v -0.0149367247 0.0220866948 -0.00433437945
v -0.014952898 0.0221110228 -0.00436424837
v -0.0147607084 0.0221550539 -0.00437816931
v -0.0147754624 0.0221800581 -0.00440775556
v -0.0145768197 0.0222103167 -0.00442818645
v -0.0145900855 0.0222359002 -0.00445745979
v -0.0143902488 0.0222507529 -0.00448311772
v -0.014401977 0.0222767964 -0.00451206509
v -0.0142010106 0.0222765319 -0.00454296451
v -0.0142111573 0.0223029107 -0.00457156776
v -0.0162392128 0.0206181239 -0.0042161704
v -0.0161802098 0.0207798183 -0.00419437652
v -0.0161108859 0.0209341366 -0.00417829305
v -0.0160312336 0.0210822951 -0.00416757865
v -0.0159419198 0.0212235022 -0.004162136
v -0.0158950053 0.0212897081 -0.00416137977
v -0.0157875773 0.0214252789 -0.00416384311
v -0.0156720225 0.0215511955 -0.00417169929
v -0.0155482981 0.0216679461 -0.00418482348
v -0.0154161695 0.0217758454 -0.00420320733
v -0.0153839327 0.0217998736 -0.00420829142
v -0.0152356159 0.0219001602 -0.00423439126
v -0.015081103 0.0219885502 -0.00426576892
v -0.014921153 0.0220649745 -0.00430226792
v -0.0147462804 0.022132678 -0.00434639631
v -0.0145636294 0.022187354 -0.00439678458
v -0.0143783474 0.022227291 -0.00445210934
v -0.0141904578 0.0222526677 -0.00451237056
v -0.0162181091 0.0206068847 -0.00418102508
v -0.0161595009 0.0207678527 -0.00415905518
v -0.0160905868 0.0209214799 -0.00414284598
v -0.0160113554 0.0210689735 -0.00413205661
v -0.0159224812 0.0212095305 -0.00412658881
v -0.0158757772 0.0212754235 -0.00412583631
v -0.015768839 0.021410333 -0.00412835088
v -0.0156537872 0.0215355996 -0.00413630344
v -0.0155305965 0.0216517095 -0.0041495706
v -0.0153990341 0.021758968 -0.00416814536
v -0.0153669454 0.0217828453 -0.00417327927
v -0.0152192824 0.021882467 -0.00419963431
v -0.0150654744 0.0219702125 -0.00423130533
v -0.0149062872 0.0220460109 -0.00426813541
v -0.0147322863 0.0221130848 -0.00431265356
v -0.014550603 0.0221671648 -0.00436346745
v -0.0143663473 0.0222065654 -0.00441924529
v -0.0141795576 0.0222314727 -0.00447998056
v -0.0162000321 0.0205963422 -0.00414403062
v -0.0161417536 0.0207568612 -0.00412185723
v -0.016073158 0.0209100675 -0.00410550181
v -0.015994221 0.0210571494 -0.00409462489
v -0.015905641 0.0211972985 -0.00408912171
v -0.0158590786 0.0212629903 -0.00408837432
v -0.0157524366 0.021397464 -0.00409093685
v -0.0156376809 0.0215222798 -0.00409899373
v -0.0155148031 0.0216379203 -0.00411241967
v -0.015383576 0.0217446871 -0.00413120165
v -0.0153515674 0.0217684451 -0.00413639145
v -0.0152043039 0.021867523 -0.00416302867
v -0.01505093 0.0219547097 -0.00419502426
v -0.0148922354 0.02202994 -0.00423222361
v -0.0147188297 0.0220964085 -0.00427717064
v -0.0145378206 0.0221498851 -0.00432845997
v -0.0143543286 0.0221887119 -0.00438474119
v -0.0141683985 0.0222130846 -0.00444600871
v -0.0161851048 0.0205865726 -0.00410544919
v -0.0161270965 0.020746924 -0.00408305088
v -0.0160587169 0.0208999813 -0.00406653248
v -0.0159799699 0.0210469123 -0.00405555498
v -0.0158915333 0.0211868975 -0.00405001221
v -0.0158450305 0.0212525018 -0.00404926762
v -0.0157384928 0.0213867631 -0.00405187998
v -0.0156238284 0.0215113312 -0.00406004675
v -0.0155010344 0.0216266792 -0.0040736394
v -0.0153698958 0.0217331052 -0.00409264397
v -0.0153379142 0.0217567775 -0.00409789477
v -0.0151907727 0.0218554307 -0.00412483513
v -0.015037572 0.0219421498 -0.0041571809
v -0.0148790935 0.0220168699 -0.00419477839
v -0.0147059895 0.0220827647 -0.00424019387
v -0.0145253781 0.0221356321 -0.00429199683
v -0.0143423714 0.0221738499 -0.00434882613
v -0.0141570373 0.0221976209 -0.00441067154
v -0.0145094488 0.022792967 -0.00462493766
v -0.0147360852 0.0227485858 -0.00456622289
v -0.0149605842 0.0226855222 -0.00451274589
v -0.0151765468 0.0226056408 -0.00446591154
v -0.0153748635 0.0225141048 -0.00442719087
v -0.0155667337 0.0224072021 -0.00439394359
v -0.0157516059 0.0222847536 -0.00436632428
v -0.0157917943 0.0222553127 -0.00436095335
v -0.0159566198 0.0221226662 -0.00434158044
v -0.0161110815 0.0219784472 -0.00432784297
v -0.0162552837 0.0218223874 -0.00431976421
v -0.0163890999 0.0216539949 -0.004317482
v -0.0164474435 0.0215716474 -0.00431846827
v -0.0165582914 0.0213957895 -0.00432468532
v -0.0166565031 0.0212115422 -0.00433657086
v -0.0167415068 0.0210193899 -0.00435425481
v -0.0168130267 0.0208185446 -0.00437808177
v -0.0168233644 0.0207849592 -0.00438257167
v -0.0168769043 0.0205797851 -0.00441301707
v -0.0145069314 0.0227541924 -0.0046369303
v -0.0147303576 0.0227099787 -0.0045790351
v -0.0149515588 0.0226474088 -0.00452631759
v -0.0151642421 0.0225683432 -0.00448016031
v -0.0153594548 0.0224778894 -0.00444200635
v -0.0155482916 0.0223723706 -0.00440925173
v -0.0157301556 0.0222516265 -0.00438204594
v -0.0157696903 0.0222226083 -0.00437675742
v -0.0159318186 0.0220919158 -0.00435767695
v -0.0160837341 0.0219499003 -0.0043441467
v -0.0162255634 0.0217962842 -0.00433618901
v -0.0163571984 0.0216305759 -0.00433393847
v -0.0164146032 0.0215495527 -0.00433490612
v -0.0165236853 0.0213765539 -0.00434101699
v -0.0166203957 0.021195285 -0.00435270881
v -0.0167041458 0.0210062582 -0.0043700994
v -0.0167746954 0.020808639 -0.00439353753
v -0.0167849008 0.0207755882 -0.00439795572
v -0.0168378148 0.0205736458 -0.00442790845
v -0.014503465 0.0227146689 -0.00464584585
v -0.0147236697 0.0226706192 -0.00458870456
v -0.014941561 0.0226085391 -0.00453668367
v -0.0151509522 0.0225302894 -0.00449114898
v -0.0153430561 0.0224409197 -0.00445351703
v -0.0155288372 0.022336781 -0.00442121085
v -0.0157077014 0.0222177431 -0.00439438643
v -0.0157465767 0.0221891478 -0.00438917056
v -0.015906008 0.0220604092 -0.00437035784
v -0.0160553791 0.0219205953 -0.00435701851
v -0.0161948297 0.021769423 -0.00434916979
v -0.016324291 0.0216063969 -0.00434694346
v -0.0163807552 0.0215267017 -0.00434789294
v -0.0164880697 0.0213565566 -0.0043539037
v -0.0165832788 0.0211782679 -0.00436541066
v -0.0166657846 0.0209923647 -0.00438253069
v -0.01673536 0.0207979716 -0.00440560607
v -0.0167454332 0.0207654554 -0.00440995581
v -0.0167977363 0.0205667466 -0.00443945266
v -0.0144990683 0.0226746555 -0.00465162145
v -0.0147160618 0.0226307716 -0.00459516142
v -0.0149306534 0.0225691814 -0.00454377104
v -0.0151367616 0.0224917457 -0.00449879793
v -0.01532578 0.0224034525 -0.00446163677
v -0.0155085241 0.0223006904 -0.00442973664
v -0.0156844053 0.0221833494 -0.00440325635
v -0.0157226287 0.0221551731 -0.00439810753
v -0.0158793703 0.0220283754 -0.0043795337
v -0.0160262194 0.0218907483 -0.0043663648
v -0.0161633156 0.021742003 -0.00435861154
v -0.0162906088 0.0215816405 -0.00435640384
v -0.0163461417 0.0215032604 -0.00435733516
v -0.0164517052 0.0213359483 -0.00436325138
v -0.0165454261 0.0211606156 -0.00437458931
v -0.0166266933 0.0209778138 -0.00439145649
v -0.0166953094 0.0207866207 -0.00441420125
v -0.0167052578 0.0207546353 -0.00441848626
v -0.0167569481 0.0205591358 -0.00444756402
v -0.0144937867 0.0226344187 -0.00465422403
v -0.0147075858 0.0225907061 -0.0045983661
v -0.0149189103 0.0225296039 -0.00454753311
v -0.0151217775 0.0224529784 -0.00450305548
v -0.0153077431 0.0223657563 -0.00446631201
v -0.0154874949 0.0222643558 -0.00443476951
v -0.0156604238 0.0221486911 -0.00440858956
v -0.0156980101 0.0221209303 -0.00440349942
v -0.015852103 0.0219960492 -0.0043851356
v -0.0159964599 0.0218605772 -0.00437211385
v -0.016131239 0.0217142235 -0.00436444348
v -0.0162564032 0.0215564854 -0.00436225021
v -0.0163110178 0.0214793999 -0.00436316291
v -0.0164148603 0.0213148799 -0.00436899113
v -0.0165071078 0.0211424548 -0.00438017258
v -0.0165871587 0.0209627077 -0.00439681392
v -0.016654836 0.0207746681 -0.004419256
v -0.0166646522 0.0207432061 -0.00442348747
v -0.0167157426 0.0205508713 -0.0044521871
v -0.0144876428 0.0225942247 -0.00465362985
v -0.0146983033 0.0225506891 -0.00459829252
v -0.0149064166 0.0224900823 -0.00454794057
v -0.0151061034 0.0224142596 -0.00450389041
v -0.015289071 0.0223280955 -0.0044675055
v -0.0154658938 0.0222280379 -0.00443627033
v -0.0156359468 0.0221140198 -0.00441034883
v -0.0156728979 0.0220866669 -0.00440530991
v -0.0158244073 0.0219636634 -0.00438712677
v -0.0159663334 0.0218303036 -0.00437422749
v -0.0160988476 0.0216862895 -0.00436662324
v -0.0162219293 0.0215311162 -0.00436443742
v -0.0162756406 0.0214552991 -0.00436533429
v -0.0163778048 0.0212935023 -0.00437108101
v -0.0164686237 0.0211239234 -0.00438212324
v -0.0165474787 0.0209471583 -0.00439856062
v -0.0166142248 0.0207622014 -0.0044207382
v -0.0166239161 0.0207312498 -0.00442491844
v -0.0166744199 0.0205420088 -0.00445328746
v -0.0144806728 0.0225543398 -0.00464984914
v -0.0146882664 0.0225109961 -0.00459494395
v -0.0148932533 0.0224508867 -0.00454499247
v -0.0150898453 0.0223758612 -0.0045013004
v -0.0152698988 0.0222907383 -0.00446521211
v -0.0154438764 0.0221919939 -0.0044342312
v -0.0156111373 0.022079587 -0.00440852437
v -0.0156474821 0.0220526289 -0.00440352457
v -0.0157964863 0.0219314564 -0.00438548857
v -0.0159360506 0.0218001492 -0.00437269034
v -0.0160663668 0.0216584057 -0.00436513638
v -0.0161874332 0.0215057209 -0.00436295243
v -0.0162402783 0.0214311313 -0.00436383067
v -0.0163408108 0.0212719776 -0.00436950522
v -0.0164302364 0.0211051516 -0.00438042544
v -0.0165079329 0.0209312793 -0.00439668773
v -0.0165737811 0.0207493082 -0.00441863621
v -0.0165833477 0.0207188539 -0.00442277361
v -0.0166332778 0.0205326118 -0.00445085624
v -0.0144729363 0.022515025 -0.00464290194
v -0.0146775544 0.0224718917 -0.00458834367
v -0.0148795154 0.0224122852 -0.00453871163
v -0.0150731122 0.0223380513 -0.00449529942
v -0.0152503671 0.0222539473 -0.0044594463
v -0.0154216057 0.0221564844 -0.00442866609
v -0.0155861741 0.0220456384 -0.00440312503
v -0.0156219359 0.0220190659 -0.00439815735
v -0.0157685317 0.021899661 -0.00438023265
v -0.0159058385 0.0217703339 -0.00436750986
v -0.0160340499 0.021630777 -0.00435999455
v -0.016153181 0.0214804858 -0.00435780501
v -0.0162051916 0.0214070752 -0.00435866648
v -0.0163041502 0.0212504584 -0.00436427584
v -0.0163922347 0.0210862812 -0.00437509175
v -0.0164688155 0.0209151842 -0.00439120783
v -0.0165337827 0.0207360853 -0.00441296352
v -0.0165432375 0.020706106 -0.00441706832
v -0.0165925939 0.0205227491 -0.00444491301
v -0.0144644817 0.0224765446 -0.0046328376
v -0.0146662416 0.0224336423 -0.00457853405
v -0.0148652922 0.0223745443 -0.0045291367
v -0.0150560318 0.0223010909 -0.00448593171
v -0.0152306156 0.0222179852 -0.00445024949
v -0.0153992446 0.0221217629 -0.00441961549
v -0.0155612491 0.02201242 -0.00439419178
v -0.0155964578 0.0219862163 -0.00438924646
v -0.0157407597 0.0218685083 -0.00437140092
v -0.0158759151 0.0217410754 -0.00435872748
v -0.0160021242 0.0216036066 -0.00435123267
v -0.0161194131 0.0214555953 -0.00434903195
v -0.0161706228 0.0213833079 -0.00434987759
v -0.0162680913 0.0212291069 -0.00435543247
v -0.0163548943 0.0210674461 -0.00436616084
v -0.0164304022 0.0208989903 -0.00438215863
v -0.0164945293 0.0207226239 -0.00440376438
v -0.0165038668 0.0206930973 -0.00440783938
v -0.0165526755 0.0205124915 -0.0044354992
v -0.0144553529 0.0224391501 -0.00461971946
v -0.0146543914 0.022396503 -0.00456558354
v -0.0148506835 0.0223379228 -0.00451633567
v -0.0150387175 0.0222652406 -0.00447326154
v -0.0152107682 0.0221831035 -0.00443768501
v -0.0153769394 0.0220880769 -0.00440714043
v -0.0155365383 0.0219801739 -0.00438178796
v -0.0155712161 0.0219543222 -0.00437685614
v -0.0157133676 0.0218382273 -0.00435905531
v -0.0158464909 0.0217125881 -0.00434640609
v -0.0159708187 0.0215770938 -0.00433891499
v -0.0160863753 0.0214312319 -0.00433669984
v -0.0161368418 0.0213600043 -0.00433752919
v -0.0162328985 0.0212080777 -0.00434303796
v -0.0163184926 0.021048788 -0.00435370021
v -0.0163929816 0.020882817 -0.00436960813
v -0.016456306 0.0207090229 -0.00439110165
v -0.0164655298 0.0206799246 -0.00439515756
v -0.016513804 0.0205019116 -0.00442268327
v -0.0144456197 0.0224030893 -0.00460363785
v -0.0146420896 0.0223607253 -0.0045495769
v -0.0148357982 0.0223026723 -0.00450039608
v -0.0150212934 0.0222307499 -0.00445737783
v -0.0151909851 0.0221495498 -0.00442184648
v -0.0153548503 0.0220556688 -0.00439133309
v -0.0155122094 0.0219491292 -0.00436600531
v -0.015546402 0.0219236109 -0.00436107768
v -0.015686553 0.0218090359 -0.00434328523
v -0.0158178024 0.0216850806 -0.0043306374
v -0.0159403775 0.0215514321 -0.00432313373
v -0.0160543229 0.0214075763 -0.00432089623
v -0.0161040854 0.0213373359 -0.00432171347
v -0.0161988288 0.0211875252 -0.00432718359
v -0.0162832905 0.0210304409 -0.00433779741
v -0.016356824 0.0208667815 -0.00435364619
v -0.0164193809 0.0206953809 -0.00437506987
v -0.0164285004 0.0206666812 -0.00437911088
v -0.0164762549 0.0204910841 -0.00440655416
v -0.0144353509 0.0223686025 -0.00458469801
v -0.0146294273 0.0223265532 -0.00453062495
v -0.0148207285 0.0222690366 -0.00448142877
v -0.0150038749 0.0221978594 -0.00443839142
v -0.0151713891 0.0221175607 -0.00440284098
v -0.0153331505 0.0220247675 -0.0043723071
v -0.0154884513 0.0219195131 -0.00434695603
v -0.0155221969 0.0218943059 -0.00434202189
v -0.0156605206 0.0217811484 -0.00432420662
v -0.0157900397 0.021658754 -0.00431153411
v -0.0159110166 0.0215268079 -0.00430400576
v -0.0160234775 0.0213848036 -0.00430174079
v -0.0160726067 0.0213154685 -0.00430254405
v -0.0161661338 0.0211676005 -0.00430798624
v -0.0162495431 0.021012539 -0.00431857025
v -0.0163221881 0.0208510011 -0.00433439063
v -0.0163840204 0.0206817966 -0.00435578171
v -0.0163930431 0.020653462 -0.00435981853
v -0.0164402965 0.0204800889 -0.00438722968
v -0.0144246034 0.0223359149 -0.0045630224
v -0.0146164764 0.022294214 -0.00450885203
v -0.0148055796 0.022237245 -0.00445956225
v -0.0149865961 0.0221667998 -0.00441643642
v -0.0151521293 0.0220873654 -0.00438080542
v -0.0153119843 0.0219955947 -0.00435019843
v -0.01546543 0.0218915362 -0.00432477798
v -0.0154987723 0.0218666177 -0.00431983033
v -0.015635442 0.0217547659 -0.00430195779
v -0.0157634187 0.021633802 -0.00428923639
v -0.0158829484 0.0215034056 -0.00428166892
v -0.0159940738 0.0213630777 -0.00427937089
v -0.0160426218 0.0212945621 -0.00428016251
v -0.0161350593 0.0211484507 -0.00428558653
v -0.0162175111 0.0209952146 -0.00429616263
v -0.0162893273 0.0208355878 -0.00431197928
v -0.0163504928 0.0206683688 -0.00433338014
v -0.0163594112 0.0206403658 -0.00433741976
v -0.0164061915 0.0204690006 -0.0043648486
v -0.0144134583 0.0223052446 -0.00453876005
v -0.0146033317 0.0222639274 -0.00448440993
v -0.0147904586 0.0222075172 -0.00443494739
v -0.014969565 0.0221377853 -0.0043916651
v -0.0151333427 0.0220591743 -0.00435589533
v -0.0152915008 0.021968361 -0.00432516262
v -0.0154433092 0.0218654033 -0.00429963088
v -0.0154763022 0.0218407493 -0.00429465994
v -0.0156115117 0.0217300821 -0.00427670078
v -0.0157381259 0.0216104034 -0.00426390953
v -0.0158563815 0.0214813966 -0.00425628666
v -0.0159663279 0.0213425588 -0.0042539537
v -0.0160143618 0.0212747734 -0.00425473368
v -0.0161058214 0.0211302154 -0.00426014839
v -0.0161874145 0.0209785942 -0.0042707338
v -0.01625848 0.0208206568 -0.00428657886
v -0.0163190234 0.0206551943 -0.00430802535
v -0.0163278524 0.0206274819 -0.00431207288
v -0.0163741726 0.0204579011 -0.00433956739
v -0.0169151276 0.0203706976 -0.00444924133
v -0.0168757159 0.0203677844 -0.0044635525
v -0.0168353133 0.0203641132 -0.004474557
v -0.0167942066 0.0203597099 -0.00448217522
v -0.0167526957 0.0203546062 -0.0044863536
v -0.0167110637 0.0203488395 -0.0044870642
v -0.0166696124 0.0203424487 -0.00448430097
v -0.0166286211 0.0203354787 -0.00447808253
v -0.0165884029 0.0203279816 -0.00446845312
v -0.0165492222 0.0203200076 -0.00445548259
v -0.0165113602 0.0203116145 -0.00443926081
v -0.016475087 0.0203028601 -0.00441990281
v -0.0164406672 0.0202938076 -0.00439754687
v -0.0164083298 0.0202845223 -0.00437234854
v -0.0163783077 0.0202750657 -0.00434448756
v -0.0163508169 0.0202655084 -0.00431415858
v -0.0163087528 0.0202790909 -0.00425645849
v -0.0169377681 0.020157611 -0.0044914349
v -0.0168983135 0.0201579034 -0.00450507551
v -0.0168578811 0.0201574434 -0.0045154551
v -0.0168167558 0.0201562326 -0.00452250475
v -0.0167752169 0.0201542806 -0.00452617276
v -0.0167335551 0.0201516002 -0.0045264354
v -0.0166920703 0.0201482102 -0.00452328892
v -0.0166510381 0.0201441329 -0.00451675709
v -0.0166107509 0.0201393999 -0.00450688414
v -0.0165714938 0.0201340411 -0.00449373852
v -0.0165335368 0.0201280955 -0.00447741337
v -0.0164971445 0.0201216061 -0.00445802044
v -0.0164625701 0.0201146137 -0.00443569804
v -0.0164300483 0.0201071706 -0.00441059936
v -0.0163998157 0.0200993288 -0.0043828995
v -0.0163720846 0.0200911406 -0.0043527917
v -0.0163470358 0.0200826656 -0.00432048598
v -0.0169442464 0.0199403893 -0.00453990139
v -0.0169050507 0.0199438557 -0.00455277739
v -0.0168648809 0.019946577 -0.00456245011
v -0.0168240182 0.0199485309 -0.00456885248
v -0.0167827457 0.0199497044 -0.00457194168
v -0.0167413391 0.01995009 -0.00457169721
v -0.0167000853 0.0199496858 -0.00456811767
v -0.0166592803 0.0199484937 -0.00456123101
v -0.0166191813 0.0199465211 -0.00455108238
v -0.0165800769 0.0199437831 -0.00453774305
v -0.0165422335 0.0199402962 -0.00452130241
v -0.0165059138 0.0199360866 -0.00450187549
v -0.0164713599 0.0199311841 -0.00447959406
v -0.0164388083 0.0199256185 -0.00445460947
v -0.0164084937 0.0199194308 -0.00442709681
v -0.0163806081 0.0199126638 -0.00439724233
v -0.0163553525 0.0199053604 -0.0043652514
v -0.0163329039 0.0198975746 -0.00433134241
v -0.0162998699 0.0187893864 -0.00451497966
v -0.0164700095 -0.0211423133 -0.00412730314
v -0.0164795611 -0.0205311626 -0.00431799982
v -0.0164859593 -0.0204993375 -0.00433239201
v -0.0168726575 -0.0113590416 -0.00536468346
v -0.016897317 -0.0071894424 -0.00553461164
v -0.0169132426 -0.0113581959 -0.00535297859
v -0.0168990493 -0.00718942378 -0.00553404074
v -0.0167892668 -0.0113601265 -0.00537764886
v -0.0168155078 -0.00719009759 -0.00555401482
v -0.0168312378 -0.011359687 -0.00537292473
v -0.0168205798 -0.00719006825 -0.00555322692
v -0.016860202 -0.00718978373 -0.0055452208
v -0.0167048704 -0.0113603799 -0.00537642604
v -0.0167315938 -0.00719041284 -0.00555943651
v -0.0167470369 -0.0113603594 -0.00537881767
v -0.0167400464 -0.00719039654 -0.00555952964
v -0.0167804416 -0.00719027268 -0.00555800647
v -0.0166218728 -0.0113597931 -0.00536104711
v -0.0166479629 -0.00719037978 -0.00555072445
v -0.0166630466 -0.0113601908 -0.00537048839
v -0.016659556 -0.00719040539 -0.0055527878
v -0.0166996643 -0.00719044171 -0.00555778574
v -0.0165426526 -0.011358385 -0.00533195306
v -0.0165669732 -0.00718999607 -0.00552812451
v -0.0165816508 -0.0113591896 -0.0053481725
v -0.0165811908 -0.00719008921 -0.00553317415
v -0.0166199729 -0.00719028711 -0.00554456469
v -0.0164694656 -0.0113561936 -0.00528997323
v -0.0164909139 -0.00718927663 -0.00549227651
v -0.0165051725 -0.0113573847 -0.00531250797
v -0.016507009 -0.00718946103 -0.00550120231
v -0.0165434573 -0.00718981447 -0.00551868742
v -0.0164357852 -0.0113548227 -0.00526451087
v -0.016438948 -0.00718853576 -0.00545770535
v -0.0164721031 -0.00718903309 -0.00548083102
v -0.0163754765 -0.0113515826 -0.00520554883
v -0.0163787846 -0.00718733435 -0.00540382229
v -0.0164043866 -0.0113532823 -0.00523630204
v -0.0164077766 -0.00718796672 -0.00543198036
v -0.0164219346 -0.00718823867 -0.00544418953
v -0.0163259618 -0.011347753 -0.00513730152
v -0.0163280778 -0.0071858936 -0.00534095522
v -0.0163492709 -0.0113497349 -0.00517246919
v -0.0163521599 -0.00718664238 -0.00537341367
v -0.0163619854 -0.00718691153 -0.00538522331
v -0.0163127687 -0.00718533574 -0.00531704398
v -0.016241638 -0.00717952754 -0.00507547567
v -0.0162417069 -0.00717957551 -0.00507745985
v -0.016244553 -0.00718051521 -0.00511578098
v -0.0162449796 -0.00718060508 -0.00511941919
v -0.0162507109 -0.00718148798 -0.00515571982
v -0.0162517671 -0.0071816151 -0.00516095525
v -0.0162600726 -0.00718243839 -0.00519503048
v -0.0162620209 -0.00718259998 -0.00520177046
v -0.0162725858 -0.00718335994 -0.00523345638
v -0.0162756797 -0.00718355272 -0.00524157751
v -0.0162881576 -0.00718424609 -0.005270747
v -0.0162926335 -0.00718446774 -0.00528009236
v -0.016306702 -0.00718509266 -0.00530665973
v -0.0162980165 -0.00922390353 -0.00520839961
v -0.0163042024 -0.010972809 -0.00512165623
v -0.0162956975 -0.00922383647 -0.00520360656
v -0.0163016841 -0.0109727373 -0.00511645386
v -0.0162810646 -0.00922336336 -0.00516983075
v -0.0162871797 -0.0109722689 -0.00508300401
v -0.0162801724 -0.00922333077 -0.00516752992
v -0.0162861552 -0.0109722316 -0.005080353
v -0.0162674747 -0.00922280177 -0.00513016805
v -0.0162734501 -0.0109717017 -0.00504297018
v -0.0162646025 -0.00922265835 -0.0051200944
v -0.0162705779 -0.0109715583 -0.0050328928
v -0.0162571725 -0.00922221504 -0.00508910464
v -0.0162631832 -0.0109711168 -0.00500208698
v -0.0162557345 -0.00922211073 -0.00508186454
v -0.0162617043 -0.0109710097 -0.00499463081
v -0.0162504092 -0.00922161341 -0.00504752109
v -0.0162563883 -0.0109705143 -0.00496039959
v -0.0162498839 -0.00922154821 -0.0050430093
v -0.0162558462 -0.0109704472 -0.00495574204
v -0.0162471607 -0.0092210006 -0.00500551332
v -0.0162531212 -0.0109698996 -0.00491828332
v -0.0162470918 -0.00922097079 -0.00500352168
v -0.016253056 -0.0109698698 -0.00491621904
v -0.0163505916 -0.0165545885 -0.00479309214
v -0.016329661 -0.0165521167 -0.00475568604
v -0.0163116287 -0.0127214212 -0.00501519348
v -0.0163197443 -0.014469876 -0.00489818957
v -0.0163086634 -0.0127213364 -0.00500908215
v -0.0163161587 -0.0144697744 -0.004890827
v -0.0162944626 -0.0127208782 -0.00497639785
v -0.016302377 -0.0144693311 -0.00485921465
v -0.0162931271 -0.0127208298 -0.00497296033
v -0.0163006131 -0.0144692678 -0.00485469541
v -0.0162806325 -0.0127203111 -0.00493628345
v -0.0162883885 -0.0144687612 -0.00481889816
v -0.0162804145 -0.0127203008 -0.00493556261
v -0.0162775423 -0.0127201565 -0.00492548291
v -0.0162879098 -0.0144687379 -0.00481729629
v -0.0162702501 -0.0127197225 -0.00489513995
v -0.0162850376 -0.0144685945 -0.00480721286
v -0.0162778739 -0.0144681698 -0.00477753533
v -0.0162686631 -0.0127196079 -0.00488719298
v -0.0162761509 -0.014468045 -0.00476890942
v -0.0162633788 -0.0127191171 -0.00485326303
v -0.0162709244 -0.0144675607 -0.00473542558
v -0.0162628051 -0.0127190445 -0.0048482744
v -0.0162702873 -0.0144674815 -0.00472997967
v -0.0162600838 -0.0127184996 -0.00481095351
v -0.0162675772 -0.0144669395 -0.00469287345
v -0.0162600093 -0.012718467 -0.00480872113
v -0.0162674915 -0.0144669041 -0.0046904115
v -0.0163120199 -0.0165495146 -0.00471662777
v -0.0162978023 -0.0165468045 -0.00467620324
v -0.0162871182 -0.0165440086 -0.00463471282
v -0.0162800383 -0.0165411457 -0.00459246198
v -0.0162766129 -0.0165382344 -0.00454976317
v -0.0164016839 -0.0165590774 -0.00486184331
v -0.0163746662 -0.0165569149 -0.00482856901
v -0.0164314918 -0.0165610649 -0.00489270641
v -0.0164347999 -0.0178745631 -0.00478950515
v -0.0164369028 -0.0185342841 -0.00470326003
v -0.0164666064 -0.0178773645 -0.00481760921
v -0.0164528955 -0.0198433865 -0.00446675112
v -0.0164411813 -0.0191898514 -0.00459375745
v -0.0164722912 -0.0191946402 -0.00462164357
v -0.0169504322 -0.0165661182 -0.00499918731
v -0.0169095807 -0.0165672004 -0.00501235761
v -0.0168677475 -0.0165680367 -0.00502198329
v -0.0168252382 -0.0165686328 -0.00502799219
v -0.0167823657 -0.0165689811 -0.00503034005
v -0.0167394541 -0.0165690742 -0.00502900919
v -0.0166968089 -0.0165689159 -0.00502401125
v -0.0166547522 -0.016568508 -0.00501538254
v -0.0166135859 -0.0165678505 -0.00500318408
v -0.0165736265 -0.016566949 -0.00498750946
v -0.0165351592 -0.016565809 -0.00496847183
v -0.0164984725 -0.0165644418 -0.00494621135
v -0.0164638311 -0.0165628567 -0.00492089568
v -0.0169479903 -0.0178833436 -0.0049015726
v -0.0169072952 -0.0178849082 -0.00491384557
v -0.0168656893 -0.0178861003 -0.00492263213
v -0.0168234892 -0.0178869236 -0.00492787082
v -0.0167809874 -0.0178873651 -0.00492952345
v -0.0167384967 -0.0178874228 -0.00492757838
v -0.0166963208 -0.0178870913 -0.00492204819
v -0.0166547745 -0.0178863816 -0.00491297478
v -0.0166141428 -0.0178852938 -0.00490042288
v -0.0165747311 -0.0178838354 -0.00488448329
v -0.01653683 -0.0178820211 -0.00486527197
v -0.0165006965 -0.0178798568 -0.00484292628
v -0.0169458408 -0.0192066841 -0.00471328851
v -0.0169054028 -0.0192090776 -0.00472418405
v -0.0168641787 -0.0192108639 -0.00473170588
v -0.0168224499 -0.019212028 -0.00473579904
v -0.0167805105 -0.0192125626 -0.00473643839
v -0.0167386588 -0.0192124639 -0.00473361555
v -0.0166971907 -0.01921173 -0.00472735381
v -0.0166563969 -0.0192103703 -0.00471769599
v -0.0166165587 -0.019208394 -0.00470470777
v -0.0165779702 -0.0192058086 -0.00468848506
v -0.016540885 -0.019202644 -0.00466913823
v -0.0165055767 -0.0191989113 -0.00464680651
v -0.0165189859 -0.0205053333 -0.00435720431
v -0.0165540148 -0.0205105878 -0.00437927246
v -0.0165908244 -0.0205150675 -0.00439844141
v -0.0166291352 -0.0205187351 -0.0044145775
v -0.0166686978 -0.02052157 -0.00442756992
v -0.0167092346 -0.02052355 -0.00443732692
v -0.0167504568 -0.0205246601 -0.00444378052
v -0.0167920738 -0.020524893 -0.00444688462
v -0.0168338101 -0.0205242485 -0.00444662059
v -0.0168753564 -0.0205227323 -0.0044429875
v -0.0169164389 -0.0205203556 -0.00443601143
v -0.0169567689 -0.0205171313 -0.00442574313
v -0.0162331983 6.78601791e-05 -0.00510773296
v -0.0162798129 7.15245915e-05 -0.00530319382
v -0.0168920476 7.64635115e-05 -0.00556581374
v -0.0162883513 0.0187897738 -0.00448736735
v -0.0163005497 0.0184071269 -0.00458650338
v -0.0162724536 0.018790463 -0.00443879282
v -0.016273899 0.0187903885 -0.00444396771
v -0.0162710585 0.0183953084 -0.00451049861
v -0.0162753779 0.0187903158 -0.004449083
v -0.0162843298 0.0184013676 -0.00454938877
v -0.0162870791 0.0187898204 -0.00448399782
v -0.0162611082 0.018389076 -0.00447065709
v -0.0162633229 0.0187910274 -0.00439934619
v -0.0162545331 0.0183827132 -0.0044301413
v -0.0162575226 0.0187915787 -0.00436124066
v -0.0162572991 0.0187916085 -0.00435921084
v -0.0162513908 0.0183762629 -0.00438923016
v -0.0162544195 0.0187922046 -0.00431838864
v -0.0162442792 0.0170384813 -0.0045570177
v -0.0162443351 0.017038459 -0.00455859164
v -0.0162470993 0.0170379002 -0.00459691323
v -0.016253002 0.0170373321 -0.00463615777
v -0.0162541959 0.0170372445 -0.00464220438
v -0.0162619501 0.017036777 -0.00467476016
v -0.0162777957 0.0170360934 -0.00472299196
v -0.0162776001 0.0170361008 -0.00472248811
v -0.0162648354 0.0170366336 -0.00468489062
v -0.0162964966 0.0175970141 -0.00470058341
v -0.0162938554 0.0167848561 -0.00478394283
v -0.0162764862 0.0149295367 -0.00482325442
v -0.0162765663 0.0152845262 -0.00481624762
v -0.01625189 0.0149278305 -0.00474154763
v -0.0162590034 0.0152852712 -0.00476369075
v -0.0162624344 0.0149286948 -0.00478289742
v -0.0162618775 0.0152851269 -0.0047737686
v -0.0162745472 0.0152845988 -0.00481107691
v -0.0162442792 0.0152863814 -0.00468657957
v -0.0162501298 0.0152858188 -0.00472544786
v -0.0162519347 0.0152856894 -0.00473446026
v -0.0162415523 0.0149260629 -0.00465690671
v -0.0162414797 0.0152869588 -0.0046470766
v -0.0162449107 0.0149269514 -0.00469944859
v -0.0162415691 0.0152869206 -0.00464967126
v -0.0162937399 0.0149303377 -0.00486186286
v -0.0162920896 0.0122611998 -0.00492840866
v -0.0162745882 0.0117828492 -0.00490379427
v -0.0162734669 0.0117828902 -0.00490090623
v -0.0162607823 0.0117834182 -0.0048635616
v -0.0162579026 0.0117835626 -0.00485348003
v -0.0162505358 0.0117840022 -0.0048227855
v -0.0162490308 0.0117841111 -0.00481520686
v -0.0162437186 0.0117846057 -0.00478104688
v -0.0162431728 0.0117846746 -0.00477630692
v -0.0162404478 0.0117852213 -0.00473887799
v -0.0162403751 0.011785252 -0.00473677227
v -0.0163088236 0.00924158841 -0.00506137172
v -0.0163124185 0.0122622866 -0.00496551255
v -0.0162877664 0.0082802223 -0.00505758217
v -0.0163041838 0.00585251581 -0.00517825224
v -0.0162865222 0.00828025769 -0.00505499309
v -0.0162709858 0.00828076433 -0.00501887267
v -0.0162582882 0.00828129333 -0.00498149963
v -0.0162577573 0.00828131847 -0.00497969426
v -0.016255416 0.00828143675 -0.00497141853
v -0.0162477233 0.00828189962 -0.00493914308
v -0.0162465349 0.00828198623 -0.00493313046
v -0.016241096 0.00828249566 -0.0048978948
v -0.0162406713 0.00828254875 -0.00489421329
v -0.0162378754 0.0082831271 -0.00485466188
v -0.0162982512 7.21946635e-05 -0.00533890817
v -0.0162642282 7.08254011e-05 -0.00526592229
v -0.0162516795 7.01042954e-05 -0.00522744795
v -0.0162422936 6.93661641e-05 -0.0051880856
v -0.0162361152 6.86165731e-05 -0.00514809415
v -0.0162996724 -0.00355640915 -0.00536676031
v -0.0169340782 0.0184417106 -0.00483260909
v -0.0168545861 0.0184459686 -0.00485609565
v -0.0168136265 0.0184473209 -0.00486287102
v -0.0167722367 0.0184481405 -0.00486626383
v -0.016689308 0.0184481665 -0.00486283563
v -0.0166483428 0.0184473731 -0.00485603604
v -0.016608078 0.018446045 -0.00484590326
v -0.0165307932 0.0184418354 -0.00481593423
v -0.0164943021 0.0184389818 -0.00479630614
v -0.0164595768 0.0184356533 -0.00477375556
v -0.0163963921 0.0184276663 -0.00472052954
v -0.0163683668 0.0184230655 -0.00469022058
v -0.0163063332 0.019148767 -0.00445566885
v -0.0163204167 0.0184128024 -0.00462325569
v -0.0169363078 0.0168026071 -0.00502498588
v -0.0169492606 0.0149351247 -0.00509341806
v -0.0163140111 0.0167878307 -0.00482100062
v -0.016314568 0.0149311274 -0.00489948783
v -0.016940631 0.0122678643 -0.00516504468
v -0.0169288423 0.00924830232 -0.00526768994
v -0.016914146 0.00585953332 -0.00539257145
v -0.0168564525 0.0168049578 -0.00505070016
v -0.0168151781 0.0168057196 -0.00505845714
v -0.0168690681 0.0149357338 -0.00512212468
v -0.0168273728 0.0149359284 -0.00513126561
v -0.016860554 0.012268709 -0.00519222673
v -0.0168190747 0.0122689791 -0.00520064496
v -0.0168490652 0.00924924575 -0.00529296184
v -0.0168078747 0.00924954005 -0.00530050835
v -0.016834747 0.00586039992 -0.00541557744
v -0.0167939179 0.00586065883 -0.00542208273
v -0.0168132298 7.68232931e-05 -0.00558531005
v -0.0167730488 7.69134494e-05 -0.00559018552
v -0.0167733952 0.0168062001 -0.00506273471
v -0.0167850554 0.0149360485 -0.00513681769
v -0.0167770367 0.0122691449 -0.00520552834
v -0.0167661905 0.00924971513 -0.00530458195
v -0.0167526975 0.00586079946 -0.00542519428
v -0.0167326052 7.69432008e-05 -0.00559179625
v -0.0166894905 0.016806297 -0.00506075611
v -0.0166479554 0.0168059133 -0.00505451206
v -0.0166997705 0.0149360597 -0.00513702072
v -0.0166574251 0.0149359517 -0.00513167074
v -0.0166924708 0.0122691598 -0.00520457141
v -0.0166505557 0.0122690089 -0.00519873854
v -0.0166825391 0.00924969744 -0.00530222617
v -0.0166411549 0.00924950559 -0.00529581215
v -0.0166701805 0.00586072356 -0.00542117748
v -0.0166294575 0.00586050656 -0.00541407568
v -0.0166519973 7.68170794e-05 -0.00558520108
v -0.0166123528 7.66633093e-05 -0.00557703851
v -0.0166070927 0.0168052465 -0.00504481606
v -0.0166156869 0.0149357682 -0.00512272958
v -0.0166092813 0.0122687537 -0.00518938247
v -0.0166004524 0.00924919359 -0.00528595969
v -0.0165894572 0.00586017221 -0.00540363649
v -0.0165735018 7.64505603e-05 -0.00556569686
v -0.0165285319 0.0168030784 -0.00501536578
v -0.016491387 0.0168015938 -0.00499581918
v -0.0165352542 0.0149351815 -0.0050943587
v -0.0164971482 0.0149347829 -0.00507513573
v -0.0165298358 0.012267937 -0.00516039552
v -0.0164922364 0.0122673819 -0.00514097279
v -0.0165222231 0.00924821757 -0.005256237
v -0.0164852515 0.00924756099 -0.00523657724
v -0.0165127236 0.00585916359 -0.00537305092
v -0.0164765101 0.00585849397 -0.0053531141
v -0.0164991841 7.58507231e-05 -0.00553379627
v -0.0164642036 7.54688517e-05 -0.00551344361
v -0.0164560117 0.0167998541 -0.00497323228
v -0.0164608248 0.0149343181 -0.00505273463
v -0.0164564196 0.0122667346 -0.00511844037
v -0.0164500531 0.0092467973 -0.00521389255
v -0.0164420791 0.00585772237 -0.00533025712
v -0.0164309815 7.50346517e-05 -0.00549032958
v -0.0163915884 0.0167956632 -0.00491960719
v -0.0163629837 0.0167932417 -0.00488894572
v -0.0163945425 0.0149332015 -0.0049990667
v -0.0163650811 0.0149325589 -0.00496819336
v -0.0163911246 0.0122651793 -0.00506471843
v -0.0163621157 0.0122642834 -0.00503391167
v -0.0163859669 0.00924497098 -0.00516011333
v -0.0163575225 0.00924392231 -0.00512939412
v -0.0163794421 0.00585588813 -0.00527642062
v -0.0163516775 0.00585484039 -0.00524581131
v -0.0163706746 7.40238902e-05 -0.00543643953
v -0.0163439903 7.34530622e-05 -0.00540601555
v -0.0163429882 0.0184180997 -0.00465772022
v -0.0163370613 0.0167906247 -0.00485599786
v -0.0163383577 0.014931866 -0.00493492046
v -0.0163358171 0.0122633167 -0.00500076404
v -0.016331749 0.00924279168 -0.00509640342
v -0.0163265299 0.00585371302 -0.00521301199
v -0.0163195617 7.2840623e-05 -0.00537310727
v -0.0168948248 0.0184440948 -0.00484598521
v -0.0168969277 0.0168039165 -0.00503951497
v -0.0169098265 0.0149354655 -0.00510946382
v -0.016901169 0.0122683365 -0.00518033048
v -0.016889479 0.00924883224 -0.00528199598
v -0.0168748908 0.00586002367 -0.00540572545
v -0.016852878 7.66718149e-05 -0.00557720149
v -0.0167307034 0.0184484236 -0.00486625126
v -0.0167314038 0.016806392 -0.00506350398
v -0.0167424139 0.0149360923 -0.00513874041
v -0.0167347323 0.0122692054 -0.00520684058
v -0.0167243127 0.00924976729 -0.00530515611
v -0.0167113543 0.00586082134 -0.00542489113
v -0.016692169 7.69103717e-05 -0.00559013058
v -0.0165688116 0.0184441954 -0.00483250525
v -0.016567193 0.0168042984 -0.00503173564
v -0.0165748689 0.0149355112 -0.0051102615
v -0.0165689457 0.0122683952 -0.00517657073
v -0.0165607147 0.00924876332 -0.00527273724
v -0.0165504552 0.00585972425 -0.00538993068
v -0.0165356938 7.6179087e-05 -0.00555125112
v -0.016426865 0.0184318721 -0.00474843895
v -0.0164226722 0.0167978723 -0.00494776946
v -0.0164265353 0.0149337901 -0.00502731605
v -0.0164226312 0.0122659979 -0.00509296078
v -0.016416885 0.0092459321 -0.00518834498
v -0.0164096449 0.00585685158 -0.00530463317
v -0.0163997374 7.45518264e-05 -0.00546460692
v 0.00797145255 -0.0219425373 -0.00192626799
v -0.00901457947 -0.0219242852 -0.00261504715
v -0.0124509213 0.0152532887 -0.0065030884
v -0.0127738984 0.0152544929 -0.00645796396
v -0.0128825409 0.0152549222 -0.00644118153
v -0.0131746521 0.0152561348 -0.00639199466
v -0.0115960948 0.0152505953 -0.00658895541
v -0.011710614 0.0152509147 -0.00658022892
v -0.0141102392 0.0152606312 -0.00619286858
v -0.0151481992 0.0152668292 -0.00588980224
v -0.015177385 0.0152670247 -0.00587987294
v -0.0151994806 0.0152671728 -0.00587229896
v -0.0157821123 0.0152713582 -0.0056542512
v -0.0118789012 0.0170025434 -0.00650181854
v -0.0142801469 0.0170137212 -0.00601533242
v -0.0134424586 0.0170092732 -0.0062223631
v -0.0134035144 0.0170090813 -0.00623095548
v -0.0130324299 0.0170073193 -0.00630846387
v -0.0125988815 0.0170054026 -0.00638933852
v -0.012190328 0.0170037318 -0.00645641377
v -0.0148813492 0.017017331 -0.00583856413
v -0.0113049131 0.0187528264 -0.00643052673
v -0.0127513865 0.0187590756 -0.00617037062
v -0.0128733814 0.0187596641 -0.00614424329
v -0.0130189769 0.0187603794 -0.00611215178
v -0.0146913473 0.0187697522 -0.00566553976
v -0.0157437958 0.0187769178 -0.00529847201
v -0.0146216778 0.0205247402 -0.00533201545
v -0.0129004112 0.0205147602 -0.00581437908
v -0.0145681668 0.0205243956 -0.00534935575
v -0.0142602399 0.0205224585 -0.00544600282
v -0.0134432409 0.0205176733 -0.00567814149
v -0.0128739234 0.0205146223 -0.00582068088
v -0.012651328 0.020513488 -0.00587240886
v -0.0118470062 0.0205096528 -0.00604160223
v 0.0135683408 0.0187098924 -0.00652221031
v 0.0135560073 0.0187098607 -0.00652579172
v 0.0130579006 0.0187086854 -0.00666212849
v 0.0117827598 0.0187066589 -0.00694448315
v 0.0142150782 0.0187117942 -0.00631966675
v 0.0144569222 0.020468913 -0.00582194235
v 0.0118924733 0.0204624794 -0.00654990412
v 0.0119030122 0.0204624943 -0.00654766662
v 0.0132402051 0.0204651374 -0.0062164315
v 0.0122007299 0.0204629619 -0.00648214296
v 0.0130573893 0.0204646885 -0.00626755832
v 0.0111428946 0.0204615891 -0.00669538463
v -0.0156027423 0.0201451704 -0.00507762749
v -0.0151941162 0.0197160393 -0.00532268407
v -0.0143736554 0.019069925 -0.00571180601
v -0.0136043048 0.0198033545 -0.00579069834
v -0.0123506542 0.0201599095 -0.00601476198
v -0.0131809385 0.0202394426 -0.00580810802
v -0.0119715789 0.0196734723 -0.0061827302
v -0.0115994494 0.0191751402 -0.00632838812
v -0.0128065003 0.0188489929 -0.00614570826
v 0.0148880975 0.0200072173 -0.00578319468
v 0.0151962051 0.0194507092 -0.00579381455
v 0.0147574712 0.0190346818 -0.00606082007
v 0.0144528905 0.0195906367 -0.00605021697
v 0.0119832382 0.0187972579 -0.00689023221
v 0.0132279918 0.0192395095 -0.00651297718
v 0.0107757039 0.0200610943 -0.00685237069
v 0.0112005416 0.0196777973 -0.00686591351
v 0.012863419 0.0197350252 -0.00650096731
v 0.0116041871 0.0192555543 -0.00687854737
v 0.0124692153 0.0201964807 -0.00648797723
v 0.0133014694 0.0201831143 -0.00627363613
v 0.0141109806 0.0201190058 -0.0060385745
v -0.0150016192 0.0159389749 -0.00589563046
v -0.014499519 0.0154001527 -0.00608228054
v -0.0130337412 0.0155818462 -0.00640197843
v -0.0155068692 0.0164697263 -0.00567949563
v -0.0156876817 0.0157739464 -0.00566424103
v -0.0115201483 0.0155635299 -0.00659252424
v -0.0119385049 0.016157845 -0.00653637247
v -0.0123785967 0.0167489965 -0.00644428935
v -0.0131918658 0.0167578515 -0.00629712222
v -0.0135073541 0.0161490683 -0.00627679517
v -0.0139934318 0.0167105477 -0.00611926895
f 1 3 2
f 4 6 5
f 7 9 8
f 10 12 11
f 13 15 14
f 14 15 10
f 9 15 8
f 8 15 16
f 15 13 16
f 17 19 18
f 18 19 20
f 21 23 22
f 22 23 24
f 23 20 24
f 24 20 25
f 20 19 25
f 4 27 26
f 26 27 28
f 27 29 28
f 30 32 31
f 31 32 33
f 32 34 33
f 33 34 35
f 34 36 35
f 35 36 37
f 36 38 37
f 39 41 40
f 40 41 42
f 3 42 43
f 42 3 40
f 40 3 44
f 3 1 44
f 45 39 46
f 46 39 47
f 39 40 47
f 47 40 48
f 40 44 48
f 41 39 30
f 30 39 32
f 39 45 32
f 32 45 34
f 45 49 34
f 50 28 36
f 36 28 38
f 28 29 38
f 50 36 51
f 51 36 52
f 36 34 52
f 52 34 53
f 34 49 53
f 4 26 6
f 6 26 54
f 26 28 54
f 54 28 55
f 28 50 55
f 56 6 57
f 57 6 58
f 6 54 58
f 5 6 21
f 21 6 23
f 6 56 23
f 23 56 20
f 56 59 20
f 60 18 61
f 61 18 62
f 18 20 62
f 62 20 63
f 20 59 63
f 64 15 65
f 65 15 60
f 15 9 60
f 60 9 18
f 9 7 18
f 18 7 17
f 10 15 12
f 12 15 66
f 15 64 66
f 67 69 68
f 70 72 71
f 73 75 74
f 74 75 70
f 69 75 68
f 68 75 76
f 75 73 76
f 77 79 78
f 78 79 80
f 81 80 82
f 82 80 83
f 80 79 83
f 84 81 85
f 85 81 86
f 86 81 87
f 81 82 87
f 88 90 89
f 89 91 88
f 88 91 92
f 91 93 92
f 94 96 95
f 95 96 97
f 96 98 97
f 99 101 100
f 100 101 102
f 101 103 102
f 104 106 105
f 105 106 107
f 106 108 107
f 109 99 105
f 105 99 104
f 99 100 104
f 109 105 110
f 110 105 111
f 105 107 111
f 111 107 112
f 107 113 112
f 114 94 101
f 101 94 103
f 94 95 103
f 114 101 115
f 115 101 116
f 101 99 116
f 116 99 117
f 99 109 117
f 118 92 96
f 96 92 98
f 92 93 98
f 118 96 119
f 119 96 120
f 96 94 120
f 120 94 121
f 94 114 121
f 90 88 122
f 122 88 123
f 88 92 123
f 123 92 124
f 92 118 124
f 125 122 126
f 126 122 127
f 122 123 127
f 90 122 84
f 84 122 81
f 122 125 81
f 81 125 80
f 125 128 80
f 129 78 130
f 130 78 131
f 78 80 131
f 131 80 132
f 80 128 132
f 133 75 134
f 134 75 129
f 75 69 129
f 129 69 78
f 69 67 78
f 78 67 77
f 70 75 72
f 72 75 135
f 75 133 135
f 136 138 137
f 139 141 140
f 142 139 143
f 144 146 145
f 145 146 147
f 146 142 147
f 147 142 148
f 142 143 148
f 149 151 150
f 150 151 152
f 151 153 152
f 154 156 155
f 155 156 157
f 156 158 157
f 157 158 159
f 158 149 159
f 160 162 161
f 161 162 163
f 162 164 163
f 165 167 166
f 166 167 168
f 167 169 168
f 168 169 170
f 169 160 170
f 171 172 138
f 138 172 173
f 173 174 138
f 138 174 175
f 174 176 175
f 138 175 137
f 137 175 177
f 175 178 177
f 179 171 180
f 180 171 181
f 171 138 181
f 181 138 182
f 138 136 182
f 183 169 184
f 184 169 179
f 169 167 179
f 179 167 171
f 167 165 171
f 171 165 172
f 160 169 162
f 162 169 185
f 169 183 185
f 186 164 187
f 187 164 188
f 164 162 188
f 188 162 189
f 162 185 189
f 190 158 191
f 191 158 186
f 158 156 186
f 186 156 164
f 156 154 164
f 164 154 163
f 149 158 151
f 151 158 192
f 158 190 192
f 193 153 194
f 194 153 195
f 153 151 195
f 195 151 196
f 151 192 196
f 197 142 198
f 198 142 193
f 142 146 193
f 193 146 153
f 146 144 153
f 153 144 152
f 139 142 141
f 141 142 199
f 142 197 199
f 200 202 201
f 203 205 204
f 206 208 207
f 207 208 209
f 208 210 209
f 209 210 211
f 210 203 211
f 212 214 213
f 213 214 215
f 214 216 215
f 215 216 217
f 216 218 217
f 217 218 219
f 200 221 220
f 220 221 222
f 221 223 222
f 224 226 225
f 225 227 224
f 224 227 228
f 227 229 228
f 230 232 231
f 231 232 233
f 232 234 233
f 235 237 236
f 236 237 238
f 237 239 238
f 240 233 236
f 236 233 235
f 233 234 235
f 240 236 241
f 241 236 242
f 236 238 242
f 242 238 243
f 238 244 243
f 245 228 231
f 231 228 230
f 228 229 230
f 245 231 246
f 246 231 247
f 231 233 247
f 247 233 248
f 233 240 248
f 249 222 224
f 224 222 226
f 222 223 226
f 249 224 250
f 250 224 251
f 224 228 251
f 251 228 252
f 228 245 252
f 200 220 202
f 202 220 253
f 220 222 253
f 253 222 254
f 222 249 254
f 255 202 256
f 256 202 257
f 202 253 257
f 201 202 212
f 212 202 214
f 202 255 214
f 214 255 216
f 255 258 216
f 259 218 260
f 260 218 261
f 218 216 261
f 261 216 262
f 216 258 262
f 263 210 264
f 264 210 259
f 210 208 259
f 259 208 218
f 208 206 218
f 218 206 219
f 203 210 205
f 205 210 265
f 210 263 265
f 266 268 267
f 269 271 270
f 270 271 272
f 271 273 272
f 272 273 274
f 273 266 274
f 275 277 276
f 276 277 278
f 277 279 278
f 280 282 281
f 281 282 283
f 282 284 283
f 283 284 285
f 284 279 285
f 286 288 287
f 287 288 289
f 288 290 289
f 291 293 292
f 292 293 294
f 293 295 294
f 294 295 296
f 295 290 296
f 297 299 298
f 298 299 300
f 301 303 302
f 302 304 301
f 301 304 305
f 304 306 305
f 307 300 301
f 301 300 303
f 300 299 303
f 307 301 308
f 308 301 309
f 301 305 309
f 309 305 310
f 305 311 310
f 312 298 313
f 313 298 314
f 298 300 314
f 314 300 315
f 300 307 315
f 316 295 317
f 317 295 312
f 295 293 312
f 312 293 298
f 293 291 298
f 298 291 297
f 290 295 289
f 289 295 318
f 295 316 318
f 319 287 320
f 320 287 321
f 287 289 321
f 321 289 322
f 289 318 322
f 323 284 324
f 324 284 319
f 284 282 319
f 319 282 287
f 282 280 287
f 287 280 286
f 279 284 278
f 278 284 325
f 284 323 325
f 326 276 327
f 327 276 328
f 276 278 328
f 328 278 329
f 278 325 329
f 330 273 331
f 331 273 326
f 273 271 326
f 326 271 276
f 271 269 276
f 276 269 275
f 266 273 268
f 268 273 332
f 273 330 332
f 333 335 334
f 336 338 337
f 339 341 340
f 340 341 342
f 341 343 342
f 342 343 344
f 343 336 344
f 345 333 346
f 346 347 345
f 345 347 348
f 347 349 348
f 350 352 351
f 351 352 353
f 352 354 353
f 353 354 355
f 354 349 355
f 356 358 357
f 357 358 359
f 360 362 361
f 361 363 360
f 360 363 364
f 363 365 364
f 366 368 367
f 367 368 369
f 368 370 369
f 369 370 371
f 372 374 373
f 373 374 375
f 376 368 377
f 377 368 372
f 368 366 372
f 372 366 374
f 377 372 378
f 378 372 379
f 372 373 379
f 379 373 380
f 373 381 380
f 382 364 370
f 370 364 371
f 364 365 371
f 382 370 383
f 383 370 384
f 370 368 384
f 384 368 385
f 368 376 385
f 386 357 360
f 360 357 362
f 357 359 362
f 386 360 387
f 387 360 388
f 360 364 388
f 388 364 389
f 364 382 389
f 390 356 391
f 391 356 392
f 356 357 392
f 392 357 393
f 357 386 393
f 394 354 395
f 395 354 390
f 354 352 390
f 390 352 356
f 352 350 356
f 356 350 358
f 349 354 348
f 348 354 396
f 354 394 396
f 333 345 335
f 335 345 397
f 345 348 397
f 397 348 398
f 348 396 398
f 399 335 400
f 400 335 401
f 335 397 401
f 402 343 403
f 403 343 399
f 343 341 399
f 399 341 335
f 341 339 335
f 335 339 334
f 336 343 338
f 338 343 404
f 343 402 404
f 405 407 406
f 408 410 409
f 411 413 412
f 412 413 414
f 413 415 414
f 414 415 416
f 415 408 416
f 417 419 418
f 418 419 420
f 419 421 420
f 420 421 422
f 423 425 424
f 424 425 426
f 425 427 426
f 426 427 422
f 428 430 429
f 429 430 431
f 430 432 431
f 431 432 433
f 434 436 435
f 435 436 437
f 436 438 437
f 437 438 433
f 439 441 440
f 440 441 442
f 441 443 442
f 444 446 445
f 445 446 447
f 446 448 447
f 447 448 449
f 407 444 450
f 444 407 446
f 446 407 451
f 407 405 451
f 452 442 448
f 448 442 449
f 442 443 449
f 452 448 453
f 453 448 454
f 448 446 454
f 454 446 455
f 446 451 455
f 456 440 457
f 457 440 458
f 440 442 458
f 458 442 459
f 442 452 459
f 460 438 461
f 461 438 456
f 438 436 456
f 456 436 440
f 436 434 440
f 440 434 439
f 433 438 431
f 431 438 462
f 438 460 462
f 463 429 464
f 464 429 465
f 429 431 465
f 465 431 466
f 431 462 466
f 467 427 468
f 468 427 463
f 427 425 463
f 463 425 429
f 425 423 429
f 429 423 428
f 422 427 420
f 420 427 469
f 427 467 469
f 470 418 471
f 471 418 472
f 418 420 472
f 472 420 473
f 420 469 473
f 474 415 475
f 475 415 470
f 415 413 470
f 470 413 418
f 413 411 418
f 418 411 417
f 408 415 410
f 410 415 476
f 415 474 476
f 477 479 478
f 480 482 481
f 483 485 484
f 486 488 487
f 486 489 488
f 490 492 491
f 491 492 493
f 492 494 493
f 493 494 495
f 494 489 495
f 496 498 497
f 497 498 499
f 498 500 499
f 499 500 483
f 501 485 502
f 502 485 503
f 485 483 503
f 504 506 505
f 505 506 507
f 506 508 507
f 507 508 480
f 509 482 510
f 510 482 511
f 482 480 511
f 512 514 513
f 513 514 515
f 514 516 515
f 515 516 517
f 518 520 519
f 518 479 520
f 520 479 521
f 479 477 521
f 519 520 522
f 522 520 517
f 520 523 517
f 517 523 515
f 523 524 515
f 524 523 525
f 525 523 526
f 523 520 526
f 526 520 527
f 520 521 527
f 528 513 529
f 529 513 530
f 513 515 530
f 530 515 531
f 515 524 531
f 532 481 533
f 533 481 528
f 481 482 528
f 528 482 513
f 482 509 513
f 513 509 512
f 480 481 507
f 507 481 534
f 481 532 534
f 535 505 536
f 536 505 537
f 505 507 537
f 537 507 538
f 507 534 538
f 539 484 540
f 540 484 535
f 484 485 535
f 535 485 505
f 485 501 505
f 505 501 504
f 483 484 499
f 499 484 541
f 484 539 541
f 542 497 543
f 543 497 544
f 497 499 544
f 544 499 545
f 499 541 545
f 546 494 547
f 547 494 542
f 494 492 542
f 542 492 497
f 492 490 497
f 497 490 496
f 489 494 488
f 488 494 548
f 494 546 548
f 549 551 550
f 552 554 553
f 555 557 556
f 558 560 559
f 558 561 560
f 562 564 563
f 563 564 565
f 557 562 556
f 556 562 566
f 562 563 566
f 567 569 568
f 568 569 555
f 570 572 571
f 571 572 573
f 554 571 553
f 553 571 574
f 571 573 574
f 575 577 576
f 576 577 552
f 578 580 579
f 579 580 581
f 551 579 550
f 550 579 582
f 579 581 582
f 583 585 584
f 584 585 586
f 585 587 586
f 586 587 588
f 587 549 588
f 589 583 590
f 590 583 591
f 583 584 591
f 583 593 592
f 589 594 583
f 583 594 593
f 594 595 593
f 592 596 583
f 583 596 585
f 596 597 585
f 597 598 585
f 585 598 587
f 598 599 587
f 549 587 551
f 551 587 600
f 587 599 600
f 601 578 602
f 602 578 603
f 578 579 603
f 603 579 604
f 579 551 604
f 604 551 605
f 551 600 605
f 606 577 601
f 601 577 578
f 577 575 578
f 578 575 580
f 552 577 554
f 554 577 607
f 577 606 607
f 608 570 609
f 609 570 610
f 570 571 610
f 610 571 611
f 571 554 611
f 611 554 612
f 554 607 612
f 613 569 608
f 608 569 570
f 569 567 570
f 570 567 572
f 555 569 557
f 557 569 614
f 569 613 614
f 615 564 616
f 616 564 617
f 564 562 617
f 617 562 618
f 562 557 618
f 618 557 619
f 557 614 619
f 620 560 615
f 615 560 564
f 560 561 564
f 564 561 565
f 621 623 622
f 624 626 625
f 625 626 627
f 628 630 629
f 629 630 631
f 630 627 631
f 631 627 632
f 627 626 632
f 633 635 634
f 634 635 636
f 635 628 636
f 637 633 638
f 638 633 639
f 633 634 639
f 640 637 641
f 641 637 642
f 637 638 642
f 643 640 644
f 644 640 645
f 640 641 645
f 646 643 647
f 647 643 648
f 643 644 648
f 649 651 650
f 650 651 652
f 651 653 652
f 652 653 654
f 653 655 654
f 654 655 656
f 655 657 656
f 657 658 656
f 656 658 659
f 658 660 659
f 661 662 660
f 660 662 659
f 662 663 659
f 659 663 664
f 664 665 659
f 659 665 656
f 665 666 656
f 656 666 654
f 666 667 654
f 667 668 654
f 654 668 652
f 668 669 652
f 669 670 652
f 652 670 650
f 670 671 650
f 671 672 650
f 650 672 673
f 672 674 673
f 649 650 675
f 675 650 646
f 650 673 646
f 646 673 643
f 673 674 643
f 643 674 676
f 676 677 643
f 643 677 640
f 677 678 640
f 678 679 640
f 640 679 637
f 679 680 637
f 637 680 633
f 680 681 633
f 681 682 633
f 633 682 635
f 682 683 635
f 628 635 630
f 630 635 684
f 635 683 684
f 685 625 686
f 686 625 687
f 625 627 687
f 687 627 688
f 627 630 688
f 688 630 689
f 630 684 689
f 690 623 685
f 685 623 625
f 623 621 625
f 625 621 624
f 691 693 692
f 692 693 694
f 695 694 696
f 696 694 697
f 694 693 697
f 698 695 699
f 699 695 700
f 695 696 700
f 701 703 702
f 702 703 704
f 703 698 704
f 704 698 705
f 698 699 705
f 706 701 707
f 707 701 708
f 701 702 708
f 709 706 710
f 710 706 711
f 706 707 711
f 712 714 713
f 713 714 715
f 714 709 715
f 715 709 716
f 709 710 716
f 717 712 718
f 718 712 719
f 712 713 719
f 720 717 721
f 721 717 722
f 717 718 722
f 723 725 724
f 724 725 726
f 725 727 726
f 726 727 728
f 727 720 728
f 728 720 729
f 720 721 729
f 730 723 731
f 725 733 732
f 723 730 725
f 725 730 733
f 730 734 733
f 732 735 725
f 725 735 727
f 735 736 727
f 736 737 727
f 727 737 720
f 737 738 720
f 738 739 720
f 720 739 717
f 739 740 717
f 717 740 712
f 740 741 712
f 741 742 712
f 712 742 714
f 742 743 714
f 743 744 714
f 714 744 709
f 744 745 709
f 745 746 709
f 709 746 706
f 746 747 706
f 706 747 701
f 747 748 701
f 748 749 701
f 701 749 703
f 749 750 703
f 750 751 703
f 703 751 698
f 751 752 698
f 752 753 698
f 698 753 695
f 753 754 695
f 695 754 694
f 754 755 694
f 755 756 694
f 694 756 692
f 756 757 692
f 758 760 759
f 759 760 761
f 760 762 761
f 763 758 764
f 764 758 765
f 758 759 765
f 766 768 767
f 767 768 769
f 768 763 769
f 769 763 770
f 763 764 770
f 771 766 772
f 772 766 773
f 766 767 773
f 774 771 775
f 775 771 776
f 771 772 776
f 777 779 778
f 778 779 780
f 779 774 780
f 780 774 781
f 774 775 781
f 782 777 783
f 783 777 784
f 777 778 784
f 785 782 786
f 786 782 787
f 782 783 787
f 788 790 789
f 789 790 791
f 790 792 791
f 791 792 793
f 792 785 793
f 793 785 794
f 785 786 794
f 795 788 796
f 790 798 797
f 788 795 790
f 790 795 798
f 795 799 798
f 797 800 790
f 790 800 792
f 800 801 792
f 801 802 792
f 792 802 785
f 802 803 785
f 803 804 785
f 785 804 782
f 804 805 782
f 805 806 782
f 782 806 777
f 806 807 777
f 807 808 777
f 777 808 779
f 808 809 779
f 809 810 779
f 779 810 774
f 810 811 774
f 811 812 774
f 774 812 771
f 812 813 771
f 813 814 771
f 771 814 766
f 814 815 766
f 815 816 766
f 766 816 768
f 816 817 768
f 768 817 763
f 817 818 763
f 818 819 763
f 763 819 758
f 819 820 758
f 821 822 760
f 760 822 762
f 822 823 762
f 820 824 758
f 758 824 760
f 824 825 760
f 760 825 821
f 825 826 821
f 827 829 828
f 830 832 831
f 831 832 833
f 832 834 833
f 834 835 833
f 833 835 836
f 835 837 836
f 837 838 836
f 836 838 839
f 838 840 839
f 839 840 841
f 840 842 841
f 842 843 841
f 841 843 844
f 843 845 844
f 845 846 844
f 844 846 847
f 846 848 847
f 847 848 849
f 848 850 849
f 850 851 849
f 849 851 852
f 851 853 852
f 853 854 852
f 852 854 855
f 854 856 855
f 855 856 857
f 856 858 857
f 858 859 857
f 857 859 860
f 859 861 860
f 861 862 860
f 860 862 863
f 862 864 863
f 863 864 865
f 864 866 865
f 867 865 827
f 827 865 829
f 865 866 829
f 829 866 868
f 866 869 868
f 868 869 870
f 867 871 865
f 865 871 863
f 871 872 863
f 872 873 863
f 863 873 860
f 873 874 860
f 874 875 860
f 860 875 857
f 875 876 857
f 857 876 855
f 876 877 855
f 877 878 855
f 855 878 852
f 878 879 852
f 879 880 852
f 852 880 849
f 880 881 849
f 881 882 849
f 849 882 847
f 882 883 847
f 847 883 844
f 883 884 844
f 884 885 844
f 844 885 841
f 885 886 841
f 886 887 841
f 841 887 839
f 887 888 839
f 888 889 839
f 839 889 836
f 889 890 836
f 836 890 833
f 890 891 833
f 891 892 833
f 833 892 831
f 892 893 831
f 894 896 895
f 897 899 898
f 897 900 899
f 899 900 901
f 900 902 901
f 902 903 901
f 901 903 904
f 903 905 904
f 905 906 904
f 904 906 907
f 906 908 907
f 907 908 909
f 908 910 909
f 910 911 909
f 909 911 912
f 911 913 912
f 913 914 912
f 912 914 915
f 914 916 915
f 916 917 915
f 915 917 918
f 917 919 918
f 920 922 921
f 921 922 923
f 922 924 923
f 923 924 925
f 924 919 925
f 926 928 927
f 927 928 929
f 928 930 929
f 929 930 894
f 931 926 932
f 928 934 933
f 926 931 928
f 928 931 934
f 931 935 934
f 933 936 928
f 928 936 930
f 936 937 930
f 894 930 896
f 896 930 938
f 930 937 938
f 939 896 940
f 940 896 941
f 896 938 941
f 895 896 920
f 920 896 922
f 896 939 922
f 922 939 924
f 939 942 924
f 919 924 918
f 918 924 943
f 924 942 943
f 912 915 944
f 944 915 945
f 915 918 945
f 945 918 946
f 918 943 946
f 947 909 948
f 948 909 949
f 909 912 949
f 949 912 950
f 912 944 950
f 947 951 909
f 909 951 907
f 951 952 907
f 907 952 904
f 952 953 904
f 904 953 901
f 953 954 901
f 954 955 901
f 901 955 899
f 955 956 899
f 899 956 898
f 956 957 898
f 958 960 959
f 959 960 961
f 962 961 963
f 963 961 964
f 961 960 964
f 965 962 966
f 966 962 967
f 962 963 967
f 968 970 969
f 969 970 971
f 970 965 971
f 971 965 972
f 965 966 972
f 973 968 974
f 974 968 975
f 968 969 975
f 976 973 977
f 977 973 978
f 973 974 978
f 979 981 980
f 980 981 982
f 981 976 982
f 982 976 983
f 976 977 983
f 984 979 985
f 985 979 986
f 979 980 986
f 987 984 988
f 988 984 989
f 984 985 989
f 990 992 991
f 991 992 993
f 992 994 993
f 993 994 995
f 994 987 995
f 995 987 996
f 987 988 996
f 997 990 998
f 992 1000 999
f 990 997 992
f 992 997 1000
f 997 1001 1000
f 999 1002 992
f 992 1002 994
f 1002 1003 994
f 1003 1004 994
f 994 1004 987
f 1004 1005 987
f 1005 1006 987
f 987 1006 984
f 1006 1007 984
f 984 1007 979
f 1007 1008 979
f 1008 1009 979
f 979 1009 981
f 1009 1010 981
f 1010 1011 981
f 981 1011 976
f 1011 1012 976
f 1012 1013 976
f 976 1013 973
f 1013 1014 973
f 973 1014 968
f 1014 1015 968
f 1015 1016 968
f 968 1016 970
f 1016 1017 970
f 1017 1018 970
f 970 1018 965
f 1018 1019 965
f 1019 1020 965
f 965 1020 962
f 1020 1021 962
f 962 1021 961
f 1021 1022 961
f 1022 1023 961
f 961 1023 959
f 1023 1024 959
f 1025 1027 1026
f 1028 1030 1029
f 1031 1033 1032
f 1032 1033 1034
f 1035 1034 1036
f 1036 1034 1037
f 1034 1033 1037
f 1028 1029 1038
f 1038 1029 1039
f 1029 1035 1039
f 1039 1035 1040
f 1035 1036 1040
f 1041 1030 1042
f 1042 1030 1043
f 1030 1028 1043
f 1044 1041 1045
f 1045 1041 1046
f 1041 1042 1046
f 1047 1049 1048
f 1048 1049 1050
f 1049 1044 1050
f 1050 1044 1051
f 1044 1045 1051
f 1052 1025 1053
f 1053 1054 1052
f 1052 1054 1055
f 1054 1056 1055
f 1055 1056 1057
f 1056 1058 1057
f 1058 1059 1057
f 1057 1059 1060
f 1059 1061 1060
f 1061 1062 1060
f 1060 1062 1063
f 1062 1064 1063
f 1065 1067 1066
f 1066 1067 1064
f 1068 1065 1069
f 1067 1071 1070
f 1065 1068 1067
f 1067 1068 1071
f 1068 1072 1071
f 1064 1067 1063
f 1063 1067 1073
f 1067 1070 1073
f 1074 1060 1075
f 1075 1060 1076
f 1060 1063 1076
f 1076 1063 1077
f 1063 1073 1077
f 1074 1078 1060
f 1060 1078 1057
f 1078 1079 1057
f 1079 1080 1057
f 1057 1080 1055
f 1080 1081 1055
f 1081 1082 1055
f 1055 1082 1052
f 1082 1083 1052
f 1025 1052 1027
f 1027 1052 1084
f 1052 1083 1084
f 1085 1027 1086
f 1086 1027 1087
f 1027 1084 1087
f 1026 1027 1047
f 1047 1027 1049
f 1027 1085 1049
f 1049 1085 1044
f 1085 1088 1044
f 1088 1089 1044
f 1044 1089 1041
f 1089 1090 1041
f 1090 1091 1041
f 1041 1091 1030
f 1091 1092 1030
f 1030 1092 1029
f 1092 1093 1029
f 1093 1094 1029
f 1029 1094 1035
f 1094 1095 1035
f 1035 1095 1034
f 1095 1096 1034
f 1034 1096 1032
f 1096 1097 1032
f 1098 1100 1099
f 1101 1103 1102
f 1104 1106 1105
f 1105 1106 1107
f 1108 1107 1109
f 1109 1107 1110
f 1107 1106 1110
f 1111 1108 1112
f 1112 1108 1113
f 1108 1109 1113
f 1114 1111 1115
f 1115 1111 1116
f 1111 1112 1116
f 1117 1119 1118
f 1118 1119 1120
f 1119 1114 1120
f 1120 1114 1121
f 1114 1115 1121
f 1122 1117 1123
f 1123 1117 1124
f 1117 1118 1124
f 1125 1127 1126
f 1126 1127 1128
f 1127 1122 1128
f 1128 1122 1129
f 1122 1123 1129
f 1130 1132 1131
f 1131 1132 1133
f 1132 1134 1133
f 1133 1134 1125
f 1135 1101 1136
f 1136 1137 1135
f 1135 1137 1138
f 1137 1139 1138
f 1138 1139 1140
f 1139 1141 1140
f 1141 1142 1140
f 1140 1142 1100
f 1142 1143 1100
f 1098 1144 1100
f 1100 1144 1140
f 1144 1145 1140
f 1140 1145 1138
f 1145 1146 1138
f 1146 1147 1138
f 1138 1147 1135
f 1147 1148 1135
f 1101 1135 1103
f 1103 1135 1149
f 1135 1148 1149
f 1150 1103 1151
f 1151 1103 1152
f 1103 1149 1152
f 1102 1103 1130
f 1130 1103 1132
f 1103 1150 1132
f 1132 1150 1134
f 1150 1153 1134
f 1125 1134 1127
f 1127 1134 1154
f 1134 1153 1154
f 1117 1122 1155
f 1155 1122 1156
f 1122 1127 1156
f 1156 1127 1157
f 1127 1154 1157
f 1158 1119 1159
f 1159 1119 1160
f 1119 1117 1160
f 1160 1117 1161
f 1117 1155 1161
f 1158 1162 1119
f 1119 1162 1114
f 1162 1163 1114
f 1114 1163 1111
f 1163 1164 1111
f 1111 1164 1108
f 1164 1165 1108
f 1165 1166 1108
f 1108 1166 1107
f 1166 1167 1107
f 1107 1167 1105
f 1167 1168 1105
f 1169 1171 1170
f 1170 1171 1172
f 1173 1172 1174
f 1174 1172 1175
f 1172 1171 1175
f 1176 1173 1177
f 1177 1173 1178
f 1173 1174 1178
f 1179 1176 1180
f 1180 1176 1181
f 1176 1177 1181
f 1182 1184 1183
f 1183 1184 1185
f 1184 1179 1185
f 1185 1179 1186
f 1179 1180 1186
f 1187 1182 1188
f 1188 1182 1189
f 1182 1183 1189
f 1190 1187 1191
f 1191 1187 1192
f 1187 1188 1192
f 1193 1195 1194
f 1194 1195 1196
f 1195 1190 1196
f 1196 1190 1197
f 1190 1191 1197
f 1198 1193 1199
f 1199 1193 1200
f 1193 1194 1200
f 1201 1198 1202
f 1202 1198 1203
f 1198 1199 1203
f 1204 1206 1205
f 1205 1206 1207
f 1206 1208 1207
f 1207 1208 1209
f 1208 1201 1209
f 1209 1201 1210
f 1201 1202 1210
f 1211 1204 1212
f 1204 1211 1206
f 1206 1211 1213
f 1211 1214 1213
f 1215 1208 1216
f 1216 1208 1217
f 1208 1206 1217
f 1217 1206 1218
f 1206 1213 1218
f 1215 1219 1208
f 1208 1219 1201
f 1219 1220 1201
f 1201 1220 1198
f 1220 1221 1198
f 1221 1222 1198
f 1198 1222 1193
f 1222 1223 1193
f 1193 1223 1195
f 1223 1224 1195
f 1224 1225 1195
f 1195 1225 1190
f 1225 1226 1190
f 1226 1227 1190
f 1190 1227 1187
f 1227 1228 1187
f 1228 1229 1187
f 1187 1229 1182
f 1229 1230 1182
f 1182 1230 1184
f 1230 1231 1184
f 1231 1232 1184
f 1184 1232 1179
f 1232 1233 1179
f 1233 1234 1179
f 1179 1234 1176
f 1234 1235 1176
f 1235 1236 1176
f 1176 1236 1173
f 1236 1237 1173
f 1173 1237 1172
f 1237 1238 1172
f 1238 1239 1172
f 1172 1239 1170
f 1239 1240 1170
f 1241 1243 1242
f 1244 1246 1245
f 1245 1246 1247
f 1246 1248 1247
f 1247 1248 1249
f 1248 1241 1249
f 1250 1252 1251
f 1251 1252 1253
f 1252 1254 1253
f 1253 1254 1255
f 1256 1258 1257
f 1257 1258 1259
f 1258 1260 1259
f 1259 1260 1255
f 1261 1263 1262
f 1262 1263 1264
f 1263 1265 1264
f 1264 1265 1266
f 1267 1269 1268
f 1268 1269 1270
f 1269 1271 1270
f 1270 1271 1266
f 1272 1274 1273
f 1273 1274 1275
f 1276 1275 1277
f 1277 1275 1278
f 1275 1274 1278
f 1279 1281 1280
f 1280 1282 1279
f 1279 1282 1283
f 1282 1284 1283
f 1285 1276 1279
f 1279 1276 1281
f 1276 1277 1281
f 1285 1279 1286
f 1286 1279 1287
f 1279 1283 1287
f 1287 1283 1288
f 1283 1289 1288
f 1273 1275 1290
f 1290 1275 1291
f 1275 1276 1291
f 1291 1276 1292
f 1276 1285 1292
f 1293 1273 1294
f 1294 1273 1295
f 1273 1290 1295
f 1296 1271 1297
f 1297 1271 1293
f 1271 1269 1293
f 1293 1269 1273
f 1269 1267 1273
f 1273 1267 1272
f 1266 1271 1264
f 1264 1271 1298
f 1271 1296 1298
f 1299 1262 1300
f 1300 1262 1301
f 1262 1264 1301
f 1301 1264 1302
f 1264 1298 1302
f 1303 1260 1304
f 1304 1260 1299
f 1260 1258 1299
f 1299 1258 1262
f 1258 1256 1262
f 1262 1256 1261
f 1255 1260 1253
f 1253 1260 1305
f 1260 1303 1305
f 1306 1251 1307
f 1307 1251 1308
f 1251 1253 1308
f 1308 1253 1309
f 1253 1305 1309
f 1310 1248 1311
f 1311 1248 1306
f 1248 1246 1306
f 1306 1246 1251
f 1246 1244 1251
f 1251 1244 1250
f 1241 1248 1243
f 1243 1248 1312
f 1248 1310 1312
f 1313 1315 1314
f 1316 1318 1317
f 1319 1321 1320
f 1322 1324 1323
f 1322 1325 1324
f 1326 1328 1327
f 1327 1328 1329
f 1320 1331 1330
f 1330 1331 1332
f 1331 1326 1332
f 1332 1326 1333
f 1326 1327 1333
f 1319 1334 1321
f 1335 1337 1336
f 1336 1337 1338
f 1337 1339 1338
f 1338 1339 1317
f 1316 1340 1318
f 1341 1343 1342
f 1342 1343 1344
f 1343 1345 1344
f 1344 1345 1314
f 1313 1346 1315
f 1347 1349 1348
f 1347 1350 1349
f 1349 1350 1351
f 1350 1352 1351
f 1353 1355 1354
f 1354 1355 1356
f 1355 1349 1356
f 1356 1349 1357
f 1349 1351 1357
f 1358 1315 1353
f 1353 1315 1355
f 1315 1346 1355
f 1355 1346 1349
f 1346 1359 1349
f 1349 1359 1348
f 1314 1315 1344
f 1344 1315 1360
f 1315 1358 1360
f 1361 1363 1362
f 1362 1363 1364
f 1363 1342 1364
f 1364 1342 1365
f 1342 1344 1365
f 1365 1344 1366
f 1344 1360 1366
f 1367 1318 1361
f 1361 1318 1363
f 1318 1340 1363
f 1363 1340 1342
f 1340 1368 1342
f 1342 1368 1341
f 1317 1318 1338
f 1338 1318 1369
f 1318 1367 1369
f 1370 1372 1371
f 1371 1372 1373
f 1372 1336 1373
f 1373 1336 1374
f 1336 1338 1374
f 1374 1338 1375
f 1338 1369 1375
f 1376 1321 1370
f 1370 1321 1372
f 1321 1334 1372
f 1372 1334 1336
f 1334 1377 1336
f 1336 1377 1335
f 1320 1321 1331
f 1331 1321 1378
f 1321 1376 1378
f 1379 1328 1380
f 1380 1328 1381
f 1328 1326 1381
f 1381 1326 1382
f 1326 1331 1382
f 1382 1331 1383
f 1331 1378 1383
f 1384 1324 1379
f 1379 1324 1328
f 1324 1325 1328
f 1328 1325 1329
f 1385 1387 1386
f 1388 1390 1389
f 1391 1393 1392
f 1394 1396 1395
f 1394 1397 1396
f 1398 1400 1399
f 1399 1400 1401
f 1392 1403 1402
f 1402 1403 1404
f 1403 1398 1404
f 1404 1398 1405
f 1398 1399 1405
f 1391 1406 1393
f 1407 1409 1408
f 1408 1409 1410
f 1409 1411 1410
f 1410 1411 1389
f 1388 1412 1390
f 1413 1415 1414
f 1414 1415 1416
f 1415 1417 1416
f 1416 1417 1386
f 1385 1418 1387
f 1419 1421 1420
f 1419 1422 1421
f 1421 1422 1423
f 1422 1424 1423
f 1425 1427 1426
f 1426 1427 1428
f 1427 1421 1428
f 1428 1421 1429
f 1421 1423 1429
f 1430 1387 1425
f 1425 1387 1427
f 1387 1418 1427
f 1427 1418 1421
f 1418 1431 1421
f 1421 1431 1420
f 1386 1387 1416
f 1416 1387 1432
f 1387 1430 1432
f 1433 1435 1434
f 1434 1435 1436
f 1435 1414 1436
f 1436 1414 1437
f 1414 1416 1437
f 1437 1416 1438
f 1416 1432 1438
f 1439 1390 1433
f 1433 1390 1435
f 1390 1412 1435
f 1435 1412 1414
f 1412 1440 1414
f 1414 1440 1413
f 1389 1390 1410
f 1410 1390 1441
f 1390 1439 1441
f 1442 1444 1443
f 1443 1444 1445
f 1444 1408 1445
f 1445 1408 1446
f 1408 1410 1446
f 1446 1410 1447
f 1410 1441 1447
f 1448 1393 1442
f 1442 1393 1444
f 1393 1406 1444
f 1444 1406 1408
f 1406 1449 1408
f 1408 1449 1407
f 1392 1393 1403
f 1403 1393 1450
f 1393 1448 1450
f 1451 1400 1452
f 1452 1400 1453
f 1400 1398 1453
f 1453 1398 1454
f 1398 1403 1454
f 1454 1403 1455
f 1403 1450 1455
f 1456 1396 1451
f 1451 1396 1400
f 1396 1397 1400
f 1400 1397 1401
f 1457 1459 1458
f 1460 1462 1461
f 1461 1462 1463
f 1462 1464 1463
f 1465 1467 1466
f 1466 1467 1468
f 1467 1460 1468
f 1468 1460 1469
f 1460 1461 1469
f 1470 1472 1471
f 1473 1475 1474
f 1474 1475 1476
f 1475 1477 1476
f 1478 1480 1479
f 1479 1480 1481
f 1480 1482 1481
f 1483 1485 1484
f 1484 1485 1486
f 1485 1487 1486
f 1458 1487 1488
f 1488 1487 1489
f 1487 1485 1489
f 1457 1490 1459
f 1491 1493 1492
f 1492 1493 1494
f 1495 1497 1496
f 1496 1497 1498
f 1497 1493 1498
f 1498 1493 1499
f 1493 1491 1499
f 1499 1491 1500
f 1501 1459 1495
f 1495 1459 1497
f 1459 1490 1497
f 1497 1490 1493
f 1490 1502 1493
f 1493 1502 1494
f 1458 1459 1487
f 1487 1459 1503
f 1459 1501 1503
f 1504 1484 1505
f 1505 1484 1506
f 1484 1486 1506
f 1506 1486 1507
f 1486 1487 1507
f 1507 1487 1508
f 1487 1503 1508
f 1509 1480 1504
f 1504 1480 1484
f 1480 1478 1484
f 1484 1478 1483
f 1476 1511 1510
f 1510 1511 1512
f 1477 1482 1476
f 1476 1482 1511
f 1482 1480 1511
f 1511 1480 1512
f 1480 1509 1512
f 1513 1474 1514
f 1514 1474 1515
f 1474 1476 1515
f 1515 1476 1516
f 1476 1510 1516
f 1517 1472 1513
f 1513 1472 1474
f 1472 1470 1474
f 1474 1470 1473
f 1517 1518 1472
f 1472 1518 1519
f 1518 1520 1519
f 1471 1472 1521
f 1521 1472 1465
f 1472 1519 1465
f 1465 1519 1467
f 1519 1520 1467
f 1467 1520 1522
f 1522 1523 1467
f 1467 1523 1460
f 1523 1524 1460
f 1460 1524 1462
f 1524 1525 1462
f 1526 1528 1527
f 1529 1531 1530
f 1529 1532 1531
f 1533 1535 1534
f 1534 1535 1536
f 1537 1539 1538
f 1538 1539 1540
f 1539 1533 1540
f 1540 1533 1541
f 1533 1534 1541
f 1542 1544 1543
f 1543 1544 1545
f 1546 1548 1547
f 1547 1548 1549
f 1548 1542 1549
f 1549 1542 1550
f 1542 1543 1550
f 1551 1553 1552
f 1552 1553 1554
f 1553 1546 1554
f 1555 1557 1556
f 1556 1557 1558
f 1557 1551 1558
f 1558 1551 1559
f 1551 1552 1559
f 1560 1562 1561
f 1561 1562 1563
f 1562 1564 1563
f 1563 1564 1527
f 1526 1565 1528
f 1566 1568 1567
f 1569 1571 1570
f 1570 1571 1572
f 1571 1573 1572
f 1572 1573 1574
f 1573 1566 1574
f 1575 1577 1576
f 1575 1578 1577
f 1577 1578 1579
f 1578 1580 1579
f 1581 1583 1582
f 1582 1583 1584
f 1583 1577 1584
f 1584 1577 1585
f 1577 1579 1585
f 1586 1571 1581
f 1581 1571 1583
f 1571 1569 1583
f 1583 1569 1577
f 1569 1587 1577
f 1577 1587 1576
f 1586 1588 1571
f 1571 1588 1573
f 1588 1589 1573
f 1566 1573 1568
f 1568 1573 1590
f 1573 1589 1590
f 1591 1593 1592
f 1592 1593 1594
f 1593 1568 1594
f 1594 1568 1595
f 1568 1590 1595
f 1596 1528 1591
f 1591 1528 1593
f 1528 1565 1593
f 1593 1565 1568
f 1565 1597 1568
f 1568 1597 1567
f 1527 1528 1563
f 1563 1528 1598
f 1528 1596 1598
f 1599 1601 1600
f 1600 1601 1602
f 1601 1561 1602
f 1602 1561 1603
f 1561 1563 1603
f 1603 1563 1604
f 1563 1598 1604
f 1605 1557 1599
f 1599 1557 1601
f 1557 1555 1601
f 1601 1555 1561
f 1555 1606 1561
f 1561 1606 1560
f 1605 1607 1557
f 1557 1607 1551
f 1607 1608 1551
f 1551 1608 1553
f 1608 1609 1553
f 1546 1553 1548
f 1548 1553 1610
f 1553 1609 1610
f 1611 1544 1612
f 1612 1544 1613
f 1544 1542 1613
f 1613 1542 1614
f 1542 1548 1614
f 1614 1548 1615
f 1548 1610 1615
f 1616 1539 1611
f 1611 1539 1544
f 1539 1537 1544
f 1544 1537 1545
f 1616 1617 1539
f 1539 1617 1533
f 1617 1618 1533
f 1533 1618 1535
f 1618 1619 1535
f 1536 1535 1532
f 1532 1535 1531
f 1535 1619 1531
f 1531 1619 1620
f 1619 1621 1620
f 1620 1621 1622
f 1623 1625 1624
f 1626 1628 1627
f 1627 1628 1629
f 1628 1630 1629
f 1631 1633 1632
f 1633 1631 1634
f 1634 1631 1635
f 1631 1626 1635
f 1635 1626 1636
f 1626 1627 1636
f 1637 1639 1638
f 1638 1639 1640
f 1639 1632 1640
f 1640 1632 1641
f 1632 1633 1641
f 1642 1644 1643
f 1643 1644 1645
f 1644 1646 1645
f 1645 1646 1624
f 1623 1647 1625
f 1648 1650 1649
f 1651 1653 1652
f 1652 1653 1654
f 1653 1655 1654
f 1654 1655 1656
f 1655 1648 1656
f 1657 1659 1658
f 1660 1662 1661
f 1661 1662 1663
f 1662 1664 1663
f 1663 1664 1665
f 1664 1657 1665
f 1666 1668 1667
f 1666 1669 1668
f 1668 1669 1670
f 1669 1671 1670
f 1672 1674 1673
f 1673 1674 1675
f 1674 1668 1675
f 1675 1668 1676
f 1668 1670 1676
f 1662 1678 1677
f 1678 1662 1672
f 1672 1662 1674
f 1662 1660 1674
f 1674 1660 1668
f 1660 1679 1668
f 1668 1679 1667
f 1677 1680 1662
f 1662 1680 1664
f 1680 1681 1664
f 1657 1664 1659
f 1659 1664 1682
f 1664 1681 1682
f 1683 1685 1684
f 1684 1685 1686
f 1685 1659 1686
f 1686 1659 1687
f 1659 1682 1687
f 1688 1653 1683
f 1683 1653 1685
f 1653 1651 1685
f 1685 1651 1659
f 1651 1689 1659
f 1659 1689 1658
f 1688 1690 1653
f 1653 1690 1655
f 1690 1691 1655
f 1648 1655 1650
f 1650 1655 1692
f 1655 1691 1692
f 1693 1695 1694
f 1694 1695 1696
f 1695 1650 1696
f 1696 1650 1697
f 1650 1692 1697
f 1698 1625 1693
f 1693 1625 1695
f 1625 1647 1695
f 1695 1647 1650
f 1647 1699 1650
f 1650 1699 1649
f 1624 1625 1645
f 1645 1625 1700
f 1625 1698 1700
f 1701 1703 1702
f 1702 1703 1704
f 1703 1643 1704
f 1704 1643 1705
f 1643 1645 1705
f 1705 1645 1706
f 1645 1700 1706
f 1707 1639 1701
f 1701 1639 1703
f 1639 1637 1703
f 1703 1637 1643
f 1637 1708 1643
f 1643 1708 1642
f 1707 1709 1639
f 1639 1709 1632
f 1709 1710 1632
f 1632 1710 1631
f 1710 1711 1631
f 1711 1712 1631
f 1631 1712 1626
f 1712 1713 1626
f 1626 1713 1628
f 1713 1714 1628
f 1715 1717 1716
f 1718 1720 1719
f 1721 1723 1722
f 1724 1726 1725
f 1725 1726 1727
f 1726 1728 1727
f 1727 1728 1729
f 1728 1721 1729
f 1730 1732 1731
f 1731 1732 1720
f 1732 1733 1720
f 1720 1733 1719
f 1734 1736 1735
f 1735 1736 1737
f 1736 1738 1737
f 1737 1738 1739
f 1738 1718 1739
f 1740 1742 1741
f 1741 1742 1743
f 1742 1744 1743
f 1745 1747 1746
f 1746 1748 1745
f 1745 1748 1749
f 1748 1750 1749
f 1751 1753 1752
f 1752 1753 1754
f 1753 1755 1754
f 1754 1755 1756
f 1755 1757 1756
f 1758 1760 1759
f 1759 1760 1761
f 1760 1762 1761
f 1763 1717 1764
f 1764 1717 1762
f 1765 1763 1766
f 1766 1767 1765
f 1765 1767 1768
f 1767 1769 1768
f 1768 1769 1770
f 1769 1771 1770
f 1771 1772 1770
f 1770 1772 1773
f 1772 1774 1773
f 1773 1774 1775
f 1774 1776 1775
f 1777 1779 1778
f 1779 1777 1780
f 1780 1777 1781
f 1777 1782 1781
f 1781 1782 1783
f 1782 1784 1783
f 1785 1787 1786
f 1786 1787 1788
f 1787 1778 1788
f 1788 1778 1789
f 1778 1779 1789
f 1763 1765 1717
f 1717 1765 1716
f 1765 1790 1716
f 1762 1717 1761
f 1761 1717 1791
f 1717 1715 1791
f 1792 1753 1793
f 1793 1753 1759
f 1753 1751 1759
f 1759 1751 1758
f 1793 1759 1794
f 1794 1759 1795
f 1759 1761 1795
f 1795 1761 1796
f 1761 1791 1796
f 1797 1749 1755
f 1755 1749 1757
f 1749 1750 1757
f 1797 1755 1798
f 1798 1755 1799
f 1755 1753 1799
f 1799 1753 1800
f 1753 1792 1800
f 1801 1743 1745
f 1745 1743 1747
f 1743 1744 1747
f 1801 1745 1802
f 1802 1745 1803
f 1745 1749 1803
f 1803 1749 1804
f 1749 1797 1804
f 1805 1741 1806
f 1806 1741 1807
f 1741 1743 1807
f 1807 1743 1808
f 1743 1801 1808
f 1809 1738 1810
f 1810 1738 1805
f 1738 1736 1805
f 1805 1736 1741
f 1736 1734 1741
f 1741 1734 1740
f 1718 1738 1720
f 1720 1738 1811
f 1738 1809 1811
f 1812 1731 1813
f 1813 1731 1814
f 1731 1720 1814
f 1814 1720 1815
f 1720 1811 1815
f 1816 1728 1817
f 1817 1728 1812
f 1728 1726 1812
f 1812 1726 1731
f 1726 1724 1731
f 1731 1724 1730
f 1721 1728 1723
f 1723 1728 1818
f 1728 1816 1818
f 1782 1777 1775
f 1775 1777 1773
f 1777 1778 1773
f 1773 1778 1770
f 1778 1787 1770
f 1770 1787 1768
f 1787 1785 1768
f 1768 1785 1765
f 1785 1819 1765
f 1765 1819 1790
f 1820 1822 1821
f 1823 1825 1824
f 1826 1828 1827
f 1827 1828 1829
f 1830 1832 1831
f 1831 1832 1833
f 1832 1829 1833
f 1833 1829 1834
f 1829 1828 1834
f 1835 1837 1836
f 1836 1837 1838
f 1837 1830 1838
f 1838 1830 1839
f 1830 1831 1839
f 1840 1835 1841
f 1841 1842 1840
f 1840 1842 1843
f 1842 1844 1843
f 1844 1845 1843
f 1843 1845 1846
f 1845 1847 1846
f 1846 1847 1848
f 1847 1849 1848
f 1849 1850 1848
f 1848 1850 1851
f 1850 1852 1851
f 1852 1853 1851
f 1851 1853 1854
f 1853 1855 1854
f 1855 1856 1854
f 1854 1856 1857
f 1856 1858 1857
f 1859 1823 1860
f 1860 1861 1859
f 1859 1861 1862
f 1861 1863 1862
f 1863 1864 1862
f 1862 1864 1865
f 1864 1866 1865
f 1865 1866 1867
f 1866 1868 1867
f 1868 1869 1867
f 1867 1869 1870
f 1869 1871 1870
f 1871 1872 1870
f 1870 1872 1873
f 1872 1874 1873
f 1874 1875 1873
f 1873 1875 1876
f 1875 1877 1876
f 1876 1877 1822
f 1877 1878 1822
f 1878 1879 1822
f 1822 1879 1880
f 1879 1881 1880
f 1822 1880 1821
f 1821 1880 1882
f 1880 1883 1882
f 1820 1884 1822
f 1822 1884 1876
f 1884 1885 1876
f 1876 1885 1873
f 1885 1886 1873
f 1886 1887 1873
f 1873 1887 1870
f 1887 1888 1870
f 1888 1889 1870
f 1870 1889 1867
f 1889 1890 1867
f 1890 1891 1867
f 1867 1891 1865
f 1891 1892 1865
f 1865 1892 1862
f 1892 1893 1862
f 1893 1894 1862
f 1862 1894 1859
f 1894 1895 1859
f 1823 1859 1825
f 1825 1859 1896
f 1859 1895 1896
f 1897 1825 1898
f 1898 1825 1899
f 1825 1896 1899
f 1824 1825 1858
f 1858 1825 1857
f 1825 1897 1857
f 1857 1897 1854
f 1897 1900 1854
f 1900 1901 1854
f 1854 1901 1851
f 1901 1902 1851
f 1902 1903 1851
f 1851 1903 1848
f 1903 1904 1848
f 1848 1904 1846
f 1904 1905 1846
f 1905 1906 1846
f 1846 1906 1843
f 1906 1907 1843
f 1907 1908 1843
f 1843 1908 1840
f 1908 1909 1840
f 1835 1840 1837
f 1837 1840 1910
f 1840 1909 1910
f 1911 1913 1912
f 1912 1913 1914
f 1913 1915 1914
f 1916 1918 1917
f 1917 1918 1919
f 1918 1914 1919
f 1919 1914 1920
f 1914 1915 1920
f 1918 1916 1921
f 1921 1916 1922
f 1916 1923 1922
f 1827 1829 1922
f 1922 1829 1921
f 1829 1832 1921
f 1921 1832 1918
f 1832 1830 1918
f 1918 1830 1914
f 1830 1837 1914
f 1914 1837 1912
f 1837 1910 1912
f 1912 1910 1911
f 1924 1926 1925
f 1925 1926 1927
f 1926 1928 1927
f 1927 1928 1929
f 1928 1930 1929
f 1929 1930 1931
f 1930 1932 1931
f 1931 1932 1933
f 1932 1934 1933
f 1933 1934 1935
f 1934 1936 1935
f 1935 1936 1937
f 1936 1938 1937
f 1937 1938 1939
f 1938 1940 1939
f 1939 1940 1941
f 1940 1942 1941
f 1941 1942 1943
f 1942 1944 1943
f 1943 1944 1945
f 1944 1946 1945
f 1945 1946 1947
f 1946 1948 1947
f 1947 1948 1949
f 1948 1950 1949
f 1949 1950 1951
f 1950 1952 1951
f 1951 1952 1953
f 1952 1954 1953
f 1953 1954 1955
f 1954 1956 1955
f 1955 1956 1957
f 1956 1958 1957
f 1957 1958 1959
f 1960 1962 1961
f 1961 1962 1963
f 1962 1964 1963
f 1963 1964 1965
f 1964 1966 1965
f 1965 1966 1967
f 1966 1968 1967
f 1967 1968 1969
f 1968 1970 1969
f 1969 1970 1971
f 1970 1972 1971
f 1971 1972 1973
f 1972 1974 1973
f 1973 1974 1975
f 1974 1976 1975
f 1975 1976 1977
f 1976 1978 1977
f 1977 1978 1979
f 1978 1980 1979
f 1979 1980 1981
f 1980 1982 1981
f 1981 1982 1983
f 1982 1984 1983
f 1983 1984 1985
f 1984 1986 1985
f 1985 1986 1987
f 1986 1988 1987
f 1987 1988 1989
f 1988 1990 1989
f 1989 1990 1991
f 1990 1992 1991
f 1991 1992 1993
f 1992 1994 1993
f 1993 1994 1995
f 1996 1998 1997
f 1997 1998 1999
f 1998 2000 1999
f 2000 2001 1999
f 1999 2001 2002
f 2001 2003 2002
f 2003 2001 2004
f 2004 2001 2005
f 2001 2006 2005
f 2005 2006 2007
f 2006 2008 2007
f 2009 2011 2010
f 2010 2011 2012
f 2013 2015 2014
f 2016 2018 2017
f 2013 2016 2015
f 2015 2016 2019
f 2016 2017 2019
f 2012 2011 2020
f 2020 2011 2016
f 2011 2021 2016
f 2016 2021 2018
f 2022 2024 2023
f 2025 2024 2026
f 2026 2024 2027
f 2024 2022 2027
f 2027 2022 2028
f 2022 2029 2028
f 2030 2028 2031
f 2031 2028 2032
f 2032 2028 2033
f 2033 2028 2034
f 2028 2029 2034
f 2028 2036 2035
f 2035 2036 2037
f 2036 2038 2037
f 2039 2028 2040
f 2040 2028 2041
f 2028 2042 2041
f 2036 2028 2043
f 2043 2028 2044
f 2028 2045 2044
f 2042 2028 2046
f 2046 2028 2047
f 2028 2030 2047
f 2038 2036 2048
f 2048 2036 2049
f 2036 2050 2049
f 2049 2050 2051
f 2045 2028 2052
f 2052 2028 2053
f 2028 2039 2053
f 2026 2027 2054
f 2054 2027 2055
f 2056 2058 2057
f 2024 2060 2059
f 2061 2062 2025
f 2025 2062 2063
f 2062 2064 2063
f 2058 2056 2063
f 2063 2056 2025
f 2056 2065 2025
f 2025 2065 2024
f 2065 2066 2024
f 2024 2066 2060
f 2067 2023 1999
f 1999 2023 1997
f 2023 2024 1997
f 1997 2024 2059
f 2068 2023 2069
f 2069 2023 2070
f 2071 2023 2072
f 2072 2023 2073
f 2023 2074 2073
f 2074 2023 2075
f 2075 2023 2076
f 2023 2068 2076
f 2077 2079 2078
f 2078 2079 2080
f 2077 2078 2081
f 2081 2078 2082
f 2078 2023 2082
f 2082 2023 2083
f 2023 2071 2083
f 2070 2023 2084
f 2084 2023 2085
f 2023 2067 2085
f 2086 2088 2087
f 2089 2091 2090
f 2090 2091 2092
f 2091 2087 2092
f 2092 2087 2093
f 2087 2088 2093
f 2086 2094 2088
f 2088 2094 2095
f 2094 2096 2095
f 2097 2099 2098
f 2100 2101 2097
f 2096 2094 2102
f 2102 2094 2103
f 2094 2104 2103
f 2105 2107 2106
f 2099 2097 2108
f 2108 2097 2109
f 2097 2094 2109
f 2104 2094 2110
f 2110 2094 2111
f 2094 2097 2111
f 2100 2107 2101
f 2101 2107 2112
f 2107 2105 2112
f 2100 2097 2113
f 2113 2097 2114
f 2097 2115 2114
f 2115 2097 2116
f 2116 2097 2117
f 2097 2098 2117
f 2089 2118 2091
f 2091 2118 2119
f 2120 2122 2121
f 2123 2090 2092
f 2122 2125 2124
f 2126 2122 2127
f 2127 2122 2128
f 2122 2124 2128
f 2129 2090 2120
f 2120 2090 2122
f 2090 2123 2122
f 2122 2123 2125
f 2123 2130 2125
f 2092 2093 2123
f 2123 2093 2009
f 2011 2009 2131
f 2131 2009 2132
f 2133 2135 2134
f 2132 2009 2136
f 2136 2009 2137
f 2009 2138 2137
f 2138 2009 2139
f 2139 2009 2140
f 2009 2141 2140
f 2141 2009 2142
f 2142 2009 2143
f 2009 2144 2143
f 2144 2009 2145
f 2145 2009 2146
f 2009 2093 2146
f 2146 2093 2147
f 2147 2093 2148
f 2093 2135 2148
f 2148 2135 2149
f 2135 2133 2149
f 2006 2150 2008
f 2058 2151 2057
f 2057 2151 2006
f 2150 2006 2152
f 2152 2006 2153
f 2006 2154 2153
f 2155 2156 2006
f 2006 2156 2157
f 2006 2159 2158
f 2154 2006 2160
f 2160 2006 2161
f 2006 2157 2161
f 2155 2006 2162
f 2162 2006 2163
f 2006 2164 2163
f 2159 2006 2165
f 2165 2006 2166
f 2006 2167 2166
f 2167 2006 2168
f 2168 2006 2169
f 2006 2151 2169
f 2164 2006 2170
f 2170 2006 2171
f 2006 2158 2171
f 2172 2174 2173
f 2173 2174 2175
f 2176 2178 2177
f 2172 2179 2174
f 2174 2179 2180
f 2179 2178 2180
f 2181 2182 2176
f 2176 2182 2178
f 2182 2183 2178
f 2178 2183 2180
f 2151 2058 2184
f 2184 2058 2177
f 2058 2063 2177
f 2177 2063 2176
f 2185 2013 2014
f 2127 2013 2126
f 2126 2013 2186
f 2187 2013 2188
f 2188 2013 2189
f 2189 2013 2190
f 2013 2185 2190
f 2013 2192 2191
f 2186 2013 2193
f 2193 2013 2194
f 2013 2195 2194
f 2195 2013 2196
f 2196 2013 2197
f 2013 2191 2197
f 2198 2013 2199
f 2199 2013 2200
f 2013 2187 2200
f 2192 2013 2201
f 2201 2013 2202
f 2013 2198 2202
f 2203 2205 2204
f 2204 2205 2206
f 2207 2209 2208
f 2208 2209 2210
f 2211 2212 2209
f 2209 2212 2210
f 2212 2213 2210
f 2210 2213 2214
f 2213 2203 2214
f 2214 2203 2204
f 2215 2126 2186
f 2122 2126 2209
f 2209 2126 2211
f 2126 2215 2211
f 2216 2218 2217
f 2217 2218 2219
f 2218 2220 2219
f 2219 2220 2221
f 2220 2222 2221
f 2221 2222 2223
f 2222 2224 2223
f 2223 2224 2225
f 2224 2226 2225
f 2225 2226 2227
f 2226 2228 2227
f 2227 2228 2229
f 2228 2230 2229
f 2229 2230 2231
f 2230 2232 2231
f 2231 2232 2233
f 2232 2234 2233
f 2233 2234 2235
f 2234 2236 2235
f 2235 2236 2237
f 2236 2238 2237
f 2237 2238 2239
f 2238 2240 2239
f 2239 2240 2241
f 2240 2242 2241
f 2241 2242 2243
f 2242 2244 2243
f 2243 2244 2245
f 2244 2246 2245
f 2245 2246 2247
f 2246 2248 2247
f 2247 2248 2249
f 2248 2250 2249
f 2249 2250 2251
f 2250 2252 2251
f 2251 2252 2253
f 2252 2254 2253
f 2253 2254 2255
f 2254 2256 2255
f 2255 2256 2257
f 2256 2258 2257
f 2257 2258 2259
f 2258 2260 2259
f 2259 2260 2261
f 2260 2262 2261
f 2261 2262 2263
f 2262 2264 2263
f 2263 2264 2265
f 2264 2266 2265
f 2265 2266 2267
f 2266 2268 2267
f 2267 2268 2269
f 2268 2270 2269
f 2269 2270 2271
f 2270 2272 2271
f 2271 2272 2273
f 2272 2274 2273
f 2273 2274 2275
f 2274 2276 2275
f 2275 2276 2277
f 2276 2278 2277
f 2277 2278 2279
f 2278 2280 2279
f 2279 2280 2281
f 2280 2282 2281
f 2281 2282 2283
f 2282 2284 2283
f 2283 2284 2285
f 2284 2286 2285
f 2285 2286 2287
f 2286 2288 2287
f 2287 2288 2289
f 2288 2290 2289
f 2289 2290 2291
f 2290 2292 2291
f 2291 2292 2293
f 2292 2294 2293
f 2293 2294 2295
f 2294 2296 2295
f 2295 2296 2297
f 2296 2298 2297
f 2297 2298 2299
f 2298 2300 2299
f 2299 2300 2301
f 2300 2302 2301
f 2301 2302 2303
f 2302 2304 2303
f 2303 2304 2305
f 2304 2306 2305
f 2305 2306 2307
f 2306 2308 2307
f 2307 2308 2309
f 2308 2310 2309
f 2309 2310 2311
f 2310 2312 2311
f 2311 2312 2313
f 2312 2314 2313
f 2313 2314 2315
f 2314 2316 2315
f 2315 2316 2317
f 2316 2318 2317
f 2317 2318 2319
f 2318 2320 2319
f 2319 2320 2321
f 2320 2322 2321
f 2321 2322 2323
f 2322 2324 2323
f 2323 2324 2325
f 2324 2326 2325
f 2325 2326 2327
f 2326 2328 2327
f 2327 2328 2329
f 2328 2330 2329
f 2329 2330 2331
f 2330 2332 2331
f 2331 2332 2333
f 2332 2334 2333
f 2333 2334 2335
f 2334 2336 2335
f 2335 2336 2337
f 2336 2338 2337
f 2337 2338 2339
f 2338 2340 2339
f 2339 2340 2341
f 2340 2342 2341
f 2341 2342 2343
f 2342 2344 2343
f 2343 2344 2345
f 2344 2346 2345
f 2345 2346 2347
f 2346 2348 2347
f 2347 2348 2349
f 2348 2350 2349
f 2349 2350 2351
f 2350 2352 2351
f 2351 2352 2353
f 2352 2354 2353
f 2353 2354 2355
f 2354 2356 2355
f 2355 2356 2357
f 2356 2358 2357
f 2357 2358 2359
f 2358 2216 2359
f 2359 2216 2217
f 2360 2361 2355
f 2355 2361 2353
f 2361 2362 2353
f 2353 2362 2351
f 2362 2363 2351
f 2351 2363 2349
f 2363 2364 2349
f 2349 2364 2347
f 2364 2365 2347
f 2347 2365 2345
f 2365 2366 2345
f 2345 2366 2343
f 2366 2367 2343
f 2343 2367 2341
f 2367 2368 2341
f 2341 2368 2339
f 2368 2369 2339
f 2339 2369 2337
f 2369 2370 2337
f 2337 2370 2335
f 2370 2371 2335
f 2335 2371 2333
f 2371 2372 2333
f 2333 2372 2331
f 2372 2373 2331
f 2331 2373 2329
f 2373 2374 2329
f 2329 2374 2327
f 2374 2375 2327
f 2327 2375 2325
f 2375 2376 2325
f 2325 2376 2323
f 2376 2377 2323
f 2323 2377 2321
f 2377 2378 2321
f 2321 2378 2319
f 2378 2379 2319
f 2319 2379 2317
f 2379 2380 2317
f 2317 2380 2315
f 2380 2381 2315
f 2315 2381 2313
f 2381 2382 2313
f 2313 2382 2311
f 2382 2383 2311
f 2311 2383 2309
f 2383 2384 2309
f 2309 2384 2307
f 2384 2385 2307
f 2307 2385 2305
f 2385 2386 2305
f 2305 2386 2303
f 2386 2387 2303
f 2303 2387 2301
f 2387 2388 2301
f 2301 2388 2299
f 2388 2389 2299
f 2299 2389 2297
f 2389 2390 2297
f 2297 2390 2295
f 2390 2391 2295
f 2295 2391 2293
f 2391 2392 2293
f 2293 2392 2291
f 2392 2393 2291
f 2291 2393 2289
f 2393 2394 2289
f 2289 2394 2287
f 2394 2395 2287
f 2287 2395 2285
f 2395 2396 2285
f 2285 2396 2283
f 2396 2397 2283
f 2283 2397 2281
f 2397 2398 2281
f 2281 2398 2279
f 2398 2399 2279
f 2279 2399 2277
f 2399 2400 2277
f 2277 2400 2275
f 2400 2401 2275
f 2275 2401 2273
f 2401 2402 2273
f 2273 2402 2271
f 2402 2403 2271
f 2271 2403 2269
f 2403 2404 2269
f 2269 2404 2267
f 2404 2405 2267
f 2267 2405 2265
f 2405 2406 2265
f 2265 2406 2263
f 2406 2407 2263
f 2263 2407 2261
f 2407 2408 2261
f 2261 2408 2259
f 2408 2409 2259
f 2259 2409 2257
f 2409 2410 2257
f 2257 2410 2255
f 2410 2411 2255
f 2255 2411 2253
f 2411 2412 2253
f 2253 2412 2251
f 2412 2413 2251
f 2251 2413 2249
f 2413 2414 2249
f 2249 2414 2247
f 2414 2415 2247
f 2247 2415 2245
f 2415 2416 2245
f 2245 2416 2243
f 2416 2417 2243
f 2243 2417 2241
f 2417 2418 2241
f 2241 2418 2239
f 2418 2419 2239
f 2239 2419 2237
f 2419 2420 2237
f 2237 2420 2235
f 2420 2421 2235
f 2235 2421 2233
f 2421 2422 2233
f 2233 2422 2231
f 2422 2423 2231
f 2231 2423 2229
f 2423 2424 2229
f 2229 2424 2227
f 2424 2425 2227
f 2227 2425 2225
f 2425 2426 2225
f 2225 2426 2223
f 2426 2427 2223
f 2223 2427 2221
f 2427 2428 2221
f 2221 2428 2219
f 2428 2429 2219
f 2219 2429 2217
f 2429 2430 2217
f 2217 2430 2359
f 2430 2431 2359
f 2359 2431 2357
f 2431 2360 2357
f 2357 2360 2355
f 2432 2434 2433
f 2416 2415 2435
f 2435 2415 2436
f 2415 2414 2436
f 2436 2414 2437
f 2414 2413 2437
f 2437 2413 2438
f 2413 2412 2438
f 2438 2412 2439
f 2412 2411 2439
f 2439 2411 2440
f 2411 2410 2440
f 2440 2410 2441
f 2410 2409 2441
f 2441 2409 2442
f 2409 2408 2442
f 2442 2408 2443
f 2408 2407 2443
f 2443 2407 2444
f 2407 2406 2444
f 2444 2406 2445
f 2406 2405 2445
f 2445 2405 2446
f 2405 2404 2446
f 2446 2404 2447
f 2404 2403 2447
f 2447 2403 2448
f 2403 2402 2448
f 2448 2402 2449
f 2402 2401 2449
f 2449 2401 2450
f 2401 2400 2450
f 2450 2400 2451
f 2400 2399 2451
f 2451 2399 2452
f 2399 2398 2452
f 2452 2398 2453
f 2398 2397 2453
f 2453 2397 2454
f 2397 2396 2454
f 2454 2396 2455
f 2396 2395 2455
f 2455 2395 2456
f 2395 2394 2456
f 2456 2394 2457
f 2394 2393 2457
f 2457 2393 2458
f 2393 2392 2458
f 2458 2392 2459
f 2392 2391 2459
f 2459 2391 2460
f 2391 2390 2460
f 2460 2390 2461
f 2390 2389 2461
f 2461 2389 2462
f 2389 2388 2462
f 2462 2388 2463
f 2388 2387 2463
f 2463 2387 2464
f 2387 2386 2464
f 2464 2386 2465
f 2386 2385 2465
f 2465 2385 2466
f 2385 2384 2466
f 2466 2384 2467
f 2384 2383 2467
f 2467 2383 2468
f 2383 2382 2468
f 2468 2382 2469
f 2382 2381 2469
f 2469 2381 2470
f 2381 2380 2470
f 2470 2380 2471
f 2380 2379 2471
f 2471 2379 2472
f 2379 2378 2472
f 2472 2378 2473
f 2378 2377 2473
f 2473 2377 2474
f 2377 2376 2474
f 2474 2376 2475
f 2376 2375 2475
f 2475 2375 2476
f 2375 2374 2476
f 2476 2374 2477
f 2374 2373 2477
f 2477 2373 2478
f 2373 2372 2478
f 2478 2372 2479
f 2372 2371 2479
f 2479 2371 2480
f 2371 2370 2480
f 2480 2370 2432
f 2432 2370 2434
f 2370 2369 2434
f 2434 2369 2481
f 2369 2368 2481
f 2481 2368 2482
f 2368 2367 2482
f 2482 2367 2483
f 2367 2366 2483
f 2483 2366 2484
f 2366 2365 2484
f 2484 2365 2485
f 2365 2364 2485
f 2485 2364 2486
f 2364 2363 2486
f 2486 2363 2487
f 2363 2362 2487
f 2487 2362 2488
f 2362 2361 2488
f 2488 2361 2489
f 2361 2360 2489
f 2489 2360 2490
f 2360 2431 2490
f 2490 2431 2491
f 2431 2430 2491
f 2491 2430 2492
f 2430 2429 2492
f 2492 2429 2493
f 2429 2428 2493
f 2493 2428 2494
f 2428 2427 2494
f 2494 2427 2495
f 2427 2426 2495
f 2495 2426 2496
f 2426 2425 2496
f 2496 2425 2497
f 2425 2424 2497
f 2497 2424 2498
f 2424 2423 2498
f 2498 2423 2499
f 2423 2422 2499
f 2499 2422 2500
f 2422 2421 2500
f 2500 2421 2501
f 2421 2420 2501
f 2501 2420 2502
f 2420 2419 2502
f 2502 2419 2503
f 2419 2418 2503
f 2503 2418 2504
f 2418 2417 2504
f 2504 2417 2505
f 2417 2416 2505
f 2505 2416 2506
f 2416 2435 2506
f 2506 2435 2507
f 2433 2434 2508
f 2508 2434 2509
f 2434 2481 2509
f 2509 2481 2510
f 2481 2482 2510
f 2510 2482 2511
f 2482 2483 2511
f 2511 2483 2512
f 2483 2484 2512
f 2512 2484 2513
f 2484 2485 2513
f 2513 2485 2514
f 2485 2486 2514
f 2514 2486 2515
f 2486 2487 2515
f 2515 2487 2516
f 2487 2488 2516
f 2516 2488 2517
f 2488 2489 2517
f 2517 2489 2518
f 2489 2490 2518
f 2518 2490 2519
f 2490 2491 2519
f 2519 2491 2520
f 2491 2492 2520
f 2520 2492 2521
f 2492 2493 2521
f 2521 2493 2522
f 2493 2494 2522
f 2522 2494 2523
f 2494 2495 2523
f 2523 2495 2524
f 2495 2496 2524
f 2524 2496 2525
f 2496 2497 2525
f 2525 2497 2526
f 2497 2498 2526
f 2526 2498 2527
f 2498 2499 2527
f 2527 2499 2528
f 2499 2500 2528
f 2528 2500 2529
f 2500 2501 2529
f 2529 2501 2530
f 2501 2502 2530
f 2530 2502 2531
f 2502 2503 2531
f 2531 2503 2532
f 2503 2504 2532
f 2532 2504 2533
f 2504 2505 2533
f 2533 2505 2534
f 2505 2506 2534
f 2534 2506 2507
f 2535 2537 2536
f 2538 2539 2536
f 2536 2539 2540
f 2541 2536 2542
f 2542 2536 2543
f 2536 2537 2543
f 2544 2546 2545
f 2538 2536 2547
f 2547 2536 2548
f 2536 2541 2548
f 2544 2549 2546
f 2549 2537 2546
f 2546 2537 2550
f 2537 2535 2550
f 2540 2552 2551
f 2540 2539 2552
f 2552 2539 2553
f 2539 2538 2553
f 2553 2538 2554
f 2538 2547 2554
f 2554 2547 2555
f 2547 2548 2555
f 2555 2548 2556
f 2548 2541 2556
f 2556 2541 2557
f 2541 2542 2557
f 2557 2542 2558
f 2542 2543 2558
f 2558 2543 2559
f 2543 2537 2559
f 2559 2537 2560
f 2537 2549 2560
f 2560 2549 2561
f 2549 2544 2561
f 2561 2544 2562
f 2544 2545 2562
f 2562 2545 2563
f 2545 2546 2563
f 2563 2546 2564
f 2546 2550 2564
f 2564 2550 2565
f 2550 2535 2565
f 2565 2535 2566
f 2535 2536 2566
f 2567 2569 2568
f 2567 2570 2569
f 2569 2570 2571
f 2570 2572 2571
f 2571 2572 2573
f 2572 2574 2573
f 2573 2574 2575
f 2574 2576 2575
f 2575 2576 2577
f 2576 2578 2577
f 2577 2578 2579
f 2578 2580 2579
f 2579 2580 2581
f 2580 2582 2581
f 2581 2582 2583
f 2582 2584 2583
f 2583 2584 2585
f 2584 2586 2585
f 2587 2589 2588
f 2587 2590 2589
f 2589 2590 2591
f 2590 2592 2591
f 2591 2592 2593
f 2592 2594 2593
f 2593 2594 2595
f 2594 2596 2595
f 2595 2596 2597
f 2596 2598 2597
f 2597 2598 2599
f 2598 2600 2599
f 2599 2600 2601
f 2600 2602 2601
f 2601 2602 2603
f 2602 2604 2603
f 2603 2604 2605
f 2604 2606 2605
f 2479 2480 2586
f 2586 2480 2432
f 2441 2590 2440
f 2438 2587 2437
f 2437 2587 2436
f 2587 2435 2436
f 2479 2586 2478
f 2478 2586 2477
f 2586 2584 2477
f 2477 2584 2476
f 2584 2582 2476
f 2476 2582 2475
f 2582 2580 2475
f 2475 2580 2474
f 2580 2578 2474
f 2590 2587 2440
f 2440 2587 2439
f 2587 2438 2439
f 2466 2467 2567
f 2567 2467 2468
f 2453 2606 2452
f 2578 2576 2474
f 2474 2576 2473
f 2576 2574 2473
f 2473 2574 2472
f 2574 2572 2472
f 2472 2572 2471
f 2572 2570 2471
f 2471 2570 2470
f 2570 2567 2470
f 2470 2567 2469
f 2567 2468 2469
f 2452 2606 2451
f 2451 2606 2450
f 2606 2449 2450
f 2466 2567 2465
f 2465 2567 2464
f 2567 2463 2464
f 2590 2441 2592
f 2592 2441 2594
f 2441 2442 2594
f 2594 2442 2596
f 2442 2443 2596
f 2596 2443 2598
f 2443 2444 2598
f 2598 2444 2600
f 2444 2445 2600
f 2600 2445 2602
f 2445 2446 2602
f 2602 2446 2604
f 2446 2447 2604
f 2604 2447 2606
f 2447 2448 2606
f 2606 2448 2449
f 2463 2567 2462
f 2462 2567 2461
f 2567 2460 2461
f 2460 2567 2459
f 2459 2567 2458
f 2567 2606 2458
f 2458 2606 2457
f 2606 2456 2457
f 2456 2606 2455
f 2455 2606 2454
f 2606 2453 2454
f 2607 2609 2608
f 2610 2612 2611
f 2610 2613 2612
f 2613 2614 2612
f 2612 2614 2615
f 2614 2616 2615
f 2617 2619 2618
f 2618 2619 2620
f 2619 2621 2620
f 2620 2621 2622
f 2621 2623 2622
f 2622 2623 2624
f 2625 2627 2626
f 2626 2627 2628
f 2627 2625 2629
f 2629 2625 2630
f 2625 2631 2630
f 2630 2631 2632
f 2631 2633 2632
f 2632 2633 2634
f 2626 2628 2061
f 2061 2628 2062
f 2628 2627 2062
f 2062 2627 2064
f 2627 2629 2064
f 2064 2629 2617
f 2629 2630 2617
f 2617 2630 2619
f 2630 2632 2619
f 2619 2632 2621
f 2632 2634 2621
f 2621 2634 2623
f 2634 2615 2623
f 2623 2615 2624
f 2615 2616 2624
f 2611 2612 2635
f 2635 2612 2609
f 2612 2615 2609
f 2609 2615 2608
f 2615 2634 2608
f 2608 2634 2607
f 2634 2633 2607
f 2607 2633 2636
f 2633 2631 2636
f 2636 2631 2637
f 2631 2625 2637
f 2637 2625 2638
f 2625 2626 2638
f 2638 2626 2639
f 2626 2061 2639
f 1464 1462 2640
f 2640 1462 2641
f 1462 1525 2641
f 734 2643 2642
f 2644 2643 731
f 731 2643 730
f 2643 734 730
f 2645 2647 2646
f 692 757 2648
f 2648 757 2649
f 757 2650 2649
f 2650 2651 2649
f 2649 2651 2652
f 2651 2653 2652
f 2654 2656 2655
f 2655 2656 2653
f 2657 2659 2658
f 2659 2660 2658
f 2658 2660 2661
f 2660 2662 2661
f 2662 2663 2661
f 2661 2663 2664
f 2663 2665 2664
f 2664 2665 2666
f 2665 2667 2666
f 2666 2667 2668
f 2668 2667 2669
f 2667 2670 2669
f 2669 2670 2671
f 2670 2672 2671
f 2672 2673 2671
f 2671 2673 2674
f 2673 2675 2674
f 2674 2675 2676
f 2676 2675 2677
f 2675 2678 2677
f 2679 2657 2680
f 2680 2657 2681
f 2657 2658 2681
f 2681 2658 2682
f 2658 2661 2682
f 2682 2661 2683
f 2661 2664 2683
f 2683 2664 2684
f 2664 2666 2684
f 2659 2657 2647
f 2647 2657 2646
f 2657 2656 2646
f 2646 2656 2645
f 2656 2654 2645
f 2685 2687 2686
f 2686 2687 2688
f 2687 2689 2688
f 2688 2689 2690
f 2689 2691 2690
f 2690 2691 2692
f 692 2648 691
f 691 2648 2685
f 2648 2649 2685
f 2685 2649 2687
f 2649 2652 2687
f 2687 2652 2689
f 2652 2653 2689
f 2689 2653 2691
f 2653 2656 2691
f 2691 2656 2692
f 2656 2657 2692
f 2692 2657 2693
f 2657 2679 2693
f 2694 2696 2695
f 2697 1491 1492
f 2698 2700 2699
f 2699 2700 2701
f 2700 2702 2701
f 2701 2702 2697
f 2702 2703 2697
f 2697 2703 1491
f 2703 2702 1491
f 2704 2698 2705
f 2705 2698 2706
f 2698 2699 2706
f 2698 2704 2707
f 2707 2704 2708
f 2704 2709 2708
f 2709 2694 2708
f 2708 2694 2710
f 2694 2695 2710
f 2711 2713 2712
f 2712 2713 2714
f 2713 2715 2714
f 2716 2718 2717
f 2717 2718 2719
f 2718 2720 2719
f 2719 2720 2721
f 2720 2722 2721
f 2723 2721 2724
f 2724 2721 2725
f 2721 2722 2725
f 2723 2724 2726
f 2726 2724 2678
f 2724 2677 2678
f 2716 2727 2718
f 2718 2727 2711
f 2727 2728 2711
f 2711 2728 2713
f 2728 2729 2713
f 2713 2729 2715
f 2729 2730 2715
f 2715 2730 2714
f 2730 2731 2714
f 2712 2714 2696
f 2696 2714 2695
f 2714 2731 2695
f 2695 2731 2710
f 2731 2732 2710
f 2710 2732 2708
f 2732 2733 2708
f 2708 2733 2707
f 2733 2734 2707
f 2707 2734 2698
f 2734 2735 2698
f 2698 2735 2700
f 2735 2736 2700
f 2700 2736 2702
f 2736 2737 2702
f 2702 2737 1491
f 2737 1500 1491
f 1395 1396 2738
f 2738 1396 2739
f 1396 1456 2739
f 663 2741 2740
f 663 662 2741
f 2741 662 2742
f 662 661 2742
f 2743 2745 2744
f 623 2746 622
f 623 690 2746
f 2746 690 2747
f 690 2748 2747
f 2747 2748 2749
f 2748 2750 2749
f 2751 2750 2752
f 2751 2752 2753
f 2753 2752 2754
f 2752 2755 2754
f 2744 2754 2743
f 2743 2754 2756
f 2754 2755 2756
f 2757 2759 2758
f 2759 2760 2758
f 2758 2760 2761
f 2760 2762 2761
f 2761 2762 2763
f 2762 2764 2763
f 2763 2764 2765
f 2764 2766 2765
f 2765 2766 2767
f 2766 2768 2767
f 2769 2771 2770
f 2770 2771 2772
f 2759 2757 2773
f 2773 2757 2774
f 2757 2775 2774
f 2774 2775 2776
f 2775 2769 2776
f 2776 2769 2777
f 2769 2770 2777
f 2777 2770 2778
f 2770 2772 2778
f 2778 2772 2745
f 2772 2779 2745
f 2745 2779 2744
f 2779 2780 2744
f 2744 2780 2754
f 2750 2751 2749
f 2749 2751 2781
f 2751 2753 2781
f 2781 2753 2782
f 2753 2754 2782
f 2782 2754 2783
f 2754 2780 2783
f 2784 2786 2785
f 2787 2789 2788
f 1422 1419 2790
f 1422 2790 1424
f 1424 2790 2791
f 2790 2792 2791
f 2793 2794 2788
f 2788 2794 2787
f 2794 2795 2787
f 2787 2795 2796
f 2795 2797 2796
f 2796 2797 2798
f 2797 2792 2798
f 2798 2792 2799
f 2792 2790 2799
f 2789 2800 2788
f 2788 2800 2793
f 2800 2801 2793
f 2793 2801 2802
f 2801 2803 2802
f 2803 2804 2802
f 2802 2804 2805
f 2804 2806 2805
f 2806 2807 2805
f 2805 2807 2808
f 2807 2809 2808
f 2808 2809 2810
f 2810 2809 2811
f 2809 2812 2811
f 2811 2812 2813
f 2784 2814 2786
f 2785 2786 2815
f 2815 2786 2816
f 2786 2817 2816
f 2816 2817 2768
f 2817 2767 2768
f 2786 2814 2818
f 2818 2814 2819
f 2814 2820 2819
f 2819 2820 2813
f 2820 2821 2813
f 2813 2821 2811
f 2821 2822 2811
f 2811 2822 2810
f 595 594 2823
f 2823 594 2824
f 594 589 2824
f 2825 2827 2826
f 2828 2830 2829
f 560 2831 559
f 560 620 2831
f 2832 2831 2833
f 2833 2831 2834
f 2831 620 2834
f 2832 2833 2835
f 2835 2833 2836
f 2833 2837 2836
f 2837 2838 2836
f 2836 2838 2839
f 2838 2829 2839
f 2828 2840 2830
f 2830 2840 2841
f 2841 2840 2842
f 2840 2826 2842
f 2842 2826 2843
f 2826 2827 2843
f 2844 2846 2845
f 2845 2846 2847
f 2846 2848 2847
f 2847 2848 2849
f 2848 2827 2849
f 2849 2827 2850
f 2827 2825 2850
f 2851 2853 2852
f 2852 2853 2854
f 2853 2844 2854
f 2854 2844 2855
f 2844 2845 2855
f 2853 2851 2856
f 2856 2851 2857
f 2851 2858 2857
f 2829 2830 2839
f 2839 2830 2859
f 2830 2841 2859
f 2859 2841 2860
f 2841 2842 2860
f 2861 2863 2862
f 2864 2866 2865
f 2867 2869 2868
f 2870 1350 1347
f 1350 2870 1352
f 1352 2870 2871
f 2870 2872 2871
f 2871 2872 2873
f 2872 2874 2873
f 2873 2874 2875
f 2874 2876 2875
f 2875 2876 2877
f 2877 2876 2878
f 2876 2879 2878
f 2878 2879 2880
f 2879 2881 2880
f 2881 2882 2880
f 2880 2882 2883
f 2882 2884 2883
f 2884 2885 2883
f 2883 2885 2886
f 2885 2887 2886
f 2866 2868 2865
f 2865 2868 2888
f 2868 2869 2888
f 2889 2864 2862
f 2863 2890 2862
f 2862 2890 2889
f 2890 2891 2889
f 2861 2892 2863
f 2863 2892 2893
f 2892 2894 2893
f 2893 2894 2895
f 2894 2896 2895
f 2895 2896 2897
f 2896 2898 2897
f 2897 2898 2899
f 2898 2900 2899
f 2899 2900 2901
f 2900 2902 2901
f 2902 2857 2901
f 2901 2857 2903
f 2857 2858 2903
f 2864 2889 2866
f 2866 2889 2904
f 2889 2891 2904
f 2887 2867 2886
f 2886 2867 2905
f 2867 2868 2905
f 2905 2868 2906
f 2868 2866 2906
f 2906 2866 2907
f 2866 2904 2907
f 1323 1324 2908
f 2908 1324 2909
f 1324 1384 2909
f 478 479 2910
f 2910 479 2911
f 479 518 2911
f 2912 2914 2913
f 2915 2917 2916
f 488 2918 487
f 2919 488 548
f 488 2919 2918
f 2918 2919 2920
f 2919 2921 2920
f 2920 2921 2922
f 2921 2923 2922
f 2922 2923 2924
f 2924 2923 2925
f 2923 2926 2925
f 2925 2928 2927
f 2926 2929 2925
f 2925 2929 2928
f 2929 2930 2928
f 2930 2915 2928
f 2928 2915 2927
f 2915 2916 2927
f 2927 2916 2931
f 2916 2932 2931
f 2917 2933 2916
f 2916 2933 2932
f 2933 2934 2932
f 2912 2913 2935
f 2935 2913 2934
f 2913 2936 2934
f 2934 2936 2932
f 1289 1283 2937
f 2937 1283 1284
f 1284 2938 2937
f 2937 2938 2939
f 2938 2940 2939
f 2940 2941 2939
f 2939 2941 2942
f 2941 2943 2942
f 2943 2944 2942
f 2942 2944 2945
f 2944 2946 2945
f 2946 2947 2945
f 2945 2947 2948
f 2947 2949 2948
f 2949 2950 2948
f 2948 2950 2951
f 2950 2952 2951
f 2951 2952 2953
f 2952 2954 2953
f 2953 2954 2955
f 2954 2956 2955
f 2955 2956 2957
f 2956 2958 2957
f 2957 2958 2959
f 2958 2960 2959
f 2959 2960 2961
f 2960 2962 2961
f 2957 2959 2963
f 2963 2959 2964
f 2959 2961 2964
f 2964 2961 2965
f 2961 2966 2965
f 2962 2967 2961
f 2961 2967 2966
f 2967 2968 2966
f 2966 2968 2969
f 2968 2970 2969
f 2969 2970 2971
f 2970 2972 2971
f 2971 2972 2912
f 2972 2914 2912
f 1242 1243 2973
f 2973 1243 2974
f 1243 1312 2974
f 406 407 2975
f 2975 407 2976
f 407 450 2976
f 2977 2979 2978
f 2978 2980 2977
f 2981 2983 2982
f 2982 2983 2984
f 410 2985 409
f 2986 410 476
f 410 2986 2985
f 2985 2986 2987
f 2986 2988 2987
f 2987 2988 2989
f 2988 2990 2989
f 2989 2990 2991
f 2990 2992 2991
f 2981 2991 2983
f 2983 2991 2993
f 2991 2992 2993
f 2994 2984 2995
f 2995 2984 2996
f 2984 2983 2996
f 2980 2978 2997
f 2997 2978 2995
f 2978 2979 2995
f 2995 2979 2994
f 2977 2980 2998
f 2998 2980 2999
f 2980 3000 2999
f 2999 3000 3001
f 3000 3002 3001
f 3001 3002 3003
f 3002 3004 3003
f 3005 3007 3006
f 3008 3010 3009
f 1211 3011 1214
f 1211 1212 3011
f 3011 1212 3012
f 1212 3013 3012
f 3012 3013 3014
f 3013 3015 3014
f 3015 3016 3014
f 3014 3016 3017
f 3016 3018 3017
f 3017 3018 3019
f 3018 3008 3019
f 3019 3008 3020
f 3008 3009 3020
f 3021 3010 3022
f 3022 3010 3023
f 3010 3008 3023
f 3021 3022 3024
f 3024 3022 3007
f 3022 3025 3007
f 3007 3025 3006
f 3025 3026 3006
f 3006 3026 3005
f 3027 3029 3028
f 3028 3029 3026
f 3029 3030 3026
f 3026 3030 3005
f 3027 3028 3031
f 3031 3028 3032
f 3028 3033 3032
f 3032 3033 3034
f 3031 3032 3035
f 3035 3032 3036
f 3032 3034 3036
f 3036 3034 3037
f 3034 3038 3037
f 3036 3037 3039
f 3039 3037 3040
f 3037 3038 3040
f 3040 3038 3041
f 3038 3042 3041
f 3041 3042 3043
f 3042 3044 3043
f 3043 3044 3045
f 3044 3046 3045
f 3045 3046 3047
f 3046 3048 3047
f 3047 3048 3004
f 3048 3003 3004
f 3049 3050 1240
f 1240 3050 1170
f 3050 3051 1170
f 1170 3051 1169
f 1104 3053 3052
f 1104 1105 3053
f 3053 1105 3054
f 1105 1168 3054
f 381 373 3055
f 3055 373 3056
f 373 375 3056
f 3057 3059 3058
f 3060 3057 3061
f 3061 3062 3060
f 3063 338 404
f 338 3063 337
f 337 3063 3064
f 3063 3065 3064
f 3064 3065 3066
f 3065 3067 3066
f 3067 3068 3066
f 3066 3068 3069
f 3068 3070 3069
f 3069 3070 3071
f 3070 3072 3071
f 3071 3072 3073
f 3072 3074 3073
f 3073 3074 3075
f 3074 3059 3075
f 3057 3058 3061
f 3061 3058 3062
f 3058 3059 3062
f 3062 3059 3076
f 3059 3074 3076
f 3057 3060 3077
f 3077 3060 3078
f 3060 3079 3078
f 3078 3079 3080
f 3080 3079 3081
f 3079 3082 3081
f 3081 3082 3083
f 3082 3084 3083
f 1100 3085 1099
f 1100 1143 3085
f 1143 3086 3085
f 3085 3086 3087
f 3086 3088 3087
f 3087 3088 3089
f 3088 3090 3089
f 3089 3090 3091
f 3090 3092 3091
f 3092 3093 3091
f 3091 3093 3094
f 3093 3095 3094
f 3094 3095 3096
f 3095 3097 3096
f 3097 3098 3096
f 3096 3098 3099
f 3098 3100 3099
f 3101 3103 3102
f 3102 3103 3104
f 3103 3105 3104
f 3104 3105 3100
f 3105 3106 3100
f 3100 3106 3099
f 3107 3101 3108
f 3108 3101 3109
f 3101 3102 3109
f 3110 3112 3111
f 3111 3112 3113
f 3112 3114 3113
f 3115 3117 3116
f 3116 3117 3118
f 3117 3119 3118
f 3118 3119 3120
f 3119 3121 3120
f 3120 3121 3122
f 3121 3123 3122
f 3123 3124 3122
f 3122 3124 3084
f 3124 3083 3084
f 3117 3115 3114
f 3114 3115 3113
f 3115 3125 3113
f 3113 3125 3111
f 3125 3107 3111
f 3111 3107 3110
f 3107 3108 3110
f 1031 1032 3126
f 3126 1032 3127
f 1032 1097 3127
f 3128 3129 306
f 306 3129 305
f 3129 3130 305
f 305 3130 311
f 3131 3133 3132
f 3134 3136 3135
f 3135 3136 3137
f 3138 268 332
f 3135 3137 3139
f 3139 3137 3138
f 3137 267 3138
f 3138 267 268
f 3136 3134 3140
f 3140 3134 3141
f 3134 3142 3141
f 3142 3131 3141
f 3141 3131 3143
f 3131 3132 3143
f 3143 3132 3144
f 3144 3132 3145
f 3132 3133 3145
f 3145 3133 3146
f 3133 3147 3146
f 3146 3147 3148
f 3147 3149 3148
f 3148 3151 3150
f 3148 3149 3151
f 3151 3149 3152
f 3149 3153 3152
f 3154 3156 3155
f 3155 3156 3157
f 3156 3158 3157
f 3157 3158 3159
f 3158 3160 3159
f 3160 3161 3159
f 3159 3161 3162
f 3161 3163 3162
f 3150 3151 3164
f 3164 3151 3154
f 3151 3152 3154
f 3154 3152 3156
f 3152 3153 3156
f 3165 3167 3166
f 3168 3170 3169
f 3169 3170 3171
f 1068 3172 1072
f 1068 1069 3172
f 3172 1069 3173
f 1069 3174 3173
f 3173 3174 3175
f 3174 3176 3175
f 3176 3177 3175
f 3175 3177 3178
f 3177 3179 3178
f 3179 3180 3178
f 3178 3180 3181
f 3180 3182 3181
f 3181 3182 3183
f 3182 3184 3183
f 3183 3184 3185
f 3184 3186 3185
f 3185 3186 3187
f 3186 3188 3187
f 3168 3189 3170
f 3170 3189 3190
f 3189 3191 3190
f 3190 3191 3192
f 3191 3193 3192
f 3192 3193 3194
f 3194 3193 3195
f 3193 3196 3195
f 3195 3196 3197
f 3196 3198 3197
f 3197 3198 3199
f 3199 3198 3163
f 3198 3162 3163
f 3187 3188 3167
f 3167 3188 3166
f 3188 3200 3166
f 3166 3200 3165
f 3200 3201 3165
f 3165 3201 3202
f 3201 3171 3202
f 3202 3171 3203
f 3171 3170 3203
f 3203 3170 3204
f 3170 3190 3204
f 3204 3190 3205
f 3190 3192 3205
f 958 959 3206
f 3206 959 3207
f 959 1024 3207
f 3208 3209 239
f 239 3209 238
f 3209 3210 238
f 238 3210 244
f 3210 3211 244
f 205 3212 204
f 3213 205 265
f 205 3213 3212
f 3212 3213 3214
f 3213 3215 3214
f 3216 3218 3217
f 3217 3218 3219
f 3218 3220 3219
f 3221 3223 3222
f 3222 3223 3224
f 3223 3225 3224
f 3224 3225 3226
f 3225 3227 3226
f 3228 3230 3229
f 3229 3230 3231
f 3230 3232 3231
f 3233 3235 3234
f 3234 3235 3236
f 3235 3228 3236
f 3228 3235 3230
f 3230 3235 3232
f 3235 3233 3232
f 3232 3233 3237
f 3233 3238 3237
f 3238 3239 3237
f 3237 3239 3240
f 3239 3241 3240
f 3240 3241 3242
f 3241 3243 3242
f 3242 3243 3244
f 3243 3245 3244
f 3246 3219 3247
f 3247 3219 3221
f 3219 3220 3221
f 3221 3220 3223
f 3220 3248 3223
f 3223 3248 3225
f 3248 3229 3225
f 3225 3229 3227
f 3229 3231 3227
f 3214 3215 3249
f 3249 3215 3250
f 3215 3251 3250
f 3250 3251 3252
f 3251 3253 3252
f 3246 3253 3219
f 3219 3253 3217
f 3253 3251 3217
f 3217 3251 3216
f 3251 3215 3216
f 3254 3256 3255
f 3257 3259 3258
f 3260 997 998
f 3261 3263 3262
f 3262 3263 3264
f 3263 3265 3264
f 3264 3265 3260
f 3265 3266 3260
f 3260 3266 997
f 3266 1001 997
f 3267 3269 3268
f 3268 3269 3270
f 3269 3271 3270
f 3272 3274 3273
f 3275 3274 3276
f 3276 3274 3277
f 3274 3272 3277
f 3277 3272 3278
f 3272 3279 3278
f 3278 3279 3280
f 3279 3281 3280
f 3282 3281 3283
f 3283 3281 3284
f 3281 3279 3284
f 3284 3279 3285
f 3279 3272 3285
f 3285 3272 3286
f 3272 3273 3286
f 3287 3289 3288
f 3288 3289 3290
f 3289 3291 3290
f 3290 3291 3292
f 3291 3293 3292
f 3292 3293 3294
f 3293 3295 3294
f 3294 3295 3296
f 3295 3297 3296
f 3244 3245 3298
f 3298 3245 3297
f 3245 3299 3297
f 3297 3299 3296
f 3289 3287 3283
f 3283 3287 3282
f 3287 3288 3282
f 3282 3288 3300
f 3288 3290 3300
f 3275 3276 3257
f 3257 3276 3259
f 3276 3277 3259
f 3259 3277 3301
f 3258 3259 3271
f 3271 3259 3270
f 3259 3301 3270
f 3270 3301 3268
f 3301 3302 3268
f 3263 3261 3303
f 3303 3261 3256
f 3261 3267 3256
f 3256 3267 3255
f 3267 3268 3255
f 3255 3268 3254
f 3268 3302 3254
f 897 898 3304
f 3304 898 3305
f 898 957 3305
f 178 175 3306
f 3306 175 3307
f 175 176 3307
f 3307 176 3308
f 3309 3311 3310
f 141 3312 140
f 3313 3315 3314
f 3314 3315 3316
f 3315 3317 3316
f 3316 3317 3318
f 3317 3319 3318
f 3318 3321 3320
f 3319 3322 3318
f 3318 3322 3321
f 3322 3323 3321
f 3323 3324 3321
f 3321 3324 3325
f 3324 3326 3325
f 3325 3326 3327
f 3326 3328 3327
f 3329 3331 3330
f 3327 3328 3332
f 3332 3328 3333
f 3328 3334 3333
f 3333 3334 3329
f 3334 3335 3329
f 3329 3335 3331
f 3335 3336 3331
f 3331 3336 3337
f 3336 3338 3337
f 3339 3310 3340
f 3340 3310 3341
f 3310 3311 3341
f 3341 3311 3342
f 3311 3343 3342
f 3342 3343 3344
f 3343 3345 3344
f 3330 3331 3346
f 3346 3331 3339
f 3331 3337 3339
f 3339 3337 3310
f 3337 3338 3310
f 3310 3338 3309
f 3320 3321 3347
f 3347 3321 3348
f 3321 3325 3348
f 3348 3325 3349
f 3325 3327 3349
f 3349 3327 3350
f 3327 3332 3350
f 199 3351 141
f 141 3351 3312
f 3351 3313 3312
f 3312 3313 3352
f 3313 3314 3352
f 3352 3314 3353
f 3314 3316 3353
f 3353 3316 3354
f 3316 3318 3354
f 3354 3318 3355
f 3318 3320 3355
f 3356 3358 3357
f 3359 3361 3360
f 3362 3364 3363
f 931 3365 935
f 3366 931 932
f 3366 3367 931
f 931 3367 3365
f 3367 3368 3365
f 3365 3368 3369
f 3368 3370 3369
f 3371 3373 3372
f 3372 3373 3370
f 3373 3374 3370
f 3370 3374 3369
f 3375 3377 3376
f 3376 3377 3378
f 3377 3371 3378
f 3378 3371 3379
f 3371 3372 3379
f 3377 3375 3380
f 3380 3375 3381
f 3375 3382 3381
f 3381 3382 3383
f 3361 3384 3360
f 3360 3384 3385
f 3384 3386 3385
f 3386 3387 3385
f 3385 3387 3388
f 3387 3389 3388
f 3388 3389 3390
f 3389 3391 3390
f 3390 3391 3392
f 3391 3393 3392
f 3392 3393 3394
f 3394 3393 3395
f 3393 3396 3395
f 3395 3396 3397
f 3397 3396 3345
f 3396 3344 3345
f 3360 3385 3398
f 3398 3385 3399
f 3385 3388 3399
f 3399 3388 3400
f 3388 3390 3400
f 3400 3390 3401
f 3390 3392 3401
f 3402 3403 3364
f 3364 3403 3363
f 3403 3404 3363
f 3363 3404 3362
f 3404 3383 3362
f 3356 3405 3358
f 3358 3405 3406
f 3405 3407 3406
f 3361 3359 3402
f 3402 3359 3403
f 3359 3357 3403
f 3403 3357 3404
f 3357 3358 3404
f 3404 3358 3383
f 3358 3406 3383
f 3383 3406 3381
f 3406 3407 3381
f 3381 3407 3380
f 3408 3410 3409
f 3409 3410 3411
f 3410 3412 3411
f 3373 3371 3413
f 3413 3371 3414
f 3371 3377 3414
f 3414 3377 3408
f 3377 3380 3408
f 3408 3380 3410
f 3380 3407 3410
f 3410 3407 3412
f 3407 3405 3412
f 1630 1628 3415
f 3415 1628 3416
f 1628 1714 3416
f 3417 3418 893
f 893 3418 831
f 3418 3419 831
f 831 3419 830
f 828 3421 3420
f 870 3421 868
f 868 3421 829
f 3421 828 829
f 3422 3424 3423
f 3423 3424 3425
f 3424 3426 3425
f 3427 3429 3428
f 3428 3429 3430
f 3429 3431 3430
f 3430 3431 3432
f 3433 3432 3434
f 3434 3432 3435
f 3432 3431 3435
f 3436 3437 1666
f 1666 3437 1669
f 3437 3438 1669
f 1669 3438 1671
f 1671 3438 3433
f 3438 3437 3433
f 3433 3437 3432
f 3437 3436 3432
f 3432 3436 3430
f 3429 3427 3422
f 3422 3427 3424
f 3427 3428 3424
f 3424 3428 3439
f 3439 3428 3440
f 3440 3428 3441
f 3428 3430 3441
f 3441 3430 3442
f 3430 3436 3442
f 3442 3436 3443
f 3436 1666 3443
f 828 3420 3444
f 3444 3420 3445
f 3420 3446 3445
f 870 3426 3421
f 3421 3426 3420
f 3426 3424 3420
f 3420 3424 3446
f 3424 3439 3446
f 3446 3439 3447
f 3439 3440 3447
f 3448 3450 3449
f 3451 3453 3452
f 3452 3453 3454
f 3453 3455 3454
f 3455 3453 3456
f 3456 3453 3457
f 3453 3450 3457
f 3458 3460 3459
f 3453 3462 3461
f 3463 3450 3464
f 3464 3450 3465
f 3450 3453 3465
f 3462 3453 3466
f 3466 3453 3467
f 3453 3451 3467
f 3448 3460 3450
f 3450 3460 3468
f 3460 3458 3468
f 3449 3450 3469
f 3469 3450 3470
f 3450 3463 3470
f 3471 3473 3472
f 3474 3476 3475
f 3477 3479 3478
f 2175 3480 2173
f 2173 3480 3481
f 3480 3482 3481
f 3483 3485 3484
f 3473 3471 3474
f 3474 3471 3476
f 3471 3486 3476
f 3476 3486 3487
f 3486 3488 3487
f 3487 3488 3489
f 3488 3490 3489
f 3489 3490 3491
f 3492 3494 3493
f 3494 3495 3493
f 3493 3495 3496
f 3495 3497 3496
f 3496 3497 3498
f 3497 3499 3498
f 3487 3489 3500
f 3500 3489 3501
f 3489 3502 3501
f 3501 3502 3503
f 3502 3485 3503
f 3503 3485 3504
f 3485 3483 3504
f 3504 3483 3505
f 3482 3480 3477
f 3477 3480 3479
f 3480 3506 3479
f 3479 3506 3507
f 3508 3510 3509
f 3479 3507 3511
f 3511 3507 3512
f 3507 3494 3512
f 3512 3494 3513
f 3494 3492 3513
f 3503 3504 3514
f 3514 3504 3508
f 3504 3515 3508
f 3508 3515 3510
f 3516 3517 3510
f 3510 3517 3509
f 3517 3518 3509
f 3509 3518 3497
f 3518 3519 3497
f 3497 3519 3499
f 3520 3522 3521
f 3523 3525 3524
f 3524 3525 3526
f 3525 3527 3526
f 3523 3522 3525
f 3525 3522 3528
f 3522 3520 3528
f 3529 3531 3530
f 3527 3525 3532
f 3532 3525 3533
f 3525 3534 3533
f 3521 3522 3535
f 3535 3522 3536
f 3522 3537 3536
f 3537 3522 3538
f 3538 3522 3529
f 3522 3539 3529
f 3529 3539 3531
f 3534 3525 3540
f 3540 3525 3541
f 3525 3542 3541
f 3543 3545 3544
f 3546 3548 3547
f 3547 3548 3549
f 3548 3550 3549
f 3549 3550 3551
f 3552 3553 3543
f 3543 3553 3545
f 3553 3554 3545
f 3545 3554 3548
f 3555 3557 3556
f 2205 3558 2206
f 2206 3558 3559
f 3558 3560 3559
f 3561 3563 3562
f 3562 3563 3564
f 3563 3565 3564
f 3564 3565 3545
f 3566 3568 3567
f 3569 3571 3570
f 3570 3571 3555
f 3571 3572 3555
f 3555 3572 3557
f 3564 3545 3573
f 3573 3545 3574
f 3545 3548 3574
f 3574 3548 3575
f 3548 3546 3575
f 3561 3562 3576
f 3576 3562 3577
f 3562 3578 3577
f 3577 3578 3579
f 3578 3580 3579
f 3579 3580 3566
f 3580 3556 3566
f 3566 3556 3568
f 3556 3557 3568
f 3568 3557 3581
f 3569 3570 3582
f 3582 3570 3583
f 3570 3584 3583
f 3583 3584 3585
f 3584 3586 3585
f 3585 3586 3587
f 3586 3559 3587
f 3587 3559 3588
f 3559 3560 3588
f 3589 3591 3590
f 3590 3591 3592
f 3552 3488 3553
f 3552 3593 3488
f 3594 3066 3595
f 3066 3069 3595
f 3596 3090 3597
f 3597 3090 3052
f 3090 1104 3052
f 3595 3069 3598
f 3598 3069 3599
f 3069 3071 3599
f 3599 3071 3600
f 3600 3071 3601
f 3071 3073 3601
f 3602 3603 3075
f 3075 3603 3073
f 3603 3604 3073
f 3073 3604 3601
f 3605 3602 3080
f 3080 3602 3078
f 3602 3077 3078
f 3090 3088 1116
f 1116 3088 3086
f 3066 371 365
f 3077 3602 3057
f 3057 3602 3059
f 3602 3075 3059
f 3104 3100 3606
f 3606 3100 3607
f 3100 3098 3607
f 1104 3090 1106
f 1106 3090 1110
f 3090 1109 1110
f 3066 350 351
f 371 3066 369
f 369 3066 367
f 3066 366 367
f 3607 3098 3608
f 3608 3098 3609
f 3098 3097 3609
f 3609 3097 3610
f 3097 3095 3610
f 3610 3095 3611
f 3095 3093 3611
f 3611 3093 3612
f 3093 3092 3612
f 3612 3092 3613
f 3092 3090 3613
f 3613 3090 3614
f 3090 3596 3614
f 1109 3090 1113
f 1113 3090 1112
f 3090 1116 1112
f 350 3066 358
f 358 3066 359
f 3066 362 359
f 3056 375 3594
f 3594 375 3066
f 375 374 3066
f 3066 374 366
f 3108 3615 3110
f 3110 3615 3112
f 3615 3114 3112
f 336 337 3066
f 3066 337 3064
f 336 3066 344
f 344 3066 342
f 3066 340 342
f 340 3066 339
f 339 3066 334
f 3066 333 334
f 349 3066 355
f 355 3066 353
f 3066 351 353
f 362 3066 361
f 361 3066 363
f 3066 365 363
f 3123 3490 3124
f 3124 3490 3083
f 3114 3615 3117
f 3117 3615 3119
f 3615 3490 3119
f 3119 3490 3121
f 3490 3123 3121
f 1118 1136 1124
f 1124 1136 1123
f 1137 1121 1139
f 1139 1121 1141
f 1121 1142 1141
f 1116 3086 1115
f 1115 3086 1121
f 3086 1143 1121
f 1121 1143 1142
f 333 3066 346
f 346 3066 347
f 3066 349 347
f 3488 3593 3490
f 3490 3593 3083
f 3593 3605 3083
f 3083 3605 3081
f 3605 3080 3081
f 3108 3109 3615
f 3615 3109 3616
f 3109 3102 3616
f 3616 3102 3617
f 3102 3104 3617
f 3617 3104 3618
f 3104 3606 3618
f 1137 1136 1121
f 1121 1136 1120
f 1136 1118 1120
f 1126 1136 1125
f 1125 1136 1133
f 1133 1136 1131
f 1131 1136 1130
f 1136 1101 1130
f 1130 1101 1102
f 1123 1136 1129
f 1129 1136 1128
f 1136 1126 1128
f 3619 3621 3620
f 3622 3624 3623
f 3623 3624 3625
f 3623 3625 3626
f 3626 3625 3627
f 3625 3628 3627
f 3627 3628 3629
f 3629 3628 3630
f 3628 3631 3630
f 3630 3631 3632
f 3631 3633 3632
f 3632 3633 3634
f 3634 3633 3635
f 3633 3636 3635
f 3635 3636 3637
f 3637 3636 3638
f 3636 3639 3638
f 3638 3639 3640
f 3639 3641 3640
f 3641 3642 3640
f 3640 3642 3643
f 3642 3644 3643
f 3643 3644 3645
f 3645 3644 3646
f 3644 3647 3646
f 3646 3647 3648
f 3647 3649 3648
f 3648 3649 3650
f 3649 3651 3650
f 3650 3651 3652
f 3652 3651 3653
f 3651 3654 3653
f 3653 3654 3655
f 3655 3654 3656
f 3654 3657 3656
f 3656 3657 3658
f 3657 3659 3658
f 3658 3659 3660
f 3660 3659 3661
f 3659 3621 3661
f 3661 3621 3662
f 3621 3619 3662
f 266 3663 274
f 3549 3551 3474
f 3474 3551 3473
f 3551 3664 3473
f 274 3663 272
f 272 3663 270
f 3663 269 270
f 3665 3188 3666
f 3667 3179 3668
f 3179 3177 3668
f 3663 3136 3140
f 3140 3141 3663
f 3179 3667 3180
f 3180 3667 3182
f 3667 3669 3182
f 3182 3669 3184
f 3669 3670 3184
f 3184 3670 3186
f 3670 3671 3186
f 1039 3177 1038
f 3136 3663 3137
f 3137 3663 267
f 3663 266 267
f 269 3663 275
f 275 3663 277
f 3663 279 277
f 279 3663 285
f 285 3663 283
f 3663 281 283
f 281 3663 280
f 280 3663 286
f 3663 288 286
f 3188 3186 3666
f 3666 3186 3672
f 3186 3671 3672
f 3668 3177 3673
f 3673 3177 3674
f 3177 3126 3674
f 288 3663 290
f 290 3663 296
f 3663 294 296
f 297 3663 299
f 299 3663 303
f 3663 302 303
f 302 3663 304
f 304 3663 306
f 3663 3128 306
f 3473 3664 3675
f 3675 3664 3676
f 3664 3200 3676
f 3676 3200 3677
f 3200 3188 3677
f 3677 3188 3678
f 3188 3665 3678
f 3177 1062 1061
f 294 3663 292
f 292 3663 291
f 3663 297 291
f 3663 3141 3679
f 3679 3141 3680
f 3141 3143 3680
f 1056 1054 3177
f 3177 1054 1053
f 1062 3177 1064
f 1064 3177 1066
f 3177 1065 1066
f 3681 3682 3200
f 3200 3682 3683
f 3681 3200 3684
f 3684 3200 3685
f 3200 3664 3685
f 3126 3177 1031
f 1031 3177 1033
f 3177 1037 1033
f 1038 3177 1028
f 1028 3177 1043
f 3177 1042 1043
f 1042 3177 1046
f 1046 3177 1045
f 3177 1051 1045
f 1051 3177 1050
f 1050 3177 1048
f 3177 1047 1048
f 1047 3177 1026
f 1026 3177 1025
f 3177 1053 1025
f 1056 3177 1058
f 1058 3177 1059
f 3177 1061 1059
f 1065 3177 1069
f 1069 3177 3174
f 3177 3176 3174
f 1037 3177 1036
f 1036 3177 1040
f 3177 1039 1040
f 3145 3686 3144
f 3144 3686 3143
f 3686 3687 3143
f 3143 3687 3680
f 3683 3686 3200
f 3200 3686 3201
f 3686 3171 3201
f 3171 3686 3169
f 3169 3686 3168
f 3686 3189 3168
f 3189 3686 3191
f 3191 3686 3193
f 3686 3196 3193
f 3155 3157 3686
f 3686 3157 3159
f 3196 3686 3198
f 3198 3686 3162
f 3686 3159 3162
f 3155 3686 3154
f 3154 3686 3164
f 3686 3150 3164
f 3150 3686 3148
f 3148 3686 3146
f 3686 3145 3146
f 3622 3688 3624
f 3624 3688 3689
f 2203 3558 2205
f 3481 2172 2173
f 3558 2203 3481
f 3481 2203 2172
f 2203 2213 2172
f 2172 2213 2179
f 2213 2212 2179
f 2179 2212 2178
f 3690 3692 3691
f 3691 3693 3690
f 3690 3693 3694
f 3693 3695 3694
f 3694 3695 3696
f 3695 3697 3696
f 3696 3697 3698
f 3698 3697 3699
f 3697 3700 3699
f 3699 3700 3701
f 3700 3702 3701
f 3701 3702 3703
f 3702 3704 3703
f 3703 3704 3705
f 3705 3704 3706
f 3704 3707 3706
f 3706 3707 3708
f 3708 3707 3709
f 3707 3710 3709
f 3709 3710 3688
f 3710 3689 3688
f 3711 3713 3712
f 3711 3714 3713
f 3713 3714 3715
f 3714 3716 3715
f 3715 3716 3717
f 3717 3716 3718
f 3716 3719 3718
f 3718 3719 3720
f 3719 3721 3720
f 3720 3721 3722
f 3722 3721 3723
f 3721 3724 3723
f 3723 3724 3725
f 3725 3724 3726
f 3724 3727 3726
f 3726 3727 3728
f 3727 3692 3728
f 3728 3692 3729
f 3692 3690 3729
f 3472 3548 3471
f 3087 3089 3730
f 3730 3089 3731
f 3089 3091 3731
f 3731 3091 3732
f 3732 3091 3733
f 3091 3094 3733
f 3105 3103 3734
f 3734 3103 3735
f 3103 3736 3735
f 3122 3472 3737
f 3087 1163 1162
f 3087 1156 1157
f 1163 3087 1164
f 1164 3087 1165
f 3087 1166 1165
f 3733 3094 3738
f 3738 3094 3739
f 3094 3096 3739
f 3739 3096 3740
f 3096 3099 3740
f 3740 3099 3741
f 3099 3106 3741
f 3741 3106 3742
f 3106 3105 3742
f 3742 3105 3743
f 3105 3734 3743
f 3116 3737 3115
f 3115 3737 3125
f 3125 3737 3107
f 3737 3736 3107
f 3107 3736 3101
f 3736 3103 3101
f 3085 1098 1099
f 1145 3087 1146
f 1156 3087 1155
f 1155 3087 1161
f 3087 1160 1161
f 3054 1168 3730
f 3730 1168 3087
f 1168 1167 3087
f 3087 1167 1166
f 3070 3745 3744
f 3085 3087 1098
f 1098 3087 1144
f 3087 1145 1144
f 1146 3087 1147
f 1147 3087 1148
f 3087 1149 1148
f 1150 3087 1153
f 1153 3087 1154
f 3087 1157 1154
f 1160 3087 1159
f 1159 3087 1158
f 3087 1162 1158
f 3070 3068 3745
f 1149 3087 1152
f 1152 3087 1151
f 3087 1150 1151
f 3122 3737 3120
f 3120 3737 3118
f 3737 3116 3118
f 3745 3068 3746
f 3746 3068 3747
f 3068 3067 3747
f 3747 3067 3748
f 3067 3055 3748
f 384 385 3065
f 3065 385 3067
f 385 376 3067
f 3082 3079 3749
f 3749 3079 3750
f 3079 3060 3750
f 3750 3060 3062
f 3548 3472 3550
f 3550 3472 3751
f 3472 3122 3751
f 3751 3122 3749
f 3122 3084 3749
f 3749 3084 3082
f 3062 3076 3750
f 3750 3076 3752
f 3076 3074 3752
f 3752 3074 3753
f 3074 3072 3753
f 3753 3072 3754
f 3072 3070 3754
f 3754 3070 3755
f 3070 3744 3755
f 3055 3067 381
f 381 3067 380
f 3067 379 380
f 379 3067 378
f 378 3067 377
f 3067 376 377
f 384 400 401
f 400 384 399
f 399 384 403
f 384 402 403
f 394 382 396
f 396 382 398
f 402 384 404
f 404 384 3063
f 384 3065 3063
f 389 390 388
f 388 390 387
f 389 382 390
f 390 382 395
f 382 394 395
f 384 401 383
f 383 401 382
f 401 397 382
f 382 397 398
f 387 390 386
f 386 390 393
f 390 391 393
f 393 391 392
f 3702 3756 3704
f 3704 3756 3707
f 3756 3710 3707
f 3756 3695 3693
f 3695 3756 3697
f 3697 3756 3700
f 3756 3702 3700
f 3757 3756 3641
f 3641 3756 3642
f 3756 3693 3642
f 3628 3757 3631
f 3631 3757 3633
f 3633 3757 3636
f 3636 3757 3639
f 3757 3641 3639
f 3710 3756 3689
f 3689 3756 3624
f 3756 3757 3624
f 3624 3757 3625
f 3757 3628 3625
f 3758 3760 3759
f 3758 3761 3760
f 3762 2091 3763
f 3763 2091 2119
f 2087 3765 3764
f 3766 2028 3767
f 3767 2028 3768
f 2028 3769 3768
f 2055 2027 3770
f 3770 2027 3760
f 2027 2028 3760
f 3760 2028 3759
f 2028 3766 3759
f 2087 2091 3765
f 3762 3760 3771
f 3771 3760 3772
f 3760 3761 3772
f 3765 2091 3773
f 3773 2091 3774
f 2091 3762 3774
f 3774 3762 3775
f 3762 3771 3775
f 3776 3778 3777
f 3779 3781 3780
f 3782 3784 3783
f 3785 3787 3786
f 3786 3787 3788
f 3789 3791 3790
f 3790 3791 3787
f 3791 3792 3787
f 3787 3792 3788
f 3793 3795 3794
f 3794 3795 3796
f 3795 3797 3796
f 3785 3786 3798
f 3798 3786 3794
f 3786 3799 3794
f 3794 3799 3793
f 3797 3800 3796
f 3796 3800 3801
f 3800 3802 3801
f 3801 3802 3803
f 3802 3804 3803
f 3804 3802 3805
f 3805 3802 3806
f 3802 3807 3806
f 3807 3808 3806
f 3806 3808 3809
f 3808 3783 3809
f 3809 3783 3810
f 3783 3784 3810
f 3781 3811 3780
f 3782 3780 3784
f 3784 3780 3812
f 3780 3811 3812
f 3813 3781 3814
f 3814 3781 3815
f 3781 3779 3815
f 3816 3813 3817
f 3817 3813 3818
f 3813 3814 3818
f 3819 3821 3820
f 3820 3821 3822
f 3821 3823 3822
f 3813 3816 3824
f 3824 3816 3825
f 3816 3826 3825
f 3825 3826 3819
f 3826 3827 3819
f 3819 3827 3821
f 3828 3830 3829
f 3822 3823 3831
f 3831 3823 3828
f 3823 3832 3828
f 3828 3832 3830
f 3829 3830 3833
f 3833 3830 3834
f 3830 3835 3834
f 3834 3835 3836
f 3778 3837 3777
f 3834 3836 3838
f 3838 3836 3839
f 3836 3840 3839
f 3839 3840 3837
f 3840 3841 3837
f 3837 3841 3777
f 3842 3844 3843
f 3843 3844 3845
f 3844 3846 3845
f 3846 3778 3845
f 3845 3778 3847
f 3778 3776 3847
f 3848 3850 3849
f 3842 3843 3851
f 3851 3843 3848
f 3843 3852 3848
f 3848 3852 3850
f 3853 3855 3854
f 3854 3855 3856
f 3855 3857 3856
f 3856 3857 3858
f 3857 3849 3858
f 3858 3849 3859
f 3849 3850 3859
f 3860 3862 3861
f 3861 3862 3863
f 3862 3864 3863
f 3855 3853 3865
f 3865 3853 3866
f 3853 3867 3866
f 3866 3867 3860
f 3867 3868 3860
f 3860 3868 3862
f 3863 3864 3869
f 3869 3864 3870
f 3864 3871 3870
f 3870 3871 3872
f 3873 3875 3874
f 3870 3872 3876
f 3876 3872 3873
f 3872 3877 3873
f 3873 3877 3875
f 3878 3880 3879
f 3881 3883 3882
f 3882 3883 3884
f 3883 3880 3884
f 3884 3880 3885
f 3880 3878 3885
f 3881 3886 3883
f 3883 3886 3887
f 3886 3888 3887
f 3889 3891 3890
f 3890 3891 3892
f 3891 3887 3892
f 3892 3887 3893
f 3887 3888 3893
f 3889 3894 3891
f 3891 3894 3895
f 3894 3896 3895
f 3897 3899 3898
f 3898 3899 3900
f 3899 3895 3900
f 3900 3895 3901
f 3895 3896 3901
f 3897 3902 3899
f 3899 3902 3903
f 3902 3904 3903
f 3905 3907 3906
f 3907 3905 3908
f 3908 3905 3909
f 3905 3903 3909
f 3909 3903 3910
f 3903 3904 3910
f 3906 3911 3905
f 3905 3911 3912
f 3911 3913 3912
f 3914 3916 3915
f 3915 3916 3917
f 3916 3912 3917
f 3917 3912 3918
f 3912 3913 3918
f 3914 3919 3916
f 3916 3919 3920
f 3919 3921 3920
f 3922 3924 3923
f 3924 3922 3925
f 3925 3922 3926
f 3922 3920 3926
f 3926 3920 3927
f 3920 3921 3927
f 3923 3928 3922
f 3922 3928 3929
f 3928 3930 3929
f 3931 3933 3932
f 3932 3933 3934
f 3933 3929 3934
f 3934 3929 3935
f 3929 3930 3935
f 3931 3936 3933
f 3933 3936 3937
f 3936 3938 3937
f 3939 3941 3940
f 3940 3941 3942
f 3941 3937 3942
f 3942 3937 3943
f 3937 3938 3943
f 3944 3946 3945
f 3945 3946 3947
f 3946 3941 3947
f 3947 3941 3948
f 3941 3939 3948
f 3949 3951 3950
f 3950 3951 3952
f 3951 3946 3952
f 3952 3946 3953
f 3946 3944 3953
f 3954 3955 3949
f 3949 3955 3951
f 3955 3956 3951
f 3951 3956 3957
f 3958 3960 3959
f 3961 3963 3962
f 3962 3963 3964
f 3963 3965 3964
f 3964 3965 3966
f 3966 3967 3964
f 3964 3967 3968
f 3967 3969 3968
f 3970 3968 3971
f 3971 3968 3972
f 3968 3969 3972
f 3973 3970 3974
f 3974 3970 3975
f 3970 3971 3975
f 3976 3978 3977
f 3977 3978 3979
f 3978 3970 3979
f 3979 3970 3980
f 3970 3973 3980
f 3981 3983 3982
f 3982 3983 3984
f 3983 3985 3984
f 3981 3982 3986
f 3986 3982 3987
f 3982 3978 3987
f 3987 3978 3988
f 3978 3976 3988
f 3989 3991 3990
f 3990 3991 3992
f 3991 3993 3992
f 3989 3990 3994
f 3994 3990 3995
f 3990 3984 3995
f 3995 3984 3996
f 3984 3985 3996
f 3997 3999 3998
f 3998 3999 4000
f 3999 4001 4000
f 3997 3998 4002
f 4002 3998 4003
f 3998 3992 4003
f 4003 3992 4004
f 3992 3993 4004
f 4005 4007 4006
f 4006 4007 4008
f 4007 4009 4008
f 4005 4006 4010
f 4010 4006 4011
f 4006 4000 4011
f 4011 4000 4012
f 4000 4001 4012
f 4013 4015 4014
f 4014 4015 4016
f 4015 4017 4016
f 4013 4014 4018
f 4018 4014 4019
f 4014 4008 4019
f 4019 4008 4020
f 4008 4009 4020
f 3960 4021 3959
f 3959 4021 4022
f 4022 4021 4023
f 4021 4016 4023
f 4023 4016 4024
f 4016 4017 4024
f 4025 4027 4026
f 4027 4025 4028
f 4028 4025 4029
f 4025 3960 4029
f 4029 3960 4030
f 3960 3958 4030
f 4031 4033 4032
f 4034 4033 4035
f 4035 4033 3962
f 4033 4031 3962
f 3962 4031 3961
f 3860 4036 3866
f 3855 4037 3857
f 3848 4038 3851
f 3844 4039 3846
f 3819 4040 3825
f 3787 4041 3790
f 3790 4041 3789
f 4041 4042 3789
f 4043 4041 3798
f 3798 4041 3785
f 4041 3787 3785
f 3801 4043 3796
f 3796 4043 3794
f 4043 3798 3794
f 3806 4044 3805
f 3805 4044 3804
f 4044 4043 3804
f 3804 4043 3803
f 4043 3801 3803
f 3806 3809 4044
f 4044 3809 4045
f 3809 3810 4045
f 4046 4045 3812
f 3812 4045 3784
f 4045 3810 3784
f 3813 4046 3781
f 3781 4046 3811
f 4046 3812 3811
f 4040 4046 3825
f 3825 4046 3824
f 4046 3813 3824
f 3819 3820 4040
f 4040 3820 4047
f 3820 3822 4047
f 4048 4047 3833
f 3833 4047 3829
f 3829 4047 3828
f 3828 4047 3831
f 4047 3822 3831
f 3837 4049 3839
f 3839 4049 3838
f 4049 4048 3838
f 3838 4048 3834
f 4048 3833 3834
f 4039 4049 3846
f 3846 4049 3778
f 4049 3837 3778
f 4038 4039 3851
f 3851 4039 3842
f 4039 3844 3842
f 4037 4038 3857
f 3857 4038 3849
f 4038 3848 3849
f 4036 4037 3866
f 3866 4037 3865
f 4037 3855 3865
f 4050 4036 3863
f 3863 4036 3861
f 4036 3860 3861
f 4051 3873 3874
f 3873 4051 3876
f 3876 4051 3870
f 4051 4050 3870
f 3870 4050 3869
f 4050 3863 3869
f 3789 4042 4052
f 4052 4042 4053
f 4042 4054 4053
f 4053 4054 4055
f 4054 4056 4055
f 4055 4056 4057
f 4056 4058 4057
f 3877 4059 3875
f 3862 4060 3864
f 3864 4060 3871
f 4060 4059 3871
f 3871 4059 3872
f 4059 3877 3872
f 3862 3868 4060
f 4060 3868 4061
f 3868 3867 4061
f 3858 4062 3856
f 3856 4062 3854
f 4062 4061 3854
f 3854 4061 3853
f 4061 3867 3853
f 3858 3859 4062
f 4062 3859 4063
f 3859 3850 4063
f 4064 3847 3776
f 3847 4064 3845
f 3845 4064 3843
f 4064 4063 3843
f 3843 4063 3852
f 4063 3850 3852
f 3776 3777 4064
f 4064 3777 4065
f 3777 3841 4065
f 3830 4066 3835
f 3835 4066 3836
f 4066 4065 3836
f 3836 4065 3840
f 4065 3841 3840
f 3830 3832 4066
f 4066 3832 4067
f 3832 3823 4067
f 4068 3816 3817
f 3816 4068 3826
f 3826 4068 3827
f 4068 4067 3827
f 3827 4067 3821
f 4067 3823 3821
f 3817 3818 4068
f 4068 3818 4069
f 3818 3814 4069
f 3782 4070 3780
f 3780 4070 3779
f 4070 4069 3779
f 3779 4069 3815
f 4069 3814 3815
f 3782 3783 4070
f 4070 3783 4071
f 3783 3808 4071
f 3793 4072 3795
f 3795 4072 3797
f 3797 4072 3800
f 3800 4072 3802
f 4072 4071 3802
f 3802 4071 3807
f 4071 3808 3807
f 3793 3799 4072
f 4072 3799 4073
f 3799 3786 4073
f 4074 4073 3791
f 3791 4073 3792
f 3792 4073 3788
f 4073 3786 3788
f 4073 4074 4075
f 4075 4074 4076
f 4074 4077 4076
f 4076 4077 4078
f 4077 4079 4078
f 4078 4079 4080
f 4079 4081 4080
f 4082 4084 4083
f 4083 4084 4085
f 4086 4071 4087
f 4025 4088 3960
f 3916 4089 3912
f 4071 4072 4087
f 4087 4072 4090
f 4072 4073 4090
f 4090 4073 4091
f 4073 4075 4091
f 4091 4075 4092
f 4075 4076 4092
f 4092 4076 4093
f 4076 4078 4093
f 4093 4078 4094
f 4078 4080 4094
f 4094 4080 4095
f 4080 4035 4095
f 4095 4035 4096
f 4035 3962 4096
f 4096 3962 4097
f 3962 3964 4097
f 4097 3964 4098
f 3964 3968 4098
f 4098 3968 4099
f 3968 3970 4099
f 4089 4100 3912
f 3912 4100 3905
f 4100 4101 3905
f 3905 4101 3903
f 4101 4102 3903
f 3903 4102 3899
f 4102 4103 3899
f 3899 4103 3895
f 4103 4104 3895
f 3895 4104 3891
f 4104 4105 3891
f 3891 4105 3887
f 4105 4106 3887
f 3887 4106 3883
f 4106 4107 3883
f 4108 3875 4109
f 3883 4107 3880
f 3880 4107 3879
f 4107 4088 3879
f 3879 4088 4026
f 4088 4025 4026
f 4086 4110 4071
f 4071 4110 4070
f 4110 4111 4070
f 4070 4111 4069
f 4111 4112 4069
f 4069 4112 4068
f 4112 4113 4068
f 4068 4113 4067
f 4113 4114 4067
f 4067 4114 4066
f 4114 4115 4066
f 4066 4115 4065
f 4115 4116 4065
f 4065 4116 4064
f 4116 4117 4064
f 4064 4117 4063
f 4117 4118 4063
f 4063 4118 4062
f 4118 4119 4062
f 4062 4119 4061
f 4119 4120 4061
f 4061 4120 4060
f 4120 4109 4060
f 4060 4109 4059
f 4109 3875 4059
f 4089 3916 4121
f 4121 3916 4122
f 3916 3920 4122
f 4122 3920 4123
f 3920 3922 4123
f 4123 3922 4124
f 3922 3929 4124
f 4124 3929 4125
f 3929 3933 4125
f 4125 3933 4126
f 3933 3937 4126
f 4126 3937 4127
f 3937 3941 4127
f 4127 3941 4128
f 3941 3946 4128
f 4128 3946 4129
f 3946 3951 4129
f 4129 3951 4130
f 3951 3957 4130
f 4130 3957 4131
f 3957 4058 4131
f 4131 4058 4132
f 4058 4056 4132
f 4132 4056 4133
f 4056 4054 4133
f 4133 4054 4134
f 4054 4042 4134
f 4134 4042 4135
f 4042 4041 4135
f 4135 4041 4136
f 4041 4043 4136
f 4136 4043 4137
f 4043 4044 4137
f 4137 4044 4138
f 4044 4045 4138
f 4138 4045 4139
f 4045 4046 4139
f 4139 4046 4140
f 4046 4040 4140
f 3875 4108 3874
f 3874 4108 4051
f 4108 4141 4051
f 4051 4141 4050
f 4141 4142 4050
f 4050 4142 4036
f 4142 4143 4036
f 4036 4143 4037
f 4143 4144 4037
f 4037 4144 4038
f 4144 4145 4038
f 4038 4145 4039
f 4145 4146 4039
f 4039 4146 4049
f 4146 4147 4049
f 4049 4147 4048
f 4147 4148 4048
f 4048 4148 4047
f 4148 4149 4047
f 4047 4149 4040
f 4149 4150 4040
f 4040 4150 4140
f 4099 3970 4151
f 4151 3970 4152
f 3970 3978 4152
f 4152 3978 4153
f 3978 3982 4153
f 4153 3982 4154
f 3982 3984 4154
f 4154 3984 4155
f 3984 3990 4155
f 4155 3990 4156
f 3990 3992 4156
f 4156 3992 4157
f 3992 3998 4157
f 4157 3998 4158
f 3998 4000 4158
f 4158 4000 4159
f 4000 4006 4159
f 4159 4006 4160
f 4006 4008 4160
f 4160 4008 4161
f 4008 4014 4161
f 4161 4014 4162
f 4014 4016 4162
f 4162 4016 4163
f 4016 4021 4163
f 4163 4021 4164
f 4021 3960 4164
f 4164 3960 4165
f 3960 4088 4165
f 2118 4166 2119
f 2119 4166 3763
f 4166 2118 4167
f 4167 2118 4168
f 2118 2054 4168
f 4168 2054 4169
f 3770 4170 2055
f 2055 4170 2054
f 4170 4171 2054
f 2054 4171 4169
f 4172 4173 4081
f 4081 4173 4080
f 4173 4034 4080
f 4080 4034 4035
f 3956 4082 3957
f 3957 4082 4058
f 4082 4083 4058
f 4058 4083 4057
f 4052 4174 3789
f 4174 4175 3789
f 3789 4175 3791
f 3791 4175 4074
f 4175 4077 4074
f 4085 4174 4083
f 4083 4174 4057
f 4172 4081 4176
f 4176 4081 4175
f 4081 4079 4175
f 4175 4079 4077
f 4057 4174 4055
f 4055 4174 4053
f 4174 4052 4053
f 4177 4178 3591
f 3591 4178 3592
f 2837 619 2838
f 2905 4179 2886
f 4180 1351 1352
f 4179 2877 2878
f 2877 4179 2875
f 2875 4179 2873
f 4179 4180 2873
f 2873 4180 2871
f 4180 1352 2871
f 2828 4181 2840
f 1351 4180 1357
f 1357 4180 1356
f 4180 1354 1356
f 2886 4179 2883
f 2883 4179 2880
f 4179 2878 2880
f 4182 4183 2907
f 2907 4183 2906
f 1354 4180 1353
f 1353 4180 1358
f 4180 1360 1358
f 4179 2905 4184
f 4184 2905 4185
f 2905 2906 4185
f 4185 2906 4186
f 2906 4183 4186
f 1360 4180 1366
f 1366 4180 1365
f 4180 1364 1365
f 1364 4180 1362
f 1362 4180 1361
f 4180 1367 1361
f 1367 4180 1369
f 1369 4180 1375
f 4180 1374 1375
f 2829 2838 4187
f 4187 2838 4188
f 1374 4180 1373
f 1373 4180 1371
f 4180 1370 1371
f 1383 4180 1382
f 1382 4180 1381
f 4180 1380 1381
f 1380 4180 1379
f 1379 4180 1384
f 4180 2909 1384
f 4181 2828 4189
f 4189 2828 4190
f 2828 2829 4190
f 4190 2829 4191
f 2829 4187 4191
f 1370 4180 1376
f 1376 4180 1378
f 4180 1383 1378
f 3499 3557 3498
f 2890 4182 2891
f 2891 4182 2904
f 4182 2907 2904
f 4192 2840 4193
f 4193 2840 4194
f 2840 4181 4194
f 4188 2838 2823
f 2823 2838 595
f 2838 593 595
f 3557 3499 3581
f 3581 3499 4195
f 3499 4196 4195
f 4195 4196 4197
f 593 2838 592
f 592 2838 596
f 2838 597 596
f 4197 4182 4195
f 4195 4182 4198
f 4182 2890 4198
f 4198 2890 4199
f 2890 2863 4199
f 2897 4199 2895
f 2895 4199 2893
f 4199 2863 2893
f 597 2838 598
f 598 2838 599
f 2838 600 599
f 2837 2833 619
f 2850 2825 4199
f 4199 2825 4192
f 2825 2826 4192
f 4192 2826 2840
f 2852 4199 2851
f 2851 4199 2858
f 4199 2903 2858
f 600 2838 605
f 605 2838 604
f 2838 603 604
f 603 2838 602
f 602 2838 601
f 2838 606 601
f 606 2838 607
f 607 2838 612
f 2838 611 612
f 617 2834 616
f 616 2834 615
f 2834 620 615
f 611 2838 610
f 610 2838 609
f 2838 608 609
f 2833 2834 619
f 619 2834 618
f 2834 617 618
f 2850 4199 2849
f 2849 4199 2847
f 4199 2845 2847
f 608 2838 613
f 613 2838 614
f 2838 619 614
f 2845 4199 2855
f 2855 4199 2854
f 4199 2852 2854
f 2903 4199 2901
f 2901 4199 2899
f 4199 2897 2899
f 3901 4019 3900
f 3897 4007 3902
f 3910 4011 3909
f 3918 4003 3917
f 3914 3991 3919
f 3927 3995 3926
f 3952 4200 3950
f 3966 3965 4201
f 4201 3965 4202
f 3965 3963 4202
f 4202 3963 3961
f 3972 3969 4203
f 4203 3969 4201
f 3969 3967 4201
f 4201 3967 3966
f 3972 4203 3971
f 3971 4203 3975
f 4203 4204 3975
f 3975 4204 3974
f 3974 4204 3973
f 4204 4205 3973
f 3973 4205 3980
f 4205 3979 3980
f 3988 3976 4206
f 4206 3976 4205
f 3976 3977 4205
f 4205 3977 3979
f 3935 3930 4207
f 4207 3930 4208
f 3930 3928 4208
f 3981 3986 4209
f 4209 3986 4206
f 3986 3987 4206
f 4206 3987 3988
f 3931 3932 4210
f 4210 3932 4207
f 3932 3934 4207
f 4207 3934 3935
f 3943 3938 4211
f 4211 3938 4210
f 3938 3936 4210
f 4210 3936 3931
f 3943 4211 3942
f 3942 4211 3940
f 4211 4212 3940
f 3940 4212 3939
f 4212 4213 3939
f 3939 4213 3948
f 4213 3947 3948
f 3947 4213 3945
f 3945 4213 3944
f 4213 4200 3944
f 3944 4200 3953
f 4200 3952 3953
f 3924 3983 3923
f 3923 3983 3928
f 3983 3981 3928
f 3928 3981 4208
f 3981 4209 4208
f 3924 3925 3983
f 3983 3925 3985
f 3925 3926 3985
f 3985 3926 3996
f 3926 3995 3996
f 3927 3921 3995
f 3995 3921 3994
f 3921 3919 3994
f 3994 3919 3989
f 3919 3991 3989
f 3914 3915 3991
f 3991 3915 3993
f 3915 3917 3993
f 3993 3917 4004
f 3917 4003 4004
f 3918 3913 4003
f 4003 3913 4002
f 3913 3911 4002
f 4002 3911 3997
f 3997 3911 3999
f 3911 3906 3999
f 3999 3906 3907
f 3907 3908 3999
f 3999 3908 4001
f 3908 3909 4001
f 4001 3909 4012
f 3909 4011 4012
f 3910 3904 4011
f 4011 3904 4010
f 3904 3902 4010
f 4010 3902 4005
f 3902 4007 4005
f 3897 3898 4007
f 4007 3898 4009
f 3898 3900 4009
f 4009 3900 4020
f 3900 4019 4020
f 3901 3896 4019
f 4019 3896 4018
f 3896 3894 4018
f 4018 3894 4013
f 3894 3889 4013
f 4013 3889 4015
f 3889 3890 4015
f 4015 3890 4017
f 3890 3892 4017
f 4017 3892 4024
f 3892 3893 4024
f 3893 3888 4024
f 4024 3888 4023
f 3888 3886 4023
f 4023 3886 4022
f 4022 3886 3959
f 3886 3881 3959
f 3959 3881 3958
f 3881 3882 3958
f 3882 3884 3958
f 3958 3884 4030
f 3884 4029 4030
f 4026 4027 3879
f 3879 4027 3878
f 4029 3884 4028
f 4028 3884 4027
f 3884 3885 4027
f 4027 3885 3878
f 3955 3954 4214
f 4214 3954 4215
f 4173 4172 4216
f 4216 4172 4176
f 3961 4031 4202
f 4202 4031 4217
f 4031 4032 4217
f 4218 1924 4219
f 4219 1924 4220
f 1924 1925 4220
f 4220 1925 4221
f 1925 4222 4221
f 4221 4222 4223
f 4224 3688 4225
f 4225 3688 4226
f 3688 4227 4226
f 4227 3688 4228
f 4228 3688 4229
f 3688 4230 4229
f 4231 3622 4232
f 4232 3622 4233
f 3622 4234 4233
f 4230 3688 4235
f 4235 3688 4236
f 3688 3622 4236
f 4236 3622 4237
f 3622 4231 4237
f 4238 4240 4239
f 4239 4240 4241
f 3398 4242 3360
f 3323 4243 3324
f 4243 4244 3324
f 3413 952 951
f 3413 3414 4245
f 4245 3414 4246
f 3414 3408 4246
f 4246 3408 4247
f 3408 3409 4247
f 4247 3409 4248
f 3409 3411 4248
f 3324 4244 3326
f 3326 4244 3328
f 4244 4249 3328
f 4243 3323 4250
f 4250 3323 3306
f 3323 178 3306
f 940 3413 939
f 3413 945 946
f 952 3413 953
f 953 3413 954
f 3413 955 954
f 3411 3412 4248
f 4248 3412 4251
f 3412 3405 4251
f 3360 4252 3359
f 3328 4249 3334
f 3334 4249 3335
f 4249 4253 3335
f 940 941 3413
f 945 3413 944
f 944 3413 950
f 3413 949 950
f 3305 957 4245
f 4245 957 3413
f 957 956 3413
f 3413 956 955
f 4252 3360 4254
f 4254 3360 4255
f 3360 4242 4255
f 4255 4242 4256
f 4242 4257 4256
f 4258 4260 4259
f 3401 4242 3400
f 3400 4242 3399
f 4242 3398 3399
f 3309 3338 4261
f 4261 3338 4253
f 3338 3336 4253
f 4253 3336 3335
f 939 3413 942
f 942 3413 943
f 3413 946 943
f 949 3413 948
f 948 3413 947
f 3413 951 947
f 3405 3356 4251
f 4251 3356 4262
f 3356 3357 4262
f 4262 3357 4263
f 3357 3359 4263
f 4263 3359 4264
f 3359 4252 4264
f 4260 4258 4265
f 4265 4258 4266
f 4258 4257 4266
f 4266 4257 4267
f 4257 4242 4267
f 3395 4242 3394
f 3394 4242 3392
f 4242 3401 3392
f 177 178 3319
f 3319 178 3322
f 178 3323 3322
f 177 3319 137
f 137 3319 136
f 3319 3317 136
f 136 3317 182
f 3373 937 3374
f 3374 937 3369
f 937 936 3369
f 3369 936 933
f 3373 3413 937
f 937 3413 938
f 3413 941 938
f 933 934 3369
f 3369 934 3365
f 934 935 3365
f 3397 3345 3395
f 3395 3345 4242
f 3345 3343 4242
f 4242 3343 4261
f 3343 3311 4261
f 4261 3311 3309
f 182 3317 181
f 181 3317 180
f 3317 179 180
f 179 3317 184
f 184 3317 183
f 3317 185 183
f 185 3317 189
f 189 3317 188
f 3317 187 188
f 187 3317 186
f 186 3317 191
f 3317 190 191
f 195 3317 194
f 194 3317 193
f 3351 3315 3313
f 190 3317 192
f 192 3317 196
f 3317 195 196
f 193 3317 198
f 198 3317 197
f 3317 3315 197
f 197 3315 199
f 3315 3351 199
f 2595 4268 2593
f 2593 4268 2591
f 4268 4269 2591
f 2591 4269 2589
f 4269 2588 2589
f 2605 4268 2603
f 2603 4268 2601
f 2601 4268 2599
f 2599 4268 2597
f 4268 2595 2597
f 4270 4271 2566
f 2566 4271 2565
f 4271 2564 2565
f 2564 4271 2563
f 2563 4271 2562
f 4271 2561 2562
f 2557 4272 2556
f 2556 4272 2555
f 4272 2554 2555
f 2551 2552 4273
f 4273 2552 4272
f 2552 2553 4272
f 4272 2553 2554
f 2561 4271 2560
f 2560 4271 2559
f 4271 4272 2559
f 2559 4272 2558
f 4272 2557 2558
f 4274 4276 4275
f 4275 4276 4277
f 4278 3131 4279
f 4280 4282 4281
f 4282 4280 4283
f 4283 4280 4284
f 4280 4272 4284
f 4284 4272 4285
f 4272 4271 4285
f 3139 3134 3135
f 3131 3142 4279
f 4281 3187 4286
f 4287 4281 4288
f 4288 4281 4289
f 4281 4282 4289
f 3203 4286 3202
f 4279 3142 4290
f 4290 3142 4291
f 3142 3134 4291
f 4291 3134 4292
f 3134 4293 4292
f 4287 4294 4281
f 4281 4294 3187
f 4294 4295 3187
f 1070 4296 1073
f 1073 4296 1077
f 4296 1076 1077
f 1076 4296 1075
f 1075 4296 1074
f 4296 1078 1074
f 3202 4286 3165
f 3165 4286 3167
f 4286 3187 3167
f 3147 3133 4297
f 4297 3133 4298
f 3133 3131 4298
f 4298 3131 4299
f 3131 4278 4299
f 310 311 3134
f 3134 311 4293
f 311 3130 4293
f 4295 4300 3187
f 3187 4300 3185
f 4300 4301 3185
f 3185 4301 3183
f 4301 4302 3183
f 3183 4302 3181
f 4302 4303 3181
f 3181 4303 3178
f 4303 4304 3178
f 3178 4304 3175
f 4304 4296 3175
f 3175 4296 3173
f 4296 3172 3173
f 3172 4296 1072
f 1072 4296 1071
f 4296 1070 1071
f 1078 4296 1079
f 1079 4296 1080
f 4296 1081 1080
f 1084 4296 1087
f 1087 4296 1086
f 4296 1085 1086
f 4296 1091 1090
f 4296 1095 1094
f 3194 4286 3192
f 3147 4297 3149
f 3149 4297 3153
f 4297 4305 3153
f 3153 4305 3156
f 4305 3158 3156
f 3134 327 328
f 1081 4296 1082
f 1082 4296 1083
f 4296 1084 1083
f 1085 4296 1088
f 1088 4296 1089
f 4296 1090 1089
f 1091 4296 1092
f 1092 4296 1093
f 4296 1094 1093
f 1095 4296 1096
f 1096 4296 1097
f 4296 3127 1097
f 3192 4286 3205
f 3205 4286 3204
f 4286 3203 3204
f 310 3134 309
f 309 3134 308
f 3134 307 308
f 307 3134 315
f 315 3134 314
f 3134 313 314
f 3134 320 321
f 327 3134 326
f 326 3134 331
f 3134 330 331
f 313 3134 312
f 312 3134 317
f 3134 316 317
f 320 3134 319
f 319 3134 324
f 3134 323 324
f 330 3134 332
f 332 3134 3138
f 3134 3139 3138
f 316 3134 318
f 318 3134 322
f 3134 321 322
f 323 3134 325
f 325 3134 329
f 3134 328 329
f 3199 4286 3197
f 3197 4286 3195
f 4286 3194 3195
f 3158 4305 3160
f 3160 4305 3161
f 4305 4286 3161
f 3161 4286 3163
f 4286 3199 3163
f 4275 4277 4306
f 4306 4277 4307
f 3567 3510 3566
f 4308 1284 2973
f 2973 1284 1242
f 3567 4309 3510
f 1242 1284 1241
f 1241 1284 1249
f 1284 1247 1249
f 1281 1263 1280
f 4310 2925 4311
f 4311 2925 2927
f 4312 2949 4313
f 1247 1284 1245
f 1245 1284 1244
f 1284 1250 1244
f 1250 1284 1252
f 1252 1284 1254
f 1284 1255 1254
f 2924 4315 4314
f 2936 4311 2932
f 2932 4311 2931
f 4311 2927 2931
f 4316 2952 4317
f 4317 2952 4312
f 2952 2950 4312
f 4312 2950 2949
f 1255 1284 1259
f 1259 1284 1257
f 1284 1256 1257
f 1280 1263 1282
f 1282 1263 1284
f 1263 1261 1284
f 1284 1261 1256
f 1278 1266 1265
f 1265 1263 1278
f 1278 1263 1277
f 1263 1281 1277
f 4315 2924 4318
f 4318 2924 4319
f 2924 2925 4319
f 4319 2925 4320
f 2925 4310 4320
f 2944 4313 2946
f 2946 4313 2947
f 4313 2949 2947
f 1266 1278 1270
f 1270 1278 1268
f 1278 1274 1268
f 1268 1274 1267
f 1274 1272 1267
f 4316 4321 2952
f 2952 4321 2954
f 4321 4322 2954
f 2954 4322 2956
f 4322 4323 2956
f 2956 4323 2958
f 4323 4324 2958
f 4308 4313 1284
f 1284 4313 2938
f 4313 2940 2938
f 2940 4313 2941
f 2941 4313 2943
f 4313 2944 2943
f 493 495 4325
f 4325 495 489
f 2958 4324 2960
f 2960 4324 2962
f 4324 3516 2962
f 2962 3516 2967
f 3516 2968 2967
f 2968 3516 2970
f 2970 3516 2972
f 3516 2914 2972
f 2918 4325 487
f 487 4325 486
f 4325 489 486
f 493 4325 491
f 491 4325 490
f 4325 496 490
f 3510 4309 3516
f 3516 4309 2914
f 4309 4311 2914
f 2914 4311 2913
f 4311 2936 2913
f 4314 4326 2924
f 2924 4326 2922
f 4326 4325 2922
f 2922 4325 2920
f 4325 2918 2920
f 496 4325 498
f 498 4325 500
f 4325 483 500
f 483 4325 503
f 503 4325 502
f 4325 501 502
f 501 4325 504
f 504 4325 506
f 4325 508 506
f 508 4325 480
f 480 4325 511
f 4325 510 511
f 514 4325 516
f 516 4325 517
f 4325 522 517
f 522 4325 519
f 519 4325 518
f 4325 2911 518
f 510 4325 509
f 509 4325 512
f 4325 514 512
f 3621 4327 3620
f 4328 4327 4329
f 4329 4327 4330
f 3621 3659 4327
f 3719 4330 3721
f 3721 4330 3724
f 4330 3727 3724
f 3644 3642 4327
f 4327 3642 4330
f 3642 3693 4330
f 3711 4330 3714
f 3714 4330 3716
f 4330 3719 3716
f 3727 4330 3692
f 3692 4330 3691
f 4330 3693 3691
f 3644 4327 3647
f 3647 4327 3649
f 4327 3651 3649
f 3651 4327 3654
f 3654 4327 3657
f 4327 3659 3657
f 3505 3577 3504
f 1288 4331 1287
f 1287 4331 1286
f 4331 1285 1286
f 1285 4331 1292
f 1292 4331 1291
f 4331 1290 1291
f 2915 4332 2917
f 1290 4331 1295
f 1295 4331 1294
f 4331 1293 1294
f 1293 4331 1297
f 1297 4331 1296
f 4331 1298 1296
f 1298 4331 1302
f 1302 4331 1301
f 4331 1300 1301
f 4333 2948 2951
f 2915 2930 4332
f 1300 4331 1299
f 1299 4331 1304
f 4331 1303 1304
f 1308 4331 1307
f 1307 4331 1306
f 4331 1311 1306
f 1311 4331 1310
f 1310 4331 1312
f 4331 2974 1312
f 2942 4334 2939
f 2939 4334 2937
f 4334 4331 2937
f 2937 4331 1289
f 4331 1288 1289
f 2935 3505 2912
f 1303 4331 1305
f 1305 4331 1309
f 4331 1308 1309
f 4333 4334 2948
f 2948 4334 2945
f 4334 2942 2945
f 2951 2953 4333
f 4333 2953 4335
f 2953 2955 4335
f 4335 2955 4336
f 2955 4337 4336
f 2935 2934 3505
f 2912 3505 2971
f 2971 3505 2969
f 3505 2966 2969
f 2930 2929 4332
f 4332 2929 4338
f 2929 2926 4338
f 478 2926 477
f 4339 478 4340
f 4340 478 4341
f 478 2910 4341
f 2966 3505 2965
f 2965 3505 2964
f 3505 4342 2964
f 2964 4342 2963
f 4342 4343 2963
f 2963 4343 2957
f 4343 4344 2957
f 2957 4344 2955
f 4344 4345 2955
f 2955 4345 4337
f 477 2926 521
f 521 2926 527
f 2926 526 527
f 3577 3505 3576
f 3576 3505 4346
f 3505 2934 4346
f 4346 2934 4332
f 2934 2933 4332
f 4332 2933 2917
f 4338 2926 4347
f 4347 2926 4348
f 2926 478 4348
f 4348 478 4349
f 478 4339 4349
f 526 2926 525
f 525 2926 524
f 2926 531 524
f 531 2926 530
f 530 2926 529
f 2926 528 529
f 528 2926 533
f 533 2926 532
f 2926 534 532
f 534 2926 538
f 538 2926 537
f 2926 536 537
f 544 2926 543
f 543 2926 542
f 2926 547 542
f 536 2926 535
f 535 2926 540
f 2926 539 540
f 548 546 2919
f 2919 546 2921
f 546 547 2921
f 2921 547 2923
f 547 2926 2923
f 539 2926 541
f 541 2926 545
f 2926 544 545
f 3954 3949 4215
f 4215 3949 4200
f 3949 3950 4200
f 2690 4351 4350
f 693 4352 697
f 2211 2676 2212
f 2212 2676 2178
f 2676 2677 2178
f 2677 2724 2178
f 2178 2724 2177
f 2724 2184 2177
f 4353 4354 2679
f 2679 4354 2693
f 4354 4351 2693
f 2693 4351 2692
f 4351 2690 2692
f 4355 4356 2666
f 2666 4356 2684
f 2215 4357 2211
f 2211 4357 4358
f 4350 4352 2690
f 2690 4352 2688
f 4352 2686 2688
f 697 4352 696
f 696 4352 700
f 4352 699 700
f 2674 2676 4359
f 4359 2676 4360
f 2676 2211 4360
f 4360 2211 4361
f 2211 4358 4361
f 2184 2724 4362
f 4362 2724 4363
f 2724 2725 4363
f 4363 2725 4364
f 4365 2711 4366
f 2711 2712 4366
f 4366 2712 4367
f 2712 2696 4367
f 2684 4356 2683
f 2683 4356 2682
f 4356 4368 2682
f 2682 4368 2681
f 4368 4353 2681
f 2681 4353 2680
f 4353 2679 2680
f 2674 4359 2671
f 2671 4359 2669
f 4359 4355 2669
f 2669 4355 2668
f 4355 2666 2668
f 2711 4365 2718
f 2718 4365 2720
f 4365 4364 2720
f 2720 4364 2722
f 4364 2725 2722
f 4367 2696 4369
f 4369 2696 4370
f 2696 2694 4370
f 4370 2694 4371
f 2694 4372 4371
f 4373 4374 2705
f 2705 4374 2704
f 4374 4375 2704
f 2686 4352 2685
f 2685 4352 691
f 4352 693 691
f 699 4352 705
f 705 4352 704
f 4352 702 704
f 702 4352 708
f 708 4352 707
f 4352 711 707
f 711 4352 710
f 710 4352 716
f 4352 715 716
f 715 4352 713
f 713 4352 719
f 4352 718 719
f 729 4352 728
f 728 4352 726
f 4352 724 726
f 724 4352 723
f 723 4352 731
f 4352 2644 731
f 4375 4372 2704
f 2704 4372 2709
f 4372 2694 2709
f 2701 4373 2699
f 2699 4373 2706
f 4373 2705 2706
f 718 4352 722
f 722 4352 721
f 4352 729 721
f 1483 4373 1485
f 4373 1457 1458
f 1457 4373 1490
f 1490 4373 1502
f 4373 1494 1502
f 1494 4373 1492
f 1492 4373 2697
f 4373 2701 2697
f 1483 1478 4373
f 1485 4373 1489
f 1489 4373 1488
f 4373 1458 1488
f 1470 1469 1461
f 1470 1461 1473
f 1473 1461 1475
f 1461 1477 1475
f 2640 4376 1464
f 1464 4376 1481
f 4376 4373 1481
f 1481 4373 1479
f 4373 1478 1479
f 1464 1481 1463
f 1463 1481 1461
f 1481 1482 1461
f 1461 1482 1477
f 1469 1470 1468
f 1468 1470 1466
f 1470 1471 1466
f 1466 1471 1465
f 1471 1521 1465
f 3051 4331 4377
f 4378 4380 4379
f 4381 4383 4382
f 4380 4381 4379
f 4379 4381 4384
f 4381 4382 4384
f 4385 2974 4386
f 4331 3051 2974
f 2974 3051 4386
f 3051 3050 4386
f 4386 3050 4387
f 3050 4388 4387
f 4387 4388 4381
f 4388 4389 4381
f 4381 4389 4383
f 2974 4385 2973
f 2973 4385 4308
f 4385 4390 4308
f 4391 4380 4392
f 4392 4380 4393
f 4380 4378 4393
f 4394 2909 4180
f 2908 4396 4395
f 4397 4399 4398
f 4400 4402 4401
f 4390 4385 4394
f 4394 4385 2909
f 4385 4403 2909
f 2909 4403 2908
f 4403 4399 2908
f 2908 4399 4396
f 4399 4397 4396
f 4402 4405 4404
f 4400 4406 4402
f 4401 4402 4407
f 4407 4402 4408
f 4402 4409 4408
f 4380 4391 4410
f 4410 4391 4411
f 4391 4412 4411
f 4411 4412 4413
f 4412 4414 4413
f 4413 4414 4415
f 4414 4416 4415
f 4415 4416 4417
f 4416 4418 4417
f 4398 4399 4419
f 4419 4399 4420
f 4399 4421 4420
f 4422 4424 4423
f 4423 4424 4425
f 4426 4428 4427
f 4427 4428 4429
f 4430 4432 4431
f 4431 4432 4433
f 4432 4434 4433
f 4433 4434 4435
f 4436 4438 4437
f 4417 4418 4439
f 4439 4418 4440
f 4418 4409 4440
f 4440 4409 4441
f 4409 4402 4441
f 4429 4428 4442
f 4442 4428 4443
f 4428 4444 4443
f 4405 4402 4445
f 4445 4402 4446
f 4402 4406 4446
f 4421 4399 4447
f 4447 4399 4448
f 4399 4430 4448
f 4448 4430 4449
f 4430 4431 4449
f 4425 4424 4450
f 4450 4424 4451
f 4424 4452 4451
f 4451 4452 4434
f 4452 4453 4434
f 4434 4453 4435
f 4454 4455 4438
f 4438 4455 4456
f 4457 4437 4458
f 4458 4437 4459
f 4438 4456 4460
f 4460 4456 4461
f 4456 4424 4461
f 4461 4424 4462
f 4424 4422 4462
f 4404 4443 4402
f 4402 4443 4463
f 4443 4464 4463
f 4465 4443 4466
f 4466 4443 4467
f 4443 4444 4467
f 4468 4470 4469
f 4469 4470 4471
f 4470 4472 4471
f 4464 4443 4473
f 4473 4443 4474
f 4443 4465 4474
f 4426 4470 4428
f 4428 4470 4475
f 4470 4468 4475
f 4476 4437 4477
f 4477 4437 4478
f 4454 4438 4479
f 4479 4438 4480
f 4438 4481 4480
f 4481 4438 4482
f 4482 4438 4483
f 4438 4436 4483
f 4484 4437 4485
f 4485 4437 4486
f 4437 4438 4486
f 4487 4489 4488
f 4488 4489 4490
f 4489 4437 4490
f 4490 4437 4491
f 4437 4492 4491
f 4493 4437 4494
f 4494 4437 4495
f 4437 4476 4495
f 4459 4437 4496
f 4496 4437 4497
f 4437 4484 4497
f 4471 4472 4498
f 4498 4472 4499
f 4472 4500 4499
f 4499 4500 4501
f 4492 4437 4502
f 4502 4437 4503
f 4437 4493 4503
f 4478 4437 4504
f 4504 4437 4505
f 4437 4457 4505
f 113 4507 4506
f 4508 4507 108
f 108 4507 107
f 4507 113 107
f 2088 4509 2093
f 2093 4509 2135
f 4334 4510 4331
f 4331 4510 4377
f 4511 4512 4335
f 4335 4512 4333
f 4512 4334 4333
f 4344 4513 4345
f 4345 4513 4337
f 4513 4511 4337
f 4337 4511 4336
f 4511 4335 4336
f 4343 4342 4514
f 4514 4342 3483
f 4342 3505 3483
f 4515 4514 4516
f 4516 4514 4517
f 4514 3483 4517
f 4517 3483 4518
f 3483 3484 4518
f 4519 4511 4520
f 4520 4511 4515
f 4511 4513 4515
f 4515 4513 4514
f 4513 4344 4514
f 4514 4344 4343
f 4334 4512 4510
f 4510 4512 4521
f 4512 4511 4521
f 4521 4511 4522
f 4511 4519 4522
f 4377 4510 4523
f 4523 4510 4524
f 4510 4521 4524
f 4525 4526 4274
f 4274 4526 4527
f 4528 2107 4529
f 2108 2109 4530
f 4530 2109 4531
f 2109 2094 4531
f 4531 2094 4532
f 2094 2086 4532
f 4532 2086 3764
f 2086 2087 3764
f 4533 2108 4534
f 4534 2108 4535
f 2108 4530 4535
f 2108 4533 2099
f 2099 4533 2098
f 4533 4536 2098
f 2098 4536 2117
f 4536 4537 2117
f 2117 4537 2116
f 4537 4538 2116
f 2116 4538 2115
f 4538 4539 2115
f 2115 4539 2114
f 4539 4540 2114
f 2114 4540 2113
f 4540 4541 2113
f 2107 2100 4529
f 4529 2100 4542
f 4542 2100 4543
f 2100 2113 4543
f 4543 2113 4544
f 2113 4541 4544
f 4528 4545 2107
f 2107 4545 2106
f 4545 4546 2106
f 2106 4546 2105
f 4546 4547 2105
f 2105 4547 2112
f 4547 4548 2112
f 2112 4548 2101
f 4548 4549 2101
f 2101 4549 2097
f 4549 4550 2097
f 2097 4550 2111
f 4550 4551 2111
f 2111 4551 2110
f 4551 4552 2110
f 2110 4552 2104
f 4552 4553 2104
f 4553 4554 2104
f 2104 4554 2103
f 4554 4555 2103
f 2103 4555 2102
f 4555 4556 2102
f 4556 4557 2102
f 2102 4557 2096
f 4557 4558 2096
f 2096 4558 2095
f 4558 4559 2095
f 2095 4559 2088
f 4559 4509 2088
f 2022 4560 2029
f 2029 4560 2034
f 4560 4561 2034
f 2034 4561 2033
f 4561 4562 2033
f 2033 4562 2032
f 4562 4563 2032
f 2032 4563 2031
f 4563 4564 2031
f 2031 4564 2030
f 4564 4565 2030
f 2030 4565 2047
f 4565 4566 2047
f 2047 4566 2046
f 4566 4567 2046
f 2046 4567 2042
f 4567 4568 2042
f 2042 4568 2041
f 4568 4569 2041
f 2041 4569 2040
f 4569 4570 2040
f 2040 4570 2039
f 4570 4571 2039
f 2039 4571 2053
f 4571 4572 2053
f 2053 4572 2052
f 4572 4573 2052
f 2052 4573 2045
f 4573 4574 2045
f 2045 4574 2044
f 4574 4575 2044
f 2044 4575 2043
f 4575 4576 2043
f 2043 4576 2036
f 4576 4577 2036
f 2036 4577 2050
f 4577 4578 2050
f 2050 4578 2051
f 4578 4579 2051
f 2051 4579 2049
f 4579 4580 2049
f 2049 4580 2048
f 4580 4581 2048
f 2048 4581 2038
f 4581 4582 2038
f 2038 4582 2037
f 4582 4583 2037
f 2037 4583 2035
f 4583 4584 2035
f 2035 4584 2028
f 4584 3769 2028
f 4585 2610 2611
f 4586 4588 4587
f 4587 4588 4589
f 4588 4590 4589
f 4589 4590 4591
f 4590 4592 4591
f 4591 4592 4585
f 4592 4593 4585
f 4585 4593 2610
f 4593 2613 2610
f 4594 4596 4595
f 4595 4596 4597
f 4596 4598 4597
f 4597 4598 4599
f 4598 4600 4599
f 4594 4601 4596
f 4596 4601 4602
f 4601 4603 4602
f 4602 4603 2120
f 4603 2129 2120
f 4598 4596 4604
f 4604 4596 4605
f 4596 4602 4605
f 4605 4602 4606
f 4602 2120 4606
f 2635 4607 2611
f 2611 4607 4585
f 4607 4600 4585
f 4585 4600 4591
f 4600 4598 4591
f 4591 4598 4589
f 4598 4604 4589
f 4589 4604 4587
f 4604 4605 4587
f 4587 4605 4586
f 4605 4606 4586
f 4586 4606 2121
f 4606 2120 2121
f 4608 3416 4609
f 4609 3416 4610
f 2022 2023 4560
f 4560 2023 2078
f 4033 4611 4032
f 4032 4611 4217
f 3266 4612 1001
f 4613 3303 3256
f 4614 3278 4615
f 3220 3211 4616
f 3266 3265 4612
f 4616 4617 3220
f 3220 4617 3248
f 4617 4618 3248
f 4613 4612 3303
f 3303 4612 3263
f 4612 3265 3263
f 3256 3254 4613
f 4613 3254 4619
f 3254 3302 4619
f 4619 3302 4620
f 3302 3301 4620
f 4620 3301 4621
f 3301 3277 4621
f 4621 3277 4622
f 3277 3278 4622
f 4622 3278 4623
f 3278 4614 4623
f 4615 3278 4624
f 4624 3278 4625
f 3278 4626 4625
f 4627 3229 4628
f 4628 3229 4629
f 3229 4630 4629
f 3211 3220 244
f 244 3220 243
f 3220 242 243
f 1001 4612 1000
f 1000 4612 999
f 4612 1002 999
f 4612 1006 1005
f 2520 2521 3243
f 3243 2521 3245
f 2521 2522 3245
f 4630 3229 4631
f 4631 3229 4632
f 3229 3248 4632
f 4632 3248 4633
f 3248 4618 4633
f 3220 260 261
f 1002 4612 1003
f 1003 4612 1004
f 4612 1005 1004
f 1006 4612 1007
f 1007 4612 1008
f 4612 1009 1008
f 4612 1013 1012
f 4626 3278 4634
f 4634 3278 4635
f 3278 2587 4635
f 4635 2587 4269
f 2587 2588 4269
f 2526 3299 2525
f 2525 3299 2524
f 3299 3245 2524
f 2524 3245 2523
f 3245 2522 2523
f 3238 2520 3239
f 3239 2520 3241
f 2520 3243 3241
f 3229 2518 2519
f 2585 2586 4636
f 4636 2586 4637
f 2586 3229 4637
f 4637 3229 4638
f 3229 4627 4638
f 242 3220 241
f 241 3220 240
f 3220 248 240
f 260 3220 259
f 259 3220 264
f 3220 263 264
f 1009 4612 1010
f 1010 4612 1011
f 4612 1012 1011
f 1013 4612 1014
f 1014 4612 1015
f 4612 1016 1015
f 1019 4612 1020
f 1020 4612 1021
f 4612 1022 1021
f 1022 4612 1023
f 1023 4612 1024
f 4612 3207 1024
f 2518 3229 2517
f 2517 3229 2516
f 3229 2515 2516
f 2515 3229 2514
f 2514 3229 2513
f 3229 2512 2513
f 248 3220 247
f 247 3220 246
f 3220 245 246
f 1016 4612 1017
f 1017 4612 1018
f 4612 1019 1018
f 2512 3229 2511
f 2511 3229 2510
f 3229 2509 2510
f 253 3220 257
f 257 3220 256
f 3220 255 256
f 255 3220 258
f 258 3220 262
f 3220 261 262
f 3215 3213 263
f 263 3213 265
f 3215 263 3216
f 3216 263 3218
f 263 3220 3218
f 2529 3299 2528
f 2528 3299 2527
f 3299 2526 2527
f 3236 2520 3234
f 3234 2520 3233
f 2520 3238 3233
f 2432 2433 2586
f 2586 2433 3229
f 2433 2508 3229
f 3229 2508 2509
f 245 3220 252
f 252 3220 251
f 3220 250 251
f 250 3220 249
f 249 3220 254
f 3220 253 254
f 2519 2520 3229
f 3229 2520 3228
f 2520 3236 3228
f 2529 2530 3299
f 3299 2530 3296
f 2530 2531 3296
f 3296 2531 3294
f 2531 2532 3294
f 2587 3278 2435
f 2435 3278 2507
f 3278 3280 2507
f 2532 2533 3294
f 3294 2533 3292
f 2533 2534 3292
f 3300 2507 3282
f 3282 2507 3281
f 2507 3280 3281
f 2534 2507 3292
f 3292 2507 3290
f 2507 3300 3290
f 4185 4639 4184
f 4184 4639 4179
f 4639 4640 4179
f 4179 4640 4180
f 4182 4641 4183
f 4183 4641 4186
f 4641 4642 4186
f 4196 4643 4197
f 4197 4643 4182
f 3519 4196 3499
f 4643 4645 4644
f 4196 3519 4643
f 4643 3519 4645
f 3519 3518 4645
f 4182 4643 4641
f 4641 4643 4646
f 4643 4644 4646
f 4647 4642 4648
f 4648 4642 4649
f 4642 4641 4649
f 4649 4641 4650
f 4641 4646 4650
f 4651 4639 4647
f 4647 4639 4642
f 4639 4185 4642
f 4642 4185 4186
f 4651 4652 4639
f 4639 4652 4640
f 4652 4653 4640
f 4180 4640 4394
f 4394 4640 4654
f 4640 4653 4654
f 4655 4657 4656
f 4658 4660 4659
f 4475 4661 4428
f 4410 4662 4380
f 3417 4663 3418
f 4264 4664 4263
f 3054 4665 3053
f 3053 4665 3052
f 4665 4388 3052
f 3052 4388 3597
f 3609 3610 4666
f 4666 3610 4667
f 4667 3610 4668
f 4668 3610 4669
f 3610 3611 4669
f 4669 3611 4670
f 3611 3612 4670
f 4670 3612 4671
f 3612 3613 4671
f 4671 3613 4672
f 3613 3614 4672
f 4672 3614 4673
f 3614 3596 4673
f 4673 3596 4674
f 3596 3597 4674
f 4674 3597 4675
f 3597 4388 4675
f 4675 4388 3049
f 4388 3050 3049
f 3609 4666 3608
f 3608 4666 3607
f 4666 4676 3607
f 3607 4676 3606
f 4676 4677 3606
f 3606 4677 3618
f 4677 4678 3618
f 3618 4678 3617
f 4678 4679 3617
f 3617 4679 3616
f 4679 4680 3616
f 3616 4680 3615
f 4680 3491 3615
f 3615 3491 3490
f 3304 4682 4681
f 3206 4296 4683
f 4681 4684 3127
f 3127 4684 3126
f 4682 4685 4681
f 4681 4685 4684
f 4685 3730 4684
f 4684 3730 3126
f 3730 3731 3126
f 3731 3732 3126
f 3126 3732 3674
f 3732 3733 3674
f 3674 3733 3673
f 3733 3738 3673
f 3673 3738 3668
f 3668 3738 3667
f 3738 3739 3667
f 3667 3739 3669
f 3739 3740 3669
f 3669 3740 3670
f 3740 3741 3670
f 3670 3741 3671
f 3741 3742 3671
f 3671 3742 3672
f 3742 3743 3672
f 3672 3743 3666
f 3743 3734 3666
f 3666 3734 3665
f 3665 3734 3678
f 3734 3735 3678
f 3678 3735 3677
f 3735 3736 3677
f 3677 3736 3676
f 3736 3737 3676
f 3676 3737 3675
f 3737 3472 3675
f 3675 3472 3473
f 4296 4304 4683
f 4683 4304 4686
f 4304 4303 4686
f 4686 4303 4687
f 4303 4302 4687
f 4302 4301 4687
f 4687 4301 4688
f 4301 4300 4688
f 4688 4300 4689
f 4689 4300 4690
f 4300 4295 4690
f 4690 4295 4691
f 4295 4294 4691
f 4691 4294 4692
f 4294 4287 4692
f 4692 4287 4693
f 4287 4288 4693
f 4693 4288 4694
f 4288 4289 4694
f 4289 4282 4694
f 4694 4282 4695
f 4282 4283 4695
f 4695 4283 4696
f 4283 4284 4696
f 4696 4284 4697
f 4284 4285 4697
f 4614 4698 4623
f 4296 3206 3127
f 3127 3206 4681
f 3206 3207 4681
f 4681 3207 3304
f 3207 4612 3304
f 3304 4612 4699
f 4612 4613 4699
f 4699 4613 4700
f 4613 4619 4700
f 4700 4619 4701
f 4619 4620 4701
f 4701 4620 4702
f 4620 4621 4702
f 4702 4621 4698
f 4621 4622 4698
f 4698 4622 4623
f 4698 4614 4703
f 4703 4614 4704
f 4614 4615 4704
f 4704 4615 4705
f 4615 4624 4705
f 4705 4624 4706
f 4706 4624 4707
f 4624 4625 4707
f 4707 4625 4708
f 4625 4626 4708
f 4708 4626 4709
f 4626 4634 4709
f 4709 4634 4710
f 4634 4635 4710
f 4710 4635 4711
f 4712 4713 4246
f 4246 4713 4245
f 4713 4682 4245
f 4245 4682 3305
f 4682 3304 3305
f 4262 4714 4251
f 4251 4714 4248
f 4714 4712 4248
f 4248 4712 4247
f 4712 4246 4247
f 4264 4252 4664
f 4664 4252 4715
f 4252 4254 4715
f 4716 4255 4256
f 4256 4257 4716
f 4716 4257 4717
f 4257 4258 4717
f 4718 4715 4716
f 4716 4715 4255
f 4715 4254 4255
f 4718 4716 4719
f 4719 4716 4720
f 4716 4717 4720
f 4720 4717 4721
f 4717 4722 4721
f 4723 4664 4724
f 4724 4664 4725
f 4664 4715 4725
f 4725 4715 4726
f 4715 4718 4726
f 4263 4664 4262
f 4262 4664 4714
f 4664 4723 4714
f 4714 4723 4712
f 4723 4727 4712
f 4682 4713 3419
f 3419 4713 4728
f 4713 4712 4728
f 4728 4712 4729
f 4712 4727 4729
f 4730 4732 4731
f 4730 4733 4732
f 4732 4733 4734
f 4733 4735 4734
f 4735 4736 4734
f 4734 4736 4737
f 4736 4738 4737
f 4738 4739 4737
f 4737 4739 4740
f 4739 4741 4740
f 4741 4742 4740
f 4740 4742 4743
f 4742 4744 4743
f 4744 4745 4743
f 4743 4745 4746
f 4745 4747 4746
f 4748 4750 4749
f 4750 4748 4751
f 4751 4748 4752
f 4748 4753 4752
f 4752 4753 4754
f 4753 4755 4754
f 4756 4758 4757
f 4757 4758 4759
f 4758 4749 4759
f 4759 4749 4760
f 4749 4750 4760
f 4758 4756 4761
f 4761 4756 4762
f 4756 4763 4762
f 4764 4766 4765
f 4765 4766 4767
f 4766 4762 4767
f 4767 4762 4768
f 4762 4763 4768
f 4410 4411 4662
f 4769 4771 4770
f 4770 4771 4772
f 4771 4773 4772
f 4662 4411 4769
f 4769 4411 4771
f 4411 4413 4771
f 4771 4413 4774
f 4441 4775 4440
f 4441 4402 4775
f 4440 4775 4439
f 4439 4775 4417
f 4775 4774 4417
f 4417 4774 4415
f 4774 4413 4415
f 4661 4776 4428
f 4428 4776 4444
f 4776 4467 4444
f 4467 4776 4466
f 4466 4776 4465
f 4776 4474 4465
f 4474 4776 4473
f 4473 4776 4464
f 4776 4463 4464
f 4470 4661 4472
f 4472 4661 4500
f 4661 4501 4500
f 4661 4429 4442
f 4429 4661 4427
f 4427 4661 4426
f 4661 4470 4426
f 4501 4661 4499
f 4499 4661 4498
f 4661 4471 4498
f 4471 4661 4469
f 4469 4661 4468
f 4661 4475 4468
f 4446 4777 4445
f 4446 4406 4777
f 4778 4777 4408
f 4408 4777 4407
f 4407 4777 4401
f 4401 4777 4400
f 4777 4406 4400
f 4445 4777 4405
f 4405 4777 4404
f 4777 4661 4404
f 4404 4661 4443
f 4661 4442 4443
f 4779 4778 4418
f 4418 4778 4409
f 4778 4408 4409
f 4780 4781 4412
f 4412 4781 4414
f 4781 4779 4414
f 4414 4779 4416
f 4779 4418 4416
f 4782 4783 4378
f 4378 4783 4393
f 4783 4784 4393
f 4393 4784 4392
f 4784 4780 4392
f 4392 4780 4391
f 4780 4412 4391
f 4389 4785 4383
f 4383 4785 4382
f 4785 4786 4382
f 4382 4786 4384
f 4786 4787 4384
f 4384 4787 4379
f 4379 4787 4378
f 4378 4787 4782
f 4787 4786 4782
f 4782 4786 4788
f 4786 4785 4788
f 3730 4685 3054
f 3054 4685 4665
f 4685 4789 4665
f 4773 4771 4790
f 4790 4771 4659
f 4771 4774 4659
f 4659 4774 4658
f 4774 4775 4658
f 4791 4776 4792
f 4776 4661 4792
f 4792 4661 4793
f 4661 4777 4793
f 4793 4777 4794
f 4777 4778 4794
f 4794 4778 4795
f 4778 4779 4795
f 4795 4779 4796
f 4779 4781 4796
f 4796 4781 4797
f 4781 4780 4797
f 4797 4780 4798
f 4780 4784 4798
f 4798 4784 4799
f 4784 4783 4799
f 4799 4783 4800
f 4783 4782 4800
f 4800 4782 4801
f 4782 4788 4801
f 3418 4663 3419
f 3419 4663 4682
f 4663 4802 4682
f 4682 4802 4685
f 4802 4803 4685
f 4685 4803 4789
f 4803 4804 4789
f 4657 4791 4805
f 4791 4792 4805
f 4805 4792 4806
f 4792 4793 4806
f 4806 4793 4807
f 4793 4794 4807
f 4807 4794 4808
f 4794 4795 4808
f 4808 4795 4809
f 4795 4796 4809
f 4809 4796 4810
f 4796 4797 4810
f 4810 4797 4811
f 4797 4798 4811
f 4811 4798 4812
f 4798 4799 4812
f 4812 4799 4813
f 4799 4800 4813
f 4813 4800 4814
f 4800 4801 4814
f 4730 4731 4815
f 4815 4731 3417
f 4731 4816 3417
f 3417 4816 4663
f 4816 4817 4663
f 4663 4817 4802
f 4817 4818 4802
f 4802 4818 4803
f 4818 4819 4803
f 4803 4819 4804
f 4819 4820 4804
f 4790 4659 4821
f 4821 4659 4822
f 4659 4660 4822
f 4822 4660 4823
f 4660 4824 4823
f 4657 4805 4656
f 4656 4805 4825
f 4805 4806 4825
f 4825 4806 4826
f 4806 4807 4826
f 4826 4807 4827
f 4807 4808 4827
f 4827 4808 4828
f 4808 4809 4828
f 4828 4809 4829
f 4809 4810 4829
f 4829 4810 4830
f 4810 4811 4830
f 4830 4811 4831
f 4811 4812 4831
f 4831 4812 4832
f 4812 4813 4832
f 4832 4813 4833
f 4813 4814 4833
f 4753 4748 4746
f 4746 4748 4743
f 4748 4749 4743
f 4743 4749 4740
f 4749 4758 4740
f 4740 4758 4737
f 4758 4761 4737
f 4737 4761 4734
f 4761 4762 4734
f 4734 4762 4732
f 4762 4766 4732
f 4732 4766 4731
f 4766 4764 4731
f 4731 4764 4816
f 4764 4834 4816
f 4816 4834 4817
f 4834 4835 4817
f 4817 4835 4818
f 4835 4836 4818
f 4818 4836 4819
f 4836 4837 4819
f 4819 4837 4820
f 4837 4838 4820
f 4463 4776 4402
f 4402 4776 4775
f 4776 4791 4775
f 4775 4791 4658
f 4791 4657 4658
f 4658 4657 4660
f 4657 4655 4660
f 4660 4655 4824
f 4655 4839 4824
f 4840 4842 4841
f 4841 4842 4843
f 4842 4844 4843
f 4845 4846 4833
f 4833 4846 4832
f 4846 4847 4832
f 4832 4847 4831
f 4847 4848 4831
f 4831 4848 4830
f 4848 4849 4830
f 4830 4849 4829
f 4849 4850 4829
f 4829 4850 4828
f 4850 4851 4828
f 4828 4851 4827
f 4851 4852 4827
f 4827 4852 4826
f 4852 4853 4826
f 4826 4853 4825
f 4853 4854 4825
f 4825 4854 4656
f 4854 4843 4656
f 4656 4843 4655
f 4843 4844 4655
f 4655 4844 4839
f 4845 4833 4855
f 4855 4833 4838
f 4833 4814 4838
f 4838 4814 4820
f 4814 4801 4820
f 4820 4801 4804
f 4801 4788 4804
f 4804 4788 4789
f 4788 4785 4789
f 4789 4785 4665
f 4785 4389 4665
f 4665 4389 4388
f 4855 4838 4856
f 4856 4838 4857
f 4838 4837 4857
f 4857 4837 4858
f 4837 4836 4858
f 4858 4836 4859
f 4836 4835 4859
f 4859 4835 4860
f 4835 4834 4860
f 4860 4834 4861
f 4834 4764 4861
f 4861 4764 4862
f 4764 4765 4862
f 4862 4765 4863
f 4765 4864 4863
f 3589 4747 4865
f 4755 4753 3590
f 3590 4753 3589
f 4753 4746 3589
f 3589 4746 4747
f 3589 4865 4866
f 4866 4865 4867
f 1997 3525 1996
f 4868 4173 4216
f 4869 2123 4214
f 4214 2123 3955
f 2123 2009 3955
f 2123 4869 2130
f 2130 4869 2060
f 4869 4870 2060
f 4084 4082 4871
f 4871 4082 3461
f 4082 3956 3461
f 3461 3956 3453
f 3956 3955 3453
f 3453 3955 2010
f 3955 2009 2010
f 4870 4611 2060
f 2060 4611 2059
f 4611 4033 2059
f 2059 4033 1997
f 1997 4033 3525
f 4033 4034 3525
f 3525 4034 3542
f 4034 4173 3542
f 2256 4868 2258
f 2258 4868 2260
f 4868 2262 2260
f 2306 4871 2308
f 2308 4871 2310
f 2246 3542 2248
f 2248 3542 2250
f 3542 4173 2250
f 2250 4173 2252
f 4173 4868 2252
f 2252 4868 2254
f 4868 2256 2254
f 2310 4871 2312
f 2312 4871 2314
f 4871 2316 2314
f 2292 4871 2294
f 2294 4871 2296
f 2296 4871 2298
f 4871 2300 2298
f 2300 4871 2302
f 2302 4871 2304
f 4871 2306 2304
f 2348 3461 2350
f 2222 3542 2224
f 4868 2282 2280
f 2350 3461 2352
f 2352 3461 2354
f 3461 2356 2354
f 2222 2220 3542
f 2232 3542 2234
f 2262 4868 2264
f 2264 4868 2266
f 4868 2268 2266
f 2316 4871 2318
f 2318 4871 2320
f 4871 3461 2320
f 2320 3461 2322
f 3461 2324 2322
f 2324 3461 2326
f 2326 3461 2328
f 3461 2330 2328
f 2330 3461 2332
f 2332 3461 2334
f 3461 2336 2334
f 2356 3461 2358
f 2358 3461 2216
f 3461 3542 2216
f 2216 3542 2218
f 3542 2220 2218
f 2232 2230 3542
f 2234 3542 2236
f 2236 3542 2238
f 3542 2240 2238
f 2240 3542 2242
f 2242 3542 2244
f 3542 2246 2244
f 2268 4868 2270
f 2270 4868 2272
f 4868 2274 2272
f 4868 4871 2288
f 2288 4871 2290
f 4871 2292 2290
f 2336 3461 2338
f 2338 3461 2340
f 3461 2342 2340
f 2342 3461 2344
f 2344 3461 2346
f 3461 2348 2346
f 2274 4868 2276
f 2276 4868 2278
f 4868 2280 2278
f 2282 4868 2284
f 2284 4868 2286
f 4868 2288 2286
f 2224 3542 2226
f 2226 3542 2228
f 3542 2230 2228
f 2193 4872 2186
f 2186 4872 2215
f 4872 4357 2215
f 3713 4873 3712
f 3688 4224 3709
f 3709 4224 4874
f 3709 4874 3708
f 3708 4874 3706
f 4874 4875 3706
f 3706 4875 3705
f 4875 4876 3705
f 3705 4876 3703
f 4876 3701 3703
f 4877 3701 4878
f 4878 3701 4879
f 3701 4876 4879
f 3690 3694 4880
f 4880 3694 4881
f 3694 3696 4881
f 4881 3696 4882
f 3696 3698 4882
f 4882 3698 4877
f 3698 3699 4877
f 4877 3699 3701
f 4883 3690 4884
f 4884 3690 4885
f 3690 4880 4885
f 3725 3726 4886
f 4886 3726 4887
f 3726 3728 4887
f 4887 3728 4883
f 3728 3729 4883
f 4883 3729 3690
f 3717 3718 4888
f 4888 3718 4889
f 3718 3720 4889
f 4889 3720 4890
f 3720 3722 4890
f 4890 3722 4891
f 3722 3723 4891
f 4891 3723 4892
f 3723 3725 4892
f 4892 3725 4893
f 3725 4886 4893
f 4873 3713 4894
f 4894 3713 4895
f 3713 3715 4895
f 4895 3715 4896
f 3715 3717 4896
f 4896 3717 4897
f 3717 4888 4897
f 2054 2609 2026
f 2638 2026 2637
f 4599 2089 4597
f 4597 2089 4595
f 2089 4594 4595
f 2129 4603 2090
f 2090 4603 2089
f 4603 4601 2089
f 2089 4601 4594
f 2609 2054 2635
f 2635 2054 4607
f 2054 2118 4607
f 2637 2026 2636
f 2636 2026 2607
f 2026 2609 2607
f 2118 2089 4607
f 4607 2089 4600
f 2089 4599 4600
f 2638 2639 2026
f 2026 2639 2025
f 2639 2061 2025
f 2206 2214 2204
f 3469 3559 3449
f 3449 3559 3448
f 3559 3586 3448
f 3448 3586 3460
f 3586 3584 3460
f 3460 3584 3459
f 3584 3570 3459
f 3459 3570 3458
f 3570 3555 3458
f 3458 3555 3468
f 3555 3556 3468
f 3468 3556 3450
f 3556 3580 3450
f 3450 3580 3457
f 3580 3578 3457
f 3457 3578 3456
f 3578 3562 3456
f 3456 3562 3455
f 3562 3564 3455
f 3455 3564 3454
f 3564 3573 3454
f 3454 3573 3452
f 3573 3574 3452
f 3452 3574 3451
f 3574 3575 3451
f 3451 3575 3467
f 3575 3546 3467
f 3546 3547 3467
f 3467 3547 3466
f 3547 3475 3466
f 3537 3538 3506
f 3506 3538 3507
f 3538 3529 3507
f 3507 3529 3494
f 3529 3530 3494
f 3494 3530 3495
f 3530 3531 3495
f 3495 3531 3497
f 3531 3539 3497
f 3497 3539 3509
f 3539 3522 3509
f 3509 3522 3508
f 3522 3523 3508
f 3508 3523 3514
f 3523 3524 3514
f 3514 3524 3503
f 3524 3526 3503
f 3503 3526 3501
f 3526 3527 3501
f 3501 3527 3500
f 3527 3532 3500
f 3500 3532 3487
f 3532 3533 3487
f 3487 3533 3476
f 3533 3534 3476
f 3476 3534 3540
f 2180 2175 2174
f 2183 3536 2180
f 2180 3536 2175
f 3536 3537 2175
f 2175 3537 3480
f 3537 3506 3480
f 2210 2214 3470
f 3470 2214 3469
f 2214 2206 3469
f 3469 2206 3559
f 2060 2066 2130
f 2130 2066 2125
f 2066 2065 2125
f 2125 2065 2124
f 3525 3528 1996
f 1996 3528 1998
f 3528 3520 1998
f 1998 3520 2000
f 3520 3521 2000
f 2000 3521 2001
f 3521 3535 2001
f 2001 3535 2006
f 3535 2057 2006
f 2010 2012 3453
f 3453 2012 3465
f 2012 2020 3465
f 3465 2020 3464
f 2020 2016 3464
f 3464 2016 3463
f 2016 2013 3463
f 3463 2013 3470
f 2013 2127 3470
f 3470 2127 2210
f 2127 2128 2210
f 2210 2128 2208
f 2128 2124 2208
f 2208 2124 2207
f 2124 2065 2207
f 2207 2065 2181
f 2065 2056 2181
f 2181 2056 2182
f 2056 2057 2182
f 2182 2057 2183
f 2057 3535 2183
f 2183 3535 3536
f 3476 3540 3475
f 3475 3540 3466
f 3540 3541 3466
f 3466 3541 3462
f 3541 3542 3462
f 3462 3542 3461
f 4898 3662 3619
f 4898 4899 3662
f 3662 4899 3661
f 4899 4900 3661
f 3661 4900 3660
f 4900 4901 3660
f 3655 3656 4902
f 4902 3656 4901
f 3656 3658 4901
f 4901 3658 3660
f 4903 3655 4904
f 4904 3655 4905
f 3655 4902 4905
f 3655 4903 3653
f 3653 4903 3652
f 4903 4906 3652
f 3652 4906 3650
f 3650 4906 3648
f 4906 4907 3648
f 3648 4907 3646
f 4907 4908 3646
f 4908 4909 3646
f 3646 4909 3645
f 4909 4910 3645
f 4910 4911 3645
f 3645 4911 3643
f 4911 4912 3643
f 3643 4912 3640
f 4912 4913 3640
f 3640 4913 3638
f 4913 4914 3638
f 4914 4915 3638
f 3638 4915 3637
f 4915 4916 3637
f 3637 4916 3635
f 4916 4917 3635
f 3635 4917 3634
f 4917 4918 3634
f 3634 4918 3632
f 3632 4918 3630
f 4918 4919 3630
f 3630 4919 3629
f 4919 4920 3629
f 4920 4921 3629
f 3629 4921 3627
f 4921 4922 3627
f 3627 4922 3626
f 4922 4923 3626
f 3626 4923 3623
f 3623 4923 3622
f 4923 4234 3622
f 3475 3547 3474
f 3474 3547 3549
f 4636 2583 2585
f 4636 4924 2583
f 2583 4924 2581
f 4924 2579 2581
f 2579 4924 2577
f 2577 4924 2575
f 4924 2573 2575
f 2573 4924 2571
f 2571 4924 2569
f 4924 2568 2569
f 4259 4610 4925
f 4609 4927 4926
f 4610 4259 4609
f 4609 4259 4927
f 4259 4260 4927
f 4928 4240 4929
f 4241 4240 4930
f 4930 4240 4260
f 4240 4928 4260
f 4260 4928 4927
f 3589 4866 3591
f 3591 4866 4177
f 4273 4272 4931
f 4931 4272 4280
f 4932 4934 4933
f 4935 4937 4936
f 4938 4940 4939
f 4941 4943 4942
f 4944 4946 4945
f 4947 4949 4948
f 4950 4952 4951
f 4953 4955 4954
f 4956 4958 4957
f 4959 4961 4960
f 4962 4964 4963
f 4965 4967 4966
f 4968 4970 4969
f 4971 4430 4972
f 4972 4430 4973
f 4430 4399 4973
f 4973 4399 4974
f 4399 4403 4974
f 4974 4403 4975
f 4403 4385 4975
f 4976 4978 4977
f 4976 4979 4978
f 4935 4936 4980
f 4980 4936 4981
f 4936 4937 4981
f 4982 4938 4983
f 4983 4938 4984
f 4938 4939 4984
f 4985 4987 4986
f 4986 4987 4988
f 4987 4989 4988
f 4989 4990 4988
f 4988 4990 4991
f 4990 4992 4991
f 4993 4995 4994
f 4994 4995 4996
f 4995 4997 4996
f 4996 4997 4998
f 4999 5001 5000
f 5000 5001 5002
f 5001 5003 5002
f 5004 5006 5005
f 5005 5006 5007
f 5007 5006 5008
f 5008 5006 5009
f 5006 4999 5009
f 5010 5012 5011
f 5013 5015 5014
f 5015 5012 5016
f 5016 5012 5017
f 5012 5018 5017
f 5018 5012 5019
f 5019 5012 5020
f 5012 5010 5020
f 5021 5013 5022
f 4955 5024 5023
f 5022 5013 5025
f 5025 5013 5026
f 5013 5014 5026
f 4954 4955 5027
f 5027 4955 5028
f 4955 5023 5028
f 5029 5031 5030
f 5030 5031 5032
f 5031 5033 5032
f 5034 5036 5035
f 5035 5036 5037
f 5038 5033 5034
f 5034 5033 5036
f 5033 5031 5036
f 5036 5031 5037
f 5031 5029 5037
f 5039 5041 5040
f 5040 5041 5038
f 5041 5042 5038
f 5043 5045 5044
f 5046 5044 5047
f 5048 5050 5049
f 5049 5050 5051
f 5052 5054 5053
f 5053 5054 5048
f 5055 5057 5056
f 5056 5057 5058
f 4934 5060 5059
f 5059 5061 4934
f 4934 5061 4933
f 5061 5062 4933
f 4933 5062 4932
f 5062 4951 4932
f 5063 5065 5064
f 5064 5065 5066
f 5065 5067 5066
f 5066 5067 5068
f 5069 5071 5070
f 5070 5071 5072
f 5073 5075 5074
f 5074 5075 5076
f 5073 5074 5077
f 5077 5074 5078
f 5074 5079 5078
f 5079 5074 5080
f 5080 5074 5081
f 5074 5082 5081
f 5083 5076 5084
f 5084 5076 5085
f 5076 5075 5085
f 5086 5088 5087
f 5088 5086 5089
f 5089 5086 5090
f 5086 5076 5090
f 5090 5076 5091
f 5076 5083 5091
f 5092 5094 5093
f 5093 5094 5095
f 5095 5094 5096
f 5096 5094 5097
f 5094 5086 5097
f 5097 5086 5098
f 5086 5087 5098
f 4944 5099 4946
f 4946 5099 5100
f 5099 5101 5100
f 5102 5104 5103
f 5103 5104 5105
f 5104 5106 5105
f 4993 4994 4992
f 4992 4994 4991
f 4994 4996 4991
f 4991 4996 5107
f 4986 4988 5108
f 5108 4988 5109
f 4988 4991 5109
f 5109 4991 5110
f 4991 5107 5110
f 5110 5107 5111
f 5112 5113 5111
f 5111 5113 5110
f 5113 5114 5110
f 5110 5114 5109
f 5114 5115 5109
f 5109 5115 5108
f 5115 5116 5108
f 5108 5116 5117
f 5112 5118 5113
f 5113 5118 5114
f 5118 5119 5114
f 5114 5119 5115
f 5119 5120 5115
f 5115 5120 5116
f 5120 5121 5116
f 5116 5121 5117
f 5121 5122 5117
f 5123 5125 5124
f 5124 5125 5126
f 5125 5127 5126
f 5126 5127 5128
f 5127 5129 5128
f 5128 5129 5094
f 4957 4958 4959
f 4959 4958 4961
f 4958 5130 4961
f 4961 5130 5131
f 5130 5132 5131
f 5131 5132 5133
f 5132 5134 5133
f 5133 5134 5135
f 4985 4986 5136
f 5136 4986 5137
f 4986 5108 5137
f 5137 5108 4941
f 5108 5117 4941
f 4941 5117 4943
f 5117 5122 4943
f 4943 5122 5138
f 5122 5139 5138
f 5138 5139 5140
f 5139 5141 5140
f 5140 5141 5142
f 5141 5143 5142
f 5142 5143 5144
f 5143 5145 5144
f 5144 5145 5146
f 5092 4948 5094
f 5094 4948 5128
f 4948 4949 5128
f 5128 4949 5126
f 4949 5147 5126
f 5126 5147 5124
f 5147 5148 5124
f 5124 5148 5123
f 5148 5149 5123
f 4962 4963 5150
f 5150 4963 4937
f 4963 4964 4937
f 4937 4964 4981
f 4960 4961 4980
f 4980 4961 4935
f 4961 5131 4935
f 4935 5131 4937
f 5131 5133 4937
f 4937 5133 5150
f 5133 5135 5150
f 4984 4939 5151
f 5151 4939 4956
f 4939 4940 4956
f 4956 4940 4958
f 4940 5152 4958
f 4958 5152 5130
f 5152 5153 5130
f 5130 5153 5132
f 5153 5154 5132
f 5132 5154 5134
f 5154 5155 5134
f 5134 5155 5135
f 5137 4941 5156
f 5156 4941 5157
f 4941 4942 5157
f 5157 4942 4982
f 4942 4943 4982
f 4982 4943 4938
f 4943 5138 4938
f 4938 5138 4940
f 5138 5140 4940
f 4940 5140 5152
f 5140 5142 5152
f 5152 5142 5153
f 5142 5144 5153
f 5153 5144 5154
f 5144 5146 5154
f 5154 5146 5155
f 4946 5100 5158
f 5158 5100 5159
f 5100 5160 5159
f 5161 5162 5160
f 5160 5162 5159
f 5162 5163 5159
f 5159 5163 5158
f 5163 5164 5158
f 5158 5164 4946
f 5164 5165 4946
f 4946 5165 4945
f 5165 5166 4945
f 5167 5168 4976
f 4976 5168 4979
f 5168 5169 4979
f 4979 5169 5170
f 5169 5171 5170
f 5172 5173 5167
f 5167 5173 5168
f 5173 5174 5168
f 5168 5174 5169
f 5174 5175 5169
f 5169 5175 5171
f 5175 5176 5171
f 4947 5166 4949
f 4949 5166 5147
f 5166 5165 5147
f 5147 5165 5148
f 5165 5164 5148
f 5148 5164 5149
f 5164 5163 5149
f 5149 5163 5177
f 5163 5162 5177
f 5177 5162 5178
f 5162 5161 5178
f 5178 5161 5172
f 5161 5179 5172
f 5172 5179 5173
f 5179 5180 5173
f 5173 5180 5174
f 5180 5181 5174
f 5174 5181 5175
f 5181 5182 5175
f 5175 5182 5176
f 5182 5183 5176
f 5176 5183 5184
f 5183 5185 5184
f 4978 4979 5186
f 5186 4979 5187
f 4979 5170 5187
f 5187 5170 5188
f 5170 5171 5188
f 5188 5171 5189
f 5171 5176 5189
f 5189 5176 5190
f 5176 5184 5190
f 5106 4968 5105
f 5105 4968 5191
f 4968 4969 5191
f 5191 4969 5192
f 4969 5193 5192
f 5192 5193 5194
f 5193 5195 5194
f 5194 5195 5196
f 5195 5197 5196
f 5196 5197 5198
f 5197 5199 5198
f 5198 5199 5200
f 5199 5201 5200
f 4967 4971 4966
f 4966 4971 5202
f 4971 4972 5202
f 5202 4972 5203
f 4972 4973 5203
f 5203 4973 5204
f 4973 4974 5204
f 5204 4974 5205
f 4974 4975 5205
f 4970 4965 4969
f 4969 4965 5193
f 4965 4966 5193
f 5193 4966 5195
f 4966 5202 5195
f 5195 5202 5197
f 5202 5203 5197
f 5197 5203 5199
f 5203 5204 5199
f 5199 5204 5201
f 5204 5205 5201
f 5101 5102 5100
f 5100 5102 5160
f 5102 5103 5160
f 5160 5103 5161
f 5103 5105 5161
f 5161 5105 5179
f 5105 5191 5179
f 5179 5191 5180
f 5191 5192 5180
f 5180 5192 5181
f 5192 5194 5181
f 5181 5194 5182
f 5194 5196 5182
f 5182 5196 5183
f 5196 5198 5183
f 5183 5198 5185
f 5198 5200 5185
f 5206 5208 5207
f 5207 5208 5209
f 5208 5057 5209
f 5209 5057 5210
f 5057 5055 5210
f 5211 5213 5212
f 5214 5215 5212
f 5212 5215 5211
f 5215 5216 5211
f 4951 4952 4932
f 4932 4952 5217
f 4952 5218 5217
f 5217 5218 5219
f 5218 5072 5219
f 5219 5072 5220
f 5072 5071 5220
f 5070 5072 5068
f 5068 5072 5066
f 5072 5218 5066
f 5066 5218 5064
f 5218 4952 5064
f 5064 4952 5063
f 4952 4950 5063
f 5221 5223 5222
f 5222 5223 5214
f 5223 5224 5214
f 5214 5224 5215
f 5224 5225 5215
f 5215 5225 5216
f 5225 5226 5216
f 5227 5229 5228
f 5228 5229 5230
f 5229 5227 5230
f 5230 5227 5231
f 5227 5232 5231
f 5231 5232 5233
f 5232 5234 5233
f 5233 5234 5235
f 5234 5236 5235
f 5235 5236 5237
f 5236 5206 5237
f 5237 5206 5238
f 5206 5207 5238
f 5057 5208 5221
f 5221 5208 5223
f 5208 5206 5223
f 5223 5206 5224
f 5206 5236 5224
f 5224 5236 5225
f 5236 5234 5225
f 5225 5234 5226
f 5234 5232 5226
f 5226 5232 5239
f 5232 5227 5239
f 5239 5227 5240
f 5227 5228 5240
f 5241 5243 5242
f 5242 5243 5244
f 5243 5245 5244
f 5030 5032 4953
f 4953 5032 4955
f 5032 5013 4955
f 4955 5013 5024
f 5013 5021 5024
f 5015 5013 5012
f 5012 5013 5246
f 5013 5032 5246
f 5246 5032 5247
f 5032 5033 5247
f 5247 5033 5248
f 5033 5249 5248
f 5248 5249 5250
f 5249 5251 5250
f 5048 5054 5050
f 5050 5054 5245
f 5054 5052 5245
f 5245 5052 5244
f 5052 5252 5244
f 5044 5046 5043
f 5043 5046 5253
f 5046 5254 5253
f 5039 5045 5041
f 5041 5045 5255
f 5045 5043 5255
f 5255 5043 5256
f 5043 5253 5256
f 5047 5051 5046
f 5046 5051 5254
f 5051 5050 5254
f 5254 5050 5257
f 5050 5245 5257
f 5258 5259 5250
f 5250 5259 5248
f 5259 5260 5248
f 5248 5260 5247
f 5260 5261 5247
f 5247 5261 5246
f 5261 5262 5246
f 5246 5262 5012
f 5262 5006 5012
f 5012 5006 5011
f 5006 5004 5011
f 5251 5263 5250
f 5250 5263 5258
f 5263 5264 5258
f 5258 5264 5265
f 5264 5266 5265
f 5265 5266 5267
f 5266 5268 5267
f 5267 5268 5269
f 5268 5270 5269
f 5269 5270 5271
f 5270 5272 5271
f 5082 5273 5069
f 5069 5273 5071
f 5273 5274 5071
f 5071 5274 5220
f 5274 5275 5220
f 5220 5275 5219
f 5275 5213 5219
f 5219 5213 5217
f 5213 5211 5217
f 5217 5211 4932
f 5211 5216 4932
f 4932 5216 4934
f 5216 5226 4934
f 4934 5226 5060
f 5226 5239 5060
f 5060 5239 5276
f 5239 5240 5276
f 5276 5240 5277
f 5240 5228 5277
f 5082 5074 5273
f 5273 5074 5278
f 5074 5076 5278
f 5278 5076 5112
f 5112 5076 5118
f 5076 5086 5118
f 5118 5086 5119
f 5086 5094 5119
f 5119 5094 5120
f 5094 5129 5120
f 5120 5129 5121
f 5129 5127 5121
f 5121 5127 5122
f 5127 5125 5122
f 5122 5125 5139
f 5125 5123 5139
f 5139 5123 5141
f 5123 5149 5141
f 5141 5149 5143
f 5149 5177 5143
f 5143 5177 5145
f 5177 5178 5145
f 5145 5178 5146
f 5178 5172 5146
f 5146 5172 5155
f 5172 5167 5155
f 5155 5167 5135
f 5167 4976 5135
f 5135 4976 5150
f 4976 4977 5150
f 5150 4977 4962
f 4977 4978 4962
f 5038 5042 5033
f 5033 5042 5249
f 5042 5041 5249
f 5249 5041 5251
f 5041 5255 5251
f 5251 5255 5263
f 5255 5256 5263
f 5263 5256 5264
f 5256 5253 5264
f 5264 5253 5266
f 5253 5254 5266
f 5266 5254 5268
f 5254 5257 5268
f 5268 5257 5270
f 5257 5245 5270
f 5270 5245 5272
f 5245 5243 5272
f 4999 5006 5001
f 5001 5006 5279
f 5006 5262 5279
f 5279 5262 5280
f 5262 5261 5280
f 5280 5261 5281
f 5261 5260 5281
f 5281 5260 5282
f 5260 5259 5282
f 5282 5259 5283
f 5259 5258 5283
f 5283 5258 5284
f 5258 5265 5284
f 5284 5265 5285
f 5265 5267 5285
f 5285 5267 5286
f 5267 5269 5286
f 5286 5269 5287
f 5269 5271 5287
f 5252 5288 5244
f 5244 5288 5242
f 5288 5058 5242
f 5242 5058 5241
f 5058 5057 5241
f 5241 5057 5243
f 5057 5221 5243
f 5243 5221 5272
f 5221 5222 5272
f 5272 5222 5271
f 5222 5214 5271
f 5271 5214 5287
f 5214 5212 5287
f 5287 5212 5286
f 5212 5213 5286
f 5286 5213 5285
f 5213 5275 5285
f 5285 5275 5284
f 5275 5274 5284
f 5284 5274 5283
f 5274 5273 5283
f 5283 5273 5282
f 5273 5278 5282
f 5282 5278 5281
f 5278 5112 5281
f 5281 5112 5280
f 5112 5111 5280
f 5280 5111 5279
f 5111 5107 5279
f 5279 5107 5001
f 5107 4996 5001
f 5001 4996 5003
f 4996 4998 5003
f 5289 5290 1994
f 1994 5290 1995
f 4270 4697 4271
f 4271 4697 4285
f 4274 4275 4525
f 4525 4275 4306
f 4924 4636 5291
f 5291 4636 4637
f 4268 4711 4269
f 4269 4711 4635
f 4265 5292 4260
f 4260 5292 4930
f 5292 5293 4930
f 4722 4717 4925
f 4925 4717 4259
f 4717 4258 4259
f 2184 4362 2151
f 2151 4362 2169
f 5294 5296 5295
f 5295 5296 5297
f 5296 3415 5297
f 5297 3415 5298
f 3415 3416 5298
f 5298 3416 4239
f 3416 4608 4239
f 4239 4608 4238
f 5299 5301 5300
f 4975 5302 5205
f 5302 5303 5205
f 5190 5304 5189
f 5305 5307 5306
f 5308 5310 5309
f 5311 5313 5312
f 5314 5316 5315
f 5317 5319 5318
f 4387 5320 4386
f 5321 5323 5322
f 5324 5311 5325
f 5326 5328 5327
f 5329 5331 5330
f 5332 5334 5333
f 5335 5337 5336
f 5338 5340 5339
f 5341 5343 5342
f 4824 5345 5344
f 4769 4770 5346
f 4662 5348 5347
f 4772 5349 4770
f 4770 5349 5346
f 5349 5350 5346
f 5351 5353 5352
f 5352 5353 4773
f 4824 5344 4823
f 4823 5344 4822
f 5344 5354 4822
f 4822 5354 4821
f 5354 4790 4821
f 4839 4844 5355
f 5355 4844 5356
f 4844 4842 5356
f 5357 5359 5358
f 5358 5359 5360
f 5360 5359 5361
f 5361 5359 4840
f 5359 5362 4840
f 5357 5364 5363
f 5364 5357 5365
f 5365 5357 5366
f 5357 5358 5366
f 5341 5367 5343
f 5367 5368 5343
f 5343 5368 5369
f 5368 5370 5369
f 5371 5373 5372
f 5373 5371 5374
f 5374 5371 5375
f 5371 5369 5375
f 5375 5369 5376
f 5369 5370 5376
f 5377 5379 5378
f 5379 5377 5380
f 5380 5377 5381
f 5377 5382 5381
f 5383 5385 5384
f 5384 5385 5386
f 5385 5387 5386
f 5386 5387 5388
f 5389 5390 5340
f 5340 5390 5339
f 5390 5391 5339
f 5339 5391 5338
f 5391 5392 5338
f 5393 5395 5394
f 5394 5395 5396
f 5333 5398 5397
f 5334 5399 5333
f 5333 5399 5398
f 5399 5400 5398
f 5401 5403 5402
f 5402 5403 5404
f 5403 5405 5404
f 5403 5401 5406
f 5406 5401 5407
f 5401 5408 5407
f 5407 5408 5409
f 5330 5410 5329
f 5411 5412 5309
f 5309 5412 5308
f 5412 5413 5308
f 5308 5413 5414
f 5415 5416 5312
f 5312 5416 5311
f 5416 5417 5311
f 5311 5417 5325
f 5418 5420 5419
f 5419 5420 5421
f 5422 5418 5423
f 5423 5418 5424
f 5418 5419 5424
f 5424 5419 5425
f 5419 5421 5425
f 5426 5428 5427
f 5429 5431 5430
f 5431 5429 5432
f 5432 5429 5433
f 5429 5428 5433
f 5433 5428 5434
f 5428 5426 5434
f 5435 5317 5436
f 5437 5429 5438
f 5438 5429 5439
f 5429 5430 5439
f 5440 5317 5441
f 5441 5317 5442
f 5317 5435 5442
f 5443 5445 5444
f 5444 5445 5446
f 5443 5447 5445
f 5445 5447 5448
f 5447 5449 5448
f 5450 5448 5451
f 5451 5448 5452
f 5448 5449 5452
f 5453 5455 5454
f 5454 5455 5456
f 5457 5458 5453
f 5459 5461 5460
f 5460 5461 5462
f 5461 5463 5462
f 5462 5463 5464
f 5464 5463 5465
f 5463 5466 5465
f 5465 5466 5467
f 5466 5468 5467
f 5469 5471 5470
f 5470 5471 5472
f 5471 5473 5472
f 5469 5475 5474
f 5474 5475 5476
f 5477 5479 5478
f 5478 5480 5477
f 5477 5480 5481
f 5480 5482 5481
f 4662 5347 4380
f 4380 5347 4381
f 5347 4387 4381
f 5456 5455 5483
f 5483 5455 5484
f 5455 5485 5484
f 5484 5485 5319
f 5483 5484 5450
f 5450 5484 5448
f 5484 5319 5448
f 5448 5319 5445
f 5319 5317 5445
f 5445 5317 5446
f 5317 5440 5446
f 5470 5472 5486
f 5486 5472 5323
f 5472 5473 5323
f 5323 5473 5322
f 5473 5467 5322
f 5322 5467 5321
f 5467 5468 5321
f 5487 5489 5488
f 5488 5489 5490
f 5489 5491 5490
f 5453 5458 5455
f 5455 5458 5485
f 5458 5492 5485
f 5485 5492 5319
f 5492 5493 5319
f 5319 5493 5318
f 5493 5494 5318
f 5495 5487 5457
f 5457 5487 5458
f 5487 5488 5458
f 5458 5488 5492
f 5488 5490 5492
f 5492 5490 5493
f 5490 5496 5493
f 5493 5496 5494
f 5496 5497 5494
f 5498 5500 5499
f 5499 5500 5501
f 5500 5502 5501
f 5501 5502 5503
f 5315 5316 5498
f 5498 5316 5500
f 5316 5504 5500
f 5500 5504 5502
f 5504 5428 5502
f 5502 5428 5503
f 5428 5429 5503
f 5342 5343 5363
f 5363 5343 5357
f 5343 5505 5357
f 5357 5505 5359
f 5505 5506 5359
f 5411 5309 5507
f 5507 5309 5508
f 5309 5310 5508
f 5508 5310 5305
f 5310 5509 5305
f 5305 5509 5307
f 5509 5510 5307
f 5327 5328 5331
f 5331 5328 5330
f 5328 5511 5330
f 5330 5511 5410
f 5511 5512 5410
f 5436 5317 5437
f 5437 5317 5429
f 5317 5318 5429
f 5429 5318 5503
f 5318 5494 5503
f 5503 5494 5501
f 5494 5497 5501
f 5501 5497 5499
f 5497 5513 5499
f 5499 5513 5498
f 5513 5514 5498
f 5498 5514 5315
f 5514 5515 5315
f 5315 5515 5314
f 5515 5516 5314
f 5351 5518 5517
f 5517 5518 5519
f 5518 5520 5519
f 5519 5520 5521
f 5522 5523 5506
f 5506 5523 5359
f 5523 5356 5359
f 5359 5356 5362
f 5356 4842 5362
f 5362 4842 4840
f 4839 5355 4824
f 4824 5355 5345
f 5355 5356 5345
f 5345 5356 5524
f 5356 5523 5524
f 5372 5382 5371
f 5371 5382 5525
f 5382 5377 5525
f 5525 5377 5526
f 5377 5527 5526
f 5528 5529 5527
f 5527 5529 5526
f 5529 5516 5526
f 5526 5516 5525
f 5516 5515 5525
f 5525 5515 5371
f 5515 5514 5371
f 5371 5514 5369
f 5514 5513 5369
f 5369 5513 5343
f 5513 5497 5343
f 5343 5497 5505
f 5497 5496 5505
f 5505 5496 5506
f 5496 5490 5506
f 5506 5490 5522
f 5490 5491 5522
f 5508 5305 5530
f 5530 5305 5531
f 5305 5306 5531
f 5531 5306 5326
f 5306 5307 5326
f 5326 5307 5328
f 5307 5510 5328
f 5328 5510 5511
f 5510 5532 5511
f 5511 5532 5512
f 5532 5533 5512
f 5534 5536 5535
f 5535 5536 5537
f 5536 5538 5537
f 5537 5538 5539
f 5538 5540 5539
f 5415 5312 5541
f 5541 5312 5414
f 5312 5313 5414
f 5414 5313 5308
f 5313 5542 5308
f 5308 5542 5310
f 5542 5543 5310
f 5310 5543 5509
f 5543 5544 5509
f 5509 5544 5510
f 5544 5545 5510
f 5510 5545 5532
f 5545 5546 5532
f 5532 5546 5533
f 5546 5547 5533
f 5404 5405 5548
f 5548 5405 5549
f 5405 5403 5549
f 5549 5403 5550
f 5403 5406 5550
f 5550 5406 5551
f 5552 5534 5553
f 5553 5534 5409
f 5534 5535 5409
f 5409 5535 5407
f 5535 5537 5407
f 5407 5537 5406
f 5537 5539 5406
f 5406 5539 5551
f 4773 4790 5352
f 5352 4790 5351
f 4790 5354 5351
f 5351 5354 5518
f 5354 5344 5518
f 5518 5344 5520
f 5344 5345 5520
f 5520 5345 5521
f 5345 5524 5521
f 5421 5420 5324
f 5324 5420 5311
f 5420 5554 5311
f 5311 5554 5313
f 5554 5555 5313
f 5313 5555 5542
f 5555 5556 5542
f 5542 5556 5543
f 5556 5557 5543
f 5543 5557 5544
f 5557 5558 5544
f 5544 5558 5545
f 5558 5559 5545
f 5545 5559 5546
f 5559 5560 5546
f 5546 5560 5547
f 5560 5561 5547
f 5562 5563 5383
f 5383 5563 5385
f 5563 5564 5385
f 5385 5564 5387
f 5564 5565 5387
f 5387 5565 5388
f 5565 5566 5388
f 5378 5566 5377
f 5377 5566 5527
f 5566 5565 5527
f 5527 5565 5528
f 5565 5564 5528
f 5528 5564 5567
f 5564 5563 5567
f 5567 5563 5568
f 5563 5562 5568
f 5568 5562 5569
f 5562 5570 5569
f 5569 5570 5571
f 5570 5572 5571
f 5571 5572 5573
f 5572 5574 5573
f 5574 5572 5389
f 5389 5572 5390
f 5572 5570 5390
f 5390 5570 5391
f 5570 5562 5391
f 5391 5562 5392
f 5562 5383 5392
f 5392 5383 5575
f 5383 5384 5575
f 5576 5577 5337
f 5337 5577 5336
f 5577 5573 5336
f 5336 5573 5335
f 5573 5574 5335
f 5578 5580 5579
f 5579 5580 5581
f 5580 5582 5581
f 5581 5582 5583
f 5582 5584 5583
f 5583 5584 5585
f 5584 5586 5585
f 5548 5549 5587
f 5587 5549 5588
f 5549 5589 5588
f 5540 5590 5539
f 5539 5590 5551
f 5590 5591 5551
f 5551 5591 5550
f 5591 5592 5550
f 5550 5592 5549
f 5592 5593 5549
f 5549 5593 5589
f 5593 5594 5589
f 5594 5593 5585
f 5585 5593 5583
f 5593 5592 5583
f 5583 5592 5581
f 5592 5591 5581
f 5581 5591 5579
f 5591 5590 5579
f 5579 5590 5578
f 5590 5540 5578
f 5427 5428 5422
f 5422 5428 5418
f 5428 5504 5418
f 5418 5504 5420
f 5504 5316 5420
f 5420 5316 5554
f 5316 5314 5554
f 5554 5314 5555
f 5314 5516 5555
f 5555 5516 5556
f 5516 5529 5556
f 5556 5529 5557
f 5529 5528 5557
f 5557 5528 5558
f 5528 5567 5558
f 5558 5567 5559
f 5567 5568 5559
f 5559 5568 5560
f 5568 5569 5560
f 5560 5569 5561
f 5569 5571 5561
f 5561 5571 5595
f 5571 5573 5595
f 5595 5573 5596
f 5573 5577 5596
f 5596 5577 5597
f 5577 5598 5597
f 5597 5598 5599
f 5598 5600 5599
f 5599 5600 5601
f 5600 5602 5601
f 5601 5604 5603
f 5396 5332 5394
f 5394 5332 5605
f 5332 5333 5605
f 5605 5333 5606
f 5333 5397 5606
f 5601 5602 5604
f 5604 5602 5607
f 5602 5608 5607
f 5576 5609 5577
f 5577 5609 5598
f 5609 5393 5598
f 5598 5393 5600
f 5393 5394 5600
f 5600 5394 5602
f 5394 5605 5602
f 5602 5605 5608
f 5605 5606 5608
f 5594 5585 5610
f 5610 5585 5611
f 5585 5586 5611
f 5611 5586 5612
f 5586 5613 5612
f 5329 5410 5552
f 5552 5410 5534
f 5410 5512 5534
f 5534 5512 5536
f 5512 5533 5536
f 5536 5533 5538
f 5533 5547 5538
f 5538 5547 5540
f 5547 5561 5540
f 5540 5561 5578
f 5561 5595 5578
f 5578 5595 5580
f 5595 5596 5580
f 5580 5596 5582
f 5596 5597 5582
f 5582 5597 5584
f 5597 5599 5584
f 5584 5599 5586
f 5599 5601 5586
f 5586 5601 5613
f 5601 5603 5613
f 5614 5616 5615
f 5184 5185 5614
f 5614 5185 5617
f 5185 5200 5617
f 5617 5200 5303
f 5200 5201 5303
f 5303 5201 5205
f 4773 5353 4772
f 4772 5353 5349
f 5353 5618 5349
f 5349 5618 5350
f 5618 5619 5350
f 4769 5346 4662
f 4662 5346 5348
f 5346 5350 5348
f 5348 5350 5620
f 5350 5619 5620
f 5619 5618 5621
f 5621 5618 5622
f 5618 5353 5622
f 5622 5353 5623
f 5353 5351 5623
f 5623 5351 5624
f 5351 5517 5624
f 5624 5517 5625
f 5517 5519 5625
f 5625 5519 5626
f 5519 5521 5626
f 5626 5521 5627
f 5521 5524 5627
f 5627 5524 5628
f 5524 5523 5628
f 4387 5347 5320
f 5320 5347 5629
f 5347 5348 5629
f 5629 5348 5630
f 5348 5620 5630
f 5630 5620 5616
f 5620 5619 5616
f 5616 5619 5615
f 5619 5621 5615
f 5614 5617 5616
f 5616 5617 5630
f 5617 5303 5630
f 5630 5303 5629
f 5303 5302 5629
f 5629 5302 5320
f 5302 4975 5320
f 5320 4975 4386
f 4975 4385 4386
f 5469 5474 5471
f 5471 5474 5301
f 5474 5476 5301
f 5301 5476 5300
f 5476 5631 5300
f 5632 5634 5633
f 5633 5634 5635
f 5634 5636 5635
f 5635 5636 5637
f 5636 5638 5637
f 5637 5638 5639
f 5638 5640 5639
f 5639 5640 5641
f 5640 5642 5641
f 5641 5642 5643
f 5642 5644 5643
f 5643 5644 5645
f 5644 5646 5645
f 5462 5464 5632
f 5632 5464 5634
f 5464 5465 5634
f 5634 5465 5636
f 5465 5467 5636
f 5636 5467 5638
f 5467 5473 5638
f 5638 5473 5640
f 5473 5471 5640
f 5640 5471 5642
f 5471 5301 5642
f 5642 5301 5644
f 5301 5299 5644
f 5644 5299 5646
f 5299 5647 5646
f 5631 5479 5300
f 5300 5479 5299
f 5479 5477 5299
f 5299 5477 5647
f 5477 5481 5647
f 5647 5481 5648
f 5481 5482 5648
f 5648 5482 5304
f 5482 5649 5304
f 5304 5649 5189
f 5649 5188 5189
f 5184 5614 5190
f 5190 5614 5304
f 5614 5615 5304
f 5304 5615 5648
f 5615 5621 5648
f 5648 5621 5647
f 5621 5622 5647
f 5647 5622 5646
f 5622 5623 5646
f 5646 5623 5645
f 5623 5624 5645
f 5645 5624 5643
f 5624 5625 5643
f 5643 5625 5641
f 5625 5626 5641
f 5641 5626 5639
f 5626 5627 5639
f 5639 5627 5637
f 5627 5628 5637
f 5637 5628 5635
f 5628 5523 5635
f 5635 5523 5633
f 5523 5522 5633
f 5633 5522 5632
f 5522 5491 5632
f 5632 5491 5462
f 5491 5489 5462
f 5462 5489 5460
f 5489 5487 5460
f 5460 5487 5459
f 5487 5495 5459
f 5650 1960 5651
f 5651 1960 5652
f 1960 1961 5652
f 5652 1961 5653
f 1961 5654 5653
f 5653 5654 5655
f 4588 2209 4590
f 2181 2209 2207
f 4590 2209 4592
f 4592 2209 4593
f 2209 2181 4593
f 4593 2181 2613
f 2181 2176 2613
f 2613 2176 2614
f 2176 2616 2614
f 4588 4586 2209
f 2209 4586 2122
f 4586 2121 2122
f 2616 2176 2624
f 2624 2176 2622
f 2176 2620 2622
f 2064 2617 2063
f 2063 2617 2176
f 2617 2618 2176
f 2176 2618 2620
f 5656 5658 5657
f 5659 5661 5660
f 5662 5664 5663
f 4584 5665 3769
f 3769 5665 5666
f 5665 5667 5666
f 5666 5667 5668
f 5667 5669 5668
f 5668 5669 5670
f 5669 5671 5670
f 5670 5671 5672
f 5671 5673 5672
f 5672 5673 5674
f 5673 5675 5674
f 5674 5675 5676
f 5675 5677 5676
f 5676 5677 5678
f 5677 5679 5678
f 5678 5679 5680
f 5679 5681 5680
f 5680 5681 5682
f 5681 5683 5682
f 5682 5683 5684
f 5683 5685 5684
f 5684 5685 5686
f 5685 5687 5686
f 5686 5687 5688
f 5687 5689 5688
f 5688 5689 5690
f 5689 5691 5690
f 5690 5691 5692
f 5691 5693 5692
f 5692 5693 5694
f 5693 5695 5694
f 5694 5695 5696
f 5695 5697 5696
f 5696 5697 5698
f 5697 5699 5698
f 5698 5699 5700
f 5699 5701 5700
f 5700 5701 5702
f 5701 5703 5702
f 5702 5703 5704
f 5703 5705 5704
f 5704 5705 5706
f 5705 5707 5706
f 5706 5707 5708
f 5707 5709 5708
f 5708 5709 5710
f 5709 5711 5710
f 5710 5711 5712
f 5711 5082 5712
f 5712 5082 5069
f 4583 5713 4584
f 4584 5713 5665
f 5713 5714 5665
f 5665 5714 5667
f 5714 5715 5667
f 5667 5715 5669
f 5715 5716 5669
f 5669 5716 5671
f 5716 5717 5671
f 5671 5717 5673
f 5717 5718 5673
f 5673 5718 5675
f 5718 5719 5675
f 5675 5719 5677
f 5719 5720 5677
f 5677 5720 5679
f 5720 5721 5679
f 5679 5721 5681
f 5721 5722 5681
f 5681 5722 5683
f 5722 5723 5683
f 5683 5723 5685
f 5723 5724 5685
f 5685 5724 5687
f 5724 5725 5687
f 5687 5725 5689
f 5725 5726 5689
f 5689 5726 5691
f 5726 5727 5691
f 5691 5727 5693
f 5727 5728 5693
f 5693 5728 5695
f 5728 5729 5695
f 5695 5729 5697
f 5729 5730 5697
f 5697 5730 5699
f 5730 5731 5699
f 5699 5731 5701
f 5731 5732 5701
f 5701 5732 5703
f 5732 5733 5703
f 5703 5733 5705
f 5733 5734 5705
f 5705 5734 5707
f 5734 5735 5707
f 5707 5735 5709
f 5735 5736 5709
f 5709 5736 5711
f 5736 5081 5711
f 5711 5081 5082
f 4582 5737 4583
f 4583 5737 5713
f 5737 5738 5713
f 5713 5738 5714
f 5738 5739 5714
f 5714 5739 5715
f 5739 5740 5715
f 5715 5740 5716
f 5740 5741 5716
f 5716 5741 5717
f 5741 5742 5717
f 5717 5742 5718
f 5742 5743 5718
f 5718 5743 5719
f 5743 5744 5719
f 5719 5744 5720
f 5744 5745 5720
f 5720 5745 5721
f 5745 5746 5721
f 5721 5746 5722
f 5746 5747 5722
f 5722 5747 5723
f 5747 5748 5723
f 5723 5748 5724
f 5748 5749 5724
f 5724 5749 5725
f 5749 5750 5725
f 5725 5750 5726
f 5750 5751 5726
f 5726 5751 5727
f 5751 5752 5727
f 5727 5752 5728
f 5752 5753 5728
f 5728 5753 5729
f 5753 5754 5729
f 5729 5754 5730
f 5754 5755 5730
f 5730 5755 5731
f 5755 5756 5731
f 5731 5756 5732
f 5756 5757 5732
f 5732 5757 5733
f 5757 5758 5733
f 5733 5758 5734
f 5758 5759 5734
f 5734 5759 5735
f 5759 5760 5735
f 5735 5760 5736
f 5760 5080 5736
f 5736 5080 5081
f 4581 5761 4582
f 4582 5761 5737
f 5761 5762 5737
f 5737 5762 5738
f 5762 5763 5738
f 5738 5763 5739
f 5763 5764 5739
f 5739 5764 5740
f 5764 5765 5740
f 5740 5765 5741
f 5765 5766 5741
f 5741 5766 5742
f 5766 5767 5742
f 5742 5767 5743
f 5767 5768 5743
f 5743 5768 5744
f 5768 5769 5744
f 5744 5769 5745
f 5769 5770 5745
f 5745 5770 5746
f 5770 5771 5746
f 5746 5771 5747
f 5771 5772 5747
f 5747 5772 5748
f 5772 5773 5748
f 5748 5773 5749
f 5773 5774 5749
f 5749 5774 5750
f 5774 5775 5750
f 5750 5775 5751
f 5775 5776 5751
f 5751 5776 5752
f 5776 5777 5752
f 5752 5777 5753
f 5777 5778 5753
f 5753 5778 5754
f 5778 5779 5754
f 5754 5779 5755
f 5779 5780 5755
f 5755 5780 5756
f 5780 5781 5756
f 5756 5781 5757
f 5781 5782 5757
f 5757 5782 5758
f 5782 5783 5758
f 5758 5783 5759
f 5783 5784 5759
f 5759 5784 5760
f 5784 5079 5760
f 5760 5079 5080
f 4580 5785 4581
f 4581 5785 5761
f 5785 5786 5761
f 5761 5786 5762
f 5786 5787 5762
f 5762 5787 5763
f 5787 5788 5763
f 5763 5788 5764
f 5788 5789 5764
f 5764 5789 5765
f 5789 5790 5765
f 5765 5790 5766
f 5790 5791 5766
f 5766 5791 5767
f 5791 5792 5767
f 5767 5792 5768
f 5792 5793 5768
f 5768 5793 5769
f 5793 5794 5769
f 5769 5794 5770
f 5794 5795 5770
f 5770 5795 5771
f 5795 5796 5771
f 5771 5796 5772
f 5796 5797 5772
f 5772 5797 5773
f 5797 5798 5773
f 5773 5798 5774
f 5798 5799 5774
f 5774 5799 5775
f 5799 5800 5775
f 5775 5800 5776
f 5800 5801 5776
f 5776 5801 5777
f 5801 5802 5777
f 5777 5802 5778
f 5802 5803 5778
f 5778 5803 5779
f 5803 5804 5779
f 5779 5804 5780
f 5804 5805 5780
f 5780 5805 5781
f 5805 5806 5781
f 5781 5806 5782
f 5806 5807 5782
f 5782 5807 5783
f 5807 5808 5783
f 5783 5808 5784
f 5808 5078 5784
f 5784 5078 5079
f 4579 5809 4580
f 4580 5809 5785
f 5809 5810 5785
f 5785 5810 5786
f 5810 5811 5786
f 5786 5811 5787
f 5811 5812 5787
f 5787 5812 5788
f 5812 5813 5788
f 5788 5813 5789
f 5813 5814 5789
f 5789 5814 5790
f 5814 5815 5790
f 5790 5815 5791
f 5815 5816 5791
f 5791 5816 5792
f 5816 5817 5792
f 5792 5817 5793
f 5817 5818 5793
f 5793 5818 5794
f 5818 5819 5794
f 5794 5819 5795
f 5819 5820 5795
f 5795 5820 5796
f 5820 5821 5796
f 5796 5821 5797
f 5821 5822 5797
f 5797 5822 5798
f 5822 5823 5798
f 5798 5823 5799
f 5823 5824 5799
f 5799 5824 5800
f 5824 5825 5800
f 5800 5825 5801
f 5825 5826 5801
f 5801 5826 5802
f 5826 5827 5802
f 5802 5827 5803
f 5827 5828 5803
f 5803 5828 5804
f 5828 5829 5804
f 5804 5829 5805
f 5829 5830 5805
f 5805 5830 5806
f 5830 5831 5806
f 5806 5831 5807
f 5831 5832 5807
f 5807 5832 5808
f 5832 5077 5808
f 5808 5077 5078
f 4578 5833 4579
f 4579 5833 5809
f 5833 5834 5809
f 5809 5834 5810
f 5834 5835 5810
f 5810 5835 5811
f 5835 5836 5811
f 5811 5836 5812
f 5836 5837 5812
f 5812 5837 5813
f 5837 5838 5813
f 5813 5838 5814
f 5838 5839 5814
f 5814 5839 5815
f 5839 5840 5815
f 5815 5840 5816
f 5840 5841 5816
f 5816 5841 5817
f 5841 5842 5817
f 5817 5842 5818
f 5842 5843 5818
f 5818 5843 5819
f 5843 5844 5819
f 5819 5844 5820
f 5844 5845 5820
f 5820 5845 5821
f 5845 5846 5821
f 5821 5846 5822
f 5846 5847 5822
f 5822 5847 5823
f 5847 5848 5823
f 5823 5848 5824
f 5848 5849 5824
f 5824 5849 5825
f 5849 5850 5825
f 5825 5850 5826
f 5850 5851 5826
f 5826 5851 5827
f 5851 5852 5827
f 5827 5852 5828
f 5852 5853 5828
f 5828 5853 5829
f 5853 5854 5829
f 5829 5854 5830
f 5854 5855 5830
f 5830 5855 5831
f 5855 5856 5831
f 5831 5856 5832
f 5856 5073 5832
f 5832 5073 5077
f 4577 5857 4578
f 4578 5857 5833
f 5857 5858 5833
f 5833 5858 5834
f 5858 5859 5834
f 5834 5859 5835
f 5859 5860 5835
f 5835 5860 5836
f 5860 5861 5836
f 5836 5861 5837
f 5861 5862 5837
f 5837 5862 5838
f 5862 5863 5838
f 5838 5863 5839
f 5863 5864 5839
f 5839 5864 5840
f 5864 5865 5840
f 5840 5865 5841
f 5865 5866 5841
f 5841 5866 5842
f 5866 5867 5842
f 5842 5867 5843
f 5867 5868 5843
f 5843 5868 5844
f 5868 5869 5844
f 5844 5869 5845
f 5869 5870 5845
f 5845 5870 5846
f 5870 5871 5846
f 5846 5871 5847
f 5871 5872 5847
f 5847 5872 5848
f 5872 5873 5848
f 5848 5873 5849
f 5873 5874 5849
f 5849 5874 5850
f 5874 5875 5850
f 5850 5875 5851
f 5875 5876 5851
f 5851 5876 5852
f 5876 5877 5852
f 5852 5877 5853
f 5877 5878 5853
f 5853 5878 5854
f 5878 5879 5854
f 5854 5879 5855
f 5879 5880 5855
f 5855 5880 5856
f 5880 5075 5856
f 5856 5075 5073
f 4576 5881 4577
f 4577 5881 5857
f 5881 5882 5857
f 5857 5882 5858
f 5882 5883 5858
f 5858 5883 5859
f 5883 5884 5859
f 5859 5884 5860
f 5884 5885 5860
f 5860 5885 5861
f 5885 5886 5861
f 5861 5886 5862
f 5886 5887 5862
f 5862 5887 5863
f 5887 5888 5863
f 5863 5888 5864
f 5888 5889 5864
f 5864 5889 5865
f 5889 5890 5865
f 5865 5890 5866
f 5890 5891 5866
f 5866 5891 5867
f 5891 5892 5867
f 5867 5892 5868
f 5892 5893 5868
f 5868 5893 5869
f 5893 5894 5869
f 5869 5894 5870
f 5894 5895 5870
f 5870 5895 5871
f 5895 5896 5871
f 5871 5896 5872
f 5896 5897 5872
f 5872 5897 5873
f 5897 5898 5873
f 5873 5898 5874
f 5898 5899 5874
f 5874 5899 5875
f 5899 5900 5875
f 5875 5900 5876
f 5900 5901 5876
f 5876 5901 5877
f 5901 5902 5877
f 5877 5902 5878
f 5902 5903 5878
f 5878 5903 5879
f 5903 5904 5879
f 5879 5904 5880
f 5904 5085 5880
f 5880 5085 5075
f 4575 5905 4576
f 4576 5905 5881
f 5905 5906 5881
f 5881 5906 5882
f 5906 5907 5882
f 5882 5907 5883
f 5907 5908 5883
f 5883 5908 5884
f 5908 5909 5884
f 5884 5909 5885
f 5909 5910 5885
f 5885 5910 5886
f 5910 5911 5886
f 5886 5911 5887
f 5911 5912 5887
f 5887 5912 5888
f 5912 5913 5888
f 5888 5913 5889
f 5913 5914 5889
f 5889 5914 5890
f 5914 5915 5890
f 5890 5915 5891
f 5915 5916 5891
f 5891 5916 5892
f 5916 5917 5892
f 5892 5917 5893
f 5917 5918 5893
f 5893 5918 5894
f 5918 5919 5894
f 5894 5919 5895
f 5919 5920 5895
f 5895 5920 5896
f 5920 5921 5896
f 5896 5921 5897
f 5921 5922 5897
f 5897 5922 5898
f 5922 5923 5898
f 5898 5923 5899
f 5923 5924 5899
f 5899 5924 5900
f 5924 5925 5900
f 5900 5925 5901
f 5925 5926 5901
f 5901 5926 5902
f 5926 5927 5902
f 5902 5927 5903
f 5927 5928 5903
f 5903 5928 5904
f 5928 5084 5904
f 5904 5084 5085
f 4574 5929 4575
f 4575 5929 5905
f 5929 5930 5905
f 5905 5930 5906
f 5930 5931 5906
f 5906 5931 5907
f 5931 5932 5907
f 5907 5932 5908
f 5932 5933 5908
f 5908 5933 5909
f 5933 5934 5909
f 5909 5934 5910
f 5934 5935 5910
f 5910 5935 5911
f 5935 5936 5911
f 5911 5936 5912
f 5936 5937 5912
f 5912 5937 5913
f 5937 5938 5913
f 5913 5938 5914
f 5938 5939 5914
f 5914 5939 5915
f 5939 5940 5915
f 5915 5940 5916
f 5940 5941 5916
f 5916 5941 5917
f 5941 5942 5917
f 5917 5942 5918
f 5942 5943 5918
f 5918 5943 5919
f 5943 5944 5919
f 5919 5944 5920
f 5944 5945 5920
f 5920 5945 5921
f 5945 5946 5921
f 5921 5946 5922
f 5946 5947 5922
f 5922 5947 5923
f 5947 5948 5923
f 5923 5948 5924
f 5948 5949 5924
f 5924 5949 5925
f 5949 5950 5925
f 5925 5950 5926
f 5950 5951 5926
f 5926 5951 5927
f 5951 5952 5927
f 5927 5952 5928
f 5952 5083 5928
f 5928 5083 5084
f 4573 5953 4574
f 4574 5953 5929
f 5953 5954 5929
f 5929 5954 5930
f 5954 5955 5930
f 5930 5955 5931
f 5955 5956 5931
f 5931 5956 5932
f 5956 5957 5932
f 5932 5957 5933
f 5957 5958 5933
f 5933 5958 5934
f 5958 5959 5934
f 5934 5959 5935
f 5959 5960 5935
f 5935 5960 5936
f 5960 5961 5936
f 5936 5961 5937
f 5961 5962 5937
f 5937 5962 5938
f 5962 5963 5938
f 5938 5963 5939
f 5963 5964 5939
f 5939 5964 5940
f 5964 5965 5940
f 5940 5965 5941
f 5965 5966 5941
f 5941 5966 5942
f 5966 5967 5942
f 5942 5967 5943
f 5967 5968 5943
f 5943 5968 5944
f 5968 5969 5944
f 5944 5969 5945
f 5969 5970 5945
f 5945 5970 5946
f 5970 5971 5946
f 5946 5971 5947
f 5971 5972 5947
f 5947 5972 5948
f 5972 5973 5948
f 5948 5973 5949
f 5973 5974 5949
f 5949 5974 5950
f 5974 5975 5950
f 5950 5975 5951
f 5975 5976 5951
f 5951 5976 5952
f 5976 5091 5952
f 5952 5091 5083
f 4572 5977 4573
f 4573 5977 5953
f 5977 5978 5953
f 5953 5978 5954
f 5978 5979 5954
f 5954 5979 5955
f 5979 5980 5955
f 5955 5980 5956
f 5980 5981 5956
f 5956 5981 5957
f 5981 5982 5957
f 5957 5982 5958
f 5982 5983 5958
f 5958 5983 5959
f 5983 5984 5959
f 5959 5984 5960
f 5984 5985 5960
f 5960 5985 5961
f 5985 5986 5961
f 5961 5986 5962
f 5986 5987 5962
f 5962 5987 5963
f 5987 5988 5963
f 5963 5988 5964
f 5988 5989 5964
f 5964 5989 5965
f 5989 5990 5965
f 5965 5990 5966
f 5990 5991 5966
f 5966 5991 5967
f 5991 5992 5967
f 5967 5992 5968
f 5992 5993 5968
f 5968 5993 5969
f 5993 5994 5969
f 5969 5994 5970
f 5994 5995 5970
f 5970 5995 5971
f 5995 5996 5971
f 5971 5996 5972
f 5996 5997 5972
f 5972 5997 5973
f 5997 5998 5973
f 5973 5998 5974
f 5998 5999 5974
f 5974 5999 5975
f 5999 6000 5975
f 5975 6000 5976
f 6000 5090 5976
f 5976 5090 5091
f 4571 6001 4572
f 4572 6001 5977
f 6001 6002 5977
f 5977 6002 5978
f 6002 6003 5978
f 5978 6003 5979
f 6003 6004 5979
f 5979 6004 5980
f 6004 6005 5980
f 5980 6005 5981
f 6005 6006 5981
f 5981 6006 5982
f 6006 6007 5982
f 5982 6007 5983
f 6007 6008 5983
f 5983 6008 5984
f 6008 6009 5984
f 5984 6009 5985
f 6009 6010 5985
f 5985 6010 5986
f 6010 6011 5986
f 5986 6011 5987
f 6011 6012 5987
f 5987 6012 5988
f 6012 6013 5988
f 5988 6013 5989
f 6013 6014 5989
f 5989 6014 5990
f 6014 6015 5990
f 5990 6015 5991
f 6015 6016 5991
f 5991 6016 5992
f 6016 6017 5992
f 5992 6017 5993
f 6017 6018 5993
f 5993 6018 5994
f 6018 6019 5994
f 5994 6019 5995
f 6019 6020 5995
f 5995 6020 5996
f 6020 6021 5996
f 5996 6021 5997
f 6021 6022 5997
f 5997 6022 5998
f 6022 6023 5998
f 5998 6023 5999
f 6023 6024 5999
f 5999 6024 6000
f 6024 5089 6000
f 6000 5089 5090
f 4570 6025 4571
f 4571 6025 6001
f 6025 6026 6001
f 6001 6026 6002
f 6026 6027 6002
f 6002 6027 6003
f 6027 6028 6003
f 6003 6028 6004
f 6028 6029 6004
f 6004 6029 6005
f 6029 6030 6005
f 6005 6030 6006
f 6030 6031 6006
f 6006 6031 6007
f 6031 6032 6007
f 6007 6032 6008
f 6032 6033 6008
f 6008 6033 6009
f 6033 6034 6009
f 6009 6034 6010
f 6034 6035 6010
f 6010 6035 6011
f 6035 6036 6011
f 6011 6036 6012
f 6036 6037 6012
f 6012 6037 6013
f 6037 6038 6013
f 6013 6038 6014
f 6038 6039 6014
f 6014 6039 6015
f 6039 6040 6015
f 6015 6040 6016
f 6040 6041 6016
f 6016 6041 6017
f 6041 6042 6017
f 6017 6042 6018
f 6042 6043 6018
f 6018 6043 6019
f 6043 6044 6019
f 6019 6044 6020
f 6044 6045 6020
f 6020 6045 6021
f 6045 6046 6021
f 6021 6046 6022
f 6046 6047 6022
f 6022 6047 6023
f 6047 6048 6023
f 6023 6048 6024
f 6048 5088 6024
f 6024 5088 5089
f 4569 6049 4570
f 4570 6049 6025
f 6049 6050 6025
f 6025 6050 6026
f 6050 6051 6026
f 6026 6051 6027
f 6051 6052 6027
f 6027 6052 6028
f 6052 6053 6028
f 6028 6053 6029
f 6053 6054 6029
f 6029 6054 6030
f 6054 6055 6030
f 6030 6055 6031
f 6055 6056 6031
f 6031 6056 6032
f 6056 6057 6032
f 6032 6057 6033
f 6057 6058 6033
f 6033 6058 6034
f 6058 6059 6034
f 6034 6059 6035
f 6059 6060 6035
f 6035 6060 6036
f 6060 6061 6036
f 6036 6061 6037
f 6061 6062 6037
f 6037 6062 6038
f 6062 6063 6038
f 6038 6063 6039
f 6063 6064 6039
f 6039 6064 6040
f 6064 6065 6040
f 6040 6065 6041
f 6065 6066 6041
f 6041 6066 6042
f 6066 6067 6042
f 6042 6067 6043
f 6067 6068 6043
f 6043 6068 6044
f 6068 6069 6044
f 6044 6069 6045
f 6069 6070 6045
f 6045 6070 6046
f 6070 6071 6046
f 6046 6071 6047
f 6071 6072 6047
f 6047 6072 6048
f 6072 5087 6048
f 6048 5087 5088
f 4568 6073 4569
f 4569 6073 6049
f 6073 6074 6049
f 6049 6074 6050
f 6074 6075 6050
f 6050 6075 6051
f 6075 6076 6051
f 6051 6076 6052
f 6076 6077 6052
f 6052 6077 6053
f 6077 6078 6053
f 6053 6078 6054
f 6078 6079 6054
f 6054 6079 6055
f 6079 6080 6055
f 6055 6080 6056
f 6080 6081 6056
f 6056 6081 6057
f 6081 6082 6057
f 6057 6082 6058
f 6082 6083 6058
f 6058 6083 6059
f 6083 6084 6059
f 6059 6084 6060
f 6084 6085 6060
f 6060 6085 6061
f 6085 6086 6061
f 6061 6086 6062
f 6086 6087 6062
f 6062 6087 6063
f 6087 6088 6063
f 6063 6088 6064
f 6088 6089 6064
f 6064 6089 6065
f 6089 6090 6065
f 6065 6090 6066
f 6090 6091 6066
f 6066 6091 6067
f 6091 6092 6067
f 6067 6092 6068
f 6092 6093 6068
f 6068 6093 6069
f 6093 6094 6069
f 6069 6094 6070
f 6094 6095 6070
f 6070 6095 6071
f 6095 6096 6071
f 6071 6096 6072
f 6096 5098 6072
f 6072 5098 5087
f 4567 6097 4568
f 4568 6097 6073
f 6097 6098 6073
f 6073 6098 6074
f 6098 6099 6074
f 6074 6099 6075
f 6099 6100 6075
f 6075 6100 6076
f 6100 6101 6076
f 6076 6101 6077
f 6101 6102 6077
f 6077 6102 6078
f 6102 6103 6078
f 6078 6103 6079
f 6103 6104 6079
f 6079 6104 6080
f 6104 6105 6080
f 6080 6105 6081
f 6105 6106 6081
f 6081 6106 6082
f 6106 6107 6082
f 6082 6107 6083
f 6107 6108 6083
f 6083 6108 6084
f 6108 6109 6084
f 6084 6109 6085
f 6109 6110 6085
f 6085 6110 6086
f 6110 6111 6086
f 6086 6111 6087
f 6111 6112 6087
f 6087 6112 6088
f 6112 6113 6088
f 6088 6113 6089
f 6113 6114 6089
f 6089 6114 6090
f 6114 6115 6090
f 6090 6115 6091
f 6115 6116 6091
f 6091 6116 6092
f 6116 6117 6092
f 6092 6117 6093
f 6117 6118 6093
f 6093 6118 6094
f 6118 6119 6094
f 6094 6119 6095
f 6119 6120 6095
f 6095 6120 6096
f 6120 5097 6096
f 6096 5097 5098
f 4566 6121 4567
f 4567 6121 6097
f 6121 6122 6097
f 6097 6122 6098
f 6122 6123 6098
f 6098 6123 6099
f 6123 6124 6099
f 6099 6124 6100
f 6124 6125 6100
f 6100 6125 6101
f 6125 6126 6101
f 6101 6126 6102
f 6126 6127 6102
f 6102 6127 6103
f 6127 6128 6103
f 6103 6128 6104
f 6128 6129 6104
f 6104 6129 6105
f 6129 6130 6105
f 6105 6130 6106
f 6130 6131 6106
f 6106 6131 6107
f 6131 6132 6107
f 6107 6132 6108
f 6132 6133 6108
f 6108 6133 6109
f 6133 6134 6109
f 6109 6134 6110
f 6134 6135 6110
f 6110 6135 6111
f 6135 6136 6111
f 6111 6136 6112
f 6136 6137 6112
f 6112 6137 6113
f 6137 6138 6113
f 6113 6138 6114
f 6138 6139 6114
f 6114 6139 6115
f 6139 6140 6115
f 6115 6140 6116
f 6140 6141 6116
f 6116 6141 6117
f 6141 6142 6117
f 6117 6142 6118
f 6142 6143 6118
f 6118 6143 6119
f 6143 6144 6119
f 6119 6144 6120
f 6144 5096 6120
f 6120 5096 5097
f 4565 6145 4566
f 4566 6145 6121
f 6145 6146 6121
f 6121 6146 6122
f 6146 6147 6122
f 6122 6147 6123
f 6147 6148 6123
f 6123 6148 6124
f 6148 6149 6124
f 6124 6149 6125
f 6149 6150 6125
f 6125 6150 6126
f 6150 6151 6126
f 6126 6151 6127
f 6151 6152 6127
f 6127 6152 6128
f 6152 6153 6128
f 6128 6153 6129
f 6153 6154 6129
f 6129 6154 6130
f 6154 6155 6130
f 6130 6155 6131
f 6155 6156 6131
f 6131 6156 6132
f 6156 6157 6132
f 6132 6157 6133
f 6157 6158 6133
f 6133 6158 6134
f 6158 6159 6134
f 6134 6159 6135
f 6159 6160 6135
f 6135 6160 6136
f 6160 6161 6136
f 6136 6161 6137
f 6161 6162 6137
f 6137 6162 6138
f 6162 6163 6138
f 6138 6163 6139
f 6163 6164 6139
f 6139 6164 6140
f 6164 6165 6140
f 6140 6165 6141
f 6165 6166 6141
f 6141 6166 6142
f 6166 6167 6142
f 6142 6167 6143
f 6167 6168 6143
f 6143 6168 6144
f 6168 5095 6144
f 6144 5095 5096
f 5095 6168 5093
f 5093 6168 6169
f 6168 6167 6169
f 6169 6167 6170
f 6167 6166 6170
f 6170 6166 6171
f 6166 6165 6171
f 6171 6165 6172
f 6165 6164 6172
f 6172 6164 6173
f 6164 6163 6173
f 6173 6163 6174
f 6163 6162 6174
f 6174 6162 6175
f 6162 6161 6175
f 6175 6161 6176
f 6161 6160 6176
f 6176 6160 6177
f 6160 6159 6177
f 6177 6159 6178
f 6159 6158 6178
f 6178 6158 6179
f 6158 6157 6179
f 6179 6157 6180
f 6157 6156 6180
f 6180 6156 6181
f 6156 6155 6181
f 6181 6155 6182
f 6155 6154 6182
f 6182 6154 6183
f 6154 6153 6183
f 6183 6153 6184
f 6153 6152 6184
f 6184 6152 6185
f 6152 6151 6185
f 6185 6151 6186
f 6151 6150 6186
f 6186 6150 6187
f 6150 6149 6187
f 6187 6149 6188
f 6149 6148 6188
f 6188 6148 6189
f 6148 6147 6189
f 6189 6147 6190
f 6147 6146 6190
f 6190 6146 6191
f 6146 6145 6191
f 6191 6145 6192
f 6145 4565 6192
f 4562 6192 4563
f 4563 6192 4564
f 6192 4565 4564
f 6193 6195 6194
f 6194 6195 6196
f 6195 6197 6196
f 6196 6197 6198
f 6197 6199 6198
f 6198 6199 6200
f 6199 6201 6200
f 6200 6201 6202
f 6201 6203 6202
f 6202 6203 6204
f 6203 6205 6204
f 6204 6205 6206
f 6205 6207 6206
f 6206 6207 6208
f 6207 6209 6208
f 6208 6209 6210
f 6209 6211 6210
f 6210 6211 6212
f 6211 6213 6212
f 6212 6213 6214
f 6213 6215 6214
f 6214 6215 6216
f 6215 6217 6216
f 6216 6217 6218
f 6217 6219 6218
f 5664 6220 5663
f 5661 6221 5660
f 6222 6224 6223
f 6224 6225 6223
f 6223 6225 6226
f 6225 6227 6226
f 5658 6228 5657
f 6229 6231 6230
f 4947 4948 6194
f 6194 4948 6193
f 4948 5092 6193
f 4947 6194 6232
f 6232 6194 6233
f 6194 6196 6233
f 6233 6196 6234
f 6196 6198 6234
f 6234 6198 6235
f 6198 6200 6235
f 6235 6200 6236
f 6200 6202 6236
f 6236 6202 6237
f 6202 6204 6237
f 6237 6204 6238
f 6204 6206 6238
f 6238 6206 6239
f 6206 6208 6239
f 6239 6208 6240
f 6208 6210 6240
f 6240 6210 6241
f 6210 6212 6241
f 6241 6212 6242
f 6212 6214 6242
f 6242 6214 6243
f 6214 6216 6243
f 6244 6245 6218
f 6218 6245 6216
f 6245 6246 6216
f 6216 6246 6243
f 6244 6218 6247
f 6247 6218 6220
f 6218 6219 6220
f 6220 6219 5663
f 6248 6249 5664
f 5664 6249 6220
f 6249 6250 6220
f 6220 6250 6247
f 6248 5664 6251
f 6251 5664 6221
f 5664 5662 6221
f 6221 5662 5660
f 6252 6253 5661
f 5661 6253 6221
f 6253 6254 6221
f 6221 6254 6251
f 6252 5661 6255
f 6255 5661 6222
f 5661 5659 6222
f 6222 5659 6224
f 6255 6222 6256
f 6256 6222 6257
f 6222 6223 6257
f 6257 6223 6258
f 6223 6226 6258
f 6258 6226 6259
f 6259 6226 6260
f 6260 6226 6228
f 6226 6227 6228
f 6228 6227 5657
f 6260 6228 6261
f 6261 6228 6262
f 6228 5658 6262
f 6262 5658 6263
f 6263 5658 6264
f 6264 5658 6229
f 5658 5656 6229
f 6229 5656 6231
f 6264 6229 6265
f 6265 6229 6266
f 6229 6230 6266
f 6266 6230 6267
f 6230 6268 6267
f 5093 6169 5092
f 5092 6169 6193
f 6169 6170 6193
f 6193 6170 6195
f 6170 6171 6195
f 6195 6171 6197
f 6171 6172 6197
f 6197 6172 6199
f 6172 6173 6199
f 6199 6173 6201
f 6173 6174 6201
f 6201 6174 6203
f 6174 6175 6203
f 6203 6175 6205
f 6175 6176 6205
f 6205 6176 6207
f 6176 6177 6207
f 6207 6177 6209
f 6177 6178 6209
f 6209 6178 6211
f 6178 6179 6211
f 6211 6179 6213
f 6179 6180 6213
f 6213 6180 6215
f 6180 6181 6215
f 6215 6181 6217
f 6181 6182 6217
f 6217 6182 6219
f 6182 6183 6219
f 6219 6183 5663
f 6183 6184 5663
f 5663 6184 5662
f 6184 6185 5662
f 5662 6185 5660
f 6185 6186 5660
f 5660 6186 5659
f 6186 6187 5659
f 5659 6187 6224
f 6187 6188 6224
f 6224 6188 6225
f 6188 6189 6225
f 6225 6189 6227
f 6189 6190 6227
f 6227 6190 5657
f 6190 6191 5657
f 5657 6191 5656
f 6191 6192 5656
f 5656 6192 6231
f 6192 4562 6231
f 6231 4562 6230
f 4562 4561 6230
f 6230 4561 6268
f 4561 4560 6268
f 6269 4274 4527
f 6269 6270 4274
f 4274 6270 4276
f 6270 6271 4276
f 6272 6274 6273
f 6275 4863 4864
f 6274 821 6273
f 6273 821 6276
f 821 826 6276
f 6277 6279 6278
f 6278 6279 6280
f 6279 6281 6280
f 6279 6277 6282
f 6282 6277 6283
f 6277 6284 6283
f 6285 6283 6286
f 6286 6283 6287
f 6283 6284 6287
f 6288 6290 6289
f 6289 6290 6291
f 6290 6292 6291
f 6291 6292 6293
f 6292 6285 6293
f 6293 6285 6294
f 6285 6286 6294
f 6295 6297 6296
f 6296 6297 6298
f 6297 6299 6298
f 6298 6299 6300
f 6301 4873 4894
f 6302 6304 6303
f 6303 6304 6301
f 6304 6305 6301
f 6301 6305 4873
f 6275 6306 4863
f 4863 6306 4862
f 6306 6307 4862
f 6308 6310 6309
f 6309 6310 6311
f 6310 6307 6311
f 6312 6314 6313
f 6313 6314 6315
f 6314 6316 6315
f 4840 4841 5361
f 5361 4841 6317
f 4841 4843 6317
f 6317 4843 6318
f 6319 6320 4855
f 4855 6320 4845
f 6320 6321 4845
f 4845 6321 4846
f 6321 6322 4846
f 4846 6322 4847
f 6322 6323 4847
f 4847 6323 4848
f 6323 6324 4848
f 4848 6324 4849
f 6324 6325 4849
f 4849 6325 4850
f 6325 6326 4850
f 4850 6326 4851
f 6326 6327 4851
f 4851 6327 4852
f 6327 6328 4852
f 4852 6328 4853
f 6328 6318 4853
f 4853 6318 4854
f 6318 4843 4854
f 6307 6310 4862
f 4862 6310 4861
f 6310 6308 4861
f 4861 6308 4860
f 6308 6329 4860
f 4860 6329 4859
f 6329 6330 4859
f 4859 6330 4858
f 6330 6331 4858
f 4858 6331 4857
f 6331 6319 4857
f 4857 6319 4856
f 6319 4855 4856
f 5361 6317 5360
f 5360 6317 6332
f 6317 6318 6332
f 6332 6318 6333
f 6318 6328 6333
f 6333 6328 6334
f 6328 6327 6334
f 6334 6327 6335
f 6327 6326 6335
f 6335 6326 6336
f 6326 6325 6336
f 6336 6325 6337
f 6325 6324 6337
f 6337 6324 6338
f 6324 6323 6338
f 6338 6323 6339
f 6323 6322 6339
f 6339 6322 6340
f 6322 6321 6340
f 6340 6321 6341
f 6321 6320 6341
f 6341 6320 6342
f 6320 6319 6342
f 6342 6319 6343
f 6319 6331 6343
f 6343 6331 6344
f 6331 6330 6344
f 6344 6330 6345
f 6330 6329 6345
f 6345 6329 6312
f 6329 6308 6312
f 6312 6308 6314
f 6308 6309 6314
f 6314 6309 6316
f 5360 6332 5358
f 5358 6332 6346
f 6332 6333 6346
f 6346 6333 6347
f 6333 6334 6347
f 6347 6334 6348
f 6334 6335 6348
f 6348 6335 6349
f 6335 6336 6349
f 6349 6336 6350
f 6336 6337 6350
f 6350 6337 6351
f 6337 6338 6351
f 6351 6338 6352
f 6338 6339 6352
f 6352 6339 6353
f 6339 6340 6353
f 6353 6340 6354
f 6340 6341 6354
f 6354 6341 6355
f 6341 6342 6355
f 6355 6342 6356
f 6342 6343 6356
f 6356 6343 6357
f 6343 6344 6357
f 6357 6344 6358
f 6344 6345 6358
f 6358 6345 6276
f 6345 6312 6276
f 6276 6312 6273
f 6312 6313 6273
f 6273 6313 6272
f 5358 6346 5366
f 5366 6346 6359
f 6346 6347 6359
f 6359 6347 6360
f 6347 6348 6360
f 6360 6348 6361
f 6348 6349 6361
f 6361 6349 6362
f 6349 6350 6362
f 6362 6350 6363
f 6350 6351 6363
f 6363 6351 6364
f 6351 6352 6364
f 6364 6352 6365
f 6352 6353 6365
f 6365 6353 6366
f 6353 6354 6366
f 6366 6354 6367
f 6354 6355 6367
f 6367 6355 6368
f 6355 6356 6368
f 6368 6356 6369
f 6356 6357 6369
f 6369 6357 6370
f 6357 6358 6370
f 6370 6358 6371
f 6358 6276 6371
f 6371 6276 6281
f 6276 826 6281
f 6281 826 6280
f 5366 6359 5365
f 5365 6359 6372
f 6359 6360 6372
f 6372 6360 6373
f 6360 6361 6373
f 6373 6361 6374
f 6361 6362 6374
f 6374 6362 6375
f 6362 6363 6375
f 6375 6363 6376
f 6363 6364 6376
f 6376 6364 6377
f 6364 6365 6377
f 6377 6365 6378
f 6365 6366 6378
f 6378 6366 6379
f 6366 6367 6379
f 6379 6367 6380
f 6367 6368 6380
f 6380 6368 6381
f 6368 6369 6381
f 6381 6369 6382
f 6369 6370 6382
f 6382 6370 6383
f 6370 6371 6383
f 6383 6371 6384
f 6371 6281 6384
f 6384 6281 6385
f 6281 6279 6385
f 6385 6279 6386
f 6279 6282 6386
f 6386 6282 6387
f 6282 6283 6387
f 6387 6283 6388
f 6283 6285 6388
f 6388 6285 6389
f 6285 6292 6389
f 6389 6292 6390
f 6292 6290 6390
f 6390 6290 6391
f 6290 6288 6391
f 6391 6288 6296
f 6288 6392 6296
f 6296 6392 6295
f 5365 6372 5364
f 5364 6372 6393
f 6372 6373 6393
f 6393 6373 6394
f 6373 6374 6394
f 6394 6374 6395
f 6374 6375 6395
f 6395 6375 6396
f 6375 6376 6396
f 6396 6376 6397
f 6376 6377 6397
f 6397 6377 6398
f 6377 6378 6398
f 6398 6378 6399
f 6378 6379 6399
f 6399 6379 6400
f 6379 6380 6400
f 6400 6380 6401
f 6380 6381 6401
f 6401 6381 6402
f 6381 6382 6402
f 6402 6382 6403
f 6382 6383 6403
f 6403 6383 6404
f 6383 6384 6404
f 6404 6384 6405
f 6384 6385 6405
f 6405 6385 6406
f 6385 6386 6406
f 6406 6386 6407
f 6386 6387 6407
f 6407 6387 6408
f 6387 6388 6408
f 6408 6388 6409
f 6388 6389 6409
f 6409 6389 6410
f 6389 6390 6410
f 6410 6390 6411
f 6390 6391 6411
f 6411 6391 6412
f 6391 6296 6412
f 6412 6296 6413
f 6296 6298 6413
f 6413 6298 6414
f 6298 6300 6414
f 6414 6300 6303
f 6300 6415 6303
f 6303 6415 6302
f 5364 6393 5363
f 5363 6393 6416
f 6393 6394 6416
f 6416 6394 6417
f 6394 6395 6417
f 6417 6395 6418
f 6395 6396 6418
f 6418 6396 6419
f 6396 6397 6419
f 6419 6397 6420
f 6397 6398 6420
f 6420 6398 6421
f 6398 6399 6421
f 6421 6399 6422
f 6399 6400 6422
f 6422 6400 6423
f 6400 6401 6423
f 6423 6401 6424
f 6401 6402 6424
f 6424 6402 6425
f 6402 6403 6425
f 6425 6403 6426
f 6403 6404 6426
f 6426 6404 6427
f 6404 6405 6427
f 6427 6405 6428
f 6405 6406 6428
f 6428 6406 6429
f 6406 6407 6429
f 6429 6407 6430
f 6407 6408 6430
f 6430 6408 6431
f 6408 6409 6431
f 6431 6409 6432
f 6409 6410 6432
f 6432 6410 6433
f 6410 6411 6433
f 6433 6411 6434
f 6411 6412 6434
f 6434 6412 6435
f 6412 6413 6435
f 6435 6413 6436
f 6413 6414 6436
f 6436 6414 6437
f 6414 6303 6437
f 6437 6303 6438
f 6303 6301 6438
f 6438 6301 6439
f 4888 6439 4897
f 4897 6439 4896
f 6439 6301 4896
f 4896 6301 4895
f 6301 4894 4895
f 5342 6440 5341
f 5341 6440 6441
f 6440 6442 6441
f 6441 6442 6443
f 6442 6444 6443
f 6443 6444 6445
f 6444 6446 6445
f 6445 6446 6447
f 6446 6448 6447
f 6447 6448 6449
f 6448 6450 6449
f 6449 6450 6451
f 6450 6452 6451
f 6451 6452 6453
f 6452 6454 6453
f 6453 6454 6455
f 6454 6456 6455
f 6455 6456 6457
f 6456 6458 6457
f 6457 6458 6459
f 6458 6460 6459
f 6459 6460 6461
f 6460 6462 6461
f 6461 6462 6463
f 6462 6464 6463
f 6463 6464 6465
f 6464 6466 6465
f 6465 6466 6467
f 6466 6468 6467
f 6467 6468 6469
f 6468 6470 6469
f 6469 6470 6471
f 6470 6472 6471
f 6471 6472 6473
f 6472 6474 6473
f 6473 6474 6475
f 6474 6476 6475
f 6475 6476 6477
f 6476 6478 6477
f 6477 6478 6479
f 6478 6480 6479
f 6479 6480 6481
f 6480 6482 6481
f 6481 6482 6483
f 6482 6484 6483
f 6483 6484 6485
f 6484 6486 6485
f 6485 6486 6487
f 5341 6441 5367
f 5367 6441 6488
f 6441 6443 6488
f 6488 6443 6489
f 6443 6445 6489
f 6489 6445 6490
f 6445 6447 6490
f 6490 6447 6491
f 6447 6449 6491
f 6491 6449 6492
f 6449 6451 6492
f 6492 6451 6493
f 6451 6453 6493
f 6493 6453 6494
f 6453 6455 6494
f 6494 6455 6495
f 6455 6457 6495
f 6495 6457 6496
f 6457 6459 6496
f 6496 6459 6497
f 6459 6461 6497
f 6497 6461 6498
f 6461 6463 6498
f 6498 6463 6499
f 6463 6465 6499
f 6499 6465 6500
f 6465 6467 6500
f 6500 6467 6501
f 6467 6469 6501
f 6501 6469 6502
f 6469 6471 6502
f 6502 6471 6503
f 6471 6473 6503
f 6503 6473 6504
f 6473 6475 6504
f 6504 6475 6505
f 6475 6477 6505
f 6505 6477 6506
f 6477 6479 6506
f 6506 6479 6507
f 6479 6481 6507
f 6507 6481 6508
f 6481 6483 6508
f 6508 6483 6509
f 6483 6485 6509
f 6509 6485 6510
f 6485 6487 6510
f 6510 6487 6511
f 5363 6416 5342
f 5342 6416 6440
f 6416 6417 6440
f 6440 6417 6442
f 6417 6418 6442
f 6442 6418 6444
f 6418 6419 6444
f 6444 6419 6446
f 6419 6420 6446
f 6446 6420 6448
f 6420 6421 6448
f 6448 6421 6450
f 6421 6422 6450
f 6450 6422 6452
f 6422 6423 6452
f 6452 6423 6454
f 6423 6424 6454
f 6454 6424 6456
f 6424 6425 6456
f 6456 6425 6458
f 6425 6426 6458
f 6458 6426 6460
f 6426 6427 6460
f 6460 6427 6462
f 6427 6428 6462
f 6462 6428 6464
f 6428 6429 6464
f 6464 6429 6466
f 6429 6430 6466
f 6466 6430 6468
f 6430 6431 6468
f 6468 6431 6470
f 6431 6432 6470
f 6470 6432 6472
f 6432 6433 6472
f 6472 6433 6474
f 6433 6434 6474
f 6474 6434 6476
f 6434 6435 6476
f 6476 6435 6478
f 6435 6436 6478
f 6478 6436 6480
f 6436 6437 6480
f 6480 6437 6482
f 6437 6438 6482
f 6482 6438 6484
f 6438 6439 6484
f 6484 6439 6486
f 6439 4888 6486
f 6486 4888 6487
f 4888 4889 6487
f 6487 4889 6511
f 4889 4890 6511
f 5367 6488 5368
f 5368 6488 6512
f 6488 6489 6512
f 6512 6489 6513
f 6489 6490 6513
f 6513 6490 6514
f 6490 6491 6514
f 6514 6491 6515
f 6491 6492 6515
f 6515 6492 6516
f 6492 6493 6516
f 6516 6493 6517
f 6493 6494 6517
f 6517 6494 6518
f 6494 6495 6518
f 6518 6495 6519
f 6495 6496 6519
f 6519 6496 6520
f 6496 6497 6520
f 6520 6497 6521
f 6497 6498 6521
f 6521 6498 6522
f 6498 6499 6522
f 6522 6499 6523
f 6499 6500 6523
f 6523 6500 6524
f 6500 6501 6524
f 6524 6501 6525
f 6501 6502 6525
f 6525 6502 6526
f 6502 6503 6526
f 6526 6503 6527
f 6503 6504 6527
f 6527 6504 6528
f 6504 6505 6528
f 6528 6505 6529
f 6505 6506 6529
f 6529 6506 6530
f 6506 6507 6530
f 6530 6507 6531
f 6507 6508 6531
f 6531 6508 6532
f 6508 6509 6532
f 6532 6509 6533
f 6509 6510 6533
f 6533 6510 6534
f 6510 6511 6534
f 6534 6511 6535
f 4886 6535 4893
f 4893 6535 4892
f 6535 6511 4892
f 4892 6511 4891
f 6511 4890 4891
f 5370 6536 5376
f 5376 6536 6537
f 6536 6538 6537
f 6537 6538 6539
f 6538 6540 6539
f 6539 6540 6541
f 6540 6542 6541
f 6541 6542 6543
f 6542 6544 6543
f 6543 6544 6545
f 6544 6546 6545
f 6545 6546 6547
f 6546 6548 6547
f 6547 6548 6549
f 6548 6550 6549
f 6549 6550 6551
f 6550 6552 6551
f 6551 6552 6553
f 6552 6554 6553
f 6553 6554 6555
f 6554 6556 6555
f 6555 6556 6557
f 6556 6558 6557
f 6557 6558 6559
f 6558 6560 6559
f 6559 6560 6561
f 6560 6562 6561
f 6561 6562 6563
f 6562 6564 6563
f 6563 6564 6565
f 6564 6566 6565
f 6565 6566 6567
f 6566 6568 6567
f 6567 6568 6569
f 6568 6570 6569
f 6569 6570 6571
f 6570 6572 6571
f 6571 6572 6573
f 6572 6574 6573
f 6573 6574 6575
f 6574 6576 6575
f 6575 6576 6577
f 6576 6578 6577
f 6577 6578 6579
f 6578 6580 6579
f 6579 6580 6581
f 6580 6582 6581
f 6581 6582 6583
f 5376 6537 5375
f 5375 6537 6584
f 6537 6539 6584
f 6584 6539 6585
f 6539 6541 6585
f 6585 6541 6586
f 6541 6543 6586
f 6586 6543 6587
f 6543 6545 6587
f 6587 6545 6588
f 6545 6547 6588
f 6588 6547 6589
f 6547 6549 6589
f 6589 6549 6590
f 6549 6551 6590
f 6590 6551 6591
f 6551 6553 6591
f 6591 6553 6592
f 6553 6555 6592
f 6592 6555 6593
f 6555 6557 6593
f 6593 6557 6594
f 6557 6559 6594
f 6594 6559 6595
f 6559 6561 6595
f 6595 6561 6596
f 6561 6563 6596
f 6596 6563 6597
f 6563 6565 6597
f 6597 6565 6598
f 6565 6567 6598
f 6598 6567 6599
f 6567 6569 6599
f 6599 6569 6600
f 6569 6571 6600
f 6600 6571 6601
f 6571 6573 6601
f 6601 6573 6602
f 6573 6575 6602
f 6602 6575 6603
f 6575 6577 6603
f 6603 6577 6604
f 6577 6579 6604
f 6604 6579 6605
f 6579 6581 6605
f 6605 6581 6606
f 6581 6583 6606
f 6606 6583 6607
f 5375 6584 5374
f 5374 6584 6608
f 6584 6585 6608
f 6608 6585 6609
f 6585 6586 6609
f 6609 6586 6610
f 6586 6587 6610
f 6610 6587 6611
f 6587 6588 6611
f 6611 6588 6612
f 6588 6589 6612
f 6612 6589 6613
f 6589 6590 6613
f 6613 6590 6614
f 6590 6591 6614
f 6614 6591 6615
f 6591 6592 6615
f 6615 6592 6616
f 6592 6593 6616
f 6616 6593 6617
f 6593 6594 6617
f 6617 6594 6618
f 6594 6595 6618
f 6618 6595 6619
f 6595 6596 6619
f 6619 6596 6620
f 6596 6597 6620
f 6620 6597 6621
f 6597 6598 6621
f 6621 6598 6622
f 6598 6599 6622
f 6622 6599 6623
f 6599 6600 6623
f 6623 6600 6624
f 6600 6601 6624
f 6624 6601 6625
f 6601 6602 6625
f 6625 6602 6626
f 6602 6603 6626
f 6626 6603 6627
f 6603 6604 6627
f 6627 6604 6628
f 6604 6605 6628
f 6628 6605 6629
f 6605 6606 6629
f 6629 6606 6630
f 6606 6607 6630
f 6630 6607 6631
f 5368 6512 5370
f 5370 6512 6536
f 6512 6513 6536
f 6536 6513 6538
f 6513 6514 6538
f 6538 6514 6540
f 6514 6515 6540
f 6540 6515 6542
f 6515 6516 6542
f 6542 6516 6544
f 6516 6517 6544
f 6544 6517 6546
f 6517 6518 6546
f 6546 6518 6548
f 6518 6519 6548
f 6548 6519 6550
f 6519 6520 6550
f 6550 6520 6552
f 6520 6521 6552
f 6552 6521 6554
f 6521 6522 6554
f 6554 6522 6556
f 6522 6523 6556
f 6556 6523 6558
f 6523 6524 6558
f 6558 6524 6560
f 6524 6525 6560
f 6560 6525 6562
f 6525 6526 6562
f 6562 6526 6564
f 6526 6527 6564
f 6564 6527 6566
f 6527 6528 6566
f 6566 6528 6568
f 6528 6529 6568
f 6568 6529 6570
f 6529 6530 6570
f 6570 6530 6572
f 6530 6531 6572
f 6572 6531 6574
f 6531 6532 6574
f 6574 6532 6576
f 6532 6533 6576
f 6576 6533 6578
f 6533 6534 6578
f 6578 6534 6580
f 6534 6535 6580
f 6580 6535 6582
f 6535 4886 6582
f 6582 4886 6583
f 4886 4887 6583
f 6583 4887 6607
f 4887 4883 6607
f 6607 4883 6631
f 4880 6631 4885
f 4885 6631 4884
f 6631 4883 4884
f 5373 6632 5372
f 5372 6632 6633
f 6632 6634 6633
f 6633 6634 6635
f 6634 6636 6635
f 6635 6636 6637
f 6636 6638 6637
f 6637 6638 6639
f 6638 6640 6639
f 6639 6640 6641
f 6640 6642 6641
f 6641 6642 6643
f 6642 6644 6643
f 6643 6644 6645
f 6644 6646 6645
f 6645 6646 6647
f 6646 6648 6647
f 6647 6648 6649
f 6648 6650 6649
f 6649 6650 6651
f 6650 6652 6651
f 6651 6652 6653
f 6652 6654 6653
f 6653 6654 6655
f 6654 6656 6655
f 6655 6656 6657
f 6656 6658 6657
f 6657 6658 6659
f 6658 6660 6659
f 6659 6660 6661
f 6660 6662 6661
f 6661 6662 6663
f 6662 6664 6663
f 6663 6664 6665
f 6664 6666 6665
f 6665 6666 6667
f 6666 6668 6667
f 6667 6668 6669
f 6668 6670 6669
f 6669 6670 6671
f 6670 6672 6671
f 6671 6672 6673
f 6672 6674 6673
f 6673 6674 6675
f 6674 6676 6675
f 6675 6676 6677
f 6676 6678 6677
f 6677 6678 6679
f 5372 6633 5382
f 5382 6633 6680
f 6633 6635 6680
f 6680 6635 6681
f 6635 6637 6681
f 6681 6637 6682
f 6637 6639 6682
f 6682 6639 6683
f 6639 6641 6683
f 6683 6641 6684
f 6641 6643 6684
f 6684 6643 6685
f 6643 6645 6685
f 6685 6645 6686
f 6645 6647 6686
f 6686 6647 6687
f 6647 6649 6687
f 6687 6649 6688
f 6649 6651 6688
f 6688 6651 6689
f 6651 6653 6689
f 6689 6653 6690
f 6653 6655 6690
f 6690 6655 6691
f 6655 6657 6691
f 6691 6657 6692
f 6657 6659 6692
f 6692 6659 6693
f 6659 6661 6693
f 6693 6661 6694
f 6661 6663 6694
f 6694 6663 6695
f 6663 6665 6695
f 6695 6665 6696
f 6665 6667 6696
f 6696 6667 6697
f 6667 6669 6697
f 6697 6669 6698
f 6669 6671 6698
f 6698 6671 6699
f 6671 6673 6699
f 6699 6673 6700
f 6673 6675 6700
f 6700 6675 6701
f 6675 6677 6701
f 6701 6677 6702
f 6677 6679 6702
f 6702 6679 6703
f 5374 6608 5373
f 5373 6608 6632
f 6608 6609 6632
f 6632 6609 6634
f 6609 6610 6634
f 6634 6610 6636
f 6610 6611 6636
f 6636 6611 6638
f 6611 6612 6638
f 6638 6612 6640
f 6612 6613 6640
f 6640 6613 6642
f 6613 6614 6642
f 6642 6614 6644
f 6614 6615 6644
f 6644 6615 6646
f 6615 6616 6646
f 6646 6616 6648
f 6616 6617 6648
f 6648 6617 6650
f 6617 6618 6650
f 6650 6618 6652
f 6618 6619 6652
f 6652 6619 6654
f 6619 6620 6654
f 6654 6620 6656
f 6620 6621 6656
f 6656 6621 6658
f 6621 6622 6658
f 6658 6622 6660
f 6622 6623 6660
f 6660 6623 6662
f 6623 6624 6662
f 6662 6624 6664
f 6624 6625 6664
f 6664 6625 6666
f 6625 6626 6666
f 6666 6626 6668
f 6626 6627 6668
f 6668 6627 6670
f 6627 6628 6670
f 6670 6628 6672
f 6628 6629 6672
f 6672 6629 6674
f 6629 6630 6674
f 6674 6630 6676
f 6630 6631 6676
f 6676 6631 6678
f 6631 4880 6678
f 6678 4880 6679
f 4880 4881 6679
f 6679 4881 6703
f 4881 4882 6703
f 6703 4882 4877
f 4878 6704 4877
f 4877 6704 6703
f 6704 6705 6703
f 6703 6705 6702
f 6705 6706 6702
f 6702 6706 6701
f 6706 6707 6701
f 6701 6707 6700
f 6707 6708 6700
f 6700 6708 6699
f 6708 6709 6699
f 6699 6709 6698
f 6709 6710 6698
f 6698 6710 6697
f 6710 6711 6697
f 6697 6711 6696
f 6711 6712 6696
f 6696 6712 6695
f 6712 6713 6695
f 6695 6713 6694
f 6713 6714 6694
f 6694 6714 6693
f 6714 6715 6693
f 6693 6715 6692
f 6715 6716 6692
f 6692 6716 6691
f 6716 6717 6691
f 6691 6717 6690
f 6717 6718 6690
f 6690 6718 6689
f 6718 6719 6689
f 6689 6719 6688
f 6719 6720 6688
f 6688 6720 6687
f 6720 6721 6687
f 6687 6721 6686
f 6721 6722 6686
f 6686 6722 6685
f 6722 6723 6685
f 6685 6723 6684
f 6723 6724 6684
f 6684 6724 6683
f 6724 6725 6683
f 6683 6725 6682
f 6725 6726 6682
f 6682 6726 6681
f 6726 6727 6681
f 6681 6727 6680
f 6727 5381 6680
f 6680 5381 5382
f 4879 6728 4878
f 4878 6728 6704
f 6728 6729 6704
f 6704 6729 6705
f 6729 6730 6705
f 6705 6730 6706
f 6730 6731 6706
f 6706 6731 6707
f 6731 6732 6707
f 6707 6732 6708
f 6732 6733 6708
f 6708 6733 6709
f 6733 6734 6709
f 6709 6734 6710
f 6734 6735 6710
f 6710 6735 6711
f 6735 6736 6711
f 6711 6736 6712
f 6736 6737 6712
f 6712 6737 6713
f 6737 6738 6713
f 6713 6738 6714
f 6738 6739 6714
f 6714 6739 6715
f 6739 6740 6715
f 6715 6740 6716
f 6740 6741 6716
f 6716 6741 6717
f 6741 6742 6717
f 6717 6742 6718
f 6742 6743 6718
f 6718 6743 6719
f 6743 6744 6719
f 6719 6744 6720
f 6744 6745 6720
f 6720 6745 6721
f 6745 6746 6721
f 6721 6746 6722
f 6746 6747 6722
f 6722 6747 6723
f 6747 6748 6723
f 6723 6748 6724
f 6748 6749 6724
f 6724 6749 6725
f 6749 6750 6725
f 6725 6750 6726
f 6750 6751 6726
f 6726 6751 6727
f 6751 5380 6727
f 6727 5380 5381
f 4876 6752 4879
f 4879 6752 6728
f 6752 6753 6728
f 6728 6753 6729
f 6753 6754 6729
f 6729 6754 6730
f 6754 6755 6730
f 6730 6755 6731
f 6755 6756 6731
f 6731 6756 6732
f 6756 6757 6732
f 6732 6757 6733
f 6757 6758 6733
f 6733 6758 6734
f 6758 6759 6734
f 6734 6759 6735
f 6759 6760 6735
f 6735 6760 6736
f 6760 6761 6736
f 6736 6761 6737
f 6761 6762 6737
f 6737 6762 6738
f 6762 6763 6738
f 6738 6763 6739
f 6763 6764 6739
f 6739 6764 6740
f 6764 6765 6740
f 6740 6765 6741
f 6765 6766 6741
f 6741 6766 6742
f 6766 6767 6742
f 6742 6767 6743
f 6767 6768 6743
f 6743 6768 6744
f 6768 6769 6744
f 6744 6769 6745
f 6769 6770 6745
f 6745 6770 6746
f 6770 6771 6746
f 6746 6771 6747
f 6771 6772 6747
f 6747 6772 6748
f 6772 6773 6748
f 6748 6773 6749
f 6773 6774 6749
f 6749 6774 6750
f 6774 6775 6750
f 6750 6775 6751
f 6775 5379 6751
f 6751 5379 5380
f 4875 6776 4876
f 4876 6776 6752
f 6776 6777 6752
f 6752 6777 6753
f 6777 6778 6753
f 6753 6778 6754
f 6778 6779 6754
f 6754 6779 6755
f 6779 6780 6755
f 6755 6780 6756
f 6780 6781 6756
f 6756 6781 6757
f 6781 6782 6757
f 6757 6782 6758
f 6782 6783 6758
f 6758 6783 6759
f 6783 6784 6759
f 6759 6784 6760
f 6784 6785 6760
f 6760 6785 6761
f 6785 6786 6761
f 6761 6786 6762
f 6786 6787 6762
f 6762 6787 6763
f 6787 6788 6763
f 6763 6788 6764
f 6788 6789 6764
f 6764 6789 6765
f 6789 6790 6765
f 6765 6790 6766
f 6790 6791 6766
f 6766 6791 6767
f 6791 6792 6767
f 6767 6792 6768
f 6792 6793 6768
f 6768 6793 6769
f 6793 6794 6769
f 6769 6794 6770
f 6794 6795 6770
f 6770 6795 6771
f 6795 6796 6771
f 6771 6796 6772
f 6796 6797 6772
f 6772 6797 6773
f 6797 6798 6773
f 6773 6798 6774
f 6798 6799 6774
f 6774 6799 6775
f 6799 5378 6775
f 6775 5378 5379
f 4874 6800 4875
f 4875 6800 6776
f 6800 6801 6776
f 6776 6801 6777
f 6801 6802 6777
f 6777 6802 6778
f 6802 6803 6778
f 6778 6803 6779
f 6803 6804 6779
f 6779 6804 6780
f 6804 6805 6780
f 6780 6805 6781
f 6805 6806 6781
f 6781 6806 6782
f 6806 6807 6782
f 6782 6807 6783
f 6807 6808 6783
f 6783 6808 6784
f 6808 6809 6784
f 6784 6809 6785
f 6809 6810 6785
f 6785 6810 6786
f 6810 6811 6786
f 6786 6811 6787
f 6811 6812 6787
f 6787 6812 6788
f 6812 6813 6788
f 6788 6813 6789
f 6813 6814 6789
f 6789 6814 6790
f 6814 6815 6790
f 6790 6815 6791
f 6815 6816 6791
f 6791 6816 6792
f 6816 6817 6792
f 6792 6817 6793
f 6817 6818 6793
f 6793 6818 6794
f 6818 6819 6794
f 6794 6819 6795
f 6819 6820 6795
f 6795 6820 6796
f 6820 6821 6796
f 6796 6821 6797
f 6821 6822 6797
f 6797 6822 6798
f 6822 6823 6798
f 6798 6823 6799
f 6823 5566 6799
f 6799 5566 5378
f 4224 6824 4874
f 4874 6824 6800
f 6824 6825 6800
f 6800 6825 6801
f 6825 6826 6801
f 6801 6826 6802
f 6826 6827 6802
f 6802 6827 6803
f 6827 6828 6803
f 6803 6828 6804
f 6828 6829 6804
f 6804 6829 6805
f 6829 6830 6805
f 6805 6830 6806
f 6830 6831 6806
f 6806 6831 6807
f 6831 6832 6807
f 6807 6832 6808
f 6832 6833 6808
f 6808 6833 6809
f 6833 6834 6809
f 6809 6834 6810
f 6834 6835 6810
f 6810 6835 6811
f 6835 6836 6811
f 6811 6836 6812
f 6836 6837 6812
f 6812 6837 6813
f 6837 6838 6813
f 6813 6838 6814
f 6838 6839 6814
f 6814 6839 6815
f 6839 6840 6815
f 6815 6840 6816
f 6840 6841 6816
f 6816 6841 6817
f 6841 6842 6817
f 6817 6842 6818
f 6842 6843 6818
f 6818 6843 6819
f 6843 6844 6819
f 6819 6844 6820
f 6844 6845 6820
f 6820 6845 6821
f 6845 6846 6821
f 6821 6846 6822
f 6846 6847 6822
f 6822 6847 6823
f 6847 5388 6823
f 6823 5388 5566
f 3479 3585 3587
f 3479 3511 3585
f 3585 3511 3583
f 3511 3512 3583
f 4177 4866 4178
f 4178 4866 5296
f 4866 4867 5296
f 5296 4867 3415
f 3491 3545 3489
f 6848 2992 6849
f 2992 2990 6849
f 3011 4675 1214
f 1214 4675 1213
f 4675 1218 1213
f 4670 4671 3009
f 3009 4671 3020
f 4671 4672 3020
f 3020 4672 3019
f 4672 4673 3019
f 3019 4673 3017
f 4673 4674 3017
f 3017 4674 3014
f 4674 4675 3014
f 3014 4675 3012
f 4675 3011 3012
f 2995 6850 2997
f 2997 6850 2980
f 6850 3000 2980
f 2995 2996 6850
f 6850 2996 6851
f 2996 2983 6851
f 6851 2983 6852
f 2983 2993 6852
f 6852 2993 6853
f 2993 2992 6853
f 6853 2992 6854
f 2992 6848 6854
f 4675 1222 1221
f 3007 4668 4669
f 405 2990 451
f 1218 4675 1217
f 1217 4675 1216
f 4675 1215 1216
f 1222 4675 1223
f 1223 4675 1224
f 4675 1225 1224
f 4675 1229 1228
f 4668 3007 4667
f 4667 3007 4666
f 3007 4676 4666
f 405 406 2990
f 1215 4675 1219
f 1219 4675 1220
f 4675 1221 1220
f 1225 4675 1226
f 1226 4675 1227
f 4675 1228 1227
f 1229 4675 1230
f 1230 4675 1231
f 4675 1232 1231
f 1235 4675 1236
f 1236 4675 1237
f 4675 1238 1237
f 1238 4675 1239
f 1239 4675 1240
f 4675 3049 1240
f 3007 4669 3024
f 3024 4669 3021
f 4669 4670 3021
f 3021 4670 3010
f 4670 3009 3010
f 2990 471 472
f 1232 4675 1233
f 1233 4675 1234
f 4675 1235 1234
f 3043 3491 3041
f 3041 3491 3040
f 3491 4680 3040
f 3040 4680 3039
f 4680 3036 3039
f 3036 4680 3035
f 3035 4680 3031
f 4680 4679 3031
f 3031 4679 3027
f 4679 4678 3027
f 3027 4678 3029
f 4678 4677 3029
f 3029 4677 3030
f 4677 4676 3030
f 3030 4676 3005
f 4676 3007 3005
f 3004 3491 3047
f 3047 3491 3045
f 3491 3043 3045
f 2975 6855 406
f 406 6855 2990
f 6855 6856 2990
f 2990 6856 6849
f 451 2990 455
f 455 2990 454
f 2990 453 454
f 2990 457 458
f 2990 464 465
f 471 2990 470
f 470 2990 475
f 2990 474 475
f 453 2990 452
f 452 2990 459
f 2990 458 459
f 457 2990 456
f 456 2990 461
f 2990 460 461
f 464 2990 463
f 463 2990 468
f 2990 467 468
f 476 474 2986
f 2986 474 2988
f 474 2990 2988
f 3545 3491 3544
f 3544 3491 6857
f 3491 3004 6857
f 6857 3004 6850
f 3004 3002 6850
f 6850 3002 3000
f 460 2990 462
f 462 2990 466
f 2990 465 466
f 467 2990 469
f 469 2990 473
f 2990 472 473
f 4307 4525 4306
f 4526 4525 5298
f 5298 4525 5297
f 4525 4307 5297
f 3561 3485 3563
f 4377 1212 3051
f 3051 1212 1169
f 2991 6859 6858
f 3561 6860 3485
f 6858 6861 2991
f 2977 6862 2979
f 2979 6862 2994
f 1169 1212 1171
f 1171 1212 1175
f 1212 1174 1175
f 1207 1191 1205
f 1174 1212 1178
f 1178 1212 1177
f 1212 1181 1177
f 1181 1212 1180
f 1180 1212 1186
f 1212 1185 1186
f 3003 3484 3001
f 3001 3484 2999
f 3015 4523 3016
f 3016 4523 3018
f 4523 4524 3018
f 3018 4524 3008
f 4524 4521 3008
f 3008 4521 3023
f 4521 4522 3023
f 3023 4522 3022
f 4522 4519 3022
f 3022 4519 4520
f 1185 1212 1183
f 1183 1212 1189
f 1212 1188 1189
f 1205 1191 1204
f 1204 1191 1212
f 1191 1192 1212
f 1212 1192 1188
f 1210 1196 1197
f 1197 1191 1210
f 1210 1191 1209
f 1191 1207 1209
f 2989 2991 6863
f 6863 2991 6864
f 2991 6861 6864
f 2994 6862 2984
f 2984 6862 2982
f 6862 6859 2982
f 2982 6859 2981
f 6859 2991 2981
f 3485 6860 3484
f 3484 6860 2999
f 6860 6862 2999
f 2999 6862 2998
f 6862 2977 2998
f 4520 4515 3022
f 3022 4515 3025
f 4515 4516 3025
f 3025 4516 3026
f 4516 4517 3026
f 3026 4517 3028
f 4517 4518 3028
f 4377 4523 1212
f 1212 4523 3013
f 4523 3015 3013
f 1196 1210 1194
f 1194 1210 1200
f 1210 1202 1200
f 1200 1202 1199
f 1202 1203 1199
f 3028 4518 3033
f 3033 4518 3034
f 4518 3484 3034
f 3034 3484 3038
f 3038 3484 3042
f 3484 3044 3042
f 3044 3484 3046
f 3046 3484 3048
f 3484 3003 3048
f 2987 2989 6865
f 6865 2989 6866
f 2989 6863 6866
f 2987 6865 2985
f 2985 6865 409
f 6865 408 409
f 408 6865 416
f 416 6865 414
f 6865 412 414
f 412 6865 411
f 411 6865 417
f 6865 419 417
f 419 6865 421
f 421 6865 422
f 6865 426 422
f 426 6865 424
f 424 6865 423
f 6865 428 423
f 428 6865 430
f 430 6865 432
f 6865 433 432
f 433 6865 437
f 437 6865 435
f 6865 434 435
f 443 6865 449
f 449 6865 447
f 6865 445 447
f 445 6865 444
f 444 6865 450
f 6865 2976 450
f 434 6865 439
f 439 6865 441
f 6865 443 441
f 6867 6869 6868
f 6870 6872 6871
f 6873 6875 6874
f 6876 6878 6877
f 6879 6881 6880
f 6882 6884 6883
f 6885 6887 6886
f 6888 6890 6889
f 6891 6893 6892
f 6894 6896 6895
f 6897 6899 6898
f 6900 6902 6901
f 6903 6905 6904
f 6906 6908 6907
f 6909 6911 6910
f 6912 6914 6913
f 6912 6916 6915
f 6917 6919 6918
f 6918 6919 6920
f 6919 6915 6920
f 6921 6906 6922
f 6923 6924 6922
f 6922 6924 6921
f 6924 6925 6921
f 6926 6928 6927
f 6927 6928 6925
f 6928 6929 6925
f 6925 6929 6921
f 6930 6932 6931
f 6931 6932 6933
f 6932 6934 6933
f 6935 6937 6936
f 6936 6937 6938
f 6937 6939 6938
f 6938 6939 6940
f 6939 6941 6940
f 6942 6944 6943
f 6943 6944 6945
f 6945 6944 6946
f 6946 6944 6947
f 6944 6948 6947
f 6947 6948 6949
f 6948 6950 6949
f 6951 6953 6952
f 6952 6953 6954
f 6954 6953 6955
f 6953 6956 6955
f 6957 6959 6958
f 6959 6957 6960
f 6960 6957 6961
f 6957 6953 6961
f 6961 6953 6962
f 6953 6951 6962
f 6901 6902 6963
f 6963 6902 6964
f 6902 6957 6964
f 6964 6957 6965
f 6957 6958 6965
f 6899 6902 6898
f 6898 6902 6966
f 6902 6900 6966
f 6891 6967 6893
f 6888 6889 6968
f 6968 6889 6969
f 6889 6970 6969
f 6971 6973 6972
f 6972 6973 6974
f 6880 6976 6975
f 6975 6976 6977
f 6976 6869 6977
f 6978 6980 6979
f 6979 6980 6981
f 6981 6980 6982
f 6982 6980 6983
f 6980 6978 6983
f 6983 6978 6984
f 5588 6986 6985
f 6987 6989 6988
f 6988 6989 6990
f 6987 6991 6989
f 6989 6991 6992
f 6991 6993 6992
f 6877 6878 6994
f 6994 6878 6995
f 6878 6996 6995
f 6995 6996 6997
f 6996 6998 6997
f 6997 6998 6999
f 7000 7002 7001
f 7001 7002 7003
f 7002 7004 7003
f 7000 7005 7002
f 7002 7005 7004
f 7005 7006 7004
f 7007 7009 7008
f 7008 7009 7010
f 7010 7009 7011
f 7009 7012 7011
f 7013 7015 7014
f 7014 7015 7016
f 7015 7017 7016
f 7018 7020 7019
f 7019 7020 7021
f 7020 7022 7021
f 7023 7020 7024
f 7024 7020 7025
f 7020 7018 7025
f 7026 7028 7027
f 7027 7028 7029
f 7028 7024 7029
f 7029 7024 7030
f 7024 7025 7030
f 7031 7033 7032
f 7032 7033 7034
f 7033 7035 7034
f 7036 7038 7037
f 7039 7041 7040
f 7040 7041 7042
f 7041 7043 7042
f 7042 7043 7044
f 6930 6931 6905
f 6905 6931 6904
f 6931 6926 6904
f 6904 6926 6903
f 6926 6927 6903
f 6903 6927 7045
f 6927 6925 7045
f 7046 7048 7047
f 7047 7048 6873
f 6873 7048 6875
f 6875 7048 7049
f 7048 7046 7049
f 7049 7046 7050
f 7046 7051 7050
f 7051 7052 7050
f 7050 7052 7053
f 7052 7054 7053
f 7053 7054 7055
f 7054 7056 7055
f 7055 7056 7057
f 7056 7058 7057
f 6915 6916 6920
f 6920 6916 7059
f 6916 7060 7059
f 7059 7060 7061
f 7060 6872 7061
f 7061 6872 7062
f 6872 6870 7062
f 6914 6909 6913
f 6913 6909 7063
f 6909 6910 7063
f 7063 6910 7064
f 6910 7065 7064
f 7066 7067 6911
f 6911 7067 6910
f 7067 7068 6910
f 6910 7068 7065
f 6912 6913 6916
f 6916 6913 7060
f 6913 7063 7060
f 7060 7063 6872
f 7063 7064 6872
f 6872 7064 6871
f 7064 7065 6871
f 6874 7069 6873
f 6873 7069 7047
f 7069 7070 7047
f 7047 7070 7046
f 7070 6917 7046
f 7046 6917 7051
f 6917 6918 7051
f 7051 6918 7052
f 6918 6920 7052
f 7052 6920 7054
f 6920 7059 7054
f 7054 7059 7056
f 7059 7061 7056
f 7056 7061 7058
f 7061 7062 7058
f 5613 7071 5612
f 5612 7071 7072
f 5613 5603 7071
f 7071 5603 7073
f 5603 5604 7073
f 5604 5607 7073
f 7073 5607 7074
f 5607 5608 7074
f 5400 7075 5398
f 5398 7075 5397
f 7075 7074 5397
f 5397 7074 5606
f 7074 5608 5606
f 7001 7003 7076
f 7076 7003 7077
f 7003 7078 7077
f 7077 7078 7079
f 7078 7080 7079
f 7079 7080 7081
f 7080 7082 7081
f 7081 7082 7083
f 7082 7084 7083
f 7083 7084 7085
f 7084 7086 7085
f 7085 7086 6993
f 7086 7087 6993
f 6993 7087 6992
f 7076 7077 7088
f 7088 7077 7089
f 7077 7079 7089
f 7089 7079 6876
f 7079 7081 6876
f 6876 7081 6878
f 7081 7083 6878
f 6878 7083 6996
f 7083 7085 6996
f 6996 7085 6998
f 7085 6993 6998
f 6998 6993 6999
f 6993 6991 6999
f 7069 6874 7039
f 7039 6874 7041
f 6874 7090 7041
f 7041 7090 7043
f 7090 7091 7043
f 7043 7091 7044
f 7091 7092 7044
f 7044 7092 7093
f 7092 7036 7093
f 7094 7096 7095
f 7095 7096 6986
f 7096 7097 6986
f 6986 7097 6985
f 7098 7099 6986
f 6986 7099 7095
f 7099 6983 7095
f 7095 6983 7094
f 6983 6984 7094
f 5611 7098 5610
f 5610 7098 5594
f 7098 6986 5594
f 5594 6986 5589
f 6986 5588 5589
f 7100 6896 6893
f 6893 6896 6892
f 6896 6894 6892
f 7101 7103 7102
f 7102 7103 7104
f 6977 6869 6971
f 6971 6869 6973
f 6869 6867 6973
f 6973 6867 6974
f 6867 7105 6974
f 7101 7102 6890
f 6890 7102 6889
f 7102 7104 6889
f 6889 7104 6970
f 7104 7106 6970
f 7107 7109 7108
f 7108 7109 7110
f 7109 7111 7110
f 7110 7111 7112
f 6895 6896 6897
f 6897 6896 6899
f 6896 7100 6899
f 6899 7100 6902
f 7100 7113 6902
f 6902 7113 6957
f 7113 7114 6957
f 6957 7114 6953
f 7114 7115 6953
f 6953 7115 6956
f 7115 6944 6956
f 6956 6944 7116
f 6944 6942 7116
f 7117 6950 7118
f 7118 6950 7119
f 6950 6948 7119
f 7119 6948 7120
f 6948 6944 7120
f 7120 6944 7121
f 6944 7115 7121
f 7121 7115 7122
f 7115 7114 7122
f 7122 7114 7123
f 7114 7113 7123
f 7123 7113 7124
f 7113 7100 7124
f 7125 7127 7126
f 7126 7127 7128
f 7127 7129 7128
f 7130 7118 7131
f 7118 7119 7131
f 7131 7119 7132
f 7119 7120 7132
f 7132 7120 7133
f 7120 7121 7133
f 7133 7121 7028
f 7121 7122 7028
f 7028 7122 7024
f 7122 7123 7024
f 7024 7123 7023
f 7123 7124 7023
f 5612 7072 5611
f 5611 7072 7098
f 7072 7134 7098
f 7098 7134 7099
f 7134 7135 7099
f 7099 7135 6983
f 7135 7136 6983
f 6983 7136 6982
f 7136 6881 6982
f 6982 6881 6981
f 6881 6879 6981
f 7137 7139 7138
f 7138 7139 7140
f 7139 7141 7140
f 7140 7141 7142
f 7141 7143 7142
f 6868 6869 7137
f 7137 6869 7139
f 6869 6976 7139
f 7139 6976 7141
f 6976 7144 7141
f 7141 7144 7143
f 7144 7145 7143
f 7107 7108 7146
f 7146 7108 7147
f 7108 7110 7147
f 7147 7110 6887
f 7110 7112 6887
f 6887 7112 6886
f 7112 7148 6886
f 7106 7104 6967
f 6967 7104 6893
f 7104 7103 6893
f 6893 7103 7100
f 7103 7101 7100
f 7100 7101 7124
f 7101 7149 7124
f 7124 7149 7023
f 7149 7015 7023
f 7023 7015 7020
f 7015 7013 7020
f 7020 7013 7022
f 7016 7017 7007
f 7007 7017 7009
f 7017 7015 7009
f 7009 7015 7107
f 7015 7149 7107
f 7107 7149 7109
f 7149 7101 7109
f 7109 7101 7111
f 7101 6890 7111
f 7111 6890 7112
f 6890 6888 7112
f 7112 6888 7148
f 6882 7105 6884
f 6884 7105 7150
f 7105 6867 7150
f 7150 6867 7151
f 6867 6868 7151
f 7151 6868 7152
f 6868 7137 7152
f 7152 7137 7153
f 7137 7138 7153
f 7153 7138 7154
f 7138 7140 7154
f 7154 7140 7155
f 7140 7142 7155
f 7155 7142 7156
f 7142 7143 7156
f 7156 7143 7157
f 7143 7145 7157
f 7157 7145 7158
f 7145 7159 7158
f 7158 7159 7160
f 7159 7161 7160
f 7011 7012 7006
f 7006 7012 7004
f 7012 7009 7004
f 7004 7009 7162
f 7009 7107 7162
f 7162 7107 7163
f 7107 7146 7163
f 7087 7086 7161
f 7161 7086 7160
f 7086 7084 7160
f 7160 7084 7158
f 7084 7082 7158
f 7158 7082 7157
f 7082 7080 7157
f 7157 7080 7156
f 7080 7078 7156
f 7156 7078 7155
f 7078 7003 7155
f 7155 7003 7154
f 7003 7004 7154
f 7154 7004 7153
f 7004 7162 7153
f 7153 7162 7152
f 7162 7163 7152
f 7152 7163 7151
f 7163 7146 7151
f 7151 7146 7150
f 7146 7147 7150
f 7150 7147 6884
f 7147 6887 6884
f 6884 6887 6883
f 6887 6885 6883
f 7128 7129 6935
f 6935 7129 6937
f 7129 7164 6937
f 6937 7164 6939
f 7164 6933 6939
f 6939 6933 6941
f 6933 6934 6941
f 7033 7166 7165
f 7165 7166 7167
f 7166 7168 7167
f 7167 7168 7169
f 7168 7170 7169
f 7169 7170 7171
f 7031 7172 7033
f 7033 7172 7166
f 7172 7037 7166
f 7166 7037 7168
f 7037 7038 7168
f 7168 7038 7170
f 7038 7173 7170
f 7170 7173 7171
f 7173 7174 7171
f 7117 7118 7125
f 7125 7118 7127
f 7118 7130 7127
f 7127 7130 7129
f 7130 7175 7129
f 7129 7175 7164
f 7175 7176 7164
f 7164 7176 6933
f 7176 7177 6933
f 6933 7177 6931
f 6880 6881 6976
f 6976 6881 7144
f 6881 7136 7144
f 7144 7136 7145
f 7136 7135 7145
f 7145 7135 7159
f 7135 7134 7159
f 7159 7134 7161
f 7134 7072 7161
f 7161 7072 7087
f 7072 7071 7087
f 7087 7071 6992
f 7071 7073 6992
f 6992 7073 6989
f 7073 7074 6989
f 6989 7074 6990
f 7074 7075 6990
f 6990 7075 7178
f 7075 5400 7178
f 7036 7092 7038
f 7038 7092 7173
f 7092 7091 7173
f 7173 7091 7174
f 7091 7090 7174
f 7174 7090 7179
f 7090 6874 7179
f 7179 6874 7180
f 6874 6875 7180
f 7180 6875 7181
f 6875 7049 7181
f 7181 7049 7182
f 7049 7050 7182
f 7182 7050 7183
f 7050 7053 7183
f 7183 7053 6908
f 7053 7055 6908
f 6908 7055 6907
f 7055 7057 6907
f 6906 6921 6908
f 6908 6921 7183
f 6921 6929 7183
f 7183 6929 7182
f 6929 6928 7182
f 7182 6928 7181
f 6928 6926 7181
f 7181 6926 7180
f 6926 6931 7180
f 7180 6931 7179
f 6931 7177 7179
f 7179 7177 7174
f 7177 7176 7174
f 7174 7176 7171
f 7176 7175 7171
f 7171 7175 7169
f 7175 7130 7169
f 7169 7130 7167
f 7130 7131 7167
f 7167 7131 7165
f 7131 7132 7165
f 7165 7132 7033
f 7132 7133 7033
f 7033 7133 7035
f 7133 7028 7035
f 7035 7028 7184
f 7028 7026 7184
f 7185 7187 7186
f 7185 7188 7187
f 1960 5650 1962
f 1962 5650 1964
f 1990 5650 1992
f 1992 5650 1994
f 5650 7187 1994
f 1994 7187 5289
f 7187 7188 5289
f 1982 5650 1984
f 1964 5650 1966
f 1966 5650 1968
f 5650 1970 1968
f 1970 5650 1972
f 1972 5650 1974
f 5650 1976 1974
f 1984 5650 1986
f 1986 5650 1988
f 5650 1990 1988
f 1976 5650 1978
f 1978 5650 1980
f 5650 1982 1980
f 7189 7191 7190
f 7192 7194 7193
f 7195 7197 7196
f 7198 7200 7199
f 7201 7203 7202
f 7204 7206 7205
f 7207 7209 7208
f 7210 7212 7211
f 7192 7214 7213
f 7215 7217 7216
f 7218 7220 7219
f 7219 7220 7221
f 7220 7222 7221
f 7221 7222 7066
f 7222 7067 7066
f 7220 7218 7223
f 7223 7218 7224
f 7218 7225 7224
f 7224 7225 7226
f 7225 7227 7226
f 7228 7229 7216
f 7190 7191 7230
f 7230 7191 7231
f 7191 7232 7231
f 7231 7232 7233
f 7234 7236 7235
f 7237 7239 7238
f 7238 7239 7240
f 7239 7234 7240
f 7240 7234 7241
f 7234 7235 7241
f 7242 7244 7243
f 7242 7245 7244
f 7243 7244 7246
f 7246 7244 7247
f 7244 7237 7247
f 7248 7244 7249
f 7249 7244 7250
f 7244 7245 7250
f 7251 7253 7252
f 7253 7251 7254
f 7254 7251 7255
f 7251 7256 7255
f 7255 7256 7257
f 7256 7258 7257
f 7258 7256 7259
f 7259 7256 7260
f 7256 7261 7260
f 7260 7261 7262
f 7261 7263 7262
f 7264 7266 7265
f 7265 7266 7267
f 7268 7270 7269
f 7269 7270 7266
f 7270 7271 7266
f 7266 7271 7267
f 7268 7269 7272
f 7272 7269 7273
f 7269 7251 7273
f 7273 7251 7274
f 7251 7252 7274
f 7275 7277 7276
f 7276 7277 7278
f 7277 7279 7278
f 5230 5231 7280
f 7280 5231 7281
f 5231 7282 7281
f 7281 7282 7283
f 7282 7284 7283
f 7283 7284 7285
f 7284 7286 7285
f 7285 7286 7279
f 7287 7289 7288
f 7210 7290 7212
f 7291 7293 7292
f 7294 7296 7295
f 7295 7296 7297
f 7296 7298 7297
f 7299 7301 7300
f 7300 7301 7302
f 7301 7303 7302
f 7304 7306 7305
f 7306 7304 7307
f 7307 7304 7308
f 7304 7309 7308
f 7208 7304 7310
f 7310 7304 7311
f 7304 7312 7311
f 7312 7304 7313
f 7313 7304 7314
f 7304 7305 7314
f 7207 7315 7209
f 7316 7318 7317
f 7317 7318 7319
f 7318 7315 7319
f 7320 7318 7321
f 7321 7318 7322
f 7318 7316 7322
f 7323 7325 7324
f 7326 7323 7327
f 7327 7323 7328
f 7323 7329 7328
f 7329 7323 7330
f 7330 7323 7331
f 7323 7324 7331
f 7332 7334 7333
f 7333 7334 7335
f 7334 7326 7335
f 7336 7338 7337
f 7337 7338 7339
f 7340 7342 7341
f 7341 7342 7343
f 7343 7342 7344
f 7342 7345 7344
f 7346 7348 7347
f 7347 7348 7349
f 7348 7340 7349
f 7340 7348 7342
f 7342 7348 7350
f 7348 7346 7350
f 7351 7353 7352
f 7352 7353 7354
f 7353 7355 7354
f 7201 7356 7203
f 7356 7358 7357
f 7357 7358 7359
f 7358 7360 7359
f 7361 7363 7362
f 7362 7363 7364
f 7365 7367 7366
f 7198 7368 7200
f 7369 7371 7370
f 7370 7371 7372
f 7371 7373 7372
f 7374 7369 7375
f 6922 7376 6923
f 6922 6906 7376
f 7375 7377 7374
f 7374 7377 7378
f 7377 7376 7378
f 7376 6906 7378
f 7378 6906 7379
f 6906 6907 7379
f 7379 6907 7380
f 6907 7057 7380
f 7057 7058 7380
f 7380 7058 7381
f 7058 7062 7381
f 7067 7222 7068
f 7068 7222 7065
f 7222 7220 7065
f 7065 7220 6871
f 7220 7223 6871
f 6871 7223 6870
f 7308 7309 7299
f 7299 7309 7301
f 7309 7382 7301
f 7301 7382 7303
f 7315 7318 7209
f 7209 7318 7383
f 7318 7384 7383
f 7302 7303 7294
f 7294 7303 7296
f 7303 7385 7296
f 7296 7385 7298
f 7385 7386 7298
f 7261 7256 7387
f 7387 7256 7388
f 7256 7251 7388
f 7388 7251 7389
f 7251 7269 7389
f 7208 7209 7304
f 7304 7209 7309
f 7209 7383 7309
f 7309 7383 7382
f 7383 7390 7382
f 7382 7390 7303
f 7390 7391 7303
f 7303 7391 7385
f 7391 7392 7385
f 7385 7392 7386
f 7392 7393 7386
f 7394 7290 7395
f 7395 7290 7291
f 7290 7210 7291
f 7291 7210 7293
f 7210 7211 7293
f 7396 7398 7397
f 7397 7398 7399
f 7398 7400 7399
f 7401 7403 7402
f 7389 7269 7404
f 7404 7269 7405
f 7269 7266 7405
f 7405 7266 7406
f 7266 7264 7406
f 7406 7264 7407
f 7264 7408 7407
f 7409 7394 7410
f 7410 7394 7411
f 7394 7395 7411
f 7195 7196 7412
f 7412 7196 7413
f 7196 7414 7413
f 7415 7410 7416
f 7416 7410 7393
f 7410 7411 7393
f 7393 7411 7386
f 7411 7395 7386
f 7386 7395 7298
f 7395 7291 7298
f 7298 7291 7297
f 7291 7292 7297
f 7417 7418 7407
f 7407 7418 7406
f 7418 7419 7406
f 7406 7419 7405
f 7419 7420 7405
f 7405 7420 7404
f 7387 7388 7384
f 7384 7388 7383
f 7388 7389 7383
f 7383 7389 7390
f 7389 7404 7390
f 7390 7404 7391
f 7404 7420 7391
f 7391 7420 7392
f 7420 7419 7392
f 7392 7419 7393
f 7419 7418 7393
f 7393 7418 7416
f 7418 7417 7416
f 7416 7417 7415
f 7417 7421 7415
f 7415 7421 7422
f 7423 7425 7424
f 7424 7425 7426
f 7425 7427 7426
f 7428 7430 7429
f 7429 7430 7431
f 7430 7432 7431
f 7433 7435 7434
f 7434 7435 7436
f 7435 7437 7436
f 7436 7437 7423
f 7437 7197 7423
f 7423 7197 7425
f 7197 7195 7425
f 7425 7195 7427
f 7195 7412 7427
f 7422 7438 7432
f 7432 7438 7431
f 7438 7439 7431
f 7431 7439 7429
f 7439 7440 7429
f 7429 7440 7428
f 7440 7441 7428
f 7428 7441 7442
f 7443 5207 5209
f 7287 7401 7289
f 7289 7401 7444
f 7401 7402 7444
f 7444 7402 7445
f 7402 7403 7445
f 7445 7403 7446
f 7403 7447 7446
f 7446 7447 7448
f 7447 7449 7448
f 7448 7449 7443
f 7449 7450 7443
f 7443 7450 5207
f 7450 5238 5207
f 7451 7452 7433
f 7433 7452 7435
f 7452 7453 7435
f 7435 7453 7437
f 7453 7454 7437
f 7437 7454 7197
f 7454 7396 7197
f 7197 7396 7196
f 7396 7397 7196
f 7196 7397 7414
f 7397 7399 7414
f 7192 7193 7214
f 7214 7193 5056
f 7193 7194 5056
f 5056 7194 5055
f 7194 5210 5055
f 7445 7446 7213
f 7213 7446 7192
f 7446 7448 7192
f 7192 7448 7194
f 7448 7443 7194
f 7194 7443 5210
f 7443 5209 5210
f 7212 7290 7400
f 7400 7290 7399
f 7290 7394 7399
f 7399 7394 7414
f 7394 7409 7414
f 7414 7409 7413
f 7409 7410 7413
f 7413 7410 7412
f 7410 7415 7412
f 7412 7415 7427
f 7415 7422 7427
f 7427 7422 7426
f 7422 7432 7426
f 7426 7432 7424
f 7432 7430 7424
f 7424 7430 7423
f 7430 7428 7423
f 7423 7428 7436
f 7428 7442 7436
f 7436 7442 7434
f 7451 5235 5237
f 7408 7455 7407
f 7407 7455 7417
f 7455 7456 7417
f 7417 7456 7421
f 7456 7457 7421
f 7421 7457 7422
f 7457 7458 7422
f 7422 7458 7438
f 7458 7459 7438
f 7438 7459 7439
f 7459 7460 7439
f 7439 7460 7440
f 7460 7461 7440
f 7440 7461 7441
f 7461 7275 7441
f 7441 7275 7442
f 7275 7276 7442
f 7442 7276 7434
f 7276 7278 7434
f 7434 7278 7433
f 7278 7462 7433
f 7433 7462 7451
f 7462 7463 7451
f 7451 7463 5235
f 7463 5233 5235
f 7279 7286 7278
f 7278 7286 7462
f 7286 7284 7462
f 7462 7284 7463
f 7284 7282 7463
f 7463 7282 5233
f 7282 5231 5233
f 7369 7374 7464
f 7464 7374 7465
f 7374 7378 7465
f 7465 7378 7466
f 7378 7379 7466
f 7466 7379 7467
f 7379 7380 7467
f 7467 7380 7468
f 7380 7381 7468
f 7469 7189 7470
f 7248 7471 7244
f 7244 7471 7237
f 7471 7472 7237
f 7237 7472 7239
f 7472 7469 7239
f 7239 7469 7234
f 7469 7470 7234
f 7234 7470 7236
f 7470 7189 7236
f 7236 7189 7473
f 7189 7190 7473
f 7473 7190 7474
f 7190 7230 7474
f 7371 7476 7475
f 7475 7476 7477
f 7476 7478 7477
f 7477 7478 7479
f 7478 7480 7479
f 7479 7480 7481
f 7480 7482 7481
f 7216 7217 7228
f 7228 7217 7483
f 7217 7484 7483
f 7369 7464 7371
f 7371 7464 7476
f 7464 7465 7476
f 7476 7465 7478
f 7465 7466 7478
f 7478 7466 7480
f 7466 7467 7480
f 7480 7467 7482
f 7467 7468 7482
f 7475 7477 7483
f 7483 7477 7228
f 7477 7479 7228
f 7228 7479 7229
f 7479 7481 7229
f 7229 7481 7227
f 7481 7482 7227
f 7227 7482 7226
f 7482 7468 7226
f 7226 7468 7224
f 7468 7381 7224
f 7224 7381 7223
f 7381 7062 7223
f 7223 7062 6870
f 7345 7342 7339
f 7339 7342 7337
f 7342 7334 7337
f 7337 7334 7336
f 7334 7332 7336
f 7354 7355 7206
f 7206 7355 7205
f 7355 7350 7205
f 7205 7350 7204
f 7350 7346 7204
f 7326 7334 7323
f 7323 7334 7485
f 7334 7342 7485
f 7485 7342 7486
f 7342 7350 7486
f 7486 7350 7487
f 7350 7355 7487
f 7487 7355 7488
f 7355 7353 7488
f 7489 7490 7484
f 7484 7490 7483
f 7490 7491 7483
f 7483 7491 7475
f 7491 7492 7475
f 7475 7492 7371
f 7492 7200 7371
f 7371 7200 7373
f 7200 7368 7373
f 7373 7368 7372
f 7366 7367 7361
f 7361 7367 7363
f 7367 7493 7363
f 7363 7493 7364
f 7493 7359 7364
f 7364 7359 7494
f 7359 7360 7494
f 7357 7359 7495
f 7495 7359 7496
f 7359 7493 7496
f 7496 7493 7497
f 7493 7367 7497
f 7497 7367 7498
f 7323 7485 7499
f 7499 7485 7500
f 7485 7486 7500
f 7500 7486 7501
f 7486 7487 7501
f 7501 7487 7502
f 7487 7488 7502
f 7502 7488 7503
f 7201 7202 7351
f 7351 7202 7353
f 7202 7203 7353
f 7353 7203 7488
f 7203 7504 7488
f 7488 7504 7503
f 7504 7505 7503
f 7356 7357 7506
f 7506 7357 7507
f 7357 7495 7507
f 7507 7495 7508
f 7495 7496 7508
f 7508 7496 7509
f 7496 7497 7509
f 7509 7497 7510
f 7497 7498 7510
f 7510 7498 7511
f 7356 7506 7203
f 7203 7506 7504
f 7506 7507 7504
f 7504 7507 7505
f 7507 7508 7505
f 7505 7508 7512
f 7508 7509 7512
f 7512 7509 7513
f 7509 7510 7513
f 7513 7510 7514
f 7510 7511 7514
f 7263 7261 7249
f 7249 7261 7248
f 7261 7515 7248
f 7248 7515 7471
f 7515 7516 7471
f 7471 7516 7472
f 7516 7517 7472
f 7472 7517 7469
f 7517 7518 7469
f 7469 7518 7189
f 7518 7489 7189
f 7189 7489 7191
f 7489 7484 7191
f 7191 7484 7232
f 7484 7217 7232
f 7232 7217 7233
f 7217 7215 7233
f 7198 7199 7365
f 7365 7199 7367
f 7199 7200 7367
f 7367 7200 7498
f 7200 7492 7498
f 7498 7492 7511
f 7492 7491 7511
f 7511 7491 7514
f 7491 7490 7514
f 7514 7490 7513
f 7490 7489 7513
f 7513 7489 7512
f 7489 7518 7512
f 7512 7518 7505
f 7518 7517 7505
f 7505 7517 7503
f 7517 7516 7503
f 7503 7516 7502
f 7516 7515 7502
f 7502 7515 7501
f 7515 7261 7501
f 7501 7261 7500
f 7261 7387 7500
f 7500 7387 7499
f 7387 7384 7499
f 7499 7384 7323
f 7384 7318 7323
f 7323 7318 7325
f 7318 7320 7325
f 7212 7400 7288
f 7288 7400 7287
f 7400 7398 7287
f 7287 7398 7401
f 7398 7396 7401
f 7401 7396 7403
f 7396 7454 7403
f 7403 7454 7447
f 7454 7453 7447
f 7447 7453 7449
f 7453 7452 7449
f 7449 7452 7450
f 7452 7451 7450
f 7450 7451 5238
f 7451 5237 5238
f 1963 5654 1961
f 1963 1965 5654
f 7519 7521 7520
f 1993 1995 5654
f 5654 1995 7519
f 1995 5290 7519
f 7519 5290 7521
f 5290 7522 7521
f 1993 5654 1991
f 1991 5654 1989
f 5654 1987 1989
f 1971 1973 5654
f 5654 1973 1975
f 1971 5654 1969
f 1969 5654 1967
f 5654 1965 1967
f 1987 5654 1985
f 1985 5654 1983
f 5654 1981 1983
f 1981 5654 1979
f 1979 5654 1977
f 5654 1975 1977
f 6974 4108 6972
f 6972 4108 6971
f 4108 6977 6971
f 6978 4108 6984
f 6984 4108 7094
f 4108 7096 7094
f 5402 4109 5401
f 5401 4109 5408
f 4109 5409 5408
f 6977 4108 6975
f 6975 4108 6880
f 4108 6879 6880
f 6879 4108 6981
f 6981 4108 6979
f 4108 6978 6979
f 5409 4109 5553
f 5553 4109 5552
f 4109 5329 5552
f 5329 4109 5331
f 5331 4109 5327
f 4109 5326 5327
f 7096 4108 7097
f 7097 4108 6985
f 4108 4109 6985
f 6985 4109 5588
f 4109 5587 5588
f 5587 4109 5548
f 5548 4109 5404
f 4109 5402 5404
f 5326 4109 5531
f 5531 4109 5530
f 4109 5508 5530
f 5451 4092 5450
f 4094 4095 5453
f 5453 4095 5457
f 4095 5495 5457
f 4092 4093 5450
f 5450 4093 5483
f 5483 4093 5456
f 4093 4094 5456
f 5456 4094 5454
f 4094 5453 5454
f 4091 4092 5449
f 5449 4092 5452
f 4092 5451 5452
f 4090 5446 4087
f 5446 4090 5444
f 5444 4090 5443
f 4090 4091 5443
f 5443 4091 5447
f 4091 5449 5447
f 5435 4086 5442
f 5442 4086 5441
f 4086 4087 5441
f 5441 4087 5440
f 4087 5446 5440
f 4110 5439 4111
f 5439 4110 5438
f 5438 4110 5437
f 4110 4086 5437
f 5437 4086 5436
f 4086 5435 5436
f 4112 4111 5431
f 5431 4111 5430
f 4111 5439 5430
f 4113 4112 5433
f 5433 4112 5432
f 4112 5431 5432
f 5422 4114 5427
f 5427 4114 5426
f 4114 4113 5426
f 5426 4113 5434
f 4113 5433 5434
f 5422 5423 4114
f 4114 5423 4115
f 5423 5424 4115
f 5424 5425 4115
f 4115 5425 4116
f 5425 5421 4116
f 4117 4116 5325
f 5325 4116 5324
f 4116 5421 5324
f 5541 4118 5415
f 5415 4118 5416
f 4118 4117 5416
f 5416 4117 5417
f 4117 5325 5417
f 5541 5414 4118
f 4118 5414 4119
f 5414 5413 4119
f 5413 5412 4119
f 4119 5412 4120
f 5412 5411 4120
f 5411 5507 4120
f 4120 5507 4109
f 5507 5508 4109
f 5321 4095 5323
f 5323 4095 5486
f 5495 4095 5459
f 5459 4095 5461
f 4095 5463 5461
f 5463 4095 5466
f 5466 4095 5468
f 4095 5321 5468
f 5486 4095 5470
f 5470 4095 5469
f 4095 5475 5469
f 4964 4096 4981
f 4981 4096 4980
f 4096 4960 4980
f 4960 4096 4959
f 4959 4096 4957
f 4096 4956 4957
f 4983 4096 4982
f 4982 4096 5157
f 4096 5156 5157
f 4956 4096 5151
f 5151 4096 4984
f 4096 4983 4984
f 5186 4096 4978
f 4978 4096 4962
f 4096 4964 4962
f 5475 4095 5476
f 5476 4095 5631
f 4095 5479 5631
f 5649 4096 5188
f 5188 4096 5187
f 4096 5186 5187
f 5479 4095 5478
f 5478 4095 5480
f 4095 4096 5480
f 5480 4096 5482
f 4096 5649 5482
f 5014 4160 5026
f 5028 4163 5027
f 4165 4088 5029
f 5029 4088 5037
f 4088 5035 5037
f 4163 4164 5027
f 5027 4164 4954
f 4954 4164 4953
f 4164 4165 4953
f 4953 4165 5030
f 4165 5029 5030
f 4162 4163 5024
f 5024 4163 5023
f 4163 5028 5023
f 4160 4161 5026
f 5026 4161 5025
f 5025 4161 5022
f 4161 4162 5022
f 5022 4162 5021
f 4162 5024 5021
f 4159 5018 4158
f 5018 4159 5017
f 5017 4159 5016
f 4159 4160 5016
f 5016 4160 5015
f 4160 5014 5015
f 4157 4158 5020
f 5020 4158 5019
f 4158 5018 5019
f 4156 4157 5011
f 5011 4157 5010
f 4157 5020 5010
f 4155 4156 5005
f 5005 4156 5004
f 4156 5011 5004
f 4999 4154 5009
f 5009 4154 5008
f 4154 4155 5008
f 5008 4155 5007
f 4155 5005 5007
f 4999 5000 4154
f 4154 5000 4153
f 5000 5002 4153
f 5002 5003 4153
f 4153 5003 4152
f 5003 4998 4152
f 4998 4997 4152
f 4152 4997 4151
f 4997 4995 4151
f 4099 4992 4990
f 4099 4151 4992
f 4992 4151 4993
f 4151 4995 4993
f 4990 4989 4099
f 4099 4989 4098
f 4989 4987 4098
f 4987 4985 4098
f 4098 4985 4097
f 4985 5136 4097
f 5136 5137 4097
f 4097 5137 4096
f 5137 5156 4096
f 7295 4107 7294
f 4107 7288 7289
f 5049 4088 5048
f 5048 4088 5053
f 7288 4107 7212
f 7212 4107 7211
f 4107 7293 7211
f 7293 4107 7292
f 7292 4107 7297
f 4107 7295 7297
f 5035 4088 5034
f 5034 4088 5038
f 4088 5040 5038
f 5040 4088 5039
f 5039 4088 5045
f 4088 5044 5045
f 5044 4088 5047
f 5047 4088 5051
f 4088 5049 5051
f 7213 4107 7445
f 7445 4107 7444
f 4107 7289 7444
f 5053 4088 5052
f 5052 4088 5252
f 4088 5288 5252
f 5288 4088 5058
f 5058 4088 5056
f 4088 4107 5056
f 5056 4107 7214
f 4107 7213 7214
f 7345 4128 7344
f 4130 4131 7349
f 7349 4131 7347
f 4131 7346 7347
f 4128 4129 7344
f 7344 4129 7343
f 7343 4129 7341
f 4129 4130 7341
f 7341 4130 7340
f 4130 7349 7340
f 4127 4128 7338
f 7338 4128 7339
f 4128 7345 7339
f 4126 7335 4125
f 7335 4126 7333
f 7333 4126 7332
f 4126 4127 7332
f 7332 4127 7336
f 4127 7338 7336
f 7329 7330 4124
f 4124 7330 4123
f 7330 7331 4123
f 7329 4124 7328
f 7328 4124 7327
f 4124 4125 7327
f 7327 4125 7326
f 4125 7335 7326
f 7331 7324 4123
f 4123 7324 4122
f 7324 7325 4122
f 4122 7325 4121
f 7325 7320 4121
f 7320 7321 4121
f 4121 7321 4089
f 7321 7322 4089
f 7315 4100 7319
f 7319 4100 7317
f 4100 4089 7317
f 7317 4089 7316
f 4089 7322 7316
f 7315 7207 4100
f 4100 7207 4101
f 7207 7208 4101
f 4102 4101 7311
f 7311 4101 7310
f 4101 7208 7310
f 4103 4102 7313
f 7313 4102 7312
f 4102 7311 7312
f 7307 4104 7306
f 7306 4104 7305
f 4104 4103 7305
f 7305 4103 7314
f 4103 7313 7314
f 7307 7308 4104
f 4104 7308 4105
f 7308 7299 4105
f 7299 7300 4105
f 4105 7300 4106
f 7300 7302 4106
f 4106 7302 4107
f 7302 7294 4107
f 6941 4132 6940
f 6940 4132 6938
f 7364 4131 7362
f 7362 4131 7361
f 4131 7366 7361
f 6905 4132 6930
f 7117 4132 6950
f 6950 4132 6949
f 6949 4132 6947
f 4132 6946 6947
f 6905 6903 4132
f 6930 4132 6932
f 6932 4132 6934
f 4132 6941 6934
f 4131 7358 7356
f 6938 4132 6936
f 6936 4132 6935
f 4132 7128 6935
f 4131 7204 7346
f 7204 4131 7206
f 7206 4131 7354
f 4131 7352 7354
f 7358 4131 7360
f 7360 4131 7494
f 4131 7364 7494
f 7128 4132 7126
f 7126 4132 7125
f 4132 7117 7125
f 7352 4131 7351
f 7351 4131 7201
f 4131 7356 7201
f 7366 4131 7365
f 7365 4131 7198
f 4131 7368 7198
f 4131 6923 7376
f 7368 4131 7372
f 7372 4131 7370
f 4131 7369 7370
f 7369 4131 7375
f 7375 4131 7377
f 4131 7376 7377
f 6923 4131 6924
f 6924 4131 6925
f 4131 4132 6925
f 6925 4132 7045
f 4132 6903 7045
f 6888 4143 7148
f 4141 4108 6882
f 6882 4108 7105
f 4108 6974 7105
f 4143 4142 7148
f 7148 4142 6886
f 6886 4142 6885
f 4142 4141 6885
f 6885 4141 6883
f 4141 6882 6883
f 4144 4143 6969
f 6969 4143 6968
f 4143 6888 6968
f 4145 6891 4146
f 6891 4145 6967
f 6967 4145 7106
f 4145 4144 7106
f 7106 4144 6970
f 4144 6969 6970
f 6897 4147 6895
f 6895 4147 6894
f 4147 4146 6894
f 6894 4146 6892
f 4146 6891 6892
f 4147 6897 4148
f 4148 6897 4149
f 6897 6898 4149
f 4150 4149 6900
f 6900 4149 6966
f 4149 6898 6966
f 4139 4140 6964
f 6964 4140 6963
f 4140 4150 6963
f 6963 4150 6901
f 4150 6900 6901
f 4138 4139 6958
f 6958 4139 6965
f 4139 6964 6965
f 4137 4138 6960
f 6960 4138 6959
f 4138 6958 6959
f 4136 4137 6962
f 6962 4137 6961
f 4137 6960 6961
f 6955 4135 6954
f 6954 4135 6952
f 4135 4136 6952
f 6952 4136 6951
f 4136 6962 6951
f 6955 6956 4135
f 4135 6956 4134
f 6956 7116 4134
f 7116 6942 4134
f 4134 6942 4133
f 6942 6943 4133
f 6943 6945 4133
f 4133 6945 4132
f 6945 6946 4132
f 4479 7523 4454
f 7524 4396 7525
f 2155 2162 4374
f 4374 2162 4375
f 2162 2163 4375
f 4375 2163 4372
f 2163 2164 4372
f 4372 2164 4371
f 2164 2170 4371
f 4371 2170 4370
f 2170 2171 4370
f 4370 2171 4369
f 2171 2158 4369
f 4369 2158 4367
f 2158 2159 4367
f 4367 2159 4366
f 2159 2165 4366
f 4366 2165 4365
f 2165 2166 4365
f 4365 2166 4364
f 2166 2167 4364
f 4364 2167 4363
f 2167 2168 4363
f 4363 2168 4362
f 2168 2169 4362
f 7526 7528 7527
f 7526 7529 7528
f 7528 7529 2641
f 7529 2640 2641
f 7527 7530 7526
f 7526 7530 7531
f 7530 7532 7531
f 7532 7533 7531
f 7531 7533 7534
f 7533 7535 7534
f 7535 7536 7534
f 7534 7536 7537
f 7536 7538 7537
f 7539 7541 7540
f 7540 7541 7542
f 7541 7543 7542
f 7542 7543 7544
f 7543 7538 7544
f 3477 7539 3482
f 7541 7546 7545
f 7539 3477 7541
f 7541 3477 7546
f 3477 3478 7546
f 7545 7547 7541
f 7541 7547 7543
f 7547 7548 7543
f 7538 7543 7537
f 7537 7543 7549
f 7543 7548 7549
f 7550 7534 7551
f 7551 7534 7552
f 7534 7537 7552
f 7552 7537 7553
f 7537 7549 7553
f 7550 7554 7534
f 7534 7554 7531
f 7554 7555 7531
f 7555 7556 7531
f 7531 7556 7526
f 7556 7557 7526
f 7557 7558 7526
f 7526 7558 7529
f 7558 7559 7529
f 4396 4397 7525
f 7559 2738 7529
f 7529 2738 7560
f 2738 2739 7560
f 4396 7561 4395
f 7524 7562 4396
f 4396 7562 7561
f 7562 7563 7561
f 7561 7563 7564
f 7563 7565 7564
f 7566 7568 7567
f 7567 7568 7569
f 7568 7570 7569
f 7569 7570 7571
f 7570 7572 7571
f 7571 7572 7573
f 7572 7574 7573
f 7573 7574 7565
f 7574 7575 7565
f 7565 7575 7564
f 7566 7576 7568
f 7568 7576 7577
f 7576 7578 7577
f 7577 7578 7579
f 7578 7580 7579
f 7579 7580 7581
f 7580 7582 7581
f 7581 7582 7583
f 7583 7582 7584
f 7582 7585 7584
f 7584 7585 3492
f 7585 3513 3492
f 7525 4397 2739
f 2739 4397 7560
f 4397 4398 7560
f 7560 4398 7586
f 4398 4419 7586
f 7586 4419 4420
f 7587 4421 7588
f 4421 4447 7588
f 7588 4447 7589
f 4447 4448 7589
f 4431 7590 4449
f 4431 4433 7590
f 7523 7591 4454
f 4454 7591 4455
f 7591 4456 4455
f 4453 4452 7592
f 7592 4452 7591
f 4452 4424 7591
f 7591 4424 4456
f 7593 7523 4436
f 4436 7523 4483
f 7523 4482 4483
f 4482 7523 4481
f 4481 7523 4480
f 7523 4479 4480
f 7594 4476 4477
f 4476 7594 4495
f 4495 7594 4494
f 7594 7593 4494
f 4494 7593 4493
f 7593 4503 4493
f 4503 7593 4502
f 4502 7593 4492
f 7593 4491 4492
f 4491 7593 4490
f 4490 7593 4488
f 7593 4487 4488
f 4487 7593 4489
f 4489 7593 4437
f 7593 4436 4437
f 4486 7595 4485
f 4485 7595 4484
f 4484 7595 4497
f 7595 4496 4497
f 4496 7595 4459
f 4459 7595 4458
f 7595 4457 4458
f 4457 7595 4505
f 4505 7595 4504
f 7595 7594 4504
f 4504 7594 4478
f 7594 4477 4478
f 7596 4462 4422
f 4462 7596 4461
f 4461 7596 4460
f 7596 7595 4460
f 4460 7595 4438
f 7595 4486 4438
f 4451 7597 4450
f 4450 7597 4425
f 7597 7596 4425
f 4425 7596 4423
f 7596 4422 4423
f 4451 4434 7597
f 7597 4434 7598
f 4434 4432 7598
f 4560 2078 6268
f 6268 2078 2080
f 6268 2080 6267
f 6267 2080 6266
f 2080 2079 6266
f 6266 2079 6265
f 6265 2079 6264
f 2079 2077 6264
f 6264 2077 6263
f 6263 2077 6262
f 2077 2081 6262
f 6262 2081 6261
f 2081 2082 6261
f 6261 2082 6260
f 2082 2083 6260
f 6260 2083 6259
f 2083 2071 6259
f 6259 2071 6258
f 2071 2072 6258
f 6258 2072 6257
f 2072 2073 6257
f 6257 2073 6256
f 2073 2074 6256
f 6256 2074 6255
f 2074 2075 6255
f 6255 2075 6252
f 2075 2076 6252
f 6252 2076 6253
f 2076 2068 6253
f 6253 2068 6254
f 6249 1999 6250
f 6250 1999 6247
f 1999 7599 6247
f 1999 6249 2067
f 2067 6249 2085
f 6249 6248 2085
f 2085 6248 2084
f 6248 6251 2084
f 2084 6251 2070
f 6251 6254 2070
f 2070 6254 2069
f 6254 2068 2069
f 7600 2002 2003
f 2008 7601 2007
f 2007 7601 2005
f 7601 2004 2005
f 2153 7586 2152
f 2152 7586 7587
f 7586 4420 7587
f 7587 4420 4421
f 2153 2154 7586
f 7586 2154 7560
f 2154 2160 7560
f 2160 2161 7560
f 7560 2161 7529
f 2161 2157 7529
f 7529 2157 2640
f 2157 2156 2640
f 2640 2156 4376
f 2156 2155 4376
f 4376 2155 4373
f 2155 4374 4373
f 2152 7587 2150
f 2150 7587 2008
f 7587 7588 2008
f 2008 7588 7601
f 7588 7589 7601
f 4430 4971 4432
f 4432 4971 7598
f 4971 4967 7598
f 7598 4967 4965
f 5104 7602 5106
f 5106 7602 4968
f 7602 4970 4968
f 4970 7602 4965
f 4965 7602 7598
f 7602 7603 7598
f 7598 7603 7597
f 7603 7604 7597
f 7597 7604 7596
f 7604 7605 7596
f 7596 7605 7595
f 7605 7606 7595
f 7595 7606 7594
f 7606 7607 7594
f 7594 7607 7593
f 7607 7608 7593
f 7593 7608 7523
f 7608 7609 7523
f 7523 7609 7591
f 7609 7610 7591
f 7591 7610 7592
f 7610 7611 7592
f 4449 7590 4448
f 4448 7590 7589
f 7590 7612 7589
f 7589 7612 7601
f 7612 7600 7601
f 7601 7600 2004
f 7600 2003 2004
f 7613 7611 7614
f 7611 7610 7614
f 7614 7610 7615
f 7610 7609 7615
f 7615 7609 7616
f 7609 7608 7616
f 7616 7608 7617
f 7608 7607 7617
f 7617 7607 7618
f 7607 7606 7618
f 7618 7606 7619
f 7606 7605 7619
f 7619 7605 7620
f 7605 7604 7620
f 7620 7604 7621
f 7604 7603 7621
f 7621 7603 7622
f 7603 7602 7622
f 7622 7602 7623
f 7602 5104 7623
f 4435 7624 4433
f 4433 7624 7590
f 7624 7625 7590
f 7590 7625 7612
f 7625 7626 7612
f 7612 7626 7600
f 7626 7599 7600
f 7600 7599 2002
f 7599 1999 2002
f 7627 7613 7628
f 5099 7623 5101
f 5101 7623 5102
f 7623 5104 5102
f 7613 7614 7628
f 7628 7614 7629
f 7614 7615 7629
f 7629 7615 7630
f 7615 7616 7630
f 7630 7616 7631
f 7616 7617 7631
f 7631 7617 7632
f 7617 7618 7632
f 7632 7618 7633
f 7618 7619 7633
f 7633 7619 7634
f 7619 7620 7634
f 7634 7620 7635
f 7620 7621 7635
f 7635 7621 7636
f 7621 7622 7636
f 7636 7622 7637
f 7622 7623 7637
f 7637 7623 7638
f 7623 5099 7638
f 6247 7599 6244
f 6244 7599 7627
f 7599 7626 7627
f 7627 7626 7613
f 7626 7625 7613
f 7613 7625 7611
f 7625 7624 7611
f 7611 7624 7592
f 7624 4435 7592
f 7592 4435 4453
f 6244 7627 6245
f 6245 7627 6246
f 7627 7628 6246
f 6246 7628 6243
f 7628 7629 6243
f 6243 7629 6242
f 7629 7630 6242
f 6242 7630 6241
f 7630 7631 6241
f 6241 7631 6240
f 7631 7632 6240
f 6240 7632 6239
f 7632 7633 6239
f 6239 7633 6238
f 7633 7634 6238
f 6238 7634 6237
f 7634 7635 6237
f 6237 7635 6236
f 7635 7636 6236
f 6236 7636 6235
f 7636 7637 6235
f 6235 7637 6234
f 7637 7638 6234
f 5166 7638 4945
f 4945 7638 4944
f 7638 5099 4944
f 6234 7638 6233
f 6233 7638 6232
f 7638 5166 6232
f 6232 5166 4947
f 4652 7640 7639
f 7639 4308 4390
f 4394 4654 4390
f 4390 4654 7639
f 4654 4653 7639
f 7639 4653 4652
f 7641 7640 4647
f 4647 7640 4651
f 7640 4652 4651
f 7642 7641 4649
f 4649 7641 4648
f 7641 4647 4648
f 4645 7643 4644
f 4644 7643 4646
f 7643 7642 4646
f 4646 7642 4650
f 7642 4649 4650
f 3517 4645 3518
f 4645 3517 7643
f 7643 3517 4324
f 3517 3516 4324
f 7640 7641 4316
f 4316 7641 4321
f 7641 7642 4321
f 4321 7642 4322
f 7642 7643 4322
f 4322 7643 4323
f 7643 4324 4323
f 4308 7639 4313
f 4313 7639 4312
f 7639 7640 4312
f 4312 7640 4317
f 7640 4316 4317
f 7644 7646 7645
f 7647 7649 7648
f 7650 5228 5230
f 7651 7653 7652
f 7652 7653 7650
f 7654 7656 7655
f 7655 7656 7657
f 7658 7660 7659
f 7661 7663 7662
f 7662 7663 7648
f 7663 7664 7648
f 7648 7664 7647
f 7644 7645 7665
f 7665 7645 7666
f 7645 7649 7666
f 7666 7649 7667
f 7649 7647 7667
f 7668 7646 7669
f 7669 7646 7670
f 7646 7644 7670
f 7671 7673 7672
f 7672 7673 7674
f 7673 7668 7674
f 7674 7668 7675
f 7668 7669 7675
f 7671 7676 7673
f 7673 7676 7677
f 7676 7678 7677
f 7677 7678 7679
f 7678 7680 7679
f 7681 7683 7682
f 7682 7683 7684
f 7683 7685 7684
f 7684 7685 7686
f 7685 7679 7686
f 7686 7679 7687
f 7679 7680 7687
f 7681 7688 7683
f 7683 7688 7689
f 7688 7690 7689
f 7689 7690 7691
f 7690 7692 7691
f 7693 7695 7694
f 7694 7695 7696
f 7695 7697 7696
f 7696 7697 7698
f 7697 7691 7698
f 7698 7691 7699
f 7691 7692 7699
f 7693 7700 7695
f 7695 7700 7701
f 7700 7702 7701
f 7701 7702 7703
f 7702 7704 7703
f 7704 7705 7703
f 7703 7705 7706
f 7705 7707 7706
f 7706 7707 7708
f 7707 7709 7708
f 7709 7710 7708
f 7708 7710 7711
f 7710 7712 7711
f 7711 7712 7713
f 7712 7714 7713
f 7713 7714 3761
f 7714 3772 3761
f 7650 7653 5228
f 5228 7653 5277
f 7653 5276 5277
f 7657 7656 7651
f 7651 7656 7653
f 7656 7715 7653
f 7653 7715 5276
f 3758 7716 3761
f 3761 7716 7713
f 7716 7717 7713
f 7713 7717 7711
f 7717 7718 7711
f 7711 7718 7708
f 7718 7719 7708
f 7708 7719 7706
f 7719 7720 7706
f 7706 7720 7703
f 7720 7721 7703
f 7703 7721 7701
f 7721 7722 7701
f 7701 7722 7695
f 7722 7723 7695
f 7695 7723 7697
f 7723 7724 7697
f 7697 7724 7691
f 7724 7725 7691
f 7691 7725 7689
f 7725 7726 7689
f 7689 7726 7683
f 7726 7727 7683
f 7683 7727 7685
f 7727 7728 7685
f 7685 7728 7679
f 7728 7729 7679
f 7679 7729 7677
f 7729 7730 7677
f 7677 7730 7673
f 7730 7731 7673
f 7673 7731 7668
f 7731 7732 7668
f 7668 7732 7646
f 7732 7733 7646
f 7646 7733 7645
f 7733 7734 7645
f 7645 7734 7649
f 7734 7735 7649
f 7649 7735 7648
f 7735 7736 7648
f 7648 7736 7662
f 7736 7737 7662
f 5276 7715 5060
f 5060 7715 5059
f 7715 5061 5059
f 5061 7715 7738
f 7738 7715 7739
f 7715 7656 7739
f 7739 7656 7658
f 7656 7654 7658
f 7658 7654 7660
f 3759 7740 3758
f 3758 7740 7716
f 7740 7741 7716
f 7716 7741 7717
f 7741 7742 7717
f 7717 7742 7718
f 7742 7743 7718
f 7718 7743 7719
f 7743 7744 7719
f 7719 7744 7720
f 7744 7745 7720
f 7720 7745 7721
f 7745 7746 7721
f 7721 7746 7722
f 7746 7747 7722
f 7722 7747 7723
f 7747 7748 7723
f 7723 7748 7724
f 7748 7749 7724
f 7724 7749 7725
f 7749 7750 7725
f 7725 7750 7726
f 7750 7751 7726
f 7726 7751 7727
f 7751 7752 7727
f 7727 7752 7728
f 7752 7753 7728
f 7728 7753 7729
f 7753 7754 7729
f 7729 7754 7730
f 7754 7755 7730
f 7730 7755 7731
f 7755 7756 7731
f 7731 7756 7732
f 7756 7757 7732
f 7732 7757 7733
f 7757 7758 7733
f 7733 7758 7734
f 7758 7759 7734
f 7734 7759 7735
f 7759 7760 7735
f 7735 7760 7736
f 7760 7761 7736
f 7736 7761 7737
f 7761 7762 7737
f 5061 7738 5062
f 5062 7738 4951
f 7738 4950 4951
f 3766 7763 3759
f 3759 7763 7740
f 7763 7764 7740
f 7740 7764 7741
f 7764 7765 7741
f 7741 7765 7742
f 7765 7766 7742
f 7742 7766 7743
f 7766 7767 7743
f 7743 7767 7744
f 7767 7768 7744
f 7744 7768 7745
f 7768 7769 7745
f 7745 7769 7746
f 7769 7770 7746
f 7746 7770 7747
f 7770 7771 7747
f 7747 7771 7748
f 7771 7772 7748
f 7748 7772 7749
f 7772 7773 7749
f 7749 7773 7750
f 7773 7774 7750
f 7750 7774 7751
f 7774 7775 7751
f 7751 7775 7752
f 7775 7776 7752
f 7752 7776 7753
f 7776 7777 7753
f 7753 7777 7754
f 7777 7778 7754
f 7754 7778 7755
f 7778 7779 7755
f 7755 7779 7756
f 7779 7780 7756
f 7756 7780 7757
f 7780 7781 7757
f 7757 7781 7758
f 7781 7782 7758
f 7758 7782 7759
f 7782 7783 7759
f 7759 7783 7760
f 7783 7784 7760
f 7760 7784 7761
f 7784 7785 7761
f 7761 7785 7762
f 7785 7786 7762
f 7661 7662 7659
f 7659 7662 7658
f 7662 7737 7658
f 7658 7737 7739
f 7737 7762 7739
f 7739 7762 7738
f 7762 7786 7738
f 7738 7786 4950
f 7786 5063 4950
f 5068 5067 7787
f 7787 5067 5065
f 3767 7788 3766
f 3766 7788 7763
f 7788 7789 7763
f 7763 7789 7764
f 7789 7790 7764
f 7764 7790 7765
f 7790 7791 7765
f 7765 7791 7766
f 7791 7792 7766
f 7766 7792 7767
f 7792 7793 7767
f 7767 7793 7768
f 7793 7794 7768
f 7768 7794 7769
f 7794 7795 7769
f 7769 7795 7770
f 7795 7796 7770
f 7770 7796 7771
f 7796 7797 7771
f 7771 7797 7772
f 7797 7798 7772
f 7772 7798 7773
f 7798 7799 7773
f 7773 7799 7774
f 7799 7800 7774
f 7774 7800 7775
f 7800 7801 7775
f 7775 7801 7776
f 7801 7802 7776
f 7776 7802 7777
f 7802 7803 7777
f 7777 7803 7778
f 7803 7804 7778
f 7778 7804 7779
f 7804 7805 7779
f 7779 7805 7780
f 7805 7806 7780
f 7780 7806 7781
f 7806 7807 7781
f 7781 7807 7782
f 7807 7808 7782
f 7782 7808 7783
f 7808 7809 7783
f 7783 7809 7784
f 7809 7810 7784
f 7784 7810 7785
f 7810 7787 7785
f 7785 7787 7786
f 7787 5065 7786
f 7786 5065 5063
f 3768 7811 3767
f 3767 7811 7788
f 7811 7812 7788
f 7788 7812 7789
f 7812 7813 7789
f 7789 7813 7790
f 7813 7814 7790
f 7790 7814 7791
f 7814 7815 7791
f 7791 7815 7792
f 7815 7816 7792
f 7792 7816 7793
f 7816 7817 7793
f 7793 7817 7794
f 7817 7818 7794
f 7794 7818 7795
f 7818 7819 7795
f 7795 7819 7796
f 7819 7820 7796
f 7796 7820 7797
f 7820 7821 7797
f 7797 7821 7798
f 7821 7822 7798
f 7798 7822 7799
f 7822 7823 7799
f 7799 7823 7800
f 7823 7824 7800
f 7800 7824 7801
f 7824 7825 7801
f 7801 7825 7802
f 7825 7826 7802
f 7802 7826 7803
f 7826 7827 7803
f 7803 7827 7804
f 7827 7828 7804
f 7804 7828 7805
f 7828 7829 7805
f 7805 7829 7806
f 7829 7830 7806
f 7806 7830 7807
f 7830 7831 7807
f 7807 7831 7808
f 7831 7832 7808
f 7808 7832 7809
f 7832 7833 7809
f 7809 7833 7810
f 7833 7834 7810
f 7810 7834 7787
f 7834 5070 7787
f 7787 5070 5068
f 3769 5666 3768
f 3768 5666 7811
f 5666 5668 7811
f 7811 5668 7812
f 5668 5670 7812
f 7812 5670 7813
f 5670 5672 7813
f 7813 5672 7814
f 5672 5674 7814
f 7814 5674 7815
f 5674 5676 7815
f 7815 5676 7816
f 5676 5678 7816
f 7816 5678 7817
f 5678 5680 7817
f 7817 5680 7818
f 5680 5682 7818
f 7818 5682 7819
f 5682 5684 7819
f 7819 5684 7820
f 5684 5686 7820
f 7820 5686 7821
f 5686 5688 7821
f 7821 5688 7822
f 5688 5690 7822
f 7822 5690 7823
f 5690 5692 7823
f 7823 5692 7824
f 5692 5694 7824
f 7824 5694 7825
f 5694 5696 7825
f 7825 5696 7826
f 5696 5698 7826
f 7826 5698 7827
f 5698 5700 7827
f 7827 5700 7828
f 5700 5702 7828
f 7828 5702 7829
f 5702 5704 7829
f 7829 5704 7830
f 5704 5706 7830
f 7830 5706 7831
f 5706 5708 7831
f 7831 5708 7832
f 5708 5710 7832
f 7832 5710 7833
f 5710 5712 7833
f 7833 5712 7834
f 5712 5069 7834
f 7834 5069 5070
f 7835 7837 7836
f 4236 7838 4235
f 4236 7839 7838
f 7838 7839 7840
f 7839 7841 7840
f 7840 7841 7842
f 7841 7843 7842
f 7842 7843 7844
f 7843 7845 7844
f 7844 7845 7846
f 7845 7847 7846
f 7846 7847 7848
f 7847 7849 7848
f 7848 7849 7850
f 7849 7851 7850
f 7850 7851 7852
f 7851 7853 7852
f 7852 7853 7854
f 7853 7855 7854
f 7854 7855 7856
f 7855 7857 7856
f 7856 7857 7858
f 7857 7859 7858
f 7858 7859 7860
f 7859 7861 7860
f 7860 7861 7862
f 7861 7863 7862
f 7862 7863 7864
f 7863 7865 7864
f 7864 7865 7866
f 7865 7867 7866
f 7867 7868 7866
f 7866 7868 7869
f 7868 7870 7869
f 7870 7871 7869
f 7869 7871 7872
f 7871 7873 7872
f 7872 7873 7874
f 7873 7875 7874
f 7875 7876 7874
f 7874 7876 7877
f 7876 7878 7877
f 7877 7878 7879
f 7878 7880 7879
f 7880 7881 7879
f 7879 7881 7882
f 7881 7883 7882
f 7882 7883 7884
f 7883 7885 7884
f 7885 7886 7884
f 7884 7886 7887
f 7886 7888 7887
f 7887 7888 7889
f 7888 7890 7889
f 7891 5386 6847
f 6847 5386 5388
f 6844 6843 7836
f 7836 6843 7835
f 6843 6842 7835
f 4225 7892 4224
f 4224 7892 6824
f 7892 7893 6824
f 6824 7893 6825
f 7893 7894 6825
f 6825 7894 6826
f 7894 7895 6826
f 6826 7895 6827
f 7895 7896 6827
f 6827 7896 6828
f 7896 7897 6828
f 6828 7897 6829
f 7897 7898 6829
f 6829 7898 6830
f 7898 7899 6830
f 6830 7899 6831
f 7899 7900 6831
f 6831 7900 6832
f 7900 7901 6832
f 6832 7901 6833
f 7901 7902 6833
f 6833 7902 6834
f 7902 7903 6834
f 6834 7903 6835
f 7903 7904 6835
f 6835 7904 6836
f 7904 7905 6836
f 6836 7905 6837
f 7905 7906 6837
f 6837 7906 6838
f 7906 7907 6838
f 6838 7907 6839
f 7907 7908 6839
f 6839 7908 6840
f 7908 7909 6840
f 6840 7909 6841
f 7909 7910 6841
f 5386 7891 5384
f 5384 7891 5575
f 7891 7911 5575
f 5575 7911 5392
f 7912 7913 7837
f 7837 7913 7836
f 7913 7914 7836
f 7836 7914 6844
f 7914 6845 6844
f 4226 7915 4225
f 4225 7915 7892
f 7915 7916 7892
f 7892 7916 7893
f 7916 7917 7893
f 7893 7917 7894
f 7917 7918 7894
f 7894 7918 7895
f 7918 7919 7895
f 7895 7919 7896
f 7919 7920 7896
f 7896 7920 7897
f 7920 7921 7897
f 7897 7921 7898
f 7921 7922 7898
f 7898 7922 7899
f 7922 7923 7899
f 7899 7923 7900
f 7923 7924 7900
f 7900 7924 7901
f 7924 7925 7901
f 7901 7925 7902
f 7925 7926 7902
f 7902 7926 7903
f 7926 7927 7903
f 7903 7927 7904
f 7927 7928 7904
f 7904 7928 7905
f 7928 7929 7905
f 7905 7929 7906
f 7929 7930 7906
f 7906 7930 7907
f 7930 7931 7907
f 7907 7931 7908
f 7931 7932 7908
f 7908 7932 7909
f 7932 7933 7909
f 7909 7933 7910
f 7933 7934 7910
f 7935 7936 7912
f 7912 7936 7913
f 7936 7937 7913
f 7913 7937 7914
f 7937 7938 7914
f 7914 7938 6845
f 7938 6846 6845
f 4227 7939 4226
f 4226 7939 7915
f 7939 7940 7915
f 7915 7940 7916
f 7940 7941 7916
f 7916 7941 7917
f 7941 7942 7917
f 7917 7942 7918
f 7942 7943 7918
f 7918 7943 7919
f 7943 7944 7919
f 7919 7944 7920
f 7944 7945 7920
f 7920 7945 7921
f 7945 7946 7921
f 7921 7946 7922
f 7946 7947 7922
f 7922 7947 7923
f 7947 7948 7923
f 7923 7948 7924
f 7948 7949 7924
f 7924 7949 7925
f 7949 7950 7925
f 7925 7950 7926
f 7950 7951 7926
f 7926 7951 7927
f 7951 7952 7927
f 7927 7952 7928
f 7952 7953 7928
f 7928 7953 7929
f 7953 7954 7929
f 7929 7954 7930
f 7954 7955 7930
f 7930 7955 7931
f 7955 7956 7931
f 7931 7956 7932
f 7956 7957 7932
f 7932 7957 7933
f 7957 7958 7933
f 7933 7958 7934
f 7958 7959 7934
f 7960 7961 7935
f 7935 7961 7936
f 7961 7962 7936
f 7936 7962 7937
f 7962 7911 7937
f 7937 7911 7938
f 7911 7891 7938
f 7938 7891 6846
f 7891 6847 6846
f 4228 7963 4227
f 4227 7963 7939
f 7963 7964 7939
f 7939 7964 7940
f 7964 7965 7940
f 7940 7965 7941
f 7965 7966 7941
f 7941 7966 7942
f 7966 7967 7942
f 7942 7967 7943
f 7967 7968 7943
f 7943 7968 7944
f 7968 7969 7944
f 7944 7969 7945
f 7969 7970 7945
f 7945 7970 7946
f 7970 7971 7946
f 7946 7971 7947
f 7971 7972 7947
f 7947 7972 7948
f 7972 7973 7948
f 7948 7973 7949
f 7973 7974 7949
f 7949 7974 7950
f 7974 7975 7950
f 7950 7975 7951
f 7975 7976 7951
f 7951 7976 7952
f 7976 7977 7952
f 7952 7977 7953
f 7977 7978 7953
f 7953 7978 7954
f 7978 7979 7954
f 7954 7979 7955
f 7979 7980 7955
f 7955 7980 7956
f 7980 7981 7956
f 7956 7981 7957
f 7981 7982 7957
f 7957 7982 7958
f 7982 7983 7958
f 7958 7983 7959
f 7983 7984 7959
f 5392 7911 5338
f 5338 7911 5340
f 7911 7962 5340
f 5340 7962 5389
f 7962 7961 5389
f 5389 7961 5574
f 7961 5335 5574
f 5576 5393 5609
f 4229 7985 4228
f 4228 7985 7963
f 7985 7986 7963
f 7963 7986 7964
f 7986 7987 7964
f 7964 7987 7965
f 7987 7988 7965
f 7965 7988 7966
f 7988 7989 7966
f 7966 7989 7967
f 7989 7990 7967
f 7967 7990 7968
f 7990 7991 7968
f 7968 7991 7969
f 7991 7992 7969
f 7969 7992 7970
f 7992 7993 7970
f 7970 7993 7971
f 7993 7994 7971
f 7971 7994 7972
f 7994 7995 7972
f 7972 7995 7973
f 7995 7996 7973
f 7973 7996 7974
f 7996 7997 7974
f 7974 7997 7975
f 7997 7998 7975
f 7975 7998 7976
f 7998 7999 7976
f 7976 7999 7977
f 7999 8000 7977
f 7977 8000 7978
f 8000 8001 7978
f 7978 8001 7979
f 8001 8002 7979
f 7979 8002 7980
f 8002 8003 7980
f 7980 8003 7981
f 8003 8004 7981
f 7981 8004 7982
f 8004 8005 7982
f 7982 8005 7983
f 8005 8006 7983
f 7983 8006 7984
f 8006 8007 7984
f 5335 7961 5337
f 5337 7961 5576
f 7961 7960 5576
f 5576 7960 5393
f 7960 5395 5393
f 4230 8008 4229
f 4229 8008 7985
f 8008 8009 7985
f 7985 8009 7986
f 8009 8010 7986
f 7986 8010 7987
f 8010 8011 7987
f 7987 8011 7988
f 8011 8012 7988
f 7988 8012 7989
f 8012 8013 7989
f 7989 8013 7990
f 8013 8014 7990
f 7990 8014 7991
f 8014 8015 7991
f 7991 8015 7992
f 8015 8016 7992
f 7992 8016 7993
f 8016 8017 7993
f 7993 8017 7994
f 8017 8018 7994
f 7994 8018 7995
f 8018 8019 7995
f 7995 8019 7996
f 8019 8020 7996
f 7996 8020 7997
f 8020 8021 7997
f 7997 8021 7998
f 8021 8022 7998
f 7998 8022 7999
f 8022 8023 7999
f 7999 8023 8000
f 8023 8024 8000
f 8000 8024 8001
f 8024 8025 8001
f 8001 8025 8002
f 8025 8026 8002
f 8002 8026 8003
f 8026 8027 8003
f 8003 8027 8004
f 8027 8028 8004
f 8004 8028 8005
f 8028 8029 8005
f 8005 8029 8006
f 8029 8030 8006
f 8006 8030 8007
f 8030 8031 8007
f 6841 7910 6842
f 6842 7910 7835
f 7910 7934 7835
f 7835 7934 7837
f 7934 7959 7837
f 7837 7959 7912
f 7959 7984 7912
f 7912 7984 7935
f 7984 8007 7935
f 7935 8007 7960
f 8007 8031 7960
f 7960 8031 5395
f 8031 5396 5395
f 5400 5399 7890
f 7890 5399 7889
f 5399 5334 7889
f 7889 5334 5332
f 4235 7838 4230
f 4230 7838 8008
f 7838 7840 8008
f 8008 7840 8009
f 7840 7842 8009
f 8009 7842 8010
f 7842 7844 8010
f 8010 7844 8011
f 7844 7846 8011
f 8011 7846 8012
f 7846 7848 8012
f 8012 7848 8013
f 7848 7850 8013
f 8013 7850 8014
f 7850 7852 8014
f 8014 7852 8015
f 7852 7854 8015
f 8015 7854 8016
f 7854 7856 8016
f 8016 7856 8017
f 7856 7858 8017
f 8017 7858 8018
f 7858 7860 8018
f 8018 7860 8019
f 7860 7862 8019
f 8019 7862 8020
f 7862 7864 8020
f 8020 7864 8021
f 7864 7866 8021
f 8021 7866 8022
f 7866 7869 8022
f 8022 7869 8023
f 7869 7872 8023
f 8023 7872 8024
f 7872 7874 8024
f 8024 7874 8025
f 7874 7877 8025
f 8025 7877 8026
f 7877 7879 8026
f 8026 7879 8027
f 7879 7882 8027
f 8027 7882 8028
f 7882 7884 8028
f 8028 7884 8029
f 7884 7887 8029
f 8029 7887 8030
f 7887 7889 8030
f 8030 7889 8031
f 7889 5332 8031
f 8031 5332 5396
f 8032 8033 1958
f 1958 8033 1959
f 7461 8034 7275
f 7459 8035 7460
f 7457 8036 7458
f 7455 8037 7456
f 7709 8039 8038
f 3772 8040 3771
f 3772 7714 8040
f 8040 7714 8041
f 7714 7712 8041
f 8038 8041 7709
f 7709 8041 7710
f 8041 7712 7710
f 7704 8039 7705
f 7705 8039 7707
f 8039 7709 7707
f 8039 7704 8042
f 8042 7704 8043
f 7704 7702 8043
f 8044 8045 7694
f 7694 8045 7693
f 8045 8043 7693
f 7693 8043 7700
f 8043 7702 7700
f 8046 8044 7698
f 7698 8044 7696
f 8044 7694 7696
f 8047 8046 7692
f 7692 8046 7699
f 8046 7698 7699
f 8048 8047 7688
f 7688 8047 7690
f 8047 7692 7690
f 8049 8048 7682
f 7682 8048 7681
f 8048 7688 7681
f 8050 8049 7686
f 7686 8049 7684
f 8049 7682 7684
f 8051 8050 7680
f 7680 8050 7687
f 8050 7686 7687
f 8052 8051 7676
f 7676 8051 7678
f 8051 7680 7678
f 8053 8052 7672
f 7672 8052 7671
f 8052 7676 7671
f 8054 8053 7675
f 7675 8053 7674
f 8053 7672 7674
f 8055 8054 7670
f 7670 8054 7669
f 8054 7675 7669
f 8056 8055 7665
f 7665 8055 7644
f 8055 7670 7644
f 8057 8056 7667
f 7667 8056 7666
f 8056 7665 7666
f 8058 8057 7664
f 7664 8057 7647
f 8057 7667 7647
f 8059 8058 7661
f 7661 8058 7663
f 8058 7664 7663
f 8060 8059 7660
f 7660 8059 7659
f 8059 7661 7659
f 7651 8061 7657
f 7657 8061 7655
f 8061 8060 7655
f 7655 8060 7654
f 8060 7660 7654
f 7277 8061 7279
f 7279 8061 7285
f 7280 7650 5230
f 7285 8061 7283
f 7283 8061 7281
f 8061 7651 7281
f 7281 7651 7280
f 7651 7652 7280
f 7280 7652 7650
f 3765 8062 3764
f 3764 8062 8063
f 8062 8064 8063
f 8063 8064 8065
f 8064 8066 8065
f 8065 8066 8067
f 8066 8068 8067
f 8067 8068 8069
f 8068 8070 8069
f 8069 8070 8071
f 8070 8072 8071
f 8071 8072 8073
f 8072 8074 8073
f 8073 8074 8075
f 8074 8076 8075
f 8075 8076 8077
f 8076 8078 8077
f 8077 8078 8079
f 8078 8080 8079
f 8079 8080 8081
f 8080 8082 8081
f 8081 8082 8083
f 8082 8084 8083
f 8083 8084 8085
f 8084 8086 8085
f 8085 8086 8087
f 8086 8088 8087
f 8087 8088 8089
f 8088 8090 8089
f 8089 8090 8091
f 8090 8092 8091
f 8091 8092 8093
f 8092 8094 8093
f 8093 8094 8095
f 8094 8096 8095
f 8095 8096 8097
f 8096 8098 8097
f 8097 8098 8099
f 8098 8100 8099
f 8099 8100 8101
f 8100 8102 8101
f 8101 8102 8103
f 8102 8104 8103
f 8103 8104 8105
f 8104 8106 8105
f 8105 8106 8107
f 8106 8037 8107
f 8107 8037 8108
f 8037 7455 8108
f 8108 7455 7408
f 3773 8109 3765
f 3765 8109 8062
f 8109 8110 8062
f 8062 8110 8064
f 8110 8111 8064
f 8064 8111 8066
f 8111 8112 8066
f 8066 8112 8068
f 8112 8113 8068
f 8068 8113 8070
f 8113 8114 8070
f 8070 8114 8072
f 8114 8115 8072
f 8072 8115 8074
f 8115 8116 8074
f 8074 8116 8076
f 8116 8117 8076
f 8076 8117 8078
f 8117 8118 8078
f 8078 8118 8080
f 8118 8119 8080
f 8080 8119 8082
f 8119 8120 8082
f 8082 8120 8084
f 8120 8121 8084
f 8084 8121 8086
f 8121 8122 8086
f 8086 8122 8088
f 8122 8123 8088
f 8088 8123 8090
f 8123 8124 8090
f 8090 8124 8092
f 8124 8125 8092
f 8092 8125 8094
f 8125 8126 8094
f 8094 8126 8096
f 8126 8127 8096
f 8096 8127 8098
f 8127 8128 8098
f 8098 8128 8100
f 8128 8129 8100
f 8100 8129 8102
f 8129 8130 8102
f 8102 8130 8104
f 8130 8131 8104
f 8104 8131 8106
f 8131 8036 8106
f 8106 8036 8037
f 8036 7457 8037
f 8037 7457 7456
f 3774 8132 3773
f 3773 8132 8109
f 8132 8133 8109
f 8109 8133 8110
f 8133 8134 8110
f 8110 8134 8111
f 8134 8135 8111
f 8111 8135 8112
f 8135 8136 8112
f 8112 8136 8113
f 8136 8137 8113
f 8113 8137 8114
f 8137 8138 8114
f 8114 8138 8115
f 8138 8139 8115
f 8115 8139 8116
f 8139 8140 8116
f 8116 8140 8117
f 8140 8141 8117
f 8117 8141 8118
f 8141 8142 8118
f 8118 8142 8119
f 8142 8143 8119
f 8119 8143 8120
f 8143 8144 8120
f 8120 8144 8121
f 8144 8145 8121
f 8121 8145 8122
f 8145 8146 8122
f 8122 8146 8123
f 8146 8147 8123
f 8123 8147 8124
f 8147 8148 8124
f 8124 8148 8125
f 8148 8149 8125
f 8125 8149 8126
f 8149 8150 8126
f 8126 8150 8127
f 8150 8151 8127
f 8127 8151 8128
f 8151 8152 8128
f 8128 8152 8129
f 8152 8153 8129
f 8129 8153 8130
f 8153 8154 8130
f 8130 8154 8131
f 8154 8035 8131
f 8131 8035 8036
f 8035 7459 8036
f 8036 7459 7458
f 3775 8155 3774
f 3774 8155 8132
f 8155 8156 8132
f 8132 8156 8133
f 8156 8157 8133
f 8133 8157 8134
f 8157 8158 8134
f 8134 8158 8135
f 8158 8159 8135
f 8135 8159 8136
f 8159 8160 8136
f 8136 8160 8137
f 8160 8161 8137
f 8137 8161 8138
f 8161 8162 8138
f 8138 8162 8139
f 8162 8163 8139
f 8139 8163 8140
f 8163 8164 8140
f 8140 8164 8141
f 8164 8165 8141
f 8141 8165 8142
f 8165 8166 8142
f 8142 8166 8143
f 8166 8167 8143
f 8143 8167 8144
f 8167 8168 8144
f 8144 8168 8145
f 8168 8169 8145
f 8145 8169 8146
f 8169 8170 8146
f 8146 8170 8147
f 8170 8171 8147
f 8147 8171 8148
f 8171 8172 8148
f 8148 8172 8149
f 8172 8173 8149
f 8149 8173 8150
f 8173 8174 8150
f 8150 8174 8151
f 8174 8175 8151
f 8151 8175 8152
f 8175 8176 8152
f 8152 8176 8153
f 8176 8177 8153
f 8153 8177 8154
f 8177 8034 8154
f 8154 8034 8035
f 8034 7461 8035
f 8035 7461 7460
f 3771 8040 3775
f 3775 8040 8155
f 8040 8041 8155
f 8155 8041 8156
f 8041 8038 8156
f 8156 8038 8157
f 8038 8039 8157
f 8157 8039 8158
f 8039 8042 8158
f 8158 8042 8159
f 8042 8043 8159
f 8159 8043 8160
f 8043 8045 8160
f 8160 8045 8161
f 8045 8044 8161
f 8161 8044 8162
f 8044 8046 8162
f 8162 8046 8163
f 8046 8047 8163
f 8163 8047 8164
f 8047 8048 8164
f 8164 8048 8165
f 8048 8049 8165
f 8165 8049 8166
f 8049 8050 8166
f 8166 8050 8167
f 8050 8051 8167
f 8167 8051 8168
f 8051 8052 8168
f 8168 8052 8169
f 8052 8053 8169
f 8169 8053 8170
f 8053 8054 8170
f 8170 8054 8171
f 8054 8055 8171
f 8171 8055 8172
f 8055 8056 8172
f 8172 8056 8173
f 8056 8057 8173
f 8173 8057 8174
f 8057 8058 8174
f 8174 8058 8175
f 8058 8059 8175
f 8175 8059 8176
f 8059 8060 8176
f 8176 8060 8177
f 8060 8061 8177
f 8177 8061 8034
f 8061 7277 8034
f 8034 7277 7275
f 7000 8178 7005
f 7178 8179 6990
f 6990 8179 6988
f 8179 6987 6988
f 5400 7890 7178
f 7178 7890 8179
f 7890 7888 8179
f 8179 7888 8180
f 8181 8182 7883
f 7883 8182 7885
f 8182 8180 7885
f 7885 8180 7886
f 8180 7888 7886
f 8183 8184 7878
f 7878 8184 7880
f 8184 8181 7880
f 7880 8181 7881
f 8181 7883 7881
f 8185 8186 7873
f 7873 8186 7875
f 8186 8183 7875
f 7875 8183 7876
f 8183 7878 7876
f 8187 8185 7870
f 7870 8185 7871
f 8185 7873 7871
f 4237 8188 4236
f 4236 8188 7839
f 8188 8189 7839
f 7839 8189 7841
f 8189 8190 7841
f 7841 8190 7843
f 8190 8191 7843
f 7843 8191 7845
f 8191 8192 7845
f 7845 8192 7847
f 8192 8193 7847
f 7847 8193 7849
f 8193 8194 7849
f 7849 8194 7851
f 8194 8195 7851
f 7851 8195 7853
f 8195 8196 7853
f 7853 8196 7855
f 8196 8197 7855
f 7855 8197 7857
f 8197 8198 7857
f 7857 8198 7859
f 8198 8199 7859
f 7859 8199 7861
f 8199 8200 7861
f 7861 8200 7863
f 8200 8201 7863
f 7863 8201 7865
f 8201 8202 7865
f 7865 8202 7867
f 8202 8187 7867
f 7867 8187 7868
f 8187 7870 7868
f 6997 6999 8203
f 8203 6999 6991
f 4231 8204 4237
f 4237 8204 8188
f 8204 8205 8188
f 8188 8205 8189
f 8205 8206 8189
f 8189 8206 8190
f 8206 8207 8190
f 8190 8207 8191
f 8207 8208 8191
f 8191 8208 8192
f 8208 8209 8192
f 8192 8209 8193
f 8209 8210 8193
f 8193 8210 8194
f 8210 8211 8194
f 8194 8211 8195
f 8211 8212 8195
f 8195 8212 8196
f 8212 8213 8196
f 8196 8213 8197
f 8213 8214 8197
f 8197 8214 8198
f 8214 8215 8198
f 8198 8215 8199
f 8215 8216 8199
f 8199 8216 8200
f 8216 8217 8200
f 8200 8217 8201
f 8217 8218 8201
f 8201 8218 8202
f 8218 8219 8202
f 8202 8219 8187
f 8219 8220 8187
f 8187 8220 8185
f 8220 8221 8185
f 8185 8221 8186
f 8221 8222 8186
f 8186 8222 8183
f 8222 8223 8183
f 8183 8223 8184
f 8223 8224 8184
f 8184 8224 8181
f 8224 8225 8181
f 8181 8225 8182
f 8225 8226 8182
f 8182 8226 8180
f 8226 8203 8180
f 8180 8203 8179
f 8203 6991 8179
f 8179 6991 6987
f 6995 8227 6994
f 6994 8227 6877
f 8227 6876 6877
f 4232 8228 4231
f 4231 8228 8204
f 8228 8229 8204
f 8204 8229 8205
f 8229 8230 8205
f 8205 8230 8206
f 8230 8231 8206
f 8206 8231 8207
f 8231 8232 8207
f 8207 8232 8208
f 8232 8233 8208
f 8208 8233 8209
f 8233 8234 8209
f 8209 8234 8210
f 8234 8235 8210
f 8210 8235 8211
f 8235 8236 8211
f 8211 8236 8212
f 8236 8237 8212
f 8212 8237 8213
f 8237 8238 8213
f 8213 8238 8214
f 8238 8239 8214
f 8214 8239 8215
f 8239 8240 8215
f 8215 8240 8216
f 8240 8241 8216
f 8216 8241 8217
f 8241 8242 8217
f 8217 8242 8218
f 8242 8243 8218
f 8218 8243 8219
f 8243 8244 8219
f 8219 8244 8220
f 8244 8245 8220
f 8220 8245 8221
f 8245 8246 8221
f 8221 8246 8222
f 8246 8247 8222
f 8222 8247 8223
f 8247 8248 8223
f 8223 8248 8224
f 8248 8249 8224
f 8224 8249 8225
f 8249 8250 8225
f 8225 8250 8226
f 8250 8227 8226
f 8226 8227 8203
f 8227 6995 8203
f 8203 6995 6997
f 4233 8251 4232
f 4232 8251 8228
f 8251 8252 8228
f 8228 8252 8229
f 8252 8253 8229
f 8229 8253 8230
f 8253 8254 8230
f 8230 8254 8231
f 8254 8255 8231
f 8231 8255 8232
f 8255 8256 8232
f 8232 8256 8233
f 8256 8257 8233
f 8233 8257 8234
f 8257 8258 8234
f 8234 8258 8235
f 8258 8259 8235
f 8235 8259 8236
f 8259 8260 8236
f 8236 8260 8237
f 8260 8261 8237
f 8237 8261 8238
f 8261 8262 8238
f 8238 8262 8239
f 8262 8263 8239
f 8239 8263 8240
f 8263 8264 8240
f 8240 8264 8241
f 8264 8265 8241
f 8241 8265 8242
f 8265 8266 8242
f 8242 8266 8243
f 8266 8267 8243
f 8243 8267 8244
f 8267 8268 8244
f 8244 8268 8245
f 8268 8269 8245
f 8245 8269 8246
f 8269 8270 8246
f 8246 8270 8247
f 8270 8271 8247
f 8247 8271 8248
f 8271 8272 8248
f 8248 8272 8249
f 8272 8273 8249
f 8249 8273 8250
f 8273 8274 8250
f 8250 8274 8227
f 8274 7089 8227
f 8227 7089 6876
f 7089 8274 7088
f 7088 8274 7076
f 8274 7001 7076
f 4234 8275 4233
f 4233 8275 8251
f 8275 8276 8251
f 8251 8276 8252
f 8276 8277 8252
f 8252 8277 8253
f 8277 8278 8253
f 8253 8278 8254
f 8278 8279 8254
f 8254 8279 8255
f 8279 8280 8255
f 8255 8280 8256
f 8280 8281 8256
f 8256 8281 8257
f 8281 8282 8257
f 8257 8282 8258
f 8282 8283 8258
f 8258 8283 8259
f 8283 8284 8259
f 8259 8284 8260
f 8284 8285 8260
f 8260 8285 8261
f 8285 8286 8261
f 8261 8286 8262
f 8286 8287 8262
f 8262 8287 8263
f 8287 8288 8263
f 8263 8288 8264
f 8288 8289 8264
f 8264 8289 8265
f 8289 8290 8265
f 8265 8290 8266
f 8290 8291 8266
f 8266 8291 8267
f 8291 8292 8267
f 8267 8292 8268
f 8292 8293 8268
f 8268 8293 8269
f 8293 8294 8269
f 8269 8294 8270
f 8294 8295 8270
f 8270 8295 8271
f 8295 8296 8271
f 8271 8296 8272
f 8296 8297 8272
f 8272 8297 8273
f 8297 8178 8273
f 8273 8178 8274
f 8178 7000 8274
f 8274 7000 7001
f 8298 8300 8299
f 8298 8301 8300
f 1946 4218 1948
f 4218 1926 1924
f 1946 1944 4218
f 1926 4218 1928
f 1928 4218 1930
f 4218 1932 1930
f 1932 4218 1934
f 1934 4218 1936
f 4218 1938 1936
f 1954 4218 1956
f 1956 4218 1958
f 4218 8300 1958
f 1958 8300 8032
f 8300 8301 8032
f 1938 4218 1940
f 1940 4218 1942
f 4218 1944 1942
f 1948 4218 1950
f 1950 4218 1952
f 4218 1954 1952
f 4543 8302 4542
f 4529 8303 4528
f 4558 8304 4559
f 4559 8304 4509
f 7247 8305 7246
f 7246 8305 8306
f 8305 8307 8306
f 8306 8307 8308
f 8307 8309 8308
f 8309 8310 8308
f 8308 8310 8311
f 8310 8312 8311
f 8311 8312 8313
f 8312 8314 8313
f 8313 8314 8315
f 8314 8316 8315
f 8315 8316 8317
f 8316 8318 8317
f 8317 8318 8319
f 8318 8320 8319
f 8319 8320 8321
f 8320 8322 8321
f 8321 8322 8323
f 8322 8324 8323
f 8323 8324 8325
f 8324 8326 8325
f 8325 8326 8327
f 8326 8328 8327
f 8327 8328 8329
f 8329 8328 8330
f 8328 8331 8330
f 8330 8331 8332
f 8331 8333 8332
f 8332 8333 8334
f 8333 8335 8334
f 8334 8335 8336
f 8335 8337 8336
f 8336 8337 8338
f 8337 8339 8338
f 8338 8339 8340
f 8339 8341 8340
f 8340 8341 8342
f 8341 8343 8342
f 8342 8343 8344
f 8343 8345 8344
f 8344 8345 8346
f 8345 8347 8346
f 8346 8347 8348
f 8347 8349 8348
f 8348 8349 8350
f 8349 8351 8350
f 8350 8351 8304
f 8351 8352 8304
f 8304 8352 4509
f 7246 8306 7243
f 7243 8306 8353
f 8306 8308 8353
f 8353 8308 8354
f 8308 8311 8354
f 8354 8311 8355
f 8311 8313 8355
f 8355 8313 8356
f 8313 8315 8356
f 8356 8315 8357
f 8315 8317 8357
f 8357 8317 8358
f 8317 8319 8358
f 8358 8319 8359
f 8319 8321 8359
f 8359 8321 8360
f 8321 8323 8360
f 8360 8323 8361
f 8323 8325 8361
f 8361 8325 8362
f 8325 8327 8362
f 8362 8327 8363
f 8327 8329 8363
f 8363 8329 8364
f 8329 8330 8364
f 8364 8330 8365
f 8330 8332 8365
f 8365 8332 8366
f 8332 8334 8366
f 8366 8334 8367
f 8334 8336 8367
f 8367 8336 8368
f 8336 8338 8368
f 8368 8338 8369
f 8338 8340 8369
f 8369 8340 8370
f 8340 8342 8370
f 8370 8342 8371
f 8342 8344 8371
f 8371 8344 8372
f 8344 8346 8372
f 8372 8346 8373
f 8346 8348 8373
f 8373 8348 8374
f 8348 8350 8374
f 8374 8350 8375
f 8350 8304 8375
f 8375 8304 8376
f 8304 4558 8376
f 4555 8376 4556
f 4556 8376 4557
f 8376 4558 4557
f 7242 8377 7245
f 7245 8377 8378
f 8377 8379 8378
f 8378 8379 8380
f 8379 8381 8380
f 8380 8381 8382
f 8381 8383 8382
f 8382 8383 8384
f 8383 8385 8384
f 8384 8385 8386
f 8385 8387 8386
f 8386 8387 8388
f 8387 8389 8388
f 8388 8389 8390
f 8389 8391 8390
f 8390 8391 8392
f 8391 8393 8392
f 8392 8393 8394
f 8393 8395 8394
f 8394 8395 8396
f 8395 8397 8396
f 8396 8397 8398
f 8397 8399 8398
f 8398 8399 8400
f 8399 8401 8400
f 8400 8401 8402
f 8401 8403 8402
f 8402 8403 8404
f 8403 8405 8404
f 8404 8405 8406
f 8405 8407 8406
f 8406 8407 8408
f 8407 8409 8408
f 8408 8409 8410
f 8409 8411 8410
f 8410 8411 8412
f 8411 8413 8412
f 8412 8413 8414
f 8413 8415 8414
f 8414 8415 8416
f 8415 8417 8416
f 8416 8417 8418
f 8417 8419 8418
f 8418 8419 8420
f 8419 8421 8420
f 8420 8421 8422
f 8421 8423 8422
f 8422 8423 8424
f 7245 8378 7250
f 7250 8378 8425
f 8378 8380 8425
f 8425 8380 8426
f 8380 8382 8426
f 8426 8382 8427
f 8382 8384 8427
f 8427 8384 8428
f 8384 8386 8428
f 8428 8386 8429
f 8386 8388 8429
f 8429 8388 8430
f 8388 8390 8430
f 8430 8390 8431
f 8390 8392 8431
f 8431 8392 8432
f 8392 8394 8432
f 8432 8394 8433
f 8394 8396 8433
f 8433 8396 8434
f 8396 8398 8434
f 8434 8398 8435
f 8398 8400 8435
f 8435 8400 8436
f 8400 8402 8436
f 8436 8402 8437
f 8402 8404 8437
f 8437 8404 8438
f 8404 8406 8438
f 8438 8406 8439
f 8406 8408 8439
f 8439 8408 8440
f 8408 8410 8440
f 8440 8410 8441
f 8410 8412 8441
f 8441 8412 8442
f 8412 8414 8442
f 8442 8414 8443
f 8414 8416 8443
f 8443 8416 8444
f 8416 8418 8444
f 8444 8418 8445
f 8418 8420 8445
f 8445 8420 8446
f 8420 8422 8446
f 8446 8422 8447
f 8422 8424 8447
f 8447 8424 8448
f 7250 8425 7249
f 7249 8425 8449
f 8425 8426 8449
f 8449 8426 8450
f 8426 8427 8450
f 8450 8427 8451
f 8427 8428 8451
f 8451 8428 8452
f 8428 8429 8452
f 8452 8429 8453
f 8429 8430 8453
f 8453 8430 8454
f 8430 8431 8454
f 8454 8431 8455
f 8431 8432 8455
f 8455 8432 8456
f 8432 8433 8456
f 8456 8433 8457
f 8433 8434 8457
f 8457 8434 8458
f 8434 8435 8458
f 8458 8435 8459
f 8435 8436 8459
f 8459 8436 8460
f 8436 8437 8460
f 8460 8437 8461
f 8437 8438 8461
f 8461 8438 8462
f 8438 8439 8462
f 8462 8439 8463
f 8439 8440 8463
f 8463 8440 8464
f 8440 8441 8464
f 8464 8441 8465
f 8441 8442 8465
f 8465 8442 8466
f 8442 8443 8466
f 8466 8443 8467
f 8443 8444 8467
f 8467 8444 8468
f 8444 8445 8468
f 8468 8445 8469
f 8445 8446 8469
f 8469 8446 8470
f 8446 8447 8470
f 8470 8447 8471
f 8447 8448 8471
f 8471 8448 8472
f 7249 8449 7263
f 7263 8449 8473
f 8449 8450 8473
f 8473 8450 8474
f 8450 8451 8474
f 8474 8451 8475
f 8451 8452 8475
f 8475 8452 8476
f 8452 8453 8476
f 8476 8453 8477
f 8453 8454 8477
f 8477 8454 8478
f 8454 8455 8478
f 8478 8455 8479
f 8455 8456 8479
f 8479 8456 8480
f 8456 8457 8480
f 8480 8457 8481
f 8457 8458 8481
f 8481 8458 8482
f 8458 8459 8482
f 8482 8459 8483
f 8459 8460 8483
f 8483 8460 8484
f 8460 8461 8484
f 8484 8461 8485
f 8461 8462 8485
f 8485 8462 8486
f 8462 8463 8486
f 8486 8463 8487
f 8463 8464 8487
f 8487 8464 8488
f 8464 8465 8488
f 8488 8465 8489
f 8465 8466 8489
f 8489 8466 8490
f 8466 8467 8490
f 8490 8467 8491
f 8467 8468 8491
f 8491 8468 8492
f 8468 8469 8492
f 8492 8469 8493
f 8469 8470 8493
f 8493 8470 8494
f 8470 8471 8494
f 8494 8471 8495
f 8471 8472 8495
f 8495 8472 8496
f 7263 8473 7262
f 7262 8473 8497
f 8473 8474 8497
f 8497 8474 8498
f 8474 8475 8498
f 8498 8475 8499
f 8475 8476 8499
f 8499 8476 8500
f 8476 8477 8500
f 8500 8477 8501
f 8477 8478 8501
f 8501 8478 8502
f 8478 8479 8502
f 8502 8479 8503
f 8479 8480 8503
f 8503 8480 8504
f 8480 8481 8504
f 8504 8481 8505
f 8481 8482 8505
f 8505 8482 8506
f 8482 8483 8506
f 8506 8483 8507
f 8483 8484 8507
f 8507 8484 8508
f 8484 8485 8508
f 8508 8485 8509
f 8485 8486 8509
f 8509 8486 8510
f 8486 8487 8510
f 8510 8487 8511
f 8487 8488 8511
f 8511 8488 8512
f 8488 8489 8512
f 8512 8489 8513
f 8489 8490 8513
f 8513 8490 8514
f 8490 8491 8514
f 8514 8491 8515
f 8491 8492 8515
f 8515 8492 8516
f 8492 8493 8516
f 8516 8493 8517
f 8493 8494 8517
f 8517 8494 8518
f 8494 8495 8518
f 8518 8495 8519
f 8495 8496 8519
f 8519 8496 8520
f 7262 8497 7260
f 7260 8497 8521
f 8497 8498 8521
f 8521 8498 8522
f 8498 8499 8522
f 8522 8499 8523
f 8499 8500 8523
f 8523 8500 8524
f 8500 8501 8524
f 8524 8501 8525
f 8501 8502 8525
f 8525 8502 8526
f 8502 8503 8526
f 8526 8503 8527
f 8503 8504 8527
f 8527 8504 8528
f 8504 8505 8528
f 8528 8505 8529
f 8505 8506 8529
f 8529 8506 8530
f 8506 8507 8530
f 8530 8507 8531
f 8507 8508 8531
f 8531 8508 8532
f 8508 8509 8532
f 8532 8509 8533
f 8509 8510 8533
f 8533 8510 8534
f 8510 8511 8534
f 8534 8511 8535
f 8511 8512 8535
f 8535 8512 8536
f 8512 8513 8536
f 8536 8513 8537
f 8513 8514 8537
f 8537 8514 8538
f 8514 8515 8538
f 8538 8515 8539
f 8515 8516 8539
f 8539 8516 8540
f 8516 8517 8540
f 8540 8517 8541
f 8517 8518 8541
f 8541 8518 8542
f 8518 8519 8542
f 8542 8519 8543
f 8519 8520 8543
f 8543 8520 8544
f 7260 8521 7259
f 7259 8521 8545
f 8521 8522 8545
f 8545 8522 8546
f 8522 8523 8546
f 8546 8523 8547
f 8523 8524 8547
f 8547 8524 8548
f 8524 8525 8548
f 8548 8525 8549
f 8525 8526 8549
f 8549 8526 8550
f 8526 8527 8550
f 8550 8527 8551
f 8527 8528 8551
f 8551 8528 8552
f 8528 8529 8552
f 8552 8529 8553
f 8529 8530 8553
f 8553 8530 8554
f 8530 8531 8554
f 8554 8531 8555
f 8531 8532 8555
f 8555 8532 8556
f 8532 8533 8556
f 8556 8533 8557
f 8533 8534 8557
f 8557 8534 8558
f 8534 8535 8558
f 8558 8535 8559
f 8535 8536 8559
f 8559 8536 8560
f 8536 8537 8560
f 8560 8537 8561
f 8537 8538 8561
f 8561 8538 8562
f 8538 8539 8562
f 8562 8539 8563
f 8539 8540 8563
f 8563 8540 8564
f 8540 8541 8564
f 8564 8541 8565
f 8541 8542 8565
f 8565 8542 8566
f 8542 8543 8566
f 8566 8543 8567
f 8543 8544 8567
f 8567 8544 8568
f 7259 8545 7258
f 7258 8545 8569
f 8545 8546 8569
f 8569 8546 8570
f 8546 8547 8570
f 8570 8547 8571
f 8547 8548 8571
f 8571 8548 8572
f 8548 8549 8572
f 8572 8549 8573
f 8549 8550 8573
f 8573 8550 8574
f 8550 8551 8574
f 8574 8551 8575
f 8551 8552 8575
f 8575 8552 8576
f 8552 8553 8576
f 8576 8553 8577
f 8553 8554 8577
f 8577 8554 8578
f 8554 8555 8578
f 8578 8555 8579
f 8555 8556 8579
f 8579 8556 8580
f 8556 8557 8580
f 8580 8557 8581
f 8557 8558 8581
f 8581 8558 8582
f 8558 8559 8582
f 8582 8559 8583
f 8559 8560 8583
f 8583 8560 8584
f 8560 8561 8584
f 8584 8561 8585
f 8561 8562 8585
f 8585 8562 8586
f 8562 8563 8586
f 8586 8563 8587
f 8563 8564 8587
f 8587 8564 8588
f 8564 8565 8588
f 8588 8565 8589
f 8565 8566 8589
f 8589 8566 8590
f 8566 8567 8590
f 8590 8567 8591
f 8567 8568 8591
f 8591 8568 8592
f 7258 8569 7257
f 7257 8569 8593
f 8569 8570 8593
f 8593 8570 8594
f 8570 8571 8594
f 8594 8571 8595
f 8571 8572 8595
f 8595 8572 8596
f 8572 8573 8596
f 8596 8573 8597
f 8573 8574 8597
f 8597 8574 8598
f 8574 8575 8598
f 8598 8575 8599
f 8575 8576 8599
f 8599 8576 8600
f 8576 8577 8600
f 8600 8577 8601
f 8577 8578 8601
f 8601 8578 8602
f 8578 8579 8602
f 8602 8579 8603
f 8579 8580 8603
f 8603 8580 8604
f 8580 8581 8604
f 8604 8581 8605
f 8581 8582 8605
f 8605 8582 8606
f 8582 8583 8606
f 8606 8583 8607
f 8583 8584 8607
f 8607 8584 8608
f 8584 8585 8608
f 8608 8585 8609
f 8585 8586 8609
f 8609 8586 8610
f 8586 8587 8610
f 8610 8587 8611
f 8587 8588 8611
f 8611 8588 8612
f 8588 8589 8612
f 8612 8589 8613
f 8589 8590 8613
f 8613 8590 8614
f 8590 8591 8614
f 8614 8591 8615
f 8591 8592 8615
f 8615 8592 8616
f 7243 8353 7242
f 7242 8353 8377
f 8353 8354 8377
f 8377 8354 8379
f 8354 8355 8379
f 8379 8355 8381
f 8355 8356 8381
f 8381 8356 8383
f 8356 8357 8383
f 8383 8357 8385
f 8357 8358 8385
f 8385 8358 8387
f 8358 8359 8387
f 8387 8359 8389
f 8359 8360 8389
f 8389 8360 8391
f 8360 8361 8391
f 8391 8361 8393
f 8361 8362 8393
f 8393 8362 8395
f 8362 8363 8395
f 8395 8363 8397
f 8363 8364 8397
f 8397 8364 8399
f 8364 8365 8399
f 8399 8365 8401
f 8365 8366 8401
f 8401 8366 8403
f 8366 8367 8403
f 8403 8367 8405
f 8367 8368 8405
f 8405 8368 8407
f 8368 8369 8407
f 8407 8369 8409
f 8369 8370 8409
f 8409 8370 8411
f 8370 8371 8411
f 8411 8371 8413
f 8371 8372 8413
f 8413 8372 8415
f 8372 8373 8415
f 8415 8373 8417
f 8373 8374 8417
f 8417 8374 8419
f 8374 8375 8419
f 8419 8375 8421
f 8375 8376 8421
f 8421 8376 8423
f 8376 4555 8423
f 8423 4555 8424
f 4555 4554 8424
f 8424 4554 8448
f 4554 4553 8448
f 8448 4553 8472
f 4553 4552 8472
f 8472 4552 8496
f 4552 4551 8496
f 8496 4551 8520
f 4551 4550 8520
f 8520 4550 8544
f 4550 4549 8544
f 8544 4549 8568
f 4549 4548 8568
f 8568 4548 8592
f 4548 4547 8592
f 8592 4547 8616
f 4547 4546 8616
f 8616 4546 4545
f 4528 8303 4545
f 4545 8303 8616
f 8303 8617 8616
f 8616 8617 8615
f 8617 8618 8615
f 8615 8618 8614
f 8618 8619 8614
f 8614 8619 8613
f 8619 8620 8613
f 8613 8620 8612
f 8620 8621 8612
f 8612 8621 8611
f 8621 8622 8611
f 8611 8622 8610
f 8622 8623 8610
f 8610 8623 8609
f 8623 8624 8609
f 8609 8624 8608
f 8624 8625 8608
f 8608 8625 8607
f 8625 8626 8607
f 8607 8626 8606
f 8626 8627 8606
f 8606 8627 8605
f 8627 8628 8605
f 8605 8628 8604
f 8628 8629 8604
f 8604 8629 8603
f 8629 8630 8603
f 8603 8630 8602
f 8630 8631 8602
f 8602 8631 8601
f 8631 8632 8601
f 8601 8632 8600
f 8632 8633 8600
f 8600 8633 8599
f 8633 8634 8599
f 8599 8634 8598
f 8634 8635 8598
f 8598 8635 8597
f 8635 8636 8597
f 8597 8636 8596
f 8636 8637 8596
f 8596 8637 8595
f 8637 8638 8595
f 8595 8638 8594
f 8638 8639 8594
f 8594 8639 8593
f 8639 7255 8593
f 8593 7255 7257
f 4542 8302 4529
f 4529 8302 8303
f 8302 8640 8303
f 8303 8640 8617
f 8640 8641 8617
f 8617 8641 8618
f 8641 8642 8618
f 8618 8642 8619
f 8642 8643 8619
f 8619 8643 8620
f 8643 8644 8620
f 8620 8644 8621
f 8644 8645 8621
f 8621 8645 8622
f 8645 8646 8622
f 8622 8646 8623
f 8646 8647 8623
f 8623 8647 8624
f 8647 8648 8624
f 8624 8648 8625
f 8648 8649 8625
f 8625 8649 8626
f 8649 8650 8626
f 8626 8650 8627
f 8650 8651 8627
f 8627 8651 8628
f 8651 8652 8628
f 8628 8652 8629
f 8652 8653 8629
f 8629 8653 8630
f 8653 8654 8630
f 8630 8654 8631
f 8654 8655 8631
f 8631 8655 8632
f 8655 8656 8632
f 8632 8656 8633
f 8656 8657 8633
f 8633 8657 8634
f 8657 8658 8634
f 8634 8658 8635
f 8658 8659 8635
f 8635 8659 8636
f 8659 8660 8636
f 8636 8660 8637
f 8660 8661 8637
f 8637 8661 8638
f 8661 8662 8638
f 8638 8662 8639
f 8662 7254 8639
f 8639 7254 7255
f 4544 8663 4543
f 4543 8663 8302
f 8663 8664 8302
f 8302 8664 8640
f 8664 8665 8640
f 8640 8665 8641
f 8665 8666 8641
f 8641 8666 8642
f 8666 8667 8642
f 8642 8667 8643
f 8667 8668 8643
f 8643 8668 8644
f 8668 8669 8644
f 8644 8669 8645
f 8669 8670 8645
f 8645 8670 8646
f 8670 8671 8646
f 8646 8671 8647
f 8671 8672 8647
f 8647 8672 8648
f 8672 8673 8648
f 8648 8673 8649
f 8673 8674 8649
f 8649 8674 8650
f 8674 8675 8650
f 8650 8675 8651
f 8675 8676 8651
f 8651 8676 8652
f 8676 8677 8652
f 8652 8677 8653
f 8677 8678 8653
f 8653 8678 8654
f 8678 8679 8654
f 8654 8679 8655
f 8679 8680 8655
f 8655 8680 8656
f 8680 8681 8656
f 8656 8681 8657
f 8681 8682 8657
f 8657 8682 8658
f 8682 8683 8658
f 8658 8683 8659
f 8683 8684 8659
f 8659 8684 8660
f 8684 8685 8660
f 8660 8685 8661
f 8685 8686 8661
f 8661 8686 8662
f 8686 7253 8662
f 8662 7253 7254
f 4541 8687 4544
f 4544 8687 8663
f 8687 8688 8663
f 8663 8688 8664
f 8688 8689 8664
f 8664 8689 8665
f 8689 8690 8665
f 8665 8690 8666
f 8690 8691 8666
f 8666 8691 8667
f 8691 8692 8667
f 8667 8692 8668
f 8692 8693 8668
f 8668 8693 8669
f 8693 8694 8669
f 8669 8694 8670
f 8694 8695 8670
f 8670 8695 8671
f 8695 8696 8671
f 8671 8696 8672
f 8696 8697 8672
f 8672 8697 8673
f 8697 8698 8673
f 8673 8698 8674
f 8698 8699 8674
f 8674 8699 8675
f 8699 8700 8675
f 8675 8700 8676
f 8700 8701 8676
f 8676 8701 8677
f 8701 8702 8677
f 8677 8702 8678
f 8702 8703 8678
f 8678 8703 8679
f 8703 8704 8679
f 8679 8704 8680
f 8704 8705 8680
f 8680 8705 8681
f 8705 8706 8681
f 8681 8706 8682
f 8706 8707 8682
f 8682 8707 8683
f 8707 8708 8683
f 8683 8708 8684
f 8708 8709 8684
f 8684 8709 8685
f 8709 8710 8685
f 8685 8710 8686
f 8710 7252 8686
f 8686 7252 7253
f 4540 8711 4541
f 4541 8711 8687
f 8711 8712 8687
f 8687 8712 8688
f 8712 8713 8688
f 8688 8713 8689
f 8713 8714 8689
f 8689 8714 8690
f 8714 8715 8690
f 8690 8715 8691
f 8715 8716 8691
f 8691 8716 8692
f 8716 8717 8692
f 8692 8717 8693
f 8717 8718 8693
f 8693 8718 8694
f 8718 8719 8694
f 8694 8719 8695
f 8719 8720 8695
f 8695 8720 8696
f 8720 8721 8696
f 8696 8721 8697
f 8721 8722 8697
f 8697 8722 8698
f 8722 8723 8698
f 8698 8723 8699
f 8723 8724 8699
f 8699 8724 8700
f 8724 8725 8700
f 8700 8725 8701
f 8725 8726 8701
f 8701 8726 8702
f 8726 8727 8702
f 8702 8727 8703
f 8727 8728 8703
f 8703 8728 8704
f 8728 8729 8704
f 8704 8729 8705
f 8729 8730 8705
f 8705 8730 8706
f 8730 8731 8706
f 8706 8731 8707
f 8731 8732 8707
f 8707 8732 8708
f 8732 8733 8708
f 8708 8733 8709
f 8733 8734 8709
f 8709 8734 8710
f 8734 7274 8710
f 8710 7274 7252
f 4539 8735 4540
f 4540 8735 8711
f 8735 8736 8711
f 8711 8736 8712
f 8736 8737 8712
f 8712 8737 8713
f 8737 8738 8713
f 8713 8738 8714
f 8738 8739 8714
f 8714 8739 8715
f 8739 8740 8715
f 8715 8740 8716
f 8740 8741 8716
f 8716 8741 8717
f 8741 8742 8717
f 8717 8742 8718
f 8742 8743 8718
f 8718 8743 8719
f 8743 8744 8719
f 8719 8744 8720
f 8744 8745 8720
f 8720 8745 8721
f 8745 8746 8721
f 8721 8746 8722
f 8746 8747 8722
f 8722 8747 8723
f 8747 8748 8723
f 8723 8748 8724
f 8748 8749 8724
f 8724 8749 8725
f 8749 8750 8725
f 8725 8750 8726
f 8750 8751 8726
f 8726 8751 8727
f 8751 8752 8727
f 8727 8752 8728
f 8752 8753 8728
f 8728 8753 8729
f 8753 8754 8729
f 8729 8754 8730
f 8754 8755 8730
f 8730 8755 8731
f 8755 8756 8731
f 8731 8756 8732
f 8756 8757 8732
f 8732 8757 8733
f 8757 8758 8733
f 8733 8758 8734
f 8758 7273 8734
f 8734 7273 7274
f 4538 8759 4539
f 4539 8759 8735
f 8759 8760 8735
f 8735 8760 8736
f 8760 8761 8736
f 8736 8761 8737
f 8761 8762 8737
f 8737 8762 8738
f 8762 8763 8738
f 8738 8763 8739
f 8763 8764 8739
f 8739 8764 8740
f 8764 8765 8740
f 8740 8765 8741
f 8765 8766 8741
f 8741 8766 8742
f 8766 8767 8742
f 8742 8767 8743
f 8767 8768 8743
f 8743 8768 8744
f 8768 8769 8744
f 8744 8769 8745
f 8769 8770 8745
f 8745 8770 8746
f 8770 8771 8746
f 8746 8771 8747
f 8771 8772 8747
f 8747 8772 8748
f 8772 8773 8748
f 8748 8773 8749
f 8773 8774 8749
f 8749 8774 8750
f 8774 8775 8750
f 8750 8775 8751
f 8775 8776 8751
f 8751 8776 8752
f 8776 8777 8752
f 8752 8777 8753
f 8777 8778 8753
f 8753 8778 8754
f 8778 8779 8754
f 8754 8779 8755
f 8779 8780 8755
f 8755 8780 8756
f 8780 8781 8756
f 8756 8781 8757
f 8781 8782 8757
f 8757 8782 8758
f 8782 7272 8758
f 8758 7272 7273
f 4537 8783 4538
f 4538 8783 8759
f 8783 8784 8759
f 8759 8784 8760
f 8784 8785 8760
f 8760 8785 8761
f 8785 8786 8761
f 8761 8786 8762
f 8786 8787 8762
f 8762 8787 8763
f 8787 8788 8763
f 8763 8788 8764
f 8788 8789 8764
f 8764 8789 8765
f 8789 8790 8765
f 8765 8790 8766
f 8790 8791 8766
f 8766 8791 8767
f 8791 8792 8767
f 8767 8792 8768
f 8792 8793 8768
f 8768 8793 8769
f 8793 8794 8769
f 8769 8794 8770
f 8794 8795 8770
f 8770 8795 8771
f 8795 8796 8771
f 8771 8796 8772
f 8796 8797 8772
f 8772 8797 8773
f 8797 8798 8773
f 8773 8798 8774
f 8798 8799 8774
f 8774 8799 8775
f 8799 8800 8775
f 8775 8800 8776
f 8800 8801 8776
f 8776 8801 8777
f 8801 8802 8777
f 8777 8802 8778
f 8802 8803 8778
f 8778 8803 8779
f 8803 8804 8779
f 8779 8804 8780
f 8804 8805 8780
f 8780 8805 8781
f 8805 8806 8781
f 8781 8806 8782
f 8806 7268 8782
f 8782 7268 7272
f 4536 8807 4537
f 4537 8807 8783
f 8807 8808 8783
f 8783 8808 8784
f 8808 8809 8784
f 8784 8809 8785
f 8809 8810 8785
f 8785 8810 8786
f 8810 8811 8786
f 8786 8811 8787
f 8811 8812 8787
f 8787 8812 8788
f 8812 8813 8788
f 8788 8813 8789
f 8813 8814 8789
f 8789 8814 8790
f 8814 8815 8790
f 8790 8815 8791
f 8815 8816 8791
f 8791 8816 8792
f 8816 8817 8792
f 8792 8817 8793
f 8817 8818 8793
f 8793 8818 8794
f 8818 8819 8794
f 8794 8819 8795
f 8819 8820 8795
f 8795 8820 8796
f 8820 8821 8796
f 8796 8821 8797
f 8821 8822 8797
f 8797 8822 8798
f 8822 8823 8798
f 8798 8823 8799
f 8823 8824 8799
f 8799 8824 8800
f 8824 8825 8800
f 8800 8825 8801
f 8825 8826 8801
f 8801 8826 8802
f 8826 8827 8802
f 8802 8827 8803
f 8827 8828 8803
f 8803 8828 8804
f 8828 8829 8804
f 8804 8829 8805
f 8829 8830 8805
f 8805 8830 8806
f 8830 7270 8806
f 8806 7270 7268
f 4533 8831 4536
f 4536 8831 8807
f 8831 8832 8807
f 8807 8832 8808
f 8832 8833 8808
f 8808 8833 8809
f 8833 8834 8809
f 8809 8834 8810
f 8834 8835 8810
f 8810 8835 8811
f 8835 8836 8811
f 8811 8836 8812
f 8836 8837 8812
f 8812 8837 8813
f 8837 8838 8813
f 8813 8838 8814
f 8838 8839 8814
f 8814 8839 8815
f 8839 8840 8815
f 8815 8840 8816
f 8840 8841 8816
f 8816 8841 8817
f 8841 8842 8817
f 8817 8842 8818
f 8842 8843 8818
f 8818 8843 8819
f 8843 8844 8819
f 8819 8844 8820
f 8844 8845 8820
f 8820 8845 8821
f 8845 8846 8821
f 8821 8846 8822
f 8846 8847 8822
f 8822 8847 8823
f 8847 8848 8823
f 8823 8848 8824
f 8848 8849 8824
f 8824 8849 8825
f 8849 8850 8825
f 8825 8850 8826
f 8850 8851 8826
f 8826 8851 8827
f 8851 8852 8827
f 8827 8852 8828
f 8852 8853 8828
f 8828 8853 8829
f 8853 8854 8829
f 8829 8854 8830
f 8854 7271 8830
f 8830 7271 7270
f 7271 8854 7267
f 7267 8854 8855
f 8854 8853 8855
f 8855 8853 8856
f 8853 8852 8856
f 8856 8852 8857
f 8852 8851 8857
f 8857 8851 8858
f 8851 8850 8858
f 8858 8850 8859
f 8850 8849 8859
f 8859 8849 8860
f 8849 8848 8860
f 8860 8848 8861
f 8848 8847 8861
f 8861 8847 8862
f 8847 8846 8862
f 8862 8846 8863
f 8846 8845 8863
f 8863 8845 8864
f 8845 8844 8864
f 8864 8844 8865
f 8844 8843 8865
f 8865 8843 8866
f 8843 8842 8866
f 8866 8842 8867
f 8842 8841 8867
f 8867 8841 8868
f 8841 8840 8868
f 8868 8840 8869
f 8840 8839 8869
f 8869 8839 8870
f 8839 8838 8870
f 8870 8838 8871
f 8838 8837 8871
f 8871 8837 8872
f 8837 8836 8872
f 8872 8836 8873
f 8836 8835 8873
f 8873 8835 8874
f 8835 8834 8874
f 8874 8834 8875
f 8834 8833 8875
f 8875 8833 8876
f 8833 8832 8876
f 8876 8832 8877
f 8832 8831 8877
f 8877 8831 8878
f 8831 4533 8878
f 4530 8878 4535
f 4535 8878 4534
f 8878 4533 4534
f 7265 8879 7264
f 7264 8879 8880
f 8879 8881 8880
f 8880 8881 8882
f 8881 8883 8882
f 8882 8883 8884
f 8883 8885 8884
f 8884 8885 8886
f 8885 8887 8886
f 8886 8887 8888
f 8887 8889 8888
f 8888 8889 8890
f 8889 8891 8890
f 8890 8891 8892
f 8891 8893 8892
f 8892 8893 8894
f 8893 8895 8894
f 8894 8895 8896
f 8895 8897 8896
f 8896 8897 8898
f 8897 8899 8898
f 8898 8899 8900
f 8899 8901 8900
f 8900 8901 8902
f 8901 8903 8902
f 8902 8903 8904
f 8903 8905 8904
f 8904 8905 8906
f 8905 8907 8906
f 8906 8907 8908
f 8907 8909 8908
f 8908 8909 8910
f 8909 8911 8910
f 8910 8911 8912
f 8911 8913 8912
f 8912 8913 8914
f 8913 8915 8914
f 8914 8915 8916
f 8915 8917 8916
f 8916 8917 8918
f 8917 8919 8918
f 8918 8919 8920
f 8919 8921 8920
f 8920 8921 8922
f 8921 8923 8922
f 8922 8923 8924
f 8923 8925 8924
f 8924 8925 8926
f 7267 8855 7265
f 7265 8855 8879
f 8855 8856 8879
f 8879 8856 8881
f 8856 8857 8881
f 8881 8857 8883
f 8857 8858 8883
f 8883 8858 8885
f 8858 8859 8885
f 8885 8859 8887
f 8859 8860 8887
f 8887 8860 8889
f 8860 8861 8889
f 8889 8861 8891
f 8861 8862 8891
f 8891 8862 8893
f 8862 8863 8893
f 8893 8863 8895
f 8863 8864 8895
f 8895 8864 8897
f 8864 8865 8897
f 8897 8865 8899
f 8865 8866 8899
f 8899 8866 8901
f 8866 8867 8901
f 8901 8867 8903
f 8867 8868 8903
f 8903 8868 8905
f 8868 8869 8905
f 8905 8869 8907
f 8869 8870 8907
f 8907 8870 8909
f 8870 8871 8909
f 8909 8871 8911
f 8871 8872 8911
f 8911 8872 8913
f 8872 8873 8913
f 8913 8873 8915
f 8873 8874 8915
f 8915 8874 8917
f 8874 8875 8917
f 8917 8875 8919
f 8875 8876 8919
f 8919 8876 8921
f 8876 8877 8921
f 8921 8877 8923
f 8877 8878 8923
f 8923 8878 8925
f 8878 4530 8925
f 8925 4530 8926
f 4530 4531 8926
f 8926 4531 4532
f 3764 8063 4532
f 4532 8063 8926
f 8063 8065 8926
f 8926 8065 8924
f 8065 8067 8924
f 8924 8067 8922
f 8067 8069 8922
f 8922 8069 8920
f 8069 8071 8920
f 8920 8071 8918
f 8071 8073 8918
f 8918 8073 8916
f 8073 8075 8916
f 8916 8075 8914
f 8075 8077 8914
f 8914 8077 8912
f 8077 8079 8912
f 8912 8079 8910
f 8079 8081 8910
f 8910 8081 8908
f 8081 8083 8908
f 8908 8083 8906
f 8083 8085 8906
f 8906 8085 8904
f 8085 8087 8904
f 8904 8087 8902
f 8087 8089 8902
f 8902 8089 8900
f 8089 8091 8900
f 8900 8091 8898
f 8091 8093 8898
f 8898 8093 8896
f 8093 8095 8896
f 8896 8095 8894
f 8095 8097 8894
f 8894 8097 8892
f 8097 8099 8892
f 8892 8099 8890
f 8099 8101 8890
f 8890 8101 8888
f 8101 8103 8888
f 8888 8103 8886
f 8103 8105 8886
f 8886 8105 8884
f 8105 8107 8884
f 8884 8107 8882
f 8107 8108 8882
f 8882 8108 8880
f 8108 7408 8880
f 8880 7408 7264
f 8927 8033 8928
f 8929 8927 8930
f 1931 4222 1929
f 1929 4222 1927
f 4222 1925 1927
f 8927 8929 8033
f 8033 8929 1959
f 8929 4222 1959
f 1959 4222 1957
f 1957 4222 1955
f 4222 1953 1955
f 1947 4222 1945
f 1945 4222 1943
f 1937 4222 1935
f 1935 4222 1933
f 4222 1931 1933
f 1953 4222 1951
f 1951 4222 1949
f 4222 1947 1949
f 1943 4222 1941
f 1941 4222 1939
f 4222 1937 1939
f 4922 8931 4923
f 8932 8934 8933
f 8935 8937 8936
f 8936 8937 8933
f 8938 8940 8939
f 8939 8940 8935
f 8941 8938 8942
f 8943 8942 8944
f 8944 8942 8945
f 8942 8938 8945
f 8946 8948 8947
f 8947 8948 8943
f 8949 8946 8950
f 8951 8953 8952
f 8952 8953 8950
f 8954 8956 8955
f 8955 8956 8951
f 8957 8959 8958
f 8958 8959 8954
f 8960 8962 8961
f 8961 8962 8963
f 8962 8964 8963
f 8963 8964 8957
f 8964 8965 8957
f 8966 8968 8967
f 8967 8968 8969
f 8968 8970 8969
f 8969 8970 8971
f 8972 8974 8973
f 8973 8974 8975
f 8974 8969 8975
f 8975 8969 8976
f 8969 8971 8976
f 8178 7006 7005
f 8297 8977 8178
f 8296 8978 8297
f 8295 8979 8296
f 8294 8980 8295
f 8293 8981 8294
f 8292 8982 8293
f 8291 8983 8292
f 8290 8984 8291
f 8289 8985 8290
f 8288 8986 8289
f 8287 8987 8288
f 8286 8988 8287
f 8285 8989 8286
f 8284 8990 8285
f 4923 8931 4234
f 4234 8931 8275
f 8931 8991 8275
f 8275 8991 8276
f 8991 8992 8276
f 8276 8992 8277
f 8992 8993 8277
f 8277 8993 8278
f 8993 8992 8994
f 8994 8992 8995
f 8992 8991 8995
f 8995 8991 8996
f 8991 8931 8996
f 8996 8931 8997
f 8931 4922 8997
f 4919 8997 4920
f 4920 8997 4921
f 8997 4922 4921
f 8998 9000 8999
f 8999 9000 9001
f 9000 9002 9001
f 9001 9002 9003
f 9002 9004 9003
f 9003 9004 9005
f 8999 9001 9006
f 9006 9001 9007
f 9001 9003 9007
f 9007 9003 9008
f 9003 9005 9008
f 9008 9005 9009
f 8994 8995 8998
f 8998 8995 9000
f 8995 8996 9000
f 9000 8996 9002
f 8996 8997 9002
f 9002 8997 9004
f 8997 4919 9004
f 9004 4919 9005
f 4919 4918 9005
f 9005 4918 9009
f 4918 4917 9009
f 9009 4917 4916
f 9006 9007 9010
f 9010 9007 9011
f 9007 9008 9011
f 9011 9008 9012
f 9008 9009 9012
f 9012 9009 9013
f 9009 4916 9013
f 4913 9013 4914
f 4914 9013 4915
f 9013 4916 4915
f 9014 9016 9015
f 9015 9016 9017
f 9016 9018 9017
f 9017 9018 9019
f 9018 9020 9019
f 9019 9020 9021
f 9015 9017 9022
f 9022 9017 9023
f 9017 9019 9023
f 9023 9019 9024
f 9019 9021 9024
f 9024 9021 9025
f 9010 9011 9014
f 9014 9011 9016
f 9011 9012 9016
f 9016 9012 9018
f 9012 9013 9018
f 9018 9013 9020
f 9013 4913 9020
f 9020 4913 9021
f 4913 4912 9021
f 9021 4912 9025
f 4912 4911 9025
f 9025 4911 4910
f 9022 9023 9026
f 9026 9023 9027
f 9023 9024 9027
f 9027 9024 9028
f 9024 9025 9028
f 9028 9025 9029
f 9025 4910 9029
f 4907 9029 4908
f 4908 9029 4909
f 9029 4910 4909
f 9030 9032 9031
f 9031 9032 9033
f 9032 9034 9033
f 9033 9034 9035
f 9034 9036 9035
f 9035 9036 9037
f 9031 9033 9038
f 9038 9033 9039
f 9033 9035 9039
f 9039 9035 9040
f 9035 9037 9040
f 9040 9037 9041
f 9038 9039 9042
f 9042 9039 9043
f 9039 9040 9043
f 9043 9040 9044
f 9040 9041 9044
f 9044 9041 9045
f 9026 9027 9030
f 9030 9027 9032
f 9027 9028 9032
f 9032 9028 9034
f 9028 9029 9034
f 9034 9029 9036
f 9029 4907 9036
f 9036 4907 9037
f 4907 4906 9037
f 9037 4906 9041
f 4906 4903 9041
f 9041 4903 9045
f 4902 9045 4905
f 4905 9045 4904
f 9045 4903 4904
f 8938 8941 8940
f 8940 8941 9046
f 8941 9047 9046
f 9046 9047 9048
f 9047 9049 9048
f 9048 9049 9050
f 9049 9051 9050
f 8935 8940 8937
f 8937 8940 9052
f 8940 9046 9052
f 9052 9046 9053
f 9046 9048 9053
f 9053 9048 9054
f 9048 9050 9054
f 8933 8937 8932
f 8932 8937 9055
f 8937 9052 9055
f 9055 9052 9056
f 9052 9053 9056
f 9056 9053 9057
f 9053 9054 9057
f 9042 9043 9051
f 9051 9043 9050
f 9043 9044 9050
f 9050 9044 9054
f 9044 9045 9054
f 9054 9045 9057
f 9045 4902 9057
f 9057 4902 9056
f 4902 4901 9056
f 9056 4901 9055
f 4901 4900 9055
f 9055 4900 8932
f 4900 4899 8932
f 8932 4899 8934
f 4899 4898 8934
f 8957 8965 8959
f 8959 8965 9058
f 8965 9059 9058
f 9058 9059 9060
f 9059 9061 9060
f 9060 9061 9062
f 9061 9063 9062
f 9062 9063 9064
f 9063 9065 9064
f 9064 9065 9066
f 9065 9067 9066
f 9066 9067 9068
f 9067 9069 9068
f 9068 9069 9070
f 9069 9071 9070
f 9070 9071 9072
f 9071 9073 9072
f 9072 9073 9074
f 9073 9075 9074
f 9074 9075 9076
f 9075 9077 9076
f 9076 9077 9078
f 9077 9079 9078
f 9078 9079 9080
f 9079 9081 9080
f 9080 9081 9082
f 9081 9083 9082
f 9082 9083 9084
f 9083 9085 9084
f 9084 9085 9086
f 9085 9087 9086
f 9086 9087 9088
f 9087 9089 9088
f 9088 9089 9090
f 9089 9091 9090
f 9090 9091 9092
f 9091 9093 9092
f 9092 9093 8283
f 9093 8284 8283
f 8954 8959 8956
f 8956 8959 9094
f 8959 9058 9094
f 9094 9058 9095
f 9058 9060 9095
f 9095 9060 9096
f 9060 9062 9096
f 9096 9062 9097
f 9062 9064 9097
f 9097 9064 9098
f 9064 9066 9098
f 9098 9066 9099
f 9066 9068 9099
f 9099 9068 9100
f 9068 9070 9100
f 9100 9070 9101
f 9070 9072 9101
f 9101 9072 9102
f 9072 9074 9102
f 9102 9074 9103
f 9074 9076 9103
f 9103 9076 9104
f 9076 9078 9104
f 9104 9078 9105
f 9078 9080 9105
f 9105 9080 9106
f 9080 9082 9106
f 9106 9082 9107
f 9082 9084 9107
f 9107 9084 9108
f 9084 9086 9108
f 9108 9086 9109
f 9086 9088 9109
f 9109 9088 9110
f 9088 9090 9110
f 9110 9090 9111
f 9090 9092 9111
f 9111 9092 8282
f 9092 8283 8282
f 8951 8956 8953
f 8953 8956 9112
f 8956 9094 9112
f 9112 9094 9113
f 9094 9095 9113
f 9113 9095 9114
f 9095 9096 9114
f 9114 9096 9115
f 9096 9097 9115
f 9115 9097 9116
f 9097 9098 9116
f 9116 9098 9117
f 9098 9099 9117
f 9117 9099 9118
f 9099 9100 9118
f 9118 9100 9119
f 9100 9101 9119
f 9119 9101 9120
f 9101 9102 9120
f 9120 9102 9121
f 9102 9103 9121
f 9121 9103 9122
f 9103 9104 9122
f 9122 9104 9123
f 9104 9105 9123
f 9123 9105 9124
f 9105 9106 9124
f 9124 9106 9125
f 9106 9107 9125
f 9125 9107 9126
f 9107 9108 9126
f 9126 9108 9127
f 9108 9109 9127
f 9127 9109 9128
f 9109 9110 9128
f 9128 9110 9129
f 9110 9111 9129
f 9129 9111 8281
f 9111 8282 8281
f 8950 8953 8949
f 8949 8953 9130
f 8953 9112 9130
f 9130 9112 9131
f 9112 9113 9131
f 9131 9113 9132
f 9113 9114 9132
f 9132 9114 9133
f 9114 9115 9133
f 9133 9115 9134
f 9115 9116 9134
f 9134 9116 9135
f 9116 9117 9135
f 9135 9117 9136
f 9117 9118 9136
f 9136 9118 9137
f 9118 9119 9137
f 9137 9119 9138
f 9119 9120 9138
f 9138 9120 9139
f 9120 9121 9139
f 9139 9121 9140
f 9121 9122 9140
f 9140 9122 9141
f 9122 9123 9141
f 9141 9123 9142
f 9123 9124 9142
f 9142 9124 9143
f 9124 9125 9143
f 9143 9125 9144
f 9125 9126 9144
f 9144 9126 9145
f 9126 9127 9145
f 9145 9127 9146
f 9127 9128 9146
f 9146 9128 9147
f 9128 9129 9147
f 9147 9129 8280
f 9129 8281 8280
f 8946 8949 8948
f 8948 8949 9148
f 8949 9130 9148
f 9148 9130 9149
f 9130 9131 9149
f 9149 9131 9150
f 9131 9132 9150
f 9150 9132 9151
f 9132 9133 9151
f 9151 9133 9152
f 9133 9134 9152
f 9152 9134 9153
f 9134 9135 9153
f 9153 9135 9154
f 9135 9136 9154
f 9154 9136 9155
f 9136 9137 9155
f 9155 9137 9156
f 9137 9138 9156
f 9156 9138 9157
f 9138 9139 9157
f 9157 9139 9158
f 9139 9140 9158
f 9158 9140 9159
f 9140 9141 9159
f 9159 9141 9160
f 9141 9142 9160
f 9160 9142 9161
f 9142 9143 9161
f 9161 9143 9162
f 9143 9144 9162
f 9162 9144 9163
f 9144 9145 9163
f 9163 9145 9164
f 9145 9146 9164
f 9164 9146 9165
f 9146 9147 9165
f 9165 9147 8279
f 9147 8280 8279
f 8943 8948 8942
f 8942 8948 8941
f 8948 9148 8941
f 8941 9148 9047
f 9148 9149 9047
f 9047 9149 9049
f 9149 9150 9049
f 9049 9150 9051
f 9150 9151 9051
f 9051 9151 9042
f 9151 9152 9042
f 9042 9152 9038
f 9152 9153 9038
f 9038 9153 9031
f 9153 9154 9031
f 9031 9154 9030
f 9154 9155 9030
f 9030 9155 9026
f 9155 9156 9026
f 9026 9156 9022
f 9156 9157 9022
f 9022 9157 9015
f 9157 9158 9015
f 9015 9158 9014
f 9158 9159 9014
f 9014 9159 9010
f 9159 9160 9010
f 9010 9160 9006
f 9160 9161 9006
f 9006 9161 8999
f 9161 9162 8999
f 8999 9162 8998
f 9162 9163 8998
f 8998 9163 8994
f 9163 9164 8994
f 8994 9164 8993
f 9164 9165 8993
f 8993 9165 8278
f 9165 8279 8278
f 8178 8977 7006
f 7006 8977 7011
f 8977 9166 7011
f 7011 9166 7010
f 9166 9167 7010
f 7010 9167 7008
f 9167 9168 7008
f 7008 9168 7007
f 9168 9169 7007
f 7007 9169 7016
f 9169 9170 7016
f 7016 9170 7014
f 9170 9171 7014
f 7014 9171 7013
f 9171 9172 7013
f 7013 9172 7022
f 9172 9173 7022
f 7022 9173 7021
f 9173 9174 7021
f 7021 9174 7019
f 9174 9175 7019
f 7019 9175 7018
f 9175 9176 7018
f 7018 9176 7025
f 9176 9177 7025
f 7025 9177 7030
f 9177 9178 7030
f 7030 9178 7029
f 9178 9179 7029
f 7029 9179 7027
f 9179 9180 7027
f 7027 9180 7026
f 9180 9181 7026
f 7026 9181 7184
f 9181 9182 7184
f 7184 9182 7035
f 9182 9183 7035
f 7035 9183 7034
f 9183 9184 7034
f 8297 8978 8977
f 8977 8978 9166
f 8978 9185 9166
f 9166 9185 9167
f 9185 9186 9167
f 9167 9186 9168
f 9186 9187 9168
f 9168 9187 9169
f 9187 9188 9169
f 9169 9188 9170
f 9188 9189 9170
f 9170 9189 9171
f 9189 9190 9171
f 9171 9190 9172
f 9190 9191 9172
f 9172 9191 9173
f 9191 9192 9173
f 9173 9192 9174
f 9192 9193 9174
f 9174 9193 9175
f 9193 9194 9175
f 9175 9194 9176
f 9194 9195 9176
f 9176 9195 9177
f 9195 9196 9177
f 9177 9196 9178
f 9196 9197 9178
f 9178 9197 9179
f 9197 9198 9179
f 9179 9198 9180
f 9198 9199 9180
f 9180 9199 9181
f 9199 9200 9181
f 9181 9200 9182
f 9200 9201 9182
f 9182 9201 9183
f 9201 9202 9183
f 9183 9202 9184
f 9202 9203 9184
f 8296 8979 8978
f 8978 8979 9185
f 8979 9204 9185
f 9185 9204 9186
f 9204 9205 9186
f 9186 9205 9187
f 9205 9206 9187
f 9187 9206 9188
f 9206 9207 9188
f 9188 9207 9189
f 9207 9208 9189
f 9189 9208 9190
f 9208 9209 9190
f 9190 9209 9191
f 9209 9210 9191
f 9191 9210 9192
f 9210 9211 9192
f 9192 9211 9193
f 9211 9212 9193
f 9193 9212 9194
f 9212 9213 9194
f 9194 9213 9195
f 9213 9214 9195
f 9195 9214 9196
f 9214 9215 9196
f 9196 9215 9197
f 9215 9216 9197
f 9197 9216 9198
f 9216 9217 9198
f 9198 9217 9199
f 9217 9218 9199
f 9199 9218 9200
f 9218 9219 9200
f 9200 9219 9201
f 9219 9220 9201
f 9201 9220 9202
f 9220 9221 9202
f 9202 9221 9203
f 9221 9222 9203
f 8295 8980 8979
f 8979 8980 9204
f 8980 9223 9204
f 9204 9223 9205
f 9223 9224 9205
f 9205 9224 9206
f 9224 9225 9206
f 9206 9225 9207
f 9225 9226 9207
f 9207 9226 9208
f 9226 9227 9208
f 9208 9227 9209
f 9227 9228 9209
f 9209 9228 9210
f 9228 9229 9210
f 9210 9229 9211
f 9229 9230 9211
f 9211 9230 9212
f 9230 9231 9212
f 9212 9231 9213
f 9231 9232 9213
f 9213 9232 9214
f 9232 9233 9214
f 9214 9233 9215
f 9233 9234 9215
f 9215 9234 9216
f 9234 9235 9216
f 9216 9235 9217
f 9235 9236 9217
f 9217 9236 9218
f 9236 9237 9218
f 9218 9237 9219
f 9237 9238 9219
f 9219 9238 9220
f 9238 9239 9220
f 9220 9239 9221
f 9239 9240 9221
f 9221 9240 9222
f 9240 9241 9222
f 8294 8981 8980
f 8980 8981 9223
f 8981 9242 9223
f 9223 9242 9224
f 9242 9243 9224
f 9224 9243 9225
f 9243 9244 9225
f 9225 9244 9226
f 9244 9245 9226
f 9226 9245 9227
f 9245 9246 9227
f 9227 9246 9228
f 9246 9247 9228
f 9228 9247 9229
f 9247 9248 9229
f 9229 9248 9230
f 9248 9249 9230
f 9230 9249 9231
f 9249 9250 9231
f 9231 9250 9232
f 9250 9251 9232
f 9232 9251 9233
f 9251 9252 9233
f 9233 9252 9234
f 9252 9253 9234
f 9234 9253 9235
f 9253 9254 9235
f 9235 9254 9236
f 9254 9255 9236
f 9236 9255 9237
f 9255 9256 9237
f 9237 9256 9238
f 9256 9257 9238
f 9238 9257 9239
f 9257 9258 9239
f 9239 9258 9240
f 9258 9259 9240
f 9240 9259 9241
f 9259 9260 9241
f 8293 8982 8981
f 8981 8982 9242
f 8982 9261 9242
f 9242 9261 9243
f 9261 9262 9243
f 9243 9262 9244
f 9262 9263 9244
f 9244 9263 9245
f 9263 9264 9245
f 9245 9264 9246
f 9264 9265 9246
f 9246 9265 9247
f 9265 9266 9247
f 9247 9266 9248
f 9266 9267 9248
f 9248 9267 9249
f 9267 9268 9249
f 9249 9268 9250
f 9268 9269 9250
f 9250 9269 9251
f 9269 9270 9251
f 9251 9270 9252
f 9270 9271 9252
f 9252 9271 9253
f 9271 9272 9253
f 9253 9272 9254
f 9272 9273 9254
f 9254 9273 9255
f 9273 9274 9255
f 9255 9274 9256
f 9274 9275 9256
f 9256 9275 9257
f 9275 9276 9257
f 9257 9276 9258
f 9276 9277 9258
f 9258 9277 9259
f 9277 9278 9259
f 9259 9278 9260
f 9278 9279 9260
f 8292 8983 8982
f 8982 8983 9261
f 8983 9280 9261
f 9261 9280 9262
f 9280 9281 9262
f 9262 9281 9263
f 9281 9282 9263
f 9263 9282 9264
f 9282 9283 9264
f 9264 9283 9265
f 9283 9284 9265
f 9265 9284 9266
f 9284 9285 9266
f 9266 9285 9267
f 9285 9286 9267
f 9267 9286 9268
f 9286 9287 9268
f 9268 9287 9269
f 9287 9288 9269
f 9269 9288 9270
f 9288 9289 9270
f 9270 9289 9271
f 9289 9290 9271
f 9271 9290 9272
f 9290 9291 9272
f 9272 9291 9273
f 9291 9292 9273
f 9273 9292 9274
f 9292 9293 9274
f 9274 9293 9275
f 9293 9294 9275
f 9275 9294 9276
f 9294 9295 9276
f 9276 9295 9277
f 9295 9296 9277
f 9277 9296 9278
f 9296 9297 9278
f 9278 9297 9279
f 9297 9298 9279
f 8291 8984 8983
f 8983 8984 9280
f 8984 9299 9280
f 9280 9299 9281
f 9299 9300 9281
f 9281 9300 9282
f 9300 9301 9282
f 9282 9301 9283
f 9301 9302 9283
f 9283 9302 9284
f 9302 9303 9284
f 9284 9303 9285
f 9303 9304 9285
f 9285 9304 9286
f 9304 9305 9286
f 9286 9305 9287
f 9305 9306 9287
f 9287 9306 9288
f 9306 9307 9288
f 9288 9307 9289
f 9307 9308 9289
f 9289 9308 9290
f 9308 9309 9290
f 9290 9309 9291
f 9309 9310 9291
f 9291 9310 9292
f 9310 9311 9292
f 9292 9311 9293
f 9311 9312 9293
f 9293 9312 9294
f 9312 9313 9294
f 9294 9313 9295
f 9313 9314 9295
f 9295 9314 9296
f 9314 9315 9296
f 9296 9315 9297
f 9315 9316 9297
f 9297 9316 9298
f 9316 9317 9298
f 8290 8985 8984
f 8984 8985 9299
f 8985 9318 9299
f 9299 9318 9300
f 9318 9319 9300
f 9300 9319 9301
f 9319 9320 9301
f 9301 9320 9302
f 9320 9321 9302
f 9302 9321 9303
f 9321 9322 9303
f 9303 9322 9304
f 9322 9323 9304
f 9304 9323 9305
f 9323 9324 9305
f 9305 9324 9306
f 9324 9325 9306
f 9306 9325 9307
f 9325 9326 9307
f 9307 9326 9308
f 9326 9327 9308
f 9308 9327 9309
f 9327 9328 9309
f 9309 9328 9310
f 9328 9329 9310
f 9310 9329 9311
f 9329 9330 9311
f 9311 9330 9312
f 9330 9331 9312
f 9312 9331 9313
f 9331 9332 9313
f 9313 9332 9314
f 9332 9333 9314
f 9314 9333 9315
f 9333 9334 9315
f 9315 9334 9316
f 9334 9335 9316
f 9316 9335 9317
f 9335 9336 9317
f 8289 8986 8985
f 8985 8986 9318
f 8986 9337 9318
f 9318 9337 9319
f 9337 9338 9319
f 9319 9338 9320
f 9338 9339 9320
f 9320 9339 9321
f 9339 9340 9321
f 9321 9340 9322
f 9340 9341 9322
f 9322 9341 9323
f 9341 9342 9323
f 9323 9342 9324
f 9342 9343 9324
f 9324 9343 9325
f 9343 9344 9325
f 9325 9344 9326
f 9344 9345 9326
f 9326 9345 9327
f 9345 9346 9327
f 9327 9346 9328
f 9346 9347 9328
f 9328 9347 9329
f 9347 9348 9329
f 9329 9348 9330
f 9348 9349 9330
f 9330 9349 9331
f 9349 9350 9331
f 9331 9350 9332
f 9350 9351 9332
f 9332 9351 9333
f 9351 9352 9333
f 9333 9352 9334
f 9352 9353 9334
f 9334 9353 9335
f 9353 9354 9335
f 9335 9354 9336
f 9354 9355 9336
f 8288 8987 8986
f 8986 8987 9337
f 8987 9356 9337
f 9337 9356 9338
f 9356 9357 9338
f 9338 9357 9339
f 9357 9358 9339
f 9339 9358 9340
f 9358 9359 9340
f 9340 9359 9341
f 9359 9360 9341
f 9341 9360 9342
f 9360 9361 9342
f 9342 9361 9343
f 9361 9362 9343
f 9343 9362 9344
f 9362 9363 9344
f 9344 9363 9345
f 9363 9364 9345
f 9345 9364 9346
f 9364 9365 9346
f 9346 9365 9347
f 9365 9366 9347
f 9347 9366 9348
f 9366 9367 9348
f 9348 9367 9349
f 9367 9368 9349
f 9349 9368 9350
f 9368 9369 9350
f 9350 9369 9351
f 9369 9370 9351
f 9351 9370 9352
f 9370 9371 9352
f 9352 9371 9353
f 9371 9372 9353
f 9353 9372 9354
f 9372 9373 9354
f 9354 9373 9355
f 9373 9374 9355
f 8287 8988 8987
f 8987 8988 9356
f 8988 9375 9356
f 9356 9375 9357
f 9375 9376 9357
f 9357 9376 9358
f 9376 9377 9358
f 9358 9377 9359
f 9377 9378 9359
f 9359 9378 9360
f 9378 9379 9360
f 9360 9379 9361
f 9379 9380 9361
f 9361 9380 9362
f 9380 9381 9362
f 9362 9381 9363
f 9381 9382 9363
f 9363 9382 9364
f 9382 9383 9364
f 9364 9383 9365
f 9383 9384 9365
f 9365 9384 9366
f 9384 9385 9366
f 9366 9385 9367
f 9385 9386 9367
f 9367 9386 9368
f 9386 9387 9368
f 9368 9387 9369
f 9387 9388 9369
f 9369 9388 9370
f 9388 9389 9370
f 9370 9389 9371
f 9389 9390 9371
f 9371 9390 9372
f 9390 9391 9372
f 9372 9391 9373
f 9391 9392 9373
f 9373 9392 9374
f 9392 9393 9374
f 8286 8989 8988
f 8988 8989 9375
f 8989 9394 9375
f 9375 9394 9376
f 9394 9395 9376
f 9376 9395 9377
f 9395 9396 9377
f 9377 9396 9378
f 9396 9397 9378
f 9378 9397 9379
f 9397 9398 9379
f 9379 9398 9380
f 9398 9399 9380
f 9380 9399 9381
f 9399 9400 9381
f 9381 9400 9382
f 9400 9401 9382
f 9382 9401 9383
f 9401 9402 9383
f 9383 9402 9384
f 9402 9403 9384
f 9384 9403 9385
f 9403 9404 9385
f 9385 9404 9386
f 9404 9405 9386
f 9386 9405 9387
f 9405 9406 9387
f 9387 9406 9388
f 9406 9407 9388
f 9388 9407 9389
f 9407 9408 9389
f 9389 9408 9390
f 9408 9409 9390
f 9390 9409 9391
f 9409 9410 9391
f 9391 9410 9392
f 9410 9411 9392
f 9392 9411 9393
f 9411 9412 9393
f 8285 8990 8989
f 8989 8990 9394
f 8990 9413 9394
f 9394 9413 9395
f 9413 9414 9395
f 9395 9414 9396
f 9414 9415 9396
f 9396 9415 9397
f 9415 9416 9397
f 9397 9416 9398
f 9416 9417 9398
f 9398 9417 9399
f 9417 9418 9399
f 9399 9418 9400
f 9418 9419 9400
f 9400 9419 9401
f 9419 9420 9401
f 9401 9420 9402
f 9420 9421 9402
f 9402 9421 9403
f 9421 9422 9403
f 9403 9422 9404
f 9422 9423 9404
f 9404 9423 9405
f 9423 9424 9405
f 9405 9424 9406
f 9424 9425 9406
f 9406 9425 9407
f 9425 9426 9407
f 9407 9426 9408
f 9426 9427 9408
f 9408 9427 9409
f 9427 9428 9409
f 9409 9428 9410
f 9428 9429 9410
f 9410 9429 9411
f 9429 9430 9411
f 9411 9430 9412
f 9430 9431 9412
f 8284 9093 8990
f 8990 9093 9413
f 9093 9091 9413
f 9413 9091 9414
f 9091 9089 9414
f 9414 9089 9415
f 9089 9087 9415
f 9415 9087 9416
f 9087 9085 9416
f 9416 9085 9417
f 9085 9083 9417
f 9417 9083 9418
f 9083 9081 9418
f 9418 9081 9419
f 9081 9079 9419
f 9419 9079 9420
f 9079 9077 9420
f 9420 9077 9421
f 9077 9075 9421
f 9421 9075 9422
f 9075 9073 9422
f 9422 9073 9423
f 9073 9071 9423
f 9423 9071 9424
f 9071 9069 9424
f 9424 9069 9425
f 9069 9067 9425
f 9425 9067 9426
f 9067 9065 9426
f 9426 9065 9427
f 9065 9063 9427
f 9427 9063 9428
f 9063 9061 9428
f 9428 9061 9429
f 9061 9059 9429
f 9429 9059 9430
f 9059 8965 9430
f 9430 8965 9431
f 8965 8964 9431
f 7034 9184 7032
f 7032 9184 9432
f 9184 9203 9432
f 9432 9203 9433
f 9203 9222 9433
f 9433 9222 9434
f 9222 9241 9434
f 9434 9241 9435
f 9241 9260 9435
f 9435 9260 9436
f 9260 9279 9436
f 9436 9279 9437
f 9279 9298 9437
f 9437 9298 9438
f 9298 9317 9438
f 9438 9317 9439
f 9317 9336 9439
f 9439 9336 9440
f 9336 9355 9440
f 9440 9355 9441
f 9355 9374 9441
f 9441 9374 9442
f 9374 9393 9442
f 9442 9393 9443
f 9393 9412 9443
f 9443 9412 9444
f 9412 9431 9444
f 9444 9431 9445
f 9431 8964 9445
f 9445 8964 9446
f 8964 8962 9446
f 9446 8962 9447
f 8962 8960 9447
f 9447 8960 8967
f 8960 9448 8967
f 8967 9448 8966
f 7032 9432 7031
f 7031 9432 9449
f 9432 9433 9449
f 9449 9433 9450
f 9433 9434 9450
f 9450 9434 9451
f 9434 9435 9451
f 9451 9435 9452
f 9435 9436 9452
f 9452 9436 9453
f 9436 9437 9453
f 9453 9437 9454
f 9437 9438 9454
f 9454 9438 9455
f 9438 9439 9455
f 9455 9439 9456
f 9439 9440 9456
f 9456 9440 9457
f 9440 9441 9457
f 9457 9441 9458
f 9441 9442 9458
f 9458 9442 9459
f 9442 9443 9459
f 9459 9443 9460
f 9443 9444 9460
f 9460 9444 9461
f 9444 9445 9461
f 9461 9445 9462
f 9445 9446 9462
f 9462 9446 9463
f 9446 9447 9463
f 9463 9447 9464
f 9447 8967 9464
f 9464 8967 9465
f 8967 8969 9465
f 7031 9449 7172
f 7172 9449 9466
f 9449 9450 9466
f 9466 9450 9467
f 9450 9451 9467
f 9467 9451 9468
f 9451 9452 9468
f 9468 9452 9469
f 9452 9453 9469
f 9469 9453 9470
f 9453 9454 9470
f 9470 9454 9471
f 9454 9455 9471
f 9471 9455 9472
f 9455 9456 9472
f 9472 9456 9473
f 9456 9457 9473
f 9473 9457 9474
f 9457 9458 9474
f 9474 9458 9475
f 9458 9459 9475
f 9475 9459 9476
f 9459 9460 9476
f 9476 9460 9477
f 9460 9461 9477
f 9477 9461 9478
f 9461 9462 9478
f 9478 9462 9479
f 9462 9463 9479
f 9479 9463 9480
f 9463 9464 9480
f 9480 9464 9481
f 9464 9465 9481
f 9481 9465 9482
f 9465 8969 9482
f 9482 8969 9483
f 8969 8974 9483
f 9448 3 8966
f 8966 3 8968
f 8957 2 8963
f 8963 2 8961
f 2 3 8961
f 8961 3 8960
f 3 9448 8960
f 3 8975 8976
f 8968 3 8970
f 8970 3 8971
f 3 8976 8971
f 9484 8972 43
f 43 8972 3
f 8972 8973 3
f 3 8973 8975
f 9485 9487 9486
f 9488 9490 9489
f 9489 9490 9491
f 9490 7221 9491
f 9491 7221 7066
f 9492 9494 9493
f 9493 9494 9495
f 9494 9488 9495
f 9495 9488 9496
f 9488 9489 9496
f 9497 9499 9498
f 9498 9499 9500
f 9499 9492 9500
f 9500 9492 9501
f 9492 9493 9501
f 9502 9504 9503
f 9503 9504 9505
f 9504 9497 9505
f 9505 9497 9506
f 9497 9498 9506
f 9507 9509 9508
f 9508 9509 9510
f 9509 9502 9510
f 9510 9502 9511
f 9502 9503 9511
f 9512 9514 9513
f 9513 9514 9515
f 9514 9507 9515
f 9515 9507 9516
f 9507 9508 9516
f 9517 9512 9518
f 9518 9512 9519
f 9512 9513 9519
f 9520 9522 9521
f 9521 9522 9523
f 9522 9517 9523
f 9523 9517 9524
f 9517 9518 9524
f 9525 9527 9526
f 9526 9527 9528
f 9527 9520 9528
f 9528 9520 9529
f 9520 9521 9529
f 2741 9525 2740
f 2740 9525 9530
f 9525 9526 9530
f 3581 4195 3568
f 3568 4195 9531
f 4195 4198 9531
f 9531 4198 9532
f 4198 4199 9532
f 9532 4199 9533
f 4199 4192 9533
f 9533 4192 9534
f 4192 4193 9534
f 9534 4193 9535
f 4193 4194 9535
f 9535 4194 9536
f 4194 4181 9536
f 9536 4181 9537
f 4181 4189 9537
f 9537 4189 9538
f 4189 4190 9538
f 9538 4190 9539
f 4190 4191 9539
f 9539 4191 9540
f 4191 4187 9540
f 9540 4187 9541
f 4187 4188 9541
f 9541 4188 9542
f 4188 2823 9542
f 9542 2823 9543
f 9543 2823 9530
f 2823 2824 9530
f 9530 2824 2740
f 2824 9544 2740
f 2740 9544 9545
f 9544 9546 9545
f 9545 9546 9547
f 9546 9548 9547
f 9547 9548 9549
f 9548 9550 9549
f 9549 9550 9551
f 9550 9552 9551
f 9551 9552 9553
f 9552 9554 9553
f 9553 9554 9555
f 9554 9556 9555
f 9555 9556 9557
f 9556 9558 9557
f 9557 9558 9559
f 9558 9560 9559
f 9559 9560 9561
f 9560 9562 9561
f 9561 9562 9563
f 9562 9564 9563
f 9563 9564 9565
f 9564 9566 9565
f 9565 9566 9567
f 9566 3569 9567
f 9567 3569 3582
f 9568 2643 9569
f 2741 2742 9525
f 9525 2742 2642
f 2742 9570 2642
f 2642 9570 9571
f 9570 9572 9571
f 9571 9572 9573
f 9572 9574 9573
f 9573 9574 9575
f 9574 9576 9575
f 9575 9576 9577
f 9576 9578 9577
f 9577 9578 9579
f 9578 9580 9579
f 9580 9581 9579
f 9579 9581 9582
f 9581 9583 9582
f 9582 9583 9584
f 9584 9583 9585
f 9583 9586 9585
f 9585 9586 9587
f 9586 9588 9587
f 9587 9588 9589
f 9588 9590 9589
f 9589 9590 9591
f 9590 9592 9591
f 9591 9592 9593
f 9592 9594 9593
f 9593 9594 9595
f 9594 3588 9595
f 9595 3588 3560
f 9596 9569 4352
f 4352 9569 2644
f 9569 2643 2644
f 4353 9597 4354
f 4354 9597 4351
f 9597 9596 4351
f 4351 9596 4350
f 9596 4352 4350
f 4353 4368 9597
f 9597 4368 9598
f 4368 4356 9598
f 4356 4355 9598
f 9598 4355 9599
f 4355 4359 9599
f 4359 4360 9599
f 9599 4360 9600
f 4360 4361 9600
f 4361 4358 9600
f 9600 4358 4872
f 4358 4357 4872
f 2193 2194 4872
f 4872 2194 9600
f 2194 2195 9600
f 9600 2195 9599
f 2192 9598 2191
f 2191 9598 2197
f 9598 9599 2197
f 2197 9599 2196
f 9599 2195 2196
f 2192 2201 9598
f 9598 2201 9597
f 2201 2202 9597
f 9597 2202 9596
f 2202 2198 9596
f 9596 2198 9569
f 2198 2199 9569
f 2199 2200 9569
f 9569 2200 9568
f 2200 2187 9568
f 9601 9602 2190
f 2190 9602 2189
f 9602 9568 2189
f 2189 9568 2188
f 9568 2187 2188
f 9603 9601 2014
f 2014 9601 2185
f 9601 2190 2185
f 9604 2015 2019
f 2017 9605 2019
f 2019 9605 9604
f 9605 9606 9604
f 2021 9607 2018
f 2018 9607 9608
f 9607 9609 9608
f 2136 8335 2132
f 2132 8335 2131
f 8335 8333 2131
f 9486 2011 9485
f 8339 8337 2139
f 2139 8337 2138
f 8337 8335 2138
f 2138 8335 2137
f 8335 2136 2137
f 8341 8339 2141
f 2141 8339 2140
f 8339 2139 2140
f 8343 8341 2143
f 2143 8341 2142
f 8341 2141 2142
f 8345 8343 2145
f 2145 8343 2144
f 8343 2143 2144
f 8347 8345 2147
f 2147 8345 2146
f 8345 2145 2146
f 4509 8352 2135
f 2135 8352 2134
f 8352 8351 2134
f 2134 8351 2133
f 8351 8349 2133
f 2133 8349 2149
f 8349 8347 2149
f 2149 8347 2148
f 8347 2147 2148
f 7221 9490 7219
f 7219 9490 7218
f 9490 7225 7218
f 7225 9490 7227
f 7227 9490 9610
f 9490 9488 9610
f 9610 9488 9611
f 9488 9494 9611
f 9611 9494 9612
f 9494 9492 9612
f 9612 9492 9613
f 9492 9499 9613
f 9613 9499 9614
f 9499 9497 9614
f 9614 9497 9615
f 9497 9504 9615
f 9615 9504 9616
f 9504 9502 9616
f 9616 9502 9617
f 9502 9509 9617
f 9617 9509 9618
f 9509 9507 9618
f 9618 9507 9619
f 9507 9514 9619
f 9619 9514 9620
f 9514 9512 9620
f 9620 9512 9621
f 9512 9517 9621
f 9621 9517 9622
f 9517 9522 9622
f 9622 9522 9603
f 9522 9520 9603
f 9603 9520 9601
f 9520 9527 9601
f 9601 9527 9602
f 9527 9525 9602
f 9602 9525 9568
f 9525 2642 9568
f 9568 2642 2643
f 9610 9611 9623
f 9623 9611 9624
f 9611 9612 9624
f 9624 9612 9625
f 9612 9613 9625
f 9625 9613 9626
f 9613 9614 9626
f 9626 9614 9627
f 9614 9615 9627
f 9627 9615 9628
f 9615 9616 9628
f 9628 9616 9629
f 9616 9617 9629
f 9629 9617 9630
f 9617 9618 9630
f 9630 9618 9631
f 9618 9619 9631
f 9631 9619 9632
f 9619 9620 9632
f 9632 9620 9633
f 9620 9621 9633
f 9633 9621 9634
f 9621 9622 9634
f 9634 9622 9606
f 9622 9603 9606
f 9606 9603 9604
f 9603 2014 9604
f 9604 2014 2015
f 7227 9610 7229
f 7229 9610 7216
f 9610 9623 7216
f 7216 9623 7215
f 9623 7233 7215
f 9623 9624 9635
f 9635 9624 9636
f 9624 9625 9636
f 9636 9625 9637
f 9625 9626 9637
f 9637 9626 9638
f 9626 9627 9638
f 9638 9627 9639
f 9627 9628 9639
f 9639 9628 9640
f 9628 9629 9640
f 9640 9629 9641
f 9629 9630 9641
f 9641 9630 9642
f 9630 9631 9642
f 9642 9631 9643
f 9631 9632 9643
f 9643 9632 9644
f 9632 9633 9644
f 9644 9633 9645
f 9633 9634 9645
f 9645 9634 9646
f 9634 9606 9646
f 9646 9606 9609
f 9606 9605 9609
f 9609 9605 9608
f 9605 2017 9608
f 9608 2017 2018
f 7473 9635 7236
f 7233 9623 7231
f 7231 9623 7230
f 9623 9635 7230
f 7230 9635 7474
f 9635 7473 7474
f 2011 9486 2021
f 2021 9486 9607
f 9486 9487 9607
f 9607 9487 9609
f 9487 9647 9609
f 9609 9647 9646
f 9647 9648 9646
f 9646 9648 9645
f 9648 9649 9645
f 9645 9649 9644
f 9649 9650 9644
f 9644 9650 9643
f 9650 9651 9643
f 9643 9651 9642
f 9651 9652 9642
f 9642 9652 9641
f 9652 9653 9641
f 9641 9653 9640
f 9653 9654 9640
f 9640 9654 9639
f 9654 9655 9639
f 9639 9655 9638
f 9655 9656 9638
f 9638 9656 9637
f 9656 9657 9637
f 9637 9657 9636
f 9657 9658 9636
f 9636 9658 9635
f 9658 7235 9635
f 9635 7235 7236
f 7237 8305 7247
f 7235 9658 7241
f 7241 9658 7240
f 9658 7238 7240
f 2131 8333 2011
f 2011 8333 9485
f 8333 8331 9485
f 9485 8331 9487
f 8331 8328 9487
f 9487 8328 9647
f 8328 8326 9647
f 9647 8326 9648
f 8326 8324 9648
f 9648 8324 9649
f 8324 8322 9649
f 9649 8322 9650
f 8322 8320 9650
f 9650 8320 9651
f 8320 8318 9651
f 9651 8318 9652
f 8318 8316 9652
f 9652 8316 9653
f 8316 8314 9653
f 9653 8314 9654
f 8314 8312 9654
f 9654 8312 9655
f 8312 8310 9655
f 9655 8310 9656
f 8310 8309 9656
f 9656 8309 9657
f 8309 8307 9657
f 9657 8307 9658
f 8307 8305 9658
f 9658 8305 7238
f 8305 7237 7238
f 7040 7069 7039
f 3544 9659 3543
f 3598 9660 3595
f 9661 6911 6909
f 9662 9663 9484
f 9664 9666 9665
f 9665 9666 9667
f 9666 9668 9667
f 9667 9668 9669
f 9668 9662 9669
f 9664 9671 9670
f 9670 9671 9672
f 9671 9673 9672
f 9673 9674 9672
f 9672 9674 9675
f 9674 9676 9675
f 9675 9676 6270
f 9676 6271 6270
f 6269 9677 6270
f 6270 9677 9675
f 9677 9678 9675
f 9675 9678 9672
f 9678 9679 9672
f 9679 9680 9672
f 9672 9680 9670
f 9680 9681 9670
f 9664 9670 9666
f 9666 9670 9682
f 9670 9681 9682
f 4506 9668 9683
f 9683 9668 9684
f 9668 9666 9684
f 9684 9666 9685
f 9666 9682 9685
f 9662 9668 9663
f 9663 9668 9686
f 9668 4506 9686
f 9686 4506 9687
f 4506 4507 9687
f 9688 4508 9689
f 9690 9692 9691
f 9691 9692 9693
f 9692 9688 9693
f 9693 9688 9694
f 9688 9689 9694
f 9695 9690 9696
f 9696 9690 9697
f 9690 9691 9697
f 5292 9698 5293
f 5293 9698 9699
f 4261 9700 4242
f 4242 9700 4267
f 9700 9698 4267
f 4267 9698 4266
f 9698 5292 4266
f 4266 5292 4265
f 4253 9690 4261
f 4261 9690 9700
f 9690 9695 9700
f 9700 9695 9698
f 9695 9701 9698
f 9698 9701 9699
f 4253 4249 9690
f 9690 4249 9692
f 4249 4244 9692
f 4244 4243 9692
f 9692 4243 9688
f 4243 4250 9688
f 3306 9703 9702
f 4507 4508 9687
f 9687 4508 9702
f 4508 9688 9702
f 9702 9688 3306
f 9688 4250 3306
f 4616 3211 9704
f 9704 3211 3308
f 3211 9703 3308
f 3308 9703 3307
f 9703 3306 3307
f 4616 9704 4617
f 4617 9704 4618
f 9704 9705 4618
f 4618 9705 4633
f 9705 9706 4633
f 4633 9706 4632
f 9706 9707 4632
f 4632 9707 4631
f 9707 9708 4631
f 4631 9708 4630
f 9708 9709 4630
f 4630 9709 4629
f 9709 9710 4629
f 4629 9710 4628
f 9710 9711 4628
f 4628 9711 4627
f 9711 9712 4627
f 4627 9712 4638
f 9712 9713 4638
f 4638 9713 4637
f 9713 5291 4637
f 9714 3210 3209
f 9714 9715 3210
f 4293 3130 9716
f 9716 3130 3208
f 3209 3208 9714
f 9714 3208 9717
f 3208 3130 9717
f 4293 9716 4292
f 4292 9716 4291
f 9716 9718 4291
f 4291 9718 4290
f 9718 9719 4290
f 9719 9720 4290
f 4290 9720 4279
f 9720 9721 4279
f 4279 9721 4278
f 4278 9721 4299
f 9721 9722 4299
f 4299 9722 4298
f 9722 9723 4298
f 4298 9723 4297
f 9723 9724 4297
f 4297 9724 4305
f 9724 9725 4305
f 4305 9725 4286
f 9725 9726 4286
f 4286 9726 4281
f 9726 9727 4281
f 4281 9727 4280
f 9727 4931 4280
f 3055 3128 3663
f 3595 9660 3594
f 3594 9660 3056
f 9660 9728 3056
f 3056 9728 3055
f 3055 9728 3128
f 9728 9717 3128
f 3128 9717 3129
f 9717 3130 3129
f 3055 3663 3748
f 3748 3663 3747
f 3663 3679 3747
f 3747 3679 3746
f 3679 3680 3746
f 3746 3680 3745
f 3680 3687 3745
f 3745 3687 3744
f 3687 3686 3744
f 3744 3686 3755
f 3755 3686 3754
f 3686 3683 3754
f 3754 3683 3753
f 3683 3682 3753
f 3753 3682 3752
f 3682 3681 3752
f 3752 3681 3750
f 3681 3684 3750
f 3750 3684 3749
f 3684 3685 3749
f 3749 3685 3751
f 3685 3664 3751
f 3751 3664 3550
f 3664 3551 3550
f 3598 3599 9660
f 9660 3599 9729
f 3599 3600 9729
f 9729 3600 9730
f 3600 3601 9730
f 3601 3604 9730
f 9730 3604 9731
f 3604 3603 9731
f 3603 3602 9731
f 9731 3602 9732
f 3602 3605 9732
f 9732 3605 9659
f 3605 3593 9659
f 9659 3593 3543
f 3593 3552 3543
f 3544 6857 9659
f 9659 6857 9732
f 6857 6850 9732
f 9732 6850 9731
f 6850 6851 9731
f 6851 6852 9731
f 9731 6852 9730
f 6852 6853 9730
f 6853 6854 9730
f 9730 6854 9729
f 6854 6848 9729
f 6848 6849 9729
f 9729 6849 9660
f 6849 6856 9660
f 2911 9733 2910
f 2910 9733 6866
f 9733 6865 6866
f 9733 2911 9543
f 9543 2911 9542
f 2911 4325 9542
f 9542 4325 9541
f 4325 4326 9541
f 2976 9728 2975
f 9728 9660 2975
f 2975 9660 6855
f 9660 6856 6855
f 2910 6866 4341
f 4341 6866 4340
f 6866 6863 4340
f 4340 6863 4339
f 6863 6864 4339
f 4339 6864 4349
f 4349 6864 4348
f 6864 6861 4348
f 4348 6861 4347
f 6861 6858 4347
f 4347 6858 4338
f 6858 6859 4338
f 4338 6859 4332
f 6859 6862 4332
f 4332 6862 4346
f 6862 6860 4346
f 4346 6860 3576
f 6860 3561 3576
f 4326 4314 9541
f 9541 4314 9540
f 4314 4315 9540
f 9540 4315 9539
f 4315 4318 9539
f 9539 4318 9538
f 4318 4319 9538
f 9538 4319 9537
f 4319 4320 9537
f 9537 4320 9536
f 4320 4310 9536
f 9536 4310 9535
f 9535 4310 9534
f 4310 4311 9534
f 3568 9531 3567
f 3567 9531 4309
f 9531 9532 4309
f 4309 9532 4311
f 9532 9533 4311
f 4311 9533 9534
f 9734 7036 7037
f 7172 9466 7037
f 7037 9466 9734
f 9466 9467 9734
f 9469 9735 9468
f 9470 9736 9469
f 9471 9737 9470
f 9473 9738 9472
f 9474 9739 9473
f 9475 9740 9474
f 9477 9741 9476
f 9478 9742 9477
f 9479 9743 9478
f 9481 9744 9480
f 9482 9745 9481
f 8974 9746 9483
f 9483 9746 9747
f 7036 9734 7093
f 7093 9734 7044
f 9734 9748 7044
f 7044 9748 7042
f 7042 9748 7040
f 9748 9749 7040
f 8972 9484 8974
f 8974 9484 9746
f 9484 9663 9746
f 9746 9663 9747
f 9663 9686 9747
f 9747 9686 9750
f 9686 9687 9750
f 9750 9687 9751
f 9687 9702 9751
f 9751 9702 9715
f 9702 9703 9715
f 9715 9703 3210
f 9703 3211 3210
f 7040 9749 7069
f 7069 9749 7070
f 9749 9752 7070
f 7070 9752 6917
f 9752 9753 6917
f 6917 9753 6919
f 9753 9754 6919
f 6919 9754 6915
f 6915 9754 6912
f 9754 9661 6912
f 6912 9661 6914
f 9661 6909 6914
f 9469 9736 9735
f 9735 9736 9755
f 9736 9756 9755
f 9755 9756 9757
f 9756 9758 9757
f 9757 9758 9759
f 9758 9760 9759
f 9759 9760 9761
f 9760 9762 9761
f 9761 9762 9763
f 9762 9764 9763
f 9763 9764 9765
f 9764 9766 9765
f 9470 9737 9736
f 9736 9737 9756
f 9737 9767 9756
f 9756 9767 9758
f 9767 9768 9758
f 9758 9768 9760
f 9768 9769 9760
f 9760 9769 9762
f 9769 9770 9762
f 9762 9770 9764
f 9770 9771 9764
f 9764 9771 9766
f 9771 9772 9766
f 9473 9739 9738
f 9738 9739 9773
f 9739 9774 9773
f 9773 9774 9775
f 9774 9776 9775
f 9775 9776 9777
f 9776 9778 9777
f 9777 9778 9779
f 9778 9780 9779
f 9779 9780 9781
f 9780 9782 9781
f 9781 9782 9783
f 9782 9784 9783
f 9474 9740 9739
f 9739 9740 9774
f 9740 9785 9774
f 9774 9785 9776
f 9785 9786 9776
f 9776 9786 9778
f 9786 9787 9778
f 9778 9787 9780
f 9787 9788 9780
f 9780 9788 9782
f 9788 9789 9782
f 9782 9789 9784
f 9789 9790 9784
f 9477 9742 9741
f 9741 9742 9791
f 9742 9792 9791
f 9791 9792 9793
f 9792 9794 9793
f 9793 9794 9795
f 9794 9796 9795
f 9795 9796 9797
f 9796 9798 9797
f 9797 9798 9799
f 9798 9800 9799
f 9799 9800 9801
f 9800 9802 9801
f 9478 9743 9742
f 9742 9743 9792
f 9743 9803 9792
f 9792 9803 9794
f 9803 9804 9794
f 9794 9804 9796
f 9804 9805 9796
f 9796 9805 9798
f 9805 9806 9798
f 9798 9806 9800
f 9806 9807 9800
f 9800 9807 9802
f 9807 9808 9802
f 9481 9745 9744
f 9744 9745 9809
f 9745 9810 9809
f 9809 9810 9811
f 9810 9812 9811
f 9811 9812 9813
f 9812 9814 9813
f 9813 9814 9815
f 9814 9816 9815
f 9815 9816 9817
f 9816 9818 9817
f 9817 9818 9819
f 9818 9820 9819
f 9482 9821 9745
f 9745 9821 9810
f 9821 9822 9810
f 9810 9822 9812
f 9822 9823 9812
f 9812 9823 9814
f 9823 9824 9814
f 9814 9824 9816
f 9824 9825 9816
f 9816 9825 9818
f 9825 9826 9818
f 9818 9826 9820
f 9826 9827 9820
f 6865 9733 2976
f 2976 9733 9728
f 9733 9827 9728
f 9728 9827 9717
f 9827 9826 9717
f 9717 9826 9714
f 9826 9825 9714
f 9714 9825 9715
f 9825 9824 9715
f 9715 9824 9751
f 9824 9823 9751
f 9751 9823 9750
f 9823 9822 9750
f 9750 9822 9747
f 9822 9821 9747
f 9747 9821 9483
f 9821 9482 9483
f 9489 9491 9661
f 9661 9491 6911
f 9491 7066 6911
f 9467 9828 9734
f 9734 9828 9748
f 9828 9829 9748
f 9748 9829 9749
f 9829 9830 9749
f 9749 9830 9752
f 9830 9831 9752
f 9752 9831 9753
f 9831 9832 9753
f 9753 9832 9754
f 9832 9833 9754
f 9754 9833 9661
f 9833 9834 9661
f 9661 9834 9489
f 9834 9496 9489
f 9496 9834 9765
f 9765 9834 9763
f 9834 9833 9763
f 9763 9833 9761
f 9833 9832 9761
f 9761 9832 9759
f 9832 9831 9759
f 9759 9831 9757
f 9831 9830 9757
f 9757 9830 9755
f 9830 9829 9755
f 9755 9829 9735
f 9829 9828 9735
f 9735 9828 9468
f 9828 9467 9468
f 9496 9765 9495
f 9495 9765 9493
f 9765 9766 9493
f 9493 9766 9501
f 9766 9772 9501
f 9501 9772 9500
f 9772 9498 9500
f 9471 9835 9737
f 9737 9835 9767
f 9835 9836 9767
f 9767 9836 9768
f 9836 9837 9768
f 9768 9837 9769
f 9837 9838 9769
f 9769 9838 9770
f 9838 9839 9770
f 9770 9839 9771
f 9839 9840 9771
f 9771 9840 9772
f 9840 9841 9772
f 9772 9841 9498
f 9841 9506 9498
f 9506 9841 9783
f 9783 9841 9781
f 9841 9840 9781
f 9781 9840 9779
f 9840 9839 9779
f 9779 9839 9777
f 9839 9838 9777
f 9777 9838 9775
f 9838 9837 9775
f 9775 9837 9773
f 9837 9836 9773
f 9773 9836 9738
f 9836 9835 9738
f 9738 9835 9472
f 9835 9471 9472
f 9506 9783 9505
f 9505 9783 9503
f 9783 9784 9503
f 9503 9784 9511
f 9784 9790 9511
f 9511 9790 9510
f 9790 9508 9510
f 9475 9842 9740
f 9740 9842 9785
f 9842 9843 9785
f 9785 9843 9786
f 9843 9844 9786
f 9786 9844 9787
f 9844 9845 9787
f 9787 9845 9788
f 9845 9846 9788
f 9788 9846 9789
f 9846 9847 9789
f 9789 9847 9790
f 9847 9848 9790
f 9790 9848 9508
f 9848 9516 9508
f 9516 9848 9801
f 9801 9848 9799
f 9848 9847 9799
f 9799 9847 9797
f 9847 9846 9797
f 9797 9846 9795
f 9846 9845 9795
f 9795 9845 9793
f 9845 9844 9793
f 9793 9844 9791
f 9844 9843 9791
f 9791 9843 9741
f 9843 9842 9741
f 9741 9842 9476
f 9842 9475 9476
f 9516 9801 9515
f 9515 9801 9513
f 9801 9802 9513
f 9513 9802 9519
f 9802 9808 9519
f 9519 9808 9518
f 9808 9524 9518
f 9479 9849 9743
f 9743 9849 9803
f 9849 9850 9803
f 9803 9850 9804
f 9850 9851 9804
f 9804 9851 9805
f 9851 9852 9805
f 9805 9852 9806
f 9852 9853 9806
f 9806 9853 9807
f 9853 9854 9807
f 9807 9854 9808
f 9854 9855 9808
f 9808 9855 9524
f 9855 9523 9524
f 9523 9855 9819
f 9819 9855 9817
f 9855 9854 9817
f 9817 9854 9815
f 9854 9853 9815
f 9815 9853 9813
f 9853 9852 9813
f 9813 9852 9811
f 9852 9851 9811
f 9811 9851 9809
f 9851 9850 9809
f 9809 9850 9744
f 9850 9849 9744
f 9744 9849 9480
f 9849 9479 9480
f 9523 9819 9521
f 9521 9819 9529
f 9819 9820 9529
f 9529 9820 9528
f 9820 9827 9528
f 9528 9827 9526
f 9827 9733 9526
f 9526 9733 9530
f 9733 9543 9530
f 6274 822 821
f 823 822 4765
f 4765 822 4864
f 6274 6272 822
f 4864 822 6275
f 6275 822 6306
f 822 6307 6306
f 6307 822 6311
f 6311 822 6309
f 822 6316 6309
f 6316 822 6315
f 6315 822 6313
f 822 6272 6313
f 4238 4929 4240
f 4929 4238 4219
f 4219 4238 4218
f 4238 4608 4218
f 4926 4223 4609
f 4609 4223 4608
f 4223 4222 4608
f 4608 4222 4218
f 4222 8929 4218
f 4218 8929 8300
f 5294 5295 4329
f 4329 5295 4328
f 3760 9856 3770
f 3770 9856 4170
f 4209 5651 5652
f 4169 4171 4870
f 4870 4171 4611
f 5651 4209 4171
f 4171 4209 4611
f 4209 4206 4611
f 4611 4206 4205
f 4217 4611 4202
f 4202 4611 4201
f 4201 4611 4203
f 4203 4611 4204
f 4611 4205 4204
f 4330 1784 4329
f 4329 1784 5294
f 1784 1782 5294
f 1782 1775 5294
f 5294 1775 5296
f 1775 1776 5296
f 4200 4214 4215
f 5653 4207 4208
f 5655 4167 5653
f 5653 4167 4214
f 4167 4168 4214
f 4214 4168 4869
f 5653 4214 4207
f 4207 4214 4210
f 4214 4211 4210
f 4211 4214 4212
f 4212 4214 4213
f 4214 4200 4213
f 5295 4327 4328
f 4327 5295 1923
f 1923 5295 1922
f 5295 5297 1922
f 1922 5297 1827
f 5297 1826 1827
f 9856 4171 4170
f 4171 9856 5651
f 5651 9856 5650
f 9856 9857 5650
f 4167 5655 4166
f 4166 5655 9857
f 5655 5654 9857
f 9857 5654 5650
f 5654 7519 5650
f 5650 7519 7187
f 3762 3763 9857
f 9857 3763 4166
f 9857 9856 3762
f 3762 9856 3760
f 1580 1578 4239
f 4239 1578 5298
f 1578 1575 5298
f 4871 4868 4928
f 4928 4868 4927
f 4175 4174 4221
f 4221 4174 4220
f 4175 4221 4176
f 4176 4221 4216
f 4223 4926 4221
f 4221 4926 4216
f 4926 4927 4216
f 4216 4927 4868
f 4220 4174 4219
f 4219 4174 4929
f 4085 4084 4174
f 4174 4084 4929
f 4084 4871 4929
f 4929 4871 4928
f 4169 4870 4168
f 4168 4870 4869
f 4208 4209 5653
f 5653 4209 5652
f 8300 8929 8299
f 8299 8929 8930
f 8299 8930 8298
f 8298 8930 8927
f 8298 8927 8301
f 8301 8927 8928
f 8301 8928 8032
f 8032 8928 8033
f 5290 5289 7522
f 7522 5289 7188
f 7522 7188 7521
f 7521 7188 7185
f 7521 7185 7520
f 7520 7185 7186
f 7520 7186 7519
f 7519 7186 7187
f 4723 3433 4727
f 1712 4722 1713
f 3425 830 3423
f 3422 4728 3429
f 3429 4728 3431
f 4728 4729 3431
f 3431 4729 3435
f 4729 4727 3435
f 3435 4727 3434
f 4727 3433 3434
f 4610 3416 4925
f 4925 3416 4722
f 3416 1714 4722
f 4722 1714 1713
f 1707 1701 4721
f 4721 1701 4720
f 1701 1702 4720
f 1707 4721 1709
f 1709 4721 1710
f 4721 4722 1710
f 1710 4722 1711
f 4722 1712 1711
f 1700 4719 1706
f 1706 4719 1705
f 4719 4720 1705
f 1705 4720 1704
f 4720 1702 1704
f 4718 4719 1696
f 1696 4719 1694
f 1694 4719 1693
f 1693 4719 1698
f 4719 1700 1698
f 1672 4725 1678
f 1678 4725 1677
f 4725 1680 1677
f 3422 3423 4728
f 4728 3423 3419
f 3423 830 3419
f 4726 4718 1688
f 1688 4718 1690
f 4718 1691 1690
f 1691 4718 1692
f 1692 4718 1697
f 4718 1696 1697
f 1686 4726 1684
f 1684 4726 1683
f 4726 1688 1683
f 4723 4724 3433
f 3433 4724 1671
f 4724 4725 1671
f 1671 4725 1670
f 4725 1676 1670
f 1676 4725 1675
f 1675 4725 1673
f 4725 1672 1673
f 1680 4725 1681
f 1681 4725 1682
f 4725 4726 1682
f 1682 4726 1687
f 4726 1686 1687
f 854 830 856
f 830 862 861
f 862 830 864
f 864 830 866
f 830 869 866
f 832 850 834
f 834 850 835
f 845 843 840
f 840 843 842
f 854 853 830
f 856 830 858
f 858 830 859
f 830 861 859
f 869 830 870
f 870 830 3426
f 830 3425 3426
f 845 840 846
f 846 840 848
f 840 850 848
f 832 830 850
f 850 830 851
f 830 853 851
f 835 850 837
f 837 850 838
f 850 840 838
f 3446 4815 3445
f 4735 4733 3442
f 3442 4733 3441
f 4733 4730 3441
f 3446 3447 4815
f 4736 1679 1660
f 4742 1646 1644
f 4730 4815 3441
f 3441 4815 3440
f 4815 3447 3440
f 1660 1661 4736
f 4736 1661 4738
f 1661 1663 4738
f 1679 4736 1667
f 1667 4736 1666
f 4736 4735 1666
f 1666 4735 3443
f 4735 3442 3443
f 4738 1658 1689
f 4739 1656 1648
f 4865 4747 4867
f 4867 4747 3415
f 4747 1630 3415
f 1658 4738 1657
f 1657 4738 1665
f 4738 1663 1665
f 1656 4739 1654
f 1654 4739 1652
f 4739 4738 1652
f 1652 4738 1651
f 4738 1689 1651
f 1648 1649 4739
f 4739 1649 4741
f 1649 1699 4741
f 1646 4742 1624
f 1624 4742 1623
f 4742 4741 1623
f 1623 4741 1647
f 4741 1699 1647
f 1644 1642 4742
f 4742 1642 4744
f 1642 1708 4744
f 1636 4747 1635
f 1635 4747 1634
f 4747 4745 1634
f 1634 4745 1633
f 4745 1641 1633
f 3445 4815 3444
f 3444 4815 828
f 4815 827 828
f 827 4815 867
f 867 4815 871
f 4815 872 871
f 1641 4745 1640
f 1640 4745 1638
f 4745 4744 1638
f 1638 4744 1637
f 4744 1708 1637
f 1630 4747 1629
f 1629 4747 1627
f 4747 1636 1627
f 872 4815 873
f 873 4815 874
f 4815 875 874
f 875 4815 876
f 876 4815 877
f 4815 878 877
f 4815 882 881
f 878 4815 879
f 879 4815 880
f 4815 881 880
f 882 4815 883
f 883 4815 884
f 4815 885 884
f 888 4815 889
f 889 4815 890
f 4815 891 890
f 891 4815 892
f 892 4815 893
f 4815 3417 893
f 885 4815 886
f 886 4815 887
f 4815 888 887
f 9704 3348 9705
f 9705 3348 9706
f 3348 3349 9706
f 3364 2606 3402
f 3402 2606 3361
f 3348 9704 3347
f 3347 9704 3320
f 9704 3355 3320
f 3349 3350 9706
f 9706 3350 9707
f 3350 3332 9707
f 3332 3333 9707
f 9707 3333 9708
f 3333 3329 9708
f 2568 9712 9711
f 9712 2568 9713
f 9713 2568 5291
f 2568 4924 5291
f 9711 9710 2568
f 2568 9710 2567
f 9710 9709 2567
f 3341 2567 3340
f 3340 2567 3339
f 2567 3346 3339
f 4699 4700 3379
f 3379 4700 3378
f 4700 4701 3378
f 3378 4701 3376
f 4701 4702 3376
f 3376 4702 3375
f 4702 4698 3375
f 3375 4698 4703
f 139 9704 143
f 143 9704 148
f 9704 147 148
f 3361 2606 3384
f 3384 2606 3386
f 2606 3387 3386
f 9708 3329 9709
f 9709 3329 2567
f 3329 3330 2567
f 2567 3330 3346
f 4711 3364 4710
f 4710 3364 4709
f 3364 4708 4709
f 3304 4699 3366
f 3366 4699 3367
f 4699 3368 3367
f 3368 4699 3370
f 3370 4699 3372
f 4699 3379 3372
f 4708 3364 4707
f 4707 3364 4706
f 3364 3362 4706
f 4711 4268 3364
f 3364 4268 2606
f 4268 2605 2606
f 3375 4703 3382
f 3382 4703 3383
f 4703 4704 3383
f 3383 4704 3362
f 4704 4705 3362
f 3362 4705 4706
f 3304 3366 897
f 897 3366 900
f 3366 902 900
f 908 895 910
f 910 895 911
f 894 905 929
f 929 905 927
f 905 926 927
f 902 3366 903
f 903 3366 905
f 3366 932 905
f 905 932 926
f 894 895 905
f 905 895 906
f 895 908 906
f 916 895 917
f 917 895 919
f 919 895 925
f 925 895 923
f 895 920 923
f 923 920 921
f 3387 2606 3389
f 3389 2606 3391
f 2606 3393 3391
f 911 895 913
f 913 895 914
f 895 916 914
f 3355 9704 3354
f 3354 9704 3353
f 9704 3352 3353
f 3352 9704 3312
f 3312 9704 140
f 9704 139 140
f 147 9704 145
f 145 9704 144
f 9704 152 144
f 152 9704 150
f 150 9704 149
f 9704 159 149
f 159 9704 157
f 157 9704 155
f 9704 154 155
f 3393 2606 3396
f 3396 2606 3344
f 2606 2567 3344
f 3344 2567 3342
f 2567 3341 3342
f 154 9704 163
f 163 9704 161
f 9704 160 161
f 160 9704 170
f 170 9704 168
f 9704 166 168
f 166 9704 165
f 165 9704 172
f 9704 173 172
f 173 9704 174
f 174 9704 176
f 9704 3308 176
f 9725 3231 9726
f 2536 4270 2566
f 4273 4931 2551
f 2551 4931 2540
f 4931 9727 2540
f 3253 3246 9716
f 9716 3246 9718
f 3246 3247 9718
f 9718 3247 9719
f 3247 3221 9719
f 9719 3221 3222
f 2536 3289 3283
f 4270 2536 3285
f 3285 2536 3284
f 2536 3283 3284
f 3242 2540 3240
f 3240 2540 3237
f 4270 3285 4697
f 4697 3285 4696
f 3285 4695 4696
f 3253 230 229
f 9719 3222 9720
f 9720 3222 9721
f 3222 3224 9721
f 9726 3231 9727
f 9727 3231 2540
f 3231 3232 2540
f 2540 3232 3237
f 3253 200 201
f 230 3253 232
f 232 3253 234
f 3253 235 234
f 3227 3231 9723
f 9723 3231 9724
f 3231 9725 9724
f 3227 9723 3226
f 3226 9723 3224
f 9723 9722 3224
f 3224 9722 9721
f 4691 3275 4690
f 4683 3261 3206
f 3206 3261 958
f 3261 960 958
f 3253 3212 3214
f 200 3253 221
f 221 3253 223
f 3253 226 223
f 3208 239 9716
f 9716 239 3253
f 239 237 3253
f 3253 237 235
f 3289 2536 3291
f 3291 2536 3293
f 2536 3295 3293
f 4695 3285 4694
f 4694 3285 4693
f 3285 3286 4693
f 4693 3286 4692
f 3286 3273 4692
f 4692 3273 4691
f 3273 3274 4691
f 4691 3274 3275
f 4683 4686 3261
f 3261 4686 3267
f 4686 4687 3267
f 3267 4687 3269
f 4687 4688 3269
f 3269 4688 3271
f 4688 4689 3271
f 3271 4689 3258
f 4689 4690 3258
f 3258 4690 3257
f 4690 3275 3257
f 960 3261 964
f 964 3261 963
f 3261 967 963
f 3252 3253 3250
f 3250 3253 3249
f 3253 3214 3249
f 215 3253 213
f 213 3253 212
f 3253 201 212
f 226 3253 225
f 225 3253 227
f 3253 229 227
f 967 3261 966
f 966 3261 972
f 3261 971 972
f 211 3253 209
f 209 3253 207
f 3253 206 207
f 206 3253 219
f 219 3253 217
f 3253 215 217
f 971 3261 969
f 969 3261 975
f 3261 974 975
f 3262 995 996
f 3212 3253 204
f 204 3253 203
f 3253 211 203
f 3295 2536 3297
f 3297 2536 3298
f 2536 2540 3298
f 3298 2540 3244
f 2540 3242 3244
f 974 3261 978
f 978 3261 977
f 3261 3262 977
f 977 3262 983
f 3262 982 983
f 995 3262 993
f 993 3262 991
f 3262 990 991
f 982 3262 980
f 980 3262 986
f 3262 985 986
f 990 3262 998
f 998 3262 3260
f 3262 3264 3260
f 985 3262 989
f 989 3262 988
f 3262 996 988
f 9858 9694 9689
f 108 9689 4508
f 4241 4930 4239
f 4239 4930 5293
f 1614 9691 1613
f 4239 5293 1580
f 1580 5293 1579
f 5293 9699 1579
f 1579 9699 1585
f 9699 1584 1585
f 1617 9693 1618
f 1618 9693 1619
f 9693 1621 1619
f 1600 9696 1599
f 1592 9695 1591
f 1591 9695 1596
f 9695 1598 1596
f 9701 9695 1595
f 1595 9695 1594
f 9695 1592 1594
f 1584 9699 1582
f 1582 9699 1581
f 9699 9701 1581
f 1581 9701 1586
f 9701 1588 1586
f 9858 9689 9859
f 9859 9689 9860
f 9689 9861 9860
f 1621 9693 1622
f 1622 9693 9862
f 9693 9694 9862
f 9862 9694 9863
f 9694 9858 9863
f 1613 9691 1612
f 1612 9691 1611
f 9691 9693 1611
f 1611 9693 1616
f 9693 1617 1616
f 9696 9697 1599
f 1588 9701 1589
f 1589 9701 1590
f 9701 1595 1590
f 104 108 106
f 1599 9697 1605
f 1605 9697 1607
f 9697 1608 1607
f 1608 9697 1609
f 1609 9697 1610
f 9697 9691 1610
f 1610 9691 1615
f 9691 1614 1615
f 1598 9695 1604
f 1604 9695 1603
f 9695 9696 1603
f 1603 9696 1602
f 9696 1600 1602
f 9861 9689 9864
f 9864 9689 9865
f 9689 9866 9865
f 86 9689 85
f 85 9689 84
f 9689 90 84
f 9866 9689 9867
f 9867 9689 9868
f 9689 71 9868
f 71 9689 70
f 70 9689 74
f 9689 73 74
f 73 9689 76
f 76 9689 68
f 9689 67 68
f 90 9689 89
f 89 9689 91
f 9689 93 91
f 67 9689 77
f 77 9689 79
f 9689 83 79
f 93 9689 98
f 98 9689 97
f 9689 95 97
f 83 9689 82
f 82 9689 87
f 9689 86 87
f 95 9689 103
f 103 9689 102
f 9689 108 102
f 102 108 100
f 108 104 100
f 6269 1576 9677
f 1576 1587 9677
f 4526 5298 4527
f 4527 5298 6269
f 5298 1575 6269
f 6269 1575 1576
f 1587 1569 9677
f 9677 1569 9678
f 1569 1570 9678
f 1566 9678 1574
f 1574 9678 1572
f 9678 1570 1572
f 9682 1545 9685
f 9679 1526 1527
f 9683 9684 9869
f 9869 9684 1530
f 9684 9685 1530
f 1530 9685 1529
f 1529 9685 1532
f 9685 1536 1532
f 9870 110 9871
f 1526 9679 1565
f 1565 9679 1597
f 9679 9678 1597
f 1597 9678 1567
f 9678 1566 1567
f 1606 9680 1560
f 1560 9680 1562
f 9680 9679 1562
f 1562 9679 1564
f 9679 1527 1564
f 1545 9682 1543
f 1543 9682 1550
f 9682 1549 1550
f 1536 9685 1534
f 1534 9685 1541
f 9685 1540 1541
f 9683 9873 9872
f 1559 9681 1558
f 1558 9681 1556
f 9681 9680 1556
f 1556 9680 1555
f 9680 1606 1555
f 9682 9681 1554
f 1554 9681 1552
f 9681 1559 1552
f 1549 9682 1547
f 1547 9682 1546
f 9682 1554 1546
f 1540 9685 1538
f 1538 9685 1537
f 9685 1545 1537
f 9872 9871 9683
f 9683 9871 4506
f 9871 113 4506
f 9873 9683 9874
f 9874 9683 9875
f 9683 9869 9875
f 113 9871 112
f 112 9871 111
f 9871 110 111
f 117 131 116
f 117 109 131
f 129 110 134
f 134 110 133
f 115 123 114
f 126 116 125
f 109 110 131
f 131 110 130
f 110 129 130
f 115 116 123
f 123 116 127
f 116 126 127
f 125 116 128
f 128 116 132
f 116 131 132
f 133 110 135
f 135 110 9876
f 110 9870 9876
f 114 123 121
f 121 123 120
f 123 124 120
f 120 124 119
f 124 118 119
f 1828 6271 9676
f 1853 9671 1855
f 4277 4276 4307
f 4307 4276 5297
f 4276 6271 5297
f 5297 6271 1826
f 6271 1828 1826
f 43 9662 9484
f 1828 9676 1834
f 1834 9676 1833
f 9676 1831 1833
f 1831 9676 1839
f 1839 9676 1838
f 9676 9674 1838
f 1838 9674 1836
f 9674 1835 1836
f 1875 1874 9669
f 9669 1874 9667
f 1824 1858 9664
f 9664 1858 9671
f 1858 1856 9671
f 9671 1856 1855
f 9673 1847 1845
f 1847 9673 1849
f 1849 9673 1850
f 9673 9671 1850
f 1850 9671 1852
f 9671 1853 1852
f 1835 9674 1841
f 1841 9674 1842
f 9674 9673 1842
f 1842 9673 1844
f 9673 1845 1844
f 1875 9669 1877
f 1877 9669 1878
f 9669 1879 1878
f 1866 9667 1868
f 1868 9667 1869
f 1866 1864 9667
f 9667 1864 9665
f 1864 1863 9665
f 1824 9664 1823
f 1823 9664 1860
f 9664 9665 1860
f 1860 9665 1861
f 9665 1863 1861
f 1879 9669 1881
f 1881 9669 9877
f 9669 9662 9877
f 1869 9667 1871
f 1871 9667 1872
f 9667 1874 1872
f 9877 9662 9878
f 9878 9662 9879
f 9662 9880 9879
f 13 9662 16
f 16 9662 8
f 9662 7 8
f 9880 9662 9881
f 9881 9662 9882
f 9662 11 9882
f 11 9662 10
f 10 9662 14
f 9662 13 14
f 7 9662 17
f 17 9662 19
f 9662 25 19
f 41 43 42
f 25 9662 24
f 24 9662 22
f 9662 21 22
f 9662 35 37
f 27 9662 29
f 29 9662 38
f 9662 37 38
f 35 9662 33
f 33 9662 31
f 9662 43 31
f 31 43 30
f 43 41 30
f 21 9662 5
f 5 9662 4
f 9662 27 4
f 4898 1923 8934
f 1894 8944 1895
f 1882 8947 1821
f 1923 1916 8934
f 8934 1916 8933
f 1916 1917 8933
f 1907 8936 1908
f 8952 9883 8951
f 8951 9883 8955
f 4898 3619 1923
f 1923 3619 4327
f 3619 3620 4327
f 1882 1883 8947
f 8946 9884 8950
f 9883 8952 9885
f 9885 8952 9886
f 8952 8950 9886
f 9886 8950 9887
f 8950 9884 9887
f 1913 8933 1915
f 8939 1897 8938
f 1886 8943 1887
f 9884 8946 9888
f 9888 8946 9889
f 8946 8947 9889
f 9889 8947 9890
f 8947 1883 9890
f 1908 8936 1909
f 1909 8936 1910
f 8936 8933 1910
f 1910 8933 1911
f 8933 1913 1911
f 1915 8933 1920
f 1920 8933 1919
f 8933 1917 1919
f 1897 8939 1900
f 1900 8939 1901
f 8939 8935 1901
f 1901 8935 1902
f 8935 1903 1902
f 8944 8945 1895
f 1821 8947 1820
f 1820 8947 1884
f 8947 8943 1884
f 1884 8943 1885
f 8943 1886 1885
f 2 9883 1
f 1903 8935 1904
f 1904 8935 1905
f 8935 8936 1905
f 1905 8936 1906
f 8936 1907 1906
f 1895 8945 1896
f 1896 8945 1899
f 8945 8938 1899
f 1899 8938 1898
f 8938 1897 1898
f 1887 8943 1888
f 1888 8943 1889
f 8943 1890 1889
f 60 48 65
f 65 48 64
f 1890 8943 1891
f 1891 8943 1892
f 8943 8944 1892
f 1892 8944 1893
f 8944 1894 1893
f 8957 8958 2
f 2 8958 9883
f 8958 8954 9883
f 9883 8954 8955
f 45 46 62
f 62 46 47
f 47 48 62
f 62 48 61
f 48 60 61
f 1 9883 44
f 44 9883 48
f 9883 66 48
f 48 66 64
f 49 45 53
f 53 45 52
f 45 51 52
f 51 45 50
f 50 45 55
f 45 54 55
f 54 45 58
f 58 45 57
f 45 56 57
f 56 45 59
f 59 45 63
f 45 62 63
f 1764 4752 1763
f 1732 4757 1733
f 1733 4757 1719
f 4757 4759 1719
f 1719 4759 1718
f 4759 1739 1718
f 4765 4767 9891
f 9891 4767 9892
f 4767 9893 9892
f 1774 1772 4755
f 4755 1772 4754
f 1739 4759 1737
f 1737 4759 1735
f 4759 1734 1735
f 4752 4754 1763
f 1763 4754 1766
f 4754 1767 1766
f 1751 4751 1758
f 1758 4751 1760
f 4751 4752 1760
f 1760 4752 1762
f 4752 1764 1762
f 1757 4750 1756
f 1756 4750 1754
f 4750 4751 1754
f 1754 4751 1752
f 4751 1751 1752
f 1721 1722 4757
f 4757 1722 4756
f 1722 9894 4756
f 4756 9894 4763
f 9894 9893 4763
f 4763 9893 4768
f 9893 4767 4768
f 1721 4757 1729
f 1729 4757 1727
f 4757 1725 1727
f 1774 4755 1776
f 1776 4755 5296
f 4755 3590 5296
f 5296 3590 4178
f 3590 3592 4178
f 1767 4754 1769
f 1769 4754 1771
f 4754 1772 1771
f 1747 4760 1746
f 1746 4760 1748
f 4760 4750 1748
f 1748 4750 1750
f 4750 1757 1750
f 1725 4757 1724
f 1724 4757 1730
f 4757 1732 1730
f 4765 9891 823
f 823 9891 762
f 9891 761 762
f 9891 770 764
f 1734 4759 1740
f 1740 4759 1742
f 4759 4760 1742
f 1742 4760 1744
f 4760 1747 1744
f 761 9891 759
f 759 9891 765
f 9891 764 765
f 9891 781 775
f 770 9891 769
f 769 9891 767
f 9891 773 767
f 773 9891 772
f 772 9891 776
f 9891 775 776
f 781 9891 780
f 780 9891 778
f 9891 784 778
f 784 9891 783
f 783 9891 787
f 9891 786 787
f 786 9891 794
f 794 9891 793
f 9891 791 793
f 791 9891 789
f 789 9891 788
f 9891 9895 788
f 788 9895 796
f 3712 4330 3711
f 6278 9896 6277
f 6288 9898 9897
f 6277 9896 6284
f 6284 9896 6287
f 9896 9899 6287
f 6287 9899 6286
f 1783 4873 1781
f 1781 4873 1780
f 9896 798 799
f 798 9896 797
f 797 9896 800
f 9896 801 800
f 6288 6289 9898
f 9898 6289 9900
f 6289 9901 9900
f 1796 1791 6302
f 6302 1791 6304
f 1791 1715 6304
f 6304 1715 1716
f 3712 4873 4330
f 4330 4873 1784
f 4873 1783 1784
f 801 9896 802
f 802 9896 803
f 9896 804 803
f 809 808 9896
f 9896 808 807
f 809 9896 810
f 810 9896 811
f 9896 812 811
f 9896 816 815
f 6286 9899 6294
f 6294 9899 6293
f 9899 9901 6293
f 6293 9901 6291
f 9901 6289 6291
f 1786 6305 1785
f 1785 6305 1819
f 6305 6304 1819
f 1819 6304 1790
f 6304 1716 1790
f 1780 4873 1779
f 1779 4873 1789
f 4873 6305 1789
f 1789 6305 1788
f 6305 1786 1788
f 816 9896 817
f 817 9896 818
f 9896 819 818
f 6278 6280 9896
f 9896 6280 825
f 6280 826 825
f 1817 1812 6392
f 6392 1812 1813
f 1817 6392 1816
f 1816 6392 1818
f 6392 6288 1818
f 1818 6288 9902
f 6288 9897 9902
f 6295 1809 1810
f 804 9896 805
f 805 9896 806
f 9896 807 806
f 812 9896 813
f 813 9896 814
f 9896 815 814
f 819 9896 820
f 820 9896 824
f 9896 825 824
f 1809 6295 1811
f 1811 6295 1815
f 6295 6392 1815
f 1815 6392 1814
f 6392 1813 1814
f 1808 6297 1807
f 1807 6297 1806
f 6297 6295 1806
f 1806 6295 1805
f 6295 1810 1805
f 6299 1804 1797
f 6300 6299 1799
f 1799 6299 1798
f 6299 1797 1798
f 1804 6299 1803
f 1803 6299 1802
f 6299 6297 1802
f 1802 6297 1801
f 6297 1808 1801
f 6415 6300 1792
f 1792 6300 1800
f 6300 1799 1800
f 1796 6302 1795
f 1795 6302 1794
f 6302 6415 1794
f 1794 6415 1793
f 6415 1792 1793
f 9571 734 2642
f 2729 7538 2730
f 2727 7542 2728
f 2728 7542 2729
f 7542 7544 2729
f 2729 7544 7538
f 2645 9579 2647
f 2734 7528 2735
f 7539 9595 3482
f 2660 9585 2662
f 7528 2734 7527
f 7527 2734 7530
f 2734 2733 7530
f 7530 2733 7532
f 2733 2732 7532
f 7532 2732 7533
f 2732 2731 7533
f 7533 2731 7535
f 2731 2730 7535
f 7535 2730 7536
f 2730 7538 7536
f 2735 1518 1517
f 9571 2653 734
f 734 2653 733
f 2653 732 733
f 1507 2735 1506
f 2735 1512 1509
f 1518 2735 1520
f 1520 2735 1522
f 2735 1523 1522
f 3481 3482 3558
f 3558 3482 3560
f 3482 9595 3560
f 2670 9589 2672
f 9585 9587 2662
f 2660 2659 9585
f 9585 2659 9584
f 2659 2647 9584
f 9584 2647 9582
f 2647 9579 9582
f 2645 2654 9579
f 9579 2654 9577
f 2654 2655 9577
f 9577 2655 9575
f 2655 2653 9575
f 9575 2653 9573
f 2653 9571 9573
f 732 2653 735
f 735 2653 736
f 2653 737 736
f 1507 1508 2735
f 1512 2735 1510
f 1510 2735 1516
f 2735 1515 1516
f 2641 1525 7528
f 7528 1525 2735
f 1525 1524 2735
f 2735 1524 1523
f 2719 9591 2717
f 2737 1499 1500
f 1506 2735 1505
f 1505 2735 1504
f 2735 1509 1504
f 1515 2735 1514
f 1514 2735 1513
f 2735 1517 1513
f 2717 9591 2716
f 2716 9591 2727
f 9591 9593 2727
f 2727 9593 7542
f 9593 9595 7542
f 7542 9595 7540
f 9595 7539 7540
f 737 2653 738
f 738 2653 739
f 2653 740 739
f 740 2653 741
f 741 2653 742
f 2653 743 742
f 743 2653 744
f 744 2653 745
f 2653 746 745
f 2653 753 752
f 2737 2736 1499
f 1499 2736 1498
f 2736 1496 1498
f 1496 2736 1495
f 1495 2736 1501
f 2736 2735 1501
f 1501 2735 1503
f 2735 1508 1503
f 2662 9587 2663
f 2663 9587 2665
f 9587 9589 2665
f 2665 9589 2667
f 9589 2670 2667
f 746 2653 747
f 747 2653 748
f 2653 749 748
f 749 2653 750
f 750 2653 751
f 2653 752 751
f 753 2653 754
f 754 2653 755
f 2653 756 755
f 2726 9591 2723
f 2723 9591 2721
f 9591 2719 2721
f 756 2653 757
f 757 2653 2650
f 2653 2651 2650
f 2672 9589 2673
f 2673 9589 2675
f 9589 9591 2675
f 2675 9591 2678
f 9591 2726 2678
f 3493 3572 3571
f 3493 3496 3572
f 3572 3496 3557
f 3496 3498 3557
f 631 2749 629
f 651 2781 653
f 653 2781 655
f 2781 657 655
f 646 2781 675
f 675 2781 649
f 2781 651 649
f 657 2781 658
f 658 2781 660
f 2781 661 660
f 9581 9580 2772
f 2772 9580 2779
f 9580 9578 2779
f 2779 9578 2780
f 9578 9576 2780
f 2780 9576 2783
f 9576 9574 2783
f 2783 9574 2782
f 9574 9572 2782
f 2782 9572 2781
f 9572 9570 2781
f 2781 9570 661
f 9570 2742 661
f 9588 2758 2761
f 2761 2763 9588
f 9588 2763 9590
f 2763 2765 9590
f 2749 2746 2747
f 636 2781 634
f 644 2781 648
f 648 2781 647
f 2781 646 647
f 9581 2772 9583
f 9583 2772 9586
f 2772 2771 9586
f 2786 2818 9590
f 9590 2818 2819
f 2749 2781 629
f 629 2781 628
f 2781 636 628
f 634 2781 639
f 639 2781 638
f 2781 642 638
f 642 2781 641
f 641 2781 645
f 2781 644 645
f 2758 9588 2757
f 2757 9588 2775
f 9588 9586 2775
f 2775 9586 2769
f 9586 2771 2769
f 2786 9590 2817
f 2817 9590 2767
f 9590 2765 2767
f 7559 7558 2798
f 2798 7558 2796
f 7558 7557 2796
f 2796 7557 2787
f 7557 7556 2787
f 2746 2749 622
f 622 2749 621
f 2749 624 621
f 624 2749 626
f 626 2749 632
f 2749 631 632
f 2812 7547 2813
f 2812 2809 7547
f 7559 2798 2738
f 2738 2798 1395
f 2798 2799 1395
f 1395 2799 1394
f 2799 1397 1394
f 7546 3478 9592
f 9592 3478 9594
f 3478 3479 9594
f 9594 3479 3588
f 3479 3587 3588
f 9590 2819 9592
f 9592 2819 7546
f 2819 2813 7546
f 7546 2813 7545
f 2813 7547 7545
f 7547 2809 7548
f 7548 2809 7549
f 2809 2807 7549
f 7549 2807 7553
f 2807 2806 7553
f 2787 7556 2789
f 2789 7556 2800
f 7556 7555 2800
f 2800 7555 2801
f 7555 7554 2801
f 2801 7554 2803
f 7554 7550 2803
f 2803 7550 2804
f 7550 7551 2804
f 2804 7551 2806
f 7551 7552 2806
f 2806 7552 7553
f 1397 2799 1401
f 1401 2799 1399
f 2799 1405 1399
f 1406 1386 1449
f 1449 1386 1407
f 1385 1392 1418
f 1418 1392 1431
f 1392 1420 1431
f 1405 2799 1404
f 1404 2799 1402
f 2799 1392 1402
f 1385 1386 1392
f 1392 1386 1391
f 1386 1406 1391
f 1389 1386 1388
f 1388 1386 1412
f 1412 1386 1440
f 1440 1386 1413
f 1386 1417 1413
f 1413 1417 1415
f 1420 1392 1419
f 1419 1392 2790
f 1392 2799 2790
f 1407 1386 1409
f 1409 1386 1411
f 1386 1389 1411
f 3510 3579 3566
f 3510 3515 3579
f 3579 3515 3577
f 3515 3504 3577
f 9545 663 2740
f 2814 9563 2820
f 2750 669 2752
f 3513 3583 3512
f 2762 9563 2764
f 2762 2760 9563
f 2777 9561 2776
f 665 2752 666
f 2814 2784 9563
f 2792 7525 2791
f 2802 7563 2793
f 2777 2778 9561
f 9561 2778 9559
f 2778 2745 9559
f 9559 2745 9557
f 9557 2745 9555
f 2745 2743 9555
f 9555 2743 9553
f 2743 2756 9553
f 9553 2756 9551
f 2756 2755 9551
f 9551 2755 9549
f 2755 2752 9549
f 9549 2752 9547
f 2752 9545 9547
f 666 2752 667
f 667 2752 668
f 2752 669 668
f 7563 7562 2793
f 2793 7562 2794
f 7562 7524 2794
f 2794 7524 2795
f 7524 7525 2795
f 2795 7525 2797
f 7525 2792 2797
f 2776 9561 2774
f 2774 9561 2773
f 9561 9563 2773
f 2773 9563 2759
f 9563 2760 2759
f 2764 9563 2766
f 2766 9563 2768
f 9563 2816 2768
f 9545 2752 663
f 663 2752 664
f 2752 665 664
f 671 689 672
f 688 669 687
f 687 669 686
f 669 685 686
f 2791 7525 1424
f 1424 7525 1423
f 7525 1429 1423
f 7563 2802 7565
f 7565 2802 7573
f 2802 2805 7573
f 672 689 674
f 674 689 676
f 689 677 676
f 677 689 678
f 678 689 679
f 689 680 679
f 680 689 681
f 681 689 682
f 689 684 682
f 682 684 683
f 685 669 690
f 690 669 2748
f 669 2750 2748
f 7525 1437 1438
f 2816 9563 2815
f 2815 9563 2785
f 9563 2784 2785
f 688 689 669
f 669 689 670
f 689 671 670
f 1429 7525 1428
f 1428 7525 1426
f 7525 1425 1426
f 1437 7525 1436
f 1436 7525 1434
f 7525 1433 1434
f 7525 1446 1447
f 3583 3513 3582
f 3582 3513 9567
f 3513 7585 9567
f 9567 7585 9565
f 7566 2808 7576
f 7576 2808 7578
f 2808 2810 7578
f 7578 2810 7580
f 2810 2822 7580
f 7580 2822 7582
f 2822 2821 7582
f 7582 2821 7585
f 2821 2820 7585
f 7585 2820 9565
f 2820 9563 9565
f 1425 7525 1430
f 1430 7525 1432
f 7525 1438 1432
f 1433 7525 1439
f 1439 7525 1441
f 7525 1447 1441
f 1446 7525 1445
f 1445 7525 1443
f 7525 1442 1443
f 1455 7525 1454
f 1454 7525 1453
f 7525 1452 1453
f 1452 7525 1451
f 1451 7525 1456
f 7525 2739 1456
f 7573 2805 7571
f 7571 2805 7569
f 2805 2808 7569
f 7569 2808 7567
f 2808 7566 7567
f 1442 7525 1448
f 1448 7525 1450
f 7525 1455 1450
f 3485 3565 3563
f 3485 3502 3565
f 3565 3502 3545
f 3502 3489 3545
f 4395 1359 2908
f 2908 1359 1323
f 1347 7561 2870
f 2870 7561 2872
f 7561 2874 2872
f 2860 9550 2859
f 2874 7561 2876
f 2876 7561 2879
f 7561 7564 2879
f 4395 7561 1359
f 1359 7561 1348
f 7561 1347 1348
f 1323 1359 1322
f 1322 1359 1325
f 1359 1329 1325
f 2836 2839 9544
f 9544 2839 9546
f 2839 2859 9546
f 9546 2859 9548
f 2859 9550 9548
f 2865 7579 2864
f 7570 2867 7572
f 1329 1359 1327
f 1327 1359 1333
f 1359 1332 1333
f 1332 1359 1330
f 1330 1359 1320
f 1359 1346 1320
f 1320 1346 1313
f 2836 9544 2835
f 2835 9544 2832
f 9544 2831 2832
f 2879 7564 2881
f 2881 7564 2882
f 7564 7575 2882
f 2882 7575 2884
f 7575 7574 2884
f 2884 7574 2885
f 7574 7572 2885
f 2885 7572 2887
f 7572 2867 2887
f 1314 1316 1317
f 9558 3493 9560
f 9560 3493 9562
f 3493 9564 9562
f 9564 3493 9566
f 9566 3493 3569
f 3493 3571 3569
f 1334 1314 1377
f 1377 1314 1335
f 1316 1314 1340
f 1340 1314 1368
f 1314 1345 1368
f 1368 1345 1341
f 1345 1343 1341
f 2831 9544 559
f 559 9544 558
f 9544 561 558
f 2867 7570 2869
f 2869 7570 2888
f 7570 7568 2888
f 2888 7568 2865
f 7568 7577 2865
f 2865 7577 7579
f 1313 1314 1320
f 1320 1314 1319
f 1314 1334 1319
f 1335 1314 1337
f 1337 1314 1339
f 1314 1317 1339
f 9544 567 568
f 561 9544 565
f 565 9544 563
f 9544 566 563
f 567 9544 572
f 572 9544 573
f 9544 574 573
f 9544 575 576
f 3492 3493 2857
f 2857 3493 2856
f 3493 2853 2856
f 566 9544 556
f 556 9544 555
f 9544 568 555
f 574 9544 553
f 553 9544 552
f 9544 576 552
f 575 9544 580
f 580 9544 581
f 9544 582 581
f 588 9544 586
f 586 9544 584
f 9544 591 584
f 591 9544 590
f 590 9544 589
f 9544 2824 589
f 2848 3493 2827
f 2892 2861 3492
f 3492 2861 7584
f 2861 2862 7584
f 7584 2862 7583
f 2862 2864 7583
f 7583 2864 7581
f 2864 7579 7581
f 2892 3492 2894
f 2894 3492 2896
f 3492 2898 2896
f 582 9544 550
f 550 9544 549
f 9544 588 549
f 2898 3492 2900
f 2900 3492 2902
f 3492 2857 2902
f 2853 3493 2844
f 2844 3493 2846
f 3493 2848 2846
f 2827 3493 2843
f 2843 3493 2842
f 3493 2860 2842
f 9550 2860 9552
f 9552 2860 9554
f 2860 3493 9554
f 9554 3493 9556
f 3493 9558 9556
f 3488 3554 3553
f 3488 3486 3554
f 3554 3486 3548
f 3486 3471 3548
f 66 9883 9903
f 66 9903 12
f 12 9903 9904
f 9903 9883 9904
f 9904 9883 9885
f 9885 9886 9904
f 9904 9886 9905
f 9886 9906 9905
f 9890 9907 9889
f 9889 9907 9888
f 9907 9908 9888
f 9888 9908 9884
f 9908 9887 9884
f 9887 9908 9886
f 9886 9908 9906
f 9908 9907 9906
f 9906 9907 9909
f 9907 9890 9909
f 9909 9890 1883
f 1881 9877 1880
f 1880 9877 9910
f 9877 9878 9910
f 9910 9878 9911
f 9878 9879 9911
f 9911 9879 9880
f 1880 9910 1883
f 1883 9910 9909
f 9910 9911 9909
f 9909 9911 9906
f 9911 9880 9906
f 9906 9880 9905
f 9880 9881 9905
f 9905 9881 9904
f 9881 9882 9904
f 9904 9882 12
f 9882 11 12
f 9912 795 9913
f 796 9895 9914
f 9914 9895 9915
f 9895 9891 9915
f 1722 9916 9894
f 9894 9916 9893
f 9916 9917 9893
f 9902 9918 1818
f 1818 9918 1723
f 9918 1722 1723
f 9919 9897 9898
f 9917 9916 9920
f 9920 9916 9921
f 9916 1722 9921
f 9921 1722 9919
f 1722 9918 9919
f 9919 9918 9897
f 9918 9902 9897
f 9900 9901 9922
f 9922 9901 9923
f 9901 9899 9923
f 9923 9899 9924
f 9899 9896 9924
f 9924 9896 9912
f 9896 799 9912
f 9912 799 795
f 9898 9900 9919
f 9919 9900 9921
f 9900 9922 9921
f 9921 9922 9920
f 9922 9923 9920
f 9920 9923 9917
f 9923 9924 9917
f 9893 9917 9892
f 9892 9917 9891
f 9917 9924 9891
f 9891 9924 9915
f 9924 9912 9915
f 9915 9912 9914
f 9912 9913 9914
f 9914 9913 796
f 9913 795 796
f 9867 9925 9866
f 9864 9865 9926
f 9860 9927 9859
f 9876 9928 135
f 135 9928 72
f 9928 9929 72
f 72 9929 71
f 1620 9930 1531
f 1531 9930 1530
f 9930 9931 1530
f 1530 9931 9869
f 9931 9932 9869
f 9869 9932 9875
f 1622 9862 1620
f 1620 9862 9930
f 9862 9863 9930
f 9930 9863 9931
f 9863 9858 9931
f 9858 9859 9931
f 9931 9859 9932
f 9859 9927 9932
f 9932 9927 9933
f 9927 9934 9933
f 9860 9861 9927
f 9927 9861 9934
f 9861 9864 9934
f 9934 9864 9935
f 9864 9926 9935
f 9875 9932 9874
f 9874 9932 9873
f 9932 9933 9873
f 9873 9933 9872
f 9933 9934 9872
f 9872 9934 9871
f 9934 9935 9871
f 9871 9935 9870
f 9935 9926 9870
f 9870 9926 9925
f 9926 9865 9925
f 9925 9865 9866
f 71 9929 9868
f 9868 9929 9867
f 9929 9928 9867
f 9867 9928 9925
f 9928 9876 9925
f 9925 9876 9870
