# Generated MicroDuck mesh; do not edit by hand.
# Source: microduck_rl/src/mjlab_microduck/robot/microduck/assets/np_f970.stl
# Source repository: https://github.com/pollen-robotics/microduck_rl.git@5946fd9cdbc58956424420153e51975af3b30d77
# Source SHA-256: 979ca81251d4ec5862b6c987b46095aa07d0534ca1ec15f3cf438bbf7189deda
# License: Creative Commons BY-SA-NC; see ../Licenses/ATTRIBUTION.json.
# Modified: exported MuJoCo-compiled mesh geometry in Tuanjie coordinates.
# Transform: (x,y,z) -> (-y,z,x); triangle winding reversed.
o np_f970
v 0.0192490816 0.0350101963 0.00262341066
v 0.019257538 0.0350029431 -0.0097765848
v 0.0192554742 0.0313036069 -0.00797402766
v 0.0192547776 0.02820969 -0.00797261018
v 0.0192552358 0.0248029418 -0.00977061782
v 0.0192540791 0.0247994121 -0.00835595001
v 0.0192505103 0.016561795 -0.00556579605
v 0.019252494 0.0126593383 -0.00976351369
v 0.0192513075 0.00740294624 -0.00976043846
v 0.0192538388 0.0313053988 -0.00557442149
v 0.0192493293 0.00740464311 -0.00686043873
v 0.0192419514 -0.0213381983 -0.00554362405
v 0.0192439351 -0.025240656 -0.00974134076
v 0.0192420259 -0.0336970463 -0.00973639451
v 0.0192452818 -0.00659459317 -0.00555224949
v 0.0192470718 -0.00259535504 -0.00685458863
v 0.0192469154 -0.00659639016 -0.00795185566
v 0.0192490481 -0.00259705191 -0.0097545879
v 0.0192462187 -0.00969030149 -0.00795043819
v 0.0192466769 -0.0130970497 -0.00974844582
v 0.0192455221 -0.0131005803 -0.00833377801
v 0.0192380045 -0.0354939438 -0.00443534274
v 0.0192331634 -0.0354897901 0.00266465428
v 0.0192384124 -0.0336939432 -0.00443639606
v -0.0125578977 -0.0336899348 -0.00985808484
v -0.0125583038 -0.0354899354 -0.00985703152
v -0.00470830547 -0.0354917049 -0.00985167734
v -0.0136285508 -0.0297640245 -0.00986111257
v -0.0135256611 -0.029858347 -0.00986098684
v -0.00470363162 -0.0147917103 -0.00986378733
v 0.00234890683 -0.00354330102 -0.00986555964
v -0.00235109194 -0.00354224164 -0.00986876525
v -0.00427675759 -0.00649180729 -0.00986835267
v -0.015071746 -0.0325348489 -0.00986047555
v -0.015204859 -0.0324928463 -0.0098605901
v -0.0191578958 -0.0336884484 -0.00986258686
v -0.0153338034 -0.032439407 -0.00986070931
v -0.0154575994 -0.0323749222 -0.00986083224
v -0.0155753056 -0.0322998986 -0.00986095611
v -0.015686024 -0.0322149023 -0.00986108091
v -0.0010286778 -0.0149925379 -0.00986116379
v -0.0010305068 -0.0230925363 -0.00985642429
v 0.004271321 -0.0149937328 -0.0098575484
v 0.00274449238 -0.0230933875 -0.00985385012
v -0.0157884024 -0.0298578367 -0.00986253005
v -0.0171059873 -0.02523252 -0.00986613519
v -0.0158827249 -0.0299607273 -0.0098625347
v -0.015967723 -0.0300714467 -0.00986252725
v -0.0171008743 -0.00258891704 -0.00987938233
v -0.0147963762 -0.0293955207 -0.00986212399
v -0.0146569256 -0.0293894634 -0.00986203272
v -0.0141097158 -0.0294860806 -0.00986160338
v -0.0139807705 -0.0295395236 -0.00986148417
v -0.0143798059 -0.0325652175 -0.00985998567
v -0.0145181976 -0.0325834081 -0.00986006949
v -0.0146576483 -0.0325894617 -0.00986016076
v -0.0147970961 -0.0325833447 -0.00986025948
v -0.0149354795 -0.0325650945 -0.00986036472
v -0.0157889128 -0.032120578 -0.00986120664
v -0.0158831906 -0.0320176445 -0.00986133143
v -0.0159681365 -0.0319068879 -0.00986145437
v -0.0162330419 -0.0312669463 -0.00986200944
v -0.0162512306 -0.0311285537 -0.00986210257
v -0.0162572861 -0.0309891049 -0.00986218825
v -0.0162511673 -0.0308496542 -0.00986226555
v -0.0162329152 -0.0307112709 -0.00986233447
v -0.0162026752 -0.0305750053 -0.00986239314
v -0.0161606725 -0.0304418914 -0.0098624425
v -0.0161072258 -0.0303129479 -0.00986248162
v -0.0160427466 -0.0301891528 -0.00986250956
v -0.0138569744 -0.0296040028 -0.00986136217
v -0.0137392692 -0.0296790265 -0.00986123737
v -0.0191474278 0.0126679353 -0.00988970604
v -0.0191486161 0.00741154281 -0.00988663081
v -0.0170974303 0.0126674725 -0.00988830812
v -0.0170986168 0.00741108088 -0.0098852329
v -0.0170946866 0.024811076 -0.00989541225
v -0.00427863188 -0.0147918062 -0.00986349769
v 0.00235300511 0.0146066956 -0.00987617765
v -0.00234699366 0.0146077545 -0.00987938326
v -0.00234881137 0.00655775657 -0.00987467449
v 0.0170467459 -0.0130966119 -0.00984994601
v 0.019146746 -0.0130970851 -0.00984851364
v 0.0191491172 -0.00259708799 -0.00985465571
v 0.00427324045 -0.0064937342 -0.00986252073
v 0.0170440041 -0.0252402183 -0.00984284189
v 0.0040933853 -0.0279936902 -0.00985006243
v 0.00274338573 -0.0279933866 -0.00985098351
v 0.00409169216 -0.0354936905 -0.00984567497
v 0.0125416899 -0.0354955941 -0.00983991101
v 0.012542096 -0.0336955935 -0.00984096434
v -0.0156854689 -0.0297635607 -0.00986251514
v -0.0155747132 -0.0296786129 -0.00986249
v -0.0154569736 -0.0296036415 -0.00986245275
v -0.014934768 -0.0294137094 -0.00986220781
v -0.0171032455 -0.0130889146 -0.00987323932
v -0.0191532448 -0.0130884526 -0.00987463817
v -0.0191508736 -0.0025884551 -0.00988078117
v -0.0145174777 -0.029395584 -0.009861934
v -0.0143790934 -0.0294138342 -0.00986182876
v -0.0142428279 -0.0294440761 -0.00986171886
v -0.0139814252 -0.0324397087 -0.0098597873
v -0.0141103948 -0.0324930958 -0.00985984411
v -0.0142435255 -0.0325350389 -0.00985991023
v -0.0191423837 0.0350115374 -0.00990277715
v -0.0191446859 0.0248115398 -0.00989681017
v 0.017049117 -0.00259661465 -0.00985608809
v 0.0023511874 0.00655669719 -0.00987146795
v 0.0136145223 -0.0297701638 -0.00984252989
v 0.0137252789 -0.0296852179 -0.00984250382
v -0.016043108 -0.0317891538 -0.00986157358
v -0.0161075313 -0.0316653252 -0.00986168999
v -0.0161609184 -0.0315363593 -0.00986180268
v -0.0191559866 -0.025232058 -0.00986753404
v -0.0162028614 -0.0314032249 -0.00986190885
v -0.0153331487 -0.0295392182 -0.00986240618
v -0.01520418 -0.0294858329 -0.00986234937
v -0.0150710484 -0.0294438899 -0.00986228324
v -0.0134313833 -0.0299612805 -0.00986086205
v -0.0133464364 -0.0300720371 -0.00986074004
v -0.0132714659 -0.0301897768 -0.0098606199
v -0.013431848 -0.0320181996 -0.00985965878
v -0.0135261724 -0.0321210884 -0.00985966343
v -0.013629104 -0.032215368 -0.00985967834
v -0.013081532 -0.0307119824 -0.00986018497
v -0.0130633442 -0.0308503732 -0.00986009091
v -0.0023445664 0.0236328878 -0.00988466106
v 0.0191576071 0.0350029059 -0.00987665262
v 0.00235761143 0.0350066908 -0.00988811255
v 0.00235535344 0.0250066947 -0.00988226198
v 0.0170513745 0.0074033835 -0.00986193866
v 0.0191513747 0.00740290992 -0.00986050628
v 0.0191525612 0.012659302 -0.00986358151
v 0.0146423448 -0.0325960666 -0.00984017551
v 0.0145032769 -0.0325856097 -0.0098400861
v 0.0143652689 -0.0325674079 -0.00984019041
v 0.0142293749 -0.0325372443 -0.00984030124
v 0.0140966251 -0.0324953571 -0.00984041579
v 0.0139680309 -0.0324420556 -0.009840535
v 0.0138445729 -0.0323777534 -0.009840657
v 0.0137271881 -0.0323029347 -0.00984078087
v 0.0146430666 -0.0293960683 -0.00984204747
v 0.0147825144 -0.029402189 -0.00984194875
v -0.0137398606 -0.0323003121 -0.00985970441
v -0.0138576003 -0.0323752835 -0.00985974073
v 0.0170525629 0.0126597751 -0.00986501388
v 0.0170553047 0.0248033796 -0.00987211801
v 0.00235504308 0.0236326065 -0.00988145825
v -0.0130572878 -0.0309898257 -0.00986000523
v -0.0130634075 -0.0311292727 -0.00985992793
v -0.0130816577 -0.0312676542 -0.00985985994
v -0.0131118996 -0.0314039215 -0.00985980034
v -0.0131539032 -0.0315370373 -0.00985975098
v -0.0132073481 -0.0316659771 -0.00985971186
v -0.0132718273 -0.0317897759 -0.00985968392
v -0.0133468509 -0.0319074802 -0.00985966623
v -0.00234238734 0.0350077525 -0.00989131816
v -0.00234464533 0.0250077546 -0.00988546759
v 0.0191553049 0.0248029064 -0.00987068564
v 0.0136148855 -0.0322200991 -0.00974372402
v 0.0135141611 -0.0321241021 -0.00984103046
v 0.0134201413 -0.0320214517 -0.00984115526
v -0.0132070426 -0.0303136017 -0.00986050349
v -0.0131536555 -0.0304425694 -0.00986039173
v -0.0131117124 -0.030575702 -0.00986028463
v 0.0142289437 -0.0294504948 -0.00984229799
v 0.0143652242 -0.0294203125 -0.00984222256
v 0.0145036159 -0.0294021256 -0.00984213874
v 0.0149208978 -0.0294204392 -0.00984184351
v 0.0150571642 -0.0294506811 -0.00984173268
v 0.0151902772 -0.0294926837 -0.0098416172
v 0.019142095 -0.0336970836 -0.00983646233
v 0.0149201863 -0.0325718224 -0.00983999949
v 0.0147817945 -0.032590013 -0.00984008331
v 0.0132572455 -0.0301957559 -0.0098425243
v 0.0133322692 -0.0300780497 -0.009842542
v 0.0138430186 -0.0296102464 -0.00984246749
v 0.0139668435 -0.0295458231 -0.00984242093
v 0.014095813 -0.0294924378 -0.00984236412
v 0.0153192217 -0.0295461286 -0.00984149799
v 0.0154430177 -0.0296106078 -0.00984137598
v 0.0191440042 -0.0252406914 -0.00984140951
v 0.0155607238 -0.0296856314 -0.00984125212
v 0.0156714413 -0.0297706276 -0.00984112639
v 0.0153185669 -0.0324463136 -0.00983980112
v 0.0151895983 -0.0324996971 -0.00983985793
v 0.0150564667 -0.0325416401 -0.00983992405
v 0.0131927663 -0.030319551 -0.00984249543
v 0.0134172663 -0.0299673323 -0.00984254852
v 0.0135115907 -0.0298644416 -0.00984254479
v 0.0162365865 -0.0311358776 -0.00983994268
v 0.0162183344 -0.0312742591 -0.00983987376
v 0.0156708881 -0.0322219729 -0.00983969215
v 0.0155601315 -0.032306917 -0.00983971823
v 0.0154423919 -0.0323818885 -0.00983975455
v 0.0133318547 -0.0319134928 -0.00984146819
v 0.0132568842 -0.0317957588 -0.00984158833
v 0.0131924609 -0.0316719301 -0.00984170474
v 0.0131390737 -0.0315429606 -0.0098418165
v 0.0130971307 -0.0314098299 -0.00984192267
v 0.0130669512 -0.0312735513 -0.00984202325
v 0.0130487625 -0.0311351586 -0.00984211639
v 0.0162427053 -0.0309964288 -0.00984001998
v 0.013067076 -0.0307178758 -0.00984234829
v 0.0130973179 -0.0305816103 -0.00984240789
v 0.0131393215 -0.0304484963 -0.00984245725
v 0.015774332 -0.029864952 -0.00984100159
v 0.0158686079 -0.0299678836 -0.0098408768
v 0.0159535557 -0.0300786402 -0.00984075386
v 0.0160285272 -0.0301963817 -0.00984063372
v 0.0160929505 -0.0303202048 -0.0098405173
v 0.0161463376 -0.0304491743 -0.00984040555
v 0.0130427061 -0.030995708 -0.00984220207
v 0.0130488258 -0.0308562592 -0.0098422803
v 0.0159531403 -0.0319140851 -0.00983968005
v 0.0160281658 -0.0317963809 -0.00983969774
v 0.016092645 -0.031672582 -0.00983972661
v 0.0158681441 -0.0320248008 -0.00983967353
v 0.0157738198 -0.0321276933 -0.00983967725
v 0.0161882807 -0.0305823069 -0.00984029938
v 0.0162184592 -0.0307185855 -0.00984019879
v 0.016236648 -0.0308569781 -0.00984010566
v 0.0161880925 -0.0314105265 -0.00983981509
v 0.0161460899 -0.0315436386 -0.00983976573
v -0.0041801203 -0.0148905702 -0.00771337142
v -0.00417872239 -0.0148917697 -0.00976337027
v -0.0046037226 -0.0148916738 -0.00976366084
v -0.00113070104 -0.0148907602 -0.00686129089
v -0.00113012129 -0.0148912575 -0.00771129085
v -0.00380570046 -0.0148901576 -0.00686311536
v -0.00460495008 -0.0148906205 -0.0079636611
v 0.00248097698 -0.0355915129 -0.00674671447
v 0.00121455605 -0.0355912261 -0.00674757827
v 0.00121275731 -0.0355903469 -0.00524796732
v 0.015180653 -0.0355846807 0.00950732362
v 0.0157599822 -0.0355852209 0.00913364533
v -0.0012354434 -0.0355906747 -0.00674924953
v -0.00386136514 -0.0355900824 -0.00675104046
v -0.0158025175 -0.0355781056 0.00911211688
v 0.0135421157 -0.0355926603 -0.00444335537
v 0.0134469829 -0.0355926454 -0.00445594545
v -0.00123568997 -0.0355897956 -0.00524963764
v -0.00173725199 -0.0355819911 0.0079004094
v -0.0112722395 -0.0355782919 0.0105439061
v -0.00283672498 -0.0355801918 0.0105496598
v 0.0130071864 -0.0355926529 -0.00463846745
v 0.0129310936 -0.0355926715 -0.00469693728
v 0.00409065234 -0.0355928168 -0.00835419539
v 0.0128603866 -0.0355926938 -0.00476181693
v 0.0127956038 -0.0355927199 -0.00483261235
v 0.0133533096 -0.035592638 -0.00447678007
v 0.0132618072 -0.0355926342 -0.00450569903
v 0.013173175 -0.0355926342 -0.00454248255
v 0.00169638288 -0.0355827622 0.00790275075
v 0.00279224128 -0.0355814621 0.0105534997
v 0.0112277558 -0.035583362 0.0105592534
v 0.0127372369 -0.0355927534 -0.00490878429
v 0.0126857311 -0.035592787 -0.00498975394
v 0.0126414793 -0.0355928279 -0.00507490337
v -0.0146122621 -0.0355777778 0.00980540738
v -0.0139753651 -0.0355777666 0.0100697288
v -0.013317856 -0.0355777927 0.010277533
v -0.0125989337 -0.0355872437 -0.00527229952
v -0.0125781009 -0.0355873033 -0.00536597287
v -0.00470964611 -0.0355905741 -0.00791910104
v -0.0125655094 -0.0355873629 -0.00546110654
v -0.00470839627 -0.035591647 -0.00975161884
v -0.012558395 -0.0355898775 -0.00975697394
v -0.0125612589 -0.0355874188 -0.00555697503
v 0.0130880848 -0.0355926417 -0.00458685122
v 0.0126048168 -0.0355928726 -0.0051635867
v 0.0125760222 -0.0355929174 -0.00525512733
v 0.0125553161 -0.0355929695 -0.00534882955
v -0.0152236978 -0.0355778262 0.00948658492
v -0.012644738 -0.0355778597 0.0104272412
v -0.0119611314 -0.0355779603 0.0105177145
v 0.0119172456 -0.0355826765 0.0105404798
v 0.0126004117 -0.0355835482 0.0104444614
v 0.0132737337 -0.0355837867 0.0102956714
v -0.0126278531 -0.0355871841 -0.00518079801
v -0.0126646366 -0.0355871245 -0.00509216497
v -0.0127090057 -0.0355870649 -0.00500707561
v 0.0125415996 -0.0355955325 -0.00973985251
v 0.00409160135 -0.0355936289 -0.00974561647
v 0.0125387348 -0.0355930775 -0.00553985406
v 0.012542855 -0.0355930217 -0.00544397999
v 0.0139315259 -0.0355840586 0.0100887641
v 0.0145687824 -0.0355843566 0.00982531253
v -0.0129547669 -0.0355868377 -0.00471459422
v -0.0130309397 -0.0355867855 -0.00465622824
v 0.0136379842 -0.0355926789 -0.00443910435
v 0.016309835 -0.035585396 0.00871780887
v 0.0168185551 -0.0355857834 0.00825229101
v 0.0190164763 -0.035588745 0.00403714227
v 0.0191069525 -0.035589166 0.00335353683
v 0.0191331413 -0.0355897658 0.0026646445
v 0.0191379823 -0.0355939195 -0.00443535252
v -0.0127606215 -0.0355870053 -0.00492617674
v -0.0128190927 -0.0355869457 -0.00485008396
v -0.0128839714 -0.0355868898 -0.00477937702
v -0.0163518023 -0.0355780348 0.00869552977
v -0.0136620086 -0.0355865285 -0.00445772568
v -0.0135661345 -0.0355865508 -0.00446184631
v -0.0132857412 -0.0355866514 -0.00452380721
v -0.0133772828 -0.0355866142 -0.00449501304
v -0.0134709841 -0.0355865806 -0.00447430648
v -0.013111908 -0.0355867371 -0.00460472237
v -0.0131970588 -0.0355866924 -0.00456046965
v 0.0180758201 -0.0355870239 0.00661610253
v 0.0183946453 -0.0355874561 0.00600466691
v 0.0172847658 -0.0355861858 0.00774420751
v 0.0177049208 -0.035586603 0.0071974243
v 0.018658964 -0.0355878882 0.00536777079
v 0.01886677 -0.0355883203 0.00471026171
v -0.0191620067 -0.035585288 -0.00446147704
v -0.0191668496 -0.0355811343 0.00263851997
v -0.0191415995 -0.0355805457 0.00332744722
v -0.0190584641 -0.0355794989 0.00401230017
v -0.0189095493 -0.0355791412 0.00468617678
v -0.0186963603 -0.0355794653 0.00534229074
v -0.0184329096 -0.0355791524 0.00597954681
v -0.0181205533 -0.0355782025 0.00659466395
v -0.0177448131 -0.0355786122 0.00717324391
v -0.0173254032 -0.035578385 0.00772059942
v -0.0168598872 -0.0355781913 0.00822931901
v -0.00283677061 -0.0354801342 0.010649601
v -0.0112722851 -0.0354782343 0.0106438473
v -0.0028241789 0.0202843398 0.0106169777
v -0.011256366 0.0350217521 0.0106026037
v 0.00280478736 0.0202830695 0.0106208175
v 0.0112436293 0.035016682 0.0106179509
v 0.00279219565 -0.0354814045 0.0106534408
v 0.0112277102 -0.0354833044 0.0106591946
v -0.0119695095 -0.0354780927 0.0106129283
v -0.0119535904 0.0350218937 0.0105716847
v -0.0126613863 -0.0354779921 0.0105213616
v -0.0126454681 0.0350219943 0.0104801171
v -0.0133426506 -0.0354779251 0.0103698419
v -0.0133267315 0.0350220613 0.0103285983
v -0.014008116 -0.035477899 0.0101595214
v -0.0139921969 0.0350220874 0.0101182777
v -0.0146527188 -0.0354779102 0.00989200361
v -0.0146367997 0.0350220762 0.00985075999
v -0.0152715528 -0.0354779586 0.00956932269
v -0.0152556337 0.0350220278 0.00952807907
v -0.0158599094 -0.035478048 0.0091939345
v -0.0158439893 0.0350219421 0.00915269088
v -0.0164133087 -0.035478171 0.00876869541
v -0.0163973887 0.0350218192 0.00872745179
v -0.0169275384 -0.0354783311 0.00829684362
v -0.0169116203 0.035021659 0.0082556
v -0.0173986908 -0.0354785249 0.00778196845
v -0.0173827708 0.0350214615 0.00774072483
v -0.0178231727 -0.0354787521 0.00722798984
v -0.0178072546 0.0350212343 0.00718674576
v -0.0181977581 -0.0354790129 0.00663912296
v -0.01818184 0.0350209735 0.00659787934
v -0.0185195953 -0.0354793034 0.00601984933
v -0.0185036752 0.0350206867 0.00597860571
v -0.0187862348 -0.0354796201 0.00537488284
v -0.0187703148 0.0350203663 0.00533363922
v -0.0189956464 -0.0354799628 0.00470913108
v -0.0189797264 0.0350200273 0.00466788746
v -0.0191462357 -0.0354803279 0.00402766094
v -0.0191303175 0.0350196622 0.00398641732
v -0.0192368589 -0.0354807116 0.00333565963
v -0.0192209408 0.0350192748 0.003294416
v -0.019266827 -0.0354811102 0.00263839308
v -0.019250907 0.0350188762 0.00259714946
v -0.0192615762 -0.0336856544 -0.00446343236
v -0.0192619842 -0.0354852676 -0.00446160417
v -0.0192547087 -0.00658591557 -0.00557851046
v -0.0192580372 -0.0213295203 -0.00556988548
v -0.0192560535 -0.0252319779 -0.0097676022
v -0.0192579627 -0.0336883664 -0.00976265501
v -0.0192506611 0.00741332117 -0.0068866997
v -0.0192529187 -0.00258667697 -0.0068808496
v -0.0192509405 -0.00258837384 -0.00978084933
v -0.0192530714 -0.00658732001 -0.00797850918
v -0.0192533117 -0.0130883716 -0.00977470633
v -0.0192537699 -0.00968162343 -0.00797669869
v -0.0192542747 -0.0130875455 -0.00836392958
v -0.019248683 0.0074116243 -0.00978669897
v -0.0192474965 0.0126680164 -0.00978977419
v -0.0192494802 0.0165704731 -0.00559205748
v -0.0192461517 0.0313140787 -0.00560068246
v -0.0192424506 0.0350116193 -0.00980284624
v -0.0192445144 0.0313126743 -0.00800068118
v -0.0192447547 0.0248116199 -0.00979687832
v -0.0192452129 0.0282183681 -0.00799887069
v -0.0192457158 0.024812445 -0.00838610157
v 0.0192020554 -0.0354937352 0.00336186518
v 0.0192181636 0.0350106135 0.00332063576
v 0.0191104896 -0.0354933068 0.0040537254
v 0.0191265978 0.0350110382 0.00401251251
v 0.0189589728 -0.0354928747 0.00473497342
v 0.0189750772 0.0350114703 0.00469377637
v 0.0187486596 -0.0354924388 0.00540042296
v 0.0187647585 0.0350119062 0.00535924174
v 0.0184811484 -0.035492003 0.00604500994
v 0.0184970684 0.0350167044 0.0060037612
v 0.0181584731 -0.0354915671 0.00666382862
v 0.018174395 0.0350171365 0.00662257988
v 0.0177830961 -0.0354911387 0.0072521707
v 0.0177990161 0.0350175686 0.00721092196
v 0.0173578672 -0.0354907177 0.00780555652
v 0.0173737872 0.0350179859 0.00776430778
v 0.0168860257 -0.0354903117 0.00831977651
v 0.0169019457 0.0350183956 0.0082785273
v 0.0163711626 -0.0354899168 0.0087909149
v 0.0163870845 0.0350187868 0.00874966569
v 0.0158171989 -0.0354895443 0.00921538752
v 0.0158331189 0.0350191593 0.00917413924
v 0.0152283441 -0.0354891941 0.00958996452
v 0.0152442651 0.0350195132 0.00954871532
v 0.0146090845 -0.0354888663 0.00991179235
v 0.0146250054 0.035019841 0.00987054408
v 0.0139641333 -0.0354885645 0.0101784253
v 0.0139800543 0.0350201428 0.0101371761
v 0.013298397 -0.0354882888 0.0103878323
v 0.0133143179 0.0350204147 0.010346584
v 0.0126169436 -0.0354880467 0.0105384188
v 0.0126328645 0.0350206569 0.0104971705
v 0.0119249765 -0.0354834795 0.0106292274
v 0.0119408797 0.0350208655 0.010587791
v -0.0191424284 0.0351115949 -0.00980283599
v -0.00234243297 0.0351078063 -0.009791377
v -0.0191508848 0.0351188518 0.00259715924
v -0.00234447885 0.0351095647 -0.00679137744
v -0.0191256348 0.0351190567 0.00328608695
v 0.0023575658 0.0351067483 -0.00978817046
v 0.0191575624 0.0351029634 -0.00977671146
v 0.00235551991 0.035108503 -0.00678817136
v 0.0191491041 0.0351102166 0.002623284
v -0.0163358394 0.0351215675 0.00865416974
v -0.0168439224 0.0351214111 0.00818795897
v -0.0173094403 0.0351212174 0.00767923892
v -0.0177288484 0.0351209939 0.00713188341
v -0.0180989541 0.0351207368 0.00655005639
v -0.0184169449 0.03512045 0.00593818631
v -0.0186803956 0.035120137 0.00530093024
v -0.0188873038 0.035119798 0.00464313803
v -0.0190360937 0.0351194367 0.00396981509
v 0.0168345179 0.0351138189 0.00821093097
v 0.0163257997 0.0351142064 0.00867644791
v 0.0191229153 0.0351104364 0.00331217656
v 0.0190388449 0.0351101942 0.00399691612
v 0.0188890137 0.0351106226 0.00467058923
v 0.0126163764 0.0351160541 0.0104031013
v 0.0119326469 0.0351162627 0.0104926415
v 0.0112437196 0.0351166204 0.0105178924
v 0.0180974137 0.0351119153 0.00657799793
v 0.0177208856 0.0351130031 0.0071560638
v 0.0173007287 0.0351134166 0.00770284701
v 0.0157784428 0.0351145752 0.00909585692
v 0.0151966168 0.0351149216 0.00946596265
v 0.0145847462 0.0351152495 0.00978395157
v 0.0139474897 0.0351155475 0.0100474041
v 0.0132896984 0.0351158157 0.0102543114
v 0.0186749287 0.0351117179 0.00532641029
v 0.01841061 0.03511215 0.00596330641
v -0.0112562748 0.0351216942 0.0105025452
v -0.0119451666 0.0351216421 0.0104763545
v -0.0126287732 0.0351217464 0.0103858812
v -0.0133018922 0.0351218097 0.0102361729
v -0.0139594013 0.0351218358 0.0100283679
v -0.0145962974 0.0351218246 0.00976404734
v -0.015207734 0.0351217762 0.00944522396
v -0.0157890543 0.0351216905 0.00907432381
v 0.00215563783 0.0350103416 -0.0068882145
v -0.00214666245 0.0350094624 -0.00689123385
v 0.00215335283 0.0252084937 -0.0068825162
v -0.00214664615 0.0252094641 -0.00688544894
v -0.00224657776 0.0252094269 -0.00698551768
v -0.00224436494 0.0350094251 -0.00699125091
v -0.00224461895 0.02520556 -0.00978551526
v -0.00224245549 0.035007786 -0.00979125034
v 0.00225533033 0.0252067745 -0.00978244748
v 0.00225754315 0.0350067727 -0.0097881807
v 0.00225342088 0.0252084136 -0.00698244805
v 0.00225563371 0.0350084119 -0.00698818127
v 0.00215339847 0.0251084361 -0.00698245782
v -0.00214660075 0.0251094047 -0.00698539102
v 0.00215753703 0.0251068454 -0.00978245586
v -0.00214476162 0.0251077283 -0.0097872382
v -0.00273176981 0.020191893 0.0105553633
v -0.00165815104 0.0191180408 0.00796845462
v -0.00274434057 -0.0354801938 0.0105879325
v -0.00167051202 -0.0354841314 0.00800035056
v 0.00269984989 -0.0354814194 0.0105916457
v 0.00162951939 -0.0354826935 0.0080026472
v 0.00271242065 0.0201906655 0.0105590764
v 0.00164184812 0.0191172976 0.00797070563
v -0.0191634092 -0.0338841416 -0.00456245337
v -0.0191619173 -0.0354853496 -0.00456153555
v -0.0136615569 -0.0338865854 -0.00455872016
v -0.0136619182 -0.0354865864 -0.00455778418
v -0.0135743981 -0.0338866077 -0.00456246594
v -0.0135703478 -0.0354955122 -0.00451157102
v -0.0134878987 -0.0338866338 -0.00457379362
v -0.0134882601 -0.0354866348 -0.00457285764
v -0.0134027144 -0.0338866636 -0.00459261797
v -0.0134030757 -0.0354866646 -0.00459168153
v -0.0133194961 -0.0338867009 -0.00461879419
v -0.0133198574 -0.0354866982 -0.00461785821
v -0.0132388743 -0.0338867381 -0.00465212436
v -0.0132392356 -0.0354867391 -0.00465118792
v -0.0131614655 -0.0338867791 -0.00469235331
v -0.0131618269 -0.0354867801 -0.00469141733
v -0.0130878575 -0.0338868238 -0.00473917648
v -0.0130882179 -0.0354868211 -0.0047382405
v -0.01301861 -0.0338868685 -0.00479223719
v -0.0130189713 -0.0354868695 -0.00479130121
v -0.0129542509 -0.0338869169 -0.00485113077
v -0.012893823 -0.0354917869 -0.00478944229
v -0.0129575934 -0.0338813439 -0.00496806297
v -0.0128335208 -0.035492748 -0.00486241048
v -0.0128421141 -0.0338870212 -0.00498458464
v -0.0127760647 -0.0354928076 -0.00493719662
v -0.0127951903 -0.0338870734 -0.00505812932
v -0.0127253467 -0.0354928635 -0.00501670642
v -0.0127550261 -0.0338827744 -0.005135566
v -0.0126817515 -0.0354929231 -0.00510033453
v -0.0127215935 -0.0338828303 -0.00521612633
v -0.0126456087 -0.0354929827 -0.00518744253
v -0.0126953078 -0.0338828824 -0.0052992939
v -0.0126171969 -0.0354930423 -0.00527736964
v -0.0126763722 -0.0338829383 -0.00538443541
v -0.0126765473 -0.0354872942 -0.00538346358
v -0.0127291 -0.0338794924 -0.00547677465
v -0.0126651013 -0.0354873464 -0.00546994852
v -0.012660875 -0.0338873975 -0.00555803766
v -0.0126612363 -0.0354873985 -0.00555710169
v -0.0126580009 -0.0338898376 -0.00975896604
v -0.0126583716 -0.0354898572 -0.0097571006
v -0.0186243821 -0.033787284 -0.00766455848
v -0.0185913984 -0.0337873809 -0.00781285483
v -0.0191579871 -0.0337883905 -0.00976252835
v -0.019162396 -0.033785399 -0.00466251234
v -0.018644521 -0.0337870158 -0.00721040275
v -0.018651044 -0.0337871015 -0.00736218179
v -0.0157921538 -0.0337883309 -0.00869089924
v -0.015677413 -0.0337884948 -0.00859152526
v -0.0127579682 -0.0337898284 -0.0097590927
v -0.0186443143 -0.0337871909 -0.00751395244
v -0.0182395317 -0.0337876529 -0.00847846456
v -0.018331863 -0.0337875634 -0.00835830346
v -0.0184133723 -0.0337874703 -0.00823055208
v -0.0182410534 -0.033786349 -0.00624533975
v -0.0183332209 -0.0337863974 -0.00636562658
v -0.0185456164 -0.033787474 -0.00795771182
v -0.0184834376 -0.0337873772 -0.00809618179
v -0.0151749328 -0.0337877981 -0.00720803579
v -0.0151948649 -0.033787705 -0.00705743022
v -0.0127608525 -0.0337873772 -0.00555816432
v -0.0159117579 -0.0337868854 -0.00593382493
v -0.0160421189 -0.0337866172 -0.00585606135
v -0.0136614656 -0.033786647 -0.0046587782
v -0.0177791808 -0.0337862261 -0.005857246
v -0.0179069322 -0.0337862447 -0.00593875488
v -0.0176448133 -0.0337862149 -0.0057871812
v -0.0180270933 -0.0337862708 -0.00603108853
v -0.0181387514 -0.0337863043 -0.00613354333
v -0.0185464304 -0.0337867774 -0.00676650926
v -0.018592013 -0.0337868519 -0.00691142865
v -0.0186247937 -0.0337869301 -0.0070597697
v -0.0155748548 -0.0337884501 -0.00847944804
v -0.0154824536 -0.0337884016 -0.00835885946
v -0.0154009154 -0.0337883458 -0.00823067594
v -0.018414557 -0.0337864533 -0.00649348879
v -0.0184883885 -0.0337867066 -0.00662611471
v -0.0181370769 -0.0337877423 -0.00859012082
v -0.0180252772 -0.0337878279 -0.00869242288
v -0.0179049931 -0.0337879099 -0.00878459215
v -0.01777713 -0.0337879844 -0.00886592735
v -0.0176426657 -0.0337880552 -0.0089358082
v -0.0175041072 -0.0337883197 -0.00899780076
v -0.0173591897 -0.0337883793 -0.00904338527
v -0.0172108486 -0.0337884314 -0.00907616504
v -0.0170602147 -0.0337884761 -0.00909589231
v -0.0164577644 -0.0337885804 -0.00904276967
v -0.0163129065 -0.0337885879 -0.00899698772
v -0.0161725916 -0.0337885842 -0.00893875584
v -0.0155797172 -0.0337869488 -0.00624352461
v -0.0156821739 -0.0337868594 -0.00613186788
v -0.015793968 -0.0337867737 -0.00602956535
v -0.0161747448 -0.0337867364 -0.00578222936
v -0.016315138 -0.0337866731 -0.00572418747
v -0.0164600592 -0.0337866135 -0.00567860389
v -0.0170625821 -0.0337864459 -0.00562630361
v -0.0172131881 -0.0337864235 -0.00564623578
v -0.0169084352 -0.0337885134 -0.00910241436
v -0.0167566668 -0.0337885432 -0.00909568463
v -0.0166060608 -0.0337885655 -0.00907575246
v -0.0160400663 -0.0337883756 -0.0088647427
v -0.0159123149 -0.0337883569 -0.00878323335
v -0.0153308585 -0.0337882824 -0.00809587352
v -0.0152728176 -0.0337882116 -0.0079554785
v -0.0152272331 -0.0337881371 -0.00781056006
v -0.0135051729 -0.0337866917 -0.00467234477
v -0.0134285083 -0.0337867178 -0.00468928646
v -0.0154838162 -0.0337872319 -0.00636118324
v -0.0133536113 -0.0337867476 -0.0047128452
v -0.0166084003 -0.0337865576 -0.0056458232
v -0.0167590324 -0.0337865129 -0.00562609686
v -0.01691081 -0.0337864757 -0.00561957341
v -0.0173614826 -0.0337864086 -0.00567921856
v -0.0175048467 -0.0337862112 -0.00572909415
v -0.0151944524 -0.0337880589 -0.007662219
v -0.015174726 -0.0337879732 -0.00751158549
v -0.015168203 -0.0337878875 -0.00735980645
v -0.0128817363 -0.0337870866 -0.00510824658
v -0.0128454342 -0.033787135 -0.00517786527
v -0.0154021028 -0.033787325 -0.006489255
v -0.0131451357 -0.0337868594 -0.00482118968
v -0.0130828135 -0.0337869003 -0.00486894418
v -0.0130248899 -0.033786945 -0.00492194807
v -0.0135830231 -0.0337866656 -0.00466214959
v -0.013281052 -0.0337867811 -0.00474284217
v -0.0132113835 -0.0337868184 -0.00477904873
v -0.0152320554 -0.0337874144 -0.00691026496
v -0.0152736297 -0.033787515 -0.00676427688
v -0.012764331 -0.0337873287 -0.00547972647
v -0.0153318625 -0.0337874182 -0.0066239615
v -0.0128153386 -0.0337871835 -0.00525038317
v -0.0127916774 -0.0337872319 -0.005325248
v -0.0127746323 -0.033787284 -0.00540189026
v -0.0129718063 -0.0337869897 -0.00497979904
v -0.012923968 -0.0337870382 -0.00504205655
v 0.0136384368 -0.0338927396 -0.00454009837
v 0.0136380754 -0.0354927406 -0.00453916239
v 0.0191384349 -0.0338939801 -0.004536347
v 0.0191380735 -0.0354939811 -0.00453541102
v 0.0126419645 -0.0338943563 -0.00974263344
v 0.0126416218 -0.0354955569 -0.0097398432
v 0.0126391184 -0.0338931009 -0.00554078026
v 0.012638757 -0.0354931019 -0.00553984428
v 0.0126433391 -0.0338865295 -0.00545366667
v 0.0126420287 -0.035499569 -0.00545264082
v 0.0126546621 -0.0338864811 -0.00536720781
v 0.0126533611 -0.0354995206 -0.0053661
v 0.0126734767 -0.0338864364 -0.00528206443
v 0.0126726553 -0.0354929566 -0.0052810018
v 0.0126996404 -0.0338863954 -0.00519888522
v 0.012698832 -0.0354929157 -0.005197783
v 0.0127329547 -0.0338863544 -0.00511830254
v 0.0127321612 -0.0354928747 -0.00511716213
v 0.0127729177 -0.0338884816 -0.00504078669
v 0.0127723906 -0.0354928374 -0.00503975293
v 0.0128195751 -0.0338928066 -0.00496708089
v 0.0128192138 -0.0354928076 -0.00496614492
v 0.0128726354 -0.0338927768 -0.00489783334
v 0.012872274 -0.0354927778 -0.00489689736
v 0.0129315294 -0.0338927507 -0.00483347382
v 0.0129311681 -0.0354927517 -0.00483253784
v 0.0129958084 -0.0338927321 -0.0047744927
v 0.012995447 -0.0354927331 -0.00477355672
v 0.0130649833 -0.0338927172 -0.00472133746
v 0.0130646219 -0.0354927182 -0.00472040148
v 0.013138528 -0.033892706 -0.00467441417
v 0.0131381666 -0.035492707 -0.00467347773
v 0.0132158818 -0.0338926986 -0.00463407906
v 0.0132155204 -0.0354926996 -0.00463314308
v 0.0132964579 -0.0338926986 -0.00460063899
v 0.0132959317 -0.0354992189 -0.00459925272
v 0.0133796409 -0.0338927023 -0.00457434915
v 0.0133791547 -0.0354992226 -0.0045729503
v 0.0134647992 -0.0338927098 -0.00455540931
v 0.013464353 -0.03549923 -0.00455400115
v 0.0135512827 -0.0338927247 -0.00454396335
v 0.0135508794 -0.0354992412 -0.00454255054
v 0.0180068687 -0.0337108485 -0.00866666064
v 0.0181184486 -0.0337108411 -0.00856425148
v 0.0191420037 -0.0337970257 -0.00973640382
v 0.0184681285 -0.0337950401 -0.00660090661
v 0.0183941163 -0.0337947495 -0.00646838127
v 0.0191385262 -0.0337940417 -0.00463640504
v 0.018312607 -0.0337946564 -0.00634063035
v 0.0182189047 -0.033710178 -0.00622171536
v 0.0181178208 -0.0337944776 -0.00610881252
v 0.0180047099 -0.0337103494 -0.00600804016
v 0.018395301 -0.0337957665 -0.00820544455
v 0.0184651818 -0.0337957032 -0.00807097927
v 0.0182207283 -0.0337106548 -0.0084525561
v 0.0183129366 -0.0337103084 -0.00833241548
v 0.0185271725 -0.0337958299 -0.00793242361
v 0.0185685474 -0.0337955616 -0.00778638013
v 0.0186055377 -0.0337956771 -0.00763916364
v 0.0186051261 -0.0337953232 -0.00703437487
v 0.0185721423 -0.0337952301 -0.00688607851
v 0.0185263604 -0.0337951332 -0.00674122153
v 0.0174870845 -0.0337962061 -0.00897393283
v 0.0176255573 -0.033796005 -0.00891175214
v 0.018625265 -0.0337955914 -0.00748853059
v 0.018631788 -0.0337955058 -0.00733675109
v 0.0186250582 -0.0337954164 -0.0071849809
v 0.0161533356 -0.0337940231 -0.00576017797
v 0.0160186291 -0.0337940343 -0.00583041878
v 0.0136385271 -0.0337928012 -0.00464015687
v 0.0158905573 -0.0337940529 -0.0059121321
v 0.0157728978 -0.033793889 -0.00600803364
v 0.0127391405 -0.0337931253 -0.00554077048
v 0.015207977 -0.0337944701 -0.00688837329
v 0.0151751963 -0.0337945484 -0.00703671435
v 0.0127419876 -0.0337955765 -0.00974169839
v 0.0151756089 -0.0337949023 -0.00764150359
v 0.0152085917 -0.0337949991 -0.00778979948
v 0.0152543737 -0.0337950923 -0.00793465599
v 0.0153126065 -0.0337951891 -0.00807497185
v 0.0153828468 -0.0337952822 -0.00820967834
v 0.0154645601 -0.0337953754 -0.0083377501
v 0.0155571252 -0.0337954685 -0.00845821202
v 0.0156598371 -0.0337955579 -0.00857014954
v 0.0157719124 -0.0337956399 -0.00867270771
v 0.0158925019 -0.0337957218 -0.00876510888
v 0.0160228629 -0.0337956026 -0.00884287246
v 0.0161573272 -0.0337956771 -0.00891275331
v 0.0162958819 -0.0337959379 -0.00897474494
v 0.0164408032 -0.0337959975 -0.00902032945
v 0.0165891442 -0.0337960497 -0.00905311015
v 0.0167397764 -0.0337960944 -0.00907283649
v 0.016891554 -0.0337961316 -0.00907935947
v 0.0170433261 -0.0337961614 -0.00907262973
v 0.0171939321 -0.0337961838 -0.00905269757
v 0.0173422266 -0.0337961987 -0.00901971478
v 0.0177592337 -0.0337103643 -0.00884059817
v 0.0178868286 -0.0337106846 -0.00875901151
v 0.0178857371 -0.0337943099 -0.00591434073
v 0.0177568272 -0.0337098762 -0.00583457993
v 0.0176234096 -0.0337941647 -0.00576312467
v 0.01515547 -0.033794634 -0.00718734739
v 0.015148947 -0.0337947197 -0.0073391269
v 0.0151556768 -0.0337948129 -0.00749089709
v 0.0132582281 -0.0337927639 -0.00472473959
v 0.0133307464 -0.0337927639 -0.0046946439
v 0.0154631976 -0.0337942056 -0.00634007389
v 0.0134056117 -0.0337927677 -0.00467098271
v 0.0156612415 -0.0337939225 -0.00611048797
v 0.0155555988 -0.0337941572 -0.00621948531
v 0.0135600893 -0.0337927863 -0.00464363536
v 0.0134822531 -0.0337927751 -0.00465393672
v 0.0174833648 -0.0337940976 -0.00570522854
v 0.0173399337 -0.0337942317 -0.00565554854
v 0.0171915926 -0.0337941796 -0.00562276784
v 0.0165868048 -0.0337940417 -0.00562318042
v 0.0164385084 -0.0337940268 -0.00565616367
v 0.0162936505 -0.0337940231 -0.00570194516
v 0.0127932075 -0.0337929577 -0.00523291528
v 0.0128232045 -0.0337929204 -0.00516035641
v 0.0153816594 -0.0337942652 -0.0064682574
v 0.0170409586 -0.0337941311 -0.0056030415
v 0.0168891791 -0.0337940939 -0.00559651805
v 0.0167374108 -0.0337940641 -0.00560324872
v 0.0129493065 -0.0337928347 -0.00496211788
v 0.0130023109 -0.0337928124 -0.00490419473
v 0.0152535615 -0.0337943956 -0.00674345391
v 0.0127425129 -0.0337930806 -0.00546232797
v 0.0153116025 -0.0337943286 -0.00660305936
v 0.012752708 -0.0337930359 -0.00538447779
v 0.0127696488 -0.0337929949 -0.00530781271
v 0.0128594115 -0.0337928869 -0.00509068836
v 0.012901552 -0.0337928608 -0.00502444059
v 0.0130601618 -0.0337927938 -0.00485111168
v 0.0131224189 -0.0337927788 -0.00480327243
v 0.0131886099 -0.0337927714 -0.00476104114
v -0.00460964954 -0.0354928002 -0.00795159303
v -0.00460837409 -0.0354916714 -0.00975160953
v -0.00381037663 -0.0354923382 -0.00685101515
v -0.00113368162 -0.0280907582 -0.00685356883
v -0.00113535428 -0.0354911499 -0.00684923772
v -0.00113459036 -0.0280899834 -0.00545138866
v -0.00113625906 -0.0354899354 -0.00544701098
v 0.00101527222 -0.0281903651 -0.00535204448
v -0.0010347272 -0.0281899013 -0.00535344286
v 0.0010136239 -0.0354903638 -0.0053477739
v -0.00103637553 -0.0354899019 -0.00534917228
v 0.00111370091 -0.0354913771 -0.00544768665
v 0.0011147036 -0.0354938395 -0.00684764655
v 0.00111536297 -0.0280904453 -0.00545203453
v 0.0011163177 -0.0280912649 -0.00685203401
v 0.00243966561 -0.0354937464 -0.00684675202
v 0.00244131754 -0.0280915629 -0.00685113017
v 0.0039909156 -0.0354982652 -0.00839565136
v 0.00399237406 -0.0280928202 -0.00840007234
v 0.00399162387 -0.0354936086 -0.00974574313
v 0.00399329513 -0.02809361 -0.00975007191
v 0.00274329516 -0.0280933287 -0.009750925
v 0.0027422721 -0.0280924495 -0.00825092569
v 0.00274035451 -0.0280924346 -0.00822484586
v 0.00273310696 -0.0280074626 -0.00819970109
v 0.00272682006 -0.0280924011 -0.00817447156
v 0.00271390309 -0.0280000996 -0.00814901199
v 0.00268949522 -0.0280923601 -0.00811597146
v 0.00267417775 -0.0280101951 -0.00810560025
v 0.00256821746 -0.0280922949 -0.00805294327
v 0.00254213577 -0.0280922875 -0.00805106107
v -0.00113274215 -0.0280913431 -0.00805683807
v 0.0026495147 -0.0280923303 -0.00808246993
v 0.00262456108 -0.0279965643 -0.00807002466
v 0.0025932726 -0.0280165076 -0.00806068908
v -0.00103277247 -0.0279915407 -0.00815355871
v 0.00254222658 -0.0279923473 -0.00815112051
v -0.00103171123 -0.0232915431 -0.0081563089
v 0.00254328782 -0.0232923478 -0.00815386977
v 0.00264331768 -0.0279933065 -0.00975105166
v 0.00264445064 -0.0231932607 -0.00975604076
v 0.00264229462 -0.0279924273 -0.00825105235
v 0.00264325715 -0.0231925454 -0.00825059041
v -0.00103162054 -0.0231915992 -0.00825636648
v -0.00103059749 -0.0231924765 -0.00975636672
v -0.00113167206 -0.0231183153 -0.0081564784
v -0.00113165972 -0.0231102649 -0.00817195885
v -0.00113164715 -0.0231035985 -0.00818808284
v -0.0011317184 -0.0231629312 -0.00810324308
v -0.00113170745 -0.0231500752 -0.00811503828
v -0.00113169604 -0.023138294 -0.00812790822
v -0.00113168429 -0.0231276806 -0.00814175699
v -0.00113163469 -0.0230983626 -0.00820472557
v -0.00113162224 -0.0230945963 -0.00822176225
v -0.0011316099 -0.0230923295 -0.00823906157
v -0.00112872326 -0.0148924571 -0.00976129062
v -0.00113159779 -0.023091577 -0.00825649314
v -0.00113057485 -0.0230924543 -0.00975649338
v -0.0011317794 -0.0232914612 -0.00805637613
v -0.00113177497 -0.0232740287 -0.0080571482
v -0.0011317695 -0.0232567322 -0.00805943552
v -0.0011317631 -0.0232397001 -0.00806322135
v -0.00113175577 -0.023223063 -0.00806847773
v -0.0011317475 -0.0232069474 -0.00807516463
v -0.00113173854 -0.0231914762 -0.00808322988
v -0.00113172876 -0.0231767669 -0.00809261296
v 0.00417127507 -0.0148936519 -0.00975767523
v 0.00416987715 -0.0148924524 -0.00770767592
v -0.0041768481 -0.00659177126 -0.00976822618
v -0.00417824648 -0.00659057125 -0.00771822687
v 0.00417314935 -0.006593653 -0.00976253115
v 0.00417175144 -0.00659245346 -0.00771253137
v 0.00224918709 0.00645841658 -0.00697147893
v 0.00225114543 0.00645682402 -0.00977365952
v -0.00225081155 0.00645943079 -0.00697454857
v -0.00224894821 0.00645783823 -0.00977672916
v -0.00225304696 -0.00344056706 -0.00696875667
v -0.00225118361 -0.00344225462 -0.00977093726
v 0.00224695168 -0.0034415815 -0.0069656875
v 0.00224886113 -0.00344321993 -0.00976568647
v 0.00214690622 -0.00334150041 -0.00686581386
v 0.00214909646 0.00635849778 -0.00687148841
v -0.00215309276 -0.00334053137 -0.00686874706
v -0.00215090252 0.00635946682 -0.00687442161
v 0.00215105014 0.014708437 -0.00697637349
v -0.00214894908 0.0147094065 -0.00697930669
v 0.00215297844 0.0147067886 -0.00977730192
v -0.00214710995 0.0147077311 -0.00978115387
v -0.00214823266 0.0181835536 -0.00688133901
v -0.00214899448 0.014809465 -0.00687936507
v 0.00215176633 0.0181825832 -0.00687840581
v 0.0021510045 0.0148084955 -0.00687643187
v 0.00223703892 0.0235596374 -0.00985533092
v 0.00225789496 0.0235840715 -0.00986891054
v -0.00224632048 0.0235835277 -0.00987111591
v -0.00214516558 0.0232704692 -0.00969689991
v -0.0021482131 0.018232109 -0.00689395191
v 0.00215178588 0.0182311386 -0.00689101871
v 0.00219856389 0.0234937873 -0.00981871691
v 0.00221436797 0.0235253964 -0.00983629283
v -0.00214829529 0.0233342778 -0.0097323982
v -0.00221625715 0.0235458929 -0.00985016301
v -0.0022007511 0.0235197395 -0.00983560365
v -0.00218499382 0.0234863106 -0.00981699768
v 0.00215964136 0.0233475547 -0.00973738637
v 0.00216961652 0.0234049242 -0.00976929627
v 0.00218319008 0.0234538801 -0.00979652535
v -0.00216994621 0.0234443303 -0.00979363639
v -0.00215709908 0.0233932938 -0.00976523478
v -0.00223100511 0.0235662069 -0.00986147206
v 0.0021548334 0.0232695006 -0.00969396625
v 0.00215501548 0.0232844707 -0.00970229413
v 0.00225183438 0.0181825031 -0.00697833765
v 0.00225107255 0.0148084145 -0.00697636418
v 0.0022548819 0.0232208613 -0.00978128519
v 0.002252982 0.0148067763 -0.00977636315
v -0.00224511814 0.0232232623 -0.00978474133
v -0.00224705134 0.0148077179 -0.00978128053
v -0.00224816427 0.0181835163 -0.00698140729
v -0.00224892609 0.0148094287 -0.00697943335
v -0.0171418451 0.0247168355 -0.00988347642
v -0.0171454884 0.02470956 -0.00988144148
v -0.0171471909 0.0127670458 -0.00987501349
v -0.0171509534 0.0127745727 -0.00987276435
v -0.0171701368 0.0246603284 -0.0098610539
v -0.0171712507 0.0246581063 -0.00985974632
v -0.0171739217 0.0128208539 -0.0098528415
v -0.017175328 0.0246499665 -0.0098545244
v -0.017176494 0.0246476382 -0.00985288806
v -0.0171793904 0.0128341634 -0.00984568894
v -0.0171972606 0.012929921 -0.00979421381
v -0.0171946213 0.024611501 -0.00980082992
v -0.0171974357 0.0129404813 -0.00978853554
v -0.0171948001 0.0246111583 -0.00979536306
v -0.0171942338 0.0246122703 -0.00980568863
v -0.0171969812 0.0129231196 -0.00979787111
v -0.0171936825 0.0246133637 -0.00980993733
v -0.0171930604 0.0246146005 -0.0098135639
v -0.0171919279 0.0246168524 -0.00981874205
v -0.017195791 0.0129074035 -0.00980632007
v -0.0171911009 0.0246185027 -0.00982191321
v -0.0171964206 0.012914517 -0.00980249606
v -0.0171882138 0.0246242527 -0.00983067323
v -0.0171900243 0.0246206466 -0.0098254811
v -0.0171936639 0.012890487 -0.00981541537
v -0.0171946883 0.012897756 -0.00981150661
v -0.0171900634 0.0128709199 -0.00982593372
v -0.0171853676 0.0246299338 -0.00983743928
v -0.0171912666 0.0128767276 -0.00982281193
v -0.0171870459 0.0246265829 -0.009833619
v -0.0171920415 0.0128807891 -0.00982062891
v -0.0171886217 0.0128646214 -0.00982931908
v -0.0171878077 0.0128613217 -0.00983109232
v -0.0171828903 0.0246348735 -0.00984242465
v -0.0171807818 0.0246390756 -0.00984619185
v -0.017186081 0.0128548434 -0.00983457547
v -0.0171814058 0.0128398025 -0.00984265842
v -0.0171840787 0.0128479842 -0.00983826071
v -0.0171778277 0.0246449765 -0.00985092856
v -0.0171795152 0.024641607 -0.00984829571
v -0.0171752796 0.01282393 -0.0098511884
v -0.0171778779 0.012830222 -0.0098478077
v -0.0171706975 0.0128140664 -0.00985648762
v -0.0171681009 0.0128088752 -0.00985917076
v -0.0171653852 0.0246698149 -0.00986615103
v -0.0171722677 0.012817286 -0.00985475816
v -0.0171662159 0.0128051033 -0.00986099336
v -0.017158946 0.024682682 -0.00987201836
v -0.0171630923 0.0246743951 -0.00986836385
v -0.0171633158 0.0127993012 -0.00986361597
v -0.0171616804 0.0127960285 -0.00986500364
v -0.0171581786 0.0246842094 -0.00987264793
v -0.0171547215 0.0246911161 -0.00987533759
v -0.0171578489 0.0127883675 -0.00986802764
v -0.0171519835 0.0246965829 -0.00987730455
v -0.0171550252 0.0127827181 -0.0098700691
v -0.017150281 0.0246999841 -0.00987845752
v -0.0171419978 0.0127566531 -0.00987777486
v -0.0171398781 0.0127524128 -0.00987879466
v -0.0171369128 0.0247266907 -0.00988593232
v -0.0171289761 0.0247425493 -0.00988922548
v -0.0171326753 0.0247351564 -0.00988778658
v -0.0171208158 0.0247588549 -0.00989183877
v -0.0171237141 0.0247530621 -0.00989099592
v -0.017131988 0.012736626 -0.00988208503
v -0.0171330255 0.0127387038 -0.0098816948
v -0.0171283782 0.0247437432 -0.0098894434
v -0.0171232484 0.0127191376 -0.00988487061
v -0.0171178114 0.0127082625 -0.00988617726
v -0.0171124861 0.0247755013 -0.00989375357
v -0.017114196 0.0247720871 -0.00989342015
v -0.0171180516 0.0247643795 -0.00989255216
v -0.0171277337 0.0127281118 -0.00988355
v -0.0171155762 0.0127037847 -0.00988662336
v -0.0171093587 0.0247817505 -0.00989428256
v -0.0171127655 0.0126981651 -0.00988710858
v -0.0171042532 0.0247919559 -0.00989492889
v -0.0171072297 0.0126870861 -0.0098878229
v -0.0170997996 0.0248008594 -0.00989527255
v -0.0171025619 0.0126777459 -0.00988817867
v -0.017098207 0.0126690334 -0.00988830533
v -0.0192100592 0.0247358736 -0.00831768382
v -0.0192194302 0.02474498 -0.00832582265
v -0.0192143973 0.0282142907 -0.00792662892
v -0.0192218628 0.0282147415 -0.00793457404
v -0.0192276798 0.0247551147 -0.00833487976
v -0.0192271676 0.0282151308 -0.00794149935
v -0.0192323606 0.0247624703 -0.00834145211
v -0.0192318503 0.0282155462 -0.00794886053
v -0.0192363821 0.024770204 -0.00834836345
v -0.0192358736 0.0282159839 -0.00795660168
v -0.0192397144 0.0247782599 -0.00835556071
v -0.0192392059 0.0282164384 -0.00796466414
v -0.0192423314 0.0247865766 -0.0083629908
v -0.0192418247 0.0282169096 -0.00797298644
v -0.0192442108 0.0247950908 -0.00837059692
v -0.0192437042 0.0282173883 -0.00798150524
v -0.0192453433 0.0248037353 -0.00837831944
v -0.0192448385 0.0282178782 -0.00799015537
v -0.0192078445 0.0282139648 -0.00792087335
v -0.0192048997 0.024731854 -0.00831408985
v -0.0192026291 0.0282137413 -0.00791692361
v -0.0191995166 0.0247281399 -0.00831077062
v -0.019197138 0.0282135401 -0.0079133641
v -0.0191938784 0.0247248281 -0.00830780901
v -0.0191914495 0.0282133576 -0.00791013055
v -0.0191880539 0.0247218497 -0.00830514636
v -0.0191855412 0.0282131974 -0.00790731702
v -0.0191820301 0.0247193035 -0.00830286741
v -0.0191794802 0.0282130577 -0.0079048546
v -0.0191758666 0.0247171093 -0.00830090512
v -0.0191732571 0.0282129422 -0.00790283643
v -0.0191695616 0.0247153677 -0.00829934701
v -0.0191669241 0.0282128472 -0.00790118519
v -0.0191610102 0.0247136671 -0.00829782244
v -0.0191604923 0.0282127801 -0.00789999776
v -0.0191523377 0.0247127153 -0.00829696842
v -0.0191518199 0.0282127224 -0.00789904222
v -0.0191457998 0.024712475 -0.00829675235
v -0.019145282 0.0282127075 -0.00789880008
v 0.0192460697 0.0312617645 -0.00793214329
v 0.0192459188 0.0312614441 -0.00793182477
v 0.0192444287 0.0312631503 -0.00565880723
v 0.0191644486 0.0312044863 -0.00787483715
v 0.0191577617 0.0312041305 -0.00787448417
v 0.0191548746 0.0312052723 -0.00577216502
v 0.01916264 0.0312057082 -0.0057736123
v 0.0191687848 0.0312049743 -0.0078753233
v 0.019173054 0.0312056467 -0.00787599292
v 0.0191723853 0.0312070753 -0.00577087747
v 0.0191773251 0.0312081594 -0.00576870842
v 0.0191817787 0.0312076136 -0.00787795894
v 0.0191685259 0.0312064085 -0.00577220693
v 0.0191719159 0.0312069859 -0.00577105582
v 0.0191793013 0.0312069934 -0.00787733775
v 0.0191822816 0.0312095191 -0.00576598104
v 0.0191887692 0.0312098693 -0.0078802146
v 0.0191892534 0.0312118642 -0.00576129183
v 0.0191978142 0.0312135033 -0.00788385049
v 0.0191941056 0.0312138665 -0.00575728342
v 0.0192064289 0.0312181339 -0.00788847916
v 0.0192034021 0.0312185492 -0.00574792363
v 0.0192128308 0.0312221907 -0.007892536
v 0.0192094911 0.0312222391 -0.00574054895
v 0.0192122664 0.0312241558 -0.00573671795
v 0.0192180164 0.031226106 -0.0078964578
v 0.0192189515 0.0312293712 -0.00572629739
v 0.0192261208 0.0312333312 -0.00790368859
v 0.0192257985 0.0312358234 -0.00571340462
v 0.0192319937 0.0312397256 -0.00791008677
v 0.0192323644 0.0312434193 -0.00569822406
v 0.0192372389 0.0312465299 -0.0079168994
v 0.0192358233 0.0312480759 -0.00568892108
v 0.0192373395 0.0312466752 -0.00791704375
v 0.0192419682 0.0312539116 -0.00792428851
v 0.0192369744 0.0312497802 -0.00568551663
v 0.0192403663 0.0312553272 -0.00567443762
v 0.0192441754 0.0312626101 -0.0056598871
v 0.0192493405 0.0312696099 -0.00793999899
v 0.0192474872 0.0312705375 -0.00564405276
v 0.0192494709 0.0312763564 -0.00563243171
v 0.0192503091 0.031279251 -0.00562664075
v 0.0192519072 0.031277623 -0.00794802047
v 0.0192510169 0.0312820189 -0.00562111381
v 0.0192538854 0.0312863402 -0.00795674697
v 0.0192520451 0.0312781334 -0.00794852804
v 0.0192523897 0.0312887244 -0.00560772233
v 0.0192550551 0.0312949382 -0.00796535239
v 0.0192535408 0.0312980562 -0.00558908936
v 0.0191525631 0.0127128558 -0.00984799955
v 0.0191525649 0.0127048446 -0.00985261425
v 0.0191539302 0.0126639809 -0.00977077149
v 0.0191525649 0.0126964115 -0.00985640194
v 0.0191525649 0.0126876934 -0.00985948369
v 0.0191525649 0.0126817226 -0.00986102689
v 0.0191536956 0.0126619898 -0.00977978669
v 0.0192520879 0.0126659768 -0.0097696837
v 0.0191618763 0.0126602538 -0.00976541266
v 0.0192509312 0.0126722772 -0.00977554172
v 0.019249035 0.0126784798 -0.0097813094
v 0.0192464087 0.012684539 -0.00978694391
v 0.0192430764 0.0126904091 -0.00979240146
v 0.0192391276 0.012693041 -0.00980045926
v 0.0192391276 0.0126959616 -0.00979756564
v 0.0192389973 0.0126961274 -0.00979772024
v 0.0191586278 0.0126612717 -0.00976690743
v 0.0192343947 0.0127014033 -0.00980262738
v 0.0192291401 0.0127064213 -0.00980729423
v 0.0192232486 0.0127111329 -0.0098116789
v 0.0191646796 0.0126674743 -0.00977720786
v 0.0192168206 0.0127154514 -0.0098156957
v 0.0192100443 0.0127192689 -0.00981924776
v 0.0192099065 0.0127145573 -0.00982405711
v 0.0192099027 0.0127193416 -0.00981931668
v 0.0192026608 0.0127227288 -0.00982246827
v 0.0191601925 0.0126688108 -0.00977597758
v 0.0191949699 0.0127256745 -0.00982521009
v 0.0191869605 0.0127281202 -0.0098274881
v 0.0191786885 0.012730048 -0.00982928462
v 0.0191702209 0.012731445 -0.00983058568
v 0.0191525631 0.0126675172 -0.00986324809
v 0.0191612765 0.0126593001 -0.00986319408
v 0.0191699266 0.0126592992 -0.00986204948
v 0.0191805232 0.0126740234 -0.00985817052
v 0.0191784408 0.0126592983 -0.0098601561
v 0.0191867594 0.0126592983 -0.00985752698
v 0.0191583838 0.0126615698 -0.00977397989
v 0.0191948172 0.0126592983 -0.00985418353
v 0.0192025527 0.0126592983 -0.00985014904
v 0.0192099083 0.0126593001 -0.00984545704
v 0.0191666801 0.0126628038 -0.00977703929
v 0.0192168243 0.0126593011 -0.00984014198
v 0.0192232523 0.0126593029 -0.00983424392
v 0.019229142 0.0126593057 -0.00982780755
v 0.01923679 0.0126659097 -0.00981675275
v 0.0192344487 0.0126593085 -0.00982088316
v 0.0192391295 0.0126593122 -0.00981352199
v 0.0192431528 0.012659315 -0.00980578084
v 0.0192464851 0.0126593197 -0.00979771931
v 0.019249104 0.0126593234 -0.00978939701
v 0.0192509852 0.0126593281 -0.00978087913
v 0.0192521196 0.0126593327 -0.00977222901
v 0.0191846173 0.0126952026 -0.00985087175
v 0.0191616192 0.0127322963 -0.00983138196
v 0.0191525593 0.0127252126 -0.00983880926
v 0.0191525575 0.0127325999 -0.00983166881
v -0.017104907 0.0248059705 -0.00989527907
v -0.0191446878 0.0248028245 -0.0098964246
v -0.0191446878 0.0248021297 -0.00989636034
v -0.0171280019 0.0247944314 -0.00989395659
v -0.0171138141 0.0248015188 -0.009894941
v -0.0171413962 0.0247877389 -0.00989258196
v -0.0191446915 0.0247938745 -0.00989522599
v -0.0171469282 0.0247849748 -0.00989187136
v -0.0191446953 0.0247856602 -0.00989338756
v -0.0191446953 0.0247851554 -0.00989324972
v -0.0171643458 0.0247762743 -0.00988904852
v -0.0171527211 0.0247820821 -0.00989103317
v -0.019144699 0.0247771349 -0.00989068393
v -0.0171843059 0.0247663036 -0.00988469739
v -0.017194584 0.0247611701 -0.00988198817
v -0.0191447027 0.0247691255 -0.00988734141
v -0.017211115 0.024752913 -0.00987668242
v -0.0171975195 0.0247597024 -0.00988113321
v -0.0191447064 0.024761321 -0.00988325197
v -0.0191447064 0.0247615483 -0.00988338329
v -0.0171953551 0.0247607846 -0.00988176744
v -0.019144712 0.02475412 -0.00987864193
v -0.0191447195 0.0247440599 -0.00987042859
v -0.0172280837 0.0247444417 -0.00986986328
v -0.0191447288 0.0247349571 -0.00986104365
v -0.0191447344 0.0247296989 -0.00985419191
v -0.0172577165 0.0247296467 -0.0098533202
v -0.0172470063 0.0247349925 -0.00986026507
v -0.0172672067 0.0247249119 -0.00984588638
v -0.01914474 0.0247250311 -0.00984687265
v -0.0172759444 0.0247205533 -0.00983755477
v -0.0172802024 0.0247184299 -0.0098326141
v -0.0191447455 0.0247210916 -0.00983933453
v -0.0172821637 0.0247174539 -0.00983009394
v -0.0172882248 0.0247144327 -0.00982045103
v -0.0172848254 0.0247161258 -0.00982621405
v -0.019144753 0.0247176848 -0.00983116217
v -0.0191447455 0.0247209426 -0.00983901881
v -0.0172919333 0.0247125886 -0.00981187541
v -0.0191447586 0.0247150604 -0.0098228883
v -0.0191447642 0.0247131605 -0.00981441792
v -0.0172939487 0.0247115865 -0.00980422366
v -0.0191447716 0.0247120056 -0.00980581529
v -0.0172947031 0.0247112159 -0.00979733746
v -0.0191447772 0.0247115977 -0.00979675166
v -0.0191578176 0.0247125532 -0.00979676098
v -0.0191706568 0.0247150119 -0.00979677122
v -0.019183008 0.0247193072 -0.0097967824
v -0.0191947743 0.0247250069 -0.00979679357
v -0.0192055907 0.0247323513 -0.00979680568
v -0.0192154795 0.0247409046 -0.00979681686
v -0.0192240272 0.0247507989 -0.00979682896
v -0.0192313679 0.0247616172 -0.00979684014
v -0.0192353949 0.0247693565 -0.00979684759
v -0.0192400422 0.0247815773 -0.00979685783
v -0.0192438066 0.0247985814 -0.00979686994
v 0.0192238614 0.0282056276 -0.00790041033
v 0.0192173012 0.0282053035 -0.00789466314
v 0.019154707 0.028204076 -0.00787267461
v 0.0191612467 0.0282040872 -0.00787290931
v 0.0191677622 0.0282041226 -0.00787352212
v 0.0191720743 0.0282041579 -0.00787418243
v 0.0191784743 0.0282042343 -0.00787554774
v 0.0191847812 0.0282043312 -0.00787728373
v 0.0191889144 0.0282044094 -0.00787868351
v 0.0191949792 0.0282045454 -0.00788113754
v 0.0192008913 0.0282047037 -0.00788394269
v 0.0192065835 0.0282048844 -0.00788716879
v 0.0192120783 0.0282050818 -0.00789072085
v 0.0192313381 0.0282060727 -0.0079083452
v 0.0192366522 0.0282064602 -0.00791526306
v 0.0192413442 0.0282068755 -0.00792261772
v 0.0192453787 0.0282073114 -0.00793035328
v 0.0192487221 0.028207764 -0.00793841109
v 0.0192513522 0.0282082334 -0.00794672966
v 0.0192532446 0.0282087121 -0.00795524567
v 0.0192543902 0.0282092001 -0.00796389487
v 0.0171794873 0.0127232233 -0.0098421732
v 0.0171656124 0.012716285 -0.00984734762
v 0.0170617849 0.0126643833 -0.00986489654
v 0.0170811787 0.0126879085 -0.00992020778
v 0.0170770679 0.012672022 -0.00986422133
v 0.0170730744 0.0126700262 -0.00986445602
v 0.0171111636 0.0126890624 -0.00986049231
v 0.0171033386 0.0126851518 -0.00986162852
v 0.0171285365 0.0126977479 -0.00985733885
v 0.0171091985 0.0127147455 -0.00992574543
v 0.0171426032 0.0127047803 -0.0098541379
v 0.0171541944 0.0127105759 -0.00985098723
v 0.0171958543 0.0127314096 -0.00983467419
v -0.0191595312 0.0248074997 -0.0097996695
v -0.0191464536 0.0247880165 -0.00979846064
v -0.0191470347 0.0247908402 -0.00980188604
v -0.0191670805 0.0247163102 -0.00981671736
v -0.0191525556 0.0247927085 -0.00980390795
v -0.0191536676 0.0247192774 -0.00983367767
v -0.019148428 0.0247209426 -0.00983886048
v -0.0191470664 0.0247993618 -0.00980512053
v -0.0191793926 0.024733644 -0.00984858442
v -0.0191511046 0.0247912779 -0.00979861803
v -0.0191963017 0.0247364547 -0.00983733591
v -0.0191890523 0.0247229841 -0.00980821997
v -0.0191538893 0.0247993935 -0.00979897659
v -0.0192099437 0.0247410201 -0.00982367154
v -0.0191535447 0.024803061 -0.00980350655
v -0.0191475917 0.0248096157 -0.00979837868
v -0.0191469919 0.0248076338 -0.00980114378
v -0.0191527829 0.024745794 -0.0098712761
v -0.0192228928 0.0247507915 -0.00980885047
v -0.0191463511 0.0248092674 -0.00980378408
v -0.0191522539 0.0247615501 -0.00988305826
v -0.0191510394 0.02480896 -0.00980570167
v -0.0191573985 0.0248089358 -0.00980187487
v -0.0191585198 0.0248081032 -0.00980681181
v -0.0191801358 0.0247920919 -0.00988772511
v -0.0191531144 0.0247856621 -0.00989302527
v -0.0191533715 0.0248028263 -0.00989605114
v -0.0192443691 0.0248116143 -0.00980559364
v -0.0192432217 0.0248116087 -0.0098142419
v -0.0192413293 0.024811605 -0.00982275791
v -0.0192386992 0.0248115994 -0.00983107649
v -0.0192353558 0.0248115938 -0.00983913336
v -0.0192313213 0.0248115882 -0.00984686986
v -0.0192266311 0.0248115826 -0.00985422358
v -0.0192213152 0.0248115771 -0.00986114051
v -0.0192154162 0.0248115715 -0.00986756943
v -0.0192089807 0.0248115677 -0.00987345818
v -0.0192020573 0.0248115622 -0.00987876393
v -0.0191946961 0.0248115584 -0.00988344662
v -0.0191869549 0.0248115547 -0.00988746993
v -0.0191788916 0.024811551 -0.0098908022
v -0.0191705693 0.0248115472 -0.00989342015
v -0.0191620532 0.0248115435 -0.00989530236
v -0.0191534013 0.0248115417 -0.00989643484
v -0.0191596001 0.0351184718 0.00259715342
v -0.0191682503 0.0351173393 0.0025971483
v -0.0191385932 0.0351177342 0.00328721246
v -0.0191767681 0.0351154506 0.00259714364
v -0.0191512238 0.0351145379 0.00328831072
v -0.0191850886 0.0351128317 0.00259713945
v -0.0191931482 0.0351094902 0.00259713596
v -0.0191672519 0.0351078771 0.00328970584
v -0.0192008894 0.0351054668 0.00259713293
v -0.0192082468 0.0351007804 0.0025971306
v -0.0191818886 0.0350985266 0.00329098152
v -0.0192151684 0.0350954719 0.00259712921
v -0.019221602 0.0350895785 0.00259712827
v -0.0191946831 0.0350867659 0.00329209864
v -0.0192274991 0.0350831486 0.00259712781
v -0.0192328095 0.0350762308 0.00259712827
v -0.0192052461 0.0350729525 0.00329302321
v -0.0192374978 0.0350688733 0.00259712944
v -0.0192415286 0.0350611322 0.0025971313
v -0.0192132611 0.0350575037 0.00329372776
v -0.0192448683 0.0350530744 0.00259713363
v -0.0192474946 0.0350447558 0.00259713666
v -0.0192184821 0.0350408964 0.00329419016
v -0.0192493834 0.0350362398 0.00259714038
v -0.0192505252 0.0350275896 0.0025971448
v -0.0192205608 0.0350279883 0.00329437805
v -0.019048905 0.0351181142 0.0039720661
v -0.0190613922 0.0351149216 0.0039742603
v -0.0190772414 0.0351082608 0.00397704728
v -0.0190917086 0.0350989066 0.00397959352
v -0.0191043559 0.0350871459 0.00398182124
v -0.0190694258 0.0350395702 0.00397576252
v -0.0191278849 0.0350412801 0.00398597866
v -0.0191299412 0.0350283757 0.00398634654
v -0.018899871 0.0351184756 0.00464649638
v -0.0189121179 0.035115283 0.00464977091
v -0.0189276636 0.0351086222 0.00465392834
v -0.0189418532 0.0350992717 0.0046577258
v -0.0189028643 0.0350331068 0.00464742025
v -0.0189773422 0.0350416452 0.00466723833
v -0.0189793557 0.035028737 0.00466778362
v -0.0186966248 0.0351178721 0.00530682551
v -0.0187084489 0.0351143107 0.0053111217
v -0.018719662 0.0351089612 0.00531519717
v -0.0186874364 0.0350295231 0.0053036348
v -0.0187679939 0.0350419879 0.00533278519
v -0.0187699553 0.0350290798 0.00533350371
v -0.0184325967 0.035118185 0.00594547391
v -0.018447658 0.0351129547 0.00595248537
v -0.018421378 0.035028521 0.00594040938
v -0.0185014382 0.0350423045 0.00597755332
v -0.0185033288 0.0350293964 0.00597843993
v -0.0181193631 0.0351166949 0.00656182226
v -0.0181015078 0.0350277573 0.00655169878
v -0.0181796998 0.0350425951 0.00659663649
v -0.0181815084 0.035029687 0.00659768376
v -0.0177284144 0.0350259282 0.0071317777
v -0.0178052299 0.0350428559 0.00718532177
v -0.0178069398 0.0350299478 0.00718652317
v -0.0173154231 0.035060335 0.0076844166
v -0.0173472464 0.0351056941 0.00771092484
v -0.0173178967 0.0350323096 0.00768647296
v -0.0173808765 0.0350430831 0.00773913041
v -0.0173824765 0.035030175 0.0077404757
v -0.0168494359 0.0350605324 0.00819363724
v -0.0168788265 0.0351058878 0.00822281931
v -0.0168517176 0.0350324996 0.00819589756
v -0.016909875 0.0350432768 0.00825384632
v -0.0169113502 0.0350303724 0.00825532526
v -0.0163408387 0.0350606926 0.00866030622
v -0.0163675696 0.035106048 0.00869193859
v -0.0163429156 0.035032656 0.00866275467
v -0.0163957998 0.035043437 0.00872555282
v -0.0163971409 0.0350305289 0.00872715563
v -0.0157935042 0.0350608081 0.00908087101
v -0.0158204194 0.035102345 0.00911905617
v -0.0157982595 0.035035003 0.0090876054
v -0.0158425719 0.03504356 0.0091506606
v -0.0158437695 0.0350306556 0.0091523733
v -0.0152098434 0.0350432731 0.009449156
v -0.0152393458 0.0350956656 0.00949989539
v -0.0152193755 0.0350380316 0.00946550164
v -0.0152543951 0.0350436494 0.0095259333
v -0.0152554419 0.0350307412 0.00952774379
v -0.0145980604 0.0350433215 0.00976814609
v -0.0146230254 0.035095714 0.00982126687
v -0.0146061331 0.0350380801 0.00978526101
v -0.014635752 0.0350436978 0.00984851457
v -0.0146366367 0.0350307897 0.00985040981
v -0.0139603876 0.0350383855 0.0100314748
v -0.0139831547 0.0350895673 0.0100934906
v -0.0139709665 0.0350419804 0.0100602144
v -0.0139913484 0.035043709 0.0101159513
v -0.0139920646 0.0350308008 0.0101179155
v -0.0133033302 0.0350504294 0.0102419863
v -0.0133165475 0.0351012945 0.0102907112
v -0.0133198816 0.0350895375 0.0103031183
v -0.0133106401 0.0350419506 0.0102689052
v -0.013326088 0.0350436792 0.0103262058
v -0.01332663 0.0350307748 0.0103282249
v -0.0126300547 0.0350608639 0.010393694
v -0.012637374 0.0351062268 0.0104344562
v -0.0126392236 0.0350985751 0.0104448991
v -0.0126408599 0.0350894742 0.0104541387
v -0.0126346396 0.0350418873 0.0104192514
v -0.0126450341 0.0350436158 0.0104776789
v -0.0126453992 0.0350307077 0.010479738
v -0.0119466837 0.0351193808 0.0104935542
v -0.0119481441 0.0351141542 0.0105101019
v -0.0119495029 0.0351061225 0.0105254939
v -0.011950436 0.0350984745 0.0105360569
v -0.0119512612 0.0350893736 0.0105454056
v -0.0119524775 0.0350698568 0.0105591509
v -0.0119530531 0.0350560918 0.0105656581
v -0.0119533688 0.0350435115 0.0105692195
v -0.011953555 0.0350306071 0.010571301
v -0.0112562813 0.035121318 0.0105112605
v -0.0112562878 0.0351201855 0.0105199106
v -0.0112562934 0.0351183042 0.0105284285
v -0.0112562999 0.0351156853 0.0105367508
v -0.0112563064 0.0351123475 0.0105448123
v -0.011256312 0.0351083279 0.0105525525
v -0.0112563185 0.0351036452 0.0105599128
v -0.0112563241 0.0350983366 0.0105668372
v -0.0112563297 0.035092447 0.0105732726
v -0.0112563353 0.0350860208 0.0105791707
v -0.0112563409 0.035079103 0.0105844848
v -0.0112563455 0.0350717455 0.0105891759
v -0.0112563502 0.0350640081 0.0105932094
v -0.0112563539 0.0350559503 0.0105965519
v -0.0112563577 0.0350476317 0.0105991811
v -0.0112563614 0.0350391157 0.0106010735
v -0.0112563642 0.0350304656 0.0106022172
v 0.019154191 0.0247038417 -0.00827062782
v 0.0191607289 0.0247040801 -0.00827083457
v 0.0191672444 0.0247046966 -0.00827138219
v 0.0191715565 0.0247053578 -0.00827197172
v 0.0191779565 0.024706725 -0.00827318989
v 0.0191842653 0.0247084629 -0.00827473961
v 0.0191904325 0.0247106533 -0.00827669352
v 0.01919646 0.0247131977 -0.00827896409
v 0.0192022882 0.0247161724 -0.00828161836
v 0.0192079339 0.0247194842 -0.00828457251
v 0.0192133226 0.0247231945 -0.00828788523
v 0.0192184877 0.0247272123 -0.00829147082
v 0.019224925 0.0247331019 -0.00829672813
v 0.0192308258 0.0247395281 -0.00830246694
v 0.0192361418 0.0247464459 -0.00830864348
v 0.0192408338 0.0247537978 -0.0083152093
v 0.0192448683 0.0247615296 -0.00832211506
v 0.0192482136 0.0247695856 -0.00832930766
v 0.0192508455 0.0247779004 -0.00833673496
v 0.0192527398 0.0247864127 -0.00834433828
v 0.0171433557 0.0246271361 -0.0098190112
v 0.0171415955 0.0246306602 -0.00982219819
v 0.0171392262 0.0128402477 -0.00981484912
v 0.0171383079 0.0246372428 -0.00982752163
v 0.017136978 0.0246399064 -0.00982948486
v 0.0171344616 0.0128262192 -0.00982239563
v 0.0170848668 0.0127243567 -0.00985955726
v 0.0170874242 0.0127294725 -0.00985863991
v 0.017089257 0.024735434 -0.00986599363
v 0.0170648601 0.0247842539 -0.00987162162
v 0.0170604121 0.0247931592 -0.00987197179
v 0.0170533434 0.0126613369 -0.00986501016
v 0.0170699637 0.0247740448 -0.00987096876
v 0.017061932 0.0126785049 -0.00986456033
v 0.0170730855 0.0247677956 -0.00987043604
v 0.0170628205 0.0126802819 -0.00986446906
v 0.0170577001 0.0126700457 -0.00986487791
v 0.0170729626 0.0127005558 -0.00986285601
v 0.017081406 0.0247511435 -0.00986850914
v 0.0170704722 0.0126955779 -0.00986335147
v 0.0170786437 0.0247566719 -0.00986922719
v 0.0170687493 0.012692132 -0.00986365601
v 0.0170747917 0.0247643813 -0.00987009984
v 0.017078409 0.0127114467 -0.00986153726
v 0.0170843005 0.0247453526 -0.00986766256
v 0.0170977507 0.0247184318 -0.00986245275
v 0.0170929618 0.0247280169 -0.0098645594
v 0.0171060394 0.0247018393 -0.00985807832
v 0.0171024054 0.0247091167 -0.00986011792
v 0.0170950685 0.0127447583 -0.00985542778
v 0.017092498 0.0127396211 -0.00985658914
v 0.0171125252 0.0246888567 -0.00985393114
v 0.0171108264 0.0246922616 -0.00985508692
v 0.0171027072 0.0127600348 -0.00985144917
v 0.0170985218 0.0127516631 -0.00985372998
v 0.017112473 0.0127795665 -0.00984505191
v 0.0171145145 0.0127836522 -0.00984349754
v 0.0171194728 0.0246749502 -0.00984863564
v 0.0171101019 0.012774826 -0.0098467553
v 0.0171187073 0.0246764831 -0.00984926801
v 0.0171152577 0.0246833917 -0.00985196233
v 0.0171165168 0.012787655 -0.00984189007
v 0.0171168707 0.0127883656 -0.00984159671
v 0.0171236116 0.024666667 -0.00984497648
v 0.0171259325 0.0246620234 -0.00984272826
v 0.017118264 0.0127911502 -0.00984041486
v 0.0171203893 0.0127954045 -0.00983852148
v 0.0171306394 0.0246525984 -0.00983765721
v 0.0171236508 0.0128019303 -0.00983538479
v 0.0171321314 0.0246496126 -0.00983588584
v 0.0171258543 0.0128063364 -0.00983309373
v 0.0171290766 0.012813122 -0.00982944295
v 0.0171222575 0.0127991429 -0.00983676128
v 0.017133031 0.0128224883 -0.00982440356
v 0.0171358157 0.0246422328 -0.00983112119
v 0.0171371866 0.0128338952 -0.00981826615
v 0.0171404555 0.0246329494 -0.0098241251
v 0.0171474963 0.0246188436 -0.00981019903
v 0.0171431135 0.0128542325 -0.00980732683
v 0.0171487443 0.0246163439 -0.00980701856
v 0.017145386 0.0128640365 -0.00980205275
v 0.0171417613 0.0128490338 -0.00981012266
v 0.0171458218 0.0246221963 -0.00981402397
v 0.0171471797 0.0128730489 -0.00979720615
v 0.0171515308 0.0246107616 -0.00979848765
v 0.017146403 0.0128689716 -0.00979939941
v 0.0171504598 0.0246129055 -0.00980205741
v 0.0171523541 0.0246091112 -0.00979531556
v 0.0171491113 0.0128848385 -0.00979086477
v 0.0171534773 0.0246068593 -0.00979013648
v 0.0171498209 0.0128900148 -0.00978808012
v 0.0171479061 0.0128771756 -0.00979498588
v 0.0171485841 0.012881333 -0.0097927507
v 0.0171503052 0.0128939589 -0.00978595857
v 0.0171508472 0.0128989369 -0.00978328194
v 0.0171540957 0.0246056225 -0.00978650805
v 0.0171545837 0.0246046409 -0.00978278648
v 0.0171511862 0.0129024861 -0.00978137366
v 0.0171515476 0.0129067749 -0.00977906771
v 0.0171548091 0.0246041883 -0.00978045166
v 0.0171521045 0.0129153775 -0.00977444183
v 0.017155122 0.0246035568 -0.00977562927
v 0.0171525553 0.0129327392 -0.00976510532
v 0.0171551909 0.0246034153 -0.00977193285
v 0.0171524435 0.0129240556 -0.00976977497
v 0.0171523243 0.0129203023 -0.00977179222
v -0.019242065 0.0350116156 -0.00981156062
v -0.0192409195 0.0350116082 -0.00982020888
v -0.0192390271 0.0350116044 -0.0098287249
v -0.019236397 0.035011597 -0.00983704347
v -0.0192330536 0.0350115933 -0.00984510127
v -0.0192290191 0.0350115858 -0.00985283684
v -0.0192243271 0.0350115821 -0.00986019056
v -0.0192190129 0.0350115746 -0.0098671075
v -0.0192131121 0.0350115709 -0.00987353642
v -0.0192066766 0.0350115672 -0.00987942517
v -0.0191997532 0.0350115635 -0.00988473091
v -0.0191923939 0.035011556 -0.0098894136
v -0.0191846509 0.0350115523 -0.00989343692
v -0.0191765893 0.0350115485 -0.00989676919
v -0.019168267 0.0350115448 -0.00989938714
v -0.0191597492 0.0350115448 -0.00990126934
v -0.019151099 0.0350115411 -0.00990240276
v -0.0191511437 0.035111215 -0.00980284158
v -0.0191597939 0.0351100825 -0.00980284717
v -0.0191683117 0.0351081938 -0.00980285183
v -0.0191766322 0.0351055749 -0.00980285555
v -0.0191846918 0.0351022333 -0.00980285928
v -0.019192433 0.03509821 -0.00980286207
v -0.0191997904 0.0350935236 -0.00980286486
v -0.019206712 0.035088215 -0.0098028658
v -0.0192131456 0.0350823216 -0.00980286673
v -0.0192190409 0.0350758955 -0.00980286766
v -0.0192243531 0.0350689739 -0.00980286673
v -0.0192290414 0.0350616165 -0.0098028658
v -0.0192330722 0.0350538753 -0.00980286393
v -0.0192364119 0.0350458212 -0.00980286207
v -0.0192390382 0.0350374989 -0.00980285835
v -0.019240927 0.0350289829 -0.00980285462
v -0.0192420688 0.0350203328 -0.00980285089
v 0.011243714 0.0351162478 0.0105266077
v 0.0112437075 0.0351151153 0.0105352579
v 0.0112437019 0.0351132303 0.0105437757
v 0.0112436954 0.0351106152 0.010552098
v 0.0112436889 0.0351072773 0.0105601596
v 0.0112436824 0.035103254 0.0105679007
v 0.0112436768 0.0350985713 0.010575261
v 0.0112436712 0.0350932628 0.0105821844
v 0.0112436647 0.0350873731 0.0105886208
v 0.01124366 0.035080947 0.0105945179
v 0.0112436544 0.0350740291 0.0105998321
v 0.0112436498 0.0350666754 0.0106045241
v 0.0112436451 0.035058938 0.0106085567
v 0.0112436414 0.0350508802 0.0106119001
v 0.0112436377 0.0350425579 0.0106145283
v 0.0112436339 0.0350340456 0.0106164208
v 0.0112436311 0.0350253955 0.0106175654
v 0.0192542821 0.0247899033 -0.00977061037
v 0.0192518234 0.0247770622 -0.00977060478
v 0.0192475263 0.024764711 -0.00977060013
v 0.0192394815 0.0247492678 -0.00977059733
v 0.0192288775 0.0247354526 -0.0097705964
v 0.0192160364 0.0247236919 -0.00977059826
v 0.0192052163 0.0247163512 -0.00977060106
v 0.0191934481 0.0247106571 -0.00977060571
v 0.0191810951 0.0247063674 -0.0097706113
v 0.0191725791 0.0247044805 -0.00977061596
v 0.0191639289 0.0247033443 -0.00977062155
v 0.0191552136 0.0247029644 -0.00977062713
v 0.0170846321 0.0247887094 -0.0098709669
v 0.0170925874 0.024784727 -0.00987026561
v 0.0191552993 0.0247852411 -0.00986910146
v 0.0171446167 0.0247587003 -0.00986134447
v 0.0171568207 0.0247525964 -0.00985807367
v 0.0191552844 0.0247528013 -0.00985719264
v 0.0172529835 0.0247033425 -0.00977192447
v 0.0172548722 0.0247035623 -0.0097773904
v 0.0191552192 0.0247033723 -0.00977968983
v 0.0172535758 0.0247042086 -0.00978427846
v 0.0172517747 0.0247051101 -0.00979012623
v 0.0191552248 0.024704529 -0.00978829339
v 0.0172416717 0.0247101597 -0.00980780553
v 0.0172472131 0.0247073881 -0.00979947019
v 0.0191552322 0.024706427 -0.00979676377
v 0.0172364432 0.024712773 -0.0098140128
v 0.0191552378 0.0247090515 -0.00980503764
v 0.0191552434 0.0247123837 -0.0098130526
v 0.0172294024 0.0247162953 -0.00982088782
v 0.0191552565 0.0247210655 -0.00982806645
v 0.0172209144 0.0247205403 -0.00982783642
v 0.0191574302 0.0247163661 -0.00982059445
v 0.019155262 0.0247263238 -0.00983491912
v 0.0191552676 0.0247322135 -0.00984135456
v 0.017194273 0.0247338638 -0.00984386168
v 0.0172071606 0.024727419 -0.00983699504
v 0.0172141548 0.0246654656 -0.00987480953
v 0.0191552732 0.0247386415 -0.00984725263
v 0.017179098 0.024741454 -0.00985045079
v 0.0191552788 0.0247454867 -0.0098525174
v 0.0171680991 0.0247469563 -0.00985450484
v 0.0191552881 0.0247604921 -0.00986121688
v 0.0171232335 0.0247693975 -0.00986599084
v 0.0171312224 0.0247654021 -0.00986443646
v 0.0191552918 0.0247685034 -0.0098645594
v 0.0171062127 0.0247779135 -0.00986865442
v 0.0191552956 0.0247767754 -0.00986719411
v 0.0170699749 0.0247960407 -0.0098717967
v 0.0191553012 0.0247938428 -0.00987026747
v -0.0191532932 0.0351087637 -0.00982215442
v -0.0191725586 0.035013102 -0.00980523508
v -0.0191661306 0.0350140482 -0.00981168728
v -0.0191540867 0.0350140184 -0.00980423484
v -0.0191551093 0.0350165442 -0.00980717409
v -0.0191474911 0.0350128524 -0.00980606861
v -0.0191569142 0.0350224748 -0.00981306285
v -0.0191489458 0.0350156613 -0.00980439503
v -0.0192098934 0.035045553 -0.00986811612
v -0.0192330647 0.0350517854 -0.00981505308
v -0.0191521738 0.0350220986 -0.00980538689
v -0.0191468764 0.0350186899 -0.0098071238
v -0.0191562921 0.0350154415 -0.0098232422
v -0.0192190334 0.0350740626 -0.0098167127
v -0.019145282 0.0350139663 -0.00980724674
v -0.0191490166 0.035022933 -0.00980597362
v -0.0191489831 0.0350233689 -0.00981529988
v -0.0191450939 0.0350206681 -0.00980511401
v -0.0191444084 0.0350181535 -0.00981146004
v -0.0191724245 0.0350239724 -0.0098971799
v -0.019146122 0.0350303575 -0.00981490407
v -0.0191597138 0.0350491591 -0.00989352353
v -0.0191597473 0.0350307077 -0.00989913475
v -0.0191510953 0.0350414738 -0.00989771821
v -0.0191510972 0.0350245275 -0.00990146399
v -0.0191424228 0.0351112112 -0.00981155131
v -0.0191424172 0.0351100676 -0.00982019957
v -0.0191424116 0.0351081751 -0.00982871559
v -0.0191424061 0.0351055488 -0.00983703416
v -0.0191424023 0.0351021998 -0.00984509196
v -0.0191423967 0.035098169 -0.00985282846
v -0.019142393 0.0350934789 -0.00986018311
v -0.0191423893 0.0350881629 -0.00986710005
v -0.0191423874 0.0350822657 -0.0098735299
v -0.0191423837 0.0350758322 -0.00987941958
v -0.0191423818 0.0350689068 -0.00988472532
v -0.0191423818 0.0350615457 -0.00988940895
v -0.01914238 0.0350538045 -0.00989343319
v -0.01914238 0.035045743 -0.00989676639
v -0.01914238 0.0350374207 -0.00989938527
v -0.01914238 0.035028901 -0.00990126748
v -0.0191423818 0.0350202508 -0.00990240183
v 0.011933771 0.035114944 0.0105056008
v 0.0119348662 0.0351117477 0.0105182324
v 0.0119362567 0.0351050943 0.0105342651
v 0.0119375251 0.0350957438 0.0105489027
v 0.0119386325 0.0350839868 0.0105617009
v 0.0119395452 0.0350701809 0.0105722705
v 0.0119402381 0.0350547321 0.0105802901
v 0.011940687 0.0350381285 0.0105855176
v 0.0126193613 0.0351137929 0.0104201082
v 0.0126183545 0.0350427851 0.0104138535
v 0.0126283551 0.0350837782 0.0104713757
v 0.0126222577 0.0350361951 0.0104364604
v 0.0126324752 0.0350379162 0.0104949214
v 0.0132906409 0.0350323617 0.0102574211
v 0.0133075817 0.0350835361 0.0103212809
v 0.0132984612 0.0350359529 0.0102870297
v 0.0133137358 0.0350376777 0.0103443777
v 0.0139486967 0.0350320935 0.0100504169
v 0.0139711406 0.0350832641 0.0101125585
v 0.0139590679 0.0350356847 0.0100792311
v 0.0139792822 0.0350374021 0.0101350304
v 0.0145862065 0.0350317955 0.00978684798
v 0.0146139842 0.0350829661 0.00984679814
v 0.0145990504 0.035035383 0.00981464982
v 0.0146240508 0.0350371003 0.00986847281
v 0.0151983183 0.0350314714 0.00946871936
v 0.0152312182 0.0350826383 0.00952602085
v 0.0152135389 0.0350350626 0.00949529838
v 0.0152431326 0.0350367725 0.00954673626
v 0.0157803744 0.0350311212 0.00909845158
v 0.015818147 0.0350822881 0.00915266946
v 0.0157978516 0.0350347087 0.00912360102
v 0.0158318207 0.0350364223 0.00917226635
v 0.0163279455 0.0350307524 0.00867886469
v 0.0163703021 0.0350819156 0.00872958358
v 0.0163475461 0.0350343399 0.00870239176
v 0.0163856279 0.0350360498 0.00874791294
v 0.016836863 0.035030365 0.00821314938
v 0.0168834813 0.0350815244 0.0082599856
v 0.016858438 0.0350339487 0.00823487807
v 0.0169003457 0.0350356549 0.00827690866
v 0.0173032545 0.0350299627 0.00770485122
v 0.0173537787 0.0350811183 0.00774744712
v 0.0173266456 0.0350335464 0.00772461947
v 0.0173720494 0.0350352488 0.00776283536
v 0.0177235696 0.0350295492 0.0071578389
v 0.0177776162 0.0350807011 0.00719586993
v 0.017748598 0.0350331329 0.00717549585
v 0.017797159 0.0350348316 0.00720960647
v 0.0180972759 0.0350333527 0.00657782611
v 0.0181517694 0.0350802727 0.00660945196
v 0.0181210823 0.0350327082 0.00659168418
v 0.0181724299 0.0350343995 0.00662143249
v 0.0184135512 0.0350286961 0.00596458558
v 0.0184733868 0.0350798368 0.00599265611
v 0.0184412673 0.0350322761 0.00597762875
v 0.0184950139 0.0350339673 0.0060027889
v 0.0186779667 0.0350282639 0.00532742683
v 0.0187400263 0.035079401 0.00535017578
v 0.0187067091 0.0350318365 0.00533800293
v 0.0187634267 0.0350270756 0.00535874534
v 0.0188872386 0.0350272059 0.00467002857
v 0.0189586058 0.0350668803 0.00468931487
v 0.018918531 0.0350245684 0.00467854226
v 0.0189747103 0.0350201838 0.00469367253
v 0.0190435573 0.0350489207 0.00399768353
v 0.0190846249 0.0350929573 0.00400503119
v 0.0190588254 0.035039667 0.00400042254
v 0.0191134159 0.035061039 0.00401014788
v 0.0190689377 0.03502414 0.0040022647
v 0.0191262253 0.0350197516 0.00401244126
v 0.0191463772 0.0351063795 0.00331424782
v 0.0191645231 0.0350992382 0.00331585226
v 0.019184079 0.0350855999 0.00331758475
v 0.019197518 0.0350714363 0.00331877824
v 0.0192094985 0.0350507796 0.0033198474
v 0.019215716 0.0350322351 0.00332040642
v 0.0192177873 0.035019327 0.00332059711
v 0.0191578194 0.0351098366 0.00262329006
v 0.0191664696 0.0351086967 0.00262329658
v 0.0191749856 0.0351068079 0.00262330356
v 0.019183306 0.0351041816 0.00262331078
v 0.0191913638 0.03510084 0.00262331823
v 0.0191991031 0.0350968093 0.00262332591
v 0.0192064587 0.0350921229 0.0026233336
v 0.0192133784 0.0350868069 0.00262334151
v 0.0192198083 0.0350809135 0.0026233492
v 0.0192257017 0.0350744836 0.00262335711
v 0.0192310102 0.0350675583 0.00262336479
v 0.0192356948 0.0350602008 0.00262337225
v 0.0192397218 0.0350524597 0.00262337946
v 0.0192430597 0.0350444019 0.00262338645
v 0.0192456804 0.0350360796 0.0026233932
v 0.0192475654 0.0350275598 0.00262339949
v 0.0192487035 0.0350189097 0.00262340531
v 0.0191582795 0.0248004347 -0.00978450757
v 0.0191569179 0.0247937739 -0.00978403166
v 0.0191583633 0.0247754268 -0.00977484602
v 0.0191598535 0.02470419 -0.00978461746
v 0.0191607177 0.0247033425 -0.00977692567
v 0.0191771053 0.0247058924 -0.00977847166
v 0.0191600379 0.0247098077 -0.00980637595
v 0.0191580169 0.0247952901 -0.00977234636
v 0.0191624351 0.0247871522 -0.00977356359
v 0.0191568825 0.0247947555 -0.00977584161
v 0.0191624314 0.0247922391 -0.00977256056
v 0.0192034487 0.0247236732 -0.00980759505
v 0.0191586725 0.0247901231 -0.00977527536
v 0.0191637352 0.0247865412 -0.00978275295
v 0.019162206 0.0247954242 -0.00977803208
v 0.0191688295 0.0247899182 -0.0097782407
v 0.0191674661 0.0247930884 -0.00977330375
v 0.0191790834 0.0247420985 -0.00984615274
v 0.0192335937 0.0247587245 -0.0098136561
v 0.0191680659 0.0247974489 -0.00977401435
v 0.0191616621 0.0247935429 -0.00978464819
v 0.0191610325 0.0248001125 -0.0097790556
v 0.0192264766 0.0247666966 -0.00983036682
v 0.0191683862 0.024799617 -0.0097794272
v 0.0191720296 0.024799468 -0.00977334101
v 0.0192249864 0.0247877389 -0.00984033383
v 0.0192008428 0.0247877017 -0.00985817332
v 0.0192466807 0.0247898828 -0.00980848446
v 0.0191640183 0.0248029046 -0.00987029914
v 0.0191726685 0.0248029027 -0.00986915361
v 0.0191811826 0.0248029027 -0.00986726023
v 0.0191895012 0.0248029027 -0.00986463111
v 0.019197559 0.0248029027 -0.00986128766
v 0.0192052964 0.0248029027 -0.00985725317
v 0.0192126501 0.0248029046 -0.00985256117
v 0.0192195661 0.0248029046 -0.00984724611
v 0.0192259941 0.0248029064 -0.00984134804
v 0.0192318838 0.0248029102 -0.00983491167
v 0.0192371905 0.024802912 -0.00982798729
v 0.0192418713 0.0248029158 -0.00982062612
v 0.0192458946 0.0248029195 -0.0098128859
v 0.0192492269 0.0248029232 -0.00980482344
v 0.0192518458 0.0248029269 -0.00979650114
v 0.019253727 0.0248029325 -0.00978798326
v 0.0192548614 0.0248029362 -0.00977933314
v -0.00234242715 0.0351074226 -0.00980009139
v -0.00234242133 0.0351062827 -0.00980874058
v -0.00234241597 0.0351043865 -0.00981725659
v -0.00234241108 0.0351017602 -0.00982557517
v -0.00234240619 0.0350984149 -0.00983363297
v -0.00234240177 0.0350943841 -0.00984136853
v -0.00234239781 0.0350896902 -0.00984872319
v -0.00234239432 0.0350843742 -0.00985564105
v -0.00234239129 0.0350784771 -0.00986206997
v -0.00234238873 0.0350720435 -0.00986795966
v -0.00234238664 0.0350651219 -0.00987326633
v -0.00234238524 0.0350577608 -0.00987794902
v -0.00234238408 0.0350500159 -0.00988197327
v -0.00234238361 0.0350419581 -0.00988530647
v -0.00234238384 0.0350336321 -0.00988792535
v -0.00234238454 0.0350251161 -0.00988980848
v -0.00234238571 0.0350164659 -0.0098909419
v 0.0191662759 0.0351025797 -0.00977670494
v 0.019174926 0.0351014435 -0.00977669843
v 0.019183442 0.0350995511 -0.00977669191
v 0.0191917624 0.0350969248 -0.00977668446
v 0.0191998202 0.0350935832 -0.009776677
v 0.0192075595 0.0350895561 -0.00977666955
v 0.0192149151 0.035084866 -0.0097766621
v 0.0192218348 0.0350795537 -0.00977665372
v 0.0192282647 0.0350736566 -0.00977664627
v 0.0192341581 0.0350672267 -0.00977663789
v 0.0192394666 0.0350603051 -0.00977663044
v 0.0192441512 0.035052944 -0.00977662299
v 0.0192481801 0.0350452028 -0.00977661554
v 0.0192515161 0.035037145 -0.00977660902
v 0.0192541387 0.0350288227 -0.0097766025
v 0.0192560237 0.0350203067 -0.00977659598
v 0.0192571599 0.0350116566 -0.00977659039
v 0.0192571655 0.0350029357 -0.00978530012
v 0.0192560311 0.035002932 -0.00979395024
v 0.0192541499 0.0350029282 -0.00980246812
v 0.019251531 0.0350029245 -0.00981079042
v 0.0192481987 0.0350029171 -0.00981885288
v 0.0192441754 0.0350029133 -0.00982659403
v 0.0192394927 0.0350029133 -0.00983395427
v 0.0192341879 0.0350029096 -0.00984087866
v 0.0192282964 0.0350029059 -0.00984731503
v 0.0192218684 0.0350029059 -0.00985321309
v 0.0192149524 0.0350029022 -0.00985852815
v 0.0192075986 0.0350029022 -0.00986322016
v 0.0191998631 0.0350029022 -0.00986725464
v 0.0191918053 0.0350029022 -0.00987059809
v 0.0191834867 0.0350029022 -0.00987322722
v 0.0191749707 0.0350029022 -0.0098751206
v 0.0191663224 0.0350029022 -0.00987626612
v -0.00232997374 0.0250370819 -0.0098843528
v -0.00232599396 0.0250450391 -0.00988366082
v -0.00232472294 0.0350077488 -0.00988973211
v -0.00229750201 0.02510201 -0.00987357832
v -0.00229386357 0.0251092874 -0.00987154711
v -0.00229228311 0.0350077488 -0.0098778205
v -0.00224483781 0.0252074394 -0.00979098398
v -0.00224286155 0.0350077823 -0.00980031304
v -0.0022452008 0.0252067056 -0.00979565084
v -0.00224401662 0.0350077786 -0.0098089166
v -0.00224607484 0.0252049454 -0.00980190281
v -0.0022509417 0.0251951832 -0.00982012134
v -0.00224940293 0.0251982678 -0.00981562957
v -0.00224591349 0.0350077711 -0.00981738698
v -0.00224833237 0.0252004135 -0.00981206354
v -0.00224750815 0.0252020676 -0.00980889238
v -0.0022540451 0.0251889639 -0.00982758403
v -0.00225192029 0.02519322 -0.00982264336
v -0.00224861293 0.0350077674 -0.00982586574
v -0.00224846299 0.0350077674 -0.00982545596
v -0.00225187 0.0350077637 -0.00983367674
v -0.00225651427 0.0251840185 -0.0098325666
v -0.0022582747 0.0251804944 -0.00983574893
v -0.00226055156 0.0350077562 -0.00984869152
v -0.00226314575 0.0251707435 -0.00984335225
v -0.00225595012 0.0350077599 -0.00984148588
v -0.0022594193 0.0251782015 -0.00983767491
v -0.00225581881 0.0350077599 -0.00984125864
v -0.00226580747 0.0350077562 -0.00985554419
v -0.00227169669 0.0350077525 -0.00986198056
v -0.00227398565 0.0251490492 -0.00985627528
v -0.00226868619 0.0251596533 -0.00985052995
v -0.00228463812 0.0251277387 -0.00986545254
v -0.002280802 0.0251354128 -0.00986245088
v -0.00227812468 0.0350077525 -0.00986787863
v -0.00227627647 0.0251444671 -0.00985848624
v -0.0022849706 0.0350077488 -0.00987314433
v -0.00228822324 0.0251205657 -0.00986799225
v -0.0023024315 0.025092151 -0.00987602863
v -0.00229997397 0.0350077488 -0.00988184568
v -0.002310663 0.0250756908 -0.00987942331
v -0.00230666739 0.0250836797 -0.00987787917
v -0.0023185201 0.0250599794 -0.00988192018
v -0.00231562322 0.0250657722 -0.00988108013
v -0.00230798475 0.0350077488 -0.00988518912
v -0.00232128473 0.0250544529 -0.00988263078
v -0.00231625512 0.0350077488 -0.00988782477
v -0.00233507878 0.0250268765 -0.00988499355
v -0.0023333244 0.0350077488 -0.00989089906
v -0.00233953353 0.0250179712 -0.00988533348
v -0.00224286574 0.0350168459 -0.00979125593
v -0.00224402477 0.0350254513 -0.00979126152
v -0.00232722983 0.0350113474 -0.00979380868
v -0.0022459256 0.0350339226 -0.00979126804
v -0.00224855356 0.0350421965 -0.00979127456
v -0.00225181528 0.0350500494 -0.00979128107
v -0.00225215429 0.0350498855 -0.00979999639
v -0.00225196336 0.0350503661 -0.00979128107
v -0.00225590728 0.0350579023 -0.00979128852
v -0.00232553459 0.0350191519 -0.00979407597
v -0.00226057763 0.0350652188 -0.00979129598
v -0.00226583681 0.0350720733 -0.00979130343
v -0.00229220954 0.0350942686 -0.00979133416
v -0.00229243608 0.035094399 -0.00979133509
v -0.00229262048 0.0350940675 -0.00980005041
v -0.00229985709 0.0350982845 -0.00979134254
v -0.00230017328 0.0350984298 -0.00979134254
v -0.00230032834 0.0350980833 -0.00980005786
v -0.00232971041 0.0350104123 -0.00989036076
v -0.0023387773 0.0350091495 -0.00980153214
v -0.00234176475 0.0350093283 -0.00979934447
v -0.00233555515 0.0350098982 -0.0098006865
v -0.00234089768 0.0350141302 -0.00979954936
v -0.00227002846 0.0350206457 -0.00985877123
v -0.00233719731 0.0350096822 -0.00979410019
v -0.00225614663 0.0350153074 -0.00984126329
v -0.0022475149 0.0350160748 -0.00982130039
v -0.0023333698 0.0351073928 -0.00979137048
v -0.00233993516 0.0350183211 -0.00979312696
v -0.00234058104 0.0350144506 -0.00979460031
v -0.00232476764 0.0351062343 -0.00979136396
v -0.00231629913 0.0351043269 -0.00979135651
v -0.00233636587 0.0350215435 -0.0098020155
v -0.00230802759 0.0351016931 -0.00979134999
v -0.00233966019 0.0350110382 -0.00979660917
v -0.00229006587 0.0350899696 -0.00981295388
v -0.00228500809 0.0350896642 -0.00979132671
v -0.00232697162 0.0350259542 -0.00979477447
v -0.0023286934 0.0350250378 -0.0098016886
v -0.00233809138 0.0350127779 -0.00981122255
v -0.00227815961 0.0350844003 -0.00979131926
v -0.0023289246 0.0350170285 -0.0098031126
v -0.00227287691 0.0350715481 -0.00982336421
v -0.00227172882 0.0350785032 -0.00979131088
v 0.0191595554 0.0350054801 -0.00978414528
v 0.0191655643 0.0350048207 -0.00977752917
v 0.0192571655 0.0350063965 -0.00978417788
v 0.0191773903 0.0350066349 -0.00978008099
v 0.0191693474 0.0350086689 -0.00977810752
v 0.0191687252 0.0350041352 -0.00977971125
v 0.0191662163 0.0350061841 -0.00978240836
v 0.0191605091 0.035005454 -0.00977881812
v 0.0191608202 0.0350064784 -0.00977763906
v 0.0191664565 0.0350042917 -0.00978199765
v 0.0191649999 0.0350059345 -0.0097892629
v 0.0192234777 0.0350159258 -0.00985046104
v 0.0191610884 0.0350089334 -0.00978386682
v 0.0191958025 0.0350936577 -0.00979274791
v 0.0191594828 0.0350101627 -0.00978145935
v 0.0191599801 0.035015706 -0.00977942999
v 0.0191663262 0.0350429229 -0.00986761507
v 0.019157609 0.0350116193 -0.0098762773
v 0.0191576108 0.0350202695 -0.00987514295
v 0.0191576108 0.0350287855 -0.00987325981
v 0.0191576108 0.0350371115 -0.00987064186
v 0.0191576108 0.0350451693 -0.00986730866
v 0.019157609 0.0350529142 -0.00986328442
v 0.0191576071 0.0350602753 -0.0098586008
v 0.0191576052 0.0350672007 -0.00985329412
v 0.0191576034 0.0350736305 -0.00984740537
v 0.0191575997 0.0350795276 -0.00984097552
v 0.0191575959 0.0350848474 -0.00983405858
v 0.0191575922 0.0350895375 -0.00982670393
v 0.0191575885 0.0350935683 -0.00981896743
v 0.0191575829 0.0350969136 -0.00981090963
v 0.0191575792 0.0350995399 -0.00980259106
v 0.0191575736 0.0351014361 -0.00979407504
v 0.019157568 0.035102576 -0.00978542678
v -0.00232551852 0.0250173099 -0.00988498144
v -0.00233442476 0.0250128601 -0.00988532696
v 0.00235378766 0.025007477 -0.00988226011
v -0.00231531146 0.0250224117 -0.00988433417
v 0.00233623036 0.0250162594 -0.0098818019
v -0.00230735377 0.0250263903 -0.00988363754
v 0.00234580645 0.025012156 -0.0098821111
v 0.00231806817 0.0250253472 -0.00988048222
v 0.0023086525 0.0250300579 -0.00987945963
v -0.00228951359 0.0250353068 -0.0098814657
v -0.00229793787 0.0250310972 -0.00988260191
v 0.0023260247 0.0250213668 -0.0098811686
v 0.00230022892 0.0250342712 -0.00987833552
v -0.00227669952 0.0250417106 -0.00987938046
v 0.00228741486 0.0250406824 -0.00987626705
v 0.00227999664 0.0250443947 -0.00987484679
v -0.0022602391 0.0250499398 -0.00987597555
v -0.00226928201 0.025045421 -0.00987794995
v -0.00224310649 0.0250585079 -0.00987148285
v -0.00225038244 0.0250548683 -0.00987351872
v 0.00227095396 0.025048919 -0.00987288449
v 0.00227885228 0.0250449665 -0.00987461209
v -0.0022591583 0.0250504799 -0.00987572223
v 0.00225381856 0.0250574928 -0.00986841507
v -0.00223182677 0.0250641461 -0.00986791961
v 0.00226109568 0.0250538513 -0.00987044163
v 0.00223536603 0.0250667278 -0.00986233447
v -0.00221698591 0.0250715688 -0.00986236986
v 0.00224253675 0.0250631366 -0.0098648686
v -0.00222465838 0.0250677317 -0.00986537617
v 0.0022276917 0.0250705667 -0.0098593384
v -0.00220793509 0.0250760932 -0.00985839963
v -0.00220329082 0.0250784177 -0.00985615421
v 0.00221863715 0.0250750966 -0.00985538028
v 0.00221405388 0.0250773896 -0.00985317305
v -0.00219237362 0.025083879 -0.00985020306
v -0.00218350231 0.0250883177 -0.00984455738
v 0.00220344937 0.0250826981 -0.00984743517
v -0.00217984361 0.0250901468 -0.00984194037
v 0.00219722511 0.0251392424 -0.00988084543
v 0.0021905289 0.0250891615 -0.0098389592
v -0.00217307429 0.025093535 -0.00983660389
v 0.0021845575 0.025092151 -0.00983430259
v -0.00216840697 0.0250958726 -0.00983245578
v -0.002163467 0.0250983443 -0.00982746948
v 0.00217413646 0.0250973664 -0.00982451066
v 0.00217078044 0.0250990465 -0.0098206941
v -0.00215725764 0.0251014531 -0.00982000399
v -0.00215921551 0.0251004733 -0.00982252602
v 0.00217908248 0.0250948928 -0.00982948951
v -0.00215460081 0.0251027849 -0.00981612224
v 0.00216791802 0.0251004808 -0.00981705263
v -0.00215084897 0.0251046661 -0.00980964024
v 0.00216897903 0.025099948 -0.00981845055
v 0.00216483348 0.0251020249 -0.00981256273
v -0.00214751437 0.0251063406 -0.00980177801
v 0.00216185884 0.0251035132 -0.00980741344
v 0.00215815287 0.0251053702 -0.00979884062
v -0.00214551762 0.0251073446 -0.0097941719
v 0.00215639314 0.0251062512 -0.00979259051
v 0.00215565762 0.02510662 -0.00978792366
v -0.00224858127 0.0350377634 -0.00698283641
v -0.00225066068 0.0350440443 -0.0069786855
v -0.0022613029 0.0350650102 -0.00695744017
v -0.00226321956 0.0350677855 -0.00695361383
v -0.00233936217 0.0351094231 -0.00680159312
v -0.00232780143 0.0351080708 -0.00682467548
v -0.00233490346 0.0351090729 -0.00681049516
v -0.00231898669 0.035106115 -0.00684227422
v -0.00230860594 0.0351027399 -0.00686300034
v -0.00230222149 0.0351000465 -0.00687574688
v -0.00229447451 0.0350960344 -0.00689121429
v -0.00229728711 0.0350975879 -0.00688559888
v -0.00230168086 0.0350997932 -0.00687682675
v -0.00228620227 0.035090711 -0.0069077299
v -0.00229300628 0.0350951739 -0.00689414609
v -0.00229409011 0.0350958109 -0.0068919817
v -0.00227488833 0.0350813493 -0.0069303182
v -0.00228056661 0.0350864269 -0.00691898121
v -0.00226843497 0.0350744836 -0.00694320165
v -0.00225741207 0.0350585729 -0.00696520833
v -0.00225377013 0.0350515135 -0.0069724787
v -0.00225164066 0.0350465626 -0.00697672926
v -0.00224649929 0.0350293107 -0.00698699243
v -0.00224477029 0.0350181125 -0.00699044252
v -0.00224443618 0.0350131206 -0.00699110935
v 0.00235757162 0.0351063646 -0.00979688577
v 0.00235757721 0.035105221 -0.00980553403
v 0.00235758256 0.0351033285 -0.00981405005
v 0.00235758768 0.0351007022 -0.00982236955
v 0.00235759257 0.0350973532 -0.00983042642
v 0.00235759676 0.0350933224 -0.00983816292
v 0.00235760072 0.0350886323 -0.00984551758
v 0.00235760445 0.0350833163 -0.00985243544
v 0.00235760747 0.0350774191 -0.00985886436
v 0.00235761004 0.0350709856 -0.00986475404
v 0.00235761213 0.0350640602 -0.00987006072
v 0.00235761353 0.0350566991 -0.00987474341
v 0.00235761446 0.0350489579 -0.00987876765
v 0.00235761493 0.0350408964 -0.00988210086
v 0.00235761493 0.0350325741 -0.00988471974
v 0.00235761423 0.0350240581 -0.00988660194
v 0.00235761306 0.0350154042 -0.00988773629
v 0.00226010173 0.0251972508 -0.00981255341
v 0.00226164539 0.0251941644 -0.00981704425
v 0.00226374762 0.0350067504 -0.00982278772
v 0.00235024584 0.0250169132 -0.00988213439
v 0.00234854803 0.0350066945 -0.00988770556
v 0.00233671651 0.0250439886 -0.00988048036
v 0.00234069349 0.0250360295 -0.00988116674
v 0.00234579481 0.0250258204 -0.00988180097
v 0.00233201007 0.0250534024 -0.00987945683
v 0.00233994471 0.0350066982 -0.00988654979
v 0.00232924661 0.0250589345 -0.00987874996
v 0.00233172718 0.0350066982 -0.0098847216
v 0.00233122171 0.0350067019 -0.00988458563
v 0.00232139346 0.0250746477 -0.00987626426
v 0.00232635136 0.0250647273 -0.00987791456
v 0.00232320046 0.0350067019 -0.00988203008
v 0.0023176854 0.0250820667 -0.00987484306
v 0.00231289421 0.0250916518 -0.0098727541
v 0.00230459822 0.0251082499 -0.00986841042
v 0.0023082362 0.0251009706 -0.00987043697
v 0.00231518503 0.0350067057 -0.00987869781
v 0.00229810714 0.0251212362 -0.00986428745
v 0.0022998089 0.0251178313 -0.0098654367
v 0.00230748882 0.0350067094 -0.00987468287
v 0.0023002415 0.0350067168 -0.00987006631
v 0.00230009854 0.0350067168 -0.00986996666
v 0.0022957914 0.0251258686 -0.00986263808
v 0.00229495484 0.0251275413 -0.00986201782
v 0.00229331665 0.0350067206 -0.00986476056
v 0.00228688074 0.0350067243 -0.00985887088
v 0.00228471751 0.0251480211 -0.0098531656
v 0.00228700927 0.025143439 -0.00985537376
v 0.00229153619 0.0251343828 -0.00985933188
v 0.0022757675 0.0350067355 -0.00984566752
v 0.00227295444 0.02517155 -0.00983895175
v 0.00228098268 0.0350067317 -0.00985244289
v 0.00227478542 0.025167888 -0.00984156318
v 0.00227941549 0.0251586288 -0.00984742772
v 0.00226899376 0.0251794718 -0.0098326616
v 0.00226967758 0.0251781028 -0.00983382575
v 0.00227060053 0.0251762588 -0.00983534474
v 0.00227566715 0.0350067355 -0.00984552596
v 0.00227104058 0.0350067392 -0.00983828399
v 0.00226722984 0.0251829997 -0.00982948113
v 0.00226475624 0.025187945 -0.00982450228
v 0.00226217578 0.0251931027 -0.00981844123
v 0.00226307707 0.0251913015 -0.00982068479
v 0.00226708967 0.0350067466 -0.00983075146
v 0.00226694136 0.0350067466 -0.00983043574
v 0.00225897972 0.0251994934 -0.00980881881
v 0.00225907494 0.0251993015 -0.00980915874
v 0.00225675781 0.0252039302 -0.00979883131
v 0.0022581995 0.0252010524 -0.00980581902
v 0.00226103701 0.0350067578 -0.00981431268
v 0.00225912849 0.0350067616 -0.0098058451
v 0.00226359721 0.0350067504 -0.00982237794
v 0.0022557429 0.0252059549 -0.00979113299
v 0.00225796178 0.035006769 -0.00979724247
v 0.00225540483 0.0252066292 -0.0097861439
v -0.0021460969 0.0350219123 -0.00689035794
v -0.00214477838 0.0350149311 -0.00689101312
v 0.00215655123 0.0350180827 -0.00688776234
v -0.00214788341 0.0350276604 -0.00688946852
v 0.00215840247 0.0350248814 -0.00688683987
v 0.00216127746 0.03503187 -0.00688540516
v -0.00215179031 0.0350360125 -0.00688752299
v -0.00215013861 0.0350328423 -0.00688834582
v 0.00216293009 0.0350350402 -0.00688457955
v 0.00216507516 0.0350386091 -0.00688350806
v -0.00215667556 0.0350436084 -0.00688508805
v -0.00215393584 0.0350395814 -0.00688645383
v -0.00216327305 0.0350515842 -0.00688179862
v -0.00215897826 0.0350465961 -0.00688394019
v 0.00216868776 0.0350438021 -0.00688170176
v 0.002171017 0.0350467451 -0.00688053714
v -0.00217238371 0.0350602977 -0.00687725516
v -0.002168176 0.0350565277 -0.00687935343
v 0.00217437162 0.0350505672 -0.00687885983
v 0.00218352163 0.0350593142 -0.00687428331
v 0.00218604947 0.035061419 -0.00687301811
v -0.00218211534 0.0350678116 -0.00687240157
v 0.00219133543 0.0350654386 -0.00687037408
v -0.00217660051 0.0350637175 -0.00687515223
v 0.00217931345 0.035055548 -0.0068763881
v -0.00219215592 0.0350742787 -0.00686739245
v 0.0022036673 0.0350735225 -0.00686420314
v -0.00220301584 0.0350802019 -0.00686197449
v 0.00221655658 0.035080377 -0.00685775233
v -0.00220772508 0.0350824818 -0.00685962522
v -0.00221678033 0.0350864492 -0.00685510691
v 0.00222713104 0.0350851342 -0.00685245916
v -0.00222928263 0.035148982 -0.00689808931
v 0.00223169802 0.0350869521 -0.00685017323
v -0.00222992594 0.0350914262 -0.00684854761
v 0.00223640492 0.0350887626 -0.00684781699
v 0.00224273605 0.0350909941 -0.00684464769
v -0.00224291091 0.0350955687 -0.0068420684
v -0.002233329 0.0350925811 -0.00684684981
v 0.00225401414 0.0350945517 -0.00683900109
v -0.00225018919 0.0350976065 -0.00683843624
v -0.0022600505 0.0351000614 -0.00683351513
v 0.00226128893 0.0350965895 -0.00683535868
v 0.00227060285 0.0350989141 -0.00683069602
v -0.00227651536 0.0351034664 -0.00682529854
v -0.00226852228 0.0351019204 -0.00682928739
v -0.0022864358 0.0351051353 -0.00682034716
v 0.00228759903 0.0351024382 -0.00682218559
v -0.00229499489 0.0351063386 -0.00681607565
v 0.00228018383 0.0351010114 -0.00682589831
v -0.00230546994 0.0351075642 -0.00681084767
v 0.00230330438 0.0351049416 -0.00681432104
v -0.00230888673 0.0351078995 -0.00680914242
v 0.00230883085 0.0351056531 -0.00681155361
v 0.00229751458 0.0351040997 -0.00681722071
v 0.00231824373 0.0351066887 -0.00680684019
v -0.00231513777 0.0351084284 -0.00680602249
v -0.00232534762 0.0351090766 -0.00680092629
v 0.00232619839 0.0351073816 -0.00680285646
v 0.00233640126 0.0351080261 -0.00679774722
v 0.002345304 0.0351083688 -0.00679328805
v -0.00233425596 0.0351094231 -0.00679648016
v 0.00234850263 0.0351063386 -0.00978817698
v 0.00233989977 0.0351051837 -0.00978818163
v 0.00235460349 0.035023246 -0.00979132485
v 0.00233143056 0.0351032801 -0.00978818629
v 0.00232336251 0.0351007283 -0.00978819095
v 0.00232349848 0.0351003669 -0.00979690533
v 0.00232295273 0.0351005755 -0.00978819095
v 0.00231514382 0.0350973159 -0.00978819467
v 0.00235256739 0.0350185931 -0.00979167689
v 0.00230744947 0.0350933 -0.00978819747
v 0.00234834081 0.0350183025 -0.00979013834
v 0.00230013253 0.0350886323 -0.00978819933
v 0.00229328172 0.0350833684 -0.00978820119
v 0.00234447862 0.0350094102 -0.00979088061
v 0.00226562237 0.0350147933 -0.00982641149
v 0.0023459415 0.0350099839 -0.00979498122
v 0.00227598054 0.0350138731 -0.00984552968
v 0.00234630681 0.0350089706 -0.00980168208
v 0.00230046082 0.0350117162 -0.0098700691
v 0.00235603773 0.0350091346 -0.00981778
v 0.00233197375 0.0350100733 -0.00988472346
v 0.00235435553 0.035008274 -0.00980146881
v 0.00235094735 0.0350098014 -0.00980246812
v 0.00228299201 0.0350285694 -0.00985072367
v 0.00229364936 0.0350322314 -0.00986035448
v 0.0023382064 0.0350294635 -0.00988341868
v 0.00234907935 0.0350130796 -0.00979898684
v 0.00231725886 0.0350471735 -0.00986992195
v 0.00234647281 0.0350149274 -0.00979794562
v 0.00235543004 0.0350122973 -0.00980097521
v 0.00234715221 0.035034515 -0.00988341589
v 0.00225795759 0.0350158326 -0.00978818536
v 0.00225912035 0.0350244381 -0.00978819001
v 0.0022610249 0.0350329056 -0.00978819374
v 0.00226365658 0.0350411795 -0.00978819653
v 0.00234881393 0.0350123048 -0.00978962518
v 0.00227424339 0.0350477844 -0.00982441008
v 0.00226699607 0.0350491889 -0.00978819933
v 0.00235194247 0.0350113809 -0.00979116466
v 0.00227101776 0.0350568816 -0.00978820026
v 0.00227569137 0.0350641981 -0.00978820212
v 0.00228095334 0.0350710489 -0.00978820212
v 0.00228684861 0.035077475 -0.00978820212
v 0.00234956993 0.0350183249 -0.00979439169
v 0.00231524277 0.0350685567 -0.00985406339
v 0.00232604332 0.0350584425 -0.00986742321
v 0.00235538976 0.035012275 -0.00979284197
v 0.00235648709 0.0350133032 -0.00979643036
v 0.00234603882 0.0350945033 -0.00983430166
v 0.00233906927 0.0350861959 -0.00984541979
v 0.00225570635 0.0350121073 -0.00698804017
v 0.0022563925 0.0350200422 -0.00698667346
v 0.00225736201 0.0350266099 -0.0069847377
v 0.00226277369 0.0350451991 -0.0069739148
v 0.00226073852 0.0350396335 -0.00697798654
v 0.00225908239 0.0350339934 -0.00698129879
v 0.00226503098 0.0350504927 -0.00696939835
v 0.00226750085 0.0350554772 -0.00696445536
v 0.00227065524 0.0350609571 -0.00695814146
v 0.00227446225 0.0350667611 -0.00695052044
v 0.00228610635 0.0350803211 -0.00692720711
v 0.00227966695 0.0350734554 -0.00694010081
v 0.00229739398 0.0350896791 -0.00690460252
v 0.00229177158 0.035085395 -0.00691586174
v 0.00230663456 0.0350955315 -0.00688609621
v 0.00231337454 0.0350990072 -0.00687259668
v 0.00232129544 0.0351023041 -0.00685673114
v 0.00231760391 0.0351008661 -0.00686412537
v 0.00232943869 0.035104923 -0.00684041902
v 0.00232654624 0.0351040773 -0.00684621278
v 0.00232189242 0.0351025239 -0.00685553486
v 0.00233888743 0.0351070203 -0.00682149176
v 0.00233219913 0.0351056345 -0.00683488976
v 0.00234597013 0.0351080187 -0.00680730259
v 0.0023504172 0.0351083651 -0.00679839449
v 0.0130501175 -0.0308561902 -0.00974382646
v 0.0130683631 -0.0307179242 -0.00974389445
v 0.0130985901 -0.0305817761 -0.00974395406
v 0.0131405685 -0.0304487795 -0.00974400155
v 0.0131939799 -0.0303199477 -0.0097440416
v 0.0132584153 -0.0301962607 -0.00974407047
v 0.0133333849 -0.0300786607 -0.00974408817
v 0.0134183196 -0.0299680438 -0.00974409562
v 0.0135125713 -0.0298652481 -0.00974409096
v 0.0136154247 -0.0297710598 -0.00974407513
v 0.0137260947 -0.0296861939 -0.00974404998
v 0.0138437403 -0.0296112951 -0.00974401366
v 0.0139674665 -0.0295469351 -0.00974396709
v 0.0140963309 -0.0294936057 -0.00974391028
v 0.0142293535 -0.0294517092 -0.00974384509
v 0.0143655203 -0.0294215642 -0.00974377058
v 0.0145037975 -0.0294034034 -0.00974368583
v 0.0146431308 -0.0293973628 -0.0097435927
v 0.0147824595 -0.0294034891 -0.00974349491
v 0.0149207246 -0.0294217356 -0.0097433906
v 0.0150568737 -0.0294519626 -0.00974327978
v 0.0151898693 -0.029493941 -0.00974316429
v 0.015318702 -0.0295473505 -0.00974304415
v 0.0154423881 -0.0296117868 -0.00974292308
v 0.0155599881 -0.0296867564 -0.00974279922
v 0.015670605 -0.0297716912 -0.00974267442
v 0.0157734007 -0.0298659448 -0.00974254962
v 0.015867589 -0.0299687963 -0.00974242482
v 0.0159524567 -0.0300794654 -0.00974230189
v 0.0160273537 -0.0301971119 -0.00974218175
v 0.0160917137 -0.0303208381 -0.0097420644
v 0.0161450449 -0.0304497033 -0.00974195357
v 0.0161869414 -0.0305827241 -0.00974184647
v 0.0162170846 -0.030718891 -0.00974174682
v 0.0162352435 -0.03085717 -0.00974165369
v 0.0162412859 -0.0309965014 -0.00974156801
v 0.0162351597 -0.0311358329 -0.00974149071
v 0.0162169132 -0.0312740952 -0.00974142179
v 0.0161866844 -0.0314102434 -0.00974136312
v 0.0161447078 -0.0315432437 -0.00974131376
v 0.0160912983 -0.0316720754 -0.00974127557
v 0.016026862 -0.0317957588 -0.00974124856
v 0.0159518905 -0.0319133587 -0.00974122994
v 0.0158668794 -0.0320239179 -0.00974148139
v 0.015772704 -0.0321267694 -0.00974122621
v 0.0156698525 -0.0322209597 -0.00974124111
v 0.0155591816 -0.0323058255 -0.00974126905
v 0.015441535 -0.0323807225 -0.00974130537
v 0.0153178107 -0.0324450843 -0.00974135008
v 0.0151889464 -0.0324984156 -0.00974140689
v 0.0150559237 -0.0325403139 -0.00974147301
v 0.0149197569 -0.0325704589 -0.00974154752
v 0.0147814788 -0.032588616 -0.00974163413
v 0.0146421473 -0.0325946584 -0.0097417254
v 0.0133328205 -0.0319125541 -0.00974301621
v 0.0132579235 -0.0317949094 -0.00974313635
v 0.0131935645 -0.0316711813 -0.00974325277
v 0.0131402323 -0.0315423198 -0.0097433636
v 0.0130983368 -0.0314092971 -0.00974346977
v 0.0130681926 -0.0312731303 -0.00974356942
v 0.0130500309 -0.0311348513 -0.00974366348
v 0.0130439904 -0.0309955198 -0.00974374916
v 0.0145028438 -0.0325882696 -0.00974196475
v 0.0143653424 -0.0325647853 -0.00974485278
v 0.0142284743 -0.0325398073 -0.00974217709
v 0.0140962396 -0.0324957334 -0.00974897109
v 0.0139666898 -0.0324444324 -0.00974241737
v 0.0138430241 -0.0323800109 -0.00974253658
v 0.0137254428 -0.0323050506 -0.00974266045
v 0.0135120638 -0.032125894 -0.00974290818
v 0.0134178903 -0.0320230611 -0.00974303298
v 0.0141053274 -0.0324676223 -0.00975412782
v 0.0157921482 -0.0319610052 -0.00975062419
v 0.0131481886 -0.0308649242 -0.00974656455
v 0.0131652998 -0.0307351742 -0.00974662881
v 0.0131936558 -0.0306074079 -0.00974668469
v 0.0132330386 -0.0304825995 -0.00974673033
v 0.0132831503 -0.0303616971 -0.00974676758
v 0.0133436071 -0.0302456245 -0.00974679366
v 0.0134139508 -0.0301352628 -0.00974681042
v 0.0134936459 -0.0300314501 -0.00974681694
v 0.0135820853 -0.0299349762 -0.00974681322
v 0.0136785954 -0.0298465826 -0.00974679925
v 0.0137824444 -0.029766934 -0.00974677503
v 0.0138928387 -0.0296966396 -0.00974674057
v 0.0140089393 -0.029636234 -0.0097466968
v 0.0141298631 -0.0295861792 -0.00974664371
v 0.0142546901 -0.0295468532 -0.00974658132
v 0.0143824685 -0.029518554 -0.00974651054
v 0.0145122278 -0.0295015015 -0.0097464323
v 0.014642979 -0.0294958223 -0.00974634662
v 0.0147737283 -0.0295015611 -0.00974625442
v 0.0149034802 -0.0295186713 -0.0097461557
v 0.0150312455 -0.0295470282 -0.00974605139
v 0.0151560539 -0.0295864101 -0.00974594336
v 0.0152769545 -0.0296365209 -0.0097458316
v 0.015393028 -0.0296969786 -0.00974571705
v 0.0155033907 -0.0297673214 -0.00974560063
v 0.0156072034 -0.0298470184 -0.00974548329
v 0.0157036725 -0.0299354549 -0.00974536594
v 0.01579207 -0.0300319679 -0.00974524952
v 0.0158717185 -0.0301358178 -0.00974513404
v 0.0159420129 -0.0302462094 -0.00974502135
v 0.0160024147 -0.0303623099 -0.00974491239
v 0.0160524733 -0.0304832347 -0.00974480715
v 0.0160918012 -0.0306080617 -0.00974470749
v 0.0161200985 -0.030735841 -0.00974461343
v 0.0161371492 -0.0308655985 -0.00974452589
v 0.0161428321 -0.0309963506 -0.00974444579
v 0.0161370914 -0.0311270989 -0.00974437315
v 0.0161199812 -0.0312568508 -0.00974430889
v 0.0160916243 -0.0313846171 -0.00974425301
v 0.0160522405 -0.0315094292 -0.00974420737
v 0.0160021298 -0.0316303261 -0.00974417105
v 0.0159416758 -0.0317463987 -0.00974414404
v 0.0158713292 -0.0318567641 -0.00974412728
v 0.0157031938 -0.0320570432 -0.00974412449
v 0.0156066846 -0.0321454443 -0.00974413846
v 0.0155028356 -0.0322250873 -0.00974416267
v 0.0153924413 -0.0322953835 -0.00974419713
v 0.0152763408 -0.0323557891 -0.0097442409
v 0.0151554169 -0.0324058421 -0.00974429399
v 0.0150305908 -0.03244517 -0.00974435639
v 0.0149028124 -0.0324734673 -0.00974442717
v 0.0147730531 -0.0324905217 -0.0097445054
v 0.0146423019 -0.032496199 -0.00974459108
v 0.0145115526 -0.0324904621 -0.00974468421
v 0.0142540354 -0.0324449949 -0.00974488631
v 0.0140083255 -0.0323555022 -0.0097451061
v 0.013892252 -0.0322950445 -0.00974522065
v 0.0137818893 -0.0322246999 -0.00974533707
v 0.0136780767 -0.0321450084 -0.00974545442
v 0.0135816066 -0.0320565663 -0.00974557176
v 0.0134932101 -0.031960059 -0.00974568911
v 0.0134135624 -0.031856209 -0.00974580366
v 0.0133432681 -0.0317458138 -0.00974591635
v 0.0132828634 -0.0316297114 -0.00974602532
v 0.0132328067 -0.0315087922 -0.00974613056
v 0.0131934807 -0.0313839652 -0.00974623021
v 0.0131651824 -0.031256184 -0.00974632427
v 0.013148129 -0.0311264247 -0.00974641182
v 0.0131424498 -0.0309956744 -0.00974649191
v -0.0162454527 -0.0308502596 -0.00976615306
v -0.0162272528 -0.0307119116 -0.00976617076
v -0.016201403 -0.0305751711 -0.00976393931
v -0.0161594246 -0.0304421745 -0.00976398867
v -0.0161044504 -0.0303140394 -0.00977099873
v -0.0160415769 -0.0301896576 -0.00976405665
v -0.0159666073 -0.0300720576 -0.00976407342
v -0.0158816744 -0.0299614388 -0.0097640818
v -0.0157874208 -0.0298586451 -0.00976407621
v -0.0156845693 -0.0297644548 -0.00976406131
v -0.0155738983 -0.029679589 -0.00976403523
v -0.0154562527 -0.029604692 -0.00976399984
v -0.0153325265 -0.029540332 -0.00976395234
v -0.0152036613 -0.0294870008 -0.00976389553
v -0.0150706396 -0.0294451043 -0.00976383034
v -0.0149344718 -0.0294149611 -0.00976375584
v -0.0147961956 -0.0293968003 -0.00976367015
v -0.0146568632 -0.0293907579 -0.00976357795
v -0.0145175327 -0.0293968841 -0.00976348016
v -0.0143792676 -0.0294151306 -0.00976337679
v -0.0142431185 -0.0294453576 -0.00976326596
v -0.0141101219 -0.0294873379 -0.00976314954
v -0.0139812902 -0.0295407455 -0.0097630294
v -0.0138576049 -0.0296051819 -0.00976290833
v -0.013740005 -0.0296801515 -0.00976278447
v -0.0136293871 -0.0297650881 -0.00976265967
v -0.0135265924 -0.029859338 -0.00976253487
v -0.0134324031 -0.0299621932 -0.00976241101
v -0.0133475373 -0.0300728623 -0.00976228714
v -0.013273336 -0.0301909465 -0.00976491254
v -0.0132090123 -0.0303146075 -0.00976479612
v -0.0131557109 -0.0304434076 -0.00976468436
v -0.0131138386 -0.0305763632 -0.00976457726
v -0.0130837131 -0.0307124611 -0.00976447854
v -0.0130655626 -0.0308506656 -0.00976438448
v -0.0130595285 -0.0309899263 -0.0097642988
v -0.0130656548 -0.0311291851 -0.00976422243
v -0.0130838929 -0.0312673785 -0.00976415258
v -0.0131141078 -0.0314034559 -0.00976409391
v -0.0131560666 -0.0315363817 -0.00976404641
v -0.0132094529 -0.0316651464 -0.00976400729
v -0.0132738566 -0.0317887701 -0.00976397842
v -0.0133481007 -0.0319067538 -0.00976121519
v -0.0134330345 -0.0320173725 -0.00976120774
v -0.0135272872 -0.0321201645 -0.00976121146
v -0.0136301406 -0.0322143547 -0.00976122636
v -0.0137408115 -0.0322992243 -0.00976125523
v -0.0138584562 -0.0323741175 -0.00976129062
v -0.0139821824 -0.0324384794 -0.00976133533
v -0.0141110467 -0.0324918106 -0.00976139214
v -0.0142440693 -0.032533709 -0.00976145826
v -0.0143802362 -0.032563854 -0.0097615337
v -0.0145185133 -0.0325820111 -0.00976162031
v -0.0146578467 -0.0325880535 -0.00976171065
v -0.0147971753 -0.0325819291 -0.00976180844
v -0.0149354404 -0.0325636789 -0.00976191461
v -0.0150715904 -0.0325334556 -0.00976202078
v -0.015204587 -0.0324914753 -0.0097621372
v -0.0153334169 -0.0324380621 -0.00976226106
v -0.015457104 -0.0323736295 -0.00976238027
v -0.015574703 -0.0322986618 -0.00976250507
v -0.0156853218 -0.0322137251 -0.00976262987
v -0.0157881156 -0.0321194753 -0.0097627528
v -0.0158823058 -0.03201662 -0.0097628776
v -0.0159671698 -0.0319059491 -0.0097630024
v -0.0160420686 -0.0317883044 -0.0097631216
v -0.0161064286 -0.0316645764 -0.00976323709
v -0.0161585044 -0.0315352306 -0.00976842362
v -0.0162008666 -0.0314024538 -0.00976619963
v -0.0162274409 -0.0312658548 -0.00976585597
v -0.0162455346 -0.0311274938 -0.00976597052
v -0.0162551776 -0.0309888907 -0.00976647623
v -0.0160460789 -0.0303414706 -0.00983608048
v -0.0160917193 -0.0315111615 -0.00982926507
v -0.0161002893 -0.0303160828 -0.0097657172
v -0.0133193294 -0.030215852 -0.00977822207
v -0.0132556828 -0.0303348955 -0.00977764931
v -0.0132022733 -0.0304591376 -0.0097769713
v -0.0131598432 -0.0305878744 -0.00977629703
v -0.0131294597 -0.0307202563 -0.00977585278
v -0.0131120402 -0.0308550335 -0.0097758323
v -0.0131075978 -0.0309906881 -0.00977618527
v -0.0131156323 -0.0311254337 -0.00977673382
v -0.0131296013 -0.0312593877 -0.00977552496
v -0.0131600481 -0.0313917547 -0.00977577642
v -0.0132025424 -0.0315204747 -0.00977627188
v -0.0132560171 -0.0316446945 -0.00977679063
v -0.013319728 -0.0317637101 -0.0097772181
v -0.016151499 -0.0315327868 -0.00976552814
v -0.0161548443 -0.0313909538 -0.0097778691
v -0.0162054356 -0.0309890043 -0.00977881812
v -0.0161063373 -0.0306008048 -0.00976666994
v -0.0160669535 -0.0304759964 -0.00976671651
v -0.0159563869 -0.0302390195 -0.00976677984
v -0.0158860423 -0.0301286578 -0.0097667966
v -0.0158063471 -0.0300248452 -0.00976680312
v -0.015717905 -0.0299283732 -0.00976679847
v -0.0156213967 -0.0298399795 -0.0097667845
v -0.0155175477 -0.0297603291 -0.00976676028
v -0.0154071534 -0.0296900347 -0.00976672675
v -0.0152910529 -0.029629631 -0.00976668298
v -0.0151701299 -0.0295795742 -0.00976662897
v -0.0150453029 -0.0295402482 -0.0097665675
v -0.0149175245 -0.0295119509 -0.00976649672
v -0.0147877652 -0.0294948965 -0.00976641849
v -0.014657014 -0.0294892173 -0.00976633187
v -0.0145262647 -0.0294949561 -0.00976623967
v -0.0143965129 -0.0295120683 -0.00976614095
v -0.0142687475 -0.0295404233 -0.00976603758
v -0.0141439391 -0.0295798052 -0.00976592954
v -0.0140230376 -0.029629916 -0.00976581778
v -0.0139069641 -0.0296903737 -0.00976570323
v -0.0137966014 -0.0297607165 -0.00976558682
v -0.0136927888 -0.0298404135 -0.00976546947
v -0.0135963187 -0.0299288519 -0.00976535212
v -0.0135079222 -0.030025363 -0.00976523478
v -0.0134282745 -0.0301292129 -0.00976512022
v -0.0134286629 -0.0318501592 -0.00976411346
v -0.013508358 -0.0319539718 -0.00976410694
v -0.0135967974 -0.032050442 -0.00976411067
v -0.0136933075 -0.0321388394 -0.00976412464
v -0.0137971565 -0.0322184861 -0.00976414885
v -0.0139075508 -0.0322887786 -0.00976418331
v -0.0140236514 -0.0323491842 -0.00976422708
v -0.0141445752 -0.0323992409 -0.00976428017
v -0.0142694023 -0.032438565 -0.00976434257
v -0.0143971806 -0.0324668624 -0.00976441242
v -0.01452694 -0.0324839167 -0.00976449158
v -0.0146576911 -0.0324895941 -0.00976457726
v -0.0147884404 -0.0324838609 -0.00976466946
v -0.0149181923 -0.0324667469 -0.00976476818
v -0.0150459576 -0.03243839 -0.00976487156
v -0.015170766 -0.0323990062 -0.00976497959
v -0.0152916666 -0.0323488973 -0.00976509135
v -0.0154077401 -0.0322884396 -0.0097652059
v -0.0155181028 -0.0322180949 -0.00976532232
v -0.0156219155 -0.0321384035 -0.0097654406
v -0.0157183856 -0.0320499614 -0.00976555794
v -0.015806783 -0.031953454 -0.00976567436
v -0.0158864297 -0.0318496041 -0.00976578984
v -0.0159567259 -0.0317392088 -0.00976590253
v -0.0160171278 -0.0316231064 -0.0097660115
v -0.0160166733 -0.0303551704 -0.00976239517
v -0.0160670094 -0.0315021202 -0.00976175815
v -0.00229985034 0.0147020109 -0.00986749399
v -0.0022962119 0.0147092883 -0.00986546278
v -0.00229553017 0.0235346947 -0.00987147726
v -0.0022786248 0.014744469 -0.00985240191
v -0.00227633398 0.0147490511 -0.00985019095
v -0.00227373932 0.0234713722 -0.00985383336
v -0.00226640864 0.0147689134 -0.0098385755
v -0.00226524496 0.0147712426 -0.00983694009
v -0.00226318999 0.0234239008 -0.00984061044
v -0.00224518683 0.0232350565 -0.00978802424
v -0.00224747369 0.0148068583 -0.00978884846
v -0.00224728603 0.0148072382 -0.00978667103
v -0.00224576332 0.0232610516 -0.00979526155
v -0.00224873167 0.0148043269 -0.00979763176
v -0.00224558148 0.0232551452 -0.00979361683
v -0.00224811491 0.0148055675 -0.00979400519
v -0.00224540359 0.0232481193 -0.00979166105
v -0.00224762456 0.0148065547 -0.00979028549
v -0.00224985648 0.0148020694 -0.00980280805
v -0.00224684295 0.0232856218 -0.00980210304
v -0.0022506807 0.0148004154 -0.00980597921
v -0.00224716309 0.0232912414 -0.00980366766
v -0.00224764901 0.0232989807 -0.00980582274
v -0.00224626064 0.0232738461 -0.00979882386
v -0.00224952959 0.0233234446 -0.00981263444
v -0.00225355453 0.0147946533 -0.00981473643
v -0.00224879617 0.0233146958 -0.0098101981
v -0.00225175126 0.0147982687 -0.00980954524
v -0.00224853004 0.0233113021 -0.00980925281
v -0.00225639343 0.0147889666 -0.0098214997
v -0.00225471822 0.0147923222 -0.00981768128
v -0.00225166301 0.0233452916 -0.00981871877
v -0.00225318945 0.0233587157 -0.00982245617
v -0.00225064252 0.023335401 -0.00981596485
v -0.00225474732 0.0233710632 -0.00982589554
v -0.0022556982 0.0233780816 -0.00982784946
v -0.00226062303 0.0147804962 -0.0098296646
v -0.0022588626 0.0147840204 -0.0098264832
v -0.00225943187 0.0234026741 -0.0098346984
v -0.00226120348 0.0234130491 -0.0098375883
v -0.00225877878 0.0233986601 -0.00983358081
v -0.00226391363 0.0147739081 -0.00983498152
v -0.00226176763 0.0147782043 -0.00983159058
v -0.00225773989 0.0233920421 -0.00983173773
v -0.00226881029 0.0234510284 -0.00984816719
v -0.00227103452 0.014759656 -0.00984444562
v -0.00226694718 0.0234425552 -0.00984580722
v -0.00226496579 0.0234330017 -0.0098431455
v -0.00227108574 0.0234607738 -0.00985088199
v -0.00227993028 0.0234933831 -0.00985996518
v -0.0022806949 0.0234958567 -0.00986065436
v -0.00228276756 0.0147361793 -0.00985605177
v -0.00227766018 0.0234857332 -0.00985783432
v -0.00227542641 0.0234777424 -0.00985560846
v -0.00228698645 0.0147277405 -0.00985936821
v -0.0022835331 0.0147346491 -0.00985668227
v -0.00228713895 0.0235147998 -0.00986593217
v -0.00228972081 0.0147222718 -0.00986133143
v -0.00228455872 0.0235076137 -0.00986393075
v -0.00228104135 0.0234969612 -0.00986096263
v -0.0022914221 0.0147188678 -0.00986248348
v -0.00228974968 0.0235215481 -0.00986781344
v -0.00230477983 0.0146921538 -0.00986994524
v -0.00229921425 0.0235421229 -0.00987348892
v -0.00230205315 0.0235478058 -0.00987489801
v -0.00230253022 0.0235487614 -0.00987512339
v -0.00230872957 0.0146842552 -0.0098716775
v -0.00232086843 0.0146599831 -0.00987583585
v -0.00231797155 0.014665775 -0.00987499673
v -0.00231048116 0.0235646721 -0.00987844914
v -0.00231301133 0.0146756927 -0.00987333898
v -0.00230930187 0.0146831106 -0.00987191312
v -0.00231988938 0.0235835034 -0.0098814033
v -0.00232919632 0.014643332 -0.0098777432
v -0.00231872126 0.0235811658 -0.0098810913
v -0.00232748827 0.0146467481 -0.00987741165
v -0.00232363306 0.0146544548 -0.00987654738
v -0.00231381133 0.0235713366 -0.0098796105
v -0.0023229674 0.0235896632 -0.00988215581
v -0.00232639303 0.0235965196 -0.00988287106
v -0.00233742711 0.0146268783 -0.00987890922
v -0.00233232207 0.0146370828 -0.00987826847
v -0.00233232067 0.0236083791 -0.00988382846
v -0.00233712257 0.0236179903 -0.00988432579
v -0.00234188186 0.014617973 -0.00987924915
v -0.00225592311 0.0235891268 -0.00987410452
v 0.00226597604 0.0235881079 -0.00987101998
v 0.00227494026 0.0235925838 -0.00987311453
v -0.00227391068 0.0235981252 -0.00987804867
v -0.00226488221 0.0235936083 -0.00987621117
v -0.00228534476 0.0236038435 -0.00988003146
v 0.00228380482 0.0235970151 -0.00987490918
v -0.00229480374 0.0236085765 -0.00988140143
v 0.00229746709 0.0236038379 -0.00987723097
v -0.00230274023 0.0236125458 -0.00988235231
v 0.00230487552 0.023607539 -0.00987826381
v 0.00231192587 0.0236110613 -0.00987910572
v -0.00230989675 0.0235995539 -0.00995185971
v -0.00231903978 0.0236207005 -0.00988378469
v -0.00233323756 0.0236278046 -0.00988447666
v 0.00233064382 0.0236186367 -0.00988050178
v 0.00234332215 0.0236267503 -0.00988128688
v 0.00231652474 0.0236133598 -0.00987958536
v 0.00221519079 0.014675648 -0.00984878
v 0.00221168436 0.0146774026 -0.00984707847
v -0.00220570201 0.0146783879 -0.00985010155
v -0.00232786685 0.0146173136 -0.00987889711
v -0.00233677309 0.0146128628 -0.00987924263
v 0.00235145306 0.0146074714 -0.00987617578
v 0.00234319456 0.0146116037 -0.0098760603
v 0.00233389973 0.0146162538 -0.0098757185
v -0.00231453497 0.0146239754 -0.00987798534
v -0.0023002862 0.0146310981 -0.00987651758
v 0.00231680158 0.014624808 -0.00987450499
v -0.00229475787 0.0146338614 -0.00987580325
v 0.00231401203 0.0146262031 -0.00987423398
v 0.00232367637 0.0146213686 -0.00987508427
v -0.00230799452 0.0146272453 -0.0098773865
v 0.00230444083 0.014630992 -0.00987314899
v 0.00229790853 0.0146342609 -0.00987225492
v -0.00228896597 0.0146367569 -0.00987495948
v -0.00227904785 0.0146417143 -0.00987329613
v 0.00228340551 0.0146415168 -0.00986987539
v -0.00226258743 0.0146499434 -0.00986989122
v -0.00227163034 0.0146454228 -0.00987186562
v -0.00225273077 0.0146548711 -0.00986743439
v 0.00226863404 0.0146489069 -0.00986680668
v -0.00224545482 0.0146585079 -0.00986539852
v 0.00225534569 0.0146555556 -0.00986341108
v 0.00227650395 0.0146449693 -0.00986852776
v -0.00226150663 0.0146504836 -0.0098696379
v -0.0022341751 0.014664148 -0.00986183528
v 0.0022384997 0.014663985 -0.00985821337
v -0.00222009979 0.0146711869 -0.00985660125
v -0.00222700671 0.0146677336 -0.00985929184
v 0.00224189018 0.0146622881 -0.00985935796
v -0.00221856846 0.0146719534 -0.00985597074
v 0.00223222864 0.0146671226 -0.0098559577
v 0.00222535362 0.0146705629 -0.00985325966
v -0.00221028342 0.0146760959 -0.0098523153
v 0.00220064539 0.0146829272 -0.00984108727
v -0.00219510379 0.014683689 -0.0098443497
v 0.00218945113 0.0146885291 -0.00983379222
v -0.00218352396 0.0146894827 -0.00983683765
v -0.00218585064 0.0146883186 -0.00983847305
v -0.00217496161 0.0146937678 -0.00983013865
v -0.00217917445 0.0146916592 -0.00983355939
v 0.00218126155 0.0146926278 -0.00982743222
v 0.00217617443 0.0146951731 -0.00982286967
v -0.00216581533 0.0146983471 -0.00982138608
v -0.0021707553 0.0146958735 -0.00982637145
v -0.00215960597 0.0147014568 -0.00981391966
v -0.00216156384 0.0147004761 -0.00981644168
v 0.00217122282 0.0146976514 -0.00981779676
v 0.0021655967 0.0147004686 -0.00981100462
v -0.00215652608 0.014702999 -0.0098094251
v -0.00215377938 0.0147043755 -0.00980472472
v 0.00215970888 0.0147034163 -0.00980176404
v 0.00215765228 0.0147044454 -0.00979755353
v -0.00215039169 0.0147060761 -0.00979727227
v 0.00216024648 0.0147031471 -0.00980275124
v -0.00215056934 0.0147059876 -0.00979774166
v -0.00215228973 0.0147051243 -0.00980177894
v 0.00216232729 0.014702105 -0.00980625302
v 0.00215634634 0.0147051001 -0.00979433954
v -0.00214924477 0.0147066526 -0.0097938804
v -0.00214784686 0.0147073567 -0.00978799257
v 0.00215421803 0.0147061665 -0.00978682097
v 0.00235426426 0.0236310493 -0.00988145359
v 0.00234369934 0.0146253165 -0.00987574179
v 0.00234810147 0.014616508 -0.0098760603
v 0.00235222932 0.0146082481 -0.00987617578
v 0.00233421172 0.0146443015 -0.00987436809
v 0.00233834516 0.0146360304 -0.00987508241
v 0.00234569842 0.0236139279 -0.00988101028
v 0.00234870636 0.0236199405 -0.00988125056
v 0.00234321109 0.0146262934 -0.00987569429
v 0.00233646133 0.0235954691 -0.00987969059
v 0.0023278282 0.0146570746 -0.00987290964
v 0.00234239548 0.0236073267 -0.00988063961
v 0.0023238638 0.0235702917 -0.0098764468
v 0.00232052896 0.023563629 -0.0098752901
v 0.00231903396 0.014674671 -0.0098701762
v 0.00232936512 0.023581285 -0.00987807568
v 0.00232400303 0.0146647282 -0.00987183023
v 0.00232689292 0.0235763453 -0.00987738743
v 0.00231790193 0.0235583801 -0.00987428427
v 0.00231055287 0.0146916397 -0.0098666735
v 0.00231739553 0.0146779492 -0.00986956805
v 0.0023123275 0.0235472433 -0.00987186283
v 0.00230924529 0.0235410836 -0.0098703457
v 0.00230336096 0.0147060286 -0.00986296684
v 0.00230556051 0.0235336684 -0.0098683415
v 0.00231497525 0.0235525314 -0.00987306423
v 0.00228919298 0.0147343744 -0.00985325221
v 0.00229303655 0.0147266844 -0.009856252
v 0.00229716045 0.0235138014 -0.00986281596
v 0.00229661283 0.0147195291 -0.00985878054
v 0.00230088923 0.0235232711 -0.00986544974
v 0.00230161287 0.0147095267 -0.00986195356
v 0.00229278835 0.0235013403 -0.00985934865
v 0.00229058764 0.0234945063 -0.00985744782
v 0.00228323531 0.0147462916 -0.00984792225
v 0.00228764466 0.0234847032 -0.00985471997
v 0.00228374754 0.0234704763 -0.00985076185
v 0.00227683922 0.0147590861 -0.00984107982
v 0.00227871514 0.0234497786 -0.00984500162
v 0.00227188109 0.0147690019 -0.00983470771
v 0.00227315514 0.0234230496 -0.00983756315
v 0.00227060146 0.0147715611 -0.00983286183
v 0.0022749065 0.0234319791 -0.00984004885
v 0.0022768958 0.0234415326 -0.00984270778
v 0.0022676501 0.0147774648 -0.00982827693
v 0.00227112742 0.0234120283 -0.00983449724
v 0.00227058236 0.023408927 -0.0098336339
v 0.0022687458 0.0233979803 -0.00983058754
v 0.00226764614 0.0233910214 -0.00982865132
v 0.00226428243 0.0147841992 -0.00982225314
v 0.00226664217 0.0147794802 -0.00982657168
v 0.00226602959 0.0233801454 -0.00982562359
v 0.00226458325 0.0233696494 -0.00982270204
v 0.00226212526 0.0147885121 -0.00981778838
v 0.00225933059 0.0147940982 -0.00981105026
v 0.00226306822 0.0233576987 -0.00981937535
v 0.00226173317 0.0233461447 -0.00981616043
v 0.00226133363 0.0233424585 -0.00981513411
v 0.00226050173 0.023334384 -0.00981288776
v 0.00225767447 0.01479741 -0.0098062437
v 0.00225929031 0.0147941792 -0.00981094223
v 0.00225924305 0.0233208816 -0.00980912894
v 0.00225867284 0.0233141053 -0.00980724208
v 0.00225663348 0.0147994896 -0.00980274286
v 0.00225636433 0.0148000279 -0.00980175473
v 0.00225497573 0.0148028024 -0.00979585666
v 0.00225836923 0.0233102851 -0.00980617851
v 0.00225747796 0.0232979637 -0.00980274938
v 0.00225666771 0.0232847258 -0.00979906321
v 0.00225460622 0.01480354 -0.00979394745
v 0.00225533475 0.0148020852 -0.00979754329
v 0.0022560691 0.023272831 -0.00979575235
v 0.00225556106 0.0232600365 -0.00979219191
v 0.00225393055 0.0148048885 -0.00978978444
v 0.00225536455 0.0232538003 -0.00979045499
v 0.00225519063 0.0232471041 -0.00978859141
v 0.00225314754 0.0148064494 -0.00978191663
v 0.00225344975 0.0148058487 -0.00978575833
v 0.00225496269 0.0232340414 -0.0097849546
v 0.00225488632 0.0232236069 -0.00978204887
v 0.00225300156 0.0148067391 -0.009778223
v -0.00224927673 0.00645816792 -0.00978326332
v -0.00225151237 -0.00344259129 -0.00977747142
v -0.00225198455 -0.00344306859 -0.00978180859
v -0.00225125719 0.0064601507 -0.00979619473
v -0.00225229119 0.0064611854 -0.00980043318
v -0.00225452823 -0.0034456274 -0.00979463756
v -0.00225574663 -0.00344685046 -0.00979882665
v -0.00225872523 -0.00344983838 -0.00980702508
v -0.00225714641 -0.00344825489 -0.00980295893
v -0.00225490821 0.00646380428 -0.00980875734
v -0.00226016715 0.00646906719 -0.00982073601
v -0.00226226263 0.00647116359 -0.00982456468
v -0.00226450409 -0.00345562934 -0.00981875695
v -0.00226676534 -0.00345789432 -0.00982248783
v -0.00227176538 -0.00346290111 -0.00982963387
v -0.00226918748 -0.00346031995 -0.00982611533
v -0.00226694369 0.00647584768 -0.00983192772
v -0.00234237476 -0.00353352772 -0.00986838341
v -0.00234009814 0.00654903892 -0.0098742824
v -0.00233372441 -0.00352487992 -0.0098672444
v -0.00233145151 0.00654038833 -0.00987313222
v -0.00232520653 -0.00351636345 -0.00986535568
v -0.00232293759 0.00653187092 -0.00987123419
v -0.00231688656 -0.00350804394 -0.00986273121
v -0.00231462135 0.00652355049 -0.00986859947
v -0.00230882713 -0.00349998381 -0.00985939242
v -0.00230656541 0.00651549036 -0.00986525137
v -0.00230108993 -0.00349224522 -0.00985536259
v -0.00229883194 0.00650775339 -0.00986121316
v -0.00229373365 -0.00348488637 -0.00985067431
v -0.00229147915 0.00650039641 -0.0098565165
v -0.00228681462 -0.00347796362 -0.00984536391
v -0.00228456315 0.00649347669 -0.00985119678
v -0.00228038523 -0.00347152981 -0.00983946957
v -0.00227813656 0.00648704683 -0.00984529592
v -0.00227449462 -0.00346563337 -0.00983303599
v -0.00227088458 0.0064797909 -0.00983715337
v -0.00226452271 0.00647342531 -0.00982829742
v -0.00225824048 0.00646713935 -0.00981682073
v -0.00226240768 -0.00345352897 -0.00981493108
v -0.00226048008 -0.00345159741 -0.00981101859
v -0.00225648656 0.00646538381 -0.00981282536
v -0.00225350889 0.0064624045 -0.00980462413
v -0.00225040922 0.0064593018 -0.00979191437
v -0.00225349376 -0.00344458804 -0.00979040004
v -0.00225264532 -0.00344373449 -0.00978612062
v -0.00224974868 0.00645864056 -0.00978760142
v 0.00225196127 0.00645762589 -0.00978453085
v 0.00225262786 0.00645828666 -0.00978884287
v 0.00225348235 0.00645913556 -0.0097931223
v 0.00225452241 0.0064601698 -0.00979735982
v 0.00225574663 0.00646138797 -0.00980154797
v 0.00225715199 0.00646278728 -0.00980567932
v 0.00226049684 0.00646612048 -0.00981373899
v 0.0022667977 0.00647240411 -0.00982520636
v 0.00226922473 0.00647482509 -0.00982883386
v 0.00227317447 0.00647876691 -0.00983405393
v 0.00228044088 0.00648601959 -0.00984218623
v 0.00228687818 0.00649244618 -0.00984807871
v 0.00229380443 0.00649936264 -0.00985338818
v 0.002301167 0.00650671637 -0.00985807553
v 0.00230890955 0.00651445007 -0.0098621035
v 0.00231697364 0.00652250648 -0.00986544043
v 0.00232529733 0.00653082319 -0.00986806303
v 0.00233381777 0.00653933687 -0.00986994989
v 0.00234246952 0.00654798374 -0.00987108797
v 0.0022645311 0.00647014333 -0.00982147735
v 0.00226242957 0.00646804739 -0.00981765147
v 0.00225873641 0.00646436587 -0.00980974548
v 0.00225148327 0.00645715371 -0.00978019368
v 0.00224895938 -0.00344331772 -0.00977004785
v 0.00224924763 -0.00344360573 -0.00977440178
v 0.0022497254 -0.00344408327 -0.00977873802
v 0.00225039176 -0.00344474963 -0.00978304911
v 0.00225124578 -0.00344560342 -0.00978732761
v 0.00225228537 -0.00344664324 -0.0097915642
v 0.00225350889 -0.003447867 -0.00979575142
v 0.00225491379 -0.00344927213 -0.00979988091
v 0.00225649774 -0.00345085608 -0.0098039452
v 0.00225825724 -0.00345261605 -0.00980793592
v 0.00226018904 -0.00345454854 -0.00981184654
v 0.00226228964 -0.0034566496 -0.00981566962
v 0.00226455508 -0.00345891574 -0.00981939677
v 0.00226698094 -0.0034613423 -0.00982302148
v 0.00227092905 -0.00346529158 -0.00982823595
v 0.0022781922 -0.00347255729 -0.00983635988
v 0.00228462671 -0.00347899413 -0.00984224584
v 0.0022915497 -0.00348591991 -0.00984754693
v 0.00229890901 -0.00349328201 -0.00985222496
v 0.00230664806 -0.0035010241 -0.00985624455
v 0.00231470843 -0.00350908795 -0.00985957216
v 0.0023230284 -0.00351741118 -0.00986218452
v 0.00233154488 -0.00352593139 -0.00986406207
v 0.00234019291 -0.00353458314 -0.0098651899
v 0.0156949759 -0.033294782 -0.00723446021
v 0.0151602924 -0.0337045528 -0.00718786335
v 0.0157085694 -0.0332947224 -0.00713065965
v 0.0151799601 -0.0337044708 -0.00703764707
v 0.0157311577 -0.0332946703 -0.00702843955
v 0.0152126458 -0.0337043926 -0.00688971672
v 0.0157625694 -0.0332946181 -0.00692857662
v 0.0152580999 -0.0337043181 -0.00674519734
v 0.015802566 -0.0332945697 -0.00683183176
v 0.015315976 -0.0337042473 -0.00660518976
v 0.015850842 -0.0332945287 -0.00673894072
v 0.0153858354 -0.033704184 -0.0064707594
v 0.0159070287 -0.0332944877 -0.00665061036
v 0.0154671445 -0.0337041281 -0.00634292932
v 0.0159707014 -0.0332944542 -0.00656751357
v 0.0155592859 -0.0337040797 -0.00622267136
v 0.0160413738 -0.0332944244 -0.00649028271
v 0.0156630557 -0.0337071121 -0.0061123902
v 0.0161185097 -0.0332944021 -0.00641950499
v 0.0157745462 -0.0337070785 -0.00601008534
v 0.0162015185 -0.0332943834 -0.00635571918
v 0.0158933084 -0.0337039754 -0.00591616053
v 0.0162897725 -0.0332943685 -0.00629941095
v 0.0160210244 -0.0337039568 -0.00583467027
v 0.0163825974 -0.0332943611 -0.00625100872
v 0.0161553547 -0.0337039456 -0.00576462084
v 0.0164792873 -0.0332943611 -0.00621088082
v 0.0162952803 -0.0337039419 -0.0057065459
v 0.0165791083 -0.0332943648 -0.00617933273
v 0.016439734 -0.0337039493 -0.00566088641
v 0.0166812968 -0.0332943723 -0.00615660474
v 0.0165876187 -0.0337039642 -0.00562799117
v 0.0167850796 -0.0332943909 -0.00614286959
v 0.0167378075 -0.0337039866 -0.00560811022
v 0.0168896616 -0.0332944095 -0.00613823207
v 0.0168891568 -0.0337040164 -0.00560139539
v 0.0169942528 -0.0332944356 -0.0061427271
v 0.0170405153 -0.0337040536 -0.00560789602
v 0.0170980524 -0.0332944691 -0.00615632068
v 0.0171907321 -0.0337040983 -0.00562756369
v 0.0172002725 -0.0332945026 -0.00617890898
v 0.0173386633 -0.0337041505 -0.00566024892
v 0.0173001345 -0.0332945436 -0.00621032109
v 0.0174824651 -0.0337072872 -0.00570769049
v 0.0173968803 -0.0332945921 -0.00625031674
v 0.0176223032 -0.0337073505 -0.00576549722
v 0.0174897723 -0.0332946405 -0.00629859231
v 0.0175781008 -0.0332946926 -0.0063547804
v 0.0178842451 -0.0337074995 -0.0059164823
v 0.017661199 -0.0332947485 -0.0064184526
v 0.017738428 -0.0332948081 -0.00648912508
v 0.0181159861 -0.0337076634 -0.00611066073
v 0.0178092085 -0.0332948677 -0.00656625954
v 0.0178729929 -0.0332949311 -0.00664926972
v 0.018310491 -0.033707846 -0.00634212978
v 0.0179293007 -0.0332949944 -0.00673752278
v 0.0183918811 -0.0337079391 -0.00646968931
v 0.0179777034 -0.0332950614 -0.0068303477
v 0.0184637606 -0.0337049589 -0.00660295831
v 0.0180178322 -0.0332951248 -0.00692703854
v 0.018521836 -0.033705052 -0.00674288394
v 0.0180493779 -0.0332951918 -0.00702685816
v 0.018567495 -0.0337051451 -0.00688733766
v 0.0180721078 -0.0332952552 -0.00712904753
v 0.0186003875 -0.033705242 -0.00703522237
v 0.018085843 -0.0332953222 -0.00723282946
v 0.0186202694 -0.0337053351 -0.00718541117
v 0.0180904809 -0.0332953818 -0.0073374128
v 0.0186269861 -0.0337054208 -0.00733676041
v 0.0180859845 -0.0332954414 -0.00744200265
v 0.0186204854 -0.0337055102 -0.00748811988
v 0.0180723909 -0.033295501 -0.00754580321
v 0.0186008159 -0.0337055996 -0.00763833616
v 0.0180498026 -0.0332955569 -0.00764802378
v 0.018566085 -0.0337087475 -0.00778572587
v 0.018018391 -0.0332956053 -0.0077478867
v 0.0185226779 -0.0337057486 -0.00793078635
v 0.0179783963 -0.0332956538 -0.00784463156
v 0.0184628796 -0.033708889 -0.00806990545
v 0.0179301202 -0.0332956985 -0.00793752261
v 0.0183931068 -0.0337089524 -0.00820417143
v 0.0178739317 -0.0332957357 -0.00802585296
v 0.0178102609 -0.0332957692 -0.00810894929
v 0.0177395865 -0.033295799 -0.00818618014
v 0.0176624525 -0.0332958251 -0.0082569588
v 0.0175794419 -0.0332958438 -0.00832074415
v 0.0174911898 -0.0332958549 -0.00837705191
v 0.017398363 -0.0332958624 -0.00842545461
v 0.0176245216 -0.0337091871 -0.00890944898
v 0.0173016731 -0.0332958661 -0.0084655825
v 0.0174854957 -0.0337061211 -0.00896943826
v 0.0172018539 -0.0332958624 -0.00849713013
v 0.0173410419 -0.0337061137 -0.00901509728
v 0.0170996636 -0.0332958512 -0.00851985812
v 0.0171931572 -0.0337061025 -0.0090479916
v 0.0169958826 -0.0332958363 -0.00853359327
v 0.0170429684 -0.0337060802 -0.00906787254
v 0.0168912988 -0.0332958139 -0.00853823032
v 0.0168916173 -0.0337060466 -0.00907458924
v 0.0167867094 -0.0332957879 -0.00853373576
v 0.0167402588 -0.0337060094 -0.00906808767
v 0.0166829079 -0.0332957581 -0.00852014218
v 0.0165900439 -0.0337059647 -0.00904842
v 0.0165806897 -0.0332957208 -0.00849755388
v 0.0164421126 -0.0337059125 -0.00901573431
v 0.0164808258 -0.0332956798 -0.00846614223
v 0.0162975937 -0.0337058529 -0.00897028018
v 0.0163840819 -0.0332956351 -0.00842614658
v 0.0161584727 -0.0337088592 -0.00891048275
v 0.0162911899 -0.0332955867 -0.00837787054
v 0.016024204 -0.0337087885 -0.00884070713
v 0.0162028596 -0.0332955308 -0.00832168385
v 0.0158953257 -0.0337056406 -0.00876123458
v 0.0161197633 -0.0332954749 -0.00825801119
v 0.0157750677 -0.0337055586 -0.00866909325
v 0.0160425305 -0.0332954191 -0.00818733778
v 0.0156632978 -0.0337054692 -0.00856682193
v 0.0159717537 -0.0332953557 -0.00811020378
v 0.0155608682 -0.0337053835 -0.00845519826
v 0.0159079675 -0.0332952924 -0.00802719407
v 0.0154685564 -0.0337052941 -0.00833507162
v 0.0158516597 -0.0332952291 -0.00793894008
v 0.0153870657 -0.033705201 -0.00820735656
v 0.015803257 -0.0332951657 -0.00784611516
v 0.0153170163 -0.0337051079 -0.00807302538
v 0.01576313 -0.0332950987 -0.00774942478
v 0.0152589418 -0.033705011 -0.00793309882
v 0.0157315806 -0.0332950316 -0.00764960516
v 0.0152132828 -0.0337049179 -0.0077886451
v 0.0157088544 -0.0332949683 -0.00754741533
v 0.0151803875 -0.0337048247 -0.00764076132
v 0.0156951193 -0.033294905 -0.0074436334
v 0.0151605066 -0.0337047316 -0.00749057205
v 0.0156904794 -0.0332948416 -0.00733905006
v 0.0151537908 -0.0337046422 -0.00733922282
v -0.0181050152 -0.0332871638 -0.00725751556
v -0.0186397005 -0.0336969346 -0.0072109187
v -0.0180914216 -0.0332871042 -0.00715371501
v -0.018620031 -0.0336968526 -0.00706070242
v -0.0180688333 -0.0332870521 -0.0070514949
v -0.0185873471 -0.0336967707 -0.00691277115
v -0.0180374216 -0.0332869999 -0.00695163198
v -0.018541893 -0.0336966999 -0.0067682527
v -0.0179974269 -0.0332869515 -0.00685488665
v -0.018484015 -0.0336966291 -0.00662824512
v -0.0179491509 -0.0332869068 -0.00676199561
v -0.0184123218 -0.0336996391 -0.00649486342
v -0.0178929623 -0.0332868695 -0.00667366572
v -0.0183311105 -0.033699587 -0.00636718934
v -0.0178292897 -0.033286836 -0.00659056893
v -0.0182390809 -0.0336995386 -0.006247079
v -0.0177586172 -0.0332868062 -0.0065133376
v -0.0181369334 -0.0336994939 -0.00613544555
v -0.0176814832 -0.0332867838 -0.00644255988
v -0.0180254448 -0.0336994566 -0.0060331407
v -0.0175984725 -0.0332867652 -0.00637877453
v -0.0179054644 -0.0336994305 -0.00594094116
v -0.0175102185 -0.0332867503 -0.00632246584
v -0.0177779049 -0.0336994082 -0.00585955009
v -0.0174173936 -0.0332867429 -0.00627406361
v -0.0176437385 -0.0336994007 -0.00578958634
v -0.0173207037 -0.0332867429 -0.00623393618
v -0.0175039824 -0.0336994007 -0.00573158218
v -0.0172208827 -0.0332867466 -0.00620238809
v -0.017360257 -0.0336963311 -0.00568394177
v -0.0171186943 -0.033286754 -0.00617966009
v -0.0172123723 -0.033696346 -0.00565104652
v -0.0170149133 -0.0332867689 -0.00616592495
v -0.0170621835 -0.0336963683 -0.00563116558
v -0.0169103276 -0.0332867913 -0.00616128743
v -0.0169108342 -0.0336963981 -0.00562445028
v -0.0168057401 -0.0332868174 -0.00616578199
v -0.0167594738 -0.0336964354 -0.00563095137
v -0.0167019386 -0.0332868509 -0.00617937557
v -0.0166092589 -0.0336964801 -0.00565061858
v -0.0165997185 -0.0332868844 -0.00620196434
v -0.0164613277 -0.0336965322 -0.00568330428
v -0.0164998565 -0.0332869254 -0.00623337599
v -0.0163168088 -0.0336965919 -0.00572875841
v -0.0164031107 -0.0332869701 -0.0062733721
v -0.0161768012 -0.0336966589 -0.00578663545
v -0.0163102206 -0.0332870223 -0.00632164767
v -0.0160434209 -0.0336998031 -0.00585832773
v -0.0162218902 -0.0332870744 -0.00637783529
v -0.0159145407 -0.0336968042 -0.00593780354
v -0.0161387939 -0.0332871303 -0.00644150795
v -0.0157956369 -0.0336999595 -0.0060315677
v -0.0160615612 -0.0332871899 -0.00651217997
v -0.015684003 -0.0337000452 -0.00613371516
v -0.0159907844 -0.0332872495 -0.0065893149
v -0.0155816991 -0.0337001346 -0.00624520378
v -0.0159269981 -0.0332873128 -0.00667232461
v -0.0154877715 -0.0336971506 -0.00636396743
v -0.0158706903 -0.0332873762 -0.00676057814
v -0.0154062817 -0.0336972438 -0.00649168203
v -0.0158222876 -0.0332874432 -0.00685340306
v -0.0153362313 -0.0336973406 -0.00662601367
v -0.0157821588 -0.0332875066 -0.00695009343
v -0.0152781568 -0.0336974338 -0.0067659393
v -0.0157506112 -0.0332875736 -0.00704991352
v -0.0152345384 -0.0337006003 -0.00691094622
v -0.0157278851 -0.0332876369 -0.00715210289
v -0.0151996035 -0.0336976238 -0.00705827773
v -0.0157141499 -0.033287704 -0.00725588482
v -0.0151797226 -0.0336977132 -0.00720846653
v -0.0157095101 -0.0332877636 -0.00736046815
v -0.0151730059 -0.0336978063 -0.00735981576
v -0.0157140065 -0.0332878232 -0.00746505754
v -0.0151795074 -0.033697892 -0.00751117477
v -0.0157276001 -0.0332878828 -0.0075688581
v -0.0151991751 -0.0336979739 -0.00766139105
v -0.0157501865 -0.0332879387 -0.00767107913
v -0.0152318608 -0.0336980559 -0.00780932233
v -0.0157816 -0.0332879871 -0.00777094206
v -0.0152773149 -0.0336981304 -0.00795384124
v -0.0158215966 -0.0332880355 -0.00786768738
v -0.015335192 -0.0336981975 -0.00809384882
v -0.0158698726 -0.0332880802 -0.0079605775
v -0.0154050505 -0.0336982608 -0.00822827965
v -0.0159260593 -0.0332881175 -0.00804890785
v -0.0154863605 -0.0336983167 -0.00835611019
v -0.015989732 -0.033288151 -0.00813200511
v -0.0155785 -0.0336983614 -0.00847636722
v -0.0160604026 -0.0332881808 -0.00820923503
v -0.0156807732 -0.0336984061 -0.00858813617
v -0.0161375403 -0.0332882069 -0.00828001369
v -0.0157937631 -0.0337015167 -0.00868894998
v -0.0162205491 -0.0332882255 -0.00834379997
v -0.0159137435 -0.0337015428 -0.00878114905
v -0.0163088031 -0.0332882367 -0.0084001068
v -0.0160413031 -0.0337015614 -0.00886253919
v -0.016401628 -0.0332882442 -0.0084485095
v -0.0161745716 -0.0336984992 -0.00893441867
v -0.0164983179 -0.0332882479 -0.0084886374
v -0.0163144954 -0.0336985029 -0.00899249315
v -0.016598139 -0.0332882404 -0.00852018502
v -0.0164589509 -0.0336984955 -0.00903815217
v -0.0167003255 -0.033288233 -0.00854291301
v -0.0166068356 -0.0336984806 -0.00907104742
v -0.0168041084 -0.0332882181 -0.00855664816
v -0.0167570226 -0.0336984582 -0.00909092743
v -0.0169086922 -0.0332881957 -0.00856128614
v -0.0169083718 -0.0336984284 -0.00909764413
v -0.0170132816 -0.0332881697 -0.00855679065
v -0.0170597304 -0.0336983912 -0.00909114257
v -0.0171170812 -0.0332881398 -0.00854319707
v -0.017209949 -0.0336983465 -0.00907147489
v -0.0172193032 -0.0332881026 -0.00852060877
v -0.0173578802 -0.0336982943 -0.0090387892
v -0.0173191652 -0.0332880616 -0.00848919712
v -0.0175023973 -0.0336982347 -0.00899333507
v -0.017415911 -0.0332880169 -0.00844920147
v -0.0176415183 -0.0337012373 -0.00893353857
v -0.0175088011 -0.0332879685 -0.00840092544
v -0.017775787 -0.0337011665 -0.00886376295
v -0.0175971314 -0.0332879126 -0.00834473874
v -0.0179034621 -0.0337010957 -0.00878255256
v -0.0176802278 -0.0332878567 -0.00828106608
v -0.018023571 -0.0337010138 -0.00869052298
v -0.0177574586 -0.0332878008 -0.00821039267
v -0.0181352049 -0.0337009281 -0.00858837552
v -0.0178282391 -0.0332877375 -0.00813325867
v -0.0182375088 -0.0337008387 -0.0084768869
v -0.0178920235 -0.0332876742 -0.00805024896
v -0.0183297079 -0.033700753 -0.00835690554
v -0.0179483313 -0.0332876109 -0.00796199497
v -0.018411098 -0.0337006561 -0.00822934601
v -0.017996734 -0.0332875438 -0.00786917098
v -0.0184810609 -0.033700563 -0.00809517782
v -0.0180368628 -0.0332874805 -0.00777248014
v -0.0185410511 -0.0336973928 -0.00795615558
v -0.0180684086 -0.0332874134 -0.00767266005
v -0.0185867101 -0.0336972959 -0.00781170093
v -0.0180911385 -0.0332873501 -0.00757047068
v -0.0186196025 -0.0336972065 -0.00766381668
v -0.0181048736 -0.0332872868 -0.00746668875
v -0.0186394844 -0.0336971134 -0.00751362741
v -0.0181095116 -0.0332872234 -0.00736210495
v -0.0186462011 -0.0336970203 -0.00736227771
v 0.00273466995 -0.0279933847 -0.00985060818
v 0.00272602006 -0.027993381 -0.00984947477
v 0.00273046526 -0.0280064214 -0.00984909385
v 0.00271750172 -0.0279933792 -0.00984759349
v 0.00273716869 -0.0279957112 -0.00976420194
v 0.00274024555 -0.0279979222 -0.0097646676
v 0.00274338224 -0.0280064251 -0.00985002611
v 0.00274337758 -0.0280192662 -0.00984755997
v 0.002743372 -0.0280316155 -0.00984326098
v 0.00274112658 -0.0279996656 -0.0097606061
v 0.00274336548 -0.0280433781 -0.0098375557
v 0.00274335803 -0.0280541927 -0.00983020663
v 0.00274334708 -0.0280670244 -0.00981843472
v 0.00274195662 -0.028000392 -0.00975604355
v 0.00274333521 -0.0280776173 -0.00980461296
v 0.00274332287 -0.0280856509 -0.00978916138
v 0.00274054729 -0.0280117635 -0.00975819584
v 0.00274331355 -0.0280899368 -0.00977680832
v 0.00274206721 -0.0280112326 -0.00975253619
v 0.00274330424 -0.0280923862 -0.00976396631
v 0.00270917988 -0.0279933754 -0.00984497555
v 0.00270111766 -0.0279933717 -0.00984164327
v 0.00273881759 -0.0279980209 -0.00975813158
v 0.00273519987 -0.0280079599 -0.00975918211
v 0.00269337674 -0.027993368 -0.00983761903
v 0.00273892144 -0.028008651 -0.00975571387
v 0.00268601603 -0.0279933624 -0.00983293727
v 0.00267909118 -0.0279933587 -0.00982763153
v 0.00268395408 -0.0280139018 -0.00982842781
v 0.00273803668 -0.0279948711 -0.00975456089
v 0.00273262896 -0.0280024894 -0.00976170506
v 0.00273406948 -0.028005017 -0.00975912437
v 0.00266970601 -0.0279933512 -0.00981852878
v 0.00273605855 -0.0279980842 -0.00975507405
v 0.00274061481 -0.0280000754 -0.00975185167
v 0.00266144169 -0.0279933438 -0.00980839692
v 0.00265674922 -0.0279933382 -0.00980104227
v 0.00272472785 -0.0280083269 -0.00975550152
v 0.00268727844 -0.0280725881 -0.00977385975
v 0.00265271566 -0.0279933326 -0.0097933067
v 0.00264937175 -0.027993327 -0.00978524983
v 0.00272406335 -0.0279970113 -0.00975500047
v 0.00264674262 -0.0279933214 -0.00977693032
v 0.00265563605 -0.0280375145 -0.00976839382
v 0.00267414073 -0.0280640312 -0.00976474956
v 0.00264484878 -0.0279933158 -0.00976841524
v 0.00264370418 -0.0279933102 -0.00975976698
v 0.00264369627 -0.0280020218 -0.00975104608
v 0.00264577614 -0.0280149281 -0.00975103769
v 0.00264934055 -0.0280275084 -0.00975102745
v 0.00265267747 -0.0280355699 -0.00975102093
v 0.00265670381 -0.0280433074 -0.00975101348
v 0.00266404427 -0.0280541275 -0.0097510023
v 0.00267580617 -0.0280669685 -0.00975098647
v 0.00268962001 -0.0280775744 -0.00975097064
v 0.00270103547 -0.0280839503 -0.00975095946
v 0.00271325419 -0.0280886032 -0.00975094829
v 0.00273025525 -0.028092375 -0.00975093432
v 0.00264267344 -0.0280011427 -0.00825104676
v 0.00264475308 -0.0280140508 -0.00825103745
v 0.00264831772 -0.0280266311 -0.00825102814
v 0.00265165442 -0.0280346908 -0.00825102068
v 0.00265568099 -0.0280424301 -0.00825101323
v 0.00266302121 -0.0280532502 -0.00825100206
v 0.00267478335 -0.0280660912 -0.00825098716
v 0.00268859696 -0.0280766971 -0.00825097132
v 0.00270001241 -0.0280830711 -0.00825095922
v 0.00271223136 -0.0280877259 -0.00825094897
v 0.00272923219 -0.0280914977 -0.008250935
v 0.00264190836 -0.0279924236 -0.00824233703
v 0.00262057991 -0.0280113295 -0.00823364034
v 0.00263752765 -0.0280315597 -0.00823404454
v 0.00264810608 -0.0280473754 -0.00823204778
v 0.00266276905 -0.0280590709 -0.00822931807
v 0.00273928046 -0.0279971771 -0.00823359936
v 0.00264076353 -0.027992418 -0.00823368784
v 0.00273192767 -0.0280051529 -0.00821148138
v 0.00263886969 -0.0279924124 -0.00822517183
v 0.0026362408 -0.0279924069 -0.00821685418
v 0.0026388648 -0.028010454 -0.00820252765
v 0.00263311202 -0.0280371569 -0.00820866786
v 0.00270046457 -0.0280127432 -0.00817192998
v 0.00272803451 -0.0279971436 -0.00818321202
v 0.00263289665 -0.0279924013 -0.00820879638
v 0.00271572638 -0.0280097928 -0.00816511922
v 0.00262886332 -0.0279923957 -0.00820106082
v 0.00262417085 -0.0279923901 -0.00819370616
v 0.00266452157 -0.0280120131 -0.00815410726
v 0.00262772781 -0.0280469619 -0.008165746
v 0.00269788643 -0.0280003976 -0.00813110638
v 0.00261885533 -0.0279923845 -0.00818678923
v 0.00261490839 -0.0280085914 -0.00817993376
v 0.00261295727 -0.0279923808 -0.00818036124
v 0.00266513042 -0.0280101486 -0.00811291486
v 0.00260652136 -0.0279923752 -0.00817447156
v 0.00260182586 -0.028018102 -0.00816591829
v 0.00259959651 -0.0279923696 -0.00816916581
v 0.00259611802 -0.0280010831 -0.0081664985
v 0.0026156602 -0.0280254055 -0.00811813399
v 0.00261248252 -0.0280628037 -0.00812903605
v 0.00264710491 -0.0280049834 -0.00808567833
v 0.00259223557 -0.0279923659 -0.00816448312
v 0.00258322852 -0.0280213896 -0.00815434568
v 0.00258449488 -0.0279923622 -0.00816046074
v 0.00258017192 -0.0280062277 -0.00815723184
v 0.00257643266 -0.0279923584 -0.00815712754
v 0.0025900898 -0.0280178692 -0.00809861347
v 0.00257276022 -0.0280586164 -0.00812436081
v 0.00260502286 -0.0280045979 -0.00806645397
v 0.00256811082 -0.0279923547 -0.00815450959
v 0.00255821366 -0.0280097835 -0.00816048402
v 0.00255882344 -0.0280242451 -0.00814015139
v 0.00255959248 -0.027992351 -0.00815262739
v 0.00255474355 -0.0280460194 -0.008136102
v 0.00256893039 -0.0280241296 -0.00807452016
v 0.00256432127 -0.0280875936 -0.00808270555
v 0.00256652618 -0.0280913524 -0.00806586165
v 0.00255094236 -0.0279923491 -0.0081514949
v 0.00254222448 -0.0280010626 -0.00815073401
v 0.00254222169 -0.028009709 -0.00814959034
v 0.00254221843 -0.0280182268 -0.0081476979
v 0.0025422147 -0.0280265454 -0.00814506877
v 0.00254221074 -0.0280346032 -0.00814172532
v 0.00254220632 -0.0280423388 -0.00813769363
v 0.00254220143 -0.0280496925 -0.00813300163
v 0.00254219607 -0.0280566104 -0.0081276875
v 0.00254218793 -0.0280659851 -0.00811857171
v 0.00254217908 -0.0280742366 -0.00810842961
v 0.00254217302 -0.0280789193 -0.0081010703
v 0.00254216674 -0.0280829445 -0.00809332915
v 0.00254216045 -0.0280862767 -0.00808526762
v 0.0025421544 -0.0280888956 -0.00807694532
v 0.00254214811 -0.0280907787 -0.00806842744
v 0.00254214182 -0.0280919131 -0.00805977732
v 0.0025520057 -0.0232836325 -0.00815424882
v 0.00256065768 -0.0232749879 -0.00815538689
v 0.00256917789 -0.0232664719 -0.00815727469
v 0.00257750158 -0.0232581552 -0.00815989729
v 0.00258556567 -0.0232500993 -0.00816323515
v 0.00259330822 -0.0232423674 -0.00816726219
v 0.00260067079 -0.0232350137 -0.0081719486
v 0.00260759704 -0.0232280958 -0.00817725901
v 0.00261403457 -0.0232216697 -0.00818315241
v 0.0026199338 -0.0232157819 -0.0081895832
v 0.00262395921 -0.023211766 -0.00819474459
v 0.00262767752 -0.0232080538 -0.00820013136
v 0.00263099466 -0.0232047439 -0.00820577424
v 0.00263397838 -0.0232017692 -0.00821159873
v 0.00263573881 -0.0232000165 -0.00821559224
v 0.00263802614 -0.0231977366 -0.00822172407
v 0.00264068646 -0.0231950898 -0.00823116675
v 0.00264251395 -0.0231932774 -0.0082408078
v -0.00113199872 -0.028090613 -0.00806662161
v -0.00113090465 -0.0280895252 -0.00807307288
v -0.00112821348 -0.0280868504 -0.0080836378
v -0.00112943747 -0.0280880686 -0.00807944965
v -0.0011247393 -0.0280833896 -0.00809281692
v -0.00112047943 -0.0280791428 -0.00810165424
v -0.00111716229 -0.0280758329 -0.00810729712
v -0.00110941858 -0.0280681085 -0.00811784435
v -0.00111344375 -0.0280721262 -0.00811268389
v -0.00110351911 -0.0280622169 -0.00812427606
v -0.00109708169 -0.0280557908 -0.00813016947
v -0.00109015545 -0.0280488748 -0.00813547894
v -0.00108279299 -0.0280415211 -0.00814016536
v -0.00107505021 -0.0280337874 -0.00814419333
v -0.00106698635 -0.0280257314 -0.00814753119
v -0.00105866266 -0.0280174147 -0.00815015379
v -0.00105014234 -0.0280089006 -0.00815204065
v -0.00104149035 -0.0280002542 -0.00815317873
v -0.00103162648 -0.0231919754 -0.00824765116
v -0.00103163265 -0.0231931098 -0.0082390001
v -0.00103163894 -0.0231949929 -0.00823048223
v -0.00103164522 -0.0231976099 -0.00822216179
v -0.00103165139 -0.0232009441 -0.00821409933
v -0.00103165756 -0.0232049674 -0.00820635911
v -0.00103166373 -0.0232096519 -0.00819899794
v -0.00103167247 -0.0232179035 -0.00818885677
v -0.00103168085 -0.0232272763 -0.00817974098
v -0.00103168597 -0.0232341941 -0.00817442685
v -0.00103169086 -0.0232415497 -0.00816973485
v -0.00103169528 -0.0232492853 -0.00816570222
v -0.00103169947 -0.0232573431 -0.00816235878
v -0.00103170308 -0.0232656617 -0.00815973058
v -0.00103170634 -0.0232741777 -0.00815783814
v -0.00103170902 -0.0232828259 -0.00815669354
v -0.00104042713 -0.0232915394 -0.00815593358
v -0.00104907714 -0.0232915375 -0.00815480016
v -0.00105759548 -0.0232915338 -0.00815291889
v -0.00106591743 -0.023291532 -0.00815030094
v -0.00107397942 -0.0232915282 -0.00814696774
v -0.00108172046 -0.0232915226 -0.00814294443
v -0.00108908117 -0.0232915189 -0.00813826267
v -0.0010960059 -0.0232915152 -0.00813295692
v -0.00110244192 -0.0232915096 -0.00812706631
v -0.00110833999 -0.023291504 -0.00812063925
v -0.00111365551 -0.0232914984 -0.00811372232
v -0.00111834786 -0.0232914928 -0.00810636766
v -0.00112238131 -0.0232914891 -0.0080986321
v -0.00112572545 -0.0232914835 -0.00809057429
v -0.00112835434 -0.0232914779 -0.00808225572
v -0.0011302483 -0.0232914723 -0.00807374064
v -0.00113139302 -0.0232914668 -0.00806509238
v -0.00113121932 -0.0231002923 -0.00825648848
v -0.00113019045 -0.0231074411 -0.00824037381
v -0.00112913933 -0.0231132023 -0.00825647917
v -0.00112390658 -0.0231298115 -0.00825646613
v -0.0010665186 -0.023108609 -0.0082314536
v -0.00111821166 -0.0231415816 -0.00825645495
v -0.00111087144 -0.0231523998 -0.00825644378
v -0.001111891 -0.0231574941 -0.00823474769
v -0.00109910918 -0.0231652427 -0.00825642794
v -0.00108483317 -0.0231684092 -0.0082291374
v -0.00108897395 -0.0231735017 -0.00825641677
v -0.00107774872 -0.0231802054 -0.00825640466
v -0.00106582115 -0.0231855623 -0.00825639348
v -0.00104733452 -0.0231686831 -0.00823583454
v -0.00105324329 -0.0231891312 -0.00825638324
v -0.00104033598 -0.0231912173 -0.008256373
v -0.00103704422 -0.0230988227 -0.00820954144
v -0.00106824003 -0.0231894422 -0.00821204297
v -0.00105239765 -0.0231142528 -0.00817811862
v -0.00105485856 -0.0231314618 -0.00818037055
v -0.00104809832 -0.0232237 -0.00822473317
v -0.00105059508 -0.0231301077 -0.00815060176
v -0.0011410421 -0.0231965631 -0.00818368047
v -0.00105435716 -0.0231618285 -0.0081503652
v -0.00105246913 -0.0232152101 -0.00818745606
v -0.00105122523 -0.0231487975 -0.00812432077
v -0.00103867287 -0.0231652893 -0.00811074954
v -0.00113001023 -0.0231805462 -0.00811154395
v -0.00104789739 -0.0232341141 -0.00817243196
v -0.00103741337 -0.0231866017 -0.00809091516
v -0.00107083737 -0.0232430045 -0.0081726741
v -0.00103504478 -0.0232076552 -0.00807691179
v -0.00105824787 -0.0232421085 -0.00811144058
v -0.00104791031 -0.0232577827 -0.00816040859
v -0.00106782338 -0.0232329965 -0.00807193387
v -0.0010495506 -0.0232302565 -0.00807678979
v -0.00111599208 -0.0232598577 -0.00811366737
v -0.00110538222 -0.0232628565 -0.00812713429
v -0.00104491622 -0.0232572369 -0.00806290377
v -0.00103571895 -0.0232583415 -0.00806873757
v -0.00104492425 -0.0232742243 -0.00806064531
v -0.00111599837 -0.023278743 -0.00811060891
v -0.00103477773 -0.0232744701 -0.00806281343
v -0.00112962793 -0.0231054947 -0.009756485
v -0.00112586259 -0.0231224988 -0.00975647196
v -0.00112121517 -0.0231347177 -0.00975646172
v -0.00111484586 -0.0231461376 -0.00975645147
v -0.00110424764 -0.0231599547 -0.00975643564
v -0.00109487097 -0.0231690686 -0.00975642353
v -0.00108427275 -0.0231767241 -0.00975641236
v -0.00107285718 -0.0231830981 -0.00975640118
v -0.00106063846 -0.0231877528 -0.00975639001
v -0.00104363752 -0.0231915265 -0.00975637604
v -0.00103922258 -0.0230925344 -0.0098560499
v -0.00104787259 -0.0230925307 -0.00985491648
v -0.00103320484 -0.0230945367 -0.00976675469
v -0.00105639093 -0.0230925288 -0.00985303428
v -0.00103050901 -0.0231012516 -0.00985603873
v -0.00103051169 -0.0231098998 -0.00985489506
v -0.00103051495 -0.0231184177 -0.00985300168
v -0.00103051856 -0.0231267344 -0.00985037349
v -0.00103052263 -0.0231347922 -0.00984703097
v -0.00104755559 -0.0231307596 -0.00984691177
v -0.00103052717 -0.0231425297 -0.00984299742
v -0.00103166641 -0.0230980087 -0.00976220053
v -0.00103053206 -0.0231498834 -0.00983830541
v -0.00103053718 -0.0231568012 -0.00983299129
v -0.00103054265 -0.0231632311 -0.00982709415
v -0.00103054836 -0.0231691208 -0.00982065778
v -0.0010305543 -0.0231744256 -0.00981373433
v -0.00103056035 -0.0231791101 -0.00980637409
v -0.00103194255 -0.0230993759 -0.00975923799
v -0.00103056664 -0.0231831335 -0.00979863387
v -0.00103057281 -0.0231864676 -0.00979057141
v -0.00103622326 -0.0231877752 -0.00978574622
v -0.00103057909 -0.0231890846 -0.00978225004
v -0.00103058538 -0.0231909696 -0.00977373216
v -0.00103236188 -0.023114685 -0.00975882541
v -0.00103059155 -0.0231921021 -0.00976508204
v -0.00106471288 -0.0230925251 -0.00985041726
v -0.00107277487 -0.0230925214 -0.00984708406
v -0.0010640776 -0.0231533311 -0.00982805993
v -0.00103697379 -0.0231029056 -0.00976581872
v -0.00108051591 -0.0230925158 -0.00984306075
v -0.00108368986 -0.0231055543 -0.00983991101
v -0.00103635574 -0.0230980981 -0.00976779498
v -0.00108226214 -0.023140572 -0.00982685853
v -0.00108787662 -0.023092512 -0.00983837899
v -0.00109480135 -0.0230925083 -0.00983307324
v -0.00109549449 -0.0231076758 -0.00983050745
v -0.00103950209 -0.0230973009 -0.00976407621
v -0.00110123737 -0.0230925027 -0.00982718356
v -0.00104066962 -0.0230944622 -0.00976315793
v -0.00105733541 -0.0231871065 -0.00977351982
v -0.00103393407 -0.0230969656 -0.00975885428
v -0.00110713555 -0.0230924971 -0.00982075557
v -0.00111245096 -0.0230924916 -0.00981383864
v -0.00111714331 -0.0230924878 -0.00980648398
v -0.00111879921 -0.0231141075 -0.00979757775
v -0.00104419969 -0.023100296 -0.00976188574
v -0.00103799149 -0.0231073648 -0.0097606834
v -0.00112117687 -0.0230924822 -0.00979874842
v -0.0011245209 -0.0230924767 -0.00979069062
v -0.00104125659 -0.0230953023 -0.00975837931
v -0.00103550788 -0.0231047235 -0.00975764729
v -0.00104324648 -0.0231915284 -0.00975895859
v -0.00112714991 -0.0230924711 -0.00978237204
v -0.0010419084 -0.0231024884 -0.00975861121
v -0.00112904375 -0.0230924655 -0.00977385696
v -0.00113018847 -0.0230924599 -0.00976520777
v 0.0171461944 0.0247324519 -0.00984808803
v 0.0171742812 0.0246947128 -0.00985749811
v 0.0171687417 0.0247073155 -0.0098927943
v 0.017068021 0.0247896928 -0.00988631882
v 0.0172439683 0.0247055367 -0.00978163909
v 0.0172347873 0.0247099865 -0.00980812591
v 0.0171366986 0.0246355813 -0.00980358291
v 0.0171318371 0.0246575642 -0.009836426
v 0.0171016138 0.0247297715 -0.00986065157
v 0.0171462465 0.0247050356 -0.0098949438
v 0.0171456784 0.0247150678 -0.00992169976
v 0.0170815717 0.0247681644 -0.00986870471
v 0.0170877427 0.0247458629 -0.00986628141
v 0.0171084609 0.0247499626 -0.00992695894
v 0.0170973372 0.0247137137 -0.00984183699
v 0.0171398651 0.0246741045 -0.00985885505
v 0.0171253961 0.02468949 -0.00984938256
v 0.0171663184 0.0246706922 -0.00986791775
v 0.0171726122 0.0246833377 -0.00989941321
v 0.0171358846 0.0246585086 -0.00982251298
v 0.017169483 0.0246612448 -0.00983207207
v 0.0171533525 0.0246528946 -0.00980874244
v 0.0171411932 0.0246396177 -0.0098235514
v 0.0171323828 0.0246499777 -0.00978322141
v 0.0171716213 0.0246545505 -0.00979174487
v 0.0171465911 0.0246227216 -0.00979645737
v 0.017162472 0.0246412307 -0.00977777503
v 0.0171708055 0.0246200413 -0.00978323631
v 0.0171701144 0.0246610735 -0.00977931917
v 0.0171547867 0.0246109068 -0.00978236925
v 0.0171582643 0.0247013643 -0.0097734984
v 0.017180657 0.0246699676 -0.00977195427
v 0.0171712283 0.0246574879 -0.00977195334
v 0.0171654709 0.0246475097 -0.00977195147
v 0.0171602797 0.0246345177 -0.00977194775
v 0.0171567146 0.0246207807 -0.00977194216
v 0.0171557758 0.0246134941 -0.00977193844
v 0.0171999 0.0247245263 -0.0098343445
v 0.0171894692 0.024683537 -0.00989654846
v 0.0171894915 0.0247245543 -0.00981720351
v 0.0171840787 0.0246860944 -0.00983916968
v 0.017172683 0.024671955 -0.00984941144
v 0.0171834771 0.0247051958 -0.0098112626
v 0.017194787 0.024717683 -0.00979216769
v 0.0172184557 0.0247020982 -0.00982400775
v 0.0171682555 0.0247140378 -0.00977734942
v 0.0171727333 0.0246762708 -0.0098079266
v 0.0172189623 0.0247140843 -0.00979064498
v 0.0171999782 0.0246997327 -0.00977974199
v 0.0172332749 0.0246991552 -0.00978718046
v 0.0171625298 0.0246770754 -0.00978857651
v 0.0170913544 0.0247782785 -0.0098772496
v 0.0171219725 0.0247631874 -0.00986339431
v 0.0171237551 0.024734959 -0.0099280132
v 0.0171915535 0.0246805288 -0.00977195334
v 0.0172021911 0.0246881116 -0.00977195054
v 0.0172111169 0.0246931333 -0.00977194775
v 0.0172235966 0.0246982053 -0.00977194216
v 0.0172323622 0.0247007534 -0.0097719375
v 0.0172397476 0.0247021765 -0.00977193285
v 0.0172464978 0.0247030146 -0.00977192912
v 0.0172520094 0.0247042254 -0.00827188324
v 0.0172454752 0.0247038938 -0.00827158894
v 0.0172411371 0.0247034188 -0.00827116799
v 0.0172346849 0.0247023329 -0.00827020034
v 0.0172283053 0.0247008707 -0.00826889835
v 0.0172220487 0.0246989522 -0.00826718751
v 0.0172023121 0.0246897619 -0.00825898722
v 0.0172129404 0.0246953126 -0.00826393999
v 0.017195059 0.0246849209 -0.00825466588
v 0.017189892 0.0246809032 -0.00825107936
v 0.0171805061 0.0246717986 -0.00824295264
v 0.0171722397 0.0246616695 -0.00823390856
v 0.0171675459 0.0246543176 -0.00822734181
v 0.0171635114 0.0246465839 -0.00822043605
v 0.0171601661 0.024638528 -0.00821324252
v 0.017157536 0.0246302132 -0.00820581615
v 0.0171556417 0.0246217009 -0.00819821376
v 0.0171544943 0.0246130563 -0.00819049217
v 0.0171541069 0.0246043466 -0.00818271097
v 0.0172525272 0.0282045025 -0.00787392538
v 0.017243823 0.0282044709 -0.00787336007
v 0.0172373429 0.0282044224 -0.00787246414
v 0.0172309447 0.0282043461 -0.00787109789
v 0.0172246341 0.0282042511 -0.00786936283
v 0.0172184687 0.0282041281 -0.00786717422
v 0.0172124393 0.0282039866 -0.00786463078
v 0.0172066111 0.0282038189 -0.00786165614
v 0.0171991531 0.0282035675 -0.0078571355
v 0.017192116 0.0282032769 -0.00785198342
v 0.0171855539 0.0282029547 -0.00784623623
v 0.0171780791 0.0282025076 -0.00783830136
v 0.0171727631 0.0282021184 -0.0078313835
v 0.0171680711 0.0282017067 -0.00782402884
v 0.0171640366 0.0282012708 -0.00781629235
v 0.0171606932 0.0282008164 -0.00780823501
v 0.0171580631 0.0282003488 -0.00779991597
v 0.0171561707 0.0281998701 -0.00779140042
v 0.0171550252 0.0281993803 -0.00778275169
v 0.0171546377 0.0281988904 -0.00777403638
v 0.0172532033 0.0312044565 -0.00787567999
v 0.0172466692 0.0312041268 -0.00787535124
v 0.017240176 0.0312033202 -0.00787454844
v 0.0172316208 0.0312016234 -0.00787285157
v 0.0172253102 0.0311998855 -0.00787111558
v 0.0172191449 0.0311976951 -0.00786892604
v 0.0172131155 0.0311951488 -0.00786638074
v 0.0172072854 0.0311921723 -0.00786340423
v 0.0172016416 0.0311888643 -0.00786009245
v 0.0171936695 0.0311831441 -0.0078543704
v 0.0171846487 0.0311752483 -0.00784646813
v 0.0171787497 0.0311688203 -0.00784003641
v 0.0171710849 0.0311582256 -0.00782943517
v 0.0171647016 0.0311468188 -0.00781801622
v 0.0171600413 0.0311346091 -0.00780579215
v 0.0171568301 0.0311219394 -0.00779310986
v 0.017155489 0.0311089419 -0.00778009603
v 0.019235773 0.0311908517 -0.00563162565
v 0.0192369241 0.0311942529 -0.00562992599
v 0.019236071 0.0312032085 -0.00563120469
v 0.0192212909 0.0312288608 -0.00561159477
v 0.0192419384 0.0312111154 -0.0056215045
v 0.0192443896 0.0312209744 -0.00561657967
v 0.019253362 0.0312862657 -0.00558397314
v 0.0192537047 0.0312951766 -0.00557952514
v 0.0192681253 0.0312926695 -0.00558808353
v 0.0191593301 0.0311057065 -0.00567419594
v 0.0191641878 0.0311064813 -0.00567380758
v 0.0191656779 0.0311217103 -0.00567755941
v 0.0191684347 0.0311075747 -0.0056732567
v 0.0191804096 0.0311127231 -0.00567067834
v 0.0191839766 0.0311148632 -0.00566960452
v 0.0191782489 0.0311174877 -0.00567143271
v 0.0191778392 0.0311675668 -0.00563951116
v 0.0191793106 0.0311398543 -0.00564557686
v 0.0192029662 0.0311403982 -0.00566203659
v 0.0192067847 0.0311358422 -0.00565911317
v 0.0192094147 0.0311392136 -0.00565742701
v 0.0191981513 0.0311568771 -0.00563942827
v 0.0192195345 0.0311545786 -0.00564974919
v 0.0192245971 0.0311640054 -0.00564503763
v 0.0192706864 0.0312693827 -0.0056187734
v 0.0192278456 0.0312242843 -0.00566365803
v 0.0192259233 0.0312464219 -0.00566806085
v 0.0192313418 0.0312138721 -0.00569556514
v 0.0193018243 0.0312218722 -0.00565727614
v 0.0192414448 0.0312569067 -0.00565257762
v 0.0192253198 0.0312519558 -0.00567931496
v 0.0193072092 0.0312398616 -0.00564201549
v 0.0192267504 0.0312367454 -0.00570262689
v 0.0192351155 0.0311813261 -0.00572633464
v 0.0192028899 0.0311959274 -0.0057306909
v 0.0192120187 0.0312019959 -0.00569630694
v 0.0191959552 0.031191634 -0.00571257435
v 0.0191621296 0.031205954 -0.00571150845
v 0.0191609785 0.0311816484 -0.00570895663
v 0.0191890486 0.0311732292 -0.00572948251
v 0.0192073584 0.0312259682 -0.00572851719
v 0.0192280635 0.0312162191 -0.00571412453
v 0.0192033257 0.0312077571 -0.00574144721
v 0.0191823859 0.0312047806 -0.00573613588
v 0.0191846583 0.0312081967 -0.0057548699
v 0.0191728361 0.0312027335 -0.00575498352
v 0.0191637743 0.0312061962 -0.00573129579
v 0.0191636439 0.0311898366 -0.00575134298
v 0.0191618651 0.0312050153 -0.00576311816
v 0.0191727541 0.0312070176 -0.00576617476
v 0.0191538986 0.0311760567 -0.00570370303
v 0.0191539023 0.03117962 -0.00570745859
v 0.0191539042 0.0311819464 -0.00571013847
v 0.0191539098 0.031186685 -0.0057162689
v 0.0191539172 0.0311930496 -0.00572645897
v 0.0191539247 0.0311973803 -0.00573554263
v 0.019153934 0.0312016886 -0.00574772991
v 0.0191539414 0.0312040914 -0.00575896306
v 0.019153947 0.0312049296 -0.00576571515
v 0.0192121919 0.0311430432 -0.00565551361
v 0.0192177668 0.0311515871 -0.00565124257
v 0.0192046799 0.0311333127 -0.00566037791
v 0.0192009155 0.0311291069 -0.00566248177
v 0.0191921145 0.0311208051 -0.00566663174
v 0.0191959757 0.0311242025 -0.00566493347
v 0.01919543 0.0311284792 -0.00566540146
v 0.0191827044 0.0311562419 -0.00567349792
v 0.0191390477 0.0312332381 -0.0056361449
v 0.0192058291 0.0311875101 -0.0056748502
v 0.0192205925 0.0311929062 -0.00566137535
v 0.0191725791 0.031187281 -0.00565915834
v 0.019195931 0.0311844274 -0.00564410351
v 0.0192232095 0.0311705749 -0.00565069215
v 0.0191823002 0.0311721079 -0.00570185902
v 0.0191898681 0.0311190058 -0.00566753233
v 0.0191882476 0.0311249103 -0.0056685037
v 0.0191875324 0.0311172623 -0.00566840451
v 0.0191884693 0.031117944 -0.00566806272
v 0.0191772375 0.031111069 -0.00567150535
v 0.0191726349 0.0311370455 -0.00567253353
v 0.0191610064 0.0311565436 -0.00566976611
v 0.0191618502 0.0311671477 -0.00568105374
v 0.0191628933 0.0311768502 -0.00569560891
v 0.0191720612 0.0311088115 -0.00567263551
v 0.0191593207 0.0311402399 -0.00568041299
v 0.0192509964 0.0312586837 -0.00559774833
v 0.019259043 0.0312693305 -0.0055994913
v 0.0192502849 0.0312531553 -0.00560050923
v 0.0192868952 0.0312499981 -0.00562549522
v 0.0192494448 0.0312473588 -0.00560340285
v 0.0192477871 0.0312374365 -0.00560835702
v 0.0192518625 0.031266395 -0.00559389777
v 0.0192521941 0.0312698111 -0.00559219206
v 0.0192402769 0.0312051121 -0.00562450243
v 0.0192395318 0.0312025584 -0.00562577695
v 0.0192462429 0.0312294476 -0.00561234867
v 0.0192664526 0.0311870147 -0.00566987274
v 0.0192308072 0.031177707 -0.00563819241
v 0.0192338098 0.0311853811 -0.00563435862
v 0.0192268416 0.0311686527 -0.00564271631
v 0.0192527212 0.0312760584 -0.00558907073
v 0.0192300454 0.0312138498 -0.00564478571
v 0.019153893 0.031169001 -0.00569728995
v 0.0191538855 0.0311583746 -0.00568969874
v 0.01915388 0.0311494507 -0.00568466913
v 0.0191538744 0.0311395638 -0.00568042323
v 0.0191538725 0.0311375335 -0.00567970891
v 0.0191538688 0.0311252791 -0.00567650842
v 0.0191538632 0.0311119519 -0.00567461643
v 0.0191538613 0.0311053656 -0.00567437243
v 0.0171539299 0.0311057568 -0.00577573664
v 0.0171548836 0.0311187953 -0.00577574363
v 0.0171573441 0.0311316364 -0.00577574922
v 0.0171616394 0.0311439838 -0.00577575341
v 0.0171673391 0.031155752 -0.00577575667
v 0.0171746854 0.0311665684 -0.00577575807
v 0.0171864536 0.0311794057 -0.0057757576
v 0.0171965919 0.0311876591 -0.00577575527
v 0.0172039513 0.0311923474 -0.00577575294
v 0.0172116887 0.0311963726 -0.00577575015
v 0.0172239095 0.0312010199 -0.00577574456
v 0.0172366202 0.0312042162 -0.00577498088
v 0.0172452368 0.0312053543 -0.00577573245
v 0.0172539521 0.0312057324 -0.00577572687
v 0.0172539465 0.031205358 -0.00576701108
v 0.017253926 0.0311980546 -0.00573749049
v 0.0172539372 0.031203283 -0.00575410202
v 0.017253913 0.0311900247 -0.00572203891
v 0.0172539037 0.0311823748 -0.00571143487
v 0.0172538981 0.0311764851 -0.00570499897
v 0.017253885 0.0311594587 -0.00569144124
v 0.0172525328 0.0311129764 -0.00576900644
v 0.0172538776 0.0311480481 -0.00568506215
v 0.0172538739 0.0311399922 -0.00568171917
v 0.0172538701 0.0311316699 -0.00567909097
v 0.0172538664 0.0311188307 -0.00567662623
v 0.0172538627 0.031105794 -0.00567566836
v 0.0171543043 0.0311057623 -0.00576702086
v 0.0171564259 0.0311230943 -0.00576400477
v 0.0171573032 0.0311188083 -0.00575434836
v 0.0171554387 0.0311057661 -0.0057583712
v 0.0171613712 0.0311378855 -0.0057572932
v 0.0171610359 0.0311209448 -0.00574310496
v 0.0171573199 0.0311057717 -0.0057498524
v 0.0172486193 0.0311094429 -0.00577415712
v 0.0171705782 0.0311419945 -0.00573470863
v 0.0171599388 0.0311057754 -0.00574153056
v 0.0172401816 0.0311089307 -0.00576708885
v 0.0171632711 0.0311057791 -0.00573346857
v 0.0171672944 0.0311057828 -0.00572572742
v 0.0171848163 0.0311519094 -0.00572034903
v 0.0171719752 0.0311057866 -0.00571836671
v 0.0172432605 0.0311155785 -0.00576915359
v 0.0172397997 0.0311102513 -0.00576006761
v 0.0171772838 0.0311057903 -0.00571144233
v 0.0172466114 0.031114459 -0.00577315129
v 0.0172518175 0.0311119761 -0.00577245792
v 0.0172480661 0.0311135743 -0.00576797593
v 0.0172400009 0.0311176702 -0.0057571833
v 0.0171831716 0.0311057921 -0.00570500595
v 0.0172503944 0.0311079491 -0.00576866837
v 0.0171895996 0.031105794 -0.00569910789
v 0.0172498282 0.0311150383 -0.00577420183
v 0.0171965174 0.0311057959 -0.00569379237
v 0.017203873 0.0311057959 -0.00568910036
v 0.0172246341 0.0311611928 -0.00569824548
v 0.0172116067 0.0311057977 -0.00568506634
v 0.0172196645 0.0311057977 -0.00568172242
v 0.0172508936 0.0311148055 -0.0057572471
v 0.0172504447 0.0311093163 -0.00575594371
v 0.0172279831 0.0311057977 -0.0056790933
v 0.0172364991 0.0311057959 -0.00567719992
v 0.0172419008 0.031204788 -0.00577112148
v 0.0172527898 0.0311164167 -0.00577442395
v 0.0172473844 0.0311188623 -0.00577129563
v 0.0172523763 0.0311183929 -0.005771772
v 0.0172451474 0.031105794 -0.00567605486
v 0.0192231778 0.0166134052 -0.0056326706
v 0.0192227438 0.0166202039 -0.00563285779
v 0.0192200765 0.0166226067 -0.00563561823
v 0.0193087086 0.0165901724 -0.00562892575
v 0.0192430634 0.0165667664 -0.00561313378
v 0.019245794 0.0165657699 -0.00560363522
v 0.0191628095 0.0165799335 -0.00569202239
v 0.0191506017 0.0165803526 -0.00569313858
v 0.0191506036 0.0165756755 -0.00569782732
v 0.0191915669 0.0165743083 -0.00568487216
v 0.0191983189 0.0165738035 -0.005680067
v 0.0192144178 0.0165981818 -0.00568877207
v 0.0192030706 0.0165733956 -0.0056761913
v 0.0192052368 0.0165731907 -0.00567425461
v 0.0192082021 0.0165769346 -0.0056670229
v 0.0192257818 0.0166172516 -0.00562946917
v 0.0192311425 0.0166113675 -0.00562271057
v 0.019228898 0.0166139472 -0.0056256745
v 0.0192313436 0.016605569 -0.00562273059
v 0.0192497112 0.0165677611 -0.00557812583
v 0.0192504134 0.0165654421 -0.00556998327
v 0.0192499906 0.0165701322 -0.00557536446
v 0.0192493759 0.0165740978 -0.00557991955
v 0.0192485359 0.0165780019 -0.00558440201
v 0.019227026 0.0165717322 -0.005588172
v 0.0192343276 0.0165753663 -0.00562508265
v 0.0192259811 0.0165908542 -0.00561129674
v 0.019242283 0.016594667 -0.00560353557
v 0.0192399286 0.0165989511 -0.00560845388
v 0.0192327239 0.0166094285 -0.00562048657
v 0.0192268025 0.016616201 -0.00562826265
v 0.0192379039 0.0166022331 -0.00561222341
v 0.0192356799 0.0166054983 -0.00561597338
v 0.0192346163 0.016606966 -0.00561765861
v 0.0192472059 0.0165827423 -0.00558984512
v 0.0192465838 0.0165846143 -0.00559199229
v 0.0192457922 0.0165867843 -0.00559448591
v 0.0192438401 0.0165914502 -0.00559984054
v 0.0192187019 0.0166308749 -0.00571668753
v 0.019196013 0.0165974498 -0.00566326315
v 0.0192113034 0.016614778 -0.00565155456
v 0.019228138 0.01660721 -0.00565685565
v 0.0192160681 0.0166259222 -0.00563942641
v 0.0192136802 0.0166277457 -0.00564152142
v 0.0192089994 0.016625315 -0.00566157792
v 0.0192095563 0.0166306589 -0.0056448658
v 0.0192070082 0.0166323185 -0.00564677268
v 0.019204149 0.0166340545 -0.00564876804
v 0.0191650633 0.0166266095 -0.0056950273
v 0.0191871747 0.016623944 -0.00569989299
v 0.0191860087 0.016634075 -0.00565872947
v 0.0191603806 0.0166365039 -0.0056586666
v 0.0191800147 0.0166390389 -0.00566089293
v 0.0192320887 0.0165922958 -0.00564956246
v 0.0191847961 0.0166430622 -0.0056591155
v 0.0191840921 0.0166433062 -0.0056593949
v 0.0191562474 0.0166488104 -0.00566572743
v 0.0191608202 0.0166484434 -0.00566530274
v 0.0191681627 0.0166474152 -0.00566411996
v 0.0191784538 0.0166450664 -0.00566141913
v 0.0191768017 0.0166455172 -0.00566193881
v 0.0191727132 0.0166465137 -0.00566308387
v 0.0192005597 0.0166360885 -0.00565110333
v 0.0191966761 0.016638089 -0.00565340277
v 0.0191925429 0.0166400075 -0.00565560628
v 0.0191904325 0.016640909 -0.00565664144
v 0.01920956 0.016572753 -0.0056700767
v 0.0192147046 0.0165721625 -0.00566447619
v 0.019176133 0.0165751483 -0.00569283403
v 0.0191845782 0.0165747404 -0.00568898255
v 0.0191745609 0.0165657382 -0.00566491671
v 0.0191727169 0.0165752806 -0.00569409737
v 0.0191681664 0.016575424 -0.00569546269
v 0.0191585384 0.0165756177 -0.00569730112
v 0.019150598 0.0165910963 -0.00568445725
v 0.0191629361 0.0165989548 -0.00568769081
v 0.0191726647 0.0165809598 -0.00566756446
v 0.0191527568 0.0166387055 -0.00573254516
v 0.0191505961 0.0166015979 -0.00567781739
v 0.0192090217 0.0165842175 -0.00565653341
v 0.0192499924 0.0165631212 -0.0055784164
v 0.0192504134 0.0165623762 -0.00557131879
v 0.0192468949 0.0165652744 -0.00559893018
v 0.0192489568 0.0165640637 -0.00558737991
v 0.0192401651 0.01656764 -0.00562145468
v 0.0192214791 0.0165712684 -0.00565597508
v 0.0192262959 0.0165705327 -0.00564897573
v 0.0192318484 0.0165808443 -0.0056471047
v 0.0192304198 0.01656981 -0.00564207975
v 0.0192354862 0.0165687893 -0.00563238375
v 0.0192070082 0.0165730156 -0.005672595
v 0.0192388017 0.0165679958 -0.0056248433
v 0.0191505961 0.0166423563 -0.00566614326
v 0.019150598 0.0166489724 -0.00566591509
v 0.0172505975 0.0166494008 -0.00566721149
v 0.0172418822 0.0166494027 -0.00566759752
v 0.0172332358 0.0166494045 -0.00566874258
v 0.0172247197 0.0166494045 -0.00567063596
v 0.0172163993 0.0166494045 -0.00567326555
v 0.0172083434 0.0166494045 -0.005676609
v 0.0172006078 0.0166494045 -0.00568064302
v 0.0171932541 0.0166494027 -0.00568533549
v 0.0171863362 0.0166494008 -0.00569065101
v 0.0171799082 0.016649399 -0.00569654861
v 0.0171740185 0.0166493971 -0.00570298498
v 0.0171687119 0.0166493952 -0.00570990983
v 0.017164031 0.0166493915 -0.00571727008
v 0.0171600059 0.0166493878 -0.00572501123
v 0.0171566736 0.0166493841 -0.00573307322
v 0.0171540547 0.0166493785 -0.00574139506
v 0.0171521753 0.0166493747 -0.00574991386
v 0.017151041 0.0166493692 -0.00575856352
v 0.0171506666 0.0166493654 -0.0057672793
v 0.0172505956 0.0166020263 -0.00567911332
v 0.0172505956 0.0166371074 -0.00566804782
v 0.0172497518 0.016643757 -0.00574476738
v 0.0172505975 0.0165915955 -0.00568567356
v 0.0172506012 0.0165819451 -0.00569333695
v 0.0172506031 0.0165761039 -0.00569912372
v 0.0172492266 0.0166459475 -0.00576074887
v 0.0172418877 0.0165763833 -0.00569938868
v 0.0172332413 0.0165772196 -0.0057001696
v 0.0172164664 0.0165883284 -0.0056961067
v 0.0172247235 0.0165786035 -0.00570146134
v 0.0172164049 0.0165805276 -0.00570325274
v 0.0172083471 0.0165829752 -0.00570553169
v 0.0172430314 0.0166444834 -0.00575910602
v 0.0172006134 0.0165859256 -0.00570827955
v 0.0171932578 0.0165893603 -0.00571147585
v 0.0172374304 0.0166428983 -0.00575765921
v 0.0171863399 0.0165932532 -0.00571509684
v 0.017179912 0.016597569 -0.00571911409
v 0.0172429513 0.0166478343 -0.00576347532
v 0.0171740223 0.0166022833 -0.00572349783
v 0.0171687156 0.0166073535 -0.00572821358
v 0.0172463991 0.0166472178 -0.0057610441
v 0.0171640329 0.0166127421 -0.00573322643
v 0.0171600059 0.0166250393 -0.00573293027
v 0.0171600096 0.016618412 -0.00573849771
v 0.0171553642 0.0166414473 -0.00573844835
v 0.0172349177 0.0166480057 -0.00576475821
v 0.0171566755 0.0166243147 -0.00574398786
v 0.0171720274 0.0166386869 -0.00570675032
v 0.0171540566 0.0166304093 -0.00574965449
v 0.0172452386 0.0166476537 -0.00575561542
v 0.0171521753 0.0166366473 -0.00575545523
v 0.017151041 0.0166429821 -0.00576134492
v 0.017219767 0.0128635271 -0.00970072951
v 0.0172286257 0.012861615 -0.00969894789
v 0.0172524918 0.0128594777 -0.00969694927
v 0.0172418784 0.012859907 -0.00969735347
v 0.0172351301 0.0128605943 -0.00969799515
v 0.0172102377 0.012866349 -0.00970335677
v 0.0172073524 0.0128673762 -0.00970431324
v 0.0172025021 0.0128693013 -0.00970610511
v 0.0171772819 0.0128845097 -0.00972025562
v 0.0171818007 0.0128809446 -0.00971693918
v 0.0171871502 0.0128773106 -0.00971355848
v 0.0171968043 0.0128719211 -0.00970854238
v 0.0171698462 0.012891544 -0.00972679909
v 0.0171649028 0.0128974775 -0.00973231811
v 0.0171618983 0.0129017858 -0.00973632373
v 0.017158566 0.0129076885 -0.00974181388
v 0.0171559453 0.0129137831 -0.00974748004
v 0.017154064 0.0129200211 -0.00975328032
v 0.0171534885 0.012922721 -0.00975579023
v 0.0171527918 0.0129279029 -0.00976060797
v 0.0171334185 0.01281018 -0.00982456468
v 0.0172360539 0.0129002286 -0.00976336375
v 0.01715721 0.0128291305 -0.00982590578
v 0.0171425138 0.0128568755 -0.00979557168
v 0.0171520524 0.0128992423 -0.00977691263
v 0.0171514731 0.0128874844 -0.00978178903
v 0.0172158126 0.0128922975 -0.0097873332
v 0.0171496589 0.0128996456 -0.00976012275
v 0.0172083564 0.0128984852 -0.00975638255
v 0.0171762407 0.0128646055 -0.00972728338
v 0.0172510929 0.0128374472 -0.00972064678
v 0.0172311235 0.0128439339 -0.00982921012
v 0.0172360092 0.0127862394 -0.00977574382
v 0.0172449593 0.0128788669 -0.00978542026
v 0.0172221195 0.0128328037 -0.00987051148
v 0.0172038525 0.0129015408 -0.00976575818
v 0.0171533041 0.012912414 -0.00976538565
v 0.0172295403 0.0128632952 -0.00980959833
v 0.0172365177 0.012889876 -0.00978677999
v 0.017202748 0.0128706703 -0.00978120137
v 0.0171847716 0.0128644751 -0.00978930667
v 0.0171500146 0.012877821 -0.00978832226
v 0.0171368513 0.0128673045 -0.00977691263
v 0.0171244275 0.0127923768 -0.00983058102
v 0.0171949547 0.0128156738 -0.00986595452
v 0.0171405263 0.0127813872 -0.00983416196
v 0.0171951428 0.0128055206 -0.00988582335
v 0.0172110237 0.0128222099 -0.00981311221
v 0.017229706 0.0128529053 -0.00984127633
v 0.0171688944 0.0128302891 -0.00977533497
v 0.0171708036 0.0127939619 -0.00979506597
v 0.0172244702 0.012843214 -0.00985577051
v 0.0172096491 0.0127444807 -0.00982068572
v 0.0171933696 0.0127883442 -0.00988791883
v 0.0172115583 0.0128196115 -0.00988115929
v 0.0172023773 0.0128142405 -0.00986989215
v 0.0172167942 0.0128312455 -0.00986872707
v 0.0171608999 0.0127635933 -0.00981903449
v 0.0171598252 0.0127411606 -0.0098133767
v 0.0172147807 0.0128490366 -0.00971862115
v 0.0172093939 0.0128306262 -0.00973980129
v 0.0171517767 0.012845234 -0.00979226176
v 0.0170821603 0.012715851 -0.00983591657
v 0.0171750523 0.0127431201 -0.00985793769
v 0.0170662012 0.0126767755 -0.00986425579
v 0.0170590896 0.0126686255 -0.0098648211
v 0.0170944203 0.0127014555 -0.00992377382
v 0.0171606336 0.0127502903 -0.00986132119
v 0.0171571542 0.0127682807 -0.00985413697
v 0.0171435941 0.0127502196 -0.00989822391
v 0.0171266962 0.0127267204 -0.00991324428
v 0.0171494111 0.0127273826 -0.00986213516
v 0.0171597805 0.012718223 -0.0098461071
v 0.0171104278 0.0127641037 -0.00984657276
v 0.0171057563 0.0127237672 -0.00985260215
v 0.0171061177 0.0127447322 -0.0098501863
v 0.0171166994 0.0127642248 -0.00983056426
v 0.0171177164 0.0127802165 -0.00984104164
v 0.0171009451 0.0127310771 -0.00987218879
v 0.0171376374 -0.0131675405 -0.00982591603
v 0.0171520896 -0.0131784081 -0.00980189629
v 0.0171601828 -0.0131926788 -0.00987062324
v 0.0170614161 -0.0131039526 -0.00984962378
v 0.017059464 -0.0131102996 -0.00986414123
v 0.0172463153 -0.0131964292 -0.0097552184
v 0.017245017 -0.013195782 -0.00976210646
v 0.0172354095 -0.0131944465 -0.00975946616
v 0.0172386542 -0.0131926034 -0.0097772982
v 0.0172331147 -0.0131898327 -0.00978563353
v 0.0172262304 -0.0131900059 -0.00978595391
v 0.0171387345 -0.0132741965 -0.00978883915
v 0.017137263 -0.0132777961 -0.00979185198
v 0.0171389375 -0.0132811498 -0.00978802703
v 0.0171232801 -0.0132424301 -0.00981425401
v 0.0171235725 -0.0132503808 -0.00981371384
v 0.0171272587 -0.0132577596 -0.00980894919
v 0.0171173736 -0.013237969 -0.00982055627
v 0.0171220805 -0.0132473949 -0.00981548522
v 0.017093055 -0.0131702209 -0.00983847957
v 0.0171376914 -0.0131949587 -0.00987277459
v 0.0171371214 -0.0131849237 -0.00989952683
v 0.0170730148 -0.013131828 -0.00984653179
v 0.0170791838 -0.0131541295 -0.00984410942
v 0.0170999039 -0.0131500307 -0.00990478788
v 0.0170518532 -0.0131068323 -0.0098497998
v 0.0170563031 -0.0131157394 -0.00984944962
v 0.0170614049 -0.0131259467 -0.00984879676
v 0.0170700867 -0.0131433206 -0.00984705426
v 0.0170662347 -0.013135612 -0.00984792784
v 0.0170645267 -0.0131321959 -0.00984826311
v 0.017072849 -0.0131488489 -0.00984633714
v 0.0170891937 -0.0131815597 -0.00984028075
v 0.0170887765 -0.0131862769 -0.00981966406
v 0.0170938484 -0.0131908767 -0.00983794592
v 0.0170974825 -0.013198154 -0.00983590633
v 0.0171168409 -0.0132105043 -0.00982721429
v 0.0171114821 -0.0132212648 -0.00982597284
v 0.017118169 -0.0132267252 -0.0098202806
v 0.0171150547 -0.0132333254 -0.00982280448
v 0.017110914 -0.0132250404 -0.00982646365
v 0.0171101503 -0.0132235084 -0.00982709602
v 0.0171066988 -0.0132166017 -0.00982979033
v 0.0171022695 -0.0132077308 -0.00983291492
v 0.0171039682 -0.0132111358 -0.00983175915
v 0.0170757435 -0.0131546408 -0.00984549057
v 0.0170807 -0.0131645594 -0.00984382164
v 0.017084403 -0.0131719774 -0.0098423874
v 0.0171603225 -0.0132298805 -0.00984174665
v 0.0171640553 -0.0132166538 -0.00987723842
v 0.0171273313 -0.0132414866 -0.00980034471
v 0.0171609316 -0.0132387523 -0.00980990753
v 0.0171447936 -0.0132470978 -0.00978656765
v 0.0171326362 -0.0132603766 -0.0098013794
v 0.0171297509 -0.0132627506 -0.00980534963
v 0.0171318967 -0.0132670449 -0.0098019531
v 0.0171347987 -0.0132728554 -0.00979683921
v 0.0170955695 -0.013261321 -0.00975992531
v 0.0171330366 -0.0132693313 -0.00980002619
v 0.017128421 -0.0132600851 -0.00980731286
v 0.0171238184 -0.013250012 -0.00976104662
v 0.0171630681 -0.0132454447 -0.00976957474
v 0.017142972 -0.0132892299 -0.00977631565
v 0.0171442032 -0.0132861417 -0.00977194682
v 0.0171419028 -0.013287087 -0.00977988448
v 0.0171398371 -0.0132829472 -0.00978578068
v 0.0171405356 -0.013284348 -0.00978391245
v 0.0171539132 -0.0132587636 -0.00975560211
v 0.0171494968 -0.0132712871 -0.00975671224
v 0.0171305332 -0.0132834809 -0.0097579686
v 0.0171615705 -0.0132389292 -0.00975714996
v 0.0171449203 -0.013293134 -0.00976796355
v 0.0171455368 -0.013294369 -0.00976433605
v 0.0171460807 -0.0132954661 -0.00976008642
v 0.0171437971 -0.0132908821 -0.00977314357
v 0.0171497054 -0.0131986244 -0.00975132547
v 0.0171721 -0.0132300258 -0.00974978227
v 0.0171626713 -0.0132425046 -0.00974978134
v 0.0171569139 -0.0132524837 -0.00974977948
v 0.0171531681 -0.0132610723 -0.00974977762
v 0.0171492156 -0.0132745448 -0.00974977203
v 0.0171472188 -0.0132864993 -0.00974976644
v 0.0172278844 -0.0131872185 -0.0097918408
v 0.0171986017 -0.0131725753 -0.00981482305
v 0.017185716 -0.0131661296 -0.00982168969
v 0.017191343 -0.0131754661 -0.00981217157
v 0.0171809103 -0.0132164443 -0.0098743597
v 0.0171809364 -0.0131754475 -0.00979504175
v 0.0171755254 -0.0132139055 -0.009817007
v 0.0172056016 -0.0132345501 -0.00985265803
v 0.0171642359 -0.0132147912 -0.00982385967
v 0.0171749201 -0.0131947994 -0.00978909433
v 0.0171862245 -0.0131822973 -0.00976998918
v 0.0172098931 -0.0131978728 -0.00980182178
v 0.0172208436 -0.0131836971 -0.00979871582
v 0.0172123555 -0.0131794531 -0.00980566349
v 0.0171597004 -0.0131859565 -0.00975517835
v 0.0171641614 -0.0132237114 -0.0097857425
v 0.0172103941 -0.0131858727 -0.00976845901
v 0.0171914231 -0.0132002626 -0.00975756999
v 0.0172247197 -0.0132008446 -0.0097650094
v 0.017153969 -0.013222917 -0.00976640359
v 0.0172432158 -0.0131948823 -0.00976795424
v 0.0170827955 -0.0131217148 -0.00985508505
v 0.0170976557 -0.0131220799 -0.00984648243
v 0.0171134137 -0.0131368069 -0.00984122232
v 0.0171146765 -0.013130595 -0.00984381884
v 0.0171360597 -0.0131412921 -0.00983917248
v 0.0171482619 -0.0131473951 -0.00983590167
v 0.0171595402 -0.0131530352 -0.00983233284
v 0.0171226654 -0.0131345913 -0.00984226447
v 0.017170541 -0.0131585402 -0.00982827879
v 0.0171151981 -0.0131650344 -0.00990584679
v 0.0170840286 -0.0131152645 -0.00984809361
v 0.0170760732 -0.0131112849 -0.0098487949
v 0.0171466321 -0.0132965771 -0.00974976085
v 0.017146565 -0.0132964356 -0.00975345727
v 0.0171463639 -0.0132960323 -0.00975700002
v 0.0171829965 -0.0132194646 -0.00974978134
v 0.0171936341 -0.0132118827 -0.00974977855
v 0.017202558 -0.0132068591 -0.00974977482
v 0.0172150396 -0.0132017881 -0.00974976923
v 0.0172238033 -0.013199239 -0.00974976551
v 0.0172311887 -0.0131978178 -0.00974976085
v 0.0172379408 -0.0131969778 -0.00974975713
v 0.0172444265 -0.0131966481 -0.00974975247
v 0.0172434505 -0.0131957689 -0.00824971125
v 0.0172369163 -0.0131960995 -0.00824941695
v 0.0172325801 -0.0131965736 -0.00824899599
v 0.0172261279 -0.0131976604 -0.00824802835
v 0.0172197483 -0.0131991208 -0.00824672636
v 0.0172134917 -0.0132010402 -0.00824501459
v 0.0171937551 -0.0132102314 -0.00823681522
v 0.0172043815 -0.0132046808 -0.008241768
v 0.017186502 -0.0132150725 -0.00823249388
v 0.017181335 -0.0132190902 -0.00822890736
v 0.0171719491 -0.0132281929 -0.00822078064
v 0.0171636809 -0.0132383239 -0.00821173564
v 0.0171589889 -0.0132456757 -0.00820516981
v 0.0171549544 -0.0132534094 -0.00819826405
v 0.0171516091 -0.0132614644 -0.00819107052
v 0.0171489771 -0.0132697783 -0.00818364322
v 0.0171470828 -0.0132782906 -0.00817604084
v 0.0171459373 -0.0132869361 -0.00816832017
v 0.0171455499 -0.0132956468 -0.00816053897
v 0.0172439683 -0.00969548989 -0.00785175338
v 0.017235266 -0.00969552062 -0.00785118807
v 0.0172287859 -0.00969556998 -0.00785029214
v 0.0172223859 -0.00969564542 -0.00784892589
v 0.0172160752 -0.00969574135 -0.00784719083
v 0.0172099117 -0.00969586521 -0.00784500223
v 0.0172038823 -0.00969600677 -0.00784245878
v 0.0171980541 -0.00969617348 -0.00783948414
v 0.0171905961 -0.0096964268 -0.0078349635
v 0.017183559 -0.00969671644 -0.00782981142
v 0.0171769969 -0.00969703868 -0.00782406423
v 0.0171695221 -0.00969748478 -0.00781612936
v 0.0171642043 -0.00969787315 -0.00780921103
v 0.0171595141 -0.00969828665 -0.00780185638
v 0.0171554796 -0.00969872158 -0.00779412081
v 0.0171521362 -0.00969917607 -0.00778606301
v 0.0171495061 -0.00969964452 -0.00777774397
v 0.0171476118 -0.00970012415 -0.00776922796
v 0.0171464663 -0.00970061123 -0.00776057923
v 0.0171460807 -0.00970110297 -0.00775186392
v 0.0172446463 -0.0066955355 -0.007853508
v 0.0172381122 -0.00669586705 -0.00785317924
v 0.0172316171 -0.00669667218 -0.00785237644
v 0.017223062 -0.00669837045 -0.00785067957
v 0.0172167532 -0.00670010736 -0.00784894358
v 0.0172105879 -0.00670229737 -0.00784675404
v 0.0172045566 -0.00670484267 -0.00784420781
v 0.0171987284 -0.00670781871 -0.00784123223
v 0.0171930827 -0.00671112817 -0.00783792045
v 0.0171851106 -0.00671684742 -0.0078321984
v 0.0171760917 -0.00672474504 -0.00782429613
v 0.0171701927 -0.00673117163 -0.00781786442
v 0.017162526 -0.00674176402 -0.00780726317
v 0.0171561446 -0.00675317226 -0.00779584376
v 0.0171514843 -0.00676538469 -0.00778362015
v 0.0171482731 -0.00677805301 -0.0077709374
v 0.0171469301 -0.00679105241 -0.00775792403
v 0.0192272142 -0.00670914212 -0.00560945366
v 0.0192283671 -0.00670573814 -0.00560775399
v 0.0192239452 -0.00671045249 -0.00561381923
v 0.0192975532 -0.00668249512 -0.00563928066
v 0.0192333795 -0.00668887887 -0.00559933251
v 0.0192358326 -0.00667901849 -0.00559440767
v 0.019244805 -0.00661372393 -0.00556180067
v 0.0192451458 -0.00660481583 -0.00555735314
v 0.0192448273 -0.00660706311 -0.00556175737
v 0.0191525426 -0.00679408247 -0.0056519215
v 0.0191556308 -0.00679351483 -0.00565163558
v 0.019149011 -0.00678340113 -0.00558403786
v 0.0191598777 -0.0067924168 -0.00565108424
v 0.0191718545 -0.00678727217 -0.00564850587
v 0.0191754177 -0.00678512733 -0.00564743252
v 0.01917045 -0.00677240221 -0.00564682437
v 0.0191799104 -0.00678204512 -0.00564589025
v 0.0191831198 -0.00677287672 -0.00564495148
v 0.0191982258 -0.00676415022 -0.00563694118
v 0.0192008577 -0.00676077744 -0.00563525502
v 0.0191954039 -0.00675824704 -0.00563916052
v 0.0192028172 -0.00675811339 -0.00563392369
v 0.0192044526 -0.00675578415 -0.00563275907
v 0.0192024037 -0.00674985861 -0.00565395132
v 0.0192451514 -0.00659970893 -0.0055624661
v 0.0192448124 -0.0066041667 -0.00557136862
v 0.0192441773 -0.0066092764 -0.00558157265
v 0.0192440301 -0.00661053788 -0.005572767
v 0.0192424599 -0.00661797216 -0.00559894182
v 0.0192736108 -0.0066296272 -0.00559223723
v 0.0192434862 -0.0066132592 -0.00558952801
v 0.0192239024 -0.00663064234 -0.00562462397
v 0.0193002224 -0.00664777076 -0.00560555886
v 0.0192417521 -0.00662073959 -0.00560446875
v 0.0192204826 -0.00669766823 -0.00568219833
v 0.0192244388 -0.00669365097 -0.00565304421
v 0.0192446895 -0.00669524912 -0.00567411631
v 0.0192957614 -0.006700953 -0.00565800117
v 0.0192658436 -0.00667185429 -0.005646843
v 0.0192357451 -0.00663711317 -0.00563717494
v 0.0192324091 -0.00664359704 -0.00565012824
v 0.0192316603 -0.00666400883 -0.00566573534
v 0.0192093197 -0.00666424818 -0.00568622071
v 0.0192238055 -0.00665657362 -0.0056760516
v 0.0192272663 -0.00665191701 -0.00566674862
v 0.0192284174 -0.00665021269 -0.00566334464
v 0.0192409121 -0.00662363833 -0.00561025972
v 0.0192385484 -0.00663045933 -0.0056238845
v 0.0192189794 -0.00669125235 -0.00570029858
v 0.0191665124 -0.00667224685 -0.00570582226
v 0.0191793125 -0.0066877366 -0.00568115246
v 0.0191935208 -0.0066851587 -0.00570257381
v 0.0191988349 -0.00668007554 -0.00570900226
v 0.0191711634 -0.00665538572 -0.00572125334
v 0.0191972535 -0.00668007368 -0.00572301401
v 0.0191899482 -0.0066840481 -0.00573096052
v 0.0192037076 -0.00667583663 -0.00571454596
v 0.0192009322 -0.00667775376 -0.00571837649
v 0.0191783477 -0.00670122821 -0.00573390769
v 0.0191642549 -0.00669716671 -0.00573279615
v 0.0191498958 -0.00666610477 -0.00568377785
v 0.0191536825 -0.00668593915 -0.00570813054
v 0.0191821661 -0.00668754615 -0.00573795475
v 0.0191737227 -0.00669047236 -0.00574380858
v 0.0191550814 -0.00671013817 -0.00572916726
v 0.0191533081 -0.00669497624 -0.00574094616
v 0.0191641971 -0.00669297529 -0.00574400276
v 0.019163359 -0.00669300789 -0.00574888336
v 0.0191599671 -0.00669358252 -0.00575003494
v 0.019154083 -0.00669428287 -0.00575143984
v 0.0191687681 -0.00669183536 -0.00574653642
v 0.0191638283 -0.00669291895 -0.00574870547
v 0.0191453435 -0.00672157295 -0.00568407867
v 0.0191523694 -0.00670825271 -0.00567745324
v 0.0191453509 -0.0067133056 -0.00569409691
v 0.0191453584 -0.00670805573 -0.0057022511
v 0.0191453621 -0.00670493254 -0.00570815755
v 0.0191453733 -0.00669974927 -0.00572115369
v 0.0191453826 -0.0066961972 -0.00573489349
v 0.0191453863 -0.00669560488 -0.00573868863
v 0.01914539 -0.00669492409 -0.00574567216
v 0.0191961229 -0.00676668016 -0.00563820591
v 0.0191923585 -0.00677088741 -0.00564030977
v 0.0191835556 -0.00677918503 -0.00564445928
v 0.0191873759 -0.00677583134 -0.00564278197
v 0.0192109775 -0.00674541527 -0.00562757719
v 0.01921607 -0.0067359237 -0.00562283443
v 0.0192076731 -0.00673927134 -0.00563103287
v 0.0192158967 -0.00672877161 -0.00562315201
v 0.0192331821 -0.00672663376 -0.00564986421
v 0.0191641524 -0.00670846831 -0.00561574101
v 0.019227067 -0.00670552067 -0.00564628327
v 0.01920419 -0.00670904946 -0.00565615389
v 0.0191706009 -0.00668198662 -0.00565589452
v 0.0191492382 -0.0066945455 -0.0056381016
v 0.0191984903 -0.00673400331 -0.0056670499
v 0.0191924777 -0.00673350738 -0.00563514093
v 0.0192096718 -0.00674763927 -0.00562868873
v 0.0191703215 -0.006704133 -0.00568337506
v 0.0191918071 -0.00676185358 -0.0056755105
v 0.0191726442 -0.00673667016 -0.00565808313
v 0.0191686805 -0.00678892387 -0.00564933335
v 0.0191813093 -0.00678098528 -0.00564535987
v 0.0191533603 -0.00673071295 -0.00566199515
v 0.0191547368 -0.00674901484 -0.00564267207
v 0.0191553589 -0.00677663414 -0.00566165382
v 0.0191635042 -0.00679117907 -0.00565046351
v 0.0191490017 -0.00679448666 -0.00565212639
v 0.0192424394 -0.00664131064 -0.00557557587
v 0.0192410722 -0.00663854089 -0.00558053609
v 0.0192417279 -0.00664684037 -0.00557833677
v 0.019240886 -0.00665263366 -0.00558123039
v 0.0193024501 -0.0066633434 -0.00562016526
v 0.0192392301 -0.00666255411 -0.00558618456
v 0.0192429963 -0.00662438991 -0.00557330297
v 0.0192433037 -0.00663360069 -0.00557172578
v 0.0192436371 -0.00663018413 -0.00557002006
v 0.0192318317 -0.00669449661 -0.00560213858
v 0.0192292631 -0.00669364724 -0.0056062853
v 0.0192312915 -0.00669634948 -0.00560306339
v 0.0192376841 -0.00667054579 -0.00559017668
v 0.0192222502 -0.00672228588 -0.00561602041
v 0.0192252509 -0.00671461131 -0.00561218616
v 0.0192182828 -0.00673134066 -0.00562054431
v 0.0192438662 -0.0067124879 -0.00564141059
v 0.0192441624 -0.00662393309 -0.00556689873
v 0.0191472434 -0.00669465214 -0.00575218583
v 0.0192172397 -0.00666417042 -0.00569123263
v 0.0192103926 -0.00667062262 -0.00570412492
v 0.0191453341 -0.00673098816 -0.00567511795
v 0.0191453304 -0.00673728203 -0.00567031885
v 0.0191453267 -0.00674227718 -0.00566708017
v 0.0191453211 -0.00675053988 -0.00566249667
v 0.0191453137 -0.00676509691 -0.00565675832
v 0.0191453099 -0.00677547185 -0.0056541455
v 0.0191453062 -0.00678804237 -0.00565244444
v 0.0191453043 -0.00679462962 -0.00565220043
v 0.0171453729 -0.00679423707 -0.00575356418
v 0.0171463247 -0.00678119715 -0.00575357117
v 0.0171487853 -0.00676835608 -0.00575357722
v 0.0171530824 -0.00675600721 -0.00575358141
v 0.0171587821 -0.00674424041 -0.00575358467
v 0.0171661265 -0.00673342356 -0.00575358607
v 0.0171746779 -0.00672353292 -0.0057535856
v 0.0171845742 -0.00671498571 -0.00575358421
v 0.0171953924 -0.00670764549 -0.00575358095
v 0.0172071625 -0.00670195092 -0.00575357629
v 0.0172195137 -0.00669766124 -0.00575357024
v 0.0172280632 -0.00669577438 -0.00575280888
v 0.0172366798 -0.00669463817 -0.00575356046
v 0.0172453951 -0.00669426005 -0.00575355487
v 0.0172453895 -0.00669463538 -0.00574483909
v 0.0172453672 -0.00670193741 -0.00571531849
v 0.0172436945 -0.00677925861 -0.00574896531
v 0.0172453821 -0.0066957688 -0.00573618943
v 0.0172453579 -0.00670762779 -0.00570354704
v 0.017245343 -0.00672056293 -0.00568604469
v 0.0172453523 -0.00671231095 -0.0056961868
v 0.0172453299 -0.00673685409 -0.00567161478
v 0.0172453355 -0.00672993576 -0.00567692984
v 0.0172453225 -0.00674807653 -0.00566490693
v 0.0172428526 -0.00678571314 -0.00573576381
v 0.0172453132 -0.00676832115 -0.00565691898
v 0.0172453076 -0.0067811613 -0.00565445377
v 0.0172453038 -0.00679420121 -0.00565349637
v 0.0171457473 -0.00679423194 -0.00574484887
v 0.0171478689 -0.0067768991 -0.00574183278
v 0.0171487462 -0.00678118505 -0.00573217636
v 0.0171468817 -0.00679422729 -0.00573619874
v 0.0171528123 -0.00676210644 -0.0057351212
v 0.0171524789 -0.00677905045 -0.00572093297
v 0.0171487611 -0.00679422263 -0.0057276804
v 0.0172400493 -0.00679053925 -0.00575198047
v 0.0171620194 -0.00675800024 -0.00571253663
v 0.01715138 -0.00679421844 -0.00571935857
v 0.0172316171 -0.00679105986 -0.00574491406
v 0.0171547122 -0.00679421471 -0.00571129657
v 0.0171587374 -0.00679421099 -0.00570355542
v 0.0171762574 -0.00674808072 -0.00569817703
v 0.0171634182 -0.00679420773 -0.00569619471
v 0.0172346868 -0.00678440044 -0.00574697135
v 0.0172312409 -0.00678974297 -0.00573789235
v 0.0171687249 -0.00679420494 -0.00568926986
v 0.0172421094 -0.00678779138 -0.00575246429
v 0.0172423348 -0.00678657833 -0.00574952317
v 0.0172430035 -0.00679161493 -0.00574999722
v 0.0171746146 -0.00679420261 -0.00568283396
v 0.0171810426 -0.00679420028 -0.00567693589
v 0.0172428191 -0.00679279864 -0.00574549753
v 0.0171879604 -0.00679419888 -0.00567162037
v 0.0171953142 -0.00679419795 -0.0056669279
v 0.0172424652 -0.00678197807 -0.00574380206
v 0.0172030497 -0.00679419702 -0.00566289434
v 0.0172320101 -0.00670762593 -0.00570583669
v 0.0172160752 -0.00673879869 -0.00567607349
v 0.0172111057 -0.00679419702 -0.00565955043
v 0.0172181763 -0.00669831317 -0.00574778253
v 0.0172432102 -0.00678172754 -0.0057397536
v 0.0172194261 -0.00679419748 -0.0056569213
v 0.0172279421 -0.00679419795 -0.00565502793
v 0.0172441024 -0.00677834637 -0.00575192459
v 0.0172406342 -0.00678662816 -0.0057507595
v 0.0172365885 -0.00679419935 -0.00565388286
v 0.0192027912 -0.0212852787 -0.0056087207
v 0.0192141868 -0.0212797895 -0.00561068533
v 0.019211648 -0.0212775003 -0.00561331538
v 0.019225115 -0.0213308185 -0.00561388955
v 0.0192271266 -0.0213312469 -0.00560980104
v 0.0192254055 -0.0213246103 -0.00560279517
v 0.01924791 -0.0213191807 -0.00558779715
v 0.0192352831 -0.0213334821 -0.00558852404
v 0.0192381404 -0.0213346314 -0.00557758054
v 0.0191420373 -0.021301087 -0.005657278
v 0.019142041 -0.0213126726 -0.00566496653
v 0.0191545226 -0.0212948509 -0.00568694342
v 0.0191839859 -0.0213257503 -0.00566207012
v 0.0191881228 -0.0213260558 -0.0056591616
v 0.019185761 -0.0213214792 -0.0056560589
v 0.0191929564 -0.0213264618 -0.00565532362
v 0.0191975646 -0.0213268884 -0.00565125328
v 0.019187456 -0.0213239565 -0.00563945528
v 0.0192178544 -0.0212833881 -0.00560655165
v 0.0192227662 -0.0212888438 -0.00560028711
v 0.019220341 -0.0212860461 -0.00560350204
v 0.0192193743 -0.0212925095 -0.00560523663
v 0.0192414317 -0.0213335436 -0.00555324741
v 0.0192418545 -0.0213345494 -0.00554781128
v 0.0192414336 -0.0213298649 -0.00555318734
v 0.0192408189 -0.0213258956 -0.00555774709
v 0.0192399789 -0.0213220026 -0.00556221511
v 0.0192391407 -0.0213264655 -0.00556785567
v 0.0191967413 -0.0213119779 -0.00557413278
v 0.0192337241 -0.0213053245 -0.00558136357
v 0.019231407 -0.0213011093 -0.00558620598
v 0.0192246176 -0.0212954693 -0.0055978843
v 0.019224165 -0.021290563 -0.00559831457
v 0.019229345 -0.0212977603 -0.00559005141
v 0.0192275215 -0.021295052 -0.00559315924
v 0.0192264542 -0.0212935694 -0.00559486309
v 0.0192386489 -0.0213172492 -0.00556767266
v 0.0192380454 -0.0213154312 -0.00556976022
v 0.0192372352 -0.0213132072 -0.00557231391
v 0.0192352999 -0.021308586 -0.00557761872
v 0.0192104448 -0.0213110056 -0.00560860755
v 0.0191587824 -0.0213087983 -0.00557682477
v 0.0192237832 -0.0212982744 -0.00564427022
v 0.0191420373 -0.021280298 -0.00564822694
v 0.0191420373 -0.0212909952 -0.00565205608
v 0.0191488005 -0.0212934483 -0.00565291196
v 0.01919071 -0.0212908145 -0.00565212127
v 0.0191948172 -0.02130845 -0.00563571369
v 0.019155167 -0.0212808028 -0.00563709112
v 0.0191788692 -0.0212831665 -0.0056168451
v 0.0191955902 -0.021265937 -0.00562659604
v 0.0191926062 -0.021264229 -0.00562855648
v 0.0191883873 -0.0212692972 -0.00563115999
v 0.0191916693 -0.0212637223 -0.00562914042
v 0.0192049351 -0.0212721098 -0.00561950542
v 0.0192009993 -0.0212693326 -0.0056226938
v 0.0192009918 -0.0212782305 -0.00562313572
v 0.0191987529 -0.0212678667 -0.0056243795
v 0.0191609543 -0.0212603435 -0.0056418702
v 0.0191868525 -0.0212662853 -0.00566554395
v 0.0191491451 -0.0212607384 -0.00564392004
v 0.0191763956 -0.0212569851 -0.00563687971
v 0.0191726442 -0.0212606359 -0.0056383186
v 0.0191755332 -0.0212566871 -0.0056372229
v 0.0191476885 -0.021251183 -0.00564355543
v 0.0191516187 -0.0212514829 -0.00564320758
v 0.0191599708 -0.021252634 -0.00564188045
v 0.0191585571 -0.02125239 -0.0056421617
v 0.0191530772 -0.0212516338 -0.00564303342
v 0.019169895 -0.0212549269 -0.00563924666
v 0.0191683229 -0.0212544948 -0.00563974213
v 0.019162761 -0.0212531891 -0.00564124575
v 0.0191881191 -0.0212619025 -0.00563123077
v 0.0191841703 -0.021260066 -0.00563334068
v 0.0191818736 -0.0212590843 -0.00563446945
v 0.0191420373 -0.0212667752 -0.00564498501
v 0.0192063171 -0.0213278495 -0.00564211421
v 0.0192115214 -0.0213285238 -0.00563570904
v 0.0192071702 -0.0213230737 -0.00563614164
v 0.019201003 -0.0213272404 -0.00564790471
v 0.0191795938 -0.0213071499 -0.00566491578
v 0.0191760212 -0.021325253 -0.00566681055
v 0.0191670973 -0.0213248283 -0.00567083107
v 0.0191608984 -0.0213184003 -0.00566676306
v 0.0191606563 -0.0213245973 -0.00567300851
v 0.0191499796 -0.0213243738 -0.00567512866
v 0.0191585626 -0.0213245377 -0.00567357289
v 0.0191420428 -0.0213196408 -0.00567096658
v 0.0191420447 -0.0213243179 -0.00567565532
v 0.019172946 -0.0212892834 -0.00566404546
v 0.0192414336 -0.0213368703 -0.0055562444
v 0.0192418545 -0.0213376172 -0.00554914679
v 0.0192403998 -0.0213359296 -0.00556520745
v 0.0192302447 -0.0213319957 -0.0056026713
v 0.0192316063 -0.0213323515 -0.00559928268
v 0.019233726 -0.0213329699 -0.00559339905
v 0.0192141905 -0.0213289056 -0.00563206896
v 0.0192145705 -0.0213243123 -0.00562061649
v 0.0192190409 -0.0213296786 -0.00562470034
v 0.0192225892 -0.0213303138 -0.00561868399
v 0.0191818792 -0.0213256069 -0.00566343172
v 0.0191420391 -0.0212576371 -0.00564397126
v 0.019142041 -0.0212510191 -0.00564374309
v 0.0192075092 -0.0212740693 -0.00561725395
v 0.0172420405 -0.0212505907 -0.00564503903
v 0.0172333252 -0.0212505888 -0.00564542552
v 0.0172246769 -0.021250587 -0.00564657059
v 0.0172161609 -0.021250587 -0.00564846396
v 0.0172078423 -0.021250587 -0.00565109309
v 0.0171997845 -0.021250587 -0.005654437
v 0.0171920508 -0.021250587 -0.00565847103
v 0.0171846952 -0.0212505888 -0.00566316303
v 0.0171777774 -0.0212505907 -0.00566847855
v 0.0171713512 -0.0212505925 -0.00567437662
v 0.0171654616 -0.0212505944 -0.00568081299
v 0.017160153 -0.0212505963 -0.00568773737
v 0.0171554722 -0.0212506 -0.00569509808
v 0.0171514489 -0.0212506037 -0.00570283923
v 0.0171481166 -0.0212506074 -0.00571090123
v 0.0171454977 -0.021250613 -0.00571922306
v 0.0171436165 -0.0212506168 -0.00572774187
v 0.0171424821 -0.0212506223 -0.00573639153
v 0.0171421077 -0.0212506261 -0.00574510731
v 0.0172420386 -0.0212588068 -0.00564537244
v 0.0172420368 -0.0212669652 -0.00564637966
v 0.0172420368 -0.0212789588 -0.00564921834
v 0.0172420368 -0.0212905686 -0.00565335201
v 0.0172420386 -0.0213015024 -0.00565903308
v 0.0172420405 -0.0213117525 -0.00566587737
v 0.0172420423 -0.0213180482 -0.00567116495
v 0.0172420461 -0.0213238895 -0.00567695126
v 0.0172395371 -0.0212552659 -0.00573891122
v 0.0172333308 -0.0213236082 -0.00567721622
v 0.0172246825 -0.0213227719 -0.0056779976
v 0.0172161665 -0.021321388 -0.00567928888
v 0.0172078479 -0.0213194638 -0.00568108074
v 0.0171997901 -0.0213170182 -0.00568335969
v 0.0171920545 -0.0213140659 -0.00568610756
v 0.0172326509 -0.0212564841 -0.00573695637
v 0.0171847008 -0.0213106312 -0.00568930386
v 0.017177783 -0.0213067401 -0.00569292484
v 0.017171355 -0.0213024225 -0.0056969421
v 0.0171654653 -0.02129771 -0.00570132537
v 0.0172326304 -0.0212530885 -0.00574003812
v 0.0171601567 -0.0212926399 -0.00570604112
v 0.0171554759 -0.0212872494 -0.00571105443
v 0.0172316041 -0.0212566685 -0.0057275095
v 0.017237246 -0.0212601796 -0.00572625501
v 0.0172318164 -0.0212518442 -0.00574226957
v 0.0171514507 -0.0212815814 -0.00571632572
v 0.0172371361 -0.0212517101 -0.00574011495
v 0.017237775 -0.0212564301 -0.0057206084
v 0.0171481185 -0.0212756786 -0.0057218154
v 0.0171454996 -0.0212695841 -0.00572748249
v 0.0171436183 -0.0212633461 -0.00573328324
v 0.0172038134 -0.0212600883 -0.00565330917
v 0.0171424821 -0.0212570094 -0.00573917292
v 0.0171424821 -0.0212531853 -0.00573696103
v 0.01721121 -0.0250364635 -0.00967855752
v 0.0172200687 -0.0250383765 -0.0096767759
v 0.0172439348 -0.0250405148 -0.00967477728
v 0.0172333196 -0.0250400864 -0.00967518147
v 0.0172265712 -0.0250393972 -0.00967582315
v 0.0172002371 -0.0250331294 -0.00968166254
v 0.0171939433 -0.0250306912 -0.00968393311
v 0.017170094 -0.0250166301 -0.0096970154
v 0.0171732437 -0.0250190478 -0.00969476718
v 0.0171785913 -0.0250226837 -0.00969138648
v 0.0171882473 -0.0250280723 -0.00968637038
v 0.017167354 -0.0250143372 -0.00969915092
v 0.0171612892 -0.0250084493 -0.00970462617
v 0.0171573646 -0.0250038747 -0.00970887952
v 0.0171543341 -0.02499968 -0.00971278083
v 0.0171500072 -0.0249923039 -0.00971964188
v 0.0171473883 -0.0249862093 -0.00972530805
v 0.017145507 -0.0249799713 -0.00973110832
v 0.0171449296 -0.0249772724 -0.00973361824
v 0.017144233 -0.0249720905 -0.00973843597
v 0.0171439983 -0.0249672532 -0.00974293333
v 0.0170988534 -0.025082361 -0.00977652986
v 0.0171205197 -0.0250868704 -0.00980727095
v 0.0171172954 -0.025093656 -0.00981092174
v 0.0172361359 -0.0249919649 -0.00975134503
v 0.0171286277 -0.0250660963 -0.00979609415
v 0.0171259046 -0.0250737723 -0.00980022363
v 0.0171446558 -0.0250563454 -0.00978806987
v 0.0171332024 -0.0250509586 -0.00978795066
v 0.0171306692 -0.0250597466 -0.00979267713
v 0.0171940047 -0.024992967 -0.00975164678
v 0.0171429906 -0.0249932185 -0.00975689478
v 0.0171426293 -0.0249975063 -0.00975920167
v 0.0171430446 -0.0250080265 -0.00975824147
v 0.017157495 -0.0250219274 -0.00976433139
v 0.0171709899 -0.0250281151 -0.0097073568
v 0.0172404721 -0.0250732675 -0.00971001014
v 0.0172274765 -0.0250408091 -0.00981519278
v 0.0172274522 -0.025113754 -0.00975357182
v 0.0172136724 -0.0250681918 -0.00984799769
v 0.0172030143 -0.0249995999 -0.00974056497
v 0.0171447452 -0.0249875803 -0.00974321365
v 0.0171435475 -0.0249846149 -0.0097522689
v 0.0171437673 -0.024979692 -0.00974962022
v 0.0171438847 -0.0249759369 -0.00974760298
v 0.0172032639 -0.0250196513 -0.00976410788
v 0.0172386467 -0.0250048656 -0.0097729424
v 0.0172272809 -0.0250240434 -0.00978086703
v 0.0171422884 -0.0250010565 -0.00976110995
v 0.0171417482 -0.0250060335 -0.00976378657
v 0.0171412639 -0.0250099767 -0.00976590812
v 0.0171405524 -0.025015153 -0.00976869185
v 0.0172246937 -0.0250294842 -0.00979861896
v 0.0171386208 -0.0250269435 -0.00977503322
v 0.017137846 -0.0250310227 -0.00977722649
v 0.0171408113 -0.0250390731 -0.00977091119
v 0.0171370134 -0.0250351001 -0.00977941975
v 0.0171400271 -0.0250186604 -0.0097705787
v 0.0171393491 -0.0250228159 -0.00977281295
v 0.0171394646 -0.0251288973 -0.00980052538
v 0.0171488505 -0.0251408536 -0.00980816316
v 0.0171973594 -0.025087215 -0.0098588476
v 0.0171385594 -0.025039535 -0.0097759366
v 0.0171366464 -0.0250368118 -0.00978034176
v 0.0171345565 -0.02504576 -0.00978515483
v 0.017202571 -0.0250553321 -0.00981761422
v 0.0172081925 -0.0250669662 -0.00984154269
v 0.0171244722 -0.025077505 -0.00980223157
v 0.0171153508 -0.0251019783 -0.00979762897
v 0.0171353221 -0.0251147002 -0.00982182939
v 0.0171801876 -0.0250896346 -0.00984058622
v 0.0172141977 -0.025045583 -0.00980718341
v 0.0172192361 -0.0250563826 -0.0098263761
v 0.0171901695 -0.0250891186 -0.00982666668
v 0.0171872973 -0.0251685847 -0.00981250219
v 0.0171784386 -0.0251315348 -0.00984963682
v 0.0171867032 -0.0251462329 -0.00979126524
v 0.0171537176 -0.0251628645 -0.00978567638
v 0.0171150938 -0.0250980612 -0.00981321279
v 0.0171709303 -0.0251767691 -0.0098200012
v 0.0171617437 -0.0251875129 -0.0098047005
v 0.0170682669 -0.0252280906 -0.00984203815
v 0.0170642212 -0.0252193511 -0.00987980794
v 0.0170532279 -0.0252356082 -0.00984272454
v 0.0170505308 -0.0252313688 -0.0098426491
v 0.0170765333 -0.0252064876 -0.00989839248
v 0.0170847178 -0.0252198689 -0.00984066539
v 0.0170992948 -0.025217101 -0.00980762392
v 0.0170947798 -0.0252148397 -0.0098394556
v 0.0171035919 -0.0252104364 -0.00983815547
v 0.0171186235 -0.025187755 -0.00983772241
v 0.0171359014 -0.0251775105 -0.0098492736
v 0.0171483103 -0.025168227 -0.00982693769
v 0.0171328746 -0.0251957979 -0.00983225927
v 0.0171199795 -0.0252022445 -0.00983516686
v 0.0170953162 -0.0251917075 -0.00985570438
v 0.0171456356 -0.0251894183 -0.00982881524
v 0.0171549376 -0.0251847655 -0.00982587971
v 0.017138619 -0.025153473 -0.00984029938
v 0.0171012543 -0.0251257438 -0.00982478447
v 0.0170941483 -0.0251399577 -0.00982927717
v 0.0170947146 -0.0251365565 -0.00980498921
v 0.0171025451 -0.0251645595 -0.00985974912
v 0.0171111561 -0.0251659919 -0.00985835213
v 0.0171347503 -0.0251356326 -0.00986293983
v 0.0171049349 -0.0251183826 -0.00982210319
v 0.0171083119 -0.0251116268 -0.00981942378
v 0.0171133857 -0.025114337 -0.00981534552
v 0.0171097051 -0.0251088422 -0.00981824286
v 0.0171118323 -0.0251045898 -0.00981634948
v 0.0171137005 -0.0251008477 -0.00981458928
v 0.0171549506 -0.0251192655 -0.00986193772
v 0.0170491412 -0.0252299458 -0.00984270498
v 0.0170447845 -0.0252386555 -0.00984283816
v 0.0170538183 -0.025220599 -0.0098423427
v 0.0170774292 -0.0251733921 -0.0098369848
v 0.0170703027 -0.0251876451 -0.00983924419
v 0.0170752257 -0.0251884703 -0.00983779225
v 0.0170693994 -0.0251894481 -0.00983948819
v 0.0170644037 -0.0251994375 -0.00984068308
v 0.017083941 -0.0251603723 -0.00983441714
v 0.0170865115 -0.0251552332 -0.00983325578
v 0.0170601923 -0.0252078585 -0.00984148402
v 0.0170619152 -0.0252044145 -0.00984117948
v 0.017089963 -0.0251483284 -0.00983155798
v -0.0171605404 -0.0132034095 -0.00985513162
v -0.0171588399 -0.0132000083 -0.0098562846
v -0.0171624757 -0.0132015273 -0.00985366199
v -0.0171551481 -0.0131838117 -0.00985849649
v -0.0171504039 -0.0131831579 -0.00986130442
v -0.0171454716 -0.0131733017 -0.00986375939
v -0.0171128102 -0.0131080374 -0.00987275597
v -0.0171083566 -0.013099133 -0.00987310056
v -0.0171151962 -0.0131005822 -0.00989157613
v -0.0172031801 -0.0132884914 -0.00977865793
v -0.0172027927 -0.013287724 -0.00978351571
v -0.0172023289 -0.0132813947 -0.00978725776
v -0.0172022395 -0.0132866269 -0.00978776533
v -0.0171996579 -0.0132814907 -0.00979974121
v -0.0171985831 -0.0132793467 -0.00980330911
v -0.0172005966 -0.0132743185 -0.00979778916
v -0.017197039 -0.0132762678 -0.00980780087
v -0.0171967186 -0.0132684046 -0.00980938319
v -0.0171880741 -0.0132583864 -0.00982612371
v -0.0171863846 -0.0132550159 -0.00982875656
v -0.0171866585 -0.0132525861 -0.00981954206
v -0.017185051 -0.0132523552 -0.00983071607
v -0.017183885 -0.0132500259 -0.0098323524
v -0.0171864368 -0.0132424552 -0.00982999988
v -0.0171134658 -0.0130940229 -0.00987310708
v -0.0171223711 -0.0130984727 -0.00987276807
v -0.0171365589 -0.013105562 -0.00987178367
v -0.0171396136 -0.0131186387 -0.00988966133
v -0.017149955 -0.0131122544 -0.00987040997
v -0.0171694737 -0.0131552331 -0.0099319052
v -0.0171565935 -0.0131420679 -0.00992815942
v -0.0171554852 -0.0131150167 -0.00986969937
v -0.0172068458 -0.0131969005 -0.00990339275
v -0.0171858799 -0.013175128 -0.00991387945
v -0.0171807092 -0.0131552136 -0.00985374302
v -0.0171835311 -0.0131547339 -0.0098953899
v -0.0172085557 -0.0131689236 -0.00980923977
v -0.0171953291 -0.013184228 -0.00983894244
v -0.0172050353 -0.0131708141 -0.00986352004
v -0.0172233619 -0.0131696677 -0.00983235333
v -0.0172031429 -0.0131388232 -0.00985981617
v -0.0172007326 -0.0131440917 -0.00985656958
v -0.0171834119 -0.013128968 -0.00986473355
v -0.0171975233 -0.0131360171 -0.00986136403
v -0.0172174536 -0.0131459711 -0.00985528901
v -0.0172309354 -0.0131527036 -0.00985024124
v -0.0172178354 -0.0131765688 -0.00988099817
v -0.0172522571 -0.0132059483 -0.00986073352
v -0.017237125 -0.0131584359 -0.00983612705
v -0.0172039121 -0.0131392078 -0.00985959545
v -0.0172060765 -0.0131402891 -0.00985896122
v -0.0171612781 -0.0131179113 -0.00986886118
v -0.0171711985 -0.0131228669 -0.00986720528
v -0.0172555633 -0.013164999 -0.00983809307
v -0.0172662735 -0.0131703448 -0.0098311482
v -0.017266199 -0.0131809963 -0.0098221954
v -0.0172757655 -0.0131750796 -0.00982371438
v -0.0172866303 -0.0131805008 -0.00981291197
v -0.0172425974 -0.0131962029 -0.00982023962
v -0.0172784869 -0.0131886583 -0.00980833173
v -0.0172785819 -0.0132204397 -0.00981153082
v -0.0172495022 -0.0132023143 -0.00978456717
v -0.0172599498 -0.0131789008 -0.00978080928
v -0.017284615 -0.0131947864 -0.00978607778
v -0.0172967818 -0.0131855598 -0.0097982781
v -0.0172933843 -0.0131838676 -0.00980404206
v -0.0172907207 -0.0131825404 -0.00980792195
v -0.0172920227 -0.0131891128 -0.00978122931
v -0.0172950793 -0.0131871123 -0.0097921202
v -0.0172999594 -0.0131871402 -0.00979128201
v -0.0173025057 -0.0131884059 -0.00978205167
v -0.0173011106 -0.013187713 -0.00978789013
v -0.0172997806 -0.0131870518 -0.00979175139
v -0.0172326304 -0.0132181169 -0.00977325253
v -0.0172282066 -0.0132188303 -0.00977882463
v -0.0172377229 -0.0132133868 -0.00977325905
v -0.0172451884 -0.0132074766 -0.00977326743
v -0.0172562897 -0.0132006556 -0.00977327861
v -0.0172678307 -0.0131953452 -0.00977328978
v -0.0172766373 -0.0131924506 -0.00977329724
v -0.017287869 -0.0131900376 -0.00977330655
v -0.0172967482 -0.0131890522 -0.00977331307
v -0.0171893407 -0.013260914 -0.00982401893
v -0.0171914492 -0.013265118 -0.00982025266
v -0.0171960536 -0.0132743092 -0.00981032476
v -0.0171941537 -0.0132705159 -0.00981477275
v -0.0171792526 -0.013240776 -0.00983822811
v -0.017173944 -0.0132301776 -0.0098439781
v -0.0171838086 -0.0132279024 -0.00984108634
v -0.0171664152 -0.0132166538 -0.00983942393
v -0.0172224697 -0.0132185947 -0.00989477057
v -0.0172178615 -0.0132266516 -0.00985890441
v -0.0171682499 -0.0131828608 -0.00977182761
v -0.0172323007 -0.0132049527 -0.00981335342
v -0.0172204152 -0.0132073602 -0.00985562429
v -0.0172135923 -0.0132294595 -0.00982148293
v -0.0172103532 -0.0132408217 -0.00980717689
v -0.0171921793 -0.0132472767 -0.0098120356
v -0.0172162522 -0.0132101821 -0.00978777651
v -0.0171936955 -0.0132696023 -0.00981576182
v -0.0172007084 -0.0132835833 -0.00979566388
v -0.0172002632 -0.0132826967 -0.00979747623
v -0.0172095113 -0.0132579003 -0.0097955605
v -0.0172448084 -0.013214292 -0.00979749858
v -0.0172070209 -0.0132336067 -0.00978101138
v -0.017213963 -0.013262813 -0.0097830547
v -0.0172041506 -0.0132732596 -0.00978103001
v -0.0172016192 -0.0132853929 -0.0097913919
v -0.0171266105 -0.0131356129 -0.00987038016
v -0.017131567 -0.0131328385 -0.00986901391
v -0.0171293747 -0.0131411394 -0.00986966677
v -0.0171322729 -0.0131469304 -0.00986882392
v -0.0171401687 -0.0131522613 -0.00986591354
v -0.0171369351 -0.0131562473 -0.00986727141
v -0.0171243213 -0.0131186936 -0.00987094361
v -0.017122753 -0.0131279053 -0.00987124816
v -0.0171210449 -0.0131244911 -0.00987158157
v -0.0171540454 -0.0131904325 -0.00985926948
v -0.0171412341 -0.0131648341 -0.00986561459
v -0.0171459801 -0.0131658902 -0.00984658673
v -0.0171375331 -0.0131574431 -0.00986705348
v -0.0171671212 -0.0132165467 -0.00985016115
v -0.0171632804 -0.0132088773 -0.0098531656
v -0.0171716493 -0.0132255973 -0.00984619185
v -0.0171668008 -0.013195321 -0.00985105429
v -0.0171179175 -0.0131182428 -0.00987211056
v -0.0173032619 -0.0131887766 -0.00977516547
v -0.0172423478 -0.0131584015 -0.00984514225
v -0.0172262248 -0.0132251736 -0.00977324415
v -0.0172186401 -0.0132358111 -0.00977323297
v -0.0172136184 -0.0132447369 -0.00977322366
v -0.0172090251 -0.0132556446 -0.00977321435
v -0.0172063783 -0.013264467 -0.00977320783
v -0.0172045771 -0.0132733667 -0.00977320131
v -0.0172035955 -0.0132822469 -0.00977319479
v -0.0172033589 -0.0132888341 -0.00977319106
v -0.0172048155 -0.0132791931 -0.00819175132
v -0.017204443 -0.0132879037 -0.00818396918
v -0.0172059461 -0.0132705476 -0.00819947384
v -0.0172078274 -0.0132620344 -0.00820707902
v -0.0172104426 -0.0132537186 -0.00821450911
v -0.0172137767 -0.0132456627 -0.00822170731
v -0.0172177963 -0.0132379271 -0.00822861865
v -0.017222479 -0.0132305725 -0.008235191
v -0.0172277838 -0.0132236537 -0.00824137311
v -0.0172336716 -0.0132172238 -0.00824712031
v -0.0172400977 -0.0132113313 -0.008252386
v -0.0172470156 -0.0132060219 -0.00825713202
v -0.0172434989 -0.0132086007 -0.008254827
v -0.0172641017 -0.0131964292 -0.0082657095
v -0.0172553509 -0.0132008521 -0.00826175511
v -0.0172701627 -0.0131939687 -0.00826791022
v -0.0172880795 -0.0131893363 -0.00827205647
v -0.0172742922 -0.0131925661 -0.00826916564
v -0.0172784794 -0.0131913451 -0.00827025808
v -0.0172978193 -0.0131881731 -0.00827310141
v -0.017304359 -0.0131879337 -0.00827331841
v -0.01730166 -0.0096877031 -0.00787531678
v -0.0172951259 -0.00968772452 -0.00787497871
v -0.0172779616 -0.00968789868 -0.0078719398
v -0.0172676127 -0.00968809333 -0.00786851998
v -0.0172615852 -0.00968823768 -0.00786596723
v -0.0172464959 -0.00968873221 -0.00785724167
v -0.0172039103 -0.00969335996 -0.00777529459
v -0.0172042847 -0.00969286822 -0.00778401038
v -0.0172054172 -0.00969238114 -0.0077926605
v -0.0172073003 -0.00969190057 -0.00780117884
v -0.0172099173 -0.00969143026 -0.00780950161
v -0.0172132514 -0.00969097484 -0.0078175636
v -0.0172172729 -0.00969053805 -0.00782530475
v -0.0172219556 -0.00969012268 -0.00783266593
v -0.0172272604 -0.00968973152 -0.00783959124
v -0.017234724 -0.00968928263 -0.00784753636
v -0.0172412768 -0.00968895666 -0.00785329286
v -0.0172557626 -0.00968840811 -0.00786298513
v -0.0172501225 -0.00968859531 -0.00785966776
v -0.0172737744 -0.0096879676 -0.00787071604
v -0.0172886327 -0.00968777109 -0.00787416752
v -0.0172821991 -0.00968783814 -0.00787298102
v 0.0172479823 0.00730328215 -0.00976221077
v 0.0172358193 0.00730217807 -0.00976175349
v 0.0172450859 0.00730478764 -0.00706174737
v 0.0172320791 0.00730346143 -0.00706175528
v 0.0172269177 0.00730037596 -0.00976175908
v 0.0172235612 0.00730157504 -0.00706176041
v 0.0172180943 0.00729773007 -0.00976176374
v 0.01721121 0.00729728537 -0.00706176599
v 0.0172090214 0.00729403691 -0.00976176746
v 0.0171994418 0.00729159079 -0.00706177065
v 0.017205352 0.00729223574 -0.00976176839
v 0.0172012821 0.00729001081 -0.00976177026
v 0.0171952434 0.00728621706 -0.00976177212
v 0.0171920825 0.00728690531 -0.00706177298
v 0.0171876252 0.00728053134 -0.00976177398
v 0.017185159 0.00728159584 -0.00706177484
v 0.0171787273 0.00727570336 -0.00706177577
v 0.0171805676 0.00727412337 -0.00976177491
v 0.0171758384 0.00726903183 -0.00976177491
v 0.017172832 0.00726927305 -0.00706177577
v 0.0171699282 0.00726156635 -0.00976177491
v 0.0171675179 0.00726235285 -0.00706177531
v 0.0171608161 0.00725112762 -0.00706177345
v 0.0171631072 0.00725046499 -0.00976177305
v 0.0171577968 0.00723892357 -0.00976177026
v 0.0171554592 0.00723919971 -0.00706177019
v 0.0171549022 0.00723011745 -0.00976176653
v 0.0171528328 0.00723088067 -0.00706176693
v 0.0171503741 0.00721803959 -0.00706176134
v 0.0171524864 0.00721888663 -0.00976176187
v 0.0171515029 0.00721000601 -0.00976175722
v 0.0171494205 0.00720499922 -0.00706175435
v 0.0171512626 0.00720341923 -0.00976175349
v 0.0172493514 0.00720503554 -0.00696168607
v 0.0172493551 0.00721807498 -0.00696264347
v 0.0172458347 0.00720847258 -0.00704195956
v 0.0172406379 0.00720503693 -0.00696207257
v 0.0172319897 0.00720503833 -0.00696321717
v 0.0172234736 0.00720503926 -0.00696511101
v 0.0172493607 0.00723091513 -0.00696510868
v 0.0172449481 0.00720658898 -0.00705478061
v 0.0172151551 0.00720503926 -0.00696774013
v 0.0172466524 0.00721012289 -0.00705240574
v 0.0172363259 0.00724089518 -0.00696946122
v 0.0172493663 0.00724326307 -0.00696940813
v 0.0172070973 0.00720503926 -0.00697108405
v 0.0171993617 0.0072050388 -0.00697511807
v 0.0172471926 0.00720689632 -0.00706011616
v 0.0172493719 0.00725502754 -0.00697511295
v 0.017192008 0.00720503787 -0.00697981007
v 0.0172438044 0.00721371872 -0.00705130352
v 0.0172493774 0.00726238266 -0.00697980449
v 0.0171850901 0.007205036 -0.00698512513
v 0.0172476303 0.00721325586 -0.00705480576
v 0.0172444489 0.00720582856 -0.00705956668
v 0.0171786621 0.00720503414 -0.00699102366
v 0.0171727743 0.00720503181 -0.00699746003
v 0.0171674658 0.00720502902 -0.00700438442
v 0.0171627849 0.00720502576 -0.00701174513
v 0.0171587616 0.00720502203 -0.00701948628
v 0.0172466077 0.00721326144 -0.00705919694
v 0.0172494054 0.00729160896 -0.00701173674
v 0.0172494128 0.00729563227 -0.00701947743
v 0.0171554293 0.00720501784 -0.00702754827
v 0.0172494184 0.0072989664 -0.00702753896
v 0.017236596 0.00720640691 -0.00705981255
v 0.0171528105 0.00720501365 -0.00703587011
v 0.0172338597 0.00721251778 -0.00705724629
v 0.017243294 0.00721105514 -0.00706046727
v 0.017246291 0.00721922889 -0.00705973012
v 0.0172494277 0.00730252638 -0.0070401202
v 0.0171509292 0.00720500899 -0.00704438891
v 0.0171497948 0.00720500434 -0.00705303857
v 0.0171497967 0.00721034734 -0.00705563417
v 0.0171996355 0.00721930992 -0.00702816155
v 0.0172365457 0.00720834872 -0.00706070522
v 0.0171571113 0.00723531423 -0.00703851506
v 0.017249437 0.00730460137 -0.00705302879
v 0.0192346182 0.00730969803 -0.00691226404
v 0.0192374289 0.00731035788 -0.00690752221
v 0.0192398801 0.00732021872 -0.00690259691
v 0.0192488525 0.00738551281 -0.00686999084
v 0.0192491934 0.00739442091 -0.00686554238
v 0.0192677435 0.00739296898 -0.00687238527
v 0.0191760715 0.00721205957 -0.00695664808
v 0.0191794671 0.00721410895 -0.00695562223
v 0.0191753004 0.00722547481 -0.00695367018
v 0.0192022733 0.00723508606 -0.00694513088
v 0.0192049053 0.00723845884 -0.00694344472
v 0.0192084778 0.00724453386 -0.00695540616
v 0.0192132555 0.00725083333 -0.00693726027
v 0.019215025 0.00725382147 -0.0069357669
v 0.0192375146 0.00725700241 -0.00696912548
v 0.019249199 0.00739952736 -0.00687065534
v 0.0192459431 0.00737915607 -0.0069113425
v 0.0193034876 0.00735082803 -0.0069151842
v 0.0192475338 0.00738597754 -0.00689771771
v 0.0192625038 0.00737763708 -0.00689281989
v 0.0192485433 0.00739251496 -0.00688466057
v 0.0192115474 0.00731291622 -0.00696584582
v 0.0192111749 0.00730393361 -0.00695650373
v 0.0192910619 0.00728461379 -0.00697840843
v 0.0192277133 0.00732697686 -0.00696291914
v 0.0192958284 0.00729628513 -0.00696629193
v 0.0192931034 0.00732535124 -0.00693897717
v 0.0192045048 0.00731664989 -0.0069808187
v 0.0192301106 0.00735775428 -0.00694226986
v 0.0192364566 0.00735563925 -0.00695831748
v 0.0192208625 0.00735116424 -0.0069653336
v 0.0192397926 0.00736212358 -0.00694536464
v 0.0192250106 0.00733909989 -0.00698394049
v 0.0192575343 0.00729860459 -0.00699005509
v 0.0192260388 0.0073403595 -0.00698884483
v 0.0192293525 0.00734458352 -0.00698040472
v 0.0192266703 0.00734112645 -0.00698731234
v 0.0192318894 0.0073481719 -0.00697323633
v 0.0192433093 0.00737063354 -0.00692836568
v 0.0192418844 0.00736692082 -0.00693578226
v 0.0192030314 0.00731918309 -0.00700469036
v 0.0192032848 0.00732040824 -0.00702871429
v 0.0191996694 0.0073181889 -0.00703315064
v 0.0191609487 0.00736650964 -0.00702358922
v 0.0191939957 0.00731518771 -0.00703915022
v 0.0192077551 0.00732339919 -0.00702273566
v 0.0191692933 0.00731459213 -0.00699318573
v 0.0191768371 0.00731747458 -0.00701329019
v 0.0191576183 0.0073052072 -0.00699752057
v 0.0191634558 0.00730150798 -0.00703888806
v 0.019159263 0.00730544142 -0.00701731257
v 0.0191761144 0.00730808498 -0.00704705017
v 0.0191748552 0.0073079248 -0.00705367699
v 0.0191795528 0.00730929989 -0.00705092493
v 0.0191862155 0.00731169013 -0.00704614446
v 0.0191573557 0.00730426051 -0.00704913586
v 0.0191658288 0.0073059639 -0.00705760438
v 0.0191581305 0.00730495388 -0.00705962954
v 0.0191719104 0.00730717927 -0.0070551699
v 0.0191567652 0.00728130806 -0.00698245736
v 0.019149391 0.0072776638 -0.00699226884
v 0.0191493984 0.00728593022 -0.00700228615
v 0.0191494077 0.00729229208 -0.00701247668
v 0.0191494115 0.00729520386 -0.0070181815
v 0.0191494171 0.00729804393 -0.00702493917
v 0.0191494245 0.00730093056 -0.00703374762
v 0.019149432 0.0073033357 -0.00704498077
v 0.0191494375 0.0073043122 -0.00705386139
v 0.0192001686 0.00723255612 -0.00694639562
v 0.019196406 0.00722834887 -0.00694849901
v 0.0191914663 0.00722344592 -0.00695095072
v 0.0191828255 0.00723601039 -0.00694512157
v 0.01918648 0.00721915113 -0.00695309928
v 0.0192211922 0.0072655417 -0.00692991028
v 0.0192297436 0.0072757965 -0.00693910057
v 0.0192106906 0.00727925217 -0.00694411667
v 0.01925244 0.00727796415 -0.00697174203
v 0.019257756 0.0072706067 -0.00699527469
v 0.0192076825 0.00724228704 -0.00694153132
v 0.0192449819 0.00725755049 -0.00699923746
v 0.0191757604 0.00727106351 -0.00693875644
v 0.0191845912 0.0073069213 -0.00697731925
v 0.0191818383 0.00728040515 -0.006971261
v 0.0191764701 0.00725404592 -0.00695263967
v 0.019183021 0.00721650757 -0.00695442222
v 0.0191839579 0.00721719023 -0.00695407996
v 0.0191727281 0.00721031195 -0.00695752352
v 0.0191757288 0.00721186865 -0.00695674401
v 0.0191704892 0.00721389754 -0.00695816334
v 0.0191589594 0.00720557012 -0.00695990166
v 0.0191571545 0.0072121094 -0.00696030492
v 0.0191548206 0.00720495172 -0.00696021412
v 0.0191640761 0.00726650702 -0.0069651152
v 0.0191802476 0.00727825612 -0.00699109305
v 0.0191568602 0.00725049945 -0.00694136787
v 0.0191553757 0.00726184063 -0.00697796233
v 0.0191569459 0.00725344382 -0.00697250338
v 0.0191606171 0.0072239358 -0.00696605491
v 0.0191675518 0.00720805675 -0.00695865368
v 0.0191620663 0.00720632728 -0.00695952121
v 0.0192464869 0.00735792611 -0.00688376604
v 0.0192545392 0.00736857578 -0.0068855104
v 0.0192457754 0.00735239685 -0.00688652694
v 0.0192449335 0.00734660309 -0.00688942056
v 0.0192406867 0.00733793899 -0.00690058991
v 0.0192432776 0.00733668264 -0.00689437427
v 0.0192353949 0.00730308006 -0.00691115763
v 0.0192318391 0.00729179708 -0.00691679306
v 0.0192417316 0.00732869003 -0.00689836591
v 0.0192262977 0.00727695087 -0.00692420965
v 0.0192292985 0.00728462497 -0.00692037633
v 0.019247517 0.00736734411 -0.00687906239
v 0.0192482118 0.00737530319 -0.00687508844
v 0.0191512909 0.00730458414 -0.00706037553
v 0.0192212872 0.00733506586 -0.00699942186
v 0.0192144401 0.00732861366 -0.00701231463
v 0.0191493817 0.00726824813 -0.00698330766
v 0.0191493779 0.00726195425 -0.00697850855
v 0.0191493761 0.00725931861 -0.00697672274
v 0.0191493724 0.00725459913 -0.00697381701
v 0.0191493686 0.00724869687 -0.00697068637
v 0.019149363 0.00723779202 -0.00696608378
v 0.0191493593 0.00722897146 -0.0069634309
v 0.0191493556 0.00721886009 -0.00696148444
v 0.0191493537 0.00720906537 -0.00696049212
v 0.0191493519 0.00720460713 -0.00696039014
v 0.0172493905 0.00727867428 -0.00699423486
v -0.00229276344 0.0251026675 -0.0098707648
v -0.00233266898 0.025019398 -0.00990379974
v -0.00221313606 0.0251959246 -0.00979844853
v -0.0022507247 0.0251927003 -0.00980718434
v -0.00224933913 0.0251816902 -0.00981330778
v -0.00224014372 0.0251720864 -0.0098430533
v -0.00217878632 0.0250476822 -0.00980228931
v -0.00219363067 0.0250940081 -0.00983740389
v -0.00220542843 0.0251090694 -0.00987814367
v -0.00231290073 0.0250413455 -0.00992517732
v -0.00229393388 0.0250571668 -0.00993761327
v -0.00223326939 0.0251105092 -0.00990563165
v -0.00224140217 0.0251136012 -0.00993183441
v -0.00225242204 0.025099406 -0.00993916113
v -0.00223974627 0.0250611827 -0.00985692162
v -0.00225940323 0.0250561405 -0.00987268239
v -0.002274225 0.0250508599 -0.00987887941
v -0.0022175333 0.0250860602 -0.00985150691
v -0.0022153575 0.0251134578 -0.00984746311
v -0.00218786742 0.0251050461 -0.00982231647
v -0.00221213442 0.0250971783 -0.00980295334
v -0.0022254549 0.0251145083 -0.00987535715
v -0.00216254685 0.0251130108 -0.00981851015
v -0.00217576278 0.0250718184 -0.00979307946
v -0.00218327623 0.0251208954 -0.00979741104
v -0.00215788907 0.0250863191 -0.0097936932
v -0.00222793571 0.0251400545 -0.00979387201
v -0.00222802744 0.0250981729 -0.00978962611
v -0.00221284945 0.0251347069 -0.00978545193
v -0.00220283819 0.025126433 -0.00978544075
v -0.00219173613 0.0251196101 -0.00978542957
v -0.00218019541 0.0251142997 -0.0097854184
v -0.00217138906 0.0251114052 -0.00978541002
v -0.00216015778 0.0251089931 -0.00978540163
v -0.00215127785 0.0251080077 -0.00978539512
v -0.00225127442 0.0251567531 -0.00985703152
v -0.00221461942 0.025145527 -0.00991748739
v -0.00224434258 0.0251202341 -0.00984019041
v -0.00221291115 0.0251544155 -0.00986467861
v -0.00225282484 0.0251325667 -0.00984091219
v -0.00225343904 0.0251470245 -0.00983104948
v -0.00224667741 0.0250994209 -0.009797954
v -0.00225324067 0.0251631774 -0.00981864054
v -0.00223372784 0.0251588728 -0.00981821958
v -0.0022498325 0.0251166169 -0.0097923642
v -0.00223774044 0.0251660384 -0.0098040523
v -0.00220770272 0.0251712948 -0.00979491044
v -0.00223894208 0.025173204 -0.0097924294
v -0.00227659522 0.0250764005 -0.00994260423
v -0.00222515478 0.0251302682 -0.00992730074
v -0.00222180272 0.0251441281 -0.00978546403
v -0.00222748844 0.0251517463 -0.00978547242
v -0.00223284517 0.0251607373 -0.0097854808
v -0.00223864545 0.0251735859 -0.0097854929
v -0.00223935815 0.0251756124 -0.00978549477
v -0.00224164757 0.0251834206 -0.00978550036
v -0.00224386994 0.0251956992 -0.00978550967
v -0.00224601827 0.0350865312 -0.00684352638
v -0.00233279541 0.0351281129 -0.00680335239
v -0.00215108227 0.0350187831 -0.0068908683
v -0.00216011214 0.0350349173 -0.00690486655
v -0.00231472589 0.0351259485 -0.00682773907
v -0.00227497169 0.0351681337 -0.00686132954
v -0.00229304191 0.0351633318 -0.00684258109
v -0.00222590799 0.0351313315 -0.00690631568
v -0.00227451976 0.0350844525 -0.0068909321
v -0.00226344378 0.0350668021 -0.00690310402
v -0.00224205479 0.0351545848 -0.00689256983
v -0.00225465721 0.0351633132 -0.00688114762
v -0.00228920765 0.0350927934 -0.00688879471
v -0.002296024 0.0350967497 -0.00687657716
v -0.00226884126 0.0350904427 -0.00691109989
v -0.00224144896 0.0350967906 -0.00692993868
v -0.0022227203 0.0350946821 -0.00693444209
v -0.00226503913 0.0350628868 -0.00694540609
v -0.00224676356 0.0350588784 -0.00695833797
v -0.00224568741 0.035041634 -0.00694923056
v -0.00225730869 0.0350351781 -0.00697168801
v -0.00224507367 0.035030663 -0.00696970616
v -0.00221330905 0.0350326858 -0.00695861178
v -0.00224347692 0.0350537002 -0.00693042949
v -0.00223791576 0.0350153297 -0.0069551263
v -0.0022415265 0.0350163765 -0.00696595805
v -0.0022604852 0.0350176468 -0.00697817048
v -0.0022298051 0.0350188799 -0.00693834992
v -0.00221512397 0.0350094624 -0.00692052022
v -0.00221358216 0.0350180082 -0.00692012673
v -0.0022198495 0.0350094587 -0.00692561595
v -0.00222575269 0.0350094549 -0.00693308655
v -0.00223211339 0.0350094512 -0.00694327801
v -0.0022350247 0.0350094475 -0.00694898237
v -0.00223736907 0.0350094475 -0.00695443619
v -0.00223835791 0.0350094438 -0.00695704482
v -0.0022405237 0.03500944 -0.00696373219
v -0.00224097539 0.03500944 -0.00696536666
v -0.00224315375 0.0350094363 -0.00697578257
v -0.00224399054 0.0350094326 -0.00698253466
v -0.00218435889 0.0350686051 -0.00688629039
v -0.00216576806 0.0350474454 -0.0068838126
v -0.00219483627 0.0350926444 -0.00689624157
v -0.00221504131 0.0350828692 -0.00685914466
v -0.00221215771 0.0350702964 -0.00687404396
v -0.00221944554 0.0351049602 -0.00688448129
v -0.00222331169 0.0350678079 -0.00688059628
v -0.00222539436 0.0350768678 -0.00690009352
v -0.0022572868 0.0350402258 -0.00689261593
v -0.0022504006 0.0350211672 -0.00688461168
v -0.00221471651 0.0350414589 -0.00688879564
v -0.00220639096 0.0350387767 -0.00686226087
v -0.0021789351 0.0350349173 -0.00686237263
v -0.00219613267 0.0350176618 -0.00685454719
v -0.00220923242 0.0350209326 -0.00687637087
v -0.00221965159 0.0350300893 -0.00690445723
v -0.00226450036 0.0350122452 -0.00689260848
v -0.00218879222 0.0350174941 -0.00689538242
v -0.00220465753 0.0350147709 -0.006911112
v -0.00224524271 0.0350272208 -0.00692225154
v -0.00216245162 0.0350185297 -0.00690542022
v -0.00227777101 0.0351008698 -0.00683151092
v -0.00231468072 0.035107255 -0.00681242533
v -0.00224426854 0.0350094289 -0.00698679266
v -0.00220869621 0.0350094624 -0.00691462168
v -0.00220744801 0.0350094624 -0.00691359024
v -0.00220177858 0.0350094661 -0.00690930616
v -0.00219914317 0.0350094661 -0.00690751988
v -0.00219442416 0.0350094661 -0.00690461416
v -0.0021885219 0.0350094661 -0.00690148305
v -0.00217761798 0.0350094661 -0.00689687952
v -0.00216879742 0.0350094661 -0.00689422572
v -0.00215989957 0.0350094661 -0.00689241523
v -0.00215314864 0.0350094624 -0.00689156912
v -0.00224563084 0.0251963865 -0.0069855093
v -0.00224317657 0.0251835436 -0.00698549999
v -0.00224055513 0.025175225 -0.00698549347
v -0.00223520515 0.0251632929 -0.00698548276
v -0.00222585141 0.0251486041 -0.00698546786
v -0.0022140895 0.025135763 -0.00698545249
v -0.00215419545 0.0252006799 -0.0069830399
v -0.00219272869 0.0251207985 -0.00698542921
v -0.00218080124 0.0251154434 -0.00698541757
v -0.00217248173 0.0251128189 -0.00698541058
v -0.00215964066 0.0251103584 -0.00698540034
v -0.00224620337 0.0252094325 -0.00697680144
v -0.00224057073 0.0252094455 -0.0069513116
v -0.00224318821 0.0252094418 -0.00695963344
v -0.00224507041 0.0252094381 -0.00696815178
v -0.00223723752 0.0252094511 -0.00694324914
v -0.00223321468 0.0252094548 -0.00693550846
v -0.00222322624 0.0252094604 -0.0069212229
v -0.00222853222 0.0252094567 -0.00692814728
v -0.00221733702 0.0252094623 -0.00691478699
v -0.0022039914 0.025209466 -0.00690357294
v -0.00221090904 0.0252094641 -0.00690888893
v -0.00219663698 0.0252094679 -0.00689888094
v -0.00218890165 0.0252094679 -0.00689484738
v -0.00218084408 0.0252094679 -0.00689150346
v -0.00217252574 0.0252094679 -0.00688887434
v -0.00216400996 0.025209466 -0.0068869805
v -0.00215536146 0.025209466 -0.0068858359
v -0.00214660657 0.0251097903 -0.00697667524
v -0.0021489819 0.0251951218 -0.00698196935
v -0.00214661215 0.0251109339 -0.00696802698
v -0.00217664964 0.0251150355 -0.00697304634
v -0.00214661751 0.0251128282 -0.00695951097
v -0.00215649349 0.0251873489 -0.00697870506
v -0.00214662263 0.0251154546 -0.00695119239
v -0.00214824616 0.0252044126 -0.00698192418
v -0.00214662729 0.0251187999 -0.00694313459
v -0.00215451489 0.02520019 -0.00697895419
v -0.00214663171 0.0251228306 -0.00693539903
v -0.00214663567 0.0251275226 -0.00692804344
v -0.00214663916 0.0251328386 -0.00692112558
v -0.00214905059 0.025207486 -0.00698307576
v -0.00214664219 0.0251387358 -0.00691469759
v -0.00215482386 0.0252050068 -0.00698397541
v -0.00215046224 0.025200827 -0.00697159767
v -0.00214664475 0.0251451693 -0.00690880744
v -0.00214947737 0.025208436 -0.00698218402
v -0.00214664685 0.0251520947 -0.0069035003
v -0.00216438528 0.0252032783 -0.00697706873
v -0.00214858097 0.0252073091 -0.00697730621
v -0.00214664848 0.0251594558 -0.00689881761
v -0.00214664941 0.025167197 -0.00689479383
v -0.00214664987 0.0251752585 -0.00689145969
v -0.00216543186 0.0252039526 -0.00698335795
v -0.00214664987 0.025183579 -0.00688884174
v -0.0022456334 0.0251973644 -0.00698134769
v -0.00216255244 0.0252079032 -0.00698337937
v -0.00224187993 0.0251956638 -0.00695902621
v -0.00216055964 0.0252077449 -0.0069800443
v -0.00223087473 0.0252024531 -0.00693233404
v -0.00214664917 0.0251920968 -0.00688695861
v -0.00221878733 0.0251422916 -0.00697057508
v -0.00220028753 0.0251275133 -0.00696748728
v -0.00214664801 0.0252007488 -0.00688582473
v 0.0023139664 0.0350715183 -0.00688752253
v 0.0023435601 0.0351270549 -0.00679986132
v 0.00226223771 0.0350446068 -0.00696774619
v 0.00232313643 0.035121657 -0.00681518577
v 0.00230285758 0.0351641253 -0.00684011541
v 0.00224678661 0.0350722149 -0.0068744286
v 0.00224910211 0.0351278298 -0.006898419
v 0.00227325875 0.0350863226 -0.00686163735
v 0.00226216554 0.0351105481 -0.00686216541
v 0.00228618458 0.0351532437 -0.00685349153
v 0.0022790276 0.0350980386 -0.00683218334
v 0.00226212572 0.0350931436 -0.00684118969
v 0.00224647927 0.0350873657 -0.00684984867
v 0.00223203562 0.035084106 -0.00685371831
v 0.00223316159 0.0351290591 -0.00689875195
v 0.00222196174 0.0350858383 -0.00687466282
v 0.00221384061 0.0350563899 -0.00687543815
v 0.00220552529 0.0350467041 -0.00684676552
v 0.00218930887 0.0350580253 -0.00687545026
v 0.00217883475 0.0350187905 -0.00682580238
v 0.00221492979 0.0350433551 -0.00687965518
v 0.00219563558 0.0350203477 -0.00683965441
v 0.00220465707 0.0350234099 -0.00688071176
v 0.00217142398 0.035021618 -0.00689223502
v 0.00219338993 0.0350143015 -0.00689549604
v 0.00223489455 0.0350116417 -0.00686744787
v 0.00222629635 0.0350084603 -0.00691749062
v 0.0022307171 0.0350140333 -0.00691820262
v 0.00222254032 0.035008464 -0.00691392878
v 0.00221605855 0.0350158513 -0.00690794084
v 0.00221986021 0.035008464 -0.00691160094
v 0.00221372955 0.0350084677 -0.00690686191
v 0.00220557465 0.0350084752 -0.00690161251
v 0.00220150268 0.0350084752 -0.00689938944
v 0.00219783373 0.0350084789 -0.00689759012
v 0.00219107582 0.0350084826 -0.00689475099
v 0.00218226691 0.0350084864 -0.00689186482
v 0.00217103329 0.0350084901 -0.00688946107
v 0.00216215267 0.0350084901 -0.00688848505
v 0.00226665009 0.0350618474 -0.00694825826
v 0.00231064111 0.0350492001 -0.00691959774
v 0.0022562393 0.0350933634 -0.00692733889
v 0.00230312673 0.0350526273 -0.0068969205
v 0.00226433203 0.0350477435 -0.0069093802
v 0.00225271797 0.0350783542 -0.00690558599
v 0.0022410329 0.0350478441 -0.00688933907
v 0.00224123453 0.0350591503 -0.00693333009
v 0.00225561764 0.0350122675 -0.00688530551
v 0.00226864172 0.0350407846 -0.00694524636
v 0.00224948395 0.0350307636 -0.0069572404
v 0.00225752848 0.0350229591 -0.00692439219
v 0.00220369198 0.0350571983 -0.00691813137
v 0.00224073231 0.0350198261 -0.00693309121
v 0.00227157213 0.0350129195 -0.00692836149
v 0.0022583704 0.0350330099 -0.00697366288
v 0.00224988232 0.0350153707 -0.00695360964
v 0.00225351099 0.0350186042 -0.00696388772
v 0.00225775735 0.0350181311 -0.00697693508
v 0.0023304408 0.0351137295 -0.00682424428
v 0.00231865561 0.0351011641 -0.00685155066
v 0.00231295405 0.0350816399 -0.00686517823
v 0.00230910419 0.0350981317 -0.00684766052
v 0.00227938266 0.0351175778 -0.00687567564
v 0.00223219418 0.0350084528 -0.00692391815
v 0.00223322609 0.0350084528 -0.00692516658
v 0.00223750994 0.0350084491 -0.00693083601
v 0.00223929598 0.0350084491 -0.00693347119
v 0.00224220217 0.0350084454 -0.00693819067
v 0.00224533351 0.0350084379 -0.00694409246
v 0.00224957988 0.0350084342 -0.00695398357
v 0.0022502942 0.0350084305 -0.00695601013
v 0.00225220877 0.0350084268 -0.00696230168
v 0.00225297245 0.0350084268 -0.00696533266
v 0.0022544011 0.0350084193 -0.00697271479
v 0.00225524721 0.0350084156 -0.00697946595
v 0.00225553126 0.0350084156 -0.00698372303
v 0.00215335097 0.0251997784 -0.00688289199
v 0.00215334981 0.0251911283 -0.00688402541
v 0.00215334934 0.0251826085 -0.00688590854
v 0.00215334911 0.0251742899 -0.00688852696
v 0.00215334957 0.0251662266 -0.00689186109
v 0.00215335074 0.0251584854 -0.00689588441
v 0.00215335214 0.0251511261 -0.00690056756
v 0.00215335423 0.0251442008 -0.00690587424
v 0.00215335679 0.0251377653 -0.00691176439
v 0.00215335982 0.0251318682 -0.00691819238
v 0.00215336331 0.0251265541 -0.00692511071
v 0.00215336727 0.0251218621 -0.00693246583
v 0.00215337169 0.0251178294 -0.00694020139
v 0.00215337635 0.025114486 -0.00694825966
v 0.00215338147 0.0251118578 -0.00695657777
v 0.00215338683 0.0251099635 -0.00696509378
v 0.00215339265 0.0251088217 -0.00697374204
v 0.00225303438 0.0252084192 -0.00697373273
v 0.00225188979 0.0252084248 -0.006965084
v 0.00224999595 0.0252084285 -0.00695656845
v 0.00224736682 0.0252084341 -0.00694825035
v 0.00224402291 0.0252084397 -0.00694019254
v 0.00223998935 0.0252084453 -0.00693245744
v 0.00223529711 0.0252084509 -0.00692510279
v 0.00222998136 0.0252084564 -0.00691818492
v 0.00222408329 0.025208462 -0.0069117574
v 0.00221764739 0.0252084658 -0.00690586818
v 0.00221072277 0.0252084713 -0.00690056197
v 0.00220336183 0.0252084751 -0.00689587928
v 0.00219562091 0.0252084788 -0.0068918569
v 0.00218755868 0.0252084825 -0.0068885237
v 0.00217923708 0.0252084862 -0.00688590622
v 0.00217071851 0.02520849 -0.00688402355
v 0.00216206862 0.0252084918 -0.00688289106
v 0.00216211402 0.0251088142 -0.00698245224
v 0.00215556193 0.0251962896 -0.00698006852
v 0.00217076344 0.0251099505 -0.00698244665
v 0.00217928109 0.0251118373 -0.00698244199
v 0.00215958455 0.0251990799 -0.0069804755
v 0.00219163182 0.025116127 -0.0069824364
v 0.00215482083 0.0252060816 -0.00697978307
v 0.00215482619 0.0252069961 -0.00698107202
v 0.00220340141 0.0251218211 -0.00698243175
v 0.00217020977 0.0251314044 -0.00692164106
v 0.00221076002 0.0251265075 -0.00698242942
v 0.00215609907 0.0251942333 -0.00696482509
v 0.00221768231 0.025131816 -0.00698242756
v 0.00216772384 0.0251981672 -0.00697314553
v 0.00216370681 0.02520179 -0.00697989902
v 0.00222706306 0.0251409225 -0.00698242662
v 0.00223532319 0.025151059 -0.00698242709
v 0.00216067233 0.0252039582 -0.00696488097
v 0.00224001217 0.0251584165 -0.00698242802
v 0.00215421873 0.0252067372 -0.00697712647
v 0.00224515004 0.0251715779 -0.00696939183
v 0.00224404223 0.0251661539 -0.00698242988
v 0.00215694681 0.0252075959 -0.00697608432
v 0.00217207777 0.0252049416 -0.0069696065
v 0.00224738242 0.0251742136 -0.00698243221
v 0.00216487865 0.025206564 -0.00697943568
v 0.00225095265 0.0251867902 -0.00698243733
v 0.00215587532 0.0252068453 -0.0069531356
v 0.00225303834 0.0251996983 -0.00698244339
v 0.00225691753 0.0250590146 -0.00985946972
v 0.00216656784 0.0251046289 -0.00979215372
v 0.00216985471 0.0251040384 -0.00980703719
v 0.00217588339 0.0251011513 -0.00981657766
v 0.00219101133 0.0250742603 -0.00981603097
v 0.00234330934 0.025019614 -0.00990052707
v 0.00232821214 0.0250436589 -0.00988866854
v 0.00231224671 0.0250771232 -0.00987576507
v 0.00230470835 0.0250588302 -0.00992877875
v 0.00226716069 0.0251042228 -0.00985413138
v 0.00225076079 0.0251076724 -0.00991966762
v 0.00226370455 0.0250988491 -0.00993608311
v 0.0022418946 0.0251357015 -0.00988979638
v 0.00228096405 0.0251103565 -0.009853255
v 0.00231327279 0.0250963941 -0.00985215604
v 0.00229374901 0.0251157992 -0.00986124203
v 0.00228707632 0.0251344815 -0.00985109899
v 0.00223796302 0.0251301043 -0.00986063108
v 0.00225533987 0.0251577888 -0.00982569437
v 0.00223860866 0.0251413621 -0.00983413868
v 0.00225757272 0.0251563564 -0.00980942883
v 0.00226929737 0.0251483992 -0.00982992258
v 0.00227806903 0.0251508206 -0.00984216388
v 0.00226995605 0.0251635108 -0.00983587746
v 0.00226599863 0.0251744948 -0.00982820243
v 0.00226368755 0.0251835138 -0.00982260238
v 0.00227617216 0.0251737852 -0.00980224647
v 0.00224705413 0.0251530427 -0.0098002851
v 0.00226404681 0.0251626428 -0.00979073066
v 0.00225756085 0.0251974687 -0.00980357733
v 0.00225842325 0.0251901764 -0.00980853103
v 0.00227144943 0.0251936708 -0.0097906366
v 0.00223988504 0.0251836926 -0.00979215
v 0.00226290361 0.025135586 -0.00978700723
v 0.00222856295 0.0251358412 -0.00978938863
v 0.00222986378 0.0251402222 -0.00978242606
v 0.00223666523 0.0251486283 -0.00978242606
v 0.00224192161 0.0251567774 -0.00978242699
v 0.00224505016 0.0251626838 -0.00978242885
v 0.00224879663 0.0251712706 -0.00978243072
v 0.00225169072 0.0251800753 -0.00978243444
v 0.00225380715 0.025189409 -0.00978243817
v 0.00225474569 0.0251966957 -0.00978244189
v 0.00221943716 0.025095595 -0.00986756105
v 0.0022397188 0.0250776354 -0.00983982533
v 0.00221913354 0.0251009408 -0.0098406747
v 0.00223512063 0.0250979587 -0.00984493084
v 0.00223685335 0.0251134317 -0.00982716028
v 0.00221067737 0.0250886269 -0.0098417718
v 0.00221268553 0.0251274947 -0.00982834119
v 0.00220499164 0.0250846967 -0.00981107634
v 0.00221135141 0.0250977408 -0.00979862735
v 0.00224697147 0.0251155328 -0.00979219098
v 0.00218673074 0.0251006018 -0.00980227813
v 0.00223968457 0.0250931643 -0.00978633016
v 0.00224463339 0.0251420457 -0.0098146107
v 0.0021918288 0.0251437016 -0.00979188737
v 0.00218134304 0.0251173992 -0.0097922869
v 0.00230563153 0.0250327904 -0.00985981617
v 0.0022827608 0.0250480268 -0.00987311546
v 0.00223668665 0.0250709858 -0.00985907577
v 0.00228632498 0.025075445 -0.00993921794
v 0.00232776953 0.0250298493 -0.00987977814
v 0.00223845732 0.02511972 -0.00990360137
v 0.0022189673 0.0251296647 -0.00978242699
v 0.0022126697 0.0251248684 -0.00978242885
v 0.00220767152 0.0251216348 -0.00978242978
v 0.0021994058 0.0251170583 -0.00978243258
v 0.00218692422 0.0251119863 -0.00978243817
v 0.00217815908 0.0251094382 -0.00978244282
v 0.00217077509 0.0251080152 -0.00978244748
v 0.00216402346 0.0251071751 -0.0097824512
v -0.0171559118 0.00729658641 -0.00986712519
v -0.0171542093 0.00729998713 -0.00986827817
v -0.0171707775 0.00730068143 -0.0098794708
v -0.0171505194 0.0073161833 -0.00987048913
v -0.0171457753 0.00731683802 -0.00987329707
v -0.0171408411 0.00732669421 -0.00987575296
v -0.0171079468 0.00739242928 -0.00988477375
v -0.0171037279 0.00740086287 -0.0098850932
v -0.017106073 0.00740385707 -0.00988503918
v -0.0171985514 0.0072115045 -0.00979065057
v -0.0171981826 0.0072122342 -0.00979531929
v -0.0171965603 0.00722240983 -0.00979489461
v -0.0171976108 0.00721336808 -0.00979975797
v -0.0171950292 0.00721850619 -0.00981173385
v -0.0171943065 0.00721994648 -0.00981419813
v -0.017195968 0.00722567784 -0.0098097818
v -0.0171936005 0.00722135231 -0.00981640443
v -0.0171921421 0.00722425757 -0.00982049387
v -0.017191099 0.00723148836 -0.00982342381
v -0.0171088353 0.00740597351 -0.00988509972
v -0.0171177424 0.00740152271 -0.00988476165
v -0.0171319302 0.00739443442 -0.00988377724
v -0.0171366204 0.00738571212 -0.00988449436
v -0.0171453264 0.007387741 -0.00988240261
v -0.0171508566 0.0073849787 -0.00988169294
v -0.0171634834 0.00734308176 -0.00993504282
v -0.017161699 0.00736335712 -0.0098935524
v -0.0171920657 0.00731774746 -0.0099361334
v -0.0172331762 0.00728184311 -0.00990085211
v -0.0172063112 0.00730463956 -0.00988900382
v -0.0172100626 0.00732977781 -0.0098620085
v -0.0171835739 0.00736863352 -0.00987567939
v -0.0171883199 0.00736906333 -0.00985503569
v -0.0171965323 0.0073621613 -0.00987234153
v -0.0172121543 0.00734181982 -0.00987150706
v -0.0172326434 0.00734154088 -0.00984925404
v -0.0172224678 0.00734920939 -0.00986373518
v -0.0172114596 0.00735470746 -0.00986777246
v -0.0171566494 0.00738208462 -0.00988085382
v -0.0171702802 0.00737527525 -0.00987848639
v -0.0172473192 0.00728531135 -0.0098854471
v -0.0172522534 0.00733357621 -0.00980643835
v -0.0172252562 0.0073451004 -0.00979483593
v -0.0172548536 0.00730380649 -0.00984955952
v -0.0172676686 0.00735044014 -0.00981109869
v -0.0172694493 0.00732575636 -0.00983717293
v -0.0172774009 0.00732179033 -0.00982986577
v -0.0172628928 0.00732902763 -0.00984224211
v -0.0172517411 0.00731968507 -0.00979395304
v -0.0172604155 0.00737272436 -0.00978836697
v -0.0172841307 0.00731843337 -0.00982243475
v -0.0172850303 0.00731433416 -0.00981067214
v -0.017286092 0.00731745595 -0.00981991459
v -0.0172916185 0.00731470343 -0.00981116202
v -0.0172837041 0.00731082354 -0.00979517959
v -0.0172912031 0.00731159048 -0.00979573745
v -0.0172958616 0.00731259165 -0.00980169605
v -0.0172976218 0.00731171761 -0.00979544502
v -0.0172280017 0.00728187896 -0.00978524517
v -0.0172173399 0.00730005233 -0.00978899095
v -0.0172330923 0.00728660915 -0.00978525169
v -0.0172193926 0.00733007584 -0.0097882878
v -0.0172405597 0.00729251932 -0.00978526007
v -0.0172487088 0.00729777617 -0.00978526846
v -0.0172546152 0.00730090402 -0.00978527498
v -0.017263202 0.0073046512 -0.00978528243
v -0.0172720086 0.00730754482 -0.00978529081
v -0.0172813423 0.00730966125 -0.00978529826
v -0.0172851384 0.00731025636 -0.00978530105
v -0.0172921196 0.00731094321 -0.00978530571
v -0.017184712 0.00723908143 -0.0098360125
v -0.0171877574 0.00724364212 -0.0098315822
v -0.0171868205 0.00723487698 -0.00983224623
v -0.0171909761 0.00722658634 -0.00982343964
v -0.017189296 0.00722993631 -0.00982725993
v -0.0171746239 0.00725922082 -0.00985022075
v -0.017168168 0.00727210846 -0.00985707808
v -0.0171522833 0.00727100484 -0.00982907228
v -0.017223902 0.00727292523 -0.00986075215
v -0.0171890277 0.00729330769 -0.00985493977
v -0.0171983391 0.00730537809 -0.00984314457
v -0.01718162 0.00727225328 -0.00983237941
v -0.0172265936 0.00725120492 -0.00987565983
v -0.0171798393 0.00724880584 -0.00984352734
v -0.0172111522 0.00730418554 -0.00982667133
v -0.0171653926 0.0072916369 -0.00984603725
v -0.0172134507 0.00728688156 -0.00981346425
v -0.017180901 0.0072790049 -0.00979867112
v -0.0172211081 0.00725059491 -0.00985133369
v -0.0171825998 0.00724329473 -0.00983943325
v -0.0172000043 0.0072409655 -0.00981751923
v -0.0171958562 0.00721685635 -0.0098085627
v -0.0172176287 0.00728083774 -0.00979972165
v -0.0172287971 0.00729999971 -0.00981218461
v -0.017223252 0.00730869267 -0.00983610749
v -0.0171975065 0.0072554634 -0.00979369227
v -0.0171860512 0.00724626612 -0.00979627389
v -0.017232839 0.00725610228 -0.00979320705
v -0.0171969905 0.00721460395 -0.00980338454
v -0.017112406 0.00739561161 -0.00988447759
v -0.017108418 0.00739148771 -0.00988472626
v -0.01712198 0.0073643839 -0.0098823728
v -0.0171469431 0.00736079644 -0.00993260927
v -0.0171247441 0.00735885696 -0.00988165941
v -0.0171276424 0.007353066 -0.00988081656
v -0.0171326045 0.00734315021 -0.00987915508
v -0.0171281639 0.00737896329 -0.00992304832
v -0.0171181243 0.00737209059 -0.0098832408
v -0.0171164162 0.00737550575 -0.00988357421
v -0.0171487778 0.0073108389 -0.00987163465
v -0.0171500538 0.00730828894 -0.00987088867
v -0.0171366055 0.00733516132 -0.00987760723
v -0.0171624925 0.00728344871 -0.00986215379
v -0.0171586517 0.00729111861 -0.00986515824
v -0.0171132889 0.00738175353 -0.0098841032
v -0.0171690546 0.00731959566 -0.00986140501
v -0.017298393 0.0073113367 -0.00978985336
v -0.0172441043 0.00733840698 -0.00985374209
v -0.0172215961 0.0072748214 -0.00978523679
v -0.0172159094 0.00726720551 -0.00978522841
v -0.0172121152 0.00726116495 -0.00978522282
v -0.0172089897 0.0072552599 -0.00978521723
v -0.0172043964 0.00724435132 -0.00978520699
v -0.0172017496 0.0072355289 -0.00978520047
v -0.0171999484 0.00722662965 -0.00978519395
v -0.0171989668 0.00721774856 -0.00978518836
v -0.0171987303 0.00721116178 -0.00978518371
v -0.0172009543 0.00722146267 -0.00707647484
v -0.0172005706 0.00721274177 -0.00708518457
v -0.0172020961 0.00723011745 -0.00706783123
v -0.0172039904 0.00723863952 -0.00705932034
v -0.0172066167 0.00724696508 -0.00705100689
v -0.0172099601 0.0072550308 -0.00704295421
v -0.017213989 0.00726277428 -0.0070352233
v -0.0172186811 0.00727013731 -0.0070278733
v -0.0172239952 0.00727706356 -0.00702095963
v -0.0172298923 0.0072835004 -0.00701453537
v -0.0172363259 0.00728939939 -0.00700864941
v -0.0172397308 0.00729213282 -0.0070059225
v -0.0172432493 0.00729471492 -0.00700334646
v -0.0172468796 0.00729714101 -0.00700092642
v -0.0172789712 0.00731044635 -0.00698766578
v -0.0172747336 0.00730940793 -0.00698869908
v -0.0172705445 0.0073081851 -0.00698991632
v -0.0172664113 0.00730678113 -0.00699131563
v -0.0172623452 0.00730519788 -0.00699289329
v -0.0172583498 0.00730343862 -0.00699464651
v -0.0172544364 0.00730150705 -0.00699657202
v -0.0172506087 0.00729940645 -0.00699866703
v -0.0173006169 0.00731282309 -0.0069853114
v -0.0172962546 0.0073127267 -0.0069854036
v -0.0172919016 0.00731244031 -0.00698568579
v -0.0172875617 0.00731196394 -0.0069861575
v -0.0172832496 0.00731129898 -0.00698681781
v -0.0172027387 -0.00238725613 -0.00707956823
v -0.0172031261 -0.00239596656 -0.00707084825
v -0.0172042716 -0.00240461039 -0.00706219487
v -0.0172061697 -0.00241312222 -0.00705367373
v -0.0172087997 -0.0024214366 -0.0070453505
v -0.0172121469 -0.00242949114 -0.00703728851
v -0.0172161795 -0.00243722391 -0.00702954829
v -0.0172208752 -0.00244457624 -0.00702218991
v -0.0172261912 -0.00245149201 -0.00701526832
v -0.0172320902 -0.00245791883 -0.0070088366
v -0.0172385275 -0.00246380758 -0.00700294366
v -0.0172419343 -0.00246653613 -0.00700021349
v -0.0172454547 -0.0024691138 -0.00699763466
v -0.017249085 -0.00247153547 -0.00699521136
v -0.0172528159 -0.00247379672 -0.00699294964
v -0.0172566436 -0.00247589312 -0.0069908523
v -0.0172605589 -0.00247782096 -0.006988924
v -0.0172645543 -0.00247957604 -0.00698716892
v -0.0172686223 -0.00248115556 -0.0069855894
v -0.0172727536 -0.00248255627 -0.00698418869
v -0.0172769446 -0.00248377561 -0.00698297005
v -0.0172897745 -0.00248632301 -0.00698042521
v -0.0172854625 -0.0024856606 -0.00698108645
v -0.017281184 -0.002484811 -0.00698193535
v -0.0173028298 -0.00248717493 -0.00697957817
v -0.0172984675 -0.0024870811 -0.00697967038
v -0.0172941126 -0.00248679658 -0.00697995303
v -0.0172290858 -0.00245885574 -0.00978535693
v -0.0172254723 -0.00245444849 -0.00977954641
v -0.0172302015 -0.00245954026 -0.00977954641
v -0.0172053277 -0.00242953096 -0.00978929736
v -0.0172079261 -0.00242564385 -0.00977955107
v -0.0172127411 -0.00243588118 -0.00977954827
v -0.0171706434 -0.00244932063 -0.00985112693
v -0.0171775855 -0.00243543508 -0.00984362885
v -0.0171647184 -0.00243939459 -0.00982244685
v -0.017182637 -0.00242533092 -0.00983699039
v -0.0171862282 -0.0024181481 -0.00983148161
v -0.0171912331 -0.00240814011 -0.00982213486
v -0.0171927121 -0.00240518479 -0.0098188296
v -0.017200673 -0.00241979281 -0.00981603377
v -0.0171186943 -0.00255325483 -0.00987775903
v -0.0171192437 -0.00255215657 -0.00987765659
v -0.0171185993 -0.00256291684 -0.0098777758
v -0.0172972847 -0.00249063619 -0.00979806576
v -0.0172933806 -0.00249259151 -0.0098063387
v -0.0172837563 -0.00249768747 -0.00979124382
v -0.0172405485 -0.00248898868 -0.00984790176
v -0.0172597971 -0.00249367487 -0.00981878303
v -0.0172691159 -0.00249959249 -0.00982547365
v -0.017281618 -0.00249848003 -0.00982214045
v -0.0172777027 -0.00250043906 -0.00982607435
v -0.0172736254 -0.00250248029 -0.00982978381
v -0.0172716081 -0.00250348961 -0.00983149
v -0.0172653981 -0.00250659767 -0.00983629189
v -0.0172468368 -0.00251588644 -0.0098477127
v -0.017244162 -0.00254286639 -0.00981071126
v -0.0172364432 -0.00245902361 -0.00988640916
v -0.0172457285 -0.0024453674 -0.0098623326
v -0.017240027 -0.00250259996 -0.00980588421
v -0.0172303375 -0.00247322279 -0.00981228519
v -0.017168561 -0.0025347136 -0.0098720314
v -0.0172027647 -0.00248655514 -0.00992476381
v -0.0171895381 -0.00250512781 -0.00992625114
v -0.0172208305 -0.00247456273 -0.00989946909
v -0.0172180254 -0.00249944301 -0.00987889431
v -0.0172217321 -0.00252604205 -0.00985718518
v -0.0172285251 -0.00252504973 -0.00985646434
v -0.0172041524 -0.00252192793 -0.00987251755
v -0.017201934 -0.00253835483 -0.00986567046
v -0.0172216501 -0.0025284898 -0.00985916238
v -0.0172136854 -0.00253247586 -0.00986199081
v -0.0171621852 -0.00254925131 -0.0098810019
v -0.0171454456 -0.0025447607 -0.00992551446
v -0.0171527024 -0.00256298645 -0.0098759057
v -0.0171704721 -0.00255409605 -0.00987308007
v -0.0171343386 -0.00257217558 -0.00987793133
v -0.0171321202 -0.00255899224 -0.0099223014
v -0.0171106849 -0.00258400897 -0.00987926498
v -0.0171083622 -0.00258173072 -0.00987918675
v -0.0171199776 -0.00257935864 -0.00987892319
v -0.0171153396 -0.00257413881 -0.00987861212
v -0.0171813089 -0.00254867435 -0.0098708719
v -0.0171671677 -0.00246997247 -0.00985469762
v -0.0171604361 -0.00246974104 -0.00985975936
v -0.0171612483 -0.00246811542 -0.00985915586
v -0.0171581153 -0.00247438578 -0.00986141246
v -0.0171589144 -0.00248509529 -0.0098607922
v -0.0171564184 -0.00247777882 -0.00986255798
v -0.0171505176 -0.00248958264 -0.00986617152
v -0.0171382558 -0.00251432811 -0.00985744782
v -0.0171433259 -0.00250397203 -0.00986987818
v -0.0171959307 -0.00247966079 -0.00984830968
v -0.0171358194 -0.00251899124 -0.00987302046
v -0.0171203651 -0.00254991534 -0.00987743679
v -0.0171251483 -0.00254034228 -0.00987635087
v -0.0171393082 -0.00253457134 -0.00987198111
v -0.0171269532 -0.00253673247 -0.00987587776
v -0.0171298757 -0.00253088376 -0.00987503491
v -0.0171016492 -0.00258736475 -0.00987938046
v -0.0171060786 -0.00257941661 -0.00987924449
v -0.0171886533 -0.00246051815 -0.00985704735
v -0.0171714239 -0.00251155416 -0.0099105658
v -0.0171104241 -0.00256980723 -0.00987892225
v -0.0172008965 -0.00238883612 -0.00977956783
v -0.0172009971 -0.00239329413 -0.00977956504
v -0.0172008779 -0.0023888736 -0.00978142768
v -0.0172007382 -0.00239643431 -0.00978763588
v -0.0172007307 -0.00238916255 -0.00978512131
v -0.017200429 -0.00238976441 -0.00978896301
v -0.0171999484 -0.00239072414 -0.00979298912
v -0.0171990879 -0.0023924415 -0.00979810674
v -0.0171991196 -0.00239925249 -0.00979928579
v -0.017198544 -0.00239352789 -0.00980074797
v -0.0171945672 -0.00240147347 -0.00981420092
v -0.0171962045 -0.00239820313 -0.00980944838
v -0.0171906743 -0.00240955409 -0.00980321877
v -0.0171972457 -0.00239612279 -0.00980594847
v -0.017197514 -0.00239558448 -0.00980495941
v -0.0172012784 -0.00239755167 -0.00977956317
v -0.0172021221 -0.00240430282 -0.00977955945
v -0.0172191765 -0.00240657153 -0.00978958048
v -0.0172069352 -0.00242303661 -0.009779552
v -0.0172059834 -0.00242162426 -0.00978606474
v -0.0171643086 -0.00246199453 -0.00985676702
v -0.0171650629 -0.00246048253 -0.00985614676
v -0.0171900634 -0.00242535211 -0.00982673094
v -0.0171872359 -0.00241613388 -0.00982977729
v -0.0171895958 -0.00241141324 -0.00982545782
v -0.0172195621 -0.00244698324 -0.00977954641
v -0.0172073953 -0.00243685301 -0.00980321877
v -0.0172086302 -0.00244988687 -0.00979013555
v -0.0173007362 -0.0024889058 -0.00978328381
v -0.017298691 -0.002488764 -0.00977957621
v -0.0172897764 -0.0024881633 -0.00977957062
v -0.0172835533 -0.0024872981 -0.0097795669
v -0.0172765534 -0.00248579262 -0.00977956317
v -0.0172687434 -0.00248350319 -0.00977955852
v -0.0172663331 -0.00248309597 -0.00978649408
v -0.0172667168 -0.0024827905 -0.00977955759
v -0.0172586553 -0.0024794538 -0.00977955386
v -0.0172572676 -0.00247925008 -0.00978600886
v -0.0172549877 -0.00247765239 -0.00977955293
v -0.017250916 -0.00247542746 -0.00977955107
v -0.0172559842 -0.00245467876 -0.00978754275
v -0.0172448754 -0.00247163372 -0.0097795492
v -0.0172372591 -0.00246594776 -0.00977954734
v -0.0172999892 -0.00248928065 -0.00978897326
v -0.0172152463 -0.00245049456 -0.00981541723
v -0.0172553342 -0.00247366866 -0.00979983993
v -0.017215712 -0.00250213942 -0.00978477299
v -0.0172215849 -0.00247110077 -0.00979106314
v -0.0172120258 -0.00243587443 -0.00983094703
v -0.0172658004 -0.00249235169 -0.00980305951
v -0.0172045361 -0.00241553411 -0.00977955479
v -0.0172059014 -0.00245357025 -0.0098473439
v -0.0172826741 -0.00249384134 -0.0098116314
v -0.0172882825 -0.00249514426 -0.0098142093
v -0.0172836948 -0.00249744067 -0.0098198615
v -0.0171024259 -0.00258814078 -0.00987938046
v -0.0191686954 -0.0338183828 -0.00457432354
v -0.0191615243 -0.0338197388 -0.00458707102
v -0.0191615187 -0.0338146538 -0.00459180214
v -0.0191698205 -0.0338601209 -0.00461075269
v -0.0191615429 -0.0338485427 -0.00456951419
v -0.0191615392 -0.0338412561 -0.00457276823
v -0.0192460474 -0.033832185 -0.00457042828
v -0.0192297492 -0.0338312723 -0.00453552883
v -0.0192195028 -0.0338482037 -0.0045439736
v -0.0192171168 -0.0338514708 -0.00454560202
v -0.0192127936 -0.0338459685 -0.00454916945
v -0.0192126464 -0.033857055 -0.00454838714
v -0.0191942044 -0.033869464 -0.00455709593
v -0.0191961471 -0.0338727608 -0.0045562149
v -0.0191894472 -0.0338771641 -0.0045584077
v -0.01925187 -0.0337424204 -0.00449643377
v -0.0192580465 -0.0337371156 -0.00448854128
v -0.0192552004 -0.0337548926 -0.00449741352
v -0.0192677937 -0.0337836072 -0.00454653893
v -0.0192278735 -0.0337853394 -0.00455038622
v -0.0192243941 -0.0337771252 -0.00457233284
v -0.019180432 -0.0337835141 -0.00465877121
v -0.0191893596 -0.033781305 -0.00465437677
v -0.0191763956 -0.0337704942 -0.00464463746
v -0.0191719141 -0.0337847769 -0.00466128625
v -0.0192272514 -0.0338177942 -0.00462135952
v -0.0192138162 -0.0338038877 -0.00463179313
v -0.0192108583 -0.0337738767 -0.00461980235
v -0.0192060266 -0.0337747671 -0.00464133685
v -0.0192125682 -0.0337712467 -0.00463430351
v -0.0192449484 -0.0338094831 -0.00460894266
v -0.0192209706 -0.0337669738 -0.00460739015
v -0.0192212407 -0.0337657966 -0.00461597648
v -0.0192170404 -0.033768449 -0.00462872349
v -0.0192189887 -0.0337671228 -0.00462608086
v -0.0192470755 -0.0337790474 -0.00458986359
v -0.0191785954 -0.0337793939 -0.00457398873
v -0.0191981047 -0.0337882563 -0.00456244405
v -0.0192274544 -0.0337604918 -0.0046128477
v -0.019219866 -0.0337665044 -0.00462484546
v -0.019295197 -0.0337842442 -0.00456663501
v -0.0192538034 -0.0337466747 -0.00455908338
v -0.0192190781 -0.0337393954 -0.00458627008
v -0.0192384627 -0.0337491706 -0.00459025381
v -0.0192434452 -0.0337425284 -0.00457698992
v -0.0192489158 -0.0337337181 -0.00455940748
v -0.019252887 -0.0337254927 -0.00452930992
v -0.0192777198 -0.0337142274 -0.00450009294
v -0.0192983709 -0.0337406993 -0.00451981882
v -0.0192614459 -0.0336901769 -0.00447246572
v -0.0192801394 -0.0336971804 -0.00447431579
v -0.0192610901 -0.0336948298 -0.00448175799
v -0.0192597117 -0.0337040909 -0.00450024568
v -0.0192576889 -0.0337123983 -0.00451683626
v -0.0193118714 -0.0337684676 -0.00454586279
v -0.0192520767 -0.0337275043 -0.004546999
v -0.0192538109 -0.033723563 -0.00453913398
v -0.0192551129 -0.0337202661 -0.0045325458
v -0.0192400236 -0.0338091142 -0.0045244731
v -0.0192346666 -0.0338141434 -0.00453078235
v -0.0192388464 -0.0338039622 -0.00454309862
v -0.0192344319 -0.0337749645 -0.00450615445
v -0.0192480497 -0.0337853506 -0.0045126141
v -0.0192440636 -0.0337981135 -0.00451898528
v -0.0192519855 -0.0337702222 -0.00450506527
v -0.0192592777 -0.0337150618 -0.00448370725
v -0.0192600917 -0.0337187462 -0.00447936961
v -0.0192615129 -0.0336909518 -0.0044654943
v -0.0192610994 -0.0337043777 -0.0044721989
v -0.0191805214 -0.0338815674 -0.00456060003
v -0.0191729665 -0.0338839404 -0.00456178002
v -0.0191778932 -0.0338765793 -0.00456115324
v -0.0191659685 -0.0338738225 -0.00456315838
v -0.0191984437 -0.0338685364 -0.00459954329
v -0.0191615522 -0.0338766351 -0.0045628571
v -0.0191615503 -0.0338698849 -0.00456370274
v -0.0191743281 -0.033864297 -0.00455089612
v -0.0191615429 -0.0338511504 -0.00456852233
v -0.0191696566 -0.0338546261 -0.00456674304
v -0.0192068834 -0.0338536799 -0.00456589693
v -0.0192038324 -0.0338662788 -0.00455298368
v -0.0192016717 -0.0338116325 -0.00455163559
v -0.0191962551 -0.0338726826 -0.00455617486
v -0.0191747136 -0.0338350534 -0.00456070807
v -0.0191615354 -0.0338353552 -0.00457589841
v -0.0191615298 -0.033827208 -0.00458115805
v -0.0191614684 -0.0337856412 -0.00465594325
v -0.019161474 -0.0337863229 -0.0046489602
v -0.0191676021 -0.0337874703 -0.00464151287
v -0.0191614795 -0.033787474 -0.00464242138
v -0.0191614833 -0.0337887965 -0.00463664578
v -0.0191614889 -0.0337910578 -0.00462933816
v -0.0191719085 -0.0337757021 -0.0046195779
v -0.0191614963 -0.0337956473 -0.00461842865
v -0.0191709381 -0.033822339 -0.0046260301
v -0.0191615038 -0.0338002257 -0.00461016083
v -0.0191615075 -0.0338034555 -0.00460516196
v -0.0191615131 -0.03380825 -0.00459886249
v -0.019166803 -0.0337922387 -0.00458018482
v -0.0191766471 -0.0338065699 -0.00456115557
v -0.0192095283 -0.0338538215 -0.00459488388
v -0.0191856101 -0.0337972865 -0.00460729562
v -0.0191615466 -0.0338594653 -0.00456589414
v -0.0191615466 -0.0338578336 -0.00456634816
v -0.0191654321 -0.0338599831 -0.00456567295
v -0.0192135889 -0.0338192917 -0.00464237947
v -0.0192007516 -0.033777222 -0.00464623794
v -0.0191961173 -0.033779081 -0.00464994228
v -0.0192331132 -0.0337551348 -0.00460216077
v -0.0136615541 -0.0338778719 -0.00455910573
v -0.0136615448 -0.0338523872 -0.00456477096
v -0.0136615485 -0.0338607058 -0.00456214231
v -0.0136615513 -0.0338692255 -0.00456024939
v -0.013661541 -0.0338443331 -0.00456811395
v -0.0136615364 -0.033836592 -0.00457214657
v -0.0136615261 -0.0338223204 -0.00458215317
v -0.0136615317 -0.0338292383 -0.00457683858
v -0.0136615206 -0.0338158943 -0.0045880503
v -0.0136615094 -0.0338046961 -0.00460141059
v -0.013661515 -0.0338100046 -0.00459448621
v -0.0136615029 -0.0338000134 -0.00460877037
v -0.0136614973 -0.03379599 -0.00461651105
v -0.0136614908 -0.0337926559 -0.00462457305
v -0.0136614842 -0.033790037 -0.00463289442
v -0.0136614777 -0.033788152 -0.00464141276
v -0.0136614721 -0.0337870233 -0.00465006288
v -0.0135828452 -0.0338855237 -0.00466106459
v -0.0135049056 -0.0338855498 -0.0046712812
v -0.0134281544 -0.0338855758 -0.0046882513
v -0.0133531727 -0.0338856056 -0.00471184682
v -0.0132805342 -0.0338856392 -0.00474188756
v -0.0132107902 -0.0338856764 -0.00477814488
v -0.0131444708 -0.0338857174 -0.00482034264
v -0.0130820824 -0.0338857584 -0.00486815954
v -0.0130229648 -0.0338796042 -0.00492016366
v -0.0129699856 -0.0338812955 -0.004978396
v -0.012923074 -0.0338858962 -0.00504149217
v -0.0128808012 -0.0338859446 -0.00510776462
v -0.0128443949 -0.0338858068 -0.00517744105
v -0.0128142713 -0.0338858552 -0.00525005255
v -0.0127905905 -0.0338859074 -0.00532501377
v -0.0127735334 -0.0338859558 -0.00540175335
v -0.0127599221 -0.0338671394 -0.00547943078
v -0.0127521371 -0.0337877572 -0.00555815827
v -0.012743488 -0.0337888971 -0.00555815175
v -0.012734971 -0.0337907858 -0.00555814477
v -0.0127266515 -0.0337934121 -0.00555813732
v -0.0127183814 -0.0337987244 -0.00547566777
v -0.0127185928 -0.0337967537 -0.00555812987
v -0.0127108553 -0.0338007845 -0.00555812242
v -0.0127560413 -0.0338795707 -0.00547904288
v -0.0127034988 -0.0338054709 -0.0055581145
v -0.0129772034 -0.0338132679 -0.00487417402
v -0.0126965782 -0.0338107869 -0.00555810705
v -0.0129154222 -0.033819478 -0.00493239565
v -0.0126901483 -0.0338166803 -0.00555809913
v -0.0130202491 -0.0338841677 -0.00491730683
v -0.0126842558 -0.0338231139 -0.00555809122
v -0.0126789464 -0.0338300355 -0.00555808377
v -0.0126742609 -0.0338373929 -0.00555807585
v -0.0126702348 -0.0338451341 -0.00555806886
v -0.0126668988 -0.0338531956 -0.00555806188
v -0.0126642771 -0.0338615142 -0.00555805489
v -0.0126623902 -0.0338700339 -0.00555804884
v -0.012661254 -0.033878684 -0.00555804279
v -0.0126807773 -0.0338003971 -0.00976386294
v -0.0126923751 -0.0338144079 -0.00975810364
v -0.0126872836 -0.033819139 -0.00975809805
v -0.0127106719 -0.0337382257 -0.009762845
v -0.0127224838 -0.0337963663 -0.0097581353
v -0.0127109429 -0.0338016786 -0.00975812413
v -0.0126974965 -0.0337596722 -0.00982975401
v -0.0127096176 -0.0337657221 -0.00982330274
v -0.0126970289 -0.0337797664 -0.00983536243
v -0.0127224587 -0.0337721333 -0.00981489941
v -0.0127296783 -0.0337757319 -0.00980923884
v -0.0127176689 -0.033770442 -0.00980447978
v -0.0127386814 -0.0337802246 -0.00980073959
v -0.0127416346 -0.0337816961 -0.00979743339
v -0.0127311246 -0.0337483995 -0.00977517199
v -0.0127436528 -0.0337879546 -0.0097701028
v -0.0127321072 -0.0337932445 -0.00975814369
v -0.0125935599 -0.0337077565 -0.00985644199
v -0.0125957793 -0.0337088667 -0.00985622872
v -0.0125762718 -0.0337079316 -0.0098901419
v -0.0126561103 -0.0338860936 -0.00977700111
v -0.0126539022 -0.0338816978 -0.00978592876
v -0.0126404399 -0.033873558 -0.00977840647
v -0.0126573769 -0.0338886082 -0.00976848602
v -0.0126511427 -0.0338771455 -0.00976704899
v -0.012664034 -0.0338556506 -0.0097580608
v -0.0126738818 -0.033864744 -0.00976879988
v -0.0126682715 -0.0338457562 -0.00975806918
v -0.0126514295 -0.0338353254 -0.00976731442
v -0.0126713961 -0.0338398516 -0.00975807477
v -0.012702507 -0.0338494442 -0.00976786949
v -0.0126751903 -0.0338338129 -0.00975808036
v -0.012681392 -0.0338255689 -0.00975808967
v -0.0126582496 -0.0338832699 -0.00975804031
v -0.0126592293 -0.0338743925 -0.0097580459
v -0.0126610314 -0.0338654891 -0.00975805242
v -0.0126602072 -0.0338036008 -0.00978979934
v -0.0126882717 -0.0338378102 -0.00980525929
v -0.0126701677 -0.0338298269 -0.00981326308
v -0.0126483701 -0.0338706672 -0.00980046671
v -0.0126417847 -0.0338575281 -0.00981231499
v -0.0126465959 -0.0338575505 -0.00980518386
v -0.0126357423 -0.0338069163 -0.00979762152
v -0.0126039628 -0.0338331386 -0.00978924427
v -0.0126495175 -0.0338195264 -0.00984017737
v -0.012639585 -0.0338354819 -0.00979690533
v -0.0126341321 -0.0338422507 -0.00982280821
v -0.0126570817 -0.0337944813 -0.00980666094
v -0.012644344 -0.0337788612 -0.00989874359
v -0.0126601635 -0.0338035673 -0.00985531602
v -0.0126356026 -0.0337947495 -0.00984526332
v -0.0126248794 -0.0337932035 -0.0098510813
v -0.012623366 -0.0338101201 -0.00983382948
v -0.012624749 -0.0338235088 -0.00983233843
v -0.0126078296 -0.0337897167 -0.00984459743
v -0.0126096932 -0.0337779857 -0.0098436242
v -0.0126151247 -0.03380429 -0.00983998924
v -0.0126135079 -0.0337391682 -0.00988979917
v -0.012588311 -0.0337388404 -0.00985316187
v -0.0125888446 -0.0337228589 -0.00990196876
v -0.0126216793 -0.0337575004 -0.00990584679
v -0.0125821941 -0.0337384976 -0.00985499658
v -0.012585463 -0.0337450281 -0.00985409506
v -0.0125944447 -0.0337629765 -0.00985101983
v -0.0125607392 -0.0336956196 -0.00985801872
v -0.012566085 -0.0336964317 -0.00985789951
v -0.0125674559 -0.0337090418 -0.00985760242
v -0.0125746392 -0.033723399 -0.00985659286
v -0.0126001099 -0.033774294 -0.00984861143
v -0.0126724299 -0.0337471552 -0.00984005351
v -0.0126778884 -0.0337498784 -0.00983809493
v -0.0126818037 -0.0337668657 -0.00984169077
v -0.0126690371 -0.0337454602 -0.0098412009
v -0.0126697393 -0.0337589532 -0.00982741918
v -0.0126572317 -0.0337395631 -0.00984482095
v -0.0126559949 -0.0337494314 -0.00983742159
v -0.0126428427 -0.033732377 -0.00984853506
v -0.0126313623 -0.0337282941 -0.00983246695
v -0.0126559976 -0.033772625 -0.00984186679
v -0.012641361 -0.0337719284 -0.00982368737
v -0.012643449 -0.0337548107 -0.00983793288
v -0.0126278233 -0.0337248743 -0.00985168479
v -0.0126082767 -0.0337151103 -0.00985478982
v -0.0126159312 -0.0337189324 -0.00985370576
v -0.0125594493 -0.0336907096 -0.00985808205
v -0.0125677101 -0.033694841 -0.00985796191
v -0.0125770066 -0.0336994827 -0.00985761452
v -0.0127514014 -0.0337900743 -0.00975815859
v -0.0127576608 -0.0337896757 -0.00976371672
v -0.0127570583 -0.0337893777 -0.00976755843
v -0.0127554946 -0.0337885991 -0.00977347698
v -0.012754132 -0.0337879248 -0.00977731589
v -0.0127453469 -0.0337835476 -0.00979280286
v -0.012749793 -0.0337857641 -0.00978604984
v -0.0127425203 -0.0337910615 -0.00975815207
v -0.0127109643 -0.0337663963 -0.00982250646
v -0.012707388 -0.0337693803 -0.00981937163
v -0.0127124749 -0.0337671451 -0.00982159283
v -0.0126855783 -0.0337537192 -0.00983509049
v -0.0126842335 -0.0337783732 -0.00981745683
v -0.0127354069 -0.0337785892 -0.00980406441
v -0.0127155511 -0.0338117927 -0.00976722408
v -0.0127195418 -0.0338155106 -0.00978286099
v -0.0127006341 -0.0338079296 -0.00975811295
v -0.0127085783 -0.0337909684 -0.00979765318
v -0.0126878824 -0.0337828584 -0.00977731403
v -0.0126843033 -0.0338082276 -0.00978121627
v -0.0126500661 -0.0338613503 -0.00978424028
v -0.0126873124 -0.0338357612 -0.00978180766
v -0.012687467 -0.0337987542 -0.00981559139
v -0.0126923472 -0.0338591784 -0.00980997644
v -0.0126516772 -0.0338772647 -0.00979268271
v 0.0126438327 -0.0338166952 -0.0097453827
v 0.0126665588 -0.0338299423 -0.0097408006
v 0.0126712881 -0.0338248536 -0.0097408006
v 0.0126337586 -0.0338607393 -0.00974847656
v 0.0126485173 -0.0338600539 -0.00974079501
v 0.01265282 -0.0338504463 -0.0097407978
v 0.0126118278 -0.0338351578 -0.00981245004
v 0.0126187596 -0.0338490345 -0.00980492588
v 0.0126041342 -0.0338437222 -0.00977997947
v 0.0126242861 -0.0338600986 -0.00979756191
v 0.0126278885 -0.0338673145 -0.00979189295
v 0.0126543734 -0.033861775 -0.00980276242
v 0.0126424981 -0.0338784605 -0.00975245982
v 0.0126453964 -0.0338696763 -0.00974079221
v 0.0127382455 -0.0337937027 -0.00975973718
v 0.0127338497 -0.0337915048 -0.00976866763
v 0.0127285318 -0.0337370299 -0.00974566117
v 0.0127413869 -0.0337952748 -0.00974824466
v 0.0127078015 -0.0338016003 -0.00974078942
v 0.0127198603 -0.0338418037 -0.00975068007
v 0.0126979072 -0.0338058397 -0.00974079315
v 0.0126920026 -0.033808969 -0.00974079594
v 0.0126883136 -0.0338105857 -0.00974817388
v 0.0126872808 -0.0338118672 -0.00974079687
v 0.0126846442 -0.0338136517 -0.0097407978
v 0.0126608722 -0.033805687 -0.00974490866
v 0.0126777207 -0.0338189639 -0.00974079967
v 0.012735419 -0.0337958187 -0.00974077359
v 0.0127265379 -0.0337968022 -0.00974077918
v 0.0127198845 -0.0338022225 -0.00975830015
v 0.0127176391 -0.0337986015 -0.00974078383
v 0.0127237979 -0.0337864831 -0.00978222862
v 0.0127188545 -0.0337840095 -0.00978731178
v 0.0127087124 -0.0338050425 -0.00979150925
v 0.0127137732 -0.0337814689 -0.00979188364
v 0.0127055915 -0.0337773785 -0.00979825947
v 0.0126936156 -0.0337768905 -0.00979980174
v 0.0126943206 -0.0338135324 -0.0098024644
v 0.0126736844 -0.033768326 -0.0097888317
v 0.0126800472 -0.0338212438 -0.00983153284
v 0.012679603 -0.0338221118 -0.00979839452
v 0.0126677714 -0.0338305421 -0.00980912894
v 0.0126944082 -0.0337717831 -0.00980557594
v 0.0126782991 -0.0337521248 -0.00978798885
v 0.0126537718 -0.0337779634 -0.00980338454
v 0.0126474453 -0.0337902457 -0.00980574265
v 0.0126189785 -0.0337811261 -0.00979044288
v 0.0126449075 -0.0337950252 -0.00988439657
v 0.012654759 -0.0337697975 -0.00981561653
v 0.0126331644 -0.0337867923 -0.00989385229
v 0.0126369921 -0.0337474793 -0.00982614607
v 0.0126540093 -0.0337602422 -0.00982129946
v 0.0126816258 -0.0337653905 -0.00981244352
v 0.0126662804 -0.0337577164 -0.00981915276
v 0.0126413908 -0.0337452665 -0.00982756447
v 0.0126363374 -0.033742737 -0.00982895959
v 0.0126548829 -0.0337520167 -0.00982335303
v 0.012644886 -0.0337470137 -0.00982654467
v 0.0126034087 -0.0337352604 -0.00984245073
v 0.0126111191 -0.0337648131 -0.0099009024
v 0.012579984 -0.0337209851 -0.00982993934
v 0.01259246 -0.0337207913 -0.0098376004
v 0.0126001108 -0.0337246172 -0.0098365061
v 0.0126116872 -0.0337304063 -0.00983452611
v 0.0125519065 -0.0337005034 -0.00984082744
v 0.0125495866 -0.0337027796 -0.00984075014
v 0.0125612011 -0.0337051488 -0.00984046794
v 0.0125606414 -0.033714693 -0.00986460689
v 0.0125714233 -0.0337102674 -0.00983981322
v 0.0125810867 -0.0337150991 -0.0098389443
v 0.0125782974 -0.0337137058 -0.0098392209
v 0.0126264542 -0.0337377973 -0.00983142853
v 0.0126185864 -0.0337338597 -0.00983316544
v 0.0125993118 -0.0338101052 -0.00982278213
v 0.0126039572 -0.0338194035 -0.00981931016
v 0.012599499 -0.0338190049 -0.00979971234
v 0.0125976177 -0.0338067114 -0.00982393324
v 0.0126326699 -0.0338044949 -0.00984607171
v 0.0125917234 -0.0337949134 -0.00982756913
v 0.0125964051 -0.0337872431 -0.00982489437
v 0.0125848129 -0.0337810814 -0.00983117241
v 0.0125917783 -0.0337756872 -0.00982774142
v 0.0125842588 -0.0337799713 -0.00983143318
v 0.0125770336 -0.0337655134 -0.00983447209
v 0.0125608873 -0.0337332003 -0.009839084
v 0.0125691798 -0.0337497965 -0.00983705651
v 0.0125808511 -0.0337413661 -0.00986507721
v 0.0125462692 -0.0337030292 -0.00984083954
v 0.0125516448 -0.0337147042 -0.00984046888
v 0.0126139168 -0.0338847116 -0.0097478684
v 0.0126415286 -0.0338946395 -0.00975017622
v 0.0126401847 -0.0338919461 -0.00975927338
v 0.0126389563 -0.033881858 -0.00976614282
v 0.0126357218 -0.0338830017 -0.00977538154
v 0.0126373312 -0.0338862278 -0.00977067649
v 0.0126385009 -0.033888571 -0.00976667833
v 0.0126423659 -0.0338868462 -0.00974078383
v 0.0126432078 -0.0338800959 -0.00974078756
v 0.0126659982 -0.0338751823 -0.00977119245
v 0.0126559129 -0.0338699669 -0.00978624448
v 0.0126220854 -0.0338197201 -0.00981020834
v 0.0126680136 -0.0338275507 -0.0098518515
v 0.0126384348 -0.033831697 -0.00980532914
v 0.0126327062 -0.033876963 -0.00978255831
v 0.0126356818 -0.0338829234 -0.00977548957
v 0.0126663027 -0.0338539109 -0.00974829122
v 0.0126480255 -0.0338550843 -0.00975709595
v 0.0126600806 -0.033838205 -0.0097408006
v 0.0126253851 -0.0338255018 -0.00974824186
v 0.0126421852 -0.033847753 -0.00976966321
v 0.0126417503 -0.0338159502 -0.00975683425
v 0.0127401352 -0.0337946489 -0.00975419395
v 0.0126992753 -0.0337992422 -0.00975989643
v 0.0126755666 -0.0338073038 -0.00976162683
v 0.0126295341 -0.0338385478 -0.00977694988
v 0.012636601 -0.033879701 -0.00977343973
v 0.0127189793 -0.0337902941 -0.00977505371
v 0.012726157 -0.0337901898 -0.00977343041
v 0.0127293747 -0.0337892696 -0.00977548119
v 0.0127294566 -0.0337893106 -0.00977537129
v 0.0125436476 -0.0336963683 -0.00984095875
v 0.0126395011 -0.0338843875 -0.00554078538
v 0.0126484968 -0.0338508412 -0.00554079888
v 0.0126451571 -0.033858899 -0.00554079609
v 0.0126425317 -0.0338672176 -0.0055407933
v 0.0126406411 -0.0338757373 -0.00554078957
v 0.0126525266 -0.0338431038 -0.00554080028
v 0.0126684234 -0.0338223986 -0.00554080168
v 0.012662529 -0.0338288248 -0.00554080214
v 0.0126572158 -0.0338357463 -0.00554080168
v 0.0126891378 -0.0338065103 -0.00554079702
v 0.0126817795 -0.033811193 -0.00554079935
v 0.0126748569 -0.0338165052 -0.00554080075
v 0.0126968771 -0.0338024832 -0.00554079423
v 0.0127049377 -0.0337991454 -0.0055407905
v 0.0127132591 -0.0337965228 -0.00554078631
v 0.012721776 -0.0337946378 -0.00554078165
v 0.0127304252 -0.0337935016 -0.00554077653
v 0.0127413059 -0.0338915288 -0.00546204392
v 0.0127515253 -0.0338914841 -0.00538409129
v 0.0127684996 -0.0338914432 -0.00530732656
v 0.0127920993 -0.0338914059 -0.00523233227
v 0.0128221465 -0.0338913687 -0.0051596812
v 0.0128584793 -0.0338915586 -0.0050899717
v 0.0129007408 -0.0338917151 -0.00502369506
v 0.0129485577 -0.0338916928 -0.00496130623
v 0.013001631 -0.0338916704 -0.00490332302
v 0.0130595556 -0.0338916518 -0.00485018548
v 0.0131218908 -0.0338916369 -0.00480229827
v 0.0131881628 -0.0338916257 -0.00476002647
v 0.0132578658 -0.033891622 -0.00472369138
v 0.0133298347 -0.0338829756 -0.00469169999
v 0.0134049552 -0.0338829793 -0.00466797268
v 0.0134818573 -0.0338829868 -0.00465088198
v 0.0135598229 -0.0338725932 -0.00463916222
v 0.0136385215 -0.0337931775 -0.00463144109
v 0.013638515 -0.0337943062 -0.00462279143
v 0.0136385085 -0.0337961912 -0.00461427309
v 0.0136385029 -0.0337988101 -0.00460595125
v 0.0135560343 -0.033804141 -0.00459767552
v 0.0136384964 -0.0338021442 -0.00459788973
v 0.0136384899 -0.0338061675 -0.00459014904
v 0.0133099016 -0.0338134654 -0.00463749515
v 0.0133898258 -0.0338134654 -0.00461223535
v 0.0134716462 -0.0338134766 -0.00459403777
v 0.0135588348 -0.0338760726 -0.00462844316
v 0.0136384843 -0.0338108502 -0.0045827888
v 0.0136384778 -0.0338161588 -0.00457586441
v 0.0133290505 -0.0338903219 -0.00468980335
v 0.0134043377 -0.0338903256 -0.00466601411
v 0.013481413 -0.033890333 -0.00464887777
v 0.0136384722 -0.0338220485 -0.00456942897
v 0.0136384666 -0.0338284746 -0.00456353184
v 0.0135525893 -0.0338409878 -0.0045586708
v 0.0136384619 -0.0338353924 -0.00455821678
v 0.0136384573 -0.0338427462 -0.00455352524
v 0.0136384526 -0.0338504873 -0.00454949215
v 0.0135579417 -0.0338873006 -0.00461915461
v 0.013638448 -0.0338585414 -0.00454614917
v 0.0136384442 -0.03386686 -0.00454352098
v 0.0136384415 -0.033875376 -0.00454162806
v 0.0136384387 -0.0338840261 -0.00454048393
v 0.0191384368 -0.0338895209 -0.00453644898
v 0.0191384368 -0.0338852666 -0.00453673257
v 0.0191384386 -0.0338785164 -0.00453757774
v 0.0191384424 -0.033869613 -0.00453938777
v 0.0191384461 -0.0338607952 -0.00454204064
v 0.0191384517 -0.0338517241 -0.00454574078
v 0.0191384535 -0.0338460244 -0.00454865955
v 0.0191384591 -0.0338379517 -0.00455357227
v 0.0191384647 -0.0338309668 -0.00455874857
v 0.0191384647 -0.0338297151 -0.00455978047
v 0.0191384703 -0.033823289 -0.00456567761
v 0.0191384759 -0.0338185579 -0.00457077334
v 0.0191384815 -0.033812657 -0.00457824348
v 0.0191384889 -0.0338074081 -0.00458639767
v 0.0191384926 -0.0338042825 -0.00459230365
v 0.0191385001 -0.0338005424 -0.00460089557
v 0.0191385075 -0.033797659 -0.00460970448
v 0.019138515 -0.0337952524 -0.00462093763
v 0.0191385206 -0.0337944143 -0.00462768972
v 0.0191385224 -0.0337941349 -0.00463194726
v 0.0191926137 -0.0337941535 -0.00447642757
v 0.0192254949 -0.0337918662 -0.00448529655
v 0.0192298889 -0.0337741338 -0.00447643781
v 0.0192379355 -0.0337130763 -0.00444594724
v 0.0192382764 -0.0337041654 -0.00444149971
v 0.0192568339 -0.0337056182 -0.0044483426
v 0.0191471688 -0.0338931568 -0.00453592977
v 0.0191548225 -0.0338911489 -0.00453492021
v 0.0191460326 -0.033883065 -0.00453667575
v 0.0191886686 -0.0338667147 -0.00452269474
v 0.0191905964 -0.0338644236 -0.00452154875
v 0.0191892218 -0.033855468 -0.00452319067
v 0.0191962756 -0.0338569656 -0.00451782113
v 0.019238282 -0.0336990617 -0.00444661221
v 0.0192379449 -0.0337035172 -0.00445551518
v 0.0192373078 -0.0337086283 -0.00446571922
v 0.0192359407 -0.0337168127 -0.00446428591
v 0.0192354694 -0.033717785 -0.00448400434
v 0.0192344785 -0.0337209478 -0.00448177056
v 0.0192366168 -0.0337126106 -0.00447367458
v 0.0191987921 -0.0337236449 -0.00451244134
v 0.0192933679 -0.0337471254 -0.00448970869
v 0.0192723293 -0.0337885246 -0.00454088766
v 0.0192085318 -0.0337896533 -0.00452792179
v 0.0192871522 -0.0337873548 -0.00452891598
v 0.0192062184 -0.0337797329 -0.00454211142
v 0.0192245245 -0.0337447673 -0.00453791255
v 0.0192288756 -0.0337364636 -0.00452132151
v 0.0192265529 -0.033741124 -0.00453063659
v 0.019269133 -0.0338131525 -0.00456402311
v 0.0192149542 -0.0337585881 -0.00455456553
v 0.0192154385 -0.0337578431 -0.00456403522
v 0.0192184355 -0.0337540023 -0.00455636159
v 0.0192203969 -0.0337512679 -0.00455089519
v 0.019221548 -0.0337495655 -0.0045474912
v 0.0192340426 -0.0337229893 -0.00449440628
v 0.0192316789 -0.0337298103 -0.00450803107
v 0.0192193761 -0.0338178761 -0.00457225507
v 0.0192083605 -0.0338019207 -0.0045814761
v 0.0191969834 -0.0338120721 -0.00458642282
v 0.0192741212 -0.0338381864 -0.00458062068
v 0.0191833321 -0.0337541997 -0.00457824534
v 0.0191660337 -0.0337939821 -0.00460490212
v 0.0191728659 -0.0337750949 -0.00459732022
v 0.0191923678 -0.0337781794 -0.00460467068
v 0.0191887505 -0.033780396 -0.00460910751
v 0.0191900916 -0.0337799899 -0.00460015098
v 0.0191775728 -0.0337861069 -0.00461398251
v 0.0191855691 -0.0337821655 -0.00461263489
v 0.0191805884 -0.0337846354 -0.00461757928
v 0.0191976558 -0.0337746069 -0.0045975293
v 0.0191960242 -0.0337757692 -0.00459985575
v 0.0191415213 -0.033764787 -0.00455407053
v 0.0191471316 -0.0337815583 -0.0045890254
v 0.0191650726 -0.0337903611 -0.0046290285
v 0.019161569 -0.0337915644 -0.00462381821
v 0.0191686358 -0.0337892883 -0.00462688133
v 0.0191752966 -0.0337868966 -0.00462210085
v 0.0191481691 -0.0337965637 -0.00461871689
v 0.0191489514 -0.0337936208 -0.00462890184
v 0.0191549119 -0.0337926224 -0.00463356078
v 0.019148659 -0.0337934978 -0.00463532005
v 0.0191618986 -0.0337911882 -0.00463068299
v 0.019144116 -0.0337968469 -0.00455072522
v 0.019185489 -0.0338702388 -0.00452445634
v 0.0191805493 -0.0338751413 -0.00452690804
v 0.0191729274 -0.0338746868 -0.00453025661
v 0.0191740673 -0.0338805877 -0.00452963216
v 0.0192032233 -0.0338462591 -0.00451247022
v 0.0192102753 -0.0338330492 -0.00450586714
v 0.0191793181 -0.0338230245 -0.00447812583
v 0.0191964097 -0.0338048413 -0.00451088417
v 0.0192004647 -0.0338222906 -0.00455370592
v 0.0191961285 -0.0338251889 -0.00451831659
v 0.0191947352 -0.03384481 -0.00453059049
v 0.0191618148 -0.0338163599 -0.0045429403
v 0.0191549249 -0.0338247642 -0.00452248938
v 0.0191615298 -0.0338593163 -0.00450088317
v 0.019163534 -0.0338564515 -0.00454510422
v 0.0191927254 -0.0338205993 -0.00456878822
v 0.0191659741 -0.0338859633 -0.00453232275
v 0.0191468932 -0.0338297263 -0.00455861865
v 0.0191454273 -0.0338374861 -0.00454807002
v 0.0191539992 -0.0338756591 -0.00453840848
v 0.0191451572 -0.0338560082 -0.00454345671
v 0.0191421323 -0.0338938385 -0.00453627296
v 0.01923557 -0.033740662 -0.00445972243
v 0.0192436222 -0.0337300152 -0.00446146773
v 0.0192348585 -0.0337461904 -0.00446248334
v 0.0192340165 -0.0337519869 -0.00446537696
v 0.0192311089 -0.0337573253 -0.00447326945
v 0.0192324687 -0.0337613039 -0.00447003264
v 0.0192196518 -0.0338103734 -0.00449454179
v 0.0192949027 -0.0337643363 -0.00450644363
v 0.0192322508 -0.0337624997 -0.00447063008
v 0.0192153808 -0.0338216349 -0.00450016698
v 0.0192369483 -0.0337272659 -0.00445303228
v 0.0191422235 -0.0337939672 -0.00463625928
v 0.0191457644 -0.0337937661 -0.0046358523
v 0.0192103703 -0.0337635167 -0.00457537873
v 0.0192035232 -0.0337699726 -0.00458827149
v 0.00224685366 -0.00344148371 -0.00696132565
v 0.00224908907 0.00645832391 -0.00696711708
v 0.00224656519 -0.0034411957 -0.00695697218
v 0.00224880059 0.00645804126 -0.00696276315
v 0.00224608742 -0.00344071817 -0.00695263594
v 0.00224832259 0.00645756861 -0.00695842644
v 0.00224542082 -0.00344005157 -0.00694832439
v 0.00224765553 0.00645690784 -0.00695411442
v 0.00224456703 -0.00343919802 -0.00694404636
v 0.00224680151 0.0064560594 -0.00694983546
v 0.00224352744 -0.00343815819 -0.00693980977
v 0.00224576145 0.00645502517 -0.00694559747
v 0.00224230392 -0.00343693444 -0.00693562254
v 0.00224453723 0.006453807 -0.00694140885
v 0.00224089902 -0.00343552954 -0.00693149306
v 0.00224313186 0.00645240722 -0.00693727797
v 0.00224154722 0.00645082863 -0.00693321135
v 0.0022393153 -0.00343394536 -0.00692742877
v 0.00223978702 0.00644907402 -0.00692921784
v 0.0022375558 -0.00343218539 -0.00692343712
v 0.00223562378 -0.00343025313 -0.00691952696
v 0.00223785406 0.00644714711 -0.00692530535
v 0.00223352318 -0.00342815183 -0.00691570435
v 0.00223575253 0.00644505164 -0.00692148041
v 0.00223348616 0.00644279085 -0.00691775093
v 0.00223125773 -0.00342588546 -0.00691197719
v 0.00223105913 0.00644036941 -0.00691412296
v 0.00222883187 -0.00342345913 -0.00690835249
v 0.00222847611 0.00643779198 -0.00691060489
v 0.00222625001 -0.00342087657 -0.00690483721
v 0.00222351751 -0.00341814291 -0.00690143835
v 0.00222574244 0.00643506413 -0.0069072023
v 0.00221984298 0.00642917538 -0.00690077106
v 0.00221762084 -0.00341224414 -0.00689501408
v 0.00221340568 0.00642274832 -0.00689487811
v 0.00221118634 -0.00340580731 -0.00688912813
v 0.0022064792 0.00641583186 -0.00688956771
v 0.00220426312 -0.00339888153 -0.00688382611
v 0.00219911686 0.0064084786 -0.0068848813
v 0.00219690381 -0.00339151965 -0.00687914807
v 0.00219137408 0.00640074443 -0.00688085379
v 0.00218916475 -0.00338377734 -0.00687512988
v 0.00218331022 0.00639268849 -0.00687751593
v 0.00218110438 -0.00337571371 -0.00687180134
v 0.00217498653 0.00638437178 -0.00687489379
v 0.00217278465 -0.00336739025 -0.00686918898
v 0.00216646609 0.00637585763 -0.00687300647
v 0.00216426793 -0.00335887005 -0.00686731143
v 0.0021578141 0.00636721123 -0.00687186839
v 0.00215561991 -0.00335021829 -0.0068661836
v -0.00222969009 -0.00341713917 -0.00690447586
v -0.00222379947 -0.0034112432 -0.00689804321
v -0.00221737009 -0.00340480916 -0.00689214887
v -0.00221045106 -0.00339788664 -0.00688683754
v -0.00220309501 -0.0033905278 -0.00688214926
v -0.00219535781 -0.00338278897 -0.00687812036
v -0.00218729838 -0.00337472907 -0.0068747811
v -0.00217897841 -0.00336640934 -0.0068721571
v -0.00217046053 -0.00335789309 -0.00687026791
v -0.00216181017 -0.00334924506 -0.00686912891
v -0.00224965671 -0.00343714538 -0.00694287475
v -0.00224843831 -0.00343592232 -0.00693868613
v -0.00224703853 -0.00343451789 -0.00693455432
v -0.00224545947 -0.00343293441 -0.0069304877
v -0.00224370463 -0.00343117537 -0.00692649418
v -0.00224177726 -0.00342924381 -0.00692258077
v -0.00223968085 -0.00342714344 -0.00691875583
v -0.0022374196 -0.00342487823 -0.00691502541
v -0.00223499746 -0.00342245284 -0.00691139745
v -0.00223241933 -0.00341987144 -0.00690787844
v -0.00225295499 -0.0034404695 -0.00696439482
v -0.00225267257 -0.00344018172 -0.00696004089
v -0.00225220039 -0.00343970419 -0.00695570419
v -0.00225153938 -0.00343903806 -0.0069513917
v -0.00225069118 -0.00343818474 -0.00694711274
v -0.00225071958 0.00645933812 -0.00697018672
v -0.00225043716 0.00645905547 -0.00696583232
v -0.00224996521 0.00645858282 -0.00696149515
v -0.00224930467 0.00645792158 -0.00695718173
v -0.0022484567 0.00645707268 -0.00695290184
v -0.0022474227 0.00645603798 -0.00694866246
v -0.002246205 0.00645481888 -0.00694447197
v -0.00224480568 0.0064534191 -0.00694033923
v -0.00224322756 0.00645183958 -0.00693627028
v -0.00224147341 0.00645008404 -0.00693227444
v -0.00223954697 0.0064481562 -0.00692835916
v -0.0022374515 0.00644605979 -0.00692453189
v -0.00223519118 0.00644379808 -0.00692079868
v -0.0022327702 0.00644137571 -0.00691716792
v -0.00223019323 0.00643879687 -0.00691364612
v -0.00222746516 0.00643606763 -0.00691023981
v -0.00222157734 0.00643017609 -0.00690380065
v -0.00221515074 0.0064237467 -0.00689789886
v -0.00220823498 0.00641682697 -0.00689257914
v -0.00220088218 0.00640946999 -0.00688788248
v -0.00219314848 0.00640173303 -0.00688384473
v -0.00218509254 0.0063936729 -0.0068804957
v -0.0021767763 0.00638535246 -0.00687786192
v -0.00216826238 0.00637683505 -0.00687596295
v -0.00215961598 0.00636818446 -0.0068748137
v 0.0172471628 -0.00249496265 -0.00695601152
v 0.0172428004 -0.00249486673 -0.00695610978
v 0.0172319543 -0.00249377242 -0.00695720967
v 0.0172384474 -0.00249458035 -0.00695639802
v 0.0172255207 -0.00249258894 -0.00695839804
v 0.0172170959 -0.00249033025 -0.00696066301
v 0.0172212832 -0.00249155145 -0.00695943832
v 0.0172069054 -0.00248646806 -0.00696453452
v 0.0172129646 -0.00248892792 -0.00696206931
v 0.0172009971 -0.00248365989 -0.00696734851
v 0.0171934459 -0.00247929897 -0.00697171781
v 0.017197175 -0.00248156185 -0.00696945097
v 0.0171829052 -0.0024715662 -0.00697946455
v 0.0171880648 -0.00247558579 -0.00697543798
v 0.0171764791 -0.00246567465 -0.00698536588
v 0.0171705913 -0.00245924504 -0.00699180597
v 0.0171652846 -0.00245232694 -0.00699873501
v 0.0171606056 -0.00244497252 -0.00700609991
v 0.0171565842 -0.00243723788 -0.00701384526
v 0.0171532538 -0.00242918194 -0.00702191191
v 0.0171506368 -0.0024208664 -0.00703023886
v 0.0171487574 -0.00241235364 -0.00703876233
v 0.0171476249 -0.00240370934 -0.00704741757
v 0.0171472523 -0.00239499868 -0.00705613801
v 0.0171738919 0.00726823974 -0.00977082085
v 0.0171431694 0.00725598726 -0.00976869091
v 0.0171211045 0.00726382062 -0.00983342435
v 0.0171274934 0.00725103449 -0.00982655864
v 0.0171298161 0.00725801522 -0.00982447341
v 0.0171337184 0.0072385692 -0.00981831737
v 0.017137168 0.00723166438 -0.00981286727
v 0.0171355419 0.00724675087 -0.00981669687
v 0.0171416588 0.00722267339 -0.00980435591
v 0.0171431303 0.00721972203 -0.00980104506
v 0.0171415545 0.00723021058 -0.00980503205
v 0.0171473809 0.00733633852 -0.00986343622
v 0.0171689522 0.00731343916 -0.00986579899
v 0.0171849504 0.00733656483 -0.00983609445
v 0.0172482878 0.00730489148 -0.00977839064
v 0.0172431283 0.00730746984 -0.00978964195
v 0.0172381699 0.00734404474 -0.00976920594
v 0.0172506664 0.00730370404 -0.00976921897
v 0.0172320995 0.00731298374 -0.00980418921
v 0.0172240604 0.00731700473 -0.009812003
v 0.0172202718 0.00731518166 -0.00980935711
v 0.0172220469 0.00731801242 -0.00981371291
v 0.0172036849 0.00732719339 -0.00982655119
v 0.0171883218 0.00732422667 -0.00983230211
v 0.0171984397 0.00731174322 -0.0098144738
v 0.0171793029 0.00732477382 -0.00980190095
v 0.0171662997 0.00733114174 -0.00981262978
v 0.0171761401 0.00731646223 -0.0097910706
v 0.017164804 0.00728793396 -0.00981297996
v 0.0171669461 0.00730198203 -0.00984697696
v 0.0172158424 0.00732111465 -0.00981852785
v 0.0172076486 0.00732650654 -0.0098008411
v 0.0171785522 0.00728451647 -0.00979066547
v 0.0171384662 0.0073166173 -0.00991561264
v 0.0171535518 0.00730502512 -0.00989890844
v 0.0171657298 0.00734617887 -0.00984375924
v 0.0171485115 0.00735479174 -0.00984912924
v 0.0170999356 0.00737909041 -0.009858815
v 0.0170854647 0.00737348385 -0.00989116728
v 0.0171046909 0.00735142967 -0.00991862267
v 0.017120013 0.00733643956 -0.00991665293
v 0.0171244163 0.00736684399 -0.00985482056
v 0.0170570575 0.0074005411 -0.00986186787
v 0.0170634873 0.00739138713 -0.00987863541
v 0.0170704816 0.0073938258 -0.00986144226
v 0.017084837 0.00738664391 -0.00986042246
v 0.0171357337 0.00736118294 -0.00985240377
v 0.0171085913 0.0072888732 -0.00984375644
v 0.0171113182 0.00728341797 -0.00984179135
v 0.0171093922 0.00729958341 -0.00984314736
v 0.0171282049 0.00727747055 -0.00984153431
v 0.0171068981 0.00729226461 -0.00984490849
v 0.0171010029 0.00730406493 -0.00984854344
v 0.017107062 0.00731351739 -0.00984524563
v 0.0170940924 0.00731789554 -0.00985214673
v 0.0170974284 0.00732228858 -0.00985035393
v 0.0170935374 0.00731900381 -0.0098524075
v 0.0171283036 0.00731270388 -0.00984579604
v 0.0171381608 0.00731984945 -0.00981254689
v 0.0171397813 0.0073042172 -0.00982778799
v 0.0170863122 0.00733346492 -0.00985544734
v 0.0170942359 0.00733401533 -0.00985548645
v 0.0170697495 0.00736661348 -0.00986014027
v 0.0170756448 0.00735481223 -0.00985881779
v 0.0170780253 0.00736363558 -0.00985512882
v 0.017089799 0.00734904641 -0.00985442195
v 0.0170774497 0.00735120289 -0.00985833723
v 0.0170803722 0.00734535512 -0.00985748321
v 0.0170521513 0.00740183145 -0.00986193307
v 0.0170568805 0.00739419507 -0.00986176077
v 0.0170562789 0.00739357108 -0.00986180268
v 0.0170609243 0.00738427415 -0.00986144319
v 0.0171520431 0.00728271436 -0.00985252857
v 0.0171189383 0.00730240578 -0.00983776338
v 0.017151244 0.00720345462 -0.00976361334
v 0.0171511136 0.00721100811 -0.00976983085
v 0.0171511043 0.00720373914 -0.0097673079
v 0.0171508063 0.00720433705 -0.00977115054
v 0.0171503332 0.00720529165 -0.00977517851
v 0.0171496607 0.00720663508 -0.00977934338
v 0.017149033 0.00721653504 -0.00978410896
v 0.0171491168 0.00720772892 -0.00978209823
v 0.0171450004 0.00721597625 -0.00979635678
v 0.0171466116 0.00721275155 -0.00979165081
v 0.0171477795 0.00721040647 -0.00978765264
v 0.0171695631 0.00722114136 -0.00977176428
v 0.0171448495 0.00723728491 -0.00978567917
v 0.017128583 0.00724885194 -0.00982524268
v 0.0171324443 0.00724112522 -0.00982016884
v 0.017114779 0.00727648754 -0.00983908866
v 0.0171155334 0.007274976 -0.00983846467
v 0.017125925 0.00727294805 -0.0098135313
v 0.0171400234 0.0072259428 -0.00980768539
v 0.0171350222 0.00724859396 -0.00980091188
v 0.017158052 0.00726823742 -0.00982849952
v 0.0171449613 0.00721605634 -0.00979646482
v 0.0171379708 0.0072814743 -0.00976444595
v 0.0171491448 0.00726293121 -0.00978417788
v 0.0172255393 0.00734032039 -0.00976982992
v 0.0172074847 0.00730865914 -0.00977085065
v 0.0172076412 0.00729382597 -0.00976822339
v 0.0171971451 0.0072879768 -0.00976850931
v 0.0171724372 0.00729083549 -0.0097683752
v 0.0171690583 0.00726977363 -0.00978574529
v 0.0171664506 0.00725069316 -0.0098119555
v 0.0172122419 0.00731154345 -0.00978487357
v 0.0171882808 0.00730478019 -0.00978006329
v 0.0171624944 0.00726644928 -0.00980622321
v 0.0171458796 0.0072192736 -0.00979441404
v 0.0172284767 0.0073097744 -0.00979798939
v 0.0172386933 0.00730968686 -0.00979640055
v 0.0171490945 -0.00239657867 -0.00975613762
v 0.0171493329 -0.00240316545 -0.00975613389
v 0.0171503127 -0.00241204584 -0.00975612737
v 0.0171521157 -0.00242094556 -0.00975612085
v 0.0171547607 -0.00242976844 -0.00975611433
v 0.0171593539 -0.00244067656 -0.00975610502
v 0.0171643775 -0.00244960166 -0.00975609571
v 0.0171719603 -0.00246023806 -0.00975608453
v 0.0171802435 -0.0024690784 -0.00975607429
v 0.0171847995 -0.00247319113 -0.0097560687
v 0.0171909258 -0.00247793598 -0.00975606125
v 0.0171990748 -0.0024831926 -0.00975605287
v 0.0172336064 -0.00249537569 -0.00975602213
v 0.0172223747 -0.00249296147 -0.00975603145
v 0.0172135662 -0.00249006739 -0.0097560389
v 0.0172049794 -0.00248632091 -0.00975604728
v 0.0172489993 -0.0024966381 -0.0097578587
v 0.0172424857 -0.00249635987 -0.00975601561
v 0.0171063896 -0.00248209899 -0.00983803626
v 0.017104689 -0.00248550135 -0.00983918831
v 0.0171523653 -0.00249076425 -0.00990246329
v 0.0171009991 -0.00250169984 -0.0098413853
v 0.0170962606 -0.00250235782 -0.00984419882
v 0.0170913301 -0.0025122168 -0.00984665006
v 0.0170586817 -0.00257749157 -0.00985561404
v 0.0170542281 -0.00258639618 -0.00985595398
v 0.017061092 -0.00258496939 -0.00987440813
v 0.0171489269 -0.00239692791 -0.00976160448
v 0.0171485599 -0.00239766296 -0.00976627227
v 0.0171469487 -0.00240783696 -0.00976583827
v 0.0171479974 -0.00239880197 -0.00977071002
v 0.0171454307 -0.00240395381 -0.00978268404
v 0.0171443596 -0.00240610121 -0.00978625007
v 0.0171463676 -0.00241112313 -0.00978072267
v 0.0171428211 -0.00240918482 -0.00979074184
v 0.0171415173 -0.00241694925 -0.00979436375
v 0.0172238071 -0.0025416608 -0.00977446325
v 0.0172278266 -0.00250725937 -0.00980058312
v 0.0172355268 -0.00250340323 -0.00979188457
v 0.0170593392 -0.00259150704 -0.00985594746
v 0.0170682445 -0.00258705602 -0.00985560194
v 0.0170824304 -0.00257996609 -0.00985460728
v 0.0170855075 -0.00256691128 -0.00987249054
v 0.0170958266 -0.00257327151 -0.00985322241
v 0.017119538 -0.00255350606 -0.00984950457
v 0.0171025414 -0.00254352624 -0.00991099514
v 0.017101353 -0.00257050805 -0.00985250808
v 0.0171515793 -0.00250375574 -0.00984268822
v 0.0171413403 -0.00250496087 -0.00990978163
v 0.0171662029 -0.00250671548 -0.00981541537
v 0.0171680637 -0.00250858301 -0.00984641071
v 0.0171495397 -0.00253407215 -0.00982501637
v 0.0171506573 -0.00254586083 -0.00984210335
v 0.0171343591 -0.00254822662 -0.00984330289
v 0.0171335246 -0.00255442667 -0.00984659605
v 0.017134605 -0.00255388627 -0.00984634273
v 0.0171433818 -0.00254949857 -0.00984413922
v 0.0171789192 -0.00252686813 -0.00982797053
v 0.0171767771 -0.0025327995 -0.00983299036
v 0.0171655193 -0.00253842841 -0.00983726885
v 0.0171071459 -0.00256761303 -0.0098516643
v 0.017120773 -0.00256080134 -0.00984928571
v 0.0171915703 -0.0025130352 -0.00981633831
v 0.0172013901 -0.00252048904 -0.00982082356
v 0.0172114242 -0.00251546851 -0.00981436018
v 0.0172101036 -0.00249422714 -0.00980925281
v 0.0172173996 -0.00251247897 -0.00980988424
v 0.0172218326 -0.00251025963 -0.00980626047
v 0.0171743482 -0.00253575807 -0.00976413675
v 0.0171969514 -0.00253338786 -0.00976170786
v 0.0172135569 -0.00254819659 -0.00976430532
v 0.0171841122 -0.00250143418 -0.00976463128
v 0.0172352903 -0.00254864921 -0.00976211857
v 0.0172417276 -0.00250029564 -0.00978256203
v 0.0172391608 -0.0025015818 -0.00978674274
v 0.017232446 -0.00248101423 -0.00976733398
v 0.0172482561 -0.00249701762 -0.0097647449
v 0.0172456857 -0.00249830959 -0.00977369305
v 0.0172170661 -0.00242249784 -0.00976732653
v 0.0171839371 -0.00247425353 -0.00976705831
v 0.017135147 -0.00242455746 -0.00980695244
v 0.0171381868 -0.00242911279 -0.00980251189
v 0.0171372481 -0.00242034881 -0.00980318803
v 0.0171418432 -0.00241114711 -0.00979326386
v 0.017139947 -0.00241494481 -0.00979770999
v 0.0171245206 -0.00244582607 -0.00982180424
v 0.0171186328 -0.0024576094 -0.00982800219
v 0.0171025917 -0.0024564825 -0.00979989581
v 0.0171580538 -0.00247611059 -0.00981260184
v 0.0171548333 -0.00246888842 -0.009844427
v 0.0171268135 -0.0025106871 -0.00977845676
v 0.0171808656 -0.00244994252 -0.00983531401
v 0.0171320103 -0.00245773629 -0.00980324391
v 0.0171770919 -0.00243672612 -0.00984653924
v 0.0171256326 -0.00244360091 -0.00982049759
v 0.0171302855 -0.00243429095 -0.00981446262
v 0.0171588268 -0.00249860459 -0.00981321279
v 0.0171615817 -0.0024896441 -0.0097975079
v 0.0171045847 -0.00247300067 -0.00980046019
v 0.0171638597 -0.00247232686 -0.00978431292
v 0.0171590205 -0.00244277087 -0.00980396476
v 0.0171330404 -0.00242877519 -0.00981037039
v 0.017149061 -0.00242859474 -0.00978394132
v 0.0171325449 -0.00246984186 -0.00976428296
v 0.0171394888 -0.0024158603 -0.00979869906
v 0.0171464756 -0.00240185624 -0.00977860764
v 0.0171460342 -0.00240274426 -0.00978041906
v 0.0171680171 -0.0024662707 -0.00977056753
v 0.0171792023 -0.00248544337 -0.00978299696
v 0.0171736907 -0.00249416311 -0.00980691984
v 0.0171308406 -0.00245283218 -0.00976168737
v 0.0171597488 -0.00242260168 -0.00976596121
v 0.017147379 -0.00240004179 -0.00977433659
v 0.0170724783 -0.00254991394 -0.00985325221
v 0.0170742199 -0.002560572 -0.00986127462
v 0.0170752425 -0.00254438678 -0.00985254068
v 0.0170781408 -0.00253859442 -0.00985170156
v 0.0171171669 -0.00252796616 -0.00991322845
v 0.017083101 -0.002528677 -0.0098500438
v 0.0170686226 -0.0025576218 -0.00985411648
v 0.0170669146 -0.0025610372 -0.00985444803
v 0.0170992594 -0.00249635661 -0.00984254014
v 0.0171005353 -0.00249380595 -0.00984179415
v 0.0170870963 -0.00252068625 -0.00984849967
v 0.0171125773 -0.00246972055 -0.0098333871
v 0.017109124 -0.0024766291 -0.00983607303
v 0.0171133429 -0.00246818992 -0.00983275753
v 0.0171131808 -0.00247759698 -0.00983296521
v 0.0170637891 -0.0025672859 -0.00985497329
v 0.0171621479 -0.00247760303 -0.00988925342
v 0.0171858277 -0.00252827303 -0.00982902013
v 0.0171905346 -0.00252591865 -0.00982674398
v 0.00102398999 -0.0281816516 -0.00535242399
v 0.00101808202 -0.0354903638 -0.00534786982
v 0.00102233968 -0.0354903638 -0.00534814829
v 0.00103264209 -0.0281730033 -0.0053535616
v 0.00102909189 -0.0354903676 -0.00534898508
v 0.00104116229 -0.0281644911 -0.00535544893
v 0.00103647623 -0.0354903713 -0.00535040395
v 0.00103950815 -0.0354903713 -0.00535116345
v 0.00104948611 -0.0281561743 -0.005358072
v 0.00104681624 -0.035490375 -0.00535342516
v 0.00105772656 -0.0354903787 -0.00535801379
v 0.00105754996 -0.0281481184 -0.00536140939
v 0.00106529274 -0.0281403828 -0.0053654369
v 0.00106363301 -0.0354903825 -0.00536113698
v 0.00107265508 -0.0281330291 -0.00537012378
v 0.00106835598 -0.0354903862 -0.00536403712
v 0.00107099384 -0.0354903862 -0.00536581967
v 0.00107958145 -0.028126115 -0.00537543371
v 0.00107729377 -0.0354903899 -0.00537061039
v 0.00108435459 -0.0354903974 -0.00537701463
v 0.00108601886 -0.0281196851 -0.00538132666
v 0.00109191833 -0.0281137973 -0.00538775837
v 0.00108792121 -0.0354904011 -0.005380766
v 0.00109025266 -0.0354904011 -0.00538344262
v 0.00109465211 -0.0281110685 -0.00539116049
v 0.0010944322 -0.0354904048 -0.00538877351
v 0.00109723501 -0.0281084925 -0.00539467903
v 0.00109556818 -0.0354904085 -0.00539036049
v 0.00110079523 -0.0281049423 -0.00540017104
v 0.00110026053 -0.0354904123 -0.00539771467
v 0.00111216097 -0.0354904346 -0.0054303417
v 0.00111245725 -0.0280933194 -0.00542827183
v 0.00111004 -0.0354904272 -0.00542100938
v 0.00111071323 -0.0280950554 -0.00542196445
v 0.001107638 -0.0354904234 -0.00541350758
v 0.00110930763 -0.0280964561 -0.0054178331
v 0.0011066458 -0.0354904197 -0.00541090081
v 0.0011077231 -0.0280980337 -0.00541376742
v 0.00110339152 -0.035490416 -0.00540361693
v 0.00110499642 -0.0281007513 -0.00540781766
v 0.00111344759 -0.0354904421 -0.00544111896
v 0.00111512071 -0.0280906782 -0.00544549618
v 0.00111275783 -0.0354904346 -0.00543413684
v 0.00111449847 -0.0280912928 -0.00543898204
v 0.00111383153 -0.0280919541 -0.00543467002
v 0.00109445362 -0.0354949422 -0.00537369493
v 0.00108630338 -0.0355015583 -0.00540732313
v 0.00114682654 -0.0355646983 -0.00538124656
v 0.00113728025 -0.0355549529 -0.00540038198
v 0.00114037853 -0.0355442315 -0.00539476192
v 0.00113221304 -0.0355483703 -0.00541054038
v 0.0011305837 -0.0355459861 -0.00541380746
v 0.00112696877 -0.0355408117 -0.00541217299
v 0.00112779683 -0.0355415195 -0.00541939493
v 0.00102061697 -0.0355162546 -0.0053442535
v 0.00102459465 -0.0355226286 -0.00534225628
v 0.00102730806 -0.0355132818 -0.00534539903
v 0.001017645 -0.0355099402 -0.00534574594
v 0.00103288225 -0.0355329476 -0.00533809839
v 0.00103933224 -0.0355391614 -0.0053348639
v 0.00105370954 -0.0355349593 -0.00532302819
v 0.00104745408 -0.0355459191 -0.00533079077
v 0.00105071615 -0.0355483033 -0.00532915583
v 0.00106343289 -0.0355842039 -0.00537935644
v 0.0010564425 -0.035524141 -0.00532786548
v 0.00107417209 -0.0355382413 -0.00530668395
v 0.00107371295 -0.0356135443 -0.00537681067
v 0.00108031835 -0.0356026925 -0.00537808193
v 0.00106123998 -0.0355551206 -0.00532387989
v 0.0010885098 -0.0355328172 -0.00535784708
v 0.00110680901 -0.0355287679 -0.0053583337
v 0.0010621706 -0.0355444923 -0.00537138525
v 0.00110992324 -0.0356388018 -0.00534800906
v 0.00109632476 -0.0356106274 -0.00536123803
v 0.00110042095 -0.0355631821 -0.00532213971
v 0.00109491672 -0.0355670564 -0.0053119259
v 0.0010740232 -0.0355619751 -0.00531747239
v 0.00108593178 -0.0355673172 -0.00531150447
v 0.0011142554 -0.0355770513 -0.00529731158
v 0.00112529041 -0.0356403105 -0.0053334469
v 0.00111930748 -0.0355784446 -0.00529478025
v 0.0010928025 -0.035570018 -0.00530806137
v 0.0010990703 -0.0355722792 -0.00530492049
v 0.00110660924 -0.0355747342 -0.00530114258
v 0.00116317917 -0.0355870388 -0.00527280103
v 0.00116296683 -0.0356396213 -0.00529678911
v 0.00115552964 -0.0355859511 -0.00527663343
v 0.00114601164 -0.0356381424 -0.00531139923
v 0.00114050577 -0.0355833098 -0.00528415991
v 0.00120372511 -0.0355902202 -0.00525249168
v 0.00120145176 -0.0356067717 -0.00525955018
v 0.00119443238 -0.0355898775 -0.00525714597
v 0.00118421193 -0.0355892293 -0.00526226545
v 0.00117594516 -0.0355885066 -0.00526640611
v 0.00118376361 -0.0355880633 -0.00526867015
v 0.00112918986 -0.0355809033 -0.00528982934
v 0.00115636177 -0.0355723277 -0.00536213582
v 0.00115363766 -0.0355703682 -0.00536759524
v 0.00114892435 -0.0355669148 -0.00536227273
v 0.00113389001 -0.0355720744 -0.00537728937
v 0.00115805469 -0.0355734751 -0.00535874255
v 0.00112469797 -0.0356250443 -0.00534821488
v 0.00116394635 -0.0355770923 -0.00534693571
v 0.00113698421 -0.0356310792 -0.00533328252
v 0.00117063511 -0.0355854779 -0.0053190589
v 0.00117140531 -0.0355809368 -0.00533198798
v 0.00111269963 -0.0356238708 -0.00535509642
v 0.00114726287 -0.0355708674 -0.00532507244
v 0.00117862527 -0.0355839543 -0.00531751988
v 0.00119475857 -0.0355885215 -0.00528519368
v 0.00118647178 -0.0355865173 -0.00530179776
v 0.00118359248 -0.0355981253 -0.00528709218
v 0.00121054554 -0.0355902761 -0.00525310682
v 0.00113741064 -0.0355592594 -0.00536153186
v 0.00116958865 -0.0355651975 -0.00530828442
v 0.00120399252 -0.035589885 -0.00526669296
v 0.00111272768 -0.0355007276 -0.00543618109
v 0.00111431454 -0.0355008915 -0.00544644753
v 0.00111557182 -0.0355094075 -0.00544392038
v 0.00112711545 -0.0355143398 -0.00542563014
v 0.00111998338 -0.0355250835 -0.00543506537
v 0.00111776777 -0.0355183333 -0.0054395115
v 0.00110963755 -0.035497129 -0.00541837886
v 0.00113901356 -0.0355421379 -0.00537810661
v 0.00112164486 -0.0355555341 -0.00536560407
v 0.00112375536 -0.0355338566 -0.0054274993
v 0.00107814209 -0.0355559178 -0.00541086355
v 0.00112907903 -0.0355128571 -0.00540416362
v 0.00109874376 -0.0354935676 -0.00539506087
v 0.00101380283 -0.0354940705 -0.0053476817
v 0.00102504191 -0.0354998671 -0.00534302415
v 0.00103965076 -0.0355002172 -0.00535837887
v 0.00106985588 -0.0354959406 -0.00532950461
v 0.00106777321 -0.0354971215 -0.00536316121
v 0.00108519883 -0.0355008543 -0.00536731584
v 0.00110443623 -0.0355083942 -0.00538051873
v 0.00101502216 -0.0355017707 -0.00534706516
v 0.00103820069 -0.035522446 -0.00536404783
v 0.00105924229 -0.0355214998 -0.00536584063
v 0.00111894519 -0.035521023 -0.00537123345
v 0.00108129019 -0.0355833732 -0.00539515307
v 0.00109123264 -0.035512127 -0.00536102708
v 0.00103630743 -0.0355279036 -0.00534074893
v 0.00103080855 -0.035530664 -0.00533913868
v -0.00113426195 -0.0280903131 -0.00544485357
v -0.00113345974 -0.0280911159 -0.00543835945
v -0.00113228138 -0.0280922949 -0.00543192215
v -0.00113124738 -0.0280933306 -0.00542768277
v -0.00112933002 -0.0280952491 -0.00542142615
v -0.00112617516 -0.0280984081 -0.00541329384
v -0.00112337153 -0.0281012133 -0.00540738041
v -0.00112127606 -0.0281033106 -0.0054035522
v -0.00111901574 -0.0281055719 -0.00539981946
v -0.00111659477 -0.0281079933 -0.00539618917
v -0.00111401791 -0.0281105712 -0.00539266737
v -0.00111128995 -0.0281133 -0.00538926106
v -0.0011054019 -0.0281191915 -0.00538282143
v -0.00109897542 -0.0281256232 -0.0053769201
v -0.00109205954 -0.0281325411 -0.00537160039
v -0.00108470686 -0.0281398986 -0.00536690373
v -0.00107697304 -0.028147636 -0.00536286552
v -0.00106891734 -0.0281556956 -0.00535951694
v -0.00106060097 -0.0281640161 -0.0053568827
v -0.00105208717 -0.028172534 -0.00535498373
v -0.00104344054 -0.0281811859 -0.00535383401
v -0.00113593275 -0.0354899317 -0.00544052431
v -0.00113509572 -0.035489928 -0.00543377222
v -0.0011336772 -0.0354899243 -0.00542638777
v -0.00113291759 -0.0354899243 -0.00542335585
v -0.00113065587 -0.0354899205 -0.00541604823
v -0.0011269669 -0.0354899131 -0.00540697202
v -0.0011182616 -0.0354899094 -0.00539187063
v -0.00111347064 -0.0354899056 -0.00538557069
v -0.00112004427 -0.0354899094 -0.00539450813
v -0.00112294394 -0.0354899094 -0.00539923087
v -0.00112516701 -0.0354899131 -0.00540330354
v -0.00110706629 -0.0354899019 -0.00537850941
v -0.00110197673 -0.0354899019 -0.00537377736
v -0.00109451427 -0.0354898982 -0.00536786392
v -0.00108636648 -0.0354898982 -0.00536260381
v -0.00108046422 -0.0354898982 -0.00535947224
v -0.00107187685 -0.0354898982 -0.00535572274
v -0.00106307189 -0.0354898982 -0.005352824
v -0.00105184189 -0.0354898982 -0.00535040442
v -0.00104509084 -0.0354898982 -0.00534955831
v -0.00104083354 -0.0354899019 -0.00534927426
v -0.00109949801 -0.0354962945 -0.00538382167
v -0.00105505169 -0.035501156 -0.00539634703
v -0.0010968484 -0.0355614834 -0.00531895319
v -0.0010829618 -0.0355539806 -0.00532588828
v -0.00108693913 -0.0355327725 -0.00531298807
v -0.00107188697 -0.0355466343 -0.00533141987
v -0.00106567563 -0.0355418287 -0.00533452258
v -0.00105730444 -0.0355341397 -0.00533870468
v -0.00105271384 -0.0355291702 -0.00534099853
v -0.00106367806 -0.0355357751 -0.00535615394
v -0.00113865477 -0.0355111212 -0.00544455089
v -0.0011404067 -0.035517823 -0.00544105191
v -0.0011122562 -0.0355220102 -0.00543396967
v -0.001136326 -0.0354917981 -0.00544920284
v -0.00113674102 -0.0354984179 -0.00544837303
v -0.00114106177 -0.0354994312 -0.0054378137
v -0.00114544772 -0.0355313644 -0.00543098524
v -0.00114920002 -0.0355387218 -0.00542349275
v -0.00118118466 -0.0355166309 -0.00541168125
v -0.00115790719 -0.0355479456 -0.0053914953
v -0.0011678494 -0.0355097912 -0.00539527368
v -0.00113559992 -0.0355218686 -0.00538052991
v -0.00113466079 -0.0355529785 -0.00537743
v -0.00112967158 -0.0355129912 -0.00534971152
v -0.00115190761 -0.0355685838 -0.00536990725
v -0.00112407957 -0.0355780646 -0.0053621009
v -0.0011545734 -0.0355473682 -0.00541276298
v -0.00116338034 -0.0355580859 -0.00539517729
v -0.00118264253 -0.0356155708 -0.0053048972
v -0.00114999106 -0.0356101841 -0.00534166209
v -0.0011528288 -0.0356353782 -0.00533763459
v -0.001137777 -0.0355792269 -0.0053555374
v -0.00116939889 -0.0355829522 -0.00535250036
v -0.00117083115 -0.0355654098 -0.00537252007
v -0.00117254897 -0.035566844 -0.00537687028
v -0.0011858627 -0.0355760567 -0.00535028661
v -0.00118926901 -0.0355779529 -0.00534348516
v -0.00117919489 -0.0355718099 -0.00536359986
v -0.0012112452 -0.0355865173 -0.00529960683
v -0.0012118473 -0.0355785713 -0.00528942514
v -0.0012074135 -0.035585437 -0.00530725718
v -0.00119623484 -0.0355811901 -0.00531591009
v -0.00119988795 -0.0355828032 -0.00532228313
v -0.0012336215 -0.035589736 -0.00525492989
v -0.00122927665 -0.0355895981 -0.00525673665
v -0.00122689945 -0.0355893373 -0.00526835117
v -0.00122168171 -0.0355890207 -0.00526370807
v -0.00121970999 -0.0355883352 -0.00528270565
v -0.00119421957 -0.0355804041 -0.00533360103
v -0.00112191611 -0.0355717801 -0.00530643621
v -0.00111299008 -0.0355684757 -0.00531089306
v -0.00111717335 -0.0355667882 -0.00531304721
v -0.00112530869 -0.0355729274 -0.00530474214
v -0.00112460589 -0.0355591737 -0.00531826122
v -0.00113655848 -0.0355763882 -0.00529912533
v -0.00113895989 -0.035573151 -0.00530440174
v -0.00113767013 -0.0355767049 -0.00529857026
v -0.00116186868 -0.0355678834 -0.00528662
v -0.00115150586 -0.0355802588 -0.00529166218
v -0.00112893712 -0.0356233604 -0.00535005517
v -0.00114857312 -0.0356237143 -0.00533044292
v -0.00116652728 -0.0355834067 -0.00528416317
v -0.00119266892 -0.0355872922 -0.00527111255
v -0.00118134636 -0.0355858505 -0.00527676474
v -0.00119694974 -0.0355975851 -0.00527918478
v -0.00122696348 -0.035589654 -0.00525445025
v -0.00120024721 -0.035588108 -0.00526732905
v -0.00121735223 -0.0355893336 -0.00525879115
v -0.00117576926 -0.0355646648 -0.00529321609
v -0.00103641243 -0.0354917608 -0.00534915272
v -0.00104660878 -0.0355005227 -0.00536630815
v -0.00103762979 -0.0355003513 -0.00534854084
v -0.0010396064 -0.0355074853 -0.00534755131
v -0.00104951055 -0.0355122425 -0.00534692174
v -0.00104070222 -0.0355102383 -0.00534700276
v -0.0010489627 -0.0355244838 -0.00534287328
v -0.00104455964 -0.0355177894 -0.00534507399
v -0.0010672661 -0.0355147719 -0.00535192667
v -0.00110801146 -0.0355665088 -0.00531337876
v -0.00110551377 -0.0355590582 -0.00532208383
v -0.00110734708 -0.0355114602 -0.00530134048
v -0.0011184531 -0.0355550162 -0.00534116803
v -0.00106784725 -0.0355373099 -0.00533749023
v -0.00106366014 -0.0355401225 -0.00533552933
v -0.00107979355 -0.0355392173 -0.00535565754
v -0.00104904349 -0.0355245918 -0.00534283277
v -0.0010873737 -0.0354993753 -0.00536450371
v -0.0010844355 -0.0355153829 -0.00536747184
v -0.00112569542 -0.0354997665 -0.00542320637
v -0.00114218367 -0.035501495 -0.00540330587
v -0.00116269779 -0.0354944281 -0.00537619833
v -0.00111880479 -0.0354959071 -0.00539198006
v -0.00113341038 -0.0354984701 -0.00536426855
v -0.00109232427 -0.0355263054 -0.0053676106
v -0.00113800121 -0.0355079062 -0.00544585614
v -0.00105225865 -0.0355225429 -0.00534375664
v -0.0011083947 -0.0355383754 -0.00534977484
v -0.00110346638 -0.0355416723 -0.00542741735
v -0.00114263128 -0.0355245732 -0.00543660903
v 0.00230230158 0.0235486291 -0.00987958349
v 0.0023459685 0.0236226972 -0.00988116208
v 0.00230787997 0.0235831216 -0.00994957145
v 0.00232930016 0.0236045048 -0.00991070084
v 0.00231334078 0.0236062389 -0.00987804867
v 0.00228418224 0.0235646684 -0.00992908515
v 0.00225986517 0.0235389657 -0.00995364133
v 0.00230385782 0.0235639624 -0.00988108292
v 0.00229441654 0.0235728566 -0.00995696615
v 0.00227228319 0.0235956591 -0.00984523352
v 0.0021688058 0.0232353136 -0.00978608895
v 0.00217483775 0.023250455 -0.00979375839
v 0.00218333746 0.0233928617 -0.00987115502
v 0.00218265201 0.0233820695 -0.00986377615
v 0.0022967956 0.0235220641 -0.00986272749
v 0.00218918733 0.0234181173 -0.0098752398
v 0.00216595386 0.023328647 -0.00982653163
v 0.00216354919 0.0232693143 -0.00969429314
v 0.00222129561 0.0234942883 -0.0099032307
v 0.00224684272 0.0235204455 -0.00993733387
v 0.00229685614 0.0234937761 -0.00983969122
v 0.0022673856 0.0234537162 -0.00984775089
v 0.00219379272 0.0234134849 -0.00988002494
v 0.00219069608 0.0234035738 -0.00987358484
v 0.00217973627 0.0233480409 -0.00984378252
v 0.00225978903 0.0233623646 -0.00981230102
v 0.00217860541 0.0233708397 -0.00985880475
v 0.00217203307 0.0233418588 -0.00984275155
v 0.00216714828 0.0233240463 -0.00983427465
v 0.0021682838 0.0233119931 -0.00982744154
v 0.00216993014 0.0232773703 -0.0098057678
v 0.00225264626 0.0235528164 -0.0098532252
v 0.00222984655 0.023493452 -0.009918564
v 0.00219088094 0.0234144367 -0.0098808622
v 0.00221981993 0.0232578237 -0.00971488655
v 0.00222500437 0.0232555103 -0.00971903745
v 0.00218524924 0.0232529417 -0.00976485759
v 0.00220097322 0.0233472995 -0.00976583548
v 0.00215977663 0.0232708864 -0.00980299804
v 0.00220681354 0.0234526005 -0.00990012474
v 0.00220691995 0.0234626681 -0.00987569336
v 0.00218863669 0.0234142412 -0.00977577269
v 0.0021734233 0.0232686438 -0.00969548337
v 0.00216436549 0.0232551787 -0.00978146493
v 0.00221219985 0.0232606959 -0.00970973074
v 0.00220627757 0.0232625566 -0.00970639195
v 0.00219546887 0.0232652891 -0.00970149226
v 0.00218903832 0.0232665595 -0.00969921239
v 0.00218097586 0.0232677925 -0.00969700608
v 0.00224869093 0.0234270301 -0.00980979297
v 0.00218751212 0.0233587641 -0.00983912963
v 0.0022345914 0.0233925208 -0.00978745054
v 0.00217720657 0.0233728662 -0.00985585153
v 0.0021888332 0.0232943837 -0.00981021766
v 0.00225198595 0.0233647563 -0.00979868509
v 0.00216445373 0.0233004559 -0.00982060935
v 0.0022489985 0.0232674666 -0.00976598728
v 0.00217334623 0.0232483819 -0.00978291593
v 0.00225425954 0.0232261512 -0.00977178104
v 0.00225335429 0.0232293028 -0.00976611208
v 0.00225187163 0.02323265 -0.00976009946
v 0.00224883482 0.023237491 -0.00975140091
v 0.0022454923 0.02324141 -0.00974436011
v 0.00224244758 0.0232443009 -0.00973916613
v 0.00223741867 0.0232482888 -0.00973200332
v 0.00222982117 0.023253018 -0.00972351246
v 0.00225481344 0.0232226364 -0.00977809448
v 0.00221500709 0.0234698188 -0.00991062727
v 0.00226982869 0.02343175 -0.00983316731
v 0.00219971593 0.0234335139 -0.00988782849
v 0.00220915233 0.0182223339 -0.00690678321
v 0.00221607601 0.0182197504 -0.0069114198
v 0.00225030654 0.0181909446 -0.00696316408
v 0.00225144974 0.0181867387 -0.00697072176
v 0.00224841456 0.0181950852 -0.00695572235
v 0.00224578707 0.0181991309 -0.00694845337
v 0.00224244455 0.018203048 -0.00694141258
v 0.00223841262 0.0182068124 -0.0069346535
v 0.00223372178 0.0182103906 -0.00692822691
v 0.00222840742 0.0182137564 -0.00692218216
v 0.00222251075 0.0182168856 -0.00691656582
v 0.00220179232 0.0182246137 -0.00690269237
v 0.0021940521 0.018226577 -0.0068991771
v 0.0021859908 0.0182281993 -0.00689626532
v 0.00217766943 0.0182294771 -0.00689397892
v 0.00216915132 0.0182303973 -0.00689233467
v 0.00216050167 0.0182309523 -0.00689134514
v 0.00215178169 0.0182235893 -0.00688722637
v 0.00215398893 0.0181850456 -0.00696803257
v 0.00215883506 0.0181860514 -0.0069636493
v 0.00215517031 0.0181833133 -0.00697559025
v 0.00224578381 0.0181920901 -0.00694573112
v 0.00215177773 0.0182157457 -0.00688408595
v 0.00224841153 0.0181886908 -0.00695343269
v 0.00215177424 0.0182076655 -0.00688161748
v 0.00225030538 0.0181881506 -0.00696204463
v 0.00215177098 0.0181994047 -0.00687984098
v 0.00225144834 0.0181839224 -0.00696989149
v 0.00215176842 0.0181910247 -0.00687876809
v 0.00225030328 0.0181825124 -0.00696097407
v 0.00224840944 0.018182518 -0.00695245806
v 0.00224410859 0.0181825273 -0.00694011105
v 0.00223840284 0.0181825347 -0.00692834705
v 0.00223105284 0.0181825422 -0.00691753346
v 0.00221927906 0.0181825534 -0.00690470217
v 0.00220545568 0.0181825627 -0.00689411024
v 0.0021940344 0.0181825683 -0.00688774651
v 0.00218181149 0.0181825738 -0.00688310433
v 0.002169132 0.0181825794 -0.00687991362
v 0.00216048211 0.0181825813 -0.00687878067
v -0.00214823056 0.0181919932 -0.00688170083
v -0.002148228 0.0182003733 -0.00688277418
v -0.00214822497 0.018208636 -0.00688455068
v -0.00214822148 0.0182167161 -0.00688701868
v -0.00214821752 0.0182245597 -0.00689015957
v 0.00225068606 0.0148084201 -0.0069676484
v 0.00224954146 0.0148084247 -0.00695900014
v 0.00224764762 0.0148084303 -0.00695048459
v 0.00224501849 0.0148084359 -0.00694216602
v 0.0022396578 0.0148084443 -0.0069302409
v 0.00223294878 0.0148084518 -0.00691901846
v 0.00222468399 0.0148084601 -0.00690888707
v 0.00221183663 0.0148084695 -0.00689713098
v 0.00219714292 0.0148084788 -0.00688778376
v 0.00218104967 0.0148084862 -0.00688113039
v 0.00216837018 0.0148084909 -0.00687793968
v 0.00215972029 0.0148084937 -0.00687680673
v -0.00215032045 0.0181860961 -0.00697231712
v -0.0021612721 0.0181835555 -0.00688229781
v -0.00217411225 0.0181835573 -0.00688476441
v -0.00215259171 0.0181850363 -0.00697479537
v -0.00218645926 0.0181835573 -0.00688906526
v -0.00219822349 0.0181835555 -0.00689477054
v -0.00220903661 0.0181835536 -0.00690212101
v -0.0022189233 0.0181835517 -0.0069106766
v -0.00215461664 0.0181844532 -0.00697760563
v -0.00222746562 0.018183548 -0.0069205747
v -0.00223480118 0.0181835424 -0.00693139806
v -0.00224049063 0.0181835368 -0.00694316998
v -0.00224477239 0.0181907713 -0.00695672724
v -0.00224477472 0.0181835312 -0.00695552304
v -0.00224665552 0.0181880221 -0.00696478738
v -0.00224665692 0.0181835257 -0.00696404139
v -0.00224778987 0.0181835219 -0.00697269151
v -0.00224778918 0.0181853734 -0.00697298674
v -0.00224778801 0.0181877539 -0.00697379094
v -0.00224665366 0.0181919578 -0.00696623139
v -0.0022447696 0.0181960985 -0.00695878733
v -0.00224215048 0.0182001423 -0.00695151463
v -0.00223881588 0.0182040595 -0.00694446918
v -0.00223479141 0.0182078201 -0.00693770451
v -0.00223010755 0.0182113964 -0.00693127187
v -0.00222480018 0.0182147603 -0.00692521967
v -0.00221890956 0.0182178859 -0.00691959495
v -0.00221248041 0.0182207488 -0.00691444054
v -0.00220556185 0.0182233304 -0.00690979464
v -0.00219820649 0.0182256065 -0.00690569356
v -0.00219047046 0.0182275642 -0.00690216804
v -0.00218241219 0.0182291847 -0.00689924508
v -0.00217409339 0.0182304587 -0.00689694751
v -0.00216557714 0.0182313733 -0.00689529115
v -0.00215692841 0.0182319265 -0.00689428998
v 0.00224856217 0.01479109 -0.00696461461
v 0.00225069001 0.0147996992 -0.00697635906
v 0.00224860432 0.014786792 -0.006976353
v 0.00216050353 0.0148073863 -0.00697271572
v 0.00216028886 0.0148039693 -0.00697280327
v 0.00224503409 0.0147742135 -0.00697634788
v 0.00216162181 0.0148048922 -0.00697012478
v 0.00215807557 0.014802617 -0.00697486941
v 0.00223967899 0.014762287 -0.00697634462
v 0.00223297486 0.0147510609 -0.00697634276
v 0.00222766236 0.0147441421 -0.00697634229
v 0.00216475385 0.0147957504 -0.00696764793
v 0.00215536589 0.0148054473 -0.00697096437
v 0.00215585064 0.0148072764 -0.00696992921
v 0.00222176732 0.0147377104 -0.00697634276
v 0.00215868233 0.014797708 -0.00696730101
v 0.00215866487 0.0147968791 -0.00697412016
v 0.00221533398 0.0147318188 -0.00697634369
v 0.00220841169 0.0147265093 -0.00697634509
v 0.00215376588 0.0148016615 -0.00697532995
v 0.00220105308 0.0147218239 -0.00697634742
v 0.00215200661 0.014800678 -0.00697438978
v 0.00215506833 0.0147942994 -0.00697135227
v 0.00215458078 0.0147994086 -0.00697064912
v 0.00218362338 0.0147409737 -0.0069103851
v 0.00216164184 0.0147951432 -0.00695610046
v 0.00218928349 0.0147161288 -0.00697635207
v 0.00216497877 0.0147334868 -0.00691248942
v 0.00215456239 0.014794671 -0.00696060807
v 0.00216935412 0.014754802 -0.00689456193
v 0.00215273513 0.014805885 -0.00696837762
v 0.00217267405 0.0147108966 -0.00697636046
v 0.00215246994 0.0147932246 -0.00696893269
v 0.00215976569 0.0147088161 -0.00697636791
v 0.00215359242 0.0147779789 -0.0069746417
v 0.00217721984 0.0147131598 -0.0069619487
v 0.00220702682 0.0147347888 -0.00693910103
v 0.00215104432 0.0147088235 -0.00696765818
v 0.0021510385 0.0147099672 -0.00695900945
v 0.00215103314 0.0147118596 -0.0069504939
v 0.00215102802 0.0147144888 -0.00694217533
v 0.00215102336 0.0147178313 -0.00693411706
v 0.00215101894 0.0147218648 -0.00692638149
v 0.00215101498 0.0147265559 -0.00691902637
v 0.00215101149 0.014731871 -0.00691210851
v 0.00215100846 0.0147377681 -0.00690568006
v 0.0021510059 0.0147442035 -0.00689978991
v 0.00215100381 0.0147511279 -0.00689448323
v 0.00215100241 0.0147584882 -0.00688980008
v 0.00215100124 0.0147662284 -0.00688577676
v 0.00215100078 0.0147742899 -0.00688244263
v 0.00215100101 0.0147826122 -0.00687982468
v 0.00215100148 0.0147911301 -0.00687794108
v 0.00215100264 0.0147997802 -0.00687680766
v -0.00224505179 0.0232236553 -0.0097811576
v -0.0022445037 0.0232271682 -0.00977483951
v -0.00224360591 0.023230318 -0.00976917893
v -0.00224150252 0.0232348461 -0.0097610401
v -0.00223855535 0.0232392009 -0.00975320581
v -0.00223576813 0.0232424196 -0.00974741671
v -0.0022314291 0.023246441 -0.0097401822
v -0.0022261464 0.0232503712 -0.00973311439
v -0.00222175242 0.0232531205 -0.00972816721
v -0.00221525691 0.0232565366 -0.00972202141
v -0.00221007108 0.0232588463 -0.00971786398
v -0.00220658747 0.0232602283 -0.00971537456
v -0.00220251433 0.0232616905 -0.00971274171
v -0.00219424861 0.0232642181 -0.0097081922
v -0.00218570046 0.023266295 -0.00970444642
v -0.00217936444 0.0232675448 -0.00970219262
v -0.00217031012 0.023268912 -0.00969972648
v -0.00216180529 0.0232697856 -0.00969814695
v -0.00215388089 0.0232702866 -0.00969723798
v -0.0022485517 0.0148094343 -0.00697071757
v -0.00224741874 0.014809439 -0.00696206745
v -0.00224422757 0.0148094455 -0.00694938796
v -0.00223958585 0.0148094511 -0.00693716481
v -0.00223556301 0.0148094548 -0.00692942459
v -0.00222822768 0.0148094594 -0.00691860076
v -0.00221647136 0.014809465 -0.00690575363
v -0.00220633973 0.0148094669 -0.00689748907
v -0.00219511753 0.0148094688 -0.00689077983
v -0.00217903336 0.0148094688 -0.00688410457
v -0.00216203416 0.0148094669 -0.00688032387
v -0.0021489549 0.0147097921 -0.00697059138
v -0.00214896048 0.0147109367 -0.00696194265
v -0.00214896584 0.0147128291 -0.00695342664
v -0.00214897096 0.0147154573 -0.00694510853
v -0.00214897562 0.0147187999 -0.00693705026
v -0.00214898004 0.0147228334 -0.0069293147
v -0.002148984 0.0147275254 -0.00692195958
v -0.00214898749 0.0147328395 -0.00691504125
v -0.00214899052 0.0147387367 -0.00690861326
v -0.00214899308 0.014745173 -0.00690272311
v -0.00214899518 0.0147520965 -0.00689741643
v -0.00214899681 0.0147594567 -0.00689273328
v -0.00214899774 0.0147671979 -0.00688870996
v -0.0021489982 0.0147752594 -0.00688537583
v -0.0021489982 0.0147835817 -0.00688275741
v -0.0021489975 0.0147920996 -0.00688087428
v -0.00214899634 0.0148007497 -0.00687974086
v 0.00225239736 0.0147966985 -0.00977635756
v 0.00224934239 0.014780079 -0.00977635011
v 0.00225145882 0.0147894118 -0.00977635384
v 0.00224644807 0.0147712715 -0.00977634732
v 0.00224113744 0.0147597315 -0.00977634359
v 0.0022343169 0.0147486292 -0.00977634173
v 0.00222604186 0.0147386184 -0.00977634173
v 0.00221599452 0.0147291496 -0.00977634266
v 0.00221724366 0.0147301797 -0.00977634266
v 0.00219705747 0.0147170592 -0.00977634918
v 0.00220296253 0.0147201857 -0.00977634639
v 0.00220900262 0.0147239789 -0.00977634452
v 0.00218614936 0.0147124659 -0.00977635384
v 0.00217732647 0.01470982 -0.00977635849
v 0.00216842676 0.014708017 -0.00977636315
v 0.00215954636 0.0147070372 -0.00977636874
v -0.00217258371 0.0233828817 -0.00986673776
v -0.00217357068 0.0233938824 -0.00987384655
v -0.00214816118 0.0232618488 -0.00980545953
v -0.00215127785 0.0232749693 -0.00981165376
v -0.00222059526 0.0235291347 -0.00984182768
v -0.00217943173 0.0234249569 -0.00986773148
v -0.00215800595 0.0233355239 -0.00981783587
v -0.00214601355 0.0232353099 -0.0097915912
v -0.00214776536 0.0232488848 -0.00979811233
v -0.00215766835 0.0233129114 -0.00983075704
v -0.00215203688 0.0232888237 -0.00981961563
v -0.00216363603 0.0233277939 -0.00983270351
v -0.0021641918 0.0233447421 -0.00984639861
v -0.0022526118 0.0233663749 -0.00982098747
v -0.0022598186 0.0234209057 -0.00983546674
v -0.00225641974 0.0234064367 -0.00982966833
v -0.00220012898 0.0234493092 -0.00989515614
v -0.00224686414 0.0234793872 -0.0098739164
v -0.00227467669 0.0234990548 -0.00985586829
v -0.00229333155 0.0235315207 -0.0098582115
v -0.00222196011 0.0235031806 -0.00993416458
v -0.00214965362 0.0232515112 -0.00979307946
v -0.00214975607 0.0232766923 -0.00981027074
v -0.00217241002 0.0233193245 -0.00972773787
v -0.00216516946 0.0233708862 -0.00986516289
v -0.00225002272 0.0235501565 -0.00992752146
v -0.00226877537 0.0235586949 -0.00986387208
v -0.00223404495 0.0235196985 -0.00994225498
v -0.00218005059 0.0234133005 -0.00988409482
v -0.00218794635 0.0234324168 -0.0098918071
v -0.00220022933 0.0234649964 -0.00991116185
v -0.00221269601 0.023487011 -0.00992280245
v -0.00226362515 0.0234658979 -0.00984311476
v -0.00226648408 0.0235451628 -0.00991734024
v -0.00217427942 0.0233681612 -0.00985504314
v -0.0021525214 0.0233020987 -0.00982643664
v -0.00221511652 0.0232839603 -0.00973636005
v -0.00222707493 0.0233042184 -0.00976043288
v -0.00217093644 0.0233314671 -0.00980267581
v -0.00217811065 0.0233503599 -0.00981780607
v -0.00215096236 0.0148073481 -0.00697108638
v -0.00215262314 0.0147956219 -0.0069609452
v -0.00215076678 0.0148058683 -0.00697648013
v -0.00215988792 0.014799824 -0.00696300995
v -0.00215475145 0.0148078995 -0.00697275065
v -0.00215499871 0.0148054566 -0.00697527919
v -0.00215003942 0.0148032224 -0.00697524613
v -0.00215427042 0.0148008335 -0.00697592786
v -0.00215303735 0.0148043577 -0.00697799493
v -0.00216390076 0.0148048447 -0.00697156508
v -0.00215802062 0.0148068517 -0.00697750319
v -0.00224244012 0.0147985686 -0.00694653718
v -0.00215136237 0.0147840902 -0.00697238371
v -0.00215053535 0.0147952363 -0.00697847549
v -0.00215200149 0.0147995045 -0.00697687874
v -0.00218785903 0.0147179551 -0.00696995063
v -0.00216581998 0.0147990556 -0.00697554648
v -0.00215766439 0.0147097893 -0.00697931275
v -0.00217057182 0.0147118755 -0.00697932299
v -0.00218314957 0.0147154452 -0.0069793337
v -0.00219507702 0.0147208003 -0.00697934488
v -0.00220630248 0.0147275049 -0.00697935652
v -0.00221643783 0.0147357639 -0.00697936816
v -0.00222819974 0.0147486068 -0.00697938353
v -0.00223755348 0.0147632957 -0.0069793989
v -0.00224290346 0.0147752259 -0.00697940914
v -0.0022455249 0.0147835463 -0.00697941612
v -0.00224741083 0.0147920642 -0.00697942218
v -0.00224854774 0.0148007134 -0.00697942823
v 0.00225737877 0.0147583978 -0.00978168566
v 0.00226203352 0.0147410631 -0.0098599121
v 0.00226743403 0.0147659713 -0.00982925482
v 0.0022911455 0.0147755928 -0.00980113354
v 0.00225840812 0.0147908842 -0.00980899762
v 0.00232412107 0.014641908 -0.00989246741
v 0.00229364913 0.0146727795 -0.00992015935
v 0.00224274513 0.0146675752 -0.00985571556
v 0.00222525233 0.0146717234 -0.00984416343
v 0.00225222344 0.0147070028 -0.00991876237
v 0.00224994728 0.0147129167 -0.0098729711
v 0.00223123329 0.014722934 -0.00990372524
v 0.00216666562 0.0147044305 -0.00979927927
v 0.00216438365 0.0147020984 -0.00978587102
v 0.00218709139 0.01467482 -0.00981000625
v 0.0022014305 0.0146880392 -0.0098353168
v 0.0021958088 0.0146869514 -0.00981014129
v 0.00220284564 0.0147383846 -0.0098701492
v 0.00221099565 0.0146853998 -0.00983922184
v 0.00221304595 0.0147388512 -0.00990430079
v 0.00223324937 0.0147188818 -0.00985255186
v 0.00222643488 0.014718717 -0.00982151087
v 0.00224410067 0.0147232236 -0.00982153881
v 0.00221796683 0.0146959741 -0.00979883038
v 0.00226533297 0.0146950092 -0.00993278529
v 0.00225139083 0.0146742286 -0.00984960049
v 0.00225808891 0.0146585964 -0.00986154936
v 0.00228339061 0.0146750798 -0.00993277691
v 0.00230375188 0.0146581288 -0.00992107671
v 0.00230409717 0.0146371089 -0.00987131335
v 0.00232322398 0.0146277724 -0.00987391733
v 0.00234578107 0.0146141527 -0.00987599231
v 0.00233723316 0.0146201756 -0.00987542327
v 0.00224995054 0.0147308353 -0.00989393704
v 0.00227025687 0.0147119984 -0.00989175029
v 0.002284104 0.0147144264 -0.00982400589
v 0.00222881441 0.014737241 -0.00988394115
v 0.00226810924 0.0147938225 -0.00978442188
v 0.00225521252 0.0147974696 -0.00979749393
v 0.00224440987 0.0147858085 -0.00980808213
v 0.00224887836 0.0147810392 -0.00978730526
v 0.0022305639 0.0147575513 -0.00987251103
v 0.00223981915 0.0147527093 -0.00984761491
v 0.00230883132 0.0147516187 -0.0097801527
v 0.00225393847 0.0147416117 -0.00978138298
v 0.00224436237 0.0147521216 -0.00979726296
v 0.0022337744 0.0147327641 -0.009780881
v 0.00226082164 0.0147415828 -0.00980697572
v 0.00217898749 0.0147174252 -0.00978620537
v 0.00220920122 0.0146885635 -0.00978190079
v 0.00223263144 0.0146883475 -0.00977905653
v 0.00221724156 0.0147290193 -0.00978476927
v 0.00223866082 0.0147259096 -0.00979371183
v 0.00219369424 0.0146971084 -0.00979731325
v 0.00217236858 0.0147022707 -0.00980755873
v -0.00229257555 0.023583211 -0.00993490871
v -0.00227309437 0.0235577542 -0.00994412974
v -0.0023141508 0.0235824678 -0.0098739164
v -0.00229785475 0.023548374 -0.00987293757
v -0.00232834066 0.0236165822 -0.00990714598
v -0.00226691132 0.0235677827 -0.00992407743
v -0.00224691816 0.0148033332 -0.00977942999
v -0.00224663829 0.0147990752 -0.0097794272
v -0.00224579824 0.0147923231 -0.00977942254
v -0.0022439959 0.0147834243 -0.00977941602
v -0.00224170648 0.0147756152 -0.00977941044
v -0.00224099378 0.0147735868 -0.00977940857
v -0.0022351935 0.0147607401 -0.0097793974
v -0.00222983677 0.0147517473 -0.00977938809
v -0.00222415105 0.0147441309 -0.0097793797
v -0.00221358985 0.0147332344 -0.00977936666
v -0.00220518652 0.0147264339 -0.00977935642
v -0.00219215034 0.0147186061 -0.00977934338
v -0.00218254374 0.0147143025 -0.00977933407
v -0.00217373739 0.0147114079 -0.00977932662
v -0.00216250611 0.014708993 -0.0097793173
v -0.00215575495 0.0147081511 -0.00977931172
v -0.00215149741 0.0147078689 -0.00977930892
v -0.00228778902 0.0147203896 -0.00985985715
v -0.00229511177 0.0147026693 -0.00986468047
v -0.00233501731 0.0146194007 -0.00989771076
v -0.00224719802 0.0148027306 -0.00978648756
v -0.00222386024 0.0147935925 -0.00979171321
v -0.00225308049 0.0147927003 -0.00980109815
v -0.00225459412 0.0147874206 -0.00981765892
v -0.00224248832 0.0147720901 -0.00983697176
v -0.00225361763 0.0147567559 -0.00985095277
v -0.00231060316 0.0146374591 -0.00989579037
v -0.0022765731 0.0146508617 -0.00987279601
v -0.0022935695 0.0146608436 -0.00993429217
v -0.00223763101 0.0147077106 -0.00989394076
v -0.0022463717 0.0147108994 -0.00992001407
v -0.00225487724 0.0146990363 -0.00993226282
v -0.00221584016 0.0147191053 -0.00986479688
v -0.00223057135 0.0146864485 -0.00984632131
v -0.00222446653 0.0147251273 -0.00991903897
v -0.00224209391 0.014661205 -0.00985086896
v -0.00226175156 0.0146561433 -0.00986659806
v -0.00221318263 0.0146674626 -0.00983350165
v -0.00220334018 0.0146960635 -0.00984762423
v -0.00218678475 0.0147042805 -0.00983576011
v -0.00217859657 0.0147413323 -0.00982123613
v -0.00220064516 0.0147167696 -0.00982669648
v -0.00217730342 0.0147008989 -0.00981305819
v -0.00219531287 0.0147330007 -0.00980470609
v -0.00217595208 0.0147392899 -0.00980100967
v -0.00216505304 0.0146943731 -0.00979667529
v -0.00221220613 0.0147067979 -0.00978440605
v -0.00218485179 0.014715042 -0.00978516042
v -0.00217232876 0.0147106238 -0.00978626311
v -0.00215834146 0.0147080589 -0.00978723262
v -0.00215527113 0.0147060473 -0.00979811791
v -0.00220469129 0.0147460531 -0.00978573691
v -0.00221697032 0.0147455279 -0.00991140027
v -0.00224668067 0.0147202425 -0.00983412471
v -0.00221525459 0.0147544201 -0.00985859893
v -0.00225517317 0.0147325685 -0.00983482879
v -0.00225578598 0.0147470254 -0.00982496608
v -0.00220964709 0.0147387227 -0.0098588001
v -0.00220117858 0.0147420419 -0.00983001571
v -0.00225558202 0.0147631811 -0.00981256086
v -0.00223609176 0.0147588691 -0.00981212594
v -0.00223918725 0.0147221731 -0.00979005452
v -0.00225384417 0.0147320963 -0.00978645869
v -0.00224008667 0.0147660403 -0.0097979689
v -0.00225315103 0.01477917 -0.00980309676
v -0.00221007294 0.0147712864 -0.00978882238
v -0.00224129041 0.0147732059 -0.00978634506
v -0.00232189102 0.0146437967 -0.00988456421
v -0.0022791496 0.0146761071 -0.00993929245
v -0.00230352231 0.0146777574 -0.00986940041
v -0.00228292937 0.014726772 -0.00985626038
v -0.00229931204 0.0147017548 -0.0098399343
v -0.00223415764 0.0147287305 -0.00990992133
v -0.00225626095 0.0147044184 -0.00984507892
v -0.0171936862 0.0127654904 -0.00987409241
v -0.0172096156 0.0127909584 -0.00991009735
v -0.0171915721 0.0127896778 -0.0098422477
v -0.0171404723 0.0127432523 -0.00987850595
v -0.0171905719 0.0127745727 -0.00991925877
v -0.0171644408 0.0127902254 -0.00986290816
v -0.0171720367 0.0128046116 -0.00985563546
v -0.0171965379 0.0127213271 -0.00987258088
v -0.0171989966 0.0127182882 -0.00987441558
v -0.0171855651 0.0127115687 -0.00987803005
v -0.0172165949 0.012755624 -0.0098592788
v -0.0172080938 0.0127426675 -0.0098759355
v -0.0171707608 0.0127173634 -0.00981546845
v -0.0172290392 0.0127447555 -0.00985628366
v -0.0172439925 0.0127408039 -0.00985649507
v -0.0172404442 0.0127390288 -0.0098583512
v -0.0172377806 0.0127500128 -0.0098579647
v -0.0172325727 0.0127350893 -0.00986210071
v -0.0172227137 0.012730157 -0.00986630283
v -0.0171775836 0.0127273174 -0.00989537779
v -0.0171535946 0.0127325002 -0.00989860017
v -0.0172129739 0.0127252834 -0.00986996107
v -0.0171544515 0.0127221113 -0.0099304067
v -0.0171483383 0.0126994401 -0.00988313835
v -0.0171229094 0.0126906335 -0.00991075113
v -0.0171732064 0.0127053857 -0.00988077279
v -0.0171559937 0.012696771 -0.00988387037
v -0.0171481986 0.0126928724 -0.00988499168
v -0.0171361752 0.012686858 -0.00988638308
v -0.0171066448 0.0126720835 -0.00988820288
v -0.0171051528 0.0126751196 -0.0098881172
v -0.017119918 0.0126787247 -0.00988766458
v -0.0171229094 0.012713802 -0.00986913592
v -0.0171916857 0.0128037883 -0.00985920522
v -0.017219089 0.0127898222 -0.0098780999
v -0.0171829574 0.0127610341 -0.00993069261
v -0.0172624271 0.0128719108 -0.0097248191
v -0.01726624 0.0128709273 -0.00972390547
v -0.0172586571 0.0128572257 -0.0097424211
v -0.017254537 0.0127522489 -0.00984419417
v -0.0172713809 0.0127760423 -0.00981861539
v -0.0172682535 0.0128409071 -0.0098806126
v -0.0172815844 0.0128664058 -0.00985477492
v -0.0172868837 0.0128676901 -0.00972090568
v -0.0172974989 0.0128672644 -0.00972051639
v -0.017290296 0.0128340591 -0.00975642726
v -0.0172523446 0.0128751434 -0.00972781796
v -0.0172552317 0.0128741171 -0.00972686615
v -0.0172736272 0.0128693916 -0.00972248148
v -0.0172873847 0.0128824534 -0.00980256125
v -0.0172869135 0.0128961829 -0.00981552433
v -0.0172801316 0.0128683746 -0.00972153805
v -0.0172280613 0.0128544718 -0.00975746661
v -0.0172843169 0.0128816236 -0.00983705558
v -0.0172654614 0.0128540779 -0.00985301565
v -0.0172326397 0.012799087 -0.00984464586
v -0.0172314066 0.0127666323 -0.00983496103
v -0.0172474887 0.0128770666 -0.00972960331
v -0.0172434486 0.0128788687 -0.00973127689
v -0.0172794946 0.0129104173 -0.00978581887
v -0.0171926767 0.0128708696 -0.00981951505
v -0.017194001 0.0128550623 -0.00982572045
v -0.0172100402 0.0128342696 -0.00985338911
v -0.0172408354 0.0128412331 -0.00986252446
v -0.0172131304 0.0128587345 -0.00981632713
v -0.0172112286 0.0128093017 -0.00982982758
v -0.0172423646 0.0128552923 -0.0098296022
v -0.0171816293 0.0128168808 -0.00984680839
v -0.0171923973 0.0128069185 -0.0098357033
v -0.0172335766 0.0128098065 -0.00986257195
v -0.0171984863 0.0129191261 -0.00978788827
v -0.0171976797 0.0129356449 -0.00978403818
v -0.017196266 0.0128920795 -0.0098051317
v -0.017218234 0.0129021127 -0.00979505014
v -0.0172401294 0.0128804976 -0.00973279029
v -0.0172341149 0.0128838392 -0.00973589439
v -0.0172262434 0.0128782438 -0.00975184888
v -0.0172267687 0.0128887007 -0.00974040944
v -0.0172222424 0.0128922639 -0.00974371936
v -0.0172904376 0.0129270991 -0.00979817007
v -0.017216282 0.012897741 -0.00974880811
v -0.0172098409 0.0129052252 -0.00975576509
v -0.0172057152 0.0129114212 -0.00976152252
v -0.0172034875 0.0129154343 -0.00976525247
v -0.0172008593 0.012921527 -0.00977091491
v -0.017254211 0.0128821749 -0.00980161224
v -0.0172036607 0.0128761912 -0.00977738574
v -0.017193893 0.0128814485 -0.00978798606
v -0.017198965 0.0129277641 -0.0097767124
v -0.0172994025 0.0166135821 -0.00569075253
v -0.0172950402 0.0166136213 -0.00569084473
v -0.0172906872 0.0166137461 -0.00569112739
v -0.0172863491 0.016613951 -0.0056915991
v -0.0172820371 0.0166142397 -0.00569226034
v -0.0172777567 0.0166146103 -0.00569310877
v -0.0172735192 0.0166150611 -0.00569414301
v -0.0172693282 0.0166155901 -0.00569536164
v -0.0172651969 0.016616201 -0.00569676142
v -0.0172611289 0.0166168883 -0.00569834048
v -0.0172571335 0.016617652 -0.00570009509
v -0.0172532201 0.0166184921 -0.00570202293
v -0.0172493923 0.0166194048 -0.00570411934
v -0.0172456615 0.0166203901 -0.00570638105
v -0.0172420312 0.0166214444 -0.00570880296
v -0.0172385108 0.0166225675 -0.00571138086
v -0.017235104 0.0166237559 -0.00571411056
v -0.017231822 0.0166250095 -0.00571698509
v -0.0172286686 0.0166263208 -0.00572000118
v -0.0172227696 0.0166291222 -0.00572643057
v -0.0172174536 0.0166321341 -0.00573334983
v -0.0172087271 0.0166387055 -0.00574844377
v -0.0172127597 0.0166353378 -0.00574070634
v -0.0172053818 0.0166422147 -0.00575650297
v -0.0172027517 0.0166458376 -0.00576482341
v -0.0172008574 0.0166495461 -0.00577334175
v -0.0171997119 0.0166533124 -0.00578199234
v -0.0171993244 0.0166571066 -0.00579070952
v -0.017225381 0.0311842579 -0.00572851766
v -0.0172194857 0.0311778188 -0.00573494192
v -0.0172141716 0.0311708916 -0.0057418556
v -0.0172094796 0.0311635286 -0.00574920559
v -0.0172054488 0.0311557855 -0.0057569365
v -0.0172021054 0.0311477222 -0.00576498918
v -0.017199479 0.0311393943 -0.00577330263
v -0.0171975866 0.0311308745 -0.00578181352
v -0.0171964448 0.0311222188 -0.00579045713
v -0.0171960611 0.0311134998 -0.00579916686
v -0.0172318164 0.0311901551 -0.00572263217
v -0.0172352195 0.0311928894 -0.00571990479
v -0.0172387399 0.0311954692 -0.00571732875
v -0.0172423702 0.0311978962 -0.00571490917
v -0.0172460992 0.0312001631 -0.00571264932
v -0.0172499269 0.0312022623 -0.00571055431
v -0.0172538403 0.0312041938 -0.0057086288
v -0.0172578339 0.031205954 -0.00570687559
v -0.0172619019 0.0312075354 -0.00570529792
v -0.0172660332 0.0312089417 -0.00570389861
v -0.0172702242 0.0312101617 -0.00570268137
v -0.0172744617 0.031211203 -0.00570164807
v -0.0172787402 0.0312120542 -0.00570080057
v -0.0172830522 0.0312127192 -0.00570013979
v -0.0172873903 0.031213196 -0.00569966808
v -0.0172917433 0.0312134847 -0.00569938589
v -0.0172961056 0.0312135778 -0.00569929369
v -0.017194882 0.0311166849 -0.00780352671
v -0.0171961989 0.0311296824 -0.00781654194
v -0.0171993878 0.031142354 -0.00782922842
v -0.0172040276 0.0311545655 -0.00784145948
v -0.0172080472 0.0311623011 -0.00784920435
v -0.0172127299 0.0311696548 -0.00785656925
v -0.0172209777 0.0311797913 -0.00786671881
v -0.0172303468 0.0311888959 -0.00787583925
v -0.017233748 0.0311916247 -0.00787857547
v -0.0172372647 0.0311942026 -0.00788115896
v -0.0172427539 0.0311977603 -0.00788472034
v -0.0172503982 0.0312019531 -0.00788892247
v -0.0172583777 0.031205466 -0.00789244287
v -0.0172687285 0.0312088784 -0.00789586548
v -0.0172645394 0.0312076602 -0.00789464079
v -0.0172946062 0.0312122907 -0.00789929274
v -0.0172880664 0.0312120561 -0.00789904967
v -0.0172815528 0.0312114321 -0.00789842755
v -0.0172751043 0.0312103443 -0.00789733417
v -0.017226167 0.0282107107 -0.00786970835
v -0.0172187034 0.0282102618 -0.00786176324
v -0.0172133967 0.0282098688 -0.00785483792
v -0.017208714 0.0282094553 -0.00784747768
v -0.0172046926 0.0282090176 -0.0078397356
v -0.0172013585 0.0282085612 -0.00783167407
v -0.0171987414 0.0282080919 -0.00782335084
v -0.0171968583 0.0282076132 -0.00781483296
v -0.0171957277 0.0282071233 -0.00780618237
v -0.0171953533 0.0282066334 -0.00779746659
v -0.0172310192 0.0282109585 -0.00787409768
v -0.0172344204 0.0282111149 -0.00787683111
v -0.0172379371 0.0282112584 -0.00787941366
v -0.0172415636 0.0282113981 -0.00788183976
v -0.0172472037 0.0282115862 -0.00788515713
v -0.0172530282 0.0282117538 -0.00788813923
v -0.0172590539 0.0282118991 -0.00789069198
v -0.0172652155 0.0282120239 -0.00789288897
v -0.0172715243 0.0282121245 -0.00789463241
v -0.0172779188 0.0282122027 -0.00789600704
v -0.0172844008 0.0282122549 -0.00789691228
v -0.0172909219 0.0282122865 -0.00789744034
v -0.0172952842 0.0282122921 -0.00789753813
v -0.0172914378 0.0247119628 -0.00829540286
v -0.0172958001 0.0247120578 -0.00829549041
v -0.0172805935 0.0247108694 -0.00829441939
v -0.0172870867 0.0247116759 -0.00829514395
v -0.0172741581 0.0247096848 -0.00829335954
v -0.0172555428 0.0247035641 -0.0082878815
v -0.0172616038 0.0247060247 -0.00829008222
v -0.0172496345 0.0247007553 -0.00828537066
v -0.0172349419 0.0246913917 -0.008276999
v -0.0172384568 0.0246939696 -0.00827930495
v -0.0171958841 0.0246120878 -0.00820614118
v -0.0171962567 0.0246207993 -0.00821392331
v -0.0171973873 0.0246294457 -0.00822164584
v -0.0171992704 0.0246379562 -0.00822925102
v -0.0172018856 0.0246462729 -0.00823668111
v -0.0172052179 0.0246543307 -0.0082438793
v -0.0172092393 0.0246620663 -0.00825079065
v -0.0172139201 0.02466942 -0.00825736299
v -0.0172192249 0.0246763397 -0.00826354511
v -0.0172251128 0.0246827696 -0.0082692923
v -0.0172315408 0.0246886611 -0.008274558
v -0.0172439478 0.0246975254 -0.00828248356
v -0.0172678288 0.0247080363 -0.00829188433
v -0.0172881894 0.0247109383 -0.00979548506
v -0.0171950385 0.0246177446 -0.00979536772
v -0.0171960182 0.0246266257 -0.00979537331
v -0.0171978194 0.0246355254 -0.00979537982
v -0.0172004662 0.0246443488 -0.00979538634
v -0.0172050614 0.0246552564 -0.00979539566
v -0.0172096379 0.0246635228 -0.00979540404
v -0.0172152687 0.0246716682 -0.00979541242
v -0.017225951 0.0246836599 -0.00979542732
v -0.0172366295 0.0246925168 -0.00979543943
v -0.0172305033 0.0246877708 -0.00979543291
v -0.0172447804 0.0246977732 -0.00979544781
v -0.017250685 0.0247009024 -0.00979545433
v -0.0172793102 0.0247099567 -0.00979547855
v -0.0172680803 0.0247075409 -0.00979546923
v -0.0172592737 0.0247046482 -0.00979546178
v -0.0171363894 0.0247117616 -0.00985851046
v -0.0171066374 0.0247994103 -0.00991375372
v -0.01719377 0.0246185958 -0.00980942976
v -0.0171918944 0.024631761 -0.00982235372
v -0.0171859879 0.0246552154 -0.00985017233
v -0.0172596611 0.0247599967 -0.00981763005
v -0.0172293074 0.0247358587 -0.00986346044
v -0.0172431264 0.02470484 -0.00987183116
v -0.0172222443 0.0246998593 -0.00989365485
v -0.0171277933 0.0247765537 -0.00993782096
v -0.017148139 0.0247583445 -0.00994901359
v -0.0171608683 0.0247421172 -0.00994387921
v -0.0171689484 0.0247482881 -0.00992312841
v -0.0171890631 0.0247165374 -0.00994088128
v -0.0172048584 0.0247031562 -0.00990671944
v -0.0172014814 0.024745103 -0.00985517912
v -0.0171921737 0.0247559007 -0.00987874158
v -0.0172087662 0.024742892 -0.00987833086
v -0.0172090568 0.0247178357 -0.00983709283
v -0.0172201451 0.0247446708 -0.00981508847
v -0.0172363147 0.0247182157 -0.00982370041
v -0.0172516108 0.0247188471 -0.00983701553
v -0.0172564834 0.0247106161 -0.00982392207
v -0.0172745734 0.024715988 -0.009820926
v -0.0172468331 0.0246941987 -0.00981193688
v -0.017251391 0.0247210916 -0.00980298128
v -0.017283434 0.024679048 -0.00980881788
v -0.0172288958 0.0246894117 -0.00980430935
v -0.0172053762 0.0246876385 -0.0098012751
v -0.0171792861 0.0246429015 -0.00983728375
v -0.0171735883 0.024666477 -0.00985775236
v -0.0172120817 0.0246721022 -0.00991100725
v -0.0172237251 0.0246758666 -0.00992393214
v -0.0172209032 0.0246734265 -0.00988588016
v -0.0172264446 0.0246644411 -0.00987462513
v -0.0171776898 0.0246722493 -0.0098425569
v -0.0171997137 0.0247114021 -0.009820709
v -0.0171580128 0.0246909466 -0.00979658682
v -0.0171953253 0.024655126 -0.00983123574
v -0.0172102321 0.0246826205 -0.00982333347
v -0.0172251798 0.0247028489 -0.009818919
v -0.0171930399 0.0246506799 -0.00981223118
v -0.0172317289 0.024647655 -0.00980484579
v -0.0172005184 0.0246457364 -0.00980232377
v -0.0172042325 0.0246291589 -0.00980542321
v -0.0171316117 0.0247477312 -0.00988808554
v -0.0171587821 0.0246920865 -0.00987223722
v -0.017142443 0.0247171205 -0.0098559577
v -0.0171839595 0.0246932525 -0.00989397708
v -0.017176671 0.0247072037 -0.00986312982
v -0.0171484351 -0.0251475796 -0.00985662267
v -0.0171505548 -0.0251433402 -0.00985560287
v -0.0171504132 -0.0251508858 -0.00985560287
v -0.0171668008 -0.0251214188 -0.00984575041
v -0.0171637889 -0.0251168646 -0.00984775461
v -0.0171664078 -0.025111625 -0.00984585565
v -0.0171710551 -0.0251023285 -0.00984213781
v -0.0171747729 -0.0250948872 -0.00983882137
v -0.0171819236 -0.0250980146 -0.00983847864
v -0.0171766598 -0.0250911191 -0.00983699877
v -0.0171792544 -0.0250859242 -0.00983431563
v -0.017213922 -0.0251430497 -0.00988071132
v -0.017209636 -0.0251806621 -0.00985162426
v -0.0171941221 -0.0251884218 -0.00985585805
v -0.0172032136 -0.0251321364 -0.00986173656
v -0.0172239728 -0.0251283664 -0.00984555017
v -0.0172330607 -0.0251489263 -0.00984677859
v -0.0172531102 -0.0250977594 -0.00987904239
v -0.017224947 -0.025173001 -0.00984653737
v -0.017235985 -0.0251674764 -0.00984221231
v -0.0172476247 -0.0251616538 -0.00983682927
v -0.0171804968 -0.025178697 -0.00986932125
v -0.0171628948 -0.0251674019 -0.00988482032
v -0.0171900894 -0.0251512509 -0.00989175681
v -0.0171577763 -0.0251821652 -0.00992194191
v -0.0171817634 -0.0251946077 -0.0098586008
v -0.0171645507 -0.0252032205 -0.00986169837
v -0.0171567556 -0.0252071191 -0.00986281969
v -0.0171467047 -0.0252121501 -0.00986401364
v -0.0171152037 -0.025227908 -0.00986603089
v -0.0171137098 -0.0252248719 -0.00986594521
v -0.0171284769 -0.0252212659 -0.00986549258
v -0.0171275884 -0.0252117664 -0.00989731681
v -0.017138442 -0.0252080467 -0.00986345764
v -0.0171427596 -0.0252141207 -0.00986440852
v -0.0171318054 -0.0251808558 -0.00986269861
v -0.0171362907 -0.0251718797 -0.009861378
v -0.0171373785 -0.0251809955 -0.00986104645
v -0.0171405468 -0.0251633674 -0.00985991303
v -0.017129954 -0.0251957532 -0.00986326486
v -0.0171263702 -0.0251917299 -0.00986400526
v -0.0171476472 -0.0251625944 -0.00985706504
v -0.0171415843 -0.0251612887 -0.0098595228
v -0.0171213243 -0.0252018273 -0.00986493658
v -0.0171238985 -0.0251966789 -0.00986449514
v -0.0171243679 -0.0251957364 -0.00986440666
v -0.0171157885 -0.0252129063 -0.00986565091
v -0.0171067659 -0.0252309591 -0.00986613333
v -0.0171111207 -0.0252222475 -0.00986600667
v -0.017163381 -0.0251176823 -0.00984804053
v -0.0171595123 -0.0251254197 -0.00985059235
v -0.017161902 -0.0251361821 -0.00984944589
v -0.0171557497 -0.0251329467 -0.00985284057
v -0.0172245242 -0.0251080152 -0.00990570895
v -0.0171763916 -0.0251309387 -0.00984118506
v -0.0172301959 -0.0250964109 -0.00988096185
v -0.0172021836 -0.0251249112 -0.0098157702
v -0.0171888918 -0.0251402054 -0.00990152825
v -0.0172709841 -0.0250280797 -0.0097026471
v -0.0172747988 -0.0250290651 -0.00970173348
v -0.0172683187 -0.0250431858 -0.00971996412
v -0.0172630958 -0.0251477417 -0.00982202217
v -0.0172740798 -0.02506488 -0.00986635592
v -0.0172903128 -0.0250320267 -0.00983571354
v -0.0172851365 -0.0251153987 -0.00978724938
v -0.0172938611 -0.0250965469 -0.00976698101
v -0.017297728 -0.0250131618 -0.00978476554
v -0.0173025578 -0.0250654817 -0.00973357167
v -0.0172954407 -0.0250323042 -0.00969873369
v -0.0173060559 -0.025032727 -0.00969834346
v -0.0172609035 -0.0250248481 -0.00970564596
v -0.0172637887 -0.0250258744 -0.00970469415
v -0.0172821842 -0.0250305999 -0.00970030949
v -0.0172958076 -0.0250028763 -0.00979442522
v -0.0172886904 -0.0250316188 -0.00969936606
v -0.0172305033 -0.0251156632 -0.00979907438
v -0.0172560476 -0.0250229258 -0.00970743131
v -0.0172568765 -0.0250385478 -0.00972319953
v -0.0172941741 -0.0250158906 -0.00981630385
v -0.0172503479 -0.0250203107 -0.00970986113
v -0.0172782037 -0.0250525139 -0.00983895361
v -0.0171963666 -0.0250386689 -0.00980892032
v -0.0171971805 -0.025035372 -0.00980714709
v -0.0171559211 -0.0250433739 -0.00978306867
v -0.0171986204 -0.0250290725 -0.00980376173
v -0.017194638 -0.0250451509 -0.00981240347
v -0.0172166377 -0.0250631813 -0.00982589368
v -0.0171926375 -0.0250520092 -0.00981608871
v -0.0171899647 -0.0250601899 -0.00982048642
v -0.0172562543 -0.0250565894 -0.00980858319
v -0.0172528606 -0.0250624288 -0.00982264709
v -0.0172254164 -0.0250509419 -0.00977946632
v -0.0172412079 -0.0250341948 -0.009803541
v -0.0172628108 -0.0250660256 -0.00986378733
v -0.0172392186 -0.0250475947 -0.00981978048
v -0.0171879474 -0.0250658281 -0.00982351694
v -0.0171864349 -0.0250697713 -0.0098256357
v -0.0172260813 -0.0250841342 -0.00986340083
v -0.0171808247 -0.0250827074 -0.00983258616
v -0.0172562972 -0.0250742529 -0.0098778354
v -0.0171992667 -0.0251043215 -0.00981893111
v -0.0172208995 -0.0251144357 -0.00980827864
v -0.0172055382 -0.0249768738 -0.00977569912
v -0.0172058195 -0.0249700733 -0.00977204181
v -0.0172061231 -0.0249765608 -0.009769639
v -0.0172059946 -0.0249595102 -0.00976636354
v -0.017206097 -0.0249628015 -0.00976330321
v -0.0172049794 -0.0249854755 -0.00978032406
v -0.0171853472 -0.0249875467 -0.00976529997
v -0.017204348 -0.0249925908 -0.00978414807
v -0.0172805376 -0.0250007864 -0.00979870837
v -0.0172032453 -0.0250022355 -0.00978933461
v -0.0171860773 -0.0250174385 -0.00978201907
v -0.0172022227 -0.0250095073 -0.00979324337
v -0.0172005985 -0.0250192042 -0.00979845691
v -0.0171998255 -0.0250232648 -0.00980063993
v -0.0172063801 -0.0249658935 -0.00976042915
v -0.0172108617 -0.0249947384 -0.00976206176
v -0.0171824787 -0.0250791386 -0.0098306695
v -0.0171838384 -0.0250760633 -0.0098290164
v -0.0173020419 -0.024972558 -0.0097767571
v -0.0172426738 -0.0250161532 -0.00971372146
v -0.0172353256 -0.0250112917 -0.00971823744
v -0.0172308013 -0.0250077303 -0.00972154737
v -0.017224839 -0.0250022523 -0.00972663611
v -0.0172183998 -0.0249947663 -0.00973359309
v -0.0172153898 -0.0249904618 -0.00973759498
v -0.0172125995 -0.0249856208 -0.0097420942
v -0.0172094163 -0.0249784663 -0.00974874292
v -0.0172292069 -0.0250484906 -0.00972844381
v -0.0172793623 -0.0250056777 -0.00978879258
v -0.0172075219 -0.0249722283 -0.0097545404
v -0.0171934944 -0.0250255913 -0.00975268334
v -0.0172282327 -0.0250565838 -0.00976625644
v -0.0173079614 -0.0212864112 -0.00566858053
v -0.017303599 -0.0212863702 -0.00566867227
v -0.0172313284 -0.0212708712 -0.00570425857
v -0.0172372255 -0.0212736726 -0.00569782872
v -0.0172403809 -0.0212749839 -0.0056948131
v -0.0172436628 -0.0212762356 -0.0056919381
v -0.0172470678 -0.0212774258 -0.00568920886
v -0.0172505882 -0.021278549 -0.00568663096
v -0.0172542185 -0.0212796014 -0.00568420906
v -0.0172579493 -0.0212805867 -0.00568194734
v -0.0172617771 -0.0212814994 -0.00567985047
v -0.0172656924 -0.0212823395 -0.00567792309
v -0.0172696877 -0.021283105 -0.00567616848
v -0.0172737539 -0.0212837923 -0.00567458943
v -0.0172778871 -0.0212844014 -0.00567318918
v -0.0172820762 -0.0212849323 -0.00567197101
v -0.0172863156 -0.021285383 -0.00567093631
v -0.0172905941 -0.0212857537 -0.00567008834
v -0.0172949061 -0.0212860405 -0.0056694271
v -0.017299246 -0.0212862473 -0.00566895492
v -0.0172260124 -0.0212678593 -0.00571117783
v -0.0172213186 -0.0212646555 -0.00571853388
v -0.0172172859 -0.021261286 -0.00572627177
v -0.0172139388 -0.0212577786 -0.00573433097
v -0.0172113106 -0.0212541558 -0.00574265141
v -0.0172094144 -0.0212504473 -0.00575116975
v -0.0172082689 -0.021246681 -0.00575982034
v -0.0172078833 -0.0212428849 -0.00576853752
v -0.0172339398 -0.00671573589 -0.00570634566
v -0.0172280427 -0.00672217272 -0.00571276993
v -0.0172227286 -0.00672909897 -0.00571968313
v -0.0172180384 -0.00673646247 -0.00572703313
v -0.0172140077 -0.00674420595 -0.00573476451
v -0.0172106642 -0.00675227121 -0.00574281719
v -0.0172080379 -0.00676059676 -0.00575113017
v -0.0172061455 -0.0067691193 -0.00575964153
v -0.0172050018 -0.00677777361 -0.00576828467
v -0.0172046181 -0.00678649452 -0.00577699486
v -0.0172403734 -0.00670983735 -0.0057004597
v -0.0172437783 -0.00670710439 -0.00569773279
v -0.0172472969 -0.00670452183 -0.00569515675
v -0.0172509272 -0.00670209574 -0.00569273718
v -0.017254658 -0.00669982983 -0.00569047732
v -0.0172584839 -0.0066977297 -0.00568838231
v -0.0172623992 -0.00669579767 -0.00568645634
v -0.0172663927 -0.0066940384 -0.00568470312
v -0.0172704589 -0.00669245515 -0.00568312546
v -0.0172745921 -0.00669105165 -0.00568172662
v -0.0172787812 -0.00668982882 -0.00568050938
v -0.0172830187 -0.0066887904 -0.00567947561
v -0.0172872972 -0.0066879373 -0.00567862857
v -0.0172916111 -0.00668727281 -0.0056779678
v -0.0172959492 -0.00668679643 -0.00567749608
v -0.0173003022 -0.00668650959 -0.00567721343
v -0.0173046645 -0.00668641366 -0.00567712169
v -0.0172034409 -0.00678330986 -0.00778135471
v -0.0172047578 -0.00677030999 -0.00779436994
v -0.0172079448 -0.00675763981 -0.00780705689
v -0.0172125846 -0.00674542552 -0.00781928655
v -0.0172166061 -0.00673769135 -0.00782703236
v -0.0172212869 -0.0067303367 -0.00783439726
v -0.0172295347 -0.00672020391 -0.00784454681
v -0.0172389057 -0.00671109697 -0.00785366725
v -0.0172440633 -0.00670707738 -0.00785769522
v -0.0172494482 -0.00670336466 -0.00786141399
v -0.0172550865 -0.00670005288 -0.00786473323
v -0.0172609109 -0.00669707404 -0.00786771718
v -0.0172669366 -0.00669452641 -0.00787027087
v -0.0172772855 -0.00669111218 -0.00787369348
v -0.0172730982 -0.00669233315 -0.00787246879
v -0.0173031632 -0.00668770121 -0.00787712075
v -0.0172966234 -0.0066879401 -0.00787687767
v -0.0172901116 -0.00668855896 -0.00787625555
v -0.0172836613 -0.00668964908 -0.00787516218
v 0.0192509331 0.00740294112 -0.00976915378
v 0.0192497987 0.00740293646 -0.00977780391
v 0.0192479175 0.00740293181 -0.00978632178
v 0.0192452986 0.00740292761 -0.00979464408
v 0.0192419663 0.00740292342 -0.00980270654
v 0.019237943 0.0074029197 -0.00981044769
v 0.0192332622 0.00740291644 -0.00981780794
v 0.0192279555 0.00740291364 -0.00982473232
v 0.0192220639 0.00740291132 -0.00983116869
v 0.0192156378 0.00740290945 -0.00983706675
v 0.0192087218 0.00740290759 -0.00984238181
v 0.0192013662 0.00740290666 -0.00984707382
v 0.0191936307 0.00740290619 -0.00985110831
v 0.0191855729 0.00740290619 -0.00985445175
v 0.0191772543 0.00740290619 -0.00985708088
v 0.0191687401 0.00740290713 -0.00985897426
v 0.01916009 0.00740290852 -0.00986011978
v -0.0192152876 0.0312419962 -0.00792990904
v -0.0192238279 0.031251885 -0.00793981366
v -0.0192311611 0.0312626995 -0.00795064308
v -0.0192351826 0.0312704332 -0.00795838889
v -0.0192385148 0.031278491 -0.00796645507
v -0.01924113 0.0312868059 -0.00797478203
v -0.0192430094 0.0312953182 -0.00798330549
v -0.0192441419 0.0313039608 -0.00799196027
v -0.0192088615 0.0312361047 -0.00792400818
v -0.019146787 0.0312127564 -0.00790060405
v -0.0191533193 0.0312130898 -0.00790094212
v -0.0191598143 0.0312139001 -0.0079017533
v -0.0191662461 0.031215081 -0.00790294074
v -0.0191704836 0.0312161203 -0.00790398195
v -0.0191767365 0.0312180426 -0.00790590979
v -0.0191848613 0.0312212016 -0.00790907722
v -0.0191926826 0.031225061 -0.00791294221
v -0.0191983208 0.0312283728 -0.00791626144
v -0.0192037039 0.0312320851 -0.00791998208
v -0.0191474333 0.0127412332 -0.00985779334
v -0.0191474296 0.012733845 -0.00986493379
v -0.0191495027 0.0126747591 -0.00979856588
v -0.0191474278 0.0127240866 -0.00987246539
v -0.0191474259 0.0127170999 -0.00987679418
v -0.0191474259 0.0127097787 -0.00988053344
v -0.019147424 0.0127021763 -0.00988365896
v -0.019147424 0.0126963258 -0.00988560822
v -0.0191474259 0.0126903551 -0.00988715142
v -0.0191474259 0.0126792127 -0.00988901593
v 0.0191513691 0.00738524552 -0.0098589221
v 0.0191513672 0.00737677747 -0.00985701568
v 0.0191535875 0.00740023749 -0.00976894516
v 0.0191513598 0.00736049563 -0.00985103752
v 0.0191513542 0.00735291792 -0.0098470794
v 0.0191589016 0.00735291652 -0.00984674413
v 0.0191513542 0.00735269161 -0.00984694716
v 0.0191513505 0.00734549155 -0.00984233804
v 0.0191620309 0.00734556094 -0.0098416023
v 0.0191513207 0.00731646782 -0.00981068239
v 0.0191513207 0.0073163365 -0.00981045607
v 0.0191553384 0.00731432391 -0.00980640668
v 0.0191512909 0.00730337575 -0.00976951048
v 0.0191512834 0.00730296876 -0.00976044778
v 0.0191527139 0.00738167483 -0.00976256374
v 0.019156076 0.00737869972 -0.00976350438
v 0.0191548727 0.00739333732 -0.00976107549
v 0.0191513021 0.00730642909 -0.00978658441
v 0.0191512965 0.00730453152 -0.00977811404
v 0.0191524234 0.00739717716 -0.00976216421
v 0.0191603489 0.00730337901 -0.00976044219
v 0.0191689506 0.00730453804 -0.0097604366
v 0.0191513095 0.00730905449 -0.00979485828
v 0.0191513151 0.00731238723 -0.00980287325
v 0.0191774201 0.00730643887 -0.00976043195
v 0.0191856921 0.00730906706 -0.00976042822
v 0.0191570558 0.00739423372 -0.00976334047
v 0.0191513281 0.00732106995 -0.00981788803
v 0.0191536769 0.00738836126 -0.00976978429
v 0.019193707 0.00731240259 -0.00976042449
v 0.0192013998 0.00731642032 -0.0097604217
v 0.019185083 0.00731984852 -0.00980417337
v 0.0192084294 0.00732103735 -0.00976541825
v 0.0191513356 0.00732927164 -0.00982795842
v 0.0191574637 0.00739592733 -0.00976629835
v 0.0191682093 0.00738804694 -0.00976373907
v 0.0191513449 0.00733864494 -0.00983707327
v 0.0191534441 0.0073964633 -0.0097660739
v 0.0191612337 0.00738800736 -0.00977666583
v 0.019221209 0.00734211318 -0.00979700126
v 0.0192086473 0.00732104015 -0.00976041984
v 0.0192087889 0.00732114073 -0.00976041984
v 0.019215567 0.00732634962 -0.00976041798
v 0.0192220006 0.00733224209 -0.00976041704
v 0.0192278977 0.00733867241 -0.00976041704
v 0.0192331597 0.00734552136 -0.00976041704
v 0.0191728435 0.0073483726 -0.00984107796
v 0.0191619452 0.0073943371 -0.00977601204
v 0.0191724636 0.00739251077 -0.0097732963
v 0.0191544145 0.00739111006 -0.00978911296
v 0.0192378312 0.0073528355 -0.00976041798
v 0.0191557948 0.0074016517 -0.00976209249
v 0.0192418527 0.00736052822 -0.00976041984
v 0.0192193277 0.00736468518 -0.00982273463
v 0.0192451924 0.00736854086 -0.00976042263
v 0.0192478243 0.00737681193 -0.00976042543
v 0.0191601329 0.00739982631 -0.00977469515
v 0.0192178544 0.00738774193 -0.0098330928
v 0.0192487556 0.00738348067 -0.00976895355
v 0.0191513728 0.00739384675 -0.00986008812
v 0.0191790778 0.00739202881 -0.00985560194
v 0.0192497279 0.00738528138 -0.00976042915
v 0.0192508921 0.00739388261 -0.00976043288
v -0.0191504676 0.0312140938 -0.00570046389
v -0.0191461053 0.0312139951 -0.00570055563
v -0.0191591587 0.0312148556 -0.00569970952
v -0.0191548206 0.0312143788 -0.00570018124
v -0.0191677511 0.0312163718 -0.00569820171
v -0.0191634707 0.0312155206 -0.00569904968
v -0.0191761777 0.0312186312 -0.00569595071
v -0.0191719886 0.031217413 -0.00569716794
v -0.019184377 0.0312216189 -0.0056929742
v -0.0191803109 0.0312200375 -0.00569455186
v -0.0191922858 0.0312253106 -0.00568929501
v -0.0191883706 0.0312233791 -0.00569122098
v -0.0191998426 0.0312296785 -0.00568494108
v -0.0191961117 0.0312274117 -0.0056872
v -0.0192103945 0.0312374178 -0.00567721762
v -0.019216828 0.0312433168 -0.00567133212
v -0.019222727 0.031249756 -0.0056649074
v -0.0192280412 0.0312566832 -0.00565799419
v -0.0192327294 0.0312640443 -0.00565064419
v -0.0192367621 0.0312717892 -0.00564291282
v -0.0192401037 0.0312798545 -0.0056348606
v -0.0192427319 0.0312881805 -0.00562654715
v -0.0192446224 0.0312967002 -0.00561803579
v -0.0192457661 0.0313053578 -0.00560939265
v -0.0192069914 0.0312346853 -0.00567994453
v -0.0192034729 0.0312321056 -0.00568252057
v -0.0191500224 0.0126720201 -0.00980002712
v -0.0192471109 0.0126743997 -0.00979570765
v -0.0191557202 0.0126688937 -0.0097913621
v -0.0192459654 0.0126807336 -0.0098015964
v -0.019244073 0.0126869716 -0.00980739482
v -0.0192414429 0.0126930643 -0.00981305726
v -0.0192381013 0.0126989661 -0.00981854275
v -0.0192340668 0.0127046332 -0.00982380845
v -0.0192293767 0.0127100209 -0.00982881524
v -0.0191556159 0.0126715628 -0.00979539938
v -0.0192240607 0.0127150891 -0.009833524
v -0.0191561487 0.0127409566 -0.00985754002
v -0.0191648006 0.0127401249 -0.00985677075
v -0.0191733167 0.0127387429 -0.00985549111
v -0.019181639 0.0127368243 -0.00985371042
v -0.01915209 0.0126716392 -0.00979591999
v -0.0191897005 0.0127343806 -0.00985144358
v -0.0191974435 0.0127314329 -0.00984870549
v -0.0192048028 0.0127280001 -0.00984551944
v -0.0192117263 0.0127241127 -0.00984190777
v -0.0192181617 0.012719797 -0.00983789936
v -0.0191602632 0.0126697337 -0.00979632605
v -0.0191540942 0.0126696331 -0.00979923829
v -0.0191502962 0.0126719922 -0.0098126987
v -0.0192211047 0.0126797818 -0.00985607691
v -0.0191774704 0.0126796588 -0.00988420937
v -0.0191561431 0.0126679372 -0.00988933071
v -0.0191647951 0.01266794 -0.00988819823
v -0.0191733129 0.0126679428 -0.00988631602
v -0.0191816334 0.0126679465 -0.00988369808
v -0.0191896968 0.0126679502 -0.0098803658
v -0.0191974379 0.012667954 -0.00987634249
v -0.0192047991 0.0126679586 -0.0098716598
v -0.0192117225 0.0126679633 -0.00986635406
v -0.019218158 0.0126679679 -0.0098604653
v -0.019224057 0.0126679735 -0.00985403638
v -0.019229373 0.0126679782 -0.00984711945
v -0.019234065 0.0126679838 -0.0098397648
v -0.0192380976 0.0126679894 -0.00983202923
v -0.019241441 0.0126679949 -0.00982397236
v -0.019241441 0.0126793608 -0.00982146617
v -0.0192440711 0.0126680005 -0.00981565379
v -0.0192459654 0.0126680052 -0.00980713777
v -0.0192471109 0.0126680108 -0.00979848951
v -0.0191581175 0.0166138355 -0.00569164008
v -0.0191667695 0.01661334 -0.00569050713
v -0.0191752855 0.0166125204 -0.00568862399
v -0.0191836096 0.0166113805 -0.00568600558
v -0.0191916712 0.0166099276 -0.00568267191
v -0.0191994142 0.0166081749 -0.00567864766
v -0.0192067754 0.0166061372 -0.00567396404
v -0.0192136988 0.0166038256 -0.00566865643
v -0.0192490928 0.0165742692 -0.00560077466
v -0.0192479473 0.0165780354 -0.00560942525
v -0.019246053 0.016581744 -0.00561794359
v -0.0192434229 0.0165853668 -0.00562626403
v -0.0192400776 0.016588876 -0.00563432323
v -0.0192360431 0.0165922437 -0.00564206066
v -0.0192313511 0.0165954474 -0.00564941717
v -0.0192260351 0.0165984593 -0.00565633643
v -0.0192201342 0.0166012608 -0.00566276629
v -0.0192169808 0.0166025721 -0.00566578191
v -0.0192102958 0.016605014 -0.00567138614
v -0.0192031451 0.0166071896 -0.00567638641
v -0.0191955864 0.0166090894 -0.00568074407
v -0.0191876758 0.0166106932 -0.00568442652
v -0.0191794764 0.0166119896 -0.00568740536
v -0.019171048 0.0166129712 -0.00568965822
v -0.0191624556 0.0166136306 -0.0056911679
v -0.0191537645 0.0166139584 -0.00569192227
v -0.0191494022 0.0166139994 -0.00569201447
v -0.0192482974 0.00741161872 -0.00979541428
v -0.0192471519 0.00741161359 -0.00980406255
v -0.0192452595 0.00741160801 -0.00981257856
v -0.0192426294 0.00741160288 -0.00982089713
v -0.019239286 0.0074115973 -0.00982895494
v -0.0192352515 0.00741159171 -0.0098366905
v -0.0192305595 0.00741158659 -0.00984404422
v -0.0192252453 0.007411581 -0.00985096116
v -0.0192193445 0.00741157634 -0.00985739008
v -0.019212909 0.00741157122 -0.00986327883
v -0.0192059856 0.00741156656 -0.00986858457
v -0.0191986244 0.00741156237 -0.00987326726
v -0.0191908833 0.00741155818 -0.00987729058
v -0.0191828217 0.00741155446 -0.00988062285
v -0.0191744994 0.00741155073 -0.0098832408
v -0.0191659816 0.00741154794 -0.009885123
v -0.0191573314 0.00741154514 -0.00988625642
v 0.0192289893 -0.002537956 -0.00691206288
v 0.0192336552 -0.00254526921 -0.00690473989
v 0.0192376673 -0.0025529589 -0.00689703878
v 0.0192409214 -0.00256076222 -0.00688922498
v 0.0192436185 -0.00256923633 -0.00688074017
v 0.0192455128 -0.00257770019 -0.0068722642
v 0.0192466676 -0.00258629746 -0.00686365692
v 0.0192470681 -0.00259457063 -0.0068553742
v 0.0192410722 -0.00256117433 -0.00688881241
v 0.0192237068 -0.00253107562 -0.0069189542
v 0.0192178451 -0.00252467906 -0.00692536077
v 0.0192114189 -0.00251878751 -0.00693126209
v 0.0192045737 -0.00251352857 -0.00693653058
v 0.0192080885 -0.00251611043 -0.0069339443
v 0.0192009881 -0.00251112529 -0.00693893805
v 0.0191972647 -0.00250885799 -0.00694121001
v 0.0191895738 -0.00250483863 -0.00694523705
v 0.0191934817 -0.00250677438 -0.00694329757
v 0.019185625 -0.00250309077 -0.00694698887
v 0.0191817693 -0.00250157691 -0.00694850599
v 0.0191735495 -0.00249893987 -0.00695115048
v 0.0191774778 -0.00250010239 -0.00694998493
v 0.0191813577 -0.0025014258 -0.0069486578
v 0.0191691015 -0.00249783136 -0.00695226202
v 0.0191648267 -0.00249696732 -0.00695312908
v 0.019173041 -0.00249880226 -0.00695128832
v 0.0191605594 -0.00249629514 -0.00695380382
v 0.0191565733 -0.0024958367 -0.00695426483
v 0.0191519149 -0.00249550492 -0.00695459917
v 0.0191558767 -0.00249577337 -0.00695432909
v 0.0191471614 -0.00249539083 -0.00695471559
v -0.0192483049 0.00740290806 -0.00978669431
v -0.0191634614 0.0074075046 -0.00978949014
v -0.0192462243 0.00738999993 -0.009786685
v -0.0191566106 0.00731198257 -0.00978928618
v -0.0191487055 0.00731160166 -0.00978657231
v -0.0191497467 0.00739902072 -0.00978884567
v -0.0191486999 0.00731200865 -0.00979563594
v -0.0191527959 0.00731405383 -0.0098077096
v -0.0191486944 0.00731316442 -0.00980423857
v -0.0191620551 0.00731311738 -0.00979718659
v -0.0191527251 0.00739663094 -0.0097904494
v -0.0191575978 0.00731928181 -0.00982349832
v -0.0191486869 0.00731506199 -0.00981270988
v -0.0191486813 0.00731768738 -0.00982098281
v -0.0191523582 0.00732094701 -0.00982868113
v -0.019154219 0.00740100676 -0.00979119539
v -0.0191504564 0.00740414066 -0.00979156792
v -0.0191486757 0.00732094608 -0.00982883945
v -0.0191486739 0.00732109416 -0.00982915517
v -0.0191486683 0.00732503505 -0.00983669329
v -0.0191534329 0.00739503931 -0.00978789944
v -0.0191929825 0.00732298801 -0.00979804061
v -0.0191556029 0.00740270922 -0.00978856813
v -0.019210415 0.00734582637 -0.00982900616
v -0.0191515218 0.00740961777 -0.00978819933
v -0.0191983767 0.00734408619 -0.00984087866
v -0.0191513877 0.00740591623 -0.00979329366
v -0.019149974 0.00740288198 -0.00979746692
v -0.0192268211 0.00735079404 -0.00979867112
v -0.0191486627 0.00732970284 -0.00984401256
v -0.0191486571 0.00733495923 -0.0098508643
v -0.0191486478 0.00734406384 -0.00986024924
v -0.0191486403 0.00735412445 -0.00986846257
v -0.0192131475 0.00735790608 -0.00984062348
v -0.0191968009 0.00735789351 -0.00985558052
v -0.0191502813 0.00740927085 -0.00979360938
v -0.0191574208 0.00731198397 -0.00978657883
v -0.0191486366 0.00736143719 -0.00987313874
v -0.019148631 0.00736912852 -0.00987716205
v -0.0191549677 0.00740896398 -0.00979552325
v -0.019166071 0.00731312484 -0.00978658535
v -0.019174587 0.00731501495 -0.00978659187
v -0.0191829074 0.00731763989 -0.00978659932
v -0.0191909652 0.00732098054 -0.00978660677
v -0.0191987045 0.00732500991 -0.00978661422
v -0.0192060601 0.00732969912 -0.0097866226
v -0.0192161947 0.00733795948 -0.00978663377
v -0.0192253031 0.00734733976 -0.00978664588
v -0.0192306116 0.00735426228 -0.00978665333
v -0.0192373116 0.00736549031 -0.00978666451
v -0.0192426592 0.00737742102 -0.00978667568
v -0.0191613305 0.0074089393 -0.00979169644
v -0.01916245 0.00740810717 -0.00979663432
v -0.0191486273 0.00737713976 -0.0098805055
v -0.0191486236 0.00738515798 -0.0098830713
v -0.0191840641 0.0073920954 -0.00987754576
v -0.0191570427 0.00738566509 -0.00988284592
v -0.0191486236 0.00738566322 -0.0098832082
v -0.0191486198 0.00739387842 -0.00988504663
v -0.019148618 0.00740213227 -0.00988618098
v -0.0191572998 0.00740282983 -0.00988587178
v -0.019148618 0.0074028275 -0.00988624524
v 0.019149119 -0.00258837221 -0.00985428039
v 0.019149119 -0.00258767675 -0.00985421706
v 0.019149119 -0.0025794215 -0.00985309295
v 0.0191491209 -0.00257120398 -0.00985126384
v 0.0191491209 -0.00257069874 -0.00985112693
v 0.0191491209 -0.00256267749 -0.00984857045
v 0.0191491209 -0.00255450443 -0.00984516367
v 0.0191491209 -0.00255482062 -0.00984531175
v 0.019149119 -0.00254696677 -0.00984122232
v 0.0191491172 -0.00253964821 -0.00983655453
v 0.0191491153 -0.00253279554 -0.00983129814
v 0.0191491116 -0.0025234113 -0.00982219446
v 0.019149106 -0.00251524826 -0.00981220417
v 0.019149106 -0.00251514767 -0.00981206167
v 0.0191491023 -0.00251052179 -0.00980481971
v 0.0191490985 -0.00250649755 -0.00979712885
v 0.019149093 -0.00250315527 -0.00978911761
v 0.0191490892 -0.00250052055 -0.00978084747
v 0.0191490836 -0.00249861297 -0.00977237895
v 0.0191490781 -0.00249744696 -0.00976377726
v 0.0191490706 -0.00249702926 -0.00975471456
v 0.0191577859 -0.00249741203 -0.00975470897
v 0.019166436 -0.00249855244 -0.00975470245
v 0.0191749521 -0.00250044256 -0.009754695
v 0.0191832725 -0.00250306772 -0.00975468755
v 0.0191913303 -0.00250640814 -0.0097546801
v 0.0191990696 -0.00251043821 -0.00975467265
v 0.0192064252 -0.00251512718 -0.0097546652
v 0.0192133449 -0.00252043968 -0.00975465681
v 0.0192197748 -0.00252633472 -0.00975464936
v 0.0192256682 -0.00253276783 -0.00975464191
v 0.0192309767 -0.00253969035 -0.00975463353
v 0.0192356613 -0.00254704896 -0.00975462608
v 0.0192396883 -0.00255478802 -0.00975461956
v 0.0192430243 -0.00256284862 -0.00975461211
v 0.0192465894 -0.00257542823 -0.0097546028
v 0.01924867 -0.00258833636 -0.00975459348
v -0.019167982 0.00731476396 -0.00698506646
v -0.01916367 0.007314099 -0.00698572723
v -0.0191593319 0.00731362263 -0.00698619895
v -0.0191549771 0.00731333625 -0.00698648114
v -0.0191506147 0.00731324032 -0.00698657334
v -0.0191848204 0.00731928181 -0.00698056957
v -0.019180689 0.00731787784 -0.00698196841
v -0.0191764981 0.00731665548 -0.00698318519
v -0.0191722605 0.00731561659 -0.00698421896
v -0.019200623 0.00732665649 -0.00697321771
v -0.0191967953 0.00732455589 -0.00697531272
v -0.0191928819 0.00732262433 -0.00697723869
v -0.0191888865 0.00732086506 -0.00697899191
v -0.0192149039 0.00733666355 -0.00696323533
v -0.0192115009 0.00733393058 -0.00696596224
v -0.0192079823 0.00733134802 -0.00696853828
v -0.0192043521 0.00732892193 -0.00697095832
v -0.0192213394 0.00734256255 -0.00695734937
v -0.0192272365 0.00734899938 -0.0069509251
v -0.0192325506 0.00735592563 -0.0069440119
v -0.0192372408 0.00736328913 -0.0069366619
v -0.0192412734 0.00737103214 -0.00692893052
v -0.019244615 0.00737909786 -0.00692087831
v -0.0192472432 0.00738742342 -0.00691256439
v -0.0192491338 0.00739594549 -0.0069040535
v -0.0192502774 0.00740460027 -0.00689541036
v 0.0191503279 -0.00259164441 -0.00975635741
v 0.0191599783 -0.00250902562 -0.00980051327
v 0.0191578213 -0.0025154613 -0.00981183629
v 0.0191516243 -0.00259150751 -0.00975973532
v 0.0191578344 -0.00255112769 -0.00984295551
v 0.0191578362 -0.00257130433 -0.00985088944
v 0.0191578344 -0.0025884069 -0.00985389482
v 0.0192483906 -0.00259185676 -0.00976395514
v 0.0191549491 -0.00259559928 -0.00975512341
v 0.0191538502 -0.00259650848 -0.00975662749
v 0.0191650353 -0.00259311404 -0.00975784007
v 0.019153893 -0.0025948633 -0.00975714717
v 0.0191626921 -0.00259327819 -0.00977371354
v 0.0191546492 -0.0025926989 -0.0097629521
v 0.0191536527 -0.00259345048 -0.00977420807
v 0.0192486737 -0.00259705703 -0.00976330321
v 0.0192475412 -0.00259706168 -0.00977195334
v 0.0192456599 -0.00259706634 -0.00978047214
v 0.0192430411 -0.00259707053 -0.00978879444
v 0.0192397088 -0.00259707449 -0.00979685597
v 0.0192356855 -0.00259707822 -0.00980459712
v 0.0192310028 -0.00259708147 -0.00981195737
v 0.019225698 -0.00259708427 -0.00981888175
v 0.0192198064 -0.0025970866 -0.00982531905
v 0.0192133784 -0.00259708869 -0.00983121619
v 0.0192064624 -0.00259709032 -0.00983653124
v 0.0191991087 -0.00259709125 -0.00984122418
v 0.0191913713 -0.00259709195 -0.00984525774
v 0.0191833153 -0.00259709219 -0.00984860118
v 0.0191749968 -0.00259709172 -0.00985123031
v 0.0191664807 -0.00259709102 -0.00985312462
v 0.0191578325 -0.00259708962 -0.00985426921
v 0.0191533584 -0.00258492702 -0.00977383088
v 0.0191580467 -0.00258801505 -0.00976179168
v 0.0191952214 -0.00251570297 -0.00978938956
v 0.0191612728 -0.00258588069 -0.00975787546
v 0.0191555154 -0.00257928763 -0.00975870155
v 0.019158233 -0.00258338428 -0.00975718722
v -0.0191571899 -0.00248685223 -0.00698074792
v -0.0191528276 -0.00248675793 -0.00698084012
v -0.0191701949 -0.00248827226 -0.00697933184
v -0.0191744752 -0.0024891221 -0.00697848294
v -0.0191829037 -0.00249137683 -0.00697623007
v -0.0191787127 -0.00249015749 -0.00697744824
v -0.0191911031 -0.00249435706 -0.00697324984
v -0.019187035 -0.00249277754 -0.00697482936
v -0.0191990137 -0.00249803998 -0.00696956646
v -0.0191950984 -0.00249611237 -0.00697149429
v -0.0192065723 -0.00250239763 -0.00696520647
v -0.0192028414 -0.00250013638 -0.00696746912
v -0.0192171279 -0.00251012552 -0.00695747463
v -0.0192235652 -0.00251601427 -0.00695158169
v -0.0192294661 -0.00252244109 -0.00694515044
v -0.0192347821 -0.00252935709 -0.00693822885
v -0.019239476 -0.00253670942 -0.00693087
v -0.0192435123 -0.00254444196 -0.00692313025
v -0.0192468558 -0.0025524965 -0.00691506779
v -0.0192494895 -0.00256081088 -0.00690674456
v -0.0192513838 -0.00256932271 -0.00689822389
v -0.0192525312 -0.00257796654 -0.0068895705
v -0.019213723 -0.00250739674 -0.00696020527
v -0.0192102026 -0.00250481931 -0.0069627841
v -0.0191658828 -0.00248761009 -0.00697999308
v -0.0191615447 -0.00248713652 -0.00698046573
v 0.0192463044 -0.0130970543 -0.00975716114
v 0.0192451701 -0.013097059 -0.00976581126
v 0.0192432888 -0.0130970636 -0.00977432914
v 0.0192406699 -0.0130970683 -0.00978265144
v 0.0192373376 -0.013097072 -0.00979071297
v 0.0192333143 -0.0130970757 -0.00979845412
v 0.0192286316 -0.0130970785 -0.00980581529
v 0.0192233268 -0.0130970823 -0.00981273968
v 0.0192174353 -0.0130970841 -0.00981917605
v 0.0192110073 -0.013097086 -0.00982507411
v 0.0192040913 -0.0130970879 -0.00983038917
v 0.0191967376 -0.0130970888 -0.00983508117
v 0.019189002 -0.0130970897 -0.00983911566
v 0.0191809442 -0.0130970897 -0.00984245911
v 0.0191726256 -0.0130970897 -0.00984508824
v 0.0191641096 -0.0130970888 -0.00984698161
v 0.0191554613 -0.0130970869 -0.00984812621
v -0.0192499887 -0.00257533393 -0.00978085585
v -0.0192475282 -0.00256249285 -0.00978086237
v -0.0192432329 -0.00255014375 -0.00978086609
v -0.0192375313 -0.00253837695 -0.00978086889
v -0.0192301869 -0.00252756057 -0.00978087075
v -0.0192216355 -0.00251766993 -0.00978087075
v -0.019215202 -0.00251177768 -0.00978086982
v -0.0192082804 -0.00250646845 -0.00978086796
v -0.0192009229 -0.00250178273 -0.00978086609
v -0.0191931818 -0.00249775616 -0.00978086237
v -0.0191851221 -0.00249441946 -0.00978085957
v -0.0191768017 -0.00249179802 -0.00978085492
v -0.0191682838 -0.00248991186 -0.00978085026
v -0.0191596337 -0.00248877518 -0.0097808456
v -0.0191509183 -0.00248839636 -0.00978083909
v -0.0191509128 -0.00248878216 -0.0097895544
v -0.0191509128 -0.00248884596 -0.00979024917
v -0.0191509072 -0.00248998008 -0.00979850348
v -0.0191509016 -0.00249188766 -0.009806972
v -0.019150896 -0.00249452237 -0.00981524307
v -0.0191508923 -0.00249779061 -0.00982309598
v -0.0191508923 -0.00249793869 -0.00982341077
v -0.0191508885 -0.00250195479 -0.00983105786
v -0.019150883 -0.0025065653 -0.00983825792
v -0.0191508885 -0.00250182324 -0.00983083155
v -0.0191508792 -0.0025147784 -0.00984831899
v -0.0191508718 -0.00253101531 -0.00986267999
v -0.0191508755 -0.00252416264 -0.00985742267
v -0.0191537701 -0.00257661031 -0.00979984831
v -0.0191508699 -0.00254602963 -0.00987136178
v -0.0191508699 -0.00255404459 -0.00987469498
v -0.0191508699 -0.00256231846 -0.00987732038
v -0.0191508699 -0.00257078861 -0.00987921748
v -0.0191508718 -0.0025793917 -0.00988037325
v 0.0191467442 -0.0131061487 -0.00984809548
v 0.0191467404 -0.0131147495 -0.00984692946
v 0.0191497207 -0.0130995577 -0.00976233371
v 0.0191467386 -0.013123218 -0.00984502211
v 0.0191467348 -0.013131489 -0.0098423874
v 0.0191483516 -0.0131061655 -0.00976183079
v 0.0191467293 -0.0131394994 -0.00983904488
v 0.0191467255 -0.0131471921 -0.00983502064
v 0.0191467199 -0.0131545039 -0.0098303454
v 0.0191467106 -0.013167779 -0.00981918257
v 0.019146705 -0.0131736696 -0.00981274713
v 0.0191466548 -0.0131970281 -0.00974845514
v 0.0191553701 -0.013196649 -0.00974844955
v 0.0191498119 -0.0131246252 -0.00975268334
v 0.0191512965 -0.0131958015 -0.00976244546
v 0.0191521607 -0.0131966518 -0.00975475367
v 0.0191466622 -0.0131966202 -0.00975751784
v 0.0191685483 -0.0131941019 -0.00975629967
v 0.0191640221 -0.0131955119 -0.00974844396
v 0.0191466734 -0.0131935664 -0.00977459177
v 0.0191466678 -0.0131954644 -0.00976612139
v 0.0191725381 -0.013193626 -0.0097484393
v 0.0191466808 -0.013190941 -0.00978286564
v 0.019151479 -0.0131901838 -0.00978420395
v 0.0191494487 -0.0131046884 -0.0097501697
v 0.0191848893 -0.0131893354 -0.00974843372
v 0.0191466864 -0.0131876087 -0.00979088061
v 0.0191538744 -0.0131128319 -0.00975138973
v 0.0191488713 -0.0131836263 -0.00979842246
v 0.0191483218 -0.013105222 -0.00975367241
v 0.0191538744 -0.0131077468 -0.00975038856
v 0.0191966593 -0.0131836412 -0.00974842906
v 0.0191466995 -0.013178926 -0.00980589446
v 0.0191948898 -0.0131763192 -0.00978542306
v 0.0192074794 -0.0131763006 -0.00974842533
v 0.0191501025 -0.0131098293 -0.00975308754
v 0.0191467162 -0.013161351 -0.0098250797
v 0.0191551894 -0.0131134717 -0.00976059679
v 0.019153649 -0.0131045701 -0.00975586288
v 0.0191602763 -0.0131100789 -0.00975607149
v 0.0191589035 -0.0131069031 -0.00975113083
v 0.0192203186 -0.013164538 -0.00974842347
v 0.0192309245 -0.0131507255 -0.0097484244
v 0.0191705264 -0.0131578958 -0.00982398074
v 0.0192250367 -0.013141267 -0.0097914841
v 0.0191595014 -0.0131025435 -0.00975184049
v 0.019153107 -0.0131064542 -0.00976247992
v 0.0191524718 -0.01309988 -0.00975688174
v 0.0192179196 -0.0131332949 -0.00980819482
v 0.0192389693 -0.0131352805 -0.00974842813
v 0.0191598292 -0.0131003764 -0.00975725614
v 0.0191634744 -0.0131005235 -0.00975116901
v 0.0192164276 -0.0131122535 -0.00981816184
v 0.0192432646 -0.0131229311 -0.00974843279
v 0.0191922858 -0.0131122917 -0.00983600132
v 0.0192381237 -0.0131101105 -0.00978631247
v 0.0192457251 -0.01311009 -0.00974843837
v -0.019250555 -0.0025883792 -0.00978956465
v -0.0191630535 -0.00258587627 -0.00978432689
v -0.0192494094 -0.00258838455 -0.00979821291
v -0.0191575848 -0.00258426834 -0.00988040678
v -0.0191519056 -0.00258619618 -0.00978965685
v -0.0191795416 -0.00256330101 -0.00987311453
v -0.0191583689 -0.00258154375 -0.00979530998
v -0.0191560555 -0.00258663227 -0.00979126059
v -0.0191555209 -0.00258688116 -0.0097999135
v -0.0191577915 -0.00257651671 -0.00979572348
v -0.0191601552 -0.00258568325 -0.00979295466
v -0.0191569515 -0.00258638896 -0.00978568941
v -0.0191532783 -0.0025852304 -0.00978332665
v -0.019152388 -0.00257729972 -0.00979151297
v -0.0191673525 -0.00250977254 -0.00983981695
v -0.0191657208 -0.00257963408 -0.00978800654
v -0.019158436 -0.00250215107 -0.00983083621
v -0.019159589 -0.00258845277 -0.00988040585
v -0.0191730242 -0.00249819644 -0.00981706567
v -0.0191587918 -0.00249813357 -0.00982310064
v -0.0191682391 -0.00258845021 -0.00987927243
v -0.019176757 -0.00258844718 -0.00987739116
v -0.0191850793 -0.00258844369 -0.00987477321
v -0.0191931408 -0.00258843997 -0.00987144094
v -0.0192008838 -0.00258843577 -0.00986741669
v -0.0192082431 -0.00258843158 -0.00986273494
v -0.0192151666 -0.00258842693 -0.00985742919
v -0.019221602 -0.00258842204 -0.00985153951
v -0.0192275029 -0.00258841692 -0.00984511152
v -0.019232817 -0.00258841156 -0.00983819459
v -0.019237509 -0.00258840621 -0.00983083993
v -0.0192415435 -0.00258840085 -0.00982310437
v -0.0192448869 -0.00258839526 -0.00981504656
v -0.019247517 -0.00258838991 -0.00980672799
v -0.0191623196 -0.00256971642 -0.00978598464
v -0.0191543121 -0.00257429085 -0.00978368241
v -0.0191677883 -0.00258026994 -0.00978376996
v -0.0191678125 -0.00257150736 -0.00978567451
v -0.0191595946 -0.00248915935 -0.00978955999
v 0.019244181 -0.0131135797 -0.00832216535
v 0.0192422867 -0.013122092 -0.00831456203
v 0.0192396566 -0.0131304078 -0.00830713566
v 0.0192363113 -0.0131384619 -0.00829994306
v 0.0192322768 -0.0131461956 -0.0082930373
v 0.019227583 -0.0131535484 -0.00828647055
v 0.019222267 -0.0131604644 -0.00828029495
v 0.0192163661 -0.0131668914 -0.00827455614
v 0.0192099307 -0.0131727811 -0.00826929882
v 0.0192047656 -0.0131767979 -0.00826571323
v 0.0191993751 -0.0131805092 -0.00826240052
v 0.0191937312 -0.0131838191 -0.00825944636
v 0.0191879012 -0.0131867947 -0.00825679209
v 0.0191818736 -0.01318934 -0.0082545206
v 0.0191757064 -0.0131915305 -0.00825256761
v 0.0191693977 -0.0131932665 -0.00825101789
v 0.0191629995 -0.0131946346 -0.00824979972
v 0.0191586874 -0.0131952977 -0.00824921019
v 0.01915217 -0.0131959133 -0.00824866258
v 0.0191456322 -0.0131961498 -0.00824845582
v -0.0192529261 -0.0130883763 -0.00978342164
v -0.0192517806 -0.0130883818 -0.0097920699
v -0.0192498881 -0.0130883874 -0.00980058592
v -0.0192472581 -0.013088393 -0.00980890449
v -0.0192439146 -0.0130883986 -0.00981696136
v -0.0192398801 -0.0130884042 -0.00982469693
v -0.0192351881 -0.0130884089 -0.00983205158
v -0.019229874 -0.0130884144 -0.00983896852
v -0.0192239732 -0.0130884191 -0.00984539744
v -0.0192175377 -0.0130884247 -0.00985128619
v -0.0192106143 -0.0130884293 -0.00985659193
v -0.019203255 -0.0130884331 -0.00986127462
v -0.0191955119 -0.0130884377 -0.00986529794
v -0.0191874504 -0.0130884415 -0.00986863021
v -0.0191791281 -0.0130884452 -0.00987124816
v -0.0191706102 -0.013088448 -0.00987313036
v -0.0191619601 -0.0130884508 -0.00987426285
v 0.01914615 -0.00969591644 -0.00785050262
v 0.0191526879 -0.00969590433 -0.00785073731
v 0.0191592034 -0.0096958708 -0.00785135012
v 0.0191635173 -0.00969583448 -0.00785201043
v 0.0191699155 -0.00969575904 -0.00785337575
v 0.0191762242 -0.00969566219 -0.00785511173
v 0.0191803556 -0.00969558395 -0.00785651151
v 0.0191864204 -0.00969544705 -0.00785896555
v 0.0191923324 -0.00969528966 -0.00786177069
v 0.0191980246 -0.00969510898 -0.00786499679
v 0.0192035213 -0.00969490968 -0.00786854886
v 0.0192087423 -0.00969468709 -0.00787249114
v 0.0192153025 -0.00969436578 -0.00787823834
v 0.0192227792 -0.00969391968 -0.0078861732
v 0.0192280952 -0.00969353039 -0.00789309107
v 0.0192327872 -0.00969311688 -0.00790044572
v 0.0192368198 -0.00969268195 -0.00790818129
v 0.0192401633 -0.0096922284 -0.00791623909
v 0.0192427952 -0.00969175901 -0.00792455766
v 0.0192446876 -0.00969127938 -0.00793307368
v 0.0192458332 -0.0096907923 -0.00794172287
v -0.0192523655 -0.013101412 -0.00977469794
v -0.0191680901 -0.0130924918 -0.0097774975
v -0.0191533342 -0.0131883947 -0.00977457967
v -0.0191533286 -0.0131879877 -0.00978364237
v -0.0191543233 -0.0130965337 -0.00977547467
v -0.019153323 -0.013186831 -0.00979224592
v -0.0191588923 -0.013185001 -0.00979973283
v -0.0191622265 -0.0131807132 -0.00981150568
v -0.0191533156 -0.0131850019 -0.00980046298
v -0.0191533156 -0.0131848659 -0.00980096869
v -0.01915331 -0.0131823085 -0.00980899017
v -0.0191563033 -0.0130967842 -0.00977729354
v -0.0191569868 -0.0131790489 -0.00981668849
v -0.0191556234 -0.0131006101 -0.00978293736
v -0.0191533044 -0.0131790498 -0.00981684681
v -0.0191533044 -0.0131789027 -0.00981716253
v -0.0191532969 -0.0131749604 -0.00982470065
v -0.0191564318 -0.0130925989 -0.00977802463
v -0.0191605818 -0.0130979195 -0.00977905467
v -0.0191976111 -0.0131770084 -0.00978604797
v -0.0191624537 -0.0131006036 -0.00977680553
v -0.0191561505 -0.0130903786 -0.00977620762
v -0.0191560183 -0.0130940778 -0.00978129916
v -0.0191613417 -0.0131542003 -0.0098491041
v -0.0192314498 -0.0131492028 -0.00978667848
v -0.0191532914 -0.0131702926 -0.00983201992
v -0.0191532858 -0.0131650362 -0.00983887166
v -0.0191532802 -0.0131591465 -0.00984530803
v -0.0191532746 -0.0131527176 -0.00985120516
v -0.019153269 -0.0131458715 -0.00985646993
v -0.0191549119 -0.0130907241 -0.00978161767
v -0.0191608127 -0.0131384432 -0.00986088626
v -0.0191663746 -0.013187441 -0.00977458898
v -0.0191532653 -0.0131386714 -0.00986107904
v -0.0191532653 -0.0131384451 -0.00986121129
v -0.0191532597 -0.0131308669 -0.00986516941
v -0.019160036 -0.0130915195 -0.00978505053
v -0.0191792157 -0.0131849814 -0.00977459922
v -0.019191565 -0.0131806852 -0.0097746104
v -0.0192033332 -0.0131749855 -0.00977462158
v -0.0192141496 -0.0131676402 -0.00977463368
v -0.0192240383 -0.0131590888 -0.00977464486
v -0.019232586 -0.0131491954 -0.00977465697
v -0.0192399248 -0.0131383752 -0.00977466814
v -0.0192439519 -0.013130636 -0.00977467559
v -0.019248601 -0.0131184151 -0.00977468584
v -0.0191659592 -0.0130910566 -0.0097797038
v -0.0191670787 -0.0130918892 -0.00978464168
v -0.019153256 -0.0131228557 -0.00986851193
v -0.0191532522 -0.0131148389 -0.00987107772
v -0.0192208868 -0.0131078819 -0.00984526519
v -0.0191886928 -0.0131079014 -0.00986555312
v -0.0191616714 -0.0131143313 -0.00987085328
v -0.0191532522 -0.0131143332 -0.00987121556
v -0.0191532485 -0.013106117 -0.00987305399
v -0.0191532467 -0.0130978636 -0.00987418834
v -0.0191619284 -0.0130971661 -0.00987387914
v -0.0191532467 -0.0130971689 -0.00987425167
v 0.0191440042 -0.0251845382 -0.00982416887
v 0.0191440061 -0.0252304301 -0.00984086562
v 0.0191440079 -0.025222294 -0.00983969122
v 0.0191440079 -0.0252142828 -0.00983785279
v 0.0191455521 -0.0252383128 -0.00975026842
v 0.0191440079 -0.0252045169 -0.00983465929
v 0.0191440061 -0.0251960829 -0.00983087253
v 0.0191440061 -0.025189735 -0.0098274881
v 0.0191452354 -0.0252336301 -0.00975331292
v 0.0191440023 -0.0251747798 -0.00981663726
v 0.0191439986 -0.0251673926 -0.00980949681
v 0.0192094576 -0.00667388691 -0.0078742858
v 0.0191492047 -0.00669586053 -0.00785231218
v 0.0191558916 -0.00669550663 -0.00785266422
v 0.019160226 -0.00669501862 -0.0078531513
v 0.0191644952 -0.00669434806 -0.00785382092
v 0.0191707425 -0.00669300184 -0.00785516575
v 0.0191732198 -0.00669238018 -0.00785578694
v 0.0191802103 -0.00669012358 -0.00785804261
v 0.0191892553 -0.00668648817 -0.00786167849
v 0.0191950612 -0.00668351306 -0.00786465406
v 0.0192006808 -0.00668020686 -0.00786796119
v 0.019204272 -0.00667780498 -0.007870364
v 0.0192175638 -0.00666666031 -0.00788151566
v 0.0192234367 -0.00666026678 -0.00788791478
v 0.0192286801 -0.00665346067 -0.0078947274
v 0.0192287806 -0.00665331632 -0.00789487176
v 0.0192334112 -0.00664607761 -0.00790211651
v 0.0192374382 -0.00663838908 -0.00790981203
v 0.0192407835 -0.00663038157 -0.007917827
v 0.0192433484 -0.00662236894 -0.00792584755
v 0.0192434881 -0.00662186136 -0.00792635605
v 0.0192453284 -0.00661365176 -0.00793457404
v 0.0192464981 -0.00660505565 -0.00794318039
v -0.0191543587 -0.0131875174 -0.00827458035
v -0.0191608947 -0.0131872771 -0.00827479642
v -0.0191695672 -0.0131863272 -0.00827565044
v -0.0191781186 -0.0131846229 -0.00827717502
v -0.0191844236 -0.0131828841 -0.00827873312
v -0.019190589 -0.0131806908 -0.00828069542
v -0.0191966109 -0.0131781427 -0.00828297436
v -0.0192024354 -0.0131751643 -0.00828563701
v -0.0192080755 -0.0131718516 -0.00828859862
v -0.0192134585 -0.0131681385 -0.00829191785
v -0.0192186162 -0.0131641189 -0.00829551183
v -0.0192279872 -0.0131550115 -0.00830365065
v -0.0192362368 -0.0131448787 -0.00831270777
v -0.0192409176 -0.013137524 -0.00831928011
v -0.019244941 -0.0131297885 -0.00832619052
v -0.0192482714 -0.0131217325 -0.00833338872
v -0.0192508884 -0.0131134158 -0.00834081881
v -0.0192527696 -0.0131049026 -0.00834842492
v -0.0192539021 -0.013096258 -0.00835614745
v 0.0192435291 -0.0252340175 -0.00974751171
v 0.0191532858 -0.0252396706 -0.00974319875
v 0.0192423724 -0.0252277143 -0.00975336973
v 0.0192404762 -0.0252215117 -0.00975913741
v 0.0192378517 -0.0252154525 -0.00976477191
v 0.0192345195 -0.0252095852 -0.00977022946
v 0.0192305706 -0.0252069533 -0.00977828633
v 0.0192305688 -0.0252040327 -0.00977539364
v 0.0192304384 -0.0252038669 -0.00977554731
v 0.0191635508 -0.0252320748 -0.00975339394
v 0.0192258377 -0.02519859 -0.00978045538
v 0.0192205813 -0.025193572 -0.00978512224
v 0.0191510022 -0.0252361968 -0.00974861812
v 0.0192146897 -0.0251888596 -0.00978950597
v 0.0192082617 -0.0251845419 -0.0097935237
v 0.0192014165 -0.0251806881 -0.00979710929
v 0.0191941038 -0.0251772646 -0.00980029628
v 0.0191901252 -0.0251809154 -0.00980684161
v 0.0191865712 -0.0251743719 -0.0098029878
v 0.0191862546 -0.0251742639 -0.00980308838
v 0.0191784017 -0.0251718741 -0.00980531611
v 0.0191466343 -0.0252364669 -0.00974730123
v 0.0191701315 -0.0251699425 -0.00980711263
v 0.0191616639 -0.0251685493 -0.00980841368
v 0.0191527195 -0.0252406932 -0.00984102208
v 0.0191613678 -0.0252406951 -0.00983987749
v 0.0191740431 -0.0252289791 -0.00983587187
v 0.0191698838 -0.0252406951 -0.00983798411
v 0.0191782024 -0.0252406951 -0.00983535498
v 0.0191901289 -0.0252289269 -0.00982907135
v 0.0191862583 -0.0252406951 -0.00983201154
v 0.0191939957 -0.0252406951 -0.00982797705
v 0.0191623699 -0.0252362117 -0.00975941308
v 0.0192013495 -0.0252406932 -0.00982328504
v 0.0192082655 -0.0252406914 -0.00981796999
v 0.0191589091 -0.0252386145 -0.00975089613
v 0.0192146935 -0.0252406895 -0.00981207192
v 0.019220585 -0.0252406877 -0.00980563555
v 0.0192258898 -0.0252406839 -0.00979871117
v 0.0192305725 -0.0252406821 -0.00979134999
v 0.0192345958 -0.0252406783 -0.00978360884
v 0.0192379281 -0.0252406746 -0.00977554731
v 0.019240547 -0.025240669 -0.00976722501
v 0.0192424282 -0.0252406653 -0.00975870714
v 0.0192435607 -0.0252406597 -0.00975005701
v 0.0191919692 -0.0252142269 -0.00982467644
v 0.0191530623 -0.025167698 -0.00980920997
v -0.0192229543 -0.00968570169 -0.00790445693
v -0.0192304198 -0.00968525279 -0.00791240204
v -0.0192357264 -0.00968486071 -0.00791932736
v -0.0192404073 -0.00968444441 -0.00792668853
v -0.0192444306 -0.00968400761 -0.00793442968
v -0.0192477629 -0.00968355313 -0.00794249214
v -0.0192503817 -0.00968308281 -0.00795081444
v -0.019252263 -0.00968260225 -0.00795933325
v -0.0192533974 -0.00968211424 -0.00796798337
v -0.0192164034 -0.00968602672 -0.00789870135
v -0.0192111861 -0.00968625024 -0.00789475162
v -0.019205695 -0.00968645327 -0.0078911921
v -0.0192000084 -0.00968663581 -0.00788795855
v -0.0191941001 -0.00968679599 -0.00788514502
v -0.0191880371 -0.00968693569 -0.00788268261
v -0.019181814 -0.00968705025 -0.00788066443
v -0.0191754829 -0.00968714431 -0.00787901226
v -0.0191690493 -0.00968721323 -0.00787782576
v -0.0191603787 -0.00968726911 -0.00787687022
v -0.0191538408 -0.00968728308 -0.00787662808
v 0.0192416515 -0.0336970501 -0.00974510983
v 0.019240519 -0.0336970538 -0.00975375995
v 0.0192386378 -0.0336970612 -0.00976227783
v 0.0192360189 -0.033697065 -0.00977060013
v 0.0192326866 -0.0336970687 -0.00977866165
v 0.0192286614 -0.0336970724 -0.00978640281
v 0.0192239806 -0.0336970761 -0.00979376398
v 0.0192186758 -0.0336970799 -0.00980068836
v 0.0192127842 -0.0336970799 -0.00980712473
v 0.0192063563 -0.0336970836 -0.0098130228
v 0.0191994403 -0.0336970836 -0.00981833786
v 0.0191920865 -0.0336970836 -0.00982302986
v 0.0191843491 -0.0336970873 -0.00982706435
v 0.0191762932 -0.0336970873 -0.0098304078
v 0.0191679746 -0.0336970873 -0.00983303692
v 0.0191594586 -0.0336970836 -0.0098349303
v 0.0191508103 -0.0336970836 -0.0098360749
v -0.0192238465 -0.00665799575 -0.00790773705
v -0.0192323867 -0.00664810743 -0.00791764166
v -0.01923972 -0.00663729338 -0.00792847108
v -0.0192437414 -0.00662955921 -0.00793621689
v -0.0192470718 -0.00662150281 -0.00794428308
v -0.0192496888 -0.00661318749 -0.00795261003
v -0.0192515682 -0.00660467474 -0.00796113349
v -0.0192527007 -0.00659603067 -0.00796978828
v -0.0192174204 -0.00666388776 -0.00790183619
v -0.019155344 -0.00668723602 -0.00787843205
v -0.0191618782 -0.00668690167 -0.00787877012
v -0.0191683713 -0.00668609375 -0.0078795813
v -0.0191748049 -0.00668491004 -0.00788076874
v -0.0191790406 -0.00668387255 -0.00788180996
v -0.0191852935 -0.00668194983 -0.0078837378
v -0.0191934202 -0.00667878892 -0.00788690522
v -0.0192012396 -0.00667493232 -0.00789077021
v -0.0192068778 -0.00667162007 -0.00789408945
v -0.0192122627 -0.00666790688 -0.00789780915
v -0.0191559829 -0.0252116416 -0.0098654395
v -0.0191559885 -0.0251661465 -0.00984276179
v -0.0191559922 -0.0251587592 -0.00983562134
v -0.0191559866 -0.0251725502 -0.00984791759
v -0.0191559847 -0.0251820181 -0.00985408016
v -0.0191559829 -0.0251902118 -0.00985836145
v -0.0191559829 -0.0251978152 -0.00986148696
v -0.0191559829 -0.0252056494 -0.00986397732
v -0.0191559847 -0.0252207797 -0.00986684393
v 0.0191420894 -0.0337147452 -0.00983487815
v 0.0191420857 -0.0337232165 -0.0098329708
v 0.0191433765 -0.0336985663 -0.00974095892
v 0.019142082 -0.0337314866 -0.00983033609
v 0.0191420782 -0.033739496 -0.00982699357
v 0.0191420745 -0.033747185 -0.00982296932
v 0.0191420689 -0.0337545015 -0.00981829409
v 0.0191446822 -0.0337016471 -0.00974271912
v 0.0191420596 -0.0337677747 -0.00980713125
v 0.0191420522 -0.0337736644 -0.00980069581
v 0.0191522948 -0.0337707214 -0.00980294682
v 0.0191420279 -0.0337908603 -0.00977101922
v 0.0191420279 -0.0337910131 -0.00977060944
v 0.0191488564 -0.0337901823 -0.00977174286
v 0.0191420093 -0.0337966122 -0.00974546652
v 0.0191431027 -0.033713989 -0.00973839033
v 0.0191420224 -0.0337935612 -0.00976254046
v 0.0191420168 -0.0337954648 -0.00975407008
v 0.0191510674 -0.0337966084 -0.00973639823
v 0.0191458315 -0.0337141789 -0.00973763876
v 0.0191596691 -0.0337954573 -0.00973639265
v 0.0191420354 -0.0337876044 -0.00977882929
v 0.0191431437 -0.0337012634 -0.00973919593
v 0.0191681385 -0.03379355 -0.00973638799
v 0.0191764124 -0.0337909237 -0.00973638427
v 0.0191444848 -0.0337012447 -0.00973739289
v 0.0191877037 -0.0337856561 -0.00974239409
v 0.019142041 -0.0337835923 -0.00978652388
v 0.0191420466 -0.0337789245 -0.00979384314
v 0.0191844255 -0.0337875895 -0.00973638054
v 0.0191921201 -0.0337835737 -0.00973637775
v 0.0191991497 -0.0337789543 -0.00974137336
v 0.0191622302 -0.0337916687 -0.0097608855
v 0.0192090701 -0.0337706991 -0.00974364486
v 0.0191420633 -0.0337613486 -0.00981302839
v 0.0191469118 -0.0337061137 -0.00974079408
v 0.0191474147 -0.0337018222 -0.00974190142
v 0.019156741 -0.0337130018 -0.0097433161
v 0.0191572811 -0.0337061286 -0.00973994657
v 0.0191993657 -0.0337789506 -0.00973637495
v 0.0191995073 -0.03377885 -0.00973637495
v 0.0192062873 -0.033773642 -0.00973637402
v 0.0192127209 -0.0337677486 -0.00973637309
v 0.0192186162 -0.0337613188 -0.00973637216
v 0.0192238782 -0.0337544717 -0.00973637309
v 0.0191472843 -0.0336996205 -0.0097399028
v 0.0192285515 -0.0337471552 -0.00973637402
v 0.019232573 -0.0337394625 -0.00973637588
v 0.0192359127 -0.0337314494 -0.00973637775
v 0.0191554688 -0.0337002948 -0.00973900501
v 0.0192385446 -0.033723183 -0.00973638147
v 0.019150041 -0.0336997062 -0.00974900555
v 0.0192132425 -0.0337122492 -0.00980450772
v 0.0192319211 -0.0337165259 -0.00977479201
v 0.0191420931 -0.0337061435 -0.00983604416
v 0.0192404483 -0.0337147117 -0.0097363852
v 0.0192415807 -0.0337064564 -0.00973638892
v 0.0192412697 -0.0337057672 -0.00974507164
v 0.0192416441 -0.0337057635 -0.00973638892
v -0.0191590264 -0.00668590004 -0.00567829143
v -0.0191546641 -0.00668599689 -0.00567838363
v -0.0191677175 -0.00668513728 -0.00567753753
v -0.0191633794 -0.00668561365 -0.00567800924
v -0.0191763081 -0.00668361969 -0.00567602972
v -0.0191720296 -0.00668447232 -0.00567687722
v -0.0191888679 -0.00667995494 -0.00567237986
v -0.019192934 -0.00667837169 -0.0056708022
v -0.0192046706 -0.00667258026 -0.005665028
v -0.0192083996 -0.00667031435 -0.00566276861
v -0.0192189515 -0.00666257273 -0.00565504516
v -0.0192253869 -0.0066566742 -0.00564915966
v -0.019231284 -0.00665023737 -0.0056427354
v -0.0192365982 -0.00664331065 -0.00563582173
v -0.0192412883 -0.00663594762 -0.00562847219
v -0.0192453209 -0.00662820414 -0.00562074082
v -0.0192486625 -0.00662013888 -0.00561268814
v -0.0192512907 -0.00661181333 -0.00560437515
v -0.0192531813 -0.00660329079 -0.0055958638
v -0.019254325 -0.00659463648 -0.00558722066
v -0.0192155503 -0.0066653057 -0.00565777253
v -0.0192120299 -0.00666788826 -0.00566034857
v -0.0192008428 -0.00667468039 -0.00566712301
v -0.0191969294 -0.00667661196 -0.00566904899
v -0.0191847365 -0.00668135844 -0.00567377871
v -0.0191805456 -0.00668258127 -0.00567499595
v -0.0191568471 -0.0252300091 -0.00977404136
v -0.0192556679 -0.0252255946 -0.00977353565
v -0.0191650819 -0.0252311658 -0.00976937357
v -0.0192545224 -0.0252192598 -0.00977942441
v -0.0192526318 -0.0252130218 -0.00978522282
v -0.0192500018 -0.0252069291 -0.00979088433
v -0.0192466583 -0.0252010264 -0.00979637075
v -0.0191628765 -0.025229143 -0.0097715389
v -0.0192426238 -0.0251953602 -0.00980163645
v -0.0192379337 -0.0251899716 -0.00980664324
v -0.0192326196 -0.0251849033 -0.00981135201
v -0.0191582143 -0.0252270456 -0.0097743338
v -0.0191647075 -0.0251590367 -0.00983536802
v -0.0191733576 -0.0251598693 -0.00983459875
v -0.0191818755 -0.0251612496 -0.00983331911
v -0.0191901978 -0.02516317 -0.00983153842
v -0.0191982593 -0.0251656119 -0.00982927158
v -0.0192096774 -0.0251778513 -0.0098320432
v -0.0192060005 -0.0251685604 -0.0098265335
v -0.0192133617 -0.0251719914 -0.00982334744
v -0.0192202833 -0.0251758788 -0.00981973577
v -0.0192267187 -0.0251801945 -0.00981572736
v -0.0191600341 -0.0252294093 -0.0097732041
v -0.0191596076 -0.0252314024 -0.00977046322
v -0.019164551 -0.025228817 -0.0097853113
v -0.0191647019 -0.0252320562 -0.00986715872
v -0.019173352 -0.0252320543 -0.00986602623
v -0.0191818699 -0.0252320506 -0.00986414403
v -0.0191901922 -0.0252320468 -0.00986152608
v -0.0191982538 -0.0252320431 -0.00985819381
v -0.0192059968 -0.0252320394 -0.00985416956
v -0.0192133561 -0.0252320357 -0.0098494878
v -0.0192202795 -0.0252320301 -0.00984418206
v -0.019226715 -0.0252320245 -0.00983829331
v -0.0192326158 -0.0252320208 -0.00983186439
v -0.01923793 -0.0252320152 -0.00982494745
v -0.019242622 -0.0252320096 -0.0098175928
v -0.0192466564 -0.025232004 -0.00980985723
v -0.0192499999 -0.0252319984 -0.00980180036
v -0.0192513149 -0.0252262224 -0.00979698636
v -0.01925263 -0.0252319928 -0.00979348179
v -0.0192545224 -0.0252319872 -0.00978496578
v -0.0192556679 -0.0252319816 -0.00977631751
v -0.0191666763 -0.0212861579 -0.00566946762
v -0.0191753265 -0.0212866515 -0.00566833466
v -0.0191838443 -0.0212874711 -0.00566645199
v -0.0191921666 -0.0212886129 -0.00566383358
v -0.0192002282 -0.0212900639 -0.00566049991
v -0.0192079712 -0.0212918166 -0.00565647567
v -0.0192153323 -0.0212938562 -0.00565179205
v -0.0192222558 -0.0212961677 -0.00564648444
v -0.0192576516 -0.0213257242 -0.00557860266
v -0.0192565043 -0.0213219579 -0.00558725325
v -0.0192546099 -0.0213182494 -0.0055957716
v -0.0192519799 -0.0213146266 -0.00560409157
v -0.0192486364 -0.0213111173 -0.00561215123
v -0.0192446001 -0.0213077478 -0.00561988866
v -0.0192399081 -0.0213045459 -0.00562724471
v -0.0192345921 -0.021301534 -0.00563416397
v -0.0192286931 -0.0212987326 -0.00564059382
v -0.0192255378 -0.0212974194 -0.00564360945
v -0.0192188527 -0.0212949794 -0.00564921414
v -0.019211702 -0.0212928019 -0.00565421442
v -0.0192041434 -0.0212909039 -0.00565857207
v -0.0191962346 -0.0212893002 -0.00566225452
v -0.0191880334 -0.0212880019 -0.00566523336
v -0.0191796049 -0.0212870222 -0.00566748623
v -0.0191710144 -0.0212863628 -0.00566899544
v -0.0191623215 -0.021286035 -0.00566975027
v -0.0191579591 -0.021285994 -0.00566984247
v -0.0192575771 -0.0336883739 -0.00977137033
v -0.0192564316 -0.0336883776 -0.00978001859
v -0.0192545392 -0.033688385 -0.0097885346
v -0.0192519091 -0.0336883888 -0.00979685318
v -0.0192485657 -0.0336883962 -0.00980491005
v -0.0192445312 -0.0336883999 -0.00981264561
v -0.0192398392 -0.0336884037 -0.00982000027
v -0.019234525 -0.0336884111 -0.0098269172
v -0.019228626 -0.0336884148 -0.00983334612
v -0.0192221887 -0.0336884223 -0.00983923487
v -0.0192152672 -0.033688426 -0.00984454062
v -0.019207906 -0.0336884297 -0.00984922331
v -0.019200163 -0.0336884335 -0.00985324662
v -0.0191921014 -0.0336884372 -0.00985657889
v -0.0191837791 -0.0336884409 -0.00985919684
v -0.0191752613 -0.0336884446 -0.00986107904
v -0.0191666111 -0.0336884484 -0.00986221153
v 0.0125507535 -0.0354955979 -0.00983949192
v 0.0125593543 -0.0354955979 -0.00983832497
v 0.0125678219 -0.0354955979 -0.00983641762
v 0.012576093 -0.0354955979 -0.00983378198
v 0.0125839449 -0.0354955979 -0.00983051304
v 0.0125842616 -0.0354955979 -0.00983036496
v 0.0125917932 -0.0354955979 -0.00982641336
v 0.0125990352 -0.0354955979 -0.00982178655
v 0.0125991786 -0.0354955979 -0.00982168689
v 0.012605953 -0.0354955941 -0.00981647149
v 0.0126153249 -0.0354955904 -0.0098073557
v 0.0126235262 -0.0354955867 -0.00979728438
v 0.0126281921 -0.035495583 -0.00978996512
v 0.0126321334 -0.035495583 -0.00978242699
v 0.0126322815 -0.035495583 -0.00978211127
v 0.0126355393 -0.0354955755 -0.0097742537
v 0.0126381638 -0.0354955718 -0.00976597983
v 0.0126400068 -0.0354955681 -0.00975780934
v 0.0126401139 -0.0354955681 -0.00975720864
v 0.0126412157 -0.0354955643 -0.0097489059
v 0.0191471372 -0.0354939811 -0.00453499239
v 0.0191557389 -0.0354939848 -0.00453382591
v 0.0191642065 -0.0354939848 -0.00453191716
v 0.0191724766 -0.0354939848 -0.00452928152
v 0.0191804878 -0.0354939848 -0.004525939
v 0.0191989113 -0.0354939811 -0.00451460434
v 0.0191882905 -0.0354939848 -0.0045218477
v 0.0191880651 -0.0354939848 -0.00452197902
v 0.0192087628 -0.0354939811 -0.00450607343
v 0.0192146543 -0.0354939774 -0.00449963752
v 0.0192222428 -0.0354939736 -0.00448912429
v 0.0192285907 -0.0354939662 -0.00447776914
v 0.0192318484 -0.0354939625 -0.0044699586
v 0.0192345474 -0.0354939587 -0.00446147984
v 0.0192364436 -0.035493955 -0.00445300946
v 0.0192319974 -0.0354939625 -0.00446954882
v 0.0192376003 -0.0354939513 -0.0044444059
v -0.0192563944 -0.0337060317 -0.00976264384
v -0.0192544945 -0.0337145068 -0.00976263732
v -0.0191621855 -0.0336895324 -0.00976376515
v -0.0192518663 -0.0337227769 -0.0097626308
v -0.0192485303 -0.03373079 -0.00976262428
v -0.0192445777 -0.033738371 -0.00976261683
v -0.0192442425 -0.0337383747 -0.00977016427
v -0.0192444474 -0.0337385982 -0.00976261683
v -0.019239841 -0.0337457992 -0.00976260938
v -0.0191720445 -0.0337000303 -0.00976546481
v -0.0192286894 -0.0337590836 -0.00976259355
v -0.0192222595 -0.0337649807 -0.00976258609
v -0.0191604812 -0.0336939283 -0.00976340752
v -0.0191670507 -0.0337879732 -0.00976253487
v -0.0191701949 -0.0337874368 -0.00976586528
v -0.01918412 -0.0337849073 -0.00976254791
v -0.0191756506 -0.0337868147 -0.00976254139
v -0.0191579796 -0.0337879807 -0.00977159105
v -0.0191588458 -0.033699505 -0.00976430718
v -0.0191609766 -0.0337859392 -0.00978390872
v -0.019157974 -0.0337868817 -0.00977989379
v -0.019157974 -0.0337867737 -0.0097804945
v -0.019192392 -0.0337822735 -0.00976255536
v -0.0192004032 -0.0337789394 -0.00976256281
v -0.01917951 -0.0337849855 -0.00977577455
v -0.0191579685 -0.0337849297 -0.00978866499
v -0.019157961 -0.0337823033 -0.00979693886
v -0.0191623271 -0.0337010399 -0.00976758916
v -0.019159032 -0.0336950496 -0.00976701546
v -0.019208096 -0.0337749161 -0.00976257026
v -0.0191600062 -0.0336913019 -0.00976447947
v -0.0192154106 -0.0337702446 -0.00976257864
v -0.0191579554 -0.0337789729 -0.00980495382
v -0.0191623084 -0.0337750204 -0.00981234852
v -0.0191579498 -0.0337750204 -0.00981253665
v -0.0191579498 -0.03377489 -0.00981276296
v -0.0192345828 -0.0337526537 -0.00976260193
v -0.0191609729 -0.0336965993 -0.00977191981
v -0.0191579424 -0.0337702893 -0.00981996767
v -0.0191579368 -0.0337650329 -0.00982682034
v -0.0191579312 -0.0337591432 -0.00983325578
v -0.0191579256 -0.0337527134 -0.00983915385
v -0.0191579219 -0.033745937 -0.00984436832
v -0.0191604625 -0.0336938575 -0.00977217127
v -0.0191650614 -0.0337457955 -0.00984416157
v -0.0191682354 -0.033693973 -0.0097760912
v -0.01915792 -0.0337457955 -0.00984446798
v -0.0191579163 -0.0337385535 -0.00984909385
v -0.0191579107 -0.0337308645 -0.0098531181
v -0.0191629436 -0.0336909369 -0.00976589695
v -0.019157907 -0.0337228514 -0.00985646062
v -0.0191579033 -0.033714585 -0.00985909533
v -0.0191626381 -0.0336925276 -0.00978232082
v -0.0192575548 -0.03369743 -0.00976264942
v -0.0191657264 -0.033689972 -0.00977187045
v -0.0191579014 -0.0337064154 -0.00986094959
v -0.019166531 -0.0337014832 -0.00986125786
v -0.0191579014 -0.0337058119 -0.00986105669
v -0.0191578977 -0.033697512 -0.00986216869
v 0.0126387989 -0.0355042852 -0.00976138003
v 0.0125504751 -0.0354975797 -0.00974241551
v 0.0126299309 -0.0355042964 -0.00978580117
v 0.0125495782 -0.0354980193 -0.00974673405
v 0.0125988144 -0.0355043113 -0.00982147083
v 0.0125797689 -0.0355043113 -0.00983182807
v 0.0125439931 -0.0355234295 -0.00974164624
v 0.0125443591 -0.0355017781 -0.00974075869
v 0.0125619629 -0.0355908349 -0.00976163242
v 0.0125469547 -0.0355070606 -0.00974443369
v 0.0125438115 -0.0355085358 -0.00974677783
v 0.0125438124 -0.0355022177 -0.00974446349
v 0.0125427572 -0.0355099104 -0.0097440891
v 0.0125849415 -0.0355630741 -0.00979910791
v 0.0125447391 -0.0355048701 -0.00975132734
v 0.0125456965 -0.0355003513 -0.00974799879
v 0.0125433411 -0.0355009064 -0.00975355506
v 0.0125416052 -0.03559516 -0.00974856783
v 0.0125416117 -0.0355940275 -0.00975721795
v 0.0125416173 -0.0355921425 -0.00976573583
v 0.0125416238 -0.0355895273 -0.00977405813
v 0.0125416303 -0.0355861895 -0.00978211965
v 0.0125416359 -0.0355821662 -0.00978986081
v 0.0125416424 -0.0355774835 -0.00979722105
v 0.012541648 -0.0355721749 -0.0098041445
v 0.0125416536 -0.0355662853 -0.00981058087
v 0.0125416592 -0.0355598591 -0.00981647801
v 0.0125416648 -0.0355529413 -0.00982179213
v 0.0125416694 -0.0355455875 -0.00982648414
v 0.0125416741 -0.0355378501 -0.00983051676
v 0.0125416778 -0.0355297923 -0.00983385928
v 0.0125416815 -0.0355214737 -0.0098364884
v 0.0125416853 -0.0355129577 -0.00983838085
v 0.0125460932 -0.035498593 -0.0097601898
v 0.012541688 -0.0355043076 -0.00983952451
v 0.0125471875 -0.0354986042 -0.0097489981
v 0.0125527512 -0.035508249 -0.00974655338
v 0.0125527745 -0.0355027467 -0.00974639785
v 0.0125517054 -0.0355027579 -0.00974245928
v 0.0126324892 -0.0355337933 -0.00975477137
v 0.0126142241 -0.0355630554 -0.00975099485
v 0.012641239 -0.0355042703 -0.00973983854
v 0.012640099 -0.0355129205 -0.00973983388
v 0.0126382075 -0.0355214365 -0.00973983016
v 0.0126355831 -0.0355297588 -0.00973982736
v 0.0126322433 -0.0355378166 -0.00973982457
v 0.0126282135 -0.0355455577 -0.00973982271
v 0.0126235243 -0.0355529115 -0.00973982178
v 0.0126182111 -0.035559833 -0.00973982085
v 0.0126123168 -0.0355662629 -0.00973982178
v 0.0126058832 -0.0355721526 -0.00973982271
v 0.0125989607 -0.0355774648 -0.00973982457
v 0.0125916023 -0.0355821475 -0.00973982643
v 0.012583863 -0.0355861746 -0.00973982923
v 0.0125758024 -0.0355895124 -0.00973983295
v 0.012567481 -0.035592135 -0.00973983668
v 0.0125589641 -0.03559402 -0.00973984133
v 0.0125503149 -0.0355951563 -0.00973984692
v 0.0192357916 -0.0355048329 -0.00445148954
v 0.0192299765 -0.0355026796 -0.00447342964
v 0.0191459917 -0.0354963914 -0.00444125524
v 0.0191878714 -0.0355026983 -0.00452164514
v 0.0191391539 -0.0355055258 -0.00443789409
v 0.0191420056 -0.0355143584 -0.00443753786
v 0.0191396177 -0.035495881 -0.0044368892
v 0.0191446487 -0.0355935432 -0.00444034766
v 0.019139817 -0.035501644 -0.00443968736
v 0.0191399958 -0.0354994722 -0.00444147456
v 0.0191462375 -0.0355845764 -0.00447669346
v 0.0191379897 -0.0355935469 -0.0044440683
v 0.0191379953 -0.0355924144 -0.00445271796
v 0.0191380009 -0.0355905294 -0.0044612363
v 0.0191380084 -0.0355879143 -0.00446955813
v 0.0191380139 -0.0355845764 -0.00447761966
v 0.0191380195 -0.0355805531 -0.00448536035
v 0.019138027 -0.0355758704 -0.00449272059
v 0.0191380326 -0.0355705619 -0.00449964497
v 0.0191380382 -0.0355646722 -0.00450608041
v 0.0191380437 -0.0355582461 -0.00451197755
v 0.0191380493 -0.0355513282 -0.0045172926
v 0.0191380531 -0.0355439745 -0.00452198414
v 0.0191380586 -0.0355362333 -0.00452601723
v 0.0191412959 -0.0354985222 -0.00444355281
v 0.0191380624 -0.0355281793 -0.00452936022
v 0.0191392768 -0.0354946777 -0.00443900656
v 0.0191380661 -0.035519857 -0.00453198841
v 0.019138068 -0.0355113447 -0.00453388179
v 0.0191380717 -0.0355026945 -0.00453502545
v 0.019142013 -0.0354969054 -0.00443652552
v 0.0191475581 -0.0354973562 -0.004437258
v 0.0191425383 -0.0355046131 -0.00443663448
v 0.0192376226 -0.0355026573 -0.00443533808
v 0.0192364808 -0.0355113074 -0.00443533389
v 0.0192345921 -0.0355198234 -0.00443533016
v 0.0192319658 -0.0355281457 -0.0044353269
v 0.019228626 -0.0355362035 -0.00443532458
v 0.0192245953 -0.035543941 -0.00443532271
v 0.0192199089 -0.0355512984 -0.00443532178
v 0.0192145966 -0.03555822 -0.00443532132
v 0.0192086995 -0.0355646461 -0.00443532132
v 0.0192022659 -0.0355705395 -0.00443532225
v 0.0191953462 -0.0355758518 -0.00443532411
v 0.0191879869 -0.0355805345 -0.00443532644
v 0.0191802457 -0.0355845615 -0.00443532923
v 0.019172186 -0.0355878994 -0.00443533296
v 0.0191638656 -0.035590522 -0.00443533715
v 0.0191553496 -0.035592407 -0.00443534181
v 0.0191466976 -0.0355935432 -0.00443534693
v 0.00409160741 -0.0355932526 -0.00975433178
v 0.00409161346 -0.0355921239 -0.00976298191
v 0.00409161951 -0.0355902389 -0.00977149978
v 0.00409162603 -0.03558762 -0.00977982208
v 0.00409163209 -0.0355842859 -0.00978788361
v 0.00409163814 -0.0355802625 -0.00979562383
v 0.00409164466 -0.0355755799 -0.00980298407
v 0.00409165025 -0.0355702713 -0.00980990846
v 0.0040916563 -0.0355643816 -0.0098163439
v 0.00409166142 -0.0355579555 -0.00982224103
v 0.00409166655 -0.0355510376 -0.00982755609
v 0.00409167167 -0.0355436839 -0.00983224716
v 0.00409167586 -0.0355359428 -0.00983628072
v 0.00409168005 -0.0355278887 -0.00983962324
v 0.00409168378 -0.0355195664 -0.00984225236
v 0.00409168703 -0.0355110541 -0.00984414481
v 0.00409168983 -0.035502404 -0.00984528847
v 0.0125474501 -0.0355926976 -0.00553984847
v 0.0125560993 -0.0355915651 -0.00553984288
v 0.0125646172 -0.0355896764 -0.00553983822
v 0.0125729376 -0.0355870575 -0.00553983403
v 0.0125809982 -0.0355837159 -0.00553983077
v 0.0125887375 -0.0355796926 -0.00553982798
v 0.0125960959 -0.0355750062 -0.00553982565
v 0.0126030194 -0.0355696976 -0.00553982379
v 0.012609452 -0.0355638042 -0.00553982286
v 0.0126153473 -0.0355573744 -0.00553982286
v 0.0126206595 -0.0355504565 -0.00553982332
v 0.0126253488 -0.035543099 -0.00553982425
v 0.0126293786 -0.0355353579 -0.00553982612
v 0.0126327192 -0.0355273001 -0.00553982845
v 0.0126353437 -0.0355189778 -0.00553983171
v 0.0126372343 -0.0355104655 -0.00553983543
v 0.0126383742 -0.0355018154 -0.00553983962
v 0.0136379907 -0.0355923064 -0.00444781967
v 0.0136379963 -0.0355911739 -0.00445646979
v 0.0136380028 -0.0355892889 -0.00446498813
v 0.0136380093 -0.0355866738 -0.0044733095
v 0.0136380149 -0.0355833359 -0.00448137103
v 0.0136380214 -0.0355793126 -0.00448911171
v 0.0136380279 -0.0355746299 -0.00449647196
v 0.0136380335 -0.0355693251 -0.00450339634
v 0.0136380391 -0.0355634354 -0.00450983178
v 0.0136380447 -0.0355570056 -0.00451572891
v 0.0136380503 -0.0355500877 -0.00452104397
v 0.013638055 -0.035542734 -0.00452573551
v 0.0136380596 -0.0355349965 -0.0045297686
v 0.0136380633 -0.0355269387 -0.00453311158
v 0.0136380671 -0.0355186202 -0.00453574024
v 0.0136380699 -0.0355101041 -0.00453763315
v 0.0136380726 -0.035501454 -0.00453877682
v 0.0191418566 -0.0355893858 0.00266465032
v 0.0191505067 -0.0355882533 0.00266465545
v 0.0191590227 -0.0355863646 0.00266466034
v 0.019167345 -0.0355837457 0.00266466429
v 0.0191754047 -0.0355804041 0.00266466802
v 0.019183144 -0.0355763808 0.00266467081
v 0.0191905033 -0.0355716944 0.00266467314
v 0.0191974249 -0.0355663858 0.00266467477
v 0.0192038566 -0.0355604924 0.0026646757
v 0.0192097537 -0.0355540663 0.00266467594
v 0.019215066 -0.0355471447 0.00266467547
v 0.0192197543 -0.0355397873 0.00266467431
v 0.019223785 -0.0355320461 0.00266467268
v 0.0192271248 -0.035523992 0.00266467012
v 0.0192297511 -0.0355156697 0.00266466709
v 0.0192316398 -0.0355071537 0.00266466336
v 0.0192327816 -0.0354985036 0.00266465917
v -0.0192120392 -0.0354853272 -0.00454810634
v -0.0192615669 -0.0354852714 -0.0044706664
v -0.0192584917 -0.0354852825 -0.00448773615
v -0.019260399 -0.0354852788 -0.0044792681
v -0.0192558561 -0.03548529 -0.00449600676
v -0.0192525126 -0.0354852937 -0.00450401753
v -0.0192484874 -0.0354852974 -0.00451170793
v -0.0192385465 -0.0354853086 -0.00452586636
v -0.0192438103 -0.0354853049 -0.00451902067
v -0.0192294288 -0.0354853161 -0.00453523919
v -0.0192193575 -0.0354853235 -0.00454343995
v -0.0192045011 -0.035485331 -0.00455204723
v -0.0192041844 -0.035485331 -0.00455219531
v -0.0191963278 -0.0354853347 -0.00455545308
v -0.0191880539 -0.0354853384 -0.00455807755
v -0.0191795826 -0.0354853421 -0.00455997465
v -0.0191709809 -0.0354853459 -0.00456112949
v -0.0126579544 -0.0354898609 -0.00976616237
v -0.0126567865 -0.0354898646 -0.00977476407
v -0.0126548782 -0.0354898721 -0.00978323258
v -0.0126522426 -0.0354898758 -0.00979150273
v -0.0126488991 -0.0354898833 -0.00979951397
v -0.0126425363 -0.0354898907 -0.00981086027
v -0.0126319835 -0.0354899019 -0.00982457679
v -0.012615745 -0.0354899131 -0.00983893592
v -0.0126225986 -0.0354899094 -0.00983367953
v -0.0126085393 -0.0354899168 -0.00984353665
v -0.012608313 -0.0354899168 -0.00984366797
v -0.0126007302 -0.0354899205 -0.00984761678
v -0.0125927143 -0.0354899243 -0.00985094998
v -0.0125844413 -0.035489928 -0.00985357352
v -0.01257597 -0.0354899317 -0.00985546969
v -0.0125673674 -0.0354899354 -0.00985662546
v 0.00408297591 -0.0354936868 -0.00984529965
v 0.00408961624 -0.0354961567 -0.00975316856
v 0.00399257056 -0.0355066471 -0.00974573474
v 0.00408360595 -0.0354954861 -0.00974656083
v 0.00399200898 -0.0354970731 -0.00975333247
v 0.00399502553 -0.0355194882 -0.00974572543
v 0.00407174695 -0.0354973078 -0.00974913035
v 0.00407353602 -0.035501346 -0.00974801742
v 0.0039976472 -0.0355278105 -0.00974571891
v 0.00400299672 -0.0355397426 -0.00974570867
v 0.00400735904 -0.0355463438 -0.00975491665
v 0.00408044411 -0.0354948081 -0.00974874664
v 0.0040829624 -0.0354968533 -0.00975143351
v 0.00408670446 -0.0354971811 -0.00974967238
v 0.00408796221 -0.0354971997 -0.00974686164
v 0.00400969526 -0.0355509706 -0.00974569749
v 0.00408271002 -0.0354949646 -0.00975103304
v 0.00401500473 -0.0355578922 -0.00974569004
v 0.00408111 -0.0355063491 -0.00975289475
v 0.00402089721 -0.0355643257 -0.00974568166
v 0.00408418244 -0.0354966186 -0.00975828338
v 0.00408498012 -0.0355050974 -0.00974753872
v 0.00403078739 -0.0355728753 -0.00974567048
v 0.00402578432 -0.0355066806 -0.00981955789
v 0.00404160423 -0.0355802216 -0.00974565838
v 0.00408808421 -0.0354996137 -0.0097528901
v 0.00405337103 -0.0355859213 -0.0097456472
v 0.00399201037 -0.0354936123 -0.00975445844
v 0.00408968655 -0.0355008356 -0.00975047611
v 0.0040891869 -0.0355063751 -0.00974844117
v 0.00399315497 -0.0354936197 -0.0097631067
v 0.00399504881 -0.0354936235 -0.00977162272
v 0.00399767794 -0.0354936309 -0.00977994129
v 0.00400102185 -0.0354936346 -0.00978799816
v 0.00400505541 -0.0354936421 -0.00979573373
v 0.00400974741 -0.0354936458 -0.00980308838
v 0.00401506294 -0.0354936533 -0.00981000531
v 0.00402096147 -0.035493657 -0.00981643423
v 0.00402739691 -0.0354936607 -0.00982232299
v 0.00403432176 -0.0354936682 -0.00982762873
v 0.00404168293 -0.0354936719 -0.00983231049
v 0.00404942362 -0.0354936756 -0.00983633474
v 0.00405748608 -0.0354936793 -0.00983966701
v 0.00406580791 -0.0354936831 -0.00984228496
v 0.00407432579 -0.0354936868 -0.00984416623
v 0.0040657199 -0.0355902202 -0.00974563602
v 0.00407856097 -0.0355926752 -0.00974562578
v 0.00408296101 -0.0355336964 -0.00983660202
v 0.0125442119 -0.0354947038 -0.00544429198
v 0.0125566451 -0.0354946516 -0.00534925703
v 0.0125771519 -0.0354941562 -0.00525561208
v 0.0126059046 -0.0354941115 -0.00516416598
v 0.0126425177 -0.0354940668 -0.00507557392
v 0.0126867136 -0.0354940258 -0.00499051018
v 0.0127381533 -0.0354939923 -0.00490962155
v 0.0127964485 -0.0354939587 -0.00483352412
v 0.012861155 -0.0354939327 -0.00476279808
v 0.012931779 -0.0354939103 -0.00469797943
v 0.0130077824 -0.0354938954 -0.00463956315
v 0.0130885886 -0.0354938805 -0.00458799396
v 0.013173582 -0.0354938768 -0.00454366254
v 0.0132621629 -0.0354943164 -0.00450707367
v 0.013353548 -0.0354943201 -0.00447817892
v 0.0134474123 -0.0355030932 -0.00445923954
v 0.0134575889 -0.0355719477 -0.00451584533
v 0.0134484051 -0.035497658 -0.00446443306
v 0.0135424016 -0.0355139412 -0.0044480986
v 0.0135461707 -0.0355813093 -0.00448931428
v 0.0135424631 -0.0354961827 -0.00444831373
v 0.0112277083 -0.0354920179 0.0106588192
v 0.0119248489 -0.0354986489 0.0106278192
v 0.0112277074 -0.0355006717 0.0106576849
v 0.0112277064 -0.0355091877 0.0106558017
v 0.0112277064 -0.03551751 0.0106531838
v 0.0119244466 -0.0355176851 0.0106232399
v 0.0112277074 -0.0355255716 0.0106498506
v 0.0119238803 -0.0355314575 0.0106167477
v 0.0112277083 -0.0355333127 0.0106458254
v 0.0112277092 -0.0355406739 0.0106411427
v 0.0112277111 -0.0355475992 0.010635836
v 0.0119226826 -0.0355509892 0.0106030228
v 0.0112277139 -0.0355540328 0.0106299464
v 0.0112277176 -0.0355599299 0.0106235174
v 0.0119214104 -0.0355639309 0.0105884075
v 0.0112277204 -0.0355652459 0.0106166005
v 0.0112277251 -0.035569936 0.0106092449
v 0.0112277288 -0.0355739668 0.0106015094
v 0.0119199622 -0.0355741419 0.0105717583
v 0.0112277335 -0.0355773158 0.0105934516
v 0.0119189043 -0.0355788022 0.0105595877
v 0.011227739 -0.0355799422 0.010585133
v 0.0112277446 -0.0355818346 0.010576617
v 0.0112277502 -0.0355829783 0.0105679687
v 0.0126165468 -0.0355053134 0.0105361901
v 0.0126062324 -0.0355036519 0.0104777459
v 0.0126124052 -0.0355511978 0.0105126984
v 0.0126098646 -0.0355641395 0.010498248
v 0.012601682 -0.0355226584 0.0104522053
v 0.0132978065 -0.0355055556 0.0103856465
v 0.0132824378 -0.0355038941 0.0103283217
v 0.0132798655 -0.0355149843 0.0103188325
v 0.0132845212 -0.0355725773 0.0103360219
v 0.0132798161 -0.0355797224 0.0103184255
v 0.0139441732 -0.0354973264 0.0101235732
v 0.0139359748 -0.0355004631 0.0101011936
v 0.0139457891 -0.0355728455 0.0101280203
v 0.0139395678 -0.0355799943 0.0101109007
v 0.014607368 -0.0355124176 0.00990812946
v 0.0145729138 -0.0354966447 0.00983432494
v 0.0145711945 -0.0355129689 0.00983071141
v 0.015226312 -0.0355127454 0.00958646368
v 0.0151855582 -0.0354969688 0.00951594301
v 0.0151835298 -0.0355132967 0.00951249246
v 0.0157676656 -0.0354922973 0.00914467685
v 0.015794836 -0.0355644599 0.00918347668
v 0.0157638118 -0.0355070755 0.00913929287
v 0.0163336415 -0.0354986712 0.00874619652
v 0.016309971 -0.0354924202 0.00871810503
v 0.0168844163 -0.0355075747 0.00831817742
v 0.0168181546 -0.0354907177 0.00825199671
v 0.01735612 -0.0355079807 0.00780410459
v 0.0172843467 -0.0354911201 0.0077439514
v 0.0177812297 -0.0355084017 0.00725087523
v 0.0177044868 -0.0354915373 0.00719720684
v 0.0181565005 -0.0355088301 0.00666270126
v 0.0181051008 -0.0355071425 0.00663303537
v 0.0181358196 -0.0355547033 0.00665077427
v 0.0180785432 -0.03550357 0.00661777845
v 0.0184790846 -0.035509266 0.00604405813
v 0.0184252951 -0.0355075747 0.00601898506
v 0.0184574369 -0.0355551392 0.00603397842
v 0.0183975063 -0.0355040021 0.00600610022
v 0.0187465195 -0.0355097018 0.00539965369
v 0.0186907463 -0.0355080105 0.0053793625
v 0.0187196694 -0.0355601273 0.00538989389
v 0.0186726898 -0.0355246589 0.00537283998
v 0.0186751839 -0.0355856158 0.00537368562
v 0.018956773 -0.0355101377 0.00473439321
v 0.0188823249 -0.0355016217 0.00471446337
v 0.0188840199 -0.0355235003 0.00471495092
v 0.0188915748 -0.0355837941 0.00471692299
v 0.0188793316 -0.0355869941 0.00471363543
v 0.019108247 -0.0355105698 0.00405333936
v 0.0190498009 -0.0355088711 0.00404304173
v 0.0190847237 -0.035556443 0.00404920382
v 0.0190340746 -0.0355239287 0.00404031156
v 0.0190417692 -0.0355842225 0.0040416168
v 0.0190292858 -0.0355874225 0.0040394091
v 0.0191997867 -0.0355109945 0.00336167542
v 0.0191945657 -0.0355276018 0.00336122513
v 0.0191865526 -0.0355430543 0.00336052803
v 0.0191759896 -0.035556864 0.00335960486
v 0.0191631969 -0.0355686285 0.00335848401
v 0.019148564 -0.0355779827 0.00335719949
v 0.0191325359 -0.0355846435 0.0033557904
v 0.0191199072 -0.0355878435 0.00335467863
v -0.0191646703 -0.0354877636 -0.00447368482
v -0.0192078818 -0.0354940444 -0.00454984093
v -0.019168321 -0.0354872905 -0.00447038515
v -0.0191635918 -0.0354982577 -0.00446551293
v -0.0191634167 -0.0354925171 -0.0044659921
v -0.0191648342 -0.0354910493 -0.00446272222
v -0.0191633366 -0.035495691 -0.00446254993
v -0.0191639923 -0.0354883 -0.00446364516
v -0.0191686787 -0.0354907624 -0.00446353015
v -0.019170722 -0.0355849043 -0.00446148356
v -0.0191793721 -0.035583768 -0.00446149008
v -0.0191878881 -0.0355818756 -0.00446149707
v -0.0191962086 -0.035579253 -0.00446150405
v -0.0192042664 -0.0355759077 -0.0044615115
v -0.0192120057 -0.0355718806 -0.00446151942
v -0.0192193612 -0.0355671905 -0.00446152687
v -0.0192262791 -0.0355618782 -0.00446153479
v -0.0192327108 -0.0355559848 -0.0044615427
v -0.0192386042 -0.0355495512 -0.00446155062
v -0.0192439128 -0.0355426297 -0.00446155807
v -0.0192485973 -0.0355352722 -0.00446156552
v -0.0192526244 -0.0355275273 -0.00446157297
v -0.0192559604 -0.0355194695 -0.00446157996
v -0.0192508735 -0.0355255269 -0.00448116846
v -0.019258583 -0.0355111472 -0.00446158648
v -0.0191664882 -0.0354864113 -0.00446330942
v -0.019260468 -0.0355026312 -0.00446159299
v -0.0192612205 -0.0354939848 -0.00447028084
v -0.019261606 -0.0354939811 -0.00446159858
v -0.0192568824 -0.0354939997 -0.00449152244
v -0.0191743709 -0.0354905166 -0.00446850248
v -0.019172322 -0.0354913734 -0.0044721216
v -0.0191642866 -0.0354888327 -0.00446732994
v -0.0191819556 -0.0355235673 -0.00455117878
v -0.019174641 -0.0355528221 -0.00453384733
v -0.0191619191 -0.0354940593 -0.00456114998
v -0.019161921 -0.0355027094 -0.00456000632
v -0.0191619247 -0.0355112255 -0.0045581134
v -0.0191619284 -0.0355195478 -0.00455548475
v -0.0191619322 -0.0355276018 -0.00455214176
v -0.0191619378 -0.0355353393 -0.00454810867
v -0.0191619415 -0.0355426967 -0.00454341713
v -0.0191619471 -0.0355496146 -0.00453810208
v -0.0191619527 -0.0355560407 -0.00453220494
v -0.0191619582 -0.0355619304 -0.0045257695
v -0.0191619638 -0.0355672389 -0.00451884512
v -0.0191619694 -0.0355719216 -0.00451148488
v -0.0191619769 -0.0355759412 -0.00450374419
v -0.0191619825 -0.0355792791 -0.00449568266
v -0.019161988 -0.0355818979 -0.00448736129
v -0.019163128 -0.0355837792 -0.00447876099
v -0.0191620011 -0.0355849117 -0.00447019283
v -0.0125609292 -0.0354916453 -0.00976721477
v -0.0126081249 -0.0354986303 -0.00984333269
v -0.0125754867 -0.0354941934 -0.00977625418
v -0.0125598628 -0.0355067514 -0.00975925568
v -0.0125606358 -0.0354994237 -0.00976064242
v -0.0125621976 -0.0355029032 -0.00975896046
v -0.0125963241 -0.0355691575 -0.00980431866
v -0.0125668999 -0.0355034471 -0.00976244826
v -0.0125633357 -0.0354944393 -0.00976109505
v -0.0125732394 -0.0355886407 -0.0097595593
v -0.0125638358 -0.0354968309 -0.0097583998
v -0.0125654889 -0.0354949199 -0.00975967012
v -0.0125953779 -0.0355821736 -0.00976568088
v -0.0125671094 -0.0355894938 -0.00975697953
v -0.0125757586 -0.0355883576 -0.00975698605
v -0.0125842756 -0.0355864652 -0.0097569935
v -0.0125925951 -0.0355838425 -0.00975700002
v -0.0126006538 -0.0355804972 -0.00975700747
v -0.0126083912 -0.0355764702 -0.00975701585
v -0.0126157477 -0.0355717801 -0.0097570233
v -0.0126226684 -0.0355664678 -0.00975703076
v -0.0126290983 -0.0355605707 -0.00975703914
v -0.0126349907 -0.0355541408 -0.00975704659
v -0.0126403002 -0.0355472192 -0.00975705404
v -0.0126449857 -0.035539858 -0.00975706149
v -0.0126490118 -0.0355321169 -0.00975706894
v -0.0126495818 -0.0355280936 -0.00977007207
v -0.0126523497 -0.0355240591 -0.00975707639
v -0.0126549704 -0.0355157368 -0.00975708291
v -0.0125670182 -0.0354920663 -0.00975952484
v -0.0126568563 -0.0355072208 -0.00975708943
v -0.0126579925 -0.0354985707 -0.00975709502
v -0.0126555245 -0.0354985818 -0.00977863371
v -0.0126430476 -0.0355007686 -0.00980846677
v -0.0126412706 -0.035517849 -0.00980494823
v -0.012562721 -0.0354945064 -0.00976333395
v -0.0125600602 -0.0354926102 -0.00976220891
v -0.0125617944 -0.0355046056 -0.00976980478
v -0.0125821838 -0.0355691649 -0.00981271267
v -0.0125696333 -0.0355765074 -0.00980536267
v -0.0125648454 -0.0355851762 -0.00978616998
v -0.0125583056 -0.0354986489 -0.00985664595
v -0.0125583084 -0.035507299 -0.00985550135
v -0.0125583122 -0.035515815 -0.00985360891
v -0.0125583159 -0.0355241336 -0.00985098071
v -0.0125583196 -0.0355321914 -0.0098476382
v -0.0125583243 -0.0355399288 -0.00984360464
v -0.0125583289 -0.0355472863 -0.00983891264
v -0.0125583345 -0.0355542041 -0.00983359851
v -0.0125583401 -0.0355606303 -0.00982770137
v -0.0125583457 -0.0355665199 -0.009821265
v -0.0125583513 -0.0355718285 -0.00981434155
v -0.0125583578 -0.0355765112 -0.00980698131
v -0.0125583634 -0.0355805308 -0.00979924016
v -0.0125583699 -0.0355838686 -0.00979117863
v -0.0125583764 -0.0355864875 -0.00978285726
v -0.012558382 -0.0355883688 -0.00977433939
v -0.0125583885 -0.0355895013 -0.00976568926
v 0.00399449235 -0.0280924328 -0.00976528041
v 0.00399353728 -0.0280933771 -0.0097566098
v 0.00400014268 -0.0280868094 -0.00978630688
v 0.00399794476 -0.0280889999 -0.00978014246
v 0.00399620039 -0.0280907359 -0.00977383461
v 0.00400567846 -0.0280812923 -0.00979815796
v 0.00400269497 -0.0280842669 -0.00979233254
v 0.0040153726 -0.0280716214 -0.00981264748
v 0.00401020888 -0.0280767716 -0.00980561506
v 0.00402263878 -0.0280643683 -0.00982077979
v 0.00402907608 -0.0280579403 -0.00982667319
v 0.00403600233 -0.0280510243 -0.00983198266
v 0.00404336536 -0.0280436706 -0.00983666908
v 0.00405110745 -0.0280359369 -0.00984069705
v 0.00405917177 -0.0280278809 -0.00984403491
v 0.00406749547 -0.0280195642 -0.00984665751
v 0.00407601567 -0.0280110501 -0.00984854437
v 0.00408466766 -0.0280024037 -0.00984968245
v 0.00407761568 -0.0355918668 -0.00835960638
v 0.00406477833 -0.0355894119 -0.00836493541
v 0.00405243272 -0.0355851166 -0.00837006141
v 0.00404066965 -0.0355794206 -0.00837494805
v 0.0040298556 -0.0355720781 -0.00837944075
v 0.00401996821 -0.0355635285 -0.00838354975
v 0.00401551509 -0.0355587378 -0.00838540122
v 0.00400521653 -0.0355446823 -0.00838968437
v 0.00400876952 -0.0355501771 -0.00838820636
v 0.00401134836 -0.0355536938 -0.00838713348
v 0.00399751449 -0.035529051 -0.00839289185
v 0.00400102418 -0.035537038 -0.00839142967
v 0.00399188651 -0.0355080254 -0.00839524157
v 0.00399306789 -0.0355144627 -0.00839474704
v 0.00399410399 -0.0355186984 -0.00839431491
v 0.00399532355 -0.0355228893 -0.00839380547
v 0.00279223546 -0.0355810747 0.0105622141
v 0.00279222988 -0.0355799347 0.0105708633
v 0.00279222452 -0.0355780423 0.0105793793
v 0.0027922194 -0.0355754122 0.0105876978
v 0.00279221451 -0.0355720669 0.0105957557
v 0.00279221032 -0.0355680361 0.0106034912
v 0.00279220636 -0.035563346 0.0106108459
v 0.00279220263 -0.0355580263 0.0106177637
v 0.00279219961 -0.0355521291 0.0106241927
v 0.00279219705 -0.0355456993 0.0106300823
v 0.00279219495 -0.035538774 0.010635389
v 0.00279219355 -0.0355314128 0.0106400717
v 0.00279219262 -0.0355236679 0.0106440959
v 0.00279219216 -0.0355156101 0.0106474292
v 0.00279219216 -0.0355072841 0.010650048
v 0.00279219286 -0.0354987681 0.0106519312
v 0.00279219402 -0.035490118 0.0106530646
v -0.0191755649 -0.0355807506 0.00263851369
v -0.019184215 -0.0355796106 0.00263850717
v -0.0191927291 -0.0355777219 0.00263850018
v -0.0192010496 -0.0355750956 0.00263849297
v -0.0192091092 -0.035571754 0.00263848552
v -0.0192168467 -0.0355677269 0.00263847806
v -0.0192242041 -0.0355630368 0.00263847015
v -0.019231122 -0.0355577245 0.00263846247
v -0.0192375518 -0.0355518274 0.00263845455
v -0.0192434471 -0.0355453975 0.00263844687
v -0.0192487556 -0.035538476 0.00263843918
v -0.0192534402 -0.0355311148 0.0026384315
v -0.0192574672 -0.0355233736 0.00263842428
v -0.0192608032 -0.0355153158 0.0026384173
v -0.0192634258 -0.0355069935 0.00263841078
v -0.0192653108 -0.0354984775 0.00263840449
v -0.0192664489 -0.0354898274 0.00263839867
v -0.013662003 -0.0355861522 -0.00446644099
v -0.0136619965 -0.0355850197 -0.00447509112
v -0.0136619899 -0.0355831385 -0.00448360946
v -0.0136619844 -0.0355805196 -0.00449193129
v -0.0136619778 -0.0355771817 -0.00449999282
v -0.0136619713 -0.0355731584 -0.00450773351
v -0.0136619657 -0.0355684794 -0.00451509375
v -0.0136619592 -0.0355631709 -0.00452201767
v -0.0136619536 -0.0355572812 -0.00452845357
v -0.013661948 -0.0355508551 -0.00453435071
v -0.0136619434 -0.0355439335 -0.00453966577
v -0.0136619387 -0.0355365798 -0.0045443573
v -0.0136619341 -0.0355288424 -0.00454838993
v -0.0136619294 -0.0355207846 -0.00455173338
v -0.0136619266 -0.035512466 -0.00455436157
v -0.0136619229 -0.03550395 -0.00455625495
v -0.0136619201 -0.0354952998 -0.00455739861
v -0.0125699742 -0.0355870351 -0.00555698108
v -0.0125786234 -0.0355858989 -0.0055569876
v -0.0125871394 -0.0355840065 -0.00555699458
v -0.0125954598 -0.0355813839 -0.00555700157
v -0.0126035186 -0.0355780385 -0.00555700902
v -0.012611256 -0.0355740115 -0.00555701694
v -0.0126186125 -0.0355693214 -0.00555702485
v -0.0126255322 -0.0355640091 -0.0055570323
v -0.012631963 -0.0355581157 -0.00555704022
v -0.0126378546 -0.0355516821 -0.00555704813
v -0.012643165 -0.0355447605 -0.00555705559
v -0.0126478504 -0.0355374031 -0.00555706304
v -0.0126518765 -0.0355296582 -0.00555707049
v -0.0126552135 -0.0355216004 -0.00555707747
v -0.0126578342 -0.0355132781 -0.00555708399
v -0.0126597211 -0.0355047621 -0.00555709051
v -0.0126608573 -0.035496112 -0.0055570961
v -0.00470839022 -0.0355912708 -0.00976033416
v -0.00470838416 -0.0355901383 -0.00976898428
v -0.00470837811 -0.035588257 -0.00977750216
v -0.00470837159 -0.0355856381 -0.00978582446
v -0.00470836554 -0.0355823003 -0.00979388598
v -0.00470835948 -0.0355782807 -0.00980162714
v -0.00470835343 -0.035573598 -0.00980898738
v -0.00470834738 -0.0355682895 -0.00981591083
v -0.00470834179 -0.0355623998 -0.0098223472
v -0.0047083362 -0.0355559736 -0.00982824434
v -0.00470833108 -0.0355490558 -0.00983355846
v -0.00470832596 -0.0355416983 -0.00983825047
v -0.00470832177 -0.0355339609 -0.00984228309
v -0.00470831757 -0.0355259031 -0.00984562561
v -0.00470831385 -0.0355175845 -0.00984825473
v -0.00470831059 -0.0355090685 -0.00985014718
v -0.0047083078 -0.0355004184 -0.00985129084
v 0.00244517531 -0.0355415568 -0.00683337077
v 0.00244430848 -0.0355377309 -0.00683547184
v 0.00244104979 -0.0355174392 -0.00684337784
v 0.00244062184 -0.0355132036 -0.00684441719
v 0.00243989984 -0.0355024487 -0.00684617646
v 0.00244027097 -0.035508927 -0.00684527121
v 0.00244184327 -0.035523694 -0.0068414514
v 0.00244314852 -0.0355318226 -0.00683828443
v 0.00244611059 -0.0355452858 -0.0068311044
v 0.002447112 -0.0355489105 -0.00682867784
v 0.00244874251 -0.0355541296 -0.0068247281
v 0.00245111925 -0.0355606824 -0.00681897206
v 0.00245440099 -0.0355681479 -0.00681102509
v 0.00245726202 -0.0355734564 -0.00680409884
v 0.00246030372 -0.0355781391 -0.00679673627
v 0.00246350258 -0.0355821624 -0.00678899372
v 0.002468555 -0.0355868079 -0.00677676732
v 0.00247379648 -0.0355900042 -0.00676408503
v 0.002477373 -0.0355911367 -0.00675543305
v 0.0027900862 -0.0355141014 0.0105581153
v 0.0027880522 -0.0354961343 0.010557021
v 0.00279147411 -0.0354858935 0.0105561735
v 0.0027837907 -0.0354814008 0.0106530814
v 0.00277973572 -0.0354944393 0.0106516145
v 0.00278936629 -0.0354886763 0.0105704879
v 0.00278000999 -0.0355350934 0.0106366314
v 0.00277544605 -0.0354814008 0.0106520168
v 0.00276722014 -0.0354814008 0.0106502539
v 0.0027658178 -0.0355008617 0.0106475651
v 0.00275917165 -0.0354814008 0.0106478063
v 0.0027903372 -0.0354829654 0.0105567696
v 0.00278400211 -0.0354938433 0.0105723115
v 0.00275135715 -0.0354814008 0.0106446911
v 0.0027438323 -0.0354814008 0.0106409295
v 0.00273665017 -0.0354814008 0.0106365494
v 0.00278790598 -0.0354888365 0.0105578871
v 0.00272986153 -0.0354814045 0.0106315808
v 0.00278012687 -0.0354863554 0.0105669061
v 0.00272351457 -0.0354814045 0.01062606
v 0.0027813511 -0.0354836583 0.0105611607
v 0.00278393342 -0.0354875252 0.0105599202
v 0.00271765422 -0.0354814082 0.0106200241
v 0.00271232193 -0.0354814082 0.0106135169
v 0.00271339272 -0.0355135351 0.0106053334
v 0.00274629542 -0.0355656929 0.0105809867
v 0.00270755519 -0.035481412 0.010606586
v 0.00278135668 -0.0354930498 0.010559692
v 0.00270338799 -0.0354814157 0.0105992779
v 0.00270072464 -0.0354944579 0.0105912909
v 0.00270299288 -0.035507299 0.0105903596
v 0.00270541548 -0.035515625 0.0105893621
v 0.00270849885 -0.0355236828 0.0105880909
v 0.00271221972 -0.0355314277 0.010586557
v 0.00271654991 -0.0355387852 0.0105847698
v 0.0027241786 -0.0355489254 0.010581621
v 0.00273284409 -0.0355580375 0.0105780428
v 0.00273923879 -0.0355633534 0.0105754025
v 0.00274603721 -0.0355680436 0.0105725937
v 0.00275318767 -0.0355720744 0.0105696395
v 0.00276063522 -0.0355754197 0.0105665624
v 0.00277225883 -0.0355789885 0.0105617577
v 0.00278071687 -0.0355799347 0.0105659319
v 0.00278418697 -0.0355810784 0.0105568292
v -0.0192364827 -0.0354894251 0.00333563169
v -0.0192344114 -0.0355023332 0.00333545916
v -0.0192281939 -0.0355208777 0.0033349304
v -0.0192162115 -0.0355415344 0.00333390175
v -0.0192027707 -0.0355557017 0.00333274319
v -0.019183211 -0.0355693437 0.00333105307
v -0.0191650633 -0.0355764851 0.0033294817
v -0.0191458631 -0.0354890414 0.0040276004
v -0.0190885626 -0.0354934409 0.00401750719
v -0.0191330519 -0.0355303325 0.00402537268
v -0.0190784466 -0.0355089717 0.0040156967
v -0.0191042554 -0.0355622545 0.00402033282
v -0.0190631766 -0.0355182253 0.00401298981
v -0.0189952794 -0.0354886763 0.00470903749
v -0.0189390797 -0.0354930796 0.00469398918
v -0.0189791676 -0.0355353765 0.00470475666
v -0.018964259 -0.0355536304 0.00470078178
v -0.0189114399 -0.035507571 0.0046865209
v -0.018785879 -0.0354883336 0.00537475757
v -0.0187311973 -0.0354927368 0.00535486639
v -0.0187240057 -0.0355056226 0.00535222469
v -0.0186994001 -0.0354960114 0.00534320483
v -0.0185183082 -0.0354944728 0.00601925794
v -0.0184635874 -0.0354992636 0.00599373318
v -0.0184342917 -0.035489589 0.00597999198
v -0.0181974303 -0.0354877263 0.00663893763
v -0.0181956291 -0.0355006345 0.00663790526
v -0.0181442406 -0.0354989767 0.00660822494
v -0.0181179009 -0.0354913399 0.00659294054
v -0.0178228635 -0.0354874656 0.00722777704
v -0.0178211592 -0.0355003774 0.007226591
v -0.0177725516 -0.0354987197 0.00719254464
v -0.0177460872 -0.0354890451 0.00717392517
v -0.0173984002 -0.0354872383 0.00778172957
v -0.0173968058 -0.0355001464 0.00778039917
v -0.0173377804 -0.0354916789 0.00773083558
v -0.0173686761 -0.0355578065 0.00775685022
v -0.0173300225 -0.0355069973 0.00772428
v -0.0169272721 -0.0354870446 0.00829657912
v -0.016862886 -0.0354839005 0.00823215488
v -0.0168852229 -0.0355696566 0.00825461745
v -0.0168721024 -0.0355759114 0.00824151747
v -0.0164130647 -0.0354868844 0.00876840949
v -0.0163636263 -0.0354876742 0.00870948937
v -0.0163963772 -0.0355456807 0.00874856673
v -0.0163633544 -0.0355131999 0.00870911404
v -0.0163683258 -0.0355734937 0.00871519092
v -0.0163601711 -0.0355767012 0.00870548747
v -0.0158596933 -0.0354867615 0.00919362716
v -0.0158058424 -0.0354825482 0.00911665428
v -0.0158197638 -0.0355733708 0.00913671032
v -0.0158100035 -0.0355771482 0.00912279356
v -0.0152713647 -0.0354866721 0.00956899766
v -0.0152302254 -0.0354861543 0.0094977282
v -0.0152552975 -0.0355516374 0.00954122562
v -0.0152310925 -0.0355145894 0.00949916337
v -0.0152323395 -0.0355755426 0.00950152986
v -0.0146525595 -0.0354866236 0.00989166368
v -0.0146177895 -0.0354861058 0.00981708243
v -0.0146389771 -0.035551589 0.00986259617
v -0.014618529 -0.035514541 0.00981858466
v -0.0146195684 -0.0355754942 0.00982104987
v -0.0140079875 -0.0354866125 0.0101591693
v -0.0139798503 -0.0354860947 0.0100818397
v -0.0139969941 -0.0355515778 0.010129028
v -0.0139804566 -0.0355145298 0.0100834016
v -0.0139812808 -0.035575483 0.0100859469
v -0.0133425528 -0.0354866385 0.0103694787
v -0.0133246304 -0.0354890712 0.0103026032
v -0.0133372825 -0.0355387591 0.0103498474
v -0.0133342333 -0.0355516039 0.0103384927
v -0.0133217331 -0.0355145559 0.0102915997
v -0.0133223347 -0.0355755128 0.0102942064
v -0.012661322 -0.0354867056 0.0105209919
v -0.0126512125 -0.0354911238 0.010463695
v -0.0126586547 -0.0355316848 0.0105058923
v -0.0126573229 -0.0355422869 0.0104983617
v -0.0126557378 -0.0355516672 0.0104893977
v -0.0126473699 -0.0355146192 0.0104415938
v -0.0126477461 -0.0355755761 0.0104442425
v -0.0119693875 -0.0354932658 0.0106115211
v -0.0119688418 -0.0355163291 0.0106052812
v -0.0119681386 -0.0355317853 0.0105972802
v -0.011967469 -0.0355423875 0.0105896611
v -0.0119666709 -0.0355517715 0.0105805928
v -0.0119654601 -0.0355623811 0.0105668362
v -0.0119641051 -0.0355704278 0.0105514536
v -0.0119626466 -0.0355756767 0.0105349123
v -0.011272287 -0.0354869477 0.010643471
v -0.0112722879 -0.0354955979 0.0106423376
v -0.0112722889 -0.0355041139 0.0106404545
v -0.0112722889 -0.0355124399 0.0106378356
v -0.0112722879 -0.0355204977 0.0106345024
v -0.011272287 -0.0355282426 0.0106304782
v -0.0112722851 -0.0355356038 0.0106257955
v -0.0112722833 -0.0355425291 0.0106204888
v -0.0112722814 -0.0355489589 0.0106145991
v -0.0112722777 -0.0355548598 0.0106081702
v -0.011272274 -0.0355601758 0.0106012523
v -0.0112722702 -0.0355648659 0.0105938977
v -0.0112722665 -0.0355688967 0.0105861621
v -0.0112722609 -0.035572242 0.0105781043
v -0.0112722563 -0.035574872 0.0105697857
v -0.0112722507 -0.0355767645 0.0105612697
v -0.0112722451 -0.0355779044 0.0105526214
v -0.0135663962 -0.03548887 -0.00446344772
v -0.0134712905 -0.0354878195 -0.00447550509
v -0.013377686 -0.035487853 -0.00449617812
v -0.0132862404 -0.0354878902 -0.00452493085
v -0.0131976483 -0.0354879312 -0.00456154393
v -0.0131125851 -0.0354879759 -0.00460573891
v -0.013031696 -0.0354880244 -0.00465718005
v -0.0129555985 -0.0354880765 -0.00471547525
v -0.0128860651 -0.035494756 -0.0047813151
v -0.0129316589 -0.0355605669 -0.00482715108
v -0.0128210848 -0.0354930647 -0.00485161599
v -0.0128754769 -0.0355544575 -0.00489748828
v -0.0127627356 -0.035493128 -0.00492752763
v -0.0128209218 -0.0355545133 -0.00496848486
v -0.0127112241 -0.0354931876 -0.00500823511
v -0.0127727622 -0.0355545692 -0.0050439667
v -0.0126669435 -0.0354932435 -0.00509312516
v -0.0127313649 -0.0355546251 -0.00512335869
v -0.0126302298 -0.0354933031 -0.00518155238
v -0.0126970448 -0.035554681 -0.0052060564
v -0.0126013616 -0.0354933627 -0.00527284201
v -0.0126700625 -0.0355547369 -0.00529143121
v -0.0125813223 -0.0354977511 -0.00536643481
v -0.0126379821 -0.0355665572 -0.00537658716
v -0.0125836432 -0.0354899913 -0.00536693539
v -0.0125701893 -0.0355086364 -0.0054614204
v -0.0126114599 -0.035575971 -0.00546516525
v -0.0125818709 -0.0355053805 -0.00546248723
v -0.0126494328 -0.0355410315 -0.00546853431
v -0.0125835957 -0.0354922637 -0.0054627154
v -0.00469535636 -0.0355906971 -0.00975161046
v -0.00470634876 -0.0354970172 -0.00975354109
v -0.00460874848 -0.0354916751 -0.00976032484
v -0.00469832961 -0.0354930088 -0.00975273736
v -0.00460988097 -0.0354916789 -0.00976897497
v -0.00468469504 -0.035494104 -0.00976054836
v -0.00461176364 -0.0354916863 -0.00977749284
v -0.00461438159 -0.03549169 -0.00978581514
v -0.00461771432 -0.0354916938 -0.0097938776
v -0.00469297823 -0.0354985148 -0.00975819305
v -0.00470333826 -0.0354929008 -0.00975495484
v -0.00462173764 -0.0354916975 -0.00980161875
v -0.00462641986 -0.0354917012 -0.009808979
v -0.00463172561 -0.0354917012 -0.00981590338
v -0.00469523016 -0.0355035998 -0.00976227969
v -0.00464084279 -0.0355256796 -0.00981688406
v -0.00463761482 -0.0354917049 -0.00982233975
v -0.00461774413 -0.0355318487 -0.00976378191
v -0.00469869422 -0.0354980491 -0.00975487381
v -0.00464087585 -0.0355596654 -0.00977975223
v -0.00469450746 -0.0354955159 -0.00977211166
v -0.00464404328 -0.0354917087 -0.00982823782
v -0.00469022244 -0.0355092771 -0.00975463446
v -0.0047055399 -0.0354940221 -0.00975613575
v -0.00465096068 -0.0354917087 -0.00983355287
v -0.00462412136 -0.0355445333 -0.00976019353
v -0.00465847785 -0.0355763771 -0.00976729486
v -0.00465831487 -0.0354917087 -0.00983824488
v -0.00470590964 -0.0354981422 -0.00975723285
v -0.00466605043 -0.0354917087 -0.00984227937
v -0.0046087564 -0.0355003849 -0.00975160487
v -0.00467828522 -0.0355374739 -0.0098351175
v -0.00467827031 -0.0355041325 -0.00984602422
v -0.00467410777 -0.0354917087 -0.00984562282
v -0.00461084163 -0.035513293 -0.00975159835
v -0.00461608218 -0.0355298966 -0.00975159183
v -0.00462178281 -0.0355416685 -0.00975158904
v -0.00462647201 -0.035549026 -0.00975158811
v -0.00463178381 -0.0355559438 -0.00975158811
v -0.00464757392 -0.0355709195 -0.00975158997
v -0.00465839356 -0.0355782621 -0.00975159276
v -0.00467016315 -0.0355839543 -0.00975159742
v -0.00468251389 -0.0355882458 -0.00975160301
v -0.00470642559 -0.0355000459 -0.0097618578
v -0.00469098845 -0.0355293155 -0.00984235574
v -0.00468242588 -0.0354917087 -0.00984825194
v -0.00469094748 -0.0355108716 -0.00984798837
v -0.00469094189 -0.0354917087 -0.00985014532
v -0.00469960039 -0.0355216339 -0.00984657183
v -0.00469959434 -0.035504695 -0.00985033624
v -0.00469959062 -0.0354917087 -0.00985129084
v 0.00264559942 -0.0231921282 -0.0097690681
v 0.00264478824 -0.023192931 -0.00976257492
v 0.00264975429 -0.0231879968 -0.00978599582
v 0.00264782738 -0.0231899153 -0.00977974106
v 0.00264678709 -0.0231909491 -0.00977550354
v 0.00265783607 -0.0231799409 -0.00980385859
v 0.0026534046 -0.0231843591 -0.00979510136
v 0.00266647921 -0.0231713168 -0.00981643517
v 0.00266252947 -0.0231752582 -0.0098112151
v 0.00266010244 -0.0231776815 -0.0098075876
v 0.00267374562 -0.0231640656 -0.00982456747
v 0.00268018316 -0.0231576376 -0.00983045995
v 0.0026871094 -0.0231507216 -0.00983577035
v 0.00269447197 -0.0231433678 -0.00984045677
v 0.00270221452 -0.0231356341 -0.00984448474
v 0.00271027861 -0.0231275782 -0.00984782167
v 0.00271860207 -0.0231192615 -0.00985044427
v 0.00272712251 -0.0231107473 -0.00985233113
v 0.0027357745 -0.0231020991 -0.00985347014
v 0.00111530081 -0.0355024934 -0.00684704119
v 0.00111621513 -0.035508927 -0.00684612012
v 0.00111707719 -0.0355132036 -0.00684525352
v 0.00111811468 -0.0355173983 -0.00684421137
v 0.00112004264 -0.035523627 -0.00684227515
v 0.00112320157 -0.0355317034 -0.00683910586
v 0.00112704909 -0.0355394781 -0.00683524692
v 0.00113035517 -0.0355450958 -0.00683193142
v 0.00113275682 -0.035548687 -0.00682952348
v 0.0011366884 -0.0355538838 -0.00682558259
v 0.00114711339 -0.0355649069 -0.00681513455
v 0.00115710055 -0.0355730616 -0.00680512702
v 0.00115724152 -0.0355731621 -0.00680498593
v 0.00116448116 -0.0355777852 -0.00679773232
v 0.00117201218 -0.0355817266 -0.00679018768
v 0.00117232522 -0.0355818719 -0.00678987475
v 0.00118430855 -0.0355864502 -0.00677787047
v 0.00119690434 -0.0355896652 -0.0067652557
v 0.00120515341 -0.0355907865 -0.00675699394
v 0.00120584655 -0.0355908498 -0.00675630011
v 0.00163045211 -0.035498973 0.00800125767
v 0.00162967702 -0.0354892313 0.00800241344
v 0.00163383945 -0.0355178975 0.00799619965
v 0.00163179263 -0.0355085731 0.00799925625
v 0.00163887488 -0.0355336107 0.00798867829
v 0.0016357766 -0.0355249606 0.00799330696
v 0.00164424034 -0.0355452858 0.00798066333
v 0.00164160272 -0.0355400629 0.00798460376
v 0.00164909381 -0.0355534218 0.00797341205
v 0.00165339455 -0.0355593227 0.00796698686
v 0.00165802275 -0.0355646387 0.00796007179
v 0.00166294293 -0.0355693325 0.00795272086
v 0.00166811771 -0.0355733633 0.00794498809
v 0.00167350785 -0.0355767123 0.00793693401
v 0.00167907227 -0.0355793387 0.00792861916
v 0.00168476859 -0.0355812348 0.00792010687
v 0.00169055338 -0.0355823785 0.00791146234
v 0.00279638055 0.0202746652 0.0106204627
v 0.00278803403 0.0202663224 0.0106194029
v 0.00277980627 0.0202580951 0.0106176445
v 0.00277175568 0.0202500466 0.0106152026
v 0.00276393956 0.0202422291 0.010612092
v 0.00275641307 0.0202347003 0.010608335
v 0.00274922932 0.0202275161 0.0106039587
v 0.00274243928 0.0202207211 0.0105989948
v 0.00273609092 0.0202143695 0.0105934767
v 0.00273022917 0.0202085022 0.0105874445
v 0.00272489549 0.0202031638 0.0105809411
v 0.00272012781 0.020198388 0.0105740121
v 0.00272243866 0.0202007033 0.0105775269
v 0.00271410984 0.0201923586 0.0105629293
v 0.00271595945 0.0201942138 0.0105667068
v 0.00271796691 0.0201962236 0.0105704032
v -0.0028367308 -0.0355798081 0.0105583752
v -0.00283673638 -0.0355786644 0.0105670234
v -0.00283674174 -0.0355767719 0.0105755394
v -0.00283674686 -0.0355741456 0.010583858
v -0.00283675152 -0.0355707966 0.0105919158
v -0.00283675594 -0.0355667658 0.0105996523
v -0.0028367599 -0.0355620757 0.010607007
v -0.00283676339 -0.0355567597 0.0106139239
v -0.00283676642 -0.0355508626 0.0106203537
v -0.00283676898 -0.035544429 0.0106262434
v -0.00283677108 -0.0355375037 0.0106315492
v -0.00283677271 -0.0355301425 0.0106362328
v -0.00283677364 -0.0355224013 0.010640257
v -0.0028367741 -0.0355143398 0.0106435902
v -0.0028367741 -0.0355060175 0.0106462082
v -0.0028367734 -0.0354975015 0.0106480913
v -0.00283677224 -0.0354888476 0.0106492257
v -0.00460998388 -0.0354993306 -0.00795148034
v -0.00461280206 -0.0355154276 -0.00795055833
v -0.00461079227 -0.0355058238 -0.00795121584
v -0.00461950852 -0.0355338342 -0.00794837344
v -0.00461564166 -0.0355248153 -0.00794963259
v -0.00462899404 -0.0355497263 -0.0079452889
v -0.00462414557 -0.0355424732 -0.0079468647
v -0.00463740434 -0.0355597399 -0.00794255361
v -0.00463301642 -0.0355548859 -0.00794397946
v -0.00464881025 -0.0355698615 -0.00793884881
v -0.0046635028 -0.035579212 -0.00793407671
v -0.00467543537 -0.0355845615 -0.00793020334
v -0.00468801754 -0.0355881192 -0.00792611949
v -0.00470092893 -0.0355901979 -0.00792192947
v -0.00469491864 -0.0148004275 -0.00986339524
v -0.00468627177 -0.0148090776 -0.00986224506
v -0.00467775762 -0.0148175955 -0.00986034703
v -0.00466944138 -0.0148259159 -0.00985771231
v -0.0046613859 -0.0148339756 -0.00985436421
v -0.0046536522 -0.014841713 -0.00985032599
v -0.00464629941 -0.0148490695 -0.00984562933
v -0.00463938341 -0.0148559893 -0.00984030962
v -0.00463295681 -0.01486242 -0.00983440876
v -0.00462706853 -0.0148683107 -0.00982796866
v -0.00461708289 -0.0148783019 -0.00981367752
v -0.00461934321 -0.0148760406 -0.00981741026
v -0.00462176418 -0.0148736183 -0.00982104056
v -0.00462434115 -0.0148710394 -0.00982456282
v -0.0046097287 -0.0148856612 -0.00979787018
v -0.00461130682 -0.0148840817 -0.0098019382
v -0.0046130605 -0.0148823271 -0.0098059345
v -0.00461498741 -0.0148803992 -0.00980984885
v -0.00460522948 -0.0148901641 -0.00978102721
v -0.00460607745 -0.0148893157 -0.00978530757
v -0.00460711122 -0.014888281 -0.00978954602
v -0.00460832939 -0.0148870619 -0.00979373697
v -0.00460381433 -0.0148915816 -0.00976802222
v -0.00460409699 -0.0148912985 -0.00977237616
v -0.0046045687 -0.0148908254 -0.00977671426
v -0.00167241343 -0.0355057083 0.00799752027
v -0.00167149783 -0.035499312 0.00799888652
v -0.00167357596 -0.0355120227 0.00799578335
v -0.00168611063 -0.0355462395 0.00797702745
v -0.00169004616 -0.0355526693 0.00797113497
v -0.00169434084 -0.0355585665 0.00796470325
v -0.00169896195 -0.0355638824 0.0079577826
v -0.00170387421 -0.0355685726 0.00795042422
v -0.00170904025 -0.0355726033 0.00794268493
v -0.00171442097 -0.0355759487 0.0079346234
v -0.00171997515 -0.035578575 0.0079263011
v -0.00172566075 -0.0355804674 0.00791778136
v -0.00173143425 -0.0355816074 0.00790912844
v -0.0016842871 -0.0355428308 0.00797975808
v -0.00168256427 -0.0355393142 0.00798233692
v -0.00168018963 -0.0355338193 0.00798589084
v -0.0016780321 -0.0355281271 0.00798911881
v -0.00167674327 -0.0355242118 0.00799104758
v -0.00167504116 -0.0355181843 0.00799359288
v -0.00167089468 -0.0354928337 0.00799978431
v -0.00273346319 0.0201935861 0.0105592133
v -0.00273531745 0.0201954432 0.010562988
v -0.00273949374 0.0201996192 0.0105702886
v -0.0027418083 0.0202019345 0.0105737997
v -0.00273732864 0.020197453 0.0105666816
v -0.00274426886 0.0202043951 0.0105772102
v -0.0027496086 0.0202097371 0.0105837071
v -0.00275547593 0.0202156082 0.0105897309
v -0.00276182895 0.0202219617 0.0105952397
v -0.00276862271 0.0202287603 0.0106001953
v -0.00277580926 0.0202359483 0.0106045613
v -0.00278333761 0.0202434789 0.010608308
v -0.00279115443 0.0202513002 0.0106114075
v -0.00279920478 0.0202593543 0.0106138391
v -0.00280743116 0.0202675834 0.0106155863
v -0.00281577534 0.0202759299 0.010616635
v -0.00283235591 -0.0355798081 0.0105565358
v -0.00283138989 -0.0355777182 0.0105704116
v -0.00283465581 -0.0354885571 0.0105510773
v -0.00281605148 -0.0355754681 0.0105711082
v -0.00283543416 -0.0354883336 0.0105533833
v -0.00283008185 -0.0354936644 0.0105558522
v -0.00282867486 -0.0355798118 0.0105530005
v -0.00281675276 -0.0355777293 0.0105579458
v -0.00280513382 -0.0355741642 0.0105627654
v -0.00279411487 -0.035568811 0.0105673354
v -0.00278374436 -0.0355621092 0.0105716344
v -0.0027773506 -0.0355567969 0.0105742849
v -0.0028230499 -0.0354950055 0.0105587607
v -0.00277140876 -0.0355509035 0.0105767464
v -0.00276596355 -0.0355444737 0.0105790021
v -0.00276105688 -0.0355375521 0.0105810342
v -0.00275672576 -0.0355301946 0.0105828261
v -0.00274788891 -0.0354801863 0.0105955591
v -0.00282899593 -0.0354837701 0.0105546014
v -0.00274469401 -0.0354889072 0.010587791
v -0.00274574757 -0.0354975574 0.0105873607
v -0.00274749333 -0.0355060734 0.0105866417
v -0.00274991826 -0.0355143957 0.0105856406
v -0.0027530035 -0.0355224535 0.0105843656
v -0.00275206636 -0.0354801826 0.0106028616
v -0.00283117988 -0.0354813561 0.0105552403
v -0.00275684241 -0.0354801752 0.010609787
v -0.00276218355 -0.0354801714 0.0106162867
v -0.00276805228 -0.0354801677 0.0106223132
v -0.0028291198 -0.0354851857 0.0105582215
v -0.00283364044 -0.0354850441 0.0105545139
v -0.00277440669 -0.0354801603 0.0106278267
v -0.00278470106 -0.035503909 0.0106312921
v -0.00278120185 -0.0354801565 0.010632786
v -0.00283489027 -0.0354837626 0.0105563393
v -0.00278839003 -0.0354801528 0.0106371567
v -0.00279592001 -0.0354801491 0.0106409071
v -0.00283259642 -0.0354830883 0.0105679808
v -0.00283335592 -0.0354934521 0.0105617745
v -0.00280373869 -0.0354801454 0.0106440112
v -0.00281179068 -0.0354801416 0.0106464475
v -0.002826866 -0.035572473 0.0105862813
v -0.00282001914 -0.0354801416 0.0106481994
v -0.00282836519 -0.0354801379 0.0106492527
v -0.00381079107 -0.0355032049 -0.00685020117
v -0.00381054799 -0.0354988687 -0.00685067847
v -0.00381198619 -0.0355149619 -0.00684785657
v -0.0038111303 -0.0355075151 -0.00684953528
v -0.00381424185 -0.035528414 -0.00684343278
v -0.00381343486 -0.0355243497 -0.00684501603
v -0.00381896785 -0.0355456844 -0.00683416473
v -0.00381719461 -0.0355401449 -0.00683764229
v -0.0038215993 -0.035552714 -0.0068290052
v -0.00382376346 -0.0355576947 -0.00682476163
v -0.00385692087 -0.0355897062 -0.00675975345
v -0.00385251036 -0.0355885774 -0.00676840032
v -0.00384816714 -0.0355866961 -0.0067769154
v -0.00384392403 -0.0355840772 -0.00678523397
v -0.00383981341 -0.0355807431 -0.00679329317
v -0.00383586669 -0.0355767198 -0.00680103106
v -0.00383211393 -0.0355720408 -0.00680838898
v -0.00382858375 -0.0355667323 -0.00681531103
v -0.00382530247 -0.0355608426 -0.00682174368
v -0.00381563138 -0.035534367 -0.00684070773
v -0.00417881506 -0.0148916775 -0.00976773258
v -0.00417909678 -0.0148913935 -0.00977208652
v -0.00417956896 -0.0148909213 -0.00977642462
v -0.00418022973 -0.0148902601 -0.00978073757
v -0.0041810777 -0.0148894116 -0.00978501793
v -0.00418211194 -0.014888376 -0.00978925638
v -0.00418332918 -0.0148871578 -0.00979344733
v -0.00418472849 -0.0148857571 -0.00979758054
v -0.00418630661 -0.0148841776 -0.00980164856
v -0.00418806076 -0.014882423 -0.00980564393
v -0.0041899872 -0.0148804951 -0.00980955921
v -0.00419208268 -0.0148783978 -0.00981338788
v -0.00419434346 -0.0148761366 -0.00981712062
v -0.00419676397 -0.0148737142 -0.00982075091
v -0.00419934094 -0.0148711354 -0.00982427318
v -0.00420206925 -0.0148684066 -0.00982767809
v -0.00420795707 -0.014862515 -0.00983411819
v -0.00421438366 -0.0148560852 -0.00984001998
v -0.0042212992 -0.0148491655 -0.00984533876
v -0.00422865199 -0.0148418089 -0.00985003542
v -0.00423638569 -0.0148340715 -0.00985407457
v -0.00424444163 -0.0148260118 -0.00985742267
v -0.00425275834 -0.0148176914 -0.00986005645
v -0.00426127203 -0.0148091735 -0.00986195542
v -0.00426991843 -0.0148005234 -0.0098631056
v -0.00112862524 -0.0148925548 -0.00976565201
v -0.00112752593 -0.0148936529 -0.00977649726
v -0.001128337 -0.0148928426 -0.00977000501
v -0.00112633873 -0.0148948403 -0.00978293084
v -0.00112337305 -0.0148978066 -0.00979341939
v -0.00112529902 -0.0148958797 -0.00978716742
v -0.00112108688 -0.014900093 -0.00979954842
v -0.00111634517 -0.0149048353 -0.00980936177
v -0.00111932738 -0.0149018532 -0.00980354007
v -0.00111302943 -0.0149081526 -0.009815
v -0.00110528921 -0.0149158956 -0.00982553884
v -0.00110931264 -0.0149118705 -0.00982038211
v -0.00109939242 -0.0149217946 -0.00983196404
v -0.00109295791 -0.014928231 -0.00983784907
v -0.0010860347 -0.0149351573 -0.00984315109
v -0.00107867562 -0.0149425194 -0.00984782912
v -0.00107093633 -0.0149502615 -0.00985184778
v -0.0010628762 -0.0149583248 -0.00985517539
v -0.00105455611 -0.0149666481 -0.00985778868
v -0.00104603975 -0.0149751687 -0.0098596653
v -0.0010373916 -0.0149838207 -0.00986079313
v -0.00122637476 -0.0355902687 -0.00675830618
v -0.00121776678 -0.0355891213 -0.00676690275
v -0.00120929163 -0.0355872177 -0.00677536661
v -0.00120121671 -0.0355846733 -0.0067834314
v -0.00120080973 -0.0355845243 -0.00678383792
v -0.00119299383 -0.0355812646 -0.00679164426
v -0.00118540623 -0.0355773196 -0.0067992229
v -0.0011851819 -0.0355771892 -0.00679944735
v -0.00117797183 -0.0355725884 -0.0068066488
v -0.0011646779 -0.0355614424 -0.006819929
v -0.00117111555 -0.0355673321 -0.00681349821
v -0.00115880696 -0.0355550498 -0.006825794
v -0.00115480577 -0.0355499275 -0.0068297917
v -0.00115110679 -0.0355445817 -0.00683348766
v -0.00114779349 -0.0355389677 -0.00683679851
v -0.00114481244 -0.0355331674 -0.00683977734
v -0.00114306225 -0.0355292186 -0.00684152683
v -0.00114147062 -0.035525158 -0.006843118
v -0.00113862485 -0.0355158411 -0.00684596272
v -0.00113693089 -0.0355084203 -0.00684765726
v -0.0011362579 -0.0355041511 -0.00684833061
v -0.00113561703 -0.0354976617 -0.00684897276
v -0.00419489015 -0.00657371571 -0.00982560683
v -0.00419746665 -0.00657113735 -0.00982912816
v -0.00417694077 -0.0065916786 -0.00977258757
v -0.00417722249 -0.00659139547 -0.00977694243
v -0.00417769467 -0.00659092329 -0.0097812796
v -0.00417835545 -0.00659026206 -0.00978559256
v -0.00417920388 -0.00658941315 -0.00978987291
v -0.00418023765 -0.00658837799 -0.00979411229
v -0.00418145489 -0.00658715935 -0.00979830232
v -0.0041828542 -0.00658575911 -0.00980243552
v -0.00418443279 -0.00658417959 -0.00980650447
v -0.00418618647 -0.00658242451 -0.00981049985
v -0.00418811291 -0.00658049667 -0.00981441513
v -0.00419020886 -0.0065783998 -0.00981824286
v -0.00419246918 -0.00657613808 -0.0098219756
v -0.00420019496 -0.00656840811 -0.00983253401
v -0.00420608325 -0.00656251656 -0.0098389741
v -0.00421250938 -0.00655608671 -0.00984487589
v -0.00421942538 -0.00654916698 -0.00985019468
v -0.0042267777 -0.00654181046 -0.00985489134
v -0.00423451187 -0.00653407304 -0.00985893048
v -0.00424256735 -0.00652601337 -0.00986227859
v -0.00425088406 -0.00651769293 -0.00986491237
v -0.00425939774 -0.00650917459 -0.00986681134
v -0.00426804414 -0.00650052447 -0.00986796059
v 0.00419334322 -0.0149157234 -0.00982022472
v 0.00420060661 -0.0149229886 -0.00982834864
v 0.00420704065 -0.0149294259 -0.00983423367
v 0.0042139641 -0.0149363521 -0.00983953569
v 0.00422132295 -0.0149437133 -0.00984421372
v 0.00422906224 -0.0149514563 -0.00984823238
v 0.00423712237 -0.0149595197 -0.00985156
v 0.0042454428 -0.014967843 -0.00985417329
v 0.00425395882 -0.0149763636 -0.0098560499
v 0.00426260708 -0.0149850156 -0.00985717867
v 0.00417137379 -0.0148937497 -0.00976203661
v 0.00417166157 -0.0148940366 -0.00976638962
v 0.00417213934 -0.0148945143 -0.00977072679
v 0.00417280616 -0.0148951812 -0.00977503788
v 0.00417366019 -0.0148960352 -0.00977931637
v 0.00417469954 -0.0148970746 -0.00978355203
v 0.00417592283 -0.0148982983 -0.00978774019
v 0.00417732773 -0.0148997037 -0.00979186967
v 0.00417891191 -0.0149012879 -0.00979593396
v 0.00418067118 -0.0149030481 -0.00979992468
v 0.00418260274 -0.0149049805 -0.0098038353
v 0.00418470381 -0.0149070816 -0.00980765838
v 0.00418696925 -0.0149093466 -0.00981138553
v 0.00418939488 -0.0149117736 -0.00981500931
v 0.00417324761 -0.0065935608 -0.00976689253
v 0.00417353585 -0.00659327768 -0.00977124646
v 0.00417401362 -0.0065928055 -0.00977558363
v 0.00417468091 -0.00659214472 -0.00977989472
v 0.0041755354 -0.00659129629 -0.00978417415
v 0.00417657522 -0.00659026206 -0.00978841167
v 0.00417779898 -0.00658904342 -0.00979260076
v 0.00417920481 -0.00658764364 -0.00979673211
v 0.00418078946 -0.00658606505 -0.00980079826
v 0.00418254919 -0.0065843109 -0.00980479177
v 0.00418448215 -0.006582384 -0.00980870333
v 0.00418658415 -0.00658028806 -0.0098125292
v 0.00419127755 -0.00657560583 -0.00981988665
v 0.00419386011 -0.00657302886 -0.00982340425
v 0.00418885052 -0.00657802727 -0.00981625915
v 0.004196594 -0.00657030055 -0.00982680637
v 0.00420249393 -0.0065644118 -0.00983323902
v 0.00420893077 -0.00655798474 -0.0098391315
v 0.00421585748 -0.00655106828 -0.00984444097
v 0.00422321958 -0.00654371502 -0.00984912738
v 0.0042309626 -0.00653598085 -0.00985315628
v 0.00423902599 -0.00652792491 -0.00985649321
v 0.00424735015 -0.00651960867 -0.00985911582
v 0.00425587036 -0.00651109405 -0.00986100268
v 0.00426452234 -0.00650244765 -0.00986214075
v -0.0180898961 -0.0277873501 -0.00757368794
v -0.0181036312 -0.0277872868 -0.00746990601
v -0.0169082675 -0.0277874954 -0.00736450404
v -0.0181082692 -0.0277872253 -0.00736532267
v -0.0181037728 -0.0277871639 -0.00726073328
v -0.0179954916 -0.0277875476 -0.0078723887
v -0.0180356205 -0.0277874805 -0.00777569786
v -0.0180671662 -0.0277874153 -0.00767587777
v -0.0178269967 -0.0277877394 -0.00813647639
v -0.0178907812 -0.0277876761 -0.00805346668
v -0.0179470889 -0.0277876128 -0.00796521269
v -0.017595889 -0.0277879145 -0.00834795646
v -0.0176789872 -0.0277878586 -0.0082842838
v -0.0177562181 -0.0277878009 -0.00821361039
v -0.0173179228 -0.0277880616 -0.00849241484
v -0.0174146686 -0.0277880169 -0.00845241919
v -0.0175075606 -0.0277879685 -0.00840414315
v -0.0170120411 -0.0277881715 -0.00856000837
v -0.0171158407 -0.0277881399 -0.00854641479
v -0.0172180608 -0.0277881026 -0.00852382649
v -0.016699085 -0.027788233 -0.00854613073
v -0.0168028679 -0.0277882181 -0.00855986588
v -0.0169074498 -0.0277881976 -0.00856450386
v -0.0164003856 -0.0277882461 -0.00845172722
v -0.0164970756 -0.0277882479 -0.00849185511
v -0.0165968966 -0.0277882442 -0.00852340274
v -0.016136298 -0.0277882069 -0.00828323141
v -0.0162193067 -0.0277882256 -0.00834701769
v -0.0163075607 -0.0277882386 -0.00840332452
v -0.015924817 -0.0277881194 -0.00805212557
v -0.0159884896 -0.0277881529 -0.00813522283
v -0.0160591621 -0.0277881827 -0.00821245275
v -0.0157803576 -0.027787989 -0.00777415931
v -0.0158203542 -0.0277880374 -0.00787090417
v -0.0158686303 -0.0277880803 -0.00796379521
v -0.0157127641 -0.0277878251 -0.00746827526
v -0.0157263577 -0.0277878828 -0.00757207582
v -0.015748946 -0.0277879387 -0.00767429639
v -0.0157266427 -0.0277876388 -0.00715532014
v -0.0157129075 -0.027787704 -0.00725910207
v -0.0157082677 -0.0277877655 -0.00736368587
v -0.0158210453 -0.0277874433 -0.00685662078
v -0.0157809183 -0.0277875084 -0.00695331115
v -0.0157493688 -0.0277875736 -0.00705313124
v -0.015989542 -0.0277872514 -0.00659253262
v -0.0159257557 -0.0277873147 -0.00667554233
v -0.015869448 -0.0277873781 -0.00676379586
v -0.0162206478 -0.0277870744 -0.00638105301
v -0.0161375515 -0.0277871303 -0.00644472521
v -0.0160603188 -0.0277871899 -0.00651539769
v -0.0164986141 -0.0277869273 -0.0062365937
v -0.0164018702 -0.027786972 -0.00627658935
v -0.0163089782 -0.0277870223 -0.00632486492
v -0.0168044977 -0.0277868193 -0.00616899971
v -0.0167006962 -0.0277868509 -0.00618259329
v -0.016598478 -0.0277868863 -0.00620518159
v -0.0171174519 -0.0277867559 -0.00618287781
v -0.0170136709 -0.0277867727 -0.00616914267
v -0.0169090871 -0.0277867932 -0.00616450468
v -0.0174161512 -0.0277867448 -0.00627728133
v -0.0173194613 -0.0277867429 -0.0062371539
v -0.0172196422 -0.0277867466 -0.00620560534
v -0.0176802408 -0.0277867839 -0.0064457776
v -0.0175972302 -0.0277867652 -0.00638199179
v -0.017508978 -0.0277867522 -0.00632568356
v -0.0178917199 -0.0277868714 -0.00667688344
v -0.0178280491 -0.027786836 -0.00659378665
v -0.0177573748 -0.0277868081 -0.00651655532
v -0.0180361792 -0.0277869999 -0.0069548497
v -0.0179961845 -0.0277869534 -0.00685810437
v -0.0179479085 -0.0277869105 -0.00676521333
v -0.0180901792 -0.0277871061 -0.00715693273
v -0.0180675909 -0.0277870521 -0.00705471262
v 0.0157100949 -0.0277949683 -0.00755063305
v 0.0156963598 -0.027794905 -0.00744685112
v 0.0168917216 -0.0277951136 -0.00734144915
v 0.0156917218 -0.0277948435 -0.00734226732
v 0.0156962182 -0.0277947821 -0.00723767793
v 0.0158044994 -0.0277951658 -0.00784933288
v 0.0157643706 -0.0277950987 -0.0077526425
v 0.0157328229 -0.0277950335 -0.00765282242
v 0.0159729961 -0.0277953576 -0.0081134215
v 0.0159092098 -0.0277952943 -0.00803041179
v 0.0158529021 -0.027795231 -0.0079421578
v 0.016204102 -0.0277955346 -0.00832490157
v 0.0161210056 -0.0277954768 -0.00826122798
v 0.0160437729 -0.0277954191 -0.0081905555
v 0.0164820682 -0.0277956817 -0.00846935995
v 0.0163853224 -0.0277956352 -0.0084293643
v 0.0162924323 -0.0277955867 -0.00838108826
v 0.0167879518 -0.0277957898 -0.00853695348
v 0.0166841503 -0.0277957581 -0.00852335989
v 0.0165819302 -0.0277957227 -0.0085007716
v 0.017100906 -0.0277958512 -0.00852307584
v 0.016997125 -0.0277958363 -0.00853681099
v 0.0168925393 -0.0277958158 -0.00854144804
v 0.0173996054 -0.0277958643 -0.00842867233
v 0.0173029155 -0.0277958661 -0.00846880022
v 0.0172030944 -0.0277958624 -0.00850034785
v 0.0176636931 -0.0277958252 -0.00826017652
v 0.0175806843 -0.0277958438 -0.00832396187
v 0.0174924303 -0.0277958568 -0.00838026963
v 0.0178751741 -0.0277957376 -0.00802907068
v 0.0178115014 -0.027795773 -0.00811216701
v 0.0177408289 -0.0277958009 -0.00818939786
v 0.0180196334 -0.0277956072 -0.00775110442
v 0.0179796387 -0.0277956557 -0.00784784928
v 0.0179313626 -0.0277956985 -0.00794073939
v 0.0180872269 -0.0277954452 -0.00744522037
v 0.0180736333 -0.0277955011 -0.00754902046
v 0.018051045 -0.0277955569 -0.0076512415
v 0.0180733502 -0.0277952589 -0.00713226525
v 0.0180870853 -0.0277953222 -0.00723604718
v 0.0180917233 -0.0277953837 -0.00734063052
v 0.0179789457 -0.0277950615 -0.00683356542
v 0.0180190746 -0.0277951285 -0.0069302558
v 0.0180506203 -0.0277951937 -0.00703007588
v 0.017810449 -0.0277948696 -0.00656947726
v 0.0178742353 -0.0277949329 -0.00665248698
v 0.0179305431 -0.0277949963 -0.0067407405
v 0.0175793432 -0.0277946927 -0.00635799766
v 0.0176624395 -0.0277947504 -0.00642167032
v 0.0177396704 -0.0277948081 -0.0064923428
v 0.0173013769 -0.0277945455 -0.00621353881
v 0.0173981227 -0.0277945921 -0.00625353446
v 0.0174910128 -0.0277946405 -0.00630181003
v 0.0169954933 -0.0277944375 -0.00614594482
v 0.0170992929 -0.0277944691 -0.0061595384
v 0.0172015149 -0.0277945045 -0.0061821267
v 0.0166825373 -0.027794376 -0.00615982246
v 0.0167863201 -0.0277943909 -0.00614608731
v 0.0168909039 -0.0277944114 -0.00614144979
v 0.0163838398 -0.027794363 -0.00625422643
v 0.0164805297 -0.0277943611 -0.00621409854
v 0.0165803507 -0.0277943648 -0.00618255045
v 0.0161197521 -0.0277944021 -0.00642272225
v 0.0162027609 -0.0277943835 -0.00635893689
v 0.0162910149 -0.0277943704 -0.00630262867
v 0.0159082711 -0.0277944896 -0.00665382808
v 0.0159719437 -0.0277944542 -0.00657073129
v 0.0160426144 -0.0277944263 -0.00649349997
v 0.0157638118 -0.02779462 -0.00693179434
v 0.0158038065 -0.0277945716 -0.00683504902
v 0.0158520825 -0.0277945288 -0.00674215844
v 0.0157098118 -0.0277947262 -0.00713387737
v 0.0157323983 -0.0277946703 -0.00703165727
v -0.0136573212 -0.0311396886 -0.00986032654
v -0.0136572532 -0.0308396891 -0.00986050256
v -0.0156573206 -0.0311392378 -0.00986169092
v -0.0156572536 -0.0308392383 -0.00986186694
v -0.0136573892 -0.0311396308 -0.00976032764
v -0.0156573225 -0.0308391806 -0.00976186711
v -0.0136573222 -0.0308396313 -0.00976050273
v -0.0156573895 -0.0311391801 -0.00976169109
v 0.0147929313 -0.0299961027 -0.00984159391
v 0.0144929308 -0.0299960356 -0.0098417988
v 0.0147927394 -0.0308461022 -0.00984109659
v 0.014492739 -0.0308460351 -0.00984130148
v 0.0144924792 -0.0319960341 -0.00984062813
v 0.0147924796 -0.0319961011 -0.00984042417
v 0.014492671 -0.0311460346 -0.00984112546
v 0.0147926714 -0.0311461017 -0.0098409215
v 0.0156426709 -0.0311462935 -0.00984034128
v 0.0156427398 -0.030846294 -0.00984051637
v 0.0136426715 -0.0311458427 -0.00984170567
v 0.0136427395 -0.0308458433 -0.00984188076
v 0.014492603 -0.031145975 -0.00974112563
v 0.0136426035 -0.0311457831 -0.00974170584
v 0.0147924116 -0.0319960453 -0.00974042434
v 0.0144924112 -0.0319959782 -0.0097406283
v 0.014492671 -0.0308459755 -0.00974130165
v 0.0144928629 -0.029995976 -0.00974179897
v 0.0147928633 -0.0299960449 -0.00974159408
v 0.0136426715 -0.0308457837 -0.00974188093
v 0.0147926714 -0.0308460444 -0.00974109676
v 0.0156426039 -0.0311462339 -0.00974034145
v 0.0156426709 -0.0308462344 -0.00974051654
v 0.0147926034 -0.031146042 -0.00974092167
f 1 3 2
f 3 4 2
f 2 4 5
f 4 6 5
f 7 9 8
f 3 1 10
f 10 1 7
f 1 11 7
f 7 11 9
f 12 14 13
f 15 17 16
f 16 17 18
f 17 19 18
f 18 19 20
f 19 21 20
f 22 24 23
f 23 24 1
f 14 12 24
f 24 12 1
f 12 15 1
f 1 15 11
f 15 16 11
f 25 27 26
f 28 30 29
f 31 33 32
f 34 36 35
f 35 36 37
f 37 36 38
f 38 36 39
f 36 40 39
f 41 43 42
f 42 43 44
f 45 47 46
f 46 47 48
f 49 51 50
f 30 53 52
f 54 27 55
f 55 27 56
f 27 25 56
f 56 25 57
f 25 36 57
f 57 36 58
f 36 34 58
f 40 36 59
f 59 36 60
f 36 61 60
f 62 46 63
f 63 46 64
f 46 65 64
f 65 46 66
f 66 46 67
f 46 68 67
f 68 46 69
f 69 46 70
f 46 48 70
f 53 30 71
f 71 30 72
f 30 28 72
f 73 75 74
f 74 75 76
f 77 32 75
f 75 32 76
f 32 33 76
f 76 33 49
f 33 78 49
f 49 78 30
f 79 81 80
f 82 84 83
f 85 86 43
f 43 86 44
f 86 87 44
f 44 87 88
f 89 87 90
f 90 87 91
f 45 46 92
f 92 46 93
f 46 94 93
f 95 96 50
f 50 96 49
f 96 97 49
f 49 97 98
f 51 49 99
f 99 49 100
f 49 30 100
f 100 30 101
f 30 52 101
f 102 27 103
f 103 27 104
f 27 54 104
f 105 77 106
f 84 82 107
f 107 82 108
f 82 86 108
f 108 86 31
f 86 85 31
f 31 85 33
f 109 87 110
f 61 36 111
f 111 36 112
f 36 113 112
f 46 62 114
f 114 62 36
f 62 115 36
f 36 115 113
f 94 46 116
f 116 46 117
f 46 96 117
f 117 96 118
f 96 95 118
f 29 30 119
f 119 30 120
f 30 121 120
f 122 27 123
f 123 27 124
f 125 27 126
f 127 80 105
f 105 80 77
f 80 81 77
f 77 81 32
f 128 130 129
f 131 133 132
f 91 135 134
f 135 91 136
f 136 91 137
f 91 138 137
f 138 91 139
f 139 91 140
f 91 141 140
f 142 86 143
f 124 27 144
f 144 27 145
f 27 102 145
f 146 148 147
f 126 27 149
f 149 27 150
f 27 151 150
f 151 27 152
f 152 27 153
f 27 154 153
f 154 27 155
f 155 27 156
f 27 122 156
f 133 131 146
f 146 131 148
f 131 107 148
f 148 107 79
f 107 108 79
f 79 108 81
f 157 158 105
f 105 158 127
f 158 130 127
f 127 130 148
f 130 128 148
f 148 128 147
f 128 159 147
f 141 91 160
f 160 91 161
f 91 162 161
f 121 30 163
f 163 30 164
f 30 27 164
f 164 27 165
f 27 125 165
f 166 86 167
f 167 86 168
f 86 142 168
f 143 86 169
f 169 86 170
f 86 171 170
f 172 91 173
f 173 91 174
f 91 134 174
f 175 87 176
f 110 87 177
f 177 87 178
f 87 86 178
f 178 86 179
f 86 166 179
f 171 86 180
f 180 86 181
f 86 182 181
f 181 182 183
f 182 184 183
f 185 172 186
f 186 172 187
f 172 173 187
f 175 188 87
f 176 87 189
f 189 87 190
f 87 109 190
f 191 172 192
f 193 172 194
f 194 172 195
f 172 185 195
f 162 91 196
f 196 91 197
f 91 87 197
f 197 87 198
f 87 199 198
f 199 87 200
f 200 87 201
f 87 202 201
f 191 203 172
f 204 87 205
f 205 87 206
f 87 188 206
f 184 182 207
f 207 182 208
f 182 209 208
f 209 182 210
f 210 182 211
f 182 212 211
f 202 87 213
f 213 87 214
f 87 204 214
f 215 216 172
f 172 216 217
f 215 172 218
f 218 172 219
f 172 193 219
f 212 182 220
f 220 182 221
f 182 172 221
f 221 172 222
f 172 203 222
f 192 172 223
f 223 172 224
f 172 217 224
f 225 227 226
f 228 230 229
f 229 230 225
f 230 231 225
f 225 231 227
f 232 234 233
f 235 234 236
f 237 239 238
f 240 236 241
f 234 243 242
f 242 243 244
f 243 245 244
f 246 248 247
f 247 248 249
f 248 250 249
f 241 236 251
f 251 236 252
f 236 253 252
f 243 234 254
f 254 234 255
f 234 256 255
f 250 248 257
f 257 248 258
f 248 259 258
f 260 242 261
f 261 242 262
f 263 264 238
f 238 264 265
f 264 266 265
f 267 265 268
f 268 265 269
f 265 266 269
f 234 232 236
f 236 232 253
f 232 248 253
f 253 248 270
f 248 246 270
f 259 248 271
f 271 248 272
f 248 273 272
f 237 242 239
f 239 242 274
f 242 260 274
f 262 242 275
f 275 242 276
f 242 244 276
f 256 234 277
f 277 234 278
f 234 279 278
f 263 238 280
f 280 238 281
f 238 282 281
f 283 285 284
f 284 285 248
f 285 286 248
f 248 286 273
f 279 234 287
f 287 234 288
f 234 235 288
f 289 239 290
f 240 291 236
f 236 291 292
f 291 293 292
f 294 291 295
f 295 291 296
f 291 297 296
f 282 238 298
f 298 238 299
f 238 239 299
f 299 239 300
f 239 289 300
f 301 302 239
f 239 302 303
f 304 239 305
f 305 239 306
f 239 303 306
f 290 239 307
f 307 239 308
f 239 304 308
f 291 310 309
f 293 291 311
f 311 291 312
f 291 309 312
f 310 291 313
f 313 291 314
f 291 294 314
f 315 302 316
f 316 302 317
f 317 302 318
f 318 302 319
f 302 320 319
f 320 302 321
f 321 302 322
f 302 323 322
f 323 302 324
f 324 302 325
f 302 301 325
f 326 328 327
f 327 328 329
f 328 330 329
f 329 330 331
f 330 332 331
f 331 332 333
f 329 334 327
f 329 335 334
f 334 335 336
f 335 337 336
f 336 337 338
f 337 339 338
f 338 339 340
f 339 341 340
f 340 341 342
f 341 343 342
f 342 343 344
f 343 345 344
f 344 345 346
f 345 347 346
f 346 347 348
f 347 349 348
f 348 349 350
f 349 351 350
f 350 351 352
f 351 353 352
f 352 353 354
f 353 355 354
f 354 355 356
f 355 357 356
f 356 357 358
f 357 359 358
f 358 359 360
f 359 361 360
f 360 361 362
f 361 363 362
f 362 363 364
f 363 365 364
f 364 365 366
f 365 367 366
f 366 367 368
f 367 369 368
f 369 370 368
f 368 370 371
f 372 373 369
f 369 373 370
f 373 374 370
f 370 374 375
f 376 377 369
f 369 377 372
f 377 378 372
f 372 378 379
f 378 380 379
f 379 380 381
f 380 382 381
f 383 376 384
f 384 376 385
f 376 369 385
f 385 369 386
f 369 387 386
f 386 387 388
f 387 389 388
f 388 389 390
f 389 391 390
f 1 392 23
f 1 393 392
f 392 393 394
f 393 395 394
f 394 395 396
f 395 397 396
f 396 397 398
f 397 399 398
f 398 399 400
f 399 401 400
f 400 401 402
f 401 403 402
f 402 403 404
f 403 405 404
f 404 405 406
f 405 407 406
f 406 407 408
f 407 409 408
f 408 409 410
f 409 411 410
f 410 411 412
f 411 413 412
f 412 413 414
f 413 415 414
f 414 415 416
f 415 417 416
f 416 417 418
f 417 419 418
f 418 419 420
f 419 421 420
f 420 421 422
f 421 423 422
f 422 423 424
f 423 425 424
f 424 425 333
f 425 331 333
f 426 428 427
f 427 428 429
f 428 430 429
f 431 433 432
f 432 433 434
f 435 429 436
f 436 429 437
f 429 438 437
f 438 429 439
f 439 429 440
f 429 441 440
f 441 429 442
f 442 429 443
f 429 430 443
f 433 445 444
f 434 433 446
f 446 433 447
f 433 448 447
f 449 433 450
f 450 433 451
f 433 429 451
f 452 433 453
f 453 433 454
f 433 444 454
f 445 433 455
f 455 433 456
f 433 457 456
f 457 433 458
f 458 433 459
f 433 449 459
f 448 433 460
f 460 433 461
f 433 452 461
f 451 429 462
f 462 429 463
f 429 464 463
f 464 429 465
f 465 429 466
f 429 467 466
f 467 429 468
f 468 429 469
f 429 435 469
f 470 472 471
f 471 472 473
f 474 476 475
f 475 476 477
f 478 480 479
f 479 480 481
f 482 484 483
f 483 484 485
f 486 488 487
f 487 488 489
f 490 492 491
f 491 492 493
f 489 491 487
f 487 491 493
f 492 486 493
f 493 486 487
f 494 496 495
f 495 496 497
f 496 498 497
f 497 498 499
f 498 500 499
f 499 500 501
f 500 502 501
f 501 502 503
f 502 504 503
f 503 504 505
f 504 506 505
f 505 506 507
f 506 508 507
f 507 508 509
f 508 510 509
f 509 510 511
f 510 512 511
f 511 512 513
f 512 514 513
f 513 514 515
f 514 516 515
f 515 516 517
f 516 518 517
f 517 518 519
f 518 520 519
f 519 520 521
f 520 522 521
f 521 522 523
f 522 524 523
f 523 524 525
f 524 526 525
f 525 526 527
f 526 528 527
f 527 528 529
f 528 530 529
f 529 530 531
f 530 532 531
f 531 532 533
f 532 534 533
f 533 534 535
f 536 538 537
f 539 541 540
f 542 544 543
f 539 538 541
f 541 538 545
f 538 536 545
f 546 547 538
f 538 547 548
f 549 539 550
f 537 538 551
f 551 538 552
f 538 548 552
f 553 555 554
f 556 558 557
f 559 539 560
f 559 561 539
f 560 539 562
f 562 539 563
f 539 549 563
f 564 539 565
f 565 539 566
f 539 540 566
f 543 544 567
f 567 544 568
f 544 569 568
f 550 539 570
f 570 539 571
f 539 564 571
f 546 538 572
f 572 538 573
f 538 574 573
f 574 538 575
f 575 538 576
f 538 577 576
f 577 538 578
f 578 538 579
f 538 580 579
f 581 544 582
f 582 544 583
f 584 558 585
f 585 558 586
f 558 556 586
f 557 558 587
f 587 558 588
f 558 589 588
f 590 539 591
f 580 538 592
f 592 538 593
f 538 544 593
f 593 544 594
f 544 581 594
f 583 544 595
f 595 544 596
f 544 542 596
f 569 544 597
f 597 544 598
f 544 599 598
f 600 602 601
f 601 602 603
f 589 558 604
f 604 558 605
f 558 539 605
f 605 539 606
f 539 590 606
f 591 539 607
f 607 539 608
f 539 561 608
f 599 544 609
f 609 544 610
f 544 555 610
f 610 555 611
f 555 553 611
f 612 614 613
f 602 614 615
f 615 614 616
f 614 617 616
f 584 602 558
f 558 602 618
f 602 600 618
f 603 602 619
f 619 602 620
f 602 615 620
f 554 555 621
f 621 555 622
f 555 623 622
f 622 623 624
f 613 614 625
f 625 614 626
f 614 624 626
f 626 624 627
f 624 623 627
f 617 614 628
f 628 614 629
f 614 612 629
f 630 632 631
f 631 632 633
f 634 636 635
f 635 636 637
f 636 638 637
f 637 638 639
f 638 640 639
f 639 640 641
f 640 642 641
f 641 642 643
f 642 644 643
f 643 644 645
f 644 646 645
f 645 646 647
f 646 648 647
f 647 648 649
f 648 650 649
f 649 650 651
f 650 652 651
f 651 652 653
f 652 654 653
f 653 654 655
f 654 656 655
f 655 656 657
f 656 658 657
f 657 658 659
f 658 660 659
f 659 660 661
f 660 662 661
f 661 662 663
f 662 664 663
f 663 664 665
f 664 666 665
f 665 666 667
f 666 668 667
f 667 668 669
f 668 670 669
f 669 670 671
f 670 630 671
f 671 630 631
f 672 674 673
f 675 677 676
f 676 677 678
f 678 677 679
f 679 677 680
f 677 681 680
f 674 683 682
f 673 674 684
f 684 674 685
f 674 682 685
f 683 674 686
f 686 674 687
f 674 688 687
f 689 677 690
f 690 677 691
f 677 675 691
f 674 693 692
f 688 674 694
f 694 674 695
f 674 677 695
f 695 677 696
f 677 689 696
f 697 699 698
f 698 699 700
f 699 701 700
f 702 704 703
f 705 707 706
f 707 705 708
f 708 705 709
f 705 710 709
f 710 705 711
f 711 705 712
f 705 713 712
f 713 705 714
f 714 705 715
f 705 716 715
f 716 705 717
f 717 705 718
f 705 719 718
f 719 705 720
f 720 705 721
f 705 674 721
f 721 674 722
f 674 723 722
f 723 674 724
f 724 674 725
f 674 692 725
f 693 674 726
f 726 674 727
f 674 672 727
f 681 677 728
f 728 677 729
f 677 730 729
f 704 702 731
f 731 702 732
f 702 705 732
f 732 705 733
f 705 706 733
f 734 736 735
f 735 736 737
f 701 699 738
f 738 699 739
f 699 740 739
f 739 740 736
f 740 741 736
f 736 741 737
f 730 677 742
f 742 677 743
f 677 744 743
f 745 699 746
f 746 699 747
f 699 697 747
f 748 750 749
f 744 677 751
f 751 677 752
f 677 699 752
f 752 699 753
f 699 745 753
f 750 755 754
f 703 756 702
f 702 756 757
f 756 758 757
f 757 758 759
f 758 750 759
f 759 750 760
f 750 748 760
f 749 750 761
f 761 750 762
f 750 754 762
f 755 750 763
f 763 750 764
f 750 736 764
f 764 736 765
f 736 734 765
f 766 767 231
f 231 767 227
f 768 766 230
f 230 766 231
f 228 769 230
f 230 769 768
f 769 770 768
f 771 772 769
f 769 772 770
f 773 775 774
f 774 775 776
f 777 779 778
f 778 779 780
f 781 778 782
f 782 778 780
f 783 781 784
f 784 781 782
f 785 783 786
f 786 783 784
f 771 769 779
f 779 769 780
f 786 784 787
f 787 784 788
f 788 784 789
f 784 790 789
f 790 784 791
f 784 792 791
f 792 784 793
f 784 782 793
f 782 794 793
f 795 782 796
f 782 780 796
f 796 780 797
f 780 769 797
f 794 782 798
f 782 799 798
f 799 782 800
f 782 795 800
f 801 803 802
f 802 803 804
f 805 807 806
f 806 807 808
f 809 810 808
f 808 810 806
f 811 228 812
f 812 228 813
f 814 228 815
f 815 228 816
f 816 228 817
f 228 811 817
f 813 228 818
f 818 228 819
f 228 229 819
f 819 229 820
f 229 821 820
f 820 821 822
f 821 823 822
f 797 769 824
f 824 769 825
f 769 228 825
f 825 228 826
f 826 228 827
f 827 228 828
f 228 829 828
f 829 228 830
f 830 228 831
f 228 814 831
f 832 821 833
f 833 821 229
f 834 836 835
f 835 836 837
f 226 834 225
f 225 834 835
f 836 832 837
f 837 832 833
f 833 229 837
f 837 229 835
f 229 225 835
f 838 840 839
f 839 840 841
f 840 842 841
f 841 842 843
f 842 844 843
f 843 844 845
f 844 838 845
f 845 838 839
f 846 848 847
f 847 848 849
f 850 852 851
f 851 852 853
f 854 856 855
f 855 856 857
f 858 860 859
f 861 863 862
f 864 860 865
f 865 860 858
f 861 866 863
f 867 863 868
f 868 863 869
f 870 860 871
f 871 860 872
f 860 864 872
f 869 863 873
f 873 863 874
f 863 866 874
f 867 875 863
f 863 875 876
f 875 860 876
f 876 860 877
f 860 870 877
f 878 880 879
f 879 880 881
f 882 884 883
f 883 884 885
f 886 888 887
f 888 889 887
f 890 892 891
f 893 895 894
f 896 898 897
f 897 898 899
f 900 896 897
f 896 900 901
f 900 902 901
f 901 902 903
f 904 906 905
f 901 903 907
f 907 903 905
f 905 903 904
f 908 910 909
f 905 906 911
f 911 906 910
f 910 906 909
f 912 914 913
f 914 915 913
f 910 908 916
f 916 908 914
f 914 908 915
f 912 913 917
f 917 913 918
f 913 919 918
f 918 919 920
f 918 920 921
f 922 894 895
f 922 923 894
f 894 923 924
f 923 925 924
f 921 920 923
f 923 920 925
f 892 926 891
f 893 891 895
f 895 891 927
f 891 926 927
f 928 930 929
f 928 931 930
f 890 930 892
f 930 931 892
f 932 929 933
f 933 929 934
f 929 930 934
f 932 933 935
f 935 933 936
f 933 937 936
f 936 937 938
f 939 936 940
f 940 936 938
f 939 940 941
f 940 942 941
f 941 942 887
f 889 941 887
f 943 945 944
f 886 945 888
f 945 943 888
f 946 944 947
f 944 945 947
f 948 950 949
f 944 946 951
f 951 946 950
f 946 952 950
f 950 952 949
f 953 955 954
f 955 953 956
f 953 957 956
f 950 948 958
f 958 948 953
f 948 957 953
f 954 955 959
f 955 960 959
f 961 959 962
f 959 960 962
f 961 962 963
f 962 964 963
f 963 964 965
f 965 964 966
f 966 964 75
f 964 77 75
f 967 969 968
f 969 970 968
f 968 970 971
f 970 972 971
f 971 972 973
f 972 974 973
f 973 974 975
f 974 976 975
f 975 976 977
f 976 978 977
f 977 978 979
f 978 980 979
f 979 980 981
f 980 982 981
f 981 982 983
f 982 984 983
f 983 984 391
f 984 390 391
f 969 967 985
f 967 986 985
f 985 986 987
f 986 988 987
f 987 988 989
f 988 990 989
f 989 990 991
f 990 992 991
f 991 992 993
f 992 994 993
f 993 994 995
f 994 996 995
f 995 996 997
f 996 998 997
f 997 998 999
f 998 1000 999
f 999 1000 1001
f 1000 1002 1001
f 1001 1002 1003
f 1002 1004 1003
f 1003 1004 1005
f 1006 1008 1007
f 1009 1011 1010
f 1011 1009 1012
f 1009 1013 1012
f 1012 1013 1014
f 1015 1017 1016
f 1012 1014 1018
f 1018 1014 1019
f 1014 1020 1019
f 1015 1019 1017
f 1017 1019 1020
f 1016 1017 1021
f 1017 1022 1021
f 1021 1022 1023
f 1023 1022 1024
f 1023 1024 1025
f 1025 1024 1026
f 1025 1026 1027
f 1027 1026 1028
f 1027 1028 1029
f 1029 1028 1030
f 1028 1031 1030
f 1030 1031 1032
f 1031 1033 1032
f 1032 1033 1034
f 1033 1035 1034
f 1035 1036 1034
f 1035 1037 1036
f 1036 1037 1038
f 1037 1039 1038
f 1039 1040 1038
f 1038 1040 1041
f 1040 1042 1041
f 1008 1043 1007
f 1040 1007 1042
f 1007 1043 1042
f 1006 1044 1008
f 1008 1044 1045
f 1046 1048 1047
f 1044 1048 1045
f 1048 1046 1045
f 1049 1047 1050
f 1050 1047 1051
f 1047 1048 1051
f 1049 1050 1052
f 1053 1052 1050
f 1052 1053 1054
f 1054 1053 3
f 1054 3 10
f 1055 1057 1056
f 1056 1057 1058
f 1059 1061 1060
f 8 1063 1062
f 1062 1063 1064
f 1064 1063 1065
f 1065 1063 1066
f 1066 1063 1067
f 1063 1068 1067
f 1067 1068 1069
f 1069 1068 1070
f 1068 1071 1070
f 1070 1071 1072
f 1072 1071 1073
f 1073 1071 1074
f 1071 1075 1074
f 1074 1075 1076
f 1076 1075 1077
f 1075 1078 1077
f 1077 1078 1079
f 1079 1078 1080
f 1078 1081 1080
f 1080 1081 1082
f 1082 1081 1083
f 1083 1081 1084
f 1081 1057 1084
f 1084 1057 1085
f 1086 1061 133
f 133 1061 1087
f 1087 1061 1088
f 1061 1089 1088
f 1088 1089 1090
f 1090 1089 1091
f 1089 1092 1091
f 1091 1092 1093
f 1093 1092 1094
f 1094 1092 1095
f 1092 1096 1095
f 1095 1096 1097
f 1097 1096 1098
f 1098 1096 1099
f 1096 1100 1099
f 1099 1100 1101
f 1101 1100 1102
f 1100 1063 1102
f 1102 1063 1103
f 1103 1063 1104
f 1104 1063 1105
f 1105 1063 1106
f 1106 1063 1107
f 1063 8 1107
f 1096 1071 1100
f 1100 1071 1063
f 1058 1061 1059
f 1061 1108 1089
f 1108 1092 1089
f 1058 1057 1061
f 1057 1108 1061
f 1108 1075 1092
f 1075 1096 1092
f 1057 1081 1108
f 1081 1075 1108
f 1075 1071 1096
f 1081 1078 1075
f 1068 1063 1071
f 1085 1057 1109
f 1057 1110 1109
f 1109 1110 1111
f 77 1112 106
f 106 1112 1113
f 1112 1114 1113
f 1115 1114 1116
f 1114 1112 1116
f 1117 1119 1118
f 1118 1119 1120
f 1119 1121 1120
f 1114 1115 1118
f 1118 1115 1117
f 1122 1121 1123
f 1121 1119 1123
f 1121 1122 1124
f 1124 1122 1125
f 1126 1127 1125
f 1124 1125 1127
f 1128 1130 1129
f 1127 1126 1131
f 1131 1126 1130
f 1126 1132 1130
f 1130 1132 1129
f 1130 1128 1133
f 1134 1133 1135
f 1133 1128 1135
f 1136 1138 1137
f 1138 1136 1139
f 1136 1134 1139
f 1134 1135 1139
f 1137 1138 1140
f 1137 1140 1141
f 1141 1140 1142
f 1143 1145 1144
f 1141 1142 1144
f 1144 1142 1143
f 1146 1148 1147
f 1144 1145 1149
f 1149 1145 1148
f 1145 1147 1148
f 1150 1151 1146
f 1150 1152 1151
f 1148 1146 1151
f 1152 1150 1153
f 1152 1153 1154
f 1154 1153 1155
f 1154 1155 1156
f 1004 1002 1156
f 1156 1002 1157
f 1002 1000 1157
f 1000 998 1157
f 1157 998 1158
f 998 996 1158
f 1158 996 1159
f 996 994 1159
f 994 992 1159
f 992 990 1159
f 1159 990 1160
f 990 988 1160
f 1160 988 1161
f 988 986 1161
f 986 967 1161
f 1161 967 1162
f 967 968 1162
f 1162 968 1163
f 968 971 1163
f 1163 971 1164
f 971 973 1164
f 1164 973 1165
f 973 975 1165
f 1165 975 1166
f 975 977 1166
f 977 979 1166
f 1166 979 1167
f 979 981 1167
f 981 983 1167
f 1167 983 389
f 983 391 389
f 1168 1031 1169
f 1170 1171 1010
f 1010 1171 1009
f 1171 1172 1009
f 1172 1173 1009
f 1009 1173 1013
f 1013 1173 1014
f 1173 1174 1014
f 1014 1174 1020
f 1174 1175 1020
f 1020 1175 1017
f 1175 1176 1017
f 1017 1176 1022
f 1176 1177 1022
f 1022 1177 1024
f 1177 1178 1024
f 1178 1179 1024
f 1024 1179 1026
f 1179 1180 1026
f 1026 1180 1028
f 1180 1169 1028
f 1028 1169 1031
f 1031 1168 1033
f 1168 1181 1033
f 1033 1181 1035
f 1181 1182 1035
f 1035 1182 1037
f 1037 1182 1039
f 1182 1183 1039
f 1039 1183 1040
f 1183 1184 1040
f 1040 1184 1007
f 1007 1184 1006
f 1184 1185 1006
f 1006 1185 1044
f 1185 1186 1044
f 1044 1186 1048
f 1048 1186 1051
f 1186 1187 1051
f 1051 1187 1050
f 1187 1188 1050
f 1050 1188 1053
f 1188 4 1053
f 1053 4 3
f 1189 1055 1190
f 146 1191 133
f 133 1191 1086
f 1192 1061 1193
f 1061 1086 1193
f 1193 1086 1194
f 1086 1191 1194
f 1195 1060 1196
f 1061 1192 1060
f 1060 1192 1196
f 1197 1059 1198
f 1060 1195 1059
f 1059 1195 1198
f 1059 1197 1058
f 1058 1197 1199
f 1200 1056 1199
f 1058 1199 1056
f 1056 1200 1055
f 1200 1190 1055
f 1055 1189 1057
f 1189 1110 1057
f 1201 1110 1189
f 1110 1201 1111
f 389 1202 1167
f 1156 1203 1154
f 1154 1203 1152
f 1203 1204 1152
f 1203 1205 1204
f 1205 1206 1204
f 1152 1204 1151
f 1204 1207 1151
f 1151 1207 1148
f 1206 1207 1204
f 1207 1208 1148
f 1206 1209 1207
f 1207 1209 1208
f 1148 1208 1149
f 1149 1208 1144
f 1208 1209 1144
f 1144 1209 1141
f 1206 1210 1209
f 1203 1211 1205
f 1211 1206 1205
f 1212 1210 1206
f 1211 1213 1206
f 1213 1214 1206
f 1206 1215 1212
f 1212 1215 1216
f 1215 1217 1216
f 1212 1218 1210
f 1218 1209 1210
f 1206 1214 1215
f 1212 1216 1218
f 1209 1218 1219
f 1214 1220 1215
f 1215 1220 1217
f 1141 1209 1137
f 1137 1209 1136
f 1209 1219 1136
f 1136 1219 1134
f 1219 1133 1134
f 1216 1217 1218
f 1218 1221 1219
f 1221 1222 1219
f 1157 1203 1156
f 1133 1219 1130
f 1219 1222 1130
f 1130 1222 1131
f 1222 1127 1131
f 1217 1223 1218
f 1223 1221 1218
f 1222 1221 1127
f 1157 1158 1203
f 1203 1158 1211
f 1158 1159 1211
f 1159 1160 1211
f 1211 1160 1213
f 1160 1161 1213
f 1213 1161 1214
f 1161 1162 1214
f 1162 1163 1214
f 1214 1163 1220
f 1163 1164 1220
f 1220 1164 1217
f 1164 1165 1217
f 1165 1166 1217
f 1217 1166 1202
f 1202 1224 1217
f 1224 1225 1217
f 1127 1221 1124
f 1221 1121 1124
f 1225 1223 1217
f 1223 1226 1221
f 1221 1227 1121
f 1167 1202 1166
f 1121 1227 1120
f 1120 1227 1118
f 1227 1221 1118
f 1221 1114 1118
f 1221 1228 1114
f 1228 1113 1114
f 389 1229 1202
f 1202 1229 1224
f 1229 1230 1224
f 1230 1231 1224
f 1231 1232 1224
f 1232 1233 1224
f 1224 1233 1225
f 1233 1234 1225
f 1234 1235 1225
f 1235 1236 1225
f 1225 1236 1223
f 1236 1237 1223
f 1237 1238 1223
f 1238 1239 1223
f 1239 1240 1223
f 1223 1240 1226
f 1240 1241 1226
f 1226 1241 1221
f 1241 1242 1221
f 1242 1243 1221
f 1243 1244 1221
f 1221 1244 1228
f 1244 1245 1228
f 1228 1245 1113
f 1245 106 1113
f 428 1246 430
f 1246 1247 430
f 430 1247 1248
f 1247 1249 1248
f 1248 1249 1250
f 1249 1251 1250
f 1251 1252 1250
f 1250 1252 1253
f 1252 1254 1253
f 1254 1255 1253
f 1253 1255 1256
f 1255 1257 1256
f 1257 1258 1256
f 1256 1258 1259
f 1258 1260 1259
f 1260 1261 1259
f 1259 1261 1262
f 1261 1263 1262
f 1263 1264 1262
f 1262 1264 1265
f 1264 1266 1265
f 1266 1267 1265
f 1265 1267 1268
f 1267 1269 1268
f 1269 1270 1268
f 1268 1270 1271
f 1270 369 1271
f 1271 369 367
f 430 1248 443
f 443 1248 1272
f 1248 1250 1272
f 1272 1250 1273
f 1250 1253 1273
f 1273 1253 1274
f 1253 1256 1274
f 1274 1256 1275
f 1256 1259 1275
f 1275 1259 1276
f 1259 1262 1276
f 1276 1262 1277
f 1262 1265 1277
f 1265 1268 1277
f 1277 1268 1278
f 1268 1271 1278
f 1278 1271 1279
f 1271 367 1279
f 1279 367 365
f 443 1272 442
f 442 1272 1280
f 1272 1273 1280
f 1280 1273 1281
f 1273 1274 1281
f 1281 1274 1282
f 1274 1275 1282
f 1282 1275 1283
f 1275 1276 1283
f 1283 1276 1284
f 1276 1277 1284
f 1277 1278 1284
f 1284 1278 1285
f 1278 1279 1285
f 1285 1279 1286
f 1279 365 1286
f 1286 365 363
f 442 1280 441
f 441 1280 1287
f 1280 1281 1287
f 1287 1281 1288
f 1281 1282 1288
f 1288 1282 1289
f 1282 1283 1289
f 1289 1283 1290
f 1283 1284 1290
f 1284 1285 1290
f 1290 1285 1291
f 1285 1286 1291
f 1291 1286 1292
f 1286 363 1292
f 1292 363 361
f 441 1287 440
f 440 1287 1293
f 1287 1288 1293
f 1293 1288 1294
f 1288 1289 1294
f 1294 1289 1295
f 1289 1290 1295
f 1290 1291 1295
f 1295 1291 1296
f 1291 1292 1296
f 1296 1292 1297
f 1292 361 1297
f 1297 361 359
f 440 1293 439
f 439 1293 1298
f 1293 1294 1298
f 1298 1294 1299
f 1294 1295 1299
f 1295 1296 1299
f 1299 1296 1300
f 1296 1297 1300
f 1300 1297 1301
f 1297 359 1301
f 1301 359 357
f 439 1298 438
f 438 1298 1302
f 1298 1299 1302
f 1299 1300 1302
f 1302 1300 1303
f 1300 1301 1303
f 1303 1301 1304
f 1301 357 1304
f 1304 357 355
f 438 1302 437
f 437 1302 1305
f 1305 1302 1306
f 1306 1302 1307
f 1302 1303 1307
f 1307 1303 1308
f 1303 1304 1308
f 1308 1304 1309
f 1304 355 1309
f 1309 355 353
f 437 1305 436
f 436 1305 1310
f 1305 1306 1310
f 1310 1306 1311
f 1306 1307 1311
f 1311 1307 1312
f 1307 1308 1312
f 1312 1308 1313
f 1308 1309 1313
f 1313 1309 1314
f 1309 353 1314
f 1314 353 351
f 436 1310 435
f 435 1310 1315
f 1310 1311 1315
f 1315 1311 1316
f 1311 1312 1316
f 1316 1312 1317
f 1312 1313 1317
f 1317 1313 1318
f 1313 1314 1318
f 1318 1314 1319
f 1314 351 1319
f 1319 351 349
f 435 1315 469
f 469 1315 1320
f 1315 1316 1320
f 1320 1316 1321
f 1316 1317 1321
f 1321 1317 1322
f 1317 1318 1322
f 1322 1318 1323
f 1318 1319 1323
f 1323 1319 1324
f 1319 349 1324
f 1324 349 347
f 469 1320 468
f 468 1320 1325
f 1320 1321 1325
f 1325 1321 1326
f 1321 1322 1326
f 1326 1322 1327
f 1322 1323 1327
f 1327 1323 1328
f 1323 1324 1328
f 1328 1324 1329
f 1324 347 1329
f 1329 347 345
f 468 1325 467
f 467 1325 1330
f 1325 1326 1330
f 1330 1326 1331
f 1326 1327 1331
f 1331 1327 1332
f 1327 1328 1332
f 1332 1328 1333
f 1328 1329 1333
f 1333 1329 1334
f 1329 345 1334
f 1334 345 343
f 467 1330 466
f 466 1330 1335
f 1330 1331 1335
f 1335 1331 1336
f 1331 1332 1336
f 1336 1332 1337
f 1332 1333 1337
f 1337 1333 1338
f 1333 1334 1338
f 1338 1334 1339
f 1334 343 1339
f 1339 343 341
f 466 1335 465
f 465 1335 1340
f 1340 1335 1341
f 1335 1336 1341
f 1341 1336 1342
f 1336 1337 1342
f 1342 1337 1343
f 1337 1338 1343
f 1343 1338 1344
f 1338 1339 1344
f 1344 1339 1345
f 1339 341 1345
f 1345 341 339
f 465 1340 464
f 464 1340 1346
f 1346 1340 1347
f 1340 1341 1347
f 1347 1341 1348
f 1341 1342 1348
f 1348 1342 1349
f 1342 1343 1349
f 1349 1343 1350
f 1343 1344 1350
f 1350 1344 1351
f 1344 1345 1351
f 1351 1345 1352
f 1345 339 1352
f 1352 339 337
f 464 1346 463
f 463 1346 1353
f 1353 1346 1354
f 1346 1347 1354
f 1354 1347 1355
f 1347 1348 1355
f 1355 1348 1356
f 1348 1349 1356
f 1356 1349 1357
f 1349 1350 1357
f 1357 1350 1358
f 1358 1350 1359
f 1350 1351 1359
f 1359 1351 1360
f 1351 1352 1360
f 1360 1352 1361
f 1352 337 1361
f 1361 337 335
f 462 463 1362
f 463 1353 1362
f 1362 1353 1363
f 1363 1353 1364
f 1353 1354 1364
f 1364 1354 1365
f 1365 1354 1366
f 1354 1355 1366
f 1366 1355 1367
f 1367 1355 1368
f 1355 1356 1368
f 1368 1356 1369
f 1356 1357 1369
f 1369 1357 1370
f 1370 1357 1371
f 1357 1358 1371
f 1371 1358 1372
f 1372 1358 1373
f 1373 1358 1374
f 1358 1359 1374
f 1374 1359 1375
f 1359 1360 1375
f 1375 1360 1376
f 1376 1360 1377
f 1360 1361 1377
f 1377 1361 1378
f 1361 335 1378
f 1378 335 329
f 1379 1171 1170
f 1379 1380 1171
f 1171 1380 1172
f 1380 1381 1172
f 1172 1381 1173
f 1381 1382 1173
f 1173 1382 1174
f 1382 1383 1174
f 1174 1383 1175
f 1383 1384 1175
f 1175 1384 1176
f 1384 1385 1176
f 1176 1385 1177
f 1385 1386 1177
f 1177 1386 1178
f 1386 1387 1178
f 1178 1387 1179
f 1387 1388 1179
f 1179 1388 1180
f 1388 1389 1180
f 1180 1389 1169
f 1389 1390 1169
f 1169 1390 1168
f 1390 1391 1168
f 1168 1391 1181
f 1391 1392 1181
f 1181 1392 1182
f 1392 1393 1182
f 1182 1393 1183
f 1393 1394 1183
f 1183 1394 1184
f 1394 1395 1184
f 1184 1395 1185
f 1395 1396 1185
f 1185 1396 1186
f 1396 1397 1186
f 1186 1397 1187
f 1397 1398 1187
f 1187 1398 1188
f 1398 6 1188
f 1188 6 4
f 1399 1401 1400
f 1402 1404 1403
f 1405 1407 1406
f 1408 1410 1409
f 1409 1410 147
f 1410 146 147
f 1411 1413 1412
f 1412 1413 1414
f 1410 1408 1415
f 1415 1408 1412
f 1412 1408 1411
f 1416 1418 1417
f 1417 1418 1419
f 1414 1413 1420
f 1420 1413 1418
f 1413 1421 1418
f 1418 1421 1419
f 1416 1417 1422
f 1417 1423 1422
f 1405 1422 1407
f 1422 1423 1407
f 1424 1406 1425
f 1406 1407 1425
f 1426 1428 1427
f 1406 1424 1429
f 1429 1424 1428
f 1428 1424 1427
f 1430 1432 1431
f 1431 1432 1426
f 1428 1426 1433
f 1433 1426 1432
f 1434 1436 1435
f 1434 1437 1436
f 1436 1437 1438
f 1437 1439 1438
f 1432 1430 1437
f 1430 1439 1437
f 1435 1436 1440
f 1440 1436 1441
f 1436 1442 1441
f 1442 1443 1441
f 1441 1443 1444
f 1443 1445 1444
f 1446 1448 1447
f 1447 1448 1449
f 1449 1448 1450
f 1445 1443 1451
f 1451 1443 1447
f 1447 1443 1446
f 1404 1452 1403
f 1403 1452 1453
f 1452 1450 1453
f 1453 1450 1448
f 1401 1454 1400
f 1400 1454 1455
f 1454 1404 1455
f 1404 1402 1455
f 1456 1458 1457
f 1457 1458 1459
f 1401 1399 1460
f 1399 1461 1460
f 1460 1461 1457
f 1457 1461 1456
f 1462 1464 1463
f 1463 1464 1465
f 1459 1458 1464
f 1464 1458 1465
f 1466 1468 1467
f 1468 1469 1467
f 1462 1463 1470
f 1470 1463 1471
f 1471 1463 1467
f 1463 1466 1467
f 1469 1468 1472
f 1472 1468 1473
f 1468 1474 1473
f 1473 1474 1475
f 1473 1475 1476
f 1476 1475 1477
f 1475 1478 1477
f 1477 1478 1479
f 1479 1478 1480
f 1481 1483 1482
f 1482 1483 1480
f 1483 1484 1480
f 1480 1484 1479
f 387 1229 389
f 387 1485 1229
f 1229 1485 1230
f 1485 1486 1230
f 1230 1486 1231
f 1486 1487 1231
f 1231 1487 1232
f 1487 1488 1232
f 1232 1488 1233
f 1488 1489 1233
f 1233 1489 1234
f 1489 1490 1234
f 1234 1490 1235
f 1490 1491 1235
f 1235 1491 1236
f 1491 1492 1236
f 1236 1492 1237
f 1492 1493 1237
f 1237 1493 1238
f 1493 1494 1238
f 1238 1494 1239
f 1494 1495 1239
f 1239 1495 1240
f 1495 1496 1240
f 1240 1496 1241
f 1496 1497 1241
f 1241 1497 1242
f 1497 1498 1242
f 1242 1498 1243
f 1498 1499 1243
f 1243 1499 1244
f 1499 1500 1244
f 1244 1500 1245
f 1500 1501 1245
f 1245 1501 106
f 1501 105 106
f 426 1246 428
f 426 1502 1246
f 1246 1502 1247
f 1502 1503 1247
f 1247 1503 1249
f 1503 1504 1249
f 1249 1504 1251
f 1504 1505 1251
f 1251 1505 1252
f 1505 1506 1252
f 1252 1506 1254
f 1506 1507 1254
f 1254 1507 1255
f 1507 1508 1255
f 1255 1508 1257
f 1508 1509 1257
f 1257 1509 1258
f 1509 1510 1258
f 1258 1510 1260
f 1510 1511 1260
f 1260 1511 1261
f 1511 1512 1261
f 1261 1512 1263
f 1512 1513 1263
f 1263 1513 1264
f 1513 1514 1264
f 1264 1514 1266
f 1514 1515 1266
f 1266 1515 1267
f 1515 1516 1267
f 1267 1516 1269
f 1516 1517 1269
f 1269 1517 1270
f 1517 1518 1270
f 1270 1518 369
f 1518 387 369
f 462 1519 451
f 462 1362 1519
f 1519 1362 1520
f 1362 1363 1520
f 1520 1363 1521
f 1363 1364 1521
f 1521 1364 1522
f 1364 1365 1522
f 1522 1365 1523
f 1365 1366 1523
f 1523 1366 1524
f 1366 1367 1524
f 1524 1367 1525
f 1367 1368 1525
f 1525 1368 1526
f 1368 1369 1526
f 1526 1369 1527
f 1369 1370 1527
f 1527 1370 1528
f 1370 1371 1528
f 1528 1371 1529
f 1371 1372 1529
f 1529 1372 1530
f 1372 1373 1530
f 1530 1373 1531
f 1373 1374 1531
f 1531 1374 1532
f 1374 1375 1532
f 1532 1375 1533
f 1375 1376 1533
f 1533 1376 1534
f 1376 1377 1534
f 1534 1377 1535
f 1377 1378 1535
f 1535 1378 331
f 1378 329 331
f 6 1536 5
f 6 1398 1536
f 1536 1398 1537
f 1398 1397 1537
f 1537 1397 1538
f 1397 1396 1538
f 1396 1395 1538
f 1538 1395 1539
f 1395 1394 1539
f 1394 1393 1539
f 1539 1393 1540
f 1393 1392 1540
f 1392 1391 1540
f 1540 1391 1541
f 1391 1390 1541
f 1390 1389 1541
f 1389 1388 1541
f 1541 1388 1542
f 1388 1387 1542
f 1542 1387 1543
f 1387 1386 1543
f 1386 1385 1543
f 1385 1384 1543
f 1543 1384 1544
f 1384 1383 1544
f 1544 1383 1545
f 1383 1382 1545
f 1382 1381 1545
f 1545 1381 1546
f 1381 1380 1546
f 1546 1380 1547
f 1380 1379 1547
f 1548 1550 1549
f 1551 1553 1552
f 1554 1555 1547
f 1547 1555 1556
f 1556 1555 1557
f 1558 1559 1557
f 1559 1556 1557
f 1560 1562 1561
f 1562 1559 1561
f 1559 1558 1561
f 1563 1564 1560
f 1562 1560 1564
f 1564 1563 1565
f 1563 1566 1565
f 1567 1569 1568
f 1565 1566 1569
f 1569 1566 1568
f 1570 1572 1571
f 1572 1570 1573
f 1570 1567 1573
f 1573 1567 1574
f 1567 1568 1574
f 1575 1571 1576
f 1576 1571 1572
f 1577 1575 1578
f 1578 1575 1576
f 1552 1577 1578
f 1552 1553 1577
f 1551 1579 1553
f 1580 1579 1581
f 1579 1551 1581
f 1579 1580 1582
f 1582 1580 1583
f 1549 1584 1583
f 1549 1550 1584
f 1582 1583 1584
f 1550 1548 1585
f 1550 1585 1586
f 1586 1585 159
f 1585 147 159
f 426 1587 1502
f 387 1588 1485
f 1588 1486 1485
f 1588 1589 1486
f 1589 1487 1486
f 1588 1590 1589
f 1589 1488 1487
f 1589 1489 1488
f 1591 1592 1589
f 1589 1490 1489
f 1589 1592 1490
f 1592 1491 1490
f 1591 1594 1593
f 1592 1492 1491
f 1593 1595 1592
f 1592 1493 1492
f 1590 1596 1591
f 1596 1594 1591
f 1594 1597 1593
f 1597 1598 1593
f 1595 1599 1592
f 1592 1599 1493
f 1599 1494 1493
f 1600 1597 1594
f 1598 1601 1593
f 1593 1601 1595
f 1595 1601 1599
f 1599 1495 1494
f 1597 1602 1598
f 1599 1496 1495
f 1598 1603 1601
f 1599 1497 1496
f 1518 1588 387
f 1602 1604 1598
f 1603 1605 1601
f 1601 1606 1599
f 1599 1606 1497
f 1606 1498 1497
f 1518 1517 1588
f 1588 1517 1590
f 1517 1516 1590
f 1516 1515 1590
f 1515 1514 1590
f 1590 1514 1596
f 1514 1513 1596
f 1596 1513 1594
f 1513 1512 1594
f 1512 1511 1594
f 1594 1511 1600
f 1511 1510 1600
f 1600 1510 1597
f 1510 1509 1597
f 1509 1508 1597
f 1508 1507 1597
f 1597 1507 1602
f 1507 1506 1602
f 1506 1505 1602
f 1602 1505 1604
f 1505 1504 1604
f 1504 1503 1604
f 1598 1607 1603
f 1605 1608 1601
f 1606 1499 1498
f 1604 1607 1598
f 1607 1605 1603
f 1608 1609 1601
f 1601 1609 1606
f 1606 1609 1499
f 1609 1500 1499
f 1502 1587 1604
f 1608 1610 1609
f 1610 1611 1609
f 1609 1611 1500
f 1611 1501 1500
f 426 1612 1587
f 1612 1613 1587
f 1613 1614 1587
f 1587 1614 1604
f 1614 1615 1604
f 1604 1615 1607
f 1615 1616 1607
f 1616 1617 1607
f 1617 1618 1607
f 1607 1618 1605
f 1618 1619 1605
f 1619 1620 1605
f 1620 1621 1605
f 1621 1622 1605
f 1622 1623 1605
f 1605 1623 1608
f 1623 1624 1608
f 1608 1624 1610
f 1624 1625 1610
f 1625 1626 1610
f 1610 1626 1611
f 1626 1627 1611
f 1627 1628 1611
f 1611 1628 1501
f 1628 105 1501
f 1502 1604 1503
f 1593 1592 1591
f 1591 1589 1590
f 451 1519 450
f 1519 1520 450
f 450 1520 1629
f 1520 1521 1629
f 1629 1521 1630
f 1521 1522 1630
f 1522 1523 1630
f 1630 1523 1631
f 1523 1524 1631
f 1524 1525 1631
f 1631 1525 1632
f 1525 1526 1632
f 1526 1527 1632
f 1632 1527 1633
f 1527 1528 1633
f 1528 1529 1633
f 1633 1529 1634
f 1529 1530 1634
f 1530 1531 1634
f 1634 1531 1635
f 1531 1532 1635
f 1532 1533 1635
f 1635 1533 1636
f 1533 1534 1636
f 1534 1535 1636
f 1636 1535 425
f 1535 331 425
f 450 1629 449
f 449 1629 1637
f 1629 1630 1637
f 1637 1630 1638
f 1630 1631 1638
f 1631 1632 1638
f 1632 1633 1638
f 1638 1633 1639
f 1633 1634 1639
f 1639 1634 1640
f 1634 1635 1640
f 1635 1636 1640
f 1640 1636 1641
f 1636 425 1641
f 1641 425 423
f 449 1637 459
f 459 1637 1642
f 1637 1638 1642
f 1638 1639 1642
f 1642 1639 1643
f 1639 1640 1643
f 1643 1640 1644
f 1640 1641 1644
f 1644 1641 1645
f 1641 423 1645
f 1645 423 421
f 459 1642 458
f 458 1642 1646
f 1642 1643 1646
f 1646 1643 1647
f 1643 1644 1647
f 1647 1644 1648
f 1644 1645 1648
f 1648 1645 1649
f 1645 421 1649
f 1649 421 419
f 458 1646 457
f 457 1646 1650
f 1646 1647 1650
f 1650 1647 1651
f 1647 1648 1651
f 1651 1648 1652
f 1648 1649 1652
f 1652 1649 1653
f 1649 419 1653
f 1653 419 417
f 457 1650 456
f 456 1650 1654
f 1650 1651 1654
f 1654 1651 1655
f 1651 1652 1655
f 1655 1652 1656
f 1652 1653 1656
f 1656 1653 1657
f 1653 417 1657
f 1657 417 415
f 456 1654 455
f 455 1654 1658
f 1654 1655 1658
f 1658 1655 1659
f 1655 1656 1659
f 1659 1656 1660
f 1656 1657 1660
f 1660 1657 1661
f 1657 415 1661
f 1661 415 413
f 455 1658 445
f 445 1658 1662
f 1658 1659 1662
f 1662 1659 1663
f 1659 1660 1663
f 1663 1660 1664
f 1660 1661 1664
f 1664 1661 1665
f 1661 413 1665
f 1665 413 411
f 445 1662 444
f 444 1662 1666
f 1662 1663 1666
f 1666 1663 1667
f 1663 1664 1667
f 1667 1664 1668
f 1664 1665 1668
f 1668 1665 1669
f 1665 411 1669
f 1669 411 409
f 444 1666 454
f 454 1666 1670
f 1666 1667 1670
f 1670 1667 1671
f 1667 1668 1671
f 1671 1668 1672
f 1668 1669 1672
f 1672 1669 1673
f 1669 409 1673
f 1673 409 407
f 454 1670 453
f 453 1670 1674
f 1670 1671 1674
f 1674 1671 1675
f 1671 1672 1675
f 1675 1672 1676
f 1672 1673 1676
f 1676 1673 1677
f 1673 407 1677
f 1677 407 405
f 453 1674 452
f 452 1674 1678
f 1674 1675 1678
f 1678 1675 1679
f 1675 1676 1679
f 1679 1676 1680
f 1676 1677 1680
f 1680 1677 1681
f 1677 405 1681
f 1681 405 403
f 461 452 1682
f 452 1678 1682
f 1678 1679 1682
f 1682 1679 1683
f 1679 1680 1683
f 1683 1680 1684
f 1680 1681 1684
f 1684 1681 1685
f 1681 403 1685
f 1685 403 401
f 461 1682 460
f 460 1682 1686
f 1682 1683 1686
f 1686 1683 1687
f 1683 1684 1687
f 1687 1684 1688
f 1684 1685 1688
f 1688 1685 1689
f 1685 401 1689
f 1689 401 399
f 460 1686 448
f 448 1686 1690
f 1686 1687 1690
f 1690 1687 1691
f 1687 1688 1691
f 1691 1688 1692
f 1688 1689 1692
f 1692 1689 1693
f 1689 399 1693
f 1693 399 397
f 448 1690 447
f 447 1690 1694
f 1694 1690 1695
f 1695 1690 1696
f 1690 1691 1696
f 1696 1691 1697
f 1691 1692 1697
f 1697 1692 1698
f 1692 1693 1698
f 1698 1693 1699
f 1693 397 1699
f 1699 397 395
f 446 447 1700
f 447 1694 1700
f 1700 1694 1701
f 1694 1695 1701
f 1701 1695 1702
f 1695 1696 1702
f 1702 1696 1703
f 1696 1697 1703
f 1703 1697 1704
f 1697 1698 1704
f 1704 1698 1705
f 1698 1699 1705
f 1705 1699 1706
f 1699 395 1706
f 1706 395 393
f 434 446 1707
f 446 1700 1707
f 1707 1700 1708
f 1708 1700 1709
f 1709 1700 1710
f 1700 1701 1710
f 1710 1701 1711
f 1711 1701 1712
f 1701 1702 1712
f 1712 1702 1713
f 1713 1702 1714
f 1714 1702 1715
f 1702 1703 1715
f 1715 1703 1716
f 1716 1703 1717
f 1703 1704 1717
f 1717 1704 1718
f 1718 1704 1719
f 1719 1704 1720
f 1704 1705 1720
f 1720 1705 1721
f 1721 1705 1722
f 1705 1706 1722
f 1722 1706 1723
f 1706 393 1723
f 1723 393 1
f 1586 1724 1550
f 1550 1724 1584
f 1584 1725 1582
f 1582 1725 1579
f 1579 1725 1553
f 1553 1725 1577
f 1571 1725 1570
f 1547 1726 1546
f 1727 1728 1547
f 1556 1727 1547
f 1726 1729 1546
f 1729 1545 1546
f 1562 1726 1559
f 1726 1727 1559
f 1559 1727 1556
f 1729 1544 1545
f 1564 1730 1562
f 1562 1730 1726
f 1729 1731 1544
f 1731 1543 1544
f 1565 1730 1564
f 1731 1732 1543
f 1565 1569 1730
f 1569 1733 1730
f 1732 1734 1543
f 1734 1542 1543
f 1567 1733 1569
f 1735 1734 1732
f 1734 1541 1542
f 1570 1725 1567
f 1567 1725 1733
f 1733 1736 1730
f 1730 1736 1726
f 1575 1725 1571
f 1737 1738 1735
f 1738 1739 1735
f 1735 1739 1734
f 1739 1740 1734
f 1734 1740 1541
f 1740 1540 1541
f 1577 1725 1575
f 1727 1726 1728
f 1740 1539 1540
f 1725 1741 1733
f 1739 1742 1740
f 1740 1743 1539
f 1744 1741 1725
f 1741 1737 1733
f 1733 1737 1736
f 1736 1729 1726
f 1728 1726 1547
f 1744 1745 1738
f 1738 1746 1739
f 1746 1742 1739
f 1742 1743 1740
f 1743 1538 1539
f 1741 1744 1737
f 1737 1731 1736
f 1736 1731 1729
f 1745 1746 1738
f 1746 1747 1742
f 1742 1747 1743
f 1743 1748 1538
f 1584 1724 1725
f 1725 1724 1744
f 1724 1745 1744
f 1745 1749 1746
f 1749 1747 1746
f 1748 1537 1538
f 1724 1750 1745
f 1747 1751 1743
f 1751 1748 1743
f 1748 1536 1537
f 159 1724 1586
f 159 1752 1724
f 1752 1753 1724
f 1753 1754 1724
f 1754 1755 1724
f 1724 1755 1750
f 1755 1756 1750
f 1750 1756 1745
f 1756 1757 1745
f 1757 1758 1745
f 1758 1759 1745
f 1745 1759 1749
f 1759 1760 1749
f 1749 1760 1747
f 1760 1761 1747
f 1761 1762 1747
f 1762 1763 1747
f 1747 1763 1751
f 1763 1764 1751
f 1764 1765 1751
f 1751 1765 1748
f 1765 1766 1748
f 1766 1767 1748
f 1767 1768 1748
f 1748 1768 1536
f 1768 5 1536
f 1744 1738 1737
f 1737 1735 1731
f 1735 1732 1731
f 427 1612 426
f 427 1769 1612
f 1612 1769 1613
f 1769 1770 1613
f 1613 1770 1614
f 1770 1771 1614
f 1614 1771 1615
f 1771 1772 1615
f 1615 1772 1616
f 1772 1773 1616
f 1616 1773 1617
f 1773 1774 1617
f 1617 1774 1618
f 1774 1775 1618
f 1618 1775 1619
f 1775 1776 1619
f 1619 1776 1620
f 1776 1777 1620
f 1620 1777 1621
f 1777 1778 1621
f 1621 1778 1622
f 1778 1779 1622
f 1622 1779 1623
f 1779 1780 1623
f 1623 1780 1624
f 1780 1781 1624
f 1624 1781 1625
f 1781 1782 1625
f 1625 1782 1626
f 1782 1783 1626
f 1626 1783 1627
f 1783 1784 1627
f 1627 1784 1628
f 1784 1785 1628
f 1628 1785 105
f 1785 157 105
f 434 1786 432
f 434 1707 1786
f 1786 1707 1787
f 1707 1708 1787
f 1787 1708 1788
f 1708 1709 1788
f 1788 1709 1789
f 1709 1710 1789
f 1789 1710 1790
f 1710 1711 1790
f 1790 1711 1791
f 1711 1712 1791
f 1791 1712 1792
f 1712 1713 1792
f 1792 1713 1793
f 1713 1714 1793
f 1793 1714 1794
f 1714 1715 1794
f 1794 1715 1795
f 1715 1716 1795
f 1795 1716 1796
f 1716 1717 1796
f 1796 1717 1797
f 1717 1718 1797
f 1797 1718 1798
f 1718 1719 1798
f 1798 1719 1799
f 1719 1720 1799
f 1799 1720 1800
f 1720 1721 1800
f 1800 1721 1801
f 1721 1722 1801
f 1801 1722 1802
f 1722 1723 1802
f 1802 1723 2
f 1723 1 2
f 5 1803 2
f 5 1768 1803
f 1803 1768 1804
f 1768 1767 1804
f 1804 1767 1805
f 1767 1766 1805
f 1805 1766 1806
f 1766 1765 1806
f 1806 1765 1807
f 1765 1764 1807
f 1807 1764 1808
f 1764 1763 1808
f 1808 1763 1809
f 1763 1762 1809
f 1809 1762 1810
f 1762 1761 1810
f 1810 1761 1811
f 1761 1760 1811
f 1811 1760 1812
f 1760 1759 1812
f 1812 1759 1813
f 1759 1758 1813
f 1813 1758 1814
f 1758 1757 1814
f 1814 1757 1815
f 1757 1756 1815
f 1815 1756 1816
f 1756 1755 1816
f 1816 1755 1817
f 1755 1754 1817
f 1817 1754 1818
f 1754 1753 1818
f 1818 1753 1819
f 1753 1752 1819
f 1819 1752 128
f 1752 159 128
f 1820 1822 1821
f 1823 1825 1824
f 476 1826 477
f 477 1826 1827
f 1827 1826 1828
f 1829 1827 1830
f 1830 1827 1828
f 1831 1833 1832
f 1832 1833 1834
f 1834 1833 1835
f 1833 1829 1835
f 1829 1830 1835
f 1836 1838 1837
f 1833 1831 1839
f 1839 1831 1838
f 1831 1837 1838
f 1838 1836 1840
f 1836 1841 1840
f 1840 1841 1842
f 1843 1845 1844
f 1845 1846 1844
f 1840 1842 1847
f 1847 1842 1845
f 1842 1846 1845
f 1848 1850 1849
f 1850 1848 1851
f 1848 1843 1851
f 1851 1843 1844
f 1852 1854 1853
f 1854 1849 1853
f 1853 1849 1855
f 1849 1850 1855
f 1856 1854 1857
f 1857 1854 1852
f 1824 1856 1857
f 1824 1825 1856
f 1823 1858 1825
f 1858 1859 1825
f 1860 1859 1861
f 1859 1858 1861
f 1862 1864 1863
f 1859 1860 1864
f 1864 1860 1863
f 1821 1866 1865
f 1821 1822 1866
f 1864 1862 1866
f 1862 1865 1866
f 1822 1820 1867
f 1822 1867 1868
f 1867 1869 1868
f 1868 1869 157
f 1869 158 157
f 1870 1872 1871
f 1871 1872 1873
f 1873 1872 1874
f 1874 1876 1875
f 1877 1879 1878
f 1878 1879 1880
f 1880 1879 1881
f 1882 1884 1883
f 1885 1887 1886
f 157 1888 1868
f 1868 1888 1822
f 1888 1889 1822
f 1822 1889 1866
f 1866 1889 1864
f 1785 1890 157
f 1864 1889 1859
f 1889 1891 1859
f 1785 1784 1890
f 1784 1783 1890
f 1783 1782 1890
f 1782 1781 1890
f 1781 1780 1890
f 1780 1779 1890
f 1890 1779 1892
f 1779 1778 1892
f 1859 1891 1825
f 1825 1891 1856
f 1856 1891 1854
f 1891 1893 1854
f 1854 1893 1849
f 1893 1894 1849
f 1849 1894 1848
f 1848 1894 1843
f 1843 1894 1845
f 1894 1895 1845
f 1845 1895 1847
f 1847 1895 1840
f 1895 1894 1840
f 1840 1894 1838
f 1894 1896 1838
f 1838 1896 1839
f 1839 1896 1833
f 1833 1896 1829
f 1896 1872 1829
f 1897 1898 427
f 427 1898 1769
f 1769 1898 1770
f 1770 1898 1771
f 1898 1899 1771
f 1771 1899 1772
f 1772 1899 1773
f 1773 1899 1774
f 1774 1899 1775
f 1899 1892 1775
f 1775 1892 1776
f 1776 1892 1777
f 1900 1898 1897
f 1901 1898 1900
f 1902 1892 1899
f 1903 1898 1901
f 1902 1904 1892
f 1886 1887 1903
f 1903 1887 1898
f 1883 1884 1885
f 1885 1884 1887
f 1884 1905 1887
f 1887 1905 1898
f 1905 1899 1898
f 1904 1890 1892
f 1906 1907 1882
f 1882 1907 1884
f 1907 1905 1884
f 1905 1908 1899
f 1899 1908 1902
f 1908 1904 1902
f 1904 1909 1890
f 1910 1907 1906
f 1907 1908 1905
f 1904 1908 1911
f 1908 1907 1912
f 1907 1910 1913
f 1881 1879 1913
f 1913 1879 1907
f 1879 1912 1907
f 1912 1911 1908
f 1904 1889 1909
f 1777 1892 1778
f 1879 1894 1912
f 1894 1911 1912
f 1911 1891 1904
f 1891 1889 1904
f 1889 1890 1909
f 1875 1876 1877
f 1877 1876 1879
f 1874 1872 1876
f 1876 1872 1879
f 1872 1894 1879
f 1889 1888 1890
f 1888 157 1890
f 1894 1893 1911
f 1893 1891 1911
f 1872 1896 1894
f 1829 1872 1827
f 1872 1870 1827
f 1827 1870 477
f 128 1914 1819
f 2 1915 1802
f 1915 1801 1802
f 1916 1915 2
f 1915 1800 1801
f 1916 1917 1915
f 1915 1918 1800
f 1918 1799 1800
f 1918 1798 1799
f 1918 1797 1798
f 1917 1919 1915
f 1919 1920 1915
f 1915 1921 1918
f 1921 1922 1918
f 1918 1796 1797
f 1916 1919 1917
f 1919 1923 1920
f 1918 1922 1796
f 1922 1795 1796
f 1922 1794 1795
f 1920 1924 1921
f 1922 1793 1794
f 1922 1792 1793
f 1920 1925 1924
f 1922 1791 1792
f 1923 1925 1920
f 1924 1914 1921
f 1921 1914 1926
f 1922 1927 1791
f 1927 1790 1791
f 1803 1916 2
f 1926 1928 1921
f 1921 1928 1922
f 1928 1927 1922
f 1927 1929 1790
f 1929 1789 1790
f 1803 1804 1916
f 1916 1804 1919
f 1804 1805 1919
f 1805 1806 1919
f 1806 1807 1919
f 1919 1807 1923
f 1807 1808 1923
f 1808 1809 1923
f 1809 1810 1923
f 1810 1811 1923
f 1811 1812 1923
f 1923 1812 1925
f 1812 1813 1925
f 1925 1813 1924
f 1813 1814 1924
f 1814 1815 1924
f 1815 1816 1924
f 1816 1817 1924
f 1924 1817 1914
f 1817 1818 1914
f 1928 1929 1927
f 1929 1788 1789
f 1929 1787 1788
f 1914 1930 1926
f 1929 1786 1787
f 128 1931 1914
f 1931 1932 1914
f 1932 1933 1914
f 1914 1933 1930
f 1933 1934 1930
f 1934 1935 1930
f 1935 1936 1930
f 1930 1936 1926
f 1936 1937 1926
f 1926 1937 1928
f 1937 1938 1928
f 1938 1939 1928
f 1939 1940 1928
f 1940 1941 1928
f 1941 1942 1928
f 1942 1943 1928
f 1928 1943 1929
f 1943 1944 1929
f 1944 1945 1929
f 1945 1946 1929
f 1946 1947 1929
f 1929 1947 1786
f 1947 432 1786
f 1819 1914 1818
f 1920 1921 1915
f 1948 1950 1949
f 1949 1950 158
f 1950 130 158
f 1951 1953 1952
f 1950 1948 1954
f 1954 1948 1952
f 1952 1948 1951
f 1955 1957 1956
f 1957 1955 1958
f 1952 1953 1959
f 1959 1953 1955
f 1955 1953 1958
f 1956 1957 1960
f 1960 1957 1961
f 1961 1962 1960
f 1963 1962 1964
f 1964 1962 1965
f 1962 1961 1965
f 1966 1968 1967
f 1963 1964 1969
f 1969 1964 1968
f 1964 1970 1968
f 1968 1970 1967
f 1971 1966 1972
f 1968 1966 1973
f 1973 1966 1971
f 1974 1976 1975
f 1976 1977 1975
f 1971 1972 1976
f 1972 1977 1976
f 1974 1975 1978
f 1975 1979 1978
f 1978 1979 1980
f 1978 1980 1981
f 1981 1980 1982
f 1982 1980 1983
f 1984 1986 1985
f 1985 1986 1987
f 1986 1988 1987
f 1982 1983 1985
f 1985 1983 1984
f 1989 1988 1986
f 1989 1990 1988
f 1989 1991 1990
f 1990 1991 1992
f 1993 1995 1994
f 1995 1993 1996
f 1990 1992 1997
f 1997 1992 1993
f 1993 1992 1996
f 1998 2000 1999
f 1994 1995 2001
f 2001 1995 1999
f 1995 1998 1999
f 1999 2000 2002
f 2003 2004 2000
f 2002 2000 2004
f 2004 2003 2005
f 2005 2003 2006
f 2006 2007 2005
f 2008 2007 485
f 485 2007 2006
f 2008 485 484
f 2009 1874 2010
f 2011 1880 2012
f 429 2013 427
f 427 2013 1897
f 2014 1897 2015
f 1897 2013 2015
f 1900 2016 1901
f 1897 2014 1900
f 1900 2014 2016
f 2017 1901 2016
f 1901 2017 1903
f 1903 2017 2018
f 2019 1885 2020
f 1903 2018 1886
f 1886 2018 1885
f 2018 2021 1885
f 1885 2021 2020
f 2022 1882 2023
f 1885 2019 1883
f 1883 2019 1882
f 2019 2024 1882
f 1882 2024 2023
f 1882 2022 1906
f 1910 2025 1913
f 2025 1910 2026
f 1910 1906 2026
f 1906 2022 2026
f 1880 1881 2012
f 2012 1881 2027
f 1881 1913 2027
f 1913 2025 2027
f 1880 2011 2028
f 1880 2028 1878
f 1878 2028 2029
f 2030 2010 1877
f 1877 2010 1875
f 2010 1874 1875
f 1878 2029 1877
f 1877 2029 2030
f 2031 1871 1873
f 1874 2009 1873
f 2009 2031 1873
f 2032 1871 2031
f 1871 2032 1870
f 1870 2032 2033
f 1870 2033 477
f 2033 475 477
f 432 2034 431
f 432 1947 2034
f 2034 1947 2035
f 1947 1946 2035
f 2035 1946 2036
f 1946 1945 2036
f 2036 1945 2037
f 1945 1944 2037
f 2037 1944 2038
f 1944 1943 2038
f 2038 1943 2039
f 1943 1942 2039
f 2039 1942 2040
f 1942 1941 2040
f 2040 1941 2041
f 1941 1940 2041
f 2041 1940 2042
f 1940 1939 2042
f 2042 1939 2043
f 1939 1938 2043
f 2043 1938 2044
f 1938 1937 2044
f 2044 1937 2045
f 1937 1936 2045
f 2045 1936 2046
f 1936 1935 2046
f 2046 1935 2047
f 1935 1934 2047
f 2047 1934 2048
f 1934 1933 2048
f 2048 1933 2049
f 1933 1932 2049
f 2049 1932 2050
f 1932 1931 2050
f 2050 1931 129
f 1931 128 129
f 2051 2053 2052
f 130 2054 129
f 129 2054 2055
f 2056 2055 2057
f 2057 2055 2058
f 2055 2054 2058
f 2059 2061 2060
f 2060 2061 2062
f 2061 2063 2062
f 2055 2056 2060
f 2060 2056 2059
f 2064 2063 2065
f 2063 2061 2065
f 2063 2064 2066
f 2064 2067 2066
f 2066 2067 2068
f 2069 2071 2070
f 2066 2068 2071
f 2071 2068 2070
f 2072 2074 2073
f 2073 2074 2069
f 2071 2069 2074
f 2074 2072 2075
f 2075 2072 2076
f 2072 2077 2076
f 2076 2077 2078
f 2079 2081 2080
f 2081 2079 2082
f 2082 2079 2083
f 2079 2076 2083
f 2076 2078 2083
f 2084 2086 2085
f 2085 2086 2087
f 2087 2086 2088
f 2086 2080 2088
f 2080 2081 2088
f 2089 2084 2090
f 2090 2084 2091
f 2084 2085 2091
f 2084 2089 2092
f 2092 2089 2093
f 2089 2094 2093
f 2093 2094 2095
f 2096 2098 2097
f 2096 2052 2098
f 2098 2052 2099
f 2052 2053 2099
f 2093 2095 2098
f 2098 2095 2097
f 2100 2053 2101
f 2101 2053 2051
f 2102 2104 2103
f 2102 2105 2104
f 2053 2100 2106
f 2106 2100 2104
f 2100 2103 2104
f 2107 2105 2102
f 2105 2107 2108
f 2108 2107 2109
f 2108 2109 479
f 2109 478 479
f 2110 470 2111
f 470 471 2111
f 2110 2113 2112
f 470 2110 2112
f 2114 2116 2115
f 2116 2114 2117
f 2112 2113 2114
f 2114 2113 2117
f 2118 2120 2119
f 2120 2118 2121
f 2115 2116 2118
f 2118 2116 2121
f 2122 2124 2123
f 2122 2125 2124
f 2119 2120 2124
f 2120 2123 2124
f 2126 2128 2127
f 2125 2122 2128
f 2128 2122 2127
f 2129 2131 2130
f 2130 2131 2132
f 2131 2129 2133
f 2128 2126 2134
f 2134 2126 2129
f 2129 2126 2133
f 2135 2132 2131
f 2132 2135 2136
f 2136 2135 2137
f 2136 2137 2138
f 2137 2139 2138
f 2138 2139 2140
f 2138 2140 2141
f 2141 2140 2142
f 2143 2141 2144
f 2144 2141 2142
f 2143 2144 2145
f 2144 2146 2145
f 2147 2146 2148
f 2146 2144 2148
f 2147 2149 2146
f 2147 2150 2149
f 2150 2151 2149
f 2149 2151 2152
f 2151 2153 2152
f 2154 2153 2155
f 2153 2151 2155
f 2156 2158 2157
f 2153 2154 2159
f 2159 2154 2157
f 2157 2154 2156
f 2160 2161 2158
f 2160 2162 2161
f 2161 2162 2163
f 2157 2158 2164
f 2164 2158 2161
f 2163 2162 2165
f 2162 2166 2165
f 2165 2166 2167
f 2165 2167 2168
f 2167 2169 2168
f 2169 2167 2170
f 2167 2171 2170
f 2170 2171 433
f 2171 429 433
f 2172 2174 2173
f 2173 2174 2175
f 2175 2177 2176
f 2178 2180 2179
f 2179 2182 2181
f 2181 2182 2183
f 2183 2182 2184
f 2105 2185 2104
f 2104 2186 2106
f 2053 2186 2099
f 2098 2187 2093
f 2093 2188 2092
f 2080 2189 2079
f 2076 2190 2075
f 2055 2191 129
f 2063 2192 2062
f 2062 2192 2060
f 2192 2193 2060
f 2193 2191 2060
f 2060 2191 2055
f 2066 2194 2063
f 2063 2194 2192
f 2071 2194 2066
f 2194 2193 2192
f 2074 2194 2071
f 2075 2190 2074
f 2074 2190 2194
f 2079 2189 2076
f 2076 2189 2190
f 2190 2189 2194
f 2086 2189 2080
f 2084 2189 2086
f 2092 2188 2084
f 2084 2188 2189
f 2188 2195 2189
f 2195 2196 2189
f 2197 2191 2193
f 2093 2187 2188
f 2188 2187 2195
f 2189 2196 2194
f 2194 2197 2193
f 2099 2186 2098
f 2098 2186 2187
f 2106 2186 2053
f 2195 2198 2196
f 2196 2198 2194
f 2198 2199 2194
f 2104 2185 2186
f 2186 2185 2187
f 2187 2200 2195
f 2195 2200 2198
f 2199 2201 2194
f 2194 2201 2197
f 2201 2202 2197
f 2197 2202 2191
f 2105 2108 2185
f 2203 2185 479
f 479 2185 2108
f 2204 2185 2203
f 2205 2185 2204
f 2206 2207 2205
f 2205 2207 2185
f 2208 2187 2185
f 2209 2207 2206
f 2207 2210 2185
f 2210 2208 2185
f 2211 2207 2209
f 2208 2200 2187
f 2212 2207 2211
f 2210 2200 2208
f 2213 2182 2212
f 2212 2182 2207
f 2214 2182 2213
f 2184 2182 2214
f 2182 2215 2207
f 2207 2215 2210
f 2210 2216 2200
f 2216 2198 2200
f 2198 2217 2199
f 2216 2217 2198
f 2217 2201 2199
f 2182 2180 2215
f 2215 2216 2210
f 2179 2180 2182
f 2180 2218 2215
f 2215 2218 2216
f 2216 2218 2217
f 2176 2177 2178
f 2178 2177 2180
f 2218 2219 2217
f 2219 2201 2217
f 2175 2174 2177
f 2177 2174 2180
f 2180 2220 2218
f 2218 2220 2221
f 2221 2219 2218
f 2174 2220 2180
f 431 2034 2172
f 2172 2034 2174
f 2034 2035 2174
f 2035 2036 2174
f 2036 2037 2174
f 2037 2038 2174
f 2174 2038 2220
f 2038 2039 2220
f 2039 2040 2220
f 2220 2040 2221
f 2040 2041 2221
f 2221 2041 2219
f 2041 2042 2219
f 2042 2043 2219
f 2043 2044 2219
f 2044 2045 2219
f 2045 2046 2219
f 2219 2046 2201
f 2046 2047 2201
f 2047 2048 2201
f 2201 2048 2202
f 2048 2049 2202
f 2202 2049 2191
f 2049 2050 2191
f 2050 129 2191
f 481 2222 479
f 479 2222 2203
f 2222 2223 2203
f 2224 2204 2223
f 2204 2203 2223
f 2225 2205 2226
f 2226 2205 2227
f 2205 2204 2227
f 2204 2224 2227
f 2228 2206 2225
f 2205 2225 2206
f 2206 2228 2209
f 2228 2229 2209
f 2209 2229 2230
f 2212 2211 2231
f 2231 2211 2230
f 2209 2230 2211
f 2213 2232 2214
f 2232 2213 2233
f 2213 2212 2233
f 2233 2212 2231
f 2234 2184 2235
f 2184 2214 2235
f 2235 2214 2232
f 2183 2184 2234
f 2236 2183 2234
f 2236 2181 2183
f 2236 2237 2181
f 2237 2179 2181
f 2238 2179 2239
f 2179 2237 2239
f 2240 2178 2241
f 2179 2238 2178
f 2238 2242 2178
f 2178 2242 2241
f 2243 2175 2244
f 2243 2173 2175
f 2178 2240 2176
f 2176 2240 2175
f 2240 2244 2175
f 2173 2243 2245
f 2173 2245 2172
f 2245 2246 2172
f 2172 2246 431
f 2246 433 431
f 213 214 2247
f 2247 214 2248
f 214 204 2248
f 2248 204 2249
f 204 205 2249
f 2249 205 2250
f 205 206 2250
f 2250 206 2251
f 206 188 2251
f 2251 188 2252
f 188 175 2252
f 2252 175 2253
f 175 176 2253
f 2253 176 2254
f 176 189 2254
f 2254 189 2255
f 189 190 2255
f 2255 190 2256
f 190 109 2256
f 2256 109 2257
f 109 110 2257
f 2257 110 2258
f 110 177 2258
f 2258 177 2259
f 177 178 2259
f 2259 178 2260
f 178 179 2260
f 2260 179 2261
f 179 166 2261
f 2261 166 2262
f 166 167 2262
f 2262 167 2263
f 167 168 2263
f 2263 168 2264
f 168 142 2264
f 2264 142 2265
f 142 143 2265
f 2265 143 2266
f 143 169 2266
f 2266 169 2267
f 169 170 2267
f 2267 170 2268
f 170 171 2268
f 2268 171 2269
f 171 180 2269
f 2269 180 2270
f 180 181 2270
f 2270 181 2271
f 181 183 2271
f 2271 183 2272
f 183 184 2272
f 2272 184 2273
f 184 207 2273
f 2273 207 2274
f 207 208 2274
f 2274 208 2275
f 208 209 2275
f 2275 209 2276
f 209 210 2276
f 2276 210 2277
f 210 211 2277
f 2277 211 2278
f 211 212 2278
f 2278 212 2279
f 212 220 2279
f 2279 220 2280
f 220 221 2280
f 2280 221 2281
f 221 222 2281
f 2281 222 2282
f 222 203 2282
f 2282 203 2283
f 203 191 2283
f 2283 191 2284
f 191 192 2284
f 2284 192 2285
f 192 223 2285
f 2285 223 2286
f 223 224 2286
f 2286 224 2287
f 224 217 2287
f 2287 217 2288
f 217 216 2288
f 2288 216 2289
f 216 215 2289
f 2289 215 2290
f 215 218 2290
f 2290 218 2291
f 218 219 2291
f 2291 219 2292
f 219 193 2292
f 2292 193 2293
f 193 194 2293
f 2293 194 2294
f 194 195 2294
f 2294 195 2295
f 195 185 2295
f 2295 185 2296
f 185 186 2296
f 2296 186 2297
f 186 187 2297
f 2297 187 2298
f 187 173 2298
f 2298 173 2299
f 173 174 2299
f 2299 174 2300
f 174 134 2300
f 2300 134 135
f 162 196 2301
f 2301 196 2302
f 196 197 2302
f 2302 197 2303
f 197 198 2303
f 2303 198 2304
f 198 199 2304
f 2304 199 2305
f 199 200 2305
f 2305 200 2306
f 200 201 2306
f 2306 201 2307
f 201 202 2307
f 2307 202 2308
f 202 213 2308
f 2308 213 2247
f 2300 135 2309
f 2309 135 2310
f 135 136 2310
f 2310 136 2311
f 136 137 2311
f 2311 137 2312
f 137 138 2312
f 2312 138 2313
f 138 139 2313
f 2313 139 2314
f 139 140 2314
f 2314 140 2315
f 140 141 2315
f 2315 141 160
f 160 161 2316
f 2316 161 2317
f 161 162 2317
f 2317 162 2301
f 2311 2312 2318
f 2318 2312 2313
f 2289 2290 2319
f 2319 2290 2291
f 2308 2247 2320
f 2320 2247 2321
f 2247 2248 2321
f 2321 2248 2322
f 2248 2249 2322
f 2322 2249 2323
f 2249 2250 2323
f 2323 2250 2324
f 2250 2251 2324
f 2324 2251 2325
f 2251 2252 2325
f 2325 2252 2326
f 2252 2253 2326
f 2326 2253 2327
f 2253 2254 2327
f 2327 2254 2328
f 2254 2255 2328
f 2328 2255 2329
f 2255 2256 2329
f 2329 2256 2330
f 2256 2257 2330
f 2330 2257 2331
f 2257 2258 2331
f 2331 2258 2332
f 2258 2259 2332
f 2332 2259 2333
f 2259 2260 2333
f 2333 2260 2334
f 2260 2261 2334
f 2334 2261 2335
f 2261 2262 2335
f 2335 2262 2336
f 2262 2263 2336
f 2336 2263 2337
f 2263 2264 2337
f 2337 2264 2338
f 2264 2265 2338
f 2338 2265 2339
f 2265 2266 2339
f 2339 2266 2340
f 2266 2267 2340
f 2340 2267 2341
f 2267 2268 2341
f 2341 2268 2342
f 2268 2269 2342
f 2342 2269 2343
f 2269 2270 2343
f 2343 2270 2344
f 2270 2271 2344
f 2344 2271 2345
f 2271 2272 2345
f 2345 2272 2346
f 2272 2273 2346
f 2346 2273 2347
f 2273 2274 2347
f 2347 2274 2348
f 2274 2275 2348
f 2348 2275 2349
f 2275 2276 2349
f 2349 2276 2350
f 2276 2277 2350
f 2350 2277 2351
f 2277 2278 2351
f 2351 2278 2352
f 2278 2279 2352
f 2352 2279 2353
f 2279 2280 2353
f 2353 2280 2354
f 2280 2281 2354
f 2354 2281 2355
f 2281 2282 2355
f 2355 2282 2356
f 2282 2283 2356
f 2356 2283 2357
f 2283 2284 2357
f 2357 2284 2358
f 2284 2285 2358
f 2358 2285 2359
f 2285 2286 2359
f 2359 2286 2360
f 2286 2287 2360
f 2360 2287 2361
f 2287 2288 2361
f 2361 2288 2362
f 2288 2289 2362
f 2362 2289 2319
f 2319 2291 2363
f 2363 2291 2364
f 2291 2292 2364
f 2364 2292 2365
f 2292 2293 2365
f 2365 2293 2366
f 2293 2294 2366
f 2366 2294 2367
f 2294 2295 2367
f 2367 2295 2368
f 2295 2296 2368
f 2368 2296 2369
f 2296 2297 2369
f 2369 2297 2370
f 2297 2298 2370
f 2370 2298 2371
f 2298 2299 2371
f 2371 2299 2372
f 2299 2300 2372
f 2372 2300 2373
f 2300 2309 2373
f 2373 2309 2310
f 2310 2311 2374
f 2374 2311 2318
f 2318 2313 2375
f 2375 2313 2376
f 2313 2314 2376
f 2376 2314 2377
f 2314 2315 2377
f 2377 2315 2378
f 2315 160 2378
f 2378 160 2379
f 160 2316 2379
f 2379 2316 2380
f 2316 2317 2380
f 2380 2317 2381
f 2317 2301 2381
f 2381 2301 2382
f 2301 2302 2382
f 2382 2302 2383
f 2302 2303 2383
f 2383 2303 2384
f 2303 2304 2384
f 2384 2304 2385
f 2304 2305 2385
f 2385 2305 2386
f 2305 2306 2386
f 2386 2306 2387
f 2306 2307 2387
f 2387 2307 2388
f 2307 2308 2388
f 2388 2308 2320
f 64 65 2389
f 2389 65 2390
f 65 66 2390
f 2390 66 2391
f 66 67 2391
f 2391 67 2392
f 67 68 2392
f 2392 68 2393
f 68 69 2393
f 2393 69 2394
f 69 70 2394
f 2394 70 2395
f 70 48 2395
f 2395 48 2396
f 48 47 2396
f 2396 47 2397
f 47 45 2397
f 2397 45 2398
f 45 92 2398
f 2398 92 2399
f 92 93 2399
f 2399 93 2400
f 93 94 2400
f 2400 94 2401
f 94 116 2401
f 2401 116 2402
f 116 117 2402
f 2402 117 2403
f 117 118 2403
f 2403 118 2404
f 118 95 2404
f 2404 95 2405
f 95 50 2405
f 2405 50 2406
f 50 51 2406
f 2406 51 2407
f 51 99 2407
f 2407 99 2408
f 99 100 2408
f 2408 100 2409
f 100 101 2409
f 2409 101 2410
f 101 52 2410
f 2410 52 2411
f 52 53 2411
f 2411 53 2412
f 53 71 2412
f 2412 71 2413
f 71 72 2413
f 2413 72 2414
f 72 28 2414
f 2414 28 2415
f 28 29 2415
f 2415 29 2416
f 29 119 2416
f 2416 119 2417
f 119 120 2417
f 2417 120 2418
f 120 121 2418
f 2418 121 2419
f 121 163 2419
f 2419 163 2420
f 163 164 2420
f 2420 164 2421
f 164 165 2421
f 2421 165 2422
f 165 125 2422
f 2422 125 2423
f 125 126 2423
f 2423 126 2424
f 126 149 2424
f 2424 149 2425
f 149 150 2425
f 2425 150 2426
f 150 151 2426
f 2426 151 2427
f 151 152 2427
f 2427 152 2428
f 152 153 2428
f 2428 153 2429
f 153 154 2429
f 2429 154 2430
f 154 155 2430
f 2430 155 2431
f 155 156 2431
f 2431 156 2432
f 156 122 2432
f 2432 122 2433
f 122 123 2433
f 2433 123 2434
f 123 124 2434
f 2434 124 2435
f 124 144 2435
f 2435 144 2436
f 144 145 2436
f 2436 145 2437
f 145 102 2437
f 2437 102 2438
f 102 103 2438
f 2438 103 2439
f 103 104 2439
f 2439 104 2440
f 104 54 2440
f 2440 54 2441
f 54 55 2441
f 2441 55 2442
f 55 56 2442
f 2442 56 2443
f 56 57 2443
f 2443 57 2444
f 57 58 2444
f 2444 58 2445
f 58 34 2445
f 2445 34 2446
f 34 35 2446
f 2446 35 2447
f 35 37 2447
f 2447 37 2448
f 37 38 2448
f 2448 38 2449
f 38 39 2449
f 2449 39 2450
f 39 40 2450
f 2450 40 2451
f 40 59 2451
f 2451 59 2452
f 59 60 2452
f 2452 60 2453
f 60 61 2453
f 2453 61 2454
f 61 111 2454
f 2454 111 2455
f 111 112 2455
f 2455 112 2456
f 112 113 2456
f 2456 113 2457
f 113 115 2457
f 2457 115 2458
f 115 62 2458
f 2458 62 2459
f 62 63 2459
f 2459 63 2460
f 63 64 2460
f 2460 64 2389
f 2392 2393 2461
f 2461 2393 2394
f 2455 2456 2462
f 2462 2456 2457
f 2392 2461 2463
f 2463 2461 2394
f 2417 2418 2464
f 2464 2418 2465
f 2418 2419 2465
f 2465 2419 2466
f 2419 2420 2466
f 2466 2420 2467
f 2420 2421 2467
f 2467 2421 2468
f 2421 2422 2468
f 2468 2422 2469
f 2422 2423 2469
f 2469 2423 2470
f 2423 2424 2470
f 2470 2424 2471
f 2424 2425 2471
f 2471 2425 2472
f 2425 2426 2472
f 2472 2426 2473
f 2426 2427 2473
f 2473 2427 2474
f 2427 2428 2474
f 2474 2428 2475
f 2428 2429 2475
f 2475 2429 2476
f 2429 2430 2476
f 2476 2430 2431
f 2455 2462 2477
f 2477 2462 2478
f 2462 2457 2478
f 2478 2457 2458
f 2459 2460 2479
f 2479 2460 2389
f 2390 2391 2480
f 2480 2391 2481
f 2391 2392 2481
f 2481 2392 2463
f 2463 2394 2482
f 2482 2394 2483
f 2394 2395 2483
f 2483 2395 2484
f 2395 2396 2484
f 2484 2396 2485
f 2396 2397 2485
f 2485 2397 2486
f 2397 2398 2486
f 2486 2398 2487
f 2398 2399 2487
f 2487 2399 2488
f 2399 2400 2488
f 2488 2400 2489
f 2400 2401 2489
f 2489 2401 2490
f 2401 2402 2490
f 2490 2402 2491
f 2402 2403 2491
f 2491 2403 2492
f 2403 2404 2492
f 2492 2404 2493
f 2404 2405 2493
f 2493 2405 2494
f 2405 2406 2494
f 2494 2406 2495
f 2406 2407 2495
f 2495 2407 2496
f 2407 2408 2496
f 2496 2408 2497
f 2408 2409 2497
f 2497 2409 2498
f 2409 2410 2498
f 2498 2410 2499
f 2410 2411 2499
f 2499 2411 2500
f 2411 2412 2500
f 2500 2412 2501
f 2412 2413 2501
f 2501 2413 2502
f 2413 2414 2502
f 2502 2414 2503
f 2414 2415 2503
f 2503 2415 2504
f 2415 2416 2504
f 2504 2416 2505
f 2416 2417 2505
f 2505 2417 2464
f 2476 2431 2506
f 2506 2431 2507
f 2431 2432 2507
f 2507 2432 2508
f 2432 2433 2508
f 2508 2433 2509
f 2433 2434 2509
f 2509 2434 2510
f 2434 2435 2510
f 2510 2435 2511
f 2435 2436 2511
f 2511 2436 2512
f 2436 2437 2512
f 2512 2437 2513
f 2437 2438 2513
f 2513 2438 2514
f 2438 2439 2514
f 2514 2439 2515
f 2439 2440 2515
f 2515 2440 2516
f 2440 2441 2516
f 2516 2441 2517
f 2441 2442 2517
f 2517 2442 2518
f 2442 2443 2518
f 2518 2443 2519
f 2443 2444 2519
f 2519 2444 2520
f 2444 2445 2520
f 2520 2445 2521
f 2445 2446 2521
f 2521 2446 2522
f 2446 2447 2522
f 2522 2447 2523
f 2447 2448 2523
f 2523 2448 2524
f 2448 2449 2524
f 2524 2449 2525
f 2449 2450 2525
f 2525 2450 2526
f 2450 2451 2526
f 2526 2451 2527
f 2451 2452 2527
f 2527 2452 2528
f 2452 2453 2528
f 2528 2453 2529
f 2453 2454 2529
f 2529 2454 2530
f 2454 2455 2530
f 2530 2455 2477
f 2481 2463 2531
f 2531 2463 2482
f 2530 2477 2532
f 2532 2477 2478
f 2533 2535 2534
f 2536 2538 2537
f 2539 2541 2540
f 882 2543 2542
f 883 2544 882
f 882 2544 2543
f 2545 2547 2546
f 2546 2547 2548
f 2542 2543 2549
f 2549 2543 2547
f 2543 2550 2547
f 2547 2550 2548
f 2551 2553 2552
f 2552 2553 2554
f 2553 2555 2554
f 2545 2546 2556
f 2556 2546 2552
f 2552 2546 2551
f 2557 2559 2558
f 2558 2559 2560
f 2555 2553 2561
f 2561 2553 2559
f 2559 2553 2560
f 2562 2564 2563
f 2562 2565 2564
f 2557 2558 2566
f 2566 2558 2564
f 2564 2558 2563
f 2567 2569 2568
f 2565 2562 2567
f 2562 2570 2567
f 2567 2570 2569
f 2571 2540 2572
f 2572 2540 2541
f 2571 2573 2540
f 2540 2573 2574
f 2573 2575 2574
f 2568 2569 2576
f 2576 2569 2573
f 2569 2575 2573
f 2577 2579 2578
f 2539 2578 2541
f 2541 2578 2580
f 2578 2579 2580
f 2578 2537 2577
f 2577 2537 2581
f 2581 2537 2538
f 2582 2584 2583
f 2582 2585 2584
f 2536 2584 2538
f 2538 2584 2586
f 2584 2585 2586
f 2587 2583 2588
f 2583 2584 2588
f 2589 2591 2590
f 2587 2590 2583
f 2583 2590 2592
f 2590 2591 2592
f 2534 2589 2593
f 2589 2590 2593
f 2535 2594 2534
f 2589 2534 2594
f 2533 2595 2535
f 2595 2596 2535
f 2596 2595 2597
f 2597 2595 2598
f 2595 2599 2598
f 2600 2602 2601
f 2601 2602 2603
f 2602 2598 2603
f 2603 2598 2604
f 2598 2599 2604
f 2605 2607 2606
f 2606 2607 2608
f 2607 2609 2608
f 2602 2600 2610
f 2610 2600 2607
f 2600 2609 2607
f 2605 2606 2611
f 2611 2606 2612
f 2613 2612 2614
f 2612 2606 2614
f 2612 2613 2615
f 2615 2613 2616
f 2613 2617 2616
f 2616 2617 127
f 2617 80 127
f 2618 859 860
f 2619 2621 2620
f 2619 2622 2621
f 859 2618 2619
f 2619 2618 2622
f 2623 2624 2621
f 2620 2621 2624
f 2625 2627 2626
f 2626 2627 2628
f 2624 2623 2626
f 2626 2623 2625
f 2628 2627 2629
f 2627 2630 2629
f 2629 2630 2631
f 2632 2634 2633
f 2629 2631 2635
f 2635 2631 2633
f 2633 2631 2632
f 2634 2632 148
f 2632 127 148
f 2636 2638 2637
f 2639 2641 2640
f 2640 2641 80
f 2641 79 80
f 2641 2639 2642
f 2642 2639 2643
f 2643 2639 2644
f 2645 2647 2646
f 2647 2648 2646
f 2643 2644 2649
f 2649 2644 2646
f 2644 2650 2646
f 2646 2650 2645
f 2648 2647 2651
f 2651 2647 2652
f 2647 2653 2652
f 2652 2653 2654
f 2654 2655 2652
f 2656 2655 2657
f 2655 2654 2657
f 2658 2660 2659
f 2659 2660 2661
f 2655 2656 2662
f 2662 2656 2659
f 2656 2663 2659
f 2659 2663 2658
f 2661 2660 2664
f 2665 2667 2666
f 2661 2664 2668
f 2668 2664 2665
f 2664 2667 2665
f 2666 2669 2665
f 2665 2669 2670
f 2669 2671 2670
f 2636 2671 2638
f 2638 2671 2672
f 2671 2669 2672
f 2673 2637 2674
f 2637 2638 2674
f 2675 2673 2676
f 2676 2673 2677
f 2673 2674 2677
f 2678 2675 2679
f 2675 2676 2679
f 2678 2680 2675
f 2681 2680 2682
f 2682 2680 2683
f 2680 2678 2683
f 2684 2686 2685
f 2681 2682 2686
f 2686 2682 2685
f 2686 2684 2687
f 2684 2688 2687
f 2689 2687 2688
f 2690 2692 2691
f 2690 2693 2692
f 2692 2693 2694
f 2693 2695 2694
f 2687 2689 2696
f 2696 2689 2693
f 2693 2689 2695
f 2691 2692 2697
f 2692 2698 2697
f 2697 2698 2699
f 2697 2699 2700
f 2700 2699 853
f 2700 853 852
f 79 2701 148
f 2702 2701 2703
f 2703 2701 2704
f 2701 79 2704
f 2705 2707 2706
f 2701 2702 2708
f 2708 2702 2707
f 2702 2709 2707
f 2707 2709 2706
f 2710 2705 2711
f 2707 2705 2712
f 2712 2705 2710
f 2713 2715 2714
f 2710 2711 2716
f 2711 2717 2716
f 2716 2717 2715
f 2716 2715 2718
f 2715 2713 2718
f 2719 2714 2720
f 2720 2714 2721
f 2714 2715 2721
f 2722 2724 2723
f 2723 2724 2725
f 2719 2720 2726
f 2726 2720 2722
f 2722 2720 2724
f 2727 2729 2728
f 2728 2729 2730
f 2729 2731 2730
f 2731 2725 2730
f 2730 2725 2732
f 2725 2724 2732
f 2729 2727 2733
f 2733 2727 2734
f 2727 2735 2734
f 2734 2735 2736
f 2736 2735 2737
f 2735 2738 2737
f 2737 2738 2739
f 2738 2740 2739
f 2741 2743 2742
f 2742 2743 2740
f 2743 2744 2740
f 2740 2744 2739
f 2745 2741 2742
f 2741 2745 2746
f 2746 2745 2747
f 2745 2748 2747
f 2749 2748 2750
f 2750 2748 2751
f 2748 2745 2751
f 2749 2750 2752
f 2752 2750 2753
f 2750 2754 2753
f 2755 2753 2754
f 2753 2755 2756
f 2756 2755 2757
f 2755 2758 2757
f 2759 2758 2760
f 2760 2758 2761
f 2758 2755 2761
f 2759 2760 2762
f 2762 2760 2763
f 2760 2764 2763
f 2763 2764 2765
f 2766 2768 2767
f 2768 2766 2769
f 2766 2770 2769
f 2767 2763 2766
f 2766 2763 2771
f 2763 2765 2771
f 2772 2774 2773
f 2773 2774 2775
f 2772 2769 2774
f 2774 2769 2770
f 2776 2775 2777
f 2777 2775 2778
f 2775 2774 2778
f 2776 2777 2779
f 2779 2777 2780
f 2777 2781 2780
f 2780 2781 880
f 2781 881 880
f 841 2783 2782
f 2783 2784 2782
f 2785 2787 2786
f 2787 2788 2786
f 2789 2791 2790
f 2792 2794 2793
f 2794 2795 2793
f 2796 2798 2797
f 81 2799 32
f 81 2800 2799
f 2799 2800 2801
f 2800 2802 2801
f 2801 2802 2803
f 2802 2804 2803
f 2803 2804 2805
f 2804 2806 2805
f 2805 2806 2807
f 2806 2808 2807
f 2807 2808 2809
f 2808 2810 2809
f 2809 2810 2811
f 2810 2812 2811
f 2811 2812 2813
f 2812 2814 2813
f 2813 2814 2815
f 2814 2816 2815
f 2815 2816 2817
f 2816 2818 2817
f 2796 2817 2798
f 2798 2817 2818
f 2795 2797 2793
f 2793 2797 2819
f 2797 2798 2819
f 2792 2820 2794
f 2794 2820 2821
f 2820 2822 2821
f 2789 2822 2791
f 2791 2822 2823
f 2822 2820 2823
f 2788 2790 2786
f 2786 2790 2824
f 2790 2791 2824
f 2785 2825 2787
f 2787 2825 2826
f 2825 2827 2826
f 2784 2827 2782
f 2782 2827 2828
f 2827 2825 2828
f 2783 841 843
f 2829 2825 2830
f 2831 2786 2832
f 2833 2791 2834
f 2791 2823 2834
f 2792 2835 2820
f 2836 2798 2837
f 2838 2818 2839
f 2818 2816 2839
f 2839 2816 2840
f 2816 2814 2840
f 2840 2814 2841
f 2814 2812 2841
f 2841 2812 2842
f 2812 2810 2842
f 2842 2810 2843
f 2810 2808 2843
f 2843 2808 2844
f 2808 2806 2844
f 2844 2806 2845
f 2806 2804 2845
f 2845 2804 2846
f 2804 2802 2846
f 2846 2802 2847
f 2802 2800 2847
f 2847 2800 108
f 2800 81 108
f 2838 2837 2818
f 2837 2798 2818
f 2836 2848 2798
f 2798 2848 2819
f 2848 2793 2819
f 2792 2793 2835
f 2835 2793 2849
f 2793 2848 2849
f 2823 2820 2834
f 2834 2820 2850
f 2820 2835 2850
f 2833 2832 2791
f 2791 2832 2824
f 2832 2786 2824
f 2831 2830 2786
f 2786 2830 2785
f 2830 2825 2785
f 2829 2851 2825
f 2825 2851 2828
f 2851 2782 2828
f 841 2782 839
f 2782 2851 839
f 2852 843 845
f 2852 2853 843
f 843 2853 2783
f 2853 2854 2783
f 2783 2854 2855
f 2783 2855 2784
f 2784 2855 2827
f 2855 2856 2827
f 2827 2856 2857
f 2827 2857 2826
f 2826 2857 2787
f 2857 2858 2787
f 2787 2858 2859
f 2787 2859 2788
f 2788 2859 2790
f 2859 2860 2790
f 2790 2860 2861
f 2790 2861 2789
f 2789 2861 2822
f 2861 2862 2822
f 2822 2862 2863
f 2822 2863 2821
f 2821 2863 2794
f 2863 2864 2794
f 2794 2864 2865
f 2797 2866 2796
f 2794 2865 2795
f 2795 2865 2797
f 2865 2866 2797
f 2796 2866 2817
f 2817 2866 2815
f 2866 2867 2815
f 2815 2867 2813
f 2867 2868 2813
f 2813 2868 2811
f 2868 2869 2811
f 2811 2869 2809
f 2869 2870 2809
f 2809 2870 2807
f 2870 2871 2807
f 2807 2871 2805
f 2871 2872 2805
f 2805 2872 2803
f 2872 2873 2803
f 2803 2873 2801
f 2873 2874 2801
f 2801 2874 2799
f 2874 2875 2799
f 2799 2875 32
f 2875 31 32
f 2829 2853 2851
f 2831 2855 2830
f 2833 2857 2832
f 2850 2859 2834
f 2862 2848 2863
f 2864 2837 2865
f 2866 2838 2867
f 2838 2839 2867
f 2867 2839 2868
f 2839 2840 2868
f 2868 2840 2869
f 2840 2841 2869
f 2869 2841 2870
f 2841 2842 2870
f 2870 2842 2871
f 2842 2843 2871
f 2871 2843 2872
f 2843 2844 2872
f 2872 2844 2873
f 2844 2845 2873
f 2873 2845 2874
f 2845 2846 2874
f 2874 2846 2875
f 2846 2847 2875
f 2875 2847 31
f 2847 108 31
f 2866 2865 2838
f 2865 2837 2838
f 2864 2863 2837
f 2837 2863 2836
f 2863 2848 2836
f 2862 2861 2848
f 2848 2861 2849
f 2861 2835 2849
f 2850 2835 2859
f 2859 2835 2860
f 2835 2861 2860
f 2833 2834 2857
f 2857 2834 2858
f 2834 2859 2858
f 2831 2832 2855
f 2855 2832 2856
f 2832 2857 2856
f 2829 2830 2853
f 2853 2830 2854
f 2830 2855 2854
f 839 2851 845
f 845 2851 2852
f 2851 2853 2852
f 2876 2878 2877
f 2877 2878 2879
f 2878 2880 2879
f 2879 2880 2881
f 2880 2882 2881
f 2881 2882 2883
f 2882 2884 2883
f 2883 2884 2885
f 2884 2886 2885
f 2885 2886 2887
f 2886 2888 2887
f 2887 2888 2889
f 2888 2890 2889
f 2889 2890 2891
f 2890 2892 2891
f 2891 2892 2893
f 2892 2894 2893
f 2893 2894 2895
f 2894 2896 2895
f 2895 2896 2897
f 2896 2898 2897
f 2897 2898 2899
f 2898 2900 2899
f 2899 2900 2901
f 2900 2902 2901
f 2901 2902 2903
f 2902 2904 2903
f 2903 2904 2905
f 2904 2906 2905
f 2905 2906 2907
f 2906 2908 2907
f 2907 2908 2909
f 2908 2910 2909
f 2909 2910 2911
f 2910 2912 2911
f 2911 2912 2913
f 2912 2914 2913
f 2913 2914 2915
f 2914 2916 2915
f 2915 2916 2917
f 2916 2918 2917
f 2917 2918 2919
f 2918 2920 2919
f 2919 2920 2921
f 2920 2922 2921
f 2921 2922 729
f 2922 2923 729
f 729 2923 2924
f 2923 2925 2924
f 2924 2925 681
f 2925 2926 681
f 681 2926 2927
f 2926 2928 2927
f 2927 2928 679
f 2928 2929 679
f 679 2929 2930
f 2929 2931 2930
f 2930 2931 2932
f 2931 2933 2932
f 2932 2933 2934
f 2933 2935 2934
f 2934 2935 2936
f 2935 2937 2936
f 2936 2937 2938
f 2937 2939 2938
f 2938 2939 2940
f 2939 2941 2940
f 2940 2941 2942
f 2941 2943 2942
f 2942 2943 2944
f 2943 2945 2944
f 2944 2945 2946
f 2945 2947 2946
f 2946 2947 2948
f 2947 2949 2948
f 2948 2949 2950
f 2949 2951 2950
f 2950 2951 2952
f 2951 2953 2952
f 2952 2953 2954
f 2953 2955 2954
f 2954 2955 2956
f 2955 2957 2956
f 2956 2957 685
f 2957 2958 685
f 685 2958 684
f 2958 2959 684
f 684 2959 673
f 2959 2960 673
f 673 2960 672
f 2960 2961 672
f 672 2961 727
f 2961 2962 727
f 727 2962 726
f 2962 2963 726
f 726 2963 2964
f 2963 2965 2964
f 2964 2965 2966
f 2965 2967 2966
f 2966 2967 2968
f 2967 2969 2968
f 2968 2969 2970
f 2969 2971 2970
f 2970 2971 2972
f 2971 2973 2972
f 2972 2973 2974
f 2973 2975 2974
f 2974 2975 2976
f 2975 2977 2976
f 2976 2977 2978
f 2977 2979 2978
f 2978 2979 2980
f 2979 2981 2980
f 2980 2981 2982
f 2981 2983 2982
f 2982 2983 2984
f 2983 2985 2984
f 2984 2985 2986
f 2985 2987 2986
f 2986 2987 2988
f 2987 2989 2988
f 2988 2989 2990
f 2989 2991 2990
f 2990 2991 2992
f 2991 2993 2992
f 2992 2993 2994
f 2993 2995 2994
f 2994 2995 2996
f 2995 2997 2996
f 2996 2997 2998
f 2997 2999 2998
f 2998 2999 3000
f 2999 3001 3000
f 3000 3001 3002
f 3001 3003 3002
f 3002 3003 3004
f 3003 3005 3004
f 3004 3005 3006
f 3005 3007 3006
f 3006 3007 3008
f 3007 3009 3008
f 3008 3009 3010
f 3009 2876 3010
f 3010 2876 2877
f 3011 3013 3012
f 3012 3013 3014
f 3013 3015 3014
f 3014 3015 3016
f 3015 3017 3016
f 3016 3017 3018
f 3017 3019 3018
f 3018 3019 3020
f 3019 3021 3020
f 3020 3021 3022
f 3021 3023 3022
f 3022 3023 3024
f 3023 3025 3024
f 3024 3025 3026
f 3025 3027 3026
f 3026 3027 3028
f 3027 3029 3028
f 3028 3029 3030
f 3029 3031 3030
f 3030 3031 3032
f 3031 3033 3032
f 3032 3033 3034
f 3033 3035 3034
f 3034 3035 3036
f 3035 3037 3036
f 3036 3037 3038
f 3037 3039 3038
f 3038 3039 3040
f 3039 3041 3040
f 3040 3041 3042
f 3041 3043 3042
f 3042 3043 3044
f 3043 3045 3044
f 3044 3045 3046
f 3045 3047 3046
f 3046 3047 3048
f 3047 3049 3048
f 3048 3049 3050
f 3049 3051 3050
f 3050 3051 3052
f 3051 3053 3052
f 3052 3053 3054
f 3053 3055 3054
f 3054 3055 3056
f 3055 3057 3056
f 3056 3057 3058
f 3057 3059 3058
f 3058 3059 3060
f 3059 3061 3060
f 3060 3061 3062
f 3061 3063 3062
f 3062 3063 3064
f 3063 3065 3064
f 3064 3065 3066
f 3065 3067 3066
f 3066 3067 3068
f 3067 3069 3068
f 3068 3069 3070
f 3069 3071 3070
f 3070 3071 3072
f 3071 3073 3072
f 3072 3073 3074
f 3073 3075 3074
f 3074 3075 3076
f 3075 3077 3076
f 3076 3077 3078
f 3077 3079 3078
f 3078 3079 3080
f 3079 3081 3080
f 3080 3081 3082
f 3081 3083 3082
f 3082 3083 3084
f 3083 3085 3084
f 3084 3085 3086
f 3085 3087 3086
f 3086 3087 3088
f 3087 3089 3088
f 3088 3089 3090
f 3089 3091 3090
f 3090 3091 3092
f 3091 3093 3092
f 3092 3093 3094
f 3093 3095 3094
f 3094 3095 3096
f 3095 3097 3096
f 3096 3097 3098
f 3097 3099 3098
f 3098 3099 3100
f 3099 3101 3100
f 3100 3101 3102
f 3101 3103 3102
f 3102 3103 3104
f 3103 3105 3104
f 3104 3105 3106
f 3105 3107 3106
f 3106 3107 3108
f 3107 3109 3108
f 3108 3109 3110
f 3109 3111 3110
f 3110 3111 3112
f 3111 3113 3112
f 3112 3113 3114
f 3113 3115 3114
f 3114 3115 3116
f 3115 3117 3116
f 3116 3117 3118
f 3117 3119 3118
f 3118 3119 3120
f 3119 3121 3120
f 3120 3121 3122
f 3121 3123 3122
f 3122 3123 3124
f 3123 3125 3124
f 3124 3125 3126
f 3125 3127 3126
f 3126 3127 3128
f 3127 3129 3128
f 3128 3129 3130
f 3129 3131 3130
f 3130 3131 3132
f 3131 3133 3132
f 3132 3133 3134
f 3133 3135 3134
f 3134 3135 3136
f 3135 3137 3136
f 3136 3137 3138
f 3137 3139 3138
f 3138 3139 3140
f 3139 3141 3140
f 3140 3141 3142
f 3141 3143 3142
f 3142 3143 3144
f 3143 3145 3144
f 3144 3145 3146
f 3145 3147 3146
f 3146 3147 3148
f 3147 3149 3148
f 3148 3149 3150
f 3149 3151 3150
f 3150 3151 3152
f 3151 3153 3152
f 3152 3153 3154
f 3153 3011 3154
f 3154 3011 3012
f 3155 3157 3156
f 3156 3157 3158
f 3158 3157 3159
f 3159 3157 3160
f 88 3161 3155
f 3155 3161 3157
f 3161 3162 3157
f 3157 3162 3160
f 3162 3163 3160
f 3160 3163 3164
f 3163 3165 3164
f 3165 3166 3164
f 3166 3167 3164
f 3164 3167 3168
f 3167 3169 3168
f 3169 3170 3168
f 3168 3170 3171
f 3170 3172 3171
f 3171 3172 3173
f 3172 3174 3173
f 3174 787 3173
f 3175 3159 3176
f 3159 3160 3177
f 3160 3164 3177
f 3164 3168 3177
f 3177 3168 3178
f 3176 3159 3179
f 3158 3159 3175
f 3171 3173 3180
f 3181 3159 3182
f 3182 3159 3183
f 3183 3177 3184
f 3185 3177 3186
f 3177 3178 3186
f 3182 3183 3187
f 3187 3183 3184
f 3185 3186 3188
f 3180 3173 3189
f 3179 3159 3181
f 3159 3177 3183
f 3168 3171 3178
f 3178 3171 3180
f 3187 3184 3190
f 3184 3185 3188
f 3190 3184 3191
f 3188 3186 3192
f 3178 3180 3193
f 3184 3177 3185
f 3194 3184 3195
f 3195 3184 3196
f 3192 3178 3193
f 3195 3196 3197
f 3184 3188 3196
f 3196 3188 3198
f 3198 3188 3192
f 3192 3193 3199
f 3191 3184 3194
f 3186 3178 3192
f 3193 3180 3189
f 3200 3196 3201
f 3201 3196 805
f 805 3196 3202
f 3202 3196 3203
f 3203 3196 3204
f 3196 3198 3204
f 3204 3198 3205
f 3198 3192 3205
f 3205 3192 3206
f 3206 3192 3207
f 3192 3199 3207
f 3207 3199 3208
f 3199 3189 3208
f 3208 3189 3209
f 3209 3189 3210
f 3210 3189 3211
f 3189 3173 3211
f 3211 3173 3212
f 3173 787 3212
f 3197 3196 3200
f 3199 3193 3189
f 805 3213 807
f 805 3202 3213
f 3213 3202 3214
f 3202 3203 3214
f 3214 3203 3215
f 3203 3204 3215
f 3215 3204 3216
f 3204 3205 3216
f 3216 3205 3217
f 3205 3206 3217
f 3217 3206 3218
f 3206 3207 3218
f 3218 3207 3219
f 3207 3208 3219
f 3219 3208 3220
f 3208 3209 3220
f 3220 3209 3221
f 3209 3210 3221
f 3221 3210 3222
f 3210 3211 3222
f 3222 3211 3223
f 3211 3212 3223
f 3223 3212 788
f 3212 787 788
f 807 3213 3224
f 3224 3213 3225
f 3213 3214 3225
f 3225 3214 3226
f 3214 3215 3226
f 3215 3216 3226
f 3226 3216 3227
f 3216 3217 3227
f 3217 3218 3227
f 3227 3218 3228
f 3218 3219 3228
f 3228 3219 3229
f 3219 3220 3229
f 3220 3221 3229
f 3221 3222 3229
f 3222 3223 3229
f 3223 788 3229
f 3229 788 789
f 3224 3225 3230
f 3228 3229 3231
f 3229 789 3231
f 3230 3225 3232
f 3231 789 790
f 3232 3225 3233
f 3225 3226 3234
f 3234 3226 3235
f 3226 3227 3235
f 3235 3227 3236
f 3227 3228 3236
f 3236 3228 3237
f 3228 3231 3237
f 3231 790 3237
f 3237 790 791
f 3233 3225 3238
f 3238 3225 3234
f 3236 3237 3239
f 3237 791 3239
f 3238 3234 3240
f 3239 791 792
f 3240 3234 3241
f 3234 3235 3242
f 3235 3236 3242
f 3242 3236 3243
f 3243 3236 3244
f 3236 3239 3244
f 3239 792 3244
f 3241 3234 3245
f 3245 3234 3246
f 3234 3242 3246
f 3244 792 793
f 3245 3246 3247
f 3243 3244 3248
f 3248 3244 794
f 3244 793 794
f 3247 3246 3249
f 3246 3242 3250
f 3250 3242 3243
f 3249 3246 3251
f 3251 3246 3252
f 3252 3246 3250
f 3253 3248 3254
f 3254 3248 3255
f 3248 794 3255
f 3255 794 798
f 3251 3252 3256
f 3250 3243 3257
f 3257 3243 3253
f 3243 3248 3253
f 3256 3252 3258
f 3258 3252 3259
f 3252 3250 3259
f 3250 3257 3259
f 3254 3255 799
f 3255 798 799
f 3258 3259 3260
f 3257 3253 3261
f 3253 3254 3261
f 3261 3254 3262
f 3254 799 3262
f 3262 799 3263
f 3260 3259 3264
f 3259 3257 3265
f 3265 3257 3266
f 3257 3261 3266
f 3263 799 800
f 3264 3259 3267
f 3267 3259 3265
f 3266 3261 3268
f 3268 3261 3262
f 3262 3263 3269
f 3269 3263 3270
f 3263 800 3270
f 3270 800 3271
f 3271 800 795
f 3267 3265 3272
f 3272 3265 802
f 802 3265 3273
f 3273 3265 3274
f 3265 3266 3274
f 3274 3266 3275
f 3275 3266 3276
f 3276 3266 3277
f 3266 3268 3277
f 3277 3268 3278
f 3278 3268 3279
f 3268 3262 3279
f 3279 3262 3280
f 3262 3269 3280
f 3280 3269 3281
f 3281 3269 3282
f 3282 3269 3283
f 3283 3269 3284
f 3269 3270 3284
f 3284 3270 3285
f 3285 3270 3286
f 3270 3271 3286
f 3286 3271 3287
f 3287 3271 3288
f 3271 795 3288
f 3288 795 796
f 804 3272 802
f 804 3289 3272
f 3272 3289 3267
f 3289 3290 3267
f 3267 3290 3264
f 3290 3291 3264
f 3264 3291 3260
f 3291 3292 3260
f 3260 3292 3258
f 3292 3293 3258
f 3258 3293 3256
f 3293 3294 3256
f 3256 3294 3251
f 3294 3295 3251
f 3251 3295 3249
f 3295 3296 3249
f 3249 3296 3247
f 3296 3297 3247
f 3247 3297 3245
f 3297 3298 3245
f 3298 3299 3245
f 3245 3299 3241
f 3299 3300 3241
f 3241 3300 3240
f 3300 3301 3240
f 3240 3301 3238
f 3301 3302 3238
f 3302 3303 3238
f 3238 3303 3233
f 3303 3304 3233
f 3233 3304 3232
f 3304 3305 3232
f 3232 3305 3230
f 3305 3306 3230
f 3230 3306 3224
f 3306 808 3224
f 3224 808 807
f 796 797 3288
f 3287 3288 3307
f 3307 3288 797
f 3286 3287 3308
f 3287 3307 3308
f 3285 3286 3309
f 3309 3286 3310
f 3286 3308 3310
f 3284 3285 3311
f 3285 3309 3311
f 3283 3284 3312
f 3312 3284 3311
f 3282 3283 3313
f 3313 3283 3312
f 3314 3282 3315
f 3282 3313 3315
f 3282 3314 3281
f 3314 3316 3281
f 3281 3316 3280
f 3316 3317 3280
f 3280 3317 3279
f 3317 3318 3279
f 3279 3318 3278
f 3318 3319 3278
f 3278 3319 3277
f 3319 3320 3277
f 3277 3320 3276
f 3320 3321 3276
f 3276 3321 3275
f 3321 3322 3275
f 3275 3322 3274
f 3322 3323 3274
f 3274 3323 3273
f 3323 3324 3273
f 3273 3324 802
f 3324 801 802
f 809 808 3325
f 3326 3325 3306
f 3306 3325 808
f 3327 3326 3305
f 3326 3306 3305
f 3328 3327 3304
f 3304 3327 3305
f 3329 3328 3303
f 3303 3328 3304
f 3330 3329 3301
f 3301 3329 3302
f 3329 3303 3302
f 3331 3330 3300
f 3300 3330 3301
f 3298 3331 3299
f 3331 3300 3299
f 3331 3298 3332
f 3298 3297 3332
f 3332 3297 3333
f 3297 3296 3333
f 3333 3296 3334
f 3296 3295 3334
f 3334 3295 3335
f 3295 3294 3335
f 3335 3294 3336
f 3294 3293 3336
f 3336 3293 3337
f 3293 3292 3337
f 3337 3292 3338
f 3292 3291 3338
f 3338 3291 3339
f 3291 3290 3339
f 3339 3290 3340
f 3290 3289 3340
f 3340 3289 803
f 3289 804 803
f 801 3341 803
f 801 3324 3341
f 3341 3324 3342
f 3324 3323 3342
f 3342 3323 3343
f 3323 3322 3343
f 3343 3322 3344
f 3322 3321 3344
f 3344 3321 3345
f 3321 3320 3345
f 3345 3320 3346
f 3320 3319 3346
f 3346 3319 3347
f 3319 3318 3347
f 3347 3318 3348
f 3318 3317 3348
f 3348 3317 3349
f 3317 3316 3349
f 3349 3316 3350
f 3316 3314 3350
f 3314 3315 3350
f 3350 3315 3351
f 3315 3313 3351
f 3351 3313 3352
f 3313 3312 3352
f 3352 3312 3353
f 3312 3311 3353
f 3353 3311 3354
f 3311 3309 3354
f 3354 3309 3355
f 3309 3310 3355
f 3310 3308 3355
f 3355 3308 3356
f 3308 3307 3356
f 3356 3307 3357
f 3307 797 3357
f 3357 797 824
f 822 3358 820
f 820 3358 3359
f 3358 3360 3359
f 3360 3361 3359
f 3359 3361 3362
f 3361 3363 3362
f 3363 3364 3362
f 3362 3364 3365
f 3364 3366 3365
f 3365 3366 3367
f 3366 3368 3367
f 3368 3369 3367
f 3369 3370 3367
f 3367 3370 3371
f 3370 3372 3371
f 3372 3373 3371
f 3373 809 3371
f 3371 809 3325
f 820 3359 819
f 819 3359 3374
f 3374 3359 3362
f 3371 3325 3326
f 819 3374 818
f 3362 3365 3374
f 3367 3371 3375
f 3371 3326 3327
f 818 3374 813
f 813 3374 3376
f 3374 3365 3376
f 3376 3365 3377
f 3365 3367 3377
f 3375 3371 3378
f 3371 3327 3378
f 3378 3327 3328
f 813 3376 812
f 3378 3328 3329
f 812 3376 811
f 3376 3377 3379
f 3379 3377 3380
f 3367 3375 3377
f 3378 3329 3330
f 811 3376 817
f 817 3376 3379
f 3380 3377 3381
f 3377 3375 3381
f 3381 3375 3382
f 3375 3378 3382
f 3378 3330 3382
f 3382 3330 3331
f 817 3379 816
f 816 3379 3383
f 3379 3380 3383
f 3382 3331 3332
f 816 3383 815
f 3384 3381 3382
f 815 3383 814
f 3385 3383 3384
f 3383 3380 3384
f 3380 3381 3384
f 3382 3332 3386
f 3386 3332 3333
f 814 3383 831
f 831 3383 3385
f 3385 3384 3387
f 3387 3384 3388
f 3384 3382 3388
f 3388 3382 3386
f 3386 3333 3334
f 831 3385 830
f 830 3385 3387
f 3386 3334 3335
f 830 3387 829
f 829 3387 3389
f 3389 3387 3390
f 3387 3388 3390
f 3388 3386 3391
f 3386 3335 3391
f 3391 3335 3336
f 829 3389 828
f 828 3389 3392
f 3392 3389 3393
f 3393 3389 3390
f 3390 3388 3391
f 3391 3336 3337
f 828 3392 827
f 3394 3393 3395
f 3393 3390 3395
f 3391 3337 3338
f 827 3392 826
f 826 3392 3396
f 3392 3393 3396
f 3393 3394 3396
f 3395 3390 3397
f 3390 3391 3397
f 3391 3338 3397
f 3397 3338 3339
f 826 3396 825
f 825 3396 3398
f 3396 3394 3398
f 3398 3394 3399
f 3394 3395 3399
f 3399 3395 3400
f 3395 3397 3400
f 3397 3339 3400
f 3400 3339 3340
f 825 3398 824
f 824 3398 3357
f 3357 3398 3356
f 3356 3398 3355
f 3355 3398 3354
f 3354 3398 3353
f 3398 3399 3353
f 3353 3399 3352
f 3352 3399 3351
f 3399 3400 3351
f 3351 3400 3350
f 3350 3400 3349
f 3349 3400 3348
f 3348 3400 3347
f 3347 3400 3346
f 3346 3400 3345
f 3345 3400 3344
f 3344 3400 3343
f 3343 3400 3342
f 3342 3400 3341
f 3400 3340 3341
f 3341 3340 803
f 823 3358 822
f 823 3401 3358
f 3358 3401 3360
f 3401 3402 3360
f 3360 3402 3361
f 3402 3403 3361
f 3361 3403 3363
f 3403 3404 3363
f 3363 3404 3364
f 3404 3405 3364
f 3364 3405 3366
f 3405 3406 3366
f 3366 3406 3368
f 3406 3407 3368
f 3368 3407 3369
f 3407 3408 3369
f 3369 3408 3370
f 3408 3409 3370
f 3370 3409 3372
f 3409 3410 3372
f 3372 3410 3373
f 3373 3410 809
f 3410 810 809
f 3411 3413 3412
f 3412 3413 3414
f 42 3415 3411
f 3411 3415 3413
f 3415 3416 3413
f 3416 3417 3413
f 3417 3418 3413
f 3418 3419 3413
f 3413 3419 3420
f 3419 3421 3420
f 3420 3421 3422
f 3421 3423 3422
f 3423 3424 3422
f 3424 3425 3422
f 3425 3426 3422
f 3426 3427 3422
f 3427 3428 3422
f 3422 3428 3429
f 3428 3430 3429
f 3430 3431 3429
f 3429 3431 3432
f 3431 3433 3432
f 3433 3434 3432
f 3432 3434 3435
f 3434 3436 3435
f 3436 810 3435
f 3437 3413 3438
f 3439 3422 3440
f 3422 3429 3440
f 3438 3413 3441
f 3441 3413 3442
f 3442 3413 3443
f 3443 3439 3444
f 3414 3413 3437
f 3413 3420 3443
f 3420 3422 3443
f 3443 3422 3439
f 3432 3435 3429
f 3445 3442 3446
f 3446 3442 3447
f 3442 3443 3447
f 3447 3443 3448
f 3448 3443 3444
f 3446 3447 3449
f 3450 3447 3448
f 3444 3440 3448
f 3451 3429 3435
f 3441 3442 3445
f 3444 3439 3440
f 3440 3429 3452
f 3453 3450 3454
f 3454 3450 3455
f 3456 3450 3448
f 3448 3452 3457
f 3449 3447 3453
f 3453 3447 3450
f 3448 3440 3452
f 3452 3429 3458
f 3429 3451 3458
f 3459 3450 3460
f 3456 3457 3461
f 3451 3463 3462
f 3460 3450 3464
f 3464 3450 3461
f 3450 3456 3461
f 3455 3450 3459
f 3456 3448 3457
f 3457 3452 3465
f 3458 3451 3462
f 3451 3435 3463
f 3435 810 3463
f 3466 3461 3467
f 3467 3461 823
f 823 3461 3401
f 3401 3461 3402
f 3402 3461 3403
f 3461 3465 3403
f 3403 3465 3404
f 3404 3465 3405
f 3405 3465 3406
f 3406 3465 3407
f 3465 3462 3407
f 3407 3462 3408
f 3408 3462 3409
f 3462 3463 3409
f 3409 3463 3410
f 3463 810 3410
f 3464 3461 3466
f 3461 3457 3465
f 3452 3458 3465
f 3458 3462 3465
f 3468 3470 3469
f 1585 3471 147
f 1555 3472 1557
f 1561 3473 1560
f 3474 1456 1461
f 3475 1453 1448
f 1443 3475 1446
f 3476 3478 3477
f 3479 3481 3480
f 3471 1409 147
f 1408 3471 1411
f 1419 1421 3480
f 3480 1421 3479
f 1421 1413 3479
f 3480 1417 1419
f 3471 3479 1411
f 3479 1413 1411
f 3476 3482 1424
f 1424 3482 1427
f 3482 1426 1427
f 1442 1436 3483
f 1436 1438 3483
f 3483 1438 1439
f 3484 3483 1439
f 3482 3484 1426
f 1426 3484 1431
f 1431 3484 1430
f 3484 1439 1430
f 1417 3480 1423
f 1423 3480 1407
f 3480 3476 1407
f 1407 3476 1425
f 3476 1424 1425
f 3484 3486 3485
f 3485 3483 3484
f 3485 3488 3487
f 3488 3489 3487
f 1446 3475 1448
f 3490 1455 1402
f 3474 1461 1399
f 3487 3474 3490
f 3490 1400 1455
f 3490 3474 1400
f 3474 1399 1400
f 3485 3487 3483
f 3483 3487 3475
f 3475 3487 1453
f 3487 3490 1453
f 1453 3490 1403
f 3490 1402 1403
f 3489 3492 3491
f 3491 3493 3474
f 3489 3491 3474
f 3474 3487 3489
f 1463 1465 3493
f 3493 1465 1458
f 3494 3495 3491
f 3491 3495 3493
f 3496 3494 3492
f 3492 3494 3491
f 3497 1468 3493
f 1468 3497 1474
f 1474 3497 1475
f 1463 3493 1466
f 1466 3493 1468
f 3474 3493 1456
f 3493 1458 1456
f 3498 3499 3496
f 3499 3500 3496
f 3496 3500 3494
f 3500 3501 3494
f 3501 3502 3494
f 3494 3502 3495
f 3502 3503 3495
f 3503 3504 3495
f 3495 3504 3497
f 1560 3473 1563
f 1573 3505 1572
f 1572 3505 3506
f 3505 3507 3506
f 3507 3508 3506
f 3506 3508 3469
f 3509 3469 3508
f 3507 3505 1574
f 3505 1573 1574
f 3508 3507 3510
f 3510 3507 3511
f 3511 3507 3512
f 3512 1568 1566
f 3511 3513 3510
f 3514 3508 3510
f 3512 1566 3473
f 1566 1563 3473
f 3507 1574 3512
f 1574 1568 3512
f 3512 3515 3511
f 3513 3511 3516
f 3516 3511 3515
f 1561 3517 3473
f 3517 3515 3473
f 3498 3518 3513
f 3513 3518 3514
f 3514 3488 3509
f 3472 1558 1557
f 3498 3496 3518
f 3496 3492 3518
f 3489 3518 3492
f 3516 3515 3517
f 3489 3488 3518
f 3488 3514 3518
f 3517 1561 3472
f 3472 1561 1558
f 3473 3515 3512
f 3513 3514 3510
f 3508 3514 3509
f 3469 3509 3486
f 3519 1583 3481
f 3481 1583 3520
f 1583 1580 3520
f 1551 1552 3478
f 3470 3478 1578
f 1578 3478 1552
f 1551 3520 1581
f 1581 3520 1580
f 1551 3478 3520
f 3470 1578 1576
f 1572 3470 1576
f 3481 3520 3521
f 3470 1572 3506
f 3471 1408 1409
f 3519 1548 1549
f 3479 3471 3519
f 3519 3471 1548
f 3471 1585 1548
f 3479 3519 3481
f 1583 3519 1549
f 3520 3478 3521
f 3470 3468 3478
f 3470 3506 3469
f 3468 3477 3478
f 3478 3476 3521
f 3469 3486 3468
f 3468 3486 3477
f 3486 3484 3477
f 3484 3482 3477
f 3477 3482 3476
f 3476 3480 3521
f 3480 3481 3521
f 1482 1480 3504
f 3504 1480 3497
f 1480 1478 3497
f 3497 1478 1475
f 3483 3475 1442
f 3475 1443 1442
f 3499 3498 3522
f 3498 3513 3522
f 3513 3516 3522
f 3522 3516 3523
f 3523 3516 3524
f 3516 3517 3524
f 3524 3517 3525
f 3525 3517 3526
f 3517 3472 3526
f 3526 3472 3527
f 3527 3472 3528
f 3528 3472 1554
f 3472 1555 1554
f 3497 3493 3495
f 3488 3485 3509
f 3509 3485 3486
f 3529 3530 1554
f 1554 3530 3528
f 3530 3531 3528
f 3528 3531 3532
f 3528 3532 3527
f 3527 3532 3533
f 3534 3525 3533
f 3525 3526 3533
f 3533 3526 3527
f 3535 3524 3536
f 3524 3525 3536
f 3525 3534 3536
f 3524 3535 3523
f 3523 3535 3537
f 3523 3537 3522
f 3537 3538 3522
f 3522 3538 3499
f 3538 3539 3499
f 3539 3540 3499
f 3499 3540 3500
f 3540 3541 3500
f 3500 3541 3542
f 3500 3542 3501
f 3542 3543 3501
f 3501 3543 3502
f 3543 3544 3502
f 3502 3544 3503
f 3544 3545 3503
f 3503 3545 3546
f 3503 3546 3504
f 3546 3547 3504
f 3547 1482 3504
f 3548 3549 3529
f 3529 3549 3530
f 3530 3549 3550
f 3530 3550 3531
f 3531 3550 3532
f 3550 3551 3532
f 3532 3551 3533
f 3551 3552 3533
f 3533 3552 3553
f 3533 3553 3534
f 3534 3553 3554
f 3534 3554 3536
f 3554 3555 3536
f 3536 3555 3535
f 3555 3556 3535
f 3535 3556 3537
f 3556 3557 3537
f 3537 3557 3538
f 3557 3558 3538
f 3538 3558 3539
f 3558 3559 3539
f 3539 3559 3540
f 3559 3560 3540
f 3540 3560 3541
f 3560 3561 3541
f 3541 3561 3542
f 3561 3562 3542
f 3542 3562 3543
f 3562 3563 3543
f 3543 3563 3544
f 3563 3564 3544
f 3544 3564 3545
f 3564 3565 3545
f 3545 3565 3546
f 3565 3566 3546
f 3546 3566 3547
f 3566 3567 3547
f 3568 3569 3548
f 3548 3569 3549
f 3569 3570 3549
f 3549 3570 3550
f 3570 3571 3550
f 3550 3571 3551
f 3571 3572 3551
f 3551 3572 3552
f 3572 3573 3552
f 3552 3573 3553
f 3573 3574 3553
f 3553 3574 3554
f 3574 3575 3554
f 3554 3575 3555
f 3575 3576 3555
f 3555 3576 3556
f 3576 3577 3556
f 3556 3577 3557
f 3577 3578 3557
f 3557 3578 3558
f 3558 3578 3559
f 3578 3579 3559
f 3559 3579 3560
f 3579 3580 3560
f 3560 3580 3561
f 3561 3580 3562
f 3580 3581 3562
f 3562 3581 3563
f 3581 3582 3563
f 3563 3582 3564
f 3564 3582 3565
f 3582 3583 3565
f 3565 3583 3566
f 3583 3584 3566
f 3566 3584 3567
f 3585 3587 3586
f 3588 3590 3589
f 3591 3593 3592
f 3592 3593 10
f 3594 3596 3595
f 3595 3596 3597
f 3598 3600 3599
f 3601 3603 3602
f 3604 3606 3605
f 3606 3608 3607
f 3593 1054 10
f 1054 3593 1052
f 1049 1052 3609
f 3609 1047 1049
f 3593 3609 1052
f 3610 3612 3611
f 3610 3611 3613
f 3611 3614 3613
f 1042 3611 3615
f 3616 3614 1008
f 1008 3614 1043
f 3614 3611 1043
f 1043 3611 1042
f 3615 3612 3617
f 1038 1041 3615
f 1041 1042 3615
f 1047 3609 1046
f 1046 3609 1045
f 3609 3616 1045
f 3616 1008 1045
f 3618 3620 3619
f 3620 3621 3619
f 3622 3624 3623
f 1038 3615 1036
f 1036 3615 3617
f 3625 3626 3618
f 3626 3612 3618
f 3612 3620 3618
f 3627 1027 3625
f 3627 1025 1027
f 1030 3625 1029
f 3625 1027 1029
f 3624 3628 3619
f 3628 3629 3619
f 3624 3622 3628
f 3628 3630 3629
f 3622 3631 3628
f 3628 3631 3630
f 3629 1023 1025
f 3629 1021 1023
f 3618 3619 3627
f 3619 3629 3627
f 3631 3632 3630
f 3632 3633 3630
f 3633 1019 3634
f 1019 3633 1018
f 1018 3633 1012
f 1021 3629 1016
f 3629 3634 1016
f 1016 3634 1015
f 3634 1019 1015
f 3618 3627 3625
f 3627 3629 1025
f 3635 3636 3623
f 3636 3637 3623
f 3623 3637 3622
f 3637 3638 3622
f 3638 3639 3622
f 3622 3639 3631
f 3639 3640 3631
f 3631 3640 3632
f 3640 3641 3632
f 3632 3641 3633
f 3641 3642 3633
f 3642 3643 3633
f 3644 3606 3645
f 3605 3606 3644
f 3646 3647 3603
f 3646 3603 3604
f 3604 3603 3606
f 3648 3650 3649
f 3603 3647 3602
f 3601 3606 3603
f 3606 3607 3645
f 3649 3650 3647
f 3647 3650 3602
f 3602 3651 3601
f 3652 3654 3653
f 3653 3656 3655
f 3654 3656 3653
f 3656 3657 3601
f 3601 3657 3606
f 3655 3601 3651
f 3652 3655 3658
f 3652 3653 3655
f 3655 3656 3601
f 3659 3660 3648
f 3648 3660 3650
f 3650 3660 3602
f 3599 3660 3661
f 3661 3660 3662
f 3663 3600 3598
f 3662 3660 3659
f 3599 3600 3660
f 3600 3664 3660
f 3660 3664 3602
f 3602 3664 3651
f 3600 3596 3664
f 3664 3665 3651
f 3665 3666 3651
f 3658 3655 3651
f 3621 3658 3624
f 3667 3658 3666
f 3658 3651 3666
f 3668 3600 3663
f 3597 3596 3668
f 3668 3596 3600
f 3596 3669 3664
f 3664 3669 3665
f 3624 3667 3623
f 3624 3658 3667
f 3620 3652 3621
f 3621 3652 3658
f 3670 3672 3671
f 3671 3672 3673
f 3672 3674 3673
f 3673 3674 3588
f 3674 3675 3588
f 3671 3677 3676
f 3589 3678 3588
f 3588 3678 3587
f 3586 3587 3679
f 3587 3678 3679
f 3590 3588 3680
f 3680 3588 3675
f 3587 3585 3681
f 3682 3681 3683
f 3681 3585 3683
f 3684 3681 3682
f 3681 3684 3657
f 3671 3685 3677
f 3609 3593 3671
f 3671 3593 3685
f 3593 3591 3685
f 3609 3671 3673
f 3670 3671 3676
f 3588 3613 3673
f 3587 3686 3588
f 3588 3686 3613
f 3681 3656 3654
f 3587 3681 3686
f 3681 3654 3686
f 3616 3673 3613
f 3686 3610 3613
f 3614 3616 3613
f 3686 3652 3610
f 3626 3617 3612
f 3612 3615 3611
f 3609 3673 3616
f 3686 3654 3652
f 1011 1012 3633
f 1036 3617 1034
f 1034 3617 1032
f 3617 3626 1032
f 3626 3625 1032
f 1032 3625 1030
f 3619 3621 3624
f 3623 3667 3635
f 3635 3667 3687
f 3667 3666 3687
f 3687 3666 3688
f 3666 3665 3688
f 3688 3665 3689
f 3665 3669 3689
f 3689 3669 3690
f 3690 3669 3691
f 3669 3596 3691
f 3691 3596 3692
f 3692 3596 3693
f 3596 3594 3693
f 3693 3594 3694
f 1011 3633 3643
f 3633 3634 3630
f 3634 3629 3630
f 3612 3610 3620
f 3620 3610 3652
f 3656 3681 3657
f 3606 3657 3608
f 3657 3684 3608
f 3584 3696 3695
f 3584 3583 3696
f 3696 3583 3697
f 3583 3582 3697
f 3697 3582 3698
f 3582 3581 3698
f 3698 3581 3699
f 3581 3580 3699
f 3699 3580 3700
f 3580 3579 3700
f 3700 3579 3701
f 3579 3578 3701
f 3578 3577 3701
f 3701 3577 3702
f 3577 3576 3702
f 3702 3576 3703
f 3576 3575 3703
f 3703 3575 3704
f 3575 3574 3704
f 3574 3573 3704
f 3704 3573 3705
f 3573 3572 3705
f 3572 3571 3705
f 3705 3571 3706
f 3571 3570 3706
f 3706 3570 3707
f 3570 3569 3707
f 3569 3568 3707
f 3707 3568 3708
f 3709 3708 3643
f 3643 3708 1011
f 3710 3711 3641
f 3641 3711 3642
f 3711 3709 3642
f 3709 3643 3642
f 3710 3641 3640
f 3712 3710 3639
f 3639 3710 3640
f 3713 3712 3638
f 3638 3712 3639
f 3714 3713 3636
f 3636 3713 3637
f 3713 3638 3637
f 3715 3716 3687
f 3716 3714 3687
f 3687 3714 3635
f 3714 3636 3635
f 3689 3715 3688
f 3715 3687 3688
f 3715 3689 3717
f 3689 3690 3717
f 3717 3690 3718
f 3690 3691 3718
f 3718 3691 3719
f 3691 3692 3719
f 3719 3692 3720
f 3692 3693 3720
f 3720 3693 3721
f 3693 3694 3721
f 3695 3723 3722
f 3695 3696 3723
f 3723 3724 3722
f 3724 3725 3722
f 3723 3696 3697
f 3726 3724 3723
f 3724 3727 3725
f 3727 3728 3725
f 3726 3697 3698
f 3729 3730 3726
f 3730 3727 3726
f 3726 3727 3724
f 3727 3731 3728
f 3730 3732 3727
f 3727 3732 3731
f 3732 3733 3731
f 3729 3698 3699
f 3732 3734 3733
f 3729 3699 3700
f 3729 3735 3730
f 3735 3732 3730
f 3732 3736 3734
f 3737 3735 3729
f 3735 3738 3732
f 3732 3738 3736
f 3738 3739 3736
f 3740 3700 3701
f 3741 3742 3737
f 3737 3742 3735
f 3742 3743 3735
f 3735 3743 3738
f 3738 3744 3739
f 3743 3745 3738
f 3738 3746 3744
f 3747 3701 3702
f 3738 3745 3746
f 3745 3748 3746
f 3747 3702 3703
f 3745 3749 3748
f 3747 3703 3704
f 3741 3716 3742
f 3742 3750 3743
f 3743 3750 3745
f 3745 3751 3749
f 3747 3704 3705
f 3716 3750 3742
f 3745 3752 3751
f 3750 3753 3745
f 3745 3754 3752
f 3754 3755 3752
f 3750 3716 3753
f 3745 3753 3754
f 3754 3756 3755
f 3708 3757 3707
f 3707 3757 3706
f 3705 3706 3758
f 3758 3706 3757
f 3705 3758 3747
f 3701 3747 3740
f 3757 3708 3758
f 3700 3740 3729
f 3740 3747 3759
f 3747 3758 3760
f 3759 3747 3760
f 3698 3729 3726
f 3729 3740 3737
f 3759 3760 3741
f 3697 3726 3723
f 3737 3740 3741
f 3740 3759 3741
f 3754 3761 3756
f 3708 3709 3758
f 3709 3711 3758
f 3758 3711 3760
f 3711 3710 3760
f 3760 3710 3741
f 3710 3712 3741
f 3741 3712 3716
f 3712 3713 3716
f 3713 3714 3716
f 3716 3715 3753
f 3715 3717 3753
f 3717 3718 3753
f 3753 3718 3754
f 3718 3719 3754
f 3719 3720 3754
f 3754 3720 3761
f 3720 3721 3761
f 3762 3764 3763
f 3765 3767 3766
f 3768 3770 3769
f 3771 3773 3772
f 3774 3776 3775
f 3763 3777 3762
f 3778 3780 3779
f 3781 3782 7
f 3782 3781 3783
f 3783 3781 3784
f 3784 3781 3785
f 3781 3786 3785
f 3787 3788 3765
f 3765 3788 3789
f 3789 3788 3790
f 3791 3780 3778
f 3779 3780 3792
f 3792 3780 3762
f 3790 3788 3793
f 3793 3788 3794
f 3788 3780 3794
f 3794 3780 3795
f 3780 3791 3795
f 3785 3786 3796
f 3796 3786 3797
f 3797 3786 3798
f 3786 3765 3798
f 3798 3765 3799
f 3765 3789 3799
f 3800 3802 3801
f 3801 3802 3803
f 3762 3802 3764
f 3764 3802 3804
f 3804 3802 3805
f 3802 3806 3805
f 3805 3806 3807
f 3807 3806 3808
f 3808 3806 3809
f 3810 3812 3811
f 3813 3814 3810
f 3814 3812 3810
f 3811 3812 3800
f 3812 3806 3800
f 3762 3815 3803
f 3816 3812 3814
f 3816 3814 3817
f 3818 3819 3813
f 3819 3820 3813
f 3817 3814 3821
f 3821 3814 3822
f 3822 3814 3823
f 3814 3813 3823
f 3823 3813 3820
f 3809 3806 3824
f 3824 3806 3825
f 3806 3812 3825
f 3825 3812 3826
f 3826 3812 3827
f 3812 3816 3827
f 3828 3776 3829
f 3830 3832 3831
f 3768 3832 3833
f 3833 3832 3830
f 3768 3833 3834
f 3770 3768 3835
f 3835 3768 3834
f 3836 3837 3769
f 3769 3837 3768
f 3837 3838 3768
f 3768 3838 3832
f 3838 3801 3832
f 3801 3773 3832
f 3839 3810 3840
f 3840 3810 3837
f 3811 3800 3838
f 3838 3800 3801
f 3801 3803 3841
f 3840 3837 3836
f 3837 3811 3838
f 3773 3801 3841
f 3842 3781 3843
f 3781 7 3843
f 3765 3786 3767
f 3767 3786 3844
f 3844 3786 3845
f 3786 3781 3845
f 3845 3781 3842
f 3787 3765 3846
f 3846 3765 3766
f 3829 3776 3847
f 3776 3841 3847
f 3847 3841 3848
f 3841 3849 3848
f 3848 3849 3850
f 3849 3787 3850
f 3787 3851 3850
f 3776 3852 3775
f 3852 3776 3828
f 3851 3787 3853
f 3787 3846 3853
f 3841 3776 3773
f 3802 3762 3803
f 3762 3780 3815
f 3771 3832 3773
f 3841 3803 3815
f 3762 3777 3792
f 3772 3773 3774
f 3774 3773 3776
f 3841 3815 3849
f 3810 3839 3813
f 3839 3854 3813
f 3813 3854 3818
f 3854 3855 3818
f 3787 3849 3788
f 3849 3815 3788
f 3815 3780 3788
f 3810 3811 3837
f 3800 3806 3802
f 3832 3771 3831
f 3856 3857 3721
f 3721 3857 3761
f 3857 3858 3761
f 3761 3858 3756
f 3858 3859 3756
f 3756 3859 3755
f 3859 3860 3755
f 3755 3860 3752
f 3860 3861 3752
f 3752 3861 3751
f 3861 3862 3751
f 3751 3862 3749
f 3862 3863 3749
f 3749 3863 3748
f 3863 3864 3748
f 3748 3864 3746
f 3864 3865 3746
f 3746 3865 3744
f 3865 3866 3744
f 3744 3866 3739
f 3866 3867 3739
f 3739 3867 3736
f 3867 3868 3736
f 3736 3868 3734
f 3868 3869 3734
f 3734 3869 3733
f 3869 3870 3733
f 3733 3870 3731
f 3870 3871 3731
f 3731 3871 3728
f 3871 3872 3728
f 3728 3872 3725
f 3872 3873 3725
f 3725 3873 3722
f 3873 3874 3722
f 3722 3874 3695
f 3836 3875 3840
f 3839 3876 3854
f 3876 3856 3854
f 3856 3855 3854
f 3876 3839 3877
f 3875 3877 3840
f 3840 3877 3839
f 3875 3836 3878
f 3878 3836 3879
f 3836 3769 3879
f 3879 3769 3880
f 3769 3770 3880
f 3880 3881 3879
f 3880 3882 3881
f 3882 3883 3881
f 3881 3883 3884
f 3883 3885 3884
f 3885 3886 3884
f 3886 3887 3884
f 3884 3887 3888
f 3887 3889 3888
f 3889 3890 3888
f 3888 3890 3891
f 3890 3892 3891
f 3892 3893 3891
f 3891 3893 3894
f 3893 3895 3894
f 3881 3878 3879
f 3894 3895 3896
f 3888 3897 3884
f 3897 3881 3884
f 3894 3896 3898
f 3881 3875 3878
f 3899 3898 3900
f 3901 3894 3899
f 3881 3877 3875
f 3902 3900 3903
f 3894 3904 3891
f 3891 3904 3888
f 3902 3903 3905
f 3904 3897 3888
f 3897 3906 3881
f 3902 3905 3907
f 3906 3877 3881
f 3874 3902 3908
f 3908 3902 3907
f 3900 3902 3899
f 3898 3899 3894
f 3874 3873 3902
f 3873 3872 3902
f 3902 3872 3901
f 3872 3871 3901
f 3901 3871 3894
f 3871 3870 3894
f 3870 3869 3894
f 3869 3868 3894
f 3894 3868 3904
f 3868 3867 3904
f 3867 3866 3904
f 3904 3866 3897
f 3866 3865 3897
f 3865 3864 3897
f 3897 3864 3906
f 3864 3863 3906
f 3863 3862 3906
f 3862 3861 3906
f 3861 3860 3906
f 3860 3859 3906
f 3906 3859 3877
f 3859 3858 3877
f 3858 3857 3877
f 3877 3857 3876
f 3857 3856 3876
f 3899 3902 3901
f 3909 3885 3910
f 3911 3912 3880
f 3880 3912 3882
f 3882 3912 3883
f 3912 3913 3883
f 3885 3883 3910
f 3883 3913 3910
f 3885 3909 3886
f 3909 3914 3886
f 3886 3914 3887
f 3914 3915 3887
f 3887 3915 3889
f 3915 3916 3889
f 3917 3893 3918
f 3918 3893 3919
f 3893 3892 3919
f 3892 3890 3919
f 3919 3890 3920
f 3890 3889 3920
f 3889 3916 3920
f 3893 3917 3895
f 3917 3921 3895
f 3895 3921 3896
f 3896 3921 3898
f 3921 3922 3898
f 3898 3922 3900
f 3922 3923 3900
f 3923 3924 3900
f 3900 3924 3903
f 3924 3925 3903
f 3903 3925 3905
f 3925 3926 3905
f 3905 3926 3907
f 3926 3927 3907
f 3907 3927 3908
f 3927 3928 3908
f 3908 3928 3874
f 3928 1481 3874
f 3929 1449 1450
f 3930 3916 3915
f 3931 1404 1454
f 3932 1401 1460
f 3933 1476 1477
f 3934 3936 3935
f 3937 3923 3922
f 3938 3917 3918
f 3939 3912 3911
f 3940 3942 3941
f 3943 3940 3941
f 3937 3944 3923
f 3923 3944 3924
f 3928 3927 3945
f 3927 3926 3945
f 3933 3936 3934
f 1477 1479 3933
f 3933 1479 3945
f 1479 1484 3945
f 1484 1483 3945
f 3945 1483 3928
f 1483 1481 3928
f 3937 3921 3938
f 3938 3921 3917
f 3946 3948 3947
f 3947 3937 3938
f 3948 3944 3947
f 3944 3937 3947
f 3937 3922 3921
f 3949 3935 3948
f 3936 3944 3935
f 1473 3933 1472
f 1472 3933 3934
f 1469 3934 1467
f 1467 3934 3950
f 3934 3951 3950
f 3935 3949 3951
f 3950 3951 3932
f 1462 3932 1464
f 3932 1459 1464
f 1467 3950 1471
f 1471 3950 1470
f 1470 3950 1462
f 3950 3932 1462
f 3925 3936 3926
f 3926 3936 3945
f 3933 1473 1476
f 3948 3935 3944
f 3944 3936 3924
f 3924 3936 3925
f 3945 3936 3933
f 3932 1457 1459
f 3932 1460 1457
f 3931 3929 1452
f 1452 3929 1450
f 3929 3953 3952
f 3952 3953 3954
f 3953 3955 3954
f 3931 1454 1401
f 3956 3957 3946
f 3946 3957 3958
f 3956 3959 3957
f 3959 3960 3957
f 1201 3962 3961
f 3961 3962 3943
f 3943 3962 3963
f 3953 3965 3964
f 3965 3959 3964
f 3964 3959 3963
f 3959 3943 3963
f 3953 3964 3955
f 3955 3964 3966
f 3964 3963 3966
f 3966 3963 3967
f 3929 3965 3953
f 3956 3943 3959
f 3959 3965 3960
f 3939 3942 3912
f 3912 3942 3913
f 3913 3942 3910
f 3910 3942 3909
f 3942 3968 3909
f 3968 3914 3909
f 3915 3968 3930
f 3930 3968 3969
f 3918 3919 3930
f 3919 3920 3930
f 3938 3930 3947
f 3930 3920 3916
f 3918 3930 3938
f 3930 3969 3947
f 3947 3969 3946
f 3946 3969 3956
f 3969 3940 3956
f 3956 3940 3943
f 3963 3962 3967
f 3940 3969 3942
f 3942 3969 3968
f 3968 3915 3914
f 3960 3965 3931
f 3965 3929 3931
f 3929 3952 1449
f 1472 3934 1469
f 3934 3935 3951
f 3957 3960 3970
f 1401 3932 3931
f 3932 3951 3970
f 3970 3951 3949
f 3949 3948 3958
f 3958 3948 3946
f 3958 3957 3949
f 3957 3970 3949
f 3970 3960 3932
f 3960 3931 3932
f 3931 1452 1404
f 3971 1416 1422
f 3952 1447 1449
f 3972 1201 1189
f 1194 1191 3973
f 3973 1191 3974
f 3974 1191 146
f 1192 3975 1196
f 3975 1198 1196
f 1196 1198 1195
f 3976 3978 3977
f 3979 1199 1197
f 3980 3981 1199
f 1199 3981 1200
f 3978 3980 3979
f 3979 3980 1199
f 3976 3972 3980
f 3972 3976 3962
f 3981 3972 1190
f 1190 3972 1189
f 1200 3981 1190
f 3962 3976 3967
f 3976 3977 3967
f 3977 3966 3967
f 1437 3982 1432
f 3983 3984 3978
f 3978 3984 3985
f 1435 3986 1434
f 1435 1440 3986
f 1440 1441 3986
f 3986 1441 3952
f 1441 1444 3952
f 1444 1445 3952
f 1445 1451 3952
f 1451 1447 3952
f 3986 3952 3985
f 3985 3982 3986
f 3986 3982 1434
f 3982 1437 1434
f 3977 3985 3954
f 3985 3952 3954
f 3977 3954 3955
f 3974 1410 1415
f 1415 1412 3974
f 3974 1412 3973
f 1412 1414 3973
f 1428 3987 1429
f 1429 3987 1406
f 1406 3987 1405
f 3987 3971 1405
f 1405 3971 1422
f 1414 1420 3973
f 3973 1420 1192
f 1420 1418 1192
f 1192 1418 3975
f 1418 1416 3975
f 1416 3971 3975
f 3982 3985 3984
f 3984 3983 3987
f 1198 3971 3983
f 3983 3971 3987
f 3984 1433 3982
f 3982 1433 1432
f 1433 3984 1428
f 1428 3984 3987
f 3971 1198 3975
f 1410 3974 146
f 3980 3972 3981
f 3972 3962 1201
f 3979 1197 1198
f 3966 3977 3955
f 1194 3973 1193
f 1193 3973 1192
f 3976 3980 3978
f 1198 3983 3979
f 3983 3978 3979
f 3978 3985 3977
f 3988 3990 3989
f 3991 3992 82
f 3993 3995 3994
f 3996 3998 3997
f 3999 4001 4000
f 4002 4004 4003
f 4005 4002 4006
f 4007 4009 4008
f 4010 4012 4011
f 3992 4013 82
f 4014 3992 4015
f 4016 4017 4011
f 4011 4017 4010
f 4017 4018 4010
f 4011 4019 4016
f 3992 4010 4015
f 4010 4018 4015
f 4007 4021 4020
f 4020 4021 4022
f 4021 4023 4022
f 4024 4026 4025
f 4027 4028 4026
f 4026 4028 4025
f 4028 4029 4025
f 4025 4029 4030
f 4024 4025 4030
f 4021 4024 4023
f 4023 4024 4031
f 4031 4024 4032
f 4024 4030 4032
f 4019 4011 4033
f 4033 4011 4034
f 4011 4007 4034
f 4034 4007 4035
f 4007 4020 4035
f 4024 4037 4036
f 4036 4026 4024
f 4036 4039 4038
f 4039 4040 4038
f 4006 4002 4003
f 4041 4043 4042
f 3999 4000 4044
f 4038 4045 4041
f 4041 4045 3999
f 4041 4046 4043
f 4041 3999 4046
f 3999 4044 4046
f 4036 4038 4026
f 4026 4038 4002
f 4002 4038 4004
f 4038 4041 4004
f 4004 4041 4047
f 4041 4042 4047
f 4040 4049 4048
f 4040 4048 4045
f 4045 4038 4040
f 4050 4052 4051
f 4053 3999 4054
f 3999 4052 4054
f 3999 4051 4052
f 4055 4056 4048
f 4048 4056 4045
f 4045 4056 4057
f 4058 4055 4049
f 4049 4055 4048
f 4057 4059 4051
f 4059 4057 4060
f 4060 4057 4061
f 4050 4051 4062
f 4062 4051 4059
f 3999 4053 4001
f 4063 4064 4058
f 4064 4065 4058
f 4058 4065 4055
f 4065 4066 4055
f 4066 4067 4055
f 4055 4067 4056
f 4067 4068 4056
f 4056 4068 4057
f 4068 4069 4057
f 3997 3998 4070
f 4071 4073 4072
f 4072 4073 4074
f 4073 4075 4074
f 4075 4076 4074
f 4074 4076 3989
f 4075 4073 4077
f 4073 4071 4077
f 4078 3989 4076
f 4076 4075 4079
f 4079 4075 4080
f 4080 4075 4081
f 4081 4083 4082
f 4080 4084 4079
f 4085 4076 4079
f 4081 4082 3998
f 4082 4070 3998
f 4075 4077 4081
f 4077 4083 4081
f 4081 4086 4080
f 4036 4078 4039
f 4084 4080 4087
f 4087 4080 4086
f 3996 4088 3998
f 4088 4086 3998
f 4063 4089 4084
f 4084 4089 4085
f 4085 4039 4078
f 3995 4090 3994
f 4063 4058 4089
f 4058 4049 4089
f 4040 4089 4049
f 4087 4086 4088
f 4040 4039 4089
f 4039 4085 4089
f 4088 3996 3995
f 3995 3996 4090
f 3998 4086 4081
f 4084 4085 4079
f 4076 4085 4078
f 4078 4036 4037
f 4091 4092 4012
f 4012 4092 4093
f 4092 4094 4093
f 4095 4096 4009
f 3990 4009 4097
f 4097 4009 4096
f 4095 4093 4098
f 4098 4093 4094
f 4095 4009 4093
f 3990 4097 4099
f 4072 3990 4099
f 4012 4093 4100
f 3990 4072 4074
f 3992 4014 4013
f 4091 4102 4101
f 4010 3992 4091
f 4091 3992 4102
f 3992 3991 4102
f 4010 4091 4012
f 4092 4091 4101
f 4093 4009 4100
f 3990 3988 4009
f 3990 4074 3989
f 3988 4008 4009
f 4009 4007 4100
f 3989 4037 3988
f 3988 4037 4008
f 4037 4024 4008
f 4024 4021 4008
f 4008 4021 4007
f 4007 4011 4100
f 4011 4012 4100
f 4103 4104 4069
f 4069 4104 4057
f 4104 4105 4057
f 4105 4061 4057
f 4026 4002 4027
f 4002 4005 4027
f 4064 4063 4106
f 4063 4084 4106
f 4084 4087 4106
f 4106 4087 4107
f 4107 4087 4108
f 4087 4088 4108
f 4108 4088 4109
f 4109 4088 4110
f 4088 3995 4110
f 4110 3995 4111
f 4111 3995 4112
f 4112 3995 4113
f 3995 3993 4113
f 4057 4051 4045
f 4051 3999 4045
f 4078 4037 3989
f 4114 4115 4113
f 4113 4115 4112
f 4115 4116 4112
f 4112 4116 4117
f 4112 4117 4111
f 4111 4117 4118
f 4119 4109 4118
f 4109 4110 4118
f 4118 4110 4111
f 4120 4108 4121
f 4108 4109 4121
f 4109 4119 4121
f 4108 4120 4107
f 4107 4120 4122
f 4107 4122 4106
f 4122 4123 4106
f 4106 4123 4064
f 4123 4124 4064
f 4124 4125 4064
f 4064 4125 4065
f 4125 4126 4065
f 4065 4126 4127
f 4065 4127 4066
f 4127 4128 4066
f 4066 4128 4067
f 4128 4129 4067
f 4067 4129 4068
f 4129 4130 4068
f 4068 4130 4131
f 4068 4131 4069
f 4131 4132 4069
f 4132 4103 4069
f 4133 4134 4114
f 4114 4134 4115
f 4115 4134 4135
f 4115 4135 4116
f 4116 4135 4117
f 4135 4136 4117
f 4117 4136 4118
f 4136 4137 4118
f 4118 4137 4138
f 4118 4138 4119
f 4119 4138 4139
f 4119 4139 4121
f 4139 4140 4121
f 4121 4140 4120
f 4140 4141 4120
f 4120 4141 4122
f 4141 4142 4122
f 4122 4142 4123
f 4142 4143 4123
f 4123 4143 4124
f 4143 4144 4124
f 4124 4144 4125
f 4144 4145 4125
f 4125 4145 4126
f 4145 4146 4126
f 4126 4146 4127
f 4146 4147 4127
f 4127 4147 4128
f 4147 4148 4128
f 4128 4148 4129
f 4148 4149 4129
f 4129 4149 4130
f 4149 4150 4130
f 4130 4150 4131
f 4150 4151 4131
f 4131 4151 4132
f 4151 4152 4132
f 4153 4154 4133
f 4133 4154 4134
f 4154 4155 4134
f 4134 4155 4135
f 4155 4156 4135
f 4135 4156 4136
f 4156 4157 4136
f 4136 4157 4137
f 4157 4158 4137
f 4137 4158 4138
f 4158 4159 4138
f 4138 4159 4139
f 4159 4160 4139
f 4139 4160 4140
f 4160 4161 4140
f 4140 4161 4141
f 4161 4162 4141
f 4141 4162 4142
f 4162 4163 4142
f 4142 4163 4143
f 4143 4163 4144
f 4163 4164 4144
f 4144 4164 4145
f 4164 4165 4145
f 4145 4165 4146
f 4146 4165 4147
f 4165 4166 4147
f 4147 4166 4148
f 4166 4167 4148
f 4148 4167 4149
f 4149 4167 4150
f 4167 4168 4150
f 4150 4168 4151
f 4168 4169 4151
f 4151 4169 4152
f 4170 4172 4171
f 4173 4175 4174
f 4176 4178 4177
f 4177 4178 15
f 4179 4181 4180
f 4180 4181 4182
f 4183 4185 4184
f 4184 4187 4186
f 4188 4190 4189
f 4191 4193 4192
f 4178 4194 15
f 4195 4197 4196
f 4198 4200 4199
f 4199 4202 4201
f 4199 4203 4198
f 4197 4199 4196
f 4199 4200 4196
f 4204 4206 4205
f 4205 4206 4207
f 4207 4208 4173
f 4201 4208 4209
f 4209 4208 4210
f 4206 4212 4211
f 4212 4213 4211
f 4214 4215 4211
f 4215 4210 4211
f 4211 4210 4208
f 4203 4199 4216
f 4216 4199 4217
f 4199 4201 4217
f 4201 4209 4217
f 4204 4218 4206
f 4219 4221 4220
f 4206 4218 4212
f 4214 4211 4213
f 4222 4218 4221
f 4218 4204 4221
f 4223 4224 4222
f 4224 4223 4225
f 4226 4222 4227
f 4222 4224 4227
f 4219 4229 4228
f 4230 4231 4219
f 4219 4231 4229
f 4223 4228 4232
f 4228 4233 4232
f 4221 4219 4223
f 4219 4228 4223
f 4231 4234 4229
f 4234 4235 4229
f 4235 4237 4236
f 4237 4235 4238
f 4238 4235 4239
f 4233 4228 4240
f 4228 4236 4240
f 4240 4236 4241
f 4236 4237 4241
f 4222 4221 4223
f 4223 4232 4225
f 4242 4244 4243
f 4243 4244 4230
f 4244 4245 4230
f 4230 4245 4231
f 4245 4246 4231
f 4246 4247 4231
f 4231 4247 4234
f 4234 4247 4235
f 4247 4248 4235
f 4248 4249 4235
f 4249 4250 4235
f 4251 4252 4190
f 4253 4187 4254
f 4255 4257 4256
f 4256 4257 4258
f 4258 4257 4259
f 4260 4262 4261
f 4263 4262 4264
f 4262 4260 4265
f 4266 4257 4193
f 4257 4267 4193
f 4193 4267 4192
f 4205 4262 4263
f 4260 4259 4266
f 4259 4257 4266
f 4257 4255 4267
f 4263 4264 4268
f 4260 4266 4265
f 4265 4266 4193
f 4190 4188 4251
f 4187 4269 4190
f 4190 4269 4193
f 4269 4270 4193
f 4193 4270 4265
f 4265 4270 4264
f 4190 4252 4187
f 4252 4254 4187
f 4264 4262 4265
f 4193 4191 4190
f 4190 4191 4189
f 4271 4181 4183
f 4186 4187 4272
f 4243 4264 4273
f 4264 4270 4273
f 4273 4270 4274
f 4185 4183 4181
f 4184 4185 4187
f 4185 4274 4269
f 4269 4274 4270
f 4264 4243 4268
f 4185 4181 4275
f 4181 4276 4182
f 4277 4181 4179
f 4220 4268 4230
f 4274 4185 4275
f 4181 4271 4276
f 4272 4187 4253
f 4185 4269 4187
f 4268 4220 4263
f 4205 4263 4204
f 4263 4220 4204
f 4278 4280 4279
f 4279 4280 4202
f 4280 4281 4202
f 4202 4281 4282
f 4281 4283 4282
f 4284 4286 4285
f 4174 4287 4173
f 4173 4287 4288
f 4287 4289 4288
f 4172 4288 4171
f 4171 4288 4289
f 4175 4282 4290
f 4290 4282 4283
f 4175 4173 4282
f 4291 4172 4292
f 4172 4170 4292
f 4293 4172 4291
f 4288 4172 4207
f 4173 4288 4207
f 4294 4172 4258
f 4172 4293 4258
f 4279 4202 4284
f 4178 4197 4194
f 4197 4195 4194
f 4284 4295 4286
f 4199 4197 4284
f 4197 4178 4284
f 4284 4178 4295
f 4178 4176 4295
f 4199 4284 4202
f 4278 4279 4285
f 4285 4279 4284
f 4294 4259 4261
f 4172 4294 4207
f 4294 4261 4207
f 4173 4201 4282
f 4261 4205 4207
f 4206 4211 4207
f 4207 4211 4208
f 4208 4201 4173
f 4201 4202 4282
f 4250 4296 4235
f 4296 4239 4235
f 4213 4212 4297
f 4297 4212 4298
f 4212 4218 4298
f 4298 4218 4226
f 4226 4218 4222
f 4221 4204 4220
f 4219 4220 4230
f 4268 4243 4230
f 4242 4243 4299
f 4243 4273 4299
f 4299 4273 4300
f 4300 4273 4301
f 4273 4274 4301
f 4301 4274 4302
f 4302 4274 4303
f 4274 4275 4303
f 4303 4275 4304
f 4304 4275 4305
f 4275 4181 4305
f 4181 4277 4305
f 4305 4277 4306
f 4235 4236 4229
f 4236 4228 4229
f 4262 4205 4261
f 4261 4259 4260
f 4259 4294 4258
f 4258 4293 4256
f 4169 4308 4307
f 4169 4168 4308
f 4308 4168 4309
f 4168 4167 4309
f 4309 4167 4310
f 4167 4166 4310
f 4310 4166 4311
f 4166 4165 4311
f 4311 4165 4312
f 4165 4164 4312
f 4312 4164 4313
f 4164 4163 4313
f 4313 4163 4314
f 4163 4162 4314
f 4162 4161 4314
f 4314 4161 4315
f 4161 4160 4315
f 4315 4160 4316
f 4160 4159 4316
f 4159 4158 4316
f 4158 4157 4316
f 4316 4157 4317
f 4157 4156 4317
f 4317 4156 4318
f 4156 4155 4318
f 4318 4155 4319
f 4155 4154 4319
f 4154 4153 4319
f 4319 4153 4320
f 4321 4320 4250
f 4320 4296 4250
f 4322 4323 4247
f 4323 4324 4247
f 4247 4324 4248
f 4324 4321 4248
f 4248 4321 4249
f 4321 4250 4249
f 4325 4322 4246
f 4322 4247 4246
f 4326 4327 4244
f 4327 4325 4244
f 4244 4325 4245
f 4325 4246 4245
f 4326 4244 4242
f 4328 4329 4299
f 4329 4326 4299
f 4299 4326 4242
f 4302 4330 4301
f 4330 4328 4301
f 4301 4328 4300
f 4328 4299 4300
f 4302 4303 4330
f 4330 4303 4331
f 4331 4303 4332
f 4303 4304 4332
f 4332 4304 4333
f 4304 4305 4333
f 4333 4305 4334
f 4305 4306 4334
f 4307 4336 4335
f 4307 4308 4336
f 4336 4337 4335
f 4337 4338 4335
f 4336 4308 4309
f 4339 4337 4336
f 4337 4340 4338
f 4340 4341 4338
f 4339 4309 4310
f 4342 4343 4339
f 4343 4340 4339
f 4339 4340 4337
f 4340 4344 4341
f 4343 4345 4340
f 4340 4345 4344
f 4345 4346 4344
f 4342 4310 4311
f 4345 4347 4346
f 4342 4311 4312
f 4342 4348 4343
f 4348 4345 4343
f 4345 4349 4347
f 4350 4348 4342
f 4348 4351 4345
f 4345 4351 4349
f 4351 4352 4349
f 4353 4312 4313
f 4354 4355 4350
f 4350 4355 4348
f 4348 4355 4351
f 4351 4356 4352
f 4353 4313 4314
f 4351 4357 4356
f 4351 4358 4357
f 4358 4359 4357
f 4353 4314 4315
f 4358 4360 4359
f 4353 4315 4316
f 4354 4361 4355
f 4355 4358 4351
f 4358 4362 4360
f 4363 4361 4354
f 4361 4364 4355
f 4358 4365 4362
f 4366 4316 4317
f 4354 4323 4363
f 4361 4367 4364
f 4364 4331 4355
f 4358 4368 4365
f 4364 4367 4331
f 4355 4331 4358
f 4358 4369 4368
f 4320 4370 4319
f 4319 4370 4318
f 4317 4318 4366
f 4366 4318 4370
f 4316 4366 4353
f 4353 4366 4370
f 4312 4353 4342
f 4342 4353 4371
f 4353 4370 4323
f 4371 4353 4323
f 4310 4342 4339
f 4342 4371 4350
f 4371 4323 4354
f 4309 4339 4336
f 4350 4371 4354
f 4358 4372 4369
f 4320 4321 4370
f 4321 4324 4370
f 4324 4323 4370
f 4323 4322 4363
f 4322 4325 4363
f 4363 4325 4361
f 4325 4327 4361
f 4361 4327 4367
f 4327 4326 4367
f 4326 4329 4367
f 4329 4328 4367
f 4367 4328 4331
f 4328 4330 4331
f 4331 4332 4358
f 4332 4333 4358
f 4358 4333 4372
f 4333 4334 4372
f 4373 4375 4374
f 4376 4378 4377
f 4379 4381 4380
f 4382 4384 4383
f 4385 4387 4386
f 4388 4390 4389
f 4374 4391 4373
f 4392 4394 4393
f 4395 4396 12
f 4396 4395 4397
f 4397 4395 4398
f 4398 4395 4399
f 4395 4400 4399
f 4401 4379 4378
f 4401 4403 4402
f 4404 4394 4405
f 4394 4392 4405
f 4393 4394 4391
f 4403 4401 4406
f 4406 4401 4407
f 4401 4404 4407
f 4407 4404 4408
f 4404 4405 4408
f 4399 4400 4409
f 4409 4400 4410
f 4400 4379 4410
f 4410 4379 4411
f 4379 4401 4411
f 4411 4401 4412
f 4401 4402 4412
f 4413 4415 4414
f 4416 4418 4417
f 4419 4414 4420
f 4420 4414 4415
f 4416 4421 4418
f 4422 4414 4419
f 4423 4425 4424
f 4424 4425 4426
f 4427 4429 4428
f 4428 4429 4430
f 4429 4425 4430
f 4430 4425 4423
f 4431 4432 4421
f 4432 4425 4422
f 4433 4431 4421
f 4373 4394 4414
f 4394 4413 4414
f 4434 4432 4435
f 4434 4435 4436
f 4437 4438 4433
f 4439 4431 4440
f 4440 4431 4441
f 4431 4433 4441
f 4441 4433 4438
f 4436 4435 4442
f 4442 4435 4443
f 4435 4431 4443
f 4443 4431 4444
f 4431 4439 4444
f 4426 4425 4445
f 4445 4425 4446
f 4425 4432 4446
f 4446 4432 4447
f 4432 4434 4447
f 4416 4448 4421
f 4449 4451 4450
f 4451 4449 4452
f 4387 4454 4453
f 4455 4453 4454
f 4456 4453 4455
f 4456 4455 4457
f 4384 4456 4458
f 4458 4456 4459
f 4456 4457 4459
f 4460 4384 4461
f 4461 4384 4458
f 4383 4384 4460
f 4453 4390 4387
f 4453 4420 4390
f 4382 4418 4384
f 4418 4462 4384
f 4462 4419 4453
f 4419 4420 4453
f 4384 4462 4456
f 4462 4453 4456
f 4463 4395 4464
f 4395 12 4464
f 4379 4400 4381
f 4381 4400 4465
f 4400 4395 4465
f 4465 4395 4463
f 4466 4378 4467
f 4378 4379 4467
f 4467 4379 4468
f 4379 4380 4468
f 4450 4451 4469
f 4451 4470 4469
f 4469 4470 4471
f 4471 4470 4472
f 4470 4378 4472
f 4472 4378 4376
f 4389 4390 4452
f 4452 4390 4451
f 4377 4378 4466
f 4387 4388 4386
f 4431 4435 4432
f 4425 4429 4422
f 4473 4387 4385
f 4415 4413 4470
f 4401 4413 4404
f 4413 4394 4404
f 4394 4373 4391
f 4388 4387 4390
f 4390 4420 4451
f 4420 4415 4451
f 4451 4415 4470
f 4373 4414 4429
f 4429 4414 4422
f 4421 4448 4433
f 4448 4474 4433
f 4433 4474 4437
f 4474 4475 4437
f 4470 4413 4378
f 4378 4413 4401
f 4375 4373 4476
f 4373 4429 4476
f 4476 4429 4427
f 4417 4418 4382
f 4418 4421 4462
f 4421 4432 4462
f 4432 4422 4462
f 4462 4422 4419
f 4387 4473 4454
f 4477 4478 4334
f 4334 4478 4372
f 4478 4479 4372
f 4372 4479 4369
f 4479 4480 4369
f 4369 4480 4368
f 4480 4481 4368
f 4368 4481 4365
f 4481 4482 4365
f 4365 4482 4362
f 4482 4483 4362
f 4362 4483 4360
f 4483 4484 4360
f 4360 4484 4359
f 4484 4485 4359
f 4359 4485 4357
f 4485 4486 4357
f 4357 4486 4356
f 4486 4487 4356
f 4356 4487 4352
f 4487 4488 4352
f 4352 4488 4349
f 4488 4489 4349
f 4349 4489 4347
f 4489 4490 4347
f 4347 4490 4346
f 4490 4491 4346
f 4346 4491 4344
f 4491 4492 4344
f 4344 4492 4341
f 4492 4493 4341
f 4341 4493 4338
f 4493 4494 4338
f 4338 4494 4335
f 4494 4495 4335
f 4335 4495 4307
f 4448 4496 4474
f 4496 4477 4474
f 4477 4475 4474
f 4496 4448 4497
f 4448 4416 4497
f 4497 4416 4498
f 4498 4416 4499
f 4416 4417 4499
f 4500 4499 4382
f 4499 4417 4382
f 4382 4383 4500
f 4500 4383 4501
f 4501 4383 4502
f 4383 4460 4502
f 4502 4460 4503
f 4460 4461 4503
f 4503 4504 4502
f 4503 4505 4504
f 4505 4506 4504
f 4506 4507 4504
f 4507 4508 4504
f 4508 4509 4504
f 4509 4510 4504
f 4504 4510 4511
f 4510 4512 4511
f 4512 4513 4511
f 4513 4514 4511
f 4514 4515 4511
f 4504 4501 4502
f 4516 4515 4517
f 4504 4500 4501
f 4516 4517 4518
f 4511 4519 4504
f 4504 4520 4500
f 4521 4518 4522
f 4516 4523 4511
f 4511 4523 4519
f 4519 4520 4504
f 4520 4524 4500
f 4524 4499 4500
f 4521 4522 4525
f 4519 4524 4520
f 4524 4498 4499
f 4521 4525 4526
f 4521 4526 4527
f 4519 4528 4524
f 4524 4497 4498
f 4495 4530 4529
f 4529 4530 4527
f 4527 4530 4521
f 4518 4521 4516
f 4523 4528 4519
f 4524 4496 4497
f 4495 4494 4530
f 4530 4494 4521
f 4494 4493 4521
f 4493 4492 4521
f 4492 4491 4521
f 4491 4490 4521
f 4521 4490 4516
f 4490 4489 4516
f 4516 4489 4523
f 4489 4488 4523
f 4488 4487 4523
f 4487 4486 4523
f 4486 4485 4523
f 4485 4484 4523
f 4484 4483 4523
f 4523 4483 4528
f 4483 4482 4528
f 4482 4481 4528
f 4528 4481 4524
f 4481 4480 4524
f 4480 4479 4524
f 4479 4478 4524
f 4524 4478 4496
f 4478 4477 4496
f 4515 4516 4511
f 4531 4507 4532
f 4533 4534 4503
f 4503 4534 4505
f 4505 4534 4506
f 4534 4535 4506
f 4507 4506 4532
f 4506 4535 4532
f 4507 4531 4508
f 4531 4536 4508
f 4508 4536 4509
f 4509 4536 4510
f 4536 4537 4510
f 4538 4514 4539
f 4539 4514 4540
f 4514 4513 4540
f 4513 4512 4540
f 4540 4512 4541
f 4512 4510 4541
f 4510 4537 4541
f 4538 4542 4514
f 4514 4542 4515
f 4542 4543 4515
f 4515 4543 4517
f 4517 4543 4518
f 4543 4544 4518
f 4544 4545 4518
f 4518 4545 4522
f 4545 4546 4522
f 4522 4546 4525
f 4546 4547 4525
f 4525 4547 4526
f 4547 4548 4526
f 4526 4548 4527
f 4548 4549 4527
f 4527 4549 4529
f 4549 4550 4529
f 4529 4550 4495
f 4550 4551 4495
f 4552 4554 4553
f 4555 4537 4536
f 4552 4557 4556
f 4558 4560 4559
f 4561 4563 4562
f 4564 4561 4565
f 4566 4542 4538
f 4566 4538 4539
f 4567 4534 4533
f 4568 4567 4569
f 4570 4568 4569
f 4545 4571 4546
f 4544 4571 4545
f 4550 4549 4572
f 4549 4548 4572
f 4562 4573 4561
f 4561 4573 4572
f 4573 4574 4572
f 4574 4575 4572
f 4572 4575 4550
f 4575 4551 4550
f 4576 4571 4577
f 4577 4571 4566
f 4571 4543 4566
f 4566 4543 4542
f 4576 4577 4578
f 4571 4544 4543
f 4579 4564 4580
f 4581 4564 4582
f 4582 4564 4565
f 4561 4576 4565
f 4576 4583 4565
f 4584 4586 4585
f 4586 4587 4585
f 4582 4565 4588
f 4588 4565 4589
f 4589 4565 4584
f 4565 4586 4584
f 4547 4561 4548
f 4548 4561 4572
f 4561 4564 4563
f 4564 4579 4563
f 4576 4561 4571
f 4571 4561 4546
f 4546 4561 4547
f 4590 4592 4591
f 4593 4558 4594
f 4558 4595 4594
f 4586 4558 4593
f 4558 4559 4595
f 4596 4597 4552
f 4596 4552 4558
f 4598 4552 4553
f 4599 4601 4600
f 4602 4558 4586
f 4558 4552 4560
f 4552 4556 4560
f 4600 4601 4590
f 4603 4568 4570
f 4583 4568 4602
f 4570 4604 4603
f 4604 4597 4603
f 4603 4597 4602
f 4602 4597 4596
f 4605 4606 4570
f 4570 4606 4607
f 4601 4604 4590
f 4590 4604 4592
f 4599 4597 4601
f 4601 4597 4604
f 4567 4577 4534
f 4534 4577 4535
f 4535 4577 4532
f 4532 4577 4531
f 4577 4555 4531
f 4555 4536 4531
f 4539 4540 4555
f 4540 4541 4555
f 4568 4578 4577
f 4555 4541 4537
f 4539 4555 4566
f 4570 4607 4592
f 4592 4607 4608
f 4607 4606 4608
f 4567 4568 4577
f 4597 4599 4552
f 4552 4599 4554
f 4580 4564 4581
f 4583 4586 4565
f 4586 4593 4587
f 4593 4594 4587
f 4592 4608 4591
f 4604 4570 4592
f 4603 4602 4568
f 4586 4583 4602
f 4576 4578 4583
f 4566 4555 4577
f 4578 4568 4583
f 4602 4596 4558
f 4552 4598 4557
f 4599 4609 4554
f 4610 4611 4605
f 4612 4614 4613
f 4613 4614 4615
f 4615 4614 86
f 4616 4618 4617
f 4617 4618 4619
f 4619 4618 4620
f 4613 4616 4612
f 4612 4616 4617
f 4621 4623 4622
f 4622 4624 4621
f 4624 4625 4621
f 4623 4606 4611
f 4626 4621 4618
f 4623 4611 4622
f 4624 4622 4627
f 4627 4622 4628
f 4622 4611 4628
f 4611 4610 4628
f 4606 4629 4608
f 4608 4629 4591
f 4630 4632 4631
f 4633 4632 4634
f 4634 4632 4635
f 4632 4630 4636
f 4636 4637 4632
f 4632 4637 4638
f 4637 4639 4638
f 4639 4640 4638
f 4640 4641 4638
f 4638 4641 4599
f 4641 4609 4599
f 4632 4638 4642
f 4638 4599 4600
f 4642 4638 4600
f 4632 4642 4635
f 4642 4600 4590
f 4591 4629 4635
f 4626 4634 4621
f 4621 4634 4629
f 4629 4634 4635
f 4591 4635 4642
f 4615 4644 4643
f 4643 4645 4615
f 4615 4645 4613
f 4646 4648 4647
f 4647 4648 4649
f 4648 4650 4649
f 4648 4646 4633
f 4646 4651 4633
f 4633 4651 4652
f 4645 4653 4613
f 4613 4653 4616
f 4653 4654 4616
f 4654 4650 4616
f 4616 4650 4648
f 4626 4633 4634
f 4633 4655 4632
f 4632 4655 4631
f 4655 4633 4652
f 4633 4626 4648
f 4626 4616 4648
f 4644 4615 86
f 4611 4606 4605
f 4618 4625 4620
f 4616 4626 4618
f 4618 4621 4625
f 4591 4642 4590
f 4606 4623 4629
f 4623 4621 4629
f 4656 4658 4657
f 4659 4661 4660
f 4662 4664 4663
f 4663 4664 96
f 4665 4667 4666
f 4666 4667 4668
f 4669 4671 4670
f 4670 4673 4672
f 4674 4676 4675
f 4677 4679 4678
f 4664 4680 96
f 4681 4683 4682
f 4684 4682 4683
f 4683 4686 4685
f 4683 4687 4684
f 4688 4690 4689
f 4685 4690 4691
f 4692 4694 4693
f 4694 4688 4693
f 4694 4690 4688
f 4695 4694 4692
f 4696 4691 4697
f 4698 4691 4699
f 4691 4696 4699
f 4700 4702 4701
f 4703 4704 4695
f 4696 4697 4705
f 4705 4697 4706
f 4697 4702 4706
f 4706 4702 4700
f 4694 4691 4690
f 4687 4683 4707
f 4707 4683 4708
f 4683 4685 4708
f 4685 4691 4708
f 4708 4691 4698
f 4695 4702 4694
f 4703 4710 4709
f 4711 4712 4710
f 4711 4713 4712
f 4703 4711 4710
f 4714 4716 4715
f 4717 4718 4716
f 4719 4720 4715
f 4720 4721 4715
f 4713 4715 4722
f 4722 4715 4721
f 4703 4714 4711
f 4714 4715 4711
f 4718 4719 4716
f 4723 4725 4724
f 4726 4727 4723
f 4723 4727 4725
f 4719 4724 4720
f 4720 4724 4728
f 4724 4725 4728
f 4711 4715 4713
f 4729 4731 4730
f 4730 4731 4717
f 4731 4732 4717
f 4732 4733 4717
f 4717 4733 4718
f 4733 4734 4718
f 4718 4734 4719
f 4734 4735 4719
f 4719 4735 4723
f 4735 4736 4723
f 4736 4737 4723
f 4738 4739 4676
f 4740 4673 4741
f 4742 4744 4743
f 4743 4744 4745
f 4744 4747 4746
f 4747 4748 4746
f 4714 4750 4749
f 4750 4748 4749
f 4747 4744 4751
f 4751 4744 4679
f 4744 4742 4679
f 4679 4742 4678
f 4752 4751 4753
f 4676 4674 4738
f 4673 4753 4676
f 4751 4754 4749
f 4749 4748 4751
f 4676 4739 4673
f 4739 4755 4673
f 4673 4755 4741
f 4748 4747 4751
f 4751 4679 4753
f 4753 4679 4676
f 4679 4677 4676
f 4676 4677 4675
f 4756 4671 4757
f 4757 4671 4669
f 4672 4673 4740
f 4673 4758 4752
f 4752 4754 4751
f 4749 4754 4759
f 4754 4752 4760
f 4760 4752 4758
f 4670 4671 4673
f 4671 4758 4673
f 4714 4692 4750
f 4761 4671 4762
f 4671 4667 4762
f 4667 4763 4668
f 4730 4717 4759
f 4759 4716 4714
f 4714 4749 4759
f 4759 4754 4730
f 4730 4754 4760
f 4760 4758 4761
f 4758 4671 4761
f 4671 4756 4667
f 4667 4756 4763
f 4673 4752 4753
f 4692 4714 4703
f 4764 4766 4765
f 4765 4766 4686
f 4766 4767 4686
f 4686 4767 4768
f 4767 4769 4768
f 4770 4772 4771
f 4660 4773 4659
f 4658 4659 4657
f 4657 4659 4773
f 4661 4775 4774
f 4775 4768 4774
f 4774 4768 4776
f 4768 4769 4776
f 4661 4659 4775
f 4777 4658 4778
f 4658 4656 4778
f 4779 4745 4777
f 4659 4658 4780
f 4780 4658 4745
f 4658 4777 4745
f 4686 4768 4685
f 4685 4768 4775
f 4775 4659 4780
f 4765 4686 4770
f 4664 4681 4680
f 4770 4781 4772
f 4681 4664 4683
f 4683 4664 4770
f 4770 4664 4781
f 4664 4662 4781
f 4683 4770 4686
f 4764 4765 4771
f 4771 4765 4770
f 4775 4689 4685
f 4780 4688 4775
f 4775 4688 4689
f 4745 4688 4780
f 4745 4744 4688
f 4744 4746 4688
f 4688 4746 4693
f 4689 4690 4685
f 4704 4702 4695
f 4702 4697 4694
f 4694 4697 4691
f 4737 4782 4723
f 4782 4726 4723
f 4701 4702 4783
f 4702 4704 4783
f 4783 4704 4709
f 4709 4704 4703
f 4716 4759 4717
f 4729 4730 4784
f 4730 4760 4784
f 4784 4760 4785
f 4785 4760 4786
f 4760 4761 4786
f 4786 4761 4787
f 4787 4761 4788
f 4761 4762 4788
f 4788 4762 4789
f 4789 4762 4790
f 4762 4667 4790
f 4667 4665 4790
f 4790 4665 4791
f 4723 4724 4719
f 4719 4715 4716
f 4703 4695 4692
f 4692 4693 4750
f 4750 4693 4748
f 4693 4746 4748
f 4745 4779 4743
f 4792 4791 4793
f 4791 4792 4790
f 4792 4794 4790
f 4790 4794 4789
f 4794 4795 4789
f 4789 4795 4788
f 4795 4796 4788
f 4788 4796 4787
f 4787 4796 4786
f 4796 4797 4786
f 4786 4797 4798
f 4786 4798 4785
f 4798 4799 4785
f 4799 4800 4785
f 4785 4800 4784
f 4784 4800 4729
f 4800 4801 4729
f 4729 4801 4802
f 4803 4732 4804
f 4732 4731 4804
f 4804 4731 4802
f 4802 4731 4729
f 4805 4733 4806
f 4733 4732 4806
f 4732 4803 4806
f 4733 4805 4807
f 4736 4735 4808
f 4733 4807 4734
f 4807 4809 4734
f 4734 4809 4735
f 4809 4810 4735
f 4810 4808 4735
f 4808 4811 4736
f 4811 4737 4736
f 4811 4812 4737
f 4812 4782 4737
f 4811 4813 4812
f 4808 4814 4811
f 4809 4815 4810
f 4805 4816 4807
f 4806 4817 4805
f 4804 4818 4803
f 4819 4792 4793
f 4819 4820 4792
f 4792 4820 4794
f 4820 4821 4794
f 4794 4821 4795
f 4821 4822 4795
f 4795 4822 4796
f 4822 4823 4796
f 4796 4823 4797
f 4823 4824 4797
f 4797 4824 4798
f 4824 4825 4798
f 4798 4825 4799
f 4825 4826 4799
f 4799 4826 4800
f 4826 4827 4800
f 4800 4827 4801
f 4827 4828 4801
f 4804 4802 4818
f 4818 4802 4829
f 4802 4801 4829
f 4829 4801 4828
f 4806 4803 4830
f 4830 4803 4831
f 4803 4818 4831
f 4817 4806 4830
f 4805 4817 4816
f 4809 4807 4815
f 4815 4807 4832
f 4807 4816 4832
f 4808 4810 4833
f 4833 4810 4834
f 4810 4815 4834
f 4814 4808 4833
f 4811 4814 4813
f 4835 4837 4836
f 4837 4838 4836
f 4836 4838 4839
f 4838 4840 4839
f 4839 4840 4841
f 4840 4842 4841
f 4841 4842 4843
f 4842 4844 4843
f 4843 4844 4845
f 4845 4844 4846
f 4846 4844 4847
f 4844 4848 4847
f 4847 4848 4849
f 4848 4850 4849
f 4850 4851 4849
f 4849 4851 4852
f 4852 4851 4853
f 4851 4854 4853
f 4853 4854 4855
f 4854 4856 4855
f 4856 4857 4855
f 4855 4857 4858
f 4858 4857 4859
f 4857 4860 4859
f 4859 4860 4861
f 4860 4862 4861
f 4862 4863 4861
f 4861 4863 4864
f 4864 4863 4865
f 4863 4866 4865
f 4866 4867 4865
f 4868 4870 4869
f 4868 4871 4870
f 4871 4872 4870
f 4870 4872 4873
f 4870 4874 4869
f 4875 4873 4876
f 4875 4877 4870
f 4877 4878 4870
f 4870 4878 4874
f 4878 4879 4874
f 4875 4876 4880
f 4878 4877 4879
f 4875 4880 4881
f 4882 4877 4875
f 4877 4883 4879
f 4875 4881 4884
f 4882 4885 4877
f 4877 4886 4883
f 4875 4884 4887
f 4885 4888 4877
f 4877 4888 4886
f 4889 4887 4890
f 4889 4890 4891
f 4885 4882 4888
f 4889 4891 4892
f 4889 4892 4893
f 4889 4893 4894
f 4882 4895 4888
f 4888 4895 4896
f 4895 4897 4896
f 4889 4894 4898
f 4895 4899 4897
f 4900 4898 4901
f 4902 4903 4882
f 4882 4903 4895
f 4895 4904 4899
f 4904 4905 4899
f 4900 4901 4906
f 4866 4908 4907
f 4907 4908 4906
f 4906 4908 4900
f 4898 4900 4889
f 4887 4889 4875
f 4875 4889 4909
f 4900 4908 4910
f 4875 4909 4882
f 4882 4909 4902
f 4902 4909 4889
f 4889 4900 4911
f 4873 4875 4870
f 4911 4900 4910
f 4904 4912 4905
f 4866 4863 4908
f 4908 4863 4910
f 4863 4862 4910
f 4862 4860 4910
f 4910 4860 4902
f 4860 4857 4902
f 4902 4857 4903
f 4857 4856 4903
f 4856 4854 4903
f 4854 4851 4903
f 4851 4850 4903
f 4903 4850 4895
f 4850 4848 4895
f 4848 4844 4895
f 4895 4844 4904
f 4844 4842 4904
f 4842 4840 4904
f 4840 4838 4904
f 4838 4837 4904
f 4904 4837 4912
f 4889 4911 4902
f 4911 4910 4902
f 4913 4915 4914
f 4916 4918 4917
f 4917 4918 11
f 4919 4921 4920
f 4922 4924 4923
f 4925 4927 4926
f 4918 4928 11
f 4929 4931 4930
f 4930 4931 4932
f 4932 4931 4933
f 4934 4936 4935
f 4934 4937 4936
f 4937 4938 4936
f 4937 4939 4938
f 4940 4937 4934
f 4937 4941 4939
f 4942 4941 4943
f 4944 4941 4942
f 4943 4946 4945
f 4946 4947 4945
f 4948 4945 4949
f 4945 4947 4949
f 4950 4942 4943
f 4946 4937 4940
f 4929 4930 4951
f 4930 4941 4951
f 4951 4941 4952
f 4941 4944 4952
f 4940 4953 4946
f 4950 4943 4948
f 4948 4943 4945
f 4954 4956 4955
f 4955 4956 4957
f 4958 4956 4954
f 4959 4961 4960
f 4960 4962 4956
f 4961 4963 4960
f 4960 4963 4962
f 4956 4962 4964
f 4965 4966 4964
f 4956 4964 4967
f 4964 4966 4967
f 4953 4960 4956
f 4968 4969 4962
f 4969 4968 4970
f 4965 4964 4971
f 4964 4962 4971
f 4971 4962 4969
f 4956 4967 4957
f 4972 4973 4961
f 4973 4974 4961
f 4974 4975 4961
f 4961 4975 4963
f 4975 4976 4963
f 4976 4977 4963
f 4963 4977 4962
f 4977 4978 4962
f 4962 4978 4968
f 4978 4979 4968
f 4979 4980 4968
f 4981 4982 4924
f 4983 4985 4984
f 4926 4927 4986
f 4986 4927 4987
f 4927 4988 4987
f 4989 4990 4935
f 4935 4990 4934
f 4927 4925 4924
f 4924 4925 4991
f 4990 4989 4992
f 4989 4988 4992
f 4992 4988 4993
f 4988 4927 4993
f 4994 4992 4995
f 4993 4924 4996
f 4924 4922 4981
f 4995 4992 4993
f 4996 4924 4984
f 4924 4982 4984
f 4982 4983 4984
f 4993 4927 4924
f 4924 4991 4923
f 4920 4921 4997
f 4997 4921 4998
f 4999 5001 5000
f 5002 5004 5003
f 4998 4921 4985
f 4996 5005 4993
f 4993 5005 4995
f 5005 5006 4995
f 4940 4990 4994
f 4960 4994 4959
f 4994 5006 4959
f 4959 5006 4972
f 5006 5005 4972
f 5005 4996 5007
f 4921 4919 5001
f 5001 4919 5000
f 4921 5007 4984
f 4984 5007 4996
f 4972 5005 5008
f 5008 5005 5009
f 5005 5007 5009
f 5010 5001 5003
f 5001 5011 5003
f 5003 5011 5012
f 4959 4972 4961
f 5003 5012 5002
f 5007 4921 5010
f 4921 5001 5010
f 5001 4999 5011
f 4985 4921 4984
f 4995 5006 4994
f 4992 4994 4990
f 4934 4990 4940
f 4940 4994 4953
f 4994 4960 4953
f 5013 5015 5014
f 5014 5015 4930
f 5015 5016 4930
f 4930 5016 5017
f 5016 5018 5017
f 4914 5019 4913
f 4938 4913 5020
f 5020 4913 5019
f 4915 5017 5021
f 5021 5017 5018
f 4915 4913 5017
f 5022 4938 5023
f 4938 5020 5023
f 4986 4987 5022
f 5017 4913 4939
f 4938 5022 4987
f 4930 5017 4939
f 4939 4913 4938
f 4918 4933 4928
f 5014 5025 5024
f 4933 4918 4932
f 4932 4918 5014
f 5014 4918 5025
f 4918 4916 5025
f 4932 5014 4930
f 5013 5014 5024
f 4987 4936 4938
f 4987 4989 4936
f 4989 4935 4936
f 4939 4941 4930
f 4946 4943 4937
f 4937 4943 4941
f 4980 5026 4968
f 5026 4970 4968
f 4947 4946 5027
f 5027 4946 5028
f 4946 4953 5028
f 5028 4953 4958
f 4958 4953 4956
f 4973 4972 5029
f 4972 5008 5029
f 5029 5008 5030
f 5030 5008 5031
f 5008 5009 5031
f 5031 5009 5032
f 5032 5009 5033
f 5009 5007 5033
f 5033 5007 5034
f 5007 5010 5034
f 5034 5010 5035
f 5035 5010 5036
f 5010 5003 5036
f 5036 5003 5037
f 5003 5004 5037
f 5037 5004 5038
f 4988 4989 4987
f 4912 4837 4980
f 4837 5026 4980
f 4899 4905 4978
f 4978 4905 4979
f 4905 4912 4979
f 4912 4980 4979
f 4897 4899 4977
f 4899 4978 4977
f 4896 4897 4975
f 4975 4897 4976
f 4897 4977 4976
f 5039 4888 4974
f 4888 4896 4974
f 4974 4896 4975
f 5039 4974 4973
f 4886 4888 5029
f 4888 5039 5029
f 5029 5039 4973
f 5033 4883 5032
f 5032 4883 5031
f 4883 4886 5031
f 5031 4886 5030
f 4886 5029 5030
f 4883 5033 4879
f 5033 5034 4879
f 4879 5034 4874
f 5034 5035 4874
f 4874 5035 4869
f 5035 5036 4869
f 5036 5037 4869
f 4869 5037 4868
f 5037 5038 4868
f 5040 1858 1823
f 1867 5041 1869
f 1869 5041 158
f 1826 5042 1828
f 1828 5042 1830
f 1834 5043 1832
f 1832 5044 1831
f 1842 5045 1846
f 1846 5045 1844
f 5046 1996 1992
f 5047 1984 1983
f 1980 5048 1983
f 5041 1949 158
f 1948 5049 1951
f 1958 1953 5050
f 5050 1957 1958
f 5049 5050 1951
f 5050 1953 1951
f 5051 5053 5052
f 1966 5055 5054
f 5056 5055 1964
f 1964 5055 1970
f 1970 5055 1967
f 5055 1966 1967
f 1979 1975 5057
f 5057 1975 1977
f 5054 5057 1977
f 1966 5054 1972
f 5054 1977 1972
f 1957 5050 1961
f 5050 5056 1961
f 1961 5056 1965
f 5056 1964 1965
f 5058 5060 5059
f 5051 5061 5057
f 5061 5058 5057
f 5058 5047 5057
f 5058 5059 5047
f 5048 5057 5047
f 5048 5047 1983
f 5046 1989 1986
f 5046 1992 1991
f 5047 5059 5046
f 5046 1991 1989
f 5047 5046 1984
f 1984 5046 1986
f 5059 5063 5062
f 5060 5064 5059
f 5059 5064 5063
f 1996 5046 5062
f 2000 1998 5062
f 1996 5062 1995
f 1995 5062 1998
f 5059 5062 5046
f 2003 5065 2006
f 5062 5065 2000
f 2000 5065 2003
f 5066 5068 5067
f 5068 5069 5067
f 5069 5070 5067
f 5067 5070 5064
f 5070 5071 5064
f 5064 5071 5063
f 5071 5072 5063
f 5063 5072 5065
f 5072 5073 5065
f 5073 5074 5065
f 1842 1841 5045
f 1837 5044 1836
f 1851 5075 1850
f 1850 5075 5076
f 5077 5079 5078
f 5079 5080 5078
f 5075 1851 1844
f 5061 5077 5081
f 5077 5076 5079
f 5079 5076 5080
f 5076 5075 5080
f 5080 5045 5082
f 5082 5083 5080
f 5083 5084 5080
f 5081 5078 5084
f 5078 5080 5084
f 5045 1841 5044
f 1841 1836 5044
f 5081 5077 5078
f 5080 5075 5045
f 5075 1844 5045
f 1835 5043 1834
f 1831 5044 1837
f 5083 5066 5084
f 5060 5081 5067
f 5066 5083 5085
f 1832 5043 5044
f 5044 5085 5082
f 5082 5085 5083
f 5084 5067 5081
f 5060 5058 5081
f 5066 5085 5086
f 5085 5044 5087
f 5044 5042 5087
f 5043 1830 5042
f 5067 5084 5066
f 5086 5085 5087
f 5044 5043 5042
f 5043 1835 1830
f 5044 5082 5045
f 5081 5058 5061
f 1865 1862 5049
f 5049 1862 5050
f 1862 1863 5050
f 5050 1863 5088
f 1863 1860 5088
f 1823 1824 5040
f 5052 5040 1857
f 1857 5040 1824
f 1858 5088 1861
f 1861 5088 1860
f 1858 5040 5088
f 1853 5052 1852
f 5052 1857 1852
f 1855 5089 1853
f 5088 5040 5053
f 5052 1853 5089
f 5053 5040 5052
f 5089 1855 5076
f 5041 1948 1949
f 5049 1820 1821
f 1948 5041 5049
f 5049 5041 1820
f 5041 1867 1820
f 1865 5049 1821
f 5051 5052 5089
f 5053 5056 5088
f 5057 5054 5051
f 5051 5054 5053
f 5054 5055 5053
f 5053 5055 5056
f 5056 5050 5088
f 5074 485 5065
f 485 2006 5065
f 5057 5048 1979
f 5048 1980 1979
f 5060 5067 5064
f 5068 5066 5090
f 5066 5086 5090
f 5090 5086 5091
f 5091 5086 5092
f 5086 5087 5092
f 5092 5087 5093
f 5093 5087 5094
f 5087 5042 5094
f 5094 5042 5095
f 5095 5042 5096
f 5096 5042 476
f 5042 1826 476
f 5065 5062 5063
f 5061 5051 5077
f 5051 5089 5077
f 5077 5089 5076
f 5076 1855 1850
f 2144 5097 2148
f 5097 2151 2150
f 2167 5098 2171
f 2171 5098 429
f 2111 5099 2110
f 2116 5100 2121
f 5098 2013 429
f 2015 5101 2014
f 2016 2014 5101
f 5101 5103 5102
f 5104 5106 5105
f 5105 5107 5104
f 5105 5108 5107
f 2019 5110 5109
f 5102 5110 2018
f 2018 5110 2021
f 2021 5110 2020
f 5110 2019 2020
f 5111 5105 5106
f 2022 5111 2026
f 2022 2023 5111
f 5111 2023 5109
f 2023 2024 5109
f 5109 2024 2019
f 5111 5106 5112
f 2016 5101 2017
f 5101 5102 2017
f 5102 2018 2017
f 5113 5112 5106
f 5114 5112 5113
f 5115 2028 5114
f 5115 2029 2028
f 2012 5114 2011
f 5114 2028 2011
f 5116 5118 5117
f 5116 5119 5118
f 2030 5117 2010
f 5117 2009 2010
f 5113 5120 5115
f 5120 5116 5115
f 5116 5117 5115
f 5121 5122 5119
f 5119 5122 5118
f 5118 5122 5123
f 5124 5121 5119
f 5123 2031 5117
f 2031 5123 2032
f 2009 5117 2031
f 5113 5115 5114
f 5115 5117 2029
f 5117 2030 2029
f 5125 5127 5126
f 5126 5127 5124
f 5127 5128 5124
f 5128 5129 5124
f 5124 5129 5121
f 5129 5130 5121
f 5130 5131 5121
f 5131 5132 5121
f 5121 5132 5122
f 5132 5133 5122
f 5133 5134 5122
f 5122 5134 5123
f 5134 5135 5123
f 5135 5136 5123
f 2126 2127 5137
f 2122 2123 5138
f 2135 5139 2137
f 2137 5139 5140
f 5139 5141 5140
f 5140 5141 5142
f 5142 5141 5143
f 5143 5144 5104
f 5145 5144 5146
f 5144 5143 5147
f 5143 5148 5147
f 5139 2135 5137
f 5137 2135 2131
f 5143 5141 5148
f 5148 5141 5139
f 5137 2133 2126
f 5149 5150 5148
f 5150 5151 5148
f 5148 5151 5147
f 5146 5147 5152
f 5148 5137 5149
f 5137 2127 5149
f 5149 2127 5138
f 2127 2122 5138
f 5146 5144 5147
f 5148 5139 5137
f 5137 2131 2133
f 2121 5138 2120
f 2117 5100 2116
f 2120 5138 2123
f 5151 5152 5147
f 5153 5152 5126
f 5126 5152 5151
f 5151 5150 5154
f 2121 5100 5138
f 5138 5100 5149
f 5100 5150 5149
f 5153 5120 5145
f 5120 5113 5145
f 5126 5151 5155
f 5155 5151 5154
f 5100 2113 5099
f 5099 2113 2110
f 5126 5124 5153
f 5120 5156 5116
f 5156 5153 5124
f 5154 5150 5157
f 5157 5100 5099
f 5120 5153 5156
f 5150 5100 5157
f 5100 2117 2113
f 5152 5153 5146
f 5153 5145 5146
f 5106 5145 5113
f 2158 2156 5103
f 5103 2156 5158
f 2156 2154 5158
f 5159 2162 2160
f 2150 2147 5097
f 2148 5097 2147
f 2151 5158 2155
f 2155 5158 2154
f 2151 5097 5158
f 5097 2144 2142
f 2139 5140 2140
f 5158 5097 5108
f 2142 2140 5140
f 5103 5158 5102
f 2142 5140 5142
f 5098 2015 2013
f 5159 2166 2162
f 2015 5098 5101
f 5101 5098 5159
f 5159 5098 2166
f 5098 2167 2166
f 5101 5159 5103
f 2158 5103 2160
f 2160 5103 5159
f 5158 5108 5102
f 5097 5107 5108
f 2142 5142 5104
f 5097 2142 5107
f 2142 5104 5107
f 5111 5109 5105
f 5105 5109 5108
f 5109 5110 5108
f 5108 5110 5102
f 475 2033 5160
f 5160 2033 5123
f 2033 2032 5123
f 2026 5111 2025
f 2025 5111 2027
f 5111 5112 2027
f 5112 5114 2027
f 2027 5114 2012
f 5116 5156 5119
f 5156 5124 5119
f 5125 5126 5161
f 5126 5155 5161
f 5161 5155 5162
f 5162 5155 5163
f 5163 5155 5164
f 5155 5154 5164
f 5164 5154 5165
f 5165 5154 5166
f 5166 5154 5167
f 5154 5157 5167
f 5167 5157 5168
f 5168 5157 5169
f 5169 5157 5170
f 5157 5099 5170
f 5170 5099 471
f 5099 2111 471
f 5160 5123 5136
f 5123 5117 5118
f 5106 5104 5145
f 5145 5104 5144
f 5104 5142 5143
f 5140 2139 2137
f 476 474 5171
f 476 5171 5096
f 5096 5171 5095
f 5171 5172 5095
f 5095 5172 5094
f 5172 5173 5094
f 5094 5173 5093
f 5173 5174 5093
f 5093 5174 5092
f 5092 5174 5091
f 5174 5175 5091
f 5091 5175 5090
f 5175 5176 5090
f 5090 5176 5068
f 5068 5176 5069
f 5176 5177 5069
f 5177 5178 5069
f 5069 5178 5070
f 5070 5178 5071
f 5178 5179 5071
f 5071 5179 5072
f 5179 5180 5072
f 5180 5181 5072
f 5072 5181 5073
f 5073 5181 5074
f 5181 483 5074
f 483 485 5074
f 5182 474 5136
f 5136 474 5160
f 474 475 5160
f 5183 5184 5133
f 5133 5184 5134
f 5184 5185 5134
f 5134 5185 5135
f 5185 5182 5135
f 5182 5136 5135
f 5186 5183 5131
f 5131 5183 5132
f 5183 5133 5132
f 5187 5186 5129
f 5129 5186 5130
f 5186 5131 5130
f 5188 5189 5128
f 5189 5187 5128
f 5128 5187 5129
f 5190 5188 5127
f 5188 5128 5127
f 5191 5192 5162
f 5162 5192 5161
f 5192 5190 5161
f 5161 5190 5125
f 5190 5127 5125
f 5166 5193 5165
f 5165 5193 5164
f 5193 5191 5164
f 5164 5191 5163
f 5191 5162 5163
f 5193 5166 5194
f 5166 5167 5194
f 5194 5167 5195
f 5195 5167 5196
f 5167 5168 5196
f 5196 5168 5197
f 5168 5169 5197
f 5197 5169 5198
f 5169 5170 5198
f 5170 471 5198
f 5198 471 473
f 483 5200 5199
f 483 5181 5200
f 5200 5201 5199
f 5202 5181 5180
f 5200 5203 5201
f 5204 5180 5179
f 5200 5205 5203
f 5204 5179 5178
f 5204 5206 5200
f 5200 5206 5205
f 5206 5207 5205
f 5208 5206 5204
f 5206 5209 5207
f 5206 5210 5209
f 5206 5211 5210
f 5208 5212 5206
f 5206 5213 5211
f 5214 5176 5175
f 5212 5215 5206
f 5206 5216 5213
f 5212 5217 5215
f 5206 5215 5216
f 5215 5218 5216
f 5214 5175 5174
f 5219 5217 5212
f 5215 5220 5218
f 5220 5221 5218
f 5220 5222 5221
f 5214 5174 5173
f 5217 5220 5215
f 5220 5223 5222
f 5224 5173 5172
f 5220 5225 5223
f 5226 5172 5171
f 5227 5229 5228
f 5229 5230 5219
f 5219 5230 5217
f 5220 5231 5225
f 474 5226 5171
f 5172 5226 5224
f 5173 5224 5214
f 5224 5226 5227
f 5226 474 5227
f 5176 5214 5232
f 5176 5232 5177
f 5178 5177 5233
f 5214 5224 5219
f 5219 5224 5227
f 5178 5233 5204
f 5232 5214 5177
f 5177 5214 5212
f 5212 5214 5219
f 5219 5227 5228
f 5180 5204 5202
f 5204 5233 5208
f 5233 5177 5208
f 5220 5234 5231
f 474 5182 5227
f 5182 5185 5227
f 5227 5185 5229
f 5185 5184 5229
f 5184 5183 5229
f 5183 5186 5229
f 5229 5186 5230
f 5186 5187 5230
f 5187 5189 5230
f 5230 5189 5217
f 5189 5188 5217
f 5188 5190 5217
f 5190 5192 5217
f 5192 5191 5217
f 5191 5193 5217
f 5193 5194 5217
f 5217 5194 5220
f 5194 5195 5220
f 5195 5196 5220
f 5196 5197 5220
f 5197 5198 5220
f 5220 5198 5234
f 5198 473 5234
f 5181 5202 5200
f 5200 5202 5204
f 5177 5212 5208
f 5219 5228 5229
f 5235 2237 2236
f 2245 5236 2246
f 2246 5236 433
f 2226 5237 2225
f 5236 2170 433
f 2169 5238 2168
f 2163 2165 5239
f 5239 2165 5238
f 5239 2161 2163
f 5238 2165 2168
f 5240 5242 5241
f 5240 5243 5242
f 5243 5244 5242
f 5245 5246 2153
f 2153 5246 2152
f 5246 2149 2152
f 5247 5249 5248
f 5249 5250 5248
f 5250 2141 5248
f 2145 5248 2143
f 5248 2141 2143
f 2146 2149 5247
f 5247 2149 5246
f 5250 5249 5240
f 2161 5239 2164
f 2164 5239 2157
f 5239 5244 2157
f 5244 5245 2157
f 2157 5245 2159
f 5245 2153 2159
f 5240 5251 5250
f 2146 5247 2145
f 2145 5247 5248
f 5252 5250 5251
f 5253 2130 5252
f 2130 5253 2129
f 5253 5254 2129
f 2129 5254 2134
f 5254 2128 2134
f 5252 2130 2132
f 5255 5257 5256
f 5256 5258 5254
f 5254 2124 2125
f 5258 2118 5254
f 2118 2119 5254
f 5254 2119 2124
f 5255 5256 5251
f 5257 5259 5256
f 5259 5258 5256
f 5260 5259 5257
f 2114 5258 2112
f 2118 5258 2115
f 2115 5258 2114
f 5252 5251 5253
f 5251 5256 5253
f 5253 5256 5254
f 5254 2125 2128
f 5261 5263 5262
f 5262 5263 5264
f 5263 5265 5264
f 5265 5266 5264
f 5264 5266 5260
f 5266 5267 5260
f 5260 5267 5259
f 5267 5268 5259
f 5268 5269 5259
f 5269 5270 5259
f 5259 5270 5258
f 5270 5271 5258
f 5271 5272 5258
f 5272 5273 5258
f 2230 2229 5274
f 2225 5237 2228
f 2233 5275 2232
f 5276 5278 5277
f 5277 5278 5279
f 5279 5280 5240
f 5278 5276 5281
f 5281 5276 5274
f 5276 2233 5274
f 5274 2233 2231
f 5275 2233 5276
f 5280 5278 5282
f 5237 5283 5274
f 5282 5278 5281
f 5274 2229 5237
f 2229 2228 5237
f 5280 5279 5278
f 5281 5274 5283
f 5274 2231 2230
f 5237 5284 5283
f 5285 5282 5281
f 5282 5286 5280
f 5282 5285 5262
f 5287 5285 5288
f 5288 5285 5284
f 2227 5289 2226
f 2226 5289 5237
f 5289 5284 5237
f 5284 5285 5283
f 5284 5291 5290
f 5291 5289 5292
f 5292 2224 2223
f 2222 5292 2223
f 5262 5264 5282
f 5264 5260 5282
f 5260 5257 5286
f 5288 5284 5290
f 5255 5280 5286
f 5286 5282 5260
f 5284 5289 5291
f 5289 2227 5292
f 5292 2227 2224
f 5283 5285 5281
f 5280 5255 5240
f 2244 2240 5293
f 5293 2240 5239
f 2240 2241 5239
f 5239 2241 5294
f 2241 2242 5294
f 2234 5235 2236
f 2237 5295 2239
f 5295 5294 2239
f 2239 5294 2238
f 5294 2242 2238
f 2237 5235 5295
f 2235 5235 2234
f 2232 5275 2235
f 5277 5235 5275
f 5235 2235 5275
f 5239 5294 5296
f 5296 5294 5295
f 5295 5235 5277
f 5236 2169 2170
f 2169 5236 5238
f 5238 5236 5293
f 5293 5236 2243
f 5236 2245 2243
f 5238 5293 5239
f 2244 5293 2243
f 5295 5297 5296
f 5277 5297 5295
f 5297 5277 5241
f 5275 5276 5277
f 5241 5277 5279
f 5244 5296 5297
f 5241 5242 5297
f 5297 5242 5244
f 5249 5247 5240
f 5240 5247 5243
f 5247 5246 5243
f 5246 5245 5243
f 5243 5245 5244
f 5239 5296 5244
f 5273 470 5258
f 470 2112 5258
f 2141 5250 2138
f 2138 5250 2136
f 5250 5252 2136
f 2136 5252 2132
f 5255 5286 5257
f 5261 5262 5298
f 5298 5262 5299
f 5262 5285 5299
f 5299 5285 5300
f 5285 5287 5300
f 5300 5287 5301
f 5287 5288 5301
f 5301 5288 5302
f 5302 5288 5303
f 5288 5290 5303
f 5303 5290 5304
f 5304 5290 5305
f 5290 5291 5305
f 5305 5291 5306
f 5306 5291 5307
f 5291 5292 5307
f 5307 5292 5308
f 5308 5292 5309
f 5309 5292 5310
f 5292 2222 5310
f 5310 2222 481
f 5251 5240 5255
f 5240 5241 5279
f 472 5311 473
f 473 5311 5234
f 5311 5312 5234
f 5234 5312 5231
f 5312 5313 5231
f 5231 5313 5225
f 5313 5314 5225
f 5225 5314 5223
f 5314 5315 5223
f 5223 5315 5222
f 5315 5316 5222
f 5222 5316 5221
f 5316 5317 5221
f 5221 5317 5218
f 5317 5318 5218
f 5218 5318 5216
f 5318 5319 5216
f 5216 5319 5213
f 5319 5320 5213
f 5213 5320 5211
f 5320 5321 5211
f 5211 5321 5210
f 5321 5322 5210
f 5210 5322 5209
f 5322 5323 5209
f 5209 5323 5207
f 5323 5324 5207
f 5207 5324 5205
f 5324 5325 5205
f 5205 5325 5203
f 5325 5326 5203
f 5203 5326 5201
f 5326 5327 5201
f 5201 5327 5199
f 5327 482 5199
f 5199 482 483
f 481 480 5310
f 5310 480 5328
f 5310 5328 5309
f 5309 5328 5308
f 5328 5329 5308
f 5308 5329 5307
f 5329 5330 5307
f 5307 5330 5306
f 5306 5330 5305
f 5330 5331 5305
f 5305 5331 5304
f 5331 5332 5304
f 5304 5332 5303
f 5332 5333 5303
f 5303 5333 5302
f 5302 5333 5301
f 5333 5334 5301
f 5301 5334 5300
f 5300 5334 5299
f 5334 5335 5299
f 5299 5335 5298
f 5335 5336 5298
f 5298 5336 5261
f 5261 5336 5263
f 5336 5337 5263
f 5263 5337 5265
f 5265 5337 5266
f 5337 5338 5266
f 5338 5339 5266
f 5266 5339 5267
f 5267 5339 5268
f 5339 5340 5268
f 5268 5340 5269
f 5269 5340 5270
f 5340 5341 5270
f 5270 5341 5271
f 5341 5342 5271
f 5342 5343 5271
f 5271 5343 5272
f 5343 5344 5272
f 5272 5344 5273
f 5344 472 5273
f 472 470 5273
f 482 5346 5345
f 482 5327 5346
f 5327 5326 5346
f 5346 5347 5345
f 5346 5326 5325
f 5346 5348 5347
f 5346 5325 5324
f 5346 5349 5348
f 5349 5350 5348
f 5351 5324 5323
f 5352 5349 5346
f 5351 5323 5322
f 5349 5353 5350
f 5354 5322 5321
f 5349 5355 5353
f 5356 5321 5320
f 5349 5357 5355
f 5356 5320 5319
f 5352 5358 5349
f 5349 5359 5357
f 5359 5360 5357
f 5356 5319 5318
f 5358 5359 5349
f 5356 5318 5317
f 5359 5361 5360
f 5356 5317 5316
f 5362 5352 5351
f 5359 5363 5361
f 5364 5316 5315
f 5359 5365 5363
f 5365 5366 5363
f 5364 5315 5314
f 5362 5367 5352
f 5352 5368 5358
f 5358 5368 5359
f 5365 5369 5366
f 5364 5314 5313
f 5368 5370 5359
f 5359 5370 5365
f 5365 5370 5369
f 5370 5371 5369
f 5364 5313 5312
f 5372 5367 5362
f 5367 5368 5352
f 472 5372 5311
f 5311 5372 5312
f 5312 5372 5364
f 5316 5364 5356
f 5321 5356 5354
f 5322 5354 5351
f 5351 5364 5362
f 5354 5356 5351
f 5356 5364 5351
f 5324 5351 5346
f 5364 5372 5362
f 5370 5373 5371
f 472 5344 5372
f 5344 5343 5372
f 5372 5343 5367
f 5343 5342 5367
f 5342 5341 5367
f 5341 5340 5367
f 5340 5339 5367
f 5339 5338 5367
f 5338 5337 5367
f 5367 5337 5368
f 5337 5336 5368
f 5336 5335 5368
f 5335 5334 5368
f 5334 5333 5368
f 5368 5333 5370
f 5333 5332 5370
f 5332 5331 5370
f 5331 5330 5370
f 5330 5329 5370
f 5329 5328 5370
f 5370 5328 5373
f 5328 480 5373
f 5346 5351 5352
f 5374 1968 1973
f 2008 5375 2007
f 2007 5375 2005
f 2004 5376 2002
f 2002 5377 1999
f 1990 5378 1988
f 5379 2054 130
f 2058 5380 2057
f 2059 2056 5380
f 5380 5382 5381
f 5380 2061 2059
f 5380 2056 2057
f 5383 5385 5384
f 5386 5387 5383
f 5387 5385 5383
f 5381 5388 2068
f 2068 5388 2070
f 5388 2069 2070
f 5389 5386 5390
f 2077 5390 2078
f 2078 5390 2083
f 2072 2073 5389
f 2073 2069 5389
f 5389 2069 5388
f 2061 5380 2065
f 2065 5380 2064
f 5380 5381 2064
f 2064 5381 2067
f 5381 2068 2067
f 5391 5393 5392
f 5392 5393 5394
f 5395 5396 5386
f 5386 5396 5390
f 2072 5389 2077
f 2077 5389 5390
f 5397 5396 5395
f 5398 2091 5397
f 2091 5398 2090
f 2090 5398 2089
f 5398 5399 2089
f 2089 5399 2094
f 5399 2095 2094
f 2087 5397 2085
f 5397 2091 2085
f 5394 5400 5392
f 5401 5402 5394
f 5394 5402 5400
f 5399 2096 2097
f 2100 2101 5403
f 5403 2101 5404
f 2101 2051 5404
f 5399 5404 2096
f 2096 5404 2052
f 5404 2051 2052
f 5395 5392 5398
f 5392 5400 5398
f 5398 5400 5399
f 5400 5404 5399
f 5400 5405 5404
f 5402 5406 5400
f 5400 5406 5405
f 5407 5402 5401
f 5405 2102 5403
f 2102 5405 2107
f 2100 5403 2103
f 2103 5403 2102
f 5397 5395 5398
f 5399 2097 2095
f 5408 5409 5407
f 5409 5410 5407
f 5410 5411 5407
f 5407 5411 5402
f 5411 5412 5402
f 5412 5413 5402
f 5402 5413 5406
f 5413 5414 5406
f 5406 5414 5405
f 5414 5415 5405
f 5415 5416 5405
f 1990 1997 5378
f 1994 5378 1993
f 1985 5417 1982
f 5417 5419 5418
f 5419 5420 5418
f 5421 5391 5420
f 5421 5420 5419
f 5419 5422 1987
f 5422 1985 1987
f 5419 5417 5422
f 5417 1985 5422
f 5421 5419 5423
f 5419 5424 5423
f 5424 5425 5423
f 5423 5426 5421
f 5426 5393 5421
f 1997 1993 5378
f 5419 1987 5424
f 5424 1987 5378
f 1987 1988 5378
f 1999 5377 2001
f 5377 5427 5424
f 5425 5428 5423
f 5428 5426 5423
f 5426 5429 5393
f 5426 5428 5408
f 2002 5376 5377
f 5376 5427 5377
f 5427 5425 5424
f 5401 5426 5408
f 5428 5425 5430
f 5425 5427 5431
f 5431 5376 5375
f 5394 5429 5401
f 5401 5408 5407
f 5430 5425 5431
f 5394 5393 5429
f 5429 5426 5401
f 5427 5376 5431
f 5376 2004 5375
f 5375 2004 2005
f 2001 5377 1994
f 1994 5377 5378
f 5377 5424 5378
f 5421 5393 5391
f 5391 5392 5395
f 1950 1954 130
f 5379 130 1954
f 1956 1960 5432
f 1960 1962 5432
f 1973 1971 5374
f 1976 5374 1971
f 1968 5433 1969
f 1969 5433 1963
f 5433 5432 1963
f 1963 5432 1962
f 1968 5374 5433
f 5374 1976 5434
f 1978 5434 1974
f 5434 1976 1974
f 1981 5434 1978
f 5433 5374 5385
f 5432 5433 5435
f 5435 5433 5385
f 5434 1981 5417
f 5432 5382 5436
f 1952 5379 1954
f 5379 2058 2054
f 5432 5436 1955
f 5436 1959 1955
f 2058 5379 5380
f 5380 5379 5436
f 5436 5379 1959
f 5379 1952 1959
f 5380 5436 5382
f 1956 5432 1955
f 5432 5435 5382
f 5374 5384 5385
f 5434 5418 5384
f 5384 5418 5437
f 5434 5417 5418
f 5418 5420 5437
f 5434 5384 5374
f 5383 5384 5437
f 5385 5381 5435
f 5386 5389 5387
f 5389 5388 5387
f 5387 5388 5385
f 5385 5388 5381
f 5381 5382 5435
f 478 2109 5416
f 5416 2109 5405
f 2109 2107 5405
f 2083 5390 2082
f 2082 5390 2081
f 5390 5396 2081
f 2081 5396 2088
f 2088 5396 2087
f 2087 5396 5397
f 5409 5408 5438
f 5408 5428 5438
f 5428 5430 5438
f 5438 5430 5439
f 5439 5430 5440
f 5440 5430 5441
f 5430 5431 5441
f 5441 5431 5442
f 5442 5431 5443
f 5431 5375 5443
f 5443 5375 5444
f 5444 5375 5445
f 5445 5375 484
f 5375 2008 484
f 5405 5403 5404
f 5395 5386 5391
f 5386 5383 5391
f 5383 5437 5391
f 5391 5437 5420
f 5417 1981 1982
f 5373 480 5416
f 480 478 5416
f 5369 5371 5414
f 5414 5371 5415
f 5371 5373 5415
f 5415 5373 5416
f 5366 5369 5413
f 5369 5414 5413
f 5363 5366 5412
f 5366 5413 5412
f 5360 5361 5410
f 5361 5363 5410
f 5410 5363 5411
f 5363 5412 5411
f 5360 5410 5409
f 5355 5357 5438
f 5357 5360 5438
f 5438 5360 5409
f 5441 5353 5440
f 5353 5355 5440
f 5440 5355 5439
f 5355 5438 5439
f 5353 5441 5350
f 5441 5442 5350
f 5350 5442 5348
f 5442 5443 5348
f 5348 5443 5347
f 5443 5444 5347
f 5347 5444 5345
f 5444 5445 5345
f 5445 484 5345
f 5345 484 482
f 5446 5448 5447
f 5449 5451 5450
f 5452 5454 5453
f 5453 5454 76
f 5455 5457 5456
f 5456 5457 5458
f 5459 5461 5460
f 5462 5464 5463
f 5454 5465 76
f 5466 5468 5467
f 5469 5467 5468
f 5468 5470 5469
f 5471 5473 5472
f 5474 5476 5475
f 5476 5473 5475
f 5472 5478 5477
f 5477 5478 5479
f 5476 5481 5480
f 5481 5482 5480
f 5483 5479 5480
f 5480 5479 5478
f 5470 5468 5484
f 5484 5468 5485
f 5468 5472 5485
f 5472 5477 5485
f 5474 5486 5476
f 5487 5489 5488
f 5476 5486 5481
f 5483 5480 5482
f 5490 5491 5489
f 5491 5490 5492
f 5489 5491 5493
f 5488 5494 5487
f 5487 5494 5495
f 5490 5497 5496
f 5496 5497 5498
f 5497 5499 5498
f 5489 5487 5490
f 5487 5495 5490
f 5495 5497 5490
f 5495 5500 5497
f 5501 5502 5497
f 5502 5501 5503
f 5499 5497 5502
f 5490 5496 5492
f 5504 5506 5505
f 5505 5506 5507
f 5506 5508 5507
f 5508 5509 5507
f 5507 5509 5494
f 5509 5510 5494
f 5510 5511 5494
f 5494 5511 5495
f 5511 5512 5495
f 5495 5512 5500
f 5512 5513 5500
f 5513 5514 5500
f 5500 5514 5501
f 5514 5515 5501
f 5516 5518 5517
f 5519 5464 5520
f 5521 5523 5522
f 5524 5526 5525
f 5525 5527 5524
f 5527 5523 5528
f 5523 5521 5528
f 5528 5521 5529
f 5474 5526 5530
f 5526 5524 5530
f 5525 5531 5527
f 5531 5523 5527
f 5530 5524 5532
f 5524 5527 5533
f 5533 5527 5534
f 5534 5528 5517
f 5528 5535 5517
f 5517 5535 5516
f 5517 5536 5534
f 5536 5533 5534
f 5524 5533 5532
f 5517 5518 5464
f 5518 5520 5464
f 5527 5528 5534
f 5528 5529 5535
f 5537 5461 5459
f 5533 5538 5532
f 5532 5539 5530
f 5540 5539 5488
f 5533 5542 5541
f 5460 5461 5462
f 5462 5461 5464
f 5464 5461 5536
f 5536 5542 5533
f 5538 5539 5532
f 5539 5540 5530
f 5507 5539 5505
f 5533 5541 5543
f 5542 5461 5457
f 5457 5544 5458
f 5488 5539 5507
f 5505 5538 5543
f 5538 5533 5543
f 5539 5538 5505
f 5536 5461 5542
f 5461 5537 5457
f 5457 5537 5544
f 5463 5464 5519
f 5464 5536 5517
f 5530 5540 5474
f 5540 5488 5486
f 5545 5452 5546
f 5547 5549 5548
f 5549 5550 5548
f 5548 5550 5471
f 5550 5551 5471
f 5552 5554 5553
f 5450 5555 5449
f 5448 5449 5447
f 5447 5449 5556
f 5449 5555 5556
f 5451 5471 5557
f 5557 5471 5551
f 5451 5449 5471
f 5558 5448 5559
f 5448 5446 5559
f 5522 5448 5558
f 5471 5449 5473
f 5473 5449 5448
f 5531 5448 5523
f 5448 5522 5523
f 5452 5545 5454
f 5454 5545 5465
f 5545 5466 5465
f 5552 5560 5554
f 5466 5545 5468
f 5468 5545 5552
f 5552 5545 5560
f 5545 5546 5560
f 5547 5548 5553
f 5553 5548 5552
f 5448 5561 5473
f 5448 5531 5561
f 5531 5525 5561
f 5525 5475 5561
f 5561 5475 5473
f 5480 5478 5476
f 5476 5478 5473
f 5473 5478 5472
f 5468 5552 5472
f 5552 5548 5472
f 5472 5548 5471
f 5515 5562 5501
f 5562 5503 5501
f 5482 5481 5563
f 5481 5486 5563
f 5563 5486 5493
f 5493 5486 5489
f 5489 5486 5488
f 5488 5507 5494
f 5504 5505 5564
f 5505 5543 5564
f 5564 5543 5565
f 5565 5543 5566
f 5543 5541 5566
f 5566 5541 5567
f 5567 5541 5568
f 5541 5542 5568
f 5568 5542 5569
f 5542 5457 5569
f 5569 5457 5570
f 5570 5457 5571
f 5457 5455 5571
f 5571 5455 5572
f 5501 5497 5500
f 5486 5474 5540
f 5474 5475 5526
f 5526 5475 5525
f 5573 5572 5574
f 5572 5573 5571
f 5573 5575 5571
f 5571 5575 5570
f 5575 5576 5570
f 5570 5576 5569
f 5576 5577 5569
f 5569 5577 5568
f 5568 5577 5567
f 5577 5578 5567
f 5567 5578 5579
f 5567 5579 5566
f 5579 5580 5566
f 5566 5580 5565
f 5580 5581 5565
f 5565 5581 5564
f 5564 5581 5504
f 5581 5582 5504
f 5504 5582 5583
f 5504 5583 5506
f 5583 5584 5506
f 5506 5584 5508
f 5584 5585 5508
f 5585 5586 5508
f 5508 5586 5509
f 5513 5512 5587
f 5587 5512 5588
f 5588 5512 5589
f 5512 5511 5589
f 5589 5511 5590
f 5590 5511 5591
f 5511 5510 5591
f 5591 5510 5592
f 5592 5510 5593
f 5510 5509 5593
f 5593 5509 5594
f 5509 5586 5594
f 5562 5515 5595
f 5595 5515 5596
f 5596 5515 5597
f 5515 5514 5597
f 5597 5514 5598
f 5514 5513 5598
f 5598 5513 5599
f 5513 5587 5599
f 5600 5573 5574
f 5600 5601 5573
f 5573 5601 5575
f 5601 5602 5575
f 5575 5602 5576
f 5602 5603 5576
f 5576 5603 5577
f 5603 5604 5577
f 5577 5604 5578
f 5604 5605 5578
f 5578 5605 5579
f 5605 5606 5579
f 5579 5606 5580
f 5606 5607 5580
f 5580 5607 5581
f 5607 5608 5581
f 5581 5608 5582
f 5608 5609 5582
f 5582 5609 5583
f 5609 5610 5583
f 5610 5611 5583
f 5583 5611 5584
f 5611 5612 5584
f 5584 5612 5585
f 5612 5613 5585
f 5585 5613 5586
f 5613 5614 5586
f 5586 5614 5594
f 5594 5614 5593
f 5614 5615 5593
f 5593 5615 5592
f 5615 5616 5592
f 5616 5617 5592
f 5592 5617 5591
f 5617 5618 5591
f 5591 5618 5590
f 5618 5619 5590
f 5590 5619 5589
f 5619 5620 5589
f 5597 5598 5621
f 5621 5598 5622
f 5598 5599 5622
f 5622 5599 5623
f 5599 5587 5623
f 5623 5587 5620
f 5587 5588 5620
f 5620 5588 5589
f 5595 5596 5624
f 5624 5596 5625
f 5596 5597 5625
f 5625 5597 5626
f 5597 5621 5626
f 5627 5629 5628
f 5630 5632 5631
f 5633 5635 5634
f 5636 5635 5637
f 5638 5640 5639
f 5641 5643 5642
f 5644 5646 5645
f 5647 5649 5648
f 5650 5649 5651
f 5651 5649 5652
f 5649 5653 5652
f 5654 5656 5655
f 5647 5658 5657
f 5653 5649 5654
f 5654 5649 5656
f 5649 5647 5656
f 5647 5648 5659
f 5659 5660 5647
f 5647 5660 5658
f 5661 5663 5662
f 5662 5665 5664
f 5656 5666 5655
f 5655 5666 5667
f 5656 5665 5666
f 5665 5668 5666
f 5668 5663 5669
f 5667 5666 5670
f 5670 5666 5671
f 5666 5668 5671
f 5671 5668 5669
f 5661 5673 5672
f 5673 5674 5672
f 5674 5675 5672
f 5673 5677 5676
f 5678 5680 5679
f 5679 5680 5681
f 5681 5680 5676
f 5674 5673 5676
f 5672 5663 5661
f 5663 5668 5662
f 5662 5668 5665
f 5682 5672 5675
f 5682 5663 5672
f 5683 5685 5684
f 5686 5687 5684
f 5684 5687 5683
f 5686 5688 5687
f 5688 5689 5687
f 5687 5689 5690
f 5689 5691 5690
f 5692 5662 5664
f 5691 5693 5690
f 5677 5673 5694
f 5694 5673 5695
f 5673 5696 5695
f 5695 5696 5697
f 5696 5698 5697
f 49 5700 5699
f 5679 5700 49
f 5696 5690 5698
f 5690 5693 5698
f 5701 5662 5692
f 5696 5673 5702
f 5643 5677 5642
f 5677 5694 5642
f 5679 5681 5700
f 5700 5681 5703
f 5677 5643 5681
f 5681 5643 5703
f 5643 5641 5703
f 5676 5677 5681
f 5661 5662 5702
f 5704 5706 5705
f 5705 5706 5707
f 5706 5708 5707
f 5708 5709 5707
f 5709 5710 5707
f 5710 5711 5707
f 5707 5711 5712
f 5713 5712 5711
f 5714 5716 5715
f 5715 5716 5717
f 5716 5712 5717
f 5717 5712 5718
f 5712 5713 5718
f 5719 5707 5720
f 5720 5707 5721
f 5707 5712 5721
f 5721 5712 5716
f 5722 5723 5631
f 5631 5723 5630
f 5635 5636 5634
f 5685 5683 5724
f 5724 5683 5725
f 5683 5701 5725
f 5725 5701 5633
f 5633 5701 5635
f 5726 5728 5727
f 5640 5714 5639
f 5696 5702 5690
f 5635 5726 5637
f 5726 5727 5637
f 5701 5683 5662
f 5683 5687 5662
f 5662 5687 5702
f 5687 5690 5702
f 5673 5661 5702
f 5630 5729 5632
f 5640 5730 5630
f 5630 5730 5731
f 5630 5731 5729
f 5731 5628 5729
f 5628 5731 5627
f 5732 5733 5646
f 5733 5734 5646
f 5734 5735 5646
f 5735 5736 5646
f 5736 5737 5646
f 5646 5737 5738
f 5737 5739 5738
f 5739 5740 5738
f 5738 5740 5741
f 5740 5742 5741
f 5742 5743 5741
f 5741 5743 5744
f 5743 5745 5744
f 5745 5746 5744
f 5744 5746 5627
f 5746 5629 5627
f 5732 5646 5747
f 5731 5730 5748
f 5747 5646 5644
f 5738 5741 5749
f 5744 5627 5750
f 5750 5627 5751
f 5627 5731 5751
f 5748 5730 5752
f 5730 5640 5752
f 5646 5738 5753
f 5738 5749 5753
f 5741 5744 5749
f 5744 5750 5749
f 5751 5731 5748
f 5721 5716 5630
f 5716 5640 5630
f 5720 5721 5754
f 5640 5726 5752
f 5726 5755 5752
f 5705 5707 5719
f 5640 5716 5714
f 5645 5646 5756
f 5748 5752 5658
f 5658 5752 5755
f 5751 5660 5750
f 5750 5659 5749
f 5756 5753 5649
f 5649 5753 5648
f 5648 5753 5659
f 5757 5756 5758
f 5758 5756 5650
f 5756 5649 5650
f 5659 5750 5660
f 5660 5748 5658
f 5656 5647 5665
f 5665 5647 5664
f 5647 5657 5664
f 5664 5657 5692
f 5645 5756 5757
f 5646 5753 5756
f 5753 5749 5659
f 5751 5748 5660
f 5658 5755 5657
f 5692 5755 5701
f 5701 5755 5635
f 5755 5726 5635
f 5726 5640 5728
f 5640 5638 5728
f 5678 5679 5759
f 5759 5679 49
f 5692 5657 5755
f 5630 5723 5721
f 5723 5722 5721
f 5721 5722 5754
f 5624 5625 5733
f 5625 5626 5733
f 5733 5626 5734
f 5626 5621 5734
f 5621 5622 5734
f 5734 5622 5735
f 5622 5623 5735
f 5735 5623 5736
f 5623 5620 5736
f 5620 5619 5736
f 5736 5619 5737
f 5619 5618 5737
f 5737 5618 5739
f 5618 5617 5739
f 5739 5617 5740
f 5745 5610 5746
f 5610 5745 5611
f 5611 5745 5612
f 5612 5745 5613
f 5745 5743 5613
f 5613 5743 5614
f 5743 5742 5614
f 5614 5742 5615
f 5742 5740 5615
f 5615 5740 5616
f 5740 5617 5616
f 5746 5610 5629
f 5610 5609 5629
f 5629 5609 5608
f 5629 5608 5628
f 5608 5607 5628
f 5628 5607 5729
f 5729 5607 5632
f 5607 5606 5632
f 5632 5606 5605
f 5605 5604 5632
f 5632 5604 5631
f 5631 5604 5722
f 5604 5603 5722
f 5722 5603 5754
f 5754 5603 5720
f 5603 5602 5720
f 5720 5602 5601
f 5720 5601 5719
f 5601 5600 5719
f 5719 5600 5705
f 5600 5704 5705
f 3020 3022 570
f 570 3022 550
f 3022 3024 550
f 550 3024 549
f 3024 3026 549
f 549 3026 563
f 3026 3028 563
f 563 3028 562
f 3028 3030 562
f 562 3030 560
f 3030 3032 560
f 560 3032 559
f 3032 3034 559
f 559 3034 561
f 3034 3036 561
f 561 3036 608
f 3036 3038 608
f 608 3038 3040
f 3056 3058 557
f 557 3058 3060
f 3060 3062 586
f 586 3062 585
f 3062 3064 585
f 585 3064 584
f 3064 3066 584
f 584 3066 3068
f 3074 3076 621
f 621 3076 3078
f 3100 3102 542
f 542 3102 596
f 3102 3104 596
f 596 3104 595
f 3104 3106 595
f 595 3106 3108
f 3126 3128 576
f 576 3128 575
f 3128 3130 575
f 575 3130 574
f 3130 3132 574
f 574 3132 573
f 3132 3134 573
f 573 3134 572
f 3134 3136 572
f 572 3136 546
f 3136 3138 546
f 546 3138 547
f 3138 3140 547
f 547 3140 548
f 3140 3142 548
f 548 3142 552
f 3142 3144 552
f 552 3144 3146
f 3154 3012 540
f 540 3012 566
f 3012 3014 566
f 566 3014 565
f 3014 3016 565
f 565 3016 564
f 3016 3018 564
f 564 3018 571
f 3018 3020 571
f 571 3020 570
f 608 3040 607
f 607 3040 591
f 3040 3042 591
f 591 3042 590
f 3042 3044 590
f 590 3044 606
f 3044 3046 606
f 606 3046 605
f 3046 3048 605
f 605 3048 604
f 3048 3050 604
f 604 3050 589
f 3050 3052 589
f 589 3052 588
f 3052 3054 588
f 588 3054 587
f 3054 3056 587
f 587 3056 557
f 557 3060 556
f 556 3060 586
f 584 3068 602
f 602 3068 614
f 3068 3070 614
f 614 3070 624
f 3070 3072 624
f 624 3072 622
f 3072 3074 622
f 622 3074 621
f 621 3078 554
f 554 3078 553
f 3078 3080 553
f 553 3080 611
f 3080 3082 611
f 611 3082 610
f 3082 3084 610
f 610 3084 609
f 3084 3086 609
f 609 3086 599
f 3086 3088 599
f 599 3088 598
f 3088 3090 598
f 598 3090 597
f 3090 3092 597
f 597 3092 569
f 3092 3094 569
f 569 3094 568
f 3094 3096 568
f 568 3096 567
f 3096 3098 567
f 567 3098 543
f 3098 3100 543
f 543 3100 542
f 595 3108 583
f 583 3108 582
f 3108 3110 582
f 582 3110 581
f 3110 3112 581
f 581 3112 594
f 3112 3114 594
f 594 3114 593
f 3114 3116 593
f 593 3116 592
f 3116 3118 592
f 592 3118 580
f 3118 3120 580
f 580 3120 579
f 3120 3122 579
f 579 3122 578
f 3122 3124 578
f 578 3124 577
f 3124 3126 577
f 577 3126 576
f 552 3146 551
f 551 3146 537
f 3146 3148 537
f 537 3148 536
f 3148 3150 536
f 536 3150 545
f 3150 3152 545
f 545 3152 541
f 3152 3154 541
f 541 3154 540
f 5760 5762 5761
f 5763 5765 5764
f 5766 5768 5767
f 5768 5770 5769
f 5769 5770 5771
f 5772 5774 5773
f 5775 5777 5776
f 5778 5780 5779
f 5781 5783 5782
f 539 5783 5784
f 5785 5787 5786
f 5788 5786 5789
f 5790 5791 5787
f 5791 5792 5787
f 5787 5794 5793
f 5791 5790 5795
f 5790 5796 5780
f 5780 5796 5797
f 5798 5792 5791
f 5795 5790 5780
f 5787 5792 5794
f 5794 5792 5799
f 5799 5792 5798
f 5789 5786 5793
f 5793 5786 5787
f 5787 5785 5790
f 5790 5785 5796
f 5778 5800 5780
f 5800 5795 5780
f 5801 5802 5800
f 5803 5802 5804
f 5802 5801 5804
f 5804 5801 5805
f 5806 5808 5807
f 5809 5811 5810
f 5810 5811 5812
f 5813 5807 5812
f 5806 5801 5814
f 5814 5801 5800
f 5800 5802 5795
f 5815 5806 5816
f 5816 5806 5817
f 5806 5807 5817
f 5817 5807 5813
f 5805 5801 5815
f 5815 5801 5806
f 5818 5819 5767
f 5819 5818 5820
f 5821 5820 5822
f 5822 5820 5823
f 5820 5818 5823
f 5775 5821 5777
f 5777 5821 5824
f 5824 5821 5822
f 5775 5808 5814
f 5814 5800 5778
f 5825 5775 5826
f 5826 5775 5776
f 370 5810 5827
f 5810 5828 5827
f 5807 5825 5810
f 5810 5825 5828
f 5825 5826 5828
f 5812 5807 5810
f 5825 5807 5808
f 5808 5806 5814
f 5829 5831 5830
f 5831 5832 5830
f 5830 5832 494
f 5829 5774 5831
f 5831 5774 5833
f 5834 5832 5835
f 5832 5831 5836
f 5837 5838 5764
f 5764 5838 5763
f 5766 5819 5820
f 5767 5819 5766
f 5779 5820 5778
f 5770 5839 5771
f 5839 5840 5771
f 5820 5841 5766
f 5839 5842 5840
f 5770 5768 5766
f 5820 5821 5778
f 5778 5821 5814
f 5821 5775 5814
f 5775 5825 5808
f 5833 5843 5838
f 5838 5843 5763
f 5763 5844 5765
f 5763 5845 5844
f 5843 5760 5763
f 5763 5760 5845
f 5760 5761 5845
f 539 5846 5783
f 5846 5847 5783
f 5783 5847 5848
f 5847 5849 5848
f 5849 5850 5848
f 5850 5851 5848
f 5848 5851 5852
f 5851 5853 5852
f 5852 5853 5854
f 5853 5855 5854
f 5855 5856 5854
f 5856 5857 5854
f 5854 5857 5858
f 5857 5762 5858
f 5762 5760 5858
f 5760 5843 5859
f 5859 5843 5860
f 5783 5848 5852
f 5858 5760 5859
f 5784 5783 5781
f 5852 5854 5861
f 5854 5858 5861
f 5859 5860 5841
f 5862 5864 5863
f 5864 5836 5838
f 5838 5836 5833
f 5839 5841 5860
f 5835 5832 5862
f 5862 5832 5864
f 5832 5836 5864
f 5833 5839 5860
f 5774 5772 5833
f 5772 5839 5833
f 494 5832 5834
f 5831 5833 5836
f 5779 5841 5820
f 5766 5841 5770
f 5841 5839 5770
f 5839 5772 5842
f 5772 5773 5842
f 5865 5866 5783
f 5783 5866 5867
f 5786 5861 5785
f 5797 5841 5779
f 5866 5865 5788
f 5788 5865 5786
f 5861 5796 5785
f 5859 5797 5796
f 5803 5868 5802
f 5780 5797 5779
f 5782 5783 5867
f 5783 5852 5865
f 5865 5852 5786
f 5852 5861 5786
f 5861 5858 5796
f 5858 5859 5796
f 5859 5841 5797
f 5809 5810 370
f 5798 5791 5868
f 5868 5791 5802
f 5791 5795 5802
f 5843 5833 5860
f 5838 5837 5864
f 5864 5837 5863
f 5869 496 5834
f 5834 496 494
f 5870 5871 5863
f 5863 5871 5862
f 5871 5872 5862
f 5862 5872 5835
f 5872 5869 5835
f 5869 5834 5835
f 5873 5870 5764
f 5764 5870 5837
f 5870 5863 5837
f 5874 5873 5765
f 5873 5764 5765
f 5875 5876 5845
f 5876 5874 5845
f 5845 5874 5844
f 5874 5765 5844
f 5877 5875 5761
f 5875 5845 5761
f 5878 5879 5857
f 5879 5877 5857
f 5857 5877 5762
f 5877 5761 5762
f 5853 5880 5855
f 5880 5878 5855
f 5855 5878 5856
f 5878 5857 5856
f 5880 5853 5881
f 5853 5851 5881
f 5881 5851 5882
f 5882 5851 5883
f 5851 5850 5883
f 5850 5849 5883
f 5883 5849 5884
f 5849 5847 5884
f 5884 5847 5885
f 5847 5846 5885
f 5885 5846 558
f 5846 539 558
f 558 618 5885
f 5885 618 5886
f 618 600 5886
f 5886 600 5887
f 600 601 5887
f 5887 601 5888
f 601 603 5888
f 5888 603 5889
f 603 619 5889
f 5889 619 5890
f 619 620 5890
f 5890 620 5891
f 620 615 5891
f 5891 615 5892
f 615 616 5892
f 5892 616 5893
f 616 617 5893
f 5893 617 5894
f 617 628 5894
f 5894 628 5895
f 628 629 5895
f 5895 629 5896
f 629 612 5896
f 5896 612 5897
f 612 613 5897
f 5897 613 5898
f 613 625 5898
f 5898 625 5899
f 625 626 5899
f 5899 626 5900
f 626 627 5900
f 5900 627 5901
f 627 623 5901
f 5901 623 5902
f 623 555 5902
f 5902 555 5903
f 5885 5886 5884
f 5902 5903 5904
f 5884 5886 5883
f 5902 5904 5905
f 5883 5886 5882
f 5902 5905 5906
f 5882 5886 5881
f 5901 5902 5907
f 5902 5906 5907
f 5907 5906 5908
f 5881 5886 5880
f 5907 5908 5909
f 5880 5886 5878
f 5901 5907 5910
f 5907 5909 5910
f 5910 5909 5911
f 5878 5886 5879
f 5893 5894 5912
f 5894 5895 5912
f 5910 5911 5913
f 5879 5886 5877
f 5912 5895 5914
f 5895 5896 5914
f 5910 5913 5915
f 5877 5886 5875
f 5893 5912 5916
f 5912 5914 5916
f 5910 5915 5917
f 5875 5886 5876
f 5916 5914 516
f 5914 5896 516
f 5910 5917 5918
f 5876 5886 5874
f 5910 5918 5919
f 5874 5886 5873
f 5901 5910 530
f 5910 5919 530
f 530 5919 5920
f 5873 5886 5870
f 530 5920 5921
f 5870 5886 5871
f 530 5921 5922
f 5871 5886 5872
f 530 5922 5923
f 5872 5886 5869
f 5897 5898 522
f 5898 5899 522
f 522 5899 524
f 5899 5900 524
f 524 5900 526
f 5900 5901 526
f 526 5901 528
f 5901 530 528
f 530 5923 5924
f 5869 5886 496
f 496 5886 498
f 5886 5887 498
f 498 5887 500
f 5887 5888 500
f 500 5888 502
f 5888 5889 502
f 502 5889 504
f 5889 5890 504
f 504 5890 506
f 5890 5891 506
f 506 5891 508
f 5891 5892 508
f 508 5892 510
f 5892 5893 510
f 510 5893 512
f 5893 5916 512
f 512 5916 514
f 5916 516 514
f 516 5896 518
f 5896 5897 518
f 518 5897 520
f 5897 522 520
f 530 5924 532
f 5925 5927 5926
f 5928 5930 5929
f 5931 5933 5932
f 5934 5936 5935
f 5937 5939 5938
f 5940 5928 5941
f 5942 5944 5943
f 5945 5947 5946
f 534 5949 5948
f 5950 5952 5951
f 5951 5952 5953
f 5952 5954 5953
f 5953 5954 5955
f 5954 5956 5955
f 5956 5957 5955
f 534 5958 5949
f 5958 5959 5949
f 5959 5960 5949
f 5949 5960 5951
f 5960 5950 5951
f 5961 5963 5962
f 5964 5966 5965
f 5967 5963 5961
f 5968 5970 5969
f 5970 5967 5969
f 5965 5968 5971
f 5970 5963 5967
f 5967 5961 5972
f 5965 5966 5968
f 5966 5970 5968
f 5973 5975 5974
f 5974 5975 5969
f 5976 5977 5975
f 5968 5977 5978
f 5976 5980 5979
f 5978 5977 5981
f 5977 5976 5981
f 5981 5976 5979
f 5982 5984 5983
f 5985 5982 5983
f 5986 5987 5983
f 5983 5987 5985
f 5987 5988 5985
f 5989 5991 5990
f 5990 5991 5944
f 5944 5991 5992
f 5983 5984 5992
f 5986 5983 5992
f 5985 5980 5973
f 5980 5976 5973
f 5973 5976 5975
f 5975 5977 5969
f 5977 5968 5969
f 5993 5985 5988
f 5979 5980 5993
f 5993 5980 5985
f 5994 5996 5995
f 5994 5997 5996
f 5996 5997 5998
f 5997 5999 5998
f 5998 5999 6000
f 5999 6001 6000
f 6000 6001 6002
f 6003 6005 6004
f 5973 6004 6005
f 6001 6006 6002
f 5984 5982 5943
f 5943 5982 6007
f 5982 6008 6007
f 25 5990 6009
f 6009 5990 6010
f 5990 6011 6010
f 5982 6002 6008
f 6002 6006 6008
f 5998 6000 6003
f 6000 6005 6003
f 6005 6002 5973
f 5973 6002 5982
f 5944 5984 5943
f 5990 5944 6011
f 5944 5942 6011
f 5992 5984 5944
f 5973 5974 6004
f 5973 5982 5985
f 6012 544 5940
f 544 6013 5940
f 6013 6014 5940
f 6014 6015 5940
f 6015 6016 5940
f 6017 5939 6018
f 5939 5940 6018
f 5940 6016 6018
f 6012 5940 6019
f 5932 6021 6020
f 6020 6021 6022
f 6021 5934 6022
f 5995 5996 6023
f 6023 5996 5931
f 5996 5933 5931
f 5932 5933 6021
f 5933 5996 5998
f 5974 5972 6004
f 6004 5972 6003
f 5972 6024 6003
f 6003 6024 5998
f 5936 6025 5935
f 5939 6017 5938
f 5998 6024 5933
f 5933 5936 6021
f 5934 6021 5936
f 6005 6000 6002
f 5928 6026 5930
f 5928 6027 6026
f 6026 6028 5930
f 6026 5926 6028
f 6029 6027 5928
f 6026 5925 5926
f 6026 6027 5925
f 5957 5927 5955
f 5955 5927 5925
f 6027 6029 6030
f 5925 6027 6031
f 6027 6030 6031
f 5948 5949 5945
f 5945 5949 5947
f 6032 5951 5953
f 5953 5955 6033
f 5955 5925 6033
f 5949 5951 5947
f 5947 5951 6032
f 6033 5925 6031
f 6030 6029 6034
f 6019 5940 5941
f 5940 5939 5928
f 5939 5936 6029
f 5936 6024 6029
f 5939 6029 5928
f 6029 6024 6034
f 6034 6031 6030
f 6031 5962 6033
f 5962 6035 6033
f 6032 6036 5947
f 6024 5972 6034
f 6036 6032 5964
f 5964 6032 5966
f 6032 6035 5966
f 5966 6035 5970
f 5970 6035 5963
f 6035 5962 5963
f 5962 6031 5961
f 6031 6034 5961
f 5961 6034 5972
f 5969 5967 5974
f 5946 5947 6036
f 6032 5953 6035
f 5953 6033 6035
f 5933 6024 5936
f 5936 5939 6025
f 5939 5937 6025
f 5989 5990 25
f 5971 5968 5978
f 5967 5972 5974
f 5928 5929 5941
f 534 532 5958
f 5958 532 5924
f 5958 5924 5959
f 5924 5923 5959
f 5959 5923 5960
f 5923 5922 5960
f 5922 5921 5960
f 5960 5921 5950
f 5921 5920 5950
f 5950 5920 5952
f 5920 5919 5952
f 5952 5919 5954
f 5954 5919 5956
f 5919 5918 5956
f 5918 5917 5956
f 5956 5917 5957
f 5917 5915 5957
f 5957 5915 5927
f 5927 5915 5926
f 5915 5913 5926
f 5913 5911 5926
f 5926 5911 6028
f 5911 5909 6028
f 6028 5909 5930
f 5909 5908 5930
f 5930 5908 5929
f 5908 5906 5929
f 5906 5905 5929
f 5929 5905 5941
f 5905 5904 5941
f 5941 5904 6019
f 5904 5903 6019
f 6019 5903 6012
f 5903 555 6012
f 555 544 6012
f 6037 6039 6038
f 6040 6042 6041
f 6043 6045 6044
f 6046 6048 6047
f 6049 6040 6050
f 6051 6053 6052
f 705 6053 6054
f 6055 6057 6056
f 6057 6058 6056
f 6056 6058 6059
f 6058 6060 6059
f 6060 6061 6059
f 6059 6061 6062
f 6061 6063 6062
f 705 6064 6053
f 6064 6065 6053
f 6053 6065 6066
f 6065 6067 6066
f 6066 6067 6056
f 6067 6055 6056
f 6068 6070 6069
f 6069 6070 6071
f 6072 6070 6073
f 6070 6074 6073
f 6073 6074 6075
f 6074 6077 6076
f 6077 6078 6076
f 6079 6073 6080
f 6075 6076 6081
f 6076 6078 6082
f 6072 6073 6079
f 6073 6075 6080
f 6075 6074 6076
f 6071 6070 6072
f 6083 6084 6082
f 6084 6085 6081
f 6086 6087 6084
f 6087 6088 6084
f 6080 6088 6089
f 6089 6088 6090
f 6087 6092 6091
f 6090 6088 6093
f 6088 6087 6093
f 6093 6087 6094
f 6087 6091 6094
f 6087 6086 6095
f 6096 6097 6095
f 6097 6098 6095
f 6098 6099 6095
f 6099 6100 6095
f 6101 6103 6102
f 6102 6103 6104
f 6104 6103 6105
f 6097 6107 6106
f 6098 6097 6106
f 6095 6086 6096
f 6084 6088 6085
f 6088 6080 6085
f 6108 6095 6109
f 6109 6095 6100
f 6092 6087 6108
f 6108 6087 6095
f 6110 6112 6111
f 6110 6113 6112
f 6112 6113 6114
f 6113 6115 6114
f 6114 6115 6116
f 6115 6117 6116
f 6116 6117 6118
f 6117 6119 6118
f 6114 6086 6083
f 6086 6084 6083
f 6119 6120 6118
f 6118 6120 6096
f 6121 6123 6122
f 6102 6124 91
f 6123 6096 6122
f 6096 6120 6122
f 6114 6116 6086
f 6116 6118 6086
f 6086 6118 6096
f 6104 6123 6121
f 6102 6104 6124
f 6124 6104 6125
f 6104 6121 6125
f 6107 6097 6105
f 6105 6097 6104
f 6104 6097 6123
f 6081 6082 6084
f 634 6127 6126
f 6127 6128 6126
f 6129 6126 6128
f 6130 6129 6131
f 6131 6129 6132
f 6129 6128 6132
f 6133 6126 6134
f 6049 6129 6135
f 6129 6136 6135
f 6134 6126 6049
f 6045 6046 6044
f 6111 6112 6043
f 6043 6112 6045
f 6114 6138 6137
f 6137 6139 6045
f 6048 6140 6047
f 6136 6141 6140
f 6048 6046 6045
f 6045 6112 6137
f 6137 6112 6114
f 6123 6097 6096
f 6040 6142 6042
f 6143 6142 6040
f 6142 6144 6042
f 6143 6145 6142
f 6142 6037 6144
f 6037 6038 6144
f 6146 6145 6143
f 6145 6037 6142
f 6063 6039 6062
f 6039 6037 6062
f 6037 6145 6147
f 6054 6053 6148
f 6056 6059 6149
f 6059 6062 6150
f 6062 6037 6147
f 6148 6053 6051
f 6066 6056 6149
f 6149 6059 6150
f 6145 6146 6147
f 6147 6146 6078
f 6135 6136 6146
f 6146 6136 6151
f 6134 6049 6050
f 6049 6135 6040
f 6151 6139 6078
f 6139 6138 6078
f 6130 6152 6129
f 6129 6152 6136
f 634 6126 6133
f 6126 6129 6049
f 6136 6048 6151
f 6139 6151 6045
f 6151 6048 6045
f 6136 6152 6141
f 6152 6130 6141
f 6062 6147 6150
f 6149 6070 6153
f 6153 6155 6154
f 6154 6155 6156
f 6070 6150 6074
f 6155 6153 6068
f 6153 6070 6068
f 6074 6150 6077
f 6150 6147 6077
f 6147 6078 6077
f 6078 6138 6082
f 6080 6075 6085
f 6085 6075 6081
f 6082 6138 6083
f 6083 6138 6114
f 6052 6053 6156
f 6156 6053 6154
f 6053 6066 6154
f 6154 6066 6153
f 6066 6149 6153
f 6149 6150 6070
f 6138 6139 6137
f 6048 6136 6140
f 6101 6102 6157
f 6157 6102 91
f 6079 6080 6089
f 6081 6076 6082
f 6078 6146 6151
f 6146 6143 6135
f 6143 6040 6135
f 6040 6041 6050
f 6158 636 6133
f 6133 636 634
f 6159 6160 6041
f 6160 6161 6041
f 6041 6161 6050
f 6161 6162 6050
f 6050 6162 6134
f 6162 6158 6134
f 6158 6133 6134
f 6163 6159 6042
f 6159 6041 6042
f 6164 6165 6038
f 6165 6166 6038
f 6038 6166 6144
f 6166 6163 6144
f 6144 6163 6042
f 6057 6167 6058
f 6058 6167 6060
f 6167 6168 6060
f 6060 6168 6061
f 6168 6169 6061
f 6061 6169 6063
f 6169 6164 6063
f 6063 6164 6039
f 6164 6038 6039
f 6167 6057 6170
f 6057 6055 6170
f 6170 6055 6171
f 6055 6067 6171
f 6171 6067 6172
f 6172 6067 6173
f 6067 6065 6173
f 6173 6065 6174
f 6065 6064 6174
f 6174 6064 702
f 6064 705 702
f 702 757 6174
f 6174 757 6175
f 757 759 6175
f 6175 759 6176
f 759 760 6176
f 6176 760 6177
f 760 748 6177
f 6177 748 6178
f 748 749 6178
f 6178 749 6179
f 749 761 6179
f 6179 761 6180
f 761 762 6180
f 6180 762 6181
f 762 754 6181
f 6181 754 6182
f 754 755 6182
f 6182 755 6183
f 755 763 6183
f 6183 763 6184
f 763 764 6184
f 6184 764 6185
f 764 765 6185
f 6185 765 6186
f 765 734 6186
f 6186 734 6187
f 734 735 6187
f 6187 735 6188
f 735 737 6188
f 6188 737 6189
f 737 741 6189
f 6189 741 6190
f 741 740 6190
f 6190 740 6191
f 740 699 6191
f 6191 699 6192
f 6174 6175 6173
f 6191 6192 6193
f 6173 6175 6172
f 6191 6193 6194
f 6172 6175 6171
f 6191 6194 6195
f 6171 6175 6170
f 6190 6191 6196
f 6191 6195 6196
f 6196 6195 6197
f 6170 6175 6167
f 6196 6197 6198
f 6167 6175 6168
f 6187 6188 6199
f 6188 6189 6199
f 6199 6189 6200
f 6189 6190 6200
f 6200 6190 6201
f 6190 6196 6201
f 6201 6196 6202
f 6196 6198 6202
f 6202 6198 6203
f 6168 6175 6169
f 6202 6203 6204
f 6169 6175 6164
f 6187 6199 6205
f 6199 6200 6205
f 6205 6200 6206
f 6200 6201 6206
f 6206 6201 6207
f 6201 6202 6207
f 6202 6204 6208
f 6164 6175 6165
f 6202 6208 6209
f 6165 6175 6166
f 6207 6202 6210
f 6202 6209 6210
f 6210 6209 6211
f 6166 6175 6163
f 6210 6211 6212
f 6163 6175 6159
f 6210 6212 6213
f 6159 6175 6160
f 6207 6210 6214
f 6210 6213 6214
f 6214 6213 6215
f 6160 6175 6161
f 6214 6215 6216
f 6161 6175 6162
f 6162 6175 638
f 6175 6176 638
f 638 6176 640
f 6176 6177 640
f 640 6177 642
f 6177 6178 642
f 642 6178 644
f 6178 6179 644
f 644 6179 646
f 6179 6180 646
f 6214 6216 6217
f 6162 638 6158
f 646 6180 648
f 6180 6181 648
f 6214 6217 6218
f 6158 638 636
f 648 6181 650
f 6181 6182 650
f 650 6182 652
f 6182 6183 652
f 652 6183 654
f 6183 6184 654
f 654 6184 656
f 6184 6185 656
f 656 6185 658
f 6185 6186 658
f 658 6186 660
f 6186 6187 660
f 660 6187 662
f 6187 6205 662
f 662 6205 664
f 6205 6206 664
f 664 6206 666
f 6206 6207 666
f 666 6207 668
f 6207 6214 668
f 668 6214 670
f 6214 6218 670
f 670 6218 630
f 632 630 6219
f 6219 630 6218
f 6219 6218 6220
f 6220 6218 6221
f 6218 6217 6221
f 6221 6217 6222
f 6217 6216 6222
f 6222 6216 6223
f 6216 6215 6223
f 6215 6213 6223
f 6223 6213 6224
f 6213 6212 6224
f 6224 6212 6225
f 6225 6212 6226
f 6212 6211 6226
f 6226 6211 6227
f 6211 6209 6227
f 6227 6209 6228
f 6209 6208 6228
f 6228 6208 6229
f 6229 6208 6230
f 6208 6204 6230
f 6230 6204 6231
f 6204 6203 6231
f 6203 6198 6231
f 6231 6198 6232
f 6232 6198 6233
f 6198 6197 6233
f 6233 6197 6234
f 6197 6195 6234
f 6234 6195 6235
f 6195 6194 6235
f 6194 6193 6235
f 6235 6193 6236
f 6193 6192 6236
f 6236 6192 6237
f 6192 699 6237
f 6237 699 6238
f 699 677 6238
f 6239 6241 6240
f 6242 6244 6243
f 6243 6244 24
f 6245 6247 6246
f 6248 6250 6249
f 6249 6250 6251
f 6244 6252 24
f 6253 6255 6254
f 6256 6258 6257
f 6257 6260 6259
f 6255 6257 6254
f 6257 6258 6254
f 6261 6263 6262
f 6264 6261 6262
f 6265 6259 6261
f 6266 6259 6267
f 6259 6265 6267
f 6268 6261 6264
f 6268 6270 6269
f 6271 6269 6270
f 6272 6273 6269
f 6269 6273 6261
f 6273 6265 6261
f 6256 6257 6274
f 6274 6257 6275
f 6257 6259 6275
f 6259 6266 6275
f 6276 6278 6277
f 6277 6280 6279
f 6281 6282 6278
f 6264 6279 6268
f 6268 6279 6280
f 6272 6269 6271
f 6283 6285 6284
f 6285 6286 6284
f 6284 6286 6287
f 6286 6288 6287
f 6289 6285 6290
f 6290 6285 6283
f 6291 6292 6281
f 6293 6295 6294
f 6286 6295 6296
f 6277 6278 6282
f 6286 6294 6295
f 6281 6297 6294
f 6292 6297 6281
f 6298 6299 6294
f 6299 6298 6300
f 6293 6294 6301
f 6301 6294 6299
f 6285 6282 6286
f 6286 6296 6288
f 6229 6230 6302
f 6302 6230 6291
f 6230 6231 6291
f 6231 6232 6291
f 6291 6232 6292
f 6232 6233 6292
f 6233 6234 6292
f 6292 6234 6297
f 6234 6235 6297
f 6235 6236 6297
f 6297 6236 6298
f 6236 6237 6298
f 6248 6303 6250
f 6304 6306 6305
f 6307 6309 6308
f 6310 6279 6262
f 6276 6279 6311
f 6311 6310 6312
f 6313 6307 6251
f 6279 6310 6311
f 6312 6309 6313
f 6309 6307 6313
f 6311 6312 6314
f 6314 6312 6315
f 6312 6313 6315
f 6316 6317 6313
f 6313 6317 6315
f 6318 6311 6314
f 6313 6250 6316
f 6250 6303 6316
f 6316 6303 6305
f 6303 6304 6305
f 6276 6311 6318
f 6313 6251 6250
f 6319 6305 6306
f 6302 6291 6318
f 6278 6276 6291
f 6302 6314 6320
f 6314 6315 6320
f 6320 6315 6321
f 6321 6315 6317
f 6317 6305 6322
f 6305 6319 6322
f 6305 6317 6316
f 6291 6276 6318
f 6321 6317 6323
f 6322 6246 6247
f 6324 6247 6245
f 6323 6317 6322
f 6322 6319 6246
f 6314 6302 6318
f 6325 6327 6326
f 6326 6327 6260
f 6327 6328 6260
f 6260 6328 6329
f 6328 6330 6329
f 6331 6239 6240
f 6332 6329 6241
f 6241 6329 6333
f 6329 6330 6333
f 6241 6239 6332
f 6239 6331 6309
f 6334 6309 6331
f 6308 6309 6334
f 6332 6239 6263
f 6260 6329 6332
f 6244 6253 6252
f 6253 6244 6255
f 6255 6244 6326
f 6326 6244 6335
f 6244 6242 6335
f 6255 6326 6260
f 6325 6326 6335
f 6239 6309 6310
f 6309 6312 6310
f 6239 6310 6263
f 6268 6269 6261
f 6261 6259 6263
f 6263 6259 6332
f 6259 6260 6332
f 6257 6255 6260
f 6263 6310 6262
f 677 6336 6238
f 6238 6336 6298
f 6336 6337 6298
f 6337 6300 6298
f 6270 6268 6338
f 6268 6280 6338
f 6338 6280 6339
f 6339 6280 6289
f 6289 6280 6285
f 6285 6280 6282
f 6280 6277 6282
f 6278 6291 6281
f 6229 6302 6228
f 6302 6320 6228
f 6228 6320 6227
f 6320 6321 6227
f 6227 6321 6226
f 6226 6321 6225
f 6321 6323 6225
f 6225 6323 6224
f 6224 6323 6223
f 6323 6322 6223
f 6223 6322 6222
f 6322 6247 6222
f 6222 6247 6221
f 6221 6247 6220
f 6220 6247 6219
f 6247 6324 6219
f 6219 6324 632
f 6238 6298 6237
f 6298 6294 6297
f 6294 6286 6281
f 6286 6282 6281
f 6277 6279 6276
f 6279 6264 6262
f 2891 2893 738
f 738 2893 701
f 2893 2895 701
f 701 2895 2897
f 2917 2919 742
f 742 2919 730
f 2919 2921 730
f 730 2921 729
f 729 2924 728
f 728 2924 681
f 681 2927 680
f 680 2927 679
f 679 2930 678
f 678 2930 676
f 2930 2932 676
f 676 2932 2934
f 2948 2950 687
f 687 2950 2952
f 2952 2954 683
f 683 2954 682
f 2954 2956 682
f 682 2956 685
f 726 2964 693
f 693 2964 2966
f 2982 2984 717
f 717 2984 716
f 2984 2986 716
f 716 2986 2988
f 3010 2877 731
f 731 2877 704
f 2877 2879 704
f 704 2879 703
f 2879 2881 703
f 703 2881 756
f 2881 2883 756
f 756 2883 758
f 2883 2885 758
f 758 2885 750
f 2885 2887 750
f 750 2887 736
f 2887 2889 736
f 736 2889 739
f 2889 2891 739
f 739 2891 738
f 701 2897 700
f 700 2897 698
f 2897 2899 698
f 698 2899 697
f 2899 2901 697
f 697 2901 747
f 2901 2903 747
f 747 2903 746
f 2903 2905 746
f 746 2905 745
f 2905 2907 745
f 745 2907 753
f 2907 2909 753
f 753 2909 752
f 2909 2911 752
f 752 2911 751
f 2911 2913 751
f 751 2913 744
f 2913 2915 744
f 744 2915 743
f 2915 2917 743
f 743 2917 742
f 676 2934 675
f 675 2934 691
f 2934 2936 691
f 691 2936 690
f 2936 2938 690
f 690 2938 689
f 2938 2940 689
f 689 2940 696
f 2940 2942 696
f 696 2942 695
f 2942 2944 695
f 695 2944 694
f 2944 2946 694
f 694 2946 688
f 2946 2948 688
f 688 2948 687
f 687 2952 686
f 686 2952 683
f 693 2966 692
f 692 2966 725
f 2966 2968 725
f 725 2968 724
f 2968 2970 724
f 724 2970 723
f 2970 2972 723
f 723 2972 722
f 2972 2974 722
f 722 2974 721
f 2974 2976 721
f 721 2976 720
f 2976 2978 720
f 720 2978 719
f 2978 2980 719
f 719 2980 718
f 2980 2982 718
f 718 2982 717
f 716 2988 715
f 715 2988 714
f 2988 2990 714
f 714 2990 713
f 2990 2992 713
f 713 2992 712
f 2992 2994 712
f 712 2994 711
f 2994 2996 711
f 711 2996 710
f 2996 2998 710
f 710 2998 709
f 2998 3000 709
f 709 3000 708
f 3000 3002 708
f 708 3002 707
f 3002 3004 707
f 707 3004 706
f 3004 3006 706
f 706 3006 733
f 3006 3008 733
f 733 3008 732
f 3008 3010 732
f 732 3010 731
f 844 6340 838
f 838 6340 6341
f 6340 6342 6341
f 6341 6342 6343
f 6342 6344 6343
f 6343 6344 6345
f 6344 6346 6345
f 6345 6346 6347
f 6346 6348 6347
f 6347 6348 6349
f 6348 6350 6349
f 6349 6350 6351
f 6350 6352 6351
f 6351 6352 6353
f 6352 6354 6353
f 6353 6354 6355
f 6355 6354 6356
f 6354 6357 6356
f 6356 6357 6358
f 6357 6359 6358
f 6359 6360 6358
f 6358 6360 6361
f 6360 6362 6361
f 6361 6362 6363
f 6363 6362 6364
f 6362 6365 6364
f 6364 6365 6366
f 6365 6367 6366
f 6366 6367 6368
f 6367 6369 6368
f 6368 6369 6370
f 6368 6370 6371
f 6371 6370 6372
f 6370 6373 6372
f 6372 6373 6374
f 6373 6375 6374
f 6374 6375 6376
f 6375 6377 6376
f 6376 6377 6378
f 6377 6379 6378
f 6378 6379 6380
f 6379 6381 6380
f 6380 6381 6382
f 6381 6383 6382
f 6382 6383 6384
f 6383 6385 6384
f 6384 6385 6386
f 6385 6387 6386
f 6386 6387 6388
f 6387 6389 6388
f 6388 6389 847
f 6389 846 847
f 6369 6390 6370
f 6370 6390 6373
f 6390 6391 6373
f 6373 6391 6375
f 6391 6392 6375
f 6375 6392 6377
f 6392 6393 6377
f 6377 6393 6379
f 6393 6394 6379
f 6379 6394 6381
f 6394 6395 6381
f 6381 6395 6383
f 6395 6396 6383
f 6383 6396 6385
f 6396 6397 6385
f 6385 6397 6387
f 6397 6398 6387
f 6387 6398 6389
f 6398 6399 6389
f 6389 6399 846
f 6399 848 846
f 6400 6401 6352
f 6352 6401 6354
f 6401 6402 6354
f 6354 6402 6357
f 6402 6403 6357
f 6357 6403 6359
f 6403 6404 6359
f 6359 6404 6360
f 6404 6405 6360
f 6360 6405 6362
f 6405 6406 6362
f 6362 6406 6365
f 6406 6407 6365
f 6365 6407 6367
f 6407 6408 6367
f 6367 6408 6369
f 6408 6409 6369
f 6369 6409 6390
f 842 6410 844
f 844 6410 6340
f 6410 6411 6340
f 6340 6411 6342
f 6411 6412 6342
f 6342 6412 6344
f 6412 6413 6344
f 6344 6413 6346
f 6413 6414 6346
f 6346 6414 6348
f 6414 6400 6348
f 6348 6400 6350
f 6400 6352 6350
f 838 6415 840
f 838 6341 6415
f 6415 6341 6416
f 6341 6343 6416
f 6416 6343 6417
f 6343 6345 6417
f 6417 6345 6418
f 6345 6347 6418
f 6347 6349 6418
f 6418 6349 6419
f 6349 6351 6419
f 6419 6351 6420
f 6420 6351 6421
f 6351 6353 6421
f 6421 6353 6422
f 6353 6355 6422
f 6422 6355 6423
f 6355 6356 6423
f 6423 6356 6424
f 6356 6358 6424
f 6424 6358 6425
f 6358 6361 6425
f 6425 6361 6426
f 6361 6363 6426
f 6426 6363 6427
f 6363 6364 6427
f 6427 6364 6428
f 6364 6366 6428
f 6428 6366 6429
f 6366 6368 6429
f 6429 6368 6371
f 6429 6371 6430
f 6430 6371 6431
f 6371 6372 6431
f 6431 6372 6432
f 6372 6374 6432
f 6432 6374 6433
f 6374 6376 6433
f 6433 6376 6434
f 6376 6378 6434
f 6434 6378 6435
f 6378 6380 6435
f 6435 6380 6436
f 6380 6382 6436
f 6436 6382 6437
f 6382 6384 6437
f 6437 6384 6438
f 6384 6386 6438
f 6438 6386 6439
f 6386 6388 6439
f 6439 6388 849
f 6388 847 849
f 840 6415 842
f 842 6415 6410
f 6415 6416 6410
f 6410 6416 6411
f 6411 6416 6412
f 6416 6417 6412
f 6412 6417 6413
f 6417 6418 6413
f 6413 6418 6414
f 6418 6419 6414
f 6414 6419 6400
f 6419 6420 6400
f 6400 6420 6401
f 6420 6421 6401
f 6401 6421 6402
f 6421 6422 6402
f 6402 6422 6403
f 6422 6423 6403
f 6403 6423 6404
f 6423 6424 6404
f 6424 6425 6404
f 6404 6425 6405
f 6425 6426 6405
f 6405 6426 6406
f 6426 6427 6406
f 6406 6427 6407
f 6427 6428 6407
f 6407 6428 6408
f 6428 6429 6408
f 6408 6429 6409
f 6429 6430 6409
f 6409 6430 6390
f 6390 6430 6391
f 6430 6431 6391
f 6391 6431 6392
f 6431 6432 6392
f 6392 6432 6393
f 6432 6433 6393
f 6393 6433 6394
f 6433 6434 6394
f 6394 6434 6395
f 6434 6435 6395
f 6395 6435 6396
f 6435 6436 6396
f 6396 6436 6397
f 6436 6437 6397
f 6397 6437 6398
f 6437 6438 6398
f 6398 6438 6399
f 6438 6439 6399
f 6399 6439 848
f 6439 849 848
f 6440 6441 4868
f 4868 6441 4871
f 4872 4871 6442
f 6442 4871 6443
f 4871 6441 6443
f 4873 4872 6444
f 6444 4872 6442
f 4876 4873 6445
f 6445 4873 6446
f 4873 6444 6446
f 4880 4876 6447
f 6447 4876 6448
f 4876 6445 6448
f 4881 4880 6449
f 6449 4880 6447
f 4884 4881 6450
f 6450 4881 6451
f 4881 6449 6451
f 6452 4884 6453
f 4884 6450 6453
f 4884 6452 4887
f 4887 6452 4890
f 6452 6454 4890
f 4890 6454 4891
f 6454 6455 4891
f 4891 6455 4892
f 6455 6456 4892
f 4892 6456 4893
f 6456 6457 4893
f 4893 6457 4894
f 6457 6458 4894
f 4894 6458 4898
f 6458 6459 4898
f 4898 6459 4901
f 6459 6460 4901
f 4901 6460 4906
f 6460 6461 4906
f 4906 6461 4907
f 6461 6462 4907
f 4907 6462 4866
f 6462 6463 4866
f 6464 4852 4853
f 6465 4858 4859
f 6466 6468 6467
f 6469 6471 6470
f 6472 6474 6473
f 6475 6477 6476
f 6478 6480 6479
f 4835 6480 6481
f 6482 6484 6483
f 6484 6485 6483
f 6486 6488 6487
f 6489 6491 6490
f 6491 6492 6490
f 6490 6492 6493
f 6494 6495 6486
f 6486 6495 6488
f 6487 6488 6489
f 6485 6484 6494
f 6494 6484 6495
f 6488 6491 6489
f 6496 6492 6491
f 6475 6498 6497
f 6498 6476 6493
f 6493 6476 6490
f 6487 6476 6477
f 6477 6475 6499
f 6499 6475 6500
f 6501 6503 6502
f 6503 6505 6504
f 6506 6508 6507
f 6507 6508 6509
f 6497 6504 6475
f 6501 6502 6509
f 6498 6475 6476
f 6510 6504 6505
f 6500 6475 6510
f 6510 6475 6504
f 6511 6513 6512
f 6512 6513 6514
f 6511 6515 6513
f 6515 6516 6513
f 6513 6516 6517
f 6516 6518 6517
f 6517 6518 6519
f 6518 6520 6519
f 6497 6498 6521
f 6521 6498 6522
f 6522 6523 6521
f 6520 6524 6519
f 6519 6524 6525
f 6526 6528 6527
f 6528 6529 6527
f 6527 6529 6530
f 6529 6531 6530
f 131 6533 6532
f 6532 6533 6534
f 6533 6535 6534
f 6507 6533 131
f 6529 6525 6531
f 6525 6524 6531
f 6536 6537 6523
f 6523 6537 6521
f 6537 6517 6521
f 6517 6497 6521
f 6525 6504 6497
f 6529 6528 6504
f 6533 6507 6535
f 6502 6528 6507
f 6507 6528 6535
f 6528 6526 6535
f 6509 6502 6507
f 6528 6502 6503
f 6493 6522 6498
f 4867 6538 4865
f 4865 6538 6539
f 6538 6540 6539
f 6540 6541 6539
f 6541 6542 6539
f 6542 6543 6539
f 6539 6543 6544
f 6544 6543 6545
f 6546 6544 6547
f 6547 6544 6548
f 6544 6545 6548
f 4865 6539 4864
f 4864 6539 6549
f 6539 6544 6549
f 6549 6544 6550
f 6467 6468 6551
f 6468 6552 6551
f 6512 6514 6553
f 6553 6514 6554
f 6554 6514 6466
f 6555 6514 6536
f 6466 6514 6468
f 6474 6556 6470
f 6555 6558 6557
f 6474 6559 6473
f 6529 6504 6525
f 6555 6471 6468
f 6471 6474 6470
f 6469 6552 6471
f 6552 6468 6471
f 6468 6514 6555
f 6536 6514 6537
f 6514 6513 6537
f 6537 6513 6517
f 6517 6519 6497
f 6497 6519 6525
f 6528 6503 6504
f 6465 6560 4858
f 6560 4855 4858
f 6560 4853 4855
f 6560 6464 4853
f 6465 6550 6561
f 4835 4836 6480
f 6480 4836 6562
f 4836 4839 6562
f 4839 4841 6562
f 6562 4841 6563
f 4841 4843 6563
f 6563 4843 6564
f 4843 4845 6564
f 4845 4846 6564
f 6564 4846 6565
f 4846 4847 6565
f 4847 4849 6565
f 6565 4849 6566
f 4849 4852 6566
f 4852 6464 6566
f 6560 6465 6561
f 6481 6480 6478
f 6464 6560 6567
f 6560 6561 6567
f 6561 6550 6568
f 6562 6563 6569
f 6564 6565 6563
f 6563 6565 6570
f 6565 6566 6570
f 6566 6464 6567
f 6561 6568 6567
f 6567 6568 6571
f 6550 6557 6568
f 6568 6558 6571
f 4864 6549 4861
f 6546 6572 6544
f 6544 6572 6550
f 6572 6474 6550
f 6474 6557 6550
f 6568 6557 6558
f 6536 6492 6558
f 6536 6558 6555
f 6474 6572 6559
f 6572 6546 6559
f 6479 6480 6562
f 6569 6563 6570
f 6570 6566 6496
f 6496 6567 6571
f 6492 6571 6558
f 6573 6574 6562
f 6573 6569 6495
f 6496 6571 6492
f 6574 6573 6482
f 6482 6573 6484
f 6573 6495 6484
f 6495 6569 6488
f 6488 6569 6491
f 6569 6570 6491
f 6491 6570 6496
f 6487 6490 6476
f 6522 6493 6523
f 6493 6492 6523
f 6523 6492 6536
f 6479 6562 6574
f 6562 6569 6573
f 6566 6567 6496
f 6555 6557 6471
f 6471 6557 6474
f 6474 6472 6556
f 6506 6507 131
f 6486 6487 6477
f 6487 6489 6490
f 6550 6465 6549
f 6465 4859 6549
f 6549 4859 4861
f 6462 6575 6463
f 6575 6462 6576
f 6462 6461 6576
f 6576 6461 6577
f 6461 6460 6577
f 6577 6460 6578
f 6460 6459 6578
f 6578 6459 6579
f 6579 6459 6580
f 6459 6458 6580
f 6580 6458 6457
f 6580 6457 6581
f 6457 6456 6581
f 6456 6455 6581
f 6581 6455 6582
f 6582 6455 6583
f 6455 6454 6583
f 6583 6454 6452
f 6583 6452 6584
f 6452 6453 6584
f 6584 6453 6585
f 6453 6450 6585
f 6585 6450 6586
f 6587 6588 6444
f 6444 6588 6446
f 6446 6588 6445
f 6588 6589 6445
f 6445 6589 6448
f 6448 6589 6447
f 6589 6590 6447
f 6447 6590 6449
f 6590 6586 6449
f 6449 6586 6451
f 6586 6450 6451
f 6591 6592 6440
f 6440 6592 6441
f 6441 6592 6443
f 6592 6587 6443
f 6443 6587 6442
f 6587 6444 6442
f 6593 6595 6594
f 6596 6598 6597
f 6599 6601 6600
f 6600 6601 107
f 6602 6604 6603
f 6603 6604 6605
f 6606 6608 6607
f 6607 6610 6609
f 6611 6613 6612
f 6601 6614 107
f 6615 6617 6616
f 6618 6616 6617
f 6617 6620 6619
f 6617 6621 6618
f 6622 6623 6595
f 6624 6625 6622
f 6625 6626 6622
f 6627 6628 6626
f 6619 6628 6629
f 6629 6628 6630
f 6630 6628 6631
f 6628 6627 6631
f 6632 6633 6625
f 6634 6625 6633
f 6626 6625 6627
f 6627 6625 6634
f 6622 6626 6623
f 6621 6617 6635
f 6635 6617 6636
f 6617 6619 6636
f 6619 6629 6636
f 6637 6625 6624
f 6637 6639 6638
f 6640 6642 6641
f 6640 6611 6642
f 6611 6612 6642
f 6637 6640 6639
f 6640 6641 6639
f 6643 6644 6640
f 6644 6645 6640
f 6643 6646 6644
f 6645 6647 6611
f 6647 6648 6611
f 6648 6649 6611
f 6613 6611 6649
f 6643 6640 6637
f 6640 6645 6611
f 6645 6650 6647
f 6644 6650 6645
f 6651 6652 6647
f 6648 6647 6652
f 6653 6583 6654
f 6583 6584 6654
f 6654 6584 6646
f 6584 6585 6646
f 6585 6586 6646
f 6646 6586 6644
f 6586 6590 6644
f 6590 6589 6644
f 6644 6589 6650
f 6589 6588 6650
f 6588 6587 6650
f 6650 6587 6647
f 6587 6592 6647
f 6655 6657 6656
f 6658 6610 6659
f 6660 6662 6661
f 6663 6665 6664
f 6663 6664 6666
f 6664 6667 6666
f 6667 6662 6668
f 6662 6669 6668
f 6668 6669 6670
f 6671 6665 6672
f 6665 6663 6672
f 6664 6673 6667
f 6673 6662 6667
f 6662 6660 6669
f 6672 6663 6674
f 6663 6666 6674
f 6666 6667 6675
f 6675 6668 6656
f 6668 6676 6656
f 6656 6676 6655
f 6656 6677 6675
f 6678 6674 6675
f 6666 6675 6674
f 6656 6657 6610
f 6657 6679 6610
f 6610 6679 6659
f 6667 6668 6675
f 6668 6670 6676
f 6680 6608 6681
f 6681 6608 6606
f 6609 6610 6658
f 6678 6682 6674
f 6674 6683 6672
f 6684 6683 6643
f 6678 6677 6685
f 6607 6608 6610
f 6610 6608 6677
f 6677 6678 6675
f 6682 6683 6674
f 6683 6684 6672
f 6646 6683 6654
f 6678 6685 6653
f 6685 6677 6686
f 6686 6608 6604
f 6604 6687 6605
f 6643 6683 6646
f 6654 6682 6653
f 6682 6678 6653
f 6683 6682 6654
f 6677 6608 6686
f 6608 6680 6604
f 6604 6680 6687
f 6610 6677 6656
f 6672 6684 6671
f 6671 6684 6624
f 6688 6690 6689
f 6689 6690 6620
f 6690 6691 6620
f 6620 6691 6692
f 6691 6693 6692
f 6689 6695 6694
f 6597 6696 6596
f 6595 6596 6594
f 6594 6596 6697
f 6596 6696 6697
f 6598 6692 6698
f 6698 6692 6693
f 6598 6596 6692
f 6699 6595 6700
f 6595 6593 6700
f 6661 6702 6701
f 6692 6596 6623
f 6595 6699 6702
f 6702 6699 6701
f 6623 6596 6595
f 6673 6702 6662
f 6702 6661 6662
f 6601 6615 6614
f 6689 6703 6695
f 6615 6601 6617
f 6617 6601 6689
f 6689 6601 6703
f 6601 6599 6703
f 6617 6689 6620
f 6688 6689 6694
f 6702 6673 6704
f 6673 6664 6704
f 6702 6704 6595
f 6704 6664 6665
f 6622 6595 6665
f 6623 6619 6692
f 6704 6665 6595
f 6637 6632 6625
f 6626 6628 6623
f 6623 6628 6619
f 6619 6620 6692
f 6592 6591 6647
f 6591 6651 6647
f 6633 6632 6705
f 6705 6632 6706
f 6632 6637 6706
f 6706 6637 6638
f 6637 6624 6643
f 6583 6653 6582
f 6582 6653 6581
f 6653 6685 6581
f 6581 6685 6580
f 6685 6686 6580
f 6580 6686 6579
f 6579 6686 6578
f 6686 6604 6578
f 6578 6604 6577
f 6577 6604 6576
f 6604 6602 6576
f 6576 6602 6575
f 6643 6624 6684
f 6624 6622 6671
f 6671 6622 6665
f 6707 775 773
f 775 6707 6708
f 6708 6707 6709
f 6707 6710 6709
f 6709 6710 6711
f 6710 6712 6711
f 6711 6712 6713
f 6713 6712 6714
f 6712 6715 6714
f 6714 6715 6716
f 6716 6715 6717
f 6715 6718 6717
f 6717 6718 6719
f 6717 6719 6720
f 6719 6721 6720
f 6720 6721 6722
f 6722 6721 6723
f 6721 6724 6723
f 6723 6724 6725
f 6725 6724 6726
f 6724 6727 6726
f 6726 6727 6728
f 6726 6728 6729
f 6729 6728 6730
f 6728 6731 6730
f 6730 6731 6732
f 6731 6733 6732
f 6732 6733 6734
f 6733 6735 6734
f 6734 6735 6736
f 6737 6739 6738
f 6738 6739 6740
f 6739 6741 6740
f 6740 6741 6742
f 6741 6743 6742
f 6742 6743 6744
f 6743 6745 6744
f 6744 6745 6746
f 6745 6736 6746
f 6746 6736 6735
f 777 6747 779
f 779 6747 6748
f 6747 6749 6748
f 6748 6749 6750
f 6749 6737 6750
f 6750 6737 6751
f 6737 6738 6751
f 6752 6726 6729
f 6753 6745 6743
f 6754 6756 6755
f 6757 6759 6758
f 6758 6759 6760
f 6761 6763 6762
f 6764 6763 6761
f 6765 6767 6766
f 6768 6767 6769
f 6767 6771 6770
f 6772 6770 6773
f 6770 6774 6773
f 6769 6767 6775
f 6775 6767 6772
f 6767 6770 6772
f 6770 6776 6774
f 6774 6776 6777
f 6766 6767 6768
f 6771 6778 6770
f 6770 6778 6776
f 6779 6781 6780
f 6779 6782 6781
f 6772 6782 6783
f 6783 6782 6784
f 6779 6786 6785
f 6786 6787 6785
f 6784 6782 6788
f 6788 6782 6789
f 6782 6779 6789
f 6789 6779 6790
f 6779 6785 6790
f 6791 6793 6792
f 6792 6793 6794
f 6793 6795 6794
f 6796 6798 6797
f 6797 6798 6799
f 6792 6801 6800
f 6791 6792 6800
f 6782 6772 6781
f 6802 6794 6795
f 6787 6786 6802
f 6802 6786 6794
f 6803 6805 6804
f 6804 6805 6806
f 6803 6807 6805
f 6805 6807 6808
f 6807 6809 6808
f 6808 6809 6810
f 6810 6812 6811
f 6813 6814 6780
f 6779 6814 6786
f 6814 6779 6780
f 6812 6815 6811
f 6816 6818 6817
f 6797 6819 234
f 6818 6811 6817
f 6811 6815 6817
f 6820 6813 6780
f 6813 6808 6814
f 6808 6810 6814
f 6814 6810 6821
f 6821 6792 6794
f 6819 6797 6822
f 6801 6818 6797
f 6797 6818 6822
f 6818 6816 6822
f 6800 6801 6799
f 6799 6801 6797
f 6818 6801 6792
f 6786 6814 6794
f 6814 6821 6794
f 6821 6818 6792
f 6747 777 6823
f 777 6824 6823
f 6824 6825 6823
f 6826 6823 6825
f 6827 6826 6828
f 6826 6825 6828
f 6747 6823 6749
f 6749 6823 6737
f 6741 6829 6743
f 6743 6829 6753
f 6756 6757 6755
f 6804 6806 6754
f 6830 6806 6820
f 6754 6806 6756
f 6780 6831 6820
f 6759 6832 6760
f 6833 6834 6759
f 6759 6834 6826
f 6826 6827 6832
f 6818 6821 6811
f 6821 6810 6811
f 6759 6757 6756
f 6756 6806 6830
f 6806 6805 6820
f 6820 6805 6813
f 6805 6808 6813
f 6829 6834 6753
f 6753 6736 6745
f 6753 6835 6736
f 6835 6734 6736
f 6835 6732 6734
f 6835 6753 6732
f 6753 6730 6732
f 6753 6752 6730
f 6752 6729 6730
f 775 6708 6836
f 6836 6708 6837
f 6708 6709 6837
f 6709 6711 6837
f 6711 6713 6837
f 6837 6713 6838
f 6713 6714 6838
f 6714 6716 6838
f 6716 6717 6838
f 6838 6717 6839
f 6717 6720 6839
f 6839 6720 6840
f 6720 6722 6840
f 6722 6723 6840
f 6723 6725 6840
f 6840 6725 6841
f 6841 6725 6752
f 6725 6726 6752
f 6752 6753 6842
f 6753 6834 6842
f 6836 6837 6843
f 6842 6834 6833
f 6843 6837 6764
f 6837 6838 6763
f 6838 6839 6844
f 6839 6840 6845
f 6840 6841 6845
f 6841 6752 6842
f 6764 6837 6763
f 6763 6838 6844
f 6829 6826 6834
f 6833 6847 6846
f 6737 6823 6739
f 6739 6823 6829
f 6823 6826 6829
f 6831 6847 6830
f 6844 6839 6845
f 6845 6841 6848
f 6846 6842 6833
f 6848 6778 6845
f 6845 6771 6844
f 6844 6771 6849
f 6848 6846 6777
f 6777 6847 6774
f 6831 6774 6847
f 6762 6849 6850
f 6850 6849 6765
f 6765 6849 6767
f 6767 6849 6771
f 6771 6845 6778
f 6778 6848 6776
f 6848 6777 6776
f 6772 6773 6781
f 6781 6773 6780
f 6780 6774 6831
f 6762 6763 6849
f 6763 6844 6849
f 6841 6842 6848
f 6848 6842 6846
f 6777 6846 6847
f 6820 6831 6830
f 6830 6847 6756
f 6756 6847 6759
f 6847 6833 6759
f 6759 6826 6832
f 6796 6797 234
f 6775 6772 6783
f 6773 6774 6780
f 6829 6741 6739
f 779 6748 771
f 771 6748 6851
f 6748 6750 6851
f 6851 6750 6852
f 6750 6751 6852
f 6852 6751 6853
f 6751 6738 6853
f 6853 6738 6854
f 6854 6738 6855
f 6738 6740 6855
f 6740 6742 6855
f 6855 6742 6856
f 6742 6744 6856
f 6744 6746 6856
f 6856 6746 6857
f 6857 6746 6858
f 6746 6735 6858
f 6858 6735 6859
f 6859 6735 6860
f 6735 6733 6860
f 6860 6733 6861
f 6733 6731 6861
f 6861 6731 6728
f 6861 6728 6862
f 6862 6728 6863
f 6728 6727 6863
f 6863 6727 6864
f 6727 6724 6864
f 6864 6724 6865
f 6724 6721 6865
f 6865 6721 6866
f 6721 6719 6866
f 6866 6719 6867
f 6719 6718 6867
f 6867 6718 6868
f 6718 6715 6868
f 6868 6715 6869
f 6715 6712 6869
f 6869 6712 6870
f 6712 6710 6870
f 6870 6710 6871
f 6710 6707 6871
f 6871 6707 774
f 6707 773 774
f 771 6851 772
f 772 6851 6872
f 6851 6852 6872
f 6872 6852 6873
f 6852 6853 6873
f 6873 6853 6874
f 6853 6854 6874
f 6874 6854 6875
f 6854 6855 6875
f 6875 6855 6876
f 6855 6856 6876
f 6876 6856 6877
f 6878 6862 6879
f 6862 6878 6861
f 6861 6878 6860
f 6878 6880 6860
f 6860 6880 6859
f 6880 6881 6859
f 6859 6881 6858
f 6881 6882 6858
f 6858 6882 6857
f 6882 6877 6857
f 6857 6877 6856
f 6879 6862 6883
f 6862 6863 6883
f 6883 6863 6864
f 6883 6864 6884
f 6864 6865 6884
f 6884 6865 6885
f 6885 6865 6886
f 6865 6866 6886
f 6886 6866 6867
f 6886 6867 6887
f 6867 6868 6887
f 6887 6868 6888
f 6868 6869 6888
f 6888 6869 6889
f 6889 6869 6890
f 6869 6870 6890
f 6890 6870 6871
f 6890 6871 6891
f 6871 774 6891
f 6891 774 6892
f 774 776 6892
f 6893 6883 6884
f 6894 6887 6888
f 6895 6897 6896
f 6898 6897 6899
f 6900 6902 6901
f 6903 6905 6904
f 6906 6908 6907
f 6909 6911 6910
f 6911 6913 6912
f 6914 6916 6915
f 6912 6915 6917
f 6915 6916 6918
f 6919 6911 6920
f 6920 6911 6912
f 6910 6911 6919
f 6912 6913 6915
f 6913 6914 6915
f 6921 6923 6922
f 6922 6917 6924
f 6925 6926 6917
f 6920 6926 6927
f 6925 6923 6928
f 6923 6929 6928
f 6927 6926 6930
f 6926 6925 6930
f 6930 6925 6928
f 6931 6933 6932
f 6932 6933 6934
f 6933 6935 6934
f 6936 6938 6937
f 6937 6938 6939
f 6939 6938 6940
f 6921 6932 6934
f 6931 6932 6940
f 6923 6925 6922
f 6922 6925 6917
f 6926 6912 6917
f 6941 6934 6935
f 6929 6923 6941
f 6941 6923 6934
f 6942 6944 6943
f 6942 6945 6944
f 6944 6945 6946
f 6945 6947 6946
f 6946 6947 6948
f 6947 6949 6948
f 6948 6949 6950
f 6949 6951 6950
f 6918 6952 6924
f 6952 6953 6924
f 6953 6922 6924
f 6951 6954 6950
f 6955 6957 6956
f 6937 6958 242
f 6957 6950 6956
f 6950 6954 6956
f 6946 6952 6918
f 6957 6955 6959
f 6937 6939 6958
f 6958 6939 6960
f 6932 6957 6939
f 6939 6957 6960
f 6957 6959 6960
f 6940 6932 6939
f 6957 6932 6921
f 6921 6934 6923
f 6922 6953 6921
f 6953 6961 6921
f 6961 6957 6921
f 776 6962 6892
f 6892 6962 6963
f 6962 6964 6963
f 6964 6965 6963
f 6963 6965 6966
f 6966 6965 6967
f 6968 6966 6969
f 6966 6967 6969
f 6891 6963 6890
f 6963 6966 6970
f 6897 6898 6896
f 6943 6944 6971
f 6944 6972 6971
f 6971 6972 6895
f 6973 6972 6946
f 6895 6972 6897
f 6972 6944 6946
f 6918 6974 6946
f 6975 6900 6976
f 6977 6902 6975
f 6902 6978 6901
f 6957 6961 6950
f 6961 6953 6950
f 6897 6975 6899
f 6975 6976 6899
f 6897 6972 6973
f 6946 6948 6952
f 6952 6948 6953
f 6948 6950 6953
f 6894 6886 6887
f 6970 6979 6894
f 6894 6979 6886
f 6979 6885 6886
f 6970 6980 6979
f 6979 6884 6885
f 6979 6893 6884
f 6906 772 6908
f 772 6872 6908
f 6872 6873 6908
f 6873 6874 6908
f 6908 6874 6981
f 6874 6875 6981
f 6875 6876 6981
f 6876 6877 6981
f 6981 6877 6982
f 6877 6882 6982
f 6882 6881 6982
f 6982 6881 6983
f 6881 6880 6983
f 6983 6880 6984
f 6880 6878 6984
f 6878 6879 6984
f 6984 6879 6893
f 6879 6883 6893
f 6893 6979 6980
f 6984 6893 6985
f 6893 6980 6986
f 6986 6980 6977
f 6980 6970 6977
f 6907 6908 6987
f 6908 6981 6905
f 6984 6985 6983
f 6985 6893 6986
f 6987 6908 6903
f 6903 6908 6905
f 6981 6982 6905
f 6902 6977 6970
f 6890 6963 6889
f 6889 6963 6894
f 6963 6970 6894
f 6968 6988 6966
f 6966 6988 6970
f 6988 6902 6970
f 6973 6974 6989
f 6892 6963 6891
f 6977 6973 6989
f 6902 6988 6978
f 6988 6968 6978
f 6986 6989 6916
f 6985 6914 6983
f 6990 6991 6905
f 6916 6989 6918
f 6974 6918 6989
f 6991 6990 6909
f 6990 6911 6909
f 6911 6990 6913
f 6913 6983 6914
f 6914 6985 6916
f 6920 6912 6926
f 6915 6924 6917
f 6904 6905 6991
f 6905 6982 6990
f 6990 6982 6913
f 6913 6982 6983
f 6985 6986 6916
f 6946 6974 6973
f 6973 6977 6897
f 6897 6977 6975
f 6975 6902 6900
f 6936 6937 242
f 6915 6918 6924
f 6989 6986 6977
f 6894 6888 6889
f 6992 2719 2726
f 6993 2701 2708
f 2708 2707 6993
f 6994 6995 2710
f 6994 2710 2716
f 2726 2722 6992
f 2722 2723 6992
f 2633 6995 6996
f 2629 2635 6996
f 2633 6996 2635
f 148 6993 2634
f 6993 2633 2634
f 6997 6999 6998
f 7000 2628 6996
f 6995 6994 6996
f 6994 7000 6996
f 7001 2620 2624
f 2628 7000 2626
f 2626 7000 2624
f 7000 7001 2624
f 2718 2713 7000
f 7000 2713 6999
f 2713 2714 6999
f 2714 2719 6999
f 6999 2719 6992
f 2723 2725 6992
f 6999 6992 6998
f 6999 6997 7000
f 2633 6993 6995
f 2701 6993 148
f 859 2619 7001
f 7001 2619 2620
f 6997 7001 7000
f 6996 2628 2629
f 7000 6994 2718
f 6994 2716 2718
f 7001 6997 6998
f 6993 2707 6995
f 2707 2712 6995
f 6995 2712 2710
f 2780 7002 2779
f 2775 7003 2773
f 2749 7005 7004
f 2733 7006 2729
f 2729 7006 2731
f 7007 7008 871
f 871 7008 870
f 7008 7009 870
f 870 7009 877
f 7009 876 877
f 7010 7007 864
f 864 7007 872
f 7007 871 872
f 858 7010 865
f 7010 864 865
f 6992 7011 6998
f 7011 6992 7006
f 2731 7006 2725
f 2725 7006 6992
f 2733 2734 7012
f 2734 2736 7012
f 2744 7013 2739
f 7014 2746 7015
f 7015 2746 2747
f 7004 7015 2749
f 2749 7015 2748
f 7015 2747 2748
f 7016 7017 2756
f 2756 7017 2753
f 7017 7018 2753
f 7018 7005 2753
f 2753 7005 2752
f 7005 2749 2752
f 2759 7016 2758
f 2758 7016 2757
f 7016 2756 2757
f 7016 2759 7019
f 7019 2759 7020
f 2759 2762 7020
f 2762 2763 7020
f 7020 2763 7021
f 2763 2767 7021
f 2769 2772 7022
f 6998 7011 7023
f 859 7001 858
f 858 7001 7010
f 6998 7023 7001
f 7023 7010 7001
f 7010 7023 7024
f 7025 7004 7007
f 7026 7028 7027
f 7029 7030 7008
f 7031 7032 7010
f 7007 7033 7008
f 7010 7032 7007
f 7009 7008 7034
f 7028 7026 7035
f 7026 7036 7035
f 7036 7037 7035
f 7037 7038 7035
f 7035 7038 7039
f 7040 7030 7039
f 7039 7030 7035
f 7035 7030 7028
f 7025 7041 7004
f 7015 7041 7014
f 7042 7043 7018
f 7042 7019 7043
f 7019 7044 7043
f 7044 7004 7043
f 7004 7005 7043
f 7043 7005 7018
f 2769 7022 2768
f 2768 7022 7045
f 2773 7003 2772
f 2772 7003 7022
f 7019 7046 7016
f 2776 7003 2775
f 7045 7047 7021
f 7019 7042 7046
f 7046 7042 7018
f 2779 7002 2776
f 2776 7002 7003
f 7004 7041 7015
f 7048 7022 7003
f 7048 7003 7002
f 7020 7021 7047
f 7022 7048 7030
f 7030 7048 7049
f 7049 7048 7002
f 7050 7051 7002
f 7051 7052 7002
f 7052 7053 7002
f 7053 7049 7002
f 7049 7028 7030
f 7047 7029 7020
f 7054 7055 7049
f 7055 7056 7049
f 7049 7056 7028
f 7056 7057 7028
f 7028 7057 7027
f 7044 7019 7029
f 7029 7019 7020
f 7047 7022 7030
f 7049 7053 7054
f 880 7058 2780
f 2780 7058 7002
f 7058 7050 7002
f 7045 7022 7047
f 2737 7012 2736
f 2739 7013 2737
f 2737 7013 7059
f 2746 7014 2741
f 2741 7014 7060
f 7031 7013 7060
f 2733 7012 7006
f 7012 7024 7006
f 7006 7024 7011
f 7011 7024 7023
f 7024 7012 7059
f 7013 2744 7060
f 2744 2743 7060
f 7060 2743 2741
f 7061 7031 7060
f 7061 7060 7014
f 7059 7013 7031
f 7059 7012 2737
f 7024 7059 7010
f 7059 7031 7010
f 7031 7061 7032
f 7061 7007 7032
f 7044 7029 7008
f 7029 7047 7030
f 2768 7045 2767
f 2767 7045 7021
f 7016 7046 7017
f 7017 7046 7018
f 7014 7041 7061
f 7041 7025 7061
f 7025 7007 7061
f 7004 7044 7007
f 7007 7044 7033
f 7044 7008 7033
f 7008 7030 7034
f 7030 7040 7034
f 7062 7026 7063
f 7064 7050 7065
f 7050 7058 7065
f 7065 7058 878
f 7058 880 878
f 7050 7064 7051
f 7051 7064 7052
f 7064 7066 7052
f 7066 7067 7052
f 7052 7067 7053
f 7067 7068 7053
f 7053 7068 7054
f 7054 7068 7055
f 7068 7069 7055
f 7055 7069 7056
f 7069 7070 7056
f 7070 7071 7056
f 7056 7071 7057
f 7071 7072 7057
f 7057 7072 7027
f 7072 7063 7027
f 7063 7026 7027
f 7026 7062 7036
f 7036 7062 7037
f 7062 7073 7037
f 7073 7074 7037
f 7037 7074 7038
f 7074 7075 7038
f 7038 7075 7039
f 7039 7075 7040
f 7075 7076 7040
f 7076 7077 7040
f 7040 7077 7034
f 7077 7078 7034
f 7034 7078 7009
f 7078 863 7009
f 7009 863 876
f 863 7080 7079
f 863 7078 7080
f 7078 7077 7080
f 7077 7076 7080
f 7080 7076 7081
f 7076 7075 7081
f 7081 7075 7082
f 7075 7074 7082
f 7074 7073 7082
f 7073 7062 7082
f 7062 7063 7082
f 7063 7072 7082
f 7072 7071 7082
f 7071 7070 7082
f 7070 7069 7082
f 7069 7068 7082
f 7082 7068 7083
f 7068 7067 7083
f 7080 7084 7079
f 7085 7067 7066
f 7080 7086 7084
f 7087 7066 7064
f 7080 7088 7086
f 878 7089 7065
f 7065 7089 7064
f 7064 7089 7087
f 7066 7087 7085
f 7080 7090 7088
f 7089 7091 7087
f 7087 7091 7085
f 7091 7092 7085
f 7085 7092 7083
f 7092 7093 7083
f 7083 7093 7082
f 7093 7094 7082
f 7094 7095 7082
f 7095 7096 7082
f 7096 7097 7082
f 7082 7097 7081
f 7097 7098 7081
f 7081 7098 7080
f 7098 7099 7080
f 7099 7100 7080
f 7100 7101 7080
f 7080 7101 7090
f 7101 856 7090
f 7067 7085 7083
f 854 7102 856
f 856 7102 7090
f 7102 7103 7090
f 7090 7103 7088
f 7103 7104 7088
f 7088 7104 7086
f 7104 7105 7086
f 7086 7105 7084
f 7105 7106 7084
f 7084 7106 7079
f 7106 862 7079
f 7079 862 863
f 879 7107 878
f 878 7107 7089
f 7107 7108 7089
f 7089 7108 7091
f 7108 7109 7091
f 7091 7109 7092
f 7109 7110 7092
f 7092 7110 7093
f 7110 7111 7093
f 7093 7111 7094
f 7111 7112 7094
f 7094 7112 7095
f 7112 7113 7095
f 7095 7113 7096
f 7113 7114 7096
f 7096 7114 7097
f 7114 7115 7097
f 7097 7115 7098
f 7115 7116 7098
f 7098 7116 7099
f 7116 7117 7099
f 7099 7117 7100
f 7117 7118 7100
f 7100 7118 7101
f 7118 857 7101
f 7101 857 856
f 854 7119 7102
f 854 7120 7119
f 7120 7121 7119
f 7119 7121 7122
f 7121 7123 7122
f 7123 7124 7122
f 7124 7125 7122
f 7125 7126 7122
f 7122 7126 7127
f 7126 7128 7127
f 7128 7129 7127
f 7129 7130 7127
f 7119 7103 7102
f 7131 7130 7132
f 7119 7104 7103
f 7133 7132 7134
f 7119 7105 7104
f 884 7136 7135
f 7135 7136 7134
f 7134 7136 7133
f 7132 7133 7131
f 7119 7106 7105
f 884 7137 7136
f 7136 7137 7133
f 7137 7138 7133
f 7133 7138 7131
f 7138 7139 7131
f 7131 7139 7127
f 7139 7140 7127
f 7140 7141 7127
f 7141 7142 7127
f 7142 7143 7127
f 7143 7144 7127
f 7127 7144 7122
f 7144 7145 7122
f 7145 7146 7122
f 7146 7147 7122
f 7147 7148 7122
f 7122 7148 7119
f 7148 7149 7119
f 7149 7150 7119
f 7150 7151 7119
f 7151 7152 7119
f 7152 7153 7119
f 7119 7153 7106
f 7153 862 7106
f 7130 7131 7127
f 879 7154 7107
f 879 7155 7154
f 7155 7156 7154
f 7154 7157 7107
f 7157 7108 7107
f 7158 7157 7154
f 7157 7109 7108
f 7158 7156 7159
f 7158 7160 7157
f 7157 7110 7109
f 7161 7159 7162
f 7157 7111 7110
f 7161 7162 7163
f 7157 7112 7111
f 7161 7163 7164
f 7165 7166 7158
f 7158 7166 7160
f 7166 7167 7160
f 7160 7167 7157
f 7157 7167 7112
f 7167 7113 7112
f 7161 7164 7168
f 7165 7169 7166
f 7170 7168 7171
f 7167 7114 7113
f 7170 7171 7172
f 7173 7172 7174
f 7175 7177 7176
f 7178 7179 7169
f 7169 7179 7166
f 7167 7115 7114
f 7173 7174 7180
f 7177 7178 7169
f 7177 7181 7178
f 7181 7182 7178
f 7178 7182 7179
f 7182 7183 7179
f 7183 7184 7179
f 7179 7184 7166
f 7166 7184 7167
f 7167 7116 7115
f 7173 7180 7185
f 7175 7186 7177
f 7167 7184 7116
f 7186 7181 7177
f 7184 7117 7116
f 850 7188 7187
f 7187 7188 7185
f 7185 7188 7173
f 7173 7188 7189
f 7172 7173 7170
f 7168 7170 7161
f 7189 7188 7175
f 7173 7189 7176
f 7189 7175 7176
f 7161 7170 7190
f 7190 7170 7173
f 7159 7161 7158
f 7161 7190 7165
f 7156 7158 7154
f 7158 7161 7165
f 7190 7173 7177
f 7173 7176 7177
f 7184 7118 7117
f 850 7191 7188
f 7188 7191 7175
f 7191 7192 7175
f 7192 7193 7175
f 7175 7193 7186
f 7193 7194 7186
f 7194 7195 7186
f 7195 7196 7186
f 7186 7196 7181
f 7196 7197 7181
f 7197 7198 7181
f 7181 7198 7182
f 7198 7199 7182
f 7199 7200 7182
f 7182 7200 7183
f 7200 7201 7183
f 7183 7201 7184
f 7201 7202 7184
f 7202 7203 7184
f 7203 7204 7184
f 7204 7205 7184
f 7205 7206 7184
f 7206 7207 7184
f 7184 7207 7118
f 7207 857 7118
f 7165 7190 7169
f 7169 7190 7177
f 882 7208 884
f 884 7208 7137
f 7208 7209 7137
f 7209 7210 7137
f 7137 7210 7138
f 7210 7211 7138
f 7138 7211 7139
f 7139 7211 7140
f 7211 7212 7140
f 7140 7212 7141
f 7212 7213 7141
f 7213 7214 7141
f 7141 7214 7142
f 7142 7214 7143
f 7214 7215 7143
f 7143 7215 7144
f 7215 7216 7144
f 7216 7217 7144
f 7144 7217 7145
f 7217 7218 7145
f 7145 7218 7146
f 7218 7219 7146
f 7146 7219 7147
f 7219 7220 7147
f 7220 7221 7147
f 7147 7221 7148
f 7148 7221 7149
f 7221 7222 7149
f 7149 7222 7150
f 7222 7223 7150
f 7223 7224 7150
f 7150 7224 7151
f 7153 7152 7225
f 7152 7151 7225
f 7151 7224 7225
f 862 7153 861
f 861 7153 7226
f 7153 7225 7226
f 884 7135 885
f 885 7135 7227
f 7135 7134 7227
f 7227 7134 7228
f 7134 7132 7228
f 7228 7132 7229
f 7132 7130 7229
f 7229 7130 7230
f 7130 7129 7230
f 7230 7129 7231
f 7129 7128 7231
f 7231 7128 7232
f 7128 7126 7232
f 7232 7126 7233
f 7126 7125 7233
f 7233 7125 7234
f 7125 7124 7234
f 7234 7124 7235
f 7124 7123 7235
f 7235 7123 7236
f 7123 7121 7236
f 7121 7120 7236
f 7236 7120 7237
f 7120 854 7237
f 7237 854 855
f 851 7238 850
f 850 7238 7191
f 7238 7239 7191
f 7191 7239 7192
f 7239 7240 7192
f 7192 7240 7193
f 7240 7241 7193
f 7193 7241 7194
f 7241 7242 7194
f 7194 7242 7195
f 7242 7243 7195
f 7195 7243 7196
f 7243 7244 7196
f 7196 7244 7197
f 7244 7245 7197
f 7197 7245 7198
f 7245 7246 7198
f 7198 7246 7199
f 7246 7247 7199
f 7199 7247 7200
f 7247 7248 7200
f 7200 7248 7201
f 7248 7249 7201
f 7201 7249 7202
f 7249 7250 7202
f 7202 7250 7203
f 7250 7251 7203
f 7203 7251 7204
f 7251 7252 7204
f 7204 7252 7205
f 7252 7253 7205
f 7205 7253 7206
f 7253 7254 7206
f 7206 7254 7207
f 7254 855 7207
f 7207 855 857
f 7155 879 7255
f 879 881 7255
f 7159 7156 7256
f 7256 7156 7257
f 7156 7155 7257
f 7257 7155 7255
f 7162 7159 7258
f 7159 7256 7258
f 7162 7258 7259
f 7164 7163 7260
f 7163 7162 7260
f 7260 7162 7259
f 7168 7164 7261
f 7164 7260 7261
f 7172 7171 7262
f 7262 7171 7263
f 7171 7168 7263
f 7263 7168 7261
f 7264 7174 7265
f 7265 7174 7266
f 7174 7172 7266
f 7172 7262 7266
f 7174 7264 7180
f 7264 7267 7180
f 7180 7267 7185
f 7267 7268 7185
f 7268 7269 7185
f 7185 7269 7187
f 7269 7270 7187
f 7187 7270 850
f 7270 852 850
f 2568 7272 7271
f 2545 7274 7273
f 869 7275 868
f 873 874 7276
f 7276 874 7277
f 874 866 7277
f 882 2542 7208
f 7208 2542 7278
f 7278 2542 7279
f 2542 2549 7279
f 7273 7279 2545
f 2545 7279 2547
f 7279 2549 2547
f 7280 7281 2555
f 2555 7281 2554
f 2554 7281 2552
f 7281 7274 2552
f 2552 7274 2556
f 7274 2545 2556
f 2557 7280 2559
f 2559 7280 2561
f 7280 2555 2561
f 7280 2557 7282
f 7282 2557 7283
f 2557 2566 7283
f 2566 2564 7283
f 7283 2564 7284
f 2564 2565 7284
f 2565 2567 7284
f 7271 7284 2568
f 2568 7284 2567
f 7285 7286 2571
f 2571 7286 2573
f 7286 7272 2573
f 2573 7272 2576
f 7272 2568 2576
f 7285 2572 2541
f 7287 2580 2579
f 2538 7288 2581
f 7289 7288 2585
f 2585 7288 2586
f 2592 7289 2583
f 2583 7289 2582
f 7289 2585 2582
f 7290 7291 2591
f 2591 7291 2592
f 2592 7291 7289
f 2594 7290 2589
f 7290 2591 2589
f 2594 2535 7290
f 7220 7292 7221
f 7221 7292 7222
f 7222 7292 7223
f 7292 7293 7223
f 7223 7293 7224
f 7293 7294 7224
f 7224 7294 7225
f 7294 7277 7225
f 7225 7277 7226
f 7277 7295 7276
f 7296 7298 7297
f 7299 7300 7276
f 7300 7301 7276
f 7302 7275 7301
f 873 7276 869
f 869 7276 7275
f 7276 7301 7275
f 7277 866 7226
f 7226 866 861
f 7275 867 868
f 7275 7296 867
f 867 7296 875
f 7296 860 875
f 7287 7285 2580
f 2580 7285 2541
f 2577 2581 7287
f 7287 2581 7303
f 2581 7288 7303
f 7300 7285 7287
f 7285 2571 2572
f 7301 7300 7287
f 7288 2538 2586
f 7298 7291 7290
f 7289 7302 7288
f 7291 7302 7289
f 7297 7298 7304
f 7298 7290 7304
f 7302 7291 7275
f 7291 7298 7275
f 7298 7296 7275
f 7283 7284 7305
f 7208 7278 7209
f 7281 7280 7306
f 7284 7271 7305
f 7210 7278 7211
f 7211 7278 7212
f 7209 7278 7210
f 7272 7286 7299
f 7286 7285 7299
f 7285 7300 7299
f 7218 7217 7278
f 7217 7216 7278
f 7216 7215 7278
f 7215 7214 7278
f 7214 7213 7278
f 7213 7212 7278
f 7307 7279 7273
f 7279 7307 7278
f 7278 7307 7218
f 7307 7292 7218
f 7218 7292 7219
f 7292 7220 7219
f 7281 7306 7308
f 7308 7306 7293
f 7295 7277 7309
f 7277 7293 7309
f 7309 7293 7306
f 7274 7308 7273
f 7273 7308 7307
f 7308 7293 7307
f 7307 7293 7292
f 7293 7277 7294
f 7280 7282 7306
f 7305 7271 7272
f 7310 7282 7283
f 7305 7295 7283
f 7295 7305 7272
f 7309 7310 7295
f 7310 7283 7295
f 7309 7306 7310
f 7310 7306 7282
f 7308 7274 7281
f 7287 7303 7301
f 7301 7303 7288
f 7295 7272 7276
f 7276 7272 7299
f 7301 7288 7302
f 7287 2579 2577
f 855 7311 7237
f 855 7254 7311
f 7254 7253 7311
f 7311 7253 7252
f 7311 7236 7237
f 7311 7252 7251
f 7312 7251 7250
f 7313 7314 7311
f 7311 7235 7236
f 7312 7250 7249
f 7314 7315 7311
f 7311 7315 7235
f 7312 7249 7248
f 7315 7234 7235
f 7312 7248 7247
f 7314 7316 7315
f 7315 7233 7234
f 7317 7247 7246
f 7313 7318 7314
f 7318 7319 7314
f 7317 7246 7245
f 7319 7316 7314
f 7315 7232 7233
f 7317 7245 7244
f 7317 7244 7243
f 7316 7320 7315
f 7315 7320 7232
f 7320 7231 7232
f 7317 7243 7242
f 7321 7322 7320
f 7320 7322 7231
f 7322 7230 7231
f 7323 7242 7241
f 7324 7326 7325
f 7325 7326 7318
f 7316 7327 7320
f 7322 7229 7230
f 7323 7241 7240
f 7319 7327 7316
f 7327 7321 7320
f 7323 7240 7239
f 7326 7319 7318
f 7322 7321 7229
f 7321 7228 7229
f 851 7324 7238
f 7238 7324 7239
f 7239 7324 7323
f 7242 7323 7317
f 7247 7317 7312
f 7323 7324 7325
f 7317 7323 7313
f 7313 7323 7325
f 7251 7312 7311
f 7312 7317 7313
f 7321 7227 7228
f 851 7328 7324
f 7328 7329 7324
f 7329 7330 7324
f 7324 7330 7326
f 7330 7331 7326
f 7326 7331 7319
f 7331 7332 7319
f 7332 7333 7319
f 7333 7334 7319
f 7319 7334 7327
f 7334 7335 7327
f 7327 7335 7321
f 7335 7336 7321
f 7336 7337 7321
f 7337 7338 7321
f 7338 7339 7321
f 7321 7339 7227
f 7339 885 7227
f 7311 7312 7313
f 7318 7313 7325
f 7340 7259 7258
f 7341 2740 2738
f 2742 7342 2745
f 7343 2754 2750
f 7344 2760 2761
f 7345 2715 2717
f 2715 7346 2721
f 7347 2671 7348
f 7349 7351 7350
f 2693 7352 2696
f 2691 7352 2690
f 852 7353 2700
f 2686 7354 2681
f 2681 7354 2680
f 2675 7354 7355
f 7354 7356 7355
f 7355 7356 7357
f 2673 7355 7358
f 7358 7357 7359
f 7357 7360 7359
f 2675 7355 2673
f 7355 7357 7358
f 7357 7361 7360
f 7361 7362 7360
f 2680 7354 2675
f 7356 7363 7357
f 7357 7363 7361
f 7364 7365 7349
f 7349 7365 7351
f 7364 7366 7365
f 7366 7347 7365
f 7347 7348 7365
f 2637 7348 2636
f 2636 7348 2671
f 2671 7347 2670
f 2670 7347 2665
f 2665 7347 2668
f 7347 7366 2668
f 2668 7366 2661
f 7366 7364 7367
f 7368 7370 7369
f 7367 7368 7369
f 2651 2652 7369
f 7369 2652 7367
f 2652 2655 7367
f 2642 2643 7371
f 7371 2643 7372
f 7372 2643 2649
f 7369 7370 2648
f 7370 2646 2648
f 2651 7369 2648
f 7365 7348 7351
f 2659 7367 2662
f 2662 7367 2655
f 2661 7366 2659
f 2659 7366 7367
f 2738 2735 7341
f 7341 2735 7373
f 2727 7373 2735
f 2728 7373 2727
f 7373 2728 7374
f 2732 7374 2730
f 7374 2728 2730
f 7346 7364 2721
f 2721 7364 2720
f 2720 7364 2724
f 7364 7374 2724
f 7374 2732 2724
f 7350 7376 7375
f 7375 7349 7350
f 2705 7345 2711
f 7345 2717 2711
f 79 7371 2704
f 2704 7371 2703
f 7371 2702 2703
f 7368 7346 7345
f 7345 7346 2715
f 7375 7374 7349
f 7374 7364 7349
f 7345 2705 2706
f 7371 7372 2702
f 7372 2709 2702
f 7370 7345 7372
f 7372 7345 2709
f 7345 2706 2709
f 2646 7370 2649
f 2649 7370 7372
f 7345 7370 7368
f 7367 7346 7368
f 881 2781 7255
f 7255 2781 7377
f 2766 7378 2770
f 7378 7377 2770
f 2770 7377 2774
f 2774 7377 2778
f 2778 7377 2777
f 7377 2781 2777
f 2766 2771 7378
f 2771 2765 7378
f 2765 2764 7378
f 7378 2764 7379
f 2764 2760 7379
f 7255 7377 7257
f 7377 7379 7380
f 7375 7381 7341
f 7343 2750 2751
f 7382 7383 7342
f 7343 2755 2754
f 7367 7364 7346
f 7375 7341 7373
f 7382 7342 7381
f 7342 7343 2745
f 7343 2751 2745
f 2742 2740 7342
f 7342 2740 7381
f 2740 7341 7381
f 7373 7374 7375
f 7383 7340 7380
f 7340 7384 7259
f 7384 7260 7259
f 7383 7385 7340
f 7384 7261 7260
f 7385 7384 7340
f 7384 7386 7261
f 7385 7383 7387
f 852 7270 7353
f 7270 7269 7353
f 7269 7268 7353
f 7353 7268 7388
f 7268 7267 7388
f 7267 7264 7388
f 7388 7264 7389
f 7264 7265 7389
f 7389 7265 7390
f 7265 7266 7390
f 7266 7262 7390
f 7390 7262 7391
f 7262 7263 7391
f 7391 7263 7386
f 7263 7261 7386
f 7386 7384 7385
f 7391 7386 7392
f 7386 7385 7392
f 2700 7353 2697
f 7353 7388 7352
f 7388 7389 7393
f 7385 7387 7392
f 2697 7353 2691
f 2691 7353 7352
f 7352 7388 7393
f 7380 7379 7383
f 7383 7382 7387
f 7257 7377 7256
f 7256 7377 7380
f 2760 7344 7379
f 7379 7344 7343
f 7382 7375 7376
f 7377 7378 7379
f 7379 7343 7383
f 7375 7382 7381
f 7343 7344 2755
f 7344 2761 2755
f 2690 7352 2693
f 7352 7393 7394
f 7393 7389 7363
f 7389 7390 7363
f 7390 7391 7392
f 7392 7363 7390
f 7356 7394 7393
f 7354 2687 7394
f 7394 7356 7354
f 2687 7354 2686
f 7356 7393 7363
f 7363 7392 7361
f 7392 7362 7361
f 7362 7376 7360
f 7348 7359 7351
f 7351 7359 7350
f 7359 7360 7350
f 7360 7376 7350
f 2696 7352 2687
f 2687 7352 7394
f 7392 7387 7362
f 7342 7383 7343
f 2642 7371 2641
f 2641 7371 79
f 2673 7358 2637
f 2637 7358 7348
f 7348 7358 7359
f 7376 7362 7382
f 7362 7387 7382
f 7340 7258 7380
f 7380 7258 7256
f 2621 7395 2623
f 2602 7397 7396
f 7398 2535 2596
f 7396 7398 2602
f 2602 7398 2598
f 7398 2597 2598
f 2611 7397 2605
f 2605 7397 2607
f 2607 7397 2610
f 7397 2602 2610
f 2616 7399 2615
f 2615 7399 2612
f 7399 2630 2612
f 2616 127 7399
f 2630 7395 7397
f 2535 7398 7290
f 2597 7398 2596
f 7398 7304 7290
f 7304 7398 7396
f 7397 2611 2630
f 2611 2612 2630
f 7395 2621 7400
f 2622 7400 2621
f 7400 2618 7296
f 2618 860 7296
f 7400 2622 2618
f 7297 7304 7396
f 7396 7395 7400
f 2631 2630 7399
f 2630 2627 7395
f 2627 2625 7395
f 7395 2625 2623
f 2632 7399 127
f 7396 7400 7297
f 7297 7400 7296
f 7396 7397 7395
f 2632 2631 7399
f 883 885 7401
f 7401 885 7339
f 7401 7339 7402
f 7402 7339 7403
f 7339 7338 7403
f 7403 7338 7404
f 7338 7337 7404
f 7404 7337 7405
f 7337 7336 7405
f 7405 7336 7406
f 7336 7335 7406
f 7406 7335 7407
f 7407 7335 7408
f 7335 7334 7408
f 7408 7334 7409
f 7334 7333 7409
f 7409 7333 7410
f 7410 7333 7411
f 7333 7332 7411
f 7332 7331 7411
f 7411 7331 7412
f 7412 7331 7413
f 7331 7330 7413
f 7413 7330 7414
f 7330 7329 7414
f 7414 7329 7415
f 7329 7328 7415
f 7415 7328 7416
f 7328 851 7416
f 7416 851 7417
f 851 853 7417
f 2590 7418 2593
f 7419 2595 2533
f 2613 7420 2617
f 2617 7420 80
f 2544 7421 2543
f 2550 7422 2548
f 2553 7423 2560
f 2560 7424 2558
f 2569 7425 2575
f 2575 7425 2574
f 2540 7426 2539
f 7420 2640 80
f 2639 7427 2644
f 2645 2650 7427
f 2650 2644 7427
f 7427 7429 7428
f 7427 2647 2645
f 7430 7432 7431
f 7433 7434 7430
f 7434 7435 7430
f 2660 7437 7436
f 7428 7437 2656
f 2656 7437 2663
f 2663 7437 2658
f 7437 2660 2658
f 7438 2669 7435
f 2667 7435 2666
f 7435 2669 2666
f 2664 2660 7436
f 2647 7427 2653
f 2653 7427 2654
f 7427 7428 2654
f 2654 7428 2657
f 7428 2656 2657
f 7434 7433 7439
f 2664 7436 2667
f 2667 7436 7435
f 7440 7439 7433
f 2679 7440 2678
f 2678 7440 2683
f 7440 2682 2683
f 2677 7440 2676
f 2676 7440 2679
f 7441 7443 7442
f 7444 7445 7441
f 7441 7445 7443
f 2689 2688 7446
f 2685 7443 2684
f 7443 2688 2684
f 7433 7442 7440
f 7440 7442 7443
f 7443 7446 2688
f 7447 7445 7444
f 7445 7446 7443
f 7448 7449 7445
f 7445 7449 7446
f 7449 7450 7446
f 7447 7448 7445
f 7450 2692 7451
f 2692 7450 2698
f 2698 7450 2699
f 2689 7446 2695
f 7446 7451 2695
f 2695 7451 2694
f 7451 2692 2694
f 7440 7443 2682
f 7443 2685 2682
f 7452 7410 7447
f 7410 7411 7447
f 7411 7412 7447
f 7447 7412 7448
f 7412 7413 7448
f 7448 7413 7449
f 7413 7414 7449
f 7449 7414 7450
f 7414 7415 7450
f 7415 7416 7450
f 2569 2570 7425
f 2563 7424 2562
f 2578 7426 2537
f 2537 7426 7453
f 7454 7456 7455
f 7456 7457 7455
f 7426 2578 2539
f 7433 7454 7458
f 7454 7453 7456
f 7456 7453 7457
f 7453 7426 7457
f 7458 7455 7459
f 7457 7425 7460
f 7460 7461 7457
f 7461 7462 7457
f 7459 7455 7462
f 7455 7457 7462
f 7425 2570 7424
f 2570 2562 7424
f 7458 7454 7455
f 7457 7426 7425
f 7426 2540 7425
f 7425 2540 2574
f 2551 7423 2553
f 7461 7463 7462
f 7458 7459 7442
f 7463 7461 7464
f 2560 7423 7424
f 7424 7423 7465
f 7465 7464 7460
f 7460 7464 7461
f 7463 7464 7466
f 7464 7465 7467
f 7465 7422 7467
f 7423 2546 7422
f 7422 2546 2548
f 883 7421 2544
f 7452 7444 7462
f 7442 7459 7441
f 7441 7459 7444
f 7452 7462 7463
f 7466 7464 7467
f 7422 2550 7421
f 7421 2550 2543
f 7459 7462 7444
f 7465 7423 7422
f 7423 2551 2546
f 2558 7424 2563
f 7424 7465 7425
f 7465 7460 7425
f 2609 2600 7468
f 7468 2600 7429
f 2600 2601 7429
f 7429 2601 7469
f 2601 2603 7469
f 7468 2606 2608
f 2533 2534 7419
f 7418 7419 2593
f 2593 7419 2534
f 2595 7470 2599
f 2599 7470 2604
f 7470 7469 2604
f 2604 7469 2603
f 2595 7419 7470
f 2588 7418 2587
f 7418 2590 2587
f 2536 7471 2584
f 7470 7419 7472
f 7419 7418 7472
f 7472 7418 7471
f 7418 2588 7471
f 7471 2588 2584
f 7473 7471 7453
f 7471 2536 7453
f 7420 2639 2640
f 7468 2614 2606
f 2639 7420 7427
f 7427 7420 7468
f 7468 7420 2614
f 7420 2613 2614
f 7427 7468 7429
f 2609 7468 2608
f 7470 7432 7469
f 7472 7431 7432
f 7471 7473 7472
f 7472 7473 7431
f 7472 7432 7470
f 7473 7453 7474
f 7430 7431 7474
f 7432 7428 7469
f 7473 7474 7431
f 7439 7438 7434
f 7438 7435 7434
f 7435 7436 7430
f 7430 7436 7432
f 7436 7437 7432
f 7432 7437 7428
f 7428 7429 7469
f 7417 853 7450
f 853 2699 7450
f 2669 7438 2672
f 2672 7438 2638
f 2638 7438 2674
f 7438 7439 2674
f 2674 7439 2677
f 2677 7439 7440
f 7433 7458 7442
f 7444 7452 7447
f 7410 7452 7409
f 7452 7463 7409
f 7463 7466 7409
f 7409 7466 7408
f 7408 7466 7407
f 7466 7467 7407
f 7407 7467 7406
f 7406 7467 7405
f 7467 7422 7405
f 7405 7422 7404
f 7404 7422 7403
f 7403 7422 7402
f 7422 7421 7402
f 7402 7421 7401
f 7421 883 7401
f 7417 7450 7416
f 7450 7451 7446
f 7433 7430 7454
f 7430 7474 7454
f 7454 7474 7453
f 7453 2536 2537
f 7475 7477 7476
f 944 7478 943
f 7479 939 941
f 936 7480 935
f 935 7480 932
f 929 7481 928
f 7482 7484 7483
f 7485 7487 7486
f 7485 7475 7487
f 7488 7485 7486
f 7489 7491 7490
f 7491 7488 7490
f 7490 7488 7492
f 7488 7486 7492
f 7486 7493 7492
f 7494 7487 7495
f 7486 7482 7496
f 7496 7482 7483
f 7486 7496 7493
f 7495 7497 7494
f 7497 7499 7498
f 7500 7497 7501
f 7497 7498 7501
f 7501 7498 7502
f 7498 7503 7502
f 7504 7506 7505
f 7505 7506 7499
f 7498 7499 7503
f 7499 7506 7503
f 953 7507 958
f 958 7507 950
f 7507 953 954
f 7478 7507 7495
f 7507 7497 7495
f 7507 7478 950
f 7478 951 950
f 961 7507 959
f 7507 954 959
f 7505 7499 963
f 75 7505 966
f 966 7505 965
f 7505 963 965
f 7507 7499 7497
f 7481 929 932
f 7481 7480 7476
f 7480 7479 7476
f 941 889 7479
f 889 888 7479
f 936 939 7480
f 939 7479 7480
f 944 951 7478
f 7477 7508 7476
f 7509 7475 7485
f 7477 7475 7509
f 932 7480 7481
f 7479 7510 7475
f 888 7510 7479
f 7510 7478 7495
f 7504 7505 75
f 7487 7494 7486
f 7486 7494 7482
f 7482 7494 7484
f 7481 7476 7508
f 7476 7479 7475
f 7475 7495 7487
f 7494 7497 7484
f 7497 7500 7484
f 963 7499 961
f 961 7499 7507
f 7475 7510 7495
f 7478 7510 943
f 7510 888 943
f 7511 7513 7512
f 7514 7491 7489
f 7514 7515 7491
f 7516 7515 7517
f 7518 7520 7519
f 7521 7513 7522
f 7522 7513 7511
f 7523 7512 7524
f 7512 7513 7524
f 7524 7513 7525
f 7526 7524 7518
f 7527 7528 7525
f 7528 7529 7517
f 7530 7531 7516
f 7530 7509 7485
f 7532 7513 7521
f 7525 7528 7524
f 7528 7517 7524
f 7533 7534 7532
f 7532 7534 7513
f 7534 7525 7513
f 7517 7520 7524
f 7524 7520 7518
f 7515 7516 7491
f 7491 7531 7488
f 7531 7485 7488
f 7531 7530 7485
f 7535 912 7536
f 918 7536 917
f 7536 912 917
f 918 921 7536
f 7536 921 7537
f 921 923 7537
f 7537 923 922
f 7538 7539 7536
f 7516 7529 7530
f 7530 7529 7540
f 7529 7541 7540
f 7540 7541 7538
f 7541 7539 7538
f 7537 922 895
f 927 7537 895
f 7542 7508 7543
f 7542 931 7481
f 931 928 7481
f 7542 7481 7508
f 7537 7543 7538
f 7530 7544 7509
f 7544 7477 7509
f 7477 7543 7508
f 7530 7540 7544
f 901 7545 896
f 896 7545 898
f 7545 7546 898
f 901 907 7545
f 7545 907 7547
f 907 905 7547
f 905 911 7547
f 911 910 7547
f 7547 910 7535
f 910 916 7535
f 912 7535 914
f 7535 916 914
f 7545 7547 7548
f 7536 7537 7538
f 7540 7538 7543
f 892 7542 926
f 926 7542 927
f 927 7542 7537
f 7536 7539 7535
f 7535 7539 7547
f 7533 7549 7534
f 7549 7550 7534
f 7534 7550 7551
f 7550 7552 7551
f 7552 7553 7551
f 7551 7553 7554
f 7553 7555 7554
f 7555 7556 7554
f 7556 7557 7554
f 7557 7558 7554
f 7558 7559 7554
f 7527 7551 7560
f 7551 7554 7560
f 7554 7561 7560
f 7561 7554 7562
f 7562 7554 7548
f 7563 7554 7559
f 7551 7527 7534
f 7560 7539 7541
f 7516 7517 7529
f 7528 7527 7541
f 7527 7560 7541
f 7560 7561 7539
f 7539 7561 7562
f 7527 7525 7534
f 7531 7491 7516
f 7524 7526 7523
f 7546 7545 7563
f 7563 7545 7554
f 7554 7545 7548
f 7548 7547 7562
f 7547 7539 7562
f 7541 7529 7528
f 7544 7540 7477
f 7540 7543 7477
f 7543 7537 7542
f 7542 892 931
f 7564 7565 7519
f 7519 7565 7518
f 7565 7566 7518
f 7566 7567 7518
f 7567 7568 7518
f 7518 7568 7526
f 7568 7569 7526
f 7526 7569 7523
f 7569 7570 7523
f 7570 7571 7523
f 7523 7571 7512
f 7571 7572 7512
f 7512 7572 7511
f 7572 7573 7511
f 7573 7574 7511
f 7511 7574 7522
f 7574 7575 7522
f 7522 7575 7521
f 7575 7576 7521
f 7521 7576 7532
f 7576 7577 7532
f 7532 7577 7533
f 7577 7578 7533
f 7533 7578 7549
f 7578 7579 7549
f 7549 7579 7550
f 7579 7580 7550
f 7580 7581 7550
f 7550 7581 7552
f 7581 7582 7552
f 7552 7582 7553
f 7582 7583 7553
f 7553 7583 7555
f 7583 7584 7555
f 7584 7556 7555
f 7585 7556 7586
f 7556 7584 7586
f 7556 7585 7557
f 7585 7587 7557
f 7557 7587 7558
f 7558 7587 7559
f 7587 7588 7559
f 7559 7588 7563
f 7588 7589 7563
f 7563 7589 7546
f 7589 7590 7546
f 7590 7591 7546
f 7591 898 7546
f 7592 7593 7583
f 7583 7593 7584
f 7593 7594 7584
f 7584 7594 7586
f 7594 7595 7586
f 7586 7595 7585
f 7595 7596 7585
f 7585 7596 7587
f 7596 7597 7587
f 7587 7597 7588
f 7597 7598 7588
f 7588 7598 7589
f 7598 7599 7589
f 7589 7599 7590
f 7599 7600 7590
f 7590 7600 7591
f 7600 7601 7591
f 7579 7602 7580
f 7580 7602 7581
f 7602 7592 7581
f 7581 7592 7582
f 7592 7583 7582
f 7602 7579 7603
f 7603 7579 7604
f 7579 7578 7604
f 7604 7578 7605
f 7578 7577 7605
f 7605 7577 7606
f 7577 7576 7606
f 7606 7576 7607
f 7576 7575 7607
f 7607 7575 7608
f 7575 7574 7608
f 7608 7574 7609
f 7574 7573 7609
f 7609 7573 7610
f 7573 7572 7610
f 7610 7572 7611
f 7572 7571 7611
f 7611 7571 7612
f 7571 7570 7612
f 7612 7570 7613
f 7570 7569 7613
f 7613 7569 7614
f 7569 7568 7614
f 7614 7568 7615
f 7568 7567 7615
f 7615 7567 7616
f 7567 7566 7616
f 7616 7566 7617
f 7566 7565 7617
f 7617 7565 7618
f 7565 7564 7618
f 7601 7600 7619
f 7619 7600 7620
f 7600 7599 7620
f 7620 7599 7621
f 7599 7598 7621
f 7598 7597 7621
f 7621 7597 7622
f 7597 7596 7622
f 7622 7596 7623
f 7596 7595 7623
f 7623 7595 7624
f 7595 7594 7624
f 7624 7594 7625
f 7594 7593 7625
f 7593 7592 7625
f 7625 7592 7626
f 7592 7602 7626
f 7602 7603 7626
f 7626 7603 7627
f 7603 7604 7627
f 7627 7604 7628
f 7604 7605 7628
f 7628 7605 7629
f 7605 7606 7629
f 7629 7606 7630
f 7606 7607 7630
f 7607 7608 7630
f 7608 7609 7630
f 7630 7609 7631
f 7609 7610 7631
f 7632 7633 7611
f 7611 7633 7610
f 7633 7631 7610
f 7634 7635 7618
f 7618 7635 7617
f 7617 7635 7616
f 7635 7636 7616
f 7616 7636 7615
f 7636 7637 7615
f 7615 7637 7614
f 7614 7637 7613
f 7637 7632 7613
f 7613 7632 7612
f 7632 7611 7612
f 7626 7638 7625
f 7638 7639 7625
f 7625 7639 7624
f 7639 7640 7624
f 7624 7640 7623
f 7640 7641 7623
f 7623 7641 7622
f 7641 7642 7622
f 7622 7642 7621
f 7642 7643 7621
f 7643 7644 7621
f 7621 7644 7620
f 7644 7645 7620
f 7620 7645 7619
f 7645 7646 7619
f 7646 7647 7619
f 7638 7626 7648
f 7626 7627 7648
f 7648 7627 7649
f 7627 7628 7649
f 7649 7628 7650
f 7628 7629 7650
f 7650 7629 7651
f 7651 7629 7652
f 7629 7630 7652
f 7652 7630 7653
f 7630 7631 7653
f 7653 7631 7654
f 7631 7633 7654
f 7654 7633 7655
f 7633 7632 7655
f 7655 7632 7656
f 7632 7637 7656
f 7656 7637 7657
f 7637 7636 7657
f 7657 7636 7658
f 7636 7635 7658
f 7658 7635 7659
f 7635 7634 7659
f 7659 7634 7660
f 7661 7660 7662
f 7663 7658 7664
f 7665 7657 7663
f 7666 7654 7667
f 7668 7653 7666
f 7669 7650 7670
f 7647 7672 7671
f 7647 7646 7672
f 7672 7646 7673
f 7646 7645 7673
f 7673 7645 7674
f 7645 7644 7674
f 7674 7644 7675
f 7644 7643 7675
f 7675 7643 7676
f 7643 7642 7676
f 7676 7642 7677
f 7642 7641 7677
f 7677 7641 7678
f 7641 7640 7678
f 7678 7640 7679
f 7640 7639 7679
f 7679 7639 7680
f 7639 7638 7680
f 7669 7681 7650
f 7650 7681 7649
f 7649 7681 7648
f 7681 7680 7648
f 7648 7680 7638
f 7682 7670 7652
f 7652 7670 7651
f 7670 7650 7651
f 7668 7682 7653
f 7653 7682 7652
f 7666 7653 7654
f 7683 7667 7656
f 7656 7667 7655
f 7667 7654 7655
f 7665 7683 7657
f 7657 7683 7656
f 7663 7657 7658
f 7661 7664 7660
f 7660 7664 7659
f 7664 7658 7659
f 7661 7684 7664
f 7672 899 7671
f 899 7672 7685
f 7672 7673 7685
f 7685 7673 7686
f 7673 7674 7686
f 7686 7674 7687
f 7674 7675 7687
f 7687 7675 7688
f 7688 7675 7689
f 7675 7676 7689
f 7689 7676 7677
f 7689 7677 7690
f 7677 7678 7690
f 7690 7678 7691
f 7678 7679 7691
f 7691 7679 7692
f 7679 7680 7692
f 7692 7680 7681
f 7670 7693 7669
f 7693 7694 7669
f 7669 7694 7681
f 7694 7692 7681
f 7666 7695 7668
f 7668 7695 7682
f 7695 7693 7682
f 7693 7670 7682
f 7695 7666 7696
f 7696 7666 7667
f 7697 7698 7663
f 7696 7667 7699
f 7667 7683 7699
f 7699 7683 7698
f 7683 7665 7698
f 7698 7665 7663
f 7663 7664 7697
f 7664 7684 7697
f 7661 7662 7684
f 7662 1155 7684
f 940 7700 942
f 7700 945 886
f 962 7701 964
f 964 7701 77
f 897 7702 900
f 900 7702 902
f 906 7703 909
f 909 7703 908
f 925 7704 924
f 894 7704 893
f 7705 1143 1142
f 7706 7708 7707
f 7701 1112 77
f 1116 7709 1115
f 1117 1115 7710
f 7710 1115 7709
f 7710 1119 1117
f 7711 7713 7712
f 7708 7715 7714
f 1126 7712 7716
f 7712 1126 1125
f 7706 1135 7717
f 1128 7717 1135
f 1126 7716 1132
f 1132 7716 1129
f 7716 7717 1129
f 1129 7717 1128
f 7714 7715 7713
f 1119 7710 1123
f 1123 7710 1122
f 7710 7712 1122
f 7712 1125 1122
f 7718 7720 7719
f 7706 7715 7708
f 7720 7721 7719
f 7707 1138 1139
f 7705 1140 1138
f 7705 1142 1140
f 7707 7721 7705
f 7707 7705 1138
f 7720 7722 7721
f 7722 7723 7721
f 7720 7724 7722
f 7724 7725 7722
f 7722 7725 7723
f 7705 7723 1143
f 1146 1147 7723
f 1143 7723 1145
f 1145 7723 1147
f 7719 7721 7707
f 7721 7723 7705
f 7725 7726 7723
f 7724 7727 7725
f 7726 1150 7723
f 1153 1150 7726
f 1146 7723 1150
f 7728 7692 7727
f 7692 7694 7727
f 7694 7693 7727
f 7693 7695 7727
f 7727 7695 7725
f 7695 7696 7725
f 7696 7699 7725
f 7725 7699 7726
f 7699 7698 7726
f 7698 7697 7726
f 7697 7684 7726
f 920 919 7729
f 915 7729 913
f 890 7730 930
f 930 7730 7731
f 7731 7733 7732
f 7733 7735 7734
f 7735 7730 7704
f 7730 891 7704
f 7704 891 893
f 7718 7732 7736
f 7732 7733 7736
f 7733 7731 7735
f 7731 7730 7735
f 7730 890 891
f 7733 7734 7736
f 7734 7735 7737
f 7737 7735 7738
f 7735 7704 7738
f 7704 925 7729
f 7729 925 920
f 7729 7738 7704
f 7736 7734 7739
f 7734 7737 7739
f 919 913 7729
f 7704 894 924
f 904 7703 906
f 7737 7728 7739
f 7718 7740 7720
f 7727 7739 7728
f 7703 7741 7738
f 7741 7737 7738
f 7727 7740 7739
f 7740 7718 7736
f 7728 7737 7742
f 7737 7741 7742
f 7741 7744 7743
f 7703 7702 7744
f 7702 903 902
f 7740 7727 7724
f 7742 7741 7743
f 7741 7703 7744
f 7703 904 7702
f 7702 904 903
f 908 7703 915
f 915 7703 7729
f 7703 7738 7729
f 7739 7740 7736
f 957 948 7709
f 7709 948 7710
f 948 949 7710
f 7710 949 7745
f 949 952 7745
f 7709 955 956
f 886 887 7700
f 942 7700 887
f 945 7711 947
f 7711 7745 947
f 947 7745 946
f 7745 952 946
f 945 7700 7711
f 937 7700 938
f 7700 940 938
f 934 7746 933
f 7711 7700 7747
f 7747 7700 7746
f 7700 937 7746
f 7746 937 933
f 7710 7745 7711
f 7748 7746 7731
f 7746 934 7731
f 7701 1116 1112
f 7709 960 955
f 1116 7701 7709
f 7709 7701 960
f 7701 962 960
f 957 7709 956
f 7748 7732 7749
f 7746 7748 7747
f 7747 7748 7713
f 7748 7749 7713
f 7747 7713 7711
f 7749 7732 7714
f 7749 7714 7713
f 7711 7712 7710
f 7706 7717 7715
f 7717 7716 7715
f 7715 7716 7713
f 7716 7712 7713
f 7684 1155 7726
f 1155 1153 7726
f 1135 7706 1139
f 1139 7706 7707
f 7707 7708 7719
f 7720 7740 7724
f 7692 7728 7691
f 7728 7742 7691
f 7691 7742 7690
f 7690 7742 7689
f 7742 7743 7689
f 7689 7743 7688
f 7743 7744 7688
f 7688 7744 7687
f 7687 7744 7686
f 7686 7744 7685
f 7744 7702 7685
f 7702 897 7685
f 7685 897 899
f 7719 7708 7718
f 7708 7714 7718
f 7718 7714 7732
f 7732 7748 7731
f 7731 934 930
f 7750 7752 7751
f 7753 7755 7754
f 7756 7758 7757
f 7759 7758 7760
f 7761 7763 7762
f 7761 7765 7764
f 7761 7766 7765
f 7766 7767 7765
f 7768 7769 7761
f 7761 7769 7766
f 7767 7766 7770
f 7770 7766 7769
f 7771 7773 7772
f 7768 7761 7762
f 7774 7771 7772
f 7775 7771 7776
f 7771 7774 7776
f 7776 7774 7777
f 7774 7778 7777
f 7779 7781 7780
f 7780 7781 7782
f 7782 7781 7783
f 7774 7783 7778
f 7778 7783 7784
f 7783 7781 7784
f 7785 7787 7786
f 7786 7787 7788
f 7789 7787 7790
f 7787 7785 7790
f 7791 7787 7772
f 7787 7774 7772
f 7787 7791 7788
f 7791 7792 7788
f 7793 7789 7794
f 7794 7789 7795
f 7789 7790 7795
f 7780 7782 7796
f 46 7780 7797
f 7797 7780 7798
f 7780 7796 7798
f 7792 7791 7752
f 7787 7789 7774
f 7789 7783 7774
f 7758 7759 7757
f 7754 7799 7753
f 7799 7800 7753
f 7753 7800 7801
f 7800 7802 7801
f 7756 7755 7758
f 7758 7755 7803
f 7755 7753 7803
f 7750 7792 7752
f 7804 7764 7803
f 7805 7803 7806
f 7803 7764 7806
f 7764 7765 7806
f 7803 7753 7804
f 7753 7801 7804
f 7801 7807 7804
f 7804 7807 7764
f 7807 7773 7764
f 7752 7791 7807
f 7807 7791 7772
f 7779 7780 46
f 7773 7771 7761
f 7761 7771 7763
f 7758 7803 7805
f 7764 7773 7761
f 7771 7775 7763
f 7796 7782 7793
f 7793 7782 7789
f 7789 7782 7783
f 7773 7807 7772
f 7807 7801 7752
f 7752 7801 7751
f 7801 7802 7751
f 7808 7810 7809
f 7811 7767 7770
f 7811 7812 7767
f 7812 7814 7813
f 7814 7815 7813
f 7813 7815 7816
f 7815 7817 7816
f 7818 7816 7819
f 7819 7816 7817
f 7820 7810 7821
f 7821 7810 7808
f 7822 7809 7816
f 7809 7810 7816
f 7816 7810 7823
f 7824 7816 7818
f 7825 7767 7812
f 7826 7827 7820
f 7820 7827 7810
f 7827 7823 7810
f 7823 7828 7816
f 7828 7813 7816
f 7829 7827 7826
f 7830 7812 7813
f 7767 7825 7765
f 7831 7833 7832
f 7833 7834 7832
f 7831 7835 7833
f 7833 7835 7836
f 7835 7837 7836
f 7836 7837 7838
f 7813 7839 7830
f 7839 7841 7840
f 7841 7842 7840
f 7830 7839 7825
f 7839 7840 7825
f 7840 7844 7843
f 7840 7842 7844
f 7836 7843 7844
f 7836 7838 7845
f 7846 7836 7845
f 7847 7848 7758
f 7848 7760 7758
f 7849 7847 7850
f 7847 7758 7805
f 7825 7843 7851
f 7806 7850 7805
f 7825 7851 7765
f 7765 7851 7806
f 7850 7847 7805
f 7825 7840 7843
f 7852 7854 7853
f 7853 7854 7855
f 7854 7856 7855
f 7852 7857 7854
f 7854 7857 7858
f 7857 7859 7858
f 7858 7859 7860
f 7859 7861 7860
f 7860 7861 7862
f 7861 7863 7862
f 7863 7864 7862
f 7833 7862 7834
f 7834 7862 7865
f 7862 7864 7865
f 7866 7854 7858
f 7867 7858 7860
f 7862 7833 7844
f 7844 7833 7836
f 7854 7866 7856
f 7868 7847 7869
f 7847 7849 7869
f 7869 7849 7846
f 7846 7849 7836
f 7849 7843 7836
f 7844 7842 7862
f 7827 7829 7870
f 7829 7871 7870
f 7871 7872 7870
f 7872 7873 7870
f 7873 7874 7870
f 7874 7875 7870
f 7875 7876 7870
f 7876 7877 7870
f 7870 7877 7867
f 7877 7878 7867
f 7879 7870 7880
f 7881 7867 7878
f 7867 7882 7870
f 7882 7880 7870
f 7879 7827 7870
f 7839 7828 7883
f 7841 7880 7842
f 7880 7882 7842
f 7823 7879 7828
f 7828 7879 7883
f 7879 7880 7883
f 7883 7880 7841
f 7882 7860 7842
f 7867 7860 7882
f 7879 7823 7827
f 7816 7824 7822
f 7866 7858 7881
f 7881 7858 7867
f 7862 7842 7860
f 7841 7839 7883
f 7839 7813 7828
f 7830 7825 7812
f 7851 7843 7806
f 7806 7843 7850
f 7850 7843 7849
f 7847 7868 7848
f 7884 7885 7819
f 7819 7885 7818
f 7886 7872 7887
f 7887 7872 7888
f 7872 7871 7888
f 7888 7871 7889
f 7889 7871 7890
f 7871 7829 7890
f 7890 7829 7891
f 7891 7829 7892
f 7829 7826 7892
f 7892 7826 7893
f 7826 7820 7893
f 7893 7820 7894
f 7820 7821 7894
f 7894 7821 7895
f 7821 7808 7895
f 7895 7808 7896
f 7896 7808 7897
f 7808 7809 7897
f 7897 7809 7898
f 7809 7822 7898
f 7898 7822 7899
f 7899 7822 7900
f 7822 7824 7900
f 7900 7824 7901
f 7824 7818 7901
f 7901 7818 7902
f 7902 7818 7903
f 7818 7885 7903
f 7872 7886 7873
f 7886 7904 7873
f 7873 7904 7874
f 7874 7904 7875
f 7904 7905 7875
f 7875 7905 7906
f 7875 7906 7876
f 7906 7907 7876
f 7876 7907 7877
f 7877 7907 7878
f 7907 7908 7878
f 7878 7908 7881
f 7908 7909 7881
f 7881 7909 7866
f 7909 7910 7866
f 7910 7911 7866
f 7866 7911 7856
f 7911 7855 7856
f 7912 7913 7886
f 7886 7913 7904
f 7913 7914 7904
f 7904 7914 7905
f 7914 7915 7905
f 7905 7915 7906
f 7915 7916 7906
f 7906 7916 7907
f 7916 7917 7907
f 7907 7917 7908
f 7917 7918 7908
f 7908 7918 7909
f 7918 7919 7909
f 7909 7919 7910
f 7919 7920 7910
f 7910 7920 7911
f 7920 7921 7911
f 7890 7922 7889
f 7889 7922 7888
f 7922 7912 7888
f 7888 7912 7887
f 7912 7886 7887
f 7922 7890 7923
f 7923 7890 7924
f 7890 7891 7924
f 7924 7891 7925
f 7891 7892 7925
f 7925 7892 7926
f 7892 7893 7926
f 7926 7893 7927
f 7893 7894 7927
f 7927 7894 7928
f 7894 7895 7928
f 7928 7895 7929
f 7895 7896 7929
f 7929 7896 7930
f 7896 7897 7930
f 7930 7897 7931
f 7897 7898 7931
f 7931 7898 7932
f 7898 7899 7932
f 7932 7899 7933
f 7899 7900 7933
f 7933 7900 7934
f 7900 7901 7934
f 7934 7901 7935
f 7901 7902 7935
f 7935 7902 7936
f 7902 7903 7936
f 7936 7903 7937
f 7903 7885 7937
f 7937 7885 7938
f 7885 7884 7938
f 7921 7920 7939
f 7939 7920 7940
f 7920 7919 7940
f 7940 7919 7941
f 7919 7918 7941
f 7918 7917 7941
f 7941 7917 7942
f 7917 7916 7942
f 7942 7916 7943
f 7916 7915 7943
f 7943 7915 7944
f 7915 7914 7944
f 7944 7914 7945
f 7914 7913 7945
f 7913 7912 7945
f 7945 7912 7946
f 7912 7922 7946
f 7922 7923 7946
f 7946 7923 7947
f 7923 7924 7947
f 7924 7925 7947
f 7947 7925 7948
f 7925 7926 7948
f 7948 7926 7949
f 7926 7927 7949
f 7927 7928 7949
f 7949 7928 7950
f 7928 7929 7950
f 7950 7929 7951
f 7929 7930 7951
f 7952 7953 7931
f 7931 7953 7930
f 7953 7951 7930
f 7954 7955 7938
f 7938 7955 7937
f 7937 7955 7936
f 7955 7956 7936
f 7936 7956 7935
f 7956 7957 7935
f 7935 7957 7934
f 7934 7957 7933
f 7957 7952 7933
f 7933 7952 7932
f 7952 7931 7932
f 7946 4828 7945
f 4828 4827 7945
f 7945 4827 7944
f 4827 4826 7944
f 7944 4826 7943
f 4826 4825 7943
f 7943 4825 7942
f 4825 4824 7942
f 7942 4824 7941
f 4824 4823 7941
f 4823 4822 7941
f 7941 4822 7940
f 4822 4821 7940
f 7940 4821 7939
f 4821 4820 7939
f 4820 4819 7939
f 4828 7946 4829
f 7946 7947 4829
f 4829 7947 4818
f 7947 7948 4818
f 4818 7948 4831
f 7948 7949 4831
f 4831 7949 4830
f 7949 7950 4830
f 4830 7950 4817
f 7950 7951 4817
f 4817 7951 4816
f 7951 7953 4816
f 4816 7953 4832
f 7953 7952 4832
f 4832 7952 4815
f 7952 7957 4815
f 4815 7957 4834
f 4834 7957 4833
f 7957 7956 4833
f 7956 7955 4833
f 4833 7955 4814
f 4814 7955 4813
f 7955 7954 4813
f 9 1107 8
f 9 7958 1107
f 1107 7958 1106
f 7958 7959 1106
f 1106 7959 1105
f 7959 7960 1105
f 1105 7960 1104
f 7960 7961 1104
f 1104 7961 1103
f 7961 7962 1103
f 1103 7962 1102
f 7962 7963 1102
f 1102 7963 1101
f 7963 7964 1101
f 1101 7964 1099
f 7964 7965 1099
f 1099 7965 1098
f 7965 7966 1098
f 1098 7966 1097
f 7966 7967 1097
f 1097 7967 1095
f 7967 7968 1095
f 1095 7968 1094
f 7968 7969 1094
f 1094 7969 1093
f 7969 7970 1093
f 1093 7970 1091
f 7970 7971 1091
f 1091 7971 1090
f 7971 7972 1090
f 1090 7972 1088
f 7972 7973 1088
f 1088 7973 1087
f 7973 7974 1087
f 1087 7974 133
f 7974 132 133
f 3828 1077 3852
f 3835 1111 3770
f 1111 3835 1109
f 1084 1085 3830
f 3830 1085 3833
f 3833 1085 3834
f 1085 1109 3834
f 3834 1109 3835
f 3831 1084 3830
f 1080 1082 3772
f 3772 1082 3771
f 1082 1083 3771
f 3771 1083 3831
f 3831 1083 1084
f 1077 1079 3852
f 3852 1079 3775
f 1079 1080 3775
f 3775 1080 3774
f 1080 3772 3774
f 1076 3847 1074
f 3847 1076 3829
f 1076 1077 3829
f 1077 3828 3829
f 1072 1073 3850
f 3850 1073 3848
f 1073 1074 3848
f 3848 1074 3847
f 3851 1072 3850
f 3851 1070 1072
f 3846 1070 3853
f 1070 3851 3853
f 1070 3846 1069
f 1069 3846 1067
f 3846 3766 1067
f 3844 1066 3767
f 1067 3766 1066
f 1066 3766 3767
f 1066 3844 1065
f 1065 3844 3845
f 3845 1064 1065
f 1064 3845 3842
f 1064 3842 1062
f 3842 3843 1062
f 1062 3843 8
f 3843 7 8
f 3779 3585 3778
f 3607 3805 3645
f 3855 3694 3818
f 3818 3694 3594
f 3597 3668 3819
f 3597 3819 3595
f 3819 3818 3595
f 3595 3818 3594
f 3598 3820 3663
f 3819 3668 3820
f 3820 3668 3663
f 3822 3662 3821
f 3821 3662 3817
f 3662 3822 3661
f 3661 3822 3599
f 3820 3598 3823
f 3823 3598 3822
f 3822 3598 3599
f 3649 3816 3648
f 3817 3662 3816
f 3662 3659 3816
f 3816 3659 3648
f 3646 3826 3647
f 3816 3649 3827
f 3827 3649 3826
f 3826 3649 3647
f 3824 3644 3809
f 3809 3644 3808
f 3644 3824 3605
f 3824 3604 3605
f 3826 3646 3825
f 3825 3646 3824
f 3824 3646 3604
f 3805 3807 3645
f 3807 3808 3645
f 3808 3644 3645
f 3804 3608 3764
f 3804 3805 3608
f 3805 3607 3608
f 3682 3764 3684
f 3764 3608 3684
f 3764 3682 3763
f 3763 3682 3777
f 3777 3682 3683
f 3779 3792 3585
f 3792 3777 3585
f 3585 3777 3683
f 3678 3778 3679
f 3679 3778 3586
f 3778 3585 3586
f 3778 3678 3791
f 3678 3795 3791
f 3795 3678 3794
f 3678 3589 3794
f 3589 3590 3794
f 3794 3590 3793
f 3590 3790 3793
f 3675 3790 3680
f 3790 3590 3680
f 3674 3672 3799
f 3790 3675 3789
f 3789 3675 3799
f 3799 3675 3674
f 3796 3797 3677
f 3677 3797 3676
f 3797 3670 3676
f 3799 3672 3798
f 3798 3672 3797
f 3672 3670 3797
f 3796 3677 3785
f 3677 3685 3785
f 3785 3685 3591
f 3785 3591 3784
f 3591 3783 3784
f 3783 3591 3782
f 3591 3592 3782
f 3782 3592 7
f 3592 10 7
f 7975 7976 970
f 970 7976 972
f 972 7976 974
f 7976 7977 974
f 974 7977 976
f 7977 7978 976
f 976 7978 978
f 7978 7979 978
f 978 7979 980
f 7979 7980 980
f 980 7980 982
f 7980 7981 982
f 982 7981 984
f 7981 7982 984
f 984 7982 390
f 7982 388 390
f 7983 7975 969
f 7975 970 969
f 1005 7984 1003
f 7984 7985 1003
f 7985 7986 1003
f 1003 7986 1001
f 7986 7987 1001
f 1001 7987 999
f 7987 7988 999
f 999 7988 997
f 7988 7989 997
f 997 7989 995
f 7989 7990 995
f 995 7990 993
f 7990 7991 993
f 993 7991 991
f 991 7991 989
f 7991 7992 989
f 7992 7993 989
f 989 7993 987
f 987 7993 985
f 7993 7983 985
f 7983 969 985
f 7490 7994 7489
f 7995 7994 7492
f 7994 7490 7492
f 7995 7496 7996
f 7996 7496 7997
f 7496 7483 7997
f 7496 7995 7493
f 7493 7995 7492
f 7483 7998 7997
f 7484 7998 7483
f 7998 7484 7999
f 7484 7500 7999
f 7999 7500 8000
f 8000 7500 7501
f 8000 7501 8001
f 7501 7502 8001
f 8001 7502 7503
f 8001 7503 8002
f 7503 7506 8002
f 8002 7506 8003
f 7504 8003 7506
f 8003 7504 73
f 7504 75 73
f 8004 8006 8005
f 8007 8009 8008
f 8010 8012 8011
f 8013 8015 8014
f 8016 8018 8017
f 8019 8020 8018
f 8021 8023 8022
f 8023 8018 8022
f 8022 8018 8016
f 8017 8018 8024
f 8018 8020 8024
f 8024 8020 8025
f 8026 8023 8021
f 8023 8020 8019
f 8027 8015 8026
f 8026 8015 8023
f 8025 8020 8028
f 8028 8020 8029
f 8014 8015 8027
f 8023 8030 8020
f 8031 8032 8013
f 8013 8032 8015
f 8015 8032 8023
f 8029 8020 8033
f 8033 8020 8034
f 8035 8030 8023
f 8030 8036 8020
f 8020 8036 8034
f 8037 8032 8031
f 8035 8038 8030
f 8030 8039 8036
f 8040 8041 8037
f 8037 8041 8032
f 8011 8041 8040
f 8041 8042 8038
f 8038 8043 8030
f 8030 8043 8039
f 8011 8012 8041
f 8032 8035 8023
f 8023 8019 8018
f 8034 8036 8044
f 8044 8036 8045
f 8036 8039 8045
f 8045 8039 8046
f 8046 8039 8047
f 8047 8039 8048
f 8039 8049 8048
f 8008 8009 8010
f 8010 8009 8012
f 8012 8050 8041
f 8041 8035 8032
f 8006 8051 8042
f 8042 8051 8038
f 8038 8052 8043
f 8043 8052 8039
f 8007 8053 8009
f 8053 8050 8009
f 8009 8050 8012
f 8049 8039 8054
f 8039 8055 8054
f 8055 8056 8054
f 8051 8057 8038
f 8038 8057 8052
f 8052 8055 8039
f 8050 8042 8041
f 8056 8055 8058
f 8055 8059 8058
f 8006 8060 8051
f 8051 8060 8057
f 8060 8061 8057
f 8061 8052 8057
f 8055 8062 8059
f 8063 8006 8004
f 8006 8064 8060
f 8061 8055 8052
f 8005 8006 8053
f 8053 8006 8050
f 8006 8042 8050
f 8041 8038 8035
f 132 8006 8063
f 8059 8062 8065
f 8062 8066 8065
f 132 7974 8006
f 8006 7974 8064
f 7974 7973 8064
f 7973 7972 8064
f 7972 7971 8064
f 8064 7971 8060
f 7971 7970 8060
f 7970 7969 8060
f 7969 7968 8060
f 8060 7968 8061
f 7968 7967 8061
f 8061 7967 8055
f 7967 7966 8055
f 7966 7965 8055
f 7965 7964 8055
f 7964 7963 8055
f 7963 7962 8055
f 7962 7961 8055
f 7961 7960 8055
f 7960 7959 8055
f 8055 7959 8062
f 7959 7958 8062
f 8062 7958 8066
f 7958 9 8066
f 8067 7984 8068
f 8069 7985 8070
f 8071 7986 8072
f 8073 7988 8074
f 8075 7989 8076
f 8077 7990 8078
f 8079 7991 8080
f 7993 8081 7983
f 7983 8081 7975
f 8081 8082 7975
f 7975 8082 7976
f 8082 8083 7976
f 8083 8084 7976
f 7976 8084 7977
f 8084 8085 7977
f 7977 8085 7978
f 8085 8086 7978
f 7978 8086 7979
f 8086 8087 7979
f 7979 8087 7980
f 8087 8088 7980
f 7980 8088 7981
f 8088 8089 7981
f 7981 8089 7982
f 8089 8090 7982
f 7982 8090 388
f 8090 386 388
f 8081 7993 8091
f 7993 8092 8091
f 8079 8092 7991
f 7991 8092 7992
f 8092 7993 7992
f 8077 8080 7990
f 7990 8080 7991
f 8075 8078 7989
f 7989 8078 7990
f 8073 8076 7988
f 7988 8076 7989
f 8071 8074 7986
f 7986 8074 7987
f 8074 7988 7987
f 8069 8072 7985
f 7985 8072 7986
f 8067 8070 7984
f 8070 7985 7984
f 8001 8093 8000
f 8000 8093 7999
f 7999 8093 7998
f 7998 7996 7997
f 8094 8095 384
f 8094 8096 8095
f 8096 8097 8095
f 8097 8098 8095
f 8098 8099 8095
f 8099 8100 8095
f 8100 8101 8095
f 8095 8101 8102
f 8101 8103 8102
f 7995 7996 7994
f 7994 7996 8104
f 8104 7996 8105
f 8105 7996 8106
f 8106 7996 8107
f 7996 8108 8107
f 8107 8108 8109
f 8109 8108 8110
f 8110 8108 8111
f 8108 8102 8111
f 8111 8102 8112
f 8112 8102 8113
f 7998 8093 7996
f 8102 8114 8095
f 7996 8093 8108
f 8115 8102 8108
f 8002 8116 8001
f 8001 8116 8093
f 8093 8115 8108
f 8115 8117 8102
f 8117 8114 8102
f 8003 8116 8002
f 8116 8118 8093
f 8118 8115 8093
f 73 8119 8003
f 8003 8119 8116
f 8119 8120 8116
f 8120 8121 8116
f 8116 8121 8118
f 8121 8122 8118
f 8122 8123 8118
f 8118 8123 8115
f 8123 8124 8115
f 8124 8125 8115
f 8125 8126 8115
f 8126 8127 8115
f 8127 8128 8115
f 8115 8128 8117
f 8128 8129 8117
f 8117 8129 8114
f 8129 8130 8114
f 8130 8131 8114
f 8131 8132 8114
f 8114 8132 8133
f 8132 8134 8133
f 8133 8134 8095
f 8134 8135 8095
f 8135 8136 8095
f 8136 384 8095
f 8113 8102 8103
f 8095 8114 8133
f 8017 4835 8016
f 4835 6481 8016
f 8016 6481 6478
f 6479 8022 6478
f 8016 6478 8022
f 8022 6479 8021
f 8021 6479 6574
f 8026 6482 8027
f 8021 6574 8026
f 8026 6574 6482
f 6483 8027 6482
f 8013 6494 8031
f 8027 6483 8014
f 8014 6483 8013
f 6483 6485 8013
f 8013 6485 6494
f 6477 8037 6486
f 8037 8031 6486
f 6486 8031 6494
f 8011 8040 6499
f 6499 8040 6477
f 8040 8037 6477
f 6500 8011 6499
f 6500 6510 8010
f 8010 6510 8008
f 6510 8007 8008
f 8011 6500 8010
f 8007 6510 6505
f 6503 8005 8053
f 8007 6505 8053
f 8053 6505 6503
f 6509 8005 6501
f 8005 6503 6501
f 6509 8004 8005
f 6508 8004 6509
f 8004 6508 8063
f 6508 6506 8063
f 8063 6506 132
f 6506 131 132
f 4966 8029 4967
f 4954 8045 4958
f 11 4928 9
f 9 4928 8066
f 4931 8066 4933
f 8066 4928 4933
f 8065 4929 8059
f 8066 4931 8065
f 8065 4931 4929
f 4951 8059 4929
f 8059 4951 8058
f 4951 4952 8058
f 8058 4952 4944
f 8058 4944 8056
f 8056 4944 4942
f 4950 8054 4942
f 8056 4942 8054
f 8054 4950 8049
f 4950 4948 8049
f 8048 5027 8047
f 5027 8048 4947
f 8048 8049 4947
f 4947 8049 4949
f 8049 4948 4949
f 8045 8046 4958
f 4958 8046 5028
f 8046 8047 5028
f 8047 5027 5028
f 4955 8045 4954
f 8045 4955 8044
f 8044 4955 8034
f 4955 4957 8034
f 4967 8029 8033
f 8034 4957 8033
f 8033 4957 4967
f 4965 8029 4966
f 4969 8028 4971
f 4969 8025 8028
f 8029 4965 8028
f 8028 4965 4971
f 4970 8025 4969
f 8025 4970 8024
f 8024 4970 5026
f 8024 5026 8017
f 8067 8137 8070
f 8069 8138 8072
f 8071 8139 8074
f 8073 8140 8076
f 8075 8141 8078
f 8077 8142 8080
f 8079 8143 8092
f 8091 8144 8081
f 386 8145 385
f 386 8090 8145
f 8145 8090 8146
f 8090 8089 8146
f 8146 8089 8147
f 8089 8088 8147
f 8147 8088 8148
f 8088 8087 8148
f 8148 8087 8149
f 8087 8086 8149
f 8149 8086 8150
f 8086 8085 8150
f 8150 8085 8151
f 8085 8084 8151
f 8151 8084 8152
f 8084 8083 8152
f 8152 8083 8153
f 8083 8082 8153
f 8082 8081 8153
f 8153 8081 8154
f 8081 8144 8154
f 8091 8092 8144
f 8144 8092 8155
f 8092 8143 8155
f 8079 8080 8143
f 8143 8080 8156
f 8080 8142 8156
f 8077 8078 8142
f 8142 8078 8157
f 8078 8141 8157
f 8075 8076 8141
f 8141 8076 8158
f 8076 8140 8158
f 8073 8074 8140
f 8140 8074 8159
f 8074 8139 8159
f 8071 8072 8139
f 8139 8072 8160
f 8072 8138 8160
f 8069 8070 8138
f 8138 8070 8161
f 8070 8137 8161
f 8067 8068 8137
f 8137 8068 8162
f 8068 8163 8162
f 385 8094 384
f 385 8145 8094
f 8094 8145 8096
f 8145 8146 8096
f 8096 8146 8097
f 8146 8147 8097
f 8097 8147 8098
f 8147 8148 8098
f 8098 8148 8099
f 8148 8149 8099
f 8099 8149 8100
f 8149 8150 8100
f 8100 8150 8101
f 8150 8151 8101
f 8101 8151 8103
f 8151 8152 8103
f 8103 8152 8113
f 8152 8153 8113
f 8112 8113 8144
f 8144 8113 8154
f 8113 8153 8154
f 8111 8142 8110
f 8142 8111 8156
f 8156 8111 8143
f 8111 8112 8143
f 8143 8112 8155
f 8112 8144 8155
f 8109 8140 8107
f 8140 8109 8158
f 8158 8109 8141
f 8109 8110 8141
f 8141 8110 8157
f 8110 8142 8157
f 8106 8138 8105
f 8138 8106 8160
f 8160 8106 8139
f 8106 8107 8139
f 8139 8107 8159
f 8107 8140 8159
f 8104 8163 7994
f 8163 8104 8162
f 8162 8104 8137
f 8104 8105 8137
f 8137 8105 8161
f 8105 8138 8161
f 384 8164 383
f 384 8136 8164
f 8164 8136 8165
f 8136 8135 8165
f 8165 8135 8166
f 8135 8134 8166
f 8166 8134 8167
f 8134 8132 8167
f 8167 8132 8168
f 8132 8131 8168
f 8168 8131 8169
f 8131 8130 8169
f 8169 8130 8170
f 8130 8129 8170
f 8170 8129 8171
f 8129 8128 8171
f 8171 8128 8172
f 8128 8127 8172
f 8172 8127 8173
f 8127 8126 8173
f 8173 8126 8174
f 8126 8125 8174
f 8174 8125 8175
f 8125 8124 8175
f 8175 8124 8176
f 8124 8123 8176
f 8176 8123 8177
f 8123 8122 8177
f 8177 8122 8178
f 8122 8121 8178
f 8178 8121 8179
f 8121 8120 8179
f 8179 8120 8180
f 8120 8119 8180
f 8180 8119 74
f 8119 73 74
f 6597 6516 6696
f 6516 6515 6696
f 6466 6701 6554
f 6467 6661 6466
f 6575 6538 4867
f 6603 6538 6602
f 6538 6575 6602
f 6542 6541 6687
f 6687 6541 6605
f 6538 6603 6540
f 6540 6603 6541
f 6541 6603 6605
f 6681 6543 6680
f 6681 6606 6543
f 6543 6606 6545
f 6542 6687 6543
f 6543 6687 6680
f 6609 6548 6607
f 6545 6606 6548
f 6548 6606 6607
f 6659 6546 6658
f 6659 6679 6546
f 6546 6679 6559
f 6679 6473 6559
f 6548 6609 6547
f 6547 6609 6546
f 6609 6658 6546
f 6473 6679 6472
f 6679 6657 6472
f 6472 6657 6655
f 6470 6670 6469
f 6670 6470 6676
f 6472 6655 6556
f 6556 6655 6470
f 6470 6655 6676
f 6551 6669 6467
f 6670 6669 6469
f 6469 6669 6552
f 6669 6551 6552
f 6661 6467 6660
f 6467 6669 6660
f 6701 6466 6661
f 6700 6554 6699
f 6554 6701 6699
f 6700 6593 6554
f 6554 6593 6553
f 6593 6512 6553
f 6512 6593 6511
f 6593 6594 6511
f 6511 6594 6697
f 6515 6511 6696
f 6511 6697 6696
f 6518 6598 6520
f 6597 6598 6516
f 6598 6518 6516
f 6693 6520 6698
f 6520 6598 6698
f 6690 6524 6691
f 6520 6693 6524
f 6524 6693 6691
f 6527 6530 6695
f 6695 6530 6694
f 6530 6688 6694
f 6524 6690 6531
f 6531 6690 6530
f 6690 6688 6530
f 6527 6695 6526
f 6599 6526 6703
f 6526 6695 6703
f 6526 6599 6535
f 6599 6600 6535
f 6535 6600 6534
f 6534 6600 6532
f 6532 6600 131
f 6600 107 131
f 8181 5019 8182
f 8182 4915 8183
f 8183 5018 8184
f 8185 5024 8186
f 8186 4916 8187
f 11 16 4917
f 4917 16 8188
f 4916 4917 8187
f 4917 8188 8187
f 5024 5025 8186
f 8186 5025 4916
f 8185 5013 5024
f 5013 8185 5015
f 8185 8189 5015
f 8189 8184 5015
f 5015 8184 5016
f 8184 5018 5016
f 4915 5021 8183
f 5018 8183 5021
f 4915 8182 4914
f 8182 5019 4914
f 5019 8181 5020
f 8181 8190 5020
f 5020 8190 5023
f 5023 8190 5022
f 8190 8191 5022
f 5022 8191 4986
f 8191 8192 4986
f 4986 8192 4926
f 8192 4925 4926
f 8193 4925 8194
f 4925 8192 8194
f 8195 8196 4991
f 4991 8196 4923
f 8196 4922 4923
f 4925 8193 4991
f 4991 8193 8195
f 4982 4981 8197
f 8197 4981 8198
f 4922 8196 4981
f 4981 8196 8198
f 8199 8200 4983
f 8200 4985 4983
f 4982 8197 4983
f 4983 8197 8199
f 8201 4998 8202
f 4998 8201 4997
f 4997 8201 4920
f 4985 8200 4998
f 8200 8203 4998
f 4998 8203 8202
f 8204 8205 5000
f 5000 8205 4999
f 4920 8201 4919
f 4919 8201 5000
f 8201 8206 5000
f 5000 8206 8204
f 4999 8205 5011
f 5011 8205 8207
f 8207 8208 5011
f 5011 8208 5012
f 5002 8209 5004
f 5012 8208 5002
f 8208 8210 5002
f 5002 8210 8209
f 5004 8209 5038
f 8209 8211 5038
f 383 8213 8212
f 8212 8213 8214
f 8215 8217 8216
f 8216 8217 8218
f 8217 8219 8218
f 8218 8219 8220
f 8215 8221 8217
f 8221 8222 8217
f 8217 8223 8219
f 8220 8219 8224
f 8219 8223 8224
f 8224 8223 8225
f 8222 8223 8217
f 8223 8226 8225
f 8227 8228 8222
f 8222 8228 8223
f 8223 8228 8226
f 8225 8226 8229
f 8229 8226 8230
f 8226 8228 8230
f 8230 8228 8231
f 8221 8232 8222
f 8232 8233 8222
f 8233 8234 8222
f 8222 8234 8227
f 8227 8234 8235
f 8234 8236 8235
f 8227 8237 8228
f 8237 8238 8228
f 8227 8235 8237
f 8228 8238 8239
f 8215 8232 8221
f 8234 8240 8236
f 8231 8228 8241
f 8241 8228 8242
f 8228 8239 8242
f 8242 8239 8243
f 8239 8244 8243
f 8235 8245 8237
f 8245 8246 8237
f 8237 8246 8238
f 8236 8245 8235
f 8245 8236 8246
f 8238 8247 8239
f 8248 8215 8216
f 8244 8239 8249
f 8239 8250 8249
f 8236 8251 8246
f 8246 8251 8238
f 8251 8247 8238
f 8239 8247 8250
f 8248 8252 8215
f 8215 8252 8232
f 8252 8253 8232
f 8253 8254 8232
f 8254 8255 8232
f 8255 8256 8232
f 8232 8256 8233
f 8256 8257 8233
f 8233 8257 8234
f 8257 8258 8234
f 8258 8259 8234
f 8234 8259 8240
f 8259 8260 8240
f 8260 8261 8240
f 8240 8261 8236
f 8261 8262 8236
f 8236 8262 8213
f 8262 8214 8213
f 8213 8263 8236
f 8263 8264 8236
f 8250 8247 8265
f 8247 8266 8265
f 8264 8251 8236
f 8251 8267 8247
f 8247 8268 8266
f 8266 8268 8269
f 8269 8268 8270
f 8268 8247 8270
f 8247 8271 8270
f 8247 8272 8271
f 8272 8273 8271
f 383 8164 8213
f 8213 8164 8263
f 8164 8165 8263
f 8165 8166 8263
f 8166 8167 8263
f 8167 8168 8263
f 8263 8168 8264
f 8168 8169 8264
f 8169 8170 8264
f 8170 8171 8264
f 8264 8171 8251
f 8171 8172 8251
f 8172 8173 8251
f 8173 8174 8251
f 8174 8175 8251
f 8251 8175 8267
f 8175 8176 8267
f 8267 8176 8247
f 8176 8177 8247
f 8177 8178 8247
f 8178 8179 8247
f 8247 8179 8272
f 8179 8180 8272
f 8272 8180 8273
f 8180 74 8273
f 107 6614 84
f 84 6614 8274
f 6614 8275 8274
f 6616 8275 6615
f 8275 6614 6615
f 6618 6621 8276
f 8276 6621 8277
f 6621 8278 8277
f 8275 6616 8276
f 8276 6616 6618
f 6636 8278 6635
f 8278 6621 6635
f 8278 6636 8279
f 8279 6636 6629
f 6627 8280 6631
f 8279 6629 8281
f 8281 6629 8280
f 6629 6630 8280
f 8280 6630 6631
f 6634 8282 6627
f 8280 6627 8282
f 8282 6634 8283
f 8284 6706 8285
f 6706 8284 6705
f 6705 8284 6633
f 8284 8283 6633
f 8283 6634 6633
f 8285 6639 8286
f 6639 6641 8286
f 6639 8285 6638
f 8285 6706 6638
f 6642 8286 6641
f 8286 6642 8287
f 8287 6642 8288
f 6642 6612 8288
f 8288 6612 8289
f 8289 6612 6613
f 6648 8290 6649
f 8289 6613 8290
f 6613 6649 8290
f 6652 8292 8291
f 8290 6648 8291
f 6648 6652 8291
f 8292 6652 6651
f 8292 6651 8293
f 8293 6651 6591
f 8293 6591 8294
f 8207 8205 8295
f 8295 8205 8296
f 8207 8295 8208
f 8208 8295 8210
f 8295 8294 8210
f 8210 8294 8209
f 8294 8211 8209
f 8202 8203 8297
f 8297 8203 8298
f 8203 8200 8298
f 8202 8297 8201
f 8201 8297 8206
f 8297 8296 8206
f 8206 8296 8204
f 8296 8205 8204
f 8198 8196 8299
f 8299 8196 8300
f 8198 8299 8197
f 8299 8298 8197
f 8197 8298 8199
f 8298 8200 8199
f 8192 8301 8194
f 8194 8301 8193
f 8301 8300 8193
f 8193 8300 8195
f 8300 8196 8195
f 8301 8192 8302
f 8302 8192 8303
f 8192 8191 8303
f 8304 8303 8190
f 8303 8191 8190
f 8305 8182 8306
f 8182 8305 8181
f 8305 8304 8181
f 8304 8190 8181
f 8307 8189 8308
f 8189 8307 8184
f 8184 8307 8183
f 8307 8306 8183
f 8306 8182 8183
f 8186 8309 8185
f 8309 8308 8185
f 8308 8189 8185
f 8310 16 18
f 16 8310 8188
f 8188 8310 8187
f 8310 8309 8187
f 8309 8186 8187
f 8248 8311 8252
f 8311 8248 8312
f 8312 8248 8313
f 8248 8216 8313
f 8313 8216 8314
f 8216 8315 8314
f 8253 8316 8254
f 8316 8253 8317
f 8317 8253 8318
f 8253 8252 8318
f 8318 8252 8319
f 8252 8311 8319
f 8255 8320 8256
f 8320 8255 8321
f 8321 8255 8322
f 8255 8254 8322
f 8322 8254 8323
f 8254 8316 8323
f 8324 8257 8325
f 8325 8257 8326
f 8257 8256 8326
f 8326 8256 8327
f 8256 8320 8327
f 8257 8324 8258
f 8324 8328 8258
f 8258 8328 8259
f 8328 8329 8259
f 8259 8329 8260
f 8329 8330 8260
f 8260 8330 8261
f 8330 8331 8261
f 8331 8332 8261
f 8261 8332 8262
f 8332 8333 8262
f 8262 8333 8214
f 8333 8334 8214
f 8334 8335 8214
f 8214 8335 8212
f 8335 8336 8212
f 8212 8336 383
f 8336 376 383
f 5499 8225 5498
f 76 5465 74
f 74 5465 8273
f 5465 8271 8273
f 5467 8271 5466
f 8271 5465 5466
f 5469 5470 8270
f 8270 5470 8269
f 5470 8266 8269
f 8271 5467 8270
f 8270 5467 5469
f 5485 8266 5484
f 8266 5470 5484
f 8266 5485 8265
f 8265 5485 5477
f 8265 5477 8250
f 8250 5477 5479
f 5483 8249 5479
f 8250 5479 8249
f 8249 5483 8244
f 5483 5482 8244
f 5563 8243 5482
f 8243 8244 5482
f 8241 8242 5493
f 5493 8242 5563
f 8242 8243 5563
f 8241 5493 5491
f 8241 5491 8231
f 5491 5492 8231
f 5496 5498 8230
f 8230 5498 8229
f 5498 8225 8229
f 8231 5492 8230
f 8230 5492 5496
f 5502 8224 5499
f 5502 8220 8224
f 8225 5499 8224
f 5503 8220 5502
f 8220 5503 8218
f 5503 5562 8218
f 8218 5562 8216
f 8293 8337 8292
f 8292 8337 8291
f 8291 8337 8290
f 8290 8338 8289
f 8289 8338 8288
f 8288 8339 8287
f 8286 8340 8285
f 8280 8341 8281
f 8278 8342 8277
f 8275 8343 8274
f 8344 8345 18
f 8346 8348 8347
f 8344 8347 8345
f 8346 8347 8344
f 8349 8350 8348
f 8346 8349 8348
f 8349 8351 8350
f 8352 8344 18
f 8352 8353 8344
f 8344 8353 8346
f 8353 8354 8346
f 8354 8355 8346
f 8355 8356 8346
f 8356 8357 8346
f 8357 8358 8346
f 8358 8359 8346
f 8359 8360 8346
f 8360 8361 8346
f 8346 8361 8349
f 8361 8362 8349
f 8362 8363 8349
f 8363 8364 8349
f 8364 8365 8349
f 8349 8365 8351
f 8365 8366 8351
f 8366 8367 8351
f 8274 8343 84
f 84 8343 8368
f 8343 8351 8368
f 8276 8351 8275
f 8275 8351 8343
f 8277 8342 8276
f 8276 8342 8351
f 8279 8369 8278
f 8278 8369 8342
f 8342 8369 8351
f 8281 8341 8279
f 8279 8341 8369
f 8282 8341 8280
f 8351 8369 8350
f 8283 8369 8282
f 8282 8369 8341
f 8369 8340 8350
f 8284 8369 8283
f 8340 8370 8350
f 8285 8340 8284
f 8284 8340 8369
f 8370 8348 8350
f 8287 8339 8286
f 8286 8339 8340
f 8288 8338 8339
f 8339 8338 8340
f 8338 8337 8340
f 8337 8371 8340
f 8371 8370 8340
f 8371 8372 8370
f 8370 8372 8348
f 8348 8345 8347
f 8290 8337 8338
f 8373 8371 8337
f 8372 8345 8348
f 8373 8374 8371
f 8371 8374 8372
f 8294 8295 8293
f 8293 8295 8337
f 8295 8296 8337
f 8296 8297 8337
f 8297 8298 8337
f 8337 8298 8373
f 8298 8299 8373
f 8299 8300 8373
f 8373 8300 8374
f 8300 8301 8374
f 8301 8302 8374
f 8302 8303 8374
f 8374 8303 8372
f 8303 8304 8372
f 8304 8305 8372
f 8305 8306 8372
f 8372 8306 8345
f 8306 8307 8345
f 8307 8308 8345
f 8308 8309 8345
f 8309 8310 8345
f 8310 18 8345
f 8368 8351 8367
f 8375 8315 8376
f 8312 8377 8311
f 8377 8378 8311
f 8379 8318 8380
f 8381 8316 8382
f 8383 8322 8384
f 8385 8320 8386
f 8325 8387 8324
f 8324 8387 8328
f 8387 8388 8328
f 8328 8388 8329
f 8388 8389 8329
f 8329 8389 8330
f 8389 8390 8330
f 8330 8390 8331
f 8390 8391 8331
f 8331 8391 8332
f 8391 8392 8332
f 8332 8392 8333
f 8392 8393 8333
f 8333 8393 8334
f 8393 8394 8334
f 8334 8394 8335
f 8394 8395 8335
f 8335 8395 8336
f 8395 8396 8336
f 8336 8396 376
f 8396 377 376
f 8325 8326 8387
f 8387 8326 8397
f 8326 8398 8397
f 8385 8398 8320
f 8320 8398 8327
f 8398 8326 8327
f 8383 8386 8322
f 8322 8386 8321
f 8386 8320 8321
f 8381 8384 8316
f 8316 8384 8323
f 8384 8322 8323
f 8379 8382 8318
f 8318 8382 8317
f 8382 8316 8317
f 8378 8380 8311
f 8311 8380 8319
f 8380 8318 8319
f 8312 8313 8377
f 8377 8313 8399
f 8313 8400 8399
f 8375 8400 8315
f 8315 8400 8314
f 8400 8313 8314
f 5450 5689 5555
f 5689 5688 5555
f 5633 5558 5725
f 5634 5522 5633
f 5572 5706 5704
f 5456 5706 5455
f 5706 5572 5455
f 5710 5709 5544
f 5544 5709 5458
f 5706 5456 5708
f 5708 5456 5709
f 5709 5456 5458
f 5537 5459 5711
f 5459 5713 5711
f 5710 5544 5711
f 5711 5544 5537
f 5463 5717 5462
f 5462 5717 5460
f 5713 5459 5718
f 5718 5459 5717
f 5717 5459 5460
f 5520 5714 5519
f 5520 5639 5714
f 5717 5463 5715
f 5715 5463 5714
f 5714 5463 5519
f 5639 5520 5638
f 5520 5518 5638
f 5638 5518 5516
f 5637 5529 5636
f 5637 5727 5529
f 5529 5727 5535
f 5638 5516 5728
f 5728 5516 5727
f 5727 5516 5535
f 5529 5521 5636
f 5521 5634 5636
f 5522 5634 5521
f 5558 5633 5522
f 5559 5725 5558
f 5559 5446 5725
f 5725 5446 5724
f 5446 5685 5724
f 5685 5446 5684
f 5684 5446 5686
f 5446 5447 5686
f 5686 5447 5556
f 5688 5686 5555
f 5686 5556 5555
f 5450 5451 5689
f 5451 5691 5689
f 5551 5691 5557
f 5691 5451 5557
f 5549 5693 5550
f 5691 5551 5693
f 5693 5551 5550
f 5695 5697 5554
f 5554 5697 5553
f 5697 5547 5553
f 5693 5549 5698
f 5698 5549 5697
f 5549 5547 5697
f 5695 5554 5694
f 5694 5554 5642
f 5554 5641 5642
f 5452 5641 5546
f 5546 5641 5560
f 5641 5554 5560
f 5641 5452 5703
f 5452 5453 5703
f 5703 5453 5700
f 5700 5453 5699
f 5699 5453 49
f 5453 76 49
f 20 8352 18
f 20 8401 8352
f 8352 8401 8353
f 8401 8402 8353
f 8353 8402 8354
f 8402 8403 8354
f 8354 8403 8355
f 8403 8404 8355
f 8355 8404 8356
f 8404 8405 8356
f 8356 8405 8357
f 8405 8406 8357
f 8357 8406 8358
f 8406 8407 8358
f 8358 8407 8359
f 8407 8408 8359
f 8359 8408 8360
f 8408 8409 8360
f 8360 8409 8361
f 8409 8410 8361
f 8361 8410 8362
f 8410 8411 8362
f 8362 8411 8363
f 8411 8412 8363
f 8363 8412 8364
f 8412 8413 8364
f 8364 8413 8365
f 8413 8414 8365
f 8365 8414 8366
f 8414 8415 8366
f 8366 8415 8367
f 8415 8416 8367
f 8367 8416 8368
f 8416 8417 8368
f 8368 8417 84
f 8417 83 84
f 377 8418 378
f 377 8396 8418
f 8396 8395 8418
f 8418 8395 8419
f 8395 8394 8419
f 8419 8394 8420
f 8394 8393 8420
f 8393 8392 8420
f 8420 8392 8421
f 8392 8391 8421
f 8421 8391 8422
f 8391 8390 8422
f 8390 8389 8422
f 8422 8389 8423
f 8389 8388 8423
f 8423 8388 8424
f 8388 8387 8424
f 8425 8386 8426
f 8386 8425 8385
f 8385 8425 8398
f 8425 8424 8398
f 8398 8424 8397
f 8424 8387 8397
f 8427 8382 8428
f 8382 8427 8381
f 8381 8427 8384
f 8427 8426 8384
f 8384 8426 8383
f 8426 8386 8383
f 8429 8377 8430
f 8377 8429 8378
f 8378 8429 8380
f 8429 8428 8380
f 8380 8428 8379
f 8428 8382 8379
f 8431 8376 8432
f 8376 8431 8375
f 8375 8431 8400
f 8431 8430 8400
f 8400 8430 8399
f 8430 8377 8399
f 8433 5747 8434
f 5733 5732 8432
f 8432 5732 8433
f 8433 5732 5747
f 8434 5747 5644
f 5645 8435 5644
f 8434 5644 8435
f 8435 5645 8436
f 8436 5645 5757
f 5758 5650 8437
f 8437 5650 8438
f 5650 8439 8438
f 8436 5757 8437
f 8437 5757 5758
f 5652 8439 5651
f 8439 5650 5651
f 8440 5654 8441
f 8439 5652 8442
f 8442 5652 8440
f 5652 5653 8440
f 8440 5653 5654
f 8443 8441 5655
f 5655 8441 5654
f 8444 8445 5671
f 5671 8445 5670
f 5670 8445 5667
f 8445 8443 5667
f 5667 8443 5655
f 5669 8444 5671
f 5663 5682 8446
f 5682 8447 8446
f 8444 5669 8446
f 8446 5669 5663
f 5675 8447 5682
f 5674 8449 8448
f 8447 5675 8448
f 8448 5675 5674
f 5676 8449 5674
f 5676 8450 8449
f 5680 8450 5676
f 8450 5680 8451
f 5680 5678 8451
f 8451 5678 5759
f 8451 5759 98
f 5759 49 98
f 8452 8454 8453
f 8453 8454 8455
f 8455 8457 8456
f 8456 8457 8458
f 8458 8457 8459
f 8459 8457 8460
f 8461 8457 8462
f 8463 8465 8464
f 8466 8467 8463
f 8468 8466 8463
f 8465 8469 8464
f 8469 8470 8464
f 8471 8465 8472
f 8465 8466 8472
f 8472 8466 8468
f 8469 8473 8470
f 8474 8475 8471
f 8471 8475 8465
f 8469 8476 8473
f 8476 8477 8473
f 8478 8475 8474
f 8476 8479 8477
f 8478 8480 8475
f 8480 8481 8475
f 8479 8482 8477
f 8482 8483 8477
f 8484 8481 8480
f 8485 8482 8479
f 8482 8486 8483
f 8462 8457 8484
f 8484 8457 8481
f 8481 8487 8475
f 8475 8487 8465
f 8488 8457 8461
f 8489 8490 8485
f 8490 8491 8485
f 8485 8491 8482
f 8491 8492 8482
f 8482 8492 8486
f 8492 8493 8486
f 8460 8457 8488
f 8466 8465 8467
f 8492 8494 8493
f 8457 8495 8481
f 8491 8496 8492
f 8492 8497 8494
f 8498 8495 8457
f 8495 8489 8481
f 8481 8489 8487
f 8487 8469 8465
f 8467 8465 8463
f 8498 8499 8490
f 8490 8500 8491
f 8500 8496 8491
f 8496 8497 8492
f 8497 8501 8494
f 8495 8498 8489
f 8489 8476 8487
f 8487 8476 8469
f 8499 8500 8490
f 8500 8502 8496
f 8496 8502 8497
f 8497 8503 8501
f 8455 8454 8457
f 8457 8454 8498
f 8454 8499 8498
f 8499 8504 8500
f 8504 8502 8500
f 8503 8505 8501
f 8454 8506 8499
f 8502 8507 8497
f 8507 8503 8497
f 8503 8508 8505
f 83 8454 8452
f 83 8417 8454
f 8417 8416 8454
f 8416 8415 8454
f 8415 8414 8454
f 8454 8414 8506
f 8414 8413 8506
f 8506 8413 8499
f 8413 8412 8499
f 8412 8411 8499
f 8411 8410 8499
f 8499 8410 8504
f 8410 8409 8504
f 8504 8409 8502
f 8409 8408 8502
f 8408 8407 8502
f 8407 8406 8502
f 8502 8406 8507
f 8406 8405 8507
f 8405 8404 8507
f 8507 8404 8503
f 8404 8403 8503
f 8403 8402 8503
f 8402 8401 8503
f 8503 8401 8508
f 8401 20 8508
f 8498 8490 8489
f 8489 8485 8476
f 8485 8479 8476
f 378 8510 8509
f 8509 8510 8511
f 98 8512 8451
f 8512 8513 8451
f 8451 8513 8450
f 8514 8515 8513
f 8450 8513 8449
f 8449 8513 8448
f 8514 8516 8515
f 8515 8446 8513
f 8512 8517 8513
f 8448 8513 8447
f 8513 8446 8447
f 8515 8518 8446
f 8513 8517 8514
f 8517 8516 8514
f 8516 8519 8515
f 8519 8520 8515
f 8520 8521 8515
f 8521 8518 8515
f 8446 8518 8522
f 8521 8523 8518
f 8518 8523 8522
f 8446 8522 8444
f 8444 8522 8445
f 8445 8522 8443
f 8522 8441 8443
f 8520 8524 8521
f 8523 8525 8522
f 8526 8512 98
f 8441 8522 8440
f 8522 8525 8440
f 8440 8525 8442
f 8525 8439 8442
f 8510 8524 8520
f 8521 8527 8523
f 8523 8527 8525
f 8527 8528 8525
f 8525 8528 8439
f 8526 8529 8512
f 8512 8529 8517
f 8529 8530 8517
f 8530 8531 8517
f 8531 8532 8517
f 8517 8532 8516
f 8532 8533 8516
f 8533 8534 8516
f 8534 8535 8516
f 8516 8535 8519
f 8535 8536 8519
f 8536 8537 8519
f 8519 8537 8520
f 8537 8538 8520
f 8538 8539 8520
f 8539 8540 8520
f 8540 8541 8520
f 8520 8541 8510
f 8541 8542 8510
f 8543 8527 8521
f 8527 8544 8528
f 8439 8528 8438
f 8438 8528 8437
f 8528 8544 8437
f 8544 8436 8437
f 8510 8545 8524
f 8524 8546 8521
f 8546 8543 8521
f 8543 8544 8527
f 8524 8545 8546
f 8511 8510 8542
f 8436 8544 8435
f 8544 8434 8435
f 8544 8547 8434
f 8547 8433 8434
f 378 8418 8510
f 8510 8418 8545
f 8418 8419 8545
f 8419 8420 8545
f 8420 8421 8545
f 8421 8422 8545
f 8545 8422 8546
f 8422 8423 8546
f 8546 8423 8543
f 8423 8424 8543
f 8424 8425 8543
f 8543 8425 8544
f 8425 8426 8544
f 8426 8427 8544
f 8427 8428 8544
f 8428 8429 8544
f 8429 8430 8544
f 8544 8430 8547
f 8430 8431 8547
f 8547 8431 8433
f 8431 8432 8433
f 4102 8453 4101
f 4095 8459 4096
f 4113 3993 8463
f 8463 3993 8468
f 8468 3993 3994
f 4090 8472 3994
f 8472 8468 3994
f 3997 8471 3996
f 8471 8472 3996
f 8472 4090 3996
f 4070 8474 3997
f 8471 3997 8474
f 8474 4070 8478
f 4070 4082 8478
f 8484 8480 4083
f 8478 4082 8480
f 8480 4082 4083
f 8462 4072 8461
f 4072 8462 4071
f 8462 8484 4071
f 4071 8484 4077
f 8484 4083 4077
f 8488 8461 4099
f 4099 8461 4072
f 8460 8488 4097
f 4097 8488 4099
f 4096 8460 4097
f 4096 8459 8460
f 4095 8458 8459
f 4094 8458 4098
f 8458 4095 4098
f 8458 4094 8456
f 8456 4094 4092
f 4101 8455 4092
f 4101 8453 8455
f 8456 4092 8455
f 8453 4102 3991
f 8453 3991 8452
f 8452 3991 83
f 3991 82 83
f 21 8508 20
f 21 8548 8508
f 8508 8548 8505
f 8548 8549 8505
f 8505 8549 8501
f 8549 8550 8501
f 8550 8551 8501
f 8501 8551 8494
f 8551 8552 8494
f 8552 8553 8494
f 8494 8553 8493
f 8553 8554 8493
f 8554 8555 8493
f 8493 8555 8486
f 8555 8556 8486
f 8556 8557 8486
f 8557 8558 8486
f 8486 8558 8483
f 8558 8559 8483
f 8483 8559 8477
f 8559 8560 8477
f 8560 8561 8477
f 8561 8562 8477
f 8477 8562 8473
f 8562 8563 8473
f 8473 8563 8470
f 8563 8564 8470
f 8564 8565 8470
f 8470 8565 8464
f 8565 8566 8464
f 8464 8566 8463
f 8566 8567 8463
f 378 8568 380
f 378 8509 8568
f 8568 8509 8569
f 8509 8511 8569
f 8569 8511 8570
f 8511 8542 8570
f 8570 8542 8571
f 8542 8541 8571
f 8571 8541 8572
f 8541 8540 8572
f 8572 8540 8573
f 8540 8539 8573
f 8573 8539 8574
f 8539 8538 8574
f 8574 8538 8575
f 8538 8537 8575
f 8575 8537 8576
f 8537 8536 8576
f 8576 8536 8577
f 8536 8535 8577
f 8577 8535 8578
f 8535 8534 8578
f 8578 8534 8579
f 8534 8533 8579
f 8579 8533 8580
f 8533 8532 8580
f 8580 8532 8581
f 8532 8531 8581
f 8581 8531 8582
f 8531 8530 8582
f 8582 8530 8583
f 8530 8529 8583
f 8583 8529 8584
f 8529 8526 8584
f 8584 8526 97
f 8526 98 97
f 4044 4560 4046
f 4042 4557 4047
f 4649 4019 4647
f 4014 4644 4013
f 4013 4644 82
f 4644 86 82
f 4015 4018 4645
f 4644 4014 4643
f 4643 4014 4645
f 4645 4014 4015
f 4645 4018 4653
f 4653 4018 4654
f 4018 4017 4654
f 4654 4017 4016
f 4016 4019 4654
f 4654 4019 4650
f 4019 4649 4650
f 4034 4647 4033
f 4647 4019 4033
f 4647 4034 4646
f 4034 4035 4646
f 4646 4035 4020
f 4023 4652 4022
f 4646 4020 4651
f 4651 4020 4652
f 4652 4020 4022
f 4032 4631 4031
f 4031 4631 4023
f 4652 4023 4655
f 4655 4023 4631
f 4636 4028 4637
f 4028 4027 4637
f 4636 4630 4028
f 4028 4630 4029
f 4630 4030 4029
f 4631 4032 4630
f 4032 4030 4630
f 4027 4005 4637
f 4637 4005 4639
f 4005 4640 4639
f 4006 4003 4609
f 4609 4003 4554
f 4554 4003 4553
f 4640 4005 4641
f 4641 4005 4609
f 4609 4005 4006
f 4557 4598 4047
f 4047 4598 4004
f 4598 4553 4004
f 4004 4553 4003
f 4560 4556 4046
f 4046 4556 4043
f 4556 4557 4043
f 4557 4042 4043
f 4001 4053 4595
f 4595 4053 4594
f 4560 4044 4559
f 4044 4000 4559
f 4559 4000 4595
f 4595 4000 4001
f 4584 4585 4050
f 4050 4585 4052
f 4594 4053 4587
f 4587 4053 4585
f 4053 4054 4585
f 4585 4054 4052
f 4062 4059 4582
f 4059 4581 4582
f 4584 4050 4589
f 4589 4050 4588
f 4588 4050 4582
f 4050 4062 4582
f 4581 4059 4580
f 4580 4059 4579
f 4059 4060 4579
f 4579 4060 4061
f 4579 4061 4563
f 4563 4061 4562
f 4562 4061 4573
f 4061 4105 4573
f 4573 4105 4104
f 4551 4575 4103
f 4103 4575 4104
f 4575 4574 4104
f 4104 4574 4573
f 8567 8586 8585
f 8567 8566 8586
f 8586 8566 8587
f 8566 8565 8587
f 8587 8565 8588
f 8565 8564 8588
f 8588 8564 8589
f 8564 8563 8589
f 8589 8563 8590
f 8563 8562 8590
f 8590 8562 8591
f 8562 8561 8591
f 8591 8561 8592
f 8561 8560 8592
f 8592 8560 8593
f 8560 8559 8593
f 8593 8559 8594
f 8559 8558 8594
f 8594 8558 8595
f 8558 8557 8595
f 8595 8557 8596
f 8557 8556 8596
f 8596 8556 8597
f 8556 8555 8597
f 8597 8555 8598
f 8555 8554 8598
f 8598 8554 8599
f 8554 8553 8599
f 8599 8553 8600
f 8553 8552 8600
f 8600 8552 8601
f 8552 8551 8601
f 8601 8551 8602
f 8551 8550 8602
f 8602 8550 8603
f 8550 8549 8603
f 8603 8549 8604
f 8549 8548 8604
f 8604 8548 8605
f 8548 21 8605
f 8605 21 19
f 380 8607 8606
f 8608 8610 8609
f 8609 8610 8611
f 8610 8612 8611
f 8610 8613 8612
f 8611 8612 8614
f 8614 8612 8615
f 8612 8613 8615
f 8615 8613 8616
f 8617 8613 8610
f 8613 8618 8616
f 8617 8619 8613
f 8613 8619 8618
f 8616 8618 8620
f 8620 8618 8621
f 8618 8619 8621
f 8621 8619 8622
f 8617 8623 8619
f 8624 8623 8617
f 8610 8625 8617
f 8625 8626 8617
f 8624 8627 8623
f 8628 8619 8623
f 8617 8626 8624
f 8619 8628 8629
f 8626 8630 8624
f 8624 8630 8627
f 8622 8619 8631
f 8631 8619 8632
f 8619 8629 8632
f 8632 8629 8633
f 8633 8629 8634
f 8629 8635 8634
f 8628 8636 8629
f 8636 8637 8629
f 8638 8610 8608
f 8635 8629 8639
f 8629 8637 8639
f 8639 8637 8640
f 8637 8641 8640
f 8627 8642 8623
f 8623 8642 8628
f 8642 8636 8628
f 8637 8636 8641
f 8638 8643 8610
f 8643 8644 8610
f 8644 8645 8610
f 8610 8645 8625
f 8645 8646 8625
f 8625 8646 8626
f 8646 8647 8626
f 8647 8648 8626
f 8626 8648 8630
f 8648 8649 8630
f 8630 8649 8627
f 8649 8650 8627
f 8650 8651 8627
f 8627 8651 8607
f 8607 8652 8627
f 8652 8653 8627
f 8641 8636 8654
f 8636 8655 8654
f 8653 8656 8627
f 8627 8656 8642
f 8642 8657 8636
f 8636 8658 8655
f 8606 8607 8651
f 8655 8658 8659
f 8659 8658 8660
f 8658 8636 8660
f 8636 8661 8660
f 8636 8662 8661
f 8662 8663 8661
f 380 8568 8607
f 8607 8568 8652
f 8568 8569 8652
f 8569 8570 8652
f 8570 8571 8652
f 8571 8572 8652
f 8652 8572 8653
f 8572 8573 8653
f 8573 8574 8653
f 8574 8575 8653
f 8653 8575 8656
f 8575 8576 8656
f 8656 8576 8642
f 8576 8577 8642
f 8577 8578 8642
f 8578 8579 8642
f 8642 8579 8657
f 8579 8580 8657
f 8657 8580 8636
f 8580 8581 8636
f 8581 8582 8636
f 8582 8583 8636
f 8636 8583 8662
f 8583 8584 8662
f 8662 8584 8663
f 8584 97 8663
f 4610 8664 4628
f 86 4614 182
f 182 4614 8665
f 4617 8665 4612
f 8665 4614 4612
f 4620 8666 4619
f 8665 4617 8666
f 8666 4617 4619
f 4625 8667 4620
f 8666 4620 8667
f 8667 4625 8668
f 8668 4625 8669
f 8669 4625 4624
f 4627 8670 4624
f 8669 4624 8670
f 8670 4627 8671
f 4627 4628 8671
f 8671 4628 8664
f 8664 4610 8672
f 4610 8673 8672
f 4605 8673 4610
f 8673 4605 8674
f 8597 8675 8596
f 8585 8586 8676
f 8676 8586 8677
f 8586 8587 8677
f 8587 8588 8677
f 8677 8588 8678
f 8678 8588 8679
f 8588 8589 8679
f 8679 8589 8680
f 8589 8590 8680
f 8680 8590 8681
f 8590 8591 8681
f 8681 8591 8682
f 8591 8592 8682
f 8682 8592 8683
f 8592 8593 8683
f 8593 8594 8683
f 8683 8594 8684
f 8594 8595 8684
f 8684 8595 8685
f 8685 8595 8686
f 8595 8596 8686
f 8686 8596 8675
f 8675 8597 8687
f 8597 8598 8687
f 8687 8598 8688
f 8598 8599 8688
f 8688 8599 8689
f 8689 8599 8690
f 8599 8600 8690
f 8690 8600 8691
f 8600 8601 8691
f 8691 8601 8692
f 8601 8602 8692
f 8692 8602 8693
f 8602 8603 8693
f 8693 8603 8694
f 8694 8603 8695
f 8603 8604 8695
f 8695 8604 8696
f 8604 8605 8696
f 8696 8605 8697
f 8605 19 8697
f 8697 19 17
f 8698 8699 8608
f 8608 8699 8638
f 8699 8700 8638
f 8700 8701 8638
f 8638 8701 8643
f 8701 8702 8643
f 8643 8702 8644
f 8702 8703 8644
f 8703 8704 8644
f 8704 8705 8644
f 8644 8705 8645
f 8705 8706 8645
f 8645 8706 8646
f 8706 8707 8646
f 8707 8708 8646
f 8646 8708 8647
f 8708 8709 8647
f 8647 8709 8648
f 8709 8710 8648
f 8648 8710 8649
f 8710 8711 8649
f 8649 8711 8650
f 8711 8712 8650
f 8650 8712 8651
f 8712 8713 8651
f 8713 8714 8651
f 8651 8714 8606
f 8714 8715 8606
f 8715 8716 8606
f 8606 8716 380
f 8716 382 380
f 4727 8611 4725
f 96 4680 97
f 97 4680 8663
f 4680 8661 8663
f 4682 8661 4681
f 8661 4680 4681
f 4684 4687 8660
f 8660 4687 8659
f 4687 8655 8659
f 8661 4682 8660
f 8660 4682 4684
f 4708 8655 4707
f 8655 4687 4707
f 8655 4708 8654
f 4708 4698 8654
f 4696 8641 4699
f 8654 4698 8641
f 8641 4698 4699
f 4700 8639 4706
f 8641 4696 8640
f 8640 4696 8639
f 4696 4705 8639
f 8639 4705 4706
f 8639 4700 8635
f 8634 4783 8633
f 4783 8634 4701
f 8634 8635 4701
f 8635 4700 4701
f 8632 4710 8631
f 4710 8632 4709
f 8632 8633 4709
f 8633 4783 4709
f 8631 4710 4712
f 8631 4712 8622
f 8622 4712 4713
f 4713 4722 8621
f 8622 4713 8621
f 4720 8616 4721
f 8621 4722 8620
f 8620 4722 8616
f 4722 4721 8616
f 4728 8615 4720
f 4728 4725 8615
f 8615 4725 8614
f 4725 8611 8614
f 8616 4720 8615
f 8611 4727 4726
f 8611 4726 8609
f 8609 4726 4782
f 8609 4782 8608
f 8671 8672 8670
f 13 8718 8717
f 8717 8718 8719
f 8719 8718 8720
f 8720 8718 8721
f 8721 8718 8722
f 8718 8723 8722
f 8722 8723 8724
f 8724 8723 8725
f 8723 8726 8725
f 8725 8726 8727
f 8727 8726 8728
f 8726 8729 8728
f 8728 8729 8730
f 8730 8729 8731
f 8731 8729 8732
f 8732 8729 8733
f 8729 8734 8733
f 8733 8734 8735
f 8735 8734 8736
f 8736 8734 8737
f 8734 8738 8737
f 8737 8738 8739
f 8739 8738 8740
f 8665 8668 182
f 182 8668 8741
f 8741 8668 8742
f 8668 8743 8742
f 8742 8743 8744
f 8744 8743 8745
f 8743 8746 8745
f 8745 8746 8747
f 8747 8746 8748
f 8746 8749 8748
f 8748 8749 8750
f 8750 8749 8751
f 8749 8752 8751
f 8751 8752 8753
f 8753 8752 8754
f 8754 8752 8755
f 8755 8752 8756
f 8756 8752 8757
f 8752 8718 8757
f 8757 8718 8758
f 8758 8718 8759
f 8759 8718 8760
f 8760 8718 8761
f 8718 13 8761
f 8666 8668 8665
f 8667 8668 8666
f 8668 8762 8743
f 8743 8762 8746
f 8746 8762 8749
f 8762 8729 8749
f 8670 8672 8669
f 8669 8672 8668
f 8668 8738 8762
f 8738 8729 8762
f 8729 8726 8749
f 8726 8752 8749
f 8664 8672 8671
f 8672 8738 8668
f 8673 8738 8672
f 8734 8729 8738
f 8726 8723 8752
f 8723 8718 8752
f 8740 8738 8763
f 8738 8673 8763
f 8763 8673 8674
f 8677 4296 8676
f 4296 8677 4239
f 8677 8678 4239
f 4239 8678 8679
f 4241 8681 4240
f 4239 8679 4238
f 4238 8679 4237
f 8679 8680 4237
f 4241 4237 8681
f 8681 4237 8680
f 4240 8681 4233
f 8681 8682 4233
f 4233 8682 4232
f 4232 8682 8683
f 4232 8683 4225
f 4225 8683 8684
f 4225 8684 4224
f 8684 8685 4224
f 4224 8685 8686
f 4224 8686 4227
f 4227 8686 4226
f 8686 8675 4226
f 4226 8675 4298
f 8675 8687 4298
f 4298 8687 4297
f 8687 8688 4297
f 8688 4213 4297
f 8688 8689 4213
f 4213 8689 4214
f 8689 8690 4214
f 8690 8691 4214
f 4214 8691 4215
f 8691 4210 4215
f 8691 8692 4210
f 8692 4209 4210
f 8692 8693 4209
f 4209 8693 4217
f 4216 8694 4203
f 8693 8694 4217
f 8694 4216 4217
f 4198 4203 8696
f 8696 4203 8695
f 4203 8694 8695
f 4198 8696 4200
f 4196 4200 8697
f 8697 4200 8696
f 4196 8697 4195
f 4195 8697 17
f 4195 17 4194
f 4194 17 15
f 8708 8764 8709
f 8764 8765 8709
f 8709 8765 8710
f 8765 8766 8710
f 8710 8766 8711
f 8766 8767 8711
f 8711 8767 8712
f 8767 8768 8712
f 8712 8768 8713
f 8768 8769 8713
f 8713 8769 8714
f 8769 8770 8714
f 8714 8770 8715
f 8770 8771 8715
f 8715 8771 8716
f 8771 8772 8716
f 8716 8772 382
f 8772 381 382
f 8764 8708 8773
f 8708 8707 8773
f 8773 8707 8774
f 8707 8706 8774
f 8774 8706 8775
f 8706 8705 8775
f 8775 8705 8776
f 8705 8704 8776
f 8776 8704 8777
f 8704 8703 8777
f 8777 8703 8778
f 8703 8702 8778
f 8778 8702 8779
f 8702 8701 8779
f 8779 8701 8780
f 8701 8700 8780
f 8780 8700 8781
f 8700 8699 8781
f 8781 8699 8782
f 8699 8698 8782
f 8782 8698 8783
f 4660 7802 4773
f 7802 7800 4773
f 4678 7845 4677
f 7853 7855 4665
f 4665 7855 4791
f 4666 7853 4665
f 7853 4666 7852
f 4666 4668 7852
f 7852 4668 4763
f 4757 7859 4756
f 4757 4669 7859
f 7852 4763 7857
f 7857 4763 7859
f 7859 4763 4756
f 4672 7863 4670
f 7859 4669 7861
f 7861 4669 7863
f 7863 4669 4670
f 7834 7865 4755
f 4755 7865 4741
f 7865 4740 4741
f 7863 4672 7864
f 7864 4672 7865
f 4672 4740 7865
f 7834 4755 7832
f 7832 4755 7831
f 4755 4739 7831
f 7831 4739 4738
f 7831 4738 7835
f 7838 4677 7845
f 7838 7837 4677
f 4677 7837 4675
f 7837 4674 4675
f 7835 4738 7837
f 7837 4738 4674
f 7868 7869 4742
f 4678 4742 7845
f 7845 4742 7846
f 4742 7869 7846
f 7760 4743 7759
f 7760 7848 4743
f 4742 4743 7868
f 4743 7848 7868
f 7757 7759 4777
f 4777 7759 4779
f 7759 4743 4779
f 7757 4777 7756
f 7756 4777 4778
f 7755 7756 4656
f 4656 7756 4778
f 7755 4656 7754
f 7754 4656 7799
f 4656 4657 7799
f 7799 4657 4773
f 7800 7799 4773
f 7751 4661 7750
f 4660 4661 7802
f 4661 7751 7802
f 4776 7750 4774
f 7750 4661 4774
f 4766 7788 4767
f 7750 4776 7792
f 7792 4776 7788
f 4776 4769 7788
f 7788 4769 4767
f 7785 4772 7790
f 4772 7785 4771
f 7785 4764 4771
f 7788 4766 7786
f 7786 4766 7785
f 4766 4764 7785
f 7790 4772 7795
f 7795 4772 7794
f 4772 4781 7794
f 7793 7794 4662
f 7794 4781 4662
f 7793 4662 7796
f 4662 4663 7796
f 7796 4663 7798
f 7798 4663 7797
f 7797 4663 46
f 4663 96 46
f 14 8761 13
f 14 8784 8761
f 8761 8784 8760
f 8784 8785 8760
f 8760 8785 8759
f 8785 8786 8759
f 8759 8786 8758
f 8786 8787 8758
f 8758 8787 8757
f 8787 8788 8757
f 8757 8788 8756
f 8788 8789 8756
f 8756 8789 8755
f 8789 8790 8755
f 8755 8790 8754
f 8790 8791 8754
f 8754 8791 8753
f 8791 8792 8753
f 8753 8792 8751
f 8792 8793 8751
f 8751 8793 8750
f 8793 8794 8750
f 8750 8794 8748
f 8794 8795 8748
f 8748 8795 8747
f 8795 8796 8747
f 8747 8796 8745
f 8796 8797 8745
f 8745 8797 8744
f 8797 8798 8744
f 8744 8798 8742
f 8798 8799 8742
f 8742 8799 8741
f 8799 8800 8741
f 8741 8800 182
f 8800 172 182
f 4458 8674 4461
f 8674 4458 8763
f 8739 8740 4455
f 4455 8740 4457
f 4457 8740 4459
f 8740 8763 4459
f 4459 8763 4458
f 4454 8739 4455
f 8739 4454 8737
f 4454 4473 8737
f 8737 4473 8736
f 4473 4385 8736
f 8736 4385 8735
f 4385 4386 8735
f 8735 4386 8733
f 4386 4388 8733
f 8733 4388 4389
f 8733 4389 8732
f 8730 8731 4450
f 4450 8731 4449
f 8731 8732 4449
f 4449 8732 4452
f 8732 4389 4452
f 8727 8728 4472
f 4472 8728 4471
f 8728 8730 4471
f 4471 8730 4469
f 8730 4450 4469
f 4377 8727 4376
f 8727 4472 4376
f 4377 8725 8727
f 4467 8725 4466
f 8725 4377 4466
f 8725 4467 8724
f 8724 4467 8722
f 4467 4468 8722
f 8722 4468 4380
f 8722 4380 8721
f 8721 4380 4381
f 8721 4381 8720
f 8720 4381 4465
f 4465 8719 8720
f 8719 4465 4463
f 8719 4463 8717
f 4463 4464 8717
f 8717 4464 13
f 4464 12 13
f 4393 4170 4392
f 4182 4438 4180
f 4179 4437 4277
f 4277 4437 4306
f 4437 4475 4306
f 4438 4437 4180
f 4437 4179 4180
f 4182 4276 4438
f 4276 4441 4438
f 4444 4439 4183
f 4183 4439 4271
f 4441 4276 4440
f 4440 4276 4439
f 4439 4276 4271
f 4186 4436 4442
f 4442 4443 4186
f 4186 4443 4184
f 4444 4183 4443
f 4443 4183 4184
f 4447 4434 4254
f 4434 4253 4254
f 4436 4186 4434
f 4186 4272 4434
f 4434 4272 4253
f 4447 4254 4446
f 4254 4252 4446
f 4446 4252 4251
f 4424 4191 4423
f 4191 4430 4423
f 4424 4426 4191
f 4191 4426 4189
f 4426 4188 4189
f 4446 4251 4445
f 4445 4251 4426
f 4426 4251 4188
f 4428 4430 4267
f 4267 4430 4192
f 4430 4191 4192
f 4428 4267 4427
f 4267 4255 4427
f 4427 4255 4256
f 4427 4256 4476
f 4476 4256 4375
f 4256 4293 4375
f 4375 4293 4291
f 4375 4291 4374
f 4374 4291 4391
f 4391 4291 4292
f 4393 4391 4170
f 4170 4391 4292
f 4289 4392 4171
f 4392 4170 4171
f 4289 4287 4392
f 4392 4287 4405
f 4287 4408 4405
f 4408 4287 4407
f 4287 4174 4407
f 4174 4175 4407
f 4407 4175 4406
f 4175 4403 4406
f 4283 4403 4290
f 4403 4175 4290
f 4281 4280 4412
f 4403 4283 4402
f 4402 4283 4412
f 4412 4283 4281
f 4409 4410 4286
f 4286 4410 4285
f 4410 4278 4285
f 4412 4280 4411
f 4411 4280 4410
f 4280 4278 4410
f 4409 4286 4399
f 4286 4295 4399
f 4399 4295 4176
f 4399 4176 4398
f 4176 4397 4398
f 4397 4176 4396
f 4176 4177 4396
f 4396 4177 12
f 4177 15 12
f 8801 8802 8765
f 8765 8802 8766
f 8766 8802 8767
f 8802 8803 8767
f 8767 8803 8768
f 8803 8804 8768
f 8768 8804 8769
f 8804 8805 8769
f 8769 8805 8770
f 8805 8806 8770
f 8770 8806 8771
f 8806 8807 8771
f 8771 8807 8772
f 8807 8808 8772
f 8772 8808 381
f 8808 379 381
f 8809 8801 8764
f 8801 8765 8764
f 8783 8810 8782
f 8810 8811 8782
f 8811 8812 8782
f 8782 8812 8781
f 8812 8813 8781
f 8781 8813 8780
f 8813 8814 8780
f 8780 8814 8779
f 8814 8815 8779
f 8779 8815 8778
f 8815 8816 8778
f 8778 8816 8777
f 8816 8817 8777
f 8777 8817 8776
f 8776 8817 8775
f 8817 8818 8775
f 8818 8819 8775
f 8775 8819 8774
f 8774 8819 8773
f 8819 8809 8773
f 8809 8764 8773
f 7784 8820 7778
f 8821 8822 7770
f 8821 7768 8823
f 7768 7762 8823
f 7768 8821 7769
f 8821 7770 7769
f 8823 7762 8824
f 7763 8824 7762
f 8824 7763 8825
f 7763 7775 8825
f 8825 7775 8826
f 8826 7775 7776
f 8826 7776 8827
f 7776 7777 8827
f 8827 7777 7778
f 7778 8820 8827
f 7784 7781 8820
f 8820 7781 8828
f 7779 8828 7781
f 8828 7779 114
f 7779 46 114
f 8829 8831 8830
f 8830 8831 8832
f 8832 8831 8833
f 8833 8831 8834
f 8834 8836 8835
f 8837 8839 8838
f 8840 8842 8841
f 8843 8844 674
f 8845 8844 8846
f 8846 8844 8843
f 674 8844 8847
f 8844 8848 8847
f 8847 8848 8849
f 8841 8842 8845
f 8845 8842 8844
f 8850 8851 8840
f 8840 8851 8842
f 8849 8848 8852
f 8852 8848 8853
f 8854 8855 8848
f 8848 8855 8853
f 8856 8851 8850
f 8857 8851 8856
f 8853 8855 8858
f 8858 8855 8859
f 8854 8860 8855
f 8855 8860 8859
f 8838 8839 8857
f 8857 8839 8851
f 8842 8861 8844
f 8854 8862 8860
f 8863 8839 8837
f 8842 8851 8861
f 8864 8865 8854
f 8865 8866 8854
f 8835 8851 8863
f 8863 8851 8839
f 8836 8865 8864
f 8854 8867 8862
f 8835 8836 8851
f 8861 8848 8844
f 8859 8860 8868
f 8868 8860 8869
f 8860 8862 8869
f 8869 8862 8870
f 8870 8862 8871
f 8862 8867 8871
f 8871 8867 8872
f 8867 8873 8872
f 8865 8874 8866
f 8874 8867 8866
f 8866 8867 8854
f 8834 8831 8836
f 8836 8831 8865
f 8873 8867 8875
f 8867 8876 8875
f 8851 8864 8861
f 8864 8854 8861
f 8861 8854 8848
f 8876 8867 8877
f 8867 8878 8877
f 8878 8879 8877
f 8831 8880 8865
f 8880 8881 8865
f 8865 8881 8874
f 8874 8882 8867
f 8867 8882 8878
f 8883 8831 8829
f 8836 8864 8851
f 172 8831 8883
f 8879 8878 8884
f 8878 8885 8884
f 8878 8886 8885
f 8886 8887 8885
f 172 8800 8831
f 8800 8799 8831
f 8799 8798 8831
f 8798 8797 8831
f 8831 8797 8880
f 8797 8796 8880
f 8796 8795 8880
f 8795 8794 8880
f 8794 8793 8880
f 8880 8793 8881
f 8793 8792 8881
f 8792 8791 8881
f 8881 8791 8874
f 8791 8790 8874
f 8790 8789 8874
f 8874 8789 8882
f 8789 8788 8882
f 8882 8788 8878
f 8788 8787 8878
f 8787 8786 8878
f 8786 8785 8878
f 8878 8785 8886
f 8785 8784 8886
f 8886 8784 8887
f 8784 14 8887
f 8888 8810 8889
f 8890 8811 8891
f 8892 8812 8893
f 8894 8895 8815
f 8896 8897 8817
f 8819 8898 8809
f 8809 8898 8801
f 8898 8899 8801
f 8801 8899 8802
f 8899 8900 8802
f 8900 8901 8802
f 8802 8901 8803
f 8901 8902 8803
f 8803 8902 8804
f 8902 8903 8804
f 8804 8903 8805
f 8903 8904 8805
f 8805 8904 8806
f 8904 8905 8806
f 8806 8905 8807
f 8905 8906 8807
f 8807 8906 8808
f 8906 8907 8808
f 8808 8907 379
f 8907 372 379
f 8898 8819 8908
f 8819 8909 8908
f 8897 8909 8817
f 8817 8909 8818
f 8909 8819 8818
f 8817 8816 8896
f 8896 8816 8910
f 8816 8911 8910
f 8895 8911 8815
f 8815 8911 8816
f 8815 8814 8894
f 8894 8814 8912
f 8814 8913 8912
f 8892 8913 8812
f 8812 8913 8813
f 8913 8814 8813
f 8890 8893 8811
f 8811 8893 8812
f 8888 8891 8810
f 8891 8811 8810
f 8820 8914 8827
f 8827 8914 8826
f 8826 8914 8825
f 8825 8914 8824
f 8915 8916 374
f 8915 8917 8916
f 8917 8918 8916
f 8918 8919 8916
f 8919 8920 8916
f 8916 8920 8921
f 8920 8922 8921
f 8922 8923 8921
f 8923 8924 8921
f 8821 8925 8822
f 8822 8925 8926
f 8926 8925 8927
f 8927 8925 8928
f 8928 8925 8929
f 8929 8925 8930
f 8925 8931 8930
f 8930 8931 8932
f 8932 8931 8933
f 8931 8921 8933
f 8933 8921 8934
f 8934 8921 8935
f 8823 8925 8821
f 8824 8914 8823
f 8823 8914 8925
f 8925 8936 8931
f 8931 8936 8921
f 8937 8916 8921
f 8914 8936 8925
f 8936 8937 8921
f 8828 8914 8820
f 8914 8938 8936
f 8938 8937 8936
f 114 8939 8828
f 8828 8939 8914
f 8939 8940 8914
f 8940 8941 8914
f 8941 8942 8914
f 8914 8942 8938
f 8942 8943 8938
f 8938 8943 8937
f 8943 8944 8937
f 8944 8945 8937
f 8945 8946 8937
f 8946 8947 8937
f 8947 8948 8937
f 8948 8949 8937
f 8949 8950 8937
f 8950 8951 8937
f 8937 8951 8916
f 8951 8952 8916
f 8916 8952 8953
f 8952 8954 8953
f 8954 8955 8953
f 8953 8955 8916
f 8955 8956 8916
f 8956 374 8916
f 8935 8921 8924
f 674 705 8843
f 705 6054 8843
f 6051 8843 6148
f 8843 6054 6148
f 6052 8846 6051
f 8843 6051 8846
f 8846 6052 8845
f 8845 6052 6156
f 8840 6068 8850
f 8845 6156 8841
f 8841 6156 8840
f 6156 6155 8840
f 8840 6155 6068
f 6071 8850 6069
f 8850 6068 6069
f 8856 6072 8857
f 8850 6071 8856
f 8856 6071 6072
f 8838 6089 8837
f 6089 8838 6079
f 8838 8857 6079
f 6079 8857 6072
f 8835 8863 6093
f 6093 8863 6090
f 8863 8837 6090
f 6090 8837 6089
f 6091 8835 6094
f 6094 8835 6093
f 6092 6108 8834
f 6108 8833 8834
f 8835 6091 8834
f 8834 6091 6092
f 6100 8833 6109
f 8833 6108 6109
f 6099 6098 8832
f 6098 8830 8832
f 8833 6100 8832
f 8832 6100 6099
f 6107 8830 6106
f 6106 8830 6098
f 6107 8829 8830
f 6103 8829 6105
f 8829 6107 6105
f 8829 6103 8883
f 6103 6101 8883
f 8883 6101 6157
f 8883 6157 172
f 6157 91 172
f 6295 8853 6296
f 6283 8869 6290
f 24 6252 14
f 14 6252 8887
f 6252 8885 8887
f 6258 8885 6254
f 6254 8885 6253
f 8885 6252 6253
f 8884 6256 8879
f 8885 6258 8884
f 8884 6258 6256
f 6275 8879 6274
f 8879 6256 6274
f 8879 6275 8877
f 8877 6275 6266
f 6265 8876 6267
f 8877 6266 8876
f 8876 6266 6267
f 6272 8875 6273
f 6273 8875 6265
f 8876 6265 8875
f 8875 6272 8873
f 6272 6271 8873
f 8872 6338 8871
f 6338 8872 6270
f 8872 8873 6270
f 8873 6271 6270
f 8869 8870 6290
f 6290 8870 6289
f 6289 8870 6339
f 8870 8871 6339
f 8871 6338 6339
f 6284 8869 6283
f 8869 6284 8868
f 8868 6284 8859
f 6284 6287 8859
f 8859 6287 6288
f 6296 8853 8858
f 8859 6288 8858
f 8858 6288 6296
f 6293 8853 6295
f 6299 8852 6301
f 6299 8849 8852
f 8853 6293 8852
f 6293 6301 8852
f 6300 8849 6299
f 8849 6300 8847
f 6300 6337 8847
f 8847 6337 6336
f 8847 6336 674
f 6336 677 674
f 8888 8957 8891
f 8890 8958 8893
f 8892 8959 8913
f 8912 8960 8894
f 8895 8961 8911
f 8910 8962 8896
f 8897 8963 8909
f 8908 8964 8898
f 372 8965 373
f 372 8907 8965
f 8965 8907 8966
f 8907 8906 8966
f 8966 8906 8967
f 8906 8905 8967
f 8967 8905 8968
f 8905 8904 8968
f 8968 8904 8969
f 8904 8903 8969
f 8969 8903 8970
f 8903 8902 8970
f 8970 8902 8971
f 8902 8901 8971
f 8971 8901 8972
f 8901 8900 8972
f 8972 8900 8973
f 8900 8899 8973
f 8899 8898 8973
f 8973 8898 8974
f 8898 8964 8974
f 8908 8909 8964
f 8964 8909 8975
f 8909 8963 8975
f 8897 8896 8963
f 8963 8896 8976
f 8896 8962 8976
f 8910 8911 8962
f 8962 8911 8977
f 8911 8961 8977
f 8895 8894 8961
f 8961 8894 8978
f 8894 8960 8978
f 8912 8913 8960
f 8960 8913 8979
f 8913 8959 8979
f 8892 8893 8959
f 8959 8893 8980
f 8893 8958 8980
f 8890 8891 8958
f 8958 8891 8981
f 8891 8957 8981
f 8888 8889 8957
f 8957 8889 8982
f 8889 8983 8982
f 373 8915 374
f 373 8965 8915
f 8915 8965 8917
f 8965 8966 8917
f 8917 8966 8918
f 8966 8967 8918
f 8918 8967 8919
f 8967 8968 8919
f 8919 8968 8920
f 8968 8969 8920
f 8920 8969 8922
f 8969 8970 8922
f 8922 8970 8923
f 8970 8971 8923
f 8923 8971 8924
f 8971 8972 8924
f 8924 8972 8935
f 8972 8973 8935
f 8934 8935 8964
f 8964 8935 8974
f 8935 8973 8974
f 8933 8962 8932
f 8962 8933 8976
f 8976 8933 8963
f 8933 8934 8963
f 8963 8934 8975
f 8934 8964 8975
f 8930 8960 8929
f 8960 8930 8978
f 8978 8930 8961
f 8930 8932 8961
f 8961 8932 8977
f 8932 8962 8977
f 8928 8958 8927
f 8958 8928 8980
f 8980 8928 8959
f 8928 8929 8959
f 8959 8929 8979
f 8929 8960 8979
f 8926 8983 8822
f 8983 8926 8982
f 8982 8926 8957
f 8926 8927 8957
f 8957 8927 8981
f 8927 8958 8981
f 374 8984 375
f 374 8956 8984
f 8984 8956 8985
f 8956 8955 8985
f 8985 8955 8986
f 8955 8954 8986
f 8986 8954 8987
f 8954 8952 8987
f 8987 8952 8988
f 8952 8951 8988
f 8988 8951 8989
f 8951 8950 8989
f 8989 8950 8990
f 8950 8949 8990
f 8990 8949 8991
f 8949 8948 8991
f 8991 8948 8992
f 8948 8947 8992
f 8992 8947 8993
f 8947 8946 8993
f 8993 8946 8994
f 8946 8945 8994
f 8994 8945 8995
f 8945 8944 8995
f 8995 8944 8996
f 8944 8943 8996
f 8996 8943 8997
f 8943 8942 8997
f 8997 8942 8998
f 8942 8941 8998
f 8998 8941 8999
f 8941 8940 8999
f 8999 8940 9000
f 8940 8939 9000
f 9000 8939 36
f 8939 114 36
f 9001 90 6124
f 6124 90 91
f 6121 9001 6125
f 6125 9001 6124
f 6122 9002 6121
f 9001 6121 9002
f 9002 6122 9003
f 9003 6122 6120
f 9003 6120 9004
f 9004 6120 6119
f 9004 6119 9005
f 9005 6119 9006
f 6119 6117 9006
f 9006 6117 6115
f 9006 6115 9007
f 6115 6113 9007
f 9007 6113 6110
f 9007 6110 9008
f 9008 6110 9009
f 6110 6111 9009
f 9010 6043 9011
f 6043 9010 6111
f 9010 9009 6111
f 9012 9011 6046
f 6046 9011 6044
f 9011 6043 6044
f 6047 9012 6046
f 9012 6047 9013
f 6047 6140 9013
f 6141 9014 6140
f 6141 6130 9014
f 9013 6140 9014
f 9014 6130 9015
f 9015 6130 9016
f 6130 6131 9016
f 9016 6131 6132
f 9016 6132 9017
f 9017 6132 6128
f 6127 9018 6128
f 9017 6128 9018
f 9018 6127 9019
f 9019 6127 9020
f 6127 634 9020
f 9020 634 635
f 9021 633 6324
f 6324 633 632
f 9021 6324 6245
f 9022 9021 6246
f 6246 9021 6245
f 6306 9023 6319
f 9023 9022 6319
f 9022 6246 6319
f 6304 9024 6306
f 9023 6306 9024
f 6248 9025 6303
f 9024 6304 9025
f 9025 6304 6303
f 9026 9027 6251
f 9027 6249 6251
f 9025 6248 9028
f 9028 6248 9027
f 6248 6249 9027
f 9026 6308 9029
f 6308 9026 6307
f 9026 6251 6307
f 6331 9030 6334
f 9030 9029 6334
f 6334 9029 6308
f 9031 9030 6331
f 6240 9031 6331
f 6240 6241 9031
f 6241 9032 9031
f 6333 9032 6241
f 6327 9033 6328
f 9032 6333 9033
f 6333 6330 9033
f 9033 6330 6328
f 6335 9034 6325
f 6335 9035 9034
f 9033 6327 9036
f 9036 6327 9034
f 6327 6325 9034
f 9035 6335 6242
f 9035 6242 9037
f 6242 6243 9037
f 9037 6243 22
f 6243 24 22
f 9038 9040 9039
f 9039 9040 9041
f 9041 9040 9042
f 9042 9044 9043
f 9045 9047 9046
f 9048 9050 9049
f 9051 9052 538
f 9053 9050 9054
f 9050 9052 9054
f 9054 9052 9051
f 538 9056 9055
f 9056 9057 9055
f 9055 9057 9058
f 9057 9059 9058
f 9060 9050 9053
f 9061 9050 9060
f 9050 9062 9052
f 9062 9056 9052
f 9059 9057 9063
f 9057 9056 9063
f 9063 9056 9064
f 9065 9066 9056
f 9056 9066 9064
f 9067 9050 9061
f 9065 9068 9066
f 9069 9050 9067
f 9064 9066 9070
f 9066 9071 9070
f 9070 9071 9072
f 9071 9073 9072
f 9071 9066 9073
f 9049 9050 9069
f 9074 9050 9048
f 9046 9047 9074
f 9074 9047 9050
f 9068 9075 9066
f 9047 9068 9050
f 9052 9056 538
f 9073 9066 9076
f 9076 9066 9077
f 9077 9066 9078
f 9066 9075 9078
f 9078 9075 9079
f 9075 9080 9079
f 9081 9082 9075
f 9075 9082 9080
f 9043 9044 9045
f 9045 9044 9047
f 9068 9083 9075
f 9083 9081 9075
f 9042 9040 9044
f 9044 9040 9047
f 9068 9065 9050
f 9050 9065 9062
f 9065 9056 9062
f 9080 9082 9084
f 9084 9082 9085
f 9082 9081 9085
f 9081 9086 9085
f 9068 9087 9083
f 9086 9081 9088
f 9081 9089 9088
f 9083 9090 9081
f 9081 9090 9089
f 9091 9040 9038
f 9087 9040 9083
f 9040 9092 9083
f 9092 9090 9083
f 9040 9087 9047
f 9087 9068 9047
f 375 9040 9091
f 9089 9090 9093
f 9090 9094 9093
f 9093 9094 9095
f 9094 9096 9095
f 375 8984 9040
f 8984 8985 9040
f 8985 8986 9040
f 8986 8987 9040
f 8987 8988 9040
f 8988 8989 9040
f 8989 8990 9040
f 9040 8990 9092
f 8990 8991 9092
f 8991 8992 9092
f 8992 8993 9092
f 8993 8994 9092
f 8994 8995 9092
f 9092 8995 9090
f 8995 8996 9090
f 8996 8997 9090
f 8997 8998 9090
f 8998 8999 9090
f 9090 8999 9094
f 8999 9000 9094
f 9094 9000 9096
f 9000 36 9096
f 9020 9097 9019
f 9018 9097 9017
f 9017 9098 9016
f 9016 9099 9015
f 9014 9099 9013
f 9013 9100 9012
f 9012 9100 9011
f 9009 9101 9008
f 9006 9102 9005
f 9103 9105 9104
f 9105 9106 9104
f 9105 9107 9106
f 9107 9108 9106
f 9109 9107 9105
f 9103 9109 9105
f 9108 9111 9110
f 9111 9113 9112
f 9114 9103 283
f 9114 9115 9103
f 9103 9115 9109
f 9115 9116 9109
f 9116 9117 9109
f 9117 9118 9109
f 9118 9119 9109
f 9109 9119 9107
f 9119 9120 9107
f 9120 9121 9107
f 9107 9121 9108
f 9121 9122 9108
f 9122 9123 9108
f 9108 9123 9111
f 9123 9124 9111
f 9124 9125 9111
f 9111 9125 9113
f 9125 9126 9113
f 9126 9127 9113
f 9127 9128 9113
f 9128 9129 9113
f 9001 9130 90
f 90 9130 9131
f 9130 9113 9131
f 9002 9130 9001
f 9003 9130 9002
f 9130 9112 9113
f 9004 9102 9003
f 9003 9102 9130
f 9132 9112 9130
f 9005 9102 9004
f 9102 9132 9130
f 9007 9132 9006
f 9006 9132 9102
f 9008 9101 9007
f 9007 9101 9132
f 9010 9100 9009
f 9009 9100 9101
f 9101 9100 9132
f 9133 9110 9112
f 9011 9100 9010
f 9132 9134 9112
f 9134 9133 9112
f 9100 9134 9132
f 9133 9106 9110
f 9013 9099 9100
f 9015 9099 9014
f 9099 9098 9100
f 9098 9134 9100
f 9134 9135 9133
f 9133 9104 9106
f 9016 9098 9099
f 9017 9097 9098
f 9098 9136 9134
f 9136 9135 9134
f 9135 9137 9133
f 9137 9104 9133
f 9019 9097 9018
f 9020 9098 9097
f 635 9138 9020
f 9020 9138 9098
f 9138 9139 9098
f 9139 9140 9098
f 9140 9141 9098
f 9098 9141 9136
f 9141 9142 9136
f 9142 9143 9136
f 9136 9143 9135
f 9143 9144 9135
f 9144 9145 9135
f 9135 9145 9137
f 9145 9146 9137
f 9146 9147 9137
f 9137 9147 9104
f 9147 9148 9104
f 9148 9149 9104
f 9149 9150 9104
f 9150 9151 9104
f 9151 9152 9104
f 9152 9153 9104
f 9104 9153 9103
f 9153 9154 9103
f 9154 283 9103
f 9131 9113 9129
f 9111 9112 9110
f 9110 9106 9108
f 9037 9155 9035
f 9035 9155 9034
f 9034 9156 9036
f 9033 9156 9032
f 9032 9157 9031
f 9031 9157 9030
f 9027 9158 9028
f 9159 9161 9160
f 9162 9159 9160
f 9159 9163 9161
f 9163 9164 9161
f 9159 9162 297
f 9165 9163 9159
f 9166 9159 297
f 9166 9167 9159
f 9167 9168 9159
f 9168 9169 9159
f 9169 9170 9159
f 9159 9170 9165
f 9170 9171 9165
f 9165 9171 9163
f 9171 9172 9163
f 9172 9173 9163
f 9173 9174 9163
f 9163 9174 9164
f 9174 9175 9164
f 9175 9176 9164
f 9176 9177 9164
f 9177 9178 9164
f 9164 9178 9179
f 9178 9180 9179
f 9179 9180 9181
f 9180 9182 9181
f 9182 9183 9181
f 9021 9181 633
f 633 9181 9184
f 9022 9181 9021
f 9023 9181 9022
f 9024 9181 9023
f 9025 9181 9024
f 9161 9179 9181
f 9028 9158 9025
f 9025 9158 9181
f 9026 9181 9027
f 9027 9181 9158
f 9179 9161 9164
f 9181 9157 9161
f 9029 9181 9026
f 9030 9157 9029
f 9029 9157 9181
f 9157 9185 9161
f 9032 9156 9157
f 9156 9186 9157
f 9036 9156 9033
f 9186 9185 9157
f 9034 9155 9156
f 9155 9186 9156
f 9185 9187 9161
f 22 9188 9037
f 9037 9188 9155
f 9188 9189 9155
f 9189 9190 9155
f 9155 9190 9186
f 9190 9191 9186
f 9191 9192 9186
f 9192 9193 9186
f 9193 9194 9186
f 9186 9194 9185
f 9194 9195 9185
f 9195 9196 9185
f 9196 9197 9185
f 9197 9198 9185
f 9198 9199 9185
f 9185 9199 9187
f 9199 9200 9187
f 9200 9201 9187
f 9201 9202 9187
f 9202 9203 9187
f 9187 9203 9160
f 9203 9204 9160
f 9160 9204 9162
f 9204 297 9162
f 9184 9181 9183
f 9161 9187 9160
f 5813 9041 5817
f 538 539 9051
f 539 5784 9051
f 5781 9051 5784
f 5782 9054 5781
f 9051 5781 9054
f 9054 5782 9053
f 9053 5782 5867
f 5866 5788 9060
f 9060 5788 9061
f 9053 5867 9060
f 9060 5867 5866
f 5789 9061 5788
f 5793 5794 9067
f 9067 5794 9069
f 9061 5789 9067
f 9067 5789 5793
f 9049 9069 5798
f 5798 9069 5799
f 9069 5794 5799
f 9074 9048 5803
f 5803 9048 5868
f 9048 9049 5868
f 5868 9049 5798
f 5805 9046 5804
f 9046 9074 5804
f 9074 5803 5804
f 5815 9045 5805
f 9046 5805 9045
f 9045 5815 9043
f 9043 5815 9042
f 5815 5816 9042
f 9042 5816 5817
f 5817 9041 9042
f 5813 9039 9041
f 9039 5813 5812
f 9039 5812 9038
f 5812 5811 9038
f 9038 5811 9091
f 5811 5809 9091
f 9091 5809 370
f 9091 370 375
f 9096 36 6009
f 6009 36 25
f 5942 9096 6011
f 6011 9096 6010
f 9096 6009 6010
f 6007 9093 5943
f 9096 5942 9095
f 9095 5942 9093
f 5942 5943 9093
f 9093 6007 9089
f 6007 6008 9089
f 9089 6008 6006
f 9089 6006 9088
f 9088 6006 6001
f 9088 6001 9086
f 9086 6001 5999
f 9086 5999 9085
f 5999 5997 9085
f 9085 5997 5994
f 9085 5994 9084
f 9084 5994 9080
f 5994 5995 9080
f 9079 5931 9078
f 5931 9079 6023
f 9079 9080 6023
f 9080 5995 6023
f 9076 9077 5934
f 5934 9077 6022
f 6022 9077 6020
f 9077 9078 6020
f 6020 9078 5932
f 9078 5931 5932
f 5935 9076 5934
f 9076 5935 9073
f 5935 6025 9073
f 9073 6025 5937
f 6017 9070 5938
f 9073 5937 9072
f 9072 5937 9070
f 5937 5938 9070
f 9070 6017 9064
f 6017 6018 9064
f 9064 6018 9063
f 9063 6018 6016
f 6014 9059 6015
f 9063 6016 9059
f 6016 6015 9059
f 9059 6014 9058
f 9058 6014 9055
f 6014 6013 9055
f 9055 6013 544
f 9055 544 538
f 284 9114 283
f 284 9205 9114
f 9114 9205 9115
f 9205 9206 9115
f 9115 9206 9116
f 9206 9207 9116
f 9116 9207 9117
f 9207 9208 9117
f 9117 9208 9118
f 9208 9209 9118
f 9118 9209 9119
f 9209 9210 9119
f 9119 9210 9120
f 9210 9211 9120
f 9120 9211 9121
f 9211 9212 9121
f 9121 9212 9122
f 9212 9213 9122
f 9122 9213 9123
f 9213 9214 9123
f 9123 9214 9124
f 9214 9215 9124
f 9124 9215 9125
f 9215 9216 9125
f 9125 9216 9126
f 9216 9217 9126
f 9126 9217 9127
f 9217 9218 9127
f 9127 9218 9128
f 9218 9219 9128
f 9128 9219 9129
f 9219 9220 9129
f 9129 9220 9131
f 9220 9221 9131
f 9131 9221 90
f 9221 89 90
f 283 9222 285
f 283 9154 9222
f 9222 9154 9223
f 9154 9153 9223
f 9223 9153 9224
f 9153 9152 9224
f 9224 9152 9225
f 9152 9151 9225
f 9225 9151 9226
f 9151 9150 9226
f 9226 9150 9227
f 9150 9149 9227
f 9227 9149 9228
f 9149 9148 9228
f 9228 9148 9229
f 9148 9147 9229
f 9229 9147 9230
f 9147 9146 9230
f 9230 9146 9231
f 9146 9145 9231
f 9231 9145 9232
f 9145 9144 9232
f 9232 9144 9233
f 9144 9143 9233
f 9233 9143 9234
f 9143 9142 9234
f 9234 9142 9235
f 9142 9141 9235
f 9235 9141 9236
f 9141 9140 9236
f 9236 9140 9237
f 9140 9139 9237
f 9237 9139 9238
f 9139 9138 9238
f 9238 9138 637
f 9138 635 637
f 291 9166 297
f 291 9239 9166
f 9166 9239 9167
f 9239 9240 9167
f 9167 9240 9168
f 9240 9241 9168
f 9168 9241 9169
f 9241 9242 9169
f 9169 9242 9170
f 9242 9243 9170
f 9170 9243 9171
f 9243 9244 9171
f 9171 9244 9172
f 9244 9245 9172
f 9172 9245 9173
f 9245 9246 9173
f 9173 9246 9174
f 9246 9247 9174
f 9174 9247 9175
f 9247 9248 9175
f 9175 9248 9176
f 9248 9249 9176
f 9176 9249 9177
f 9249 9250 9177
f 9177 9250 9178
f 9250 9251 9178
f 9178 9251 9180
f 9251 9252 9180
f 9180 9252 9182
f 9252 9253 9182
f 9182 9253 9183
f 9253 9254 9183
f 9183 9254 9184
f 9254 9255 9184
f 9184 9255 633
f 9255 631 633
f 297 9256 296
f 297 9204 9256
f 9256 9204 9257
f 9204 9203 9257
f 9257 9203 9258
f 9203 9202 9258
f 9258 9202 9259
f 9202 9201 9259
f 9259 9201 9260
f 9201 9200 9260
f 9260 9200 9261
f 9200 9199 9261
f 9261 9199 9262
f 9199 9198 9262
f 9262 9198 9263
f 9198 9197 9263
f 9263 9197 9264
f 9197 9196 9264
f 9264 9196 9265
f 9196 9195 9265
f 9265 9195 9266
f 9195 9194 9266
f 9266 9194 9267
f 9194 9193 9267
f 9267 9193 9268
f 9193 9192 9268
f 9268 9192 9269
f 9192 9191 9269
f 9269 9191 9270
f 9191 9190 9270
f 9270 9190 9271
f 9190 9189 9271
f 9271 9189 9272
f 9189 9188 9272
f 9272 9188 23
f 9188 22 23
f 5840 9273 5771
f 9274 371 5827
f 5827 371 370
f 5826 9274 5828
f 5828 9274 5827
f 9275 9276 5776
f 9276 5826 5776
f 9274 5826 9276
f 5777 9275 5776
f 9275 5777 9277
f 9277 5777 5824
f 9277 5824 9278
f 9278 5824 5822
f 9278 5822 9279
f 9279 5822 5823
f 9280 9281 5818
f 9279 5823 9281
f 5823 5818 9281
f 9282 9280 5767
f 9280 5818 5767
f 5771 9283 5769
f 5769 9283 5768
f 9283 9282 5768
f 9282 5767 5768
f 5771 9273 9283
f 5840 9284 9273
f 5773 9284 5842
f 5842 9284 5840
f 9284 5773 9285
f 9285 5773 9286
f 5773 5774 9286
f 9286 5774 9287
f 9287 5774 5829
f 9287 5829 9288
f 9288 5829 5830
f 9288 5830 9289
f 5830 494 9289
f 9289 494 495
f 535 534 9290
f 534 5948 9290
f 9291 9290 5945
f 5945 9290 5948
f 6036 9292 5946
f 9292 9291 5946
f 5946 9291 5945
f 9293 5964 9294
f 9292 6036 9293
f 9293 6036 5964
f 5965 9294 5964
f 9294 5965 9295
f 5978 9296 5971
f 9296 9295 5971
f 5971 9295 5965
f 9297 9298 5981
f 5981 9298 5978
f 9298 9296 5978
f 5979 9297 5981
f 5979 5993 9299
f 9299 5993 9300
f 5993 9301 9300
f 9297 5979 9299
f 9301 5993 5988
f 5987 9303 9302
f 9301 5988 9302
f 9302 5988 5987
f 5992 9303 5986
f 9303 5987 5986
f 5992 9304 9303
f 5991 9304 5992
f 9304 5991 9305
f 5991 5989 9305
f 9305 5989 26
f 5989 25 26
f 89 9307 9306
f 785 9309 9308
f 9310 9309 785
f 9309 9311 9308
f 9310 9312 9309
f 9309 9313 9311
f 9313 9314 9311
f 9313 9315 9314
f 9313 9316 9315
f 9312 9317 9309
f 9317 9318 9309
f 9309 9319 9313
f 9319 9320 9313
f 9313 9320 9316
f 9316 9321 9315
f 9310 9317 9312
f 9317 9322 9318
f 9316 9320 9321
f 9320 9323 9321
f 9319 9324 9320
f 9320 9325 9323
f 9318 9326 9319
f 9320 9327 9325
f 9327 9328 9325
f 9318 9329 9326
f 9327 9330 9328
f 9322 9329 9318
f 9326 9307 9319
f 9319 9307 9331
f 9319 9331 9324
f 9327 9332 9330
f 9333 9310 785
f 9331 9334 9324
f 9324 9334 9320
f 9320 9334 9327
f 9327 9335 9332
f 9333 9336 9310
f 9310 9336 9317
f 9336 9337 9317
f 9337 9338 9317
f 9338 9339 9317
f 9317 9339 9322
f 9339 9340 9322
f 9340 9341 9322
f 9341 9342 9322
f 9342 9343 9322
f 9343 9344 9322
f 9322 9344 9329
f 9344 9345 9329
f 9329 9345 9326
f 9345 9346 9326
f 9346 9347 9326
f 9347 9348 9326
f 9348 9349 9326
f 9326 9349 9307
f 9349 9350 9307
f 9334 9335 9327
f 9335 9351 9332
f 9335 9352 9351
f 9307 9353 9331
f 89 9221 9307
f 9221 9220 9307
f 9220 9219 9307
f 9307 9219 9353
f 9219 9218 9353
f 9218 9217 9353
f 9217 9216 9353
f 9353 9216 9331
f 9216 9215 9331
f 9331 9215 9334
f 9215 9214 9334
f 9214 9213 9334
f 9213 9212 9334
f 9212 9211 9334
f 9211 9210 9334
f 9210 9209 9334
f 9334 9209 9335
f 9209 9208 9335
f 9208 9207 9335
f 9207 9206 9335
f 9206 9205 9335
f 9335 9205 9352
f 9205 284 9352
f 9306 9307 9350
f 9318 9319 9309
f 285 9222 286
f 286 9222 9354
f 9222 9223 9354
f 9223 9224 9354
f 9224 9225 9354
f 9225 9226 9354
f 9226 9227 9354
f 9227 9228 9354
f 9228 9229 9354
f 9229 9230 9354
f 9230 9231 9354
f 9231 9232 9354
f 9232 9233 9354
f 9233 9234 9354
f 9234 9235 9354
f 9235 9236 9354
f 9236 9237 9354
f 9354 9237 639
f 9237 9238 639
f 9238 637 639
f 286 9354 273
f 273 9354 9355
f 9354 639 9355
f 9355 639 641
f 273 9355 272
f 272 9355 9356
f 9355 641 9356
f 9356 641 643
f 272 9356 271
f 271 9356 9357
f 9356 643 9357
f 9357 643 645
f 271 9357 259
f 259 9357 9358
f 9357 645 9358
f 9358 645 647
f 259 9358 258
f 258 9358 9359
f 9358 647 9359
f 9359 647 649
f 258 9359 257
f 257 9359 9360
f 9359 649 9360
f 9360 649 651
f 257 9360 250
f 250 9360 9361
f 9360 651 9361
f 9361 651 653
f 250 9361 249
f 249 9361 9362
f 9361 653 9362
f 9362 653 655
f 249 9362 247
f 247 9362 9363
f 9362 655 9363
f 9363 655 657
f 247 9363 246
f 246 9363 9364
f 9363 657 9364
f 9364 657 659
f 246 9364 270
f 270 9364 9365
f 9364 659 9365
f 9365 659 661
f 270 9365 253
f 253 9365 9366
f 9365 661 9366
f 9366 661 663
f 253 9366 252
f 252 9366 9367
f 9367 9366 665
f 9366 663 665
f 252 9367 251
f 251 9367 9368
f 9367 665 9368
f 9368 665 667
f 251 9368 241
f 241 9368 9369
f 9369 9368 9370
f 9370 9368 9371
f 9368 667 9371
f 9371 667 669
f 241 9369 240
f 240 9369 9372
f 9372 9369 9373
f 9369 9370 9373
f 9373 9370 9374
f 9370 9371 9374
f 9371 669 9374
f 9374 669 671
f 240 9372 291
f 291 9372 9239
f 9239 9372 9240
f 9240 9372 9241
f 9241 9372 9242
f 9372 9373 9242
f 9242 9373 9243
f 9243 9373 9244
f 9373 9374 9244
f 9244 9374 9245
f 9245 9374 9246
f 9246 9374 9247
f 9247 9374 9248
f 9248 9374 9249
f 9249 9374 9250
f 9250 9374 9251
f 9251 9374 9252
f 9252 9374 9253
f 9374 671 9253
f 9253 671 9254
f 9254 671 9255
f 9255 671 631
f 333 9375 424
f 424 9375 9376
f 9375 9377 9376
f 9377 9378 9376
f 9378 9379 9376
f 9376 9379 9380
f 9379 9381 9380
f 9380 9381 9382
f 9381 9383 9382
f 9383 9384 9382
f 9384 9385 9382
f 9382 9385 9386
f 9385 9387 9386
f 9387 9388 9386
f 9386 9388 9389
f 9388 9390 9389
f 9390 9391 9389
f 9391 9392 9389
f 9389 9392 9393
f 9392 9394 9393
f 9393 9394 9395
f 9394 9396 9395
f 9396 9397 9395
f 9395 9397 277
f 9397 9398 277
f 9398 256 277
f 424 9376 422
f 422 9376 9399
f 9376 9380 9399
f 9399 9380 9400
f 9380 9382 9400
f 9382 9386 9400
f 9400 9386 9401
f 9386 9389 9401
f 9401 9389 9402
f 9389 9393 9402
f 9402 9393 9403
f 9393 9395 9403
f 9395 277 9403
f 9403 277 278
f 422 9399 420
f 420 9399 9404
f 9399 9400 9404
f 9404 9400 9405
f 9400 9401 9405
f 9405 9401 9406
f 9401 9402 9406
f 9406 9402 9407
f 9402 9403 9407
f 9407 9403 9408
f 9403 278 9408
f 9408 278 279
f 420 9404 418
f 418 9404 9409
f 9404 9405 9409
f 9409 9405 9410
f 9405 9406 9410
f 9406 9407 9410
f 9410 9407 9411
f 9407 9408 9411
f 9411 9408 9412
f 9408 279 9412
f 9412 279 287
f 418 9409 416
f 416 9409 9413
f 9413 9409 9414
f 9409 9410 9414
f 9410 9411 9414
f 9414 9411 9415
f 9411 9412 9415
f 9412 287 9415
f 9415 287 288
f 416 9413 414
f 414 9413 9416
f 9413 9414 9416
f 9416 9414 9417
f 9414 9415 9417
f 9417 9415 9418
f 9415 288 9418
f 9418 288 235
f 414 9416 412
f 412 9416 9419
f 9416 9417 9419
f 9419 9417 9420
f 9417 9418 9420
f 9420 9418 9421
f 9418 235 9421
f 9421 235 236
f 412 9419 410
f 410 9419 9422
f 9422 9419 9423
f 9419 9420 9423
f 9420 9421 9423
f 9423 9421 292
f 9421 236 292
f 410 9422 408
f 408 9422 9424
f 9424 9422 9425
f 9422 9423 9425
f 9423 292 9425
f 9425 292 293
f 408 9424 406
f 406 9424 9426
f 9424 9425 9426
f 9426 9425 9427
f 9425 293 9427
f 9427 293 311
f 406 9426 404
f 404 9426 9428
f 9426 9427 9428
f 9428 9427 9429
f 9427 311 9429
f 9429 311 312
f 404 9428 402
f 402 9428 9430
f 9428 9429 9430
f 9430 9429 9431
f 9431 9429 9432
f 9432 9429 9433
f 9429 312 9433
f 9433 312 309
f 402 9430 400
f 400 9430 9434
f 9430 9431 9434
f 9434 9431 9435
f 9431 9432 9435
f 9435 9432 9436
f 9432 9433 9436
f 9436 9433 9437
f 9433 309 9437
f 9437 309 310
f 400 9434 398
f 398 9434 9438
f 9434 9435 9438
f 9438 9435 9439
f 9435 9436 9439
f 9439 9436 9440
f 9436 9437 9440
f 9440 9437 9441
f 9441 9437 9442
f 9437 310 9442
f 9442 310 313
f 398 9438 396
f 396 9438 9443
f 9438 9439 9443
f 9443 9439 9444
f 9439 9440 9444
f 9444 9440 9445
f 9440 9441 9445
f 9445 9441 9446
f 9441 9442 9446
f 9446 9442 9447
f 9442 313 9447
f 9447 313 314
f 396 9443 394
f 394 9443 9448
f 9443 9444 9448
f 9448 9444 9449
f 9449 9444 9450
f 9444 9445 9450
f 9450 9445 9451
f 9445 9446 9451
f 9451 9446 9452
f 9446 9447 9452
f 9452 9447 9453
f 9447 314 9453
f 9453 314 294
f 394 9448 392
f 392 9448 9454
f 9448 9449 9454
f 9454 9449 9455
f 9455 9449 9456
f 9449 9450 9456
f 9456 9450 9457
f 9450 9451 9457
f 9457 9451 9458
f 9458 9451 9459
f 9451 9452 9459
f 9459 9452 9460
f 9452 9453 9460
f 9460 9453 9461
f 9453 294 9461
f 9461 294 295
f 23 392 9272
f 392 9454 9272
f 9272 9454 9271
f 9271 9454 9270
f 9454 9455 9270
f 9270 9455 9269
f 9269 9455 9268
f 9455 9456 9268
f 9268 9456 9267
f 9267 9456 9266
f 9456 9457 9266
f 9266 9457 9265
f 9265 9457 9264
f 9457 9458 9264
f 9264 9458 9263
f 9263 9458 9262
f 9458 9459 9262
f 9262 9459 9261
f 9261 9459 9260
f 9459 9460 9260
f 9260 9460 9259
f 9259 9460 9258
f 9460 9461 9258
f 9258 9461 9257
f 9461 295 9257
f 9257 295 9256
f 9256 295 296
f 9289 9462 9288
f 9288 9462 9287
f 9287 9462 9286
f 9286 9463 9285
f 9284 9463 9273
f 9273 9464 9283
f 9283 9464 9282
f 9465 9467 9466
f 9468 9467 9465
f 9467 9470 9469
f 9471 9468 315
f 9471 9472 9468
f 9472 9473 9468
f 9473 9474 9468
f 9474 9475 9468
f 9468 9475 9467
f 9475 9476 9467
f 9476 9477 9467
f 9477 9478 9467
f 9478 9479 9467
f 9479 9480 9467
f 9467 9480 9470
f 9480 9481 9470
f 9481 9482 9470
f 9482 9483 9470
f 9483 9484 9470
f 9470 9484 9485
f 9484 9486 9485
f 9485 9486 9487
f 9486 9488 9487
f 9274 9489 371
f 371 9489 9490
f 9489 9487 9490
f 9276 9487 9274
f 9274 9487 9489
f 9275 9491 9276
f 9276 9491 9487
f 9277 9491 9275
f 9278 9487 9277
f 9277 9487 9491
f 9487 9492 9485
f 9492 9470 9485
f 9279 9487 9278
f 9281 9487 9279
f 9492 9469 9470
f 9280 9464 9281
f 9281 9464 9487
f 9487 9493 9492
f 9493 9469 9492
f 9282 9464 9280
f 9464 9493 9487
f 9464 9494 9493
f 9494 9469 9493
f 9273 9463 9464
f 9285 9463 9284
f 9286 9462 9463
f 9463 9462 9464
f 9462 9495 9464
f 9495 9494 9464
f 9494 9466 9469
f 9494 9496 9466
f 495 9497 9289
f 9289 9497 9462
f 9497 9498 9462
f 9498 9499 9462
f 9499 9500 9462
f 9500 9501 9462
f 9462 9501 9495
f 9501 9502 9495
f 9495 9502 9494
f 9502 9503 9494
f 9503 9504 9494
f 9494 9504 9496
f 9504 9505 9496
f 9505 9506 9496
f 9496 9506 9466
f 9506 9507 9466
f 9507 9508 9466
f 9508 9509 9466
f 9466 9509 9465
f 9509 9510 9465
f 9510 9511 9465
f 9465 9511 9468
f 9511 9512 9468
f 9512 9513 9468
f 9513 315 9468
f 9490 9487 9488
f 9467 9469 9466
f 9305 9514 9304
f 9304 9514 9303
f 9303 9514 9302
f 9302 9514 9301
f 9301 9515 9300
f 9299 9516 9297
f 9297 9516 9298
f 9517 9519 9518
f 9518 9521 9520
f 9521 9522 9520
f 9519 9521 9518
f 9523 9517 268
f 9523 9519 9517
f 9519 9524 9521
f 9524 9525 9521
f 9526 9524 9519
f 9527 9523 268
f 9527 9528 9523
f 9528 9529 9523
f 9523 9529 9519
f 9529 9530 9519
f 9519 9530 9526
f 9530 9531 9526
f 9531 9532 9526
f 9526 9532 9524
f 9532 9533 9524
f 9533 9534 9524
f 9534 9535 9524
f 9535 9536 9524
f 9536 9537 9524
f 9524 9537 9525
f 9537 9538 9525
f 9538 9539 9525
f 9525 9539 9540
f 9539 9541 9540
f 9541 9542 9540
f 9540 9542 9543
f 9542 9544 9543
f 9290 9543 535
f 535 9543 9545
f 9291 9546 9290
f 9290 9546 9543
f 9292 9546 9291
f 9293 9543 9292
f 9292 9543 9546
f 9294 9547 9293
f 9293 9547 9543
f 9295 9547 9294
f 9548 9525 9543
f 9547 9548 9543
f 9548 9522 9525
f 9296 9516 9295
f 9295 9516 9547
f 9547 9516 9548
f 9516 9522 9548
f 9516 9549 9522
f 9298 9516 9296
f 9550 9549 9516
f 9549 9551 9522
f 9551 9520 9522
f 9300 9515 9299
f 9299 9515 9516
f 9551 9552 9520
f 9552 9518 9520
f 9301 9514 9515
f 9515 9514 9516
f 9514 9550 9516
f 9552 9553 9518
f 9550 9551 9549
f 9518 9554 9517
f 9551 9553 9552
f 26 9555 9305
f 9305 9555 9514
f 9555 9556 9514
f 9556 9557 9514
f 9557 9558 9514
f 9558 9559 9514
f 9514 9559 9550
f 9559 9560 9550
f 9560 9561 9550
f 9561 9562 9550
f 9562 9563 9550
f 9550 9563 9551
f 9563 9564 9551
f 9564 9565 9551
f 9565 9566 9551
f 9551 9566 9553
f 9566 9567 9553
f 9553 9567 9518
f 9567 9568 9518
f 9518 9568 9554
f 9568 9569 9554
f 9569 9570 9554
f 9554 9570 9517
f 9570 9571 9517
f 9571 268 9517
f 9545 9543 9544
f 9540 9543 9525
f 9525 9522 9521
f 9333 9572 9336
f 9572 9333 9573
f 9333 785 9573
f 785 786 9573
f 9337 9574 9338
f 9574 9337 9575
f 9575 9337 9576
f 9337 9336 9576
f 9336 9572 9576
f 9339 9577 9340
f 9577 9339 9578
f 9339 9338 9578
f 9578 9338 9574
f 9579 9341 9580
f 9341 9340 9580
f 9340 9577 9580
f 9341 9579 9342
f 9342 9579 9343
f 9579 9581 9343
f 9343 9581 9344
f 9581 9582 9344
f 9344 9582 9345
f 9582 9583 9345
f 9345 9583 9346
f 9583 9584 9346
f 9346 9584 9347
f 9584 9585 9347
f 9347 9585 9348
f 9585 9586 9348
f 9348 9586 9349
f 9586 9587 9349
f 9349 9587 9350
f 9587 9588 9350
f 9350 9588 9306
f 9588 9589 9306
f 9306 9589 89
f 9589 87 89
f 248 9352 284
f 248 9590 9352
f 9352 9590 9351
f 9590 9591 9351
f 9351 9591 9332
f 9591 9592 9332
f 9332 9592 9330
f 9592 9593 9330
f 9330 9593 9328
f 9593 9594 9328
f 9328 9594 9325
f 9594 9595 9325
f 9323 9325 9596
f 9325 9595 9596
f 9321 9597 9315
f 9597 9321 9598
f 9321 9323 9598
f 9598 9323 9599
f 9323 9596 9599
f 9315 9600 9314
f 9600 9315 9601
f 9315 9597 9601
f 9311 9602 9308
f 9602 9311 9603
f 9603 9311 9604
f 9311 9314 9604
f 9604 9314 9605
f 9314 9600 9605
f 9308 783 785
f 783 9308 9602
f 256 9606 255
f 256 9398 9606
f 9606 9398 9607
f 9398 9397 9607
f 9607 9397 9608
f 9397 9396 9608
f 9608 9396 9609
f 9396 9394 9609
f 9609 9394 9610
f 9394 9392 9610
f 9610 9392 9611
f 9392 9391 9611
f 9611 9391 9612
f 9391 9390 9612
f 9612 9390 9613
f 9390 9388 9613
f 9613 9388 9614
f 9388 9387 9614
f 9614 9387 9615
f 9387 9385 9615
f 9615 9385 9616
f 9385 9384 9616
f 9616 9384 9617
f 9384 9383 9617
f 9617 9383 9618
f 9383 9381 9618
f 9618 9381 9619
f 9381 9379 9619
f 9619 9379 9620
f 9379 9378 9620
f 9620 9378 9621
f 9378 9377 9621
f 9621 9377 9622
f 9377 9375 9622
f 9622 9375 332
f 9375 333 332
f 316 9471 315
f 316 9623 9471
f 9471 9623 9472
f 9623 9624 9472
f 9472 9624 9473
f 9624 9625 9473
f 9473 9625 9474
f 9625 9626 9474
f 9474 9626 9475
f 9626 9627 9475
f 9475 9627 9476
f 9627 9628 9476
f 9476 9628 9477
f 9628 9629 9477
f 9477 9629 9478
f 9629 9630 9478
f 9478 9630 9479
f 9630 9631 9479
f 9479 9631 9480
f 9631 9632 9480
f 9480 9632 9481
f 9632 9633 9481
f 9481 9633 9482
f 9633 9634 9482
f 9482 9634 9483
f 9634 9635 9483
f 9483 9635 9484
f 9635 9636 9484
f 9484 9636 9486
f 9636 9637 9486
f 9486 9637 9488
f 9637 9638 9488
f 9488 9638 9490
f 9638 9639 9490
f 9490 9639 371
f 9639 368 371
f 315 9640 302
f 315 9513 9640
f 9640 9513 9641
f 9513 9512 9641
f 9641 9512 9642
f 9512 9511 9642
f 9642 9511 9643
f 9511 9510 9643
f 9643 9510 9644
f 9510 9509 9644
f 9644 9509 9645
f 9509 9508 9645
f 9645 9508 9646
f 9508 9507 9646
f 9646 9507 9647
f 9507 9506 9647
f 9647 9506 9648
f 9506 9505 9648
f 9648 9505 9649
f 9505 9504 9649
f 9649 9504 9650
f 9504 9503 9650
f 9650 9503 9651
f 9503 9502 9651
f 9651 9502 9652
f 9502 9501 9652
f 9652 9501 9653
f 9501 9500 9653
f 9653 9500 9654
f 9500 9499 9654
f 9654 9499 9655
f 9499 9498 9655
f 9655 9498 9656
f 9498 9497 9656
f 9656 9497 497
f 9497 495 497
f 269 9527 268
f 269 9657 9527
f 9527 9657 9528
f 9657 9658 9528
f 9528 9658 9529
f 9658 9659 9529
f 9529 9659 9530
f 9659 9660 9530
f 9530 9660 9531
f 9660 9661 9531
f 9531 9661 9532
f 9661 9662 9532
f 9532 9662 9533
f 9662 9663 9533
f 9533 9663 9534
f 9663 9664 9534
f 9534 9664 9535
f 9664 9665 9535
f 9535 9665 9536
f 9665 9666 9536
f 9536 9666 9537
f 9666 9667 9537
f 9537 9667 9538
f 9667 9668 9538
f 9538 9668 9539
f 9668 9669 9539
f 9539 9669 9541
f 9669 9670 9541
f 9541 9670 9542
f 9670 9671 9542
f 9542 9671 9544
f 9671 9672 9544
f 9544 9672 9545
f 9672 9673 9545
f 9545 9673 535
f 9673 533 535
f 268 9674 267
f 268 9571 9674
f 9674 9571 9675
f 9571 9570 9675
f 9675 9570 9676
f 9570 9569 9676
f 9676 9569 9677
f 9569 9568 9677
f 9677 9568 9678
f 9568 9567 9678
f 9678 9567 9679
f 9567 9566 9679
f 9679 9566 9680
f 9566 9565 9680
f 9680 9565 9681
f 9565 9564 9681
f 9681 9564 9682
f 9564 9563 9682
f 9682 9563 9683
f 9563 9562 9683
f 9683 9562 9684
f 9562 9561 9684
f 9684 9561 9685
f 9561 9560 9685
f 9685 9560 9686
f 9560 9559 9686
f 9686 9559 9687
f 9559 9558 9687
f 9687 9558 9688
f 9558 9557 9688
f 9688 9557 9689
f 9557 9556 9689
f 9689 9556 9690
f 9556 9555 9690
f 9690 9555 27
f 9555 26 27
f 87 3161 88
f 87 9589 3161
f 9589 9588 3161
f 3161 9588 3162
f 9588 9587 3162
f 3162 9587 3163
f 9587 9586 3163
f 9586 9585 3163
f 3163 9585 3165
f 9585 9584 3165
f 3165 9584 3166
f 9584 9583 3166
f 9583 9582 3166
f 3166 9582 3167
f 9582 9581 3167
f 9581 9579 3167
f 9577 3169 9580
f 3169 3167 9580
f 9580 3167 9579
f 9574 3170 9578
f 3170 3169 9578
f 9578 3169 9577
f 3172 9572 3174
f 9572 3172 9576
f 3172 3170 9576
f 9576 3170 9575
f 3170 9574 9575
f 3174 786 787
f 786 3174 9573
f 9573 3174 9572
f 9691 9692 9597
f 9605 9693 9604
f 9693 9694 9604
f 9695 9602 9696
f 781 783 9695
f 9695 783 9602
f 9694 9696 9604
f 9604 9696 9603
f 9696 9602 9603
f 9605 9600 9693
f 9693 9600 9697
f 9600 9601 9697
f 9697 9601 9698
f 9692 9698 9597
f 9597 9698 9601
f 9597 9598 9691
f 9691 9598 9699
f 9598 9700 9699
f 9701 9700 9596
f 9596 9700 9599
f 9700 9598 9599
f 9702 9701 9595
f 9595 9701 9596
f 9702 9595 9703
f 9595 9594 9703
f 9703 9594 9704
f 9704 9594 9705
f 9594 9593 9705
f 9705 9593 9706
f 9593 9592 9706
f 9706 9592 9707
f 9592 9591 9707
f 9707 9591 9708
f 9591 9590 9708
f 9708 9590 9709
f 9709 9590 232
f 9590 248 232
f 9710 9712 9711
f 9606 9710 255
f 9606 9607 9710
f 9607 9608 9710
f 9608 9609 9710
f 9710 9609 9712
f 9609 9610 9712
f 9610 9611 9712
f 9611 9612 9712
f 9612 9613 9712
f 9613 9614 9712
f 9614 9615 9712
f 9615 9616 9712
f 9616 9617 9712
f 9713 9714 332
f 332 9714 9622
f 9622 9714 9621
f 9714 9715 9621
f 9621 9715 9620
f 9620 9715 9619
f 9619 9715 9618
f 9715 9716 9618
f 9717 9714 9713
f 9718 9719 9717
f 9717 9719 9714
f 9714 9719 9715
f 9720 9721 9718
f 9718 9721 9719
f 9719 9722 9715
f 9715 9722 9716
f 9716 9722 9712
f 9723 9721 9720
f 9719 9721 9722
f 9724 9721 9723
f 9722 9721 9712
f 9725 9721 9724
f 9721 9726 9712
f 9727 9728 9725
f 9725 9728 9721
f 9712 9726 9711
f 9729 9730 9727
f 9727 9730 9728
f 9728 9731 9721
f 9731 9726 9721
f 9732 9730 9729
f 9733 9730 9732
f 9730 9734 9728
f 9734 9731 9728
f 9735 9711 9726
f 9736 9730 9733
f 9731 9737 9726
f 9737 9735 9726
f 9730 9736 9738
f 490 9739 9738
f 9738 9739 9730
f 9739 9740 9730
f 9740 9741 9730
f 9730 9741 9734
f 9741 9742 9734
f 9734 9742 9731
f 9742 9743 9731
f 9743 9744 9731
f 9731 9744 9737
f 9744 9745 9737
f 9745 9746 9737
f 9746 9747 9737
f 9737 9747 9735
f 9747 9748 9735
f 9748 9749 9735
f 9735 9749 9711
f 9749 9750 9711
f 9750 9751 9711
f 9711 9751 9752
f 9751 9753 9752
f 9752 9753 9710
f 9753 255 9710
f 9618 9716 9617
f 9617 9716 9712
f 9710 9711 9752
f 368 9639 366
f 366 9639 9754
f 9639 9638 9754
f 9754 9638 9755
f 9638 9637 9755
f 9637 9636 9755
f 9755 9636 9756
f 9636 9635 9756
f 9635 9634 9756
f 9634 9633 9756
f 9756 9633 9757
f 9633 9632 9757
f 9632 9631 9757
f 9757 9631 9758
f 9631 9630 9758
f 9630 9629 9758
f 9629 9628 9758
f 9758 9628 9759
f 9628 9627 9759
f 9627 9626 9759
f 9759 9626 9760
f 9626 9625 9760
f 9625 9624 9760
f 9624 9623 9760
f 9760 9623 317
f 9623 316 317
f 366 9754 364
f 364 9754 9761
f 9754 9755 9761
f 9761 9755 9762
f 9755 9756 9762
f 9762 9756 9763
f 9756 9757 9763
f 9763 9757 9764
f 9757 9758 9764
f 9764 9758 9765
f 9758 9759 9765
f 9765 9759 9766
f 9759 9760 9766
f 9766 9760 318
f 9760 317 318
f 364 9761 362
f 362 9761 9767
f 9761 9762 9767
f 9767 9762 9768
f 9762 9763 9768
f 9768 9763 9769
f 9763 9764 9769
f 9769 9764 9770
f 9764 9765 9770
f 9770 9765 9771
f 9765 9766 9771
f 9766 318 9771
f 9771 318 319
f 362 9767 360
f 360 9767 9772
f 9767 9768 9772
f 9772 9768 9773
f 9768 9769 9773
f 9773 9769 9774
f 9769 9770 9774
f 9774 9770 9775
f 9770 9771 9775
f 9771 319 9775
f 9775 319 320
f 360 9772 358
f 358 9772 9776
f 9772 9773 9776
f 9776 9773 9777
f 9773 9774 9777
f 9777 9774 9778
f 9774 9775 9778
f 9775 320 9778
f 9778 320 321
f 358 9776 356
f 356 9776 9779
f 9779 9776 9780
f 9776 9777 9780
f 9780 9777 9781
f 9777 9778 9781
f 9781 9778 9782
f 9782 9778 322
f 9778 321 322
f 356 9779 354
f 354 9779 9783
f 9779 9780 9783
f 9783 9780 9784
f 9780 9781 9784
f 9784 9781 9785
f 9781 9782 9785
f 9785 9782 9786
f 9782 322 9786
f 9786 322 323
f 354 9783 352
f 352 9783 9787
f 9783 9784 9787
f 9787 9784 9788
f 9784 9785 9788
f 9788 9785 9789
f 9785 9786 9789
f 9789 9786 9790
f 9790 9786 9791
f 9786 323 9791
f 9791 323 324
f 352 9787 350
f 350 9787 9792
f 9787 9788 9792
f 9792 9788 9793
f 9788 9789 9793
f 9789 9790 9793
f 9790 9791 9793
f 9793 9791 9794
f 9794 9791 9795
f 9791 324 9795
f 9795 324 325
f 350 9792 348
f 348 9792 9796
f 9792 9793 9796
f 9796 9793 9797
f 9797 9793 9798
f 9798 9793 9799
f 9793 9794 9799
f 9799 9794 9800
f 9794 9795 9800
f 9800 9795 9801
f 9795 325 9801
f 9801 325 301
f 348 9796 346
f 346 9796 9802
f 9796 9797 9802
f 9802 9797 9803
f 9797 9798 9803
f 9798 9799 9803
f 9799 9800 9803
f 9803 9800 9804
f 9800 9801 9804
f 9804 9801 9805
f 9801 301 9805
f 9805 301 239
f 346 9802 344
f 344 9802 9806
f 9802 9803 9806
f 9806 9803 9807
f 9807 9803 9808
f 9808 9803 9809
f 9803 9804 9809
f 9809 9804 9810
f 9804 9805 9810
f 9810 9805 274
f 9805 239 274
f 344 9806 342
f 342 9806 9811
f 9806 9807 9811
f 9811 9807 9812
f 9807 9808 9812
f 9812 9808 9813
f 9808 9809 9813
f 9813 9809 9814
f 9809 9810 9814
f 9814 9810 9815
f 9810 274 9815
f 9815 274 260
f 342 9811 340
f 340 9811 9816
f 9811 9812 9816
f 9816 9812 9817
f 9812 9813 9817
f 9817 9813 9818
f 9813 9814 9818
f 9818 9814 9819
f 9814 9815 9819
f 9819 9815 9820
f 9815 260 9820
f 9820 260 261
f 340 9816 338
f 338 9816 9821
f 9816 9817 9821
f 9821 9817 9822
f 9822 9817 9823
f 9817 9818 9823
f 9823 9818 9824
f 9818 9819 9824
f 9824 9819 9825
f 9819 9820 9825
f 9825 9820 9826
f 9820 261 9826
f 9826 261 262
f 338 9821 336
f 336 9821 9827
f 9821 9822 9827
f 9827 9822 9828
f 9828 9822 9829
f 9822 9823 9829
f 9829 9823 9830
f 9823 9824 9830
f 9830 9824 9831
f 9824 9825 9831
f 9831 9825 9832
f 9825 9826 9832
f 9832 9826 9833
f 9826 262 9833
f 9833 262 275
f 336 9827 334
f 334 9827 9834
f 9827 9828 9834
f 9834 9828 9835
f 9828 9829 9835
f 9835 9829 9836
f 9829 9830 9836
f 9836 9830 9837
f 9830 9831 9837
f 9837 9831 9838
f 9831 9832 9838
f 9838 9832 9839
f 9839 9832 9840
f 9832 9833 9840
f 9840 9833 9841
f 9833 275 9841
f 9841 275 276
f 334 9834 327
f 327 9834 9842
f 9842 9834 9843
f 9843 9834 9844
f 9834 9835 9844
f 9844 9835 9845
f 9845 9835 9846
f 9835 9836 9846
f 9846 9836 9847
f 9847 9836 9848
f 9836 9837 9848
f 9848 9837 9849
f 9837 9838 9849
f 9849 9838 9850
f 9850 9838 9851
f 9838 9839 9851
f 9851 9839 9852
f 9852 9839 9853
f 9839 9840 9853
f 9853 9840 9854
f 9854 9840 9855
f 9840 9841 9855
f 9855 9841 9856
f 9856 9841 9857
f 9841 276 9857
f 9857 276 9858
f 9858 276 244
f 302 9640 303
f 303 9640 9859
f 9640 9641 9859
f 9641 9642 9859
f 9642 9643 9859
f 9643 9644 9859
f 9644 9645 9859
f 9645 9646 9859
f 9646 9647 9859
f 9647 9648 9859
f 9648 9649 9859
f 9649 9650 9859
f 9650 9651 9859
f 9651 9652 9859
f 9652 9653 9859
f 9859 9653 499
f 9653 9654 499
f 9654 9655 499
f 9655 9656 499
f 9656 497 499
f 303 9859 306
f 306 9859 9860
f 9859 499 9860
f 9860 499 501
f 306 9860 305
f 305 9860 9861
f 9860 501 9861
f 9861 501 503
f 305 9861 304
f 304 9861 9862
f 9861 503 9862
f 9862 503 505
f 304 9862 308
f 308 9862 9863
f 9862 505 9863
f 9863 505 507
f 308 9863 307
f 307 9863 9864
f 9863 507 9864
f 9864 507 509
f 307 9864 290
f 290 9864 9865
f 9864 509 9865
f 9865 509 511
f 290 9865 289
f 289 9865 9866
f 9865 511 9866
f 9866 511 513
f 289 9866 300
f 300 9866 9867
f 9867 9866 9868
f 9868 9866 515
f 9866 513 515
f 300 9867 299
f 299 9867 9869
f 9867 9868 9869
f 9869 9868 9870
f 9868 515 9870
f 9870 515 517
f 299 9869 298
f 298 9869 9871
f 9869 9870 9871
f 9871 9870 9872
f 9870 517 9872
f 9872 517 519
f 298 9871 282
f 282 9871 9873
f 9871 9872 9873
f 9873 9872 9874
f 9872 519 9874
f 9874 519 521
f 282 9873 281
f 281 9873 9875
f 9873 9874 9875
f 9875 9874 9876
f 9874 521 9876
f 9876 521 523
f 281 9875 280
f 280 9875 9877
f 9875 9876 9877
f 9877 9876 9878
f 9876 523 9878
f 9878 523 525
f 280 9877 263
f 263 9877 9879
f 9877 9878 9879
f 9879 9878 9880
f 9878 525 9880
f 9880 525 527
f 263 9879 264
f 264 9879 9881
f 9881 9879 9882
f 9879 9880 9882
f 9882 9880 9883
f 9880 527 9883
f 9883 527 529
f 264 9881 266
f 266 9881 9884
f 9884 9881 9885
f 9881 9882 9885
f 9885 9882 9886
f 9882 9883 9886
f 9886 9883 9887
f 9887 9883 9888
f 9883 529 9888
f 9888 529 531
f 266 9884 269
f 269 9884 9657
f 9657 9884 9658
f 9658 9884 9659
f 9659 9884 9660
f 9884 9885 9660
f 9660 9885 9661
f 9661 9885 9662
f 9885 9886 9662
f 9662 9886 9663
f 9663 9886 9664
f 9664 9886 9665
f 9665 9886 9666
f 9886 9887 9666
f 9666 9887 9667
f 9667 9887 9668
f 9887 9888 9668
f 9668 9888 9669
f 9669 9888 9670
f 9670 9888 9671
f 9671 9888 9672
f 9672 9888 9673
f 9888 531 9673
f 9673 531 533
f 267 9890 9889
f 767 9892 9891
f 9892 9893 9891
f 9892 9894 9893
f 9894 9895 9893
f 9894 9896 9895
f 9894 9897 9896
f 9898 9899 9894
f 9894 9900 9897
f 9894 9899 9900
f 9899 9901 9900
f 9899 9902 9901
f 9898 9903 9899
f 9903 9904 9899
f 9899 9905 9902
f 9892 9906 9898
f 9906 9907 9898
f 9907 9908 9903
f 9908 9890 9903
f 9904 9909 9899
f 9899 9909 9905
f 9909 9910 9905
f 9911 9908 9907
f 9903 9912 9904
f 9904 9912 9909
f 9909 9913 9910
f 9906 9914 9907
f 9911 9915 9908
f 9908 9915 9890
f 9909 9916 9913
f 9914 9911 9907
f 9890 9917 9903
f 9903 9917 9912
f 9909 9918 9916
f 9919 9892 767
f 9917 9920 9912
f 9912 9921 9909
f 9909 9921 9918
f 9921 9922 9918
f 9919 9923 9892
f 9923 9924 9892
f 9892 9924 9906
f 9924 9925 9906
f 9906 9925 9914
f 9925 9926 9914
f 9926 9927 9914
f 9914 9927 9911
f 9928 9929 9911
f 9911 9929 9915
f 9929 9930 9915
f 9915 9930 9890
f 9930 9931 9890
f 9931 9889 9890
f 9917 9932 9920
f 9920 9933 9912
f 9921 9934 9922
f 9932 9933 9920
f 9933 9935 9912
f 9912 9935 9921
f 9921 9935 9934
f 9935 9936 9934
f 9933 9937 9935
f 9937 9938 9935
f 9935 9938 9936
f 9938 9939 9936
f 267 9674 9890
f 9674 9675 9890
f 9675 9676 9890
f 9676 9677 9890
f 9890 9677 9917
f 9677 9678 9917
f 9678 9679 9917
f 9679 9680 9917
f 9917 9680 9932
f 9680 9681 9932
f 9681 9682 9932
f 9682 9683 9932
f 9683 9684 9932
f 9684 9685 9932
f 9932 9685 9933
f 9685 9686 9933
f 9933 9686 9937
f 9686 9687 9937
f 9687 9688 9937
f 9937 9688 9938
f 9688 9689 9938
f 9689 9690 9938
f 9938 9690 9939
f 9690 27 9939
f 9907 9903 9898
f 9898 9894 9892
f 3201 9940 3200
f 9940 3201 9941
f 3201 805 9941
f 9941 805 806
f 3197 9942 3195
f 9942 3197 9943
f 3197 3200 9943
f 9943 3200 9944
f 3200 9940 9944
f 3194 9945 3191
f 9945 3194 9946
f 3194 3195 9946
f 3195 9942 9946
f 9947 3190 9948
f 3190 3191 9948
f 9948 3191 9949
f 3191 9945 9949
f 3190 9947 3187
f 9947 9950 3187
f 3187 9950 3182
f 9950 9951 3182
f 3182 9951 3181
f 9951 9952 3181
f 3181 9952 3179
f 9952 9953 3179
f 3179 9953 3176
f 9953 9954 3176
f 3176 9954 3175
f 9954 9955 3175
f 3175 9955 3158
f 9955 9956 3158
f 3158 9956 3156
f 9956 9957 3156
f 3156 9957 3155
f 9957 9958 3155
f 3155 9958 88
f 9958 44 88
f 781 9695 778
f 778 9695 9959
f 9695 9696 9959
f 9959 9696 9960
f 9696 9694 9960
f 9960 9694 9961
f 9694 9693 9961
f 9961 9693 9962
f 9693 9697 9962
f 9962 9697 9963
f 9697 9698 9963
f 9963 9698 9964
f 9698 9692 9964
f 9964 9692 9965
f 9692 9691 9965
f 9691 9699 9965
f 9965 9699 9966
f 9699 9700 9966
f 9966 9700 9967
f 9700 9701 9967
f 9967 9701 9968
f 9701 9702 9968
f 9968 9702 9969
f 9702 9703 9969
f 9969 9703 9970
f 9703 9704 9970
f 9970 9704 9971
f 9971 9704 9972
f 9704 9705 9972
f 9972 9705 9973
f 9705 9706 9973
f 9973 9706 9974
f 9974 9706 9975
f 9706 9707 9975
f 9975 9707 9976
f 9707 9708 9976
f 9976 9708 9977
f 9708 9709 9977
f 9977 9709 9978
f 9978 9709 233
f 9709 232 233
f 9979 9739 9980
f 9739 490 9980
f 490 491 9980
f 9740 9981 9741
f 9981 9740 9982
f 9740 9739 9982
f 9982 9739 9979
f 9742 9983 9743
f 9983 9742 9984
f 9742 9741 9984
f 9984 9741 9981
f 9985 9744 9986
f 9744 9743 9986
f 9986 9743 9983
f 9744 9985 9745
f 9985 9987 9745
f 9745 9987 9746
f 9987 9988 9746
f 9746 9988 9747
f 9988 9989 9747
f 9747 9989 9748
f 9989 9990 9748
f 9748 9990 9749
f 9990 9991 9749
f 9749 9991 9750
f 9991 9992 9750
f 9750 9992 9751
f 9992 9993 9751
f 9993 9994 9751
f 9751 9994 9753
f 9994 9995 9753
f 9753 9995 255
f 9995 254 255
f 330 9713 332
f 330 9996 9713
f 9713 9996 9717
f 9996 9997 9717
f 9717 9997 9718
f 9997 9998 9718
f 9718 9998 9720
f 9998 9999 9720
f 9720 9999 9723
f 9999 10000 9723
f 9723 10000 9724
f 10000 10001 9724
f 9724 10001 9725
f 10001 10002 9725
f 9725 10002 9727
f 10002 10003 9727
f 9727 10003 9729
f 10003 10004 9729
f 9729 10004 9732
f 10004 10005 9732
f 9732 10005 9733
f 10005 10006 9733
f 9736 9733 10007
f 10007 9733 10008
f 9733 10006 10008
f 9738 492 490
f 492 9738 10009
f 10009 9738 10010
f 9738 9736 10010
f 10010 9736 10011
f 9736 10007 10011
f 245 9858 244
f 245 10012 9858
f 9858 10012 9857
f 10012 10013 9857
f 9857 10013 9856
f 10013 10014 9856
f 9856 10014 9855
f 10014 10015 9855
f 9855 10015 9854
f 10015 10016 9854
f 9854 10016 9853
f 10016 10017 9853
f 9853 10017 9852
f 10017 10018 9852
f 9852 10018 9851
f 10018 10019 9851
f 9851 10019 9850
f 10019 10020 9850
f 9850 10020 9849
f 10020 10021 9849
f 9849 10021 9848
f 10021 10022 9848
f 9848 10022 9847
f 10022 10023 9847
f 9847 10023 9846
f 10023 10024 9846
f 9846 10024 9845
f 10024 10025 9845
f 9845 10025 9844
f 10025 10026 9844
f 9844 10026 9843
f 10026 10027 9843
f 9843 10027 9842
f 10027 10028 9842
f 9842 10028 327
f 10028 326 327
f 9919 767 10029
f 10029 767 766
f 10030 9923 10031
f 9923 9919 10031
f 9919 10029 10031
f 10032 9924 10033
f 9924 9923 10033
f 10033 9923 10030
f 9925 10034 9926
f 10034 9925 10035
f 9925 9924 10035
f 10035 9924 10032
f 10036 9927 10037
f 9927 9926 10037
f 10037 9926 10034
f 9927 10036 9911
f 9911 10036 9928
f 10036 10038 9928
f 9928 10038 9929
f 10038 10039 9929
f 9929 10039 9930
f 10039 10040 9930
f 9930 10040 9931
f 10040 10041 9931
f 9931 10041 9889
f 10041 10042 9889
f 9889 10042 267
f 10042 265 267
f 30 9939 27
f 30 10043 9939
f 9939 10043 9936
f 10043 10044 9936
f 9936 10044 9934
f 10044 10045 9934
f 9934 10045 9922
f 10045 10046 9922
f 9922 10046 9918
f 10046 10047 9918
f 9918 10047 9916
f 10047 10048 9916
f 9916 10048 9913
f 10048 10049 9913
f 9913 10049 9910
f 10049 10050 9910
f 9910 10050 9905
f 10050 10051 9905
f 9905 10051 9902
f 10051 10052 9902
f 9901 10053 9900
f 10053 9901 10054
f 10054 9901 10055
f 9901 9902 10055
f 10055 9902 10056
f 9902 10052 10056
f 9897 10057 9896
f 10057 9897 10058
f 10058 9897 10059
f 9897 9900 10059
f 10059 9900 10060
f 9900 10053 10060
f 9895 10061 9893
f 10061 9895 10062
f 10062 9895 10063
f 9895 9896 10063
f 10063 9896 10064
f 9896 10057 10064
f 9891 227 767
f 227 9891 10065
f 10065 9891 10066
f 9891 9893 10066
f 10066 9893 10067
f 9893 10061 10067
f 44 3415 42
f 44 9958 3415
f 3415 9958 3416
f 9958 9957 3416
f 3416 9957 3417
f 9957 9956 3417
f 3417 9956 3418
f 9956 9955 3418
f 3418 9955 3419
f 9955 9954 3419
f 3419 9954 3421
f 9954 9953 3421
f 3421 9953 3423
f 9953 9952 3423
f 3423 9952 3424
f 9952 9951 3424
f 3424 9951 3425
f 9951 9950 3425
f 3425 9950 3426
f 9950 9947 3426
f 3427 9945 3428
f 9945 3427 9949
f 9949 3427 9948
f 3427 3426 9948
f 9948 3426 9947
f 3430 9942 3431
f 9942 3430 9946
f 3430 3428 9946
f 3428 9945 9946
f 3433 9940 3434
f 9940 3433 9944
f 9944 3433 9943
f 3433 3431 9943
f 9943 3431 9942
f 3436 806 810
f 806 3436 9941
f 3436 3434 9941
f 9941 3434 9940
f 9959 777 778
f 777 9959 6824
f 6824 9959 9960
f 6824 9960 6825
f 9960 9961 6825
f 6825 9961 9962
f 6825 9962 6828
f 9962 9963 6828
f 9964 6832 6827
f 6828 9963 6827
f 9963 9964 6827
f 9964 9965 6832
f 6832 9965 6760
f 9965 9966 6760
f 6760 9966 9967
f 6760 9967 6758
f 6758 9967 6757
f 9967 9968 6757
f 6757 9968 6755
f 9968 9969 6755
f 6755 9969 6754
f 9969 9970 6754
f 9970 6804 6754
f 6804 9970 6803
f 9970 9971 6803
f 6803 9971 9972
f 6803 9972 6807
f 6807 9972 6809
f 6809 9972 9973
f 6809 9973 6810
f 6810 9973 6812
f 9973 9974 6812
f 6812 9974 9975
f 6812 9975 6815
f 6815 9975 6817
f 9975 9976 6817
f 9976 6816 6817
f 6816 9976 9977
f 6816 9977 6822
f 9977 9978 6822
f 6822 9978 6819
f 6819 9978 234
f 9978 233 234
f 10068 9979 10069
f 10070 9982 10068
f 9985 10071 9987
f 10071 10072 9987
f 9987 10072 9988
f 10072 10073 9988
f 9988 10073 9989
f 10073 10074 9989
f 9989 10074 9990
f 10074 10075 9990
f 9990 10075 9991
f 10075 10076 9991
f 9991 10076 9992
f 10076 10077 9992
f 9992 10077 9993
f 10077 10078 9993
f 9993 10078 9994
f 10078 10079 9994
f 9994 10079 9995
f 10079 10080 9995
f 9995 10080 254
f 10080 243 254
f 9985 9986 10071
f 10071 9986 10081
f 9986 10082 10081
f 10083 10082 9983
f 10082 9986 9983
f 9983 9984 10083
f 10083 9984 10084
f 9984 10085 10084
f 10086 10085 9981
f 10085 9984 9981
f 10070 10086 9982
f 9982 10086 9981
f 10068 9982 9979
f 10087 10069 9980
f 9980 10069 9979
f 489 10087 491
f 491 10087 9980
f 10009 486 492
f 10009 10010 486
f 486 10010 10088
f 10088 10010 10089
f 10010 10011 10089
f 10089 10011 10007
f 10090 10006 10091
f 10089 10007 10092
f 10092 10007 10090
f 10007 10008 10090
f 10090 10008 10006
f 10091 10006 10093
f 10093 10006 10094
f 10006 10005 10094
f 10094 10005 10095
f 10005 10004 10095
f 10095 10004 10096
f 10004 10003 10096
f 10096 10003 10097
f 10003 10002 10097
f 10097 10002 10098
f 10002 10001 10098
f 10098 10001 10099
f 10001 10000 10099
f 10099 10000 10100
f 10000 9999 10100
f 10100 9999 10101
f 9999 9998 10101
f 10101 9998 10102
f 9998 9997 10102
f 10102 9997 10103
f 9997 9996 10103
f 10103 9996 328
f 9996 330 328
f 10104 10106 10105
f 10106 10107 10105
f 10107 10108 10105
f 10107 10109 10108
f 10107 10106 10109
f 10110 10104 245
f 10110 10111 10104
f 10104 10111 10106
f 10111 10112 10106
f 10112 10113 10106
f 10113 10114 10106
f 10106 10114 10109
f 10114 10115 10109
f 10109 10115 10116
f 10115 10117 10116
f 10117 10118 10116
f 10118 10119 10116
f 10119 10120 10116
f 10121 10122 488
f 488 10122 10123
f 10123 10122 10124
f 10124 10122 10125
f 10125 10122 10126
f 10126 10122 10127
f 10128 10129 10121
f 10121 10129 10122
f 10130 10129 10128
f 10131 10129 10130
f 10132 10129 10131
f 10129 10133 10122
f 10133 10116 10122
f 10116 10134 10109
f 10135 10129 10132
f 10129 10136 10133
f 10133 10134 10116
f 10137 10129 10135
f 10136 10138 10133
f 10138 10134 10133
f 10139 10129 10137
f 10140 10141 10139
f 10139 10141 10129
f 10129 10141 10136
f 10141 10138 10136
f 10134 10142 10109
f 10142 10108 10109
f 10143 10141 10140
f 10134 10138 10142
f 10144 10141 10143
f 10145 10105 10108
f 10146 10141 10144
f 10141 10146 10147
f 326 10028 10147
f 10147 10028 10141
f 10028 10027 10141
f 10027 10026 10141
f 10026 10025 10141
f 10141 10025 10138
f 10025 10024 10138
f 10024 10023 10138
f 10023 10022 10138
f 10022 10021 10138
f 10021 10020 10138
f 10138 10020 10142
f 10020 10019 10142
f 10019 10018 10142
f 10142 10018 10108
f 10018 10017 10108
f 10017 10016 10108
f 10016 10015 10108
f 10108 10015 10145
f 10015 10014 10145
f 10145 10014 10105
f 10014 10013 10105
f 10013 10012 10105
f 10105 10012 10104
f 10012 245 10104
f 10127 10122 10120
f 10120 10122 10116
f 10148 10029 10149
f 10150 10031 10151
f 10152 10033 10153
f 10154 10035 10155
f 10156 10034 10154
f 10157 10037 10156
f 265 10158 238
f 265 10042 10158
f 10158 10042 10159
f 10042 10041 10159
f 10159 10041 10160
f 10160 10041 10161
f 10041 10040 10161
f 10161 10040 10162
f 10040 10039 10162
f 10162 10039 10163
f 10163 10039 10164
f 10039 10038 10164
f 10164 10038 10165
f 10165 10038 10166
f 10038 10036 10166
f 10157 10166 10037
f 10037 10166 10036
f 10156 10037 10034
f 10154 10034 10035
f 10167 10155 10032
f 10155 10035 10032
f 10152 10167 10033
f 10033 10167 10032
f 10150 10153 10030
f 10153 10033 10030
f 10031 10150 10030
f 10148 10151 10029
f 10029 10151 10031
f 768 10149 766
f 10149 10029 766
f 227 10168 226
f 227 10065 10168
f 10168 10065 10169
f 10065 10066 10169
f 10169 10066 10170
f 10066 10067 10170
f 10170 10067 10171
f 10067 10061 10171
f 10171 10061 10172
f 10061 10062 10172
f 10172 10062 10173
f 10062 10063 10173
f 10173 10063 10174
f 10063 10064 10174
f 10174 10064 10175
f 10064 10057 10175
f 10175 10057 10176
f 10057 10058 10176
f 10176 10058 10177
f 10058 10059 10177
f 10177 10059 10178
f 10059 10060 10178
f 10178 10060 10179
f 10060 10053 10179
f 10179 10053 10180
f 10053 10054 10180
f 10180 10054 10181
f 10054 10055 10181
f 10181 10055 10182
f 10055 10056 10182
f 10182 10056 10183
f 10056 10052 10183
f 10183 10052 10184
f 10052 10051 10184
f 10184 10051 10185
f 10051 10050 10185
f 10185 10050 10186
f 10050 10049 10186
f 10186 10049 10187
f 10049 10048 10187
f 10187 10048 10188
f 10048 10047 10188
f 10188 10047 10189
f 10047 10046 10189
f 10189 10046 10190
f 10046 10045 10190
f 10190 10045 10191
f 10045 10044 10191
f 10191 10044 10192
f 10044 10043 10192
f 10192 10043 78
f 10043 30 78
f 821 10193 823
f 823 10193 3467
f 3466 3467 10194
f 10194 3467 10195
f 3467 10193 10195
f 3464 3466 10196
f 10196 3466 10194
f 3460 3464 10197
f 10197 3464 10198
f 3464 10196 10198
f 3459 3460 10199
f 10199 3460 10197
f 3455 3459 10200
f 10200 3459 10201
f 3459 10199 10201
f 3454 3455 10202
f 10202 3455 10200
f 10203 3454 10204
f 3454 10202 10204
f 3454 10203 3453
f 3453 10203 3449
f 10203 10205 3449
f 3449 10205 3446
f 10205 10206 3446
f 3446 10206 3445
f 10206 10207 3445
f 3445 10207 3441
f 10207 10208 3441
f 3441 10208 3438
f 10208 10209 3438
f 3438 10209 3437
f 10209 10210 3437
f 3437 10210 3414
f 10210 10211 3414
f 3414 10211 3412
f 10211 10212 3412
f 3412 10212 3411
f 10212 10213 3411
f 3411 10213 42
f 10213 41 42
f 6958 234 242
f 6958 6960 234
f 234 6960 6796
f 6960 6798 6796
f 6959 6798 6960
f 6800 6956 6791
f 6956 6800 6955
f 6798 6959 6799
f 6799 6959 6800
f 6800 6959 6955
f 6956 6954 6791
f 6791 6954 6793
f 6954 6795 6793
f 6951 6795 6954
f 6947 6802 6949
f 6802 6947 6787
f 6787 6947 6785
f 6795 6951 6802
f 6802 6951 6949
f 6790 6785 6942
f 6942 6785 6945
f 6785 6947 6945
f 6788 6789 6971
f 6971 6789 6943
f 6790 6942 6789
f 6942 6943 6789
f 6788 6971 6784
f 6971 6895 6784
f 6784 6895 6783
f 6895 6896 6783
f 6783 6896 6775
f 6775 6896 6898
f 6775 6898 6769
f 6769 6898 6899
f 6899 6976 6769
f 6769 6976 6768
f 6976 6766 6768
f 6766 6976 6900
f 6850 6765 6968
f 6968 6765 6978
f 6765 6901 6978
f 6766 6900 6765
f 6900 6901 6765
f 6850 6968 6762
f 6968 6969 6762
f 6761 6965 6764
f 6965 6761 6967
f 6762 6969 6761
f 6761 6969 6967
f 6764 6965 6964
f 6843 6962 6836
f 6764 6964 6843
f 6843 6964 6962
f 6836 6962 775
f 6962 776 775
f 243 10110 245
f 243 10080 10110
f 10110 10080 10111
f 10080 10079 10111
f 10079 10078 10111
f 10111 10078 10112
f 10078 10077 10112
f 10112 10077 10113
f 10077 10076 10113
f 10076 10075 10113
f 10113 10075 10114
f 10075 10074 10114
f 10114 10074 10115
f 10074 10073 10115
f 10115 10073 10117
f 10073 10072 10117
f 10117 10072 10118
f 10072 10071 10118
f 10119 10083 10120
f 10083 10119 10082
f 10119 10118 10082
f 10082 10118 10081
f 10118 10071 10081
f 10127 10086 10126
f 10086 10127 10085
f 10127 10120 10085
f 10085 10120 10084
f 10120 10083 10084
f 10125 10069 10124
f 10069 10125 10068
f 10125 10126 10068
f 10068 10126 10070
f 10126 10086 10070
f 10123 489 488
f 489 10123 10087
f 10123 10124 10087
f 10124 10069 10087
f 10159 10214 10158
f 10158 10214 238
f 10214 237 238
f 10214 10159 10215
f 10159 10160 10215
f 10215 10160 10216
f 10160 10161 10216
f 10216 10161 10217
f 10161 10162 10217
f 10217 10162 10218
f 10218 10162 10219
f 10162 10163 10219
f 10219 10163 10220
f 10163 10164 10220
f 10220 10164 10221
f 10221 10164 10222
f 10164 10165 10222
f 10157 10223 10166
f 10166 10223 10165
f 10223 10224 10165
f 10165 10224 10222
f 10157 10156 10223
f 10223 10156 10225
f 10226 10225 10154
f 10154 10225 10156
f 10226 10154 10227
f 10154 10155 10227
f 10227 10155 10228
f 10155 10167 10228
f 10228 10167 10229
f 10167 10152 10229
f 10229 10152 10230
f 10152 10153 10230
f 10230 10153 10231
f 10153 10150 10231
f 10231 10150 10232
f 10150 10151 10232
f 10232 10151 10233
f 10151 10148 10233
f 10233 10148 10234
f 10148 10149 10234
f 10234 10149 10235
f 10149 768 10235
f 10235 768 770
f 10121 488 10089
f 10089 488 10088
f 488 486 10088
f 10093 10128 10091
f 10091 10128 10090
f 10128 10121 10090
f 10090 10121 10092
f 10121 10089 10092
f 10128 10093 10130
f 10130 10093 10131
f 10093 10094 10131
f 10131 10094 10132
f 10094 10095 10132
f 10132 10095 10135
f 10095 10096 10135
f 10135 10096 10137
f 10096 10097 10137
f 10137 10097 10139
f 10097 10098 10139
f 10139 10098 10140
f 10098 10099 10140
f 10140 10099 10143
f 10099 10100 10143
f 10143 10100 10144
f 10100 10101 10144
f 10144 10101 10146
f 10101 10102 10146
f 10146 10102 10147
f 10102 10103 10147
f 10147 10103 326
f 10103 328 326
f 10236 10183 10237
f 226 10168 834
f 834 10168 10238
f 10168 10169 10238
f 10238 10169 10239
f 10169 10170 10239
f 10239 10170 10240
f 10170 10171 10240
f 10240 10171 10241
f 10171 10172 10241
f 10241 10172 10242
f 10172 10173 10242
f 10242 10173 10243
f 10173 10174 10243
f 10243 10174 10244
f 10174 10175 10244
f 10244 10175 10245
f 10175 10176 10245
f 10245 10176 10246
f 10176 10177 10246
f 10246 10177 10247
f 10177 10178 10247
f 10247 10178 10248
f 10178 10179 10248
f 10248 10179 10249
f 10179 10180 10249
f 10249 10180 10250
f 10180 10181 10250
f 10250 10181 10236
f 10181 10182 10236
f 10236 10182 10183
f 10237 10183 10251
f 10251 10183 10252
f 10183 10184 10252
f 10252 10184 10253
f 10184 10185 10253
f 10253 10185 10254
f 10185 10186 10254
f 10254 10186 10255
f 10186 10187 10255
f 10255 10187 10256
f 10187 10188 10256
f 10256 10188 10257
f 10188 10189 10257
f 10257 10189 10258
f 10189 10190 10258
f 10258 10190 10259
f 10190 10191 10259
f 10259 10191 10260
f 10191 10192 10260
f 10260 10192 33
f 10192 78 33
f 10261 10262 10205
f 10205 10262 10206
f 10262 10263 10206
f 10206 10263 10207
f 10263 10264 10207
f 10207 10264 10208
f 10264 10265 10208
f 10208 10265 10209
f 10265 10266 10209
f 10209 10266 10210
f 10266 10267 10210
f 10210 10267 10211
f 10267 10268 10211
f 10211 10268 10212
f 10268 10269 10212
f 10212 10269 10213
f 10269 10270 10213
f 10213 10270 41
f 10270 43 41
f 832 10271 821
f 821 10271 10193
f 10271 10272 10193
f 10193 10272 10195
f 10272 10273 10195
f 10195 10273 10194
f 10273 10274 10194
f 10274 10275 10194
f 10194 10275 10196
f 10275 10276 10196
f 10196 10276 10198
f 10276 10277 10198
f 10198 10277 10197
f 10277 10278 10197
f 10278 10279 10197
f 10197 10279 10199
f 10279 10280 10199
f 10199 10280 10201
f 10280 10281 10201
f 10201 10281 10200
f 10281 10282 10200
f 10282 10283 10200
f 10200 10283 10202
f 10283 10284 10202
f 10202 10284 10204
f 10284 10261 10204
f 10204 10261 10203
f 10261 10205 10203
f 10214 6936 237
f 6936 242 237
f 6936 10214 6938
f 10214 10215 6938
f 6938 10215 6940
f 10215 10216 6940
f 6940 10216 6931
f 10216 10217 6931
f 6931 10217 6933
f 10217 10218 6933
f 6933 10218 6935
f 10218 10219 6935
f 6935 10219 6941
f 10219 10220 6941
f 6941 10220 6929
f 10220 10221 6929
f 6929 10221 6928
f 10221 10222 6928
f 6928 10222 6930
f 10222 10224 6930
f 6930 10224 6927
f 10224 10223 6927
f 6927 10223 6920
f 10223 10225 6920
f 6920 10225 6919
f 10225 10226 6919
f 10228 6919 10227
f 10227 6919 10226
f 6919 10228 6910
f 6910 10228 10229
f 6910 10229 6909
f 10229 10230 6909
f 6909 10230 10231
f 6909 10231 6991
f 6991 10231 6904
f 6904 10233 6903
f 10233 6904 10232
f 6904 10231 10232
f 6903 10233 6987
f 10233 10234 6987
f 6987 10234 10235
f 6987 10235 6907
f 6907 10235 770
f 6907 770 6906
f 6906 770 772
f 10238 836 834
f 10238 10239 836
f 836 10239 10285
f 10285 10239 10286
f 10239 10240 10286
f 10286 10240 10241
f 10286 10241 10287
f 10287 10241 10288
f 10241 10242 10288
f 10288 10242 10243
f 10288 10243 10289
f 10289 10243 10290
f 10243 10244 10290
f 10290 10244 10245
f 10290 10245 10291
f 10291 10245 10292
f 10245 10246 10292
f 10292 10246 10247
f 10292 10247 10293
f 10293 10247 10294
f 10247 10248 10294
f 10294 10248 10249
f 10294 10249 10295
f 10295 10249 10296
f 10249 10250 10296
f 10296 10250 10236
f 10297 10251 10298
f 10296 10236 10299
f 10299 10236 10297
f 10236 10237 10297
f 10297 10237 10251
f 10298 10251 10300
f 10300 10251 10301
f 10251 10252 10301
f 10301 10252 10302
f 10252 10253 10302
f 10302 10253 10303
f 10253 10254 10303
f 10303 10254 10304
f 10254 10255 10304
f 10304 10255 10305
f 10255 10256 10305
f 10305 10256 10306
f 10256 10257 10306
f 10306 10257 10307
f 10257 10258 10307
f 10307 10258 10308
f 10258 10259 10308
f 10308 10259 10309
f 10259 10260 10309
f 10309 10260 85
f 10260 33 85
f 10285 832 836
f 10285 10286 832
f 832 10286 10271
f 10271 10286 10272
f 10286 10287 10272
f 10272 10287 10288
f 10272 10288 10273
f 10273 10288 10274
f 10288 10289 10274
f 10274 10289 10290
f 10274 10290 10275
f 10275 10290 10276
f 10290 10291 10276
f 10276 10291 10292
f 10276 10292 10277
f 10277 10292 10278
f 10292 10293 10278
f 10278 10293 10294
f 10278 10294 10279
f 10279 10294 10280
f 10294 10295 10280
f 10280 10295 10296
f 10280 10296 10281
f 10281 10296 10282
f 10296 10299 10282
f 10282 10299 10297
f 10284 10300 10261
f 10282 10297 10283
f 10283 10297 10284
f 10297 10298 10284
f 10284 10298 10300
f 10261 10300 10262
f 10300 10301 10262
f 10262 10301 10263
f 10301 10302 10263
f 10263 10302 10264
f 10302 10303 10264
f 10264 10303 10265
f 10303 10304 10265
f 10265 10304 10266
f 10304 10305 10266
f 10266 10305 10267
f 10305 10306 10267
f 10267 10306 10268
f 10306 10307 10268
f 10268 10307 10269
f 10307 10308 10269
f 10269 10308 10270
f 10308 10309 10270
f 10270 10309 43
f 10309 85 43
f 10310 10312 10311
f 10311 10312 10313
f 10312 10314 10313
f 10315 10312 10316
f 10316 10312 10317
f 10312 10310 10317
f 10318 10312 10319
f 10319 10312 10320
f 10312 10315 10320
f 10321 10312 10322
f 10322 10312 10323
f 10312 10318 10323
f 10324 10312 10325
f 10325 10312 10326
f 10312 10321 10326
f 10327 10312 10328
f 10328 10312 10329
f 10312 10324 10329
f 10330 10312 10331
f 10331 10312 10332
f 10312 10327 10332
f 10333 10312 10334
f 10334 10312 10335
f 10312 10330 10335
f 10336 10312 10337
f 10337 10312 10338
f 10312 10333 10338
f 10339 10312 10340
f 10340 10312 10341
f 10312 10336 10341
f 10342 10312 10343
f 10343 10312 10344
f 10312 10339 10344
f 10345 10312 10346
f 10346 10312 10347
f 10312 10342 10347
f 10348 10312 10349
f 10349 10312 10350
f 10312 10345 10350
f 10351 10312 10352
f 10352 10312 10353
f 10312 10348 10353
f 10354 10312 10355
f 10355 10312 10356
f 10312 10351 10356
f 10357 10312 10358
f 10358 10312 10359
f 10312 10354 10359
f 10360 10312 10361
f 10361 10312 10362
f 10312 10357 10362
f 10363 10312 10364
f 10364 10312 10365
f 10312 10360 10365
f 10366 10312 10367
f 10367 10312 10368
f 10312 10363 10368
f 10369 10312 10370
f 10370 10312 10371
f 10312 10366 10371
f 10372 10312 10373
f 10373 10312 10374
f 10312 10369 10374
f 10375 10312 10376
f 10376 10312 10377
f 10312 10372 10377
f 10378 10312 10379
f 10379 10312 10380
f 10312 10375 10380
f 10314 10312 10381
f 10381 10312 10382
f 10312 10378 10382
f 10313 10314 3153
f 3153 10314 3011
f 10314 10381 3011
f 3011 10381 3013
f 10381 10382 3013
f 3013 10382 3015
f 10382 10378 3015
f 3015 10378 3017
f 10378 10379 3017
f 3017 10379 3019
f 10379 10380 3019
f 3019 10380 3021
f 10380 10375 3021
f 3021 10375 3023
f 10375 10376 3023
f 3023 10376 3025
f 10376 10377 3025
f 3025 10377 3027
f 10377 10372 3027
f 3027 10372 3029
f 10372 10373 3029
f 3029 10373 3031
f 10373 10374 3031
f 3031 10374 3033
f 10374 10369 3033
f 3033 10369 3035
f 10369 10370 3035
f 3035 10370 3037
f 10370 10371 3037
f 3037 10371 3039
f 10371 10366 3039
f 3039 10366 3041
f 10366 10367 3041
f 3041 10367 3043
f 10367 10368 3043
f 3043 10368 3045
f 10368 10363 3045
f 3045 10363 3047
f 10363 10364 3047
f 3047 10364 3049
f 10364 10365 3049
f 3049 10365 3051
f 10365 10360 3051
f 3051 10360 3053
f 10360 10361 3053
f 3053 10361 3055
f 10361 10362 3055
f 3055 10362 3057
f 10362 10357 3057
f 3057 10357 3059
f 10357 10358 3059
f 3059 10358 3061
f 10358 10359 3061
f 3061 10359 3063
f 10359 10354 3063
f 3063 10354 3065
f 10354 10355 3065
f 3065 10355 3067
f 10355 10356 3067
f 3067 10356 3069
f 10356 10351 3069
f 3069 10351 3071
f 10351 10352 3071
f 3071 10352 3073
f 10352 10353 3073
f 3073 10353 3075
f 10353 10348 3075
f 3075 10348 3077
f 10348 10349 3077
f 3077 10349 3079
f 10349 10350 3079
f 3079 10350 3081
f 10350 10345 3081
f 3081 10345 3083
f 10345 10346 3083
f 3083 10346 3085
f 10346 10347 3085
f 3085 10347 3087
f 10347 10342 3087
f 3087 10342 3089
f 10342 10343 3089
f 3089 10343 3091
f 10343 10344 3091
f 3091 10344 3093
f 10344 10339 3093
f 3093 10339 3095
f 10339 10340 3095
f 3095 10340 3097
f 10340 10341 3097
f 3097 10341 3099
f 10341 10336 3099
f 3099 10336 3101
f 10336 10337 3101
f 3101 10337 3103
f 10337 10338 3103
f 3103 10338 3105
f 10338 10333 3105
f 3105 10333 3107
f 10333 10334 3107
f 3107 10334 3109
f 10334 10335 3109
f 3109 10335 3111
f 10335 10330 3111
f 3111 10330 3113
f 10330 10331 3113
f 3113 10331 3115
f 10331 10332 3115
f 3115 10332 3117
f 10332 10327 3117
f 3117 10327 3119
f 10327 10328 3119
f 3119 10328 3121
f 10328 10329 3121
f 3121 10329 3123
f 10329 10324 3123
f 3123 10324 3125
f 10324 10325 3125
f 3125 10325 3127
f 10325 10326 3127
f 3127 10326 3129
f 10326 10321 3129
f 3129 10321 3131
f 10321 10322 3131
f 3131 10322 3133
f 10322 10323 3133
f 3133 10323 3135
f 10323 10318 3135
f 3135 10318 3137
f 10318 10319 3137
f 3137 10319 3139
f 10319 10320 3139
f 3139 10320 3141
f 10320 10315 3141
f 3141 10315 3143
f 10315 10316 3143
f 3143 10316 3145
f 10316 10317 3145
f 3145 10317 3147
f 10317 10310 3147
f 3147 10310 3149
f 10310 10311 3149
f 3149 10311 3151
f 10311 10313 3151
f 3151 10313 3153
f 10383 10385 10384
f 10384 10385 10386
f 10385 10387 10386
f 10388 10385 10389
f 10389 10385 10390
f 10385 10383 10390
f 10391 10385 10392
f 10392 10385 10393
f 10385 10388 10393
f 10394 10385 10395
f 10395 10385 10396
f 10385 10391 10396
f 10397 10385 10398
f 10398 10385 10399
f 10385 10394 10399
f 10400 10385 10401
f 10401 10385 10402
f 10385 10397 10402
f 10403 10385 10404
f 10404 10385 10405
f 10385 10400 10405
f 10406 10385 10407
f 10407 10385 10408
f 10385 10403 10408
f 10409 10385 10410
f 10410 10385 10411
f 10385 10406 10411
f 10412 10385 10413
f 10413 10385 10414
f 10385 10409 10414
f 10415 10385 10416
f 10416 10385 10417
f 10385 10412 10417
f 10418 10385 10419
f 10419 10385 10420
f 10385 10415 10420
f 10421 10385 10422
f 10422 10385 10423
f 10385 10418 10423
f 10424 10385 10425
f 10425 10385 10426
f 10385 10421 10426
f 10427 10385 10428
f 10428 10385 10429
f 10385 10424 10429
f 10430 10385 10431
f 10431 10385 10432
f 10385 10427 10432
f 10433 10385 10434
f 10434 10385 10435
f 10385 10430 10435
f 10436 10385 10437
f 10437 10385 10438
f 10385 10433 10438
f 10439 10385 10440
f 10440 10385 10441
f 10385 10436 10441
f 10442 10385 10443
f 10443 10385 10444
f 10385 10439 10444
f 10445 10385 10446
f 10446 10385 10447
f 10385 10442 10447
f 10448 10385 10449
f 10449 10385 10450
f 10385 10445 10450
f 10451 10385 10452
f 10452 10385 10453
f 10385 10448 10453
f 10387 10385 10454
f 10454 10385 10455
f 10385 10451 10455
f 10386 10387 3009
f 3009 10387 2876
f 10387 10454 2876
f 2876 10454 2878
f 10454 10455 2878
f 2878 10455 2880
f 10455 10451 2880
f 2880 10451 2882
f 10451 10452 2882
f 2882 10452 2884
f 10452 10453 2884
f 2884 10453 2886
f 10453 10448 2886
f 2886 10448 2888
f 10448 10449 2888
f 2888 10449 2890
f 10449 10450 2890
f 2890 10450 2892
f 10450 10445 2892
f 2892 10445 2894
f 10445 10446 2894
f 2894 10446 2896
f 10446 10447 2896
f 2896 10447 2898
f 10447 10442 2898
f 2898 10442 2900
f 10442 10443 2900
f 2900 10443 2902
f 10443 10444 2902
f 2902 10444 2904
f 10444 10439 2904
f 2904 10439 2906
f 10439 10440 2906
f 2906 10440 2908
f 10440 10441 2908
f 2908 10441 2910
f 10441 10436 2910
f 2910 10436 2912
f 10436 10437 2912
f 2912 10437 2914
f 10437 10438 2914
f 2914 10438 2916
f 10438 10433 2916
f 2916 10433 2918
f 10433 10434 2918
f 2918 10434 2920
f 10434 10435 2920
f 2920 10435 2922
f 10435 10430 2922
f 2922 10430 2923
f 10430 10431 2923
f 2923 10431 2925
f 10431 10432 2925
f 2925 10432 2926
f 10432 10427 2926
f 2926 10427 2928
f 10427 10428 2928
f 2928 10428 2929
f 10428 10429 2929
f 2929 10429 2931
f 10429 10424 2931
f 2931 10424 2933
f 10424 10425 2933
f 2933 10425 2935
f 10425 10426 2935
f 2935 10426 2937
f 10426 10421 2937
f 2937 10421 2939
f 10421 10422 2939
f 2939 10422 2941
f 10422 10423 2941
f 2941 10423 2943
f 10423 10418 2943
f 2943 10418 2945
f 10418 10419 2945
f 2945 10419 2947
f 10419 10420 2947
f 2947 10420 2949
f 10420 10415 2949
f 2949 10415 2951
f 10415 10416 2951
f 2951 10416 2953
f 10416 10417 2953
f 2953 10417 2955
f 10417 10412 2955
f 2955 10412 2957
f 10412 10413 2957
f 2957 10413 2958
f 10413 10414 2958
f 2958 10414 2959
f 10414 10409 2959
f 2959 10409 2960
f 10409 10410 2960
f 2960 10410 2961
f 10410 10411 2961
f 2961 10411 2962
f 10411 10406 2962
f 2962 10406 2963
f 10406 10407 2963
f 2963 10407 2965
f 10407 10408 2965
f 2965 10408 2967
f 10408 10403 2967
f 2967 10403 2969
f 10403 10404 2969
f 2969 10404 2971
f 10404 10405 2971
f 2971 10405 2973
f 10405 10400 2973
f 2973 10400 2975
f 10400 10401 2975
f 2975 10401 2977
f 10401 10402 2977
f 2977 10402 2979
f 10402 10397 2979
f 2979 10397 2981
f 10397 10398 2981
f 2981 10398 2983
f 10398 10399 2983
f 2983 10399 2985
f 10399 10394 2985
f 2985 10394 2987
f 10394 10395 2987
f 2987 10395 2989
f 10395 10396 2989
f 2989 10396 2991
f 10396 10391 2991
f 2991 10391 2993
f 10391 10392 2993
f 2993 10392 2995
f 10392 10393 2995
f 2995 10393 2997
f 10393 10388 2997
f 2997 10388 2999
f 10388 10389 2999
f 2999 10389 3001
f 10389 10390 3001
f 3001 10390 3003
f 10390 10383 3003
f 3003 10383 3005
f 10383 10384 3005
f 3005 10384 3007
f 10384 10386 3007
f 3007 10386 3009
f 10456 10458 10457
f 10457 10458 10459
f 2525 10460 2524
f 2480 10461 2390
f 2475 10460 2474
f 2474 10460 2473
f 2529 10460 2528
f 2483 10462 2482
f 2482 10462 2531
f 10462 10461 2531
f 2531 10461 2481
f 10461 2480 2481
f 2473 10460 2472
f 2472 10460 2471
f 10460 10462 2471
f 2471 10462 2470
f 2458 10463 2478
f 2478 10463 2532
f 10463 10460 2532
f 2532 10460 2530
f 10460 2529 2530
f 2524 10460 2523
f 2523 10460 2522
f 10460 2521 2522
f 2521 10460 2520
f 2520 10460 2519
f 10460 2518 2519
f 2510 2511 10460
f 10460 2511 2512
f 2510 10460 2509
f 2509 10460 2508
f 10460 2507 2508
f 2390 10461 2389
f 2389 10461 2479
f 10461 10463 2479
f 2479 10463 2459
f 10463 2458 2459
f 2492 10462 2491
f 2491 10462 2490
f 10462 2489 2490
f 2489 10462 2488
f 2488 10462 2487
f 10462 2486 2487
f 2486 10462 2485
f 2485 10462 2484
f 10462 2483 2484
f 2470 10462 2469
f 2469 10462 2468
f 10462 2467 2468
f 2528 10460 2527
f 2527 10460 2526
f 10460 2525 2526
f 2518 10460 2517
f 2517 10460 2516
f 10460 2515 2516
f 2515 10460 2514
f 2514 10460 2513
f 10460 2512 2513
f 2507 10460 2506
f 2506 10460 2476
f 10460 2475 2476
f 2498 2499 10462
f 10462 2499 2500
f 2467 10462 2466
f 2466 10462 2465
f 10462 2464 2465
f 2498 10462 2497
f 2497 10462 2496
f 10462 2495 2496
f 2495 10462 2494
f 2494 10462 2493
f 10462 2492 2493
f 2464 10462 2505
f 2505 10462 2504
f 10462 2503 2504
f 2503 10462 2502
f 2502 10462 2501
f 10462 2500 2501
f 10463 10458 10460
f 10460 10458 10456
f 10460 10456 10462
f 10462 10456 10457
f 10462 10457 10461
f 10461 10457 10459
f 10461 10459 10463
f 10463 10459 10458
f 10464 10466 10465
f 10465 10466 10467
f 10468 10470 10469
f 10469 10470 10471
f 10472 10471 10473
f 10473 10471 10466
f 10471 10470 10466
f 10466 10470 10467
f 10470 10474 10467
f 10467 10474 10475
f 2378 10476 2377
f 10476 2384 10477
f 2371 10478 2370
f 2377 10476 2376
f 2376 10476 2375
f 10476 10479 2375
f 2375 10479 2318
f 10479 2374 2318
f 2374 10479 2310
f 2310 10479 2373
f 10479 10478 2373
f 2373 10478 2372
f 10478 2371 2372
f 2329 2330 10480
f 10480 2330 2331
f 2335 10481 2334
f 2334 10481 2333
f 10481 10480 2333
f 2333 10480 2332
f 10480 2331 2332
f 2384 10476 2383
f 2383 10476 2382
f 10476 2381 2382
f 2381 10476 2380
f 2380 10476 2379
f 10476 2378 2379
f 2387 10477 2386
f 2386 10477 2385
f 10477 2384 2385
f 2340 10482 2339
f 2322 10483 2321
f 2321 10483 2320
f 10483 10477 2320
f 2320 10477 2388
f 10477 2387 2388
f 2329 10480 2328
f 2328 10480 2327
f 10480 2326 2327
f 2326 10480 2325
f 2325 10480 2324
f 10480 10483 2324
f 2324 10483 2323
f 10483 2322 2323
f 2339 10482 2338
f 2338 10482 2337
f 10482 10481 2337
f 2337 10481 2336
f 10481 2335 2336
f 2349 10484 2348
f 10484 10482 2342
f 2342 10482 2341
f 10482 2340 2341
f 2357 2358 10485
f 10485 2358 2359
f 2357 10485 2356
f 2356 10485 2355
f 10485 10486 2355
f 2355 10486 2354
f 10486 2353 2354
f 2370 10478 2369
f 2369 10478 2368
f 10478 10487 2368
f 2368 10487 2367
f 10487 2366 2367
f 2353 10486 2352
f 2352 10486 2351
f 10486 10484 2351
f 2351 10484 2350
f 10484 2349 2350
f 2366 10487 2365
f 2365 10487 2364
f 10487 2363 2364
f 2359 2360 10485
f 10485 2360 10487
f 2360 2361 10487
f 2348 10484 2347
f 2347 10484 2346
f 10484 2345 2346
f 2345 10484 2344
f 2344 10484 2343
f 10484 2342 2343
f 2363 10487 2319
f 2319 10487 2362
f 10487 2361 2362
f 10476 10470 10479
f 10479 10470 10468
f 10479 10468 10478
f 10478 10468 10469
f 10478 10469 10487
f 10487 10469 10471
f 10487 10471 10485
f 10485 10471 10472
f 10485 10472 10486
f 10486 10472 10473
f 10486 10473 10484
f 10484 10473 10466
f 10484 10466 10482
f 10482 10466 10464
f 10482 10464 10481
f 10481 10464 10465
f 10481 10465 10480
f 10480 10465 10467
f 10480 10467 10483
f 10483 10467 10475
f 10483 10475 10477
f 10477 10475 10474
f 10477 10474 10476
f 10476 10474 10470
f 1482 3547 1481
f 1481 3547 3874
f 3547 3567 3874
f 3874 3567 3695
f 3567 3584 3695
f 3568 3548 1010
f 1010 3548 1170
f 1011 3708 1010
f 1010 3708 3568
f 3855 3856 3694
f 3694 3856 3721
f 3941 1111 3943
f 3943 1111 3961
f 1111 1201 3961
f 3939 1111 3942
f 3942 1111 3941
f 3770 1111 3880
f 3880 1111 3911
f 1111 3939 3911
f 3529 1554 1379
f 1379 1554 1547
f 3548 3529 1170
f 1170 3529 1379
f 4103 4132 4551
f 4551 4132 4495
f 4132 4152 4495
f 4495 4152 4307
f 4152 4169 4307
f 4153 4133 8676
f 8676 4133 8585
f 4296 4320 8676
f 8676 4320 4153
f 4475 4477 4306
f 4306 4477 4334
f 4569 8674 4570
f 8674 4605 4570
f 4567 8674 4569
f 4461 8674 4503
f 4503 8674 4533
f 8674 4567 4533
f 4114 4113 8567
f 8567 4113 8463
f 4133 4114 8585
f 8585 4114 8567
f 4867 4866 6575
f 6575 4866 6463
f 5026 4837 8017
f 8017 4837 4835
f 4868 5038 6440
f 6440 5038 8211
f 6591 6440 8294
f 8294 6440 8211
f 7855 7911 4791
f 4791 7911 4793
f 7911 7921 4793
f 4793 7921 4819
f 7921 7939 4819
f 7938 7884 8889
f 8889 7884 8983
f 7954 7938 8810
f 8810 7938 8889
f 4813 7954 8783
f 8783 7954 8810
f 4812 4813 8698
f 8698 4813 8783
f 4782 4812 8608
f 8608 4812 8698
f 7812 7811 8822
f 8822 7811 7770
f 7812 8822 7814
f 7814 8822 7815
f 8822 7817 7815
f 7884 7819 8983
f 8983 7819 8822
f 7819 7817 8822
f 898 7591 899
f 899 7591 7671
f 7591 7601 7671
f 7671 7601 7647
f 7601 7619 7647
f 7618 7564 8068
f 8068 7564 8163
f 7634 7618 7984
f 7984 7618 8068
f 7660 7634 1005
f 1005 7634 7984
f 7662 7660 1004
f 1004 7660 1005
f 1155 7662 1156
f 1156 7662 1004
f 7515 7514 7994
f 7994 7514 7489
f 7515 7994 7517
f 7994 7520 7517
f 7564 7519 8163
f 8163 7519 7994
f 7519 7520 7994
f 5704 5600 5572
f 5572 5600 5574
f 5624 5733 8376
f 8376 5733 8432
f 5595 5624 8315
f 8315 5624 8376
f 5562 5595 8216
f 8216 5595 8315
