# Generated MicroDuck mesh; do not edit by hand.
# Source: microduck_rl/src/mjlab_microduck/robot/microduck/assets/roller_blade.stl
# Source repository: https://github.com/pollen-robotics/microduck_rl.git@5946fd9cdbc58956424420153e51975af3b30d77
# Source SHA-256: 7b13447a82624d952e958d83572ed0c6e610d595db1f7f60217b6c8f059fec15
# License: Creative Commons BY-SA-NC; see ../Licenses/ATTRIBUTION.json.
# Modified: exported MuJoCo-compiled mesh geometry in Tuanjie coordinates.
# Transform: (x,y,z) -> (-y,z,x); triangle winding reversed.
o roller_blade
v 0.00751509611 0.0347136706 -0.0119148931
v 0.00751612382 0.0348478109 -0.0121252388
v 0.00751440087 0.0348161682 -0.012157578
v 0.00751553103 0.034934897 -0.0123865362
v 0.00751725119 0.0349677019 -0.0123538002
v 0.00751671894 0.0350332223 -0.0126249734
v 0.00751843629 0.0350675024 -0.0125918258
v 0.00751795573 0.0351103917 -0.0128710698
v 0.0075196703 0.0351464711 -0.012837545
v 0.00751923164 0.0351658165 -0.0131229535
v 0.00752094435 0.0352040306 -0.0130891418
v 0.00752053782 0.0351990759 -0.0133787105
v 0.0075222482 0.0352397487 -0.0133447573
v 0.00752186356 0.0352099203 -0.0136363953
v 0.007523573 0.0352533646 -0.0136024952
v 0.00752319861 0.0351982638 -0.0138940411
v 0.00752490852 0.0352447703 -0.0138604511
v 0.0075245332 0.0351641998 -0.0141496919
v 0.00752624497 0.0352140404 -0.0141167147
v 0.00752585754 0.0351079777 -0.0144014042
v 0.00752757257 0.0351613946 -0.0143693853
v 0.00752716092 0.0350300334 -0.0146472547
v 0.00752888108 0.0350872278 -0.0146165984
v 0.00752843358 0.0349309593 -0.0148853762
v 0.00753016118 0.0349920876 -0.0148565182
v 0.00752966572 0.0348115079 -0.0151139591
v 0.00753140356 0.0348766744 -0.0150873754
v 0.0075308485 0.0346725881 -0.0153312609
v 0.00753259892 0.034741845 -0.015307459
v 0.00753197214 0.0345152579 -0.0155356247
v 0.00753373792 0.0345885977 -0.0155151375
v 0.00753302872 0.0343407132 -0.0157255046
v 0.00753481267 0.0344180651 -0.0157088712
v 0.00753400987 0.0341502838 -0.0158994459
v 0.00753581524 0.0342315137 -0.0158872362
v 0.0075349086 0.0339454189 -0.0160561297
v 0.00753673771 0.0340303183 -0.0160489045
v 0.00753571745 0.0337276757 -0.0161943603
v 0.00753757358 0.0338159762 -0.0161926802
v 0.00753643038 0.0334987156 -0.0163130891
v 0.00753831677 0.0335900635 -0.0163175035
v 0.00753704226 0.0332602784 -0.0164114125
v 0.00753896171 0.03335426 -0.0164224431
v 0.00753754843 0.0330141783 -0.01648858
v 0.00753950374 0.0331103094 -0.0165067259
v 0.00753794471 0.032762289 -0.0165440012
v 0.0075399382 0.0328600146 -0.0165697299
v 0.00753822783 0.0325065292 -0.0165772624
v 0.00754026277 0.0326052345 -0.0166109875
v 0.00753839687 0.0322488435 -0.0165881068
v 0.00754047418 0.0323478468 -0.0166301951
v 0.00753844902 0.0319911912 -0.0165764485
v 0.00754057197 0.0320897624 -0.0166272055
v 0.00753838522 0.0317355394 -0.0165423807
v 0.00754055427 0.0318328924 -0.0166020468
v 0.00753820501 0.0314838253 -0.0164861642
v 0.00754042156 0.0315791331 -0.0165548977
v 0.00753790978 0.031237971 -0.0164082199
v 0.00754017523 0.0313303657 -0.0164861176
v 0.00753981667 0.0310884304 -0.0163962021
v 0.00753750233 0.030999843 -0.016309144
v 0.00744715054 0.0346651562 -0.0119491685
v 0.00751234777 0.0345212482 -0.0117349792
v 0.00751409261 0.0345546752 -0.0117070116
v 0.00751144066 0.0343473032 -0.0115445526
v 0.00751317199 0.0343781672 -0.0115137771
v 0.0075106225 0.0341574214 -0.0113700088
v 0.00751234172 0.0341854878 -0.0113366609
v 0.00750989979 0.033953052 -0.0112126824
v 0.0075116083 0.0339781046 -0.0111770127
v 0.00750927767 0.0337357484 -0.0110737598
v 0.00751097687 0.0337575972 -0.0110360477
v 0.00750876078 0.0335071646 -0.0109543102
v 0.00751045253 0.033525642 -0.0109148342
v 0.00750835333 0.0332690366 -0.010855238
v 0.00751003902 0.0332840085 -0.0108142998
v 0.00750805857 0.0330231823 -0.0107772937
v 0.00750974007 0.0330345295 -0.0107352063
v 0.00750787836 0.0327714682 -0.0107210735
v 0.00750955706 0.032779105 -0.0106781609
v 0.00750781409 0.0325158164 -0.0106870048
v 0.00750949187 0.0325196832 -0.0106435912
v 0.00750786671 0.0322581641 -0.0106753483
v 0.00750954542 0.0322582349 -0.0106317606
v 0.00750803528 0.0320004784 -0.0106861917
v 0.00750971632 0.0319967493 -0.010642766
v 0.00750831887 0.0317447186 -0.010719453
v 0.0075100041 0.0317372195 -0.0106765162
v 0.00750871515 0.0314928293 -0.0107748779
v 0.00751040597 0.0314816162 -0.0107327551
v 0.00750922086 0.0312467292 -0.0108520454
v 0.00751091959 0.0312318895 -0.0108110607
v 0.00750983274 0.0310082901 -0.010950366
v 0.00751154032 0.0309899375 -0.0109108323
v 0.00751054613 0.0307793301 -0.0110690929
v 0.00751226395 0.0307576023 -0.0110313119
v 0.00751135498 0.0305615906 -0.0112073282
v 0.00751308491 0.0305366497 -0.0111715803
v 0.00751225324 0.0303567238 -0.0113640092
v 0.00751399668 0.0303287674 -0.0113305738
v 0.00751323439 0.0301662963 -0.0115379533
v 0.00751499226 0.030135531 -0.0115070799
v 0.00751429098 0.0299917515 -0.0117278295
v 0.00751606422 0.0299584139 -0.0116997566
v 0.00751541508 0.0298344214 -0.0119321933
v 0.00751720462 0.0297987629 -0.0119071351
v 0.0075165974 0.0296954997 -0.0121494951
v 0.00751840463 0.029657796 -0.0121276369
v 0.00751783 0.0295760483 -0.012378078
v 0.0075196554 0.0295365825 -0.0123595875
v 0.00751910266 0.0294769742 -0.0126162032
v 0.00752094667 0.0294360481 -0.0126012238
v 0.00752040604 0.0293990299 -0.0128620537
v 0.00752226915 0.0293569546 -0.0128506981
v 0.00752172992 0.0293428097 -0.0131137623
v 0.00752361305 0.0292999055 -0.0131061189
v 0.0075230645 0.0293087419 -0.0133694131
v 0.00752496719 0.0292653367 -0.0133655388
v 0.00752440002 0.0292970855 -0.0136270626
v 0.00752632227 0.0292535089 -0.0136269834
v 0.00752572576 0.0293079298 -0.0138847437
v 0.00752766756 0.0292645115 -0.0138884652
v 0.00752703147 0.0293411911 -0.0141405007
v 0.00752899237 0.0292982645 -0.0141479922
v 0.00752830785 0.0293966178 -0.0143923881
v 0.00753028737 0.0293545071 -0.0144035881
v 0.00752954464 0.0294737853 -0.0146384845
v 0.0075315428 0.0294328127 -0.0146533148
v 0.00753073255 0.0295721106 -0.0148769179
v 0.00753274793 0.0295325853 -0.0148952631
v 0.00753186271 0.0296908394 -0.0151058761
v 0.00753389485 0.0296530668 -0.0151275955
v 0.00753292628 0.0298290756 -0.0153236147
v 0.00753497425 0.0297933389 -0.0153485416
v 0.00753391534 0.0299857594 -0.0155284749
v 0.00753597775 0.0299523342 -0.0155564267
v 0.00753482245 0.0301597044 -0.0157189053
v 0.00753689837 0.0301288441 -0.0157496575
v 0.00753564062 0.0303495843 -0.0158934463
v 0.00753772864 0.0303215217 -0.0159267727
v 0.00753636332 0.0305539556 -0.0160507765
v 0.00753846206 0.030528903 -0.0160864219
v 0.00753698591 0.0307712574 -0.0161896944
v 0.00753909349 0.0307494123 -0.0162273869
v 0.00753961783 0.0309813656 -0.0163486004
v 0.00750256376 0.0320041738 -0.0107293092
v 0.00750284316 0.0317521542 -0.0107620815
v 0.00750323385 0.031503953 -0.0108166961
v 0.00750373257 0.0312614515 -0.010892733
v 0.00750433514 0.0310265031 -0.0109896176
v 0.00750503782 0.030800892 -0.0111066103
v 0.00750583503 0.0305863358 -0.0112428199
v 0.00750672026 0.0303844698 -0.0113972109
v 0.00750768697 0.030196825 -0.0115686078
v 0.00750872819 0.030024834 -0.0117557086
v 0.00750983553 0.0298698042 -0.0119570857
v 0.00751100108 0.0297329165 -0.0121712089
v 0.00751221506 0.0296152104 -0.0123964446
v 0.00751346955 0.0295175854 -0.0126310857
v 0.00751475338 0.0294407811 -0.0128733404
v 0.00751605816 0.0293853842 -0.0131213684
v 0.00751737365 0.0293518156 -0.0133732799
v 0.00751868915 0.0293403286 -0.0136271603
v 0.00751999533 0.0293510146 -0.0138810705
v 0.00752128242 0.0293837897 -0.0141330874
v 0.0075225397 0.0294384044 -0.0143812895
v 0.00752375834 0.029514445 -0.0146237854
v 0.00752492901 0.0296113305 -0.0148587329
v 0.00752604287 0.0297283232 -0.0150843393
v 0.00752709061 0.0298645366 -0.0152988937
v 0.0075280657 0.0300189313 -0.0155007588
v 0.00752895931 0.03019033 -0.0156884026
v 0.00752976537 0.0303774327 -0.0158603899
v 0.00753047783 0.0305788126 -0.0160154179
v 0.00753109111 0.0307929385 -0.0161523037
v 0.00753160007 0.0310181789 -0.0162700098
v 0.00753200147 0.0312528238 -0.0163676348
v 0.00753229205 0.0314950794 -0.0164444372
v 0.00753246993 0.031743113 -0.0164998341
v 0.00753253279 0.0319950245 -0.0165334065
v 0.0075324811 0.0322489105 -0.0165448897
v 0.00753231486 0.0325028263 -0.0165342074
v 0.00753203547 0.0327548459 -0.0165014323
v 0.00753164524 0.0330030508 -0.0164468177
v 0.00753114652 0.0332455486 -0.0163707808
v 0.00753054395 0.0334804989 -0.0162738953
v 0.00752984127 0.03370611 -0.0161569025
v 0.00752904406 0.0339206681 -0.0160206929
v 0.00752815884 0.0341225341 -0.015866302
v 0.00752719166 0.034310177 -0.0156949051
v 0.0075261509 0.0344821699 -0.0155078042
v 0.0075250431 0.0346371979 -0.0153064281
v 0.00752387801 0.0347740874 -0.015092304
v 0.00752266357 0.0348917916 -0.0148670683
v 0.00752140954 0.0349894166 -0.0146324271
v 0.00752012525 0.0350662209 -0.0143901734
v 0.00751882046 0.0351216197 -0.0141421445
v 0.00751750544 0.0351551883 -0.0138902329
v 0.00751618994 0.0351666734 -0.0136363572
v 0.0075148833 0.0351559892 -0.0133824423
v 0.00751359668 0.0351232141 -0.0131304264
v 0.00751233939 0.0350685976 -0.0128822234
v 0.00751112029 0.034992557 -0.0126397284
v 0.00750995008 0.0348956734 -0.0124047799
v 0.00750883622 0.0347786769 -0.0121791735
v 0.00750681339 0.0344880708 -0.0117627541
v 0.00750591978 0.0343166739 -0.0115751112
v 0.00750511372 0.0341295674 -0.0114031229
v 0.00750440126 0.0339281894 -0.0112480959
v 0.00750378799 0.0337140635 -0.0111112082
v 0.00750327902 0.033488825 -0.010993504
v 0.00750287762 0.0332541801 -0.010895879
v 0.00750258705 0.0330119208 -0.0108190766
v 0.00750240916 0.0327638909 -0.0107636778
v 0.0075023463 0.0325119756 -0.010730111
v 0.00750239799 0.0322580934 -0.0107186241
v 0.00749333808 0.0320078172 -0.0107717868
v 0.00749361329 0.0317594819 -0.0108040804
v 0.00749399792 0.0315149054 -0.0108578969
v 0.0074944892 0.0312759504 -0.0109328218
v 0.00749508338 0.0310444366 -0.0110282917
v 0.00749577582 0.0308221225 -0.0111435726
v 0.00749656092 0.0306107029 -0.0112777911
v 0.00749743357 0.0304117855 -0.0114299245
v 0.00749838632 0.0302268863 -0.0115988189
v 0.00749941217 0.0300574098 -0.0117831817
v 0.00750050321 0.0299046468 -0.0119816158
v 0.00750165153 0.0297697578 -0.0121926088
v 0.00750284828 0.0296537746 -0.0124145513
v 0.00750408368 0.0295575764 -0.0126457633
v 0.00750534935 0.0294818953 -0.0128844762
v 0.00750663504 0.0294273067 -0.0131288785
v 0.00750793098 0.029394228 -0.0133771058
v 0.00750922738 0.0293829106 -0.0136272758
v 0.00751051446 0.0293934401 -0.0138774766
v 0.00751178246 0.0294257365 -0.0141258072
v 0.00751302158 0.0294795521 -0.01437038
v 0.00751422253 0.0295544807 -0.014609335
v 0.00751537597 0.0296499506 -0.0148408459
v 0.00751647353 0.0297652334 -0.0150631564
v 0.00751750637 0.0298994556 -0.0152745713
v 0.00751846656 0.0300515927 -0.0154734859
v 0.00751934759 0.0302204862 -0.0156583879
v 0.00752014201 0.0304048527 -0.0158278607
v 0.00752084376 0.0306032896 -0.0159806218
v 0.00752144773 0.0308142863 -0.0161155071
v 0.00752194971 0.0310362354 -0.0162314922
v 0.00752234505 0.0312674455 -0.0163276903
v 0.00752263144 0.0315061621 -0.0164033677
v 0.00752280653 0.0317505673 -0.0164579563
v 0.00752286892 0.031998802 -0.0164910369
v 0.0075228177 0.0322489738 -0.0165023543
v 0.00752265425 0.0324991792 -0.0164918266
v 0.00752237905 0.0327475145 -0.0164595302
v 0.00752199395 0.0329920873 -0.0164057147
v 0.00752150267 0.0332310423 -0.0163307898
v 0.00752090849 0.0334625579 -0.0162353218
v 0.00752021652 0.0336848721 -0.0161200389
v 0.00751943095 0.0338962935 -0.0159858204
v 0.00751855876 0.0340952091 -0.0158336852
v 0.00751760602 0.0342801102 -0.0156647954
v 0.0075165797 0.0344495848 -0.0154804289
v 0.00751548866 0.0346023478 -0.0152819948
v 0.00751434034 0.0347372368 -0.0150710056
v 0.00751314405 0.03485322 -0.0148490593
v 0.00751190819 0.0349494182 -0.014617851
v 0.00751064252 0.0350251012 -0.0143791335
v 0.00750935683 0.0350796878 -0.0141347321
v 0.00750806089 0.0351127647 -0.0138865039
v 0.00750676449 0.0351240821 -0.0136363385
v 0.00750547741 0.0351135544 -0.0133861341
v 0.00750420941 0.0350812599 -0.0131378034
v 0.00750297029 0.0350274444 -0.0128932307
v 0.00750176935 0.0349525139 -0.0126542794
v 0.0075006159 0.0348570459 -0.0124227647
v 0.0074995188 0.0347417593 -0.012200457
v 0.00749848597 0.0346075408 -0.0119890394
v 0.00749752531 0.0344554037 -0.0117901238
v 0.00749664474 0.0342865065 -0.0116052274
v 0.00749585032 0.0341021419 -0.0114357499
v 0.00749514811 0.0339037068 -0.0112829888
v 0.00749454414 0.0336927101 -0.0111481035
v 0.00749404263 0.033470761 -0.0110321213
v 0.00749364682 0.0332395472 -0.0109359212
v 0.00749336043 0.0330008306 -0.0108602419
v 0.00749318535 0.0327564254 -0.0108056543
v 0.00749312341 0.0325081944 -0.0107725766
v 0.00749317417 0.0322580226 -0.0107612554
v 0.00748043368 0.0320113711 -0.0108132996
v 0.00748070516 0.0317666344 -0.0108451257
v 0.00748108421 0.0315256044 -0.0108981617
v 0.00748156849 0.0312901102 -0.0109720044
v 0.00748215383 0.0310619511 -0.0110660866
v 0.00748283602 0.0308428612 -0.0111796996
v 0.00748361042 0.0306345057 -0.0113119744
v 0.00748447003 0.0304384716 -0.0114619043
v 0.0074854088 0.030256249 -0.0116283474
v 0.00748641975 0.0300892293 -0.0118100401
v 0.00748749543 0.0299386792 -0.0120055974
v 0.00748862699 0.0298057478 -0.0122135319
v 0.00748980604 0.0296914428 -0.0124322614
v 0.00749102421 0.0295966398 -0.0126601197
v 0.00749227125 0.0295220539 -0.0128953736
v 0.00749353832 0.0294682588 -0.0131362341
v 0.00749481516 0.0294356588 -0.0133808637
v 0.00749609293 0.0294245053 -0.013627409
v 0.0074973614 0.0294348821 -0.013873985
v 0.00749861123 0.0294667091 -0.0141187161
v 0.00749983219 0.0295197461 -0.0143597452
v 0.00750101591 0.0295935888 -0.0145952338
v 0.00750215258 0.0296876747 -0.0148233902
v 0.00750323385 0.0298012886 -0.0150424801
v 0.00750425179 0.0299335644 -0.0152508328
v 0.00750519847 0.0300834961 -0.015446865
v 0.00750606647 0.0302499421 -0.0156290829
v 0.00750684924 0.0304316394 -0.0157961044
v 0.00750754075 0.0306271985 -0.0159466527
v 0.00750813633 0.0308351368 -0.0160795804
v 0.00750863086 0.0310538672 -0.0161938854
v 0.00750902062 0.031281732 -0.0162886865
v 0.00750930281 0.0315169878 -0.0163632724
v 0.00750947511 0.0317578539 -0.0164170694
v 0.00750953658 0.0320024863 -0.0164496675
v 0.00750948628 0.0322490335 -0.0164608229
v 0.00750932517 0.0324956104 -0.0164504461
v 0.00750905368 0.0327403471 -0.0164186209
v 0.00750867464 0.0329813808 -0.016365584
v 0.00750819035 0.0332168713 -0.0162917413
v 0.00750760501 0.0334450305 -0.0161976591
v 0.00750692282 0.0336641222 -0.016084047
v 0.00750614889 0.0338724777 -0.015951775
v 0.00750528881 0.0340685137 -0.0158018451
v 0.00750435004 0.0342507325 -0.0156353991
v 0.00750333909 0.0344177522 -0.0154537065
v 0.00750226341 0.0345683023 -0.0152581492
v 0.00750113185 0.0347012356 -0.0150502147
v 0.0074999528 0.0348155387 -0.0148314843
v 0.0074987351 0.0349103436 -0.0146036269
v 0.00749748759 0.0349849276 -0.014368372
v 0.00749622053 0.0350387245 -0.0141275125
v 0.00749494368 0.0350713246 -0.013882882
v 0.00749366591 0.0350824781 -0.0136363404
v 0.00749239745 0.0350721031 -0.0133897616
v 0.00749114761 0.0350402743 -0.0131450295
v 0.00748992665 0.0349872373 -0.0129040005
v 0.00748874294 0.0349133946 -0.0126685118
v 0.00748760626 0.0348193087 -0.0124403564
v 0.00748652499 0.0347056948 -0.0122212665
v 0.00748550706 0.0345734172 -0.0120129129
v 0.00748456037 0.0344234854 -0.0118168816
v 0.00748369237 0.0342570394 -0.0116346627
v 0.0074829096 0.0340753458 -0.0114676449
v 0.00748221809 0.033879783 -0.0113170976
v 0.00748162251 0.0336718448 -0.0111841653
v 0.00748112798 0.0334531143 -0.0110698612
v 0.00748073822 0.0332252532 -0.0109750591
v 0.00748045603 0.0329899937 -0.0109004732
v 0.00748028373 0.0327491313 -0.0108466763
v 0.00748022227 0.0325044952 -0.0108140782
v 0.00748027256 0.0322579518 -0.0108029228
v 0.00746395066 0.0320148133 -0.0108535383
v 0.00746421795 0.0317735635 -0.0108849118
v 0.00746459188 0.0315359645 -0.0109371888
v 0.00746506872 0.0313038267 -0.0110099791
v 0.00746564614 0.0310789179 -0.0111027258
v 0.00746631855 0.0308629461 -0.0112147154
v 0.00746708177 0.0306575596 -0.0113451062
v 0.00746792927 0.0304643195 -0.0114928987
v 0.00746885454 0.0302846935 -0.0116569726
v 0.00746985152 0.0301200505 -0.0118360762
v 0.00747091137 0.0299716461 -0.0120288506
v 0.00747202709 0.0298406091 -0.0122338226
v 0.00747318938 0.0297279339 -0.0124494368
v 0.00747438986 0.0296344776 -0.0126740485
v 0.0074756192 0.0295609571 -0.0129059516
v 0.00747686811 0.0295079276 -0.0131433783
v 0.00747812726 0.0294757914 -0.0133845266
v 0.00747938687 0.0294647962 -0.0136275589
v 0.00748063717 0.0294750258 -0.0138706211
v 0.00748186884 0.0295064002 -0.014111869
v 0.00748307258 0.029558681 -0.0143494625
v 0.00748423953 0.0296314713 -0.0145815965
v 0.00748535991 0.029724218 -0.0148065053
v 0.00748642581 0.0298362132 -0.0150224715
v 0.00748742931 0.029966604 -0.0152278561
v 0.00748836249 0.0301144011 -0.0154210981
v 0.00748921791 0.030278476 -0.0156007204
v 0.00748998951 0.0304575842 -0.0157653615
v 0.00749067171 0.0306503568 -0.0159137622
v 0.00749125844 0.0308553334 -0.0160448011
v 0.00749174599 0.0310709495 -0.0161574762
v 0.00749213016 0.0312955678 -0.0162509289
v 0.00749240816 0.0315274745 -0.0163244512
v 0.00749257812 0.0317649059 -0.016377477
v 0.00749263866 0.0320060551 -0.0164096169
v 0.0074925893 0.0322490893 -0.0164206102
v 0.00749243051 0.0324921571 -0.0164103843
v 0.00749216275 0.0327334069 -0.0163790062
v 0.00749178929 0.0329710022 -0.0163267292
v 0.00749131199 0.0332031399 -0.0162539389
v 0.00749073457 0.0334280506 -0.0161611959
v 0.00749006215 0.0336440206 -0.0160492025
v 0.00748929894 0.0338494107 -0.0159188118
v 0.00748845143 0.034042649 -0.0157710202
v 0.00748752616 0.034222275 -0.0156069454
v 0.00748652918 0.0343869142 -0.0154278418
v 0.00748546934 0.0345353223 -0.0152350673
v 0.00748435361 0.0346663594 -0.0150300954
v 0.00748319132 0.0347790346 -0.0148144849
v 0.00748199085 0.0348724909 -0.0145898694
v 0.0074807615 0.0349460095 -0.0143579664
v 0.0074795126 0.0349990427 -0.0141205397
v 0.00747825345 0.0350311771 -0.0138793914
v 0.00747699384 0.0350421704 -0.0136363627
v 0.00747574354 0.0350319445 -0.0133932969
v 0.00747451186 0.0350005701 -0.0131520489
v 0.00747330813 0.0349482857 -0.0129144564
v 0.00747214118 0.0348754972 -0.0126823215
v 0.0074710208 0.0347827487 -0.0124574164
v 0.0074699549 0.0346707553 -0.0122414473
v 0.0074689514 0.0345403627 -0.0120360628
v 0.00746801822 0.0343925655 -0.0118428208
v 0.0074671628 0.0342284925 -0.0116631985
v 0.00746639119 0.0340493843 -0.0114985574
v 0.007465709 0.0338566117 -0.0113501558
v 0.00746512227 0.0336516351 -0.0112191178
v 0.00746463472 0.033436019 -0.0111064464
v 0.00746425055 0.0332114026 -0.01101299
v 0.00746397255 0.0329794958 -0.0109394677
v 0.00746380258 0.0327420644 -0.0108864401
v 0.00746374205 0.0325009152 -0.0108543057
v 0.00746379141 0.032257881 -0.0108433086
v 0.00744400546 0.0320181176 -0.0108921891
v 0.00744426949 0.0317802131 -0.0109231276
v 0.00744463783 0.031545911 -0.0109746847
v 0.00744510861 0.0313169956 -0.0110464627
v 0.00744567765 0.0310952049 -0.0111379176
v 0.00744634122 0.03088223 -0.0112483585
v 0.00744709326 0.0306796934 -0.0113769397
v 0.00744792912 0.0304891337 -0.0115226833
v 0.00744884182 0.0303119998 -0.0116844783
v 0.00744982483 0.0301496424 -0.0118610961
v 0.00745087024 0.0300032962 -0.0120511958
v 0.00745197013 0.0298740771 -0.0122533245
v 0.00745311659 0.0297629647 -0.0124659464
v 0.0074543003 0.0296708066 -0.0126874419
v 0.00745551242 0.029598305 -0.0129161282
v 0.00745674409 0.0295460094 -0.0131502636
v 0.00745798554 0.0295143221 -0.0133880628
v 0.00745922793 0.0295034796 -0.0136277238
v 0.007460461 0.0295135658 -0.0138674146
v 0.00746167544 0.0295445044 -0.0141053135
v 0.00746286241 0.0295960605 -0.0143396119
v 0.00746401306 0.0296678413 -0.0145685263
v 0.00746511808 0.029759299 -0.0147903115
v 0.00746616907 0.0298697408 -0.0150032826
v 0.0074671586 0.0299983248 -0.0152058192
v 0.00746807875 0.0301440693 -0.0153963789
v 0.00746892253 0.0303058699 -0.015573509
v 0.00746968342 0.0304824915 -0.0157358665
v 0.00747035583 0.030672593 -0.0158822108
v 0.00747093465 0.0308747217 -0.0160114262
v 0.00747141521 0.0310873464 -0.0161225405
v 0.00747179426 0.0313088484 -0.0162146948
v 0.00747206854 0.0315375365 -0.0162871983
v 0.00747223618 0.0317716748 -0.0163394902
v 0.00747229578 0.0320094787 -0.0163711812
v 0.00747224735 0.0322491415 -0.0163820237
v 0.00747209042 0.0324888341 -0.0163719375
v 0.00747182639 0.0327267386 -0.0163409989
v 0.00747145806 0.0329610407 -0.0162894465
v 0.00747098727 0.0331899561 -0.0162176639
v 0.00747041823 0.033411745 -0.0161262099
v 0.00746975513 0.0336247198 -0.0160157681
v 0.00746900262 0.0338272564 -0.0158871897
v 0.00746816676 0.0340178162 -0.015741447
v 0.00746725406 0.03419495 -0.0155796483
v 0.00746627152 0.0343573093 -0.0154030295
v 0.00746522611 0.0345036536 -0.0152129307
v 0.00746412575 0.0346328765 -0.0150108011
v 0.00746297976 0.034743987 -0.0147981793
v 0.00746179558 0.0348361433 -0.0145766847
v 0.00746058347 0.0349086449 -0.0143479975
v 0.00745935179 0.0349609405 -0.014113863
v 0.00745811034 0.0349926278 -0.0138760637
v 0.00745686842 0.0350034721 -0.0136364056
v 0.00745563535 0.034993384 -0.0133967111
v 0.00745442044 0.0349624455 -0.0131588131
v 0.00745323347 0.0349108912 -0.0129245147
v 0.00745208282 0.0348391086 -0.0126956003
v 0.00745097781 0.034747649 -0.0124738151
v 0.00744992681 0.034637209 -0.0122608431
v 0.00744893728 0.0345086269 -0.0120583074
v 0.00744801713 0.0343628824 -0.0118677476
v 0.00744717335 0.0342010818 -0.0116906175
v 0.00744641246 0.0340244584 -0.0115282638
v 0.00744574005 0.0338343568 -0.0113819195
v 0.00744516123 0.0336322263 -0.0112526994
v 0.00744468067 0.0334196016 -0.0111415861
v 0.00744430162 0.0331981033 -0.0110494317
v 0.00744402735 0.0329694152 -0.0109769311
v 0.00744385971 0.032735277 -0.0109246355
v 0.0074438001 0.0324974693 -0.0108929453
v 0.007443849 0.0322578102 -0.0108821029
v 0.00742075825 0.0320212543 -0.0109289642
v 0.00742101809 0.0317865312 -0.0109594874
v 0.00742138177 0.0315553658 -0.0110103516
v 0.00742184604 0.0313295126 -0.0110811731
v 0.00742240762 0.031110689 -0.0111714071
v 0.00742306234 0.0309005659 -0.0112803672
v 0.00742380461 0.0307007357 -0.0114072273
v 0.00742462883 0.0305127241 -0.0115510197
v 0.00742552942 0.0303379614 -0.011710654
v 0.00742649939 0.0301777758 -0.0118849101
v 0.00742753083 0.0300333872 -0.0120724645
v 0.00742861582 0.0299058966 -0.0122718913
v 0.00742974691 0.0297962707 -0.0124816652
v 0.00743091479 0.0297053456 -0.012700201
v 0.00743211107 0.0296338145 -0.0129258269
v 0.00743332598 0.0295822192 -0.0131568303
v 0.00743455114 0.0295509547 -0.0133914491
v 0.00743577629 0.0295402575 -0.0136279035
v 0.00743699307 0.0295502096 -0.0138643859
v 0.00743819168 0.0295807328 -0.0140991025
v 0.00743936282 0.0296315998 -0.014330267
v 0.00744049763 0.0297024213 -0.0145561211
v 0.00744158821 0.0297926553 -0.01477494
v 0.00744262524 0.02990162 -0.0149850622
v 0.00744360127 0.030028481 -0.0151848877
v 0.00744450931 0.0301722772 -0.0153728966
v 0.00744534144 0.0303319134 -0.0155476574
v 0.00744609255 0.0305061731 -0.015707843
v 0.00744675566 0.0306937303 -0.0158522278
v 0.00744732702 0.0308931582 -0.0159797184
v 0.00744780106 0.0311029367 -0.0160893444
v 0.00744817499 0.0313214734 -0.0161802694
v 0.00744844554 0.0315471031 -0.0162518006
v 0.00744861085 0.0317781083 -0.016303394
v 0.00744866999 0.0320127346 -0.0163346585
v 0.00744862156 0.0322491899 -0.0163453575
v 0.00744846696 0.0324856751 -0.0163354035
v 0.00744820666 0.0327203982 -0.0163048804
v 0.00744784297 0.0329515636 -0.0162540171
v 0.00744737871 0.0331774168 -0.0161831994
v 0.00744681712 0.0333962403 -0.0160929654
v 0.00744616287 0.0336063653 -0.0159840006
v 0.0074454206 0.0338061936 -0.0158571415
v 0.00744459592 0.0339942053 -0.015713349
v 0.00744369533 0.0341689698 -0.0155537147
v 0.00744272582 0.0343291536 -0.0153794587
v 0.00744169438 0.0344735421 -0.0151919043
v 0.00744060893 0.0346010327 -0.0149924811
v 0.0074394783 0.0347106606 -0.0147827026
v 0.00743830996 0.0348015837 -0.0145641705
v 0.00743711414 0.0348731168 -0.0143385408
v 0.00743589876 0.034924712 -0.0141075384
v 0.00743467407 0.0349559747 -0.0138729196
v 0.00743344845 0.0349666737 -0.0136364689
v 0.00743223215 0.0349567197 -0.0133999819
v 0.00743103353 0.0349261984 -0.0131652653
v 0.00742986239 0.0348753296 -0.0129341008
v 0.00742872711 0.0348045081 -0.0127082504
v 0.007427637 0.0347142741 -0.0124894287
v 0.00742659997 0.0346053094 -0.0122793093
v 0.00742562348 0.0344784483 -0.012079481
v 0.00742471591 0.0343346521 -0.0118914712
v 0.0074238833 0.034175016 -0.0117167104
v 0.00742313266 0.0340007581 -0.0115565257
v 0.00742246909 0.0338132009 -0.0114121409
v 0.00742189819 0.0336137712 -0.0112846494
v 0.00742142368 0.0334039927 -0.0111750271
v 0.00742105022 0.0331854559 -0.011084103
v 0.00742077921 0.0329598263 -0.0110125681
v 0.0074206139 0.032728821 -0.0109609747
v 0.00742055522 0.0324941985 -0.0109297102
v 0.00742060319 0.0322577432 -0.0109190112
v 0.00739438133 0.0320242047 -0.0109635796
v 0.00739463791 0.0317924768 -0.0109937117
v 0.00739499694 0.031564258 -0.0110439295
v 0.00739545561 0.0313412845 -0.0111138467
v 0.00739600975 0.0311252531 -0.0112029305
v 0.00739665609 0.0309178084 -0.011310501
v 0.00739738857 0.0307205282 -0.0114357416
v 0.00739820302 0.0305349156 -0.0115777003
v 0.00739909196 0.0303623807 -0.0117353005
v 0.00740004936 0.0302042384 -0.0119073326
v 0.0074010673 0.030061692 -0.0120924944
v 0.00740213878 0.0299358275 -0.012289376
v 0.00740325544 0.0298276003 -0.0124964779
v 0.00740440842 0.0297378339 -0.0127122253
v 0.00740558933 0.0296672154 -0.0129349725
v 0.00740678888 0.0296162777 -0.0131630301
v 0.0074079982 0.0295854118 -0.0133946575
v 0.00740920799 0.0295748506 -0.0136280945
v 0.00741040939 0.029584676 -0.0138615603
v 0.00741159217 0.0296148118 -0.0140932845
v 0.00741274841 0.0296650287 -0.0143215014
v 0.00741386926 0.0297349468 -0.0145444712
v 0.0074149454 0.0298240315 -0.0147605008
v 0.00741596939 0.0299316049 -0.0149679435
v 0.00741693331 0.0300568491 -0.0151652209
v 0.00741782924 0.0301988106 -0.0153508326
v 0.00741865113 0.030356409 -0.0155233666
v 0.00741939247 0.0305284467 -0.0156815071
v 0.00742004765 0.0307136104 -0.0158240516
v 0.0074206111 0.0309104957 -0.0159499142
v 0.00742107956 0.0311175995 -0.0160581414
v 0.00742144836 0.0313333496 -0.0161479078
v 0.00742171565 0.0315560997 -0.0162185244
v 0.0074218791 0.0317841582 -0.0162694622
v 0.00742193684 0.032015793 -0.0163003262
v 0.00742188934 0.0322492309 -0.0163108911
v 0.00742173661 0.0324827023 -0.0163010638
v 0.00742148003 0.0327144302 -0.0162709299
v 0.007421121 0.032942649 -0.016220713
v 0.00742066232 0.0331656225 -0.0161507986
v 0.00742010819 0.0333816521 -0.0160617158
v 0.00741946185 0.0335890986 -0.0159541424
v 0.00741872936 0.0337863788 -0.0158289019
v 0.00741791539 0.0339719914 -0.0156869423
v 0.00741702598 0.0341445245 -0.0155293457
v 0.00741606904 0.0343026668 -0.01535731
v 0.00741505064 0.034445215 -0.0151721481
v 0.00741397915 0.0345710777 -0.0149752665
v 0.0074128625 0.0346793085 -0.0147681646
v 0.00741170952 0.0347690731 -0.0145524172
v 0.0074105286 0.0348396935 -0.01432967
v 0.00740932906 0.0348906294 -0.0141016124
v 0.00740811974 0.0349214934 -0.013869985
v 0.00740690995 0.0349320583 -0.0136365509
v 0.00740570901 0.034922231 -0.0134030823
v 0.00740452576 0.0348920934 -0.013171358
v 0.00740336953 0.0348418765 -0.0129431412
v 0.00740224868 0.0347719602 -0.0127201714
v 0.00740117254 0.0346828774 -0.0125041418
v 0.00740014855 0.0345753022 -0.012296699
v 0.00739918463 0.0344500579 -0.0120994207
v 0.0073982887 0.0343080945 -0.0119138099
v 0.0073974668 0.0341504961 -0.0117412796
v 0.00739672547 0.0339784622 -0.0115831364
v 0.00739607075 0.0337932967 -0.0114405919
v 0.00739550684 0.0335964113 -0.0113147292
v 0.00739503838 0.0333893076 -0.011206504
v 0.00739466958 0.0331735574 -0.0111167394
v 0.00739440229 0.0329508074 -0.0110461181
v 0.00739423884 0.0327227451 -0.0109951803
v 0.0073941811 0.032491114 -0.0109643163
v 0.0073942286 0.0322576761 -0.0109537551
v 0.00736507494 0.0320269428 -0.0109957727
v 0.00736532873 0.0317979977 -0.0110255452
v 0.00736568356 0.0315725207 -0.0110751595
v 0.00736613665 0.0313522257 -0.0111442357
v 0.00736668427 0.031138787 -0.0112322466
v 0.00736732269 0.0309338327 -0.0113385282
v 0.00736804632 0.03073892 -0.0114622675
v 0.00736885099 0.0305555351 -0.0116025237
v 0.00736972922 0.0303850733 -0.0117582269
v 0.00737067498 0.030228829 -0.0119281942
v 0.00737168081 0.0300879944 -0.0121111348
v 0.00737273972 0.0299636405 -0.0123056537
v 0.00737384288 0.0298567116 -0.0125102689
v 0.00737498188 0.0297680236 -0.0127234217
v 0.00737614883 0.0296982527 -0.0129434997
v 0.00737733394 0.0296479277 -0.0131688165
v 0.00737852883 0.0296174325 -0.013397662
v 0.00737972418 0.029606998 -0.0136282975
v 0.00738091068 0.0296167042 -0.0138589619
v 0.00738207949 0.0296464786 -0.0140879024
v 0.00738322176 0.0296960939 -0.0143133802
v 0.0073843291 0.0297651701 -0.0145336743
v 0.00738539267 0.0298531856 -0.0147471093
v 0.00738640409 0.0299594682 -0.0149520617
v 0.00738735637 0.0300832093 -0.015146968
v 0.00738824159 0.0302234665 -0.0153303519
v 0.0073890537 0.0303791743 -0.0155008119
v 0.00738978619 0.0305491444 -0.0156570561
v 0.00739043299 0.0307320859 -0.015797887
v 0.00739098992 0.0309266075 -0.0159222409
v 0.00739145279 0.0311312247 -0.0160291698
v 0.0073918174 0.031344384 -0.016117854
v 0.00739208143 0.0315644629 -0.016187625
v 0.00739224255 0.0317897834 -0.0162379518
v 0.00739230029 0.0320186317 -0.0162684452
v 0.00739225326 0.0322492681 -0.0162788834
v 0.00739210239 0.0324799381 -0.0162691735
v 0.0073918486 0.0327088833 -0.016239401
v 0.00739149377 0.0329343602 -0.0161897875
v 0.00739104068 0.0331546552 -0.0161207113
v 0.00739049306 0.0333680958 -0.0160326995
v 0.00738985464 0.0335730501 -0.0159264188
v 0.00738913054 0.033767961 -0.0158026796
v 0.00738832634 0.0339513458 -0.0156624261
v 0.0073874481 0.0341218077 -0.0155067192
v 0.00738650234 0.0342780538 -0.0153367519
v 0.00738549605 0.0344188847 -0.0151538113
v 0.0073844376 0.0345432423 -0.0149592971
v 0.00738333445 0.0346501693 -0.0147546818
v 0.00738219544 0.0347388573 -0.0145415254
v 0.0073810285 0.0348086283 -0.0143214511
v 0.00737984339 0.0348589532 -0.0140961306
v 0.0073786485 0.0348894484 -0.0138672851
v 0.00737745315 0.034899883 -0.0136366524
v 0.00737626664 0.0348901786 -0.0134059852
v 0.00737509783 0.0348604023 -0.0131770438
v 0.0073739551 0.0348107889 -0.0129515696
v 0.00737284822 0.0347417109 -0.0127312727
v 0.00737178465 0.0346536934 -0.0125178415
v 0.00737077324 0.0345474146 -0.0123128891
v 0.00736982096 0.0344236717 -0.0121179791
v 0.00736893574 0.0342834145 -0.0119345952
v 0.00736812362 0.0341277085 -0.0117641352
v 0.00736739114 0.0339577384 -0.0116078947
v 0.00736674387 0.0337747931 -0.0114670601
v 0.00736618694 0.0335802734 -0.0113427052
v 0.00736572454 0.0333756581 -0.0112357773
v 0.00736535992 0.033162497 -0.011147093
v 0.00736509589 0.032942418 -0.0110773221
v 0.00736493478 0.0327170976 -0.0110269953
v 0.00736487703 0.0324882492 -0.010996501
v 0.00736492407 0.0322576128 -0.0109860674
v 0.00733306538 0.0320294499 -0.0110252975
v 0.00733331637 0.0318030566 -0.0110547384
v 0.00733366748 0.0315800905 -0.0111038024
v 0.00733411498 0.0313622467 -0.0111721074
v 0.00733465655 0.0311511829 -0.0112591423
v 0.00733528798 0.0309485104 -0.0113642393
v 0.00733600371 0.0307557713 -0.0114866002
v 0.00733679906 0.0305744279 -0.0116252908
v 0.00733766798 0.0304058641 -0.0117792618
v 0.00733860303 0.0302513596 -0.0119473394
v 0.00733959768 0.0301120933 -0.0121282404
v 0.00734064495 0.0299891215 -0.012320593
v 0.00734173553 0.0298833866 -0.0125229303
v 0.00734286197 0.0297956858 -0.0127337119
v 0.00734401587 0.0297266915 -0.0129513359
v 0.00734518794 0.0296769254 -0.0131741464
v 0.00734636933 0.0296467692 -0.0134004448
v 0.00734755117 0.029636452 -0.0136285108
v 0.00734872464 0.0296460502 -0.0138566075
v 0.00734988088 0.029675493 -0.0140829999
v 0.00735101011 0.0297245551 -0.0143059622
v 0.00735210488 0.0297928639 -0.0145238033
v 0.00735315681 0.0298798997 -0.0147348642
v 0.00735415705 0.0299849976 -0.0149375303
v 0.00735509861 0.0301073603 -0.0151302703
v 0.00735597406 0.0302460566 -0.0153116109
v 0.00735677732 0.0304000303 -0.0154801756
v 0.00735750142 0.030568108 -0.0156346764
v 0.00735814124 0.0307490118 -0.0157739408
v 0.00735869212 0.0309413671 -0.0158969089
v 0.0073591494 0.0311437063 -0.0160026457
v 0.00735951029 0.0313544944 -0.0160903465
v 0.00735977106 0.0315721184 -0.0161593426
v 0.00735993078 0.0317949317 -0.016209105
v 0.00735998759 0.0320212319 -0.0162392613
v 0.00735994102 0.0322493017 -0.0162495784
v 0.00735979155 0.0324774012 -0.0162399802
v 0.00735954056 0.0327037983 -0.0162105393
v 0.00735918991 0.0329267643 -0.0161614809
v 0.00735874195 0.0331446081 -0.0160931721
v 0.00735820038 0.0333556682 -0.0160061363
v 0.00735756941 0.0335583426 -0.0159010403
v 0.00735685322 0.0337510817 -0.0157786794
v 0.00735605787 0.0339324251 -0.0156399868
v 0.00735518942 0.0341009907 -0.0154860178
v 0.00735425437 0.0342554934 -0.0153179402
v 0.00735325925 0.0343947597 -0.0151370382
v 0.00735221244 0.0345177315 -0.0149446856
v 0.00735112187 0.0346234664 -0.0147423521
v 0.00734999496 0.0347111672 -0.0145315668
v 0.00734884152 0.0347801633 -0.0143139428
v 0.00734766945 0.0348299257 -0.0140911359
v 0.00734648807 0.034860082 -0.0138648376
v 0.00734530576 0.034870401 -0.0136367725
v 0.00734413229 0.034860801 -0.0134086749
v 0.00734297652 0.03483136 -0.0131822824
v 0.00734184682 0.0347822979 -0.0129593164
v 0.00734075205 0.034713991 -0.0127414754
v 0.00733970059 0.0346269533 -0.0125304181
v 0.00733870035 0.0345218554 -0.0123277484
v 0.00733775878 0.0343994945 -0.0121350084
v 0.00733688287 0.0342607982 -0.0119536677
v 0.00733608007 0.0341068245 -0.011785103
v 0.00733535597 0.0339387432 -0.0116306022
v 0.00733471615 0.0337578394 -0.0114913387
v 0.00733416528 0.0335654877 -0.0113683697
v 0.007333708 0.0333631448 -0.0112626338
v 0.00733334711 0.0331523605 -0.0111749331
v 0.00733308634 0.0329347327 -0.0111059407
v 0.00733292662 0.0327119231 -0.0110561736
v 0.00733286981 0.0324856192 -0.0110260174
v 0.00733291637 0.0322575532 -0.0110157002
v 0.00729859713 0.0320317075 -0.0110519333
v 0.0072988458 0.0318076089 -0.0110810753
v 0.00729919318 0.0315869041 -0.01112964
v 0.00729963649 0.0313712731 -0.0111972513
v 0.00730017247 0.0311623532 -0.0112834033
v 0.00730079738 0.030961737 -0.0113874348
v 0.00730150612 0.0307709519 -0.0115085542
v 0.00730229309 0.0305914488 -0.0116458405
v 0.00730315316 0.0304245949 -0.0117982486
v 0.0073040789 0.0302716587 -0.0119646192
v 0.00730506331 0.0301338043 -0.0121436864
v 0.00730609987 0.0300120842 -0.0123340851
v 0.00730717927 0.0299074184 -0.0125343679
v 0.00730829453 0.029820608 -0.012743012
v 0.00730943633 0.0297523141 -0.0129584279
v 0.00731059676 0.0297030546 -0.0131789744
v 0.00731176604 0.0296732038 -0.0134029789
v 0.00731293624 0.0296629909 -0.0136287306
v 0.0073140976 0.0296724923 -0.0138545111
v 0.00731524173 0.0297016371 -0.0140786078
v 0.00731636025 0.0297502 -0.0142993079
v 0.00731744384 0.0298178159 -0.0145149389
v 0.0073184846 0.0299039669 -0.0147238569
v 0.00731947506 0.0300079994 -0.0149244685
v 0.00732040685 0.0301291216 -0.0151152546
v 0.00732127344 0.0302664097 -0.015294753
v 0.00732206833 0.0304188207 -0.0154616088
v 0.00732278544 0.0305851921 -0.0156145431
v 0.00732341874 0.0307642631 -0.0157523956
v 0.00732396403 0.0309546646 -0.015874112
v 0.00732441666 0.0311549511 -0.0159787759
v 0.00732477335 0.031363599 -0.0160655882
v 0.00732503179 0.0315790176 -0.0161338802
v 0.00732518965 0.031799566 -0.0161831398
v 0.007325246 0.0320235714 -0.0162129905
v 0.0073251999 0.0322493277 -0.0162232034
v 0.00732505228 0.0324751139 -0.0162137039
v 0.00732480409 0.0326992124 -0.016184561
v 0.0073244567 0.0329199173 -0.0161359962
v 0.00732401339 0.0331355482 -0.0160683841
v 0.00732347742 0.03334447 -0.015982233
v 0.0073228525 0.033545088 -0.0158782024
v 0.00732214376 0.0337358713 -0.0157570858
v 0.0073213568 0.0339153744 -0.0156197995
v 0.00732049672 0.0340822265 -0.0154673913
v 0.00731957098 0.0342351645 -0.0153010171
v 0.00731858611 0.0343730189 -0.0151219536
v 0.00731755001 0.034494739 -0.0149315512
v 0.00731647015 0.0345994048 -0.0147312684
v 0.00731535535 0.0346862115 -0.0145226242
v 0.00731421309 0.0347545072 -0.0143072074
v 0.00731305312 0.0348037668 -0.0140866619
v 0.00731188338 0.0348336175 -0.0138626574
v 0.00731071364 0.0348438323 -0.0136369085
v 0.00730955182 0.034834329 -0.0134111252
v 0.00730840769 0.0348051861 -0.0131870285
v 0.00730728963 0.0347566195 -0.0129663274
v 0.00730620604 0.0346890055 -0.0127506973
v 0.00730516482 0.0346028544 -0.0125417793
v 0.00730417483 0.0344988219 -0.0123411678
v 0.00730324304 0.0343777016 -0.0121503854
v 0.00730237598 0.0342404135 -0.0119708832
v 0.00730158109 0.0340880044 -0.0118040312
v 0.00730086444 0.0339216292 -0.0116510969
v 0.00730023114 0.0337425619 -0.0115132444
v 0.00729968585 0.0335521586 -0.0113915233
v 0.00729923323 0.0333518721 -0.0112868594
v 0.00729887607 0.0331432223 -0.011200049
v 0.00729861762 0.0329278074 -0.011131756
v 0.00729845976 0.0327072553 -0.0110824956
v 0.00729840342 0.0324832499 -0.0110526457
v 0.00729844952 0.0322574936 -0.0110424319
v 0.0072619305 0.0320336968 -0.0110754725
v 0.00726217637 0.0318116285 -0.0111043537
v 0.00726252049 0.0315929204 -0.0111524779
v 0.00726296008 0.0313792378 -0.0112194782
v 0.00726349093 0.0311722066 -0.0113048507
v 0.00726411026 0.0309734084 -0.0114079379
v 0.00726481248 0.030784348 -0.0115279611
v 0.00726559246 0.0306064691 -0.0116640059
v 0.00726644462 0.030441124 -0.0118150348
v 0.00721266726 0.0302454326 -0.0119431335
v 0.007268338 0.0301529653 -0.0121573471
v 0.00726936478 0.030032346 -0.0123460228
v 0.00727043487 0.0299286284 -0.0125444969
v 0.00727153989 0.0298426021 -0.0127512533
v 0.00727267144 0.0297749266 -0.012964719
v 0.00727382116 0.0297261123 -0.0131832724
v 0.00727498019 0.0296965316 -0.0134052467
v 0.00727613922 0.0296864118 -0.0136289578
v 0.00727729034 0.0296958275 -0.0138526959
v 0.00722398143 0.0296679474 -0.0140850237
v 0.0072795325 0.0297728311 -0.0142934695
v 0.00728060631 0.0298398361 -0.0145071512
v 0.00728163775 0.0299252067 -0.0147141749
v 0.0072826189 0.0300282985 -0.014912975
v 0.00728354231 0.0301483236 -0.0151020307
v 0.00728440145 0.0302843712 -0.0152799096
v 0.00728518888 0.0304354019 -0.015445251
v 0.00723161688 0.0305631924 -0.015641205
v 0.00728652719 0.0307777189 -0.0157334059
v 0.00728706736 0.0309663992 -0.0158540253
v 0.00728751579 0.0311648734 -0.0159577448
v 0.0072878697 0.0313716345 -0.0160437673
v 0.00728812581 0.031585101 -0.0161114447
v 0.00728828227 0.0318036564 -0.016160259
v 0.00728833769 0.0320256352 -0.0161898378
v 0.00728829252 0.0322493501 -0.0161999576
v 0.00728814583 0.032473091 -0.0161905438
v 0.00728789996 0.032695163 -0.0161616653
v 0.00728755584 0.0329138711 -0.016113542
v 0.00728711626 0.0331275538 -0.0160465389
v 0.00728658494 0.033334583 -0.0159611702
v 0.0072316993 0.033562135 -0.0159082487
v 0.00728526386 0.0337224416 -0.0157380551
v 0.00728448341 0.0339003205 -0.0156020103
v 0.00728363171 0.0340656675 -0.0154509814
v 0.00728271436 0.0342172198 -0.0152861178
v 0.00728173833 0.0343538262 -0.0151086692
v 0.00728071155 0.0344744474 -0.0149199935
v 0.00727964146 0.0345781632 -0.0147215193
v 0.00727853645 0.0346641876 -0.0145147666
v 0.00727740489 0.0347318649 -0.0143012973
v 0.00727625517 0.0347806774 -0.0140827438
v 0.00727509614 0.0348102599 -0.0138607696
v 0.00727393664 0.0348203778 -0.0136370622
v 0.007272786 0.034810964 -0.0134133203
v 0.00727165211 0.0347820856 -0.0131912539
v 0.00727054384 0.0347339585 -0.0129725467
v 0.00726947002 0.0346669555 -0.0127588687
v 0.00726843858 0.034581583 -0.0125518413
v 0.00726745743 0.034478493 -0.0123530412
v 0.00726653356 0.0343584679 -0.0121639855
v 0.00726567488 0.0342224203 -0.0119861104
v 0.00721013639 0.0341121219 -0.0117803272
v 0.00726417685 0.0339065194 -0.0116692148
v 0.00726354914 0.0337290727 -0.0115326094
v 0.00726300897 0.0335403904 -0.01141199
v 0.00726256007 0.0333419144 -0.0113082752
v 0.00726220664 0.0331351571 -0.0112222498
v 0.00720714172 0.0329365917 -0.0110992324
v 0.00726179406 0.0327031314 -0.0111057609
v 0.00726173818 0.0324811526 -0.0110761784
v 0.00726178382 0.0322574414 -0.0110660577
v 0.00717380131 0.0320300274 -0.011034268
v 0.00722358702 0.0318150781 -0.011124392
v 0.00722392835 0.0315980874 -0.0111721391
v 0.00722436421 0.0313860774 -0.011238616
v 0.00722489133 0.0311806742 -0.011323317
v 0.00717601692 0.0309524704 -0.0113721723
v 0.00717674196 0.0307603478 -0.0114941755
v 0.00717752334 0.0305795632 -0.0116324211
v 0.00722782174 0.0304553267 -0.0118294982
v 0.00718031684 0.0301186871 -0.0121338125
v 0.00723071909 0.0300497543 -0.0123563232
v 0.00723178033 0.0299468525 -0.0125532374
v 0.00723287696 0.0298615023 -0.0127583714
v 0.00718471734 0.0297344979 -0.0129543394
v 0.00723514007 0.0297459252 -0.0131870015
v 0.00723629026 0.0297165774 -0.0134072332
v 0.00723744044 0.0297065359 -0.0136291897
v 0.00723858224 0.029715877 -0.0138511732
v 0.00719169388 0.029732408 -0.0143047338
v 0.00719278539 0.0298005026 -0.0145218922
v 0.00719382614 0.0298872571 -0.0147322975
v 0.00724386936 0.0300457403 -0.0149031328
v 0.00724478532 0.0301648248 -0.015090704
v 0.00724563748 0.0302998032 -0.0152671849
v 0.00724641886 0.0304496493 -0.0154312318
v 0.00719879474 0.0307536777 -0.0157681201
v 0.00724828243 0.0309764799 -0.0158367995
v 0.0072487276 0.0311733969 -0.0159396995
v 0.00720016658 0.0313572846 -0.0160835031
v 0.0072493325 0.0315903313 -0.0160921961
v 0.00724948803 0.0318071693 -0.0161406267
v 0.00724954298 0.0320274085 -0.0161699764
v 0.00724949781 0.032249365 -0.0161800161
v 0.0072004362 0.0324766897 -0.0162326787
v 0.00724910852 0.0326916799 -0.0161420237
v 0.00724876719 0.0329086706 -0.0160942767
v 0.00719939731 0.0331418067 -0.0160862934
v 0.0072478042 0.0333260819 -0.0159430988
v 0.00719752535 0.0337463692 -0.0157727506
v 0.00719672162 0.0339271538 -0.0156345032
v 0.00719585549 0.0340951867 -0.0154810119
v 0.00724396342 0.0342017934 -0.0152733438
v 0.00724299531 0.0343373269 -0.0150972903
v 0.00724197645 0.0344570018 -0.0149100963
v 0.00724091521 0.0345599055 -0.0147131784
v 0.00723981857 0.0346452557 -0.0145080443
v 0.00723869586 0.0347124003 -0.0142962551
v 0.00723755546 0.0347608328 -0.014079418
v 0.00718718115 0.0348518714 -0.0138648767
v 0.00723525509 0.0348002203 -0.0136372298
v 0.00723411329 0.0347908773 -0.0134152425
v 0.00723298825 0.034762226 -0.0131949196
v 0.00723188883 0.034714479 -0.012977927
v 0.00723082339 0.0346480012 -0.0127659263
v 0.00722979987 0.0345632993 -0.012560524
v 0.00722882664 0.034461014 -0.0123632867
v 0.00722791022 0.0343419313 -0.0121757109
v 0.00722705806 0.0342069529 -0.0119992308
v 0.0071760877 0.0339333639 -0.0116376486
v 0.00722494908 0.0337174758 -0.0115492903
v 0.0072244131 0.0335302763 -0.0114296153
v 0.00722396793 0.0333333611 -0.0113267154
v 0.00722361682 0.0331282243 -0.0112413662
v 0.00717366254 0.032710366 -0.0110650361
v 0.00722315256 0.0324793495 -0.0110964393
v 0.00722319772 0.032257393 -0.0110863997
v 0.00713945227 0.0318065397 -0.0110764243
v 0.00713979267 0.0315853544 -0.01112507
v 0.00714024436 0.0313692689 -0.0111928601
v 0.00718466658 0.0311876889 -0.0113386642
v 0.00714377267 0.0304205772 -0.0117951687
v 0.00718848221 0.0303177163 -0.0120040281
v 0.00714672171 0.0300071798 -0.0123321582
v 0.00719151087 0.0299619511 -0.012560525
v 0.00719260005 0.0298771616 -0.0127643105
v 0.00715122838 0.0296974946 -0.0131788645
v 0.00715239672 0.0296675824 -0.0134033496
v 0.00715357298 0.0296573509 -0.0136295892
v 0.00715473341 0.0296668764 -0.013855854
v 0.00719938567 0.0297609568 -0.0140688354
v 0.00716012204 0.0300031211 -0.0149281118
v 0.00716105616 0.030124506 -0.0151193002
v 0.00716192834 0.0302620959 -0.0152991824
v 0.00720605347 0.0304614529 -0.0154196564
v 0.00720675336 0.0306239557 -0.0155690312
v 0.00716462033 0.0309518371 -0.0158797819
v 0.00716507062 0.0311525501 -0.0159846842
v 0.00716569833 0.0315775461 -0.0161400717
v 0.00716585666 0.0317985676 -0.0161894411
v 0.00716590555 0.0320230536 -0.0162193701
v 0.0072091124 0.0322493725 -0.0161635354
v 0.00716546224 0.0327001475 -0.0161908753
v 0.00720838597 0.0329043604 -0.0160783548
v 0.00716413651 0.0333467834 -0.0159880854
v 0.00720681902 0.033514984 -0.0158265568
v 0.00716022169 0.0342393778 -0.0153053934
v 0.00715923868 0.034377519 -0.0151259312
v 0.00715819281 0.0344995148 -0.0149351349
v 0.00715711061 0.0346044004 -0.0147344163
v 0.00715599675 0.0346913785 -0.0145253176
v 0.00719838077 0.0346962661 -0.0142921163
v 0.00719724782 0.0347443782 -0.0140767014
v 0.00715134526 0.0348493271 -0.0136376955
v 0.0071501811 0.0348398052 -0.0134114278
v 0.00714903092 0.0348105952 -0.0131868506
v 0.00714791007 0.0347619243 -0.0129656726
v 0.00714682043 0.0346941724 -0.012749576
v 0.00714578107 0.0346078202 -0.0125402184
v 0.00714479247 0.0345035568 -0.0123391775
v 0.00714385835 0.0343821757 -0.0121479817
v 0.00718681933 0.0341941342 -0.0120101469
v 0.00718604308 0.0340452679 -0.0118471785
v 0.00714084413 0.0337456465 -0.0115095014
v 0.00714028999 0.0335548446 -0.0113875
v 0.00713983271 0.0333541296 -0.0112826088
v 0.00713947881 0.0331450254 -0.0111956215
v 0.00718314806 0.0329120643 -0.0111905439
v 0.00713900151 0.0324836336 -0.0110478997
v 0.00718298415 0.0322573483 -0.0111033004
v 0.00714159571 0.0320379212 -0.0111258635
v 0.00710514514 0.0311639737 -0.0112881605
v 0.00714373309 0.0309982616 -0.0114518572
v 0.0071444218 0.03081288 -0.0115695475
v 0.00714518689 0.0306384638 -0.0117029445
v 0.0071090525 0.0302747246 -0.0119683165
v 0.00714787841 0.0301937852 -0.0121866846
v 0.00711214449 0.0299110673 -0.0125371609
v 0.0071510179 0.0298894625 -0.0127690341
v 0.00715212757 0.0298231021 -0.0129783442
v 0.00712019438 0.029705625 -0.0140789319
v 0.00715885498 0.0298210476 -0.0142812412
v 0.0071599083 0.0298867486 -0.0144907637
v 0.00716091972 0.0299704578 -0.0146937612
v 0.00712700607 0.0304216743 -0.0154597294
v 0.0071650981 0.030632386 -0.0155592123
v 0.0071657137 0.0308063813 -0.0156931598
v 0.00716703013 0.0313887373 -0.0159974787
v 0.00713013625 0.0322492793 -0.016220076
v 0.00716730114 0.032468766 -0.0161414016
v 0.00712939771 0.0329187997 -0.0161329936
v 0.00716629159 0.0331104919 -0.0160001963
v 0.00712778885 0.0335429795 -0.0158756282
v 0.00716447504 0.0336938053 -0.0156977177
v 0.00716370996 0.0338682197 -0.0155643197
v 0.00716287456 0.0340303481 -0.0154162291
v 0.00711917039 0.0347504318 -0.0143071096
v 0.00715564191 0.0347314477 -0.0140746161
v 0.00715450523 0.0347604528 -0.0138569586
v 0.00710734865 0.0342371427 -0.0119745117
v 0.00714449491 0.0340359583 -0.0118566509
v 0.00714379828 0.0338742994 -0.0117080528
v 0.00710359262 0.0329266191 -0.0111367293
v 0.00714146206 0.0326943286 -0.0111555578
v 0.00710342871 0.0322573707 -0.011047571
v 0.00706720632 0.032032501 -0.0110637387
v 0.00706745731 0.0318093263 -0.0110927783
v 0.00706779584 0.031589523 -0.0111411093
v 0.00710006617 0.0313993916 -0.0112761604
v 0.00706939725 0.0309669245 -0.0113978619
v 0.00707010319 0.030776931 -0.0115184942
v 0.0070708869 0.0305981617 -0.0116552077
v 0.00710347062 0.0304829832 -0.011857938
v 0.00707364595 0.0301424116 -0.0121510187
v 0.0071063228 0.0300836619 -0.0123766437
v 0.00707686367 0.0298304968 -0.012747881
v 0.00707800081 0.029762486 -0.0129624112
v 0.00707915658 0.0297134314 -0.0131820561
v 0.0070803212 0.0296837091 -0.0134051368
v 0.00708148628 0.0296735335 -0.0136299608
v 0.00711406535 0.0297549292 -0.0138484575
v 0.00708489586 0.0297603905 -0.0142977852
v 0.00708597526 0.0298277307 -0.0145125287
v 0.00708701182 0.0299135372 -0.0147205815
v 0.00708799809 0.0300171301 -0.0149203734
v 0.00708892616 0.0301377513 -0.01511038
v 0.00712101161 0.0303298552 -0.0152426474
v 0.00709129497 0.0305919666 -0.0156075973
v 0.00709192548 0.0307702925 -0.0157448966
v 0.00709246472 0.0309599098 -0.0158661213
v 0.00709291967 0.0311593805 -0.0159703456
v 0.00709327869 0.0313671827 -0.016056763
v 0.00709353248 0.0315817073 -0.016124798
v 0.0070936894 0.0318013467 -0.0161738731
v 0.00712485705 0.0320308357 -0.016131524
v 0.00709354877 0.0324741229 -0.016204305
v 0.0071244291 0.0326848701 -0.0161040016
v 0.0070925178 0.0331318453 -0.0160595793
v 0.00712314481 0.0333094969 -0.0159081463
v 0.00709065562 0.0337296873 -0.0157495309
v 0.00708987191 0.0339084603 -0.015612822
v 0.00708901556 0.034074638 -0.0154610416
v 0.00708809355 0.0342269354 -0.0152953453
v 0.00708711287 0.0343642123 -0.015117011
v 0.00708608096 0.0344854444 -0.0149273966
v 0.00708500575 0.0345896706 -0.0147279371
v 0.00711528258 0.034608338 -0.014495207
v 0.00708160223 0.0347931869 -0.0140859736
v 0.00708043762 0.034822911 -0.0138628893
v 0.00707927253 0.0348330885 -0.013638068
v 0.00707811583 0.0348236337 -0.0134132123
v 0.00707697636 0.0347946063 -0.0131900357
v 0.00707586296 0.0347462296 -0.0129702408
v 0.00707478356 0.0346788839 -0.0127555011
v 0.00707375072 0.0345930904 -0.0125474408
v 0.00707276072 0.0344894938 -0.0123476489
v 0.0071035577 0.0343096927 -0.0121988142
v 0.0070701777 0.0340803489 -0.0118127242
v 0.00706946384 0.0339146592 -0.0116604203
v 0.00706883334 0.0337363295 -0.0115231322
v 0.00706829038 0.0335467048 -0.011401915
v 0.00706783915 0.0333472379 -0.0112976842
v 0.00709933043 0.0331146829 -0.0112788677
v 0.00706706941 0.0327052698 -0.0110941557
v 0.00709887315 0.0324758142 -0.011136177
v 0.00705684675 0.0314013101 -0.0112817399
v 0.00705736456 0.0311995316 -0.0113649443
v 0.00706024328 0.0304869842 -0.0118621942
v 0.00706113735 0.0303392746 -0.0120228808
v 0.0070630894 0.0300885681 -0.0123797208
v 0.00706413202 0.0299874805 -0.0125731584
v 0.00707081379 0.0297605824 -0.0138481902
v 0.00707191927 0.0297887307 -0.0140646305
v 0.0070777447 0.0303342044 -0.0152392164
v 0.00707851211 0.0304814056 -0.0154003678
v 0.00708158128 0.03203132 -0.0161260739
v 0.00708153704 0.0322493613 -0.0161359403
v 0.00708115427 0.0326838717 -0.0160986166
v 0.00708081899 0.0328970328 -0.0160517134
v 0.00707987323 0.0333070792 -0.0159032028
v 0.00707926974 0.033500839 -0.0158027299
v 0.0070720287 0.0346029736 -0.0144934729
v 0.00707092555 0.0346689336 -0.0142854182
v 0.0070603299 0.0343050025 -0.0122022973
v 0.0070594931 0.0341724046 -0.0120289316
v 0.0070561124 0.0331127122 -0.0112844408
v 0.00705586281 0.032904651 -0.011218477
v 0.00705565605 0.032475289 -0.0111420732
v 0.00705570076 0.0322572477 -0.0111322068
v 0.00701227505 0.032039322 -0.0111435056
v 0.00701251486 0.0318230465 -0.0111716287
v 0.00701285014 0.0316100456 -0.0112184994
v 0.00701327808 0.0314019397 -0.0112837534
v 0.00701379543 0.0312003121 -0.0113668954
v 0.00701439846 0.0310066994 -0.0114672948
v 0.00701508205 0.0308225751 -0.0115841851
v 0.00701584201 0.0306493379 -0.0117166797
v 0.00701667182 0.0304883067 -0.0118637662
v 0.00701756543 0.0303407107 -0.01202433
v 0.00701851537 0.0302076694 -0.0121971462
v 0.00701951561 0.0300901961 -0.0123808989
v 0.00702055776 0.0299891848 -0.0125741912
v 0.00702163391 0.0299054049 -0.0127755534
v 0.00702273613 0.0298394952 -0.0129834488
v 0.00702385558 0.0297919549 -0.0131962979
v 0.00702498434 0.0297631454 -0.0134124802
v 0.00702611357 0.0297532883 -0.0136303538
v 0.00702723442 0.0297624581 -0.0138482545
v 0.0070283385 0.0297905859 -0.0140645271
v 0.0070294179 0.0298374556 -0.0142775252
v 0.00703046378 0.0299027096 -0.0144856274
v 0.00703146821 0.0299858544 -0.0146872532
v 0.00703242375 0.0300862547 -0.0148808639
v 0.0070333234 0.0302031487 -0.0150649855
v 0.00703415973 0.0303356443 -0.0152382217
v 0.00703492714 0.0304827336 -0.0153992502
v 0.00703561865 0.0306433011 -0.0155468443
v 0.00703623006 0.0308161192 -0.0156798847
v 0.00703675626 0.0309998747 -0.0157973561
v 0.00703719305 0.0311931688 -0.0158983655
v 0.00703753764 0.0313945338 -0.0159821473
v 0.00703778723 0.0316024348 -0.0160480551
v 0.0070379395 0.031815283 -0.0160955973
v 0.00703799352 0.0320314728 -0.0161244068
v 0.00703794928 0.0322493464 -0.0161342621
v 0.00703780679 0.0324672498 -0.016125096
v 0.00703756697 0.0326835252 -0.0160969682
v 0.0070372317 0.0328965262 -0.0160500985
v 0.00703680422 0.033104632 -0.0159848481
v 0.00703628641 0.0333062597 -0.0159017015
v 0.00703568384 0.0334998742 -0.0158013031
v 0.00703499978 0.0336839966 -0.0156844128
v 0.00703423982 0.0338572338 -0.0155519173
v 0.00703341002 0.0340182632 -0.0154048307
v 0.00703251688 0.0341658592 -0.0152442669
v 0.00703156646 0.0342989042 -0.0150714507
v 0.00703056622 0.0344163775 -0.0148876989
v 0.00702952407 0.0345173888 -0.0146944057
v 0.00702844793 0.0346011668 -0.0144930435
v 0.00702734571 0.0346670784 -0.0142851481
v 0.00702622626 0.0347146168 -0.0140722999
v 0.0070250975 0.0347434245 -0.0138561167
v 0.00702396827 0.0347532816 -0.0136382468
v 0.00702284742 0.0347441137 -0.0134203425
v 0.00702174334 0.0347159877 -0.0132040698
v 0.00702066394 0.0346691161 -0.0129910726
v 0.00701961806 0.034603864 -0.0127829704
v 0.00701861363 0.0345207192 -0.0125813438
v 0.00701765809 0.0344203189 -0.0123877339
v 0.00701675843 0.034303423 -0.0122036114
v 0.00701592211 0.0341709256 -0.0120303761
v 0.00701515516 0.0340238363 -0.0118693477
v 0.00701446319 0.0338632725 -0.0117217526
v 0.00701385178 0.0336904526 -0.0115887122
v 0.00701332558 0.0335066989 -0.0114712408
v 0.00701288879 0.033313401 -0.0113702314
v 0.0070125442 0.0331120379 -0.0112864533
v 0.00701229507 0.0329041407 -0.0112205418
v 0.00701214233 0.0326912887 -0.0111729996
v 0.00701208832 0.032475099 -0.0111441938
v 0.00701213256 0.0322572254 -0.0111343358
v 0.00754623301 -0.0353359543 -0.0120144524
v 0.00754509028 -0.0352011509 -0.0118045313
v 0.00754330028 -0.0351654924 -0.0118295904
v 0.00754394988 -0.0350414999 -0.0115971537
v 0.00754217664 -0.0350081623 -0.0116252257
v 0.00754287792 -0.0348643847 -0.0114044761
v 0.00754112005 -0.0348336175 -0.0114353504
v 0.00754188187 -0.0346711464 -0.01122797
v 0.0075401389 -0.0346431881 -0.0112614064
v 0.00754097011 -0.0344632603 -0.0110689774
v 0.00753924018 -0.0344383232 -0.0111047253
v 0.00754014961 -0.0342423096 -0.0109287091
v 0.00753843132 -0.03422058 -0.01096649
v 0.00753942598 -0.0340099744 -0.0108082285
v 0.0075377184 -0.0339916237 -0.0108477622
v 0.00753880525 -0.0337680243 -0.0107084578
v 0.00753710652 -0.0337531827 -0.0107494425
v 0.00753829163 -0.0335182995 -0.0106301522
v 0.00753660081 -0.0335070863 -0.010672275
v 0.00753788976 -0.0332626961 -0.0105739133
v 0.00753620453 -0.0332551971 -0.0106168501
v 0.00753760198 -0.0330031626 -0.0105401622
v 0.00753592094 -0.0329994373 -0.0105835889
v 0.00753743062 -0.0327416807 -0.0105291577
v 0.00753575237 -0.0327417478 -0.0105727445
v 0.00753737753 -0.0324802287 -0.0105409883
v 0.00753569975 -0.0324840993 -0.0105844019
v 0.00753744273 -0.0322208069 -0.0105755581
v 0.00753576402 -0.03222844 -0.0106184706
v 0.00753762526 -0.0319653861 -0.0106326034
v 0.00753594423 -0.0319767296 -0.0106746908
v 0.00753792468 -0.0317159034 -0.0107116969
v 0.00753623899 -0.0317308754 -0.0107526341
v 0.00753833819 -0.0314742699 -0.0108122313
v 0.00753664644 -0.0314927511 -0.0108517073
v 0.00753886253 -0.0312423147 -0.0109334448
v 0.00753716333 -0.0312641636 -0.0109711569
v 0.00753949396 -0.0310218055 -0.0110744098
v 0.00753778545 -0.0310468599 -0.0111100785
v 0.00754022738 -0.0308144242 -0.0112340581
v 0.00753850816 -0.0308424886 -0.0112674059
v 0.00754105765 -0.0306217484 -0.0114111733
v 0.00753932633 -0.0306526106 -0.0114419498
v 0.00754197827 -0.0304452404 -0.0116044087
v 0.00754023343 -0.0304786675 -0.0116323754
v 0.00754298177 -0.0302862432 -0.0118122902
v 0.0075412225 -0.0303219799 -0.0118372357
v 0.00754406117 -0.0301459692 -0.0120332362
v 0.00754228607 -0.0301837455 -0.0120549751
v 0.00754520809 -0.0300254915 -0.0122655686
v 0.00754341623 -0.0300650168 -0.0122839333
v 0.00754641369 -0.0299257189 -0.0125075206
v 0.0075446046 -0.0299666915 -0.0125223706
v 0.00754766865 -0.0298474114 -0.0127572427
v 0.00754584139 -0.0298895221 -0.012768466
v 0.00754896365 -0.029791167 -0.0130128423
v 0.0075471173 -0.0298340954 -0.0130203506
v 0.00755028846 -0.0297574159 -0.0132723702
v 0.00754842348 -0.029800836 -0.0132761076
v 0.00755163375 -0.0297464132 -0.0135338511
v 0.00754974876 -0.0297899917 -0.0135337925
v 0.00755298883 -0.0297582392 -0.0137952967
v 0.00755108427 -0.0298016481 -0.0137914382
v 0.00755434297 -0.0297928099 -0.0140547166
v 0.00755241886 -0.029835714 -0.014047089
v 0.00755568687 -0.029849859 -0.0143101336
v 0.0075537432 -0.0298919342 -0.0142988004
v 0.00755700935 -0.0299289525 -0.0145596117
v 0.00755504612 -0.0299698785 -0.0145446518
v 0.00755830063 -0.0300294887 -0.0148012433
v 0.00755631877 -0.0300689563 -0.0147827733
v 0.00755955139 -0.0301506985 -0.0150331948
v 0.00755755138 -0.0301884059 -0.0150113562
v 0.0075607514 -0.0302916691 -0.0152536966
v 0.00755873369 -0.0303273257 -0.0152286571
v 0.00756189181 -0.0304513182 -0.0154610788
v 0.0075598578 -0.0304846577 -0.0154330218
v 0.00756296376 -0.0306284372 -0.0156537518
v 0.00756091438 -0.0306592006 -0.0156229017
v 0.00756395934 -0.0308216698 -0.0158302579
v 0.00756189553 -0.0308496282 -0.0157968421
v 0.00756487111 -0.0310295541 -0.0159892514
v 0.00756279426 -0.0310544949 -0.0159535259
v 0.00756569207 -0.0312505066 -0.0161295198
v 0.00756360311 -0.0312722363 -0.0160917584
v 0.0075664157 -0.0314828418 -0.0162499994
v 0.00756431604 -0.0315011963 -0.0162104852
v 0.00756670628 -0.0315900557 -0.016297264
v 0.00756492792 -0.0317396335 -0.0163088087
v 0.00756727252 -0.031832274 -0.0163864139
v 0.00756543363 -0.0319857337 -0.0163859762
v 0.00756773259 -0.0320812576 -0.0164544098
v 0.0075658299 -0.0322376192 -0.0164413974
v 0.00756808277 -0.0323351622 -0.0165007561
v 0.00756611349 -0.0324933827 -0.0164746586
v 0.00756832073 -0.0325921141 -0.0165251046
v 0.00756628206 -0.0327510685 -0.0164855029
v 0.00756844506 -0.0328502059 -0.0165272783
v 0.00756633468 -0.0330087207 -0.0164738465
v 0.0075684539 -0.0331075266 -0.0165072586
v 0.00756627042 -0.0332643762 -0.0164397769
v 0.0075683482 -0.0333621763 -0.0164651982
v 0.00756609021 -0.0335160866 -0.0163835604
v 0.00756812794 -0.0336122736 -0.0164014027
v 0.00756579544 -0.0337619409 -0.0163056161
v 0.00756779546 -0.033855956 -0.0163163505
v 0.00756538799 -0.0340000689 -0.0162065402
v 0.00756735308 -0.0340914279 -0.0162106678
v 0.00756487111 -0.0342286527 -0.0160870906
v 0.0075668036 -0.0343169458 -0.0160851311
v 0.00756424898 -0.0344459563 -0.0159481727
v 0.00756615121 -0.0345308371 -0.0159406792
v 0.00756352628 -0.0346503295 -0.0157908425
v 0.00756540103 -0.0347315185 -0.0157783777
v 0.00756270811 -0.0348402075 -0.0156163014
v 0.00756455818 -0.034917511 -0.015599425
v 0.007561801 -0.0350141525 -0.0154258721
v 0.00756362965 -0.0350874253 -0.0154051529
v 0.00756081194 -0.0351708382 -0.0152210118
v 0.0075626215 -0.0352400169 -0.0151969912
v 0.0075597479 -0.0353090726 -0.0150032723
v 0.00756154209 -0.0353741534 -0.0149764838
v 0.00755861774 -0.035427805 -0.0147743141
v 0.00756039843 -0.0354888365 -0.0147452634
v 0.00755742984 -0.0355261266 -0.0145358816
v 0.00755919935 -0.0355832241 -0.0145050446
v 0.00755619304 -0.035603296 -0.0142897852
v 0.00755795417 -0.0356566124 -0.0142575987
v 0.00755491713 -0.0356587209 -0.0140378969
v 0.00755667128 -0.0357084572 -0.0140047623
v 0.00755361095 -0.035691984 -0.0137821399
v 0.00755536091 -0.0357383825 -0.0137484036
v 0.00755228568 -0.0357028283 -0.0135244587
v 0.00755403237 -0.0357461572 -0.0134904217
v 0.00755095016 -0.0356911719 -0.0132668093
v 0.00755269546 -0.0357317291 -0.0132327285
v 0.00754961558 -0.0356571041 -0.0130111584
v 0.00755136041 -0.0356952064 -0.0129772266
v 0.00754829124 -0.035600882 -0.0127594508
v 0.007550037 -0.0356368572 -0.0127258124
v 0.00754698832 -0.0355229378 -0.0125135994
v 0.00754873501 -0.0355571136 -0.0124803437
v 0.0075457152 -0.0354238674 -0.0122754741
v 0.00754746376 -0.0354565606 -0.0122426348
v 0.00754448306 -0.0353044122 -0.0120468922
v 0.00753044942 -0.0329957381 -0.0106267063
v 0.00753072882 -0.0332477577 -0.0106594777
v 0.00753111951 -0.0334959626 -0.0107140932
v 0.00753161777 -0.0337384604 -0.0107901301
v 0.0075322208 -0.0339734107 -0.0108870137
v 0.00753292348 -0.0341990218 -0.0110040065
v 0.00753372023 -0.0344135761 -0.0111402171
v 0.00753460592 -0.0346154459 -0.011294608
v 0.00753557263 -0.034803085 -0.0114660049
v 0.00753661385 -0.0349750817 -0.0116531057
v 0.00753772119 -0.0351301096 -0.0118544819
v 0.00753888674 -0.0352669992 -0.0120686051
v 0.00754010072 -0.0353847034 -0.0122938417
v 0.00754135475 -0.0354823284 -0.0125284819
v 0.00754263904 -0.0355591327 -0.0127707366
v 0.00754394382 -0.0356145315 -0.0130187655
v 0.00754525885 -0.0356480964 -0.0132706771
v 0.00754657481 -0.0356595851 -0.0135245565
v 0.00754788099 -0.0356488973 -0.0137784677
v 0.00754916761 -0.0356161259 -0.0140304836
v 0.00755042536 -0.0355615094 -0.0142786866
v 0.007551644 -0.0354854688 -0.0145211816
v 0.00755281467 -0.0353885852 -0.0147561291
v 0.00755392807 -0.0352715887 -0.0149817364
v 0.00755497627 -0.0351353772 -0.0151962908
v 0.0075559509 -0.0349809825 -0.0153981559
v 0.00755684497 -0.0348095819 -0.0155857988
v 0.00755765103 -0.0346224792 -0.0157577861
v 0.00755836349 -0.0344211012 -0.0159128141
v 0.0075589763 -0.0342069753 -0.0160497017
v 0.00755948573 -0.0339817367 -0.016167406
v 0.00755988713 -0.0337470919 -0.016265031
v 0.00756017771 -0.0335048325 -0.0163418334
v 0.00756035512 -0.0332568027 -0.0163972322
v 0.00756041845 -0.0330048874 -0.0164308026
v 0.00756036676 -0.0327510014 -0.0164422859
v 0.00756020052 -0.0324970856 -0.0164316036
v 0.00755992113 -0.032245066 -0.0163988285
v 0.0075595309 -0.0319968648 -0.0163442139
v 0.00755903218 -0.0317543633 -0.016268177
v 0.00755842915 -0.031519413 -0.0161712933
v 0.00755772647 -0.031293802 -0.0160543006
v 0.00755692972 -0.0310792476 -0.0159180891
v 0.0075560445 -0.0308773778 -0.0157636981
v 0.00755507732 -0.030689735 -0.0155923022
v 0.0075540361 -0.0305177458 -0.0154052014
v 0.00755292876 -0.0303627159 -0.0152038243
v 0.00755176367 -0.0302258283 -0.0149897011
v 0.00755054923 -0.0301081222 -0.0147644645
v 0.0075492952 -0.0300104972 -0.0145298243
v 0.00754801091 -0.029933691 -0.0142875696
v 0.00754670613 -0.029878296 -0.0140395407
v 0.0075453911 -0.0298447255 -0.01378763
v 0.00754407514 -0.0298332386 -0.0135337533
v 0.00754276896 -0.0298439246 -0.0132798385
v 0.00754148234 -0.0298767015 -0.0130278226
v 0.00754022459 -0.0299313143 -0.0127796205
v 0.00753900595 -0.0300073549 -0.0125371246
v 0.00753783528 -0.0301042423 -0.012302177
v 0.00753672188 -0.0302212369 -0.0120765707
v 0.00753567368 -0.0303574484 -0.0118620154
v 0.00753469905 -0.030511843 -0.0116601503
v 0.00753380498 -0.0306832418 -0.0114725074
v 0.00753299892 -0.0308703408 -0.0113005191
v 0.00753228692 -0.0310717244 -0.0111454921
v 0.00753167365 -0.0312858485 -0.0110086054
v 0.00753116421 -0.0315110907 -0.0108909011
v 0.00753076281 -0.0317457356 -0.0107932752
v 0.00753047224 -0.0319879912 -0.0107164737
v 0.00753029482 -0.032236021 -0.0106610749
v 0.00753023149 -0.0324879363 -0.0106275072
v 0.00753028318 -0.0327418186 -0.0106160203
v 0.00752122328 -0.0329920985 -0.0106691839
v 0.00752149895 -0.0332404338 -0.0107014766
v 0.00752188358 -0.0334850065 -0.0107552931
v 0.00752237486 -0.0337239616 -0.010830218
v 0.00752296904 -0.0339554772 -0.0109256888
v 0.00752366101 -0.0341777913 -0.0110409688
v 0.00752444658 -0.034389209 -0.0111751873
v 0.00752531877 -0.0345881283 -0.0113273216
v 0.00752627151 -0.0347730257 -0.0114962151
v 0.00752729783 -0.034942504 -0.0116805788
v 0.00752838887 -0.035095267 -0.011879012
v 0.00752953719 -0.035230156 -0.0120900059
v 0.00753073348 -0.0353461392 -0.0123119485
v 0.00753196934 -0.0354423374 -0.0125431595
v 0.00753323501 -0.0355180204 -0.0127818733
v 0.0075345207 -0.0355726071 -0.0130262747
v 0.00753581664 -0.0356056839 -0.0132745029
v 0.00753711304 -0.0356170014 -0.0135246729
v 0.00753840012 -0.0356064737 -0.0137748728
v 0.00753966812 -0.0355741791 -0.0140232043
v 0.00754090725 -0.0355203599 -0.0142677771
v 0.00754210819 -0.0354454294 -0.0145067321
v 0.00754326163 -0.0353499614 -0.0147382431
v 0.00754435919 -0.0352346785 -0.0149605535
v 0.00754539156 -0.0351004601 -0.0151719684
v 0.00754635222 -0.0349483229 -0.015370883
v 0.00754723279 -0.0347794257 -0.0155557841
v 0.00754802721 -0.0345950611 -0.0157252569
v 0.00754872942 -0.0343966223 -0.015878018
v 0.00754933339 -0.0341856256 -0.0160129033
v 0.00754983537 -0.0339636765 -0.0161288902
v 0.00755023072 -0.0337324664 -0.0162250865
v 0.0075505171 -0.0334937498 -0.0163007658
v 0.00755069219 -0.0332493447 -0.0163553525
v 0.00755075412 -0.0330011137 -0.0163884349
v 0.00755070336 -0.0327509418 -0.0163997523
v 0.00755053945 -0.0325007364 -0.0163892247
v 0.00755026424 -0.0322523974 -0.0163569264
v 0.00754987961 -0.0320078209 -0.0163031109
v 0.00754938833 -0.0317688696 -0.016228186
v 0.00754879415 -0.031537354 -0.0161327198
v 0.00754810171 -0.0313150398 -0.0160174351
v 0.00754731661 -0.0311036203 -0.0158832166
v 0.00754644396 -0.0309047028 -0.0157310832
v 0.00754549121 -0.0307198036 -0.0155621925
v 0.00754446536 -0.030550329 -0.0153778251
v 0.00754337432 -0.030397566 -0.015179392
v 0.007542226 -0.0302626751 -0.0149684018
v 0.00754102925 -0.0301466919 -0.0147464564
v 0.00753979385 -0.0300504956 -0.0145152481
v 0.00753852818 -0.0299748126 -0.0142765306
v 0.00753724249 -0.0299202278 -0.0140321292
v 0.00753594656 -0.0298871472 -0.013783901
v 0.00753465015 -0.0298758298 -0.0135337347
v 0.00753336307 -0.0298863575 -0.0132835312
v 0.00753209507 -0.0299186558 -0.0130351996
v 0.00753085595 -0.0299724694 -0.0127906268
v 0.00752965501 -0.0300473999 -0.0125516756
v 0.00752850156 -0.0301428679 -0.0123201618
v 0.007527404 -0.0302581508 -0.0120978542
v 0.00752637116 -0.0303923748 -0.0118864356
v 0.00752541097 -0.030544512 -0.0116875209
v 0.00752452994 -0.0307134055 -0.0115026236
v 0.00752373599 -0.0308977701 -0.0113331471
v 0.00752303377 -0.031096207 -0.0111803859
v 0.00752242981 -0.0313072056 -0.0110455006
v 0.00752192782 -0.0315291546 -0.0109295184
v 0.00752153248 -0.0317603648 -0.0108333174
v 0.00752124609 -0.0319990814 -0.0107576391
v 0.00752107101 -0.0322434865 -0.0107030505
v 0.00752100861 -0.0324917212 -0.0106699737
v 0.00752105983 -0.0327418894 -0.0106586525
v 0.00750831934 -0.0329885408 -0.0107106967
v 0.00750859082 -0.0332332775 -0.0107425228
v 0.00750896987 -0.0334743112 -0.0107955588
v 0.00750945415 -0.0337098017 -0.0108694006
v 0.00751003949 -0.0339379609 -0.0109634828
v 0.00751072168 -0.0341570526 -0.0110770967
v 0.00751149561 -0.0343654081 -0.0112093715
v 0.00751235569 -0.0345614441 -0.0113593014
v 0.00751329446 -0.0347436629 -0.0115257446
v 0.00751430541 -0.0349106826 -0.0117074363
v 0.00751538109 -0.0350612327 -0.0119029935
v 0.00751651265 -0.035194166 -0.0121109281
v 0.0075176917 -0.0353084691 -0.0123296585
v 0.00751890941 -0.035403274 -0.0125575159
v 0.00752015691 -0.035477858 -0.0127927708
v 0.00752142351 -0.035531655 -0.0130336303
v 0.00752270082 -0.035564255 -0.0132782608
v 0.00752397859 -0.0355754048 -0.0135248061
v 0.00752524706 -0.0355650336 -0.0137713812
v 0.00752649689 -0.0355332009 -0.0140161132
v 0.00752771785 -0.035480164 -0.0142571423
v 0.00752890157 -0.035406325 -0.014492631
v 0.00753003825 -0.0353122354 -0.0147207864
v 0.00753111951 -0.0351986252 -0.0149398763
v 0.00753213745 -0.0350663476 -0.0151482299
v 0.00753308414 -0.0349164158 -0.0153442612
v 0.00753395213 -0.0347499698 -0.01552648
v 0.0075347349 -0.0345682763 -0.0156935006
v 0.00753542641 -0.0343727134 -0.0158440489
v 0.00753602199 -0.0341647789 -0.0159769766
v 0.00753651652 -0.0339460447 -0.0160912815
v 0.00753690628 -0.0337181836 -0.0161860846
v 0.00753718847 -0.0334829241 -0.0162606705
v 0.00753736077 -0.0332420617 -0.0163144656
v 0.00753742224 -0.0329974256 -0.0163470637
v 0.00753737194 -0.0327508785 -0.0163582191
v 0.00753721083 -0.0325043015 -0.0163478423
v 0.00753693935 -0.0322595648 -0.0163160171
v 0.0075365603 -0.0320185348 -0.016262982
v 0.00753607601 -0.0317830443 -0.0161891393
v 0.00753549067 -0.0315548815 -0.0160950571
v 0.00753480801 -0.0313357934 -0.0159814432
v 0.00753403408 -0.0311274361 -0.0158491712
v 0.00753317447 -0.0309313983 -0.0156992413
v 0.0075322357 -0.0307491776 -0.0155327953
v 0.00753122428 -0.0305821579 -0.0153511027
v 0.00753014907 -0.0304316096 -0.0151555454
v 0.00752901752 -0.0302986763 -0.0149476109
v 0.007527838 -0.0301843751 -0.0147288814
v 0.00752662029 -0.0300895683 -0.0145010231
v 0.00752537325 -0.0300149862 -0.0142657692
v 0.00752410619 -0.0299611893 -0.0140249087
v 0.00752282888 -0.0299285911 -0.0137802791
v 0.0075215511 -0.0299174357 -0.0135337375
v 0.00752028264 -0.0299278125 -0.0132871578
v 0.00751903327 -0.0299596395 -0.0130424267
v 0.00751781231 -0.0300126765 -0.0128013976
v 0.0075166286 -0.0300865173 -0.012565909
v 0.00751549192 -0.0301806051 -0.0123377526
v 0.00751441019 -0.0302942172 -0.0121186627
v 0.00751339272 -0.0304264929 -0.01191031
v 0.00751244603 -0.0305764265 -0.0117142778
v 0.00751157803 -0.0307428725 -0.0115320599
v 0.00751079526 -0.0309245661 -0.0113650421
v 0.00751010329 -0.0311201308 -0.0112144938
v 0.00750950817 -0.0313280672 -0.0110815624
v 0.00750901364 -0.0315467976 -0.0109672574
v 0.00750862388 -0.0317746624 -0.0108724553
v 0.00750834169 -0.0320099182 -0.0107978703
v 0.00750816893 -0.0322507843 -0.0107440734
v 0.00750810793 -0.0324954167 -0.0107114753
v 0.00750815775 -0.0327419601 -0.0107003199
v 0.00749183586 -0.0329851024 -0.0107509354
v 0.00749210361 -0.0332263485 -0.0107823089
v 0.00749247707 -0.0334639475 -0.0108345859
v 0.00749295438 -0.0336960852 -0.0109073762
v 0.0074935318 -0.0339209959 -0.0110001219
v 0.00749420421 -0.0341369659 -0.0111121126
v 0.00749496697 -0.0343423523 -0.0112425033
v 0.00749581447 -0.0345355943 -0.0113902958
v 0.0074967402 -0.0347152203 -0.0115543697
v 0.00749773672 -0.0348798595 -0.0117334733
v 0.00749879703 -0.0350282677 -0.0119262477
v 0.00749991229 -0.0351593047 -0.0121312197
v 0.00750107504 -0.0352719799 -0.0123468339
v 0.00750227552 -0.0353654362 -0.0125714457
v 0.00750350486 -0.0354389548 -0.0128033487
v 0.00750475377 -0.0354919881 -0.0130407754
v 0.00750601292 -0.0355241224 -0.0132819228
v 0.00750727206 -0.0355351157 -0.0135249561
v 0.00750852283 -0.0355248861 -0.0137680182
v 0.00750975451 -0.0354935117 -0.0140092662
v 0.00751095824 -0.035441231 -0.0142468587
v 0.00751212472 -0.0353684425 -0.0144789936
v 0.00751324557 -0.035275694 -0.0147039024
v 0.00751431147 -0.0351637006 -0.0149198677
v 0.00751531497 -0.035033308 -0.0151252523
v 0.00751624769 -0.0348855108 -0.0153184943
v 0.00751710357 -0.0347214378 -0.0154981166
v 0.00751787517 -0.0345423296 -0.0156627577
v 0.0075185569 -0.0343495533 -0.0158111583
v 0.0075191441 -0.0341445804 -0.0159421973
v 0.00751963118 -0.0339289606 -0.0160548724
v 0.00752001582 -0.0337043479 -0.0161483251
v 0.00752029382 -0.0334724411 -0.0162218474
v 0.00752046378 -0.033235006 -0.016274875
v 0.00752052432 -0.0329938605 -0.0163070131
v 0.00752047496 -0.0327508226 -0.0163180064
v 0.0075203157 -0.0325077586 -0.0163077805
v 0.00752004841 -0.0322665088 -0.0162764043
v 0.00751967449 -0.032028906 -0.0162241254
v 0.00751919718 -0.0317967758 -0.0161513351
v 0.00751862023 -0.0315718614 -0.016058594
v 0.00751794782 -0.0313558914 -0.0159465987
v 0.0075171846 -0.0311505031 -0.015816208
v 0.00751633709 -0.030957263 -0.0156684164
v 0.00751541136 -0.0307776388 -0.0155043425
v 0.00751441484 -0.0306129958 -0.0153252389
v 0.007513355 -0.0304645896 -0.0151324645
v 0.00751223927 -0.0303335544 -0.0149274925
v 0.00751107698 -0.0302208774 -0.014711882
v 0.00750987651 -0.0301274247 -0.0144872665
v 0.00750864716 -0.0300539024 -0.0142553635
v 0.00750739826 -0.030000871 -0.0140179368
v 0.00750613911 -0.0299687367 -0.0137767885
v 0.0075048795 -0.0299577434 -0.0135337599
v 0.0075036292 -0.0299679693 -0.013290694
v 0.00750239752 -0.0299993437 -0.013049446
v 0.00750119379 -0.0300516263 -0.0128118526
v 0.00750002684 -0.0301244184 -0.0125797186
v 0.00749890646 -0.0302171614 -0.0123548126
v 0.00749784056 -0.0303291585 -0.0121388435
v 0.00749683706 -0.0304595474 -0.011933459
v 0.00749590388 -0.0306073446 -0.011740217
v 0.00749504846 -0.0307714231 -0.0115605947
v 0.00749427686 -0.0309505276 -0.0113959545
v 0.00749359466 -0.0311433021 -0.0112475529
v 0.00749300793 -0.0313482769 -0.011116514
v 0.00749252038 -0.031563893 -0.0110038426
v 0.00749213621 -0.0317885131 -0.0109103872
v 0.00749185774 -0.0320204161 -0.0108368648
v 0.00749168778 -0.0322578512 -0.0107838372
v 0.00749162724 -0.0324990004 -0.0107517028
v 0.00749167707 -0.0327420309 -0.0107407058
v 0.00747189112 -0.0329817981 -0.0107895862
v 0.00747215468 -0.0332197025 -0.0108205248
v 0.00747252349 -0.0334540047 -0.0108720809
v 0.00747299427 -0.03368292 -0.0109438589
v 0.00747356331 -0.0339047089 -0.0110353138
v 0.00747422641 -0.0341176838 -0.0111457556
v 0.00747497892 -0.0343202204 -0.0112743368
v 0.00747581478 -0.0345107801 -0.0114200804
v 0.00747672748 -0.034687914 -0.0115818754
v 0.00747771002 -0.0348502696 -0.0117584933
v 0.00747875543 -0.0349966176 -0.011948593
v 0.00747985579 -0.0351258367 -0.0121507216
v 0.00748100178 -0.0352369472 -0.0123633435
v 0.00748218596 -0.0353291072 -0.012584839
v 0.00748339808 -0.0354016088 -0.0128135253
v 0.00748462975 -0.0354539044 -0.0130476598
v 0.0074858712 -0.0354855917 -0.013285459
v 0.00748711312 -0.0354964361 -0.0135251209
v 0.00748834619 -0.035486348 -0.0137648117
v 0.0074895611 -0.0354554094 -0.0140027096
v 0.00749074807 -0.0354038514 -0.014237009
v 0.00749189872 -0.0353320725 -0.0144659225
v 0.00749300374 -0.0352406129 -0.0146877076
v 0.00749405473 -0.035130173 -0.0149006797
v 0.00749504426 -0.0350015871 -0.0151032154
v 0.00749596441 -0.0348558426 -0.0152937761
v 0.00749680819 -0.0346940458 -0.0154709062
v 0.00749756908 -0.0345174223 -0.0156332627
v 0.0074982415 -0.0343273208 -0.015779607
v 0.00749882031 -0.0341251902 -0.0159088243
v 0.00749930087 -0.0339125656 -0.0160199367
v 0.00749967992 -0.0336910672 -0.016112091
v 0.0074999542 -0.0334623754 -0.0161845963
v 0.00750012184 -0.0332282409 -0.0162368882
v 0.00750018144 -0.0329904333 -0.0162685774
v 0.00750013255 -0.0327507704 -0.0162794199
v 0.00749997608 -0.0325110778 -0.0162693337
v 0.00749971205 -0.0322731771 -0.0162383951
v 0.00749934372 -0.0320388749 -0.0161868427
v 0.00749887293 -0.0318099596 -0.0161150601
v 0.00749830389 -0.031588167 -0.0160236061
v 0.00749764033 -0.0313751921 -0.0159131642
v 0.00749688828 -0.0311726537 -0.0157845877
v 0.00749605242 -0.0309820957 -0.0156388432
v 0.00749513973 -0.0308049638 -0.0154770445
v 0.00749415671 -0.0306426045 -0.0153004266
v 0.0074931113 -0.0304962583 -0.0151103269
v 0.00749201141 -0.0303670373 -0.0149081983
v 0.00749086495 -0.0302559268 -0.0146955764
v 0.00748968124 -0.0301637668 -0.0144740809
v 0.00748846913 -0.0300912671 -0.0142453946
v 0.00748723745 -0.0300389752 -0.0140112601
v 0.007485996 -0.0300072841 -0.0137734599
v 0.00748475362 -0.0299964435 -0.0135338027
v 0.00748352055 -0.0300065298 -0.0132941082
v 0.0074823061 -0.0300374683 -0.0130562102
v 0.00748111913 -0.0300890226 -0.0128219109
v 0.00747996848 -0.0301608015 -0.0125929974
v 0.00747886347 -0.0302522629 -0.0123712113
v 0.007477812 -0.0303627029 -0.0121582402
v 0.00747682294 -0.030491285 -0.0119557045
v 0.00747590279 -0.0306370314 -0.0117651438
v 0.00747505901 -0.030798832 -0.0115880137
v 0.00747429812 -0.0309754536 -0.0114256609
v 0.00747362571 -0.0311655514 -0.0112793166
v 0.00747304689 -0.0313676856 -0.0111500965
v 0.00747256586 -0.0315803103 -0.0110389832
v 0.00747218728 -0.0318018124 -0.0109468289
v 0.00747191301 -0.0320305005 -0.0108743282
v 0.00747174537 -0.0322646387 -0.0108220326
v 0.00747168576 -0.0325024426 -0.0107903425
v 0.00747173419 -0.0327421017 -0.0107795
v 0.00744864345 -0.0329786614 -0.0108263604
v 0.00744890375 -0.0332133807 -0.0108568836
v 0.00744926743 -0.0334445462 -0.0109077487
v 0.0074497317 -0.0336703993 -0.0109785702
v 0.00745029328 -0.0338892229 -0.0110688042
v 0.00745094754 -0.0340993479 -0.0111777633
v 0.0074516898 -0.0342991799 -0.0113046244
v 0.00745251449 -0.0344871879 -0.0114484159
v 0.00745341508 -0.0346619524 -0.0116080502
v 0.00745438458 -0.0348221362 -0.0117823062
v 0.00745541602 -0.0349665247 -0.0119698606
v 0.00745650148 -0.035094019 -0.0121692885
v 0.00745763257 -0.0352036394 -0.0123790624
v 0.00745880045 -0.0352945663 -0.0125975981
v 0.00745999673 -0.0353660956 -0.0128232241
v 0.00746121164 -0.0354176946 -0.0130542265
v 0.0074624368 -0.035448961 -0.0132888453
v 0.00746366195 -0.0354596563 -0.0135252997
v 0.00746487873 -0.035449706 -0.013761783
v 0.00746607687 -0.035419181 -0.0139964996
v 0.00746724801 -0.0353683122 -0.0142276641
v 0.00746838329 -0.0352974907 -0.0144535182
v 0.00746947341 -0.0352072567 -0.0146723362
v 0.0074705109 -0.0350982957 -0.0148824593
v 0.00747148693 -0.0349714309 -0.0150822848
v 0.0074723945 -0.0348276347 -0.0152702937
v 0.0074732271 -0.0346680023 -0.0154450545
v 0.00747397775 -0.0344937406 -0.0156052392
v 0.00747464132 -0.0343061835 -0.015749624
v 0.00747521222 -0.0341067538 -0.0158771146
v 0.00747568673 -0.0338969752 -0.0159867406
v 0.00747606065 -0.0336784385 -0.0160776656
v 0.0074763312 -0.0334528089 -0.0161491968
v 0.00747649651 -0.0332218036 -0.0162007902
v 0.00747655518 -0.0329871811 -0.0162320547
v 0.00747650722 -0.0327507257 -0.0162427537
v 0.00747635262 -0.0325142369 -0.0162328016
v 0.00747609232 -0.0322795138 -0.0162022784
v 0.00747572863 -0.0320483483 -0.0161514133
v 0.00747526437 -0.0318224952 -0.0160805956
v 0.00747470278 -0.0316036716 -0.0159903616
v 0.00747404853 -0.0313935466 -0.0158813987
v 0.00747330626 -0.0311937202 -0.0157545377
v 0.00747248158 -0.0310057085 -0.0156107452
v 0.00747158099 -0.0308309458 -0.0154511118
v 0.00747061148 -0.0306707583 -0.0152768549
v 0.00746958004 -0.0305263735 -0.0150893014
v 0.00746849459 -0.0303988811 -0.0148898773
v 0.0074673635 -0.0302892532 -0.0146800997
v 0.00746619562 -0.0301983282 -0.0144615676
v 0.00746499933 -0.030126797 -0.014235938
v 0.00746378442 -0.0300752036 -0.0140049346
v 0.00746255927 -0.0300439354 -0.0137703158
v 0.00746133411 -0.0300332401 -0.013533866
v 0.00746011734 -0.0300431903 -0.013297379
v 0.00745891919 -0.0300737172 -0.0130626624
v 0.00745774806 -0.0301245842 -0.0128314979
v 0.00745661277 -0.0301954038 -0.0126056476
v 0.00745552266 -0.0302856378 -0.0123868259
v 0.00745448517 -0.0303946044 -0.0121767065
v 0.00745350914 -0.0305214673 -0.0119768772
v 0.00745260157 -0.0306652617 -0.0117888683
v 0.00745176896 -0.0308248978 -0.0116141075
v 0.00745101832 -0.0309991557 -0.0114539219
v 0.00745035475 -0.0311867129 -0.0113095371
v 0.00744978385 -0.0313861407 -0.0111820465
v 0.00744930934 -0.0315959193 -0.0110724242
v 0.00744893542 -0.031814456 -0.0109815001
v 0.00744866487 -0.0320400856 -0.0109099653
v 0.00744849956 -0.0322710909 -0.0108583709
v 0.00744844088 -0.0325057171 -0.0108271074
v 0.00744848885 -0.0327421725 -0.0108164074
v 0.00742226653 -0.0329757072 -0.0108609758
v 0.00742252357 -0.0332074352 -0.0108911088
v 0.0074228826 -0.0334356576 -0.0109413266
v 0.00742334127 -0.0336586274 -0.0110112438
v 0.00742389541 -0.0338746607 -0.0111003267
v 0.00742454128 -0.0340821072 -0.0112078972
v 0.00742527423 -0.0342793837 -0.0113331378
v 0.00742608821 -0.034465 -0.0114750974
v 0.00742697762 -0.0346375331 -0.0116326967
v 0.00742793456 -0.0347956717 -0.0118047288
v 0.00742895296 -0.0349382199 -0.0119898906
v 0.00743002445 -0.0350640863 -0.0121867722
v 0.0074311411 -0.0351723135 -0.0123938741
v 0.00743229408 -0.035262078 -0.0126096215
v 0.007433475 -0.0353326984 -0.0128323697
v 0.00743467454 -0.0353836343 -0.0130604263
v 0.00743588386 -0.035414502 -0.0132920546
v 0.00743709365 -0.0354250632 -0.0135254916
v 0.00743829459 -0.0354152359 -0.0137589574
v 0.00743947783 -0.035385102 -0.0139906816
v 0.00744063407 -0.0353348851 -0.0142188985
v 0.00744175492 -0.0352649651 -0.0144418683
v 0.00744283106 -0.0351758823 -0.0146578979
v 0.00744385505 -0.0350683108 -0.0148653397
v 0.0074448185 -0.0349430628 -0.0150626181
v 0.0074457149 -0.0348010994 -0.0152482288
v 0.00744653679 -0.034643501 -0.0154207628
v 0.00744727813 -0.0344714671 -0.0155789033
v 0.00744793285 -0.0342863016 -0.0157214478
v 0.00744849676 -0.03408942 -0.0158473104
v 0.00744896475 -0.0338823125 -0.0159555394
v 0.00744933402 -0.0336665623 -0.016045304
v 0.00744960131 -0.0334438123 -0.0161159206
v 0.00744976429 -0.0332157537 -0.0161668584
v 0.0074498225 -0.0329841226 -0.0161977224
v 0.007449775 -0.032750681 -0.0162082873
v 0.00744962227 -0.0325172096 -0.01619846
v 0.00744936522 -0.0322854817 -0.016168328
v 0.0074490062 -0.0320572667 -0.0161181092
v 0.00744854799 -0.0318342894 -0.0160481967
v 0.00744799385 -0.0316182598 -0.015959112
v 0.00744734751 -0.0314108171 -0.0158515386
v 0.00744661456 -0.031213535 -0.0157262981
v 0.00744580058 -0.0310279224 -0.0155843385
v 0.00744491164 -0.0308553874 -0.0154267428
v 0.00744395424 -0.0306972452 -0.0152547071
v 0.0074429363 -0.0305546988 -0.0150695452
v 0.00744186481 -0.0304288305 -0.0148726637
v 0.00744074816 -0.0303206053 -0.0146655617
v 0.00743959518 -0.0302308388 -0.0144498143
v 0.00743841426 -0.0301602222 -0.0142270671
v 0.00743721426 -0.0301092844 -0.0139990095
v 0.00743600493 -0.0300784167 -0.0137673812
v 0.00743479561 -0.0300678555 -0.013533948
v 0.0074335942 -0.0300776809 -0.0133004785
v 0.00743241096 -0.0301078185 -0.0130687542
v 0.00743125472 -0.0301580355 -0.0128405374
v 0.00743013434 -0.0302279517 -0.0126175685
v 0.0074290582 -0.0303170364 -0.012401538
v 0.00742803421 -0.0304246098 -0.0121940961
v 0.00742707029 -0.0305498559 -0.0119968178
v 0.00742617389 -0.0306918174 -0.011811207
v 0.00742535247 -0.0308494158 -0.0116386767
v 0.00742461113 -0.0310214534 -0.0114805326
v 0.00742395595 -0.031206619 -0.0113379881
v 0.0074233925 -0.0314035043 -0.0112121254
v 0.00742292404 -0.0316106081 -0.0111039011
v 0.00742255524 -0.0318263546 -0.0110141356
v 0.00742228795 -0.0320491083 -0.0109435152
v 0.0074221245 -0.0322771668 -0.0108925775
v 0.00742206629 -0.0325087979 -0.0108617134
v 0.00742211379 -0.0327422358 -0.0108511522
v 0.0073929606 -0.0329729728 -0.0108931698
v 0.00739321439 -0.0332019143 -0.0109229414
v 0.00739356922 -0.0334273912 -0.0109725557
v 0.00739402184 -0.03364769 -0.0110416319
v 0.00739456993 -0.0338611268 -0.0111296428
v 0.00739520788 -0.034066081 -0.0112359254
v 0.00739593199 -0.034260992 -0.0113596646
v 0.00739673618 -0.0344443806 -0.0114999209
v 0.00739761489 -0.0346148424 -0.011655624
v 0.00739856064 -0.0347710848 -0.0118255913
v 0.00739956647 -0.0349119194 -0.012008532
v 0.00740062492 -0.0350362733 -0.0122030508
v 0.00740172807 -0.0351432003 -0.0124076661
v 0.00740286754 -0.0352318883 -0.0126208188
v 0.00740403403 -0.0353016593 -0.0128408959
v 0.0074052196 -0.0353519879 -0.0130662126
v 0.00740641402 -0.0353824832 -0.0132950591
v 0.00740760937 -0.035392914 -0.0135256946
v 0.00740879634 -0.0353832096 -0.0137563581
v 0.00740996515 -0.0353534371 -0.0139852995
v 0.00741110742 -0.0353038199 -0.0142107774
v 0.00741221476 -0.0352347419 -0.0144310705
v 0.00741327787 -0.0351467244 -0.0146445064
v 0.00741428975 -0.0350404456 -0.0148494579
v 0.00741524203 -0.0349167064 -0.0150443641
v 0.00741612725 -0.0347764455 -0.015227749
v 0.00741693936 -0.0346207395 -0.0153982081
v 0.00741767138 -0.0344507694 -0.0155544523
v 0.00741831865 -0.0342678279 -0.0156952832
v 0.00741887558 -0.0340733044 -0.0158196371
v 0.00741933845 -0.0338686891 -0.015926566
v 0.00741970306 -0.033655528 -0.0160152502
v 0.00741996709 -0.0334354527 -0.0160850212
v 0.00742012821 -0.0332101323 -0.016135348
v 0.00742018549 -0.032981284 -0.0161658432
v 0.00742013846 -0.0327506438 -0.0161762796
v 0.00741998758 -0.0325199775 -0.0161665715
v 0.0074197338 -0.0322910286 -0.016136799
v 0.00741937943 -0.0320655517 -0.0160871837
v 0.00741892634 -0.0318452567 -0.0160181075
v 0.00741837872 -0.0316318162 -0.0159300976
v 0.0074177403 -0.0314268619 -0.015823815
v 0.0074170162 -0.031231951 -0.0157000758
v 0.007416212 -0.031048568 -0.0155598233
v 0.00741533376 -0.0308781024 -0.0154041164
v 0.007414388 -0.03072186 -0.0152341491
v 0.00741338171 -0.0305810235 -0.0150512084
v 0.00741232326 -0.0304566734 -0.0148566933
v 0.00741122011 -0.0303497426 -0.014652078
v 0.00741008064 -0.0302610546 -0.0144389216
v 0.00740891416 -0.0301912837 -0.0142188473
v 0.00740772905 -0.0301409606 -0.0139935277
v 0.00740653416 -0.0301104616 -0.0137646813
v 0.00740533881 -0.030100029 -0.0135340495
v 0.0074041523 -0.0301097352 -0.0133033814
v 0.00740298303 -0.0301395115 -0.0130744409
v 0.00740184076 -0.030189123 -0.0128489668
v 0.00740073388 -0.0302582011 -0.0126286699
v 0.00739967031 -0.0303462166 -0.0124152377
v 0.00739865843 -0.030452501 -0.0122102862
v 0.00739770662 -0.0305762384 -0.0120153753
v 0.00739682093 -0.0307164975 -0.0118319914
v 0.00739600929 -0.0308722034 -0.0116615314
v 0.0073952768 -0.0310421772 -0.0115052909
v 0.00739462953 -0.0312251169 -0.0113644563
v 0.0073940726 -0.0314196385 -0.0112401024
v 0.0073936102 -0.0316242576 -0.0111331744
v 0.00739324559 -0.031837415 -0.0110444892
v 0.00739298156 -0.0320574939 -0.0109747183
v 0.00739281997 -0.0322828144 -0.0109243924
v 0.00739276269 -0.0325116664 -0.0108938981
v 0.00739280973 -0.0327422991 -0.0108834645
v 0.00736095104 -0.032970462 -0.0109226946
v 0.00736120204 -0.0331968553 -0.0109521355
v 0.00736155268 -0.0334198251 -0.0110011986
v 0.00736200064 -0.0336376689 -0.0110695036
v 0.00736254221 -0.033848729 -0.0111565385
v 0.00736317364 -0.0340513997 -0.0112616355
v 0.00736388937 -0.0342441425 -0.0113839963
v 0.00736468472 -0.0344254859 -0.011522688
v 0.00736555317 -0.0345940478 -0.0116766579
v 0.00736648869 -0.0347485505 -0.0118447356
v 0.00736748334 -0.0348878205 -0.0120256376
v 0.00736853015 -0.0350107886 -0.0122179901
v 0.00736962119 -0.0351165272 -0.0124203274
v 0.00737074763 -0.0352042243 -0.012631109
v 0.00737190153 -0.0352732204 -0.012848733
v 0.0073730736 -0.0353229865 -0.0130715435
v 0.00737425499 -0.0353531428 -0.0132978419
v 0.00737543683 -0.0353634618 -0.013525907
v 0.0073766103 -0.0353538617 -0.0137540037
v 0.00737776607 -0.0353244171 -0.0139803961
v 0.00737889577 -0.0352753587 -0.0142033594
v 0.00737999054 -0.0352070481 -0.0144212004
v 0.00738104247 -0.0351200141 -0.0146322604
v 0.00738204271 -0.0350149162 -0.0148349274
v 0.00738298427 -0.0348925516 -0.0150276674
v 0.00738385972 -0.0347538553 -0.015209008
v 0.00738466252 -0.0345998816 -0.0153775718
v 0.00738538709 -0.0344318077 -0.0155320736
v 0.0073860269 -0.0342509001 -0.015671337
v 0.00738657732 -0.0340585448 -0.0157943051
v 0.00738703506 -0.0338562056 -0.0159000419
v 0.00738739548 -0.0336454213 -0.0159877427
v 0.00738765672 -0.0334277935 -0.0160567388
v 0.00738781597 -0.0332049802 -0.0161065031
v 0.00738787279 -0.03297868 -0.0161366574
v 0.00738782668 -0.0327506103 -0.0161469746
v 0.00738767721 -0.0325225107 -0.0161373783
v 0.00738742622 -0.0322961174 -0.0161079373
v 0.00738707557 -0.0320731476 -0.0160588771
v 0.00738662761 -0.0318553075 -0.0159905683
v 0.00738608604 -0.0316442437 -0.0159035344
v 0.00738545461 -0.0314415693 -0.0157984365
v 0.00738473888 -0.0312488321 -0.0156760756
v 0.00738394354 -0.0310674906 -0.015537384
v 0.00738307508 -0.0308989231 -0.015383414
v 0.00738213956 -0.0307444204 -0.0152153363
v 0.00738114491 -0.0306051522 -0.0150344353
v 0.0073800981 -0.0304821823 -0.0148420827
v 0.00737900706 -0.0303764436 -0.0146397483
v 0.00737788063 -0.0302887466 -0.0144289639
v 0.00737672672 -0.0302197505 -0.0142113399
v 0.00737555511 -0.0301699862 -0.0139885331
v 0.00737437326 -0.0301398318 -0.0137622347
v 0.00737319142 -0.0301295146 -0.0135341687
v 0.00737201795 -0.0301391128 -0.013306072
v 0.00737086218 -0.0301685538 -0.0130796796
v 0.00736973248 -0.030217614 -0.0128567135
v 0.00736863771 -0.0302859247 -0.0126388725
v 0.00736758625 -0.0303729586 -0.0124278152
v 0.00736658555 -0.0304780565 -0.0122251445
v 0.00736564398 -0.0306004193 -0.0120324055
v 0.00736476853 -0.0307391174 -0.0118510649
v 0.00736396573 -0.0308930892 -0.0116825001
v 0.00736324163 -0.0310611688 -0.0115279984
v 0.00736260135 -0.0312420744 -0.0113887349
v 0.00736205094 -0.0314344242 -0.0112657668
v 0.00736159319 -0.0316367671 -0.01116003
v 0.00736123277 -0.0318475552 -0.0110723292
v 0.00736097153 -0.0320651792 -0.0110033369
v 0.00736081228 -0.0322879925 -0.0109535698
v 0.00736075547 -0.0325142927 -0.0109234145
v 0.00736080157 -0.0327423625 -0.0109130973
v 0.0073264828 -0.0329682045 -0.0109493295
v 0.00732673146 -0.0331922993 -0.0109784724
v 0.00732707838 -0.0334130079 -0.0110270362
v 0.00732752169 -0.0336286426 -0.0110946484
v 0.00732805813 -0.0338375606 -0.0111808004
v 0.00732868258 -0.0340381749 -0.011284831
v 0.00732939132 -0.0342289619 -0.0114059504
v 0.00733017875 -0.034408465 -0.0115432367
v 0.00733103836 -0.0345753171 -0.0116956457
v 0.00733196409 -0.0347282551 -0.0118620154
v 0.00733294897 -0.0348661095 -0.0120410826
v 0.00733398506 -0.0349878296 -0.0122314813
v 0.00733506493 -0.0350924954 -0.012431764
v 0.00733618019 -0.0351793021 -0.0126404092
v 0.00733732199 -0.0352475978 -0.012855825
v 0.00733848242 -0.0352968611 -0.0130763715
v 0.0073396517 -0.0353267081 -0.0133003751
v 0.0073408219 -0.0353369229 -0.0135261277
v 0.00734198326 -0.0353274234 -0.0137519073
v 0.00734312739 -0.0352982767 -0.0139760049
v 0.00734424544 -0.0352497138 -0.0141967051
v 0.0073453295 -0.0351820961 -0.0144123361
v 0.00734637026 -0.035095945 -0.0146212531
v 0.00734736025 -0.0349919125 -0.0148218656
v 0.00734829251 -0.0348707922 -0.0150126517
v 0.0073491591 -0.0347335041 -0.0151921492
v 0.00734995399 -0.0345810913 -0.015359005
v 0.00735067064 -0.0344147198 -0.0155119393
v 0.0073513044 -0.0342356488 -0.0156497918
v 0.00735184923 -0.0340452492 -0.0157715101
v 0.00735230232 -0.0338449627 -0.015876174
v 0.00735265901 -0.0336363167 -0.0159629844
v 0.00735291746 -0.0334208943 -0.0160312764
v 0.00735307531 -0.0332003422 -0.0160805378
v 0.00735313166 -0.0329763405 -0.0161103867
v 0.00735308556 -0.0327505842 -0.0161206014
v 0.00735293794 -0.0325247981 -0.0161111001
v 0.00735268928 -0.0323007032 -0.0160819571
v 0.00735234236 -0.0320799947 -0.0160333924
v 0.00735189905 -0.03186436 -0.0159657821
v 0.00735136261 -0.0316554457 -0.0158796292
v 0.00735073816 -0.0314548276 -0.0157755986
v 0.00735002942 -0.0312640406 -0.0156544819
v 0.00734924199 -0.0310845375 -0.0155171966
v 0.00734838238 -0.0309176836 -0.0153647875
v 0.00734745665 -0.0307647474 -0.0151984142
v 0.00734647177 -0.0306268949 -0.0150193507
v 0.00734543568 -0.0305051729 -0.0148289483
v 0.00734435581 -0.0304005072 -0.0146286655
v 0.00734324055 -0.0303136986 -0.0144200204
v 0.00734209875 -0.0302454028 -0.0142046046
v 0.00734093878 -0.0301961452 -0.0139840581
v 0.00733976904 -0.0301662963 -0.0137600545
v 0.0073385993 -0.0301560834 -0.0135343056
v 0.00733743748 -0.0301655848 -0.0133085223
v 0.00733629335 -0.0301947277 -0.0130844247
v 0.00733517529 -0.0302432887 -0.0128637245
v 0.0073340917 -0.0303109065 -0.0126480935
v 0.00733305048 -0.0303970557 -0.0124391764
v 0.00733206049 -0.0305010881 -0.012238564
v 0.00733112823 -0.0306222104 -0.0120477816
v 0.00733026164 -0.0307594985 -0.0118682804
v 0.00732946675 -0.0309119094 -0.0117014283
v 0.0073287501 -0.0310782827 -0.011548494
v 0.0073281168 -0.0312573537 -0.0114106415
v 0.00732757151 -0.0314477533 -0.0112889204
v 0.00732711842 -0.0316480435 -0.0111842565
v 0.00732676173 -0.0318566859 -0.0110974452
v 0.00732650328 -0.0320721045 -0.0110291531
v 0.00732634543 -0.0322926603 -0.0109798927
v 0.00732628908 -0.032516662 -0.0109500429
v 0.00732633518 -0.0327424183 -0.0109398291
v 0.00728981569 -0.0329662152 -0.0109728687
v 0.00729006203 -0.0331882834 -0.0110017499
v 0.00729040615 -0.0334069952 -0.0110498741
v 0.00729084527 -0.0336206742 -0.0111168744
v 0.00729137659 -0.0338277034 -0.0112022469
v 0.00729199592 -0.0340265036 -0.011305335
v 0.00729269814 -0.0342155658 -0.0114253582
v 0.00729347812 -0.0343934447 -0.0115614031
v 0.00729433028 -0.0345587917 -0.011712431
v 0.00729524763 -0.0347103402 -0.0118772984
v 0.00729622319 -0.0348469503 -0.0120547442
v 0.00729725044 -0.0349675678 -0.0122434199
v 0.00729832007 -0.0350712836 -0.0124418931
v 0.00729942508 -0.0351573117 -0.0126486504
v 0.0073005571 -0.0352249853 -0.0128621152
v 0.00730170682 -0.0352738015 -0.0130806696
v 0.00730286539 -0.0353033803 -0.0133026438
v 0.00724952715 -0.0353711359 -0.013526612
v 0.007305176 -0.0353040844 -0.0137500931
v 0.00730630988 -0.035275206 -0.0139721595
v 0.00730741769 -0.0352270789 -0.0141908657
v 0.00730849151 -0.0351600796 -0.0144045474
v 0.00730952341 -0.0350747034 -0.0146115711
v 0.00731050456 -0.0349716172 -0.0148103712
v 0.00731142797 -0.034851592 -0.0149994269
v 0.00731228711 -0.0347155444 -0.0151773067
v 0.00731307454 -0.0345645137 -0.0153426481
v 0.00731378468 -0.0343996435 -0.0154941976
v 0.00731441239 -0.0342221931 -0.015630804
v 0.00731495256 -0.0340335108 -0.0157514233
v 0.00731540145 -0.0338350385 -0.015855141
v 0.00731575536 -0.0336282812 -0.0159411635
v 0.00731601147 -0.0334148109 -0.0160088409
v 0.00731616793 -0.0331962556 -0.0160576552
v 0.00731622335 -0.0329742767 -0.016087234
v 0.00731617771 -0.0327505618 -0.0160973556
v 0.00731603149 -0.0325268209 -0.01608794
v 0.00731578516 -0.0323047489 -0.0160590634
v 0.00731544103 -0.0320860445 -0.0160109382
v 0.00731500192 -0.0318723582 -0.0159439351
v 0.0073144706 -0.0316653289 -0.0158585664
v 0.00731385173 -0.0314665288 -0.0157554746
v 0.00731314905 -0.031277474 -0.0156354513
v 0.00731236907 -0.0310995914 -0.0154994065
v 0.00731151691 -0.0309342481 -0.0153483786
v 0.00731059955 -0.0307826959 -0.0151835149
v 0.00725525152 -0.0305989366 -0.0150394086
v 0.00730859721 -0.0305254683 -0.0148173897
v 0.00730752712 -0.0304217488 -0.0146189164
v 0.00730642211 -0.0303357262 -0.0144121628
v 0.00730529055 -0.0302680489 -0.0141986944
v 0.00730414083 -0.0302192345 -0.01398014
v 0.0073029818 -0.0301896557 -0.0137581658
v 0.0073018223 -0.0301795341 -0.0135344584
v 0.00730067119 -0.0301889498 -0.0133107165
v 0.00729953777 -0.0302178282 -0.0130886501
v 0.0072984295 -0.0302659534 -0.0128699429
v 0.00729735568 -0.0303329583 -0.0126562659
v 0.00729632424 -0.0304183289 -0.0124492384
v 0.00729534263 -0.0305214226 -0.0122504374
v 0.00729441922 -0.0306414478 -0.0120613817
v 0.00729356054 -0.0307774954 -0.0118835066
v 0.00729277264 -0.0309285261 -0.0117181614
v 0.00729206251 -0.0310933925 -0.0115666119
v 0.0072914348 -0.031270843 -0.0114300065
v 0.00729089463 -0.0314595215 -0.0113093872
v 0.00729044573 -0.0316579938 -0.0112056723
v 0.0072900923 -0.0318647549 -0.011119646
v 0.00723502692 -0.0320633203 -0.0109966258
v 0.00728967972 -0.0322967805 -0.0110031581
v 0.00728962384 -0.0325187594 -0.0109735755
v 0.00728966948 -0.0327424705 -0.0109634548
v 0.0072016865 -0.0329698846 -0.0109316651
v 0.00725147268 -0.0331848338 -0.0110217892
v 0.00725181401 -0.0334018283 -0.0110695353
v 0.00725224987 -0.0336138345 -0.0111360131
v 0.007252777 -0.0338192396 -0.0112207141
v 0.0072533912 -0.0340164788 -0.0113229919
v 0.00725408783 -0.0342040583 -0.0114420755
v 0.00725486176 -0.0343805403 -0.011577053
v 0.0072557074 -0.0345445834 -0.0117268953
v 0.00720720319 -0.0347424075 -0.0118508618
v 0.00725758588 -0.0348304845 -0.0120665217
v 0.00725860428 -0.0349501558 -0.0122537203
v 0.00721032219 -0.0351092331 -0.0124246599
v 0.00726076216 -0.0351384096 -0.0126557676
v 0.00726188533 -0.0352055579 -0.0128675578
v 0.00726302573 -0.0352539904 -0.0130843986
v 0.00726417545 -0.0352833346 -0.0133046294
v 0.00721730106 -0.0353457741 -0.0137541797
v 0.00721844938 -0.0353164263 -0.013979868
v 0.00726869237 -0.0352076367 -0.014185885
v 0.0072697578 -0.0351411588 -0.0143978857
v 0.00722171878 -0.0351126418 -0.0146296863
v 0.00727175456 -0.0349541716 -0.0148005299
v 0.00727267098 -0.034835089 -0.0149881011
v 0.00727352314 -0.0347001106 -0.0151645821
v 0.00727430452 -0.0345502608 -0.015328628
v 0.00727500906 -0.0343866907 -0.0154789882
v 0.00727563212 -0.0342106335 -0.0156145217
v 0.00727616809 -0.0340234339 -0.0157341976
v 0.00727661327 -0.0338265151 -0.0158370975
v 0.00727696437 -0.0336213782 -0.0159224458
v 0.00727721816 -0.0334095806 -0.0159895923
v 0.00722846063 -0.0332035683 -0.0160993021
v 0.00727742864 -0.0329725035 -0.0160673726
v 0.00727738347 -0.0327505469 -0.0160774123
v 0.00722832186 -0.0325232223 -0.0161300749
v 0.00727699418 -0.032308232 -0.0160394199
v 0.00727665285 -0.0320912413 -0.0159916729
v 0.00722728297 -0.0318581052 -0.0159836859
v 0.00727568986 -0.03167383 -0.015840495
v 0.00727507565 -0.0314765908 -0.0157382172
v 0.00722541101 -0.0312535465 -0.0156701487
v 0.00722461101 -0.0310727619 -0.0155318994
v 0.00722373743 -0.0309047177 -0.0153784165
v 0.00727184908 -0.0307981186 -0.0151707409
v 0.00722077722 -0.0304893013 -0.0148387589
v 0.0072688004 -0.0304400064 -0.0146105746
v 0.00726770423 -0.0303546563 -0.0144054415
v 0.00726658152 -0.0302875135 -0.0141936513
v 0.00726544065 -0.0302390829 -0.0139768142
v 0.00721506681 -0.0301480349 -0.0137622766
v 0.00726314075 -0.0301996898 -0.0135346269
v 0.00726199849 -0.0302090347 -0.0133126397
v 0.00726087391 -0.0302376878 -0.0130923167
v 0.00721044047 -0.030225601 -0.0128595829
v 0.00725870905 -0.0303519107 -0.0126633234
v 0.00725768553 -0.0304366127 -0.0124579212
v 0.00725671183 -0.030538898 -0.0122606829
v 0.00720636081 -0.0306072123 -0.0120378509
v 0.00725494372 -0.030792959 -0.011896627
v 0.00725416187 -0.030942807 -0.0117325801
v 0.00725345733 -0.0311063826 -0.0115822209
v 0.00725283474 -0.0312824398 -0.0114466874
v 0.00725229876 -0.0314696357 -0.0113270124
v 0.00720233796 -0.031640362 -0.0111682527
v 0.00725150248 -0.0318716876 -0.0111387633
v 0.00720155193 -0.0322895497 -0.0109624369
v 0.00725103775 -0.0325205624 -0.0109938364
v 0.00725108292 -0.0327425189 -0.0109837968
v 0.00716733793 -0.0331933722 -0.0109738214
v 0.00716767833 -0.0334145539 -0.01102247
v 0.00716813002 -0.033630643 -0.0110902563
v 0.00716866739 -0.0338400118 -0.0111765973
v 0.00716928951 -0.034041062 -0.0112808477
v 0.0071699922 -0.0342322662 -0.0114022121
v 0.00717079267 -0.0344121382 -0.0115398187
v 0.00717166159 -0.0345793329 -0.0116925687
v 0.00717356149 -0.0348707698 -0.0120387319
v 0.00717460737 -0.0349927358 -0.0122295553
v 0.00717680342 -0.0351846181 -0.0126393605
v 0.00717794383 -0.035253074 -0.0128552346
v 0.00717910659 -0.0353024341 -0.0130762616
v 0.00722387619 -0.0352667272 -0.0133063206
v 0.00722501893 -0.0352767035 -0.0135268206
v 0.00718489708 -0.0352551267 -0.014198998
v 0.00722942175 -0.0351254791 -0.0143924113
v 0.00718801143 -0.0349967852 -0.0148255043
v 0.00718894182 -0.0348754115 -0.0150167001
v 0.00718981028 -0.0347378254 -0.015196586
v 0.00719060656 -0.034585081 -0.0153637966
v 0.00719133252 -0.0344183333 -0.0155170374
v 0.00719196722 -0.0342388786 -0.0156551842
v 0.00719250971 -0.0340480693 -0.0157771744
v 0.00719295628 -0.0338473581 -0.0158820692
v 0.00719331764 -0.0336382575 -0.0159690566
v 0.00723683368 -0.0334052555 -0.0159736853
v 0.00719379075 -0.032976862 -0.0161167681
v 0.0072369976 -0.0327505395 -0.0160609316
v 0.0071933479 -0.0322997682 -0.0160882697
v 0.00723627163 -0.0320955552 -0.0159757528
v 0.00719202589 -0.0316531323 -0.0158854779
v 0.00723470468 -0.0314849317 -0.0157239549
v 0.00718810735 -0.0307605322 -0.0152027896
v 0.00723053794 -0.0306762625 -0.0149852997
v 0.00718499999 -0.0303955209 -0.0146318097
v 0.00718387868 -0.0303085223 -0.0144227184
v 0.00718273781 -0.0302400962 -0.0142068332
v 0.00722513301 -0.0302555356 -0.0139740985
v 0.00717923092 -0.0301505793 -0.0135350926
v 0.00722171366 -0.030225683 -0.0133142779
v 0.00722059608 -0.0302541498 -0.0130953966
v 0.00717470981 -0.0303057507 -0.0126469759
v 0.00717366673 -0.0303920861 -0.0124376118
v 0.00717267441 -0.030496344 -0.0122365672
v 0.00717087556 -0.0307553317 -0.0118654966
v 0.00717007136 -0.0309080537 -0.0116982749
v 0.00716936076 -0.0310748033 -0.0115450304
v 0.00716872979 -0.0312542655 -0.0114068985
v 0.00721207727 -0.031478025 -0.0113416649
v 0.0071673682 -0.0318548866 -0.0110930223
v 0.00721103372 -0.0320878513 -0.0110879401
v 0.00716688717 -0.0325162783 -0.0109453006
v 0.00721086981 -0.0327425636 -0.0110006975
v 0.00716948137 -0.0329619907 -0.0110232597
v 0.00717480714 -0.0346721783 -0.0119100856
v 0.00717781996 -0.0350261033 -0.0124636982
v 0.00714460574 -0.0353227034 -0.0133017795
v 0.00718341395 -0.0352636054 -0.0135270562
v 0.00718454225 -0.0352543704 -0.0137464395
v 0.00718565425 -0.0352260508 -0.0139641874
v 0.00715027796 -0.0351782851 -0.0144119672
v 0.00718880491 -0.035029456 -0.0145911584
v 0.00715785054 -0.0334198773 -0.0160283186
v 0.00719532045 -0.033187557 -0.0160090998
v 0.00715802191 -0.0327506326 -0.0161174722
v 0.0071951868 -0.032531146 -0.0160387978
v 0.00715728337 -0.032081116 -0.0160303898
v 0.00719417725 -0.0318894237 -0.0158975925
v 0.00715567451 -0.0314569362 -0.0157730263
v 0.0071923607 -0.0313061066 -0.0155951148
v 0.00719159562 -0.0311316922 -0.0154617168
v 0.00719076023 -0.0309695639 -0.0153136263
v 0.00715141837 -0.0306303445 -0.0150179528
v 0.00718789687 -0.0305687394 -0.0147929704
v 0.00714589423 -0.0302002877 -0.0139843104
v 0.00718239089 -0.0302394591 -0.0137543548
v 0.00714239851 -0.0301697794 -0.0133098504
v 0.00717901345 -0.0302670877 -0.0130978674
v 0.00717792707 -0.030314276 -0.0128834164
v 0.00717399502 -0.0306824613 -0.0120905908
v 0.0071325521 -0.0314499438 -0.0112934923
v 0.00717009883 -0.0316792317 -0.0112515306
v 0.00713147828 -0.0320732966 -0.0110341255
v 0.00716934772 -0.0323055871 -0.0110529549
v 0.00713131391 -0.0327425413 -0.0109449672
v 0.00709509198 -0.0329674147 -0.0109611358
v 0.00709534297 -0.0331905857 -0.0109901791
v 0.00709568476 -0.033410389 -0.0110385139
v 0.00709612668 -0.0336251333 -0.0111058587
v 0.00709666032 -0.0338331908 -0.0111916652
v 0.00709728291 -0.0340329856 -0.0112952655
v 0.00709798839 -0.0342229828 -0.0114158876
v 0.00709877256 -0.0344017483 -0.0115526086
v 0.00709962891 -0.0345679261 -0.0117043843
v 0.00710055046 -0.0347202346 -0.0118700704
v 0.00710153161 -0.0348575041 -0.0120484121
v 0.00710256724 -0.0349787213 -0.0122380368
v 0.00710363872 -0.0350829549 -0.0124374935
v 0.0071047456 -0.0351694413 -0.012645266
v 0.00710588275 -0.0352374502 -0.0128597999
v 0.00713856192 -0.0352154002 -0.0130919153
v 0.00710937195 -0.0353263728 -0.013527358
v 0.00711052492 -0.0353169329 -0.0137522137
v 0.0071116644 -0.0352879092 -0.0139753902
v 0.00714414101 -0.0351697616 -0.0141764292
v 0.00711489748 -0.0350863971 -0.0146179898
v 0.00711588003 -0.034982793 -0.014817778
v 0.00711680809 -0.0348621607 -0.0150077771
v 0.00711767841 -0.0347254165 -0.0151865212
v 0.00711847004 -0.0345736146 -0.015352672
v 0.00711918017 -0.0344079472 -0.0155049982
v 0.00711981114 -0.0342296176 -0.0156422872
v 0.00712035038 -0.034040004 -0.0157635193
v 0.00712080486 -0.0338405296 -0.0158677343
v 0.00715228543 -0.0336079486 -0.0158862304
v 0.00712157134 -0.0331985652 -0.0160712749
v 0.00715274271 -0.0329690762 -0.0160289202
v 0.00712143444 -0.0325257927 -0.016101703
v 0.00715231476 -0.0323150419 -0.0160013996
v 0.00712039974 -0.0318680629 -0.0159569792
v 0.00715103047 -0.031690415 -0.0158055425
v 0.00711854128 -0.0312702283 -0.0156469252
v 0.00711775757 -0.0310914554 -0.0155102108
v 0.0071168975 -0.0309252646 -0.0153584536
v 0.0071472493 -0.0308282003 -0.0151461093
v 0.00711396663 -0.0305144805 -0.0148247862
v 0.00711289095 -0.0304102544 -0.0146253258
v 0.00711178081 -0.0303237904 -0.0144175421
v 0.00714206276 -0.0303254649 -0.0141840754
v 0.00710832328 -0.0301769823 -0.0137602901
v 0.00713867508 -0.0302389953 -0.0135352071
v 0.00710486202 -0.0302053038 -0.0130874328
v 0.00710374815 -0.0302536841 -0.012867637
v 0.00710267294 -0.0303210337 -0.0126528973
v 0.00710163219 -0.0304068159 -0.012444837
v 0.00710064638 -0.0305104181 -0.012245045
v 0.00709971786 -0.0306310542 -0.0120550534
v 0.00709885499 -0.0307677761 -0.0118762869
v 0.00709806336 -0.0309195779 -0.0117101325
v 0.0070973495 -0.0310852583 -0.0115578249
v 0.00712852739 -0.0313050561 -0.0114794467
v 0.00709572108 -0.0316526666 -0.0111950738
v 0.00712721609 -0.0318852291 -0.0111762648
v 0.00709495461 -0.0322946385 -0.0109915491
v 0.00712675881 -0.0325240977 -0.0110335741
v 0.00709531829 -0.0352098122 -0.0130931381
v 0.00709644752 -0.0352386422 -0.0133094853
v 0.0071008848 -0.035164278 -0.0141751859
v 0.00710193114 -0.0350989737 -0.0143834483
v 0.00710901059 -0.0336060151 -0.0158811063
v 0.00710926019 -0.0333979577 -0.0159470662
v 0.00710946694 -0.0329685919 -0.016023472
v 0.0071094227 -0.0327505507 -0.0160333365
v 0.00710903993 -0.0323160402 -0.0159960147
v 0.00710870465 -0.0321028754 -0.0159491114
v 0.00710775843 -0.0316928327 -0.015800599
v 0.00710715493 -0.0314990729 -0.0157001261
v 0.00710398564 -0.0308325756 -0.0151426634
v 0.00710303476 -0.0306994338 -0.0149697168
v 0.00709881121 -0.0303309802 -0.0141828153
v 0.00709769037 -0.0302834027 -0.013969806
v 0.00709543098 -0.0302447099 -0.0135354213
v 0.0070943092 -0.0302538835 -0.013317354
v 0.00708530657 -0.0313083492 -0.0114843287
v 0.00708478037 -0.0314922407 -0.0113667678
v 0.00708399806 -0.0318872035 -0.0111818379
v 0.00708374847 -0.0320952572 -0.0111158742
v 0.00708354171 -0.032524623 -0.0110394694
v 0.00708358595 -0.0327426642 -0.0110296039
v 0.00704016071 -0.03296059 -0.0110409027
v 0.00704040052 -0.0331768654 -0.0110690258
v 0.0070407358 -0.0333898701 -0.0111158956
v 0.00704116328 -0.0335979722 -0.0111811506
v 0.00704168063 -0.0337995999 -0.0112642925
v 0.00704228366 -0.0339932106 -0.0113646919
v 0.00704296771 -0.0341773406 -0.0114815822
v 0.00704372767 -0.0343505777 -0.0116140768
v 0.00704455748 -0.0345116034 -0.0117611634
v 0.00704545062 -0.0346592031 -0.0119217262
v 0.00704640104 -0.0347922444 -0.0120945433
v 0.00704740128 -0.0349097177 -0.0122782951
v 0.00704844343 -0.035010729 -0.0124715883
v 0.00704951957 -0.035094507 -0.0126729505
v 0.00705062132 -0.0351604186 -0.0128808459
v 0.00705174124 -0.035207957 -0.0130936941
v 0.00705287 -0.0352367684 -0.0133098774
v 0.00705399923 -0.0352466255 -0.013527751
v 0.00705512008 -0.0352374539 -0.0137456516
v 0.00705622416 -0.0352093242 -0.0139619242
v 0.00705730356 -0.0351624601 -0.0141749214
v 0.00705834944 -0.0350972041 -0.0143830236
v 0.00705935387 -0.0350140594 -0.0145846494
v 0.00706030941 -0.0349136591 -0.0147782601
v 0.00706120906 -0.0347967669 -0.0149623826
v 0.00706204539 -0.0346642695 -0.0151356179
v 0.00706281234 -0.0345171764 -0.0152966464
v 0.00706350431 -0.0343566127 -0.0154442415
v 0.00706411572 -0.0341837965 -0.0155772818
v 0.00706464192 -0.0340000354 -0.0156947523
v 0.00706507871 -0.0338067412 -0.0157957636
v 0.0070654233 -0.0336053781 -0.0158795454
v 0.00706567243 -0.0333974808 -0.0159454513
v 0.00706582516 -0.0331846252 -0.0159929935
v 0.00706587918 -0.0329684392 -0.0160218049
v 0.00706583494 -0.0327505656 -0.0160316583
v 0.00706569245 -0.0325326622 -0.0160224922
v 0.00706545264 -0.0323163904 -0.0159943644
v 0.00706511736 -0.0321033895 -0.0159474947
v 0.00706468942 -0.0318952799 -0.0158822443
v 0.00706417207 -0.031693656 -0.0157990977
v 0.00706356904 -0.0315000415 -0.0156986993
v 0.00706288544 -0.031315919 -0.015581809
v 0.00706212549 -0.03114268 -0.0154493144
v 0.00706129568 -0.0309816487 -0.0153022278
v 0.00706040207 -0.030834049 -0.0151416641
v 0.00705945166 -0.0307010114 -0.0149688479
v 0.00705845188 -0.0305835363 -0.0147850951
v 0.00705740973 -0.030482525 -0.0145918028
v 0.00705633359 -0.0303987451 -0.0143904407
v 0.00705523137 -0.0303328354 -0.0141825452
v 0.00705411192 -0.0302852951 -0.0139696961
v 0.00705298316 -0.0302564856 -0.0137535138
v 0.00705185393 -0.0302466322 -0.0135356439
v 0.00705073308 -0.0302558001 -0.0133177396
v 0.00704962853 -0.0302839279 -0.0131014669
v 0.0070485496 -0.0303307939 -0.0128884688
v 0.00704750372 -0.0303960498 -0.0126803666
v 0.00704649929 -0.0304791946 -0.0124787409
v 0.00704554329 -0.0305795949 -0.0122851301
v 0.0070446441 -0.0306964908 -0.0121010086
v 0.00704380777 -0.0308289845 -0.0119277723
v 0.00704304036 -0.0309760757 -0.0117667438
v 0.00704234885 -0.0311366431 -0.0116191497
v 0.00704173744 -0.0313094631 -0.0114861093
v 0.00704121124 -0.0314932168 -0.0113686379
v 0.00704077445 -0.0316865109 -0.0112676285
v 0.00704042986 -0.031887874 -0.0111838495
v 0.00704018027 -0.032095775 -0.0111179389
v 0.00704002799 -0.0323086269 -0.0110703968
v 0.00703997398 -0.032524813 -0.0110415909
v 0.00704001822 -0.0327426866 -0.011031732
v -0.00744158588 -0.0327545814 -0.0146315396
v -0.00294164848 -0.0327526145 -0.0146083077
v -0.00744156772 -0.0328439102 -0.0146274986
v -0.00294163032 -0.0328419432 -0.0146042667
v -0.00744159007 -0.032932546 -0.0146156875
v -0.00294165243 -0.032930579 -0.0145924548
v -0.00744165247 -0.0330198146 -0.0145961968
v -0.00294171507 -0.0330178477 -0.014572965
v -0.00744175492 -0.0331050567 -0.0145691736
v -0.00294181728 -0.0331030898 -0.0145459417
v -0.00744189601 -0.0331876129 -0.0145348227
v -0.00294195861 -0.0331856459 -0.0145115908
v -0.00744207529 -0.0332668647 -0.0144934077
v -0.00294213765 -0.033264894 -0.0144701749
v -0.00744229089 -0.033342205 -0.0144452434
v -0.00294235349 -0.033340238 -0.0144220116
v -0.00744254142 -0.03341306 -0.0143906986
v -0.00294260401 -0.0334110931 -0.0143674668
v -0.00744282501 -0.0334788933 -0.0143301822
v -0.0029428876 -0.0334769227 -0.0143069504
v -0.0074431398 -0.0335391983 -0.0142641617
v -0.00294320215 -0.0335372314 -0.0142409299
v -0.00744348252 -0.0335935242 -0.0141931362
v -0.00294354511 -0.0335915573 -0.0141699044
v -0.00744385133 -0.0336414501 -0.014117647
v -0.00294391392 -0.0336394832 -0.0140944142
v -0.00744424341 -0.0336826108 -0.0140382675
v -0.00294430577 -0.0336806439 -0.0140150357
v -0.00744465506 -0.033716701 -0.0139555987
v -0.00294471765 -0.033714734 -0.0139323669
v -0.00744508393 -0.033743456 -0.0138702784
v -0.00294514629 -0.0337414891 -0.0138470465
v -0.00744552631 -0.0337626711 -0.0137829464
v -0.0029455889 -0.0337607041 -0.0137597146
v -0.00744597893 -0.0337742046 -0.0136942752
v -0.00294604152 -0.0337722376 -0.0136710433
v -0.00744643854 -0.0337779671 -0.0136049381
v -0.00294650113 -0.0337760001 -0.0135817062
v -0.00744690187 -0.0337739214 -0.0135156093
v -0.00294696423 -0.0337719545 -0.0134923775
v -0.00744736427 -0.0337621085 -0.0134269744
v -0.00294742687 -0.0337601416 -0.0134037426
v -0.00744782342 -0.0337426215 -0.0133397076
v -0.00294788601 -0.0337406509 -0.0133164758
v -0.00744827557 -0.0337155946 -0.0132544683
v -0.00294833793 -0.0337136276 -0.0132312365
v -0.00744871655 -0.0336812474 -0.0131719112
v -0.00294877915 -0.0336792767 -0.0131486794
v -0.00744914403 -0.0336398333 -0.0130926594
v -0.00294920639 -0.0336378664 -0.0130694266
v -0.00744955381 -0.0335916691 -0.013017321
v -0.00294961641 -0.0335897021 -0.0129940892
v -0.00744994357 -0.0335371196 -0.0129464678
v -0.00295000593 -0.0335351527 -0.0129232351
v -0.00745031005 -0.033476606 -0.0128806373
v -0.00295037241 -0.0334746391 -0.0128574055
v -0.00745064998 -0.0334105864 -0.0128203295
v -0.00295071257 -0.0334086195 -0.0127970977
v -0.00745096151 -0.03333956 -0.0127660083
v -0.0029510241 -0.0333375931 -0.0127427764
v -0.00745124184 -0.0332640633 -0.0127180824
v -0.00295130443 -0.0332620963 -0.0126948506
v -0.0074514891 -0.0331846848 -0.012676917
v -0.00295155169 -0.0331827179 -0.0126536852
v -0.00745170144 -0.0331020169 -0.0126428315
v -0.0029517638 -0.0331000499 -0.0126195997
v -0.00745187653 -0.0330166928 -0.0126160774
v -0.00295193912 -0.0330147259 -0.0125928456
v -0.00745201437 -0.0329293646 -0.0125968587
v -0.00295207649 -0.0329273976 -0.0125736268
v -0.00745211262 -0.0328406915 -0.012585328
v -0.00295217498 -0.0328387246 -0.0125620961
v -0.00745217083 -0.0327513479 -0.0125815682
v -0.00295223342 -0.0327493809 -0.0125583364
v -0.00745218899 -0.0326620229 -0.0125856092
v -0.00295225158 -0.0326600559 -0.0125623774
v -0.00745216664 -0.0325733833 -0.0125974212
v -0.00295222923 -0.0325714163 -0.0125741884
v -0.00745210424 -0.0324861147 -0.0126169147
v -0.00295216683 -0.0324841477 -0.0125936829
v -0.00745200226 -0.03240088 -0.012643938
v -0.00295206462 -0.0323989131 -0.0126207061
v -0.0074518607 -0.0323183164 -0.0126782851
v -0.00295192329 -0.0323163494 -0.0126550533
v -0.00745168189 -0.0322390683 -0.012719701
v -0.00295174425 -0.0322371013 -0.0126964683
v -0.00745146582 -0.032163728 -0.0127678644
v -0.00295152841 -0.0321617611 -0.0127446325
v -0.00745121529 -0.032092873 -0.0128224092
v -0.00295127789 -0.0320909061 -0.0127991773
v -0.00745093171 -0.0320270397 -0.0128829256
v -0.00295099407 -0.0320250727 -0.0128596937
v -0.00745061738 -0.0319667347 -0.0129489461
v -0.00295067974 -0.0319647677 -0.0129257143
v -0.00745027419 -0.0319124088 -0.0130199715
v -0.00295033678 -0.0319104418 -0.0129967397
v -0.00744990539 -0.0318644829 -0.0130954618
v -0.00294996798 -0.031862516 -0.0130722299
v -0.00744951377 -0.0318233185 -0.013174844
v -0.00294957613 -0.0318213515 -0.0131516121
v -0.00744910166 -0.0317892283 -0.0132575091
v -0.00294916425 -0.0317872614 -0.0132342773
v -0.00744867278 -0.0317624733 -0.0133428331
v -0.00294873537 -0.0317605063 -0.0133196013
v -0.0074482304 -0.0317432582 -0.0134301614
v -0.002948293 -0.0317412913 -0.0134069296
v -0.00744777778 -0.0317317285 -0.0135188326
v -0.00294784014 -0.0317297615 -0.0134956008
v -0.00744731817 -0.0317279696 -0.0136081735
v -0.00294738053 -0.031725999 -0.0135849416
v -0.00744685531 -0.0317320079 -0.0136974985
v -0.00294691767 -0.0317300409 -0.0136742666
v -0.00744639244 -0.0317438208 -0.0137861334
v -0.00294645503 -0.0317418538 -0.0137629015
v -0.0074459333 -0.0317633115 -0.0138734039
v -0.00294599589 -0.0317613445 -0.0138501721
v -0.00744548161 -0.0317903347 -0.0139586395
v -0.00294554397 -0.0317883678 -0.0139354076
v -0.00744504016 -0.0318246856 -0.0140412003
v -0.00294510275 -0.0318227187 -0.0140179684
v -0.00744461315 -0.031866096 -0.0141204493
v -0.00294467551 -0.031864129 -0.0140972165
v -0.0074442029 -0.0319142602 -0.0141957868
v -0.00294426549 -0.0319122933 -0.0141725549
v -0.00744381361 -0.0319688097 -0.0142666409
v -0.00294387597 -0.0319668427 -0.0142434081
v -0.00744344713 -0.0320293233 -0.0143324705
v -0.00294350949 -0.0320273563 -0.0143092386
v -0.00744310673 -0.0320953503 -0.0143927783
v -0.00294316933 -0.0320933834 -0.0143695464
v -0.00744279521 -0.0321663767 -0.0144470995
v -0.0029428578 -0.0321644098 -0.0144238677
v -0.00744251488 -0.032241866 -0.0144950254
v -0.00294257747 -0.032239899 -0.0144717935
v -0.00744226761 -0.0323212445 -0.0145361908
v -0.0029423302 -0.0323192775 -0.0145129589
v -0.00744205574 -0.0324039161 -0.01457028
v -0.0029421181 -0.0324019492 -0.0145470481
v -0.00744188018 -0.0324892364 -0.0145970341
v -0.00294194254 -0.0324872695 -0.0145738022
v -0.00744174281 -0.0325765647 -0.0146162491
v -0.00294180517 -0.0325745977 -0.0145930173
v -0.00744164456 -0.0326652415 -0.0146277808
v -0.00294170692 -0.0326632746 -0.014604548
v 0.0149360904 -0.0232249852 0.0103753339
v 0.0164344404 -0.0218680501 0.0103809321
v 0.00803461857 -0.0232496485 0.0103397379
v 0.00753403362 -0.0218719412 0.0103349816
v 0.00753462454 -0.0232498683 0.0103371562
v 0.0160322525 -0.0227426887 0.0103802336
v 0.0161137935 -0.0226477198 0.0103805056
v 0.0163106676 -0.0223224945 0.0103810094
v 0.0163573101 -0.0222051777 0.0103810653
v 0.0156495813 -0.0230398197 0.0103787268
v 0.0157567356 -0.0229753852 0.0103791784
v 0.0150546329 -0.023219442 0.0103759374
v 0.0158592891 -0.0229015201 0.010379591
v 0.0159428027 -0.0228309613 0.0103799114
v 0.0161889028 -0.0225441139 0.01038073
v 0.0162547026 -0.0224352516 0.0103808977
v 0.0163944717 -0.022083329 0.0103810653
v 0.0164217986 -0.0219568666 0.0103810066
v 0.015177954 -0.0232036375 0.0103765493
v 0.0152999517 -0.0231776331 0.0103771379
v 0.0155381458 -0.0230948683 0.0103782378
v 0.0154203586 -0.0231413487 0.0103777032
v -0.000747417624 0.0203116164 0.00329677807
v -0.00077877898 0.0202860069 0.00922559109
v -0.000775765337 0.0203557331 0.00922549609
v -0.000766686804 0.0204249304 0.00922543462
v -0.000741372176 0.02038108 0.00329754152
v -0.000745154335 0.0203463864 0.00329705141
v -0.000751610205 0.0204930734 0.00922540482
v -0.000729299441 0.0204497837 0.00329915341
v -0.000736082264 0.0204155874 0.00329824653
v -0.000730650791 0.0205596443 0.00922540762
v -0.000711243716 0.0205173269 0.00330156158
v -0.0007210162 0.0204837341 0.00330026215
v -0.000703972182 0.0206241328 0.00922544394
v -0.000687438762 0.0205828603 0.00330466963
v -0.000700071047 0.0205503087 0.00330303144
v -0.000544711482 0.0208517928 0.00922590774
v -0.000561342866 0.0207910072 0.00331940223
v -0.00059183978 0.0208003186 0.00922574569
v -0.000603778579 0.020735614 0.00331478333
v -0.00063429866 0.020744931 0.00922561344
v -0.000641229562 0.0206767283 0.00331041892
v -0.000671771704 0.0206860527 0.00922551285
v -0.000658018107 0.0206460711 0.00330837467
v -0.000673409959 0.0206148028 0.00330645568
v -0.000462824537 0.0208896697 0.00332875573
v -0.000493912376 0.0208621416 0.00332601042
v -0.000514238083 0.0208424907 0.00332411285
v -0.000493274943 0.0208989661 0.00922609866
v -0.000437924959 0.0209414773 0.00922631752
v -0.000407496147 0.0209321883 0.00333316554
v -0.000379082252 0.0209790003 0.00922656246
v -0.00034867294 0.0209697168 0.00333718932
v -0.000378450233 0.0209516231 0.00333523867
v -0.000317190017 0.0210112538 0.00922683068
v -0.000252725033 0.0210379902 0.00922712125
v -0.000222345479 0.0210287161 0.00334351184
v -0.000254937273 0.0210160185 0.00334218447
v -0.000286797382 0.021001976 0.00334068225
v -0.000318100938 0.020986516 0.00333901029
v -0.000186175152 0.0210590046 0.00922743231
v -0.000118046992 0.0210741404 0.00922776014
v -8.7680979e-05 0.0210648701 0.00334676914
v -0.00012186294 0.0210580565 0.00334628299
v -0.00015580465 0.0210497342 0.00334557123
v -0.00018923427 0.0210399739 0.00334464666
v 2.08657275e-05 0.0210863557 0.0092284577
v 1.62507058e-05 0.0210763048 0.00334682944
v -4.88545629e-05 0.0210832804 0.00922810286
v -1.84882119e-05 0.0210740101 0.00334704667
v -5.78330983e-05 0.0210695677 0.00334700523
v 9.05923589e-05 0.0210833419 0.00922882278
v 8.62409579e-05 0.0210763309 0.00334566343
v 5.12374281e-05 0.0210770834 0.00334636634
v 0.000159788877 0.0210742615 0.00922919437
v 0.000155720962 0.0210702736 0.00334354513
v 0.000120974422 0.0210740659 0.00334472326
v 0.00022793001 0.0210591871 0.0092295697
v 0.000224407384 0.0210581906 0.00334051019
v 0.000190186198 0.0210649818 0.0033421407
v 0.000294497877 0.0210382286 0.00922994688
v 0.000291785749 0.0210401732 0.00333662471
v 0.000258347194 0.0210499 0.00333866617
v 0.000389458524 0.0210022479 0.003329386
v 0.000378063036 0.0210074466 0.00333032664
v 0.000324939145 0.0210289359 0.00333437906
v 0.00035898952 0.02101155 0.0092303222
v 0.00042090565 0.0209793504 0.00923069194
v 0.000451405358 0.0209700391 0.00332380901
v 0.00047978427 0.0209418777 0.00923105516
v 0.000510316924 0.0209325571 0.00331779453
v 0.000535170722 0.020899415 0.00923140813
v 0.000565737661 0.020890085 0.00331150531
v 0.00058664399 0.0208522882 0.00923174806
v 0.000617245736 0.0208429452 0.00330510829
v 0.000633816409 0.0208008531 0.00923207309
v 0.000664452498 0.0207915008 0.00329878344
v 0.00067632657 0.0207455028 0.0092323795
v 0.000706995546 0.0207361411 0.00329270517
v 0.000726372527 0.0207071863 0.0032898183
v 0.000713850081 0.0206866581 0.00923266634
v 0.00074454979 0.0206772871 0.00328704435
v 0.000761396659 0.020646628 0.00328441733
v 0.000746099977 0.020624768 0.00923292991
v 0.000776827277 0.0206153877 0.00328196445
v 0.000790912425 0.0205834415 0.00327968854
v 0.000772837608 0.0205603 0.00923317019
v 0.000803588657 0.0205509122 0.00327761099
v 0.0008110177 0.0205296073 0.00327638094
v 0.000793850399 0.0204937495 0.00923338346
v 0.000824620656 0.0204843562 0.00327411038
v 0.000832938997 0.0204504561 0.00327271293
v 0.000808985496 0.0204256196 0.0092335688
v 0.00083976984 0.0204162207 0.00327156531
v 0.000845105562 0.0203816649 0.00327067496
v 0.000818123401 0.0203564297 0.00923372526
v 0.000848916359 0.020347029 0.00327005261
v 0.000851217017 0.0203122068 0.00326969661
v 0.000821196823 0.0202867053 0.00923385099
v 0.000851992692 0.0202773046 0.00326961582
v 0.000851250661 0.0202424824 0.00326980674
v 0.000818183238 0.0202169809 0.00923394505
v 0.000848976139 0.0202075802 0.00327027286
v 0.000845180242 0.0201728158 0.00327100838
v 0.000809104706 0.0201477818 0.00923400745
v 0.000839888991 0.0201383848 0.00327200396
v 0.000833076425 0.0201040935 0.00327326148
v 0.000794028107 0.0200796388 0.00923403725
v 0.000824798306 0.0200702455 0.00327476393
v 0.000811234233 0.0200249888 0.00327717746
v 0.000773072359 0.0200130697 0.00923403352
v 0.000803819683 0.0200036783 0.00327847479
v 0.000791204919 0.0199712198 0.00328064943
v 0.000746390026 0.0199485794 0.00923399813
v 0.000777117384 0.0199391991 0.00328303198
v 0.000761639094 0.0199078079 0.00328559615
v 0.000714193273 0.0198866595 0.00923392922
v 0.000744892983 0.0198772885 0.00328830723
v 0.000726756349 0.0198474042 0.00329117198
v 0.000676720287 0.0198277831 0.00923382863
v 0.000707389263 0.0198184196 0.00329415384
v 0.000634257623 0.0197723955 0.00923369639
v 0.000664893712 0.0197630413 0.00330040697
v 0.000587129383 0.0197209194 0.00923353434
v 0.000617731072 0.0197115764 0.00330689433
v 0.00053569657 0.0196737461 0.00923334341
v 0.000566263509 0.0196644142 0.00331344013
v 0.000480346556 0.0196312368 0.00923312455
v 0.00051087921 0.0196219161 0.00331986346
v 0.000421500125 0.0195937119 0.00923287962
v 0.000451999833 0.0195844006 0.00332599622
v 0.000359611615 0.0195614584 0.00923261046
v 0.000390080619 0.0195521563 0.00333167496
v 0.000295142905 0.019534722 0.00923231989
v 0.000325584173 0.0195254292 0.0033367523
v 0.000378689583 0.0195469521 0.00333263213
v 0.000228593024 0.0195137076 0.00923200976
v 0.000160464857 0.0194985718 0.00923168194
v 0.000190862178 0.0194892921 0.0033446278
v 0.000225152049 0.0194961242 0.00334297237
v 0.000259010238 0.0195044205 0.00334110577
v 0.00029251122 0.0195141956 0.00333902822
v 9.12761607e-05 0.0194894318 0.00923133921
v 2.15521413e-05 0.0194863565 0.00923098344
v 5.1923842e-05 0.0194770861 0.00334889186
v 8.67478884e-05 0.0194778573 0.00334818941
v 0.000121658224 0.0194801576 0.00334723922
v 0.000156438764 0.0194839817 0.00334604736
v -0.000117371012 0.0194984507 0.0092302477
v -5.71530945e-05 0.0194845106 0.00334950723
v -4.81707611e-05 0.0194893721 0.0092306193
v -1.78044102e-05 0.0194801018 0.00334956264
v 1.70184285e-05 0.0194778331 0.00334935123
v -0.000185512137 0.0195135269 0.00922987144
v -0.00012120769 0.0194959678 0.00334874867
v -8.70049917e-05 0.0194891803 0.00334925624
v -0.000252080004 0.0195344836 0.00922949519
v -0.000188717429 0.019514028 0.00334705086
v -0.000155141621 0.0195042547 0.00334801082
v -0.000316567923 0.0195611641 0.00922911987
v -0.000254236074 0.0195378456 0.00334452
v -0.000221700466 0.0195252094 0.00334588508
v -0.000378487777 0.0195933618 0.0092287492
v -0.000317425031 0.0195672773 0.00334125455
v -0.000286175287 0.0195518844 0.00334297144
v -0.000492749154 0.0196732972 0.00922803301
v -0.000406933861 0.0196215454 0.00333523448
v -0.000437362673 0.0196308345 0.00922838598
v -0.00037793463 0.0196021814 0.00333736488
v -0.000348078494 0.0195840783 0.00333937677
v -0.00051375269 0.0197111219 0.0033258989
v -0.00049341016 0.0196914952 0.0033278584
v -0.000462298689 0.0196640007 0.00333069055
v -0.000671428454 0.0198860541 0.00922677573
v -0.000603384862 0.0198178925 0.00331623177
v -0.000633904943 0.0198272094 0.00922706164
v -0.000560901652 0.0197625495 0.00332102575
v -0.000591398566 0.019771859 0.00922736898
v -0.000544226146 0.019720424 0.00922769308
v -0.000703682075 0.0199479442 0.00922651123
v -0.000657667639 0.0199073032 0.00330954464
v -0.00064088637 0.0198767297 0.00331168179
v -0.000730415981 0.0200124122 0.00922627188
v -0.000687146268 0.0199704729 0.00330564007
v -0.000673119852 0.0199386142 0.00330752297
v -0.000751432555 0.0200789627 0.00922605861
v -0.000711089408 0.0200362075 0.00330231339
v -0.000699836295 0.0200030766 0.00330389524
v -0.000766567653 0.0201470945 0.00922587235
v -0.000729150895 0.020103557 0.00329969986
v -0.00072083855 0.0200696234 0.00330091594
v -0.000775705557 0.0202162843 0.00922571681
v -0.000741278869 0.0201722141 0.00329787331
v -0.000735963113 0.0201377515 0.00329868519
v -0.000748165709 0.0202766601 0.00329672126
v -0.000747387588 0.0202416684 0.00329688843
v -0.000745094498 0.0202069394 0.00329727167
v 0.000574271427 0.0169264916 -0.000762272801
v -0.000425717211 0.0169260539 -0.000767435471
v 0.000574279518 0.0169076081 -0.000762242998
v -0.000425709091 0.0169071723 -0.000767405669
v 0.000533353188 0.0160334278 0.00723903952
v 0.000533286424 0.0161891021 0.00723879412
v 0.000574659964 0.0160208177 -0.000760843162
v 0.000569108059 0.0169280674 0.000237712811
v -0.000430880551 0.0169276297 0.000232550141
v -0.000466702186 0.0161886644 0.00723363133
v -0.000466635393 0.0160329901 0.0072338772
v -0.000425328646 0.01602038 -0.000766005833
v 0.0185368676 0.0072913086 0.00734577933
v 0.0185325779 0.0172912944 0.00732999435
v 0.0185265411 0.00729446113 0.00934575032
v 0.0185222514 0.0172944479 0.00932996534
v 0.0172668379 0.0172938984 0.00932348426
v 0.0172771644 0.0172907468 0.00732351327
v 0.00504598254 -0.0327453725 -0.0121920416
v 0.00304600899 -0.0327462479 -0.0122023672
v 0.00504605938 -0.0328630395 -0.0121969935
v 0.00304608606 -0.032863915 -0.0122073181
v 0.00504618883 -0.0329798311 -0.0122121796
v 0.00304621551 -0.0329807028 -0.0122225042
v 0.00504636997 -0.0330948494 -0.0122374892
v 0.00304639642 -0.0330957249 -0.0122478148
v 0.00504660094 -0.0332072265 -0.012272724
v 0.00304662739 -0.033208102 -0.0122830495
v 0.00504688034 -0.0333161056 -0.0123176239
v 0.00304690679 -0.033316981 -0.0123279495
v 0.00504720584 -0.0334206559 -0.01237184
v 0.00304723252 -0.0334215313 -0.0123821655
v 0.0050475751 -0.0335200839 -0.0124349603
v 0.00304760179 -0.0335209593 -0.0124452859
v 0.00504798535 -0.0336136334 -0.0125065045
v 0.00304801203 -0.0336145088 -0.0125168301
v 0.00504843378 -0.0337005891 -0.0125859352
v 0.00304846023 -0.0337014645 -0.0125962608
v 0.00504891621 -0.0337802917 -0.0126726376
v 0.00304894266 -0.0337811634 -0.0126829632
v 0.00504942937 -0.0338521339 -0.012765957
v 0.00304945582 -0.0338530093 -0.0127762826
v 0.00504996954 -0.0339155681 -0.0128651867
v 0.00304999575 -0.0339164436 -0.0128755122
v 0.00505053205 -0.0339701138 -0.0129695637
v 0.0030505585 -0.0339709893 -0.0129798893
v 0.0050511132 -0.0340153538 -0.0130782994
v 0.00305113965 -0.0340162292 -0.0130886249
v 0.00505170831 -0.0340509489 -0.0131905628
v 0.00305173476 -0.0340518244 -0.0132008884
v 0.00505231274 -0.0340766236 -0.013305502
v 0.00305233942 -0.0340774953 -0.0133158276
v 0.00505292229 -0.0340921767 -0.0134222377
v 0.00305294897 -0.0340930521 -0.0134325633
v 0.00505353231 -0.0340975001 -0.0135398917
v 0.00305355876 -0.0340983756 -0.0135502173
v 0.00505413767 -0.0340925492 -0.0136575578
v 0.00305416412 -0.034093421 -0.0136678824
v 0.00505473372 -0.0340773612 -0.0137743456
v 0.0030547604 -0.0340782367 -0.0137846712
v 0.00505531672 -0.0340520516 -0.0138893649
v 0.00305534317 -0.0340529233 -0.0138996905
v 0.00505588111 -0.0340168104 -0.0140017411
v 0.00305590779 -0.0340176858 -0.0140120657
v 0.0050564236 -0.0339719132 -0.0141106145
v 0.00305645028 -0.0339727886 -0.0141209401
v 0.00505694002 -0.0339176953 -0.0142151676
v 0.00305696647 -0.0339185707 -0.0142254932
v 0.0050574257 -0.0338545777 -0.0143145937
v 0.00305745215 -0.0338554494 -0.0143249184
v 0.0050578774 -0.033783026 -0.0144081395
v 0.00305790384 -0.0337839015 -0.0144184642
v 0.00505829137 -0.0337035991 -0.0144950962
v 0.00305831805 -0.0337044746 -0.0145054217
v 0.00505866483 -0.0336168967 -0.0145747969
v 0.00305869151 -0.0336177684 -0.0145851225
v 0.00505899498 -0.0335235707 -0.0146466363
v 0.00305902166 -0.0335244462 -0.0146569619
v 0.00505927904 -0.0334243439 -0.0147100743
v 0.00305930572 -0.0334252156 -0.0147203989
v 0.00505951513 -0.033319965 -0.01476462
v 0.00305954181 -0.0333208367 -0.0147749456
v 0.00505970139 -0.0332112275 -0.0148098599
v 0.00305972784 -0.0332121029 -0.0148201846
v 0.00505983597 -0.0330989622 -0.0148454485
v 0.00305986241 -0.0330998376 -0.0148557741
v 0.00505991839 -0.0329840221 -0.0148711223
v 0.0030599446 -0.0329848938 -0.0148814479
v 0.00505994726 -0.0328672789 -0.014886681
v 0.00305997394 -0.0328681543 -0.0148970056
v 0.00505992351 -0.0327496305 -0.0148920035
v 0.00305994996 -0.0327505022 -0.0149023291
v 0.00505984668 -0.0326319598 -0.0148870517
v 0.00305987312 -0.0326328352 -0.0148973772
v 0.00505971722 -0.0325151719 -0.0148718627
v 0.00305974367 -0.0325160474 -0.0148821874
v 0.00505953608 -0.0324001499 -0.0148465522
v 0.00305956253 -0.0324010253 -0.0148568777
v 0.00505930511 -0.0322877727 -0.0148113174
v 0.00305933156 -0.0322886482 -0.0148216421
v 0.00505902572 -0.0321788937 -0.0147664212
v 0.00305905216 -0.0321797691 -0.0147767467
v 0.00505870022 -0.0320743434 -0.0147122052
v 0.00305872667 -0.0320752189 -0.0147225307
v 0.00505833095 -0.0319749154 -0.014649081
v 0.00305835716 -0.0319757909 -0.0146594066
v 0.00505792024 -0.0318813697 -0.0145775368
v 0.00305794692 -0.0318822451 -0.0145878615
v 0.00505747227 -0.0317944139 -0.0144981099
v 0.00305749895 -0.0317952856 -0.0145084355
v 0.00505698984 -0.0317147113 -0.0144114038
v 0.00305701653 -0.0317155868 -0.0144217294
v 0.00505647669 -0.0316428654 -0.0143180843
v 0.00305650313 -0.0316437408 -0.0143284099
v 0.00505593652 -0.0315794311 -0.0142188584
v 0.0030559632 -0.0315803066 -0.014229184
v 0.005055374 -0.0315248854 -0.0141144777
v 0.00305540045 -0.0315257609 -0.0141248032
v 0.00505479285 -0.0314796455 -0.0140057458
v 0.0030548193 -0.031480521 -0.0140160713
v 0.00505419774 -0.0314440541 -0.0138934823
v 0.00305422419 -0.0314449258 -0.0139038069
v 0.00505359285 -0.0314183831 -0.0137785431
v 0.00305361953 -0.0314192586 -0.0137888677
v 0.00505298376 -0.0314028263 -0.0136618037
v 0.00305301021 -0.031403698 -0.0136721283
v 0.00505237374 -0.0313975029 -0.0135441534
v 0.00305240043 -0.0313983746 -0.013554479
v 0.00505176838 -0.0314024538 -0.0134264836
v 0.00305179507 -0.0314033292 -0.0134368092
v 0.00505117234 -0.0314176455 -0.0133096995
v 0.00305119879 -0.0314185172 -0.0133200251
v 0.00505058933 -0.0314429514 -0.0131946802
v 0.00305061601 -0.0314438269 -0.0132050049
v 0.00505002495 -0.0314781889 -0.013082304
v 0.00305005116 -0.0314790644 -0.0130926296
v 0.00504948245 -0.0315230861 -0.0129734268
v 0.00304950867 -0.0315239616 -0.0129837515
v 0.00504896604 -0.031577304 -0.0128688775
v 0.00304899272 -0.0315781794 -0.0128792031
v 0.00504848035 -0.0316404253 -0.0127694476
v 0.00304850703 -0.0316413008 -0.0127797732
v 0.00504802866 -0.0317119732 -0.0126759019
v 0.00304805534 -0.0317128487 -0.0126862274
v 0.00504761469 -0.0317914039 -0.0125889489
v 0.00304764113 -0.0317922756 -0.0125992745
v 0.00504724123 -0.03187811 -0.0125092445
v 0.00304726744 -0.0318789855 -0.0125195701
v 0.00504691107 -0.0319714323 -0.0124374051
v 0.00304693752 -0.031972304 -0.0124477297
v 0.00504662702 -0.0320706591 -0.0123739708
v 0.00304665323 -0.0320715345 -0.0123842964
v 0.00504639093 -0.032175038 -0.0123194251
v 0.00304641738 -0.0321759097 -0.0123297507
v 0.00504620466 -0.0322837755 -0.0122741815
v 0.00304623134 -0.0322846472 -0.012284507
v 0.00504607009 -0.0323960409 -0.0122385928
v 0.00304609654 -0.0323969126 -0.0122489175
v 0.00504598767 -0.032510981 -0.0122129191
v 0.00304601435 -0.0325118564 -0.0122232446
v 0.00504595833 -0.0326277204 -0.0121973641
v 0.00304598501 -0.0326285958 -0.0122076897
v -0.018466929 0.0172751211 0.0071389759
v -0.0184626393 0.00727513386 0.00715476135
v -0.0184772555 0.0172782727 0.00913894735
v -0.0184729658 0.00727828685 0.00915473234
v 0.00504004443 -0.0327435583 -0.0110420575
v 0.00504000019 -0.0325256884 -0.0110519156
v 0.00504005468 -0.0323095024 -0.0110807214
v 0.00504020695 -0.0320966505 -0.0111282645
v 0.00504045608 -0.0318887495 -0.0111941751
v 0.00504080066 -0.0316873863 -0.0112779532
v 0.00504123792 -0.0314940922 -0.0113789635
v 0.00504176412 -0.0313103348 -0.011496434
v 0.00504237507 -0.0311375167 -0.0116294753
v 0.00504306704 -0.0309769511 -0.0117770694
v 0.00504383398 -0.030829858 -0.0119380979
v 0.00504467031 -0.0306973662 -0.0121113332
v 0.00504556997 -0.0305804685 -0.0122954557
v 0.0050465255 -0.0304800682 -0.0124890665
v 0.0050475304 -0.0303969253 -0.0126906922
v 0.00504857628 -0.0303316694 -0.0128987944
v 0.00504965521 -0.0302848015 -0.0131117925
v 0.0050507593 -0.0302566737 -0.0133280652
v 0.00505188061 -0.0302475058 -0.0135459686
v 0.00505300984 -0.030257361 -0.0137638394
v 0.00505413814 -0.0302861705 -0.0139800217
v 0.00505525805 -0.030333709 -0.0141928708
v 0.00505636027 -0.0303996205 -0.0144007653
v 0.00505743641 -0.0304833986 -0.0146021284
v 0.00505847856 -0.0305844098 -0.0147954207
v 0.00505947834 -0.0307018869 -0.0149791734
v 0.00506042875 -0.0308349244 -0.0151519896
v 0.00506132236 -0.0309825242 -0.0153125534
v 0.00506215217 -0.0311435536 -0.01545964
v 0.00506291166 -0.0313167907 -0.0155921336
v 0.00506359572 -0.0315009169 -0.0157090239
v 0.00506419875 -0.0316945277 -0.0158094242
v 0.0050647161 -0.0318961553 -0.015892569
v 0.00506514404 -0.0321042612 -0.0159578193
v 0.00506547885 -0.0323172621 -0.0160046909
v 0.00506571867 -0.0325335376 -0.0160328168
v 0.00506586116 -0.032751441 -0.0160419829
v 0.00506590586 -0.0329693146 -0.0160321295
v 0.00506585138 -0.0331855007 -0.01600332
v 0.00506569911 -0.0333983563 -0.0159557778
v 0.00506544951 -0.0336062536 -0.01588987
v 0.00506510539 -0.0338076167 -0.0158060882
v 0.00506466813 -0.0340009108 -0.0157050788
v 0.00506414194 -0.0341846682 -0.0155876074
v 0.00506353099 -0.0343574882 -0.0154545661
v 0.00506283902 -0.0345180519 -0.015306972
v 0.00506207207 -0.034665145 -0.0151459435
v 0.00506123528 -0.0347976387 -0.0149727082
v 0.00506033609 -0.0349145308 -0.0147885857
v 0.00505938055 -0.0350149348 -0.0145949749
v 0.00505837565 -0.0350980759 -0.0143933492
v 0.00505732978 -0.0351633318 -0.014185247
v 0.00505625084 -0.0352101997 -0.0139722489
v 0.00505514629 -0.0352383293 -0.0137559762
v 0.00505402545 -0.0352474973 -0.0135380765
v 0.00505289622 -0.0352376401 -0.013320202
v 0.00505176792 -0.0352088325 -0.0131040197
v 0.005050648 -0.035161294 -0.0128911706
v 0.00504954578 -0.0350953825 -0.0126832761
v 0.00504846964 -0.0350116007 -0.012481913
v 0.00504742749 -0.0349105932 -0.0122886207
v 0.00504642772 -0.0347931199 -0.012104868
v 0.0050454773 -0.0346600786 -0.0119320517
v 0.0050445837 -0.0345124789 -0.011771488
v 0.00504375389 -0.0343514495 -0.0116244014
v 0.00504299439 -0.0341782123 -0.0114919078
v 0.00504231034 -0.0339940861 -0.0113750165
v 0.00504170731 -0.0338004716 -0.0112746181
v 0.00504118996 -0.0335988477 -0.0111914761
v 0.00504076201 -0.0333907418 -0.0111262212
v 0.0050404272 -0.0331777371 -0.0110793514
v 0.00504018739 -0.0329614617 -0.0110512283
v -0.0174253639 0.00727558741 0.00716011645
v -0.0174296554 0.0172755737 0.007144331
v 0.00501809688 0.0322545394 -0.0122946454
v 0.00301812356 0.032253664 -0.0123049701
v 0.00501817418 0.0321368724 -0.0122995963
v 0.0030182004 0.032135997 -0.0123099219
v 0.00501830364 0.0320200808 -0.0123147825
v 0.00301832985 0.0320192091 -0.0123251081
v 0.00501848431 0.0319050625 -0.012340093
v 0.00301851099 0.0319041871 -0.0123504177
v 0.00501871528 0.0317926854 -0.0123753278
v 0.00301874196 0.0317918099 -0.0123856524
v 0.00501899468 0.0316838063 -0.0124202278
v 0.00301902136 0.0316829346 -0.0124305524
v 0.00501932064 0.0315792561 -0.0124744438
v 0.00301934686 0.0315783806 -0.0124847684
v 0.00501968991 0.0314798281 -0.0125375632
v 0.00301971636 0.0314789526 -0.0125478888
v 0.00502010016 0.0313862786 -0.0126091084
v 0.00302012661 0.0313854069 -0.0126194339
v 0.00502054812 0.0312993228 -0.0126885381
v 0.00302057457 0.0312984474 -0.0126988636
v 0.00502103055 0.0312196221 -0.0127752405
v 0.003021057 0.0312187467 -0.012785566
v 0.00502154371 0.031147778 -0.0128685599
v 0.00302157039 0.0311469026 -0.0128788855
v 0.00502208387 0.0310843438 -0.0129677895
v 0.00302211032 0.0310834683 -0.0129781151
v 0.00502264639 0.0310297962 -0.0130721675
v 0.00302267307 0.0310289226 -0.0130824922
v 0.00502322754 0.0309845563 -0.0131809022
v 0.00302325422 0.0309836827 -0.0131912278
v 0.00502382265 0.030948963 -0.0132931666
v 0.00302384933 0.0309480894 -0.0133034913
v 0.00502442755 0.030923292 -0.0134081058
v 0.003024454 0.0309224185 -0.0134184305
v 0.0050250371 0.0309077352 -0.0135248415
v 0.00302506331 0.0309068616 -0.0135351671
v 0.00502564665 0.0309024137 -0.0136424946
v 0.0030256731 0.0309015382 -0.0136528201
v 0.00502625201 0.0309073646 -0.0137601607
v 0.00302627846 0.030906491 -0.0137704862
v 0.00502684806 0.0309225526 -0.0138769485
v 0.00302687474 0.030921679 -0.0138872741
v 0.00502743106 0.0309478622 -0.0139919687
v 0.00302745751 0.0309469886 -0.0140022943
v 0.00502799591 0.0309831016 -0.014104344
v 0.00302802236 0.0309822261 -0.0141146695
v 0.00502853841 0.0310279988 -0.0142132184
v 0.00302856485 0.0310271233 -0.014223543
v 0.00502905436 0.0310822148 -0.0143177705
v 0.00302908081 0.0310813412 -0.0143280961
v 0.00502954004 0.0311453361 -0.0144171966
v 0.00302956649 0.0311444625 -0.0144275222
v 0.00502999173 0.0312168859 -0.0145107424
v 0.00303001818 0.0312160123 -0.014521068
v 0.00503040571 0.0312963128 -0.0145977
v 0.00303043239 0.0312954411 -0.0146080246
v 0.00503077963 0.0313830189 -0.0146773998
v 0.00303080608 0.0313821435 -0.0146877253
v 0.00503110979 0.0314763412 -0.0147492401
v 0.003031136 0.0314754695 -0.0147595648
v 0.00503139384 0.031575568 -0.0148126772
v 0.00303142029 0.0315746963 -0.0148230027
v 0.00503162947 0.0316799507 -0.0148672229
v 0.00303165615 0.0316790752 -0.0148775484
v 0.00503181573 0.0317886844 -0.0149124628
v 0.00303184218 0.0317878127 -0.0149227884
v 0.00503195031 0.0319009498 -0.0149480524
v 0.00303197699 0.0319000781 -0.0149583779
v 0.00503203273 0.0320158899 -0.0149737252
v 0.00303205918 0.0320150182 -0.0149840508
v 0.00503206206 0.032132633 -0.0149892839
v 0.00303208851 0.0321317576 -0.0149996094
v 0.00503203785 0.0322502851 -0.0149946064
v 0.00303206453 0.0322494097 -0.0150049319
v 0.00503196102 0.0323679522 -0.0149896555
v 0.00303198746 0.0323670767 -0.014999981
v 0.00503183156 0.03248474 -0.0149744656
v 0.00303185801 0.0324838683 -0.0149847912
v 0.00503165042 0.0325997621 -0.014949155
v 0.0030316771 0.0325988866 -0.0149594806
v 0.00503141945 0.0327121392 -0.0149139203
v 0.00303144613 0.0327112637 -0.0149242459
v 0.00503114006 0.0328210145 -0.014869024
v 0.00303116674 0.0328201428 -0.0148793496
v 0.00503081456 0.0329255685 -0.014814808
v 0.00303084101 0.0329246931 -0.0148251336
v 0.00503044529 0.0330249965 -0.0147516849
v 0.00303047174 0.0330241211 -0.0147620095
v 0.00503003504 0.0331185423 -0.0146801397
v 0.00303006149 0.0331176706 -0.0146904653
v 0.00502958708 0.0332055017 -0.0146007128
v 0.00302961329 0.0332046263 -0.0146110384
v 0.00502910418 0.0332852006 -0.0145140076
v 0.00302913086 0.0332843289 -0.0145243322
v 0.00502859103 0.0333570428 -0.0144206882
v 0.00302861771 0.0333561711 -0.0144310128
v 0.00502805132 0.0334204808 -0.0143214613
v 0.00302807777 0.0334196053 -0.0143317869
v 0.00502748834 0.0334750265 -0.0142170805
v 0.00302751502 0.033474151 -0.0142274061
v 0.00502690719 0.0335202664 -0.0141083486
v 0.00302693387 0.033519391 -0.0141186742
v 0.00502631208 0.0335558616 -0.0139960852
v 0.00302633876 0.0335549861 -0.0140064107
v 0.00502570765 0.0335815325 -0.013881146
v 0.0030257341 0.0335806571 -0.0138914715
v 0.0050250981 0.0335970894 -0.0137644066
v 0.00302512455 0.0335962139 -0.0137747321
v 0.00502448855 0.0336024091 -0.0136467572
v 0.00302451476 0.0336015373 -0.0136570819
v 0.00502388319 0.0335974582 -0.0135290874
v 0.0030239094 0.0335965827 -0.0135394121
v 0.00502328668 0.0335822701 -0.0134123024
v 0.00302331313 0.0335813947 -0.0134226279
v 0.00502270414 0.0335569605 -0.0132972831
v 0.00302273058 0.0335560888 -0.0133076087
v 0.00502213929 0.033521723 -0.0131849078
v 0.00302216574 0.0335208476 -0.0131952334
v 0.00502159679 0.0334768258 -0.0130760297
v 0.00302162324 0.0334759504 -0.0130863553
v 0.00502108084 0.0334226079 -0.0129714813
v 0.00302110729 0.0334217325 -0.012981806
v 0.00502059516 0.0333594866 -0.0128720514
v 0.00302062137 0.0333586112 -0.012882377
v 0.00502014346 0.0332879387 -0.0127785057
v 0.00302016968 0.0332870632 -0.0127888313
v 0.00501972903 0.033208508 -0.0126915518
v 0.00301975547 0.0332076363 -0.0127018774
v 0.00501935557 0.0331218056 -0.0126118474
v 0.00301938201 0.0331209302 -0.0126221729
v 0.00501902541 0.0330284797 -0.0125400079
v 0.00301905186 0.0330276079 -0.0125503335
v 0.00501874136 0.0329292528 -0.0124765746
v 0.00301876781 0.0329283811 -0.0124869002
v 0.00501850527 0.0328248739 -0.0124220289
v 0.00301853172 0.0328239985 -0.0124323536
v 0.00501831947 0.0327161364 -0.0123767853
v 0.00301834568 0.0327152647 -0.0123871109
v 0.00501818443 0.0326038711 -0.0123411957
v 0.00301821111 0.0326029994 -0.0123515213
v 0.00501810247 0.032488931 -0.0123155229
v 0.00301812892 0.0324880593 -0.0123258475
v 0.00501807313 0.0323721915 -0.0122999679
v 0.00301809958 0.0323713161 -0.0123102935
v -0.0174356923 0.00727873994 0.00916008744
v 0.00503149489 0.029984979 -0.0146975787
v 0.00503049046 0.0299018361 -0.0144959521
v 0.00502944458 0.0298365802 -0.0142878499
v 0.00502836518 0.0297897123 -0.0140748527
v 0.0050272611 0.0297615845 -0.01385858
v 0.00502613978 0.0297524147 -0.0136406794
v 0.00502501102 0.0297622718 -0.0134228058
v 0.00502388226 0.0297910795 -0.0132066226
v 0.00502276234 0.0298386216 -0.0129937744
v 0.00502166059 0.0299045313 -0.012785879
v 0.00502058398 0.0299883094 -0.0125845168
v 0.0050195423 0.0300893225 -0.0123912236
v 0.00501854206 0.0302067939 -0.0122074718
v 0.00501759164 0.0303398352 -0.0120346555
v 0.0050166985 0.0304874331 -0.0118740918
v 0.00501586869 0.0306484643 -0.0117270052
v 0.00501510873 0.0308217015 -0.0115945106
v 0.00501442468 0.0310058258 -0.0114776203
v 0.00501382165 0.0311994385 -0.011377221
v 0.0050133043 0.0314010642 -0.011294079
v 0.00501287635 0.0316091701 -0.011228825
v 0.00501254154 0.0318221711 -0.0111819543
v 0.00501230173 0.0320384502 -0.0111538311
v 0.00501215924 0.0322563536 -0.0111446613
v 0.005012115 0.0324742272 -0.0111545194
v 0.00501216901 0.0326904133 -0.0111833252
v 0.00501232129 0.0329032652 -0.0112308674
v 0.00501257088 0.0331111662 -0.011296778
v 0.00501291547 0.0333125293 -0.011380557
v 0.00501335226 0.0335058235 -0.0114815664
v 0.00501387846 0.0336895771 -0.0115990378
v 0.00501448987 0.0338623971 -0.0117320782
v 0.00501518138 0.0340229645 -0.0118796723
v 0.00501594832 0.0341700539 -0.0120407017
v 0.00501678512 0.0343025476 -0.012213937
v 0.00501768431 0.0344194435 -0.0123980595
v 0.00501864031 0.0345198438 -0.0125916693
v 0.00501964474 0.0346029885 -0.012793296
v 0.00502069062 0.0346682444 -0.0130013973
v 0.00502176955 0.0347151123 -0.0132143954
v 0.0050228741 0.0347432382 -0.013430668
v 0.00502399495 0.0347524062 -0.0136485724
v 0.00502512418 0.0347425528 -0.0138664423
v 0.00502625294 0.0347137451 -0.0140826255
v 0.00502737239 0.034666203 -0.0142954737
v 0.00502847461 0.0346002914 -0.0145033691
v 0.00502955075 0.0345165133 -0.0147047313
v 0.0050305929 0.0344155021 -0.0148980236
v 0.00503159268 0.0342980288 -0.0150817763
v 0.00503254309 0.0341649875 -0.0152545925
v 0.0050334367 0.0340173915 -0.0154151563
v 0.00503426651 0.0338563584 -0.0155622428
v 0.005035026 0.0336831212 -0.0156947374
v 0.00503571006 0.0334989987 -0.0158116277
v 0.00503631309 0.0333053842 -0.0159120262
v 0.00503683044 0.0331037603 -0.0159951728
v 0.00503725838 0.0328956507 -0.0160604231
v 0.00503759366 0.0326826498 -0.0161072928
v 0.00503783347 0.0324663743 -0.0161354207
v 0.00503797596 0.0322484709 -0.0161445867
v 0.0050380202 0.0320305973 -0.0161347333
v 0.00503796618 0.0318144113 -0.0161059238
v 0.00503781345 0.0316015594 -0.0160583798
v 0.00503756432 0.0313936584 -0.0159924738
v 0.00503721973 0.0311922953 -0.015908692
v 0.00503678247 0.0309989993 -0.0158076808
v 0.00503625674 0.0308152456 -0.0156902093
v 0.00503564533 0.0306424256 -0.0155571699
v 0.00503495336 0.03048186 -0.0154095758
v 0.00503418641 0.0303347707 -0.0152485464
v 0.00503335008 0.0302022733 -0.0150753111
v 0.00503245043 0.0300853811 -0.0148911886
v -0.0174399819 0.0172787271 0.00914430246
v 0.00501091359 0.0140424911 0.0117653636
v 0.00501607684 0.0140409153 0.0107653784
v -0.00498894975 0.0140381195 0.0117137376
v -0.00498378649 0.0140365437 0.0107137514
v -0.00498421583 0.015036542 0.0107121728
v 0.00501564797 0.0150409136 0.0107637998
v -0.016543055 -0.0218950789 0.00222018198
v -0.0165301468 -0.0218990203 -0.000279780943
v -0.0165173579 -0.0219878443 -0.00029226343
v -0.0165441502 -0.0220977291 0.0102110114
v -0.0164897777 -0.0221143272 -0.000319302926
v -0.016506888 -0.0222195443 0.010211396
v -0.0164723024 -0.0221756585 -0.000336477999
v -0.0165843125 -0.0218824837 0.0102104647
v -0.0165715888 -0.0219712891 0.0102106705
v -0.0165048465 -0.0220516697 -0.000304514804
v -0.0156869646 -0.0231085196 0.0102170315
v -0.0155103784 -0.0231728349 -0.00116214214
v -0.0155691374 -0.0231548958 0.0102177123
v -0.0153893698 -0.0232091881 -0.00127192587
v -0.0154486997 -0.0231910758 0.0102183912
v -0.0152667547 -0.0232352652 -0.00138589169
v -0.015326676 -0.0232169721 0.0102190627
v -0.0151428068 -0.0232511498 -0.0015039813
v -0.0152033409 -0.0232326686 0.0102197239
v -0.0150236599 -0.0232567731 -0.00162028649
v -0.0150847975 -0.0232381076 0.0102203442
v -0.0157407355 -0.0230711848 -0.000960030302
v -0.0156725775 -0.0231060795 -0.00101894757
v -0.0156287514 -0.0231262911 -0.00105720956
v -0.0162629951 -0.0226618741 0.0102133527
v -0.01612534 -0.0227738768 -0.000637886231
v -0.0161813721 -0.0227567703 0.0102139236
v -0.0160354245 -0.0228621885 -0.000712158449
v -0.0160918441 -0.0228449646 0.0102145253
v -0.0159514919 -0.0229327865 -0.000781849551
v -0.0160082746 -0.0229154509 0.0102150673
v -0.0158484261 -0.0230066981 -0.000868306903
v -0.0159056578 -0.0229892265 0.0102157136
v -0.0157984439 -0.0230535679 0.0102163684
v -0.0162828434 -0.0225752313 -0.000506988261
v -0.0162099712 -0.0226755142 -0.000567897863
v -0.0163381938 -0.0225583334 0.0102128014
v -0.0164040793 -0.0224495269 0.0102122892
v -0.0163490232 -0.0224663354 -0.000450438674
v -0.0164601486 -0.022336822 0.0102118226
v -0.0164053533 -0.0223535504 -0.000400438177
v -0.0164523758 -0.0222360492 -0.000356078235
v -0.0164299011 -0.0222957451 -0.000377702352
v 0.00500532147 0.0150440661 0.0127637712
v 0.00500489259 0.0160440654 0.0127621926
v 0.0050750263 0.0150227863 -0.000736032729
v 0.00507459743 0.0160227846 -0.000737611204
v -0.00499454234 0.0150396945 0.0127121443
v -0.00499497121 0.0160396937 0.0127105657
v -0.00054917502 0.0183694456 0.00332439598
v -0.000631480303 0.0183973517 0.00331508671
v -0.000662017148 0.0184066743 0.00922915619
v -0.000924765307 0.0185316894 0.00327053596
v -0.000947254186 0.0185444746 0.00326637644
v -0.000978032826 0.0185538717 0.00922729261
v -0.00194648153 0.0202756263 0.00296714762
v -0.00197876454 0.0202854816 0.00921939593
v -0.00194453332 0.0201881155 0.00296807778
v -0.00197107904 0.0201111734 0.00921970978
v -0.00194823253 0.0199381988 0.00922010094
v -0.00192928058 0.0200144891 0.00297460705
v -0.0019388122 0.0201013237 0.00297056511
v -0.00191039289 0.0197678749 0.00922056474
v -0.00189899816 0.0198428612 0.00298715616
v -0.00191601308 0.0199283641 0.00298014958
v -0.00179412332 0.0195101909 0.00302848918
v -0.00182582112 0.0195917152 0.00301630958
v -0.00185785897 0.0196014959 0.00922109839
v -0.00185388199 0.0196744259 0.00300530531
v -0.00187825074 0.0197580624 0.00299557601
v -0.0013923787 0.0188715272 0.00922465231
v -0.00147887471 0.0189905167 0.00313616777
v -0.00151030789 0.019000113 0.0092238402
v -0.00158497866 0.0191288404 0.00310257985
v -0.00161658134 0.0191384889 0.00922307372
v -0.00167862675 0.0192759037 0.0030707242
v -0.00171039021 0.0192856006 0.00922235753
v -0.00172052288 0.0193523038 0.00305578602
v -0.00179101864 0.0194403287 0.00922169723
v -0.00175910839 0.0194305871 0.00304164435
v -0.00176590797 0.0194453336 0.00303911418
v -0.00123260147 0.0187442154 0.00320421532
v -0.00135578867 0.0188566912 0.00317188166
v -0.00126369181 0.0187537074 0.00922550261
v -0.00112522382 0.0186475534 0.00922638457
v -0.00109429576 0.0186381117 0.00323653664
v -0.00102164247 0.0185895879 0.00325185806
v -0.000823236944 0.0184733737 0.00922821835
v -0.000712886686 0.0184289757 0.00330450968
v -0.000792590028 0.0184640177 0.00329282787
v -0.000870762044 0.0185025372 0.00328008481
v -0.000495591899 0.0183542818 0.00923009776
v -0.00032523906 0.0183165912 0.00923103653
v -0.000294844183 0.0183073133 0.00334445806
v -0.000380190555 0.0183242429 0.00333918701
v -0.000465139979 0.0183449853 0.00333247567
v -0.000492459629 0.0183524992 0.00333000743
v -0.000152244029 0.018293893 0.00923196599
v 2.20669499e-05 0.0182863586 0.00923287775
v -3.48914327e-05 0.0182789583 0.00335147581
v -5.66587114e-05 0.0182800181 0.00335140852
v -0.000121876285 0.0182846226 0.00335063972
v -0.000208530895 0.0182940718 0.00334829418
v 0.000196375127 0.0182940457 0.00923376624
v 0.000139443349 0.0182790142 0.003348578
v 5.24386487e-05 0.0182770863 0.00335078617
v 0.000399820216 0.0183075927 0.00333285076
v 0.000379274978 0.018304076 0.00333459047
v 0.000369346904 0.0183168948 0.00923462305
v 0.000313825411 0.0182943288 0.00333955977
v 0.000226782184 0.0182847623 0.0033448271
v 0.000485548982 0.0183246639 0.00332466839
v 0.000539671048 0.0183547344 0.00923544262
v 0.000570240198 0.0183454007 0.00331510953
v 0.000654001662 0.01836982 0.0033042084
v 0.000706047576 0.0184072722 0.00923621934
v 0.000736739952 0.0183979031 0.00329201622
v 0.000867213763 0.0184741132 0.00923694577
v 0.000898053928 0.0184646975 0.00326413149
v 0.000818190223 0.0184295718 0.00327861821
v 0.000811968232 0.0184270069 0.00327969086
v 0.000976572977 0.0185034014 0.00324856862
v 0.00102194061 0.0185547452 0.00923761725
v 0.00105294923 0.0185452793 0.00323216268
v 0.00116905104 0.0186485555 0.00923822913
v 0.00120024476 0.0186390337 0.00319694891
v 0.00123899826 0.0186668355 0.00318689039
v 0.00130742427 0.0187548306 0.00923877582
v 0.0013388145 0.0187452491 0.00315943686
v 0.00143601 0.018872764 0.00923925452
v 0.00146760279 0.0188631192 0.00312066777
v 0.00155382883 0.0190014523 0.00923965964
v 0.00158562476 0.018991746 0.0030817478
v 0.0016559104 0.0190803651 0.00305699254
v 0.00165998354 0.0191399213 0.00923998933
v 0.00169197691 0.0191301536 0.00304382131
v 0.00175366609 0.019287115 0.00924024172
v 0.00178584561 0.0192772914 0.00300802966
v 0.00182795036 0.0193539374 0.00299125211
v 0.0018341617 0.0194419138 0.00924041308
v 0.00186651014 0.0194320381 0.00297548063
v 0.00190169248 0.0195118915 0.00296075037
v 0.00190086372 0.0196031388 0.00924050342
v 0.00193335873 0.0195932183 0.00294720498
v 0.00196137791 0.0196756609 0.00293498579
v 0.00195325864 0.0197695643 0.0092405118
v 0.00198587286 0.0197596066 0.00292411493
v 0.00200654473 0.019844003 0.00291479379
v 0.00199094834 0.0199399218 0.0092404373
v 0.0020236508 0.019929938 0.00290696626
v 0.00203692564 0.0200162232 0.00290080602
v 0.00201364653 0.0201129168 0.00924028177
v 0.00204640301 0.0201029163 0.00289633172
v 0.00205208268 0.0201898664 0.00289357896
v 0.00202118233 0.0202872306 0.00924004614
v 0.0020539572 0.0202772245 0.00289256452
v 0.00749690691 0.0150143737 -0.00672360277
v 0.00741429348 0.0150395948 0.0092761647
v 0.00749438116 0.0209011585 -0.00673289504
v 0.00741176773 0.0209263787 0.00926687289
v -0.0075054178 0.0208946019 -0.00681033498
v -0.0075880317 0.0209198222 0.00918943249
v -0.00750289252 0.0150078163 -0.00680104271
v -0.00758550595 0.0150330374 0.00919872522
v 0.0172814541 0.00729076006 0.00733929826
v 0.0172711276 0.00729391258 0.00933926925
v 0.0172836389 -0.0218692571 0.00938530359
v 0.0172975007 0.0197842065 0.00317326933
v 0.017265765 0.019793896 0.00931953825
v 0.0173153747 -0.0218789447 0.00323903514
v -0.0172613077 0.0209056567 0.00284532015
v -0.0172938053 0.0209155772 0.00913932454
v -0.00746947154 0.0322453305 -0.0147341425
v -0.00296953414 0.0322472975 -0.0147109106
v -0.00746945338 0.0321560018 -0.0147301015
v -0.00296951574 0.0321579725 -0.0147068696
v -0.00746947573 0.0320673659 -0.0147182904
v -0.00296953809 0.0320693366 -0.0146950586
v -0.00746953813 0.0319800973 -0.0146987997
v -0.00296960049 0.0319820642 -0.0146755679
v -0.00746964011 0.0318948589 -0.0146717764
v -0.00296970271 0.0318968259 -0.0146485446
v -0.00746978167 0.031812299 -0.0146374265
v -0.00296984403 0.031814266 -0.0146141946
v -0.00746996095 0.0317330509 -0.0145960106
v -0.00297002331 0.0317350179 -0.0145727787
v -0.00747017656 0.0316577069 -0.0145478472
v -0.00297023891 0.0316596776 -0.0145246154
v -0.00747042708 0.0315868556 -0.0144933015
v -0.00297048967 0.0315888226 -0.0144700697
v -0.00747071067 0.0315210223 -0.014432786
v -0.00297077326 0.0315229893 -0.0144095542
v -0.00747102546 0.0314607136 -0.0143667646
v -0.00297108782 0.0314626805 -0.0143435327
v -0.00747136818 0.0314063914 -0.0142957391
v -0.00297143054 0.0314083584 -0.0142725073
v -0.00747173699 0.0313584656 -0.0142202498
v -0.00297179935 0.0313604325 -0.014197018
v -0.00747212861 0.0313173011 -0.0141408704
v -0.0029721912 0.031319268 -0.0141176386
v -0.00747254072 0.031283211 -0.0140582016
v -0.00297260308 0.0312851779 -0.0140349697
v -0.00747296959 0.0312564559 -0.0139728813
v -0.00297303195 0.0312584229 -0.0139496494
v -0.00747341197 0.031237239 -0.0138855502
v -0.00297347433 0.031239206 -0.0138623184
v -0.00747386459 0.0312257074 -0.013796878
v -0.00297392718 0.0312276743 -0.0137736462
v -0.0074743242 0.0312219486 -0.0137075409
v -0.00297438679 0.0312239155 -0.0136843091
v -0.00747478707 0.0312259886 -0.0136182122
v -0.00297484966 0.0312279556 -0.0135949804
v -0.00747524993 0.0312377997 -0.0135295773
v -0.00297531253 0.0312397685 -0.0135063455
v -0.00747570908 0.0312572941 -0.0134423114
v -0.00297577144 0.0312592611 -0.0134190787
v -0.00747616077 0.0312843174 -0.0133570712
v -0.00297622336 0.0312862843 -0.0133338394
v -0.00747660222 0.0313186646 -0.013274515
v -0.00297666457 0.0313206315 -0.0132512832
v -0.00747702923 0.0313600823 -0.0131952623
v -0.00297709182 0.0313620493 -0.0131720304
v -0.00747743947 0.0314082466 -0.0131199248
v -0.00297750183 0.0314102136 -0.013096692
v -0.00747782923 0.0314627923 -0.0130490707
v -0.00297789159 0.0314647593 -0.0130258389
v -0.00747819524 0.0315233059 -0.0129832402
v -0.00297825783 0.0315252729 -0.0129600083
v -0.00747853564 0.0315893292 -0.0129229324
v -0.002978598 0.0315912962 -0.0128997006
v -0.00747884717 0.0316603556 -0.0128686111
v -0.00297890953 0.0316623226 -0.0128453793
v -0.0074791275 0.0317358486 -0.0128206862
v -0.00297918986 0.0317378156 -0.0127974544
v -0.00747937476 0.0318152271 -0.0127795208
v -0.00297943712 0.0318171941 -0.012756289
v -0.00747958664 0.031897895 -0.0127454344
v -0.00297964923 0.031899862 -0.0127222026
v -0.00747976219 0.0319832191 -0.0127186803
v -0.00297982479 0.031985186 -0.0126954485
v -0.00747989956 0.0320705511 -0.0126994625
v -0.00297996216 0.032072518 -0.0126762297
v -0.00747999782 0.0321592242 -0.0126879308
v -0.00298006041 0.0321611911 -0.012664699
v -0.00748005649 0.0322485641 -0.0126841711
v -0.00298011885 0.032250531 -0.0126609392
v -0.00748007465 0.0323378928 -0.012688213
v -0.00298013701 0.0323398598 -0.0126649812
v -0.0074800523 0.0324265286 -0.0127000241
v -0.00298011489 0.0324284956 -0.0126767922
v -0.0074799899 0.0325137973 -0.0127195185
v -0.00298005226 0.0325157642 -0.0126962857
v -0.00747988746 0.0325990357 -0.0127465418
v -0.00297995005 0.0326010026 -0.0127233099
v -0.00747974636 0.0326815955 -0.012780888
v -0.00297980895 0.0326835625 -0.0127576562
v -0.00747956708 0.0327608436 -0.0128223039
v -0.00297962967 0.0327628106 -0.0127990721
v -0.00747935148 0.0328361876 -0.0128704673
v -0.00297941407 0.0328381546 -0.0128472354
v -0.00747910095 0.0329070427 -0.012925012
v -0.00297916331 0.0329090096 -0.0129017802
v -0.00747881737 0.0329728723 -0.0129855284
v -0.00297887973 0.0329748392 -0.0129622966
v -0.00747850258 0.033033181 -0.0130515499
v -0.00297856517 0.0330351479 -0.0130283171
v -0.00747815985 0.0330875032 -0.0131225754
v -0.00297822221 0.0330894701 -0.0130993435
v -0.00747779105 0.033135429 -0.0131980646
v -0.00297785341 0.033137396 -0.0131748328
v -0.00747739943 0.0331765935 -0.0132774478
v -0.00297746155 0.0331785642 -0.0132542159
v -0.00747698732 0.0332106836 -0.013360112
v -0.00297704968 0.0332126506 -0.0133368801
v -0.00747655844 0.0332374386 -0.013445437
v -0.00297662104 0.0332394056 -0.0134222051
v -0.00747611606 0.0332566537 -0.0135327643
v -0.00297617842 0.0332586206 -0.0135095324
v -0.00747566344 0.0332681872 -0.0136214364
v -0.0029757258 0.0332701541 -0.0135982037
v -0.00747520383 0.033271946 -0.0137107773
v -0.00297526619 0.033273913 -0.0136875454
v -0.00747474097 0.0332679041 -0.0138001023
v -0.00297480333 0.033269871 -0.0137768704
v -0.0074742781 0.0332560912 -0.0138887372
v -0.00297434046 0.0332580581 -0.0138655044
v -0.00747381896 0.0332366005 -0.0139760068
v -0.00297388132 0.0332385674 -0.0139527749
v -0.00747336727 0.0332095772 -0.0140612423
v -0.00297342963 0.0332115442 -0.0140380105
v -0.00747292582 0.03317523 -0.0141438032
v -0.00297298841 0.033177197 -0.0141205713
v -0.00747249881 0.0331338122 -0.0142230522
v -0.00297256117 0.0331357792 -0.0141998203
v -0.00747208856 0.033085648 -0.0142983897
v -0.00297215115 0.0330876186 -0.0142751578
v -0.0074716988 0.0330311023 -0.0143692438
v -0.00297176139 0.0330330729 -0.0143460119
v -0.00747133279 0.0329705887 -0.0144350743
v -0.00297139515 0.0329725556 -0.0144118415
v -0.00747099239 0.0329045653 -0.0144953821
v -0.00297105499 0.0329065323 -0.0144721502
v -0.00747068087 0.0328335389 -0.0145497033
v -0.00297074346 0.0328355059 -0.0145264715
v -0.00747040054 0.0327580459 -0.0145976283
v -0.0029704629 0.0327600129 -0.0145743964
v -0.00747015327 0.0326786675 -0.0146387937
v -0.00297021563 0.0326806344 -0.0146155618
v -0.00746994093 0.0325959995 -0.0146728838
v -0.00297000352 0.0325979665 -0.014649651
v -0.00746976584 0.0325106755 -0.0146996379
v -0.0029698282 0.0325126424 -0.0146764051
v -0.00746962847 0.0324233435 -0.014718852
v -0.00296969083 0.0324253105 -0.0146956202
v -0.00746953022 0.0323346704 -0.0147303836
v -0.00296959258 0.0323366374 -0.0147071518
v -0.00589491846 0.0175085161 -0.00679668179
v -0.00589637132 0.0208953042 -0.00680202805
v -0.00500399712 0.0175089054 -0.00679208199
v -0.00500544999 0.0208956935 -0.00679742824
v -0.0173926335 0.0201547481 0.00297680148
v -0.0173728336 0.0203378312 0.00295683905
v -0.00759690162 -0.0214052182 -0.00663505588
v -0.0173914451 -0.0218941178 0.0030598531
v -0.0165432692 -0.0213950779 0.00221939292
v -0.0174093191 0.0197690353 0.00299408729
v -0.0174051765 0.0199622344 0.00298960391
v -0.0173456166 0.0205188598 0.00292954012
v -0.0173125304 0.0206911638 0.0028964479
v -0.0172729306 0.0208608955 0.00285691465
v -0.00748705631 -0.0219053421 -0.00674277451
v -0.00759668741 -0.0219052173 -0.00663426658
v 0.00610492285 0.0175137632 -0.00673472974
v 0.00499586668 0.017513277 -0.00674045552
v 0.00610346952 0.0209005494 -0.006740076
v 0.00499441335 0.0209000651 -0.00674580177
v 0.00747107156 -0.0272221491 0.00185699342
v 0.00754223159 -0.0354111902 -0.011970466
v 0.00746637071 -0.0272218771 0.00203005946
v 0.00753065431 -0.0354858525 -0.011926855
v 0.00745409913 -0.0272216108 0.00220177113
v 0.00751158129 -0.0355593786 -0.0118839517
v 0.00743434252 -0.0272213537 0.00237081805
v 0.00748516247 -0.0356312059 -0.0118420795
v 0.0074072564 -0.0272211041 0.00253591547
v 0.0074515976 -0.0357007943 -0.0118015595
v 0.00737304427 -0.0272208657 0.00269580539
v 0.00741114374 -0.0357676037 -0.0117627
v 0.00733196968 -0.0272206422 0.00284927455
v 0.00736410869 -0.0358311348 -0.0117257936
v 0.00728434417 -0.0272204317 0.00299515133
v 0.00731084775 -0.0358908996 -0.0116911242
v 0.0072305277 -0.027220238 0.00313232513
v 0.00725176698 -0.0359464437 -0.0116589535
v 0.00717093097 -0.0272200629 0.00325975567
v 0.00718731573 -0.035997346 -0.0116295302
v 0.00710600661 -0.0272199064 0.00337647041
v 0.00711798994 -0.0360432193 -0.0116030714
v 0.00703625474 -0.0272197705 0.00348158204
v 0.00699972967 -0.0272197109 0.00352953211
v 0.00704430835 -0.0360837132 -0.0115797874
v 0.0069621969 -0.0272196569 0.00357429031
v 0.00692373095 -0.0272196066 0.00361576886
v 0.00696683768 -0.0361185148 -0.0115598487
v 0.00688440306 -0.0272195637 0.00365389022
v 0.0068442882 -0.0272195265 0.00368858012
v 0.00688616745 -0.0361473709 -0.0115434071
v 0.00680346508 -0.0272194948 0.00371977384
v 0.00676200446 -0.0272194687 0.00374741247
v 0.00680290582 -0.0361700505 -0.0115305949
v 0.00671999296 -0.0272194482 0.00377144176
v 0.00667750835 -0.0272194352 0.00379181793
v 0.00671769725 -0.0361863859 -0.0115214987
v 0.00663463259 -0.0272194277 0.00380850025
v 0.00659144111 -0.027219424 0.00382145937
v 0.00663117925 -0.0361962505 -0.0115161957
v 0.00654802332 -0.0272194296 0.00383066782
v 0.00650445744 -0.0272194389 0.00383610907
v 0.00654401537 -0.0361995734 -0.0115147261
v 0.00646082871 -0.0272194557 0.00383777451
v 0.00756329997 -0.031556461 -0.0163777042
v 0.00756388251 -0.0318057165 -0.0164694395
v 0.00755231315 -0.0315231271 -0.0164575744
v 0.00755291199 -0.0317793638 -0.0165518802
v 0.00753382128 -0.031490311 -0.0165362582
v 0.00753443595 -0.0317534246 -0.0166330952
v 0.00750797009 -0.0314582475 -0.0166131668
v 0.00750860106 -0.0317280851 -0.0167124756
v 0.00747495517 -0.0314272009 -0.0166877061
v 0.00747560104 -0.0317035355 -0.0167894121
v 0.00743502937 -0.0313973911 -0.0167593136
v 0.00743569015 -0.0316799767 -0.01686332
v 0.00738849677 -0.0313690491 -0.0168274492
v 0.00738917105 -0.0316575766 -0.0169336405
v 0.00733570755 -0.0313423946 -0.0168915819
v 0.00733639533 -0.03163651 -0.0169998314
v 0.00727706635 -0.0313176289 -0.016951235
v 0.00727776578 -0.0316169374 -0.0170613956
v 0.00721301697 -0.0312949419 -0.0170059521
v 0.00721372757 -0.0315990038 -0.0171178617
v 0.00714405347 -0.0312745012 -0.0170553122
v 0.00714477431 -0.0315828547 -0.0171687994
v 0.00707069179 -0.0312564671 -0.0170989409
v 0.00707142148 -0.0315686017 -0.0172138233
v 0.00699349632 -0.0312409718 -0.0171365142
v 0.00699423347 -0.0315563641 -0.0172525905
v 0.00691305427 -0.03122814 -0.0171677321
v 0.00691379746 -0.0315462239 -0.0172848031
v 0.00682997145 -0.0312180631 -0.0171923693
v 0.00683071977 -0.0315382667 -0.0173102189
v 0.00674489187 -0.0312108211 -0.0172102321
v 0.00674564345 -0.0315325484 -0.0173286423
v 0.00665845117 -0.0312064737 -0.0172211826
v 0.00665920554 -0.0315291174 -0.0173399337
v 0.0065713129 -0.0312050413 -0.0172251444
v 0.00657206774 -0.0315279998 -0.0173440073
v 0.00657268101 -0.0318599753 -0.0174346697
v 0.00665981788 -0.0318607837 -0.0174305122
v 0.00657314807 -0.0321985185 -0.0174964648
v 0.00666028447 -0.0321990028 -0.017492244
v 0.00657346565 -0.0325411148 -0.0175289307
v 0.00666060159 -0.032541275 -0.0175246801
v 0.00657363096 -0.0328852423 -0.017531829
v 0.0066607669 -0.0328850709 -0.0175275765
v 0.00657364307 -0.0332283415 -0.0175051372
v 0.00666077901 -0.0332278423 -0.0175009109
v 0.00657350197 -0.0335678719 -0.0174490567
v 0.00666063838 -0.0335670523 -0.0174448825
v 0.00657320861 -0.0339013301 -0.0173639972
v 0.00666034501 -0.0339001939 -0.0173599031
v 0.0065727653 -0.0342262425 -0.0172505919
v 0.00665990217 -0.0342248008 -0.017246604
v 0.00657217484 -0.0345402062 -0.0171096791
v 0.00665931264 -0.034538459 -0.0171058271
v 0.00657144235 -0.034840893 -0.0169422999
v 0.00665858062 -0.0348388627 -0.0169386081
v 0.0065705725 -0.0351260826 -0.0167496968
v 0.0066577117 -0.0351237804 -0.0167461894
v 0.00656957226 -0.035393659 -0.0165332928
v 0.00665671239 -0.0353911035 -0.0165299941
v 0.00656844908 -0.0356416442 -0.0162946936
v 0.00665559014 -0.0356388539 -0.0162916183
v 0.00656721089 -0.0358682051 -0.0160356592
v 0.00665435288 -0.0358651951 -0.0160328299
v 0.00656586653 -0.0360716581 -0.0157581121
v 0.00665300991 -0.0360684581 -0.0157555453
v 0.00656442717 -0.0362505056 -0.0154641019
v 0.00665157195 -0.0362471342 -0.0154618174
v 0.00656290213 -0.0364034213 -0.015155809
v 0.00665004831 -0.0363999046 -0.0151538188
v 0.00656130351 -0.0365292653 -0.0148355151
v 0.00664845156 -0.0365256295 -0.0148338266
v 0.00655964296 -0.0366271138 -0.0145055875
v 0.0066467924 -0.0366233885 -0.0145042157
v 0.00655793305 -0.0366962478 -0.0141684739
v 0.00664508389 -0.0366924517 -0.0141674187
v 0.00655618543 -0.0367361419 -0.0138266645
v 0.00664333813 -0.0367323123 -0.0138259334
v 0.00655441452 -0.0367465131 -0.013482688
v 0.00664156862 -0.0367426686 -0.0134822894
v 0.00655263197 -0.0367272757 -0.0131390952
v 0.00663978793 -0.0367234498 -0.0131390234
v 0.00655085221 -0.0366785787 -0.0127984267
v 0.00663800957 -0.0366747975 -0.01279868
v 0.00654908735 -0.036600776 -0.0124632074
v 0.00663624657 -0.0365970731 -0.0124637764
v 0.0065473509 -0.0364944525 -0.0121359145
v 0.00663451198 -0.0364908464 -0.0121367965
v 0.00654565636 -0.0363603868 -0.0118189706
v 0.00663281884 -0.0363569111 -0.0118201533
v 0.0067462544 -0.0318632685 -0.0174189601
v 0.00674671959 -0.0322005227 -0.0174805205
v 0.00674703578 -0.0325418226 -0.0175128635
v 0.00674720062 -0.0328846388 -0.0175157506
v 0.00674721273 -0.0332264341 -0.0174891595
v 0.0067470721 -0.0335646793 -0.0174332913
v 0.00674678013 -0.0338968709 -0.017348554
v 0.00674633821 -0.0342205502 -0.0172355808
v 0.00674575008 -0.0345333181 -0.0170952007
v 0.00674502039 -0.034832865 -0.0169284586
v 0.0067441538 -0.0351169668 -0.0167365894
v 0.00674315775 -0.03538353 -0.0165210087
v 0.0067420383 -0.0356305726 -0.0162833128
v 0.00674080476 -0.035856273 -0.0160252638
v 0.00673946599 -0.0360589549 -0.015748769
v 0.00673803175 -0.0362371206 -0.0154558774
v 0.00673651276 -0.0363894589 -0.0151487542
v 0.0067349202 -0.0365148261 -0.0148296757
v 0.00673326617 -0.0366123058 -0.0145010035
v 0.00673156232 -0.0366811678 -0.0141651686
v 0.00672982167 -0.0367209166 -0.0138246557
v 0.00672805728 -0.0367312431 -0.0134819876
v 0.00672628172 -0.036712084 -0.0131397014
v 0.00672450801 -0.0366635695 -0.0128003256
v 0.00672275014 -0.0365860648 -0.0124663794
v 0.00672102068 -0.0364801437 -0.0121403309
v 0.00671933219 -0.0363465846 -0.011824592
v 0.00683132792 -0.0318674184 -0.0174001101
v 0.00683179079 -0.0322030745 -0.0174613744
v 0.00683210557 -0.0325427577 -0.0174935646
v 0.00683226949 -0.0328839459 -0.0174964387
v 0.00683228159 -0.0332241245 -0.0174699742
v 0.00683214143 -0.0335607678 -0.0174143724
v 0.00683185086 -0.0338913836 -0.0173300356
v 0.00683141127 -0.0342135243 -0.0172175989
v 0.00683082594 -0.0345248133 -0.0170778837
v 0.0068300995 -0.0348229408 -0.0169119351
v 0.0068292371 -0.0351057015 -0.0167209711
v 0.00682824524 -0.0353709981 -0.0165064111
v 0.00682713138 -0.035616871 -0.0162698422
v 0.0068259039 -0.0358415022 -0.0160130151
v 0.00682457117 -0.0360432267 -0.0157378297
v 0.00682314392 -0.0362205505 -0.0154463295
v 0.00682163192 -0.036372155 -0.015140661
v 0.00682004727 -0.0364969335 -0.0148230949
v 0.0068184007 -0.0365939513 -0.0144959772
v 0.00681670522 -0.0366624892 -0.014161733
v 0.00681497296 -0.036702048 -0.0138228368
v 0.00681321649 -0.0367123261 -0.013481793
v 0.0068114493 -0.0366932563 -0.0131411273
v 0.00680968445 -0.0366449729 -0.0128033608
v 0.00680793496 -0.036567837 -0.0124709941
v 0.00680621341 -0.0364624113 -0.0121464897
v 0.00680453284 -0.0363294892 -0.0118322484
v 0.00691440143 -0.0318731964 -0.0173740983
v 0.0069148615 -0.0322066322 -0.0174349602
v 0.00691517396 -0.032544069 -0.0174669381
v 0.00691533694 -0.0328830034 -0.0174697917
v 0.00691534905 -0.0332209282 -0.0174435023
v 0.00691520981 -0.0335553437 -0.0173882656
v 0.0069149211 -0.0338837765 -0.0173044913
v 0.00691448431 -0.0342037864 -0.0171927959
v 0.0069139027 -0.034513019 -0.0170540083
v 0.00691318139 -0.0348091722 -0.016889153
v 0.00691232458 -0.035090059 -0.016699452
v 0.0069113397 -0.0353536047 -0.0164863132
v 0.00691023283 -0.0355978496 -0.0162513088
v 0.00690901326 -0.0358209983 -0.0159961823
v 0.00690768985 -0.0360213816 -0.0157228168
v 0.00690627191 -0.036197532 -0.0154332398
v 0.00690477015 -0.0363481417 -0.015129596
v 0.00690319529 -0.0364720933 -0.0148141328
v 0.00690155989 -0.0365684666 -0.0144891804
v 0.00689987559 -0.0366365537 -0.0141571462
v 0.0068981545 -0.0366758481 -0.0138204899
v 0.00689641014 -0.0366860628 -0.0134816999
v 0.00689465459 -0.036667116 -0.013143287
v 0.00689290138 -0.0366191529 -0.0128077557
v 0.00689116353 -0.0365425237 -0.0124775888
v 0.00688945316 -0.036437802 -0.0121552302
v 0.00688778376 -0.0363057554 -0.0118430695
v 0.00699483231 -0.031880565 -0.0173411295
v 0.00699528819 -0.0322111771 -0.0174014755
v 0.00699559832 -0.0325457491 -0.0174331814
v 0.0069957599 -0.032881815 -0.0174360108
v 0.00699577155 -0.033216875 -0.0174099449
v 0.00699563371 -0.0335484594 -0.0173551794
v 0.00699534733 -0.0338741057 -0.0172721092
v 0.00699491426 -0.0341914073 -0.01716136
v 0.00699433777 -0.0344980173 -0.0170237496
v 0.00699362252 -0.0347916596 -0.0168602914
v 0.00699277315 -0.035070166 -0.0166722015
v 0.0069917962 -0.0353314802 -0.0164608657
v 0.0069906991 -0.0355736539 -0.0162278526
v 0.00698948978 -0.0357949063 -0.0159748867
v 0.00698817754 -0.0359935984 -0.0157038402
v 0.00698677124 -0.0361682549 -0.0154167172
v 0.00698528253 -0.0363175869 -0.0151156457
v 0.00698372116 -0.036440488 -0.0148028554
v 0.00698209973 -0.0365360454 -0.0144806569
v 0.0069804294 -0.0366035551 -0.0141514363
v 0.00697872322 -0.0366425179 -0.0138176335
v 0.00697699329 -0.0366526432 -0.0134817166
v 0.00697525265 -0.0366338603 -0.0131461723
v 0.00697351433 -0.0365862995 -0.0128134824
v 0.00697179092 -0.0365103222 -0.0124861123
v 0.00697009545 -0.0364064872 -0.0121664861
v 0.00696844049 -0.0362755619 -0.0118569685
v 0.0070720138 -0.031889461 -0.0173014533
v 0.00707246549 -0.0322166644 -0.0173611734
v 0.0070727719 -0.0325477868 -0.0173925534
v 0.00707293209 -0.0328803845 -0.0173953548
v 0.00707294373 -0.0332119949 -0.017369559
v 0.00707280729 -0.0335401557 -0.0173153542
v 0.0070725237 -0.0338624418 -0.0172331426
v 0.00707209529 -0.0341764726 -0.017123539
v 0.00707152486 -0.0344799198 -0.0169873443
v 0.00707081659 -0.0347705372 -0.0168255717
v 0.00706997607 -0.0350461714 -0.0166394189
v 0.00706900936 -0.0353047885 -0.0164302662
v 0.00706792343 -0.0355444662 -0.0161996558
v 0.00706672668 -0.0357634425 -0.0159492977
v 0.00706542796 -0.035960082 -0.0156810451
v 0.00706403609 -0.0361329392 -0.0153968837
v 0.00706256274 -0.0362807289 -0.0150989173
v 0.00706101768 -0.0364023596 -0.0147893513
v 0.00705941254 -0.0364969335 -0.0144704739
v 0.00705775991 -0.0365637466 -0.0141446516
v 0.00705607096 -0.0366023071 -0.0138142873
v 0.00705435919 -0.0366123319 -0.0134818349
v 0.00705263624 -0.0365937389 -0.0131497514
v 0.00705091609 -0.0365466736 -0.0128204953
v 0.00704921037 -0.0364714786 -0.0124964984
v 0.00704753213 -0.0363687128 -0.0121801682
v 0.0070458944 -0.036239136 -0.0118738441
v 0.00714535965 -0.031899821 -0.0172553658
v 0.00714580575 -0.032223057 -0.0173143633
v 0.0071461089 -0.0325501673 -0.0173453614
v 0.00714626675 -0.0328787304 -0.0173481293
v 0.0071462784 -0.0332063176 -0.0173226465
v 0.00714614335 -0.0335305035 -0.017269101
v 0.00714586349 -0.0338488854 -0.0171878878
v 0.00714544021 -0.0341591053 -0.0170796085
v 0.00714487629 -0.0344588719 -0.0169450659
v 0.00714417687 -0.0347459652 -0.0167852547
v 0.00714334659 -0.0350182615 -0.0166013613
v 0.00714239152 -0.0352737382 -0.0163947418
v 0.0071413191 -0.0355105139 -0.0161669273
v 0.00714013679 -0.0357268304 -0.0159196071
v 0.00713885343 -0.0359210856 -0.0156546067
v 0.00713747879 -0.0360918492 -0.0153738894
v 0.00713602314 -0.0362378471 -0.0150795355
v 0.0071344967 -0.0363580063 -0.0147737227
v 0.00713291112 -0.0364514329 -0.0144587141
v 0.00713127851 -0.0365174338 -0.0141368378
v 0.00712961005 -0.0365555286 -0.0138104837
v 0.00712791877 -0.0365654267 -0.0134820575
v 0.00712621724 -0.0365470611 -0.013154001
v 0.00712451758 -0.0365005657 -0.0128287375
v 0.00712283282 -0.0364262834 -0.0125086699
v 0.00712117506 -0.0363247618 -0.0121961776
v 0.00711955689 -0.0361967608 -0.011893562
v 0.00721430499 -0.0319115631 -0.0172032248
v 0.00721474458 -0.0322303064 -0.0172614008
v 0.00721504353 -0.0325528681 -0.0172919687
v 0.00721519953 -0.0328768641 -0.0172946975
v 0.0072152107 -0.0331998952 -0.0172695667
v 0.00721507799 -0.0335195735 -0.0172167681
v 0.00721480185 -0.0338335261 -0.0171366818
v 0.00721438415 -0.0341394357 -0.0170299113
v 0.00721382862 -0.0344350338 -0.0168972388
v 0.00721313851 -0.0347181335 -0.0167396497
v 0.00721231988 -0.0349866413 -0.0165583137
v 0.00721137831 -0.0352385677 -0.0163545664
v 0.00721032033 -0.0354720503 -0.0161299221
v 0.00720915478 -0.0356853567 -0.0158860367
v 0.00720788911 -0.0358769149 -0.0156247253
v 0.00720653357 -0.0360453017 -0.015347912
v 0.00720509794 -0.0361892693 -0.0150576523
v 0.00720359292 -0.0363077559 -0.0147560891
v 0.00720202969 -0.0363998823 -0.0144454595
v 0.00720041944 -0.0364649706 -0.0141280629
v 0.00719877426 -0.0365025327 -0.0138062425
v 0.00719710672 -0.0365122929 -0.0134823881
v 0.00719542848 -0.036494188 -0.0131588904
v 0.00719375256 -0.0364483334 -0.0128381485
v 0.00719209109 -0.036375083 -0.0125225345
v 0.00719045661 -0.036274977 -0.0122143831
v 0.00718886079 -0.036148753 -0.011915978
v 0.00727833388 -0.0319246054 -0.0171454214
v 0.00727876695 -0.0322383568 -0.0172026884
v 0.00727906125 -0.0325558744 -0.0172327794
v 0.00727921445 -0.0328747965 -0.0172354653
v 0.00727922563 -0.0331927724 -0.0172107276
v 0.00727909477 -0.0335074477 -0.0171587504
v 0.00727882283 -0.0338164829 -0.0170799214
v 0.00727841211 -0.0341176055 -0.016974818
v 0.00727786496 -0.0344085805 -0.016844226
v 0.00727718603 -0.0346872509 -0.0166891012
v 0.00727637997 -0.0349515565 -0.0165106039
v 0.00727545284 -0.0351995416 -0.0163100474
v 0.00727441162 -0.0354293697 -0.0160889141
v 0.00727326423 -0.0356393382 -0.015848849
v 0.00727201859 -0.0358278975 -0.0155916251
v 0.00727068447 -0.0359936468 -0.0153191444
v 0.00726927118 -0.0361353643 -0.0150334258
v 0.00726778992 -0.0362519957 -0.0147365853
v 0.0072662509 -0.0363426805 -0.0144308154
v 0.00726466579 -0.036406748 -0.0141183864
v 0.00726304669 -0.0364437252 -0.0138016036
v 0.00726140477 -0.0364533328 -0.0134828156
v 0.00725975307 -0.0364355072 -0.0131643796
v 0.00725810323 -0.0363903753 -0.0128486585
v 0.00725646783 -0.0363182686 -0.0125379823
v 0.00725485897 -0.036219731 -0.0122346571
v 0.00725328783 -0.0360954814 -0.0119409207
v 0.00733695365 -0.0319388397 -0.0170823988
v 0.0073373788 -0.0322471485 -0.017138673
v 0.00733766798 -0.0325591564 -0.0171682388
v 0.00733781839 -0.0328725465 -0.0171708819
v 0.00733782956 -0.0331850052 -0.0171465725
v 0.00733770104 -0.0334942155 -0.0170954987
v 0.00733743422 -0.0337978937 -0.0170180388
v 0.00733703002 -0.0340937935 -0.0169147588
v 0.00733649265 -0.0343797207 -0.01678643
v 0.00733582536 -0.0346535519 -0.0166340005
v 0.00733503327 -0.0349132717 -0.016458597
v 0.00733412243 -0.0351569578 -0.0162615199
v 0.00733309938 -0.0353827961 -0.0160442237
v 0.00733197154 -0.0355891213 -0.0158083234
v 0.00733074779 -0.0357744098 -0.0155555606
v 0.00732943648 -0.0359372832 -0.0152878091
v 0.00732804788 -0.0360765383 -0.0150070479
v 0.00732659223 -0.0361911505 -0.0147153558
v 0.00732507976 -0.0362802632 -0.0144148935
v 0.00732352259 -0.0363432169 -0.014107882
v 0.00732193096 -0.0363795534 -0.0137965949
v 0.00732031791 -0.036388997 -0.013483339
v 0.00731869508 -0.0363714769 -0.0131704314
v 0.00731707364 -0.0363271274 -0.0128601883
v 0.00731546665 -0.0362562761 -0.0125549007
v 0.00731388573 -0.0361594446 -0.0122568365
v 0.00731234206 -0.0360373482 -0.0119682001
v 0.00738971867 -0.0319541618 -0.0170146357
v 0.0073901359 -0.0322566144 -0.0170698427
v 0.00739041949 -0.0325626917 -0.0170988496
v 0.00739056757 -0.032870125 -0.0171014369
v 0.00739057828 -0.0331766494 -0.0170775913
v 0.00739045208 -0.0334799886 -0.0170274898
v 0.00739019038 -0.0337778963 -0.0169514976
v 0.0073897941 -0.0340681709 -0.0168501809
v 0.00738926651 -0.0343486629 -0.0167242922
v 0.00738861226 -0.0346172974 -0.0165747572
v 0.00738783507 -0.0348720811 -0.0164026842
v 0.00738694146 -0.0351111367 -0.0162093546
v 0.00738593796 -0.0353326835 -0.0159961879
v 0.00738483155 -0.0355350934 -0.0157647692
v 0.00738363108 -0.0357168578 -0.0155168101
v 0.00738234492 -0.0358766392 -0.0152541436
v 0.0073809824 -0.0360132493 -0.014978718
v 0.00737955421 -0.0361256786 -0.0146925654
v 0.00737807062 -0.0362130962 -0.0143978121
v 0.00737654278 -0.0362748578 -0.0140966363
v 0.00737498188 -0.0363105051 -0.0137912631
v 0.00737339957 -0.0363197662 -0.0134839602
v 0.00737180701 -0.0363025814 -0.0131769935
v 0.00737021677 -0.0362590738 -0.0128726466
v 0.00736864051 -0.0361895673 -0.0125731612
v 0.00736708939 -0.0360945798 -0.0122807603
v 0.00736557506 -0.0359748043 -0.0119976029
v 0.00743622659 -0.0319704562 -0.0169426501
v 0.00743663544 -0.0322666764 -0.0169967189
v 0.00743691297 -0.0325664543 -0.017025128
v 0.00743705779 -0.032867562 -0.0170276631
v 0.0074370685 -0.033167772 -0.0170043092
v 0.0074369451 -0.0334648639 -0.016955236
v 0.00743668806 -0.0337566435 -0.0168808103
v 0.00743630016 -0.0340409391 -0.0167815797
v 0.00743578374 -0.0343156569 -0.0166582838
v 0.00743514253 -0.0345787592 -0.0165118277
v 0.00743438164 -0.0348282978 -0.0163432993
v 0.00743350619 -0.0350624286 -0.0161539465
v 0.00743252365 -0.0352794155 -0.0159451701
v 0.00743144006 -0.0354776569 -0.0157185141
v 0.00743026379 -0.035655681 -0.0154756606
v 0.00742900418 -0.0358121693 -0.0152184051
v 0.00742767006 -0.0359459706 -0.0149486465
v 0.00742627122 -0.0360560827 -0.0146683902
v 0.00742481835 -0.0361417048 -0.0143797053
v 0.00742332172 -0.036202196 -0.0140847266
v 0.00742179295 -0.036237102 -0.0137856426
v 0.00742024323 -0.0362461768 -0.0134846652
v 0.00741868373 -0.0362293422 -0.013184024
v 0.00741712609 -0.0361867324 -0.0128859375
v 0.00741558196 -0.0361186564 -0.0125926221
v 0.00741406297 -0.036025621 -0.0123062376
v 0.00741257984 -0.0359083153 -0.0120289149
v 0.00747612538 -0.0319875963 -0.0168669894
v 0.00747652538 -0.0322772674 -0.0169198625
v 0.00747679686 -0.032570418 -0.016947642
v 0.00747693842 -0.0328648649 -0.016950123
v 0.00747694867 -0.0331584401 -0.0169272814
v 0.00747682806 -0.0334489681 -0.0168792959
v 0.00747657707 -0.0337342918 -0.0168065168
v 0.00747619756 -0.0340123028 -0.0167094786
v 0.00747569231 -0.0342809446 -0.0165889077
v 0.00747506553 -0.0345382281 -0.016445687
v 0.00747432141 -0.0347822532 -0.0162808876
v 0.00747346552 -0.0350112058 -0.0160957221
v 0.0074725044 -0.0352233984 -0.0158915594
v 0.00747144455 -0.0354172513 -0.0156699177
v 0.00747029483 -0.0355913416 -0.0154324304
v 0.00746906269 -0.0357443728 -0.0151808616
v 0.00746775838 -0.0358752124 -0.0149170719
v 0.00746639026 -0.0359828956 -0.014643007
v 0.00746496953 -0.0360666215 -0.0143607063
v 0.00746350596 -0.0361257754 -0.0140722487
v 0.00746201118 -0.0361599103 -0.013779778
v 0.00746049546 -0.0361687802 -0.013485455
v 0.00745897042 -0.0361523256 -0.0131914588
v 0.00745744724 -0.0361106545 -0.0128999641
v 0.00745593756 -0.0360440835 -0.0126131326
v 0.00745445164 -0.0359531082 -0.0123330811
v 0.00745300157 -0.0358383916 -0.0120618893
v 0.00750911329 -0.0320054516 -0.0167882238
v 0.00750950351 -0.0322883055 -0.0168398526
v 0.00750976847 -0.0325745456 -0.0168669783
v 0.00750990678 -0.0328620635 -0.0168693997
v 0.00750991702 -0.0331487246 -0.0168471001
v 0.00750979921 -0.0334324054 -0.0168002415
v 0.0075095538 -0.0337110125 -0.016729176
v 0.0075091836 -0.0339824781 -0.0166344233
v 0.00750869047 -0.0342447944 -0.0165166911
v 0.00750807812 -0.0344960205 -0.0163768474
v 0.00750735169 -0.0347342975 -0.0162159242
v 0.00750651583 -0.0349578597 -0.0160351209
v 0.00750557706 -0.0351650566 -0.0158357676
v 0.00750454282 -0.035354346 -0.0156193459
v 0.00750341965 -0.0355243348 -0.0153874522
v 0.00750221685 -0.0356737599 -0.0151418047
v 0.0075009428 -0.0358015187 -0.014884226
v 0.00749960728 -0.035906665 -0.014616617
v 0.00749822007 -0.0359884202 -0.0143409614
v 0.00749679096 -0.0360461771 -0.0140592977
v 0.00749533111 -0.036079511 -0.0137737161
v 0.00749385124 -0.0360881761 -0.013486322
v 0.00749236206 -0.0360721052 -0.0131992502
v 0.00749087473 -0.0360314175 -0.0129146203
v 0.00748940045 -0.035966415 -0.0126345437
v 0.00748794992 -0.0358775817 -0.0123610869
v 0.00748653384 -0.0357655697 -0.0120962793
v 0.0075349356 -0.0320238844 -0.0167069603
v 0.00753531605 -0.0322996974 -0.0167573038
v 0.00753557449 -0.0325788148 -0.0167837515
v 0.00753570953 -0.0328591727 -0.0167861152
v 0.00753571931 -0.0331386998 -0.0167643689
v 0.00753560429 -0.0334153213 -0.0167186782
v 0.00753536541 -0.0336869881 -0.0166493803
v 0.00753500406 -0.0339516923 -0.0165569894
v 0.00753452303 -0.0342074819 -0.0164421871
v 0.00753392652 -0.0344524533 -0.016305821
v 0.00753321778 -0.0346847996 -0.0161489099
v 0.00753240287 -0.0349027924 -0.0159726031
v 0.00753148738 -0.0351048298 -0.0157782137
v 0.00753047876 -0.0352894105 -0.0155671779
v 0.00752938399 -0.0354551636 -0.0153410584
v 0.00752821099 -0.0356008708 -0.0151015297
v 0.00752696861 -0.035725452 -0.0148503631
v 0.00752566615 -0.0358279794 -0.0145894159
v 0.00752431341 -0.0359077007 -0.0143206213
v 0.00752292015 -0.0359640196 -0.0140459742
v 0.00752149662 -0.0359965265 -0.0137674985
v 0.00752005354 -0.0360049717 -0.0134872608
v 0.0075186016 -0.0359892994 -0.0132073332
v 0.00751715107 -0.0359496251 -0.0129297907
v 0.00751571357 -0.035886243 -0.012656685
v 0.00751429889 -0.0357996151 -0.012390038
v 0.00751291821 -0.0356903933 -0.0121318242
v 0.00755339814 -0.0320427604 -0.0166238118
v 0.00755376881 -0.032311365 -0.0166728403
v 0.00755402073 -0.0325831883 -0.0166986007
v 0.00755415205 -0.0328562185 -0.0167008992
v 0.00755416136 -0.0331284367 -0.016679721
v 0.0075540496 -0.0333978273 -0.0166352261
v 0.00755381677 -0.0336623974 -0.0165677387
v 0.0075534652 -0.0339201875 -0.0164777618
v 0.00755299674 -0.0341692865 -0.0163659584
v 0.0075524156 -0.0344078578 -0.0162331592
v 0.00755172549 -0.0346341282 -0.0160803478
v 0.007550932 -0.0348464288 -0.0159086511
v 0.00755004026 -0.0350431837 -0.0157193393
v 0.00754905818 -0.0352229364 -0.0155138215
v 0.00754799182 -0.0353843644 -0.0152936094
v 0.00754684955 -0.0355262607 -0.015060341
v 0.00754563976 -0.035647586 -0.0148157366
v 0.0075443713 -0.0357474312 -0.0145616103
v 0.00754305394 -0.03582507 -0.0142998453
v 0.00754169701 -0.0358799174 -0.0140323713
v 0.00754031073 -0.0359115712 -0.0137611758
v 0.00753890537 -0.0359197967 -0.0134882629
v 0.00753749115 -0.0359045379 -0.0132156508
v 0.0075360788 -0.0358658992 -0.0129453633
v 0.00753467856 -0.0358041711 -0.0126793925
v 0.00753330113 -0.0357198119 -0.0124197165
v 0.0075319563 -0.0356134437 -0.0121682473
v 0.00756435562 -0.0320619345 -0.0165394135
v 0.00756471604 -0.0323232152 -0.0165871046
v 0.00756496098 -0.0325876325 -0.0166121647
v 0.00756508857 -0.0328532234 -0.0166144017
v 0.00756509788 -0.0331180207 -0.0165938009
v 0.00756498938 -0.0333800688 -0.0165505167
v 0.00756476261 -0.0336374268 -0.0164848696
v 0.00756442035 -0.033888191 -0.0163973439
v 0.00756396493 -0.0341305025 -0.0162885897
v 0.00756339962 -0.0343625732 -0.0161594097
v 0.00756272813 -0.0345826782 -0.0160107594
v 0.00756195653 -0.0347891897 -0.0158437435
v 0.00756108947 -0.0349805877 -0.015659593
v 0.00756013347 -0.0351554416 -0.0154596744
v 0.00755909644 -0.0353124626 -0.0152454665
v 0.00755798537 -0.0354504958 -0.0150185525
v 0.00755680818 -0.035568513 -0.0147806173
v 0.00755557464 -0.0356656387 -0.0145334173
v 0.00755429314 -0.0357411616 -0.0142787816
v 0.00755297299 -0.0357945114 -0.0140186008
v 0.00755162444 -0.0358253084 -0.0137547934
v 0.00755025772 -0.0358333066 -0.0134893199
v 0.00754888216 -0.0358184613 -0.0132241361
v 0.00754750799 -0.0357808769 -0.0129612153
v 0.0075461464 -0.0357208326 -0.0127024949
v 0.00754480623 -0.035638772 -0.0124498922
v 0.00754349818 -0.035535302 -0.0122052813
v -0.0174410548 0.0197787229 0.00914035644
v -0.0174244568 0.0201644618 0.00913983397
v -0.017377682 0.020528648 0.00913950149
v -0.0173053686 0.0208707992 0.00913933571
v 0.00652944017 0.0186425466 -0.0133354003
v 0.0065264171 0.0141229387 -0.0123671303
v 0.00661355304 0.0141236661 -0.0123629421
v 0.00652563805 0.0124147981 -0.0120715965
v 0.00652457541 0.00840718299 -0.0115264207
v 0.00661171135 0.00840763841 -0.0115221906
v 0.00652444363 0.00610638596 -0.0113060772
v 0.00652489439 0.00264565833 -0.0111003974
v 0.00661203079 0.00264584017 -0.0110961441
v 0.00652586436 -0.000242881972 -0.0110436687
v 0.0065273731 -0.00313158683 -0.0110912779
v 0.00661450904 -0.00313168042 -0.0110870237
v 0.00652989186 -0.00659294752 -0.0112860305
v 0.00653199805 -0.00889442582 -0.0114991106
v 0.00661913445 -0.00889479369 -0.0114948787
v 0.00653650006 -0.0129037397 -0.0120316306
v 0.00653874502 -0.0146128042 -0.0123217711
v 0.00662588142 -0.0146134431 -0.0123175802
v 0.00654564705 -0.0191354435 -0.0132757677
v 0.00654757908 -0.0202568993 -0.0135549698
v 0.00663471594 -0.0202578064 -0.0135508347
v 0.00755368639 -0.0261146929 -0.0142389843
v 0.00755029405 -0.0260869917 -0.0143216401
v 0.00753932074 -0.0260595027 -0.0144037046
v 0.00752084283 -0.0260324404 -0.0144845527
v 0.00749500515 -0.0260060076 -0.0145635745
v 0.0074620028 -0.0259804055 -0.0146401627
v 0.00742209004 -0.0259558242 -0.0147137409
v 0.00737556908 -0.0259324592 -0.014783741
v 0.00732279103 -0.0259104837 -0.0148496367
v 0.00726416009 -0.0258900635 -0.0149109224
v 0.00720012048 -0.0258713607 -0.0149671361
v 0.00713116536 -0.0258545093 -0.0150178485
v 0.00705781113 -0.0258396436 -0.0150626674
v 0.00698062172 -0.0258268733 -0.0151012596
v 0.00690018525 -0.0258162972 -0.0151333315
v 0.00681710662 -0.0258079935 -0.0151586328
v 0.00673202984 -0.0258020274 -0.0151769742
v 0.00664559146 -0.0257984474 -0.0151882181
v 0.00655845413 -0.0257972758 -0.0151922768
v 0.00754267583 -0.0205050595 -0.0125812124
v 0.00753929466 -0.0204833932 -0.0126656508
v 0.00752833346 -0.0204618983 -0.0127494866
v 0.0075098672 -0.0204407349 -0.01283208
v 0.00748404069 -0.0204200614 -0.0129128024
v 0.00745104952 -0.0204000399 -0.0129910428
v 0.007411147 -0.0203808192 -0.0130662033
v 0.00736463582 -0.0203625504 -0.0131377084
v 0.00731186755 -0.0203453675 -0.0132050235
v 0.00725324498 -0.0203294009 -0.0132676242
v 0.0071892133 -0.0203147791 -0.013325043
v 0.00712026563 -0.0203016065 -0.0133768404
v 0.00704691792 -0.0202899855 -0.0134226233
v 0.0069697341 -0.0202800073 -0.0134620378
v 0.00688930182 -0.0202717427 -0.0134947915
v 0.00680622691 -0.0202652588 -0.0135206301
v 0.00672115292 -0.0202606004 -0.0135393608
v 0.0075337314 -0.0147904158 -0.0113326013
v 0.00753036002 -0.014774899 -0.0114183826
v 0.00751940813 -0.0147595033 -0.0115035502
v 0.00750095118 -0.0147443479 -0.0115874559
v 0.00747513399 -0.0147295464 -0.0116694625
v 0.00744215166 -0.0147152096 -0.0117489453
v 0.00740225799 -0.0147014493 -0.011825297
v 0.00735575473 -0.0146883707 -0.0118979374
v 0.00730299391 -0.0146760698 -0.011966317
v 0.00724437879 -0.0146646453 -0.0120299123
v 0.00718035363 -0.0146541791 -0.0120882411
v 0.00711141201 -0.0146447532 -0.0121408561
v 0.00703806896 -0.0146364393 -0.0121873599
v 0.00696088979 -0.0146293007 -0.0122273965
v 0.00688046124 -0.0146233924 -0.0122606633
v 0.00679738913 -0.0146187581 -0.0122869052
v 0.00671231747 -0.0146154333 -0.0123059284
v 0.00752689969 -0.00900055747 -0.0104996571
v 0.00752353575 -0.00899127033 -0.0105863325
v 0.00751259178 -0.00898205861 -0.0106723923
v 0.00749414181 -0.0089729894 -0.0107571753
v 0.00746833161 -0.00896413531 -0.010840036
v 0.0074353558 -0.00895556062 -0.0109203449
v 0.00739546865 -0.00894733239 -0.0109974919
v 0.00734897191 -0.00893951114 -0.0110708913
v 0.00729621714 -0.00893215835 -0.0111399824
v 0.00723760715 -0.00892532989 -0.011204238
v 0.0071735871 -0.00891907886 -0.0112631703
v 0.00710464967 -0.00891344808 -0.0113163348
v 0.00703131082 -0.00890848506 -0.0113633219
v 0.00695413491 -0.00890422706 -0.0114037702
v 0.00687370915 -0.00890070293 -0.0114373807
v 0.00679063937 -0.00889794528 -0.0114638945
v 0.0067055691 -0.00889596902 -0.0114831096
v 0.007522217 -0.00316568348 -0.0100867227
v 0.00751885818 -0.00316267461 -0.010173847
v 0.00750791887 -0.00315969414 -0.0102603436
v 0.00748947402 -0.00315675931 -0.0103455596
v 0.00746366894 -0.00315389945 -0.0104288477
v 0.00743069779 -0.0031511297 -0.0105095673
v 0.00739081483 -0.0031484752 -0.010587112
v 0.00734432228 -0.0031459555 -0.010660883
v 0.0072915717 -0.00314358808 -0.010730328
v 0.00723296544 -0.00314139226 -0.0107949115
v 0.00716894865 -0.00313938619 -0.0108541464
v 0.00710001402 -0.00313758152 -0.0109075764
v 0.00702667795 -0.00313599617 -0.0109548038
v 0.00694950484 -0.00313463877 -0.0109954607
v 0.00686908094 -0.00313352165 -0.0110292416
v 0.00678601256 -0.00313265109 -0.0110558867
v 0.00670094322 -0.00313203642 -0.0110751959
v 0.00751970755 0.00268377899 -0.0100959558
v 0.00751635153 0.00268049305 -0.0101830699
v 0.00750541501 0.0026772283 -0.0102695571
v 0.00748697249 0.00267401058 -0.0103547638
v 0.00746116973 0.00267086364 -0.0104380418
v 0.00742820138 0.00266781263 -0.010518753
v 0.00738832075 0.00266487827 -0.0105962884
v 0.00734183053 0.0026620857 -0.0106700519
v 0.00728908181 0.00265945471 -0.0107394885
v 0.00723047787 0.00265700486 -0.0108040636
v 0.00716646295 0.00265475595 -0.010863292
v 0.00709753018 0.00265272451 -0.0109167164
v 0.00702419551 0.00265092519 -0.0109639382
v 0.00694702333 0.00264937407 -0.0110045904
v 0.00686660036 0.00264808023 -0.0110383676
v 0.00678353291 0.00264705555 -0.0110650109
v 0.00669846451 0.00264630676 -0.0110843172
v 0.00669814507 0.0084089255 -0.0115104252
v 0.00678321347 0.00841103401 -0.0114912177
v 0.00686628092 0.00841394812 -0.0114647122
v 0.00694670388 0.0084176464 -0.0114311129
v 0.0070238756 0.00842209905 -0.0113906777
v 0.00709721027 0.00842727348 -0.0113437073
v 0.00716614258 0.00843312964 -0.0112905614
v 0.0072301575 0.00843962282 -0.0112316487
v 0.00728876144 0.0084467046 -0.0111674154
v 0.00734150968 0.00845432095 -0.0110983476
v 0.00738799991 0.00846241228 -0.0110249734
v 0.00742788007 0.00847091898 -0.0109478524
v 0.00746084796 0.00847977586 -0.0108675715
v 0.00748665025 0.008488914 -0.0107847387
v 0.0075050923 0.00849826634 -0.0106999855
v 0.00751602883 0.00850775931 -0.0106139556
v 0.00751938438 0.00851732213 -0.010527309
v 0.00669998722 0.0141257672 -0.0123512968
v 0.00678505609 0.0141292242 -0.0123322848
v 0.00686812401 0.0141340131 -0.0123060578
v 0.00694854744 0.0141400956 -0.0122728096
v 0.00702572055 0.0141474269 -0.0122327963
v 0.00709905615 0.0141559504 -0.0121863186
v 0.00716798985 0.0141656008 -0.0121337334
v 0.00723200571 0.0141763054 -0.0120754382
v 0.00729061104 0.0141879823 -0.0120118791
v 0.00734336115 0.0142005431 -0.0119435387
v 0.00738985278 0.0142138917 -0.0118709402
v 0.0074297348 0.0142279277 -0.0117946323
v 0.00746270502 0.014242542 -0.0117151951
v 0.00748850917 0.0142576257 -0.011633236
v 0.00750695309 0.0142730623 -0.0115493787
v 0.00751789147 0.0142887356 -0.0114642596
v 0.00752124935 0.0143045252 -0.0113785286
v 0.00653041014 0.0197631177 -0.0136181423
v 0.00661754608 0.0197641142 -0.0136140091
v 0.00670398073 0.0197670162 -0.0136025446
v 0.006789051 0.0197718069 -0.0135838287
v 0.00687211985 0.0197784435 -0.0135580106
v 0.00695254514 0.0197868813 -0.0135252839
v 0.00702972012 0.0197970513 -0.0134859011
v 0.00710305804 0.0198088791 -0.0134401554
v 0.00717199454 0.0198222734 -0.013388399
v 0.00723601319 0.0198371336 -0.0133310277
v 0.00729462178 0.019853346 -0.0132684773
v 0.00734737562 0.019870786 -0.0132012172
v 0.00739387097 0.0198893212 -0.0131297708
v 0.00743375672 0.0199088138 -0.0130546708
v 0.00746673066 0.019929111 -0.0129764946
v 0.00749253901 0.0199500602 -0.0128958374
v 0.00751098711 0.0199715011 -0.012813312
v 0.00752193015 0.0199932717 -0.0127295433
v 0.00752529223 0.0200152062 -0.0126451747
v 0.00753149204 0.0256195832 -0.0143206473
v 0.00752812345 0.0255916193 -0.0144032156
v 0.00751717389 0.025563864 -0.0144851934
v 0.00749871926 0.0255365297 -0.0145659549
v 0.0074729044 0.0255098231 -0.0146448929
v 0.0074399244 0.025483951 -0.0147213992
v 0.0074000326 0.0254591051 -0.0147949001
v 0.00735353166 0.0254354794 -0.0148648266
v 0.0073007727 0.0254132487 -0.0149306515
v 0.00724215945 0.0253925882 -0.014991872
v 0.00717813568 0.0253736489 -0.015048027
v 0.00710919546 0.0253565814 -0.0150986854
v 0.00703585381 0.0253415089 -0.0151434578
v 0.00695867604 0.0253285505 -0.0151820099
v 0.00687824795 0.0253178049 -0.0152140474
v 0.00679517677 0.0253093503 -0.0152393216
v 0.00671010558 0.0253032558 -0.0152576445
v 0.00662366999 0.025299564 -0.0152688771
v 0.00653653359 0.0252983049 -0.0152729312
v 0.00753643923 0.0310545806 -0.016476538
v 0.00752548082 0.0310209859 -0.0165563002
v 0.00750701735 0.0309879016 -0.0166348815
v 0.0074811941 0.0309555791 -0.0167116877
v 0.00744820572 0.0309242643 -0.0167861283
v 0.007408306 0.0308941938 -0.0168576427
v 0.00736179762 0.0308655985 -0.016925687
v 0.00730903167 0.0308386981 -0.0169897359
v 0.00725041144 0.0308136921 -0.0170493107
v 0.00718638161 0.030790776 -0.0171039551
v 0.0071174358 0.0307701211 -0.0171532519
v 0.00704408949 0.030751884 -0.0171968229
v 0.00696690753 0.030736208 -0.0172343459
v 0.00688647619 0.0307232067 -0.0172655229
v 0.00680340221 0.0307129826 -0.0172901284
v 0.00671832915 0.0307056122 -0.0173079688
v 0.00663189264 0.030701153 -0.0173189044
v 0.00654475531 0.0306996349 -0.0173228625
v 0.017200442 0.0205513332 0.00931800716
v 0.0172325149 0.0205415431 0.0031067438
v 0.0171175431 0.0209306199 0.00931698084
v 0.0171952453 0.0207326971 0.00306886807
v 0.0171500407 0.0209206995 0.00302297669
v 0.0172972828 0.0198266413 0.00317299808
v 0.0172921307 0.020001227 0.00316760014
v 0.0172483642 0.0201849174 0.00931883138
v 0.0172801893 0.0201752018 0.00315533578
v 0.0172600616 0.0203594714 0.00313478522
v 0.0172655471 0.0198363308 0.00931947026
v 0.00751205767 0.0349231809 -0.0120814899
v 0.00751321763 0.0350465551 -0.0123166954
v 0.00750041613 0.0349979736 -0.0120381154
v 0.00750160916 0.0351248011 -0.0122799082
v 0.00748127978 0.0350716189 -0.0119954441
v 0.00748250494 0.0352018513 -0.0122437282
v 0.00745479949 0.0351435542 -0.0119537991
v 0.00745605584 0.0352771133 -0.0122084217
v 0.00742117455 0.0352132395 -0.0119134979
v 0.00742246117 0.0353500172 -0.0121742617
v 0.00738066388 0.0352801383 -0.0118748499
v 0.00738197938 0.035420008 -0.0121415071
v 0.00733357435 0.0353437439 -0.0118381446
v 0.00733491732 0.0354865566 -0.0121104056
v 0.00728026172 0.035403572 -0.0118036633
v 0.00728163077 0.0355491489 -0.0120812003
v 0.00722113345 0.0354591683 -0.0117716677
v 0.00722252671 0.0356073156 -0.0120541044
v 0.00715663843 0.0355101079 -0.0117424056
v 0.00715805404 0.0356606133 -0.0120293302
v 0.00708727306 0.0355560035 -0.011716092
v 0.00708870869 0.0357086286 -0.0120070651
v 0.00701355655 0.0355965085 -0.0116929356
v 0.00701500988 0.0357510038 -0.0119874813
v 0.00693605654 0.0356313102 -0.0116731068
v 0.00693752477 0.0357874148 -0.0119707203
v 0.00685536163 0.0356601439 -0.0116567565
v 0.00685684243 0.0358175859 -0.0119569171
v 0.00677208044 0.03568279 -0.0116440151
v 0.00677357102 0.0358412825 -0.0119461706
v 0.0066868579 0.0356990844 -0.0116349701
v 0.00668835547 0.0358583294 -0.0119385682
v 0.00660033152 0.0357088931 -0.0116296997
v 0.00660183327 0.0358685926 -0.0119341621
v 0.00651316438 0.0357121453 -0.0116282394
v 0.006514668 0.0358719975 -0.0119329896
v 0.00651624799 0.0360050648 -0.0122503564
v 0.00660341233 0.0360015333 -0.0122512272
v 0.00651789363 0.0361103565 -0.0125779826
v 0.00660505611 0.0361067243 -0.0125785405
v 0.0065195919 0.0361871012 -0.0129134469
v 0.00660675298 0.0361833982 -0.0129136872
v 0.00652133068 0.0362347253 -0.0132542662
v 0.0066084899 0.0362309739 -0.0132541824
v 0.00652309693 0.0362528786 -0.0135979187
v 0.00661025476 0.0362491086 -0.013597508
v 0.00652487762 0.0362414233 -0.0139418598
v 0.00661203358 0.0362376682 -0.0139411176
v 0.00652665971 0.0362004489 -0.0142835425
v 0.00661381381 0.036196731 -0.0142824752
v 0.00652842969 0.036130257 -0.0146204354
v 0.00661558192 0.0361266099 -0.0146190524
v 0.00653017452 0.0360313654 -0.0149500528
v 0.00661732536 0.0360278115 -0.0149483532
v 0.00653188163 0.0359045081 -0.0152699482
v 0.00661903061 0.0359010734 -0.0152679468
v 0.00653353799 0.0357506275 -0.0155777568
v 0.00662068557 0.0357473381 -0.015575462
v 0.00653513148 0.0355708525 -0.0158712007
v 0.00662227767 0.0355677381 -0.0158686228
v 0.00653665047 0.035366524 -0.0161481034
v 0.00662379526 0.0353635997 -0.0161452647
v 0.00653808331 0.0351391509 -0.0164064225
v 0.0066252267 0.0351364426 -0.0164033379
v 0.00653941976 0.0348904133 -0.0166442376
v 0.00662656175 0.0348879434 -0.0166409295
v 0.00654065004 0.0346221551 -0.0168597959
v 0.0066277911 0.0346199386 -0.0168562811
v 0.00654176483 0.034336362 -0.0170514975
v 0.00662890449 0.0343344174 -0.0170477983
v 0.00654275576 0.0340351462 -0.0172179267
v 0.00662989449 0.0340334885 -0.0172140691
v 0.00654361537 0.0337207392 -0.0173578467
v 0.00663075363 0.0337193832 -0.0173538551
v 0.00654433761 0.0333954729 -0.0174702257
v 0.00663147494 0.0333944224 -0.0174661279
v 0.00654491736 0.0330617502 -0.0175542329
v 0.00663205422 0.0330610164 -0.0175500568
v 0.00654534996 0.032722041 -0.0176092405
v 0.00663248636 0.0327216312 -0.0176050123
v 0.00654563215 0.0323788598 -0.01763485
v 0.00663276808 0.0323787779 -0.0176305957
v 0.00654576207 0.0320347473 -0.0176308639
v 0.006632898 0.0320349932 -0.0176266152
v 0.00654573832 0.0316922478 -0.0175973177
v 0.00663287472 0.0316928215 -0.0175930988
v 0.00654556183 0.0313539058 -0.0175344534
v 0.00663269823 0.0313547999 -0.0175302979
v 0.00654523354 0.0310222153 -0.0174427424
v 0.00663236994 0.0310234241 -0.0174386743
v 0.00668992987 0.0359908901 -0.0122547271
v 0.006691569 0.0360957831 -0.0125811081
v 0.00669326121 0.0361722335 -0.0129152983
v 0.006694993 0.0362196788 -0.013254825
v 0.00669675274 0.0362377614 -0.0135971699
v 0.00669852644 0.0362263508 -0.0139398035
v 0.00670030201 0.0361855328 -0.0142801898
v 0.006702065 0.0361156091 -0.0146158058
v 0.00670380332 0.0360170938 -0.0149441678
v 0.00670550391 0.0358907171 -0.0152628496
v 0.00670715421 0.0357374176 -0.0155694894
v 0.00670874165 0.035558328 -0.0158618167
v 0.00671025459 0.0353547744 -0.0161376707
v 0.0067116823 0.0351282656 -0.0163950082
v 0.00671301363 0.0348804705 -0.0166319218
v 0.00671423925 0.0346132331 -0.0168466587
v 0.00671534939 0.034328524 -0.0170376319
v 0.00671633659 0.0340284519 -0.017203426
v 0.00671719341 0.0337152444 -0.0173428189
v 0.00671791285 0.0333912112 -0.0174547695
v 0.00671849027 0.0330587551 -0.0175384562
v 0.00671892101 0.0327203348 -0.0175932571
v 0.00671920227 0.0323784575 -0.0176187679
v 0.00671933172 0.0320356525 -0.0176148005
v 0.00671930844 0.0316944569 -0.017581379
v 0.00671913242 0.0313573964 -0.017518755
v 0.00671880506 0.031026965 -0.0174273923
v 0.00677513797 0.0359732136 -0.012260831
v 0.00677676918 0.0360776111 -0.0125856651
v 0.00677845301 0.0361537002 -0.0129182748
v 0.00678017735 0.0362009183 -0.0132561922
v 0.00678192824 0.0362189189 -0.0135969166
v 0.00678369403 0.0362075642 -0.0139379259
v 0.00678546075 0.0361669362 -0.0142766954
v 0.00678721536 0.036097344 -0.0146107217
v 0.00678894576 0.0359992944 -0.0149375312
v 0.00679063797 0.0358735174 -0.0152547015
v 0.00679228036 0.0357209481 -0.0155598894
v 0.00679386035 0.0355427042 -0.015850829
v 0.00679536629 0.0353401154 -0.0161253773
v 0.00679678703 0.0351146795 -0.0163814928
v 0.0067981123 0.0348680578 -0.0166172851
v 0.00679933187 0.034602087 -0.0168310069
v 0.00680043688 0.0343187265 -0.0170210749
v 0.00680141943 0.0340200774 -0.0171860829
v 0.00680227205 0.0337083526 -0.0173248146
v 0.00680298824 0.0333858542 -0.0174362343
v 0.00680356286 0.0330549739 -0.0175195262
v 0.00680399174 0.0327181555 -0.0175740644
v 0.0068042716 0.0323779024 -0.017599456
v 0.00680440012 0.032036718 -0.0175955053
v 0.00680437684 0.0316971429 -0.0175622422
v 0.00680420175 0.0313616768 -0.0174999181
v 0.00680387625 0.0310328137 -0.0174089875
v 0.00685839867 0.0359486453 -0.0122694932
v 0.00686001964 0.03605235 -0.0125921806
v 0.00686169229 0.0361279361 -0.0129225878
v 0.006863405 0.036174845 -0.0132582691
v 0.00686514424 0.0361927226 -0.0135967396
v 0.00686689839 0.0361814424 -0.0139354961
v 0.00686865347 0.0361410864 -0.0142720267
v 0.00687039644 0.0360719524 -0.0146038439
v 0.00687211519 0.035974551 -0.0149284909
v 0.00687379669 0.0358496085 -0.015243561
v 0.00687542791 0.035698045 -0.0155467279
v 0.00687699765 0.035520982 -0.0158357471
v 0.00687849335 0.0353197344 -0.0161084794
v 0.00687990477 0.0350957848 -0.0163628981
v 0.0068812212 0.0348507985 -0.0165971313
v 0.00688243285 0.0345865861 -0.0168094374
v 0.00688353088 0.0343050994 -0.01699825
v 0.00688450644 0.0340084285 -0.0171621703
v 0.00688535348 0.0336987637 -0.0172999799
v 0.00688606501 0.0333783999 -0.0174106658
v 0.00688663591 0.0330497064 -0.0174934026
v 0.00688706199 0.0327151194 -0.0175475832
v 0.00688733999 0.0323771127 -0.0175728071
v 0.00688746758 0.0320381857 -0.0175688807
v 0.00688744476 0.0317008533 -0.0175358392
v 0.0068872706 0.0313676111 -0.0174739249
v 0.00688694697 0.0310409218 -0.0173835978
v 0.00693906797 0.0359173641 -0.0122806504
v 0.00694067497 0.0360201932 -0.0126006026
v 0.00694233319 0.0360951386 -0.0129282111
v 0.00694403145 0.0361416452 -0.0132610491
v 0.00694575626 0.0361593738 -0.0135966511
v 0.00694749504 0.0361481905 -0.0139325345
v 0.00694923522 0.0361081734 -0.0142662125
v 0.00695096375 0.0360396281 -0.0145952189
v 0.00695266807 0.0359430537 -0.0149171138
v 0.00695433514 0.0358191691 -0.0152295148
v 0.00695595238 0.0356688872 -0.0155301131
v 0.00695750862 0.0354933254 -0.0158166848
v 0.00695899222 0.035293784 -0.0160871018
v 0.00696039153 0.0350717343 -0.0163393673
v 0.00696169678 0.0348288231 -0.016571613
v 0.00696289819 0.0345668457 -0.0167821236
v 0.0069639869 0.034287747 -0.0169693343
v 0.00696495455 0.0339935906 -0.017131865
v 0.00696579413 0.0336865485 -0.0172685068
v 0.00696649961 0.0333689004 -0.0173782539
v 0.00696706539 0.0330429897 -0.0174602941
v 0.00696748774 0.0327112414 -0.0175140146
v 0.00696776342 0.0323760957 -0.0175390225
v 0.00696789054 0.0320400447 -0.0175351314
v 0.00696786726 0.0317055695 -0.0175023694
v 0.00696769496 0.0313751511 -0.0174409803
v 0.00696737412 0.0310512315 -0.0173514169
v 0.00701653725 0.0358796157 -0.0122942124
v 0.00701812748 0.0359813794 -0.0126108667
v 0.00701976893 0.0360555537 -0.0129350983
v 0.00702144951 0.0361015834 -0.0132645015
v 0.00702315662 0.0361191295 -0.0135966428
v 0.0070248777 0.0361080579 -0.0139290616
v 0.00702659972 0.0360684544 -0.0142593021
v 0.00702831056 0.0360006131 -0.014584912
v 0.00702999718 0.0359050371 -0.0149034895
v 0.00703164702 0.0357824303 -0.01521267
v 0.00703324797 0.0356336981 -0.0155101679
v 0.00703478791 0.0354599468 -0.0157937836
v 0.00703625614 0.0352624618 -0.016061414
v 0.00703764101 0.0350427032 -0.0163110793
v 0.00703893276 0.0348022953 -0.0165409315
v 0.00704012159 0.0345430225 -0.0167492665
v 0.00704119913 0.0342668034 -0.0169345476
v 0.00704215653 0.0339756757 -0.0170954037
v 0.00704298774 0.0336718038 -0.0172306374
v 0.00704368576 0.0333574302 -0.0173392501
v 0.00704424595 0.0330348834 -0.0174204428
v 0.00704466412 0.0327065513 -0.0174736138
v 0.007044937 0.0323748626 -0.0174983609
v 0.00704506226 0.0320422761 -0.017494509
v 0.00704503991 0.0317112543 -0.0174620841
v 0.00704486901 0.0313842408 -0.0174013302
v 0.00704455143 0.0310636591 -0.0173126888
v 0.00709021743 0.0358356796 -0.012310084
v 0.00709178858 0.035936214 -0.0126228947
v 0.00709341001 0.0360094868 -0.0129431952
v 0.00709507009 0.0360549577 -0.0132686039
v 0.00709675672 0.0360722877 -0.0135967173
v 0.00709845684 0.036061354 -0.01392511
v 0.00710015837 0.036022231 -0.014251343
v 0.00710184826 0.035955213 -0.0145730088
v 0.00710351439 0.0358607918 -0.0148877213
v 0.00710514421 0.0357396714 -0.0151931532
v 0.00710672559 0.035592746 -0.0154870441
v 0.00710824691 0.0354210995 -0.0157672204
v 0.00710969744 0.0352260098 -0.0160316061
v 0.00711106556 0.0350089148 -0.0162782446
v 0.00711234147 0.0347714238 -0.0165053103
v 0.00711351587 0.0345152952 -0.0167111196
v 0.00711458037 0.0342424214 -0.0168941543
v 0.00711552659 0.0339548253 -0.0170530584
v 0.00711634755 0.0336546339 -0.0171866529
v 0.0071170372 0.0333440714 -0.0172939524
v 0.0071175904 0.0330254361 -0.0173741598
v 0.00711800344 0.0327010863 -0.0174266808
v 0.00711827306 0.0323734209 -0.0174511299
v 0.00711839693 0.0320448689 -0.0174473263
v 0.00711837457 0.0317178555 -0.0174152944
v 0.00711820601 0.0313948095 -0.0173552781
v 0.00711789215 0.0310781151 -0.0172677115
v 0.00715954183 0.0357858948 -0.012328133
v 0.00716109108 0.0358850285 -0.0126365982
v 0.00716269016 0.0359572843 -0.0129524413
v 0.00716432696 0.0360021219 -0.0132733267
v 0.00716598984 0.0360192135 -0.0135968802
v 0.00716766668 0.0360084288 -0.013920702
v 0.00716934446 0.0359698534 -0.0142424023
v 0.0071710106 0.0359037668 -0.0145595912
v 0.00717265345 0.0358106606 -0.0148699293
v 0.00717426091 0.035691224 -0.0151711162
v 0.00717582041 0.03554634 -0.0154609205
v 0.00717732077 0.0353770815 -0.0157372002
v 0.00717875082 0.0351847038 -0.0159979053
v 0.00718009984 0.0349706262 -0.0162411164
v 0.00718135806 0.0347364359 -0.0164650232
v 0.00718251662 0.0344838724 -0.0166679733
v 0.00718356576 0.0342147909 -0.0168484617
v 0.00718449894 0.0339311957 -0.0170051567
v 0.00718530826 0.0336351804 -0.0171368942
v 0.00718598859 0.0333289355 -0.0172426999
v 0.00718653435 0.0330147296 -0.0173217934
v 0.00718694134 0.0326948911 -0.0173735842
v 0.00718720723 0.0323717818 -0.0173976943
v 0.00718732923 0.032047797 -0.0173939411
v 0.00718730735 0.0317253321 -0.0173623562
v 0.00718714111 0.0314067751 -0.0173031725
v 0.00718683191 0.0310944859 -0.017216824
v 0.00722399168 0.0357306376 -0.0123482319
v 0.00722551625 0.0358282216 -0.0126518663
v 0.00722709019 0.0358993486 -0.0129627688
v 0.00722870184 0.0359434858 -0.0132786315
v 0.00723033864 0.0359603055 -0.0135971215
v 0.00723198894 0.0359496921 -0.0139158778
v 0.00723364064 0.0359117165 -0.0142325414
v 0.0072352807 0.0358466655 -0.0145447673
v 0.00723689795 0.0357550159 -0.0148502495
v 0.00723848026 0.0356374495 -0.0151467202
v 0.00724001508 0.0354948342 -0.0154319899
v 0.00724149216 0.0353282243 -0.0157039464
v 0.00724289985 0.0351388566 -0.0159605742
v 0.00724422792 0.0349281318 -0.0161999743
v 0.00724546658 0.0346976072 -0.0164203811
v 0.00724660652 0.0344489925 -0.0166201536
v 0.00724763935 0.0341841243 -0.0167978164
v 0.0072485581 0.033904966 -0.0169520583
v 0.00724935485 0.0336135849 -0.0170817338
v 0.00725002447 0.0333121307 -0.0171858855
v 0.00725056138 0.0330028422 -0.0172637384
v 0.00725096231 0.0326880105 -0.0173147209
v 0.00725122401 0.0323699564 -0.0173384547
v 0.00725134416 0.0320510417 -0.017334763
v 0.00725132227 0.0317336246 -0.0173036698
v 0.00725115882 0.0314200558 -0.0172454119
v 0.00725085428 0.0311126523 -0.0171604156
v 0.00728307012 0.0356703326 -0.0123702213
v 0.00728456862 0.0357662253 -0.0126685891
v 0.00728611508 0.0358361155 -0.0129740993
v 0.0072876988 0.0358794853 -0.0132844802
v 0.00728930719 0.0358960144 -0.0135974418
v 0.00729092862 0.0358855873 -0.013910667
v 0.00729255145 0.0358482711 -0.0142218368
v 0.00729416357 0.0357843488 -0.014528648
v 0.00729575241 0.03569429 -0.0148288272
v 0.00729730725 0.0355787612 -0.015120157
v 0.00729881553 0.0354386196 -0.0154004768
v 0.007300267 0.0352749005 -0.0156677123
v 0.00730165001 0.0350888185 -0.0159198903
v 0.00730295526 0.0348817483 -0.0161551367
v 0.0073041725 0.0346552245 -0.0163717195
v 0.00730529288 0.03441092 -0.0165680256
v 0.00730630755 0.0341506526 -0.0167426094
v 0.00730721001 0.0338763371 -0.0168941729
v 0.00730799325 0.0335900076 -0.0170215983
v 0.00730865123 0.0332937874 -0.0171239432
v 0.00730917882 0.032989867 -0.0172004458
v 0.00730957277 0.0326804928 -0.0172505416
v 0.00730982982 0.0323679596 -0.0172738638
v 0.00730994809 0.032054577 -0.0172702335
v 0.00730992667 0.0317426659 -0.0172396824
v 0.00730976602 0.0314345397 -0.017182434
v 0.0073094666 0.031132469 -0.0170989148
v 0.0073363292 0.0356054381 -0.0123939393
v 0.0073377993 0.0356995054 -0.0126866391
v 0.00733931642 0.0357680693 -0.0129863424
v 0.00734086987 0.0358106159 -0.0132908253
v 0.00734244799 0.0358268321 -0.0135978451
v 0.00734403869 0.0358165987 -0.0139051164
v 0.00734563079 0.035779994 -0.014210376
v 0.00734721217 0.0357172862 -0.0145113552
v 0.00734877074 0.0356289372 -0.014805831
v 0.00735029578 0.0355156027 -0.0150916278
v 0.00735177565 0.0353781246 -0.0153666204
v 0.00735319965 0.0352175161 -0.0156287812
v 0.00735455658 0.0350349694 -0.0158761647
v 0.00735583669 0.0348318331 -0.0161069445
v 0.00735703064 0.0346096121 -0.016319409
v 0.0073581296 0.034369953 -0.0165119842
v 0.00735912565 0.0341146253 -0.0166832507
v 0.00736001087 0.0338455252 -0.0168319363
v 0.00736077875 0.0335646383 -0.0169569403
v 0.00736142416 0.0332740434 -0.0170573387
v 0.00736194197 0.0329758972 -0.0171323903
v 0.00736232847 0.0326724015 -0.0171815362
v 0.00736258086 0.0323658064 -0.0172044132
v 0.00736269681 0.0320583805 -0.0172008537
v 0.00736267585 0.0317523964 -0.0171708819
v 0.00736251799 0.0314501189 -0.0171147194
v 0.00736222463 0.0311537907 -0.0170327891
v 0.00738336192 0.035536442 -0.0124191996
v 0.00738480175 0.0356285758 -0.0127058756
v 0.00738628767 0.0356957242 -0.0129994042
v 0.00738780946 0.0357373953 -0.013297624
v 0.00738935452 0.0357532799 -0.0135983173
v 0.00739091262 0.0357432589 -0.0138992639
v 0.00739247212 0.0357074067 -0.0141982371
v 0.00739402091 0.0356459878 -0.014493023
v 0.00739554781 0.0355594568 -0.014781436
v 0.00739704119 0.035448458 -0.0150613431
v 0.00739849033 0.0353138112 -0.0153306788
v 0.00739988498 0.0351565108 -0.0155874388
v 0.00740121398 0.0349777229 -0.0158297289
v 0.00740246801 0.0347787663 -0.0160557572
v 0.00740363728 0.0345611237 -0.0162638482
v 0.00740471389 0.0343263969 -0.0164524596
v 0.00740568899 0.0340763256 -0.0166202001
v 0.00740655605 0.033812765 -0.0167658255
v 0.00740730856 0.0335376598 -0.0168882534
v 0.00740794046 0.0332530513 -0.0169865862
v 0.00740844756 0.0329610407 -0.0170600899
v 0.00740882615 0.0326637961 -0.0171082243
v 0.00740907295 0.0323635116 -0.0171306301
v 0.00740918657 0.032062415 -0.0171271451
v 0.00740916608 0.0317627303 -0.0170977898
v 0.00740901148 0.0314666778 -0.0170427859
v 0.00740872417 0.0311764497 -0.0169625413
v 0.00742381345 0.035463877 -0.012445814
v 0.00742522115 0.0355539732 -0.0127261505
v 0.00742667448 0.0356196389 -0.0130131915
v 0.00742816227 0.0356603861 -0.0133048156
v 0.00742967334 0.0356759168 -0.013598863
v 0.00743119698 0.0356661193 -0.0138931563
v 0.00743272202 0.0356310606 -0.014185518
v 0.00743423635 0.0355709977 -0.0144737866
v 0.00743572926 0.0354863815 -0.0147558218
v 0.00743719004 0.0353778377 -0.0150295459
v 0.00743860751 0.0352461673 -0.0152929211
v 0.00743997097 0.0350923426 -0.0155440057
v 0.00744127063 0.0349175073 -0.0157809425
v 0.00744249672 0.034722954 -0.0160019714
v 0.00744364038 0.0345101207 -0.0162054617
v 0.00744469278 0.0342805833 -0.0163899045
v 0.00744564645 0.0340360403 -0.0165539328
v 0.00744649442 0.0337783061 -0.0166963413
v 0.00744723016 0.0335092843 -0.0168160629
v 0.0074478481 0.0332309678 -0.0169122219
v 0.00744834403 0.0329454169 -0.0169841014
v 0.00744871423 0.0326547436 -0.0170311686
v 0.0074489559 0.0323610976 -0.0170530826
v 0.00744906673 0.0320666581 -0.0170496721
v 0.00744904671 0.031773597 -0.0170209687
v 0.00744889583 0.0314840898 -0.0169671811
v 0.00744861457 0.0312002804 -0.0168887079
v 0.00745737599 0.0353882909 -0.0124735814
v 0.00745875109 0.0354762636 -0.0127473166
v 0.00746016996 0.0355403833 -0.0130275972
v 0.00746162282 0.0355801731 -0.0133123547
v 0.0074630985 0.0355953388 -0.0135994758
v 0.00746458629 0.0355857685 -0.013886841
v 0.00746607501 0.0355515368 -0.0141723156
v 0.00746755395 0.0354928896 -0.0144537957
v 0.00746901147 0.0354102664 -0.0147291925
v 0.00747043779 0.0353042781 -0.0149964681
v 0.00747182174 0.0351757072 -0.0152536416
v 0.00747315306 0.0350255072 -0.015498816
v 0.00747442245 0.0348547883 -0.0157301724
v 0.00747561967 0.0346648134 -0.0159459952
v 0.00747673633 0.0344569944 -0.0161446929
v 0.00747776404 0.0342328623 -0.0163247902
v 0.00747869536 0.0339940824 -0.0164849591
v 0.00747952331 0.0337424129 -0.0166240092
v 0.00748024182 0.0334797278 -0.0167409144
v 0.00748084532 0.0332079642 -0.0168348085
v 0.00748132961 0.0329291336 -0.0169049948
v 0.00748169096 0.0326453075 -0.0169509556
v 0.00748192659 0.0323585756 -0.0169723518
v 0.00748203509 0.0320710689 -0.0169690214
v 0.00748201553 0.0317849107 -0.0169409923
v 0.00748186791 0.0315022245 -0.0168884713
v 0.00748159364 0.0312250964 -0.0168118495
v 0.00748379249 0.0353102572 -0.0125022866
v 0.00748513266 0.0353960432 -0.0127692055
v 0.00748651661 0.0354585648 -0.0130425096
v 0.00748793315 0.0354973637 -0.0133201759
v 0.00748937204 0.0355121531 -0.013600152
v 0.00749082258 0.0355028249 -0.0138803609
v 0.00749227451 0.0354694389 -0.0141587332
v 0.00749371666 0.0354122557 -0.0144332005
v 0.00749513833 0.0353316888 -0.0147017417
v 0.00749652879 0.0352283381 -0.0149623649
v 0.00749787828 0.0351029672 -0.0152131366
v 0.00749917654 0.0349565074 -0.0154522043
v 0.00750041427 0.0347900391 -0.0156777985
v 0.00750158168 0.0346047953 -0.0158882514
v 0.0075026704 0.0344021469 -0.0160820019
v 0.0075036725 0.0341835953 -0.0162576195
v 0.00750458054 0.0339507572 -0.0164137967
v 0.007505388 0.0337053575 -0.0165493879
v 0.00750608835 0.0334492102 -0.0166633837
v 0.00750667695 0.0331842154 -0.0167549364
v 0.00750714913 0.0329123288 -0.0168233775
v 0.00750750164 0.0326355621 -0.0168681946
v 0.00750773167 0.0323559716 -0.0168890581
v 0.00750783738 0.0320756212 -0.0168858096
v 0.00750781829 0.0317965895 -0.0168584809
v 0.0075076744 0.0315209366 -0.0168072674
v 0.00750740664 0.0312507078 -0.0167325474
v 0.00750286272 0.0352303758 -0.0125317117
v 0.00750416843 0.0353139192 -0.0127916532
v 0.00750551606 0.0353748053 -0.0130578177
v 0.00750689534 0.035412591 -0.0133282263
v 0.00750829699 0.0354269966 -0.013600884
v 0.0075097098 0.0354179107 -0.0138737708
v 0.00751112355 0.0353854001 -0.0141448649
v 0.00751252798 0.035329707 -0.0144121638
v 0.00751391239 0.0352512486 -0.0146736829
v 0.00751526654 0.0351505987 -0.0149274925
v 0.00751658063 0.0350285023 -0.0151717132
v 0.0075178449 0.0348858722 -0.0154045317
v 0.00751905004 0.0347237512 -0.0156242326
v 0.00752018718 0.0345433503 -0.0158291832
v 0.00752124749 0.0343459994 -0.016017871
v 0.00752222352 0.0341331623 -0.0161888972
v 0.00752310781 0.0339064077 -0.0163409952
v 0.00752389431 0.0336674191 -0.0164730381
v 0.0075245765 0.0334179699 -0.0165840555
v 0.00752514973 0.0331598967 -0.0166732185
v 0.00752560934 0.032895118 -0.0167398695
v 0.00752595253 0.0326255858 -0.0167835131
v 0.00752617652 0.0323533006 -0.0168038346
v 0.00752627943 0.0320802815 -0.0168006718
v 0.0075262608 0.0318085402 -0.0167740546
v 0.00752612064 0.0315400921 -0.0167241786
v 0.00752586033 0.0312769227 -0.0166514143
v 0.00751443766 0.0351492502 -0.0125616323
v 0.00751570752 0.0352305174 -0.0128144929
v 0.00751701836 0.0352897458 -0.0130734015
v 0.00751835993 0.0353265032 -0.0133364387
v 0.00751972338 0.0353405103 -0.0136016691
v 0.00752109755 0.0353316739 -0.0138671156
v 0.00752247311 0.0353000499 -0.0141308242
v 0.0075238389 0.0352458768 -0.0143908355
v 0.00752518559 0.035169553 -0.014645231
v 0.00752650294 0.0350716449 -0.0148921236
v 0.00752778165 0.034952879 -0.0151296854
v 0.00752901146 0.0348141342 -0.0153561626
v 0.00753018353 0.0346564353 -0.0155698732
v 0.00753128948 0.0344809517 -0.0157692395
v 0.00753232138 0.0342889763 -0.0159527846
v 0.0075332704 0.0340819359 -0.0161191467
v 0.00753413094 0.0338613652 -0.0162671022
v 0.00753489556 0.0336288922 -0.0163955502
v 0.00753555913 0.0333862379 -0.0165035371
v 0.00753611652 0.0331351981 -0.0165902711
v 0.00753656402 0.0328776352 -0.0166551042
v 0.0075368979 0.0326154493 -0.0166975614
v 0.00753711583 0.0323505886 -0.0167173259
v 0.00753721595 0.0320850052 -0.0167142507
v 0.00753719779 0.0318206698 -0.0166883562
v 0.00753706135 0.0315595381 -0.0166398399
v 0.00753680803 0.0313035473 -0.0165690593
v -0.00492526637 0.016018413 -0.000789237791
v -0.00492483703 0.0150184147 -0.000787659315
v -0.00592482602 0.0150179779 -0.000792821986
v -0.00592589844 0.0175179746 -0.000796768232
v -0.00495675486 0.0175183974 -0.000791764818
v -0.00495649176 0.0169051904 -0.000790796825
v 0.00403960049 -0.0315818079 -0.0110567063
v 0.00403473992 -0.0311577655 -0.0101510799
v 0.00403922191 -0.0318033136 -0.0109645519
v 0.00403422303 -0.0314598083 -0.0100254118
v 0.00403894763 -0.0320320018 -0.0108920513
v 0.00403384911 -0.0317716561 -0.0099265473
v 0.00403878 -0.03226614 -0.0108397556
v 0.00403362047 -0.0320909359 -0.00985523779
v 0.00403871993 -0.0325039439 -0.0108080655
v 0.00403353898 -0.0324152149 -0.00981202349
v 0.00403876882 -0.032743603 -0.0107972231
v 0.00403360557 -0.0327420272 -0.00979723968
v 0.00403892575 -0.0329832956 -0.0108073093
v 0.00403381931 -0.0330688842 -0.00981099159
v 0.00403918931 -0.0332212038 -0.0108382478
v 0.00403417926 -0.0333932973 -0.00985318143
v 0.00403955812 -0.0334555022 -0.0108898049
v 0.00403468171 -0.0337128006 -0.00992348325
v 0.0040400289 -0.0336844213 -0.0109615829
v 0.00403532339 -0.0340249576 -0.0100213634
v 0.00404059794 -0.0339062102 -0.0110530378
v 0.00403609965 -0.034327399 -0.0101460759
v 0.00404126104 -0.0341191813 -0.0111634787
v 0.00403700396 -0.0346178189 -0.0102966763
v 0.00404201355 -0.0343217216 -0.0112920599
v 0.00403802982 -0.0348940045 -0.0104720127
v 0.00404284941 -0.0345122814 -0.0114378035
v 0.00403916975 -0.0351538584 -0.0106707541
v 0.00404376211 -0.0346894152 -0.0115995985
v 0.00404041447 -0.0353954062 -0.0108913882
v 0.00404474465 -0.0348517708 -0.0117762173
v 0.00404175464 -0.0356168039 -0.0111322291
v 0.00404579006 -0.0349981152 -0.011966316
v 0.00404318003 -0.035816364 -0.0113914562
v 0.00404689042 -0.035127338 -0.0121684447
v 0.00404467992 -0.0359925739 -0.0116670839
v 0.00404803641 -0.0352384485 -0.0123810666
v 0.00404624315 -0.036144089 -0.0119570233
v 0.00404922012 -0.0353306085 -0.0126025621
v 0.0040478576 -0.0362697616 -0.0122590652
v 0.0040504327 -0.0354031101 -0.0128312483
v 0.0040495107 -0.0363686271 -0.0125709092
v 0.00405166438 -0.0354554057 -0.0130653838
v 0.00405119034 -0.0364399366 -0.0128901843
v 0.00405290583 -0.035487093 -0.013303183
v 0.00405288301 -0.03648315 -0.0132144587
v 0.00405414775 -0.0354979374 -0.013542844
v 0.00405457709 -0.0364979319 -0.0135412654
v 0.00405538082 -0.0354878493 -0.0137825347
v 0.00405625813 -0.0364841819 -0.0138681149
v 0.00405659573 -0.0354569107 -0.0140204336
v 0.00405791495 -0.0364419892 -0.0141925272
v 0.0040577827 -0.0354053527 -0.0142547321
v 0.00405953359 -0.0363716856 -0.014512022
v 0.00405893335 -0.0353335738 -0.0144836465
v 0.0040611024 -0.0362738036 -0.0148241771
v 0.00406003837 -0.0352421142 -0.0147054316
v 0.00406260928 -0.0361490846 -0.0151266139
v 0.00406108936 -0.0351316743 -0.0149184028
v 0.00406404259 -0.035998486 -0.0154170301
v 0.00406207889 -0.0350030884 -0.0151209394
v 0.00406539207 -0.0358231477 -0.0156932175
v 0.00406299904 -0.0348573439 -0.0153114991
v 0.00406664656 -0.0356244035 -0.0159530677
v 0.00406384282 -0.0346955471 -0.0154886292
v 0.00406779721 -0.0354037657 -0.0161946118
v 0.00406460371 -0.0345189199 -0.0156509858
v 0.00406883471 -0.0351629145 -0.0164160021
v 0.00406527612 -0.034328822 -0.0157973301
v 0.00406975159 -0.0349036902 -0.016615564
v 0.00406585494 -0.0341266915 -0.0159265473
v 0.00407054089 -0.034628056 -0.0167917702
v 0.0040663355 -0.0339140669 -0.0160376597
v 0.00407119654 -0.0343381129 -0.0169432871
v 0.00406671455 -0.0336925685 -0.0161298141
v 0.00407171343 -0.0340360664 -0.0170689542
v 0.00406698883 -0.0334638767 -0.0162023194
v 0.00407208735 -0.0337242186 -0.0171678197
v 0.00406715646 -0.0332297385 -0.0162546113
v 0.00407231599 -0.0334049389 -0.0172391329
v 0.00406721607 -0.0329919346 -0.0162863005
v 0.00407239702 -0.0330806598 -0.0172823425
v 0.00406716717 -0.0327522717 -0.016297143
v 0.00407233089 -0.0327538475 -0.0172971301
v 0.00406701025 -0.0325125791 -0.0162870567
v 0.00407211669 -0.0324269906 -0.0172833744
v 0.00406674668 -0.0322746783 -0.0162561182
v 0.0040717572 -0.0321025811 -0.0172411893
v 0.00406637834 -0.0320403762 -0.0162045658
v 0.00407125428 -0.0317830779 -0.0171708837
v 0.00406590756 -0.0318114571 -0.016132785
v 0.0040706126 -0.0314709172 -0.0170730036
v 0.00406533852 -0.0315896682 -0.0160413291
v 0.00406983681 -0.0311684813 -0.0169482902
v 0.00406467495 -0.0313766934 -0.0159308873
v 0.00406893203 -0.0308780614 -0.0167976897
v 0.00406392291 -0.031174155 -0.0158023108
v 0.00406790618 -0.0306018703 -0.0166223533
v 0.00406308705 -0.0309835952 -0.0156565662
v 0.00406676671 -0.0303420164 -0.0164236128
v 0.00406217435 -0.0308064632 -0.0154947685
v 0.00406552199 -0.0301004704 -0.0162029825
v 0.00406119134 -0.0306441057 -0.0153181497
v 0.00406418182 -0.0298790764 -0.0159621369
v 0.00406014593 -0.0304977596 -0.0151280509
v 0.00406275643 -0.0296795145 -0.0157029144
v 0.00405904604 -0.0303685386 -0.0149259213
v 0.00406125607 -0.0295033008 -0.0154272821
v 0.00405789958 -0.0302574281 -0.0147133004
v 0.00405969284 -0.0293517876 -0.0151373437
v 0.00405671587 -0.0301652681 -0.0144918049
v 0.00405807886 -0.0292261187 -0.0148353018
v 0.00405550376 -0.0300927684 -0.0142631177
v 0.00405642577 -0.0291272495 -0.0145234577
v 0.00405427208 -0.0300404746 -0.0140289832
v 0.00405474612 -0.02905594 -0.0142041864
v 0.00405303016 -0.0300087854 -0.0137911839
v 0.00405305298 -0.0290127303 -0.0138799082
v 0.00405178824 -0.029997943 -0.0135515258
v 0.00405135937 -0.0289979428 -0.0135531044
v 0.00405055517 -0.0300080292 -0.0133118313
v 0.00404967787 -0.0290116984 -0.013226252
v 0.00404934073 -0.0300389696 -0.0130739333
v 0.00404802151 -0.0290538874 -0.0129018435
v 0.00404815376 -0.0300905239 -0.0128396349
v 0.00404640287 -0.029124191 -0.0125823449
v 0.00404700311 -0.0301623028 -0.0126107205
v 0.00404483406 -0.0292220749 -0.0122701898
v 0.00404589809 -0.0302537642 -0.0123889353
v 0.00404332718 -0.029346792 -0.0119677531
v 0.00404484663 -0.0303642023 -0.0121759633
v 0.00404189341 -0.0294973906 -0.0116773369
v 0.00404385757 -0.0304927863 -0.0119734276
v 0.00404054439 -0.0296727326 -0.0114011541
v 0.00404293742 -0.0306385327 -0.0117828678
v 0.0040392899 -0.0298714768 -0.0111412983
v 0.00404209364 -0.0308003332 -0.0116057377
v 0.00403813925 -0.0300921109 -0.0108997589
v 0.00404133275 -0.0309769548 -0.011443384
v 0.00403710129 -0.0303329602 -0.010678364
v 0.00404066034 -0.0311670527 -0.0112970397
v 0.0040361844 -0.0305921864 -0.010478803
v 0.00404008152 -0.0313691832 -0.0111678196
v 0.0040353951 -0.0308678225 -0.0103025958
v 0.0020557004 0.0209140163 0.00289063272
v 0.00202090922 0.0209240224 0.00923904125
v 0.00507231569 -0.0327534117 -0.0172919687
v 0.00507238228 -0.0330802239 -0.0172771811
v 0.00507230079 -0.033404503 -0.0172339696
v 0.00507207215 -0.0337237827 -0.0171626564
v 0.00507169822 -0.0340356305 -0.0170637928
v 0.00507118134 -0.0343376771 -0.0169381239
v 0.00507052569 -0.0346276201 -0.0167866088
v 0.00506973686 -0.0349032506 -0.0166104008
v 0.0050688195 -0.0351624787 -0.0164108407
v 0.00506778201 -0.0354033262 -0.0161894485
v 0.00506663136 -0.0356239639 -0.0159479063
v 0.00506537687 -0.0358227082 -0.0156880543
v 0.00506402738 -0.0359980464 -0.0154118668
v 0.00506259408 -0.0361486487 -0.0151214516
v 0.0050610872 -0.0362733677 -0.0148190139
v 0.00505951839 -0.0363712497 -0.0145068588
v 0.00505789975 -0.0364415534 -0.0141873639
v 0.00505624339 -0.0364837423 -0.0138629517
v 0.00505456189 -0.0364974961 -0.0135361031
v 0.00505286828 -0.0364827141 -0.0132092955
v 0.00505117513 -0.036439497 -0.012885022
v 0.00504949549 -0.0363681875 -0.0125657469
v 0.00504784239 -0.036269322 -0.0122539019
v 0.00504622795 -0.0361436494 -0.01195186
v 0.00504466519 -0.0359921381 -0.0116619216
v 0.00504316483 -0.0358159281 -0.011386293
v 0.00504173944 -0.0356163643 -0.0111270668
v 0.00504039926 -0.0353949666 -0.0108862249
v 0.00503915455 -0.0351534225 -0.0106655909
v 0.00503801508 -0.0348935686 -0.0104668494
v 0.00503698876 -0.0346173793 -0.010291514
v 0.00503608445 -0.0343269631 -0.0101409135
v 0.00503530819 -0.0340245217 -0.0100162001
v 0.00503466651 -0.033712361 -0.00991832092
v 0.00503416406 -0.0333928578 -0.00984801911
v 0.00503380457 -0.0330684446 -0.00980582926
v 0.00503359037 -0.0327415913 -0.00979207736
v 0.00503352378 -0.0324147791 -0.00980686024
v 0.00503360527 -0.0320905 -0.00985007547
v 0.00503383391 -0.0317712203 -0.00992138498
v 0.00503420783 -0.0314593725 -0.0100202495
v 0.00503472472 -0.0311573297 -0.0101459166
v 0.00503538037 -0.0308673866 -0.0102974335
v 0.0050361692 -0.0305917505 -0.0104736406
v 0.00503708655 -0.0303325225 -0.0106732007
v 0.00503812404 -0.030091675 -0.0108945966
v 0.00503927469 -0.029871041 -0.011136136
v 0.00504052918 -0.0296722967 -0.0113959908
v 0.00504187867 -0.0294969529 -0.0116721746
v 0.00504331198 -0.0293463543 -0.0119625898
v 0.00504481886 -0.029221639 -0.0122650275
v 0.00504638767 -0.0291237533 -0.0125771826
v 0.00504800631 -0.0290534496 -0.0128966812
v 0.00504966266 -0.0290112626 -0.0132210897
v 0.00505134417 -0.0289975051 -0.013547942
v 0.00505303778 -0.0290122926 -0.0138747459
v 0.00505473092 -0.0290555023 -0.0141990231
v 0.00505641056 -0.0291268136 -0.0145182945
v 0.00505806366 -0.0292256828 -0.0148301395
v 0.00505967811 -0.0293513499 -0.0151321813
v 0.00506124087 -0.0295028649 -0.0154221198
v 0.00506274123 -0.0296790767 -0.0156977512
v 0.00506416662 -0.0298786405 -0.0159569755
v 0.00506550679 -0.0301000327 -0.0161978193
v 0.0050667515 -0.0303415786 -0.0164184496
v 0.00506789098 -0.0306014344 -0.016617192
v 0.00506891729 -0.0308776237 -0.0167925283
v 0.00506982161 -0.0311680436 -0.0169431269
v 0.0050705974 -0.0314704813 -0.0170678403
v 0.00507123955 -0.0317826383 -0.0171657205
v 0.00507174199 -0.0321021415 -0.017236026
v 0.00507210148 -0.0324265547 -0.0172782131
v 0.0164754838 -0.0213806443 0.00238985964
v 0.0164883919 -0.0213845856 -0.000110103334
v 0.00762103265 -0.0213985648 -0.00655648997
v 0.00763394125 -0.0214025062 -0.00905645452
v -0.00414560549 0.0282365307 0.00118245219
v -0.00388177438 0.0280355085 0.00153019349
v -0.00656216359 0.0267747883 0.00368542038
v -0.00358866923 0.0278487168 0.00185360108
v 0.00377856777 0.0280388575 0.00156974175
v 0.0040458031 0.0282401107 0.00122474227
v 0.00643766206 0.0267804712 0.00375253498
v 0.004281973 0.0284540374 0.000857737381
v 0.00448528631 0.0286790095 0.000471518288
v -0.00474261213 0.0289092045 2.05113192e-05
v -0.00457767164 0.0286750477 0.000424728671
v -0.00437816372 0.0284502525 0.000813027436
v -0.000712787849 0.0270236488 0.00329146162
v -0.000496058317 0.0270099398 0.00331635145
v 0.000157740666 0.0270019341 0.00333400792
v -6.03769076e-05 0.0269990712 0.00333764544
v -0.000278447726 0.0270017423 0.00333175599
v 0.00465418724 0.0289133117 6.90244487e-05
v 0.00478739291 0.029155165 -0.000346680084
v 0.00488389423 0.0294027235 -0.000772432948
v -0.0050188587 0.0296497531 -0.00125642214
v -0.00496405037 0.029398419 -0.000823275186
v -0.00487173395 0.0291509423 -0.000396547519
v 0.000375487725 0.0270103216 0.00332085113
v 0.000592454395 0.0270242188 0.00329820043
v 0.000808223151 0.0270436015 0.00326609844
v -0.00135361752 0.0270975307 0.00316043966
v -0.00114198064 0.0270674862 0.00321343099
v -0.000928234251 0.0270428434 0.00325713377
v 0.00501318509 0.0357114896 -0.0116359834
v 0.00496412162 0.0299074035 -0.00164106721
v 0.00494295545 0.029654108 -0.00120499206
v -0.00503574219 0.0299030337 -0.0016926938
v -0.00648666127 0.0357064605 -0.0116953542
v -0.00498667825 0.0357071161 -0.0116876103
v 0.00102238776 0.0270684324 0.003224605
v 0.00123453792 0.0270986613 0.00317380158
v 0.00144426711 0.0271342341 0.00311378296
v -0.00197189837 0.027219452 0.00294682081
v -0.00176897435 0.0271735862 0.00302700745
v -0.00156275055 0.0271329191 0.00309825852
v 0.00165117986 0.02717508 0.00304466486
v 0.00185488455 0.0272211246 0.00296657742
v 0.00205498538 0.0272722784 0.00287966966
v -0.00255705346 0.0273873284 0.00265425979
v -0.00236631511 0.0273264255 0.00276026875
v -0.00217113947 0.0272704307 0.00285785133
v 0.00225110911 0.0273284428 0.00278410735
v 0.00244287844 0.0273895133 0.00268007326
v 0.00262993108 0.0274553727 0.00256776297
v -0.0030990676 0.027598286 0.00228776224
v -0.00292377686 0.0275233891 0.00241778116
v -0.00274299411 0.0274530239 0.002540024
v 0.00281190872 0.0275258962 0.00244739279
v 0.00298846699 0.0276009478 0.00231919065
v 0.00315926573 0.0276803859 0.00218340219
v -0.00343182916 0.0277611054 0.00200540316
v -0.00326852454 0.0276775751 0.0021502173
v 0.00332398363 0.0277640577 0.00204028166
v 0.00348230242 0.0278518088 0.00189010659
v -0.00197903765 0.0209222734 0.0092183901
v -0.00194675475 0.0209124181 0.00296614226
v -0.00495543377 0.0322421305 -0.0174461976
v -0.00395566272 0.0325694233 -0.0174272805
v -0.00495564751 0.0325689875 -0.0174324419
v -0.00395602221 0.0328938365 -0.0173850935
v -0.004956007 0.0328934006 -0.0173902549
v -0.00395652512 0.0332133397 -0.017314788
v -0.00495650992 0.0332129002 -0.0173199512
v -0.0039571668 0.0335254967 -0.0172169078
v -0.0049571516 0.0335250571 -0.0172220711
v -0.00395794259 0.0338279381 -0.0170921944
v -0.00495792786 0.0338274986 -0.0170973577
v -0.00395884737 0.0341183543 -0.016941594
v -0.00495883217 0.0341179185 -0.0169467572
v -0.00395987323 0.0343945436 -0.0167662594
v -0.00495985802 0.0343941078 -0.0167714208
v -0.0039610127 0.0346543975 -0.0165675171
v -0.00496099796 0.0346539617 -0.0165726803
v -0.00396225741 0.0348959453 -0.0163468868
v -0.00496224221 0.0348955058 -0.01635205
v -0.00396359758 0.0351173393 -0.0161060411
v -0.00496358238 0.0351169035 -0.0161112044
v -0.00396502344 0.0353169031 -0.0158468187
v -0.00496500824 0.0353164673 -0.0158519819
v -0.00396652333 0.0354931131 -0.0155711873
v -0.00496650813 0.0354926735 -0.0155763496
v -0.00396808656 0.0356446281 -0.0152812479
v -0.00496807136 0.0356441922 -0.0152864112
v -0.00396970054 0.0357702971 -0.014979206
v -0.0049696858 0.0357698612 -0.0149843693
v -0.0039713541 0.0358691663 -0.014667362
v -0.0049713389 0.0358687267 -0.0146725243
v -0.00397303328 0.0359404758 -0.0143480906
v -0.00497301808 0.0359400399 -0.0143532529
v -0.00397472642 0.0359836891 -0.0140238125
v -0.00497471122 0.0359832495 -0.0140289757
v -0.00397642003 0.0359984711 -0.0136970095
v -0.00497640483 0.0359980352 -0.0137021719
v -0.00397810154 0.0359847173 -0.0133701572
v -0.00497808633 0.0359842815 -0.0133753195
v -0.00397975789 0.0359425284 -0.0130457478
v -0.00497974269 0.0359420925 -0.013050911
v -0.00398137653 0.0358722247 -0.0127262492
v -0.0049813618 0.0358717889 -0.0127314124
v -0.00398294535 0.0357743427 -0.0124140941
v -0.00498293014 0.0357739031 -0.0124192573
v -0.00398445223 0.0356496274 -0.0121116573
v -0.00498443702 0.0356491879 -0.0121168196
v -0.003985886 0.0354990214 -0.0118212411
v -0.00498587079 0.0354985856 -0.0118264044
v -0.00398723502 0.0353236832 -0.0115450583
v -0.00498721981 0.0353232473 -0.0115502207
v -0.00398848951 0.0351249389 -0.0112852026
v -0.00498847477 0.0351245031 -0.0112903658
v -0.00398964016 0.0349043049 -0.0110436631
v -0.00498962495 0.0349038653 -0.0110488264
v -0.00399067812 0.0346634537 -0.0108222682
v -0.00499066291 0.0346630178 -0.0108274305
v -0.003991595 0.0344042294 -0.0106227072
v -0.0049915798 0.0344037898 -0.0106278704
v -0.0039923843 0.0341285951 -0.0104465
v -0.0049923691 0.0341281556 -0.0104516633
v -0.00399303949 0.0338386521 -0.0102949841
v -0.00499302475 0.0338382125 -0.0103001464
v -0.00399355637 0.0335366055 -0.010169317
v -0.00499354117 0.033536166 -0.0101744793
v -0.0039939303 0.0332247578 -0.0100704515
v -0.00499391556 0.0332243219 -0.0100756148
v -0.00399415893 0.032905478 -0.00999914203
v -0.00499414373 0.0329050422 -0.0100043053
v -0.00399424043 0.032581199 -0.00995592773
v -0.00499422522 0.0325807631 -0.00996109005
v -0.00399417384 0.0322543867 -0.00994114392
v -0.00499415863 0.0322539508 -0.00994630717
v -0.0039939601 0.0319275334 -0.00995489582
v -0.00499394489 0.0319270939 -0.00996005908
v -0.00399360014 0.0316031203 -0.0099970866
v -0.0049935854 0.0316026807 -0.0100022489
v -0.00399309769 0.031283617 -0.0100673875
v -0.00499308249 0.0312831774 -0.0100725507
v -0.00399245601 0.0309714563 -0.0101652676
v -0.00499244081 0.0309710205 -0.0101704299
v -0.00399167975 0.0306690186 -0.010289981
v -0.00499166455 0.0306685809 -0.0102951434
v -0.00399077544 0.0303785987 -0.0104405815
v -0.00499076024 0.030378161 -0.0104457438
v -0.00398974959 0.0301024113 -0.0106159169
v -0.00498973439 0.0301019736 -0.0106210792
v -0.00398860965 0.0298425555 -0.0108146584
v -0.00498859445 0.0298421178 -0.0108198207
v -0.00398736494 0.0296010096 -0.0110352924
v -0.0049873502 0.0296005737 -0.0110404547
v -0.00398602476 0.0293796137 -0.0112761334
v -0.00498601003 0.0293791778 -0.0112812966
v -0.00398459937 0.0291800518 -0.0115353605
v -0.00498458417 0.029179614 -0.0115405228
v -0.00398309948 0.0290038418 -0.0118109891
v -0.00498308428 0.0290034041 -0.0118161514
v -0.00398153625 0.0288523268 -0.0121009275
v -0.00498152105 0.0288518891 -0.0121060899
v -0.00397992181 0.028726656 -0.0124029694
v -0.0049799066 0.0287262201 -0.0124081317
v -0.00397826871 0.0286277905 -0.0127148144
v -0.00497825351 0.0286273528 -0.0127199767
v -0.00397658907 0.0285564791 -0.0130340895
v -0.00497657433 0.0285560414 -0.0130392518
v -0.00397489639 0.0285132676 -0.013358363
v -0.00497488119 0.0285128299 -0.0133635253
v -0.00397320278 0.028498482 -0.0136851706
v -0.00497318758 0.0284980442 -0.0136903329
v -0.00397152128 0.0285122376 -0.0140120191
v -0.00497150607 0.0285117999 -0.0140171815
v -0.00396986492 0.0285544265 -0.0143364314
v -0.00496984972 0.0285539888 -0.0143415937
v -0.00396824582 0.0286247302 -0.0146559263
v -0.00496823108 0.0286242943 -0.0146610886
v -0.003966677 0.028722614 -0.0149680814
v -0.00496666227 0.0287221763 -0.0149732437
v -0.00396517012 0.0288473293 -0.0152705181
v -0.00496515539 0.0288468935 -0.0152756814
v -0.00396373682 0.0289979316 -0.0155609343
v -0.00496372161 0.0289974939 -0.0155660966
v -0.0039623878 0.0291732699 -0.0158371218
v -0.00496237259 0.029172834 -0.0158422831
v -0.00396113284 0.029372016 -0.0160969738
v -0.00496111764 0.0293715782 -0.0161021352
v -0.00395998219 0.02959265 -0.016338516
v -0.00495996745 0.0295922142 -0.0163436793
v -0.0039589447 0.0298334993 -0.0165599082
v -0.00495892949 0.0298330616 -0.0165650696
v -0.00395802781 0.0300927255 -0.0167594682
v -0.00495801261 0.0300922897 -0.0167646315
v -0.00395723851 0.0303683616 -0.0169356745
v -0.00495722331 0.0303679239 -0.0169408377
v -0.00395658286 0.0306583028 -0.0170871913
v -0.00495656813 0.030657867 -0.0170923546
v -0.00395606644 0.0309603475 -0.0172128584
v -0.00495605124 0.0309599116 -0.0172180217
v -0.00395569205 0.0312721953 -0.0173117239
v -0.00495567685 0.0312717594 -0.0173168872
v -0.00395546341 0.031591475 -0.0173830371
v -0.00495544868 0.0315910392 -0.0173882004
v -0.00395538239 0.0319157541 -0.0174262486
v -0.00495536719 0.0319153182 -0.01743141
v -0.00395544898 0.0322425663 -0.0174410362
v 0.016475698 -0.0218806453 0.00239064894
v 0.0164886061 -0.0218845848 -0.000109314075
v 0.0040702261 -0.02868912 0.00131460582
v 0.00380281778 -0.0284870062 0.00165896863
v 0.00350639177 -0.0282992013 0.00197874173
v -0.00385752413 -0.0284903552 0.00161942036
v -0.00412118249 -0.0286927 0.00127231574
v -0.00653899694 -0.0272251386 0.00377065991
v -0.00435355678 -0.0289077871 0.000903567881
v -0.00455287099 -0.0291339774 0.000515980995
v 0.00467918906 -0.0293654427 0.000161018237
v 0.00451008696 -0.0291300155 0.000562770583
v 0.00430657994 -0.0289040022 0.000948277826
v 0.000615832745 -0.0274696518 0.00338421972
v 0.000398854201 -0.0274558682 0.00340682664
v 0.000181100011 -0.027447626 0.00341995736
v -3.70199486e-05 -0.0274449401 0.00342358602
v -0.00025508838 -0.0274478178 0.00341770542
v -0.00471761031 -0.0293695498 0.000112505113
v -0.00484652398 -0.0296127163 -0.000303788314
v -0.00493862759 -0.0298616178 -0.000729732448
v 0.00496859476 -0.0301100109 -0.00111065363
v 0.00490931747 -0.0298573133 -0.000678890152
v 0.00481260335 -0.0296084937 -0.000253920851
v -0.000472691841 -0.02745625 0.00340232719
v -0.000689409499 -0.0274702217 0.00337748113
v -0.000904839311 -0.0274897106 0.00334321405
v 0.00125798001 -0.0275439359 0.00326005556
v 0.00104580401 -0.0275137275 0.00331076374
v 0.00083161809 -0.0274889506 0.00335217896
v -0.00495582772 -0.0362045988 -0.011574097
v -0.00645581074 -0.0362052545 -0.0115818409
v -0.00500988495 -0.0303690359 -0.00159755361
v -0.00499321939 -0.0301143657 -0.0011620837
v 0.00498997886 -0.0303646643 -0.00154592702
v 0.00504403608 -0.0362002291 -0.01152247
v -0.0011185644 -0.0275146738 0.0032995895
v -0.00133017532 -0.0275450666 0.00324669364
v -0.00153927796 -0.0275808312 0.00318462495
v 0.00187843188 -0.0276665203 0.00305321836
v 0.00167468761 -0.0276204031 0.00313116028
v 0.00146773981 -0.0275795162 0.0032001494
v -0.00174546661 -0.0276218988 0.00311350287
v -0.00194835104 -0.0276681948 0.00303346175
v -0.00214754837 -0.0277196243 0.00294465385
v 0.00246657035 -0.0278353076 0.00276724622
v 0.00227474864 -0.0277740769 0.00287108729
v 0.00207857671 -0.0277177766 0.00296647218
v -0.00234267558 -0.0277760942 0.00284724892
v -0.00253336155 -0.0278374944 0.00274143298
v -0.00271924562 -0.0279037096 0.00262740534
v 0.00301234052 -0.0280474108 0.0024070323
v 0.00283571775 -0.0279721078 0.00253499718
v 0.00265367981 -0.0279013608 0.00265514432
v -0.0028999676 -0.0279746149 0.00250538555
v -0.00307519385 -0.0280500725 0.00237560389
v -0.0032445828 -0.0281299409 0.00223831018
v -0.00340781524 -0.0282140691 0.00209376076
v -0.00356457988 -0.0283022933 0.00194223621
v 0.00334799755 -0.0282111168 0.00212863903
v 0.00318320771 -0.028127132 0.00227149506
v 0.00039646466 -0.021885952 0.00339803449
v 0.00498634391 -0.0218918081 -0.00155930151
v 0.00496506877 -0.0218911301 -0.00112362718
v 0.00490589952 -0.0218904726 -0.000691465917
v 0.00480929203 -0.021889843 -0.000266104849
v 0.00467598205 -0.0218892451 0.000149216969
v 0.00450698053 -0.0218886826 0.000551340054
v 0.00430357037 -0.0218881611 0.000937203236
v 0.00406730827 -0.0218876842 0.00130386965
v 0.00379998656 -0.021887254 0.00164855085
v 0.00350364088 -0.0218868759 0.00196861988
v 0.00318053039 -0.0218865518 0.00226164423
v 0.00283310679 -0.0218862854 0.00252539059
v 0.00246401806 -0.0218860768 0.00275785523
v 0.00207607471 -0.0218859278 0.00295726652
v 0.00167222752 -0.0218858402 0.00312210829
v 0.00125555263 -0.021885816 0.00325112417
v 0.000829214347 -0.0218858533 0.00334333442
v -3.94047347e-05 -0.0218861122 0.00341481133
v -0.000475081382 -0.0218863338 0.0033935348
v -0.000907243113 -0.0218866132 0.00333436951
v -0.0013326027 -0.0218869466 0.00323776226
v -0.00174792681 -0.0218873359 0.00310445088
v -0.00215005013 -0.0218877755 0.0029354482
v -0.00253591384 -0.0218882617 0.00273204199
v -0.00290257856 -0.0218887925 0.00249577896
v -0.00324725988 -0.0218893625 0.00222845934
v -0.003567331 -0.0218899678 0.00193211425
v -0.00386035559 -0.021890603 0.00160900259
v -0.00412410032 -0.0218912642 0.00126157957
v -0.00435656682 -0.021891946 0.000892493292
v -0.00455597788 -0.0218926445 0.000504550466
v -0.00472081779 -0.0218933523 0.000100703837
v -0.0048498353 -0.0218940657 -0.000315972313
v -0.00494204508 -0.0218947791 -0.000742308213
v -0.00499674492 -0.021895485 -0.00117505738
v -0.0050135199 -0.0218961798 -0.0016109281
v 0.00507133408 -0.031205697 -0.0172328893
v 0.00507208891 -0.0315286554 -0.0173517503
v 0.00507270219 -0.031860631 -0.0174424127
v 0.00507316878 -0.0321991742 -0.0175042097
v 0.00507348636 -0.0325417742 -0.0175366737
v 0.00507365167 -0.0328858979 -0.0175395738
v 0.00507366378 -0.0332289971 -0.0175128803
v 0.00507352268 -0.0335685275 -0.0174568016
v 0.00507322932 -0.0339019857 -0.0173717421
v 0.00507278601 -0.0342268981 -0.0172583349
v 0.00507219601 -0.0345408618 -0.0171174239
v 0.00507146306 -0.0348415487 -0.0169500429
v 0.00507059367 -0.0351267383 -0.0167574417
v 0.00506959297 -0.0353943147 -0.0165410358
v 0.00506846979 -0.0356422998 -0.0163024385
v 0.0050672316 -0.0358688608 -0.0160434041
v 0.0050658877 -0.0360723138 -0.015765857
v 0.00506444788 -0.0362511612 -0.0154718468
v 0.00506292284 -0.036404077 -0.0151635529
v 0.00506132469 -0.036529921 -0.014843259
v 0.00505966414 -0.0366277695 -0.0145133315
v 0.00505795376 -0.0366969034 -0.0141762178
v 0.0050562066 -0.0367367975 -0.0138344085
v 0.00505443523 -0.0367471687 -0.0134904329
v 0.00505265268 -0.0367279314 -0.0131468391
v 0.00505087292 -0.0366792344 -0.0128061716
v 0.00504910806 -0.0366014317 -0.0124709513
v 0.00504737208 -0.0364951082 -0.0121436585
v 0.00504567707 -0.0363610424 -0.0118267145
v 0.00501468871 0.0358713418 -0.0119407335
v 0.00501626916 0.0360044092 -0.0122581003
v 0.00501791434 0.0361097008 -0.0125857266
v 0.00501961261 0.0361864455 -0.0129211908
v 0.00502135139 0.0362340696 -0.0132620102
v 0.00502311764 0.036252223 -0.0136056626
v 0.00502489833 0.0362407677 -0.0139496038
v 0.00502668042 0.0361997932 -0.0142912865
v 0.0050284504 0.0361296013 -0.0146281794
v 0.00503019523 0.0360307097 -0.0149577968
v 0.00503190234 0.0359038524 -0.0152776921
v 0.0050335587 0.0357499719 -0.0155855007
v 0.00503515219 0.0355701968 -0.0158789456
v 0.00503667118 0.0353658684 -0.0161558483
v 0.00503810402 0.0351384953 -0.0164141674
v 0.00503944093 0.0348897576 -0.0166519806
v 0.00504067075 0.0346214995 -0.0168675408
v 0.00504178554 0.0343357064 -0.0170592405
v 0.00504277647 0.0340344906 -0.0172256716
v 0.00504363608 0.0337200835 -0.0173655897
v 0.00504435878 0.0333948173 -0.0174779706
v 0.00504493807 0.0330610946 -0.0175619777
v 0.00504537066 0.0327213854 -0.0176169835
v 0.00504565286 0.0323782042 -0.017642593
v 0.00504578277 0.0320340917 -0.0176386088
v 0.00504575949 0.0316915922 -0.0176050626
v 0.00504558254 0.0313532501 -0.0175421964
v 0.00504525425 0.0310215596 -0.0174504872
v 0.00504477648 0.0306989793 -0.0173306055
v 0.0191641096 -0.022201281 0.0118955737
v -0.0193291791 -0.0222181082 0.0116968434
v 0.0192177165 -0.0220129993 0.0118955541
v -0.0193829499 -0.0220298748 0.0116962688
v 0.0192560162 -0.0218644477 0.0118955169
v -0.0194213707 -0.0218813568 0.0116958367
v -0.0029482448 -0.0354584642 -0.0131015219
v -0.00294947647 -0.0354061686 -0.0128673874
v -0.00295068882 -0.035333667 -0.0126387011
v -0.00295187254 -0.035241507 -0.0124172056
v -0.00295301876 -0.0351303965 -0.0122045837
v -0.00295411889 -0.0350011773 -0.0120024551
v -0.00295516429 -0.0348548293 -0.0118123554
v -0.00295614707 -0.0346924774 -0.0116357375
v -0.00295705977 -0.0345153399 -0.0114739425
v -0.00295789563 -0.0343247801 -0.0113281989
v -0.00295864791 -0.0341222435 -0.0111996178
v -0.00295931124 -0.0339092687 -0.0110891759
v -0.00295988028 -0.0336874798 -0.010997721
v -0.00296035083 -0.0334585644 -0.010925943
v -0.00296071963 -0.0332242623 -0.0108743869
v -0.0029609832 -0.0329863578 -0.0108434483
v -0.00296114013 -0.0327466615 -0.0108333621
v -0.00296118902 -0.0325070024 -0.0108442046
v -0.00296112918 -0.0322691984 -0.0108758947
v -0.00296096154 -0.0320350602 -0.0109281903
v -0.00296068727 -0.0318063721 -0.011000691
v -0.00296030845 -0.0315848701 -0.0110928454
v -0.00295982766 -0.0313722454 -0.0112039587
v -0.00295924884 -0.031170113 -0.0113331787
v -0.00295857643 -0.0309800152 -0.011479523
v -0.00295781554 -0.0308033936 -0.0116418758
v -0.00295697176 -0.030641593 -0.0118190059
v -0.00295605161 -0.0304958466 -0.0120095666
v -0.00295506231 -0.0303672627 -0.0122121023
v -0.00295401108 -0.0302568227 -0.0124250734
v -0.00295290607 -0.0301653631 -0.0126468595
v -0.00295175542 -0.0300935842 -0.012875773
v -0.00295056845 -0.0300420299 -0.0131100724
v -0.00294935377 -0.0300110895 -0.0133479703
v -0.0029481207 -0.0300010033 -0.0135876648
v -0.00294687855 -0.0300118458 -0.0138273221
v -0.0029456371 -0.0300435349 -0.0140651222
v -0.00294440542 -0.0300958268 -0.0142992567
v -0.00294319307 -0.0301683284 -0.014527943
v -0.00294200936 -0.0302604865 -0.0147494385
v -0.00294086314 -0.030371597 -0.0149620604
v -0.00293976301 -0.0305008199 -0.015164189
v -0.0029387176 -0.0306471661 -0.0153542887
v -0.00293773483 -0.0308095235 -0.0155309066
v -0.00293682213 -0.0309866555 -0.0156927053
v -0.00293598627 -0.0311772153 -0.0158384498
v -0.00293523399 -0.0313797519 -0.0159670264
v -0.00293457066 -0.0315927267 -0.0160774682
v -0.00293400162 -0.0318145193 -0.0161689222
v -0.00293353084 -0.0320434347 -0.0162407048
v -0.00293316226 -0.0322777368 -0.0162922572
v -0.0029328987 -0.0325156376 -0.0163231958
v -0.00293274177 -0.0327553339 -0.016333282
v -0.00293269288 -0.032994993 -0.0163224395
v -0.00293275248 -0.0332328007 -0.0162907504
v -0.00293292012 -0.0334669389 -0.0162384585
v -0.00293319463 -0.033695627 -0.0161659531
v -0.00293357344 -0.0339171253 -0.0160737988
v -0.00293405424 -0.03412975 -0.0159626864
v -0.00293463282 -0.0343318842 -0.0158334691
v -0.00293530547 -0.0345219821 -0.0156871248
v -0.00293606636 -0.0346986055 -0.0155247683
v -0.00293691014 -0.0348604023 -0.0153476382
v -0.00293783029 -0.0350061506 -0.0151570775
v -0.00293881958 -0.0351347327 -0.0149545418
v -0.00293987081 -0.0352451727 -0.0147415698
v -0.00294097583 -0.0353366323 -0.0145197846
v -0.00294212624 -0.0354084112 -0.0142908711
v -0.00294331345 -0.0354599692 -0.0140565718
v -0.00294452813 -0.0354909115 -0.0138186738
v -0.0029457612 -0.0355009958 -0.013578983
v -0.00294700311 -0.0354901552 -0.0133393211
v 0.00502667623 0.0285024159 -0.0136387059
v 0.00502498262 0.0285172015 -0.0133118993
v 0.00496943528 0.017521346 -0.00162151572
v 0.00496969838 0.016908139 -0.00162054773
v 0.00499612931 0.01690007 -0.00673948787
v 0.00501995673 0.0287305918 -0.0123565057
v 0.00501834275 0.0288562607 -0.0120544638
v 0.00496798242 0.0209081341 -0.00162686175
v 0.0050125136 0.0296049453 -0.0109888287
v 0.00501126889 0.0298464894 -0.0107681947
v 0.005008284 0.0344081633 -0.0105762435
v 0.00500920089 0.0346673876 -0.0107758045
v 0.00504566822 -0.0191360991 -0.0132835116
v 0.00503614219 0.0290018655 -0.0155144706
v 0.00503470842 0.0288512632 -0.0152240545
v 0.00503320154 0.028726548 -0.0149216177
v 0.00503163273 0.0286286641 -0.0146094626
v 0.00502328947 0.028560413 -0.0129876249
v 0.00502160983 0.0286317244 -0.0126683498
v 0.00501677953 0.0290077757 -0.0117645245
v 0.00501527963 0.0291839857 -0.0114888968
v 0.00501385378 0.0293835495 -0.0112296697
v 0.00501012942 0.0301063452 -0.0105694532
v 0.00500910357 0.0303825326 -0.0103941169
v 0.00500819879 0.0306729525 -0.0102435164
v 0.00500742299 0.0309753921 -0.0101188039
v 0.00500678131 0.0312875509 -0.0100209238
v 0.0050062784 0.0316070542 -0.00995062292
v 0.00501277484 -0.0218998771 -0.00667824131
v 0.0049969391 0.0150132813 -0.0067365095
v 0.00503001409 0.0285583604 -0.0142899677
v 0.00502835773 0.0285161715 -0.0139655555
v 0.00501023838 0.0349082388 -0.0109971995
v 0.00501138903 0.0351288728 -0.0112387389
v 0.00500591891 0.0319314674 -0.00990843214
v 0.00500570517 0.0322583243 -0.00989468023
v 0.00500563858 0.0325851329 -0.00990946405
v 0.00500571961 0.0329094119 -0.00995267835
v 0.00500594825 0.0332286917 -0.0100239879
v 0.00500632264 0.0335405394 -0.0101228524
v 0.00502565876 0.0124141416 -0.0120793404
v 0.00502946088 0.018641891 -0.0133431442
v 0.00505729672 -0.0252493899 -0.0150183309
v 0.00500683906 0.033842586 -0.0102485204
v 0.00500749471 0.0341325291 -0.0104000363
v 0.00503584696 0.0247496832 -0.0150972549
v 0.0050418512 0.0300966613 -0.0167130046
v 0.00504264049 0.0303722955 -0.0168892108
v 0.00504093431 0.0298374332 -0.0165134426
v 0.00503989635 0.0295965858 -0.0162920523
v 0.0050387457 0.0293759499 -0.0160505082
v 0.00503749121 0.0291772056 -0.0157906581
v 0.00502991257 -0.00659360318 -0.0112937745
v 0.00502588553 -0.000243537695 -0.0110514127
v 0.00502446434 0.00610573031 -0.0113138212
v 0.00503652077 -0.0129043953 -0.0120393746
v 0.00501264352 0.0353276171 -0.0114985947
v 0.00501399301 0.035502959 -0.0117747774
v 0.00501542632 0.0356535614 -0.0120651936
v 0.0050169332 0.0357782766 -0.0123676304
v 0.00501850201 0.0358761586 -0.0126797855
v 0.00502012065 0.0359464623 -0.0129992841
v 0.00502177747 0.0359886512 -0.0133236926
v 0.00502345851 0.0360024087 -0.0136505449
v 0.00502515258 0.035987623 -0.0139773488
v 0.00502684526 0.0359444097 -0.0143016269
v 0.0050285249 0.0358731002 -0.0146208983
v 0.005030178 0.035774231 -0.0149327423
v 0.00503179245 0.0356485657 -0.0152347842
v 0.00503335567 0.035497047 -0.0155247226
v 0.00503485557 0.0353208371 -0.015800355
v 0.00503628096 0.0351212732 -0.0160595775
v 0.00503762113 0.0348998792 -0.0163004231
v 0.00503886584 0.0346583314 -0.0165210534
v 0.00504000578 0.0343984775 -0.0167197939
v 0.00504103163 0.034122292 -0.0168951303
v 0.00504193595 0.033831872 -0.0170457307
v 0.0050427122 0.0335294306 -0.0171704441
v 0.00504335389 0.0332172737 -0.0172683243
v 0.00504385633 0.0328977704 -0.0173386298
v 0.00504421629 0.0325733572 -0.017380815
v 0.00504443003 0.0322465003 -0.0173945706
v 0.00504449662 0.031919688 -0.017379785
v 0.00504441513 0.0315954089 -0.0173365735
v 0.00504418649 0.0312761329 -0.0172652602
v 0.00504381256 0.0309642833 -0.0171663947
v 0.00504329568 0.0306622386 -0.0170407277
v -0.0188578349 0.0197667498 0.00194053492
v -0.0188406669 -0.0202371944 0.00200367416
v -0.016530361 -0.0213990193 -0.00028057021
v -0.00758363446 -0.022245951 -0.00913370028
v -0.00747400383 -0.0222460739 -0.00924220402
v -0.00758399349 -0.0214091577 -0.0091350209
v -0.00749287987 0.0217538681 -0.00931165833
v -0.0170579478 0.0217647068 0.000155131056
v -0.0184472986 -0.0214805845 0.00161683757
v -0.0183445457 -0.0216116402 0.00151540339
v -0.0182882659 -0.0216745865 0.0014598273
v -0.0182282832 -0.0217359215 0.0014005854
v -0.0170390718 -0.0222352352 0.000224585558
v -0.0171384048 -0.0222320743 0.000322893611
v -0.0177044384 -0.022092972 0.000882837514
v -0.0176158436 -0.0221292302 0.00079522538
v -0.0175244436 -0.0221606698 0.000704826089
v -0.0181645527 -0.0217953622 0.00133762881
v -0.0180970449 -0.0218525846 0.00127092947
v -0.0180257689 -0.0219072569 0.00120049226
v -0.0186748412 -0.021070851 0.00184122345
v -0.018611528 -0.0212089624 0.00177883578
v -0.0185359903 -0.0213458855 0.00170434988
v -0.0171521083 0.0217620768 0.0002483321
v -0.0172460079 0.0217539836 0.000341286068
v -0.0173442159 0.0217395946 0.000438511866
v -0.0174410287 0.021719357 0.000534370134
v -0.017430583 -0.0221869554 0.000611980155
v -0.0173346531 -0.0222077724 0.000517079839
v -0.0172371026 -0.0222228803 0.000420560275
v -0.0179507583 -0.0219590105 0.00112635735
v -0.0178721044 -0.0220074765 0.0010486095
v -0.0177899394 -0.0220522583 0.000967375876
v -0.0187999699 -0.0206551459 0.00196423312
v -0.018768318 -0.0207936093 0.00193318399
v -0.0187268369 -0.0209322516 0.00189240696
v -0.0175359659 0.0216934849 0.000628386158
v -0.017628599 0.0216622557 0.000720129523
v -0.0177185368 0.0216259956 0.000809214369
v -0.0188358221 -0.0203790013 0.00199916353
v -0.0188223384 -0.0205169525 0.00198609731
v -0.0178054385 0.0215850659 0.00089530478
v -0.0178890266 0.021539852 0.000978127704
v -0.0179690849 0.0214907564 0.00105745997
v -0.0180454385 0.0214381851 0.00113313447
v -0.0181179754 0.0213825367 0.00120503746
v -0.018186627 0.0213242006 0.00127310329
v -0.0182513762 0.0212635435 0.00133730937
v -0.0183122344 0.0212009083 0.00139766606
v -0.0183692425 0.0211366117 0.00145421934
v -0.0184710436 0.021005528 0.00155523722
v -0.0185588356 0.0208708625 0.00164239272
v -0.0186335165 0.0207340159 0.00171658257
v -0.0186960343 0.0205960013 0.00177873345
v -0.0187472794 0.020457508 0.00182972802
v -0.0187880527 0.0203189608 0.00187036081
v -0.0188190322 0.0201805849 0.00190130202
v -0.01884076 0.0200424567 0.0019230817
v -0.0188536141 0.0199045446 0.00193608145
v -0.0049870885 -0.0219042487 -0.00672986777
v -0.00500292471 0.0150089096 -0.00678813597
v 0.00762124732 -0.0218985658 -0.00655570067
v 0.00763430027 -0.0222392976 -0.00905513391
v 0.00763394637 -0.0232801884 -0.00889849849
v 0.00763411773 -0.0231073704 -0.00894633867
v 0.00763426768 -0.0228918307 -0.00899360981
v 0.00763435895 -0.0224573836 -0.00904805772
v 0.00763434824 -0.0226750318 -0.00902753882
v 0.00607394241 0.0175232198 -0.000734816305
v 0.00488666398 0.017522702 -0.000740945921
v 0.00493157795 0.0175222605 -0.00103266852
v 0.00495919865 0.0175218079 -0.00132653315
v -0.00745356642 -0.0353425108 -0.0120918928
v -0.00744995708 -0.035417743 -0.0120478673
v -0.00744869048 -0.0355418548 -0.0122826817
v -0.00743876165 -0.0354923941 -0.012004138
v -0.00743745966 -0.0356199853 -0.0122455303
v -0.00742006861 -0.0355659053 -0.0119610401
v -0.00741873123 -0.03569692 -0.0122089116
v -0.00739402091 -0.0356377102 -0.0119188968
v -0.00739264954 -0.035772074 -0.0121730966
v -0.00736081833 -0.0357072689 -0.0118780322
v -0.00735941436 -0.0358448662 -0.012138362
v -0.00732070999 -0.0357740447 -0.0118387565
v -0.00731927389 -0.0359147526 -0.0121049713
v -0.00727399951 -0.0358375311 -0.0118013667
v -0.00727253314 -0.0359812006 -0.012073176
v -0.00722104684 -0.0358972512 -0.0117661478
v -0.00721955206 -0.0360437036 -0.0120432246
v -0.00716225291 -0.0359527469 -0.011733369
v -0.00716073206 -0.0361017808 -0.0120153362
v -0.00709806802 -0.0360035934 -0.0117032817
v -0.00709652295 -0.0361549966 -0.0119897295
v -0.00702897506 -0.0360494033 -0.0116761085
v -0.00702740857 -0.0362029448 -0.0119665992
v -0.00695550255 -0.0360898338 -0.0116520654
v -0.00695391651 -0.0362452567 -0.0119461212
v -0.00687821163 -0.0361245684 -0.0116313267
v -0.00687660882 -0.0362816155 -0.0119284466
v -0.00679769041 -0.03615335 -0.0116140535
v -0.0067960741 -0.0363117382 -0.0119137149
v -0.00671454938 -0.0361759588 -0.0116003817
v -0.00671292236 -0.0363354012 -0.0119020352
v -0.00662942138 -0.0361922197 -0.0115904054
v -0.00662778644 -0.0363524184 -0.0118934996
v -0.00654295413 -0.0362020098 -0.0115842102
v -0.00654131453 -0.0363626704 -0.0118881678
v -0.00645416975 -0.0363660678 -0.0118860845
v -0.00645247474 -0.0365001336 -0.0122030294
v -0.00653962139 -0.0364966057 -0.012204811
v -0.00645073829 -0.0366064608 -0.0125303213
v -0.0065378868 -0.0366028324 -0.0125317909
v -0.0064489739 -0.0366842635 -0.0128655415
v -0.00653612381 -0.0366805568 -0.0128666945
v -0.00644719368 -0.0367329605 -0.0132062091
v -0.00653434545 -0.0367292091 -0.0132070379
v -0.00644541159 -0.0367521942 -0.0135498028
v -0.00653256476 -0.0367484279 -0.0135503039
v -0.00644364022 -0.0367418267 -0.0138937784
v -0.00653079525 -0.0367380716 -0.0138939479
v -0.00644189306 -0.0367019288 -0.0142355887
v -0.00652904948 -0.036698211 -0.0142354332
v -0.00644018268 -0.0366327986 -0.0145727014
v -0.00652734097 -0.0366291478 -0.0145722302
v -0.00643852213 -0.0365349501 -0.0149026299
v -0.00652568229 -0.0365313888 -0.0149018411
v -0.00643692352 -0.0364091024 -0.0152229238
v -0.00652408507 -0.0364056639 -0.0152218333
v -0.00643539894 -0.0362561867 -0.0155312167
v -0.00652256189 -0.0362528935 -0.0155298319
v -0.00643395912 -0.0360773429 -0.0158252269
v -0.00652112346 -0.0360742174 -0.0158235598
v -0.00643261522 -0.0358738862 -0.0161027741
v -0.00651978049 -0.0358709544 -0.0161008444
v -0.00643137703 -0.0356473289 -0.0163618084
v -0.0065185437 -0.0356446132 -0.0163596328
v -0.00643025339 -0.0353993438 -0.0166004077
v -0.00651742099 -0.0353968628 -0.0165980086
v -0.00642925315 -0.0351317637 -0.0168168116
v -0.00651642215 -0.0351295397 -0.0168142039
v -0.00642838329 -0.0348465741 -0.0170094147
v -0.00651555322 -0.034844622 -0.0170066226
v -0.00642765081 -0.0345458873 -0.0171767939
v -0.0065148212 -0.0345442183 -0.0171738416
v -0.00642706035 -0.0342319272 -0.0173177067
v -0.00651423121 -0.0342305563 -0.0173146185
v -0.00642661704 -0.0339070149 -0.017431112
v -0.00651378836 -0.0339059532 -0.0174279176
v -0.00642632367 -0.0335735567 -0.0175161716
v -0.00651349546 -0.0335728116 -0.017512897
v -0.00642618258 -0.0332340226 -0.0175722521
v -0.00651335437 -0.0332336016 -0.0175689254
v -0.00642619468 -0.0328909233 -0.0175989438
v -0.00651336648 -0.0328908302 -0.017595591
v -0.00642635999 -0.0325467996 -0.0175960455
v -0.00651353179 -0.0325470343 -0.0175926946
v -0.00642667757 -0.0322041996 -0.0175635796
v -0.0065138489 -0.0322047621 -0.0175602585
v -0.00642714463 -0.0318656601 -0.0175017845
v -0.00651431549 -0.031866543 -0.0174985267
v -0.00642775791 -0.0315336809 -0.0174111221
v -0.00651492784 -0.0315348767 -0.0174079482
v -0.00642851274 -0.0312107243 -0.0172922593
v -0.00651568221 -0.031212233 -0.0172891971
v -0.00662609795 -0.0364859775 -0.0122092385
v -0.00662436849 -0.0365918986 -0.0125352871
v -0.00662261061 -0.0366694033 -0.0128692333
v -0.00662083738 -0.0367179178 -0.0132086081
v -0.00661906181 -0.0367370807 -0.0135508953
v -0.00661729695 -0.0367267542 -0.0138935633
v -0.00661555631 -0.0366870053 -0.0142340763
v -0.00661385292 -0.0366181396 -0.0145699112
v -0.00661219843 -0.0365206599 -0.0148985833
v -0.00661060587 -0.0363952927 -0.0152176619
v -0.00660908688 -0.0362429582 -0.0155247841
v -0.00660765264 -0.0360647924 -0.0158176757
v -0.00660631387 -0.0358621106 -0.0160941705
v -0.00660508033 -0.0356364101 -0.0163522214
v -0.00660396134 -0.0353893638 -0.0165899172
v -0.00660296483 -0.0351228006 -0.0168054961
v -0.00660209823 -0.0348386988 -0.0169973671
v -0.00660136854 -0.0345391519 -0.0171641093
v -0.00660078041 -0.034226384 -0.0173044894
v -0.00660033897 -0.0339027047 -0.0174174607
v -0.00660004653 -0.0335705169 -0.017502198
v -0.0065999059 -0.0332322679 -0.0175580662
v -0.00659991801 -0.0328904726 -0.0175846573
v -0.00660008285 -0.0325476564 -0.0175817721
v -0.00660039904 -0.0322063565 -0.0175494272
v -0.00660086423 -0.0318691023 -0.0174878668
v -0.00660147518 -0.0315383859 -0.017397549
v -0.00660222722 -0.0312166568 -0.0172791388
v -0.00671124179 -0.0364683233 -0.0122162774
v -0.00670952071 -0.0365737453 -0.0125407809
v -0.00670777075 -0.0366508849 -0.0128731485
v -0.00670600589 -0.0366991684 -0.0132109141
v -0.00670423871 -0.0367182381 -0.0135515807
v -0.0067024827 -0.0367079563 -0.0138926245
v -0.00670075044 -0.0366683975 -0.0142315198
v -0.0066990545 -0.0365998596 -0.014565764
v -0.00669740839 -0.0365028419 -0.0148928817
v -0.00669582328 -0.036378067 -0.0152104478
v -0.00669431128 -0.0362264588 -0.0155161163
v -0.00669288402 -0.036049135 -0.0158076175
v -0.0066915513 -0.0358474143 -0.0160828028
v -0.00669032382 -0.0356227793 -0.0163396299
v -0.00668920996 -0.0353769064 -0.016576197
v -0.0066882181 -0.0351116098 -0.0167907588
v -0.00668735569 -0.0348288529 -0.0169817209
v -0.00668662973 -0.0345307253 -0.0171476714
v -0.00668604439 -0.0342194363 -0.0172873866
v -0.00668560481 -0.0338972919 -0.0173998233
v -0.00668531377 -0.0335666761 -0.0174841601
v -0.00668517407 -0.0332300328 -0.017539762
v -0.00668518571 -0.0328898542 -0.0175662264
v -0.00668535009 -0.032548666 -0.0175633524
v -0.00668566441 -0.0322089829 -0.0175311621
v -0.00668612774 -0.0318733267 -0.0174698979
v -0.00668673543 -0.031544175 -0.0173800047
v -0.00668748422 -0.0312239714 -0.0172621552
v -0.0067944047 -0.0364437811 -0.0122258756
v -0.0067926948 -0.0365485065 -0.0125482352
v -0.00679095695 -0.036625132 -0.0128784012
v -0.00678920373 -0.0366730951 -0.0132139334
v -0.00678744819 -0.0366920456 -0.0135523453
v -0.00678570336 -0.0366818309 -0.0138911353
v -0.00678398274 -0.0366425328 -0.0142277917
v -0.00678229798 -0.0365744494 -0.0145598268
v -0.00678066257 -0.0364780724 -0.0148847792
v -0.00677908817 -0.0363541245 -0.0152002424
v -0.00677758642 -0.0362035148 -0.0155038862
v -0.00677616848 -0.0360273644 -0.0157934632
v -0.0067748446 -0.0358269773 -0.0160668287
v -0.00677362503 -0.0356038325 -0.0163219534
v -0.00677251862 -0.0353595875 -0.0165569596
v -0.00677153328 -0.0350960419 -0.0167700984
v -0.00677067693 -0.034815155 -0.0169597995
v -0.00676995516 -0.0345190018 -0.0171246547
v -0.00676937401 -0.0342097692 -0.0172634423
v -0.00676893722 -0.0338897556 -0.0173751377
v -0.00676864805 -0.0335613266 -0.017458912
v -0.00676850928 -0.033226911 -0.0175141487
v -0.00676852139 -0.0328889862 -0.0175404381
v -0.0067686839 -0.0325500518 -0.0175375845
v -0.00676899683 -0.032212615 -0.0175056066
v -0.0067694569 -0.0318791792 -0.0174447447
v -0.00677006086 -0.0315522067 -0.0173554476
v -0.00677080406 -0.031234121 -0.0172383785
v -0.00687495386 -0.0364125408 -0.0122379642
v -0.00687325839 -0.0365163758 -0.0125575904
v -0.00687153498 -0.0365923531 -0.0128849605
v -0.00686979666 -0.0366399102 -0.0132176504
v -0.00686805602 -0.0366586931 -0.0135531947
v -0.00686632609 -0.0366485678 -0.0138891116
v -0.00686461991 -0.0366096087 -0.0142229144
v -0.00686294958 -0.036542099 -0.014552135
v -0.00686132815 -0.0364465378 -0.0148743335
v -0.00685976679 -0.0363236405 -0.0151871238
v -0.00685827807 -0.0361743085 -0.0154881962
v -0.00685687177 -0.0359996483 -0.0157753192
v -0.00685555954 -0.0358009599 -0.0160463657
v -0.00685435021 -0.0355797075 -0.0162993297
v -0.00685325311 -0.0353375301 -0.0165323429
v -0.00685227616 -0.0350762196 -0.0167436786
v -0.00685142679 -0.0347977094 -0.0169317704
v -0.00685071154 -0.0345040672 -0.0170952287
v -0.00685013505 -0.0341974571 -0.017232839
v -0.00684970198 -0.0338801555 -0.0173435882
v -0.0068494156 -0.0335545093 -0.0174266566
v -0.00684927776 -0.0332229249 -0.0174814239
v -0.00684928941 -0.0328878649 -0.0175074898
v -0.00684945099 -0.0325518027 -0.0175046604
v -0.00684976112 -0.0322172269 -0.0174729526
v -0.006850217 -0.0318866186 -0.0174126085
v -0.00685081584 -0.031562414 -0.0173240677
v -0.00685155299 -0.0312470235 -0.0172079913
v -0.00695227832 -0.0363748334 -0.0122524453
v -0.00695060007 -0.0364775993 -0.0125687756
v -0.00694889482 -0.0365527943 -0.0128927724
v -0.0069471742 -0.0365998596 -0.0132220285
v -0.00694545172 -0.0366184525 -0.0135541121
v -0.00694373948 -0.0366084278 -0.0138865653
v -0.006942051 -0.0365698673 -0.0142169287
v -0.0069403979 -0.0365030542 -0.014542751
v -0.00693879323 -0.0364084803 -0.0148616284
v -0.00693724817 -0.0362868495 -0.0151711944
v -0.00693577435 -0.0361390598 -0.0154691609
v -0.00693438295 -0.0359662026 -0.0157533232
v -0.00693308376 -0.0357695594 -0.0160215758
v -0.00693188701 -0.0355505869 -0.0162719339
v -0.00693080109 -0.0353109092 -0.0165025424
v -0.00692983437 -0.035052292 -0.0167116951
v -0.00692899385 -0.0347766578 -0.0168978497
v -0.00692828605 -0.0344860405 -0.0170596223
v -0.00692771561 -0.0341825932 -0.0171958152
v -0.00692728674 -0.0338685624 -0.0173054207
v -0.00692700315 -0.0335462764 -0.0173876304
v -0.00692686671 -0.0332181156 -0.0174418371
v -0.00692687882 -0.0328865051 -0.0174676329
v -0.00692703854 -0.0325539075 -0.0174648315
v -0.00692734541 -0.0322227851 -0.0174334496
v -0.00692779664 -0.0318955816 -0.0173737295
v -0.00692838943 -0.0315747224 -0.0172861014
v -0.00692911865 -0.031262584 -0.017171219
v -0.00702578994 -0.0363309458 -0.0122692147
v -0.00702413265 -0.0364324711 -0.012581707
v -0.00702244742 -0.0365067497 -0.0129017746
v -0.00702074775 -0.0365532488 -0.0132270381
v -0.00701904623 -0.0365716107 -0.0135550946
v -0.00701735495 -0.0365617126 -0.0138835208
v -0.00701568695 -0.0365236178 -0.0142098749
v -0.00701405387 -0.0364576168 -0.0145317512
v -0.0070124683 -0.0363641903 -0.0148467598
v -0.00701094232 -0.036244031 -0.0151525727
v -0.0070094862 -0.0360980332 -0.0154469255
v -0.00700811157 -0.0359272733 -0.0157276429
v -0.00700682867 -0.0357330181 -0.0159926433
v -0.00700564636 -0.0355166979 -0.0162399653
v -0.00700457348 -0.0352799222 -0.0164677799
v -0.0070036184 -0.0350244455 -0.0166743975
v -0.00700278813 -0.0347521529 -0.0168582927
v -0.00700208871 -0.0344650559 -0.017018104
v -0.00700152526 -0.0341652893 -0.0171526447
v -0.00700110151 -0.0338550694 -0.017260924
v -0.00700082164 -0.0335366875 -0.017342139
v -0.0070006866 -0.0332125016 -0.0173956826
v -0.00700069824 -0.0328849144 -0.0174211655
v -0.00700085657 -0.0325563513 -0.0174183995
v -0.00700115925 -0.032229241 -0.0173873994
v -0.00700160535 -0.0319060087 -0.0173284039
v -0.00700219069 -0.0315890387 -0.0172418375
v -0.00700291153 -0.0312806852 -0.0171283502
v -0.00709492713 -0.0362812206 -0.0122881355
v -0.00709329266 -0.0363813303 -0.0125962859
v -0.00709163118 -0.036454577 -0.0129118999
v -0.00708995527 -0.0365004316 -0.0132326419
v -0.00708827702 -0.0365185402 -0.0135561395
v -0.00708660949 -0.03650878 -0.0138799939
v -0.00708496431 -0.0364712141 -0.0142018143
v -0.00708335405 -0.0364061259 -0.0145192109
v -0.00708179083 -0.0363140032 -0.0148298405
v -0.00708028581 -0.0361955129 -0.0151314037
v -0.00707885018 -0.0360515453 -0.0154216634
v -0.00707749464 -0.0358831584 -0.0156984776
v -0.00707622943 -0.035691604 -0.0159597881
v -0.00707506342 -0.0354782976 -0.0162036736
v -0.0070740059 -0.0352448151 -0.0164283179
v -0.00707306387 -0.0349928848 -0.0166320652
v -0.00707224524 -0.0347243808 -0.0168134011
v -0.00707155513 -0.0344412774 -0.0169709902
v -0.00707099959 -0.0341456793 -0.0171036627
v -0.00707058189 -0.0338397697 -0.0172104333
v -0.00707030576 -0.0335258171 -0.0172905196
v -0.00707017304 -0.0332061388 -0.01734332
v -0.00707018469 -0.0328831114 -0.0173684489
v -0.00707034022 -0.0325591154 -0.0173657201
v -0.00707063917 -0.0322365537 -0.0173351523
v -0.00707107875 -0.0319178104 -0.0172769763
v -0.00707165617 -0.0316052511 -0.0171916131
v -0.00707236677 -0.0313011855 -0.0170797035
v -0.00715916138 -0.0362260304 -0.0123090725
v -0.00715755206 -0.0363245718 -0.0126123978
v -0.00715591665 -0.0363966748 -0.012923074
v -0.00715426728 -0.0364418104 -0.013238796
v -0.00715261512 -0.0364596359 -0.0135572311
v -0.00715097366 -0.0364500284 -0.013876019
v -0.00714935455 -0.0364130512 -0.0141928019
v -0.00714776944 -0.0363489836 -0.0145052318
v -0.00714623043 -0.0362582952 -0.0148110008
v -0.0071447487 -0.0361416675 -0.0151078412
v -0.00714333588 -0.03599995 -0.0153935608
v -0.0071420013 -0.0358342007 -0.0156660415
v -0.00714075612 -0.0356456414 -0.0159232654
v -0.00713960826 -0.0354356691 -0.0161633305
v -0.00713856705 -0.0352058448 -0.0163844619
v -0.00713763991 -0.0349578559 -0.0165850185
v -0.00713683432 -0.034693554 -0.0167635176
v -0.00713615492 -0.03441488 -0.0169186406
v -0.00713560823 -0.0341239087 -0.0170492344
v -0.00713519705 -0.0338227861 -0.017154336
v -0.00713492511 -0.0335137472 -0.0172331668
v -0.00713479426 -0.0331990719 -0.0172851421
v -0.0071348059 -0.032881096 -0.0173098799
v -0.0071349591 -0.0325621739 -0.0173071958
v -0.0071352534 -0.0322446562 -0.0172771048
v -0.007135686 -0.0319309048 -0.0172198359
v -0.00713625411 -0.0316232368 -0.017135812
v -0.00713695399 -0.0313239321 -0.0170256514
v -0.0072180084 -0.0361657962 -0.0123318611
v -0.00721642748 -0.0362626277 -0.0126299253
v -0.00721482048 -0.036333479 -0.0129352128
v -0.00721319905 -0.0363778323 -0.0132454559
v -0.00721157622 -0.0363953486 -0.0135583635
v -0.00720996317 -0.036385905 -0.0138716195
v -0.007208372 -0.0363495685 -0.0141829057
v -0.00720681436 -0.0362866148 -0.0144899171
v -0.0072053019 -0.0361975022 -0.0147903794
v -0.00720384624 -0.0360828936 -0.0150820725
v -0.00720245764 -0.0359436348 -0.0153628327
v -0.00720114633 -0.0357807651 -0.0156305842
v -0.00719992258 -0.0355954729 -0.0158833489
v -0.00719879474 -0.0353891477 -0.0161192473
v -0.00719777169 -0.0351633094 -0.0163365435
v -0.00719686085 -0.0349196233 -0.0165336207
v -0.00719606876 -0.0346599072 -0.0167090241
v -0.00719540147 -0.0343860723 -0.0168614537
v -0.0071948641 -0.0341001451 -0.0169897825
v -0.00719446037 -0.033804249 -0.0170930624
v -0.00719419308 -0.0335005671 -0.0171705242
v -0.00719406456 -0.0331913568 -0.017221598
v -0.00719407573 -0.0328788981 -0.0172459055
v -0.00719422614 -0.032565508 -0.0172432642
v -0.00719451532 -0.0322535001 -0.0172136966
v -0.00719494047 -0.0319451913 -0.0171574224
v -0.00719549926 -0.0316428617 -0.0170748569
v -0.00719618658 -0.03134875 -0.0169666074
v -0.00727101928 -0.0361009762 -0.0123563325
v -0.00726946816 -0.0361959673 -0.0126487333
v -0.00726789143 -0.0362654738 -0.0129482187
v -0.0072663012 -0.0363089815 -0.0132525666
v -0.00726470863 -0.0363261662 -0.0135595333
v -0.00726312632 -0.0363169052 -0.0138668353
v -0.00726156542 -0.0362812579 -0.0141722094
v -0.00726003759 -0.0362194963 -0.0144733852
v -0.00725855399 -0.0361320786 -0.0147681376
v -0.00725712581 -0.0360196494 -0.0150542911
v -0.00725576375 -0.0358830355 -0.0153297167
v -0.00725447712 -0.0357232578 -0.0155923823
v -0.00725327665 -0.0355414897 -0.0158403423
v -0.00725217024 -0.0353390835 -0.016071761
v -0.00725116674 -0.0351175331 -0.0162849259
v -0.00725027313 -0.0348784812 -0.0164782573
v -0.00724949595 -0.0346236974 -0.0166503303
v -0.00724884169 -0.034355063 -0.0167998634
v -0.0072483141 -0.034074571 -0.016925754
v -0.00724791782 -0.0337842964 -0.0170270689
v -0.00724765612 -0.0334863886 -0.0171030611
v -0.00724752992 -0.0331830494 -0.0171531644
v -0.00724754063 -0.0328765251 -0.01717701
v -0.00724768871 -0.0325690918 -0.0171744209
v -0.0072479723 -0.0322630145 -0.0171454158
v -0.00724838953 -0.0319605619 -0.0170902088
v -0.00724893715 -0.0316639766 -0.0170092136
v -0.00724961143 -0.0313754492 -0.0169030223
v -0.00731779123 -0.036032062 -0.0123822941
v -0.00731627177 -0.0361250974 -0.0126686785
v -0.00731472764 -0.0361931734 -0.0129619939
v -0.00731317047 -0.0362357832 -0.0132600805
v -0.00731161097 -0.0362526141 -0.0135607217
v -0.00731006078 -0.036243543 -0.013861699
v -0.00730853202 -0.0362086333 -0.014160783
v -0.00730703538 -0.0361481458 -0.0144557618
v -0.00730558252 -0.0360625237 -0.0147444466
v -0.00730418367 -0.0359524116 -0.015024703
v -0.00730284955 -0.0358186103 -0.0152944615
v -0.00730158994 -0.0356621221 -0.015551717
v -0.00730041414 -0.0354840942 -0.0157945715
v -0.00729933055 -0.0352858566 -0.0160212256
v -0.00729834754 -0.0350688659 -0.0162300039
v -0.0072974721 -0.0348347388 -0.0164193548
v -0.00729671121 -0.0345852003 -0.0165878851
v -0.00729606999 -0.0343220979 -0.0167343412
v -0.00729555357 -0.0340473801 -0.0168576371
v -0.00729516568 -0.0337630846 -0.0169568677
v -0.0072949091 -0.0334713049 -0.0170312934
v -0.0072947857 -0.033174213 -0.0170803647
v -0.00729479641 -0.0328740031 -0.0171037186
v -0.00729494076 -0.0325728916 -0.0171011854
v -0.00729521876 -0.0322731175 -0.0170727763
v -0.00729562715 -0.0319768935 -0.0170187056
v -0.00729616405 -0.0316864178 -0.0169393774
v -0.00729682436 -0.0314038321 -0.016835371
v -0.00735796429 -0.0359595828 -0.0124095539
v -0.00735647837 -0.0360505581 -0.0126896044
v -0.00735496869 -0.036117129 -0.0129764369
v -0.00735344552 -0.0361588001 -0.0132679306
v -0.00735192047 -0.0361752585 -0.0135619277
v -0.00735040475 -0.0361663848 -0.0138562508
v -0.00734890997 -0.03613225 -0.0141487215
v -0.0073474464 -0.0360730961 -0.0144371781
v -0.00734602567 -0.0359893702 -0.0147194797
v -0.00734465756 -0.035881687 -0.0149935447
v -0.00734335324 -0.0357508473 -0.0152573343
v -0.0073421211 -0.0355978161 -0.0155089032
v -0.00734097138 -0.0354237296 -0.0157463904
v -0.00733991154 -0.0352298729 -0.0159680322
v -0.00733895041 -0.0350176841 -0.016172193
v -0.00733809453 -0.0347887278 -0.0163573604
v -0.0073373504 -0.0345447063 -0.0165221598
v -0.00733672362 -0.0342874192 -0.0166653804
v -0.00733621838 -0.0340187773 -0.0167859513
v -0.00733583886 -0.0337407663 -0.0168829896
v -0.00733558787 -0.0334554426 -0.0169557687
v -0.00733546726 -0.0331649147 -0.0170037542
v -0.00733547751 -0.0328713432 -0.0170265958
v -0.00733561907 -0.0325768925 -0.0170241129
v -0.00733589055 -0.0322837457 -0.0169963352
v -0.00733629055 -0.0319940709 -0.0169434622
v -0.00733681489 -0.03171001 -0.0168658849
v -0.00733746076 -0.0314336754 -0.0167641789
v -0.00739123346 -0.035884086 -0.0124379043
v -0.00738978293 -0.0359729193 -0.0127113611
v -0.00738830864 -0.0360379219 -0.0129914377
v -0.00738682132 -0.0360786095 -0.0132760676
v -0.00738533214 -0.0360946804 -0.0135631394
v -0.00738385227 -0.0360860154 -0.0138505334
v -0.00738239242 -0.0360526815 -0.0141361151
v -0.00738096377 -0.0359949246 -0.0144177787
v -0.0073795761 -0.0359131694 -0.0146934344
v -0.00737824058 -0.0358080231 -0.0149610434
v -0.00737696653 -0.0356802642 -0.0152186221
v -0.00737576373 -0.0355308391 -0.0154642696
v -0.00737464102 -0.0353608504 -0.0156961624
v -0.00737360632 -0.0351715609 -0.015912585
v -0.00737266755 -0.034964364 -0.0161119383
v -0.00737183169 -0.0347408019 -0.0162927415
v -0.00737110525 -0.0345025249 -0.0164536647
v -0.00737049291 -0.0342513025 -0.0165935084
v -0.00736999977 -0.0339889824 -0.0167112406
v -0.00736962957 -0.0337175168 -0.0168059934
v -0.00736938417 -0.0334389098 -0.0168770589
v -0.00736926636 -0.0331552289 -0.0169239156
v -0.0073692766 -0.0328685679 -0.016946217
v -0.0073694149 -0.0325810499 -0.0169437956
v -0.00736967986 -0.0322948098 -0.0169166699
v -0.00737007009 -0.032011956 -0.0168650411
v -0.00737058232 -0.0317345895 -0.0167892929
v -0.00737121329 -0.0314647555 -0.0166899841
v -0.00741735054 -0.0358061418 -0.0124671264
v -0.00741593633 -0.0358927697 -0.0127337733
v -0.00741449837 -0.0359561518 -0.013006879
v -0.0074130483 -0.0359958261 -0.0132844215
v -0.00741159637 -0.0360114984 -0.0135643492
v -0.00741015328 -0.0360030532 -0.013844586
v -0.00740872975 -0.0359705463 -0.0141230626
v -0.0074073365 -0.0359142274 -0.0143977096
v -0.00740598328 -0.0358345099 -0.0146665033
v -0.00740468083 -0.0357319787 -0.0149274515
v -0.00740343891 -0.0356073976 -0.015178618
v -0.00740226591 -0.035461694 -0.0154181467
v -0.00740117114 -0.0352959372 -0.0156442653
v -0.00740016205 -0.0351113565 -0.0158553012
v -0.00739924703 -0.0349093229 -0.0160496905
v -0.00739843212 -0.0346913263 -0.0162259974
v -0.00739772338 -0.0344589837 -0.0163829103
v -0.00739712641 -0.0342140086 -0.0165192746
v -0.00739664538 -0.0339582227 -0.0166340787
v -0.00739628449 -0.0336935185 -0.0167264678
v -0.00739604514 -0.033421848 -0.0167957656
v -0.00739593059 -0.0331452265 -0.0168414563
v -0.00739594037 -0.0328656994 -0.0168632027
v -0.00739607494 -0.0325853415 -0.0168608408
v -0.00739633385 -0.0323062241 -0.0168343913
v -0.0073967143 -0.0320304111 -0.0167840477
v -0.00739721349 -0.0317599513 -0.0167101827
v -0.00739782862 -0.0314968377 -0.0166133475
v -0.00743611483 -0.0357263573 -0.0124969995
v -0.0074347374 -0.0358107165 -0.0127566755
v -0.00743333716 -0.0358724408 -0.0130226463
v -0.00743192527 -0.0359110832 -0.0132929338
v -0.00743051106 -0.035926342 -0.0135655459
v -0.0074291057 -0.0359181128 -0.0138384588
v -0.00742771942 -0.0358864591 -0.0141096544
v -0.00742636248 -0.0358316116 -0.0143771283
v -0.00742504513 -0.0357539766 -0.0146388933
v -0.00742377667 -0.0356541313 -0.0148930196
v -0.00742256688 -0.0355328061 -0.015137624
v -0.00742142461 -0.0353909098 -0.0153708924
v -0.00742035825 -0.0352294818 -0.0155911045
v -0.0074193757 -0.035049729 -0.0157966223
v -0.00741848443 -0.0348529741 -0.0159859341
v -0.00741769094 -0.0346406698 -0.0161576308
v -0.00741700083 -0.0344144031 -0.0163104422
v -0.00741641968 -0.0341758318 -0.0164432414
v -0.00741595123 -0.0339267291 -0.0165550448
v -0.00741559919 -0.033668939 -0.0166450217
v -0.00741536636 -0.0334043726 -0.0167125091
v -0.0074152546 -0.033134982 -0.016757004
v -0.00741526438 -0.0328627601 -0.0167781822
v -0.0074153957 -0.0325897299 -0.0167758837
v -0.00741564715 -0.0323179066 -0.0167501234
v -0.00741601782 -0.0320493057 -0.0167010948
v -0.00741650444 -0.0317859091 -0.0166291632
v -0.00741710328 -0.0315296724 -0.0165348575
v -0.00744738244 -0.0356453247 -0.0125272935
v -0.00744604226 -0.0357273854 -0.0127798952
v -0.00744468067 -0.0357874297 -0.0130386157
v -0.0074433065 -0.0358250178 -0.0133015364
v -0.00744193094 -0.0358398631 -0.0135667203
v -0.00744056422 -0.0358318612 -0.0138321947
v -0.00743921567 -0.0358010679 -0.0140960012
v -0.00743789552 -0.0357477143 -0.014356182
v -0.00743661402 -0.0356721953 -0.0146108177
v -0.00743538002 -0.0355750658 -0.0148580177
v -0.00743420329 -0.0354570523 -0.0150959529
v -0.00743309222 -0.0353190191 -0.0153228668
v -0.00743205519 -0.0351619944 -0.0155370748
v -0.00743109919 -0.0349871404 -0.0157369934
v -0.00743023213 -0.0347957462 -0.0159211438
v -0.00742946053 -0.034589231 -0.0160881598
v -0.00742878905 -0.034369126 -0.01623681
v -0.00742822373 -0.034137059 -0.0163659919
v -0.00742776785 -0.0338947475 -0.0164747443
v -0.00742742559 -0.0336439833 -0.01656227
v -0.00742719928 -0.0333866216 -0.0166279171
v -0.00742709031 -0.0331245773 -0.0166712012
v -0.00742710009 -0.0328597762 -0.0166918021
v -0.00742722768 -0.0325941853 -0.016689565
v -0.00742747262 -0.0323297679 -0.016664505
v -0.00742783304 -0.0320684873 -0.0166168138
v -0.00742830615 -0.031812273 -0.0165468417
v -0.0074288887 -0.0315630175 -0.0164551046
v -0.00745233567 -0.0354631208 -0.0123200743
v -0.00745106442 -0.0355636701 -0.0125577841
v -0.00744976196 -0.0356434137 -0.0128032519
v -0.00744843856 -0.0357017666 -0.0130546661
v -0.0074471035 -0.0357382894 -0.0133101679
v -0.00744576706 -0.0357527174 -0.0135678612
v -0.00744443852 -0.035744939 -0.0138258431
v -0.00744312815 -0.0357150137 -0.0140822018
v -0.00744184526 -0.0356631689 -0.0143350381
v -0.00744060008 -0.0355897807 -0.014582484
v -0.007439401 -0.0354953967 -0.0148227029
v -0.00743825734 -0.0353807099 -0.0150539232
v -0.00743717747 -0.0352465771 -0.0152744316
v -0.00743616978 -0.0350939855 -0.0154825933
v -0.00743524078 -0.0349240676 -0.0156768654
v -0.0074343984 -0.034738075 -0.0158558171
v -0.00743364822 -0.0345373936 -0.0160181187
v -0.00743299583 -0.0343235023 -0.0161625706
v -0.00743244635 -0.0340979844 -0.0162881073
v -0.00743200351 -0.0338625126 -0.0163937919
v -0.00743167102 -0.0336188301 -0.016478844
v -0.00743145123 -0.0333687365 -0.0165426377
v -0.00743134506 -0.0331140831 -0.0165847
v -0.00743135437 -0.0328567624 -0.0166047197
v -0.00743147824 -0.0325986706 -0.0166025441
v -0.00743171666 -0.0323417187 -0.0165781956
v -0.00743206684 -0.0320878141 -0.0165318493
v -0.00743252644 -0.0318388306 -0.0164638534
v -0.00743309269 -0.0315966122 -0.0163747035
v 0.00602338184 0.0150389867 0.0092689842
v 0.00602085609 0.0209257714 0.00925969146
v -0.0189974047 0.0232780389 0.00912680384
v 0.0197763089 -0.0205102973 0.00939603243
v 0.0197563078 -0.0208150595 0.00939640962
v 0.0197229329 -0.021118667 0.00939671602
v 0.0196762364 -0.0214205403 0.00939695071
v 0.0195815843 -0.0218682531 0.00939716771
v -0.0198631175 -0.0211359728 0.0091923438
v -0.0174231809 -0.0218844283 0.00920612179
v -0.0198161639 -0.0214378033 0.00919306185
v -0.0197211262 -0.0218854342 0.0091942586
v -0.0199144371 0.0203877315 0.00912662502
v -0.0198810603 0.0206913389 0.00912631862
v -0.0199344363 0.0200829692 0.00912700221
v -0.0199410208 0.0197776295 0.00912744924
v 0.018967269 0.0230268762 0.00932322722
v 0.019103514 0.0227530226 0.0093243625
v -0.00597645901 0.0150337406 0.00920703169
v -0.00597898476 0.0209205244 0.00919773988
v -0.0198343676 0.0209932122 0.00912608393
v -0.0197744519 0.0212927796 0.00912592094
v -0.0198967531 -0.0208323952 0.00919169188
v -0.0199170131 -0.0205276497 0.00919110607
v -0.0199238602 -0.0202223156 0.00919059012
v 0.018737359 0.0234313272 0.00932140276
v -0.0194051806 0.022456646 0.00912599359
v -0.0192813445 0.022736242 0.00912619196
v -0.0191453323 0.0230102148 0.00912646204
v 0.0197828896 -0.0202049576 0.0093955854
v 0.0197657291 0.0197949875 0.00933244452
v 0.0197049882 0.0207086448 0.00933069084
v 0.0188191123 0.0232945718 0.00932204071
v 0.0197386239 0.0204050653 0.00933134276
v 0.0197588857 0.0201003216 0.00933192763
v 0.0192275941 0.0224735346 0.00932544377
v 0.0193392653 0.022188941 0.00932646915
v 0.0194383245 0.021899784 0.00932743587
v -0.0197014231 0.0215894654 0.00912583061
v -0.0196154229 0.021882711 0.00912581198
v -0.0195166115 0.0221719537 0.00912586693
v -0.0189157724 0.023414867 0.00912700966
v 0.019524578 0.0216066148 0.00932834391
v 0.0195978619 0.0213099904 0.00932918955
v 0.0196580328 0.0210104771 0.00932997279
v 0.00751274265 -0.0218987856 -0.00666533457
v -0.00768390065 -0.0218785927 0.0102564152
v -0.00768330973 -0.0232565198 0.0102585908
v -0.0075839879 -0.0232868418 -0.00897706393
v -0.00758381654 -0.0231140219 -0.00902490504
v -0.00758366659 -0.022898484 -0.00907217525
v -0.0075835865 -0.0226816852 -0.00910610426
v -0.00758357532 -0.0224640369 -0.00912662409
v 0.00495946174 0.0169086009 -0.00132556516
v 0.00493184105 0.0169090535 -0.00103170064
v 0.00488692708 0.016909495 -0.000739977928
v -0.0074599823 0.0310818739 -0.0164736416
v -0.00745574944 0.0310480278 -0.0165539384
v -0.00745538063 0.0312969908 -0.0166464597
v -0.00744393514 0.0310144424 -0.0166335832
v -0.0074435561 0.0312703811 -0.0167286973
v -0.00742463255 0.0309813749 -0.0167119689
v -0.00742424279 0.0312441811 -0.0168096349
v -0.00739798928 0.0309490748 -0.016788505
v -0.00739759021 0.0312185921 -0.016888665
v -0.00736421021 0.0309177879 -0.016862601
v -0.00736380136 0.031193804 -0.0169651788
v -0.0073235482 0.0308877528 -0.0169337001
v -0.00732313003 0.0311700106 -0.0170385968
v -0.00727631059 0.0308592003 -0.0170012601
v -0.00727588357 0.0311473906 -0.0171083622
v -0.00722286291 0.0308323447 -0.0170647614
v -0.00722242752 0.0311261155 -0.0171739385
v -0.00716360891 0.0308073908 -0.0171237271
v -0.00716316607 0.0311063509 -0.0172348302
v -0.00709900213 0.0307845306 -0.0171777066
v -0.00709855231 0.0310882423 -0.0172905754
v -0.0070295292 0.0307639372 -0.0172262881
v -0.00702907285 0.0310719311 -0.0173407476
v -0.00695572095 0.0307457652 -0.0172690991
v -0.00695525901 0.0310575403 -0.0173849668
v -0.00687814178 0.0307301544 -0.017305823
v -0.00687767519 0.031045178 -0.0174228959
v -0.00679738168 0.0307172239 -0.0173361693
v -0.00679691089 0.031034939 -0.0174542423
v -0.00671405299 0.0307070725 -0.0173599143
v -0.00671357894 0.0310269054 -0.0174787752
v -0.00662878994 0.0306997783 -0.0173768755
v -0.00662831357 0.0310211312 -0.0174963009
v -0.0065422412 0.0306953937 -0.0173869189
v -0.00654176343 0.0310176648 -0.0175066888
v -0.00645507034 0.030693952 -0.0173899774
v -0.00645459257 0.0310165323 -0.0175098572
v -0.00645426381 0.031348221 -0.0176015683
v -0.00654143561 0.0313490406 -0.0175983123
v -0.00645408733 0.0316865668 -0.0176644325
v -0.00654125912 0.0316870622 -0.0176611133
v -0.00645406405 0.0320290625 -0.0176979788
v -0.00654123537 0.0320292339 -0.0176946297
v -0.0064541935 0.032373175 -0.0177019648
v -0.00654136529 0.0323730186 -0.0176986102
v -0.00645447569 0.0327163562 -0.0176763553
v -0.00654164702 0.0327158719 -0.0176730268
v -0.00645490829 0.0330560654 -0.0176213477
v -0.00654207915 0.0330552571 -0.0176180713
v -0.00645548804 0.0333897918 -0.0175373405
v -0.00654265843 0.0333886668 -0.0175341424
v -0.00645621028 0.0337150581 -0.0174249616
v -0.00654338021 0.0337136239 -0.0174218696
v -0.00645707035 0.0340294652 -0.0172850415
v -0.00654423889 0.0340277292 -0.0172820836
v -0.00645806128 0.0343306772 -0.0171186104
v -0.00654522888 0.0343286581 -0.0171158127
v -0.00645917561 0.0346164703 -0.0169269107
v -0.00654634275 0.0346141793 -0.0169242956
v -0.00646040589 0.0348847285 -0.0167113524
v -0.00654757163 0.0348821841 -0.016708944
v -0.00646174233 0.0351334661 -0.0164735373
v -0.00654890668 0.0351306833 -0.0164713524
v -0.00646317564 0.0353608429 -0.0162152182
v -0.00655033858 0.0353578441 -0.0162132792
v -0.00646469416 0.0355651714 -0.0159383155
v -0.00655185571 0.0355619788 -0.0159366373
v -0.00646628812 0.0357449427 -0.0156448726
v -0.00655344781 0.0357415788 -0.0156434756
v -0.00646794448 0.035898827 -0.015337063
v -0.00655510277 0.0358953141 -0.0153359612
v -0.00646965113 0.0360256843 -0.0150171677
v -0.00655680802 0.0360220522 -0.0150163677
v -0.00647139642 0.0361245759 -0.0146875503
v -0.00655855145 0.0361208506 -0.0146870669
v -0.0064731664 0.0361947678 -0.0143506564
v -0.00656031957 0.0361909717 -0.0143504897
v -0.00647494802 0.0362357423 -0.0140089747
v -0.00656209979 0.0362319089 -0.014009132
v -0.00647672871 0.0362471938 -0.0136650335
v -0.00656387908 0.0362433493 -0.0136655224
v -0.00647849496 0.0362290405 -0.0133213811
v -0.00656564347 0.0362252146 -0.0133221969
v -0.00648023374 0.0361814164 -0.0129805608
v -0.00656738039 0.0361776389 -0.0129817016
v -0.00648193201 0.0361046754 -0.0126450974
v -0.00656907726 0.036100965 -0.012646555
v -0.00648357766 0.0359993801 -0.0123174703
v -0.00657072105 0.035995774 -0.0123192417
v -0.00648515811 0.0358663127 -0.0120001044
v -0.0065723001 0.0358628333 -0.0120021766
v -0.00657380186 0.0357031338 -0.0116977142
v -0.00662798667 0.0313515626 -0.0175876617
v -0.00662781065 0.0316886194 -0.0176502857
v -0.0066277869 0.032029815 -0.0176837072
v -0.00662791636 0.03237262 -0.0176876765
v -0.00662819762 0.032714501 -0.0176621657
v -0.00662862835 0.0330529176 -0.0176073648
v -0.00662920577 0.0333853737 -0.0175236762
v -0.00662992569 0.0337094069 -0.0174117256
v -0.00663078204 0.0340226181 -0.0172723345
v -0.00663176924 0.0343226902 -0.0171065386
v -0.00663287984 0.0346073993 -0.0169155672
v -0.006634105 0.0348746367 -0.0167008284
v -0.00663543632 0.0351224281 -0.0164639149
v -0.00663686404 0.0353489406 -0.0162065793
v -0.00663837744 0.0355524942 -0.0159307253
v -0.00663996488 0.0357315838 -0.015638398
v -0.00664161472 0.0358848833 -0.0153317573
v -0.00664331531 0.03601126 -0.0150130754
v -0.00664505363 0.0361097753 -0.0146847134
v -0.00664681708 0.036179699 -0.0143490965
v -0.00664859219 0.036220517 -0.0140087111
v -0.00665036589 0.0362319276 -0.0136660775
v -0.00665212562 0.0362138413 -0.0133237327
v -0.00665385788 0.0361663997 -0.012984206
v -0.00665554963 0.0360899493 -0.0126500158
v -0.00665718876 0.0359850563 -0.0123236347
v -0.00665876316 0.0358524919 -0.0120074758
v -0.00666026073 0.0356932469 -0.0117038777
v -0.00671325345 0.0313557684 -0.0175697058
v -0.00671307836 0.0316912308 -0.01763203
v -0.00671305507 0.0320308097 -0.0176652912
v -0.00671318406 0.0323719904 -0.0176692419
v -0.00671346346 0.0327122472 -0.0176438522
v -0.00671389233 0.0330490656 -0.0175893139
v -0.00671446696 0.0333799459 -0.017506022
v -0.00671518315 0.0337024406 -0.0173946023
v -0.00671603577 0.0340141691 -0.0172558706
v -0.00671701832 0.0343128182 -0.0170908626
v -0.00671812333 0.0345961787 -0.0169007927
v -0.0067193429 0.0348621495 -0.016687071
v -0.00672066817 0.0351087674 -0.0164512806
v -0.0067220889 0.0353342071 -0.0161951631
v -0.00672359485 0.0355367959 -0.0159206167
v -0.00672517484 0.0357150361 -0.0156296771
v -0.00672681723 0.0358676091 -0.0153244883
v -0.00672850991 0.0359933861 -0.015007318
v -0.00673023984 0.0360914357 -0.0146805085
v -0.00673199492 0.0361610278 -0.0143464822
v -0.00673376163 0.0362016521 -0.0140077127
v -0.00673552696 0.0362130105 -0.0136667034
v -0.00673727831 0.0361950099 -0.013325979
v -0.00673900219 0.0361477919 -0.0129880616
v -0.00674068602 0.0360717028 -0.0126554528
v -0.00674231723 0.0359673053 -0.0123306178
v -0.00674388418 0.0358353741 -0.0120159574
v -0.00674537476 0.0356768817 -0.0117138028
v -0.00679658772 0.0313616283 -0.0175445713
v -0.00679641357 0.0316948742 -0.0176064856
v -0.00679639028 0.0320322067 -0.0176395271
v -0.00679651834 0.0323711298 -0.0176434517
v -0.00679679634 0.0327091366 -0.0176182296
v -0.00679722242 0.0330437236 -0.017564049
v -0.00679779332 0.0333724171 -0.0174813122
v -0.00679850485 0.0336927809 -0.0173706263
v -0.00679935142 0.0340024456 -0.0172328167
v -0.00680032745 0.0342991166 -0.0170688964
v -0.00680142548 0.0345806032 -0.0168800838
v -0.00680263666 0.0348448157 -0.0166677777
v -0.00680395309 0.035089802 -0.0164335445
v -0.00680536451 0.0353137515 -0.0161791258
v -0.00680686068 0.0355150029 -0.0159063935
v -0.00680843042 0.0356920622 -0.0156173743
v -0.00681006163 0.0358436257 -0.0153142074
v -0.00681174267 0.0359685719 -0.0149991373
v -0.00681346143 0.0360659696 -0.0146744903
v -0.00681520486 0.0361351036 -0.0143426722
v -0.00681695994 0.0361754596 -0.0140061416
v -0.00681871362 0.0361867398 -0.013667386
v -0.00682045333 0.0361688621 -0.0133289155
v -0.00682216603 0.0361219533 -0.0129932342
v -0.00682383869 0.0360463709 -0.012662827
v -0.00682545919 0.0359426625 -0.0123401387
v -0.0068270159 0.0358116031 -0.0120275626
v -0.0068284967 0.0356541611 -0.011727402
v -0.00687735435 0.0313690975 -0.0175124593
v -0.00687718205 0.0316995196 -0.0175738465
v -0.00687715877 0.0320339911 -0.0176066086
v -0.00687728589 0.0323700458 -0.0176104996
v -0.00687756157 0.0327051878 -0.0175854918
v -0.00687798392 0.0330369398 -0.0175317731
v -0.0068785497 0.0333628468 -0.0174497329
v -0.00687925518 0.0336804949 -0.0173399858
v -0.00688009476 0.033987537 -0.017203344
v -0.00688106241 0.0342816934 -0.0170408133
v -0.00688215112 0.0345607959 -0.0168536026
v -0.00688335253 0.0348227695 -0.016643092
v -0.00688465778 0.0350656807 -0.0164108444
v -0.00688605709 0.0352877304 -0.0161585789
v -0.00688754022 0.0354872718 -0.015888162
v -0.00688909646 0.0356628336 -0.0156015921
v -0.00689071417 0.0358131155 -0.0153009929
v -0.00689238124 0.0359370001 -0.0149885919
v -0.00689408556 0.0360335745 -0.014666697
v -0.00689581409 0.0361021236 -0.0143376905
v -0.00689755427 0.0361421369 -0.0140040135
v -0.00689929305 0.0361533239 -0.0136681292
v -0.00690101786 0.0361355953 -0.0133325271
v -0.00690271612 0.036089085 -0.0129996892
v -0.00690437434 0.0360141397 -0.0126720807
v -0.00690598134 0.0359113105 -0.0123521285
v -0.00690752454 0.0357813612 -0.0120421993
v -0.00690899277 0.0356252566 -0.0117445849
v -0.00695494143 0.0313781202 -0.0174736083
v -0.006954771 0.0317051336 -0.0175343622
v -0.00695474818 0.0320361555 -0.0175667871
v -0.00695487391 0.0323687419 -0.017570639
v -0.00695514632 0.0327004306 -0.0175458901
v -0.00695556449 0.0330287628 -0.0174927209
v -0.00695612468 0.0333513096 -0.0174115282
v -0.0069568227 0.0336656831 -0.0173029155
v -0.00695765391 0.0339695551 -0.01716768
v -0.00695861178 0.0342606828 -0.0170068257
v -0.00695968885 0.0345369019 -0.0168215428
v -0.00696087768 0.0347961783 -0.0166132078
v -0.00696216943 0.0350365825 -0.0163833555
v -0.00696355477 0.0352563411 -0.0161336903
v -0.00696502253 0.0354538262 -0.0158660598
v -0.00696656294 0.0356275775 -0.0155824451
v -0.00696816389 0.0357763097 -0.0152849471
v -0.00696981372 0.0358989164 -0.0149757667
v -0.00697150035 0.0359944962 -0.0146571891
v -0.00697321072 0.0360623337 -0.0143315792
v -0.0069749332 0.0361019373 -0.0140013397
v -0.00697665429 0.0361130089 -0.0136689199
v -0.0069783614 0.0360954627 -0.0133367786
v -0.00698004151 0.0360494331 -0.0130073754
v -0.00698168296 0.0359752588 -0.0126831438
v -0.00698327366 0.035873495 -0.0123664904
v -0.00698480103 0.0357448868 -0.0120597593
v -0.00698625389 0.0355903879 -0.0117652137
v -0.00702875946 0.0313886255 -0.0174283143
v -0.00702859042 0.0317116715 -0.0174883325
v -0.00702856807 0.0320386812 -0.0175203625
v -0.0070286924 0.0323672369 -0.0175241679
v -0.00702896155 0.0326949023 -0.0174997188
v -0.0070293746 0.0330192521 -0.0174471978
v -0.0070299278 0.0333378874 -0.0173669886
v -0.00703061791 0.0336484499 -0.017259689
v -0.00703143887 0.0339486413 -0.0171260964
v -0.00703238463 0.0342362374 -0.0169671904
v -0.00703344913 0.0345091112 -0.0167841576
v -0.00703462353 0.0347652398 -0.0165783465
v -0.00703589944 0.0350027308 -0.0163512807
v -0.00703726802 0.0352198258 -0.0161046442
v -0.00703871809 0.0354149155 -0.0158402584
v -0.0070402394 0.035586562 -0.0155600812
v -0.00704182126 0.0357334875 -0.0152661903
v -0.00704345107 0.0358546078 -0.0149607584
v -0.00704511674 0.035949029 -0.0146460459
v -0.00704680709 0.036016047 -0.0143243801
v -0.00704850815 0.03605517 -0.0139981471
v -0.00705020828 0.0360661037 -0.0136697544
v -0.00705189491 0.0360487737 -0.0133416411
v -0.00705355499 0.0360032991 -0.0130162323
v -0.00705517642 0.0359300263 -0.0126959318
v -0.00705674756 0.0358294956 -0.0123831211
v -0.00705825631 0.0357024446 -0.0120801022
v -0.00705969194 0.0355498195 -0.0117891282
v -0.00709824264 0.0314005315 -0.0173769239
v -0.0070980764 0.0317190886 -0.0174361076
v -0.00709805451 0.0320415534 -0.0174676925
v -0.00709817652 0.0323655382 -0.0174714457
v -0.00709844241 0.0326886475 -0.0174473356
v -0.00709884986 0.033008486 -0.0173955448
v -0.00709939515 0.0333226919 -0.0173164513
v -0.00710007548 0.0336289331 -0.0172106456
v -0.0071008848 0.0339249484 -0.0170789082
v -0.00710181799 0.0342085473 -0.0169222131
v -0.00710286759 0.034477625 -0.0167417247
v -0.00710402569 0.0347301923 -0.0165387746
v -0.0071052839 0.0349643826 -0.0163148697
v -0.00710663293 0.0351784565 -0.0160716586
v -0.00710806344 0.0353708379 -0.0158109516
v -0.00710956333 0.0355400965 -0.015534672
v -0.0071111233 0.0356849767 -0.0152448677
v -0.00711273029 0.0358044133 -0.0149436807
v -0.00711437315 0.0358975194 -0.0146333436
v -0.00711603975 0.0359636061 -0.0143161537
v -0.00711771753 0.0360021852 -0.0139944535
v -0.00711939391 0.0360129699 -0.0136706317
v -0.00712105678 0.0359958783 -0.0133470781
v -0.00712269358 0.0359510407 -0.0130261928
v -0.00712429266 0.035878785 -0.0127103496
v -0.00712584192 0.0357796475 -0.0124018844
v -0.00712732971 0.035654366 -0.0121030817
v -0.00712874532 0.0355038643 -0.011816157
v -0.00716286153 0.0314137526 -0.0173198264
v -0.00716269761 0.0317273252 -0.0173780862
v -0.00716267619 0.0320447423 -0.0174091775
v -0.00716279633 0.0323636569 -0.0174128711
v -0.00716305804 0.0326817073 -0.0173891354
v -0.00716345897 0.0329965428 -0.0173381548
v -0.00716399588 0.0333058313 -0.0172603
v -0.0071646655 0.0336072817 -0.0171561483
v -0.00716546224 0.0338986665 -0.0170264747
v -0.00716638053 0.0341778211 -0.0168722328
v -0.00716741337 0.0344426893 -0.0166945681
v -0.00716855377 0.034691304 -0.0164947957
v -0.00716979243 0.0349218287 -0.0162743907
v -0.00717112049 0.0351325534 -0.0160349887
v -0.00717252819 0.0353219248 -0.0157783609
v -0.0071740048 0.035488531 -0.0155064063
v -0.00717554009 0.03563115 -0.0152211357
v -0.00717712194 0.0357487164 -0.014924665
v -0.00717873918 0.035840366 -0.0146191828
v -0.0071803797 0.0359054171 -0.0143069578
v -0.00718203094 0.0359433889 -0.0139902933
v -0.00718368124 0.035954006 -0.0136715369
v -0.00718531851 0.0359371826 -0.013353047
v -0.0071869297 0.0358930454 -0.0130371843
v -0.00718850363 0.0358219221 -0.0127262827
v -0.00719002867 0.0357243381 -0.0124226473
v -0.00719149318 0.0356010161 -0.0121285198
v -0.00719288643 0.0354528688 -0.0118460841
v -0.00722212857 0.0314281844 -0.0172574576
v -0.00722196745 0.0317363143 -0.017314706
v -0.00722194603 0.0320482254 -0.0173452571
v -0.00722206431 0.032361608 -0.0173488893
v -0.00722232135 0.0326741412 -0.0173255671
v -0.0072227153 0.0329835154 -0.0172754694
v -0.00722324289 0.0332874358 -0.0171989668
v -0.00722390087 0.033583656 -0.0170966219
v -0.00722468412 0.0338699855 -0.0169691984
v -0.00722558657 0.0341442972 -0.0168176331
v -0.00722660171 0.0344045684 -0.0166430511
v -0.00722772162 0.0346488729 -0.0164467432
v -0.00722893886 0.0348753966 -0.0162301604
v -0.00723024411 0.0350824669 -0.0159949139
v -0.00723162713 0.0352685489 -0.0157427378
v -0.00723307859 0.0354322679 -0.0154755004
v -0.00723458687 0.0355724096 -0.0151951816
v -0.00723614171 0.0356879383 -0.0149038518
v -0.00723773055 0.0357779972 -0.0146036725
v -0.00723934267 0.0358419195 -0.0142968614
v -0.0072409655 0.0358792357 -0.0139856907
v -0.00724258693 0.0358896628 -0.0136724664
v -0.00724419579 0.0358731337 -0.0133595048
v -0.00724577904 0.0358297601 -0.0130491238
v -0.0072473255 0.0357598737 -0.0127436137
v -0.007248824 0.035663981 -0.0124452449
v -0.00725026336 0.0355427973 -0.0121562248
v -0.0072516324 0.0353972204 -0.0118786879
v -0.00727559021 0.0314437188 -0.0171902925
v -0.00727543235 0.0317459963 -0.017246455
v -0.00727541139 0.0320519805 -0.0172764268
v -0.00727552781 0.0323594064 -0.0172799863
v -0.00727577973 0.0326660015 -0.0172571093
v -0.00727616623 0.0329694971 -0.0172079634
v -0.00727668405 0.0332676433 -0.0171329118
v -0.00727732945 0.0335582383 -0.0170325134
v -0.00727809733 0.0338391252 -0.0169075094
v -0.00727898255 0.034108229 -0.0167588238
v -0.0072799786 0.0343635567 -0.0165875554
v -0.00728107756 0.0346032158 -0.0163949821
v -0.00728227152 0.0348254368 -0.0161825176
v -0.00728355162 0.0350285694 -0.0159517378
v -0.00728490856 0.0352111198 -0.0157043524
v -0.00728633255 0.0353717245 -0.0154421935
v -0.00728781242 0.0355092026 -0.0151672
v -0.00728933746 0.0356225371 -0.0148814032
v -0.00729089603 0.0357108861 -0.0145869283
v -0.00729247741 0.0357735939 -0.0142859491
v -0.00729406951 0.0358102024 -0.0139806895
v -0.00729566021 0.035820432 -0.0136734173
v -0.00729723834 0.0358042158 -0.0133663984
v -0.00729879178 0.0357616693 -0.0130619146
v -0.00730030891 0.0356931053 -0.0127622113
v -0.007301779 0.035599038 -0.0124695115
v -0.00730319088 0.0354801565 -0.0121859787
v -0.00730453385 0.0353373475 -0.0119137168
v -0.00732284226 0.0314602368 -0.0171188433
v -0.00732268766 0.0317562893 -0.0171738472
v -0.00732266717 0.032055974 -0.0172032025
v -0.00732278079 0.0323570743 -0.0172066875
v -0.00732302805 0.0326573551 -0.0171842817
v -0.00732340617 0.0329546034 -0.0171361472
v -0.00732391328 0.0332466103 -0.0170626435
v -0.00732454564 0.0335312188 -0.0169643108
v -0.00732529769 0.033806324 -0.0168418828
v -0.00732616475 0.0340698883 -0.0166962575
v -0.00732714031 0.0343199559 -0.016528517
v -0.00732821645 0.0345546827 -0.0163399056
v -0.00732938619 0.034772329 -0.0161318146
v -0.00733063975 0.0349712819 -0.0159057863
v -0.00733196922 0.0351500697 -0.0156634953
v -0.00733336341 0.0353073701 -0.0154067352
v -0.00733481254 0.0354420207 -0.0151374005
v -0.00733630639 0.0355530195 -0.0148574924
v -0.00733783329 0.0356395468 -0.0145690795
v -0.00733938208 0.0357009657 -0.0142742936
v -0.00734094111 0.0357368179 -0.0139753204
v -0.00734249922 0.0357468389 -0.0136743737
v -0.00734404474 0.0357309543 -0.0133736804
v -0.00734556606 0.0356892869 -0.0130754607
v -0.00734705199 0.0356221348 -0.012781932
v -0.00734849181 0.0355300009 -0.012495256
v -0.00734987482 0.0354135707 -0.0122175636
v -0.00735119032 0.0352736972 -0.0119509064
v -0.0073635201 0.0314776152 -0.017043652
v -0.00736336922 0.0317671224 -0.0170974396
v -0.0073633492 0.0320601799 -0.0171261448
v -0.00736346003 0.0323546231 -0.0171295553
v -0.0073637017 0.0326482654 -0.0171076413
v -0.00736407191 0.0329389386 -0.0170605741
v -0.00736456783 0.0332244933 -0.0169886947
v -0.00736518577 0.0335028097 -0.0168925356
v -0.00736592151 0.0337718315 -0.0167728122
v -0.00736676948 0.0340295658 -0.0166304056
v -0.00736772316 0.0342741087 -0.0164663773
v -0.00736877555 0.0345036425 -0.0162819345
v -0.00736991921 0.0347164795 -0.0160784423
v -0.0073711453 0.0349110328 -0.0158574153
v -0.00737244496 0.0350858681 -0.0156204784
v -0.00737380842 0.0352396928 -0.0153693939
v -0.00737522589 0.0353713632 -0.0151060186
v -0.00737668667 0.0354799069 -0.0148322945
v -0.00737817958 0.0355645232 -0.0145502593
v -0.00737969391 0.0356245823 -0.0142619908
v -0.00738121895 0.0356596448 -0.0139696291
v -0.00738274259 0.0356694423 -0.0136753349
v -0.00738425367 0.0356539115 -0.0133812884
v -0.00738574145 0.0356131606 -0.0130896643
v -0.00738719478 0.0355474949 -0.0128026232
v -0.00738860248 0.0354574025 -0.0125222867
v -0.00738995476 0.0353435427 -0.0122507336
v -0.00739124138 0.0352067649 -0.0119899707
v -0.00739731546 0.0314957164 -0.0169652887
v -0.00739716785 0.0317784064 -0.0170178097
v -0.00739714829 0.0320645645 -0.0170458388
v -0.00739725679 0.0323520713 -0.0170491692
v -0.00739749288 0.0326388031 -0.017027773
v -0.00739785424 0.0329226293 -0.0169818122
v -0.00739833806 0.0332014598 -0.0169116259
v -0.00739894202 0.0334732234 -0.0168177318
v -0.00739966007 0.0337359086 -0.0167008266
v -0.00740048802 0.0339875743 -0.0165617764
v -0.00740141934 0.0342263579 -0.0164016075
v -0.00740244705 0.03445049 -0.0162215102
v -0.00740356371 0.0346583091 -0.0160228126
v -0.00740476092 0.034848284 -0.0158069879
v -0.00740603032 0.0350190029 -0.0155756334
v -0.00740736164 0.0351692028 -0.015330459
v -0.00740874559 0.0352977738 -0.0150732845
v -0.00741017191 0.035403762 -0.0148060089
v -0.00741162989 0.0354863852 -0.0145306131
v -0.00741310837 0.0355450287 -0.0142491329
v -0.00741459709 0.0355792642 -0.0139636584
v -0.00741608487 0.0355888344 -0.0136762932
v -0.00741756056 0.0355736688 -0.013389172
v -0.00741901342 0.035533879 -0.0131044146
v -0.00742043229 0.0354697593 -0.012824134
v -0.00742180739 0.0353817865 -0.0125503978
v -0.00742312754 0.035270609 -0.0122852381
v -0.00742438389 0.0351370499 -0.0120306155
v -0.0074239755 0.0315144099 -0.0168843549
v -0.00742383162 0.0317900628 -0.0169355683
v -0.00742381252 0.0320690945 -0.016962897
v -0.00742391823 0.0323494449 -0.0169661455
v -0.00742414827 0.0326290354 -0.016945282
v -0.00742450031 0.0329057984 -0.0169004649
v -0.00742497249 0.033177685 -0.0168320257
v -0.00742556108 0.0334426835 -0.0167404711
v -0.0074262619 0.0336988308 -0.0166264772
v -0.00742706889 0.0339442305 -0.016490886
v -0.00742797693 0.0341770686 -0.0163347069
v -0.0074289795 0.0343956202 -0.0161590893
v -0.00743006822 0.0345982648 -0.0159653388
v -0.00743123563 0.0347835124 -0.0157548878
v -0.00743247289 0.0349499807 -0.0155292917
v -0.00743377116 0.0350964405 -0.0152902249
v -0.00743512064 0.0352218114 -0.0150394524
v -0.00743651157 0.0353251621 -0.0147788301
v -0.00743793324 0.0354057252 -0.0145102888
v -0.00743937539 0.0354629122 -0.0142358216
v -0.00744082686 0.0354962945 -0.0139574492
v -0.00744227786 0.0355056264 -0.0136772394
v -0.00744371675 0.0354908369 -0.0133972643
v -0.00744513329 0.035452038 -0.0131195979
v -0.00744651677 0.0353895165 -0.0128462929
v -0.00744785741 0.0353037305 -0.012579374
v -0.00744914496 0.0351953208 -0.0123208165
v -0.00745036965 0.0350650884 -0.0120725315
v -0.00744329533 0.0315335467 -0.0168014616
v -0.00744315516 0.0318019949 -0.0168513376
v -0.00744313654 0.0320737362 -0.0168779548
v -0.00744323991 0.032346759 -0.0168811176
v -0.0074434639 0.0326190405 -0.016860798
v -0.00744380662 0.0328885727 -0.0168171525
v -0.0074442667 0.0331533514 -0.0167505015
v -0.00744483992 0.0334114246 -0.0166613385
v -0.00744552212 0.0336608775 -0.0165503211
v -0.00744630815 0.0338998623 -0.0164182782
v -0.00744719245 0.034126617 -0.0162661802
v -0.00744816847 0.034339454 -0.016095154
v -0.00744922878 0.034536805 -0.0159064662
v -0.00745036593 0.0347172059 -0.0157015156
v -0.00745157106 0.0348793268 -0.0154818147
v -0.00745283533 0.0350219607 -0.0152489962
v -0.00745414943 0.0351440534 -0.0150047755
v -0.00745550403 0.0352447033 -0.0147509659
v -0.00745688844 0.0353231654 -0.0144894468
v -0.00745829288 0.0353788547 -0.0142221479
v -0.00745970663 0.0354113653 -0.0139510538
v -0.00746111944 0.0354204513 -0.0136781679
v -0.00746252062 0.0354060493 -0.0134055093
v -0.00746390037 0.0353682637 -0.0131351007
v -0.007465248 0.0353073739 -0.0128689362
v -0.00746655324 0.0352238342 -0.0126089947
v -0.00746780727 0.0351182558 -0.0123571912
v -0.00746899983 0.0349914283 -0.0121153984
v -0.00745512731 0.0315529853 -0.0167172421
v -0.00745499087 0.031814117 -0.0167657584
v -0.00745497271 0.0320784524 -0.016791651
v -0.00745507283 0.0323440321 -0.0167947263
v -0.00745529076 0.0326088965 -0.0167749617
v -0.00745562464 0.0328710787 -0.0167325065
v -0.00745607167 0.0331286453 -0.0166676715
v -0.00745662954 0.0333796851 -0.0165809393
v -0.0074572931 0.0336223356 -0.0164729506
v -0.00745805772 0.0338548124 -0.0163445026
v -0.0074589178 0.0340753831 -0.0161965489
v -0.00745986728 0.0342824236 -0.0160301849
v -0.00746089872 0.0344743952 -0.0158466399
v -0.00746200513 0.0346498825 -0.0156472735
v -0.0074631772 0.0348075815 -0.0154335629
v -0.00746440701 0.0349463262 -0.0152070858
v -0.00746568525 0.0350650921 -0.0149695249
v -0.00746700307 0.0351630002 -0.0147226322
v -0.00746834977 0.0352393202 -0.0144682359
v -0.00746971555 0.0352934934 -0.0142082255
v -0.00747109111 0.0353251174 -0.0139445169
v -0.00747246528 0.0353339575 -0.0136790695
v -0.00747382827 0.0353199467 -0.01341384
v -0.00747517031 0.035283193 -0.0131508019
v -0.00747648114 0.0352239646 -0.0128918933
v -0.007477751 0.0351426974 -0.0126390327
v -0.00747897057 0.0350399986 -0.0123940958
v -0.007480131 0.0349166282 -0.0121588903
v -0.00745962374 0.0313238092 -0.0165635571
v -0.0074593774 0.0315725766 -0.0166323371
v -0.00745924516 0.0318263359 -0.0166794863
v -0.00745922746 0.0320832059 -0.0167046469
v -0.00745932478 0.0323412903 -0.0167076346
v -0.00745953666 0.0325986743 -0.016688427
v -0.00745986076 0.0328534581 -0.0166471712
v -0.00746029569 0.0331037529 -0.0165841654
v -0.00746083725 0.0333477035 -0.0164998826
v -0.00746148219 0.0335835069 -0.016394943
v -0.00746222539 0.033809416 -0.0162701197
v -0.00746306125 0.0340237617 -0.016126344
v -0.00746398419 0.0342249572 -0.0159646757
v -0.00746498629 0.0344115086 -0.0157863125
v -0.00746606104 0.0345820412 -0.0155925779
v -0.00746720051 0.0347352885 -0.0153848985
v -0.0074683954 0.0348701179 -0.0151648158
v -0.00746963779 0.0349855311 -0.0149339577
v -0.00747091789 0.0350806713 -0.0146940388
v -0.00747222686 0.0351548381 -0.0144468257
v -0.00747355446 0.0352074839 -0.0141941542
v -0.00747489091 0.0352382138 -0.0139378905
v -0.00747622643 0.0352468044 -0.0136799347
v -0.00747755077 0.0352331884 -0.0134221977
v -0.00747885508 0.0351974741 -0.0131665813
v -0.00748012867 0.0351399146 -0.0129149845
v -0.00748136267 0.0350609422 -0.0126692653
v -0.00748254824 0.0349611454 -0.0124312397
v -0.00748367561 0.0348412544 -0.0122026782
v 0.0130570251 -0.0272118356 0.0068718656
v -0.0131661743 -0.0272233002 0.00673648249
v -0.00658260612 -0.027225161 0.00376854418
v -0.00662611006 -0.0272251889 0.00376265333
v -0.0135196932 -0.0272281077 0.00378621463
v -0.00666943425 -0.0272252224 0.00375299715
v -0.00671248604 -0.0272252616 0.00373959285
v -0.00675519044 -0.0272253063 0.00372246862
v -0.0067974627 -0.0272253584 0.00370165496
v -0.00717937713 -0.0272261519 0.00330271875
v -0.00724308891 -0.0272263642 0.00318533997
v -0.00730136642 -0.0272265915 0.00305730104
v 0.0134409955 -0.0272163227 0.00392540544
v -0.00683922414 -0.0272254143 0.00367719284
v -0.00688039325 -0.0272254758 0.0036491279
v -0.00692089181 -0.0272255447 0.00361751416
v -0.00735376403 -0.0272268318 0.00291957869
v -0.00739988405 -0.0272270814 0.00277321809
v -0.00743937166 -0.0272273421 0.00261933287
v -0.00696064625 -0.0272256155 0.00358241191
v -0.00699957833 -0.0272256937 0.00354388659
v -0.00703761401 -0.0272257756 0.00350201293
v -0.00707468251 -0.0272258632 0.00345686986
v -0.00711071026 -0.0272259545 0.00340854516
v -0.00747192698 -0.0272276085 0.00245909835
v -0.00749730691 -0.0272278804 0.00229372992
v -0.00751531683 -0.0272281561 0.00212448812
v 0.00749143027 -0.0272283629 -0.00208590808
v -0.00752581796 -0.0272284318 0.00195265876
v -0.00752872787 -0.0272287056 0.00177955348
v -0.0075083687 -0.0272349212 -0.00216334802
v -0.00396061223 0.0322441421 -0.0164410472
v -0.00296078413 0.0324842744 -0.0164257996
v -0.00396076916 0.0324838348 -0.0164309628
v -0.00296104793 0.0327221751 -0.016394861
v -0.00396103272 0.0327217393 -0.0164000224
v -0.0029614165 0.0329564773 -0.0163433086
v -0.00396140153 0.0329560414 -0.01634847
v -0.00296188705 0.0331853963 -0.016271526
v -0.00396187184 0.0331849568 -0.0162766892
v -0.00296245632 0.0334071852 -0.016180072
v -0.00396244088 0.0334067456 -0.0161852334
v -0.00296311942 0.0336201563 -0.0160696302
v -0.00396310445 0.0336197205 -0.0160747916
v -0.00296387193 0.0338226967 -0.0159410518
v -0.00396385649 0.0338222571 -0.015946215
v -0.00296470756 0.0340132564 -0.0157953091
v -0.00396469235 0.0340128206 -0.0158004705
v -0.00296562025 0.0341903903 -0.0156335104
v -0.00396560505 0.0341899544 -0.0156386737
v -0.00296660303 0.0343527459 -0.0154568916
v -0.00396658806 0.03435231 -0.0154620549
v -0.00296764844 0.0344990939 -0.0152667928
v -0.00396763347 0.034498658 -0.0152719552
v -0.00296874857 0.034628313 -0.0150646633
v -0.00396873336 0.0346278772 -0.0150698265
v -0.00296989479 0.0347394235 -0.0148520414
v -0.00396987982 0.0347389877 -0.0148572046
v -0.00297107873 0.0348315835 -0.0146305468
v -0.00397106353 0.0348311439 -0.0146357091
v -0.00297229108 0.0349040851 -0.0144018596
v -0.00397227611 0.0349036492 -0.0144070229
v -0.00297352276 0.0349563807 -0.0141677251
v -0.00397350732 0.0349559411 -0.0141728874
v -0.00297476421 0.034988068 -0.0139299259
v -0.00397474924 0.0349876322 -0.0139350882
v -0.00297600613 0.0349989124 -0.0136902677
v -0.00397599116 0.0349984728 -0.0136954309
v -0.0029772392 0.0349888243 -0.0134505732
v -0.00397722423 0.0349883884 -0.0134557365
v -0.00297845388 0.0349578857 -0.0132126752
v -0.00397843868 0.0349574462 -0.0132178375
v -0.00297964108 0.0349063277 -0.0129783768
v -0.00397962611 0.0349058919 -0.0129835391
v -0.0029807915 0.0348345488 -0.0127494624
v -0.0039807763 0.0348341092 -0.0127546247
v -0.00298189651 0.0347430892 -0.0125276772
v -0.00398188131 0.0347426534 -0.0125328396
v -0.00298294774 0.0346326493 -0.0123147052
v -0.00398293277 0.0346322134 -0.0123198684
v -0.00298393727 0.0345040672 -0.0121121695
v -0.0039839223 0.0345036276 -0.0121173318
v -0.00298485719 0.0343583189 -0.0119216098
v -0.00398484198 0.034357883 -0.0119267721
v -0.00298570096 0.0341965221 -0.0117444796
v -0.00398568576 0.0341960825 -0.011749642
v -0.00298646209 0.0340198986 -0.0115821259
v -0.00398644665 0.034019459 -0.0115872892
v -0.0029871345 0.0338297971 -0.0114357816
v -0.00398711953 0.0338293612 -0.0114409439
v -0.00298771309 0.0336276665 -0.0113065615
v -0.00398769788 0.0336272269 -0.0113117239
v -0.00298819388 0.0334150419 -0.0111954482
v -0.00398817891 0.0334146023 -0.0112006115
v -0.00298857293 0.0331935436 -0.0111032939
v -0.0039885575 0.033193104 -0.0111084562
v -0.00298884721 0.0329648517 -0.0110307932
v -0.00398883224 0.0329644158 -0.0110359564
v -0.00298901484 0.0327307135 -0.0109784976
v -0.00398899987 0.0327302776 -0.0109836599
v -0.00298907445 0.0324929096 -0.0109468075
v -0.00398905948 0.0324924737 -0.0109519707
v -0.00298902555 0.0322532505 -0.010935965
v -0.00398901058 0.0322528109 -0.0109411282
v -0.00298886886 0.0320135541 -0.0109460512
v -0.00398885366 0.0320131183 -0.0109512135
v -0.00298860506 0.0317756534 -0.0109769898
v -0.00398859009 0.0317752138 -0.010982153
v -0.00298823649 0.0315413512 -0.0110285468
v -0.00398822129 0.0315409116 -0.0110337092
v -0.00298776594 0.0313124321 -0.0111003248
v -0.0039877505 0.0313119963 -0.0111054871
v -0.00298719667 0.0310906433 -0.0111917788
v -0.00398718147 0.0310902055 -0.0111969421
v -0.00298653333 0.0308776703 -0.0113022206
v -0.00398651836 0.0308772326 -0.011307383
v -0.00298578106 0.0306751337 -0.0114308018
v -0.00398576586 0.030674696 -0.0114359641
v -0.00298494543 0.0304845721 -0.0115765454
v -0.00398492999 0.0304841343 -0.0115817087
v -0.0029840325 0.0303074382 -0.0117383404
v -0.0039840173 0.0303070005 -0.0117435027
v -0.00298304972 0.0301450826 -0.0119149582
v -0.00398303475 0.0301446449 -0.0119201215
v -0.00298200431 0.0299987365 -0.0121050579
v -0.00398198934 0.0299982987 -0.0121102203
v -0.00298090442 0.0298695154 -0.0123071866
v -0.00398088899 0.0298690777 -0.0123123499
v -0.00297975796 0.0297584031 -0.0125198085
v -0.00397974299 0.0297579654 -0.0125249717
v -0.00297857425 0.029666245 -0.012741304
v -0.00397855928 0.0296658091 -0.0127464663
v -0.0029773619 0.0295937434 -0.0129699903
v -0.0039773467 0.0295933075 -0.0129751535
v -0.00297613023 0.0295414496 -0.0132041257
v -0.00397611503 0.0295410119 -0.013209288
v -0.00297488878 0.0295097604 -0.0134419249
v -0.00397487357 0.0295093227 -0.0134470873
v -0.00297364662 0.029498918 -0.0136815859
v -0.00397363165 0.0294984803 -0.0136867492
v -0.00297241355 0.0295090042 -0.0139212767
v -0.00397239858 0.0295085683 -0.0139264399
v -0.00297119888 0.0295399427 -0.0141591756
v -0.00397118367 0.0295395069 -0.0141643379
v -0.0029700119 0.0295915008 -0.014393474
v -0.0039699967 0.029591063 -0.0143986363
v -0.00296886149 0.0296632815 -0.0146223884
v -0.00396884652 0.0296628438 -0.0146275507
v -0.00296775647 0.0297547393 -0.0148441736
v -0.00396774104 0.0297543015 -0.0148493359
v -0.00296670524 0.0298651811 -0.0150571447
v -0.00396669004 0.0298647434 -0.0150623079
v -0.00296571571 0.0299937632 -0.0152596813
v -0.00396570051 0.0299933255 -0.0152648436
v -0.00296479557 0.0301395096 -0.015450241
v -0.00396478036 0.0301390719 -0.0154554034
v -0.00296395179 0.0303013083 -0.0156273711
v -0.00396393659 0.0303008705 -0.0156325344
v -0.0029631909 0.0304779317 -0.0157897286
v -0.0039631757 0.030477494 -0.01579489
v -0.00296251848 0.0306680314 -0.0159360729
v -0.00396250328 0.0306675937 -0.0159412343
v -0.00296193967 0.030870162 -0.0160652883
v -0.00396192446 0.0308697242 -0.0160704516
v -0.0029614591 0.0310827866 -0.0161764026
v -0.0039614439 0.0310823489 -0.016181564
v -0.00296108006 0.0313042849 -0.0162685569
v -0.00396106485 0.0313038491 -0.0162737202
v -0.00296080578 0.0315329768 -0.0163410604
v -0.00396079058 0.0315325409 -0.0163462237
v -0.00296063814 0.031767115 -0.0163933523
v -0.00396062294 0.0317666754 -0.0163985156
v -0.00296057854 0.0320049189 -0.0164250433
v -0.00396056334 0.032004483 -0.0164302047
v -0.0029606272 0.032244578 -0.0164358858
v -0.00494256662 -0.0252537616 -0.0150699569
v -0.0049331123 -0.0303459503 -0.0164700765
v -0.00493435701 -0.0301044043 -0.0162494462
v -0.00496334303 -0.012908767 -0.0120910015
v -0.00495419558 -0.0191404708 -0.0133351376
v -0.00496401684 0.0247453116 -0.0151488818
v -0.00494180014 -0.0292300526 -0.0148817655
v -0.0049401857 -0.0293557215 -0.0151838074
v -0.00493862247 -0.0295072366 -0.0154737467
v -0.00494345324 -0.0291311834 -0.0145699214
v -0.00494513288 -0.0290598739 -0.0142506501
v -0.00494682603 -0.0290166643 -0.0139263719
v -0.00494851964 -0.0290018767 -0.013599569
v -0.00495020067 -0.0290156342 -0.0132727167
v -0.0049518575 -0.0290578213 -0.0129483072
v -0.00497420505 0.0124097709 -0.0121309673
v -0.00497040292 0.0186375193 -0.0133947711
v -0.00500373403 0.0168957002 -0.00679111434
v -0.00493569719 -0.0298830103 -0.0160086006
v -0.00493712258 -0.0296834484 -0.0157493781
v -0.00495347613 -0.0291281249 -0.0126288086
v -0.00495504495 -0.0292260107 -0.0123166535
v -0.00495655183 -0.0293507259 -0.0120142167
v -0.00495812437 -0.0356207378 -0.0111786928
v -0.00493197236 -0.030605806 -0.0166688189
v -0.00492852973 -0.0312100686 -0.0172845162
v -0.00493094651 -0.0308819953 -0.0168441534
v -0.00497539947 0.00610135868 -0.0113654472
v -0.00497397827 -0.000247909222 -0.0111030396
v -0.00496995123 -0.0065979748 -0.0113454014
v -0.00503042853 0.0175169744 -0.00167314231
v -0.00503016543 0.0169037692 -0.00167217432
v -0.00495798513 -0.0295013245 -0.0117238006
v -0.00495933462 -0.0296766683 -0.0114476178
v -0.00503188139 0.0209037624 -0.00167848833
v -0.00496058911 -0.0298754126 -0.011187762
v -0.00496173976 -0.0300960448 -0.0109462226
v -0.00496277725 -0.0303368941 -0.0107248276
v -0.00495669851 -0.0358203016 -0.0114379199
v -0.00495519862 -0.0359965079 -0.0117135486
v -0.00495418673 -0.0363654122 -0.0118783405
v -0.00495363539 -0.0361480229 -0.012003487
v -0.00495249173 -0.0364994779 -0.0121952854
v -0.00495202141 -0.0362736955 -0.0123055289
v -0.00495075574 -0.0366058052 -0.0125225773
v -0.00495036831 -0.036372561 -0.0126173729
v -0.00494899089 -0.0366836078 -0.0128577976
v -0.00494868867 -0.0364438705 -0.012936648
v -0.00494721066 -0.0367323048 -0.0131984651
v -0.00494699553 -0.0364870839 -0.0132609224
v -0.00494542858 -0.0367515385 -0.0135420589
v -0.00494530192 -0.0365018658 -0.01358773
v -0.0049436572 -0.036741171 -0.0138860345
v -0.00494362041 -0.0364881158 -0.0139145786
v -0.00494191004 -0.0367012732 -0.0142278438
v -0.00494196406 -0.0364459231 -0.0142389908
v -0.00494019967 -0.036632143 -0.0145649575
v -0.00494034542 -0.0363756195 -0.0145584857
v -0.00493853912 -0.0365342945 -0.0148948859
v -0.0049387766 -0.0362777375 -0.0148706408
v -0.0049369405 -0.0364084467 -0.0152151799
v -0.00493726972 -0.0361530185 -0.0151730776
v -0.00493541593 -0.036255531 -0.0155234728
v -0.00493583595 -0.0360024199 -0.0154634938
v -0.0049339761 -0.0360766873 -0.0158174839
v -0.00493448693 -0.0358270817 -0.0157396812
v -0.0049326322 -0.0358732305 -0.0160950292
v -0.00493323244 -0.0356283374 -0.0159995332
v -0.00493139401 -0.0356466733 -0.0163540654
v -0.00493208179 -0.0354076996 -0.0162410755
v -0.00493027037 -0.0353986882 -0.0165926628
v -0.00493104383 -0.0351668485 -0.0164624676
v -0.00492927013 -0.035131108 -0.0168090686
v -0.00493012695 -0.0349076241 -0.0166620277
v -0.00492840074 -0.0348459184 -0.0170016699
v -0.00492933765 -0.0346319899 -0.0168382339
v -0.00492766779 -0.0345452316 -0.0171690509
v -0.00492868247 -0.0343420468 -0.0169897508
v -0.0049270778 -0.0342312716 -0.0173099618
v -0.00492816558 -0.0340400003 -0.0171154179
v -0.00492663402 -0.0339063592 -0.017423369
v -0.00492779166 -0.0337281525 -0.0172142833
v -0.00492634065 -0.033572901 -0.0175084285
v -0.00492756302 -0.0334088728 -0.0172855966
v -0.00492619956 -0.0332333669 -0.0175645072
v -0.00492748152 -0.0330845937 -0.0173288081
v -0.00492621213 -0.0328902677 -0.0175912008
v -0.00492754811 -0.0327577852 -0.0173435938
v -0.00492637744 -0.032546144 -0.0175883006
v -0.00492776185 -0.0324309282 -0.01732984
v -0.00492669456 -0.0322035439 -0.0175558366
v -0.00492812181 -0.032106515 -0.0172876529
v -0.00492716162 -0.0318650045 -0.0174940396
v -0.00492862426 -0.0317870118 -0.0172173474
v -0.00492777489 -0.0315330252 -0.0174033772
v -0.00492926594 -0.0314748511 -0.0171194673
v -0.0049300422 -0.0311724152 -0.0169947539
v -0.00495508732 0.0306946076 -0.0173822325
v -0.00496184872 -0.0348979384 -0.0105184764
v -0.00496070925 -0.0351577923 -0.0107172178
v -0.00495946454 -0.0353993401 -0.0109378519
v -0.00495460955 0.031017188 -0.0175021142
v -0.0049542808 0.0313488767 -0.0175938234
v -0.00495410431 0.0316872224 -0.0176566895
v -0.00495408103 0.0320297182 -0.0176902357
v -0.00495421095 0.0323738307 -0.0176942199
v -0.00495449314 0.0327170119 -0.0176686104
v -0.00495492574 0.0330567211 -0.0176136028
v -0.00495550502 0.0333904475 -0.0175295975
v -0.00495622726 0.0337157138 -0.0174172167
v -0.00495708734 0.0340301208 -0.0172772985
v -0.00495807827 0.0343313329 -0.0171108674
v -0.00495919306 0.034617126 -0.0169191658
v -0.00496042287 0.0348853841 -0.0167036075
v -0.00496175932 0.0351341218 -0.0164657924
v -0.00496319262 0.0353614986 -0.0162074752
v -0.00496471161 0.035565827 -0.0159305725
v -0.0049663051 0.0357455984 -0.0156371277
v -0.00496796146 0.0358994827 -0.0153293191
v -0.00496966857 0.03602634 -0.0150094237
v -0.00497141341 0.0361252315 -0.0146798063
v -0.00497318339 0.0361954235 -0.0143429125
v -0.00497496501 0.0362363979 -0.0140012307
v -0.00497674569 0.0362478495 -0.0136572896
v -0.00497851195 0.0362296999 -0.0133136371
v -0.00498025073 0.036182072 -0.0129728168
v -0.00498194946 0.036105331 -0.0126373535
v -0.00498359464 0.0360000357 -0.0123097263
v -0.0049851751 0.0358669683 -0.0119923605
v -0.00496513909 -0.0311617013 -0.0101975435
v -0.00496448344 -0.0308717582 -0.0103490595
v -0.00496369414 -0.0305961221 -0.0105252666
v -0.00496565597 -0.0314637423 -0.0100718765
v -0.0049660299 -0.03177559 -0.00997301098
v -0.00496625854 -0.0320948698 -0.00990170147
v -0.00496633956 -0.0324191488 -0.00985848717
v -0.00496627344 -0.0327459611 -0.00984370336
v -0.00496605923 -0.0330728181 -0.00985745527
v -0.00496569974 -0.0333972313 -0.00989964604
v -0.00496519729 -0.0337167345 -0.00996994693
v -0.00496455515 -0.0340288915 -0.0100678271
v -0.00496377936 -0.0343313329 -0.0101925405
v -0.00496287458 -0.0346217528 -0.0103431409
v -0.0169186667 -0.0235290863 0.000347720663
v -0.00808656402 -0.0232862718 -0.008479652
v -0.00747469254 -0.023539789 -0.00899922475
v -0.00747440476 -0.0233280063 -0.00907288678
v -0.0074741859 -0.0231141467 -0.0091334125
v -0.00747403596 -0.0228986088 -0.00918068364
v -0.0074739554 -0.0226818081 -0.00921460893
v -0.00747394469 -0.0224641617 -0.00923513249
v -0.0074750483 -0.0237490833 -0.00891256519
v -0.0168262199 -0.023944905 0.0004416015
v -0.0167086255 -0.0243476573 0.000560879242
v -0.00747596193 -0.0241586417 -0.00870093983
v -0.00747547159 -0.0239555016 -0.00881307293
v -0.0165667757 -0.0247342791 0.000704642851
v -0.00747713819 -0.0245535541 -0.00843962003
v -0.00747651793 -0.0243581198 -0.00857637636
v -0.0164017566 -0.0251018256 0.000871800003
v -0.0074785687 -0.0249308217 -0.00813059229
v -0.00747782271 -0.0247445796 -0.00829093065
v -0.00748116663 -0.0254574008 -0.00758283958
v -0.00748024229 -0.025287576 -0.00777620915
v -0.00747937616 -0.025111936 -0.00795890763
v -0.016214814 -0.0254475027 0.0010610749
v -0.0160073806 -0.0257686805 0.00127103319
v -0.00748318061 -0.0257783402 -0.00716558564
v -0.0157810282 -0.0260629077 0.0015000701
v -0.00748540228 -0.0260723084 -0.00671032164
v -0.0155374827 -0.0263279527 0.00174644834
v -0.00748781534 -0.026337076 -0.00622051442
v -0.0152785955 -0.0265617948 0.00200828887
v -0.00749040116 -0.02657062 -0.00569988741
v -0.0150063401 -0.0267626587 0.00228360062
v -0.00749313971 -0.0267711729 -0.00515240664
v -0.0147227887 -0.0269290078 0.00257028965
v -0.00749601098 -0.0269371979 -0.00458223606
v -0.0144300945 -0.027059583 0.0028661713
v -0.00749899261 -0.0270674378 -0.00399371749
v -0.0141304871 -0.0271533821 0.00316899503
v -0.00750206131 -0.0271608941 -0.00339132803
v -0.0138262473 -0.0272097029 0.00347645511
v -0.00750519475 -0.0272168666 -0.0027796533
v -0.0170254987 -0.0226709843 0.000238796594
v -0.0169852618 -0.0231033675 0.0002799457
v 0.0164119247 -0.0222216826 -0.000186408768
v 0.0164315943 -0.0221612733 -0.000166604092
v 0.0163097586 -0.0224520583 -0.000281830202
v 0.0163654629 -0.022339223 -0.000231251353
v 0.0163897276 -0.0222813971 -0.000208263504
v 0.0161721054 -0.0226613581 -0.000400717981
v 0.0162442531 -0.0225610118 -0.000339059683
v 0.0158139672 -0.0229928568 -0.000704842561
v 0.0159160718 -0.0229188539 -0.000617326004
v 0.0159992203 -0.0228481833 -0.000546772266
v 0.0160882846 -0.0227597933 -0.000471576001
v 0.015596359 -0.0231126398 -0.000896002748
v 0.0156397745 -0.0230923928 -0.000857290404
v 0.0157072898 -0.0230574366 -0.000797672663
v 0.0154791176 -0.023159286 -0.00100215187
v 0.0153592806 -0.0231957454 -0.00111317891
v 0.0152378753 -0.0232219305 -0.00122840446
v 0.015115167 -0.0232379213 -0.00134776754
v 0.014997229 -0.0232436489 -0.00146529672
v 0.0164760295 -0.0219734218 -0.000121927507
v 0.0164637007 -0.0220372565 -0.00013430712
v 0.0164488442 -0.0220999271 -0.000149249739
v -0.00486819679 0.0209058765 -0.000383532577
v -0.00496040657 0.020905165 -0.000809868507
v -0.00216841185 0.0209121685 0.00286788773
v -0.00255427533 0.0209116805 0.00266448176
v -0.00292094005 0.0209111515 0.00242821849
v -0.00326562161 0.0209105816 0.00216089911
v -0.0035856925 0.0209099762 0.00186455401
v -0.00387871708 0.0209093411 0.00154144224
v -0.00414246181 0.020908678 0.00119401934
v -0.00437492831 0.0209079962 0.000824932999
v -0.00457433937 0.0209072977 0.000436990173
v -0.00473917928 0.0209065899 3.31435513e-05
v -0.00501510687 0.0209044591 -0.00124261761
v -0.00818330422 -0.0232567396 0.0102560092
v 0.00607501529 0.0150232231 -0.000730870059
v -0.00185653835 0.0198604818 0.00300400355
v 0.00185668305 0.0196788032 0.00297906785
v 0.00244565657 0.0209138673 0.00269029499
v 0.0028147453 0.0209136587 0.00245783036
v 0.0031621689 0.0209133904 0.00219408399
v 0.00348527916 0.0209130663 0.00190105953
v 0.00378162484 0.0209126882 0.0015809905
v 0.00404894678 0.0209122598 0.00123630941
v 0.00428520888 0.020911783 0.000869642943
v 0.00448861904 0.0209112596 0.000483779761
v 0.0046576201 0.0209106989 8.16566826e-05
v 0.00479093008 0.0209100991 -0.000333665143
v 0.00488753803 0.0209094696 -0.00075902621
v 0.00494670728 0.0209088139 -0.00119118742
v 0.0161625538 -0.0254333485 0.00122823054
v 0.00751661882 -0.0257717837 -0.00708814571
v 0.0159532391 -0.0257547088 0.00143603724
v 0.00751439668 -0.0260657519 -0.0066328817
v 0.0157247968 -0.0260491334 0.00166272605
v 0.00751198409 -0.0263305176 -0.00614307448
v 0.01547895 -0.0263143945 0.00190657785
v 0.00750939827 -0.0265640635 -0.00562244747
v 0.0152175743 -0.026548462 0.00216573244
v 0.00750665925 -0.0267646164 -0.0050749667
v 0.0149426665 -0.0267495662 0.00243821926
v 0.00750378845 -0.0269306395 -0.00450479612
v 0.0146563156 -0.0269161649 0.00272196601
v 0.00750080682 -0.0270608794 -0.00391627755
v 0.0143607007 -0.0270469971 0.00301481038
v 0.00749773765 -0.0271543376 -0.0033138881
v 0.01405806 -0.0271410588 0.00331452489
v 0.00749460422 -0.0272103101 -0.00270221336
v 0.0137507152 -0.0271976478 0.00361882756
v 0.0163511336 -0.0250875056 0.00104089431
v 0.00751955668 -0.0252810176 -0.00769876922
v 0.0075186328 -0.0254508443 -0.00750539964
v 0.0165175516 -0.0247198157 0.000875448284
v 0.00752123026 -0.0249242652 -0.00805315282
v 0.00752042327 -0.0251053795 -0.00788146816
v 0.0166605376 -0.0243330691 0.000733155175
v 0.00752266077 -0.0245469958 -0.00836217962
v 0.00752197672 -0.0247380212 -0.00821349025
v 0.0167790055 -0.0239302143 0.000615096185
v 0.0075238375 -0.0241520833 -0.00862349942
v 0.0075232815 -0.0243515633 -0.00849893689
v 0.0168720558 -0.0235143136 0.00052217301
v 0.00752510689 -0.0235332306 -0.00892178435
v 0.00752475066 -0.0237425268 -0.00883512571
v 0.00752432737 -0.0239489451 -0.00873563346
v 0.00813135877 -0.0232791826 -0.0083959233
v 0.00752539467 -0.0233214479 -0.00899544638
v 0.00752579561 -0.0222395174 -0.00916476455
v 0.00752585428 -0.0224576034 -0.00915769208
v 0.00752584357 -0.0226752516 -0.00913716946
v 0.00752576347 -0.0228920504 -0.00910324417
v 0.00752561353 -0.0231075883 -0.00905597303
v 0.0169389751 -0.0230885372 0.000455087342
v 0.0169792511 -0.0226561185 0.000414353912
v 0.0169925895 -0.0222203583 0.000400281802
v 0.018773973 -0.0202207491 0.00219786842
v 0.0187568199 0.0197831932 0.00213472918
v 0.018718062 0.0201969948 0.00209509581
v 0.0186872799 0.0203353427 0.00206383574
v 0.0181691665 -0.0217200089 0.00158849556
v 0.0182284731 -0.0216586236 0.00164835341
v 0.0181061383 -0.0217795074 0.0015248846
v 0.0174729154 -0.0221453719 0.000885507965
v 0.0175633505 -0.0221138503 0.000976845971
v 0.0173800401 -0.0221717376 0.000791697938
v 0.0185339767 0.0207502637 0.0019084682
v 0.0184599459 0.0208870452 0.0018335107
v 0.0186468102 0.0204738546 0.0020227835
v 0.0185959712 0.020612305 0.00197126181
v 0.0187525284 0.0199209843 0.00213023182
v 0.0187396836 0.0200588852 0.00211709924
v 0.017894676 -0.0219433401 0.00131141767
v 0.0179688707 -0.0218915213 0.00138632278
v 0.0180393737 -0.0218367875 0.00145749201
v 0.0182841253 -0.0215956271 0.00170450727
v 0.0183857102 -0.0214644819 0.00180699641
v 0.0184733737 -0.0213297065 0.00189541921
v 0.0183729455 0.0210216343 0.00174545276
v 0.0182720795 0.0211526286 0.00164338853
v 0.0182156004 0.0212168768 0.00158624933
v 0.0170909017 -0.0222171117 0.000499610265
v 0.0171885807 -0.022207832 0.000598290761
v 0.017285116 -0.0221926384 0.000695812341
v 0.0180231817 0.0213983357 0.00139162445
v 0.0179513432 0.0214539208 0.00131897617
v 0.018155314 0.021279458 0.00152526714
v 0.0180911813 0.0213400591 0.00146039575
v 0.0176510047 -0.0220775157 0.00106536807
v 0.0177355874 -0.0220367275 0.00115078455
v 0.0178168789 -0.021991875 0.00123286212
v 0.0185480211 -0.0211927183 0.00197068043
v 0.0186105631 -0.021054551 0.00203371793
v 0.0186619051 -0.0209159069 0.00208543497
v 0.0178757254 0.0215064269 0.00124251703
v 0.017796455 0.0215554517 0.00116236217
v 0.0177136809 0.0216005929 0.00107868039
v 0.0176276378 0.0216414481 0.000991697074
v 0.0175385978 0.02167763 0.00090168824
v 0.0174468905 0.0217087772 0.000808993122
v 0.0187028423 -0.0207772292 0.00212663738
v 0.0187340546 -0.0206387378 0.00215801108
v 0.0187560748 -0.0205005258 0.00218010438
v 0.0173529014 0.0217345674 0.00071400177
v 0.0172570627 0.0217547212 0.000617148879
v 0.0171598569 0.0217690244 0.000518914254
v 0.0187692977 -0.0203625634 0.00219330867
v 0.00750691909 0.0217604246 -0.00923421886
v 0.0170669127 0.0217770375 0.00042499564
v 0.0169737134 0.0217795838 0.000330827315
v -0.00499865366 0.0175179187 -0.00108393561
v -0.00502324197 0.0175174437 -0.00137806975
v 0.00744790491 0.0267777797 0.00177175377
v 0.00748389494 0.0262983926 -0.00515872752
v 0.00749699865 0.024976965 -0.00758500025
v 0.00750599196 0.0226288326 -0.00912816823
v 0.00750558963 0.0228428841 -0.00906831771
v 0.00750512024 0.0230548978 -0.00899532437
v 0.00749806874 0.0248065311 -0.00777783338
v 0.0074990862 0.0246303193 -0.00795997679
v 0.00748088071 0.026466215 -0.0045890836
v 0.00747778639 0.0265983082 -0.00400097948
v 0.00747463666 0.0266936664 -0.00339888805
v 0.00746826408 0.026771564 -0.00217114785
v 0.00747145433 0.0267515648 -0.00278739282
v 0.00749470899 0.0252992176 -0.00716876239
v 0.007492234 0.0255946238 -0.00671442831
v 0.00748959323 0.0258609317 -0.00622545928
v 0.00748680625 0.0260961186 -0.0057055722
v 0.00750259217 0.0238745566 -0.00857506227
v 0.00750180334 0.0240704231 -0.0084389234
v 0.00750095537 0.0242619142 -0.00829083752
v 0.00750004873 0.0244486649 -0.00813108869
v 0.00750458427 0.0232644677 -0.00890932605
v 0.00750398403 0.0234711953 -0.00881048664
v 0.00750331907 0.0236746874 -0.00869899429
v 0.00750632677 0.0224131495 -0.00917475857
v 0.0075065936 0.0221962444 -0.00920799933
v 0.00750679104 0.021978531 -0.00922783557
v 0.0201611593 0.0197903682 0.00629806612
v 0.020178318 -0.0202095788 0.00636120653
v 0.00403928198 0.0322476402 -0.0163997468
v 0.00303934189 0.0320075415 -0.0163940676
v 0.00403933041 0.0320079774 -0.0163889043
v 0.00303928228 0.0317697376 -0.0163623765
v 0.0040392708 0.0317701735 -0.0163572151
v 0.00303911464 0.0315355994 -0.0163100846
v 0.00403910317 0.0315360352 -0.0163049214
v 0.00303884037 0.0313069113 -0.0162375811
v 0.00403882889 0.0313073471 -0.0162324179
v 0.00303846132 0.0310854092 -0.0161454268
v 0.00403844984 0.0310858469 -0.0161402635
v 0.00303798076 0.0308727846 -0.0160343125
v 0.00403796928 0.0308732223 -0.0160291493
v 0.00303740194 0.030670654 -0.0159050971
v 0.00403739046 0.0306710918 -0.0158999339
v 0.00303672953 0.0304805543 -0.0157587528
v 0.00403671805 0.030480992 -0.0157535896
v 0.00303596864 0.0303039309 -0.0155963954
v 0.00403595716 0.0303043686 -0.015591233
v 0.00303512486 0.0301421322 -0.0154192653
v 0.00403511338 0.0301425699 -0.0154141029
v 0.00303420471 0.0299963858 -0.0152287045
v 0.00403419323 0.0299968235 -0.0152235422
v 0.00303321518 0.0298678037 -0.0150261689
v 0.0040332037 0.0298682414 -0.0150210066
v 0.00303216395 0.0297573619 -0.0148131978
v 0.0040321527 0.0297577996 -0.0148080345
v 0.00303105894 0.0296659041 -0.0145914126
v 0.00403104769 0.02966634 -0.0145862494
v 0.00302990852 0.0295941234 -0.0143624982
v 0.00402989704 0.0295945611 -0.0143573349
v 0.00302872155 0.0295425672 -0.0141281988
v 0.00402871007 0.0295430031 -0.0141230365
v 0.00302750687 0.0295116268 -0.0138903009
v 0.00402749563 0.0295120645 -0.0138851386
v 0.0030262738 0.0295015406 -0.0136506101
v 0.00402626256 0.0295019783 -0.0136454478
v 0.00302503165 0.029512383 -0.0134109491
v 0.00402502017 0.0295128208 -0.0134057859
v 0.0030237902 0.0295440722 -0.013173149
v 0.00402377872 0.0295445099 -0.0131679866
v 0.00302255852 0.0295963679 -0.0129390145
v 0.00402254704 0.0295968037 -0.0129338522
v 0.00302134617 0.0296688695 -0.0127103282
v 0.00402133493 0.0296693053 -0.0127051659
v 0.00302016246 0.0297610257 -0.0124888327
v 0.00402015122 0.0297614634 -0.0124836704
v 0.003019016 0.0298721381 -0.0122762108
v 0.00401900476 0.0298725758 -0.0122710485
v 0.00301791611 0.0300013591 -0.0120740822
v 0.00401790487 0.0300017949 -0.0120689189
v 0.0030168707 0.0301477052 -0.0118839825
v 0.00401685946 0.0301481411 -0.0118788201
v 0.00301588792 0.0303100608 -0.0117073646
v 0.00401587645 0.0303104986 -0.0117022013
v 0.00301497523 0.0304871947 -0.0115455696
v 0.00401496375 0.0304876324 -0.0115404073
v 0.00301413937 0.0306777563 -0.011399826
v 0.00401412789 0.0306781922 -0.0113946637
v 0.00301338709 0.0308802929 -0.0112712448
v 0.00401337584 0.0308807287 -0.0112660825
v 0.00301272376 0.0310932659 -0.011160803
v 0.00401271228 0.0310937036 -0.0111556407
v 0.00301215472 0.0313150547 -0.0110693481
v 0.00401214324 0.0313154943 -0.0110641858
v 0.00301168393 0.0315439738 -0.0109975701
v 0.00401167246 0.0315444097 -0.0109924078
v 0.00301131536 0.031778276 -0.010946014
v 0.00401130412 0.0317787118 -0.0109408516
v 0.00301105157 0.0320161767 -0.0109150754
v 0.00401104009 0.0320166163 -0.0109099122
v 0.00301089487 0.0322558731 -0.0109049892
v 0.00401088363 0.0322563089 -0.0108998269
v 0.00301084598 0.0324955322 -0.0109158317
v 0.00401083473 0.0324959718 -0.0109106693
v 0.00301090558 0.0327333361 -0.0109475218
v 0.00401089434 0.0327337757 -0.0109423595
v 0.00301107322 0.0329674743 -0.0109998174
v 0.00401106197 0.0329679139 -0.0109946551
v 0.00301134773 0.0331961662 -0.0110723181
v 0.00401133625 0.033196602 -0.0110671548
v 0.00301172654 0.0334176645 -0.0111644724
v 0.0040117153 0.0334181003 -0.0111593101
v 0.00301220734 0.0336302891 -0.0112755857
v 0.00401219586 0.033630725 -0.0112704234
v 0.00301278592 0.0338324197 -0.0114048058
v 0.00401277468 0.0338328592 -0.0113996426
v 0.00301345834 0.0340225212 -0.0115511501
v 0.00401344709 0.0340229571 -0.0115459878
v 0.00301421946 0.0341991447 -0.0117135029
v 0.00401420798 0.0341995806 -0.0117083406
v 0.00301506324 0.0343609415 -0.011890633
v 0.00401505176 0.0343613811 -0.0118854707
v 0.00301598315 0.0345066898 -0.0120811937
v 0.00401597191 0.0345071256 -0.0120760314
v 0.00301697268 0.0346352719 -0.0122837294
v 0.00401696144 0.0346357077 -0.0122785671
v 0.00301802391 0.0347457118 -0.0124967014
v 0.00401801243 0.0347461477 -0.0124915382
v 0.00301912893 0.0348371714 -0.0127184866
v 0.00401911745 0.0348376073 -0.0127133233
v 0.00302027934 0.0349089503 -0.0129474001
v 0.0040202681 0.0349093899 -0.0129422378
v 0.00302146655 0.0349605083 -0.0131816994
v 0.00402145507 0.0349609442 -0.0131765362
v 0.00302268122 0.0349914469 -0.0134195974
v 0.00402266998 0.0349918827 -0.0134144351
v 0.00302391429 0.035001535 -0.0136592919
v 0.00402390305 0.0350019708 -0.0136541296
v 0.00302515621 0.0349906906 -0.0138989501
v 0.00402514497 0.0349911302 -0.0138937868
v 0.0030263979 0.0349590033 -0.0141367493
v 0.00402638642 0.0349594392 -0.0141315861
v 0.00302762934 0.0349067077 -0.0143708838
v 0.0040276181 0.0349071436 -0.0143657215
v 0.00302884169 0.0348342061 -0.0145995701
v 0.00402883021 0.034834642 -0.0145944078
v 0.00303002563 0.0347420499 -0.0148210656
v 0.00403001439 0.0347424857 -0.0148159033
v 0.00303117186 0.0346309394 -0.0150336875
v 0.00403116038 0.0346313752 -0.0150285251
v 0.00303227198 0.0345017165 -0.0152358171
v 0.00403226027 0.0345021524 -0.0152306538
v 0.00303331739 0.0343553685 -0.0154259158
v 0.00403330568 0.034355808 -0.0154207535
v 0.00303430017 0.0341930129 -0.0156025346
v 0.00403428869 0.0341934524 -0.0155973714
v 0.00303521287 0.034015879 -0.0157643333
v 0.00403520139 0.0340163186 -0.0157591701
v 0.0030360485 0.0338253193 -0.015910076
v 0.00403603725 0.0338257551 -0.0159049127
v 0.003036801 0.033622779 -0.0160386544
v 0.00403678976 0.0336232185 -0.0160334911
v 0.00303746434 0.0334098078 -0.0161490943
v 0.00403745286 0.0334102437 -0.0161439329
v 0.00303803338 0.0331880189 -0.0162405502
v 0.0040380219 0.0331884548 -0.016235387
v 0.00303850393 0.0329590999 -0.016312331
v 0.00403849268 0.0329595394 -0.0163071696
v 0.0030388725 0.0327248015 -0.0163638853
v 0.00403886102 0.0327252373 -0.016358722
v 0.0030391363 0.032486897 -0.0163948238
v 0.00403912505 0.0324873328 -0.0163896605
v 0.00303929322 0.0322472043 -0.01640491
v 0.00306015741 -0.0304981954 -0.0151332133
v 0.00305905752 -0.0303689744 -0.0149310846
v 0.00305791106 -0.0302578639 -0.0147184627
v 0.00305672735 -0.0301657058 -0.0144969672
v 0.003055515 -0.0300932042 -0.0142682809
v 0.00305428333 -0.0300409123 -0.0140341455
v 0.00305304187 -0.0300092231 -0.0137963463
v 0.00305179972 -0.0299983807 -0.013556689
v 0.00305056665 -0.0300084669 -0.0133169945
v 0.00304935197 -0.0300394073 -0.0130790956
v 0.003048165 -0.0300909616 -0.0128447972
v 0.00304701459 -0.0301627405 -0.0126158828
v 0.00304590934 -0.0302542001 -0.0123940976
v 0.00304485811 -0.0303646401 -0.0121811265
v 0.00304386881 -0.030493224 -0.0119785909
v 0.00304294867 -0.0306389704 -0.0117880302
v 0.00304210489 -0.030800771 -0.0116109001
v 0.003041344 -0.0309773926 -0.0114485472
v 0.00304067158 -0.0311674904 -0.011302202
v 0.00304009276 -0.0313696228 -0.0111729829
v 0.00303961197 -0.0315822475 -0.0110618696
v 0.00303923315 -0.0318037495 -0.0109697143
v 0.00303895888 -0.0320324376 -0.0108972145
v 0.00303879124 -0.0322665758 -0.0108449189
v 0.00303873164 -0.0325043797 -0.0108132288
v 0.0030387803 -0.0327440389 -0.0108023863
v 0.00303893723 -0.0329837352 -0.0108124716
v 0.00303920102 -0.0332216397 -0.0108434111
v 0.00303956959 -0.0334559418 -0.0108949672
v 0.00304004014 -0.0336848572 -0.0109667452
v 0.00304060918 -0.0339066461 -0.0110582002
v 0.00304127252 -0.0341196209 -0.011168642
v 0.00304202503 -0.0343221575 -0.0112972232
v 0.00304286066 -0.0345127173 -0.0114429668
v 0.00304377335 -0.0346898548 -0.0116047608
v 0.00304475613 -0.0348522067 -0.0117813796
v 0.00304580154 -0.0349985547 -0.0119714784
v 0.00304690166 -0.0351277739 -0.0121736079
v 0.00304804789 -0.0352388844 -0.0123862298
v 0.00304923183 -0.0353310443 -0.0126077253
v 0.00305044418 -0.0354035459 -0.0128364116
v 0.00305167562 -0.0354558416 -0.0130705461
v 0.00305291731 -0.0354875326 -0.0133083453
v 0.00305415923 -0.0354983732 -0.0135480072
v 0.0030553923 -0.0354882851 -0.013787698
v 0.00305660698 -0.0354573466 -0.014025596
v 0.00305779418 -0.0354057886 -0.0142598944
v 0.0030589446 -0.0353340097 -0.0144888088
v 0.00306004961 -0.0352425501 -0.014710594
v 0.00306110084 -0.0351321101 -0.014923566
v 0.00306209037 -0.035003528 -0.0151261017
v 0.00306301028 -0.0348577797 -0.0153166624
v 0.00306385406 -0.0346959829 -0.0154937916
v 0.00306461519 -0.0345193595 -0.015656149
v 0.0030652876 -0.0343292616 -0.0158024933
v 0.00306586619 -0.0341271274 -0.0159317087
v 0.00306634698 -0.0339145027 -0.016042823
v 0.0030667258 -0.0336930044 -0.0161349773
v 0.0030670003 -0.0334643163 -0.0162074808
v 0.00306716794 -0.0332301781 -0.0162597746
v 0.00306722755 -0.0329923704 -0.0162914637
v 0.00306717865 -0.0327527113 -0.0163023062
v 0.00306702196 -0.032513015 -0.01629222
v 0.00306675816 -0.0322751142 -0.0162612814
v 0.00306638959 -0.0320408121 -0.016209729
v 0.00306591881 -0.0318118967 -0.0161379464
v 0.00306534977 -0.0315901041 -0.0160464924
v 0.00306468643 -0.0313771293 -0.0159360506
v 0.00306393416 -0.0311745908 -0.0158074722
v 0.00306309829 -0.0309840329 -0.0156617295
v 0.0030621856 -0.0308069009 -0.0154999308
v 0.00306120282 -0.0306445416 -0.015323313
v 0.00648129079 0.026780488 0.00375086954
v 0.00652485713 0.0267804991 0.00374542829
v 0.00656827493 0.0267805029 0.00373621983
v 0.00661146641 0.026780501 0.00372326071
v 0.00665434171 0.0267804917 0.0037065784
v 0.00669682631 0.0267804787 0.00368620222
v 0.00673883827 0.0267804582 0.0036621727
v 0.00678029843 0.0267804321 0.00363453431
v 0.00686123641 0.0267803632 0.00356865046
v 0.00682112202 0.0267804004 0.00360334059
v 0.00701308809 0.0267801564 0.00339634228
v 0.00697656302 0.026780216 0.00344429258
v 0.00693903025 0.0267802719 0.00348905055
v 0.0069005643 0.0267803203 0.00353052909
v 0.00708284043 0.0267800204 0.00329123088
v 0.00714776479 0.026779864 0.00317451591
v 0.00720736105 0.0267796889 0.0030470856
v 0.00726117799 0.0267794952 0.00290991156
v 0.0073088035 0.0267792847 0.00276403502
v 0.00734987808 0.0267790612 0.00261056563
v 0.00738409022 0.0267788228 0.00245067594
v 0.00741117634 0.026778575 0.00228557852
v 0.00743093295 0.0267783161 0.0021165316
v 0.00744320406 0.0267780498 0.00194481981
v -0.00499839056 0.0169047117 -0.00108296773
v -0.00502297934 0.0169042367 -0.00137710187
v -0.00755189406 0.0267712213 0.00169431383
v -0.00754898461 0.0267714951 0.00186741911
v -0.00753848348 0.0267717727 0.00203924859
v -0.00752047356 0.0267720465 0.00220849039
v -0.00749509363 0.0267723184 0.00237385859
v -0.00746253785 0.0267725848 0.00253409334
v -0.0074230507 0.0267728455 0.00268797833
v -0.00737693021 0.026773097 0.00283433893
v -0.00732453307 0.0267733354 0.00297206128
v -0.00726625556 0.0267735627 0.00310010021
v -0.00720254378 0.026773775 0.00321747921
v -0.0071338769 0.0267739724 0.0033233054
v -0.00709784916 0.0267740637 0.00337163033
v -0.00706078019 0.0267741513 0.0034167734
v -0.00702274498 0.0267742332 0.00345864682
v -0.0069838129 0.0267743114 0.00349717238
v -0.00694405846 0.0267743841 0.00353227463
v -0.00690355944 0.0267744511 0.00356388837
v -0.00686239032 0.0267745126 0.00359195331
v -0.00682062889 0.0267745685 0.0036164152
v -0.00677835708 0.0267746206 0.00363722909
v -0.00673565222 0.0267746653 0.00365435309
v -0.0066926009 0.0267747045 0.00366775761
v -0.00664927671 0.0267747398 0.0036774138
v -0.00660577277 0.0267747678 0.00368330465
v -0.01318934 0.0267766267 0.00665124273
v 0.0130338594 0.0267880913 0.00678662583
v 0.0134178298 0.0267836042 0.00384016568
v -0.0135428598 0.0267718192 0.00370097486
v -0.00753153535 0.0267650057 -0.00224858755
v -0.00392777706 -0.0324304886 -0.0173246767
v -0.00392813701 -0.0321060754 -0.0172824897
v -0.00392863946 -0.0317865722 -0.0172121841
v -0.00392928114 -0.0314744152 -0.0171143059
v -0.0039300574 -0.0311719775 -0.0169895925
v -0.00393096171 -0.0308815576 -0.016838992
v -0.00393198757 -0.0306053683 -0.0166636556
v -0.0039331275 -0.0303455144 -0.0164649133
v -0.00393437222 -0.0301039685 -0.0162442848
v -0.00393571239 -0.0298825745 -0.0160034392
v -0.00393713778 -0.0296830107 -0.0157442167
v -0.00393863767 -0.0295067988 -0.0154685834
v -0.0039402009 -0.0293552838 -0.015178645
v -0.00394181535 -0.0292296167 -0.0148766031
v -0.00394346844 -0.0291307475 -0.0145647582
v -0.00394514808 -0.029059438 -0.0142454868
v -0.00394684076 -0.0290162265 -0.0139212096
v -0.00394853437 -0.0290014409 -0.0135944057
v -0.00395021588 -0.0290151965 -0.0132675534
v -0.00395187223 -0.0290573835 -0.0129431449
v -0.00395349134 -0.0291276872 -0.0126236463
v -0.00395506015 -0.0292255729 -0.0123114912
v -0.00395656703 -0.0293502882 -0.0120090544
v -0.00395800034 -0.0295008868 -0.0117186382
v -0.00395934936 -0.0296762306 -0.0114424545
v -0.00396060431 -0.0298749749 -0.0111825997
v -0.00396175496 -0.0300956089 -0.0109410603
v -0.00396279246 -0.0303364582 -0.0107196653
v -0.00396370934 -0.0305956844 -0.0105201043
v -0.00396449864 -0.0308713205 -0.0103438972
v -0.00396515429 -0.0311612636 -0.0101923812
v -0.00396567071 -0.0314633064 -0.0100667132
v -0.0039660451 -0.0317751542 -0.00996784866
v -0.00396627374 -0.0320944339 -0.00989653915
v -0.00396635476 -0.032418713 -0.00985332485
v -0.00396628818 -0.0327455252 -0.00983854104
v -0.00396607444 -0.0330723822 -0.00985229295
v -0.00396571495 -0.0333967954 -0.00989448279
v -0.00396521203 -0.0337162949 -0.00996478461
v -0.00396457035 -0.0340284556 -0.0100626647
v -0.00396379409 -0.034330897 -0.0101873772
v -0.00396288978 -0.0346213169 -0.0103379777
v -0.00396186393 -0.0348975025 -0.010513314
v -0.00396072445 -0.0351573564 -0.0107120555
v -0.00395947974 -0.0353989005 -0.0109326886
v -0.00395813957 -0.0356202982 -0.0111735305
v -0.00395671371 -0.035819862 -0.0114327567
v -0.00395521382 -0.035996072 -0.0117083853
v -0.00395365059 -0.036147587 -0.0119983247
v -0.00395203661 -0.0362732559 -0.0123003665
v -0.00395038305 -0.0363721214 -0.0126122106
v -0.00394870387 -0.0364434347 -0.0129314857
v -0.00394701073 -0.036486648 -0.0132557601
v -0.00394531712 -0.03650143 -0.0135825668
v -0.00394363562 -0.0364876762 -0.0139094153
v -0.00394197926 -0.0364454873 -0.0142338285
v -0.00394036062 -0.0363751836 -0.0145533234
v -0.00393879181 -0.0362773016 -0.0148654785
v -0.00393728493 -0.0361525826 -0.0151679153
v -0.00393585116 -0.036001984 -0.0154583314
v -0.00393450214 -0.0358266421 -0.0157345179
v -0.00393324718 -0.0356278978 -0.01599437
v -0.003932097 -0.0354072601 -0.0162359122
v -0.00393105904 -0.0351664126 -0.0164573044
v -0.00393014215 -0.0349071845 -0.0166568644
v -0.00392935285 -0.034631554 -0.0168330725
v -0.00392869767 -0.034341611 -0.0169845875
v -0.00392818078 -0.0340395644 -0.0171102565
v -0.00392780686 -0.0337277167 -0.0172091201
v -0.00392757822 -0.0334084369 -0.0172804333
v -0.00392749673 -0.0330841579 -0.0173236448
v -0.00392756332 -0.0327573456 -0.0173384324
v 0.00404451182 0.0319192521 -0.0173849463
v 0.00404443033 0.0315949731 -0.0173417367
v 0.00404420169 0.0312756933 -0.0172704235
v 0.00404382776 0.0309638456 -0.017171558
v 0.00404331088 0.0306618009 -0.0170458909
v 0.00404265523 0.0303718578 -0.016894374
v 0.0040418664 0.0300962236 -0.0167181678
v 0.00404094905 0.0298369955 -0.0165186059
v 0.00403991155 0.0295961481 -0.0162972137
v 0.0040387609 0.0293755122 -0.0160556715
v 0.00403750641 0.0291767679 -0.0157958195
v 0.00403615693 0.0290014278 -0.015519633
v 0.00403472362 0.0288508274 -0.0152292177
v 0.00403321674 0.0287261102 -0.01492678
v 0.00403164793 0.0286282282 -0.0146146249
v 0.00403002929 0.0285579246 -0.01429513
v 0.00402837293 0.0285157338 -0.0139707178
v 0.00402669143 0.02850198 -0.0136438692
v 0.00402499782 0.0285167638 -0.0133170616
v 0.00402330467 0.0285599772 -0.0129927881
v 0.00402162503 0.0286312867 -0.012673513
v 0.00401997194 0.028730154 -0.0123616681
v 0.00401835749 0.028855823 -0.0120596262
v 0.00401679473 0.0290073399 -0.0117696878
v 0.00401529437 0.0291835479 -0.0114940591
v 0.00401386898 0.0293831117 -0.0112348329
v 0.00401252881 0.0296045076 -0.010993991
v 0.00401128409 0.0298460517 -0.010773357
v 0.00401014462 0.0301059075 -0.0105746156
v 0.00400911877 0.0303820968 -0.0103992801
v 0.00400821399 0.0306725148 -0.0102486797
v 0.0040074382 0.0309749544 -0.0101239663
v 0.00400679605 0.0312871151 -0.0100260861
v 0.0040062936 0.0316066146 -0.00995578524
v 0.00400593411 0.0319310278 -0.00991359446
v 0.00400571991 0.0322578847 -0.00989984255
v 0.00400565332 0.032584697 -0.00991462637
v 0.00400573481 0.0329089761 -0.00995784067
v 0.00400596345 0.0332282558 -0.0100291502
v 0.00400633737 0.0335401036 -0.0101280157
v 0.00400685426 0.0338421501 -0.0102536827
v 0.00400750991 0.0341320895 -0.0104051996
v 0.00400829921 0.0344077274 -0.0105814058
v 0.00400921609 0.0346669517 -0.0107809668
v 0.00401025359 0.0349078029 -0.0110023627
v 0.00401140423 0.035128437 -0.0112439012
v 0.00401265873 0.0353271812 -0.011503757
v 0.00401400821 0.0355025195 -0.0117799398
v 0.00401544152 0.0356531218 -0.0120703559
v 0.0040169484 0.035777837 -0.0123727927
v 0.00401851721 0.0358757228 -0.0126849478
v 0.00402013585 0.0359460264 -0.0130044464
v 0.00402179221 0.0359882154 -0.0133288559
v 0.00402347371 0.0360019691 -0.0136557082
v 0.00402516732 0.0359871835 -0.0139825111
v 0.00402686046 0.0359439738 -0.0143067893
v 0.0040285401 0.0358726643 -0.0146260606
v 0.0040301932 0.0357737951 -0.0149379047
v 0.00403180765 0.0356481262 -0.0152399465
v 0.00403337041 0.0354966074 -0.0155298859
v 0.00403487077 0.0353204012 -0.0158055183
v 0.00403629616 0.0351208374 -0.0160647407
v 0.00403763633 0.0348994434 -0.0163055863
v 0.00403888104 0.0346578956 -0.0165262166
v 0.00404002052 0.0343980417 -0.0167249572
v 0.00404104684 0.0341218524 -0.0169002935
v 0.00404195115 0.0338314325 -0.017050894
v 0.00404272741 0.0335289948 -0.0171756074
v 0.00404336909 0.0332168341 -0.0172734875
v 0.00404387154 0.0328973345 -0.0173437912
v 0.00404423103 0.0325729214 -0.0173859783
v 0.00404444523 0.0322460644 -0.0173997339
v -0.00393272657 -0.0327557698 -0.0163384452
v -0.0039328835 -0.0325160772 -0.016328359
v -0.00393314706 -0.0322781764 -0.0162974205
v -0.00393351587 -0.0320438743 -0.0162458681
v -0.00393398665 -0.0318149552 -0.0161740854
v -0.00393455569 -0.0315931626 -0.0160826314
v -0.00393521879 -0.0313801914 -0.0159721896
v -0.0039359713 -0.0311776511 -0.0158436112
v -0.00393680716 -0.0309870932 -0.0156978685
v -0.00393771986 -0.0308099613 -0.0155360699
v -0.0039387024 -0.0306476019 -0.0153594511
v -0.00393974781 -0.0305012558 -0.0151693523
v -0.0039408477 -0.0303720348 -0.0149672227
v -0.00394199416 -0.0302609242 -0.0147546008
v -0.00394317787 -0.0301687662 -0.0145331062
v -0.00394439045 -0.0300962646 -0.014304419
v -0.00394562213 -0.0300439727 -0.0140702846
v -0.00394686358 -0.0300122835 -0.0138324853
v -0.0039481055 -0.030001441 -0.0135928271
v -0.00394933857 -0.0300115272 -0.0133531326
v -0.00395055348 -0.0300424676 -0.0131152347
v -0.00395174045 -0.0300940201 -0.0128809363
v -0.00395289063 -0.0301658008 -0.0126520218
v -0.00395399565 -0.0302572604 -0.0124302367
v -0.00395504711 -0.0303677004 -0.0122172646
v -0.00395603664 -0.0304962844 -0.012014729
v -0.00395695679 -0.0306420289 -0.0118241692
v -0.00395780057 -0.0308038313 -0.0116470391
v -0.00395856146 -0.030980451 -0.0114846854
v -0.00395923387 -0.0311705507 -0.011338341
v -0.00395981269 -0.0313726813 -0.011209121
v -0.00396029325 -0.0315853059 -0.0110980077
v -0.0039606723 -0.031806808 -0.0110058533
v -0.00396094657 -0.0320354998 -0.0109333526
v -0.00396111421 -0.032269638 -0.010881057
v -0.00396117382 -0.0325074382 -0.0108493669
v -0.00396112492 -0.032747101 -0.0108385244
v -0.003960968 -0.0329867937 -0.0108486107
v -0.00396070443 -0.0332246982 -0.0108795492
v -0.00396033563 -0.0334590003 -0.0109311063
v -0.00395986531 -0.0336879194 -0.0110028842
v -0.00395929627 -0.0339097045 -0.0110943383
v -0.0039586327 -0.0341226794 -0.0112047801
v -0.0039578802 -0.0343252197 -0.0113333613
v -0.0039570448 -0.0345157757 -0.0114791049
v -0.0039561321 -0.0346929133 -0.0116408998
v -0.00395514909 -0.0348552689 -0.0118175177
v -0.00395410368 -0.0350016132 -0.0120076174
v -0.00395300379 -0.0351308361 -0.0122097461
v -0.00395185733 -0.0352419466 -0.0124223679
v -0.00395067362 -0.0353341065 -0.0126438634
v -0.00394946104 -0.0354066044 -0.0128725497
v -0.00394822983 -0.0354589 -0.0131066851
v -0.00394698791 -0.0354905911 -0.0133444844
v -0.00394574599 -0.0355014317 -0.0135841453
v -0.00394451292 -0.0354913473 -0.0138238361
v -0.00394329848 -0.0354604088 -0.014061735
v -0.00394211104 -0.0354088508 -0.0142960334
v -0.00394096086 -0.0353370681 -0.0145249479
v -0.00393985584 -0.0352456085 -0.014746733
v -0.00393880438 -0.0351351686 -0.0149597041
v -0.00393781485 -0.0350065865 -0.0151622407
v -0.00393689517 -0.0348608419 -0.0153528005
v -0.00393605139 -0.0346990451 -0.0155299306
v -0.00393529003 -0.0345224179 -0.0156922881
v -0.00393461762 -0.0343323201 -0.0158386324
v -0.00393403927 -0.0341301896 -0.0159678478
v -0.00393355824 -0.0339175649 -0.016078962
v -0.00393317966 -0.0336960666 -0.0161711164
v -0.00393290492 -0.0334673747 -0.0162436198
v -0.00393273728 -0.0332332365 -0.0162959117
v -0.00393267768 -0.0329954326 -0.0163276028
v -0.0138493972 0.026752172 0.00339127565
v -0.0075283451 0.0267450083 -0.00286483276
v -0.0141535876 0.0266946219 0.00308399531
v -0.00752516277 0.0266871098 -0.00347632798
v -0.0144531149 0.0265996065 0.00278146937
v -0.00752201257 0.0265917517 -0.00407841895
v -0.0147456964 0.0264678467 0.00248600217
v -0.00751891872 0.0264596567 -0.00466652354
v -0.0150291044 0.0263003502 0.00219984003
v -0.00751590449 0.0262918361 -0.00523616746
v -0.0153011866 0.0260983873 0.00192516414
v -0.00751299271 0.0260895602 -0.00578301214
v -0.0155598726 0.0258634966 0.00166406343
v -0.00751020573 0.0258543752 -0.00630289922
v -0.0158031918 0.025597468 0.00141852349
v -0.00750756497 0.0255880654 -0.00679186825
v -0.0160292909 0.0253023207 0.00119041686
v -0.00750509044 0.025292661 -0.00724620186
v -0.0162364487 0.0249803048 0.000981473946
v -0.00750280079 0.0249704085 -0.00766244018
v -0.0075017307 0.0247999728 -0.00785527285
v -0.0164230932 0.0246338733 0.000793291547
v -0.00750071323 0.024623761 -0.00803741626
v -0.00749975024 0.0244421065 -0.00820852816
v -0.0165877976 0.0242656562 0.000627295813
v -0.00749884406 0.0242553558 -0.00836827792
v -0.00749799563 0.0240638666 -0.00851636287
v -0.0167293157 0.0238784626 0.000484753662
v -0.00749720726 0.0238680001 -0.00865250174
v -0.0074964799 0.0236681309 -0.0087764347
v -0.0168465637 0.0234752335 0.000366748165
v -0.0074958154 0.0234646369 -0.00888792705
v -0.0074952147 0.0232579093 -0.00898676645
v -0.0169386547 0.0230590422 0.000274180667
v -0.00749467919 0.0230483394 -0.00907276478
v -0.0074942098 0.0228363276 -0.00914575718
v -0.0170048829 0.0226330552 0.000207750156
v -0.007493807 0.0226222761 -0.00920560863
v -0.00749347219 0.022406593 -0.00925219897
v -0.0170447472 0.0222005118 0.00016796634
v -0.00749320583 0.0221896879 -0.00928543881
v -0.00749300839 0.0219719745 -0.00930527505
v 0.0138127981 -0.0272052921 0.004060362
v 0.0183255542 -0.0250340309 0.00569548318
v 0.0182062183 -0.0251613241 0.00565234339
v 0.0175185166 -0.0251533873 0.0109288273
v 0.0199092217 -0.0221710037 0.00626630848
v 0.0197728388 -0.0226041488 0.00621741824
v 0.0190349072 -0.0225955788 0.0118799629
v 0.019949412 -0.0220215824 0.00628068671
v 0.0190954972 -0.0224190056 0.0118908212
v 0.0197543819 -0.0226562545 0.00621079234
v 0.0189739801 -0.0227610301 0.0118640577
v 0.0190197676 -0.0226377565 0.0118764369
v 0.0185435377 -0.0237022154 0.0116643328
v 0.0186507627 -0.023496341 0.0117244646
v 0.0195480604 -0.0231685527 0.00613662181
v 0.0186783709 -0.0234407727 0.011739064
v 0.0188096277 -0.0231600944 0.0118025178
v 0.0195601918 -0.0231413357 0.00614098925
v 0.0188353676 -0.0231014695 0.0118136425
v 0.0188489445 -0.0230700206 0.0118193105
v 0.0193236284 -0.0236247126 0.00605579838
v 0.0192767475 -0.0237105414 0.00603890186
v 0.018501373 -0.023779219 0.0116393464
v 0.0189610031 -0.0242259167 0.00592501415
v 0.0182380676 -0.024218021 0.0114696706
v 0.0190413203 -0.0241039228 0.00595399598
v 0.0183408856 -0.0240546148 0.0115384348
v 0.0184254739 -0.02391278 0.0115926964
v 0.0186032299 -0.024710767 0.00579582574
v 0.0178957861 -0.0247027073 0.0112231895
v 0.0187097546 -0.0245753545 0.0058343024
v 0.0181125738 -0.0244055446 0.011382129
v 0.0181733202 -0.0243163221 0.0114249587
v 0.0175852496 -0.0250790548 0.0109822527
v 0.0175920501 -0.025071362 0.0109876646
v 0.0178612713 -0.0247472171 0.0111971125
v 0.0178952962 -0.0247033462 0.0112228198
v 0.0181150846 -0.0252543241 0.00561939273
v 0.0171087924 -0.0255666319 0.0105908168
v 0.0171201453 -0.0255560987 0.0106003843
v 0.0172633398 -0.0254189558 0.010720145
v 0.0174618196 -0.0252148844 0.0108830407
v 0.0176523943 -0.0256770123 0.00545203034
v 0.0166691151 -0.0259395372 0.010213213
v 0.0177728552 -0.0255743228 0.00549561298
v 0.0167518277 -0.0258743297 0.0102852061
v 0.0178907644 -0.0254689883 0.00553826569
v 0.016912777 -0.0257410631 0.0104240868
v 0.0173998922 -0.0258772839 0.00536065036
v 0.0173065085 -0.0259465408 0.00532684987
v 0.0165410489 -0.0260363016 0.0101009877
v 0.0163555238 -0.0261678752 0.00993692409
v 0.0171332546 -0.0260686129 0.00526412996
v 0.0162033718 -0.026268566 0.00980118755
v 0.0168526545 -0.0262497421 0.00516252592
v 0.0168107376 -0.0262751337 0.0051473435
v 0.0157153849 -0.0265510827 0.00935985148
v 0.0157424919 -0.026536921 0.00938457344
v 0.0157572981 -0.026529111 0.0093980711
v 0.0159297194 -0.0264342893 0.00955472142
v 0.0161499679 -0.0263024271 0.0097533185
v 0.0162509847 -0.0265760683 0.00494457129
v 0.0152075123 -0.0267856661 0.00889290869
v 0.0162892826 -0.0265576318 0.00495844753
v 0.015246057 -0.026769843 0.00892857276
v 0.016558405 -0.0264193434 0.00505594723
v 0.0153183732 -0.026739303 0.00899538212
v 0.0155995814 -0.0268454384 0.00470848382
v 0.0146839041 -0.0269702394 0.00840566307
v 0.0157461073 -0.0267918743 0.00476159947
v 0.0147120552 -0.026961714 0.00843197852
v 0.0159310866 -0.0267185457 0.00482864399
v 0.0148815075 -0.0269070994 0.0085901171
v 0.0141483648 -0.027103398 0.00790306646
v 0.0141557045 -0.0271019377 0.00790997315
v 0.0151853962 -0.0269760583 0.00455831364
v 0.0152575541 -0.0269554611 0.00458448008
v 0.0144345583 -0.0270390175 0.0081720883
v 0.014906304 -0.0270474255 0.00445709936
v 0.0146113811 -0.0271088071 0.004350123
v 0.0139799258 -0.0271341745 0.00774435373
v 0.0145473043 -0.0271202754 0.00432687905
v 0.0136046605 -0.0271841511 0.00739001948
v 0.0141822044 -0.0271731261 0.00419441657
v 0.0140284346 -0.0271890983 0.00413861685
v 0.0135774873 -0.0271867849 0.00736433314
v 0.0135199754 -0.0271919239 0.00730995229
v 0.0130692367 -0.0272118021 0.00688342145
v 0.0201782715 -0.0202375669 0.00636122981
v 0.0201606005 -0.0207198896 0.00635550031
v 0.0201529246 -0.0208197087 0.00635285769
v 0.0201105643 -0.0212027263 0.00633802451
v 0.0200764295 -0.0214252528 0.00632594852
v 0.020027265 -0.0216863994 0.00630847225
v 0.0184476655 0.0234347116 0.0115444353
v 0.0182178114 0.0238127112 0.0113940937
v 0.018940391 0.0238042753 0.00584919564
v 0.0190385375 0.023654826 0.00588503806
v 0.0192565769 0.0232895333 0.00596470945
v 0.0193185136 0.0231758486 0.00598735362
v 0.0195283536 0.0227480978 0.00606413838
v 0.0195529405 0.0226927847 0.00607314426
v 0.019749403 0.0221960768 0.00614516996
v 0.0198982358 0.0217231195 0.00619987072
v 0.019930698 0.021601906 0.00621182797
v 0.0200146288 0.0212388001 0.00624281354
v 0.0200582258 0.0210058372 0.00625897059
v 0.0200963803 0.0207553431 0.00627317838
v 0.0201449338 0.0202726461 0.00629148865
v 0.0201352406 0.0204004496 0.0062877913
v 0.0182142667 0.0238181613 0.0113916602
v 0.0182094462 0.0238255635 0.0113883428
v 0.0179573223 0.0241877921 0.0112076765
v 0.0179475341 0.0242009442 0.0112004103
v 0.0187095199 0.0241261721 0.00576492772
v 0.017874511 0.0242971927 0.0111456513
v 0.0185822006 0.0242884047 0.00571847614
v 0.0176774785 0.0245411173 0.0109937144
v 0.0176606402 0.0245609619 0.0109804794
v 0.0175639056 0.0246721823 0.0109037198
v 0.0183280706 0.0245849863 0.00562579976
v 0.0174966995 0.0247467365 0.0108497292
v 0.0181848109 0.0247381572 0.00557357632
v 0.0170861464 0.0251589324 0.0105099967
v 0.0181144737 0.0248100366 0.00554794073
v 0.0172297917 0.0250226464 0.0106306151
v 0.0173748601 0.0248765331 0.0107505871
v 0.0170519277 0.0251902305 0.0104810195
v 0.017751094 0.0251502879 0.00541554345
v 0.0178864878 0.0250292737 0.00546486676
v 0.0172844287 0.0255215708 0.00524560688
v 0.0173867829 0.0254457816 0.00528287096
v 0.0166465752 0.0255298 0.0101315649
v 0.0176439434 0.0252415892 0.00537651451
v 0.0167100374 0.0254802406 0.0101869572
v 0.016824929 0.0253872182 0.0102866339
v 0.0167883765 0.0258491728 0.00506506488
v 0.016829133 0.0258245822 0.00507989665
v 0.0161806755 0.0258569829 0.00971861184
v 0.0171150956 0.025640564 0.00518396683
v 0.0163503252 0.0257450119 0.00987015944
v 0.0163922049 0.0257161427 0.00990737323
v 0.0159732495 0.0259835031 0.00953173917
v 0.0159072168 0.0260214824 0.00947191939
v 0.0165293291 0.0259964336 0.00497081596
v 0.0156918988 0.0261379294 0.00927587599
v 0.0162666719 0.0261306241 0.00487527624
v 0.015723303 0.026363777 0.00467769057
v 0.0158908963 0.0262979753 0.00473862467
v 0.0151840774 0.0263704024 0.00880841911
v 0.0162163079 0.0261546988 0.00485695712
v 0.0153538371 0.026299024 0.00896538608
v 0.0155808032 0.0261937287 0.00917417742
v 0.0151624419 0.0265468378 0.00447382918
v 0.0152073205 0.0265342239 0.00449013896
v 0.0146605494 0.0265528467 0.0083208112
v 0.0155541506 0.0264249053 0.0046161986
v 0.0147840902 0.0265147723 0.00843629427
v 0.0151766688 0.0263733771 0.00880155526
v 0.0135815097 0.0267625134 0.00730485469
v 0.0144894347 0.0266956519 0.00422930392
v 0.0139063941 0.0267219823 0.00761177251
v 0.0145882992 0.0266784355 0.00426521758
v 0.0141250817 0.0266838875 0.00781796221
v 0.0148518728 0.026624795 0.0043609757
v 0.0141994944 0.0266689137 0.00788803026
v 0.0143373758 0.0266384352 0.0080177132
v 0.0135543421 0.0267650429 0.00727916928
v 0.0140052913 0.0267575569 0.00405346137
v 0.0141217997 0.026746029 0.00409577321
v 0.0134714898 0.0267719384 0.00720080221
v 0.0130460709 0.0267881025 0.00679818168
v 0.0137702907 0.0267743822 0.00396812893
v -0.0158506539 -0.0265648812 0.00919688493
v -0.0158780254 -0.0265507437 0.00922132563
v -0.0191842616 -0.0226544589 0.0116792005
v -0.0191994794 -0.0226122923 0.011682569
v -0.0192603357 -0.0224357732 0.0116928006
v -0.0189729203 -0.0231766105 0.011607457
v -0.0189988241 -0.0231180098 0.0116183143
v -0.019138243 -0.0227776896 0.0116672944
v -0.0190124847 -0.0230865721 0.0116238417
v -0.0186624508 -0.023795465 0.0114474799
v -0.0187049359 -0.0237184986 0.0114720296
v -0.0188129582 -0.0235127173 0.0115310494
v -0.0188407674 -0.0234571751 0.0115453629
v -0.0183317289 -0.0243322812 0.0112364935
v -0.0183970258 -0.024234036 0.0112805329
v -0.0185859576 -0.0239289589 0.011401616
v -0.0185006857 -0.0240707211 0.0113482317
v -0.0182704739 -0.0244214498 0.0111942934
v -0.0180517957 -0.0247184224 0.0110376021
v -0.0176138934 -0.0252302177 0.0107019544
v -0.0176711138 -0.0251687709 0.0107471524
v -0.0180512983 -0.0247190595 0.011037237
v -0.0180169754 -0.0247629024 0.0110118827
v -0.0177453198 -0.0250868108 0.0108052269
v -0.0177384596 -0.0250944979 0.0107998857
v -0.0174135603 -0.025434114 0.0105411168
v -0.0170596819 -0.0257559139 0.0102486955
v -0.01725756 -0.025581656 0.0104133924
v -0.0172690209 -0.0255711339 0.0104228426
v -0.0166843757 -0.0260508265 0.00992945395
v -0.0168136787 -0.0259541739 0.0100403503
v -0.0168971904 -0.025889039 0.0101114847
v -0.0162894968 -0.0263166092 0.00958584249
v -0.0163434148 -0.0262827948 0.00963315647
v -0.0164970513 -0.026182238 0.00976731535
v -0.0160670914 -0.0264482778 0.00938953087
v -0.0158929769 -0.0265429467 0.00923466962
v -0.0153377783 -0.0267990194 0.00873521157
v -0.0153767103 -0.0267832298 0.00877047516
v -0.0154497353 -0.026752755 0.00883653481
v -0.0150085613 -0.0269201659 0.00843580253
v -0.0145572098 -0.027051691 0.00802241173
v -0.0148090096 -0.0269831307 0.00825339928
v -0.0148374382 -0.0269746315 0.0082794223
v -0.0140981013 -0.0271464493 0.0075993943
v -0.0142719029 -0.0271150935 0.00775977364
v -0.0136336396 -0.0272037946 0.00716976542
v -0.013691715 -0.0271987058 0.0072235493
v -0.0137191536 -0.0271960963 0.00724895392
v -0.0131785003 -0.027223276 0.00674791122
v -0.0064541786 -0.0191411264 -0.0133428825
v -0.0064610811 -0.0146184871 -0.012388885
v -0.00654825196 -0.0146192024 -0.0123855947
v -0.00646332605 -0.0129094226 -0.0120987454
v -0.00646782806 -0.00890010875 -0.0115662245
v -0.00655499939 -0.00890055299 -0.0115628932
v -0.00646993425 -0.00659863045 -0.0113531454
v -0.00647245254 -0.00313726976 -0.0111583918
v -0.00655962434 -0.00313743972 -0.0111550381
v -0.00647396129 -0.00024856496 -0.0111107836
v -0.00647493126 0.0026399754 -0.0111675113
v -0.00656210305 0.0026400811 -0.0111641586
v -0.00647538202 0.00610070303 -0.0113731911
v -0.00647525024 0.00840150006 -0.0115935355
v -0.00656242203 0.00840188004 -0.0115902051
v -0.0064741876 0.0124091143 -0.0121387113
v -0.00647340855 0.0141172558 -0.0124342451
v -0.00656058034 0.0141179068 -0.0124309566
v -0.00647038547 0.0186368637 -0.0134025151
v -0.00646941597 0.0197574347 -0.0136852572
v -0.00655658729 0.0197583549 -0.0136820236
v -0.00746830739 0.0256130267 -0.0143980868
v -0.00746406522 0.0255850647 -0.014480616
v -0.00745224208 0.0255573206 -0.0145624764
v -0.00743293064 0.0255300011 -0.0146430433
v -0.00740627898 0.0255033188 -0.0147217102
v -0.00737249153 0.0254774746 -0.0147978719
v -0.00733182114 0.0254526641 -0.0148709565
v -0.00728457654 0.0254290793 -0.0149403987
v -0.00723112142 0.0254068952 -0.0150056761
v -0.0071718609 0.0253862869 -0.0150662884
v -0.00710724806 0.0253674053 -0.0151217785
v -0.00703776954 0.0253503956 -0.0151717225
v -0.00696395664 0.0253353883 -0.015215735
v -0.00688637327 0.0253224988 -0.015253488
v -0.00680560991 0.0253118221 -0.0152846929
v -0.00672227843 0.025303442 -0.0153091094
v -0.00663701352 0.025297422 -0.0153265521
v -0.00655046338 0.0252938047 -0.0153368916
v -0.00646329252 0.0252926219 -0.015340046
v -0.00747450721 0.0200086497 -0.0127226142
v -0.00747025851 0.019986717 -0.0128069445
v -0.00745842885 0.0199649576 -0.012890595
v -0.00743911089 0.0199435316 -0.0129729258
v -0.00741245272 0.0199226066 -0.013053312
v -0.00737865921 0.0199023373 -0.0131311435
v -0.00733798323 0.019882882 -0.0132058272
v -0.00729073258 0.0198643859 -0.0132767903
v -0.00723727234 0.0198469926 -0.0133435018
v -0.00717800669 0.0198308323 -0.0134054432
v -0.00711338967 0.0198160298 -0.0134621514
v -0.00704390695 0.0198026951 -0.0135131925
v -0.00697009033 0.0197909307 -0.0135581782
v -0.00689250417 0.0197808277 -0.0135967629
v -0.00681173801 0.0197724625 -0.013628657
v -0.00672840467 0.0197658967 -0.0136536155
v -0.00664313789 0.0197611824 -0.0136714522
v -0.00747855008 0.0142979678 -0.011455968
v -0.00747429719 0.0142821809 -0.0115416599
v -0.00746246334 0.0142665179 -0.0116266618
v -0.00744314073 0.014251098 -0.0117103243
v -0.00741647836 0.0142360376 -0.0117920125
v -0.00738268113 0.0142214522 -0.0118711051
v -0.00734200096 0.0142074516 -0.0119469967
v -0.00729474705 0.0141941439 -0.0120191108
v -0.00724128308 0.0141816298 -0.0120869037
v -0.00718201417 0.0141700041 -0.0121498546
v -0.00711739436 0.0141593562 -0.0122074848
v -0.00704790885 0.0141497655 -0.0122593557
v -0.00697409036 0.0141413063 -0.0123050734
v -0.00689650187 0.0141340438 -0.0123442877
v -0.00681573385 0.0141280312 -0.0123767033
v -0.00673239911 0.014123315 -0.0124020716
v -0.00664713187 0.0141199324 -0.0124202045
v -0.00748041458 0.00851076562 -0.0106047485
v -0.00747615984 0.00850120559 -0.0106913559
v -0.00746432366 0.00849172194 -0.0107772686
v -0.00744499965 0.00848238729 -0.0108618271
v -0.00741833542 0.00847327057 -0.0109443888
v -0.00738453586 0.00846444443 -0.0110243252
v -0.00734385429 0.00845597219 -0.0111010298
v -0.00729659852 0.0084479209 -0.0111739207
v -0.00724313315 0.00844035204 -0.01124244
v -0.00718386285 0.00843332149 -0.0113060642
v -0.00711924117 0.00842688419 -0.0113643128
v -0.00704975473 0.00842108857 -0.0114167444
v -0.00697593484 0.0084159784 -0.0114629557
v -0.00689834543 0.00841159374 -0.0115025919
v -0.00681757694 0.00840796623 -0.0115353577
v -0.00673424173 0.00840512477 -0.0115610044
v -0.00664897356 0.00840309076 -0.0115793329
v -0.00748009142 0.00267722178 -0.0101733962
v -0.00747583713 0.0026739391 -0.0102604711
v -0.00746400142 0.00267068413 -0.0103468401
v -0.00744467741 0.00266748318 -0.0104318522
v -0.00741801364 0.00266435905 -0.0105148591
v -0.00738421455 0.00266133714 -0.0105952257
v -0.00734353298 0.00265843817 -0.0106723448
v -0.00729627768 0.00265568658 -0.0107456241
v -0.00724281231 0.00265310192 -0.0108145121
v -0.00718354248 0.00265070377 -0.01087848
v -0.00711892126 0.00264851097 -0.0109370444
v -0.00704943482 0.00264653983 -0.0109897535
v -0.00697561493 0.002644805 -0.0110362154
v -0.00689802598 0.00264332164 -0.0110760685
v -0.0068172575 0.00264209835 -0.011109014
v -0.00673392229 0.00264114607 -0.0111347977
v -0.00664865458 0.00264047203 -0.0111532249
v -0.0066461754 -0.00313787116 -0.0111441035
v -0.00673144264 -0.00313856034 -0.0111256745
v -0.00681477739 -0.00313950353 -0.011099888
v -0.00689554447 -0.00314069143 -0.0110669388
v -0.00697313249 -0.00314211636 -0.0110270809
v -0.00704695098 -0.00314376596 -0.0109806135
v -0.0071164351 -0.00314563117 -0.0109278979
v -0.00718105491 -0.00314769358 -0.010869327
v -0.00724032288 -0.00314994063 -0.0108053526
v -0.00729378592 -0.00315235462 -0.0107364561
v -0.0073410389 -0.00315491529 -0.0106631685
v -0.00738171814 -0.00315760495 -0.0105860401
v -0.00741551444 -0.00316040381 -0.0105056642
v -0.00744217588 -0.00316328695 -0.0104226479
v -0.00746149709 -0.00316623808 -0.0103376266
v -0.00747333001 -0.00316922856 -0.0102512473
v -0.00747758197 -0.00317224092 -0.0101641621
v -0.00664154999 -0.00890180375 -0.0115520163
v -0.00672681583 -0.00890385453 -0.0115336813
v -0.00681014918 -0.00890668482 -0.0115080262
v -0.0068909144 -0.00891027972 -0.0114752483
v -0.00696850009 -0.00891460478 -0.0114355991
v -0.00704231579 -0.00891963206 -0.0113893719
v -0.00711179711 -0.00892532337 -0.0113369217
v -0.0071764132 -0.00893163122 -0.0112786535
v -0.00723567745 -0.00893851183 -0.0112150069
v -0.00728913629 -0.00894591026 -0.0111464644
v -0.00733638508 -0.00895377249 -0.0110735483
v -0.00737706013 -0.00896203611 -0.0109968176
v -0.00741085177 -0.00897063967 -0.0109168533
v -0.00743750809 -0.00897951704 -0.0108342636
v -0.00745682465 -0.00898860302 -0.0107496753
v -0.00746865245 -0.00899782497 -0.0106637338
v -0.00747289928 -0.00900711492 -0.0105770966
v -0.00663480163 -0.014621268 -0.012374836
v -0.00672006607 -0.0146246674 -0.012356692
v -0.00680339709 -0.0146293743 -0.0123313097
v -0.00688415952 -0.0146353533 -0.0122988746
v -0.00696174148 -0.014642559 -0.012259637
v -0.00703555346 -0.0146509381 -0.0122138932
v -0.00710503012 -0.0146604246 -0.0121619925
v -0.00716964155 -0.0146709466 -0.0121043287
v -0.00722890021 -0.0146824224 -0.0120413415
v -0.00728235347 -0.0146947699 -0.0119735096
v -0.00732959621 -0.0147078894 -0.0119013535
v -0.00737026427 -0.0147216842 -0.0118254181
v -0.00740404939 -0.0147360507 -0.011746279
v -0.00743069872 -0.0147508755 -0.0116645442
v -0.00745000783 -0.0147660477 -0.0115808332
v -0.00746182865 -0.0147814527 -0.011495783
v -0.00746606803 -0.0147969732 -0.0114100417
v -0.00645224703 -0.0202625822 -0.0136220846
v -0.00653941743 -0.0202635657 -0.0136188492
v -0.0066259657 -0.020266436 -0.0136082675
v -0.00671122828 -0.0202711672 -0.0135904169
v -0.00679455604 -0.0202777237 -0.0135654369
v -0.00687531522 -0.0202860609 -0.0135335168
v -0.00695289299 -0.0202961061 -0.0134949004
v -0.00702669937 -0.0203077905 -0.0134498775
v -0.00709617045 -0.0203210246 -0.0133987945
v -0.0071607749 -0.0203357022 -0.0133420397
v -0.00722002657 -0.0203517191 -0.013280048
v -0.00727347238 -0.0203689486 -0.0132132815
v -0.00732070673 -0.0203872602 -0.0131422598
v -0.00736136641 -0.0204065163 -0.0130675156
v -0.00739514269 -0.0204265658 -0.0129896197
v -0.00742178271 -0.0204472635 -0.0129091684
v -0.0074410825 -0.0204684418 -0.0128267696
v -0.007452894 -0.0204899479 -0.0127430512
v -0.0074571236 -0.0205116179 -0.0126586528
v -0.00744611258 -0.0261212494 -0.0143164238
v -0.00744189462 -0.0260935463 -0.0143990405
v -0.00743009523 -0.0260660481 -0.0144809876
v -0.00741080707 -0.0260389689 -0.014561641
v -0.00738417823 -0.0260125119 -0.0146403918
v -0.00735041313 -0.0259868801 -0.0147166345
v -0.00730976369 -0.0259622652 -0.0147897974
v -0.00726253912 -0.0259388592 -0.0148593141
v -0.00720910309 -0.0259168372 -0.0149246613
v -0.00714986026 -0.0258963648 -0.0149853379
v -0.00708526373 -0.0258776061 -0.0150408875
v -0.00701579964 -0.0258606933 -0.0150908856
v -0.00694199977 -0.0258457623 -0.0151349446
v -0.00686442712 -0.025832925 -0.0151727386
v -0.00678367307 -0.0258222781 -0.015203977
v -0.00670034857 -0.0258139037 -0.0152284196
v -0.00661508879 -0.0258078631 -0.0152458819
v -0.00652854191 -0.0258042067 -0.0152562326
v -0.00644137198 -0.0258029588 -0.0152593907
v 0.0144743286 -0.0271280967 0.00389963109
v 0.015177222 -0.0269798059 0.00417202245
v 0.0155168753 -0.0268781688 0.00430353964
v 0.0161659643 -0.0266253762 0.00455469731
v 0.0167681035 -0.0263149403 0.00478750421
v 0.0170497857 -0.0261414032 0.00489635672
v 0.017572429 -0.0257642251 0.00509823253
v 0.0180399809 -0.0253550075 0.00527871773
v 0.0196218733 -0.0230621472 0.00588814635
v 0.01995112 -0.0221160986 0.00601435546
v 0.0200623646 -0.0216446407 0.00605678791
v 0.0201408342 -0.0211745296 0.00608652504
v 0.0201879553 -0.0207055155 0.00610411726
v 0.0202045888 -0.0202371404 0.00610990217
v 0.0201449841 -0.020234406 0.00485102925
v 0.0201823488 -0.0202350318 0.00510095339
v 0.0201823749 -0.0202115662 0.00510093523
v 0.0197724868 -0.0202308074 0.00364705245
v 0.0198711623 -0.0202315878 0.00387969497
v 0.0198711772 -0.0202136263 0.00387968542
v 0.0189471338 -0.0202256646 0.0023819101
v 0.018947145 -0.0202163886 0.00238191034
v 0.0190524124 -0.0202161502 0.00250349008
v 0.0191107765 -0.0202265643 0.00257446454
v 0.0194078647 -0.0202283207 0.00298313121
v 0.0193046406 -0.0202155262 0.00283106999
v 0.0192644857 -0.0202274509 0.00277504418
v 0.0192645025 -0.0202156305 0.00277504255
v 0.0191107951 -0.0202160142 0.00257446477
v 0.0195405465 -0.020229172 0.00319819804
v 0.0195289459 -0.0202148817 0.00317836949
v 0.0194078814 -0.0202152412 0.00298312935
v 0.0197725091 -0.0202140361 0.00364704477
v 0.0197237972 -0.0202142224 0.00354301115
v 0.0196621921 -0.0202300027 0.00341969403
v 0.019662207 -0.0202144422 0.0034196882
v 0.0195405632 -0.0202148445 0.00319819432
v 0.0200326368 -0.0202330612 0.00435843505
v 0.0200199895 -0.0202128775 0.00431425404
v 0.0199579522 -0.0202323366 0.00411702413
v 0.0199579746 -0.0202132147 0.00411701249
v 0.0198878478 -0.0202135518 0.00392250484
v 0.0201450046 -0.020211976 0.00485101435
v 0.0201193132 -0.0202122014 0.00471558142
v 0.0200950392 -0.0202337503 0.00460331235
v 0.0200950596 -0.0202123895 0.00460329931
v 0.0200326648 -0.020212803 0.00435842387
v 0.0202189889 -0.0202361643 0.00560486503
v 0.0202170238 -0.020210864 0.00553594809
v 0.0202070381 -0.0202356149 0.00535244588
v 0.0202070642 -0.0202111583 0.00535242772
v 0.0201851409 -0.020211529 0.00512374286
v 0.0202046279 -0.0202099644 0.00610987842
v 0.0202147476 -0.0202102121 0.00594937801
v 0.0202181693 -0.020236671 0.00585756451
v 0.0202182103 -0.0202103555 0.00585754402
v 0.0202190224 -0.0202107541 0.00560484361
v 0.0202025436 -0.0206902493 0.00585172419
v 0.0202043392 -0.0206741337 0.00559896976
v 0.0201933347 -0.0206572078 0.00534650171
v 0.0201695617 -0.0206395127 0.00509496639
v 0.0201330688 -0.0206210986 0.00484501105
v 0.0200839657 -0.0206020102 0.00459727738
v 0.0200223681 -0.0205822978 0.00435239822
v 0.0199484341 -0.0205620136 0.00411100499
v 0.0198623594 -0.0205412023 0.00387371704
v 0.0197643507 -0.0205199253 0.00364114251
v 0.0196546875 -0.0204982329 0.00341387535
v 0.0195336211 -0.0204761829 0.0031925037
v 0.0194014814 -0.0204538312 0.00297759194
v 0.019258596 -0.0204312354 0.00276969303
v 0.0191053394 -0.0204084497 0.00256933994
v 0.0189421028 -0.020385541 0.0023770472
v 0.0201582704 -0.0211445708 0.00583401555
v 0.0201628245 -0.02111293 0.00558114983
v 0.0201544967 -0.0210796855 0.00532858586
v 0.0201332942 -0.0210449249 0.00507698162
v 0.0200992823 -0.0210087411 0.0048269867
v 0.0200525392 -0.0209712237 0.00457925629
v 0.0199931972 -0.020932477 0.00433443021
v 0.019921409 -0.0208925959 0.00409314362
v 0.0198373571 -0.020851681 0.00385602796
v 0.0197412558 -0.0208098479 0.00362369535
v 0.0196333677 -0.0207671989 0.00339675276
v 0.0195139591 -0.0207238495 0.00317578809
v 0.0193833485 -0.0206799041 0.00296137552
v 0.0192418769 -0.0206354856 0.00275407173
v 0.0190899018 -0.0205907039 0.00255441526
v 0.0189278275 -0.0205456782 0.00236292812
v 0.0200845115 -0.0216002092 0.00580409169
v 0.0200936515 -0.0215532109 0.00555105275
v 0.0200897567 -0.0215037782 0.00529834442
v 0.0200728383 -0.0214520395 0.00504663493
v 0.0200429391 -0.0213981327 0.00479659438
v 0.0200001448 -0.0213421993 0.00454888307
v 0.0199445579 -0.0212843921 0.0043041599
v 0.0198763348 -0.021224862 0.00406307494
v 0.0197956562 -0.0211637616 0.00382626522
v 0.0197027307 -0.0211012624 0.00359436171
v 0.0195978116 -0.0210375227 0.00336797861
v 0.0194811691 -0.0209727157 0.00314771524
v 0.0193531159 -0.0209070109 0.00293415878
v 0.0192139968 -0.0208405815 0.00272787199
v 0.019064175 -0.0207736101 0.00252940599
v 0.0189040508 -0.0207062718 0.00233928324
v 0.0199799072 -0.0220575333 0.00576139009
v 0.0199955087 -0.0219954569 0.00550810341
v 0.0199978817 -0.0219300482 0.00525518833
v 0.0199870132 -0.0218614768 0.00500333449
v 0.0199629348 -0.0217899382 0.00475322735
v 0.0199257191 -0.0217156205 0.00450555328
v 0.019875465 -0.0216387305 0.00426098704
v 0.0198123064 -0.0215594806 0.00402019545
v 0.0197364148 -0.021478083 0.00378383696
v 0.0196480006 -0.0213947594 0.00355255534
v 0.019547306 -0.0213097371 0.00332698366
v 0.0194345992 -0.0212232545 0.00310773659
v 0.0193102024 -0.0211355388 0.00289541413
v 0.0191744342 -0.0210468378 0.00269059581
v 0.0190276857 -0.020957388 0.00249383901
v 0.0188703425 -0.0208674353 0.00230568065
v 0.0198051184 -0.0225888006 0.00595846307
v 0.0198425464 -0.0225166008 0.00570512563
v 0.0198665764 -0.0224398505 0.00545149809
v 0.0198771246 -0.022358777 0.00519830082
v 0.0198741723 -0.0222736057 0.00494624721
v 0.0198577214 -0.0221845824 0.00469605112
v 0.0198278222 -0.0220919512 0.00444842316
v 0.0197845623 -0.0219959784 0.00420406461
v 0.0197280534 -0.0218969341 0.00396366557
v 0.0196584612 -0.0217951033 0.00372790871
v 0.0195759851 -0.0216907728 0.00349745899
v 0.0194808654 -0.0215842351 0.00327297184
v 0.0193733554 -0.0214757901 0.0030550824
v 0.0192537699 -0.0213657524 0.00284440746
v 0.0191224441 -0.0212544296 0.00264154165
v 0.0189797487 -0.0211421344 0.00244706078
v 0.0188260935 -0.0210291874 0.0022615171
v 0.0196700338 -0.022977002 0.00563430786
v 0.0197045431 -0.0228861552 0.00538022025
v 0.0197252948 -0.022789875 0.00512663973
v 0.0197322294 -0.0226884428 0.00487431558
v 0.0197253171 -0.0225821678 0.00462399283
v 0.0197045896 -0.0224713534 0.00437641516
v 0.0196701027 -0.0223563351 0.00413231365
v 0.019621959 -0.0222374555 0.00389241264
v 0.0195603017 -0.0221150555 0.003657419
v 0.0194853153 -0.0219895076 0.00342803262
v 0.0193972196 -0.0218611825 0.00320492941
v 0.0192962773 -0.0217304546 0.00298877107
v 0.0191827808 -0.0215977132 0.00278019649
v 0.0190570708 -0.0214633532 0.00257982477
v 0.0189195238 -0.0213277712 0.00238824706
v 0.018770542 -0.0211913716 0.0022060324
v 0.0193984378 -0.0235348716 0.00580226537
v 0.0194595084 -0.0234377198 0.00554775167
v 0.0195066575 -0.0233335514 0.00529305078
v 0.0195397437 -0.0232227016 0.00503895804
v 0.0195586551 -0.0231055021 0.00478626648
v 0.0195633285 -0.022982331 0.00453576073
v 0.0195537619 -0.0228535663 0.00428822357
v 0.0195299797 -0.0227196123 0.00404442754
v 0.0194920618 -0.0225808863 0.00380513258
v 0.0194401126 -0.0224378165 0.003571084
v 0.0193743054 -0.0222908538 0.00334301149
v 0.0192948394 -0.0221404564 0.0031216261
v 0.0192019697 -0.021987088 0.00290761772
v 0.0190959722 -0.0218312349 0.00270165503
v 0.0189771969 -0.021673372 0.00250437972
v 0.0188459978 -0.0215140022 0.00231640716
v 0.0187027883 -0.0213536173 0.00213832129
v 0.0186218191 -0.0215152726 0.00205737026
v 0.0187580083 -0.0217002109 0.00223042001
v 0.0188815091 -0.0218839087 0.00241399533
v 0.0189919025 -0.0220657624 0.00260749133
v 0.0190888196 -0.022245165 0.0028102647
v 0.0191719551 -0.0224215314 0.00302164769
v 0.0192410164 -0.0225942675 0.00324093923
v 0.0192957856 -0.0227628089 0.00346741499
v 0.0193360802 -0.0229265988 0.0037003241
v 0.0193617623 -0.0230850913 0.00393889938
v 0.0193727538 -0.023237763 0.00418234849
v 0.0193690155 -0.0233841091 0.00442986842
v 0.0193505548 -0.0235236511 0.0046806382
v 0.0193174388 -0.0236559156 0.00493382942
v 0.019269783 -0.0237804763 0.00518860435
v 0.0192077253 -0.0238969177 0.00544412155
v 0.0191314928 -0.0240048487 0.00569953304
v 0.0185265504 -0.0216753185 0.00196209899
v 0.0186543334 -0.0218853988 0.00212908187
v 0.0187686104 -0.0220939741 0.00230735703
v 0.0188689716 -0.0223003086 0.00249629305
v 0.0189550724 -0.0225036796 0.00269522052
v 0.0190266017 -0.0227033608 0.0029034398
v 0.0190833118 -0.0228986554 0.00312021468
v 0.0191249941 -0.0230888613 0.00334477564
v 0.0191515069 -0.0232733153 0.00357633317
v 0.0191627555 -0.0234513655 0.00381406746
v 0.0191586986 -0.0236223768 0.00405713776
v 0.0191393495 -0.0237857457 0.0043046861
v 0.0191047862 -0.0239409041 0.00455583679
v 0.0190551188 -0.0240872931 0.00480970275
v 0.0189905278 -0.0242243987 0.00506538805
v 0.0189112425 -0.0243517384 0.0053219879
v 0.0188175347 -0.0244688615 0.00557859382
v 0.0184531529 -0.0249223933 0.00543811452
v 0.0185666084 -0.024798099 0.00517992442
v 0.0186654851 -0.0246616267 0.00492189126
v 0.0187494196 -0.0245134868 0.00466499943
v 0.0188180786 -0.0243542455 0.00441022078
v 0.0188712049 -0.024184512 0.00415852619
v 0.0189086013 -0.0240049213 0.00391087215
v 0.018930126 -0.0238161664 0.00366819766
v 0.0189356878 -0.0236189589 0.00343142496
v 0.0189252738 -0.0234140474 0.00320145534
v 0.0188989267 -0.0232022144 0.00297916168
v 0.0188567434 -0.0229842588 0.00276538753
v 0.0187988766 -0.0227610152 0.00256094569
v 0.0187255573 -0.0225333273 0.00236661313
v 0.0186370555 -0.0223020613 0.00218312861
v 0.0185337104 -0.0220680926 0.00201118831
v 0.0184159204 -0.0218323208 0.00185144541
v 0.0182532519 -0.0251411404 0.00536100892
v 0.0183773004 -0.0250141956 0.00510185631
v 0.0184867363 -0.0248739906 0.00484295376
v 0.0185811333 -0.0247210842 0.00458532432
v 0.0186601058 -0.0245560724 0.00432998594
v 0.0187233556 -0.024379611 0.00407794397
v 0.0187706202 -0.0241923947 0.00383019471
v 0.0188017301 -0.0239951629 0.00358771626
v 0.0188165475 -0.0237886943 0.00335146487
v 0.0188150126 -0.0235738009 0.00312237279
v 0.018797148 -0.0233513359 0.00290134293
v 0.0187630039 -0.0231221747 0.00268925051
v 0.0187127385 -0.0228872225 0.00248693232
v 0.0186465289 -0.022647405 0.00229518418
v 0.0185646452 -0.0224036667 0.00211476348
v 0.0184674077 -0.0221569762 0.00194638292
v 0.0183552019 -0.0219083 0.00179070921
v 0.0181751344 -0.0252260864 0.0050184587
v 0.0182956774 -0.0250827596 0.00475855963
v 0.018401118 -0.0249256101 0.00450008456
v 0.018491013 -0.0247552861 0.00424409611
v 0.0185650066 -0.0245724879 0.00399164483
v 0.0186227821 -0.0243779607 0.00374376704
v 0.0186641105 -0.0241725072 0.00350147951
v 0.0186888222 -0.0239569694 0.00326577527
v 0.0186968073 -0.0237322357 0.00303762569
v 0.0186880361 -0.0234992225 0.00281796535
v 0.0186625514 -0.0232588928 0.00260769576
v 0.0186204556 -0.0230122246 0.0024076812
v 0.0185619164 -0.0227602404 0.00221874006
v 0.0184871834 -0.0225039665 0.0020416521
v 0.0183965527 -0.022244459 0.00187713921
v 0.0182903986 -0.0219827835 0.00172587961
v 0.0178130846 -0.0255630482 0.00519114593
v 0.0179598369 -0.025432894 0.00492962264
v 0.0180920232 -0.0252871048 0.00466858223
v 0.0182090756 -0.0251263045 0.00440913672
v 0.018310491 -0.0249511823 0.00415239902
v 0.0183958467 -0.0247624833 0.00389946299
v 0.0184647739 -0.0245610159 0.00365141197
v 0.0185169745 -0.0243476406 0.00340930768
v 0.0185522307 -0.0241232682 0.0031741804
v 0.0185703915 -0.0238888618 0.00294704037
v 0.0185713675 -0.0236454234 0.00272885384
v 0.0185551662 -0.0233939886 0.00252055749
v 0.0185218602 -0.0231356341 0.00232304167
v 0.0184715781 -0.0228714626 0.00213714712
v 0.0184045471 -0.0226026103 0.001963672
v 0.018321041 -0.0223302227 0.00180335552
v 0.0182214342 -0.022055462 0.00165688316
v 0.0177312139 -0.0256336424 0.00483526522
v 0.0178755429 -0.0254861265 0.00457291957
v 0.0180047508 -0.0253223237 0.00431236438
v 0.0181182846 -0.0251429733 0.00405476056
v 0.0182156228 -0.0249488689 0.00380125758
v 0.0182963423 -0.0247408766 0.00355298328
v 0.0183600727 -0.0245199278 0.0033110457
v 0.018406542 -0.0242869984 0.00307652168
v 0.0184355341 -0.0240431316 0.00285045849
v 0.0184469279 -0.0237894151 0.00263386127
v 0.0184406657 -0.0235269796 0.00242769602
v 0.0184167717 -0.0232569929 0.00223288336
v 0.0183753632 -0.0229806583 0.00205029012
v 0.0183166228 -0.0226992071 0.00188072911
v 0.0182407983 -0.0224138983 0.00172495632
v 0.0181482453 -0.0221259966 0.00158366677
v 0.0173179694 -0.0259574112 0.0049999617
v 0.0174891837 -0.0258272775 0.00473534409
v 0.0176461022 -0.0256788228 0.00447150832
v 0.0177879911 -0.0255127326 0.00420968141
v 0.0179141946 -0.0253297836 0.00395108294
v 0.0180241261 -0.025130827 0.00369691453
v 0.0181172639 -0.0249167811 0.00344835781
v 0.0181931946 -0.0246886518 0.00320656691
v 0.0182515476 -0.0244474914 0.0029726706
v 0.0182920638 -0.0241944268 0.00274775317
v 0.018314546 -0.0239306334 0.00253286259
v 0.0183188915 -0.0236573387 0.00232899818
v 0.0183050819 -0.0233758092 0.00213710847
v 0.0182731785 -0.0230873581 0.0019580822
v 0.018223336 -0.0227933265 0.00179275707
v 0.0181557816 -0.0224950872 0.00164189993
v 0.0180708244 -0.0221940167 0.00150621112
v 0.0172337517 -0.0260126516 0.00462986063
v 0.0174036734 -0.0258641168 0.00436432799
v 0.0175587125 -0.0256965104 0.00410105241
v 0.0176981222 -0.0255106594 0.00384131027
v 0.0178212207 -0.025307456 0.00358636491
v 0.0179274119 -0.0250878911 0.00333745335
v 0.0180161837 -0.0248530302 0.00309578725
v 0.0180871002 -0.0246040206 0.00286253751
v 0.0181398261 -0.0243420638 0.00263883895
v 0.0181740876 -0.0240684338 0.00242577796
v 0.0181897413 -0.0237844605 0.0022243897
v 0.0181866903 -0.0234915279 0.00203564996
v 0.0181649551 -0.0231910516 0.00186047959
v 0.0181246512 -0.0228844956 0.00169972703
v 0.0180659667 -0.02257335 0.00155417412
v 0.0179891828 -0.0222591236 0.00142452877
v 0.0169650819 -0.0261885636 0.0045188698
v 0.0171483364 -0.0260408577 0.00425141072
v 0.0173169505 -0.0258725733 0.00398648251
v 0.0174700525 -0.0256845653 0.00372543349
v 0.0176068787 -0.0254777875 0.00346958474
v 0.0177267194 -0.0252532903 0.00322023849
v 0.0178289749 -0.02501221 0.00297866017
v 0.017913131 -0.0247557741 0.00274607609
v 0.017978752 -0.0244852882 0.00252366741
v 0.01802551 -0.0242021214 0.00231256336
v 0.0180531535 -0.0239077061 0.00211383565
v 0.0180615634 -0.0236035492 0.00192849222
v 0.0180506855 -0.0232911855 0.00175747753
v 0.0180205796 -0.0229722057 0.00160165492
v 0.017971389 -0.0226482283 0.0014618194
v 0.0179033726 -0.0223208982 0.00133868086
v 0.0164733045 -0.0264767054 0.00467354525
v 0.0166834556 -0.0263537467 0.00440249033
v 0.0168803278 -0.0262078401 0.00413284637
v 0.0170628689 -0.0260397661 0.00386604248
v 0.0172301065 -0.0258504134 0.00360349775
v 0.0173811596 -0.0256407857 0.00334660592
v 0.0175152235 -0.0254120007 0.00309673045
v 0.0176315885 -0.0251652673 0.00285519916
v 0.0177296326 -0.0249019042 0.00262329448
v 0.0178088397 -0.0246233027 0.00240224693
v 0.0178687852 -0.0243309438 0.0021932323
v 0.0179091524 -0.0240263827 0.0019973577
v 0.0179297347 -0.0237112362 0.00181566586
v 0.0179304071 -0.0233871751 0.00164911989
v 0.0179111697 -0.0230559185 0.00149860361
v 0.0178721342 -0.0227192342 0.00136491936
v 0.0178135093 -0.0223788992 0.0012487733
v 0.0163893569 -0.0265069138 0.00428090477
v 0.0166000109 -0.0263638254 0.00400878862
v 0.0167967658 -0.0261968952 0.003739862
v 0.0169785172 -0.0260070581 0.00347561622
v 0.0171442609 -0.0257953666 0.00321752112
v 0.0172930807 -0.0255629942 0.00296701002
v 0.0174241345 -0.0253112353 0.00272547407
v 0.0175367091 -0.0250414871 0.00249425648
v 0.0176301822 -0.0247552507 0.0022746434
v 0.0177040156 -0.0244541131 0.00206785114
v 0.0177578181 -0.0241397526 0.00187503127
v 0.0177912787 -0.0238139071 0.00169725413
v 0.0178042166 -0.0234783944 0.00153550878
v 0.0177965593 -0.0231350772 0.00139069208
v 0.0177683476 -0.022785861 0.00126360985
v 0.0177197363 -0.0224326868 0.00115496654
v 0.015846841 -0.0267596263 0.00443124119
v 0.016083423 -0.0266467761 0.00415436691
v 0.0163079444 -0.0265075453 0.00387946726
v 0.0165190995 -0.0263427403 0.00360814063
v 0.0167156663 -0.0261533279 0.00334196608
v 0.0168964956 -0.0259404015 0.00308249029
v 0.0170605406 -0.0257052034 0.00283122086
v 0.0172068439 -0.025449099 0.00258962251
v 0.0173345618 -0.0251735765 0.00235909619
v 0.0174429379 -0.0248802435 0.0021409851
v 0.0175313596 -0.0245707985 0.00193655537
v 0.0175992977 -0.0242470428 0.00174699747
v 0.0176463667 -0.0239108615 0.00157341128
v 0.0176722817 -0.0235642102 0.00141680986
v 0.0176769104 -0.0232091006 0.00127809914
v 0.0176602136 -0.0228476003 0.00115808856
v 0.0176222846 -0.0224818066 0.00105747685
v 0.0157664735 -0.0267720502 0.00402320363
v 0.0160048269 -0.0266377516 0.00374517776
v 0.0162304882 -0.0264760889 0.00347115379
v 0.0164420791 -0.02628804 0.00320279947
v 0.0166383181 -0.0260747597 0.00294174673
v 0.016818013 -0.0258375406 0.00268958649
v 0.0169800594 -0.0255778246 0.00244785333
v 0.0171234831 -0.0252971966 0.00221801456
v 0.0172474068 -0.024997361 0.00200147484
v 0.0173510704 -0.0246801432 0.00179954607
v 0.0174338501 -0.0243474748 0.0016134613
v 0.0174952354 -0.0240013823 0.00144435349
v 0.0175348632 -0.0236439686 0.00129324861
v 0.0175524857 -0.0232774112 0.00116106716
v 0.017547993 -0.0229039397 0.00104861485
v 0.017521413 -0.0225258265 0.00095657527
v 0.0154395243 -0.0268815327 0.00388781982
v 0.0156915635 -0.0267532431 0.00360629754
v 0.0159317106 -0.0265957396 0.00332925003
v 0.016158456 -0.0264100358 0.00305844424
v 0.016370343 -0.0261973068 0.00279560126
v 0.0165660307 -0.0259589162 0.0025423984
v 0.0167442616 -0.0256963763 0.00230044825
v 0.0169039145 -0.02541136 0.00207129004
v 0.0170439575 -0.025105685 0.00185638329
v 0.0171635039 -0.024781296 0.00165709946
v 0.0172618032 -0.0244402606 0.00147470448
v 0.0173382182 -0.0240847506 0.00131036271
v 0.0173922572 -0.0237170272 0.00116512016
v 0.0174235925 -0.023339441 0.0010399007
v 0.0174320098 -0.0229543876 0.000935504446
v 0.0174174625 -0.0225643236 0.00085259421
v 0.0148292035 -0.0270634312 0.00403719675
v 0.0151037807 -0.0269740969 0.00374868675
v 0.015369216 -0.0268528741 0.00346327177
v 0.0156237343 -0.0267005637 0.00318285497
v 0.0158656351 -0.026518181 0.00290930155
v 0.0160933211 -0.0263069496 0.00264443783
v 0.0163052641 -0.0260682665 0.00239002751
v 0.0165000502 -0.0258037318 0.00214776653
v 0.0166763887 -0.0255151 0.00191926991
v 0.0168330949 -0.0252043009 0.00170606177
v 0.016969135 -0.0248734038 0.00150955934
v 0.0170835946 -0.0245246124 0.00133107451
v 0.0171757061 -0.0241602566 0.0011717974
v 0.0172448736 -0.023782758 0.00103278668
v 0.0172906183 -0.0233946368 0.000914973323
v 0.0173126515 -0.0229984727 0.000819138542
v 0.0173108131 -0.022596918 0.000745922618
v 0.0147605948 -0.0270487405 0.00360635226
v 0.0150390128 -0.0269356128 0.00331662106
v 0.01530765 -0.026789505 0.00303245918
v 0.0155646252 -0.0266114343 0.00275584613
v 0.0158081427 -0.0264026411 0.00248871162
v 0.0160365161 -0.0261645764 0.00223291572
v 0.0162481479 -0.0258989073 0.00199024286
v 0.0164415669 -0.0256074797 0.00176238315
v 0.0166154206 -0.0252923295 0.00155092555
v 0.0167684983 -0.0249556452 0.00135734433
v 0.0168997347 -0.024599785 0.00118299015
v 0.0170082077 -0.0242272224 0.0010290764
v 0.0170931667 -0.0238405559 0.000896674464
v 0.0171540305 -0.0234424807 0.000786711345
v 0.0171903539 -0.0230357703 0.000699948985
v 0.0172018986 -0.0226232614 0.000636996119
v 0.0141142402 -0.0271730255 0.00375995273
v 0.0144114764 -0.0271046143 0.00346141495
v 0.0147023434 -0.0270005688 0.00316692307
v 0.0149847213 -0.0268616397 0.00287862471
v 0.0152565436 -0.0266888402 0.00259861886
v 0.0155158481 -0.0264834277 0.00232894858
v 0.0157607328 -0.0262469016 0.00207157526
v 0.0159894153 -0.0259809848 0.00182837516
v 0.0162002277 -0.0256876182 0.00160111999
v 0.0163916405 -0.0253689289 0.00139146682
v 0.0165622532 -0.0250272527 0.00120094116
v 0.0167108234 -0.0246650688 0.00103093381
v 0.0168362744 -0.0242850184 0.000882682099
v 0.0169376824 -0.0238898713 0.000757266011
v 0.0170143172 -0.0234825108 0.000655600801
v 0.0170656145 -0.0230658986 0.00057842402
v 0.0170912109 -0.0226430707 0.000526301097
v -0.0181559101 0.0241720043 0.0110212332
v -0.0184095725 0.0238095541 0.011199289
v -0.0184179861 0.0237966962 0.0112049524
v -0.0186490491 0.0234184954 0.0113529153
v -0.0181460623 0.0241851658 0.0110140685
v -0.0180725642 0.0242814776 0.0109600667
v -0.0178741813 0.0245255753 0.0108101703
v -0.0178572275 0.0245454349 0.0107971104
v -0.0177598037 0.0246567409 0.0107213529
v -0.0176921058 0.0247313529 0.0106680589
v -0.017569365 0.0248612575 0.0105701787
v -0.0174231865 0.0250074975 0.0104517108
v -0.0172784273 0.0251439083 0.0103325816
v -0.0172439385 0.025175238 0.0103039593
v -0.0170151163 0.0253724251 0.0101119271
v -0.0168992821 0.025465548 0.0100134416
v -0.0168352965 0.0255151633 0.00995870773
v -0.0165787879 0.0257017296 0.00973715354
v -0.0165365506 0.025730636 0.00970037282
v -0.016365448 0.025842756 0.00955058541
v -0.0161562096 0.0259694587 0.0093658641
v -0.0160895959 0.026007494 0.00930672884
v -0.0158723667 0.0261241309 0.00911291782
v -0.0157602765 0.0261800271 0.00901237223
v -0.0155312587 0.0262855235 0.00880593527
v -0.0153599503 0.0263570491 0.0086507285
v -0.0149562685 0.0265017711 0.00828275271
v -0.0148315784 0.0265399534 0.00816855114
v -0.014505364 0.026625827 0.0078688059
v -0.0143661769 0.0266564246 0.007740553
v -0.0140702911 0.0267097522 0.00746733649
v -0.0142910583 0.0266714655 0.00767125702
v -0.013201667 0.0267766267 0.00666267192
v -0.013631206 0.0267600901 0.00706087798
v -0.0137148602 0.026753122 0.0071383859
v -0.0137422858 0.0267505683 0.00716378912
v 0.0201874673 0.0197899826 0.00604673801
v 0.0201975871 0.019789733 0.0058862376
v 0.0202010497 0.0197895896 0.00579440361
v 0.0202018637 0.019789191 0.0055417032
v 0.0201998651 0.0197890829 0.00547280768
v 0.0201899037 0.0197887886 0.00528928731
v 0.0201679803 0.019788418 0.00506060245
v 0.0201652143 0.0197883807 0.00503779482
v 0.0201278441 0.0197879709 0.00478787394
v 0.0201021526 0.0197877456 0.00465244101
v 0.0200778991 0.0197875574 0.0045401589
v 0.0200155042 0.0197871439 0.00429528346
v 0.0200028289 0.0197870694 0.00425111363
v 0.019940814 0.0197867304 0.00405387208
v 0.0198706873 0.0197863933 0.00385936443
v 0.0198540166 0.0197863188 0.00381654501
v 0.0197553504 0.019785909 0.00358390436
v 0.0197066385 0.0197857246 0.0034798705
v 0.0196450464 0.0197855029 0.00335654756
v 0.0195234027 0.0197851025 0.00313505391
v 0.0195117854 0.0197850652 0.00311522908
v 0.0193907209 0.0197847057 0.00291998871
v 0.01928748 0.0197844207 0.00276792957
v 0.0192473419 0.0197843146 0.00271190191
v 0.0190936346 0.0197839327 0.00251132436
v 0.0190352518 0.0197837949 0.00244034966
v 0.0189299844 0.0197835583 0.00231876993
v 0.016919354 0.0226478856 0.000382891798
v 0.0169600025 0.0222153775 0.000343523658
v 0.0170661528 0.0222036056 0.000449696381
v 0.0168520696 0.0230738148 0.000448633014
v 0.0170394517 0.0226270873 0.000499902118
v 0.0166398492 0.023893049 0.000657029625
v 0.0167586617 0.0234899241 0.000540242821
v 0.0169091709 0.0234524701 0.000675180287
v 0.0164965317 0.0242801197 0.000798101246
v 0.0168065447 0.0238483436 0.000798970694
v 0.016329797 0.0246481914 0.000962385791
v 0.0166798681 0.0242291186 0.000945718726
v 0.0159313306 0.0253162924 0.00135542091
v 0.0161409192 0.024994459 0.00114862958
v 0.016358234 0.024934385 0.00130362855
v 0.0157026332 0.0256112404 0.00158117944
v 0.0161656179 0.0252537262 0.00151218043
v 0.0151949823 0.0261117183 0.00208260748
v 0.0154565601 0.0258770566 0.00182419294
v 0.015723832 0.0258141812 0.00198086794
v 0.0149199022 0.0263134427 0.00235445867
v 0.0154778864 0.0260512028 0.00223758095
v 0.0143376803 0.0266121924 0.00293010846
v 0.0146334078 0.0264806915 0.00263767852
v 0.0149448458 0.0264301877 0.00278639048
v 0.0140349586 0.0267069452 0.00322952494
v 0.0146616464 0.0265693851 0.00307447743
v 0.0137275653 0.0267642271 0.00353364809
v 0.0143700633 0.0266736131 0.00336890155
v 0.0140722161 0.0267421119 0.00366751105
v 0.014414941 0.0267015696 0.00380058098
v 0.0147723984 0.026639225 0.00393933104
v 0.0151238414 0.0265574157 0.00407572417
v 0.0154676344 0.0264569875 0.0042091324
v 0.0158023033 0.0263389628 0.00433899323
v 0.0161265247 0.0262045059 0.00446480466
v 0.0164391901 0.0260548908 0.00458613969
v 0.0167393927 0.0258914586 0.00470265094
v 0.0170264095 0.0257155858 0.0048140618
v 0.0172997247 0.0255286507 0.00492017809
v 0.0175590068 0.0253319964 0.0050208671
v 0.0178040899 0.0251269173 0.00511606829
v 0.0180349518 0.0249146316 0.00520577375
v 0.0182517022 0.0246962719 0.00529002165
v 0.0184545591 0.0244728737 0.0053688935
v 0.019127842 0.0235555172 0.00563094858
v 0.0188163202 0.0240193382 0.00550963823
v 0.0193925723 0.0230858549 0.00573414844
v 0.0197954029 0.0221405458 0.00589152891
v 0.0196139906 0.022613503 0.00582058495
v 0.0199397337 0.0216682069 0.00594810722
v 0.020049436 0.0211970564 0.00599127216
v 0.0171715282 0.0221856795 0.000555114821
v 0.0171582326 0.0225994457 0.000615688914
v 0.0172812566 0.0221602675 0.000664911291
v 0.0172814969 0.0225631278 0.00073589728
v 0.0173889715 0.0221284255 0.000772725616
v 0.0174020939 0.0225197915 0.000853567792
v 0.0174942072 0.0220904592 0.000878078106
v 0.0175195411 0.0224698354 0.000968224311
v 0.0175965317 0.0220467318 0.000980531913
v 0.0176334046 0.0224137027 0.00107942987
v 0.0176955517 0.0219976455 0.00107970624
v 0.0177433044 0.0223518834 0.00118681474
v 0.0177909583 0.02194364 0.00117527461
v 0.0178489275 0.022284884 0.00129006535
v 0.0178824887 0.0218851697 0.00126697437
v 0.0179500245 0.0222132318 0.00138893211
v 0.0179699305 0.0218226966 0.00135460054
v 0.018046407 0.0221374519 0.00148322852
v 0.0180531386 0.0217566844 0.00143800455
v 0.0181379505 0.0220580604 0.00157282676
v 0.0181320366 0.0216875803 0.00151709584
v 0.0182245951 0.0219755527 0.00165766035
v 0.0182065759 0.0216158107 0.00159183063
v 0.0183063168 0.0218904018 0.00173770788
v 0.0182767585 0.021541778 0.00166221207
v 0.0183831565 0.0218030419 0.0018129932
v 0.0183426198 0.0214658566 0.00172827707
v 0.0184551682 0.0217138734 0.00188357756
v 0.0184042435 0.0213883817 0.00179009605
v 0.01852246 0.0216232575 0.00194955186
v 0.0185140874 0.0212315992 0.00190032378
v 0.0186422169 0.0214408394 0.00206703134
v 0.0186086334 0.0210718028 0.00199524057
v 0.0187451113 0.0212559626 0.00216802862
v 0.0186889414 0.0209104121 0.00207590405
v 0.0188323837 0.0210700762 0.00225374917
v 0.018756099 0.0207484253 0.00214338908
v 0.018905269 0.0208841562 0.00232539186
v 0.0188111085 0.0205864795 0.00219870592
v 0.0189649127 0.020698797 0.00238406658
v 0.0188548733 0.020424936 0.00224274676
v 0.0190123171 0.0205142964 0.00243075541
v 0.0188881271 0.0202639382 0.00227626646
v 0.0190483276 0.0203307159 0.00246627303
v 0.018911479 0.0201034714 0.00229985267
v 0.0190736037 0.0201479513 0.00249126414
v 0.0189253427 0.0199434105 0.00231393613
v 0.0190886129 0.0199657883 0.00250618928
v 0.0169869941 0.0230443925 0.000575246173
v 0.0171200745 0.0230074264 0.000700215052
v 0.0172577854 0.0229606014 0.000829628611
v 0.0173921715 0.0229061618 0.00095601019
v 0.0175227188 0.0228445865 0.0010788776
v 0.0176489968 0.0227764063 0.00119780505
v 0.0177706145 0.0227021836 0.00131242629
v 0.0178872719 0.0226225089 0.00142244098
v 0.0179987121 0.0225379709 0.0015276121
v 0.0181047861 0.02244916 0.00162777386
v 0.0182053745 0.0223566461 0.00172281882
v 0.0183004402 0.022260977 0.00181269553
v 0.0183899906 0.0221626628 0.00189740327
v 0.0184740778 0.0220621787 0.00197698991
v 0.0185528044 0.0219599511 0.00205153739
v 0.0186262894 0.0218563695 0.00212115538
v 0.0187568944 0.0216486175 0.00224498543
v 0.0188689362 0.0214389209 0.00235130684
v 0.0189638492 0.0212287568 0.00244145282
v 0.0190430358 0.0210190956 0.00251673069
v 0.0191077702 0.0208104905 0.0025783442
v 0.0191591978 0.0206031781 0.00262734736
v 0.0191982407 0.0203971472 0.00266461493
v 0.0192256365 0.0201922134 0.00269083446
v 0.0192418937 0.0199880637 0.0027064993
v 0.0170573015 0.0234067645 0.000808097422
v 0.0169703737 0.0237946622 0.000938584621
v 0.0172102805 0.023350032 0.000945480773
v 0.0171393026 0.0237288121 0.00108267728
v 0.0173592642 0.0232850648 0.00107939751
v 0.017303599 0.0236540791 0.00122294144
v 0.0175037347 0.0232124254 0.0012093673
v 0.0174626913 0.0235711038 0.00135889277
v 0.0176432226 0.0231327228 0.00133496756
v 0.0176161025 0.0234805774 0.00149011589
v 0.0177773368 0.0230466016 0.00145584124
v 0.0177634358 0.0233832151 0.00161625759
v 0.0179057885 0.0229547191 0.00157169544
v 0.0179043747 0.023279747 0.0017370393
v 0.0180283226 0.0228577368 0.00168231351
v 0.0180386845 0.0231709052 0.00185224821
v 0.0181447919 0.0227563065 0.00178753899
v 0.0181662161 0.0230574012 0.00196174276
v 0.0182551071 0.0226510558 0.00188728108
v 0.0182869025 0.0229399204 0.00206544879
v 0.0183592383 0.0225425791 0.00198150706
v 0.0184007287 0.0228191074 0.00216334686
v 0.0184572302 0.0224314332 0.00207023672
v 0.018507747 0.0226955656 0.00225547119
v 0.0185491554 0.0223181266 0.00215353305
v 0.0186080728 0.0225698426 0.00234190002
v 0.0186351426 0.0222031251 0.00223149639
v 0.0187018514 0.022442434 0.00242274906
v 0.0187153295 0.0220868345 0.00230425759
v 0.0187892579 0.0223137792 0.00249816338
v 0.0188577194 0.0218542051 0.00243355962
v 0.0189443231 0.0220568739 0.00263209362
v 0.0189797077 0.0216200743 0.00254446943
v 0.0190770458 0.0217988249 0.00274688331
v 0.0190829355 0.021385964 0.00263843057
v 0.0191892739 0.021541208 0.00284407032
v 0.019168986 0.0211528465 0.00271684304
v 0.0192827564 0.0212850142 0.00292513543
v 0.0192392915 0.0209212452 0.00278098951
v 0.0193591043 0.0210307464 0.00299142767
v 0.0192951132 0.0206913427 0.00283198641
v 0.0194196794 0.020778548 0.00304411771
v 0.0193374734 0.0204630606 0.00287076458
v 0.019465642 0.0205282811 0.00308417669
v 0.0193671826 0.0202361364 0.00289804605
v 0.0194978677 0.0202796124 0.00311236223
v 0.0193848107 0.020010177 0.00291435211
v 0.0195169989 0.0200320706 0.00312921288
v 0.016859876 0.0241684038 0.00109075825
v 0.0170453303 0.0240944047 0.00124030048
v 0.017225517 0.0240108427 0.00138572161
v 0.017399855 0.023918435 0.00152654236
v 0.0175678134 0.0238179415 0.00166234723
v 0.0177289862 0.0237101503 0.00179278641
v 0.0178830456 0.0235958658 0.00191758876
v 0.018029755 0.0234758835 0.00203655055
v 0.0181689709 0.0233509801 0.0021495414
v 0.0183006208 0.0232218951 0.00225649448
v 0.0184247177 0.0230893306 0.00235740514
v 0.0185413379 0.0229539331 0.00245231553
v 0.018650597 0.0228162948 0.0025413183
v 0.0187526755 0.0226769429 0.00262454059
v 0.0188477859 0.0225363486 0.00270214071
v 0.0190164112 0.0222559161 0.00283988472
v 0.0191606395 0.0219745822 0.00295787933
v 0.0192825273 0.0216940064 0.00305773411
v 0.0193840098 0.0214152057 0.00314099598
v 0.0194668546 0.0211386867 0.00320906658
v 0.0195325743 0.0208645556 0.00326316268
v 0.0195824225 0.0205926336 0.00330428733
v 0.0196173638 0.020322524 0.00333322468
v 0.0196381062 0.0200536903 0.00335053261
v 0.0165714864 0.0248630736 0.00145576883
v 0.0163955949 0.0251791384 0.00166604773
v 0.0167910531 0.0247763488 0.00161247549
v 0.0166324563 0.0250881333 0.00182453613
v 0.017004272 0.0246785898 0.00176471879
v 0.0168625135 0.0249853022 0.00197850983
v 0.0172104258 0.0245706402 0.00191201293
v 0.0170850009 0.0248715337 0.00212747883
v 0.0174089391 0.0244533923 0.00205394207
v 0.0172992889 0.024747774 0.00227102148
v 0.0175993182 0.0243277662 0.00219015754
v 0.0175048262 0.0246150084 0.00240878877
v 0.0177811943 0.0241947006 0.00232039322
v 0.0177012179 0.0244742315 0.00254050479
v 0.0179543048 0.0240551196 0.00244445284
v 0.0178881623 0.0243264344 0.00266597676
v 0.0181184802 0.0239099264 0.0025622109
v 0.0180654842 0.024172578 0.00278507569
v 0.0182736591 0.0237599779 0.0026736157
v 0.0182331037 0.0240135845 0.00289774919
v 0.018419873 0.0236060861 0.00277866959
v 0.0183910504 0.0238503199 0.00300400145
v 0.0185572021 0.0234489981 0.00287743146
v 0.0185394194 0.0236835834 0.00310388999
v 0.0186858252 0.0232893936 0.00297000562
v 0.0186783839 0.0235141069 0.00319752004
v 0.0188059416 0.0231278837 0.00305653526
v 0.0188081693 0.0233425442 0.00328503782
v 0.018917812 0.0229650065 0.00313718896
v 0.018929055 0.0231694728 0.0033666126
v 0.0191160664 0.0226403214 0.00328028924
v 0.0191432759 0.022824334 0.00351135153
v 0.0192855336 0.0223148167 0.00340280705
v 0.0193264168 0.0224781726 0.00363527611
v 0.019428676 0.0219903775 0.00350645231
v 0.0194811132 0.0221330263 0.0037401109
v 0.0195478052 0.0216681417 0.00359284668
v 0.0196098648 0.0217901357 0.00382750574
v 0.0196450204 0.0213486645 0.00366346771
v 0.0197149366 0.0214501098 0.00389894494
v 0.019722119 0.0210320484 0.00371958385
v 0.019798262 0.0211130772 0.00395571953
v 0.0197805837 0.0207180586 0.00376224983
v 0.0198614486 0.0207787976 0.00399889052
v 0.0198215656 0.0204062164 0.00379228266
v 0.0199057385 0.0204467811 0.00402928516
v 0.0198458824 0.0200958848 0.00381026487
v 0.0199320149 0.0201163515 0.00404749578
v 0.0159866009 0.0257376693 0.00213480508
v 0.0157563537 0.0259762276 0.00238999841
v 0.0162576307 0.0256429128 0.00229351502
v 0.0160439163 0.0258821938 0.00254729507
v 0.0165212546 0.0255346112 0.00244785124
v 0.0163239371 0.0257736947 0.00270039937
v 0.0167765561 0.0254137218 0.00259730103
v 0.0165954139 0.0256517045 0.00284878677
v 0.0170227326 0.0252812784 0.00274142437
v 0.0168574583 0.0255172886 0.00299200416
v 0.017259147 0.0251383688 0.00287985499
v 0.0171093307 0.025371572 0.00312966784
v 0.0174852684 0.0249860957 0.0030123014
v 0.0173504483 0.025215704 0.00326147489
v 0.0177007262 0.0248255674 0.003138548
v 0.0175803788 0.0250508487 0.00338719576
v 0.0179052688 0.0246578678 0.00325845927
v 0.017798828 0.0248781461 0.00350667816
v 0.0180987809 0.0244840384 0.00337196398
v 0.0180056449 0.0246986989 0.00361983944
v 0.0182812661 0.0243050642 0.00347905536
v 0.0182007849 0.0245135538 0.00372666307
v 0.0184527952 0.02412186 0.00357978209
v 0.0183843207 0.0243236814 0.0038271849
v 0.0186135471 0.0239352621 0.00367423915
v 0.0185564179 0.0241299812 0.00392149389
v 0.018763775 0.0237460267 0.00376256625
v 0.0187173244 0.0239332635 0.00400971482
v 0.0189037584 0.0235548224 0.00384492776
v 0.0188673269 0.0237342454 0.00409200788
v 0.0191520099 0.0231727399 0.00399113167
v 0.0191334952 0.0233359095 0.00423816219
v 0.0193643961 0.0227886699 0.00411638664
v 0.0193613656 0.0229347888 0.00436344603
v 0.0195439141 0.0224050414 0.00422240514
v 0.0195540711 0.022533562 0.00446953764
v 0.0196933895 0.0220233798 0.00431082305
v 0.0197146107 0.0221339408 0.00455805613
v 0.0198154263 0.0216444843 0.00438313
v 0.0198457222 0.0217368621 0.00463047018
v 0.0199122336 0.0212685931 0.00444061821
v 0.0199497566 0.0213426575 0.0046880641
v 0.0199856646 0.0208955295 0.00448435452
v 0.0200286862 0.0209512115 0.00473189261
v 0.020037137 0.0205248147 0.00451516546
v 0.0200840253 0.0205620825 0.00476278272
v 0.0200676844 0.0201557614 0.00453364896
v 0.02011686 0.0201746039 0.00478132535
v 0.015217592 0.02625704 0.00250674505
v 0.0155110471 0.0261853542 0.00265672011
v 0.0158145353 0.0260938741 0.00281169941
v 0.0161104817 0.0259869732 0.00296273781
v 0.0163977686 0.0258656293 0.00310929841
v 0.0166754164 0.0257309284 0.00325090555
v 0.0169426072 0.0255840216 0.003387162
v 0.0171986632 0.0254261047 0.0035177453
v 0.0174430776 0.0252583865 0.00364240934
v 0.0176755041 0.0250820648 0.00376098417
v 0.0178957302 0.0248982981 0.00387337035
v 0.0181036983 0.0247081965 0.00397953205
v 0.0182994362 0.0245127957 0.00407949602
v 0.0184831005 0.0243130513 0.00417333608
v 0.0186549295 0.0241098348 0.00426116353
v 0.0188151952 0.0239039194 0.00434313156
v 0.0190997981 0.0234909467 0.00448880065
v 0.01934365 0.0230741706 0.004613759
v 0.0195500199 0.0226565525 0.00471964385
v 0.0197220352 0.0222400222 0.00480803568
v 0.0198625866 0.0218256824 0.00488038035
v 0.0199741554 0.0214139875 0.00493794167
v 0.0200588219 0.0210049078 0.00498176273
v 0.0201181993 0.0205980558 0.00501266075
v 0.0201534331 0.0201928075 0.00503122155
v 0.0152524039 0.026363587 0.00293309824
v 0.0149822319 0.026509678 0.00321720121
v 0.0155710168 0.0262765381 0.00308495597
v 0.0153150028 0.026428964 0.0033652368
v 0.015882235 0.0261730831 0.00323318806
v 0.015640676 0.0263308343 0.00351002184
v 0.0161848217 0.0260541905 0.00337724038
v 0.0159578882 0.0262162369 0.0036509803
v 0.0164776891 0.0259209517 0.00351661979
v 0.0162654221 0.0260862485 0.00378759508
v 0.0167599022 0.0257745385 0.0036509058
v 0.0165622439 0.0259420555 0.00391942728
v 0.0170307048 0.0256161783 0.00377975358
v 0.016847482 0.0257849116 0.00404610159
v 0.0172895007 0.0254471246 0.00390289584
v 0.0171204507 0.0256161056 0.00416733092
v 0.0175358821 0.0252686273 0.00402014377
v 0.0173806399 0.0254369322 0.00428289454
v 0.0177695639 0.0250819065 0.00413137442
v 0.0176277198 0.025248671 0.00439265464
v 0.0179904345 0.024888128 0.00423653796
v 0.0178615097 0.0250525475 0.00449653435
v 0.0181985106 0.0246883947 0.00433563907
v 0.0180819687 0.0248497296 0.00459451787
v 0.0183939021 0.0244837236 0.00442873314
v 0.0182891823 0.0246412978 0.00468664523
v 0.0185768288 0.0242750477 0.00451592449
v 0.018483337 0.0244282503 0.0047729956
v 0.0187475681 0.0240631998 0.0045973463
v 0.0186647084 0.0242114849 0.00485369284
v 0.0190510321 0.0236373078 0.00474215951
v 0.0189873744 0.0237744749 0.00499735167
v 0.0193113163 0.0232063588 0.00486650225
v 0.019264454 0.0233309139 0.00512084039
v 0.0195317622 0.0227736309 0.00497194333
v 0.0194993634 0.0228844341 0.00522565283
v 0.0197156537 0.022341311 0.0050600227
v 0.0196954701 0.0224375073 0.00531327631
v 0.0198659804 0.0219106954 0.00513215316
v 0.0198558848 0.0219916608 0.00538507896
v 0.0199853666 0.0214823913 0.0051895706
v 0.019983355 0.0215476789 0.00544226868
v 0.0200759936 0.0210564733 0.00523330364
v 0.0200801529 0.0211057719 0.00548584806
v 0.0201395657 0.0206326395 0.00526415324
v 0.0201480687 0.0206657443 0.00551660778
v 0.020177288 0.020210322 0.0052826996
v 0.0201883838 0.0202271063 0.00553511316
v 0.0147024253 0.0266226027 0.00350703835
v 0.0150482021 0.0265501291 0.00365066505
v 0.015387333 0.0264592189 0.00379146612
v 0.0157183316 0.0263507757 0.00392884249
v 0.0160398558 0.0262258574 0.00406225445
v 0.0163507275 0.026085645 0.00419123052
v 0.0166499615 0.0259314086 0.00431537582
v 0.0169367641 0.0257644672 0.00443436764
v 0.017210545 0.0255861599 0.00454796432
v 0.0174708646 0.0253978167 0.00465599727
v 0.0177174881 0.0252007246 0.00475836685
v 0.0179503076 0.0249961112 0.00485503115
v 0.0181693658 0.0247851312 0.00494601112
v 0.018374823 0.0245688446 0.0050313673
v 0.0185669065 0.0243482161 0.00511120027
v 0.018909039 0.0239019692 0.00525347842
v 0.019203227 0.0234474298 0.00537593663
v 0.0194529127 0.0229886156 0.00547998631
v 0.0196615458 0.022528328 0.00556704728
v 0.019832341 0.0220683496 0.00563844293
v 0.0199681334 0.0216096733 0.00569534302
v 0.0200712942 0.0211526752 0.00573872775
v 0.0201436952 0.0206972826 0.00576936686
v 0.0201866776 0.0202431157 0.00578781404
v 0.016530063 0.0245920159 0.0011143476
v 0.0167266093 0.024525376 0.00126355747
v 0.0169289932 0.024444364 0.00141729414
v 0.0171255339 0.0243530758 0.0015667011
v 0.0173155908 0.0242522936 0.00171129312
v 0.0174986236 0.0241428427 0.0018506546
v 0.0176741779 0.0240255874 0.00198444258
v 0.0178419109 0.0239013918 0.00211238605
v 0.0180015806 0.0237711221 0.00223428826
v 0.0181530286 0.0236356147 0.00235002255
v 0.0182962045 0.0234956723 0.00245953165
v 0.0184311122 0.0233520474 0.00256281579
v 0.0185578428 0.0232054349 0.00265993061
v 0.0186765529 0.0230564717 0.00275097275
v 0.018787425 0.0229057241 0.00283608004
v 0.0188906919 0.0227536969 0.00291541847
v 0.0190737192 0.0224506259 0.00305620278
v 0.0192302149 0.0221467689 0.00317676039
v 0.0193624124 0.021843886 0.00327875605
v 0.01947245 0.0215430409 0.0033637865
v 0.0195622481 0.0212447587 0.00343329087
v 0.0196334776 0.0209491327 0.00348852202
v 0.0196874961 0.0206559487 0.0035305121
v 0.0197253581 0.0203647614 0.00356006017
v 0.0197478272 0.0200749803 0.00357774552
v 0.0159536377 0.0255477075 0.00173847761
v 0.016200183 0.025471352 0.00189292303
v 0.0164542459 0.0253776349 0.0020520559
v 0.0167011619 0.0252712518 0.00220670714
v 0.0169400852 0.025153134 0.0023563751
v 0.0171703007 0.0250242744 0.00250062835
v 0.0173912216 0.0248857103 0.00263911369
v 0.0176023953 0.024738498 0.00277155149
v 0.0178034864 0.0245836861 0.00289773545
v 0.0179942939 0.0244222973 0.0030175359
v 0.0181747228 0.024255313 0.00313089346
v 0.0183447767 0.0240836572 0.00323781022
v 0.0185045693 0.0239081904 0.00333833951
v 0.0186542608 0.0237296894 0.00343258516
v 0.0187940933 0.023548862 0.0035206906
v 0.0189243592 0.0233663283 0.00360282441
v 0.0191552732 0.0230020154 0.00374857755
v 0.0193527378 0.0226362981 0.00387339666
v 0.0195195675 0.022271391 0.00397901097
v 0.0196584426 0.0219086651 0.00406706659
v 0.0197717845 0.0215488095 0.00413905829
v 0.019861687 0.0211919956 0.00419628201
v 0.0199298654 0.0208380073 0.00423980411
v 0.0199776571 0.0204863474 0.00427045627
v 0.0200060122 0.0201363284 0.0042888294
v 0.0201264489 0.0207271762 0.00602177577
v 0.0201721806 0.0202583075 0.00604015589
v -0.0202879291 -0.0202272683 0.00615228992
v -0.0203050897 0.0197726786 0.00608914951
v -0.020287862 -0.0202552564 0.00615231413
v -0.0202190764 -0.0212203562 0.00612981385
v -0.0201846212 -0.0214428529 0.00611809175
v -0.0202619229 -0.0208373759 0.00614420697
v -0.0202697106 -0.0207375642 0.00614676997
v -0.0200161505 -0.0221884567 0.00606018491
v -0.0198788997 -0.0226214826 0.00601270702
v -0.0201350506 -0.0217039566 0.00610112492
v -0.0200566202 -0.0220390707 0.00607414637
v -0.0198603272 -0.0226735715 0.00600627251
v -0.0196650065 -0.0231584832 0.00593848014
v -0.0196528025 -0.0231856909 0.00593423843
v -0.0194271505 -0.0236416534 0.00585573865
v -0.0193800237 -0.0237274412 0.00583932735
v -0.0191433858 -0.0241206139 0.00575685874
v -0.0190626699 -0.024242539 0.00572870811
v -0.0188101884 -0.024591757 0.00564059708
v -0.0187031534 -0.0247270763 0.00560322264
v -0.0184241738 -0.0250500962 0.00550575415
v -0.0183042884 -0.0251772851 0.00546384975
v -0.0178689696 -0.0255899038 0.00531160412
v -0.017987404 -0.0254846718 0.00535303634
v -0.0182127375 -0.025270205 0.00543184206
v -0.0174005833 -0.0259617139 0.00514766667
v -0.0174943674 -0.0258925371 0.00518050091
v -0.0177479777 -0.0256924871 0.0052692676
v -0.0172265843 -0.0260836333 0.00508673955
v -0.0169447921 -0.0262645166 0.00498803845
v -0.0169026945 -0.0262898728 0.00497329049
v -0.016649304 -0.0264338609 0.00488450471
v -0.0163790695 -0.0265719127 0.00478978967
v -0.0158336852 -0.0268056802 0.00459856121
v -0.0160194114 -0.0267325137 0.00466369186
v -0.0163406171 -0.0265903175 0.00477630971
v -0.0152707491 -0.0269893724 0.00440107705
v -0.0153431902 -0.0269688386 0.00442649657
v -0.0156865735 -0.0268591158 0.00454696175
v -0.0146301752 -0.0271330308 0.00417624367
v -0.0146944951 -0.0271216184 0.00419882499
v -0.0149905635 -0.0270604938 0.00430274988
v -0.0141093219 -0.0272013992 0.00399334915
v -0.0142636821 -0.0271855611 0.00404755771
v -0.0138928825 -0.0272174031 0.00391732529
v -0.013896619 0.0267622862 0.00382529246
v -0.0190832671 0.0237876531 0.00565289007
v -0.0188518204 0.024109751 0.00557100866
v -0.0187241659 0.0242720954 0.00552587351
v -0.0184693523 0.0245689005 0.00543582439
v -0.0183256958 0.0247221962 0.00538508268
v -0.018255163 0.0247941371 0.00536017446
v -0.0180265233 0.0250135735 0.00527945766
v -0.0178907309 0.0251347069 0.0052315346
v -0.0177832618 0.0252261013 0.00519361347
v -0.0172528066 0.0256255399 0.00500653498
v -0.0174226593 0.0255063977 0.00506642321
v -0.0175253265 0.0254305191 0.00510262931
v -0.0169250555 0.0258344337 0.0048910114
v -0.0169659462 0.0258098077 0.00490542175
v -0.0166651811 0.0259819217 0.00479944143
v -0.0164016709 0.0261163432 0.00470661838
v -0.0163511373 0.0261404626 0.00468882034
v -0.0160246454 0.0262840223 0.00457385322
v -0.0158564895 0.0263499711 0.00451465277
v -0.0156867616 0.0264112484 0.00445491029
v -0.0152937183 0.0265335236 0.00431659212
v -0.0153387478 0.0265208706 0.00433243765
v -0.0149820643 0.0266117528 0.00420695124
v -0.0147175668 0.0266656242 0.0041139191
v -0.0146183521 0.0266829282 0.0040790285
v -0.0142493993 0.0267336275 0.00394930039
v -0.0141324699 0.026745256 0.00390819367
v -0.0196724907 0.0227309596 0.00586175499
v -0.0194622409 0.0231588949 0.00578713929
v -0.0194001794 0.0232726354 0.00576513493
v -0.0191816483 0.0236381181 0.00568771781
v -0.0202892199 0.0202549696 0.00608273782
v -0.0202796049 0.0203827806 0.00607914012
v -0.0202409048 0.0207377095 0.00606492814
v -0.0202028248 0.0209882371 0.00605111336
v -0.0201592688 0.0212212373 0.00603540661
v -0.020075338 0.0215844177 0.00600528764
v -0.020042859 0.0217056591 0.00599366566
v -0.0198935531 0.0221788976 0.00594181893
v -0.0196971241 0.022675626 0.00587050663
v -0.0141912345 -0.0271853991 0.00361381914
v -0.0191222485 -0.0202328395 0.00230640452
v -0.0191813577 -0.0202327538 0.0023767727
v -0.0191813372 -0.0202433039 0.0023767727
v -0.0193778481 -0.0202324353 0.00263136299
v -0.0194826499 -0.0202322435 0.00278234808
v -0.0194826219 -0.020245323 0.00278235017
v -0.0196057297 -0.0202319883 0.0029763279
v -0.0196175445 -0.0202319622 0.00299603166
v -0.0196175165 -0.0202462897 0.00299603562
v -0.0198043305 -0.0202315021 0.00333893811
v -0.0198541135 -0.0202313606 0.00344246323
v -0.0198540818 -0.0202481318 0.00344247115
v -0.0199722946 -0.0202309769 0.00371671771
v -0.0200444218 -0.0202307031 0.00391049124
v -0.0200443845 -0.020249825 0.00391050288
v -0.0201084744 -0.0202304199 0.0041070818
v -0.0201216005 -0.0202303566 0.00415111799
v -0.0201215614 -0.0202506147 0.00415112963
v -0.0202119388 -0.0202298332 0.00450736191
v -0.0202390272 -0.0202296302 0.00464252243
v -0.0202389807 -0.0202520601 0.0046425378
v -0.0202819798 -0.0202292185 0.00491482206
v -0.0203062613 -0.0202288684 0.0051432685
v -0.0203062091 -0.0202533249 0.00514328666
v -0.0203181151 -0.0202285852 0.00532667618
v -0.0203208216 -0.0202284772 0.00539554749
v -0.0203207675 -0.0202538874 0.00539556937
v -0.0203201044 -0.0202279333 0.0057401075
v -0.0203116443 -0.0202276763 0.00590070384
v -0.020311581 -0.0202548523 0.00590072852
v -0.0203225594 -0.020254394 0.00564826373
v -0.0203226171 -0.0202280786 0.00564824278
v -0.0202789251 -0.0202527195 0.00489206286
v -0.0202789735 -0.0202292539 0.00489204424
v -0.020186482 -0.0202513598 0.00439534988
v -0.0201865248 -0.020229999 0.00439533638
v -0.0199551489 -0.020248998 0.00367408269
v -0.0199551843 -0.0202310383 0.00367407268
v -0.0197414421 -0.0202472284 0.00321626361
v -0.0197414719 -0.0202316679 0.00321625755
v -0.0193371065 -0.0202443264 0.00257575465
v -0.0193371288 -0.0202325061 0.00257575279
v -0.0190157127 -0.0202422589 0.00218591816
v -0.0190157313 -0.0202329829 0.00218591839
v -0.0201675873 -0.0216622278 0.0058490918
v -0.0202467702 -0.0211921856 0.00587801449
v -0.0202944763 -0.0207232125 0.0058951173
v -0.0200554952 -0.0221335888 0.00580781233
v -0.019908512 -0.0226061605 0.00575343193
v -0.0197241381 -0.0230793469 0.00568501325
v -0.0194994118 -0.0235518776 0.00560144614
v -0.0192310102 -0.0240216199 0.00550147751
v -0.0189154223 -0.0244853571 0.00538378907
v -0.0185492057 -0.0249385685 0.00524708116
v -0.0183483325 -0.0251571424 0.00517204497
v -0.0181340277 -0.0253708214 0.00509196101
v -0.017906066 -0.0255786628 0.00500673801
v -0.0176642872 -0.0257796291 0.00491631497
v -0.0174086578 -0.0259725936 0.00482067792
v -0.0171392541 -0.0261563491 0.00471984828
v -0.0168563109 -0.0263296403 0.00461391034
v -0.0165602155 -0.0264911465 0.00450300239
v -0.0162515342 -0.0266395491 0.00438733445
v -0.0159310345 -0.026773518 0.0042671808
v -0.0155996652 -0.0268917717 0.00414289301
v -0.0152585795 -0.0269931108 0.00401489064
v -0.0149091147 -0.0270764325 0.00388366613
v -0.0145527814 -0.027140785 0.00374977197
v -0.0203064755 -0.0207079593 0.00564258732
v -0.0202616248 -0.0211622398 0.00562533829
v -0.0201871637 -0.021617813 0.00559617998
v -0.0200817231 -0.0220750459 0.0055545629
v -0.0199433882 -0.0225339923 0.00549972197
v -0.0197697543 -0.0229942426 0.00543069094
v -0.019557938 -0.023454776 0.00534631545
v -0.0193047002 -0.0239137542 0.00524529209
v -0.0190065708 -0.0243683141 0.00512622856
v -0.0186600983 -0.0248143729 0.00498773297
v -0.0184698086 -0.0250303037 0.00491162483
v -0.0182666034 -0.0252420157 0.0048303199
v -0.0180502199 -0.0254486352 0.00474371249
v -0.0178204644 -0.0256491844 0.00465172157
v -0.017577244 -0.025842607 0.00455430569
v -0.0173205752 -0.0260277577 0.00445146579
v -0.0170506164 -0.0262034349 0.00434325589
v -0.0167676639 -0.0263683703 0.004229791
v -0.0164721906 -0.0265212785 0.00411124947
v -0.0161648411 -0.0266608726 0.00398787763
v -0.0158464443 -0.0267858692 0.0038599947
v -0.0155180236 -0.0268950667 0.00372799439
v -0.0151807759 -0.0269873366 0.00359233585
v -0.0148360739 -0.0270616785 0.00345355272
v -0.0144854328 -0.0271172468 0.00331222801
v -0.0203056764 -0.0206918437 0.0053898273
v -0.0202635974 -0.0211306028 0.00537243951
v -0.0201937314 -0.0215708222 0.00534305954
v -0.0200947616 -0.0220129825 0.00530112814
v -0.0199648626 -0.0224572625 0.00524585927
v -0.0198017154 -0.0229034256 0.00517626014
v -0.0196025483 -0.0233506486 0.00509114051
v -0.0193642136 -0.0237973668 0.00498914765
v -0.0190833136 -0.0242410433 0.0048688231
v -0.0187564287 -0.0246779863 0.00472869212
v -0.0185766891 -0.0248901937 0.00465160515
v -0.0183845852 -0.0250987951 0.00456918962
v -0.0181798302 -0.0253029615 0.00448132027
v -0.0179621968 -0.0255017933 0.0043878993
v -0.0177315585 -0.0256942883 0.00428886339
v -0.0174878724 -0.02587937 0.00418419251
v -0.0172312316 -0.0260558873 0.00407391833
v -0.0169618633 -0.0262226351 0.00395812839
v -0.0166801494 -0.0263783745 0.00383697241
v -0.01638663 -0.0265218373 0.00371067389
v -0.0160820317 -0.0266517773 0.00357952202
v -0.0157672502 -0.026766995 0.0034438842
v -0.0154433567 -0.0268663447 0.00330419466
v -0.0151115879 -0.0269487947 0.00316096167
v -0.0147733297 -0.0270134546 0.00301474822
v -0.0202920791 -0.0206749048 0.00513748638
v -0.0202526879 -0.021097349 0.00511997472
v -0.0201872699 -0.0215213858 0.00509040523
v -0.0200945791 -0.0219475739 0.00504820189
v -0.0199728683 -0.0223761983 0.00499256607
v -0.0198199302 -0.0228071623 0.00492247846
v -0.0196331032 -0.0232398249 0.00483671948
v -0.0194093511 -0.0236728452 0.00473389355
v -0.0191453807 -0.0241039935 0.00461248402
v -0.0188378301 -0.024529919 0.00447094673
v -0.018668551 -0.0247373674 0.00439301413
v -0.0184874889 -0.024941735 0.00430963887
v -0.0182943381 -0.0251422618 0.00422067987
v -0.0180888586 -0.0253381021 0.00412602304
v -0.0178708807 -0.025528321 0.00402558455
v -0.0176403318 -0.0257118996 0.00391932903
v -0.0173972454 -0.0258877501 0.00380726275
v -0.0171417873 -0.0260547195 0.00368945324
v -0.0168742593 -0.0262116157 0.00356602762
v -0.0165951196 -0.0263572168 0.003437181
v -0.0163049921 -0.0264903121 0.00330318208
v -0.0160046667 -0.0266097002 0.00316437101
v -0.0156950988 -0.0267142542 0.00302116433
v -0.0153774004 -0.0268029198 0.00287404074
v -0.0150528336 -0.0268747713 0.00272354879
v -0.0202657226 -0.0206571892 0.00488620996
v -0.0202289205 -0.0210625697 0.00486860238
v -0.0201677978 -0.0214696303 0.00483888341
v -0.0200811718 -0.0218789931 0.00479647331
v -0.0199673865 -0.0222910233 0.00474055577
v -0.0198243447 -0.0227057356 0.00467009563
v -0.0196495056 -0.0231226422 0.00458384538
v -0.0194399655 -0.0235406086 0.00448037311
v -0.0191925522 -0.0239576455 0.00435811793
v -0.0189039931 -0.0243707374 0.00421547191
v -0.0187450293 -0.0245724246 0.00413687341
v -0.018574886 -0.0247714892 0.00405273447
v -0.0183932558 -0.024967229 0.00396290747
v -0.0181998797 -0.0251588505 0.00386725971
v -0.0179945659 -0.0253454819 0.00376569573
v -0.0177772138 -0.0255261678 0.0036581608
v -0.0175478123 -0.0256998744 0.00354464562
v -0.017306475 -0.025865512 0.00342519465
v -0.0170534384 -0.0260219369 0.00329991849
v -0.0167890936 -0.0261679757 0.0031689899
v -0.0165139697 -0.0263024475 0.00303265615
v -0.0162287652 -0.0264241938 0.00289123785
v -0.0159343239 -0.0265320819 0.00274512707
v -0.015631659 -0.0266250726 0.00259478833
v -0.0153219094 -0.0267022066 0.0024407506
v -0.0202266704 -0.0206387434 0.00463664485
v -0.0201923605 -0.0210263543 0.00461897207
v -0.0201353673 -0.0214156955 0.00458916463
v -0.0200545769 -0.0218074322 0.0045466274
v -0.0199484322 -0.0222019851 0.00449054269
v -0.0198149439 -0.0225994531 0.00441985717
v -0.0196517054 -0.0229994748 0.00433330424
v -0.0194559544 -0.0234010816 0.00422942592
v -0.0192246586 -0.023802517 0.00410662312
v -0.0189546682 -0.0242010485 0.00396324182
v -0.0188058242 -0.0243960172 0.00388419093
v -0.0186464246 -0.0245887544 0.00379953254
v -0.0184761602 -0.0247786026 0.00370910275
v -0.0182947684 -0.0249648299 0.00361276418
v -0.0181020405 -0.0251466203 0.00351040508
v -0.0178978518 -0.0253230706 0.00340195722
v -0.0176821668 -0.0254932158 0.00328739686
v -0.0174550489 -0.0256560147 0.00316675613
v -0.0172166973 -0.025810387 0.0030401249
v -0.0169674214 -0.0259552058 0.00290766009
v -0.0167076904 -0.0260893367 0.00276959036
v -0.0164381135 -0.0262116492 0.00262622023
v -0.016159445 -0.0263210479 0.0024779255
v -0.015872594 -0.0264164899 0.00232515275
v -0.0155785913 -0.0264970213 0.00216841651
v -0.0201750267 -0.0206196085 0.00438943086
v -0.0201430973 -0.0209887959 0.00437173713
v -0.0200900622 -0.0213597268 0.00434190826
v -0.0200148709 -0.021733081 0.00429935055
v -0.0199160594 -0.022109326 0.0042432365
v -0.0197917558 -0.0224886183 0.00417250628
v -0.0196396951 -0.0228707008 0.00408587838
v -0.0194572676 -0.0232547373 0.00398187945
v -0.0192415919 -0.023639163 0.00385888759
v -0.0189896636 -0.0240214895 0.00371521385
v -0.0188506972 -0.02420884 0.00363596599
v -0.0187018123 -0.0243942775 0.00355107035
v -0.0185426977 -0.0245771948 0.00346035231
v -0.0183730982 -0.0247569084 0.00336366892
v -0.0181927979 -0.0249326546 0.00326089887
v -0.0180016626 -0.0251035988 0.00315196137
v -0.0177996233 -0.025268821 0.00303682568
v -0.0175867286 -0.025427347 0.00291550858
v -0.017363118 -0.0255781431 0.00278808968
v -0.0171290673 -0.0257201511 0.00265470915
v -0.0168849733 -0.0258522741 0.00251558702
v -0.0166313797 -0.0259734299 0.00237100921
v -0.0163689591 -0.0260825511 0.00222133938
v -0.0160985216 -0.0261786245 0.00206701132
v -0.0158210117 -0.0262607075 0.00190852722
v -0.0201109182 -0.0205998439 0.00414520083
v -0.0200812649 -0.0209499951 0.00412753643
v -0.0200320054 -0.0213018674 0.00409777137
v -0.0199621581 -0.0216561463 0.00405531656
v -0.0198703576 -0.0220133141 0.00399933709
v -0.0197548512 -0.0223735701 0.00392877357
v -0.0196135174 -0.0227367245 0.00384234008
v -0.0194438975 -0.0231020544 0.00373855652
v -0.0192432869 -0.0234681536 0.00361578749
v -0.0190088451 -0.0238327514 0.00347232912
v -0.0188794676 -0.0240116362 0.00339317857
v -0.0187408123 -0.0241888594 0.00330836792
v -0.018592583 -0.0243638642 0.00321772113
v -0.0184345245 -0.0245360117 0.00312108523
v -0.0182664245 -0.0247045904 0.0030183359
v -0.0180881359 -0.0248688143 0.00290939049
v -0.0178995915 -0.0250278283 0.00279420312
v -0.0177008081 -0.0251807142 0.00267278752
v -0.0174918976 -0.0253264997 0.00254521216
v -0.0172730926 -0.0254641734 0.00241161208
v -0.0170447472 -0.0255926978 0.00227219239
v -0.0168073364 -0.0257110428 0.0021272304
v -0.0165614653 -0.025818184 0.00197707908
v -0.0163078699 -0.0259131398 0.00182216486
v -0.0160474051 -0.02599499 0.00166297774
v -0.0200345144 -0.0205794927 0.00390458386
v -0.0200070217 -0.0209100507 0.00388700399
v -0.0199613497 -0.0212422758 0.00385740376
v -0.0198965855 -0.0215768404 0.00381518947
v -0.0198114607 -0.0219142195 0.00375953363
v -0.0197043382 -0.0222546458 0.00368938176
v -0.0195732452 -0.022597963 0.00360344909
v -0.0194158908 -0.0229435395 0.00350025832
v -0.0192297418 -0.023290094 0.00337818102
v -0.0190121382 -0.0236355495 0.00323551078
v -0.0188920256 -0.0238051787 0.00315678585
v -0.0187632721 -0.023973342 0.00307242014
v -0.018625604 -0.0241395216 0.00298224133
v -0.0184787717 -0.0243031234 0.00288609299
v -0.018322574 -0.0244634803 0.00278384844
v -0.0181568619 -0.0246198643 0.00267541991
v -0.0179815628 -0.0247714669 0.00256076152
v -0.0177966841 -0.0249174349 0.00243988167
v -0.0176023152 -0.0250568483 0.00231284322
v -0.0173986629 -0.0251887608 0.00217977795
v -0.0171860326 -0.0253121965 0.00204088376
v -0.0169648565 -0.0254261661 0.0018964347
v -0.0167356823 -0.0255297069 0.00174677244
v -0.0164991803 -0.0256218798 0.00159231899
v -0.0162561145 -0.0257018059 0.00143355678
v -0.0199460126 -0.020558605 0.0036681972
v -0.0199205596 -0.0208690614 0.00365076866
v -0.0198782794 -0.0211811047 0.00362143945
v -0.0198183302 -0.0214953739 0.00357962656
v -0.0197395291 -0.0218123272 0.00352450763
v -0.0196403656 -0.0221321918 0.00345503655
v -0.0195190087 -0.0224548485 0.00336994859
v -0.0193733368 -0.0227797143 0.00326777692
v -0.0192010012 -0.0231056157 0.00314690894
v -0.0189995319 -0.0234306268 0.00300565991
v -0.0188883189 -0.0235902835 0.00292772078
v -0.018769104 -0.0237486139 0.00284419931
v -0.0186416209 -0.0239051301 0.00275492482
v -0.0185056422 -0.0240592808 0.00265974132
v -0.0183609836 -0.0242104512 0.00255852356
v -0.0182074998 -0.0243579522 0.00245118747
v -0.0180451199 -0.024501035 0.00233768602
v -0.0178738479 -0.0246389005 0.0022180269
v -0.0176937617 -0.0247706939 0.00209227554
v -0.0175050423 -0.0248955209 0.00196055812
v -0.0173079744 -0.0250124671 0.00182307477
v -0.0171029437 -0.0251206122 0.00168009207
v -0.016890455 -0.0252190437 0.00153195625
v -0.0166711137 -0.0253068805 0.00137907616
v -0.0164456312 -0.0253832843 0.00122193689
v -0.0198456347 -0.0205372423 0.00343664689
v -0.0198221039 -0.0208271425 0.00341944047
v -0.01978302 -0.0211185236 0.00339050754
v -0.0197276063 -0.0214119721 0.00334926974
v -0.0196547713 -0.0217079241 0.00329492125
v -0.0195631254 -0.0220065787 0.00322643598
v -0.0194509793 -0.0223078262 0.00314256689
v -0.019316379 -0.0226111226 0.00304187788
v -0.0191571675 -0.0229153708 0.00292278943
v -0.0189710762 -0.0232187696 0.0027836489
v -0.0188683625 -0.0233678017 0.00270688604
v -0.0187582709 -0.0235155933 0.00262464024
v -0.018640561 -0.0236616898 0.00253673876
v -0.0185150169 -0.0238055736 0.00244303676
v -0.0183814764 -0.0239466764 0.00234341086
v -0.0182398036 -0.0240843538 0.00223778281
v -0.0180899426 -0.0242179092 0.00212610909
v -0.0179318879 -0.0243465938 0.00200840319
v -0.0177657232 -0.0244696196 0.00188473053
v -0.0175916143 -0.0245861541 0.00175522501
v -0.0174098257 -0.0246953387 0.00162008498
v -0.0172207132 -0.0247963276 0.00147958298
v -0.0170247443 -0.024888264 0.00133405812
v -0.0168224778 -0.0249703303 0.00118392322
v -0.0166145656 -0.0250417572 0.00102965825
v -0.0197336413 -0.0205154531 0.0032105241
v -0.0197119135 -0.0207843985 0.00319362362
v -0.0196758229 -0.0210546907 0.00316521944
v -0.0196246617 -0.0213268623 0.00312474929
v -0.0195574258 -0.0216013007 0.00307142781
v -0.0194728412 -0.0218781736 0.00300425384
v -0.0193693638 -0.022157358 0.0029220134
v -0.0192452054 -0.0224383269 0.00282331021
v -0.0190983973 -0.0227200277 0.00270661083
v -0.0189268738 -0.0230007768 0.00257032108
v -0.0188322384 -0.0231386088 0.0024951566
v -0.0187308267 -0.0232752394 0.002414644
v -0.01862243 -0.0234102402 0.00232861959
v -0.0185068566 -0.0235431306 0.00223694602
v -0.0183839556 -0.0236733835 0.00213951129
v -0.0182536207 -0.0238003917 0.00203624251
v -0.0181157961 -0.0239235181 0.00192710524
v -0.0179704949 -0.024042068 0.00181212078
v -0.0178178027 -0.0241553038 0.00169136398
v -0.0176578742 -0.0242624562 0.0015649742
v -0.01749097 -0.0243627429 0.00143315387
v -0.0173174199 -0.024455376 0.00129618135
v -0.0171376634 -0.0245395731 0.00115439948
v -0.0169522166 -0.0246145837 0.00100822165
v -0.0167616941 -0.0246797018 0.000858124287
v -0.0196103174 -0.020493295 0.00299041416
v -0.0195902698 -0.020740943 0.00297390367
v -0.0195569713 -0.0209897812 0.00294617191
v -0.0195097756 -0.0212402791 0.00290667731
v -0.0194477681 -0.0214927606 0.00285465945
v -0.0193697847 -0.0217473581 0.0027891486
v -0.0192744192 -0.0220039077 0.00270897453
v -0.0191600509 -0.0222618859 0.00261279615
v -0.0190248955 -0.0225202832 0.0024991401
v -0.0188670959 -0.022777481 0.00236648647
v -0.0187800843 -0.0229036119 0.00229336717
v -0.0186868832 -0.0230285339 0.00221507344
v -0.018587308 -0.0231518559 0.00213145697
v -0.0184811931 -0.0232731234 0.00204238924
v -0.0183684118 -0.023391841 0.00194777315
v -0.0182488784 -0.0235074554 0.00184754306
v -0.0181225557 -0.0236193687 0.00174168346
v -0.0179894716 -0.0237269383 0.00163022475
v -0.0178497117 -0.0238294862 0.00151324936
v -0.0177034438 -0.0239263158 0.00139090978
v -0.017550908 -0.0240167044 0.00126341975
v -0.0173924435 -0.024099933 0.00113105774
v -0.0172284488 -0.0241752975 0.000994178117
v -0.0170594249 -0.0242421143 0.000853194448
v -0.0168859344 -0.0242997613 0.000708583451
v -0.0194759835 -0.0204708278 0.00277687795
v -0.0194574911 -0.020696884 0.00276085082
v -0.0194267817 -0.0209239628 0.00273394887
v -0.0193832647 -0.0211524554 0.00269565033
v -0.0193261076 -0.0213826168 0.00264523015
v -0.0192542579 -0.0216145162 0.00258175656
v -0.0191664435 -0.0218479615 0.00250411662
v -0.0190611985 -0.0220823977 0.00241103349
v -0.0189369265 -0.0223168358 0.00230111135
v -0.0187919736 -0.0225497298 0.00217292039
v -0.018712109 -0.0226637367 0.0021023117
v -0.0186266173 -0.0227764994 0.00202674582
v -0.0185353402 -0.0228876416 0.00194609037
v -0.0184381418 -0.0229967516 0.00186023186
v -0.018334914 -0.0231033619 0.0017690846
v -0.0182256009 -0.0232069604 0.00167260505
v -0.0181101877 -0.0233069938 0.00157078868
v -0.0179887097 -0.0234028772 0.00146367925
v -0.0178612713 -0.0234939866 0.00135137758
v -0.0177280474 -0.023579685 0.00123404758
v -0.0175892878 -0.0236593243 0.00111191219
v -0.0174453054 -0.023732258 0.000985263265
v -0.0172965042 -0.0237978566 0.000854458893
v -0.017143352 -0.0238555223 0.000719920616
v -0.0169863924 -0.0239047017 0.000582125154
v -0.0193309821 -0.0204481054 0.00257046544
v -0.0193139222 -0.0206523407 0.00255501852
v -0.0192855969 -0.0208574124 0.0025291089
v -0.0192454718 -0.0210636333 0.00249224436
v -0.0191927925 -0.0212711785 0.00244373037
v -0.0191266071 -0.0214800462 0.00238269288
v -0.0190457702 -0.0216899943 0.00230807741
v -0.0189489722 -0.0219004452 0.00221868674
v -0.0188347939 -0.0221104138 0.00211322075
v -0.0187017843 -0.0223183837 0.00199035835
v -0.0186285786 -0.0224199258 0.00192274491
v -0.0185502805 -0.0225201566 0.00185043761
v -0.0184667557 -0.0226187278 0.00177331548
v -0.0183778964 -0.0227152482 0.00169128529
v -0.0182836242 -0.0228092875 0.00160428148
v -0.0181839075 -0.022900369 0.00151227578
v -0.01807875 -0.0229879878 0.00141528388
v -0.0179682113 -0.0230716038 0.00131336809
v -0.01785242 -0.0231506601 0.00120664609
v -0.0177315511 -0.0232245792 0.00109529484
v -0.0176058635 -0.0232927799 0.000979554141
v -0.0174756721 -0.023354698 0.000859725289
v -0.0173413716 -0.0234097764 0.000736177783
v -0.0172034204 -0.0234574992 0.000609333103
v -0.0170623288 -0.0234974083 0.000479672279
v -0.0191756841 -0.0204251856 0.0023717056
v -0.0191599354 -0.0206074249 0.00235694181
v -0.0191337932 -0.0207903087 0.0023322003
v -0.0190967731 -0.0209740531 0.00229701283
v -0.0190481972 -0.0211587586 0.00225073262
v -0.0189872067 -0.0213443432 0.00219254498
v -0.0189127773 -0.021530509 0.00212146877
v -0.0188237466 -0.0217166394 0.00203639548
v -0.0187188648 -0.021901736 0.00193613418
v -0.0185968745 -0.0220843256 0.00181949313
v -0.0185298249 -0.0221731495 0.00175537623
v -0.018458182 -0.022260569 0.00168686826
v -0.0183818415 -0.0223462675 0.00161386852
v -0.0183007214 -0.0224298723 0.00153630238
v -0.0182147752 -0.0225109868 0.00145412853
v -0.0181239918 -0.0225891694 0.00136733509
v -0.0180284008 -0.0226639658 0.00127596222
v -0.0179280918 -0.0227348842 0.00118009257
v -0.0178232025 -0.0228014197 0.00107986038
v -0.0177139267 -0.022863064 0.000975461502
v -0.0176005363 -0.0229193047 0.000867152528
v -0.017483348 -0.022969652 0.000755245914
v -0.0173627567 -0.0230136327 0.000640118786
v -0.0172392018 -0.0230508205 0.000522198505
v -0.017113192 -0.0230808407 0.000401968078
v -0.0190104898 -0.0204021316 0.00218110834
v -0.0189959314 -0.0205622576 0.00216713804
v -0.0189717766 -0.0207228288 0.00214374065
v -0.0189375766 -0.0208839644 0.00211048848
v -0.0188927315 -0.0210456774 0.002066785
v -0.0188364685 -0.0212078113 0.00201187748
v -0.0187678803 -0.0213699974 0.00194487046
v -0.0186859351 -0.0215315819 0.00186476042
v -0.0185895469 -0.021691544 0.00177047856
v -0.0184776448 -0.0218484495 0.00166097388
v -0.0184162389 -0.0219243746 0.00160086819
v -0.0183507036 -0.0219988022 0.00153671158
v -0.0182809643 -0.0220714193 0.00146843109
v -0.018206967 -0.0221418906 0.00139597466
v -0.0181286894 -0.0222098418 0.00131932285
v -0.0180461518 -0.022274876 0.00123848813
v -0.0179594066 -0.0223365761 0.00115353102
v -0.0178685635 -0.0223944969 0.00106455642
v -0.0177737847 -0.0224482026 0.000971723115
v -0.0176752843 -0.0224972367 0.000875245139
v -0.0175733417 -0.0225411672 0.000775390537
v -0.0174682867 -0.0225795731 0.00067248859
v -0.0173605122 -0.0226120744 0.000566923933
v -0.0172504578 -0.0226383228 0.000459127943
v -0.0171386134 -0.0226580352 0.000349581765
v -0.0190328918 0.0197669622 0.00212277798
v -0.0191394091 0.0197671074 0.00224326411
v -0.0191985182 0.0197671931 0.00231363229
v -0.0193542894 0.0197674409 0.00251261215
v -0.0193950087 0.0197675098 0.00256822235
v -0.0194998085 0.0197677035 0.00271920743
v -0.0196228903 0.0197679568 0.00291318726
v -0.019634705 0.0197679829 0.00293289102
v -0.0197586324 0.0197682772 0.00315311714
v -0.0198214911 0.0197684448 0.0032757977
v -0.019871274 0.0197685864 0.00337932282
v -0.0199723449 0.0197689086 0.00361093227
v -0.0199894551 0.0197689682 0.0036535773
v -0.0200615823 0.0197692439 0.00384735083
v -0.020125635 0.019769527 0.00404394139
v -0.020138761 0.0197695903 0.00408797758
v -0.0202036854 0.019769948 0.00433219597
v -0.0202290975 0.0197701138 0.0044442215
v -0.0202561878 0.0197703149 0.00457938202
v -0.0202961341 0.019770693 0.00482890382
v -0.0202991385 0.0197707266 0.00485168165
v -0.0203234218 0.0197710767 0.00508012809
v -0.0203352757 0.0197713617 0.00526353577
v -0.0203379821 0.0197714698 0.00533240708
v -0.0203397777 0.0197718684 0.00558510236
v -0.0203372631 0.0197720136 0.00567696709
v -0.0203288049 0.0197722707 0.00583756343
v -0.0141953956 0.0267297551 0.00352157303
v -0.014490081 0.0266609956 0.00321990461
v -0.015058605 0.026417071 0.00263149082
v -0.0153282983 0.0262436867 0.00234904489
v -0.015585619 0.0260376222 0.00207720837
v -0.0160557553 0.0255337153 0.00157322176
v -0.0162651297 0.0252395496 0.00134474935
v -0.0166248698 0.0245775227 0.000943177671
v -0.0167726036 0.024214495 0.000773012696
v -0.0169984214 0.0234376471 0.00050012453
v -0.0170748532 0.0230295025 0.000399394077
v -0.0171261653 0.0226121526 0.000323514279
v -0.0171519797 0.0221886467 0.00027303744
v -0.0145394411 0.0266889129 0.00365109742
v -0.0148982536 0.0266262535 0.0037861492
v -0.0152510153 0.0265441369 0.00391890667
v -0.0155960824 0.0264434069 0.00404875865
v -0.0159319676 0.0263250899 0.00417515775
v -0.0162573569 0.0261903498 0.00429761549
v -0.0165711287 0.0260404609 0.00441571651
v -0.0168723706 0.0258767642 0.00452912273
v -0.0171603672 0.0257006418 0.004637565
v -0.0174346007 0.0255134664 0.00474085426
v -0.0176947378 0.0253165849 0.00483886153
v -0.0179406144 0.0251112916 0.00493152766
v -0.0181722045 0.0248988047 0.00501884613
v -0.0183896236 0.024680255 0.00510085234
v -0.0185930785 0.024456678 0.00517762639
v -0.0189558789 0.0240028258 0.00531463046
v -0.0192682352 0.0235387329 0.00543271983
v -0.0195336044 0.0230688378 0.00553318346
v -0.0197554957 0.0225962922 0.00561733078
v -0.0199372154 0.0221231766 0.00568639999
v -0.0200817045 0.0216507111 0.00574148726
v -0.0201914348 0.0211794656 0.00578351971
v -0.0202683546 0.0207095165 0.00581322843
v -0.0148238065 0.0266096946 0.00335460226
v -0.015170984 0.0265369192 0.00349465152
v -0.0155114755 0.026445711 0.00363194407
v -0.0158437788 0.0263369791 0.00376589596
v -0.016166551 0.0262117777 0.0038959817
v -0.0164786149 0.0260712933 0.00402174145
v -0.0167789813 0.0259167943 0.0041427915
v -0.0170668531 0.0257496033 0.00425881613
v -0.0173416287 0.0255710557 0.00436958065
v -0.0176028907 0.0253824834 0.00447492115
v -0.0178503841 0.0251851752 0.00457473984
v -0.0180840138 0.0249803588 0.00466899574
v -0.0183038171 0.0247691851 0.00475771027
v -0.0185099505 0.0245527197 0.00484094117
v -0.0187026579 0.0243319236 0.00491878763
v -0.0190458521 0.0238853768 0.00505752768
v -0.0193408895 0.0234305784 0.00517694373
v -0.0195912365 0.0229715481 0.00527841179
v -0.0198003557 0.0225110762 0.00536331628
v -0.0199714731 0.0220509507 0.00543294661
v -0.0201074407 0.0215921532 0.00548844365
v -0.020210648 0.0211350657 0.00553076295
v -0.0202829652 0.0206796099 0.00556065515
v -0.0203138627 0.0202406086 0.0058311373
v -0.0203257389 0.0202254038 0.00557865947
v -0.0147785172 0.0265565142 0.00292248582
v -0.0151005061 0.0264965277 0.00306189223
v -0.0154347178 0.0264155213 0.00320648425
v -0.0157617815 0.0263171066 0.00334789953
v -0.0160803329 0.0262022298 0.00348557555
v -0.016389152 0.0260719731 0.00361900846
v -0.016687192 0.0259275213 0.0037477694
v -0.0169735812 0.0257701259 0.00387149234
v -0.0172476396 0.0256010816 0.00398989767
v -0.0175088551 0.0254216809 0.00410276931
v -0.0177568905 0.0252332017 0.00420997338
v -0.0179915652 0.0250368752 0.00431143446
v -0.0182128474 0.0248338617 0.00440713763
v -0.0184208173 0.0246252492 0.00449712155
v -0.0186156724 0.0244120322 0.00458146352
v -0.0187976714 0.0241951086 0.00466028461
v -0.0191214215 0.0237578154 0.00480060652
v -0.0193993747 0.0233140122 0.00492122956
v -0.0196349639 0.0228673257 0.00502361311
v -0.0198315736 0.0224202275 0.0051092091
v -0.0199923366 0.0219742414 0.00517935306
v -0.0201200005 0.0215301458 0.00523522589
v -0.020216858 0.0210881568 0.0052778055
v -0.020284703 0.0206480678 0.0053078644
v -0.0203248207 0.0202093944 0.00532595441
v -0.0153676029 0.026350202 0.00277501531
v -0.015623223 0.0261717439 0.00249598222
v -0.0156876948 0.0262628738 0.00292357593
v -0.0159282107 0.0260799974 0.00264782039
v -0.016000336 0.0261591449 0.00306858704
v -0.0162256099 0.0259728376 0.00279579521
v -0.0163042899 0.0260399878 0.00320950802
v -0.0165142901 0.0258512422 0.00293938234
v -0.0165984631 0.025906492 0.00334585644
v -0.0167932715 0.0257162973 0.00307811587
v -0.0168819204 0.0257598311 0.00347722205
v -0.0170617215 0.0255691558 0.00321160676
v -0.0171539001 0.0256012324 0.00360326772
v -0.0173189752 0.0254110154 0.00333954021
v -0.0174138062 0.0254319552 0.00372373196
v -0.0175645165 0.025243083 0.00346167455
v -0.0176612213 0.0252532419 0.00383843039
v -0.0177980009 0.0250665564 0.00357784424
v -0.0178958792 0.0250663161 0.00394724356
v -0.018019218 0.0248825978 0.00368795125
v -0.0181176588 0.024872344 0.00405012164
v -0.0182281006 0.0246923137 0.00379196112
v -0.0183265693 0.0246724281 0.00414706999
v -0.0184246935 0.0244967416 0.00388989947
v -0.0185227338 0.0244675856 0.00423814263
v -0.0186091438 0.0242968369 0.00398183893
v -0.0187063664 0.0242587477 0.00432344107
v -0.0187816843 0.0240934677 0.00406788848
v -0.0188777559 0.0240467507 0.00440309709
v -0.018942615 0.0238874126 0.00414819783
v -0.0191823225 0.0236205924 0.00454477081
v -0.0192283429 0.0234741904 0.00429092254
v -0.0194434971 0.0231894162 0.00466642156
v -0.0194731113 0.0230572019 0.00441335887
v -0.0196646471 0.0227564964 0.00476958277
v -0.0196801946 0.0226394031 0.00451710867
v -0.0198490564 0.0223240145 0.00485576084
v -0.0198527519 0.0222227219 0.00460372167
v -0.0199997444 0.0218932685 0.00492633693
v -0.0199936777 0.0218082592 0.00467461301
v -0.0201193448 0.0214648582 0.00498252083
v -0.0201054774 0.0213964675 0.00473102182
v -0.0202100482 0.0210388619 0.00502531789
v -0.0201902352 0.0209873114 0.0047739679
v -0.0202735588 0.0206149723 0.0050555109
v -0.0202495679 0.0205804091 0.00480425265
v -0.0203111079 0.0201926231 0.0050736689
v -0.0202846359 0.0201751292 0.00482245069
v -0.0158655792 0.025962403 0.00222674292
v -0.0161546692 0.0258681197 0.00238106237
v -0.0164361652 0.0257593729 0.0025312677
v -0.0167090502 0.0256371442 0.00267684483
v -0.0169724356 0.0255025011 0.00281734974
v -0.0172255915 0.0253565609 0.00295240595
v -0.0174679253 0.0252004825 0.00308171706
v -0.0176989976 0.025035426 0.00320505793
v -0.0179185178 0.0248625334 0.00332227908
v -0.0181263313 0.0246829037 0.00343329995
v -0.0183224026 0.0244975872 0.00353810377
v -0.0185068008 0.0243075546 0.00363672595
v -0.0186796952 0.0241137035 0.00372925377
v -0.0188413281 0.0239168443 0.0038158095
v -0.0189919993 0.0237176958 0.00389655051
v -0.0192593168 0.0233191252 0.00403995067
v -0.0194881186 0.0229178052 0.0041628764
v -0.019681558 0.0225164108 0.00426697452
v -0.0198426526 0.022116648 0.00435383245
v -0.0199741535 0.0217194539 0.00442489097
v -0.0200784355 0.021325158 0.00448140921
v -0.0201574713 0.0209336448 0.00452442234
v -0.0202127863 0.0205444675 0.00455474108
v -0.0202454738 0.0201569591 0.00457294565
v -0.0163038112 0.0254571419 0.00172511372
v -0.0164966192 0.0251647588 0.00149623409
v -0.0165594257 0.0253632031 0.00188161538
v -0.016735021 0.0250735469 0.00165226893
v -0.0168078281 0.025256604 0.00203370932
v -0.0169665646 0.0249705147 0.00180385937
v -0.0170481801 0.0251382757 0.00218090299
v -0.0171904843 0.0248565488 0.00195052382
v -0.0172797609 0.025009213 0.00232277205
v -0.0174061265 0.0247326028 0.00209184689
v -0.0175019819 0.0248704571 0.0024589696
v -0.0176129658 0.0245996565 0.00222748495
v -0.0177143831 0.0247230586 0.00258922065
v -0.0178105813 0.0244587082 0.00235716696
v -0.017916631 0.0245680697 0.00271332217
v -0.0179986805 0.0243107453 0.00248070294
v -0.0181085244 0.0244065132 0.00283114682
v -0.0181770884 0.0241567343 0.00259796507
v -0.0182899665 0.0242393706 0.00294263614
v -0.0183457267 0.0239975937 0.00270890258
v -0.0184609666 0.0240675677 0.00304779201
v -0.0185046196 0.0238341894 0.00281351921
v -0.018621631 0.0238919593 0.00314666703
v -0.018653864 0.0236673243 0.00291187107
v -0.0187721327 0.0237133298 0.00323936273
v -0.0187936407 0.0234977249 0.00300406222
v -0.018912714 0.0235323776 0.00332602067
v -0.0189241748 0.0233260486 0.00309023587
v -0.0190436598 0.0233497303 0.00340680592
v -0.0190457385 0.0231528729 0.00317055918
v -0.0192757472 0.0229852144 0.00355016859
v -0.019261146 0.0228075441 0.00331307971
v -0.0194741674 0.0226193238 0.00367294392
v -0.0194452535 0.0224612243 0.00343510858
v -0.0196417589 0.0222542714 0.00377683132
v -0.0196007229 0.0221159421 0.00353834196
v -0.0197812207 0.0218914244 0.00386345037
v -0.0197300706 0.0217729378 0.00362440431
v -0.0198949873 0.0215314683 0.00393426977
v -0.0198355727 0.0214328207 0.00369475642
v -0.0199851636 0.0211745761 0.00399056356
v -0.019919185 0.0210957136 0.00375066907
v -0.020053478 0.0208205283 0.00403338112
v -0.0199825224 0.02076138 0.00379318721
v -0.0201012753 0.0204688273 0.00406353967
v -0.0200268328 0.0204293244 0.00382312434
v -0.020129513 0.0201187823 0.00408162083
v -0.0200530104 0.0200988725 0.00384106394
v -0.0168228839 0.0245107096 0.00109035044
v -0.0169540513 0.0241536219 0.000916186138
v -0.0170267727 0.0244295206 0.00124198978
v -0.0171409734 0.0240794607 0.00106380589
v -0.0172247663 0.024338061 0.00138935982
v -0.0173225813 0.0239957403 0.00120735914
v -0.017416222 0.0242371093 0.00153198221
v -0.0174982753 0.0239031781 0.00134637277
v -0.0176005829 0.0241275001 0.00166944682
v -0.0176675431 0.0238025375 0.00148043665
v -0.0177774113 0.0240100883 0.0018014157
v -0.0178299621 0.0236946065 0.00160920527
v -0.0179463495 0.0238857474 0.00192762085
v -0.0179852024 0.0235801861 0.00173241075
v -0.0181071553 0.0237553362 0.00204786868
v -0.0181330275 0.0234600734 0.00184985204
v -0.0182596706 0.0236196965 0.00216203369
v -0.0182732884 0.0233350489 0.00196140003
v -0.018403843 0.0234796274 0.00227005919
v -0.0184059273 0.0232058484 0.00206698873
v -0.0185396839 0.0233358853 0.00237194565
v -0.0185309444 0.0230731741 0.00216661324
v -0.0186672863 0.023189161 0.00246774754
v -0.0186484139 0.0229376759 0.002260315
v -0.0187867954 0.0230400935 0.00255755964
v -0.0187584702 0.0227999408 0.00234818552
v -0.018898407 0.0228892509 0.00264151813
v -0.0188612826 0.0226604994 0.00243034982
v -0.0190023575 0.0227371324 0.00271978695
v -0.0189570617 0.0225198213 0.00250696437
v -0.0191865675 0.0224339012 0.00285867509
v -0.019126853 0.0222392417 0.00264296145
v -0.0193440281 0.0221299063 0.00297761196
v -0.0192720499 0.0219577812 0.00275946176
v -0.0194770079 0.0218269061 0.00307823881
v -0.0193947144 0.0216770992 0.00285805389
v -0.0195876546 0.021525966 0.00316212978
v -0.0194968097 0.021398209 0.00294026476
v -0.0196779091 0.0212276038 0.00323070446
v -0.0195801109 0.0211216155 0.00300747785
v -0.019749444 0.0209319163 0.00328519871
v -0.0196461454 0.0208474286 0.00306089362
v -0.0198036358 0.0206386838 0.00332662999
v -0.0196961742 0.0205754619 0.00310150255
v -0.0198415462 0.0203474648 0.00335578714
v -0.0197311807 0.0203053225 0.00313007878
v -0.0198639426 0.0200576633 0.00337324059
v -0.0197518598 0.0200364701 0.00314717297
v -0.0168974251 0.0238336083 0.000624966226
v -0.0170626361 0.0237797853 0.00076288142
v -0.0172329936 0.0237137862 0.000905222376
v -0.0173986647 0.0236389078 0.00104378304
v -0.0175590795 0.0235557947 0.00117808487
v -0.0177137591 0.0234651342 0.00130771741
v -0.0178623013 0.0233676415 0.00143233151
v -0.0180043858 0.0232640505 0.00155165209
v -0.0181397833 0.0231550895 0.00166546856
v -0.0182683431 0.0230414737 0.00177364098
v -0.0183899868 0.0229238868 0.00187609601
v -0.0185047127 0.022802975 0.00197281386
v -0.0186125711 0.0226793382 0.00206382899
v -0.0187136754 0.0225535277 0.00214921799
v -0.0188081693 0.0224260371 0.00222909497
v -0.0188962389 0.0222973041 0.00230360334
v -0.0190524515 0.0220402647 0.00243592658
v -0.0191861279 0.0217820965 0.00254934095
v -0.0192991253 0.0215243828 0.00264536496
v -0.0193932187 0.0212681051 0.00272546196
v -0.0194700211 0.0210137721 0.00279096351
v -0.0195309222 0.0207615197 0.0028430263
v -0.0195770748 0.0205112118 0.00288260984
v -0.0196093731 0.0202625152 0.00291046221
v -0.0196284577 0.0200149585 0.00292711565
v -0.0171478819 0.0233918112 0.000631505332
v -0.0172091834 0.0229924191 0.000522982387
v -0.0173022207 0.0233349446 0.000767302117
v -0.0173481796 0.022945473 0.000650967413
v -0.0174525212 0.023269847 0.000899673731
v -0.0174838156 0.0228909161 0.000775954919
v -0.0175982583 0.0231970809 0.0010281452
v -0.0176155772 0.0228292253 0.000897468126
v -0.0177389681 0.0231172554 0.00115229888
v -0.0177430175 0.0227609333 0.00101508573
v -0.0178742521 0.0230310168 0.00127178174
v -0.0178657472 0.0226866063 0.0011284455
v -0.0180038083 0.0229390208 0.00138630392
v -0.0179834608 0.0226068273 0.00123725017
v -0.018127393 0.0228419323 0.00149565132
v -0.0180959124 0.0225221924 0.00134126528
v -0.0182448532 0.0227403995 0.00159966911
v -0.0182029326 0.0224332884 0.00144032703
v -0.018356096 0.022635052 0.00169826741
v -0.0183044206 0.0223406851 0.00153432868
v -0.0184611082 0.0225264821 0.00179141364
v -0.0184003208 0.0222449321 0.00162321946
v -0.0185599104 0.0224152505 0.00187912735
v -0.0184906553 0.0221465398 0.00170699845
v -0.0186525919 0.0223018639 0.00196147058
v -0.0185754746 0.0220459811 0.00178571313
v -0.0187392775 0.0221867859 0.00203854241
v -0.0186548736 0.0219436865 0.00185944408
v -0.0188201163 0.0220704246 0.00211047218
v -0.0187289827 0.0218400396 0.00192830025
v -0.0189636219 0.0218376704 0.0022382983
v -0.0188606828 0.021632174 0.00205077627
v -0.0190865453 0.0216034334 0.00234794361
v -0.0189736318 0.0214223787 0.00215593609
v -0.0191905349 0.0213692337 0.00244083488
v -0.0190692842 0.0212121308 0.00224509789
v -0.0192771871 0.0211360399 0.00251835585
v -0.0191490576 0.0210023988 0.00231955526
v -0.0193479508 0.0209043771 0.00258177402
v -0.0192142501 0.0207937378 0.00238049799
v -0.0194040909 0.0206744242 0.0026321928
v -0.0192659963 0.0205863807 0.00242896844
v -0.0194466487 0.0204461068 0.00267053256
v -0.0193052441 0.0203803163 0.00246583181
v -0.0194764398 0.0202191565 0.00269750692
v -0.0193327237 0.0201753564 0.00249176822
v -0.0194940437 0.0199931804 0.00271363091
v -0.0193489697 0.0199711937 0.00250726519
v -0.017246116 0.0225844067 0.000438068586
v -0.0173705779 0.0225479789 0.000556998013
v -0.0174923446 0.0225045364 0.000673417293
v -0.017610928 0.0224544778 0.000786855235
v -0.0177258831 0.0223982465 0.000896879414
v -0.0178368352 0.0223363284 0.00100312405
v -0.0179434568 0.0222692378 0.00110527896
v -0.0180455055 0.0221974961 0.00120309694
v -0.0181427896 0.0221216306 0.00129639357
v -0.018235188 0.022042159 0.00138504209
v -0.018322628 0.0219595768 0.00146897684
v -0.0184051022 0.0218743533 0.00154817675
v -0.0184826348 0.0217869245 0.00162266521
v -0.0185552984 0.0216976944 0.00169250253
v -0.0186231844 0.021607019 0.00175777904
v -0.0187439919 0.0214244965 0.00187401648
v -0.0188477598 0.0212395284 0.00197394681
v -0.0189357493 0.0210535657 0.00205876259
v -0.0190092083 0.0208675805 0.00212964974
v -0.0190692935 0.020682171 0.00218770606
v -0.0191170182 0.0204976276 0.00223390386
v -0.0191532318 0.0203140154 0.00226904894
v -0.019178601 0.0201312304 0.00229377835
v -0.0191936027 0.0199490543 0.00230854866
v -0.015828697 0.0258003883 0.00181797089
v -0.016092971 0.0257236455 0.00196918705
v -0.016365543 0.0256286524 0.00212509045
v -0.0166306533 0.025520118 0.00227669696
v -0.0168873761 0.025399005 0.0024235032
v -0.017134916 0.0252663456 0.00256507774
v -0.0173726175 0.0251232293 0.00270106061
v -0.0175999608 0.0249707568 0.00283116591
v -0.0178165678 0.0248100404 0.00295518199
v -0.0180221926 0.024642162 0.00307297544
v -0.0182167199 0.024468163 0.0031844771
v -0.0184001364 0.0242890287 0.00328967907
v -0.0185725391 0.0241056737 0.00338863046
v -0.0187340993 0.023918936 0.00348142348
v -0.0188850611 0.0237295683 0.00356819551
v -0.0190257225 0.0235382412 0.00364910811
v -0.0192751344 0.0231559426 0.00379274297
v -0.0194884725 0.0227716863 0.00391579978
v -0.0196687318 0.0223878995 0.00401996076
v -0.0198187847 0.0220061075 0.0041068322
v -0.0199412256 0.0216271039 0.00417787721
v -0.0200382955 0.021251129 0.00423436472
v -0.0201118458 0.0208780002 0.004277342
v -0.0201633126 0.0205072407 0.00430762162
v -0.0201937221 0.0201381613 0.00432579033
v -0.0164553002 0.0249200407 0.00113422121
v -0.0166700482 0.0248485431 0.0012841518
v -0.0168911498 0.0247616228 0.00143858348
v -0.0171058401 0.0246636793 0.00158861757
v -0.0173134133 0.024555549 0.00173377572
v -0.0175132789 0.024438126 0.00187364814
v -0.0177049451 0.0243123341 0.00200789119
v -0.0178880375 0.0241791084 0.00213624281
v -0.0180622954 0.0240393747 0.00225850893
v -0.0182275493 0.0238940362 0.00237456639
v -0.0183837451 0.0237439536 0.0024843635
v -0.0185308978 0.0235899333 0.00258790283
v -0.0186691042 0.0234327242 0.0026852421
v -0.0187985338 0.0232730061 0.00277648401
v -0.018919399 0.0231113918 0.00286176964
v -0.0190319531 0.0229484159 0.00294126454
v -0.0192313846 0.0226235576 0.00308231195
v -0.0194018278 0.0222979039 0.00320307468
v -0.0195457488 0.021973338 0.00330523797
v -0.0196654852 0.0216509998 0.00339039904
v -0.0197631456 0.0213314369 0.00346001401
v -0.0198405404 0.0210147537 0.00351533247
v -0.0198991671 0.0207007118 0.00355739403
v -0.0199401844 0.0203888342 0.00358700356
v -0.01996441 0.0200784821 0.00360473525
v -0.0172584206 0.0221706275 0.000377362332
v -0.0173692517 0.0221451204 0.000486020115
v -0.0174780507 0.0221131835 0.00059271662
v -0.0175843351 0.0220751241 0.000696977077
v -0.0176876709 0.0220313072 0.000798369118
v -0.0177876707 0.0219821353 0.000896515907
v -0.0178840104 0.021928044 0.000991094392
v -0.0179764275 0.0218694936 0.00108184456
v -0.018064715 0.0218069442 0.0011685635
v -0.0181487277 0.0217408594 0.00125110417
v -0.0182283726 0.0216716845 0.00132937694
v -0.0183036178 0.0215998497 0.00140333839
v -0.018374458 0.0215257555 0.00147299177
v -0.0184409358 0.0214497764 0.00153837353
v -0.0185031202 0.0213722475 0.00159955339
v -0.0186139606 0.0212153681 0.00170864176
v -0.0187093411 0.0210554879 0.00180257799
v -0.0187903401 0.0208940282 0.00188240851
v -0.0188580509 0.0207319818 0.00194919738
v -0.0189134888 0.0205699876 0.00200394401
v -0.0189575572 0.0204084069 0.00204753154
v -0.0189910196 0.0202473793 0.00208070665
v -0.0190144721 0.0200868919 0.00210405118
v -0.0190283433 0.0199268181 0.00211799145
f 1 3 2
f 3 4 2
f 2 4 5
f 4 6 5
f 5 6 7
f 6 8 7
f 7 8 9
f 8 10 9
f 9 10 11
f 10 12 11
f 11 12 13
f 12 14 13
f 13 14 15
f 14 16 15
f 15 16 17
f 16 18 17
f 17 18 19
f 18 20 19
f 19 20 21
f 20 22 21
f 21 22 23
f 22 24 23
f 23 24 25
f 24 26 25
f 25 26 27
f 26 28 27
f 27 28 29
f 28 30 29
f 29 30 31
f 30 32 31
f 31 32 33
f 32 34 33
f 33 34 35
f 34 36 35
f 35 36 37
f 36 38 37
f 37 38 39
f 38 40 39
f 39 40 41
f 40 42 41
f 41 42 43
f 42 44 43
f 43 44 45
f 44 46 45
f 45 46 47
f 46 48 47
f 47 48 49
f 48 50 49
f 49 50 51
f 50 52 51
f 51 52 53
f 52 54 53
f 53 54 55
f 54 56 55
f 55 56 57
f 56 58 57
f 57 58 59
f 59 58 60
f 58 61 60
f 3 1 62
f 62 1 63
f 1 64 63
f 63 64 65
f 64 66 65
f 65 66 67
f 66 68 67
f 67 68 69
f 68 70 69
f 69 70 71
f 70 72 71
f 71 72 73
f 72 74 73
f 73 74 75
f 74 76 75
f 75 76 77
f 76 78 77
f 77 78 79
f 78 80 79
f 79 80 81
f 80 82 81
f 81 82 83
f 82 84 83
f 83 84 85
f 84 86 85
f 85 86 87
f 86 88 87
f 87 88 89
f 88 90 89
f 89 90 91
f 90 92 91
f 91 92 93
f 92 94 93
f 93 94 95
f 94 96 95
f 95 96 97
f 96 98 97
f 97 98 99
f 98 100 99
f 99 100 101
f 100 102 101
f 101 102 103
f 102 104 103
f 103 104 105
f 104 106 105
f 105 106 107
f 106 108 107
f 107 108 109
f 108 110 109
f 109 110 111
f 110 112 111
f 111 112 113
f 112 114 113
f 113 114 115
f 114 116 115
f 115 116 117
f 116 118 117
f 117 118 119
f 118 120 119
f 119 120 121
f 120 122 121
f 121 122 123
f 122 124 123
f 123 124 125
f 124 126 125
f 125 126 127
f 126 128 127
f 127 128 129
f 128 130 129
f 129 130 131
f 130 132 131
f 131 132 133
f 132 134 133
f 133 134 135
f 134 136 135
f 135 136 137
f 136 138 137
f 137 138 139
f 138 140 139
f 139 140 141
f 140 142 141
f 141 142 143
f 142 144 143
f 143 144 61
f 144 145 61
f 61 145 60
f 83 85 146
f 146 85 147
f 85 87 147
f 147 87 148
f 87 89 148
f 148 89 149
f 89 91 149
f 149 91 150
f 91 93 150
f 150 93 151
f 93 95 151
f 151 95 152
f 95 97 152
f 152 97 153
f 97 99 153
f 153 99 154
f 99 101 154
f 154 101 155
f 101 103 155
f 155 103 156
f 103 105 156
f 156 105 157
f 105 107 157
f 157 107 158
f 107 109 158
f 158 109 159
f 109 111 159
f 159 111 160
f 111 113 160
f 160 113 161
f 113 115 161
f 161 115 162
f 115 117 162
f 162 117 163
f 117 119 163
f 163 119 164
f 119 121 164
f 164 121 165
f 121 123 165
f 165 123 166
f 123 125 166
f 166 125 167
f 125 127 167
f 167 127 168
f 127 129 168
f 168 129 169
f 129 131 169
f 169 131 170
f 131 133 170
f 170 133 171
f 133 135 171
f 171 135 172
f 135 137 172
f 172 137 173
f 137 139 173
f 173 139 174
f 139 141 174
f 174 141 175
f 141 143 175
f 175 143 176
f 143 61 176
f 176 61 177
f 61 58 177
f 177 58 178
f 58 56 178
f 178 56 179
f 56 54 179
f 179 54 180
f 54 52 180
f 180 52 181
f 52 50 181
f 181 50 182
f 50 48 182
f 182 48 183
f 48 46 183
f 183 46 184
f 46 44 184
f 184 44 185
f 44 42 185
f 185 42 186
f 42 40 186
f 186 40 187
f 40 38 187
f 187 38 188
f 38 36 188
f 188 36 189
f 36 34 189
f 189 34 190
f 34 32 190
f 190 32 191
f 32 30 191
f 191 30 192
f 30 28 192
f 192 28 193
f 28 26 193
f 193 26 194
f 26 24 194
f 194 24 195
f 24 22 195
f 195 22 196
f 22 20 196
f 196 20 197
f 20 18 197
f 197 18 198
f 18 16 198
f 198 16 199
f 16 14 199
f 199 14 200
f 14 12 200
f 200 12 201
f 12 10 201
f 201 10 202
f 10 8 202
f 202 8 203
f 8 6 203
f 203 6 204
f 6 4 204
f 204 4 205
f 4 3 205
f 205 3 62
f 62 63 206
f 206 63 207
f 63 65 207
f 207 65 208
f 65 67 208
f 208 67 209
f 67 69 209
f 209 69 210
f 69 71 210
f 210 71 211
f 71 73 211
f 211 73 212
f 73 75 212
f 212 75 213
f 75 77 213
f 213 77 214
f 77 79 214
f 214 79 215
f 79 81 215
f 215 81 216
f 81 83 216
f 216 83 146
f 216 146 217
f 217 146 218
f 146 147 218
f 218 147 219
f 147 148 219
f 219 148 220
f 148 149 220
f 220 149 221
f 149 150 221
f 221 150 222
f 150 151 222
f 222 151 223
f 151 152 223
f 223 152 224
f 152 153 224
f 224 153 225
f 153 154 225
f 225 154 226
f 154 155 226
f 226 155 227
f 155 156 227
f 227 156 228
f 156 157 228
f 228 157 229
f 157 158 229
f 229 158 230
f 158 159 230
f 230 159 231
f 159 160 231
f 231 160 232
f 160 161 232
f 232 161 233
f 161 162 233
f 233 162 234
f 162 163 234
f 234 163 235
f 163 164 235
f 235 164 236
f 164 165 236
f 236 165 237
f 165 166 237
f 237 166 238
f 166 167 238
f 238 167 239
f 167 168 239
f 239 168 240
f 168 169 240
f 240 169 241
f 169 170 241
f 241 170 242
f 170 171 242
f 242 171 243
f 171 172 243
f 243 172 244
f 172 173 244
f 244 173 245
f 173 174 245
f 245 174 246
f 174 175 246
f 246 175 247
f 175 176 247
f 247 176 248
f 176 177 248
f 248 177 249
f 177 178 249
f 249 178 250
f 178 179 250
f 250 179 251
f 179 180 251
f 251 180 252
f 180 181 252
f 252 181 253
f 181 182 253
f 253 182 254
f 182 183 254
f 254 183 255
f 183 184 255
f 255 184 256
f 184 185 256
f 256 185 257
f 185 186 257
f 257 186 258
f 186 187 258
f 258 187 259
f 187 188 259
f 259 188 260
f 188 189 260
f 260 189 261
f 189 190 261
f 261 190 262
f 190 191 262
f 262 191 263
f 191 192 263
f 263 192 264
f 192 193 264
f 264 193 265
f 193 194 265
f 265 194 266
f 194 195 266
f 266 195 267
f 195 196 267
f 267 196 268
f 196 197 268
f 268 197 269
f 197 198 269
f 269 198 270
f 198 199 270
f 270 199 271
f 199 200 271
f 271 200 272
f 200 201 272
f 272 201 273
f 201 202 273
f 273 202 274
f 202 203 274
f 274 203 275
f 203 204 275
f 275 204 276
f 204 205 276
f 276 205 277
f 205 62 277
f 277 62 278
f 62 206 278
f 278 206 279
f 206 207 279
f 279 207 280
f 207 208 280
f 280 208 281
f 208 209 281
f 281 209 282
f 209 210 282
f 282 210 283
f 210 211 283
f 283 211 284
f 211 212 284
f 284 212 285
f 212 213 285
f 285 213 286
f 213 214 286
f 286 214 287
f 214 215 287
f 287 215 288
f 215 216 288
f 288 216 217
f 288 217 289
f 289 217 290
f 217 218 290
f 290 218 291
f 218 219 291
f 291 219 292
f 219 220 292
f 292 220 293
f 220 221 293
f 293 221 294
f 221 222 294
f 294 222 295
f 222 223 295
f 295 223 296
f 223 224 296
f 296 224 297
f 224 225 297
f 297 225 298
f 225 226 298
f 298 226 299
f 226 227 299
f 299 227 300
f 227 228 300
f 300 228 301
f 228 229 301
f 301 229 302
f 229 230 302
f 302 230 303
f 230 231 303
f 303 231 304
f 231 232 304
f 304 232 305
f 232 233 305
f 305 233 306
f 233 234 306
f 306 234 307
f 234 235 307
f 307 235 308
f 235 236 308
f 308 236 309
f 236 237 309
f 309 237 310
f 237 238 310
f 310 238 311
f 238 239 311
f 311 239 312
f 239 240 312
f 312 240 313
f 240 241 313
f 313 241 314
f 241 242 314
f 314 242 315
f 242 243 315
f 315 243 316
f 243 244 316
f 316 244 317
f 244 245 317
f 317 245 318
f 245 246 318
f 318 246 319
f 246 247 319
f 319 247 320
f 247 248 320
f 320 248 321
f 248 249 321
f 321 249 322
f 249 250 322
f 322 250 323
f 250 251 323
f 323 251 324
f 251 252 324
f 324 252 325
f 252 253 325
f 325 253 326
f 253 254 326
f 326 254 327
f 254 255 327
f 327 255 328
f 255 256 328
f 328 256 329
f 256 257 329
f 329 257 330
f 257 258 330
f 330 258 331
f 258 259 331
f 331 259 332
f 259 260 332
f 332 260 333
f 260 261 333
f 333 261 334
f 261 262 334
f 334 262 335
f 262 263 335
f 335 263 336
f 263 264 336
f 336 264 337
f 264 265 337
f 337 265 338
f 265 266 338
f 338 266 339
f 266 267 339
f 339 267 340
f 267 268 340
f 340 268 341
f 268 269 341
f 341 269 342
f 269 270 342
f 342 270 343
f 270 271 343
f 343 271 344
f 271 272 344
f 344 272 345
f 272 273 345
f 345 273 346
f 273 274 346
f 346 274 347
f 274 275 347
f 347 275 348
f 275 276 348
f 348 276 349
f 276 277 349
f 349 277 350
f 277 278 350
f 350 278 351
f 278 279 351
f 351 279 352
f 279 280 352
f 352 280 353
f 280 281 353
f 353 281 354
f 281 282 354
f 354 282 355
f 282 283 355
f 355 283 356
f 283 284 356
f 356 284 357
f 284 285 357
f 357 285 358
f 285 286 358
f 358 286 359
f 286 287 359
f 359 287 360
f 287 288 360
f 360 288 289
f 360 289 361
f 361 289 362
f 289 290 362
f 362 290 363
f 290 291 363
f 363 291 364
f 291 292 364
f 364 292 365
f 292 293 365
f 365 293 366
f 293 294 366
f 366 294 367
f 294 295 367
f 367 295 368
f 295 296 368
f 368 296 369
f 296 297 369
f 369 297 370
f 297 298 370
f 370 298 371
f 298 299 371
f 371 299 372
f 299 300 372
f 372 300 373
f 300 301 373
f 373 301 374
f 301 302 374
f 374 302 375
f 302 303 375
f 375 303 376
f 303 304 376
f 376 304 377
f 304 305 377
f 377 305 378
f 305 306 378
f 378 306 379
f 306 307 379
f 379 307 380
f 307 308 380
f 380 308 381
f 308 309 381
f 381 309 382
f 309 310 382
f 382 310 383
f 310 311 383
f 383 311 384
f 311 312 384
f 384 312 385
f 312 313 385
f 385 313 386
f 313 314 386
f 386 314 387
f 314 315 387
f 387 315 388
f 315 316 388
f 388 316 389
f 316 317 389
f 389 317 390
f 317 318 390
f 390 318 391
f 318 319 391
f 391 319 392
f 319 320 392
f 392 320 393
f 320 321 393
f 393 321 394
f 321 322 394
f 394 322 395
f 322 323 395
f 395 323 396
f 323 324 396
f 396 324 397
f 324 325 397
f 397 325 398
f 325 326 398
f 398 326 399
f 326 327 399
f 399 327 400
f 327 328 400
f 400 328 401
f 328 329 401
f 401 329 402
f 329 330 402
f 402 330 403
f 330 331 403
f 403 331 404
f 331 332 404
f 404 332 405
f 332 333 405
f 405 333 406
f 333 334 406
f 406 334 407
f 334 335 407
f 407 335 408
f 335 336 408
f 408 336 409
f 336 337 409
f 409 337 410
f 337 338 410
f 410 338 411
f 338 339 411
f 411 339 412
f 339 340 412
f 412 340 413
f 340 341 413
f 413 341 414
f 341 342 414
f 414 342 415
f 342 343 415
f 415 343 416
f 343 344 416
f 416 344 417
f 344 345 417
f 417 345 418
f 345 346 418
f 418 346 419
f 346 347 419
f 419 347 420
f 347 348 420
f 420 348 421
f 348 349 421
f 421 349 422
f 349 350 422
f 422 350 423
f 350 351 423
f 423 351 424
f 351 352 424
f 424 352 425
f 352 353 425
f 425 353 426
f 353 354 426
f 426 354 427
f 354 355 427
f 427 355 428
f 355 356 428
f 428 356 429
f 356 357 429
f 429 357 430
f 357 358 430
f 430 358 431
f 358 359 431
f 431 359 432
f 359 360 432
f 432 360 361
f 432 361 433
f 433 361 434
f 361 362 434
f 434 362 435
f 362 363 435
f 435 363 436
f 363 364 436
f 436 364 437
f 364 365 437
f 437 365 438
f 365 366 438
f 438 366 439
f 366 367 439
f 439 367 440
f 367 368 440
f 440 368 441
f 368 369 441
f 441 369 442
f 369 370 442
f 442 370 443
f 370 371 443
f 443 371 444
f 371 372 444
f 444 372 445
f 372 373 445
f 445 373 446
f 373 374 446
f 446 374 447
f 374 375 447
f 447 375 448
f 375 376 448
f 448 376 449
f 376 377 449
f 449 377 450
f 377 378 450
f 450 378 451
f 378 379 451
f 451 379 452
f 379 380 452
f 452 380 453
f 380 381 453
f 453 381 454
f 381 382 454
f 454 382 455
f 382 383 455
f 455 383 456
f 383 384 456
f 456 384 457
f 384 385 457
f 457 385 458
f 385 386 458
f 458 386 459
f 386 387 459
f 459 387 460
f 387 388 460
f 460 388 461
f 388 389 461
f 461 389 462
f 389 390 462
f 462 390 463
f 390 391 463
f 463 391 464
f 391 392 464
f 464 392 465
f 392 393 465
f 465 393 466
f 393 394 466
f 466 394 467
f 394 395 467
f 467 395 468
f 395 396 468
f 468 396 469
f 396 397 469
f 469 397 470
f 397 398 470
f 470 398 471
f 398 399 471
f 471 399 472
f 399 400 472
f 472 400 473
f 400 401 473
f 473 401 474
f 401 402 474
f 474 402 475
f 402 403 475
f 475 403 476
f 403 404 476
f 476 404 477
f 404 405 477
f 477 405 478
f 405 406 478
f 478 406 479
f 406 407 479
f 479 407 480
f 407 408 480
f 480 408 481
f 408 409 481
f 481 409 482
f 409 410 482
f 482 410 483
f 410 411 483
f 483 411 484
f 411 412 484
f 484 412 485
f 412 413 485
f 485 413 486
f 413 414 486
f 486 414 487
f 414 415 487
f 487 415 488
f 415 416 488
f 488 416 489
f 416 417 489
f 489 417 490
f 417 418 490
f 490 418 491
f 418 419 491
f 491 419 492
f 419 420 492
f 492 420 493
f 420 421 493
f 493 421 494
f 421 422 494
f 494 422 495
f 422 423 495
f 495 423 496
f 423 424 496
f 496 424 497
f 424 425 497
f 497 425 498
f 425 426 498
f 498 426 499
f 426 427 499
f 499 427 500
f 427 428 500
f 500 428 501
f 428 429 501
f 501 429 502
f 429 430 502
f 502 430 503
f 430 431 503
f 503 431 504
f 431 432 504
f 504 432 433
f 504 433 505
f 505 433 506
f 433 434 506
f 506 434 507
f 434 435 507
f 507 435 508
f 435 436 508
f 508 436 509
f 436 437 509
f 509 437 510
f 437 438 510
f 510 438 511
f 438 439 511
f 511 439 512
f 439 440 512
f 512 440 513
f 440 441 513
f 513 441 514
f 441 442 514
f 514 442 515
f 442 443 515
f 515 443 516
f 443 444 516
f 516 444 517
f 444 445 517
f 517 445 518
f 445 446 518
f 518 446 519
f 446 447 519
f 519 447 520
f 447 448 520
f 520 448 521
f 448 449 521
f 521 449 522
f 449 450 522
f 522 450 523
f 450 451 523
f 523 451 524
f 451 452 524
f 524 452 525
f 452 453 525
f 525 453 526
f 453 454 526
f 526 454 527
f 454 455 527
f 527 455 528
f 455 456 528
f 528 456 529
f 456 457 529
f 529 457 530
f 457 458 530
f 530 458 531
f 458 459 531
f 531 459 532
f 459 460 532
f 532 460 533
f 460 461 533
f 533 461 534
f 461 462 534
f 534 462 535
f 462 463 535
f 535 463 536
f 463 464 536
f 536 464 537
f 464 465 537
f 537 465 538
f 465 466 538
f 538 466 539
f 466 467 539
f 539 467 540
f 467 468 540
f 540 468 541
f 468 469 541
f 541 469 542
f 469 470 542
f 542 470 543
f 470 471 543
f 543 471 544
f 471 472 544
f 544 472 545
f 472 473 545
f 545 473 546
f 473 474 546
f 546 474 547
f 474 475 547
f 547 475 548
f 475 476 548
f 548 476 549
f 476 477 549
f 549 477 550
f 477 478 550
f 550 478 551
f 478 479 551
f 551 479 552
f 479 480 552
f 552 480 553
f 480 481 553
f 553 481 554
f 481 482 554
f 554 482 555
f 482 483 555
f 555 483 556
f 483 484 556
f 556 484 557
f 484 485 557
f 557 485 558
f 485 486 558
f 558 486 559
f 486 487 559
f 559 487 560
f 487 488 560
f 560 488 561
f 488 489 561
f 561 489 562
f 489 490 562
f 562 490 563
f 490 491 563
f 563 491 564
f 491 492 564
f 564 492 565
f 492 493 565
f 565 493 566
f 493 494 566
f 566 494 567
f 494 495 567
f 567 495 568
f 495 496 568
f 568 496 569
f 496 497 569
f 569 497 570
f 497 498 570
f 570 498 571
f 498 499 571
f 571 499 572
f 499 500 572
f 572 500 573
f 500 501 573
f 573 501 574
f 501 502 574
f 574 502 575
f 502 503 575
f 575 503 576
f 503 504 576
f 576 504 505
f 576 505 577
f 577 505 578
f 505 506 578
f 578 506 579
f 506 507 579
f 579 507 580
f 507 508 580
f 580 508 581
f 508 509 581
f 581 509 582
f 509 510 582
f 582 510 583
f 510 511 583
f 583 511 584
f 511 512 584
f 584 512 585
f 512 513 585
f 585 513 586
f 513 514 586
f 586 514 587
f 514 515 587
f 587 515 588
f 515 516 588
f 588 516 589
f 516 517 589
f 589 517 590
f 517 518 590
f 590 518 591
f 518 519 591
f 591 519 592
f 519 520 592
f 592 520 593
f 520 521 593
f 593 521 594
f 521 522 594
f 594 522 595
f 522 523 595
f 595 523 596
f 523 524 596
f 596 524 597
f 524 525 597
f 597 525 598
f 525 526 598
f 598 526 599
f 526 527 599
f 599 527 600
f 527 528 600
f 600 528 601
f 528 529 601
f 601 529 602
f 529 530 602
f 602 530 603
f 530 531 603
f 603 531 604
f 531 532 604
f 604 532 605
f 532 533 605
f 605 533 606
f 533 534 606
f 606 534 607
f 534 535 607
f 607 535 608
f 535 536 608
f 608 536 609
f 536 537 609
f 609 537 610
f 537 538 610
f 610 538 611
f 538 539 611
f 611 539 612
f 539 540 612
f 612 540 613
f 540 541 613
f 613 541 614
f 541 542 614
f 614 542 615
f 542 543 615
f 615 543 616
f 543 544 616
f 616 544 617
f 544 545 617
f 617 545 618
f 545 546 618
f 618 546 619
f 546 547 619
f 619 547 620
f 547 548 620
f 620 548 621
f 548 549 621
f 621 549 622
f 549 550 622
f 622 550 623
f 550 551 623
f 623 551 624
f 551 552 624
f 624 552 625
f 552 553 625
f 625 553 626
f 553 554 626
f 626 554 627
f 554 555 627
f 627 555 628
f 555 556 628
f 628 556 629
f 556 557 629
f 629 557 630
f 557 558 630
f 630 558 631
f 558 559 631
f 631 559 632
f 559 560 632
f 632 560 633
f 560 561 633
f 633 561 634
f 561 562 634
f 634 562 635
f 562 563 635
f 635 563 636
f 563 564 636
f 636 564 637
f 564 565 637
f 637 565 638
f 565 566 638
f 638 566 639
f 566 567 639
f 639 567 640
f 567 568 640
f 640 568 641
f 568 569 641
f 641 569 642
f 569 570 642
f 642 570 643
f 570 571 643
f 643 571 644
f 571 572 644
f 644 572 645
f 572 573 645
f 645 573 646
f 573 574 646
f 646 574 647
f 574 575 647
f 647 575 648
f 575 576 648
f 648 576 577
f 648 577 649
f 649 577 650
f 577 578 650
f 650 578 651
f 578 579 651
f 651 579 652
f 579 580 652
f 652 580 653
f 580 581 653
f 653 581 654
f 581 582 654
f 654 582 655
f 582 583 655
f 655 583 656
f 583 584 656
f 656 584 657
f 584 585 657
f 657 585 658
f 585 586 658
f 658 586 659
f 586 587 659
f 659 587 660
f 587 588 660
f 660 588 661
f 588 589 661
f 661 589 662
f 589 590 662
f 662 590 663
f 590 591 663
f 663 591 664
f 591 592 664
f 664 592 665
f 592 593 665
f 665 593 666
f 593 594 666
f 666 594 667
f 594 595 667
f 667 595 668
f 595 596 668
f 668 596 669
f 596 597 669
f 669 597 670
f 597 598 670
f 670 598 671
f 598 599 671
f 671 599 672
f 599 600 672
f 672 600 673
f 600 601 673
f 673 601 674
f 601 602 674
f 674 602 675
f 602 603 675
f 675 603 676
f 603 604 676
f 676 604 677
f 604 605 677
f 677 605 678
f 605 606 678
f 678 606 679
f 606 607 679
f 679 607 680
f 607 608 680
f 680 608 681
f 608 609 681
f 681 609 682
f 609 610 682
f 682 610 683
f 610 611 683
f 683 611 684
f 611 612 684
f 684 612 685
f 612 613 685
f 685 613 686
f 613 614 686
f 686 614 687
f 614 615 687
f 687 615 688
f 615 616 688
f 688 616 689
f 616 617 689
f 689 617 690
f 617 618 690
f 690 618 691
f 618 619 691
f 691 619 692
f 619 620 692
f 692 620 693
f 620 621 693
f 693 621 694
f 621 622 694
f 694 622 695
f 622 623 695
f 695 623 696
f 623 624 696
f 696 624 697
f 624 625 697
f 697 625 698
f 625 626 698
f 698 626 699
f 626 627 699
f 699 627 700
f 627 628 700
f 700 628 701
f 628 629 701
f 701 629 702
f 629 630 702
f 702 630 703
f 630 631 703
f 703 631 704
f 631 632 704
f 704 632 705
f 632 633 705
f 705 633 706
f 633 634 706
f 706 634 707
f 634 635 707
f 707 635 708
f 635 636 708
f 708 636 709
f 636 637 709
f 709 637 710
f 637 638 710
f 710 638 711
f 638 639 711
f 711 639 712
f 639 640 712
f 712 640 713
f 640 641 713
f 713 641 714
f 641 642 714
f 714 642 715
f 642 643 715
f 715 643 716
f 643 644 716
f 716 644 717
f 644 645 717
f 717 645 718
f 645 646 718
f 718 646 719
f 646 647 719
f 719 647 720
f 647 648 720
f 720 648 649
f 720 649 721
f 721 649 722
f 649 650 722
f 722 650 723
f 650 651 723
f 723 651 724
f 651 652 724
f 724 652 725
f 652 653 725
f 725 653 726
f 653 654 726
f 726 654 727
f 654 655 727
f 727 655 728
f 655 656 728
f 728 656 729
f 656 657 729
f 729 657 730
f 657 658 730
f 730 658 731
f 658 659 731
f 731 659 732
f 659 660 732
f 732 660 733
f 660 661 733
f 733 661 734
f 661 662 734
f 734 662 735
f 662 663 735
f 735 663 736
f 663 664 736
f 736 664 737
f 664 665 737
f 737 665 738
f 665 666 738
f 738 666 739
f 666 667 739
f 739 667 740
f 667 668 740
f 740 668 741
f 668 669 741
f 741 669 742
f 669 670 742
f 742 670 743
f 670 671 743
f 743 671 744
f 671 672 744
f 744 672 745
f 672 673 745
f 745 673 746
f 673 674 746
f 746 674 747
f 674 675 747
f 747 675 748
f 675 676 748
f 748 676 749
f 676 677 749
f 749 677 750
f 677 678 750
f 750 678 751
f 678 679 751
f 751 679 752
f 679 680 752
f 752 680 753
f 680 681 753
f 753 681 754
f 681 682 754
f 754 682 755
f 682 683 755
f 755 683 756
f 683 684 756
f 756 684 757
f 684 685 757
f 757 685 758
f 685 686 758
f 758 686 759
f 686 687 759
f 759 687 760
f 687 688 760
f 760 688 761
f 688 689 761
f 761 689 762
f 689 690 762
f 762 690 763
f 690 691 763
f 763 691 764
f 691 692 764
f 764 692 765
f 692 693 765
f 765 693 766
f 693 694 766
f 766 694 767
f 694 695 767
f 767 695 768
f 695 696 768
f 768 696 769
f 696 697 769
f 769 697 770
f 697 698 770
f 770 698 771
f 698 699 771
f 771 699 772
f 699 700 772
f 772 700 773
f 700 701 773
f 773 701 774
f 701 702 774
f 774 702 775
f 702 703 775
f 775 703 776
f 703 704 776
f 776 704 777
f 704 705 777
f 777 705 778
f 705 706 778
f 778 706 779
f 706 707 779
f 779 707 780
f 707 708 780
f 780 708 781
f 708 709 781
f 781 709 782
f 709 710 782
f 782 710 783
f 710 711 783
f 783 711 784
f 711 712 784
f 784 712 785
f 712 713 785
f 785 713 786
f 713 714 786
f 786 714 787
f 714 715 787
f 787 715 788
f 715 716 788
f 788 716 789
f 716 717 789
f 789 717 790
f 717 718 790
f 790 718 791
f 718 719 791
f 791 719 792
f 719 720 792
f 792 720 721
f 792 721 793
f 793 721 794
f 721 722 794
f 794 722 795
f 722 723 795
f 795 723 796
f 723 724 796
f 796 724 797
f 724 725 797
f 797 725 798
f 725 726 798
f 798 726 799
f 726 727 799
f 799 727 800
f 727 728 800
f 800 728 801
f 728 729 801
f 801 729 802
f 729 730 802
f 802 730 803
f 730 731 803
f 803 731 804
f 731 732 804
f 804 732 805
f 732 733 805
f 805 733 806
f 733 734 806
f 806 734 807
f 734 735 807
f 807 735 808
f 735 736 808
f 808 736 809
f 736 737 809
f 809 737 810
f 737 738 810
f 810 738 811
f 738 739 811
f 811 739 812
f 739 740 812
f 812 740 813
f 740 741 813
f 813 741 814
f 741 742 814
f 814 742 815
f 742 743 815
f 815 743 816
f 743 744 816
f 816 744 817
f 744 745 817
f 817 745 818
f 745 746 818
f 818 746 819
f 746 747 819
f 819 747 820
f 747 748 820
f 820 748 821
f 748 749 821
f 821 749 822
f 749 750 822
f 822 750 823
f 750 751 823
f 823 751 824
f 751 752 824
f 824 752 825
f 752 753 825
f 825 753 826
f 753 754 826
f 826 754 827
f 754 755 827
f 827 755 828
f 755 756 828
f 828 756 829
f 756 757 829
f 829 757 830
f 757 758 830
f 830 758 831
f 758 759 831
f 831 759 832
f 759 760 832
f 832 760 833
f 760 761 833
f 833 761 834
f 761 762 834
f 834 762 835
f 762 763 835
f 835 763 836
f 763 764 836
f 836 764 837
f 764 765 837
f 837 765 838
f 765 766 838
f 838 766 839
f 766 767 839
f 839 767 840
f 767 768 840
f 840 768 841
f 768 769 841
f 841 769 842
f 769 770 842
f 842 770 843
f 770 771 843
f 843 771 844
f 771 772 844
f 844 772 845
f 772 773 845
f 845 773 846
f 773 774 846
f 846 774 847
f 774 775 847
f 847 775 848
f 775 776 848
f 848 776 849
f 776 777 849
f 849 777 850
f 777 778 850
f 850 778 851
f 778 779 851
f 851 779 852
f 779 780 852
f 852 780 853
f 780 781 853
f 853 781 854
f 781 782 854
f 854 782 855
f 782 783 855
f 855 783 856
f 783 784 856
f 856 784 857
f 784 785 857
f 857 785 858
f 785 786 858
f 858 786 859
f 786 787 859
f 859 787 860
f 787 788 860
f 860 788 861
f 788 789 861
f 861 789 862
f 789 790 862
f 862 790 863
f 790 791 863
f 863 791 864
f 791 792 864
f 864 792 793
f 864 793 865
f 865 793 866
f 793 794 866
f 866 794 867
f 794 795 867
f 867 795 868
f 795 796 868
f 868 796 869
f 796 797 869
f 869 797 870
f 797 798 870
f 870 798 871
f 798 799 871
f 871 799 872
f 799 800 872
f 872 800 873
f 800 801 873
f 873 801 874
f 801 802 874
f 874 802 875
f 802 803 875
f 875 803 876
f 803 804 876
f 876 804 877
f 804 805 877
f 877 805 878
f 805 806 878
f 878 806 879
f 806 807 879
f 879 807 880
f 807 808 880
f 880 808 881
f 808 809 881
f 881 809 882
f 809 810 882
f 882 810 883
f 810 811 883
f 883 811 884
f 811 812 884
f 884 812 885
f 812 813 885
f 885 813 886
f 813 814 886
f 886 814 887
f 814 815 887
f 887 815 888
f 815 816 888
f 888 816 889
f 816 817 889
f 889 817 890
f 817 818 890
f 890 818 891
f 818 819 891
f 891 819 892
f 819 820 892
f 892 820 893
f 820 821 893
f 893 821 894
f 821 822 894
f 894 822 895
f 822 823 895
f 895 823 896
f 823 824 896
f 896 824 897
f 824 825 897
f 897 825 898
f 825 826 898
f 898 826 899
f 826 827 899
f 899 827 900
f 827 828 900
f 900 828 901
f 828 829 901
f 901 829 902
f 829 830 902
f 902 830 903
f 830 831 903
f 903 831 904
f 831 832 904
f 904 832 905
f 832 833 905
f 905 833 906
f 833 834 906
f 906 834 907
f 834 835 907
f 907 835 908
f 835 836 908
f 908 836 909
f 836 837 909
f 909 837 910
f 837 838 910
f 910 838 911
f 838 839 911
f 911 839 912
f 839 840 912
f 912 840 913
f 840 841 913
f 913 841 914
f 841 842 914
f 914 842 915
f 842 843 915
f 915 843 916
f 843 844 916
f 916 844 917
f 844 845 917
f 917 845 918
f 845 846 918
f 918 846 919
f 846 847 919
f 919 847 920
f 847 848 920
f 920 848 921
f 848 849 921
f 921 849 922
f 849 850 922
f 922 850 923
f 850 851 923
f 923 851 924
f 851 852 924
f 924 852 925
f 852 853 925
f 925 853 926
f 853 854 926
f 926 854 927
f 854 855 927
f 927 855 928
f 855 856 928
f 928 856 929
f 856 857 929
f 929 857 930
f 857 858 930
f 930 858 931
f 858 859 931
f 931 859 932
f 859 860 932
f 932 860 933
f 860 861 933
f 933 861 934
f 861 862 934
f 934 862 935
f 862 863 935
f 935 863 936
f 863 864 936
f 936 864 865
f 936 865 937
f 937 865 938
f 865 866 938
f 938 866 939
f 866 867 939
f 939 867 940
f 867 868 940
f 940 868 941
f 868 869 941
f 941 869 942
f 869 870 942
f 942 870 943
f 870 871 943
f 943 871 944
f 871 872 944
f 944 872 945
f 872 873 945
f 945 873 874
f 874 875 946
f 946 875 947
f 875 876 947
f 947 876 948
f 876 877 948
f 948 877 949
f 877 878 949
f 949 878 950
f 878 879 950
f 950 879 951
f 879 880 951
f 951 880 952
f 880 881 952
f 952 881 953
f 881 882 953
f 953 882 954
f 882 883 954
f 954 883 884
f 884 885 955
f 955 885 956
f 885 886 956
f 956 886 957
f 886 887 957
f 957 887 958
f 887 888 958
f 958 888 959
f 888 889 959
f 959 889 960
f 889 890 960
f 960 890 961
f 890 891 961
f 961 891 892
f 892 893 962
f 962 893 963
f 893 894 963
f 963 894 964
f 894 895 964
f 964 895 965
f 895 896 965
f 965 896 966
f 896 897 966
f 966 897 967
f 897 898 967
f 967 898 968
f 898 899 968
f 968 899 969
f 899 900 969
f 969 900 970
f 900 901 970
f 970 901 971
f 901 902 971
f 971 902 972
f 902 903 972
f 972 903 973
f 903 904 973
f 973 904 974
f 904 905 974
f 974 905 906
f 906 907 975
f 975 907 976
f 907 908 976
f 976 908 977
f 908 909 977
f 977 909 978
f 909 910 978
f 978 910 979
f 910 911 979
f 979 911 980
f 911 912 980
f 980 912 981
f 912 913 981
f 981 913 982
f 913 914 982
f 982 914 983
f 914 915 983
f 983 915 984
f 915 916 984
f 984 916 985
f 916 917 985
f 985 917 986
f 917 918 986
f 986 918 987
f 918 919 987
f 987 919 988
f 919 920 988
f 988 920 989
f 920 921 989
f 989 921 990
f 921 922 990
f 990 922 991
f 922 923 991
f 991 923 992
f 923 924 992
f 992 924 993
f 924 925 993
f 993 925 994
f 925 926 994
f 994 926 927
f 927 928 995
f 995 928 996
f 928 929 996
f 996 929 997
f 929 930 997
f 997 930 998
f 930 931 998
f 998 931 999
f 931 932 999
f 999 932 933
f 933 934 1000
f 1000 934 1001
f 934 935 1001
f 1001 935 1002
f 935 936 1002
f 1002 936 937
f 937 938 1003
f 1003 938 1004
f 938 939 1004
f 1004 939 1005
f 939 940 1005
f 1005 940 1006
f 940 941 1006
f 1006 941 942
f 944 945 1007
f 1007 945 1008
f 945 874 1008
f 1008 874 946
f 946 947 1009
f 1009 947 1010
f 947 948 1010
f 1010 948 1011
f 948 949 1011
f 1011 949 950
f 950 951 1012
f 1012 951 1013
f 951 952 1013
f 1013 952 1014
f 952 953 1014
f 1014 953 1015
f 953 954 1015
f 1015 954 1016
f 954 884 1016
f 1016 884 955
f 957 958 1017
f 1017 958 1018
f 958 959 1018
f 1018 959 1019
f 959 960 1019
f 1019 960 1020
f 960 961 1020
f 1020 961 1021
f 961 892 1021
f 1021 892 962
f 962 963 1022
f 1022 963 1023
f 963 964 1023
f 1023 964 965
f 965 966 1024
f 1024 966 1025
f 966 967 1025
f 1025 967 1026
f 967 968 1026
f 1026 968 1027
f 968 969 1027
f 1027 969 970
f 970 971 1028
f 1028 971 1029
f 971 972 1029
f 1029 972 973
f 973 974 1030
f 1030 974 1031
f 974 906 1031
f 1031 906 975
f 977 978 1032
f 1032 978 1033
f 978 979 1033
f 1033 979 1034
f 979 980 1034
f 1034 980 1035
f 980 981 1035
f 1035 981 1036
f 981 982 1036
f 1036 982 1037
f 982 983 1037
f 1037 983 1038
f 983 984 1038
f 1038 984 985
f 985 986 1039
f 1039 986 1040
f 986 987 1040
f 1040 987 1041
f 987 988 1041
f 1041 988 1042
f 988 989 1042
f 1042 989 1043
f 989 990 1043
f 1043 990 1044
f 990 991 1044
f 1044 991 1045
f 991 992 1045
f 1045 992 1046
f 992 993 1046
f 1046 993 1047
f 993 994 1047
f 1047 994 1048
f 994 927 1048
f 1048 927 995
f 995 996 1049
f 1049 996 1050
f 996 997 1050
f 1050 997 1051
f 997 998 1051
f 1051 998 1052
f 998 999 1052
f 1052 999 1053
f 999 933 1053
f 1053 933 1000
f 1000 1001 1054
f 1054 1001 1055
f 1001 1002 1055
f 1055 1002 937
f 1055 937 1056
f 1056 937 1003
f 1005 1006 1057
f 1057 1006 1058
f 1006 942 1058
f 1058 942 1059
f 942 943 1059
f 1059 943 1060
f 943 944 1060
f 1060 944 1007
f 1007 1008 1061
f 1061 1008 1062
f 1008 946 1062
f 1062 946 1009
f 1009 1010 1063
f 1063 1010 1064
f 1010 1011 1064
f 1064 1011 1065
f 1011 950 1065
f 1065 950 1012
f 1015 1016 1066
f 1066 1016 1067
f 1016 955 1067
f 1067 955 1068
f 955 956 1068
f 1068 956 1069
f 956 957 1069
f 1069 957 1017
f 1019 1020 1070
f 1070 1020 1071
f 1020 1021 1071
f 1071 1021 1072
f 1021 962 1072
f 1072 962 1022
f 1023 965 1073
f 1073 965 1024
f 1026 1027 1074
f 1074 1027 1075
f 1027 970 1075
f 1075 970 1028
f 1028 1029 1076
f 1076 1029 1077
f 1029 973 1077
f 1077 973 1030
f 1030 1031 1078
f 1078 1031 1079
f 1031 975 1079
f 1079 975 1080
f 975 976 1080
f 1080 976 1081
f 976 977 1081
f 1081 977 1032
f 1036 1037 1082
f 1082 1037 1083
f 1037 1038 1083
f 1083 1038 1084
f 1038 985 1084
f 1084 985 1039
f 1046 1047 1085
f 1085 1047 1086
f 1047 1048 1086
f 1086 1048 1087
f 1048 995 1087
f 1087 995 1049
f 1052 1053 1088
f 1088 1053 1089
f 1053 1000 1089
f 1089 1000 1054
f 1054 1055 1090
f 1090 1055 1056
f 1090 1056 1091
f 1091 1056 1092
f 1056 1003 1092
f 1092 1003 1093
f 1003 1004 1093
f 1093 1004 1094
f 1004 1005 1094
f 1094 1005 1057
f 1057 1058 1095
f 1095 1058 1096
f 1058 1059 1096
f 1096 1059 1097
f 1059 1060 1097
f 1097 1060 1098
f 1060 1007 1098
f 1098 1007 1061
f 1061 1062 1099
f 1099 1062 1100
f 1062 1009 1100
f 1100 1009 1063
f 1063 1064 1101
f 1101 1064 1102
f 1064 1065 1102
f 1102 1065 1103
f 1065 1012 1103
f 1103 1012 1104
f 1012 1013 1104
f 1104 1013 1105
f 1013 1014 1105
f 1105 1014 1106
f 1014 1015 1106
f 1106 1015 1066
f 1066 1067 1107
f 1107 1067 1108
f 1067 1068 1108
f 1108 1068 1109
f 1068 1069 1109
f 1109 1069 1110
f 1069 1017 1110
f 1110 1017 1111
f 1017 1018 1111
f 1111 1018 1112
f 1018 1019 1112
f 1112 1019 1070
f 1070 1071 1113
f 1113 1071 1114
f 1071 1072 1114
f 1114 1072 1115
f 1072 1022 1115
f 1115 1022 1116
f 1022 1023 1116
f 1116 1023 1117
f 1023 1073 1117
f 1117 1073 1118
f 1073 1024 1118
f 1118 1024 1119
f 1024 1025 1119
f 1119 1025 1120
f 1025 1026 1120
f 1120 1026 1074
f 1074 1075 1121
f 1121 1075 1122
f 1075 1028 1122
f 1122 1028 1076
f 1076 1077 1123
f 1123 1077 1124
f 1077 1030 1124
f 1124 1030 1078
f 1078 1079 1125
f 1125 1079 1126
f 1079 1080 1126
f 1126 1080 1127
f 1080 1081 1127
f 1127 1081 1128
f 1081 1032 1128
f 1128 1032 1129
f 1032 1033 1129
f 1129 1033 1130
f 1033 1034 1130
f 1130 1034 1131
f 1034 1035 1131
f 1131 1035 1132
f 1035 1036 1132
f 1132 1036 1082
f 1082 1083 1133
f 1133 1083 1134
f 1083 1084 1134
f 1134 1084 1135
f 1084 1039 1135
f 1135 1039 1136
f 1039 1040 1136
f 1136 1040 1137
f 1040 1041 1137
f 1137 1041 1138
f 1041 1042 1138
f 1138 1042 1139
f 1042 1043 1139
f 1139 1043 1140
f 1043 1044 1140
f 1140 1044 1141
f 1044 1045 1141
f 1141 1045 1142
f 1045 1046 1142
f 1142 1046 1085
f 1085 1086 1143
f 1143 1086 1144
f 1086 1087 1144
f 1144 1087 1145
f 1087 1049 1145
f 1145 1049 1146
f 1049 1050 1146
f 1146 1050 1147
f 1050 1051 1147
f 1147 1051 1148
f 1051 1052 1148
f 1148 1052 1088
f 1088 1089 1149
f 1149 1089 1150
f 1089 1054 1150
f 1150 1054 1090
f 1093 1094 1151
f 1151 1094 1152
f 1094 1057 1152
f 1152 1057 1095
f 1097 1098 1153
f 1153 1098 1154
f 1098 1061 1154
f 1154 1061 1099
f 1099 1100 1155
f 1155 1100 1156
f 1100 1063 1156
f 1156 1063 1101
f 1105 1106 1157
f 1157 1106 1158
f 1106 1066 1158
f 1158 1066 1107
f 1111 1112 1159
f 1159 1112 1160
f 1112 1070 1160
f 1160 1070 1113
f 1119 1120 1161
f 1161 1120 1162
f 1120 1074 1162
f 1162 1074 1121
f 1121 1122 1163
f 1163 1122 1164
f 1122 1076 1164
f 1164 1076 1123
f 1123 1124 1165
f 1165 1124 1166
f 1124 1078 1166
f 1166 1078 1125
f 1131 1132 1167
f 1167 1132 1168
f 1132 1082 1168
f 1168 1082 1133
f 1141 1142 1169
f 1169 1142 1170
f 1142 1085 1170
f 1170 1085 1143
f 1147 1148 1171
f 1171 1148 1172
f 1148 1088 1172
f 1172 1088 1149
f 1149 1150 1173
f 1173 1150 1174
f 1150 1090 1174
f 1174 1090 1091
f 1174 1091 1175
f 1175 1091 1176
f 1091 1092 1176
f 1176 1092 1177
f 1092 1093 1177
f 1177 1093 1178
f 1093 1151 1178
f 1178 1151 1179
f 1151 1152 1179
f 1179 1152 1180
f 1152 1095 1180
f 1180 1095 1181
f 1095 1096 1181
f 1181 1096 1182
f 1096 1097 1182
f 1182 1097 1183
f 1097 1153 1183
f 1183 1153 1184
f 1153 1154 1184
f 1184 1154 1185
f 1154 1099 1185
f 1185 1099 1186
f 1099 1155 1186
f 1186 1155 1187
f 1155 1156 1187
f 1187 1156 1188
f 1156 1101 1188
f 1188 1101 1189
f 1101 1102 1189
f 1189 1102 1190
f 1102 1103 1190
f 1190 1103 1191
f 1103 1104 1191
f 1191 1104 1192
f 1104 1105 1192
f 1192 1105 1193
f 1105 1157 1193
f 1193 1157 1194
f 1157 1158 1194
f 1194 1158 1195
f 1158 1107 1195
f 1195 1107 1196
f 1107 1108 1196
f 1196 1108 1197
f 1108 1109 1197
f 1197 1109 1198
f 1109 1110 1198
f 1198 1110 1199
f 1110 1111 1199
f 1199 1111 1200
f 1111 1159 1200
f 1200 1159 1201
f 1159 1160 1201
f 1201 1160 1202
f 1160 1113 1202
f 1202 1113 1203
f 1113 1114 1203
f 1203 1114 1204
f 1114 1115 1204
f 1204 1115 1205
f 1115 1116 1205
f 1205 1116 1206
f 1116 1117 1206
f 1206 1117 1207
f 1117 1118 1207
f 1207 1118 1208
f 1118 1119 1208
f 1208 1119 1209
f 1119 1161 1209
f 1209 1161 1210
f 1161 1162 1210
f 1210 1162 1211
f 1162 1121 1211
f 1211 1121 1212
f 1121 1163 1212
f 1212 1163 1213
f 1163 1164 1213
f 1213 1164 1214
f 1164 1123 1214
f 1214 1123 1215
f 1123 1165 1215
f 1215 1165 1216
f 1165 1166 1216
f 1216 1166 1217
f 1166 1125 1217
f 1217 1125 1218
f 1125 1126 1218
f 1218 1126 1219
f 1126 1127 1219
f 1219 1127 1220
f 1127 1128 1220
f 1220 1128 1221
f 1128 1129 1221
f 1221 1129 1222
f 1129 1130 1222
f 1222 1130 1223
f 1130 1131 1223
f 1223 1131 1224
f 1131 1167 1224
f 1224 1167 1225
f 1167 1168 1225
f 1225 1168 1226
f 1168 1133 1226
f 1226 1133 1227
f 1133 1134 1227
f 1227 1134 1228
f 1134 1135 1228
f 1228 1135 1229
f 1135 1136 1229
f 1229 1136 1230
f 1136 1137 1230
f 1230 1137 1231
f 1137 1138 1231
f 1231 1138 1232
f 1138 1139 1232
f 1232 1139 1233
f 1139 1140 1233
f 1233 1140 1234
f 1140 1141 1234
f 1234 1141 1235
f 1141 1169 1235
f 1235 1169 1236
f 1169 1170 1236
f 1236 1170 1237
f 1170 1143 1237
f 1237 1143 1238
f 1143 1144 1238
f 1238 1144 1239
f 1144 1145 1239
f 1239 1145 1240
f 1145 1146 1240
f 1240 1146 1241
f 1146 1147 1241
f 1241 1147 1242
f 1147 1171 1242
f 1242 1171 1243
f 1171 1172 1243
f 1243 1172 1244
f 1172 1149 1244
f 1244 1149 1245
f 1149 1173 1245
f 1245 1173 1246
f 1173 1174 1246
f 1246 1174 1175
f 1247 1249 1248
f 1248 1249 1250
f 1249 1251 1250
f 1250 1251 1252
f 1251 1253 1252
f 1252 1253 1254
f 1253 1255 1254
f 1254 1255 1256
f 1255 1257 1256
f 1256 1257 1258
f 1257 1259 1258
f 1258 1259 1260
f 1259 1261 1260
f 1260 1261 1262
f 1261 1263 1262
f 1262 1263 1264
f 1263 1265 1264
f 1264 1265 1266
f 1265 1267 1266
f 1266 1267 1268
f 1267 1269 1268
f 1268 1269 1270
f 1269 1271 1270
f 1270 1271 1272
f 1271 1273 1272
f 1272 1273 1274
f 1273 1275 1274
f 1274 1275 1276
f 1275 1277 1276
f 1276 1277 1278
f 1277 1279 1278
f 1278 1279 1280
f 1279 1281 1280
f 1280 1281 1282
f 1281 1283 1282
f 1282 1283 1284
f 1283 1285 1284
f 1284 1285 1286
f 1285 1287 1286
f 1286 1287 1288
f 1287 1289 1288
f 1288 1289 1290
f 1289 1291 1290
f 1290 1291 1292
f 1291 1293 1292
f 1292 1293 1294
f 1293 1295 1294
f 1294 1295 1296
f 1295 1297 1296
f 1296 1297 1298
f 1297 1299 1298
f 1298 1299 1300
f 1299 1301 1300
f 1300 1301 1302
f 1301 1303 1302
f 1302 1303 1304
f 1303 1305 1304
f 1304 1305 1306
f 1305 1307 1306
f 1306 1307 1308
f 1307 1309 1308
f 1308 1309 1310
f 1309 1311 1310
f 1310 1311 1312
f 1311 1313 1312
f 1312 1313 1314
f 1313 1315 1314
f 1314 1315 1316
f 1315 1317 1316
f 1316 1317 1318
f 1317 1319 1318
f 1318 1319 1320
f 1319 1321 1320
f 1320 1321 1322
f 1321 1323 1322
f 1322 1323 1324
f 1323 1325 1324
f 1324 1325 1326
f 1325 1327 1326
f 1326 1327 1328
f 1327 1329 1328
f 1328 1329 1330
f 1329 1331 1330
f 1330 1331 1332
f 1331 1333 1332
f 1332 1333 1334
f 1333 1335 1334
f 1334 1335 1336
f 1335 1337 1336
f 1336 1337 1338
f 1337 1339 1338
f 1338 1339 1340
f 1339 1341 1340
f 1340 1341 1342
f 1341 1343 1342
f 1342 1343 1344
f 1343 1345 1344
f 1344 1345 1346
f 1345 1347 1346
f 1346 1347 1348
f 1347 1349 1348
f 1348 1349 1350
f 1349 1351 1350
f 1350 1351 1352
f 1351 1353 1352
f 1352 1353 1354
f 1353 1355 1354
f 1354 1355 1356
f 1355 1357 1356
f 1356 1357 1358
f 1357 1359 1358
f 1358 1359 1360
f 1359 1361 1360
f 1360 1361 1362
f 1361 1363 1362
f 1362 1363 1364
f 1363 1365 1364
f 1364 1365 1366
f 1365 1367 1366
f 1366 1367 1368
f 1367 1369 1368
f 1368 1369 1370
f 1369 1371 1370
f 1370 1371 1372
f 1371 1373 1372
f 1372 1373 1374
f 1373 1375 1374
f 1374 1375 1376
f 1375 1377 1376
f 1376 1377 1378
f 1377 1379 1378
f 1378 1379 1380
f 1379 1381 1380
f 1380 1381 1382
f 1381 1383 1382
f 1382 1383 1384
f 1383 1385 1384
f 1384 1385 1386
f 1385 1387 1386
f 1386 1387 1388
f 1387 1389 1388
f 1388 1389 1390
f 1389 1391 1390
f 1390 1391 1247
f 1391 1249 1247
f 1271 1269 1392
f 1392 1269 1393
f 1269 1267 1393
f 1393 1267 1394
f 1267 1265 1394
f 1394 1265 1395
f 1265 1263 1395
f 1395 1263 1396
f 1263 1261 1396
f 1396 1261 1397
f 1261 1259 1397
f 1397 1259 1398
f 1259 1257 1398
f 1398 1257 1399
f 1257 1255 1399
f 1399 1255 1400
f 1255 1253 1400
f 1400 1253 1401
f 1253 1251 1401
f 1401 1251 1402
f 1251 1249 1402
f 1402 1249 1403
f 1249 1391 1403
f 1403 1391 1404
f 1391 1389 1404
f 1404 1389 1405
f 1389 1387 1405
f 1405 1387 1406
f 1387 1385 1406
f 1406 1385 1407
f 1385 1383 1407
f 1407 1383 1408
f 1383 1381 1408
f 1408 1381 1409
f 1381 1379 1409
f 1409 1379 1410
f 1379 1377 1410
f 1410 1377 1411
f 1377 1375 1411
f 1411 1375 1412
f 1375 1373 1412
f 1412 1373 1413
f 1373 1371 1413
f 1413 1371 1414
f 1371 1369 1414
f 1414 1369 1415
f 1369 1367 1415
f 1415 1367 1416
f 1367 1365 1416
f 1416 1365 1417
f 1365 1363 1417
f 1417 1363 1418
f 1363 1361 1418
f 1418 1361 1419
f 1361 1359 1419
f 1419 1359 1420
f 1359 1357 1420
f 1420 1357 1421
f 1357 1355 1421
f 1421 1355 1422
f 1355 1353 1422
f 1422 1353 1423
f 1353 1351 1423
f 1423 1351 1424
f 1351 1349 1424
f 1424 1349 1425
f 1349 1347 1425
f 1425 1347 1426
f 1347 1345 1426
f 1426 1345 1427
f 1345 1343 1427
f 1427 1343 1428
f 1343 1341 1428
f 1428 1341 1429
f 1341 1339 1429
f 1429 1339 1430
f 1339 1337 1430
f 1430 1337 1431
f 1337 1335 1431
f 1431 1335 1432
f 1335 1333 1432
f 1432 1333 1433
f 1333 1331 1433
f 1433 1331 1434
f 1331 1329 1434
f 1434 1329 1435
f 1329 1327 1435
f 1435 1327 1436
f 1327 1325 1436
f 1436 1325 1437
f 1325 1323 1437
f 1437 1323 1438
f 1323 1321 1438
f 1438 1321 1439
f 1321 1319 1439
f 1439 1319 1440
f 1319 1317 1440
f 1440 1317 1441
f 1317 1315 1441
f 1441 1315 1442
f 1315 1313 1442
f 1442 1313 1443
f 1313 1311 1443
f 1443 1311 1444
f 1311 1309 1444
f 1444 1309 1445
f 1309 1307 1445
f 1445 1307 1446
f 1307 1305 1446
f 1446 1305 1447
f 1305 1303 1447
f 1447 1303 1448
f 1303 1301 1448
f 1448 1301 1449
f 1301 1299 1449
f 1449 1299 1450
f 1299 1297 1450
f 1450 1297 1451
f 1297 1295 1451
f 1451 1295 1452
f 1295 1293 1452
f 1452 1293 1453
f 1293 1291 1453
f 1453 1291 1454
f 1291 1289 1454
f 1454 1289 1455
f 1289 1287 1455
f 1455 1287 1456
f 1287 1285 1456
f 1456 1285 1457
f 1285 1283 1457
f 1457 1283 1458
f 1283 1281 1458
f 1458 1281 1459
f 1281 1279 1459
f 1459 1279 1460
f 1279 1277 1460
f 1460 1277 1461
f 1277 1275 1461
f 1461 1275 1462
f 1275 1273 1462
f 1462 1273 1463
f 1273 1271 1463
f 1463 1271 1392
f 1463 1392 1464
f 1464 1392 1465
f 1392 1393 1465
f 1465 1393 1466
f 1393 1394 1466
f 1466 1394 1467
f 1394 1395 1467
f 1467 1395 1468
f 1395 1396 1468
f 1468 1396 1469
f 1396 1397 1469
f 1469 1397 1470
f 1397 1398 1470
f 1470 1398 1471
f 1398 1399 1471
f 1471 1399 1472
f 1399 1400 1472
f 1472 1400 1473
f 1400 1401 1473
f 1473 1401 1474
f 1401 1402 1474
f 1474 1402 1475
f 1402 1403 1475
f 1475 1403 1476
f 1403 1404 1476
f 1476 1404 1477
f 1404 1405 1477
f 1477 1405 1478
f 1405 1406 1478
f 1478 1406 1479
f 1406 1407 1479
f 1479 1407 1480
f 1407 1408 1480
f 1480 1408 1481
f 1408 1409 1481
f 1481 1409 1482
f 1409 1410 1482
f 1482 1410 1483
f 1410 1411 1483
f 1483 1411 1484
f 1411 1412 1484
f 1484 1412 1485
f 1412 1413 1485
f 1485 1413 1486
f 1413 1414 1486
f 1486 1414 1487
f 1414 1415 1487
f 1487 1415 1488
f 1415 1416 1488
f 1488 1416 1489
f 1416 1417 1489
f 1489 1417 1490
f 1417 1418 1490
f 1490 1418 1491
f 1418 1419 1491
f 1491 1419 1492
f 1419 1420 1492
f 1492 1420 1493
f 1420 1421 1493
f 1493 1421 1494
f 1421 1422 1494
f 1494 1422 1495
f 1422 1423 1495
f 1495 1423 1496
f 1423 1424 1496
f 1496 1424 1497
f 1424 1425 1497
f 1497 1425 1498
f 1425 1426 1498
f 1498 1426 1499
f 1426 1427 1499
f 1499 1427 1500
f 1427 1428 1500
f 1500 1428 1501
f 1428 1429 1501
f 1501 1429 1502
f 1429 1430 1502
f 1502 1430 1503
f 1430 1431 1503
f 1503 1431 1504
f 1431 1432 1504
f 1504 1432 1505
f 1432 1433 1505
f 1505 1433 1506
f 1433 1434 1506
f 1506 1434 1507
f 1434 1435 1507
f 1507 1435 1508
f 1435 1436 1508
f 1508 1436 1509
f 1436 1437 1509
f 1509 1437 1510
f 1437 1438 1510
f 1510 1438 1511
f 1438 1439 1511
f 1511 1439 1512
f 1439 1440 1512
f 1512 1440 1513
f 1440 1441 1513
f 1513 1441 1514
f 1441 1442 1514
f 1514 1442 1515
f 1442 1443 1515
f 1515 1443 1516
f 1443 1444 1516
f 1516 1444 1517
f 1444 1445 1517
f 1517 1445 1518
f 1445 1446 1518
f 1518 1446 1519
f 1446 1447 1519
f 1519 1447 1520
f 1447 1448 1520
f 1520 1448 1521
f 1448 1449 1521
f 1521 1449 1522
f 1449 1450 1522
f 1522 1450 1523
f 1450 1451 1523
f 1523 1451 1524
f 1451 1452 1524
f 1524 1452 1525
f 1452 1453 1525
f 1525 1453 1526
f 1453 1454 1526
f 1526 1454 1527
f 1454 1455 1527
f 1527 1455 1528
f 1455 1456 1528
f 1528 1456 1529
f 1456 1457 1529
f 1529 1457 1530
f 1457 1458 1530
f 1530 1458 1531
f 1458 1459 1531
f 1531 1459 1532
f 1459 1460 1532
f 1532 1460 1533
f 1460 1461 1533
f 1533 1461 1534
f 1461 1462 1534
f 1534 1462 1535
f 1462 1463 1535
f 1535 1463 1464
f 1535 1464 1536
f 1536 1464 1537
f 1464 1465 1537
f 1537 1465 1538
f 1465 1466 1538
f 1538 1466 1539
f 1466 1467 1539
f 1539 1467 1540
f 1467 1468 1540
f 1540 1468 1541
f 1468 1469 1541
f 1541 1469 1542
f 1469 1470 1542
f 1542 1470 1543
f 1470 1471 1543
f 1543 1471 1544
f 1471 1472 1544
f 1544 1472 1545
f 1472 1473 1545
f 1545 1473 1546
f 1473 1474 1546
f 1546 1474 1547
f 1474 1475 1547
f 1547 1475 1548
f 1475 1476 1548
f 1548 1476 1549
f 1476 1477 1549
f 1549 1477 1550
f 1477 1478 1550
f 1550 1478 1551
f 1478 1479 1551
f 1551 1479 1552
f 1479 1480 1552
f 1552 1480 1553
f 1480 1481 1553
f 1553 1481 1554
f 1481 1482 1554
f 1554 1482 1555
f 1482 1483 1555
f 1555 1483 1556
f 1483 1484 1556
f 1556 1484 1557
f 1484 1485 1557
f 1557 1485 1558
f 1485 1486 1558
f 1558 1486 1559
f 1486 1487 1559
f 1559 1487 1560
f 1487 1488 1560
f 1560 1488 1561
f 1488 1489 1561
f 1561 1489 1562
f 1489 1490 1562
f 1562 1490 1563
f 1490 1491 1563
f 1563 1491 1564
f 1491 1492 1564
f 1564 1492 1565
f 1492 1493 1565
f 1565 1493 1566
f 1493 1494 1566
f 1566 1494 1567
f 1494 1495 1567
f 1567 1495 1568
f 1495 1496 1568
f 1568 1496 1569
f 1496 1497 1569
f 1569 1497 1570
f 1497 1498 1570
f 1570 1498 1571
f 1498 1499 1571
f 1571 1499 1572
f 1499 1500 1572
f 1572 1500 1573
f 1500 1501 1573
f 1573 1501 1574
f 1501 1502 1574
f 1574 1502 1575
f 1502 1503 1575
f 1575 1503 1576
f 1503 1504 1576
f 1576 1504 1577
f 1504 1505 1577
f 1577 1505 1578
f 1505 1506 1578
f 1578 1506 1579
f 1506 1507 1579
f 1579 1507 1580
f 1507 1508 1580
f 1580 1508 1581
f 1508 1509 1581
f 1581 1509 1582
f 1509 1510 1582
f 1582 1510 1583
f 1510 1511 1583
f 1583 1511 1584
f 1511 1512 1584
f 1584 1512 1585
f 1512 1513 1585
f 1585 1513 1586
f 1513 1514 1586
f 1586 1514 1587
f 1514 1515 1587
f 1587 1515 1588
f 1515 1516 1588
f 1588 1516 1589
f 1516 1517 1589
f 1589 1517 1590
f 1517 1518 1590
f 1590 1518 1591
f 1518 1519 1591
f 1591 1519 1592
f 1519 1520 1592
f 1592 1520 1593
f 1520 1521 1593
f 1593 1521 1594
f 1521 1522 1594
f 1594 1522 1595
f 1522 1523 1595
f 1595 1523 1596
f 1523 1524 1596
f 1596 1524 1597
f 1524 1525 1597
f 1597 1525 1598
f 1525 1526 1598
f 1598 1526 1599
f 1526 1527 1599
f 1599 1527 1600
f 1527 1528 1600
f 1600 1528 1601
f 1528 1529 1601
f 1601 1529 1602
f 1529 1530 1602
f 1602 1530 1603
f 1530 1531 1603
f 1603 1531 1604
f 1531 1532 1604
f 1604 1532 1605
f 1532 1533 1605
f 1605 1533 1606
f 1533 1534 1606
f 1606 1534 1607
f 1534 1535 1607
f 1607 1535 1536
f 1607 1536 1608
f 1608 1536 1609
f 1536 1537 1609
f 1609 1537 1610
f 1537 1538 1610
f 1610 1538 1611
f 1538 1539 1611
f 1611 1539 1612
f 1539 1540 1612
f 1612 1540 1613
f 1540 1541 1613
f 1613 1541 1614
f 1541 1542 1614
f 1614 1542 1615
f 1542 1543 1615
f 1615 1543 1616
f 1543 1544 1616
f 1616 1544 1617
f 1544 1545 1617
f 1617 1545 1618
f 1545 1546 1618
f 1618 1546 1619
f 1546 1547 1619
f 1619 1547 1620
f 1547 1548 1620
f 1620 1548 1621
f 1548 1549 1621
f 1621 1549 1622
f 1549 1550 1622
f 1622 1550 1623
f 1550 1551 1623
f 1623 1551 1624
f 1551 1552 1624
f 1624 1552 1625
f 1552 1553 1625
f 1625 1553 1626
f 1553 1554 1626
f 1626 1554 1627
f 1554 1555 1627
f 1627 1555 1628
f 1555 1556 1628
f 1628 1556 1629
f 1556 1557 1629
f 1629 1557 1630
f 1557 1558 1630
f 1630 1558 1631
f 1558 1559 1631
f 1631 1559 1632
f 1559 1560 1632
f 1632 1560 1633
f 1560 1561 1633
f 1633 1561 1634
f 1561 1562 1634
f 1634 1562 1635
f 1562 1563 1635
f 1635 1563 1636
f 1563 1564 1636
f 1636 1564 1637
f 1564 1565 1637
f 1637 1565 1638
f 1565 1566 1638
f 1638 1566 1639
f 1566 1567 1639
f 1639 1567 1640
f 1567 1568 1640
f 1640 1568 1641
f 1568 1569 1641
f 1641 1569 1642
f 1569 1570 1642
f 1642 1570 1643
f 1570 1571 1643
f 1643 1571 1644
f 1571 1572 1644
f 1644 1572 1645
f 1572 1573 1645
f 1645 1573 1646
f 1573 1574 1646
f 1646 1574 1647
f 1574 1575 1647
f 1647 1575 1648
f 1575 1576 1648
f 1648 1576 1649
f 1576 1577 1649
f 1649 1577 1650
f 1577 1578 1650
f 1650 1578 1651
f 1578 1579 1651
f 1651 1579 1652
f 1579 1580 1652
f 1652 1580 1653
f 1580 1581 1653
f 1653 1581 1654
f 1581 1582 1654
f 1654 1582 1655
f 1582 1583 1655
f 1655 1583 1656
f 1583 1584 1656
f 1656 1584 1657
f 1584 1585 1657
f 1657 1585 1658
f 1585 1586 1658
f 1658 1586 1659
f 1586 1587 1659
f 1659 1587 1660
f 1587 1588 1660
f 1660 1588 1661
f 1588 1589 1661
f 1661 1589 1662
f 1589 1590 1662
f 1662 1590 1663
f 1590 1591 1663
f 1663 1591 1664
f 1591 1592 1664
f 1664 1592 1665
f 1592 1593 1665
f 1665 1593 1666
f 1593 1594 1666
f 1666 1594 1667
f 1594 1595 1667
f 1667 1595 1668
f 1595 1596 1668
f 1668 1596 1669
f 1596 1597 1669
f 1669 1597 1670
f 1597 1598 1670
f 1670 1598 1671
f 1598 1599 1671
f 1671 1599 1672
f 1599 1600 1672
f 1672 1600 1673
f 1600 1601 1673
f 1673 1601 1674
f 1601 1602 1674
f 1674 1602 1675
f 1602 1603 1675
f 1675 1603 1676
f 1603 1604 1676
f 1676 1604 1677
f 1604 1605 1677
f 1677 1605 1678
f 1605 1606 1678
f 1678 1606 1679
f 1606 1607 1679
f 1679 1607 1608
f 1679 1608 1680
f 1680 1608 1681
f 1608 1609 1681
f 1681 1609 1682
f 1609 1610 1682
f 1682 1610 1683
f 1610 1611 1683
f 1683 1611 1684
f 1611 1612 1684
f 1684 1612 1685
f 1612 1613 1685
f 1685 1613 1686
f 1613 1614 1686
f 1686 1614 1687
f 1614 1615 1687
f 1687 1615 1688
f 1615 1616 1688
f 1688 1616 1689
f 1616 1617 1689
f 1689 1617 1690
f 1617 1618 1690
f 1690 1618 1691
f 1618 1619 1691
f 1691 1619 1692
f 1619 1620 1692
f 1692 1620 1693
f 1620 1621 1693
f 1693 1621 1694
f 1621 1622 1694
f 1694 1622 1695
f 1622 1623 1695
f 1695 1623 1696
f 1623 1624 1696
f 1696 1624 1697
f 1624 1625 1697
f 1697 1625 1698
f 1625 1626 1698
f 1698 1626 1699
f 1626 1627 1699
f 1699 1627 1700
f 1627 1628 1700
f 1700 1628 1701
f 1628 1629 1701
f 1701 1629 1702
f 1629 1630 1702
f 1702 1630 1703
f 1630 1631 1703
f 1703 1631 1704
f 1631 1632 1704
f 1704 1632 1705
f 1632 1633 1705
f 1705 1633 1706
f 1633 1634 1706
f 1706 1634 1707
f 1634 1635 1707
f 1707 1635 1708
f 1635 1636 1708
f 1708 1636 1709
f 1636 1637 1709
f 1709 1637 1710
f 1637 1638 1710
f 1710 1638 1711
f 1638 1639 1711
f 1711 1639 1712
f 1639 1640 1712
f 1712 1640 1713
f 1640 1641 1713
f 1713 1641 1714
f 1641 1642 1714
f 1714 1642 1715
f 1642 1643 1715
f 1715 1643 1716
f 1643 1644 1716
f 1716 1644 1717
f 1644 1645 1717
f 1717 1645 1718
f 1645 1646 1718
f 1718 1646 1719
f 1646 1647 1719
f 1719 1647 1720
f 1647 1648 1720
f 1720 1648 1721
f 1648 1649 1721
f 1721 1649 1722
f 1649 1650 1722
f 1722 1650 1723
f 1650 1651 1723
f 1723 1651 1724
f 1651 1652 1724
f 1724 1652 1725
f 1652 1653 1725
f 1725 1653 1726
f 1653 1654 1726
f 1726 1654 1727
f 1654 1655 1727
f 1727 1655 1728
f 1655 1656 1728
f 1728 1656 1729
f 1656 1657 1729
f 1729 1657 1730
f 1657 1658 1730
f 1730 1658 1731
f 1658 1659 1731
f 1731 1659 1732
f 1659 1660 1732
f 1732 1660 1733
f 1660 1661 1733
f 1733 1661 1734
f 1661 1662 1734
f 1734 1662 1735
f 1662 1663 1735
f 1735 1663 1736
f 1663 1664 1736
f 1736 1664 1737
f 1664 1665 1737
f 1737 1665 1738
f 1665 1666 1738
f 1738 1666 1739
f 1666 1667 1739
f 1739 1667 1740
f 1667 1668 1740
f 1740 1668 1741
f 1668 1669 1741
f 1741 1669 1742
f 1669 1670 1742
f 1742 1670 1743
f 1670 1671 1743
f 1743 1671 1744
f 1671 1672 1744
f 1744 1672 1745
f 1672 1673 1745
f 1745 1673 1746
f 1673 1674 1746
f 1746 1674 1747
f 1674 1675 1747
f 1747 1675 1748
f 1675 1676 1748
f 1748 1676 1749
f 1676 1677 1749
f 1749 1677 1750
f 1677 1678 1750
f 1750 1678 1751
f 1678 1679 1751
f 1751 1679 1680
f 1751 1680 1752
f 1752 1680 1753
f 1680 1681 1753
f 1753 1681 1754
f 1681 1682 1754
f 1754 1682 1755
f 1682 1683 1755
f 1755 1683 1756
f 1683 1684 1756
f 1756 1684 1757
f 1684 1685 1757
f 1757 1685 1758
f 1685 1686 1758
f 1758 1686 1759
f 1686 1687 1759
f 1759 1687 1760
f 1687 1688 1760
f 1760 1688 1761
f 1688 1689 1761
f 1761 1689 1762
f 1689 1690 1762
f 1762 1690 1763
f 1690 1691 1763
f 1763 1691 1764
f 1691 1692 1764
f 1764 1692 1765
f 1692 1693 1765
f 1765 1693 1766
f 1693 1694 1766
f 1766 1694 1767
f 1694 1695 1767
f 1767 1695 1768
f 1695 1696 1768
f 1768 1696 1769
f 1696 1697 1769
f 1769 1697 1770
f 1697 1698 1770
f 1770 1698 1771
f 1698 1699 1771
f 1771 1699 1772
f 1699 1700 1772
f 1772 1700 1773
f 1700 1701 1773
f 1773 1701 1774
f 1701 1702 1774
f 1774 1702 1775
f 1702 1703 1775
f 1775 1703 1776
f 1703 1704 1776
f 1776 1704 1777
f 1704 1705 1777
f 1777 1705 1778
f 1705 1706 1778
f 1778 1706 1779
f 1706 1707 1779
f 1779 1707 1780
f 1707 1708 1780
f 1780 1708 1781
f 1708 1709 1781
f 1781 1709 1782
f 1709 1710 1782
f 1782 1710 1783
f 1710 1711 1783
f 1783 1711 1784
f 1711 1712 1784
f 1784 1712 1785
f 1712 1713 1785
f 1785 1713 1786
f 1713 1714 1786
f 1786 1714 1787
f 1714 1715 1787
f 1787 1715 1788
f 1715 1716 1788
f 1788 1716 1789
f 1716 1717 1789
f 1789 1717 1790
f 1717 1718 1790
f 1790 1718 1791
f 1718 1719 1791
f 1791 1719 1792
f 1719 1720 1792
f 1792 1720 1793
f 1720 1721 1793
f 1793 1721 1794
f 1721 1722 1794
f 1794 1722 1795
f 1722 1723 1795
f 1795 1723 1796
f 1723 1724 1796
f 1796 1724 1797
f 1724 1725 1797
f 1797 1725 1798
f 1725 1726 1798
f 1798 1726 1799
f 1726 1727 1799
f 1799 1727 1800
f 1727 1728 1800
f 1800 1728 1801
f 1728 1729 1801
f 1801 1729 1802
f 1729 1730 1802
f 1802 1730 1803
f 1730 1731 1803
f 1803 1731 1804
f 1731 1732 1804
f 1804 1732 1805
f 1732 1733 1805
f 1805 1733 1806
f 1733 1734 1806
f 1806 1734 1807
f 1734 1735 1807
f 1807 1735 1808
f 1735 1736 1808
f 1808 1736 1809
f 1736 1737 1809
f 1809 1737 1810
f 1737 1738 1810
f 1810 1738 1811
f 1738 1739 1811
f 1811 1739 1812
f 1739 1740 1812
f 1812 1740 1813
f 1740 1741 1813
f 1813 1741 1814
f 1741 1742 1814
f 1814 1742 1815
f 1742 1743 1815
f 1815 1743 1816
f 1743 1744 1816
f 1816 1744 1817
f 1744 1745 1817
f 1817 1745 1818
f 1745 1746 1818
f 1818 1746 1819
f 1746 1747 1819
f 1819 1747 1820
f 1747 1748 1820
f 1820 1748 1821
f 1748 1749 1821
f 1821 1749 1822
f 1749 1750 1822
f 1822 1750 1823
f 1750 1751 1823
f 1823 1751 1752
f 1823 1752 1824
f 1824 1752 1825
f 1752 1753 1825
f 1825 1753 1826
f 1753 1754 1826
f 1826 1754 1827
f 1754 1755 1827
f 1827 1755 1828
f 1755 1756 1828
f 1828 1756 1829
f 1756 1757 1829
f 1829 1757 1830
f 1757 1758 1830
f 1830 1758 1831
f 1758 1759 1831
f 1831 1759 1832
f 1759 1760 1832
f 1832 1760 1833
f 1760 1761 1833
f 1833 1761 1834
f 1761 1762 1834
f 1834 1762 1835
f 1762 1763 1835
f 1835 1763 1836
f 1763 1764 1836
f 1836 1764 1837
f 1764 1765 1837
f 1837 1765 1838
f 1765 1766 1838
f 1838 1766 1839
f 1766 1767 1839
f 1839 1767 1840
f 1767 1768 1840
f 1840 1768 1841
f 1768 1769 1841
f 1841 1769 1842
f 1769 1770 1842
f 1842 1770 1843
f 1770 1771 1843
f 1843 1771 1844
f 1771 1772 1844
f 1844 1772 1845
f 1772 1773 1845
f 1845 1773 1846
f 1773 1774 1846
f 1846 1774 1847
f 1774 1775 1847
f 1847 1775 1848
f 1775 1776 1848
f 1848 1776 1849
f 1776 1777 1849
f 1849 1777 1850
f 1777 1778 1850
f 1850 1778 1851
f 1778 1779 1851
f 1851 1779 1852
f 1779 1780 1852
f 1852 1780 1853
f 1780 1781 1853
f 1853 1781 1854
f 1781 1782 1854
f 1854 1782 1855
f 1782 1783 1855
f 1855 1783 1856
f 1783 1784 1856
f 1856 1784 1857
f 1784 1785 1857
f 1857 1785 1858
f 1785 1786 1858
f 1858 1786 1859
f 1786 1787 1859
f 1859 1787 1860
f 1787 1788 1860
f 1860 1788 1861
f 1788 1789 1861
f 1861 1789 1862
f 1789 1790 1862
f 1862 1790 1863
f 1790 1791 1863
f 1863 1791 1864
f 1791 1792 1864
f 1864 1792 1865
f 1792 1793 1865
f 1865 1793 1866
f 1793 1794 1866
f 1866 1794 1867
f 1794 1795 1867
f 1867 1795 1868
f 1795 1796 1868
f 1868 1796 1869
f 1796 1797 1869
f 1869 1797 1870
f 1797 1798 1870
f 1870 1798 1871
f 1798 1799 1871
f 1871 1799 1872
f 1799 1800 1872
f 1872 1800 1873
f 1800 1801 1873
f 1873 1801 1874
f 1801 1802 1874
f 1874 1802 1875
f 1802 1803 1875
f 1875 1803 1876
f 1803 1804 1876
f 1876 1804 1877
f 1804 1805 1877
f 1877 1805 1878
f 1805 1806 1878
f 1878 1806 1879
f 1806 1807 1879
f 1879 1807 1880
f 1807 1808 1880
f 1880 1808 1881
f 1808 1809 1881
f 1881 1809 1882
f 1809 1810 1882
f 1882 1810 1883
f 1810 1811 1883
f 1883 1811 1884
f 1811 1812 1884
f 1884 1812 1885
f 1812 1813 1885
f 1885 1813 1886
f 1813 1814 1886
f 1886 1814 1887
f 1814 1815 1887
f 1887 1815 1888
f 1815 1816 1888
f 1888 1816 1889
f 1816 1817 1889
f 1889 1817 1890
f 1817 1818 1890
f 1890 1818 1891
f 1818 1819 1891
f 1891 1819 1892
f 1819 1820 1892
f 1892 1820 1893
f 1820 1821 1893
f 1893 1821 1894
f 1821 1822 1894
f 1894 1822 1895
f 1822 1823 1895
f 1895 1823 1824
f 1895 1824 1896
f 1896 1824 1897
f 1824 1825 1897
f 1897 1825 1898
f 1825 1826 1898
f 1898 1826 1899
f 1826 1827 1899
f 1899 1827 1900
f 1827 1828 1900
f 1900 1828 1901
f 1828 1829 1901
f 1901 1829 1902
f 1829 1830 1902
f 1902 1830 1903
f 1830 1831 1903
f 1903 1831 1904
f 1831 1832 1904
f 1904 1832 1905
f 1832 1833 1905
f 1905 1833 1906
f 1833 1834 1906
f 1906 1834 1907
f 1834 1835 1907
f 1907 1835 1908
f 1835 1836 1908
f 1908 1836 1909
f 1836 1837 1909
f 1909 1837 1910
f 1837 1838 1910
f 1910 1838 1911
f 1838 1839 1911
f 1911 1839 1912
f 1839 1840 1912
f 1912 1840 1913
f 1840 1841 1913
f 1913 1841 1914
f 1841 1842 1914
f 1914 1842 1915
f 1842 1843 1915
f 1915 1843 1916
f 1843 1844 1916
f 1916 1844 1917
f 1844 1845 1917
f 1917 1845 1918
f 1845 1846 1918
f 1918 1846 1919
f 1846 1847 1919
f 1919 1847 1920
f 1847 1848 1920
f 1920 1848 1921
f 1848 1849 1921
f 1921 1849 1922
f 1849 1850 1922
f 1922 1850 1923
f 1850 1851 1923
f 1923 1851 1924
f 1851 1852 1924
f 1924 1852 1925
f 1852 1853 1925
f 1925 1853 1926
f 1853 1854 1926
f 1926 1854 1927
f 1854 1855 1927
f 1927 1855 1928
f 1855 1856 1928
f 1928 1856 1929
f 1856 1857 1929
f 1929 1857 1930
f 1857 1858 1930
f 1930 1858 1931
f 1858 1859 1931
f 1931 1859 1932
f 1859 1860 1932
f 1932 1860 1933
f 1860 1861 1933
f 1933 1861 1934
f 1861 1862 1934
f 1934 1862 1935
f 1862 1863 1935
f 1935 1863 1936
f 1863 1864 1936
f 1936 1864 1937
f 1864 1865 1937
f 1937 1865 1938
f 1865 1866 1938
f 1938 1866 1939
f 1866 1867 1939
f 1939 1867 1940
f 1867 1868 1940
f 1940 1868 1941
f 1868 1869 1941
f 1941 1869 1942
f 1869 1870 1942
f 1942 1870 1943
f 1870 1871 1943
f 1943 1871 1944
f 1871 1872 1944
f 1944 1872 1945
f 1872 1873 1945
f 1945 1873 1946
f 1873 1874 1946
f 1946 1874 1947
f 1874 1875 1947
f 1947 1875 1948
f 1875 1876 1948
f 1948 1876 1949
f 1876 1877 1949
f 1949 1877 1950
f 1877 1878 1950
f 1950 1878 1951
f 1878 1879 1951
f 1951 1879 1952
f 1879 1880 1952
f 1952 1880 1953
f 1880 1881 1953
f 1953 1881 1954
f 1881 1882 1954
f 1954 1882 1955
f 1882 1883 1955
f 1955 1883 1956
f 1883 1884 1956
f 1956 1884 1957
f 1884 1885 1957
f 1957 1885 1958
f 1885 1886 1958
f 1958 1886 1959
f 1886 1887 1959
f 1959 1887 1960
f 1887 1888 1960
f 1960 1888 1961
f 1888 1889 1961
f 1961 1889 1962
f 1889 1890 1962
f 1962 1890 1963
f 1890 1891 1963
f 1963 1891 1964
f 1891 1892 1964
f 1964 1892 1965
f 1892 1893 1965
f 1965 1893 1966
f 1893 1894 1966
f 1966 1894 1967
f 1894 1895 1967
f 1967 1895 1896
f 1967 1896 1968
f 1968 1896 1969
f 1896 1897 1969
f 1969 1897 1970
f 1897 1898 1970
f 1970 1898 1971
f 1898 1899 1971
f 1971 1899 1972
f 1899 1900 1972
f 1972 1900 1973
f 1900 1901 1973
f 1973 1901 1974
f 1901 1902 1974
f 1974 1902 1975
f 1902 1903 1975
f 1975 1903 1976
f 1903 1904 1976
f 1976 1904 1977
f 1904 1905 1977
f 1977 1905 1978
f 1905 1906 1978
f 1978 1906 1979
f 1906 1907 1979
f 1979 1907 1980
f 1907 1908 1980
f 1980 1908 1981
f 1908 1909 1981
f 1981 1909 1982
f 1909 1910 1982
f 1982 1910 1983
f 1910 1911 1983
f 1983 1911 1984
f 1911 1912 1984
f 1984 1912 1985
f 1912 1913 1985
f 1985 1913 1986
f 1913 1914 1986
f 1986 1914 1987
f 1914 1915 1987
f 1987 1915 1988
f 1915 1916 1988
f 1988 1916 1989
f 1916 1917 1989
f 1989 1917 1990
f 1917 1918 1990
f 1990 1918 1991
f 1918 1919 1991
f 1991 1919 1992
f 1919 1920 1992
f 1992 1920 1993
f 1920 1921 1993
f 1993 1921 1994
f 1921 1922 1994
f 1994 1922 1995
f 1922 1923 1995
f 1995 1923 1996
f 1923 1924 1996
f 1996 1924 1997
f 1924 1925 1997
f 1997 1925 1998
f 1925 1926 1998
f 1998 1926 1999
f 1926 1927 1999
f 1999 1927 2000
f 1927 1928 2000
f 2000 1928 2001
f 1928 1929 2001
f 2001 1929 2002
f 1929 1930 2002
f 2002 1930 2003
f 1930 1931 2003
f 2003 1931 2004
f 1931 1932 2004
f 2004 1932 2005
f 1932 1933 2005
f 2005 1933 2006
f 1933 1934 2006
f 2006 1934 2007
f 1934 1935 2007
f 2007 1935 2008
f 1935 1936 2008
f 2008 1936 2009
f 1936 1937 2009
f 2009 1937 2010
f 1937 1938 2010
f 2010 1938 2011
f 1938 1939 2011
f 2011 1939 2012
f 1939 1940 2012
f 2012 1940 2013
f 1940 1941 2013
f 2013 1941 2014
f 1941 1942 2014
f 2014 1942 2015
f 1942 1943 2015
f 2015 1943 2016
f 1943 1944 2016
f 2016 1944 2017
f 1944 1945 2017
f 2017 1945 2018
f 1945 1946 2018
f 2018 1946 2019
f 1946 1947 2019
f 2019 1947 2020
f 1947 1948 2020
f 2020 1948 2021
f 1948 1949 2021
f 2021 1949 2022
f 1949 1950 2022
f 2022 1950 2023
f 1950 1951 2023
f 2023 1951 2024
f 1951 1952 2024
f 2024 1952 2025
f 1952 1953 2025
f 2025 1953 2026
f 1953 1954 2026
f 2026 1954 2027
f 1954 1955 2027
f 2027 1955 2028
f 1955 1956 2028
f 2028 1956 2029
f 1956 1957 2029
f 2029 1957 2030
f 1957 1958 2030
f 2030 1958 2031
f 1958 1959 2031
f 2031 1959 2032
f 1959 1960 2032
f 2032 1960 2033
f 1960 1961 2033
f 2033 1961 2034
f 1961 1962 2034
f 2034 1962 2035
f 1962 1963 2035
f 2035 1963 2036
f 1963 1964 2036
f 2036 1964 2037
f 1964 1965 2037
f 2037 1965 2038
f 1965 1966 2038
f 2038 1966 2039
f 1966 1967 2039
f 2039 1967 1968
f 2039 1968 2040
f 2040 1968 2041
f 1968 1969 2041
f 2041 1969 2042
f 1969 1970 2042
f 2042 1970 2043
f 1970 1971 2043
f 2043 1971 2044
f 1971 1972 2044
f 2044 1972 2045
f 1972 1973 2045
f 2045 1973 2046
f 1973 1974 2046
f 2046 1974 2047
f 1974 1975 2047
f 2047 1975 2048
f 1975 1976 2048
f 2048 1976 2049
f 1976 1977 2049
f 2049 1977 2050
f 1977 1978 2050
f 2050 1978 2051
f 1978 1979 2051
f 2051 1979 2052
f 1979 1980 2052
f 2052 1980 2053
f 1980 1981 2053
f 2053 1981 2054
f 1981 1982 2054
f 2054 1982 2055
f 1982 1983 2055
f 2055 1983 2056
f 1983 1984 2056
f 2056 1984 2057
f 1984 1985 2057
f 2057 1985 2058
f 1985 1986 2058
f 2058 1986 2059
f 1986 1987 2059
f 2059 1987 2060
f 1987 1988 2060
f 2060 1988 2061
f 1988 1989 2061
f 2061 1989 2062
f 1989 1990 2062
f 2062 1990 2063
f 1990 1991 2063
f 2063 1991 2064
f 1991 1992 2064
f 2064 1992 2065
f 1992 1993 2065
f 2065 1993 2066
f 1993 1994 2066
f 2066 1994 2067
f 1994 1995 2067
f 2067 1995 2068
f 1995 1996 2068
f 2068 1996 2069
f 1996 1997 2069
f 2069 1997 2070
f 1997 1998 2070
f 2070 1998 2071
f 1998 1999 2071
f 2071 1999 2072
f 1999 2000 2072
f 2072 2000 2073
f 2000 2001 2073
f 2073 2001 2074
f 2001 2002 2074
f 2074 2002 2075
f 2002 2003 2075
f 2075 2003 2076
f 2003 2004 2076
f 2076 2004 2077
f 2004 2005 2077
f 2077 2005 2078
f 2005 2006 2078
f 2078 2006 2079
f 2006 2007 2079
f 2079 2007 2080
f 2007 2008 2080
f 2080 2008 2081
f 2008 2009 2081
f 2081 2009 2082
f 2009 2010 2082
f 2082 2010 2083
f 2010 2011 2083
f 2083 2011 2084
f 2011 2012 2084
f 2084 2012 2085
f 2012 2013 2085
f 2085 2013 2086
f 2013 2014 2086
f 2086 2014 2087
f 2014 2015 2087
f 2087 2015 2088
f 2015 2016 2088
f 2088 2016 2089
f 2016 2017 2089
f 2089 2017 2090
f 2017 2018 2090
f 2090 2018 2091
f 2018 2019 2091
f 2091 2019 2092
f 2019 2020 2092
f 2092 2020 2093
f 2020 2021 2093
f 2093 2021 2094
f 2021 2022 2094
f 2094 2022 2095
f 2022 2023 2095
f 2095 2023 2096
f 2023 2024 2096
f 2096 2024 2097
f 2024 2025 2097
f 2097 2025 2098
f 2025 2026 2098
f 2098 2026 2099
f 2026 2027 2099
f 2099 2027 2100
f 2027 2028 2100
f 2100 2028 2101
f 2028 2029 2101
f 2101 2029 2102
f 2029 2030 2102
f 2102 2030 2103
f 2030 2031 2103
f 2103 2031 2104
f 2031 2032 2104
f 2104 2032 2105
f 2032 2033 2105
f 2105 2033 2106
f 2033 2034 2106
f 2106 2034 2107
f 2034 2035 2107
f 2107 2035 2108
f 2035 2036 2108
f 2108 2036 2109
f 2036 2037 2109
f 2109 2037 2110
f 2037 2038 2110
f 2110 2038 2111
f 2038 2039 2111
f 2111 2039 2040
f 2111 2040 2112
f 2112 2040 2113
f 2040 2041 2113
f 2113 2041 2114
f 2041 2042 2114
f 2114 2042 2115
f 2042 2043 2115
f 2115 2043 2116
f 2043 2044 2116
f 2116 2044 2117
f 2044 2045 2117
f 2117 2045 2118
f 2045 2046 2118
f 2118 2046 2119
f 2046 2047 2119
f 2119 2047 2120
f 2047 2048 2120
f 2120 2048 2121
f 2048 2049 2121
f 2121 2049 2122
f 2049 2050 2122
f 2122 2050 2123
f 2050 2051 2123
f 2123 2051 2124
f 2051 2052 2124
f 2124 2052 2125
f 2052 2053 2125
f 2125 2053 2126
f 2053 2054 2126
f 2126 2054 2127
f 2054 2055 2127
f 2127 2055 2128
f 2055 2056 2128
f 2128 2056 2129
f 2056 2057 2129
f 2129 2057 2130
f 2057 2058 2130
f 2130 2058 2131
f 2058 2059 2131
f 2131 2059 2132
f 2059 2060 2132
f 2132 2060 2133
f 2060 2061 2133
f 2133 2061 2134
f 2061 2062 2134
f 2134 2062 2135
f 2062 2063 2135
f 2135 2063 2136
f 2063 2064 2136
f 2136 2064 2137
f 2064 2065 2137
f 2137 2065 2138
f 2065 2066 2138
f 2138 2066 2139
f 2066 2067 2139
f 2139 2067 2140
f 2067 2068 2140
f 2140 2068 2141
f 2068 2069 2141
f 2141 2069 2142
f 2069 2070 2142
f 2142 2070 2143
f 2070 2071 2143
f 2143 2071 2144
f 2071 2072 2144
f 2144 2072 2145
f 2072 2073 2145
f 2145 2073 2146
f 2073 2074 2146
f 2146 2074 2147
f 2074 2075 2147
f 2147 2075 2148
f 2075 2076 2148
f 2148 2076 2149
f 2076 2077 2149
f 2149 2077 2150
f 2077 2078 2150
f 2150 2078 2151
f 2078 2079 2151
f 2151 2079 2152
f 2079 2080 2152
f 2152 2080 2153
f 2080 2081 2153
f 2153 2081 2154
f 2081 2082 2154
f 2154 2082 2155
f 2082 2083 2155
f 2155 2083 2156
f 2083 2084 2156
f 2156 2084 2157
f 2084 2085 2157
f 2157 2085 2158
f 2085 2086 2158
f 2158 2086 2159
f 2086 2087 2159
f 2159 2087 2160
f 2087 2088 2160
f 2160 2088 2161
f 2088 2089 2161
f 2161 2089 2162
f 2089 2090 2162
f 2162 2090 2163
f 2090 2091 2163
f 2163 2091 2164
f 2091 2092 2164
f 2164 2092 2165
f 2092 2093 2165
f 2165 2093 2166
f 2093 2094 2166
f 2166 2094 2167
f 2094 2095 2167
f 2167 2095 2168
f 2095 2096 2168
f 2168 2096 2169
f 2096 2097 2169
f 2169 2097 2170
f 2097 2098 2170
f 2170 2098 2171
f 2098 2099 2171
f 2171 2099 2172
f 2099 2100 2172
f 2172 2100 2173
f 2100 2101 2173
f 2173 2101 2174
f 2101 2102 2174
f 2174 2102 2175
f 2102 2103 2175
f 2175 2103 2176
f 2103 2104 2176
f 2176 2104 2177
f 2104 2105 2177
f 2177 2105 2178
f 2105 2106 2178
f 2178 2106 2179
f 2106 2107 2179
f 2179 2107 2180
f 2107 2108 2180
f 2180 2108 2181
f 2108 2109 2181
f 2181 2109 2182
f 2109 2110 2182
f 2182 2110 2183
f 2110 2111 2183
f 2183 2111 2112
f 2183 2112 2184
f 2184 2112 2185
f 2112 2113 2185
f 2185 2113 2186
f 2113 2114 2186
f 2186 2114 2187
f 2114 2115 2187
f 2187 2115 2188
f 2115 2116 2188
f 2188 2116 2189
f 2116 2117 2189
f 2189 2117 2190
f 2117 2118 2190
f 2190 2118 2191
f 2118 2119 2191
f 2191 2119 2192
f 2119 2120 2192
f 2192 2120 2193
f 2120 2121 2193
f 2193 2121 2194
f 2121 2122 2194
f 2194 2122 2195
f 2122 2123 2195
f 2195 2123 2196
f 2123 2124 2196
f 2196 2124 2197
f 2124 2125 2197
f 2197 2125 2198
f 2125 2126 2198
f 2198 2126 2199
f 2126 2127 2199
f 2199 2127 2200
f 2127 2128 2200
f 2200 2128 2129
f 2129 2130 2201
f 2201 2130 2202
f 2130 2131 2202
f 2202 2131 2203
f 2131 2132 2203
f 2203 2132 2204
f 2132 2133 2204
f 2204 2133 2205
f 2133 2134 2205
f 2205 2134 2206
f 2134 2135 2206
f 2206 2135 2207
f 2135 2136 2207
f 2207 2136 2208
f 2136 2137 2208
f 2208 2137 2209
f 2137 2138 2209
f 2209 2138 2210
f 2138 2139 2210
f 2210 2139 2211
f 2139 2140 2211
f 2211 2140 2212
f 2140 2141 2212
f 2212 2141 2213
f 2141 2142 2213
f 2213 2142 2214
f 2142 2143 2214
f 2214 2143 2215
f 2143 2144 2215
f 2215 2144 2216
f 2144 2145 2216
f 2216 2145 2217
f 2145 2146 2217
f 2217 2146 2218
f 2146 2147 2218
f 2218 2147 2219
f 2147 2148 2219
f 2219 2148 2220
f 2148 2149 2220
f 2220 2149 2221
f 2149 2150 2221
f 2221 2150 2222
f 2150 2151 2222
f 2222 2151 2223
f 2151 2152 2223
f 2223 2152 2224
f 2152 2153 2224
f 2224 2153 2225
f 2153 2154 2225
f 2225 2154 2226
f 2154 2155 2226
f 2226 2155 2227
f 2155 2156 2227
f 2227 2156 2228
f 2156 2157 2228
f 2228 2157 2158
f 2158 2159 2229
f 2229 2159 2230
f 2159 2160 2230
f 2230 2160 2231
f 2160 2161 2231
f 2231 2161 2232
f 2161 2162 2232
f 2232 2162 2233
f 2162 2163 2233
f 2233 2163 2234
f 2163 2164 2234
f 2234 2164 2235
f 2164 2165 2235
f 2235 2165 2236
f 2165 2166 2236
f 2236 2166 2237
f 2166 2167 2237
f 2237 2167 2238
f 2167 2168 2238
f 2238 2168 2239
f 2168 2169 2239
f 2239 2169 2240
f 2169 2170 2240
f 2240 2170 2241
f 2170 2171 2241
f 2241 2171 2242
f 2171 2172 2242
f 2242 2172 2243
f 2172 2173 2243
f 2243 2173 2244
f 2173 2174 2244
f 2244 2174 2245
f 2174 2175 2245
f 2245 2175 2246
f 2175 2176 2246
f 2246 2176 2247
f 2176 2177 2247
f 2247 2177 2248
f 2177 2178 2248
f 2248 2178 2249
f 2178 2179 2249
f 2249 2179 2180
f 2180 2181 2250
f 2250 2181 2251
f 2181 2182 2251
f 2251 2182 2252
f 2182 2183 2252
f 2252 2183 2184
f 2184 2185 2253
f 2253 2185 2254
f 2185 2186 2254
f 2254 2186 2255
f 2186 2187 2255
f 2255 2187 2256
f 2187 2188 2256
f 2256 2188 2257
f 2188 2189 2257
f 2257 2189 2258
f 2189 2190 2258
f 2258 2190 2259
f 2190 2191 2259
f 2259 2191 2260
f 2191 2192 2260
f 2260 2192 2193
f 2193 2194 2261
f 2261 2194 2262
f 2194 2195 2262
f 2262 2195 2196
f 2196 2197 2263
f 2263 2197 2264
f 2197 2198 2264
f 2264 2198 2265
f 2198 2199 2265
f 2265 2199 2266
f 2199 2200 2266
f 2266 2200 2267
f 2200 2129 2267
f 2267 2129 2201
f 2202 2203 2268
f 2268 2203 2269
f 2203 2204 2269
f 2269 2204 2205
f 2205 2206 2270
f 2270 2206 2271
f 2206 2207 2271
f 2271 2207 2272
f 2207 2208 2272
f 2272 2208 2273
f 2208 2209 2273
f 2273 2209 2274
f 2209 2210 2274
f 2274 2210 2275
f 2210 2211 2275
f 2275 2211 2276
f 2211 2212 2276
f 2276 2212 2277
f 2212 2213 2277
f 2277 2213 2278
f 2213 2214 2278
f 2278 2214 2279
f 2214 2215 2279
f 2279 2215 2216
f 2216 2217 2280
f 2280 2217 2281
f 2217 2218 2281
f 2281 2218 2219
f 2219 2220 2282
f 2282 2220 2283
f 2220 2221 2283
f 2283 2221 2222
f 2222 2223 2284
f 2284 2223 2285
f 2223 2224 2285
f 2285 2224 2225
f 2227 2228 2286
f 2286 2228 2287
f 2228 2158 2287
f 2287 2158 2229
f 2229 2230 2288
f 2288 2230 2289
f 2230 2231 2289
f 2289 2231 2290
f 2231 2232 2290
f 2290 2232 2291
f 2232 2233 2291
f 2291 2233 2234
f 2234 2235 2292
f 2292 2235 2293
f 2235 2236 2293
f 2293 2236 2294
f 2236 2237 2294
f 2294 2237 2238
f 2238 2239 2295
f 2295 2239 2296
f 2239 2240 2296
f 2296 2240 2297
f 2240 2241 2297
f 2297 2241 2242
f 2242 2243 2298
f 2298 2243 2299
f 2243 2244 2299
f 2299 2244 2300
f 2244 2245 2300
f 2300 2245 2301
f 2245 2246 2301
f 2301 2246 2302
f 2246 2247 2302
f 2302 2247 2248
f 2248 2249 2303
f 2303 2249 2304
f 2249 2180 2304
f 2304 2180 2250
f 2250 2251 2305
f 2305 2251 2306
f 2251 2252 2306
f 2306 2252 2184
f 2306 2184 2307
f 2307 2184 2253
f 2260 2193 2308
f 2308 2193 2261
f 2262 2196 2309
f 2309 2196 2263
f 2265 2266 2310
f 2310 2266 2311
f 2266 2267 2311
f 2311 2267 2312
f 2267 2201 2312
f 2312 2201 2313
f 2201 2202 2313
f 2313 2202 2268
f 2268 2269 2314
f 2314 2269 2315
f 2269 2205 2315
f 2315 2205 2270
f 2278 2279 2316
f 2316 2279 2317
f 2279 2216 2317
f 2317 2216 2280
f 2280 2281 2318
f 2318 2281 2319
f 2281 2219 2319
f 2319 2219 2282
f 2282 2283 2320
f 2320 2283 2321
f 2283 2222 2321
f 2321 2222 2284
f 2284 2285 2322
f 2322 2285 2323
f 2285 2225 2323
f 2323 2225 2324
f 2225 2226 2324
f 2324 2226 2325
f 2226 2227 2325
f 2325 2227 2286
f 2286 2287 2326
f 2326 2287 2327
f 2287 2229 2327
f 2327 2229 2288
f 2290 2291 2328
f 2328 2291 2329
f 2291 2234 2329
f 2329 2234 2292
f 2292 2293 2330
f 2330 2293 2331
f 2293 2294 2331
f 2331 2294 2332
f 2294 2238 2332
f 2332 2238 2295
f 2297 2242 2333
f 2333 2242 2298
f 2301 2302 2334
f 2334 2302 2335
f 2302 2248 2335
f 2335 2248 2303
f 2303 2304 2336
f 2336 2304 2337
f 2304 2250 2337
f 2337 2250 2305
f 2305 2306 2338
f 2338 2306 2307
f 2338 2307 2339
f 2339 2307 2340
f 2307 2253 2340
f 2340 2253 2341
f 2253 2254 2341
f 2341 2254 2342
f 2254 2255 2342
f 2342 2255 2343
f 2255 2256 2343
f 2343 2256 2344
f 2256 2257 2344
f 2344 2257 2345
f 2257 2258 2345
f 2345 2258 2346
f 2258 2259 2346
f 2346 2259 2347
f 2259 2260 2347
f 2347 2260 2348
f 2260 2308 2348
f 2348 2308 2349
f 2308 2261 2349
f 2349 2261 2350
f 2261 2262 2350
f 2350 2262 2351
f 2262 2309 2351
f 2351 2309 2352
f 2309 2263 2352
f 2352 2263 2353
f 2263 2264 2353
f 2353 2264 2354
f 2264 2265 2354
f 2354 2265 2310
f 2310 2311 2355
f 2355 2311 2356
f 2311 2312 2356
f 2356 2312 2357
f 2312 2313 2357
f 2357 2313 2358
f 2313 2268 2358
f 2358 2268 2314
f 2314 2315 2359
f 2359 2315 2360
f 2315 2270 2360
f 2360 2270 2361
f 2270 2271 2361
f 2361 2271 2362
f 2271 2272 2362
f 2362 2272 2363
f 2272 2273 2363
f 2363 2273 2364
f 2273 2274 2364
f 2364 2274 2365
f 2274 2275 2365
f 2365 2275 2366
f 2275 2276 2366
f 2366 2276 2367
f 2276 2277 2367
f 2367 2277 2368
f 2277 2278 2368
f 2368 2278 2316
f 2316 2317 2369
f 2369 2317 2370
f 2317 2280 2370
f 2370 2280 2318
f 2318 2319 2371
f 2371 2319 2372
f 2319 2282 2372
f 2372 2282 2320
f 2320 2321 2373
f 2373 2321 2374
f 2321 2284 2374
f 2374 2284 2322
f 2322 2323 2375
f 2375 2323 2376
f 2323 2324 2376
f 2376 2324 2377
f 2324 2325 2377
f 2377 2325 2378
f 2325 2286 2378
f 2378 2286 2326
f 2326 2327 2379
f 2379 2327 2380
f 2327 2288 2380
f 2380 2288 2381
f 2288 2289 2381
f 2381 2289 2382
f 2289 2290 2382
f 2382 2290 2328
f 2328 2329 2383
f 2383 2329 2384
f 2329 2292 2384
f 2384 2292 2330
f 2330 2331 2385
f 2385 2331 2386
f 2331 2332 2386
f 2386 2332 2387
f 2332 2295 2387
f 2387 2295 2388
f 2295 2296 2388
f 2388 2296 2389
f 2296 2297 2389
f 2389 2297 2390
f 2297 2333 2390
f 2390 2333 2391
f 2333 2298 2391
f 2391 2298 2392
f 2298 2299 2392
f 2392 2299 2393
f 2299 2300 2393
f 2393 2300 2394
f 2300 2301 2394
f 2394 2301 2334
f 2334 2335 2395
f 2395 2335 2396
f 2335 2303 2396
f 2396 2303 2336
f 2336 2337 2397
f 2397 2337 2398
f 2337 2305 2398
f 2398 2305 2338
f 2353 2354 2399
f 2399 2354 2400
f 2354 2310 2400
f 2400 2310 2355
f 2357 2358 2401
f 2401 2358 2402
f 2358 2314 2402
f 2402 2314 2359
f 2367 2368 2403
f 2403 2368 2404
f 2368 2316 2404
f 2404 2316 2369
f 2369 2370 2405
f 2405 2370 2406
f 2370 2318 2406
f 2406 2318 2371
f 2371 2372 2407
f 2407 2372 2408
f 2372 2320 2408
f 2408 2320 2373
f 2373 2374 2409
f 2409 2374 2410
f 2374 2322 2410
f 2410 2322 2375
f 2377 2378 2411
f 2411 2378 2412
f 2378 2326 2412
f 2412 2326 2379
f 2381 2382 2413
f 2413 2382 2414
f 2382 2328 2414
f 2414 2328 2383
f 2383 2384 2415
f 2415 2384 2416
f 2384 2330 2416
f 2416 2330 2385
f 2393 2394 2417
f 2417 2394 2418
f 2394 2334 2418
f 2418 2334 2395
f 2395 2396 2419
f 2419 2396 2420
f 2396 2336 2420
f 2420 2336 2397
f 2397 2398 2421
f 2421 2398 2422
f 2398 2338 2422
f 2422 2338 2339
f 2422 2339 2423
f 2423 2339 2424
f 2339 2340 2424
f 2424 2340 2425
f 2340 2341 2425
f 2425 2341 2426
f 2341 2342 2426
f 2426 2342 2427
f 2342 2343 2427
f 2427 2343 2428
f 2343 2344 2428
f 2428 2344 2429
f 2344 2345 2429
f 2429 2345 2430
f 2345 2346 2430
f 2430 2346 2431
f 2346 2347 2431
f 2431 2347 2432
f 2347 2348 2432
f 2432 2348 2433
f 2348 2349 2433
f 2433 2349 2434
f 2349 2350 2434
f 2434 2350 2435
f 2350 2351 2435
f 2435 2351 2436
f 2351 2352 2436
f 2436 2352 2437
f 2352 2353 2437
f 2437 2353 2438
f 2353 2399 2438
f 2438 2399 2439
f 2399 2400 2439
f 2439 2400 2440
f 2400 2355 2440
f 2440 2355 2441
f 2355 2356 2441
f 2441 2356 2442
f 2356 2357 2442
f 2442 2357 2443
f 2357 2401 2443
f 2443 2401 2444
f 2401 2402 2444
f 2444 2402 2445
f 2402 2359 2445
f 2445 2359 2446
f 2359 2360 2446
f 2446 2360 2447
f 2360 2361 2447
f 2447 2361 2448
f 2361 2362 2448
f 2448 2362 2449
f 2362 2363 2449
f 2449 2363 2450
f 2363 2364 2450
f 2450 2364 2451
f 2364 2365 2451
f 2451 2365 2452
f 2365 2366 2452
f 2452 2366 2453
f 2366 2367 2453
f 2453 2367 2454
f 2367 2403 2454
f 2454 2403 2455
f 2403 2404 2455
f 2455 2404 2456
f 2404 2369 2456
f 2456 2369 2457
f 2369 2405 2457
f 2457 2405 2458
f 2405 2406 2458
f 2458 2406 2459
f 2406 2371 2459
f 2459 2371 2460
f 2371 2407 2460
f 2460 2407 2461
f 2407 2408 2461
f 2461 2408 2462
f 2408 2373 2462
f 2462 2373 2463
f 2373 2409 2463
f 2463 2409 2464
f 2409 2410 2464
f 2464 2410 2465
f 2410 2375 2465
f 2465 2375 2466
f 2375 2376 2466
f 2466 2376 2467
f 2376 2377 2467
f 2467 2377 2468
f 2377 2411 2468
f 2468 2411 2469
f 2411 2412 2469
f 2469 2412 2470
f 2412 2379 2470
f 2470 2379 2471
f 2379 2380 2471
f 2471 2380 2472
f 2380 2381 2472
f 2472 2381 2473
f 2381 2413 2473
f 2473 2413 2474
f 2413 2414 2474
f 2474 2414 2475
f 2414 2383 2475
f 2475 2383 2476
f 2383 2415 2476
f 2476 2415 2477
f 2415 2416 2477
f 2477 2416 2478
f 2416 2385 2478
f 2478 2385 2479
f 2385 2386 2479
f 2479 2386 2480
f 2386 2387 2480
f 2480 2387 2481
f 2387 2388 2481
f 2481 2388 2482
f 2388 2389 2482
f 2482 2389 2483
f 2389 2390 2483
f 2483 2390 2484
f 2390 2391 2484
f 2484 2391 2485
f 2391 2392 2485
f 2485 2392 2486
f 2392 2393 2486
f 2486 2393 2487
f 2393 2417 2487
f 2487 2417 2488
f 2417 2418 2488
f 2488 2418 2489
f 2418 2395 2489
f 2489 2395 2490
f 2395 2419 2490
f 2490 2419 2491
f 2419 2420 2491
f 2491 2420 2492
f 2420 2397 2492
f 2492 2397 2493
f 2397 2421 2493
f 2493 2421 2494
f 2421 2422 2494
f 2494 2422 2423
f 2495 2497 2496
f 2496 2497 2498
f 2497 2499 2498
f 2498 2499 2500
f 2499 2501 2500
f 2500 2501 2502
f 2501 2503 2502
f 2502 2503 2504
f 2503 2505 2504
f 2504 2505 2506
f 2505 2507 2506
f 2506 2507 2508
f 2507 2509 2508
f 2508 2509 2510
f 2509 2511 2510
f 2510 2511 2512
f 2511 2513 2512
f 2512 2513 2514
f 2513 2515 2514
f 2514 2515 2516
f 2515 2517 2516
f 2516 2517 2518
f 2517 2519 2518
f 2518 2519 2520
f 2519 2521 2520
f 2520 2521 2522
f 2521 2523 2522
f 2522 2523 2524
f 2523 2525 2524
f 2524 2525 2526
f 2525 2527 2526
f 2526 2527 2528
f 2527 2529 2528
f 2528 2529 2530
f 2529 2531 2530
f 2530 2531 2532
f 2531 2533 2532
f 2532 2533 2534
f 2533 2535 2534
f 2534 2535 2536
f 2535 2537 2536
f 2536 2537 2538
f 2537 2539 2538
f 2538 2539 2540
f 2539 2541 2540
f 2540 2541 2542
f 2541 2543 2542
f 2542 2543 2544
f 2543 2545 2544
f 2544 2545 2546
f 2545 2547 2546
f 2546 2547 2548
f 2547 2549 2548
f 2548 2549 2550
f 2549 2551 2550
f 2550 2551 2552
f 2551 2553 2552
f 2552 2553 2554
f 2553 2555 2554
f 2554 2555 2556
f 2555 2557 2556
f 2556 2557 2558
f 2557 2559 2558
f 2558 2559 2560
f 2559 2561 2560
f 2560 2561 2562
f 2561 2563 2562
f 2562 2563 2564
f 2563 2565 2564
f 2564 2565 2566
f 2565 2567 2566
f 2566 2567 2568
f 2567 2569 2568
f 2568 2569 2570
f 2569 2571 2570
f 2570 2571 2572
f 2571 2573 2572
f 2572 2573 2574
f 2573 2575 2574
f 2574 2575 2576
f 2575 2577 2576
f 2576 2577 2578
f 2577 2579 2578
f 2578 2579 2580
f 2579 2581 2580
f 2580 2581 2582
f 2581 2583 2582
f 2582 2583 2584
f 2583 2585 2584
f 2584 2585 2586
f 2585 2587 2586
f 2586 2587 2588
f 2587 2589 2588
f 2588 2589 2590
f 2589 2591 2590
f 2590 2591 2592
f 2591 2593 2592
f 2592 2593 2594
f 2593 2595 2594
f 2594 2595 2596
f 2595 2597 2596
f 2596 2597 2598
f 2597 2599 2598
f 2598 2599 2600
f 2599 2601 2600
f 2600 2601 2602
f 2601 2603 2602
f 2602 2603 2604
f 2603 2605 2604
f 2604 2605 2606
f 2605 2607 2606
f 2606 2607 2608
f 2607 2609 2608
f 2608 2609 2610
f 2609 2611 2610
f 2610 2611 2612
f 2611 2613 2612
f 2612 2613 2614
f 2613 2615 2614
f 2614 2615 2616
f 2615 2617 2616
f 2616 2617 2618
f 2617 2619 2618
f 2618 2619 2620
f 2619 2621 2620
f 2620 2621 2622
f 2621 2623 2622
f 2622 2623 2624
f 2623 2625 2624
f 2624 2625 2626
f 2625 2627 2626
f 2626 2627 2628
f 2627 2629 2628
f 2628 2629 2630
f 2629 2631 2630
f 2630 2631 2632
f 2631 2633 2632
f 2632 2633 2634
f 2633 2635 2634
f 2634 2635 2636
f 2635 2637 2636
f 2636 2637 2638
f 2637 2495 2638
f 2638 2495 2496
f 2639 2641 2640
f 2640 2641 2642
f 2641 2643 2642
f 2644 2639 2645
f 2639 2647 2646
f 2648 2650 2649
f 2649 2650 2651
f 2650 2639 2651
f 2651 2639 2652
f 2639 2644 2652
f 2645 2639 2653
f 2653 2639 2654
f 2639 2646 2654
f 2647 2639 2655
f 2655 2639 2656
f 2639 2640 2656
f 2650 2648 2657
f 2657 2648 2658
f 2648 2659 2658
f 2658 2659 2660
f 2661 2663 2662
f 2664 2663 2665
f 2665 2663 2666
f 2663 2661 2666
f 2667 2664 2668
f 2668 2664 2669
f 2664 2665 2669
f 2670 2667 2671
f 2671 2667 2672
f 2667 2668 2672
f 2673 2670 2674
f 2674 2670 2675
f 2670 2671 2675
f 2676 2678 2677
f 2677 2678 2679
f 2678 2680 2679
f 2679 2680 2681
f 2680 2682 2681
f 2681 2682 2683
f 2682 2673 2683
f 2683 2673 2684
f 2673 2674 2684
f 2685 2676 2686
f 2686 2676 2687
f 2676 2677 2687
f 2676 2685 2688
f 2688 2685 2689
f 2685 2690 2689
f 2691 2689 2692
f 2692 2689 2693
f 2689 2690 2693
f 2694 2696 2695
f 2696 2694 2697
f 2697 2694 2698
f 2694 2691 2698
f 2698 2691 2699
f 2691 2692 2699
f 2700 2702 2701
f 2702 2700 2703
f 2703 2700 2704
f 2700 2695 2704
f 2704 2695 2705
f 2695 2696 2705
f 2706 2708 2707
f 2707 2708 2709
f 2708 2701 2709
f 2709 2701 2710
f 2701 2702 2710
f 2711 2706 2712
f 2712 2706 2713
f 2706 2707 2713
f 2714 2711 2715
f 2715 2711 2716
f 2711 2712 2716
f 2717 2714 2718
f 2718 2714 2719
f 2714 2715 2719
f 2720 2717 2721
f 2721 2717 2722
f 2717 2718 2722
f 2723 2720 2724
f 2724 2720 2725
f 2720 2721 2725
f 2720 2723 2726
f 2726 2723 2727
f 2723 2728 2727
f 2727 2728 2729
f 2728 2730 2729
f 2729 2730 2731
f 2730 2732 2731
f 2731 2732 2733
f 2732 2734 2733
f 2733 2734 2735
f 2734 2736 2735
f 2735 2736 2737
f 2736 2738 2737
f 2738 2739 2737
f 2737 2739 2740
f 2739 2741 2740
f 2741 2742 2740
f 2740 2742 2743
f 2742 2744 2743
f 2744 2745 2743
f 2743 2745 2746
f 2745 2747 2746
f 2747 2748 2746
f 2746 2748 2749
f 2748 2750 2749
f 2750 2751 2749
f 2749 2751 2752
f 2751 2753 2752
f 2753 2754 2752
f 2752 2754 2755
f 2754 2756 2755
f 2756 2757 2755
f 2755 2757 2758
f 2757 2759 2758
f 2759 2760 2758
f 2758 2760 2761
f 2760 2762 2761
f 2762 2763 2761
f 2761 2763 2764
f 2763 2765 2764
f 2765 2766 2764
f 2764 2766 2767
f 2766 2768 2767
f 2768 2769 2767
f 2767 2769 2770
f 2769 2771 2770
f 2771 2772 2770
f 2770 2772 2773
f 2772 2774 2773
f 2774 2775 2773
f 2773 2775 2776
f 2775 2777 2776
f 2777 2778 2776
f 2776 2778 2779
f 2778 2780 2779
f 2779 2780 2781
f 2780 2782 2781
f 2781 2782 2783
f 2782 2784 2783
f 2783 2784 2785
f 2784 2786 2785
f 2785 2786 2787
f 2786 2788 2787
f 2787 2788 2789
f 2788 2790 2789
f 2789 2790 2791
f 2790 2792 2791
f 2793 2791 2794
f 2794 2791 2795
f 2791 2792 2795
f 2796 2798 2797
f 2798 2796 2799
f 2799 2796 2800
f 2796 2793 2800
f 2800 2793 2801
f 2793 2794 2801
f 2802 2804 2803
f 2804 2802 2805
f 2805 2802 2806
f 2802 2797 2806
f 2806 2797 2807
f 2797 2798 2807
f 2808 2810 2809
f 2809 2810 2811
f 2810 2803 2811
f 2811 2803 2812
f 2803 2804 2812
f 2813 2808 2814
f 2814 2808 2815
f 2808 2809 2815
f 2816 2813 2817
f 2817 2813 2818
f 2813 2814 2818
f 2819 2816 2820
f 2820 2816 2821
f 2816 2817 2821
f 2822 2819 2823
f 2823 2819 2824
f 2819 2820 2824
f 2825 2827 2826
f 2826 2827 2828
f 2827 2822 2828
f 2828 2822 2829
f 2822 2823 2829
f 2830 2825 2831
f 2831 2825 2832
f 2825 2826 2832
f 2833 2835 2834
f 2834 2835 2836
f 2835 2837 2836
f 2836 2837 2830
f 2837 2838 2830
f 2830 2838 2825
f 2839 2833 2840
f 2840 2833 2841
f 2833 2834 2841
f 2842 2839 2843
f 2843 2839 2844
f 2839 2840 2844
f 2845 2842 2846
f 2846 2842 2847
f 2842 2843 2847
f 2848 2845 2849
f 2849 2845 2850
f 2845 2846 2850
f 2851 2848 2852
f 2852 2848 2853
f 2848 2849 2853
f 2661 2662 2854
f 2854 2662 2855
f 2662 2851 2855
f 2855 2851 2856
f 2851 2852 2856
f 2857 2859 2858
f 2858 2859 2860
f 2861 2863 2862
f 2862 2863 2864
f 2863 2859 2864
f 2864 2859 2857
f 2860 2865 2858
f 2866 2865 2867
f 2867 2865 2868
f 2865 2860 2868
f 2869 2871 2870
f 2870 2871 2872
f 2872 2873 2870
f 2870 2873 2874
f 2875 2877 2876
f 2876 2877 2878
f 2877 2879 2878
f 2878 2879 2880
f 2879 2881 2880
f 2880 2881 2882
f 2881 2883 2882
f 2882 2883 2884
f 2883 2885 2884
f 2884 2885 2886
f 2885 2887 2886
f 2886 2887 2888
f 2887 2889 2888
f 2888 2889 2890
f 2889 2891 2890
f 2890 2891 2892
f 2891 2893 2892
f 2892 2893 2894
f 2893 2895 2894
f 2894 2895 2896
f 2895 2897 2896
f 2896 2897 2898
f 2897 2899 2898
f 2898 2899 2900
f 2899 2901 2900
f 2900 2901 2902
f 2901 2903 2902
f 2902 2903 2904
f 2903 2905 2904
f 2904 2905 2906
f 2905 2907 2906
f 2906 2907 2908
f 2907 2909 2908
f 2908 2909 2910
f 2909 2911 2910
f 2910 2911 2912
f 2911 2913 2912
f 2912 2913 2914
f 2913 2915 2914
f 2914 2915 2916
f 2915 2917 2916
f 2916 2917 2918
f 2917 2919 2918
f 2918 2919 2920
f 2919 2921 2920
f 2920 2921 2922
f 2921 2923 2922
f 2922 2923 2924
f 2923 2925 2924
f 2924 2925 2926
f 2925 2927 2926
f 2926 2927 2928
f 2927 2929 2928
f 2928 2929 2930
f 2929 2931 2930
f 2930 2931 2932
f 2931 2933 2932
f 2932 2933 2934
f 2933 2935 2934
f 2934 2935 2936
f 2935 2937 2936
f 2936 2937 2938
f 2937 2939 2938
f 2938 2939 2940
f 2939 2941 2940
f 2940 2941 2942
f 2941 2943 2942
f 2942 2943 2944
f 2943 2945 2944
f 2944 2945 2946
f 2945 2947 2946
f 2946 2947 2948
f 2947 2949 2948
f 2948 2949 2950
f 2949 2951 2950
f 2950 2951 2952
f 2951 2953 2952
f 2952 2953 2954
f 2953 2955 2954
f 2954 2955 2956
f 2955 2957 2956
f 2956 2957 2958
f 2957 2959 2958
f 2958 2959 2960
f 2959 2961 2960
f 2960 2961 2962
f 2961 2963 2962
f 2962 2963 2964
f 2963 2965 2964
f 2964 2965 2966
f 2965 2967 2966
f 2966 2967 2968
f 2967 2969 2968
f 2968 2969 2970
f 2969 2971 2970
f 2970 2971 2972
f 2971 2973 2972
f 2972 2973 2974
f 2973 2975 2974
f 2974 2975 2976
f 2975 2977 2976
f 2976 2977 2978
f 2977 2979 2978
f 2978 2979 2980
f 2979 2981 2980
f 2980 2981 2982
f 2981 2983 2982
f 2982 2983 2984
f 2983 2985 2984
f 2984 2985 2986
f 2985 2987 2986
f 2986 2987 2988
f 2987 2989 2988
f 2988 2989 2990
f 2989 2991 2990
f 2990 2991 2992
f 2991 2993 2992
f 2992 2993 2994
f 2993 2995 2994
f 2994 2995 2996
f 2995 2997 2996
f 2996 2997 2998
f 2997 2999 2998
f 2998 2999 3000
f 2999 3001 3000
f 3000 3001 3002
f 3001 3003 3002
f 3002 3003 3004
f 3003 3005 3004
f 3004 3005 3006
f 3005 3007 3006
f 3006 3007 3008
f 3007 3009 3008
f 3008 3009 3010
f 3009 3011 3010
f 3010 3011 3012
f 3011 3013 3012
f 3012 3013 3014
f 3013 3015 3014
f 3014 3015 3016
f 3015 3017 3016
f 3016 3017 3018
f 3017 2875 3018
f 3018 2875 2876
f 3019 3021 3020
f 3020 3021 3022
f 2875 3017 3023
f 3023 3017 3024
f 3017 3015 3024
f 3024 3015 3025
f 3015 3013 3025
f 3025 3013 3026
f 3013 3011 3026
f 3026 3011 3027
f 3011 3009 3027
f 3027 3009 3028
f 3009 3007 3028
f 3028 3007 3029
f 3007 3005 3029
f 3029 3005 3030
f 3005 3003 3030
f 3030 3003 3031
f 3003 3001 3031
f 3031 3001 3032
f 3001 2999 3032
f 3032 2999 3033
f 2999 2997 3033
f 3033 2997 3034
f 2997 2995 3034
f 3034 2995 3035
f 2995 2993 3035
f 3035 2993 3036
f 2993 2991 3036
f 3036 2991 3037
f 2991 2989 3037
f 3037 2989 3038
f 2989 2987 3038
f 3038 2987 3039
f 2987 2985 3039
f 3039 2985 3040
f 2985 2983 3040
f 3040 2983 3041
f 2983 2981 3041
f 3041 2981 3042
f 2981 2979 3042
f 3042 2979 3043
f 2979 2977 3043
f 3043 2977 3044
f 2977 2975 3044
f 3044 2975 3045
f 2975 2973 3045
f 3045 2973 3046
f 2973 2971 3046
f 3046 2971 3047
f 2971 2969 3047
f 3047 2969 3048
f 2969 2967 3048
f 3048 2967 3049
f 2967 2965 3049
f 3049 2965 3050
f 2965 2963 3050
f 3050 2963 3051
f 2963 2961 3051
f 3051 2961 3052
f 2961 2959 3052
f 3052 2959 3053
f 2959 2957 3053
f 3053 2957 3054
f 2957 2955 3054
f 3054 2955 3055
f 2955 2953 3055
f 3055 2953 3056
f 2953 2951 3056
f 3056 2951 3057
f 2951 2949 3057
f 3057 2949 3058
f 2949 2947 3058
f 3058 2947 3059
f 2947 2945 3059
f 3059 2945 3060
f 2945 2943 3060
f 3060 2943 3061
f 2943 2941 3061
f 3061 2941 3062
f 2941 2939 3062
f 3062 2939 3063
f 2939 2937 3063
f 3063 2937 3064
f 2937 2935 3064
f 3064 2935 3065
f 2935 2933 3065
f 3065 2933 3066
f 2933 2931 3066
f 3066 2931 3067
f 2931 2929 3067
f 3067 2929 3068
f 2929 2927 3068
f 3068 2927 3069
f 2927 2925 3069
f 3069 2925 3070
f 2925 2923 3070
f 3070 2923 3071
f 2923 2921 3071
f 3071 2921 3072
f 2921 2919 3072
f 3072 2919 3073
f 2919 2917 3073
f 3073 2917 3074
f 2917 2915 3074
f 3074 2915 3075
f 2915 2913 3075
f 3075 2913 3076
f 2913 2911 3076
f 3076 2911 3077
f 2911 2909 3077
f 3077 2909 3078
f 2909 2907 3078
f 3078 2907 3079
f 2907 2905 3079
f 3079 2905 3080
f 2905 2903 3080
f 3080 2903 3081
f 2903 2901 3081
f 3081 2901 3082
f 2901 2899 3082
f 3082 2899 3083
f 2899 2897 3083
f 3083 2897 3084
f 2897 2895 3084
f 3084 2895 3085
f 2895 2893 3085
f 3085 2893 3086
f 2893 2891 3086
f 3086 2891 3087
f 2891 2889 3087
f 3087 2889 3088
f 2889 2887 3088
f 3088 2887 3089
f 2887 2885 3089
f 3089 2885 3090
f 2885 2883 3090
f 3090 2883 3091
f 2883 2881 3091
f 3091 2881 3092
f 2881 2879 3092
f 3092 2879 3093
f 2879 2877 3093
f 3093 2877 3094
f 2877 2875 3094
f 3094 2875 3023
f 3020 3095 3019
f 3019 3095 3096
f 3097 3099 3098
f 3098 3099 3100
f 3099 3101 3100
f 3100 3101 3102
f 3101 3103 3102
f 3102 3103 3104
f 3103 3105 3104
f 3104 3105 3106
f 3105 3107 3106
f 3106 3107 3108
f 3107 3109 3108
f 3108 3109 3110
f 3109 3111 3110
f 3110 3111 3112
f 3111 3113 3112
f 3112 3113 3114
f 3113 3115 3114
f 3114 3115 3116
f 3115 3117 3116
f 3116 3117 3118
f 3117 3119 3118
f 3118 3119 3120
f 3119 3121 3120
f 3120 3121 3122
f 3121 3123 3122
f 3122 3123 3124
f 3123 3125 3124
f 3124 3125 3126
f 3125 3127 3126
f 3126 3127 3128
f 3127 3129 3128
f 3128 3129 3130
f 3129 3131 3130
f 3130 3131 3132
f 3131 3133 3132
f 3132 3133 3134
f 3133 3135 3134
f 3134 3135 3136
f 3135 3137 3136
f 3136 3137 3138
f 3137 3139 3138
f 3138 3139 3140
f 3139 3141 3140
f 3140 3141 3142
f 3141 3143 3142
f 3142 3143 3144
f 3143 3145 3144
f 3144 3145 3146
f 3145 3147 3146
f 3146 3147 3148
f 3147 3149 3148
f 3148 3149 3150
f 3149 3151 3150
f 3150 3151 3152
f 3151 3153 3152
f 3152 3153 3154
f 3153 3155 3154
f 3154 3155 3156
f 3155 3157 3156
f 3156 3157 3158
f 3157 3159 3158
f 3158 3159 3160
f 3159 3161 3160
f 3160 3161 3162
f 3161 3163 3162
f 3162 3163 3164
f 3163 3165 3164
f 3164 3165 3166
f 3165 3167 3166
f 3166 3167 3168
f 3167 3169 3168
f 3168 3169 3170
f 3169 3171 3170
f 3170 3171 3172
f 3171 3173 3172
f 3172 3173 3174
f 3173 3175 3174
f 3174 3175 3176
f 3175 3177 3176
f 3176 3177 3178
f 3177 3179 3178
f 3178 3179 3180
f 3179 3181 3180
f 3180 3181 3182
f 3181 3183 3182
f 3182 3183 3184
f 3183 3185 3184
f 3184 3185 3186
f 3185 3187 3186
f 3186 3187 3188
f 3187 3189 3188
f 3188 3189 3190
f 3189 3191 3190
f 3190 3191 3192
f 3191 3193 3192
f 3192 3193 3194
f 3193 3195 3194
f 3194 3195 3196
f 3195 3197 3196
f 3196 3197 3198
f 3197 3199 3198
f 3198 3199 3200
f 3199 3201 3200
f 3200 3201 3202
f 3201 3203 3202
f 3202 3203 3204
f 3203 3205 3204
f 3204 3205 3206
f 3205 3207 3206
f 3206 3207 3208
f 3207 3209 3208
f 3208 3209 3210
f 3209 3211 3210
f 3210 3211 3212
f 3211 3213 3212
f 3212 3213 3214
f 3213 3215 3214
f 3214 3215 3216
f 3215 3217 3216
f 3216 3217 3218
f 3217 3219 3218
f 3218 3219 3220
f 3219 3221 3220
f 3220 3221 3222
f 3221 3223 3222
f 3222 3223 3224
f 3223 3225 3224
f 3224 3225 3226
f 3225 3227 3226
f 3226 3227 3228
f 3227 3229 3228
f 3228 3229 3230
f 3229 3231 3230
f 3230 3231 3232
f 3231 3233 3232
f 3232 3233 3234
f 3233 3235 3234
f 3234 3235 3236
f 3235 3237 3236
f 3236 3237 3238
f 3237 3239 3238
f 3238 3239 3240
f 3239 3097 3240
f 3240 3097 3098
f 3020 3022 3095
f 3095 3022 3241
f 3143 3141 3242
f 3242 3141 3243
f 3141 3139 3243
f 3243 3139 3244
f 3139 3137 3244
f 3244 3137 3245
f 3137 3135 3245
f 3245 3135 3246
f 3135 3133 3246
f 3246 3133 3247
f 3133 3131 3247
f 3247 3131 3248
f 3131 3129 3248
f 3248 3129 3249
f 3129 3127 3249
f 3249 3127 3250
f 3127 3125 3250
f 3250 3125 3251
f 3125 3123 3251
f 3251 3123 3252
f 3123 3121 3252
f 3252 3121 3253
f 3121 3119 3253
f 3253 3119 3254
f 3119 3117 3254
f 3254 3117 3255
f 3117 3115 3255
f 3255 3115 3256
f 3115 3113 3256
f 3256 3113 3257
f 3113 3111 3257
f 3257 3111 3258
f 3111 3109 3258
f 3258 3109 3259
f 3109 3107 3259
f 3259 3107 3260
f 3107 3105 3260
f 3260 3105 3261
f 3105 3103 3261
f 3261 3103 3262
f 3103 3101 3262
f 3262 3101 3263
f 3101 3099 3263
f 3263 3099 3264
f 3099 3097 3264
f 3264 3097 3265
f 3097 3239 3265
f 3265 3239 3266
f 3239 3237 3266
f 3266 3237 3267
f 3237 3235 3267
f 3267 3235 3268
f 3235 3233 3268
f 3268 3233 3269
f 3233 3231 3269
f 3269 3231 3270
f 3231 3229 3270
f 3270 3229 3271
f 3229 3227 3271
f 3271 3227 3272
f 3227 3225 3272
f 3272 3225 3273
f 3225 3223 3273
f 3273 3223 3274
f 3223 3221 3274
f 3274 3221 3275
f 3221 3219 3275
f 3275 3219 3276
f 3219 3217 3276
f 3276 3217 3277
f 3217 3215 3277
f 3277 3215 3278
f 3215 3213 3278
f 3278 3213 3279
f 3213 3211 3279
f 3279 3211 3280
f 3211 3209 3280
f 3280 3209 3281
f 3209 3207 3281
f 3281 3207 3282
f 3207 3205 3282
f 3282 3205 3283
f 3205 3203 3283
f 3283 3203 3284
f 3203 3201 3284
f 3284 3201 3285
f 3201 3199 3285
f 3285 3199 3286
f 3199 3197 3286
f 3286 3197 3287
f 3197 3195 3287
f 3287 3195 3288
f 3195 3193 3288
f 3288 3193 3289
f 3193 3191 3289
f 3289 3191 3290
f 3191 3189 3290
f 3290 3189 3291
f 3189 3187 3291
f 3291 3187 3292
f 3187 3185 3292
f 3292 3185 3293
f 3185 3183 3293
f 3293 3183 3294
f 3183 3181 3294
f 3294 3181 3295
f 3181 3179 3295
f 3295 3179 3296
f 3179 3177 3296
f 3296 3177 3297
f 3177 3175 3297
f 3297 3175 3298
f 3175 3173 3298
f 3298 3173 3299
f 3173 3171 3299
f 3299 3171 3300
f 3171 3169 3300
f 3300 3169 3301
f 3169 3167 3301
f 3301 3167 3302
f 3167 3165 3302
f 3302 3165 3303
f 3165 3163 3303
f 3303 3163 3304
f 3163 3161 3304
f 3304 3161 3305
f 3161 3159 3305
f 3305 3159 3306
f 3159 3157 3306
f 3306 3157 3307
f 3157 3155 3307
f 3307 3155 3308
f 3155 3153 3308
f 3308 3153 3309
f 3153 3151 3309
f 3309 3151 3310
f 3151 3149 3310
f 3310 3149 3311
f 3149 3147 3311
f 3311 3147 3312
f 3147 3145 3312
f 3312 3145 3313
f 3145 3143 3313
f 3313 3143 3242
f 3019 3096 3021
f 3021 3096 3314
f 3315 3317 3316
f 3316 3317 3318
f 3318 3319 3316
f 3316 3319 3320
f 3321 3323 3322
f 3324 3326 3325
f 3325 3326 3327
f 3328 3329 3321
f 3321 3329 3323
f 3329 3324 3323
f 3323 3324 3330
f 3324 3325 3330
f 3331 3333 3332
f 3332 3333 3334
f 3333 3335 3334
f 3334 3335 3336
f 3335 3337 3336
f 3336 3337 3338
f 3337 3339 3338
f 3338 3339 3340
f 3339 3341 3340
f 3342 3331 3343
f 3343 3331 3344
f 3331 3332 3344
f 3345 3347 3346
f 3346 3347 3348
f 3347 3349 3348
f 3348 3349 3350
f 3349 3351 3350
f 3350 3351 3352
f 3351 3353 3352
f 3352 3353 3342
f 3353 3354 3342
f 3342 3354 3331
f 3355 3345 3356
f 3345 3346 3356
f 3345 3355 3357
f 3357 3355 3358
f 3355 3359 3358
f 3358 3359 3360
f 3359 3361 3360
f 3327 3326 3362
f 3326 3360 3362
f 3362 3360 3363
f 3360 3361 3363
f 3315 3365 3364
f 3316 3320 3315
f 3315 3320 3365
f 3320 3366 3365
f 3365 3366 3367
f 3368 3364 3369
f 3369 3364 3365
f 3370 3372 3371
f 3373 3375 3374
f 3376 3378 3377
f 3377 3378 3379
f 3380 3379 3381
f 3381 3379 3382
f 3379 3378 3382
f 3383 3380 3384
f 3384 3380 3385
f 3380 3381 3385
f 3386 3388 3387
f 3387 3388 3389
f 3388 3383 3389
f 3389 3383 3390
f 3383 3384 3390
f 3391 3393 3392
f 3392 3393 3394
f 3393 3395 3394
f 3394 3395 3396
f 3395 3397 3396
f 3396 3397 3398
f 3397 3399 3398
f 3398 3399 3400
f 3399 3388 3400
f 3400 3388 3401
f 3388 3386 3401
f 3402 3391 3403
f 3391 3392 3403
f 3391 3402 3404
f 3404 3402 3405
f 3402 3406 3405
f 3375 3405 3374
f 3374 3405 3407
f 3405 3406 3407
f 3372 3408 3371
f 3371 3408 3409
f 3409 3408 3410
f 3408 3375 3410
f 3410 3375 3411
f 3375 3373 3411
f 3412 3414 3413
f 3414 3412 3415
f 3415 3412 3416
f 3412 3372 3416
f 3416 3372 3417
f 3372 3370 3417
f 3418 3420 3419
f 3420 3418 3421
f 3421 3418 3422
f 3418 3413 3422
f 3422 3413 3423
f 3413 3414 3423
f 3424 3419 3425
f 3425 3419 3426
f 3419 3420 3426
f 3427 3429 3428
f 3428 3429 3430
f 3429 3424 3430
f 3430 3424 3431
f 3424 3425 3431
f 3427 3432 3429
f 3429 3432 3433
f 3432 3434 3433
f 3434 3435 3433
f 3433 3435 3436
f 3435 3437 3436
f 3438 3440 3439
f 3438 3436 3440
f 3440 3436 3441
f 3436 3437 3441
f 3439 3442 3438
f 3438 3442 3443
f 3442 3444 3443
f 3443 3444 3445
f 3444 3446 3445
f 3446 3447 3445
f 3445 3447 3448
f 3447 3449 3448
f 3448 3449 3450
f 3449 3451 3450
f 3450 3451 3452
f 3451 3453 3452
f 3453 3454 3452
f 3452 3454 3455
f 3454 3456 3455
f 3455 3456 3457
f 3456 3458 3457
f 3458 3459 3457
f 3457 3459 3460
f 3459 3461 3460
f 3461 3462 3460
f 3460 3462 3463
f 3462 3464 3463
f 3464 3465 3463
f 3463 3465 3466
f 3465 3467 3466
f 3467 3468 3466
f 3466 3468 3469
f 3468 3470 3469
f 3470 3471 3469
f 3469 3471 3472
f 3471 3473 3472
f 3473 3474 3472
f 3472 3474 3475
f 3474 3476 3475
f 3477 3479 3478
f 3478 3479 3480
f 3481 3483 3482
f 3482 3483 3484
f 3485 3487 3486
f 3488 2873 3489
f 2873 3488 2874
f 2874 3488 3485
f 3488 3490 3485
f 3485 3490 3487
f 3491 3481 3492
f 3492 3481 3482
f 3493 3495 3494
f 3494 3495 3496
f 3495 3497 3496
f 3496 3497 3498
f 3497 3499 3498
f 3498 3499 3500
f 3499 3501 3500
f 3500 3501 3502
f 3501 3503 3502
f 3502 3503 3504
f 3503 3505 3504
f 3504 3505 3506
f 3505 3507 3506
f 3506 3507 3508
f 3507 3509 3508
f 3508 3509 3510
f 3509 3511 3510
f 3510 3511 3512
f 3511 3513 3512
f 3512 3513 3514
f 3513 3515 3514
f 3514 3515 3516
f 3515 3517 3516
f 3516 3517 3518
f 3517 3519 3518
f 3518 3519 3520
f 3519 3521 3520
f 3520 3521 3522
f 3521 3523 3522
f 3522 3523 3524
f 3523 3525 3524
f 3524 3525 3526
f 3525 3527 3526
f 3526 3527 3528
f 3527 3529 3528
f 3528 3529 3530
f 3529 3531 3530
f 3530 3531 3532
f 3531 3533 3532
f 3532 3533 3534
f 3533 3535 3534
f 3534 3535 3536
f 3535 3537 3536
f 3536 3537 3538
f 3537 3539 3538
f 3538 3539 3540
f 3539 3541 3540
f 3540 3541 3542
f 3541 3543 3542
f 3542 3543 3544
f 3543 3545 3544
f 3544 3545 3546
f 3545 3547 3546
f 3546 3547 3548
f 3547 3549 3548
f 3548 3549 3550
f 3549 3551 3550
f 3550 3551 3552
f 3551 3553 3552
f 3552 3553 3554
f 3553 3555 3554
f 3554 3555 3556
f 3555 3557 3556
f 3556 3557 3558
f 3557 3559 3558
f 3558 3559 3560
f 3559 3561 3560
f 3560 3561 3562
f 3561 3563 3562
f 3562 3563 3564
f 3563 3565 3564
f 3564 3565 3566
f 3565 3567 3566
f 3566 3567 3568
f 3567 3569 3568
f 3568 3569 3570
f 3569 3571 3570
f 3570 3571 3572
f 3571 3573 3572
f 3572 3573 3574
f 3573 3575 3574
f 3574 3575 3576
f 3575 3577 3576
f 3576 3577 3578
f 3577 3579 3578
f 3578 3579 3580
f 3579 3581 3580
f 3580 3581 3582
f 3581 3583 3582
f 3582 3583 3584
f 3583 3585 3584
f 3584 3585 3586
f 3585 3587 3586
f 3586 3587 3588
f 3587 3589 3588
f 3588 3589 3590
f 3589 3591 3590
f 3590 3591 3592
f 3591 3593 3592
f 3592 3593 3594
f 3593 3595 3594
f 3594 3595 3596
f 3595 3597 3596
f 3596 3597 3598
f 3597 3599 3598
f 3598 3599 3600
f 3599 3601 3600
f 3600 3601 3602
f 3601 3603 3602
f 3602 3603 3604
f 3603 3605 3604
f 3604 3605 3606
f 3605 3607 3606
f 3606 3607 3608
f 3607 3609 3608
f 3608 3609 3610
f 3609 3611 3610
f 3610 3611 3612
f 3611 3613 3612
f 3612 3613 3614
f 3613 3615 3614
f 3614 3615 3616
f 3615 3617 3616
f 3616 3617 3618
f 3617 3619 3618
f 3618 3619 3620
f 3619 3621 3620
f 3620 3621 3622
f 3621 3623 3622
f 3622 3623 3624
f 3623 3625 3624
f 3624 3625 3626
f 3625 3627 3626
f 3626 3627 3628
f 3627 3629 3628
f 3628 3629 3630
f 3629 3631 3630
f 3630 3631 3632
f 3631 3633 3632
f 3632 3633 3634
f 3633 3635 3634
f 3634 3635 3636
f 3635 3493 3636
f 3636 3493 3494
f 3637 3639 3638
f 3638 3639 3640
f 2865 2864 2858
f 2858 2864 2857
f 3641 3643 3642
f 3321 3645 3644
f 3644 3645 3646
f 3645 3643 3646
f 3646 3643 3647
f 3643 3641 3647
f 3642 3643 3648
f 3648 3643 3649
f 3643 3650 3649
f 3491 3650 3481
f 3481 3650 3483
f 3650 3643 3483
f 3483 3643 3651
f 3643 3652 3651
f 3653 3655 3654
f 3654 3655 3656
f 3657 3658 1247
f 3657 3659 3658
f 3658 3659 3660
f 3659 3661 3660
f 3660 3661 3662
f 3661 3663 3662
f 3662 3663 3664
f 3663 3665 3664
f 3664 3665 3666
f 3665 3667 3666
f 3666 3667 3668
f 3667 3669 3668
f 3668 3669 3670
f 3669 3671 3670
f 3670 3671 3672
f 3671 3673 3672
f 3672 3673 3674
f 3673 3675 3674
f 3674 3675 3676
f 3675 3677 3676
f 3676 3677 3678
f 3677 3679 3678
f 3679 3680 3678
f 3678 3680 3681
f 3680 3682 3681
f 3682 3683 3681
f 3681 3683 3684
f 3683 3685 3684
f 3685 3686 3684
f 3684 3686 3687
f 3686 3688 3687
f 3688 3689 3687
f 3687 3689 3690
f 3689 3691 3690
f 3691 3692 3690
f 3690 3692 3693
f 3692 3694 3693
f 3694 3695 3693
f 3693 3695 3696
f 3695 3697 3696
f 3697 3698 3696
f 3696 3698 3699
f 3698 3700 3699
f 1334 3702 3701
f 3701 3704 3703
f 3703 3706 3705
f 3705 3708 3707
f 3707 3710 3709
f 3709 3712 3711
f 3711 3714 3713
f 3713 3716 3715
f 3715 3718 3717
f 3717 3720 3719
f 3719 3722 3721
f 3721 3724 3723
f 3723 3726 3725
f 3725 3728 3727
f 3727 3730 3729
f 3729 3732 3731
f 3731 3734 3733
f 3733 3736 3735
f 3733 3734 3736
f 3736 3734 3737
f 3734 3738 3737
f 3737 3738 3739
f 3738 3740 3739
f 3739 3740 3741
f 3740 3742 3741
f 3741 3742 3743
f 3742 3744 3743
f 3743 3744 3745
f 3744 3746 3745
f 3745 3746 3747
f 3746 3748 3747
f 3747 3748 3749
f 3748 3750 3749
f 3749 3750 3751
f 3750 3752 3751
f 3751 3752 3753
f 3752 3754 3753
f 3753 3754 3755
f 3754 3756 3755
f 3755 3756 3757
f 3756 3758 3757
f 3757 3758 3759
f 3758 3760 3759
f 3759 3760 3761
f 3760 3762 3761
f 3761 3762 3763
f 3762 3764 3763
f 3763 3764 3765
f 3764 3766 3765
f 3765 3766 3767
f 3766 3768 3767
f 3767 3768 3769
f 3768 3770 3769
f 3769 3770 3771
f 3770 3772 3771
f 3771 3772 3773
f 3772 3774 3773
f 3773 3774 3775
f 3774 3776 3775
f 3775 3776 3777
f 3776 3778 3777
f 3777 3778 3779
f 3778 3780 3779
f 3779 3780 3781
f 3780 3782 3781
f 3781 3782 3783
f 3782 3784 3783
f 3783 3784 3785
f 3784 3786 3785
f 3785 3786 3787
f 3786 3788 3787
f 3787 3788 3789
f 3788 3790 3789
f 3789 3790 3699
f 3790 3696 3699
f 3731 3732 3734
f 3734 3732 3738
f 3732 3791 3738
f 3738 3791 3740
f 3791 3792 3740
f 3740 3792 3742
f 3792 3793 3742
f 3742 3793 3744
f 3793 3794 3744
f 3744 3794 3746
f 3794 3795 3746
f 3746 3795 3748
f 3795 3796 3748
f 3748 3796 3750
f 3796 3797 3750
f 3750 3797 3752
f 3797 3798 3752
f 3752 3798 3754
f 3798 3799 3754
f 3754 3799 3756
f 3799 3800 3756
f 3756 3800 3758
f 3800 3801 3758
f 3758 3801 3760
f 3801 3802 3760
f 3760 3802 3762
f 3802 3803 3762
f 3762 3803 3764
f 3803 3804 3764
f 3764 3804 3766
f 3804 3805 3766
f 3766 3805 3768
f 3805 3806 3768
f 3768 3806 3770
f 3806 3807 3770
f 3770 3807 3772
f 3807 3808 3772
f 3772 3808 3774
f 3808 3809 3774
f 3774 3809 3776
f 3809 3810 3776
f 3776 3810 3778
f 3810 3811 3778
f 3778 3811 3780
f 3811 3812 3780
f 3780 3812 3782
f 3812 3813 3782
f 3782 3813 3784
f 3813 3814 3784
f 3784 3814 3786
f 3814 3815 3786
f 3786 3815 3788
f 3815 3816 3788
f 3788 3816 3790
f 3816 3817 3790
f 3790 3817 3696
f 3817 3693 3696
f 3729 3730 3732
f 3732 3730 3791
f 3730 3818 3791
f 3791 3818 3792
f 3818 3819 3792
f 3792 3819 3793
f 3819 3820 3793
f 3793 3820 3794
f 3820 3821 3794
f 3794 3821 3795
f 3821 3822 3795
f 3795 3822 3796
f 3822 3823 3796
f 3796 3823 3797
f 3823 3824 3797
f 3797 3824 3798
f 3824 3825 3798
f 3798 3825 3799
f 3825 3826 3799
f 3799 3826 3800
f 3826 3827 3800
f 3800 3827 3801
f 3827 3828 3801
f 3801 3828 3802
f 3828 3829 3802
f 3802 3829 3803
f 3829 3830 3803
f 3803 3830 3804
f 3830 3831 3804
f 3804 3831 3805
f 3831 3832 3805
f 3805 3832 3806
f 3832 3833 3806
f 3806 3833 3807
f 3833 3834 3807
f 3807 3834 3808
f 3834 3835 3808
f 3808 3835 3809
f 3835 3836 3809
f 3809 3836 3810
f 3836 3837 3810
f 3810 3837 3811
f 3837 3838 3811
f 3811 3838 3812
f 3838 3839 3812
f 3812 3839 3813
f 3839 3840 3813
f 3813 3840 3814
f 3840 3841 3814
f 3814 3841 3815
f 3841 3842 3815
f 3815 3842 3816
f 3842 3843 3816
f 3816 3843 3817
f 3843 3844 3817
f 3817 3844 3693
f 3844 3690 3693
f 3727 3728 3730
f 3730 3728 3818
f 3728 3845 3818
f 3818 3845 3819
f 3845 3846 3819
f 3819 3846 3820
f 3846 3847 3820
f 3820 3847 3821
f 3847 3848 3821
f 3821 3848 3822
f 3848 3849 3822
f 3822 3849 3823
f 3849 3850 3823
f 3823 3850 3824
f 3850 3851 3824
f 3824 3851 3825
f 3851 3852 3825
f 3825 3852 3826
f 3852 3853 3826
f 3826 3853 3827
f 3853 3854 3827
f 3827 3854 3828
f 3854 3855 3828
f 3828 3855 3829
f 3855 3856 3829
f 3829 3856 3830
f 3856 3857 3830
f 3830 3857 3831
f 3857 3858 3831
f 3831 3858 3832
f 3858 3859 3832
f 3832 3859 3833
f 3859 3860 3833
f 3833 3860 3834
f 3860 3861 3834
f 3834 3861 3835
f 3861 3862 3835
f 3835 3862 3836
f 3862 3863 3836
f 3836 3863 3837
f 3863 3864 3837
f 3837 3864 3838
f 3864 3865 3838
f 3838 3865 3839
f 3865 3866 3839
f 3839 3866 3840
f 3866 3867 3840
f 3840 3867 3841
f 3867 3868 3841
f 3841 3868 3842
f 3868 3869 3842
f 3842 3869 3843
f 3869 3870 3843
f 3843 3870 3844
f 3870 3871 3844
f 3844 3871 3690
f 3871 3687 3690
f 3725 3726 3728
f 3728 3726 3845
f 3726 3872 3845
f 3845 3872 3846
f 3872 3873 3846
f 3846 3873 3847
f 3873 3874 3847
f 3847 3874 3848
f 3874 3875 3848
f 3848 3875 3849
f 3875 3876 3849
f 3849 3876 3850
f 3876 3877 3850
f 3850 3877 3851
f 3877 3878 3851
f 3851 3878 3852
f 3878 3879 3852
f 3852 3879 3853
f 3879 3880 3853
f 3853 3880 3854
f 3880 3881 3854
f 3854 3881 3855
f 3881 3882 3855
f 3855 3882 3856
f 3882 3883 3856
f 3856 3883 3857
f 3883 3884 3857
f 3857 3884 3858
f 3884 3885 3858
f 3858 3885 3859
f 3885 3886 3859
f 3859 3886 3860
f 3886 3887 3860
f 3860 3887 3861
f 3887 3888 3861
f 3861 3888 3862
f 3888 3889 3862
f 3862 3889 3863
f 3889 3890 3863
f 3863 3890 3864
f 3890 3891 3864
f 3864 3891 3865
f 3891 3892 3865
f 3865 3892 3866
f 3892 3893 3866
f 3866 3893 3867
f 3893 3894 3867
f 3867 3894 3868
f 3894 3895 3868
f 3868 3895 3869
f 3895 3896 3869
f 3869 3896 3870
f 3896 3897 3870
f 3870 3897 3871
f 3897 3898 3871
f 3871 3898 3687
f 3898 3684 3687
f 3723 3724 3726
f 3726 3724 3872
f 3724 3899 3872
f 3872 3899 3873
f 3899 3900 3873
f 3873 3900 3874
f 3900 3901 3874
f 3874 3901 3875
f 3901 3902 3875
f 3875 3902 3876
f 3902 3903 3876
f 3876 3903 3877
f 3903 3904 3877
f 3877 3904 3878
f 3904 3905 3878
f 3878 3905 3879
f 3905 3906 3879
f 3879 3906 3880
f 3906 3907 3880
f 3880 3907 3881
f 3907 3908 3881
f 3881 3908 3882
f 3908 3909 3882
f 3882 3909 3883
f 3909 3910 3883
f 3883 3910 3884
f 3910 3911 3884
f 3884 3911 3885
f 3911 3912 3885
f 3885 3912 3886
f 3912 3913 3886
f 3886 3913 3887
f 3913 3914 3887
f 3887 3914 3888
f 3914 3915 3888
f 3888 3915 3889
f 3915 3916 3889
f 3889 3916 3890
f 3916 3917 3890
f 3890 3917 3891
f 3917 3918 3891
f 3891 3918 3892
f 3918 3919 3892
f 3892 3919 3893
f 3919 3920 3893
f 3893 3920 3894
f 3920 3921 3894
f 3894 3921 3895
f 3921 3922 3895
f 3895 3922 3896
f 3922 3923 3896
f 3896 3923 3897
f 3923 3924 3897
f 3897 3924 3898
f 3924 3925 3898
f 3898 3925 3684
f 3925 3681 3684
f 3721 3722 3724
f 3724 3722 3899
f 3722 3926 3899
f 3899 3926 3900
f 3926 3927 3900
f 3900 3927 3901
f 3927 3928 3901
f 3901 3928 3902
f 3928 3929 3902
f 3902 3929 3903
f 3929 3930 3903
f 3903 3930 3904
f 3930 3931 3904
f 3904 3931 3905
f 3931 3932 3905
f 3905 3932 3906
f 3932 3933 3906
f 3906 3933 3907
f 3933 3934 3907
f 3907 3934 3908
f 3934 3935 3908
f 3908 3935 3909
f 3935 3936 3909
f 3909 3936 3910
f 3936 3937 3910
f 3910 3937 3911
f 3937 3938 3911
f 3911 3938 3912
f 3938 3939 3912
f 3912 3939 3913
f 3939 3940 3913
f 3913 3940 3914
f 3940 3941 3914
f 3914 3941 3915
f 3941 3942 3915
f 3915 3942 3916
f 3942 3943 3916
f 3916 3943 3917
f 3943 3944 3917
f 3917 3944 3918
f 3944 3945 3918
f 3918 3945 3919
f 3945 3946 3919
f 3919 3946 3920
f 3946 3947 3920
f 3920 3947 3921
f 3947 3948 3921
f 3921 3948 3922
f 3948 3949 3922
f 3922 3949 3923
f 3949 3950 3923
f 3923 3950 3924
f 3950 3951 3924
f 3924 3951 3925
f 3951 3952 3925
f 3925 3952 3681
f 3952 3678 3681
f 3719 3720 3722
f 3722 3720 3926
f 3720 3953 3926
f 3926 3953 3927
f 3953 3954 3927
f 3927 3954 3928
f 3954 3955 3928
f 3928 3955 3929
f 3955 3956 3929
f 3929 3956 3930
f 3956 3957 3930
f 3930 3957 3931
f 3957 3958 3931
f 3931 3958 3932
f 3958 3959 3932
f 3932 3959 3933
f 3959 3960 3933
f 3933 3960 3934
f 3960 3961 3934
f 3934 3961 3935
f 3961 3962 3935
f 3935 3962 3936
f 3962 3963 3936
f 3936 3963 3937
f 3963 3964 3937
f 3937 3964 3938
f 3964 3965 3938
f 3938 3965 3939
f 3965 3966 3939
f 3939 3966 3940
f 3966 3967 3940
f 3940 3967 3941
f 3967 3968 3941
f 3941 3968 3942
f 3968 3969 3942
f 3942 3969 3943
f 3969 3970 3943
f 3943 3970 3944
f 3970 3971 3944
f 3944 3971 3945
f 3971 3972 3945
f 3945 3972 3946
f 3972 3973 3946
f 3946 3973 3947
f 3973 3974 3947
f 3947 3974 3948
f 3974 3975 3948
f 3948 3975 3949
f 3975 3976 3949
f 3949 3976 3950
f 3976 3977 3950
f 3950 3977 3951
f 3977 3978 3951
f 3951 3978 3952
f 3978 3979 3952
f 3952 3979 3678
f 3979 3676 3678
f 3717 3718 3720
f 3720 3718 3953
f 3718 3980 3953
f 3953 3980 3954
f 3980 3981 3954
f 3954 3981 3955
f 3981 3982 3955
f 3955 3982 3956
f 3982 3983 3956
f 3956 3983 3957
f 3983 3984 3957
f 3957 3984 3958
f 3984 3985 3958
f 3958 3985 3959
f 3985 3986 3959
f 3959 3986 3960
f 3986 3987 3960
f 3960 3987 3961
f 3987 3988 3961
f 3961 3988 3962
f 3988 3989 3962
f 3962 3989 3963
f 3989 3990 3963
f 3963 3990 3964
f 3990 3991 3964
f 3964 3991 3965
f 3991 3992 3965
f 3965 3992 3966
f 3992 3993 3966
f 3966 3993 3967
f 3993 3994 3967
f 3967 3994 3968
f 3994 3995 3968
f 3968 3995 3969
f 3995 3996 3969
f 3969 3996 3970
f 3996 3997 3970
f 3970 3997 3971
f 3997 3998 3971
f 3971 3998 3972
f 3998 3999 3972
f 3972 3999 3973
f 3999 4000 3973
f 3973 4000 3974
f 4000 4001 3974
f 3974 4001 3975
f 4001 4002 3975
f 3975 4002 3976
f 4002 4003 3976
f 3976 4003 3977
f 4003 4004 3977
f 3977 4004 3978
f 4004 4005 3978
f 3978 4005 3979
f 4005 4006 3979
f 3979 4006 3676
f 4006 3674 3676
f 3715 3716 3718
f 3718 3716 3980
f 3716 4007 3980
f 3980 4007 3981
f 4007 4008 3981
f 3981 4008 3982
f 4008 4009 3982
f 3982 4009 3983
f 4009 4010 3983
f 3983 4010 3984
f 4010 4011 3984
f 3984 4011 3985
f 4011 4012 3985
f 3985 4012 3986
f 4012 4013 3986
f 3986 4013 3987
f 4013 4014 3987
f 3987 4014 3988
f 4014 4015 3988
f 3988 4015 3989
f 4015 4016 3989
f 3989 4016 3990
f 4016 4017 3990
f 3990 4017 3991
f 4017 4018 3991
f 3991 4018 3992
f 4018 4019 3992
f 3992 4019 3993
f 4019 4020 3993
f 3993 4020 3994
f 4020 4021 3994
f 3994 4021 3995
f 4021 4022 3995
f 3995 4022 3996
f 4022 4023 3996
f 3996 4023 3997
f 4023 4024 3997
f 3997 4024 3998
f 4024 4025 3998
f 3998 4025 3999
f 4025 4026 3999
f 3999 4026 4000
f 4026 4027 4000
f 4000 4027 4001
f 4027 4028 4001
f 4001 4028 4002
f 4028 4029 4002
f 4002 4029 4003
f 4029 4030 4003
f 4003 4030 4004
f 4030 4031 4004
f 4004 4031 4005
f 4031 4032 4005
f 4005 4032 4006
f 4032 4033 4006
f 4006 4033 3674
f 4033 3672 3674
f 3713 3714 3716
f 3716 3714 4007
f 3714 4034 4007
f 4007 4034 4008
f 4034 4035 4008
f 4008 4035 4009
f 4035 4036 4009
f 4009 4036 4010
f 4036 4037 4010
f 4010 4037 4011
f 4037 4038 4011
f 4011 4038 4012
f 4038 4039 4012
f 4012 4039 4013
f 4039 4040 4013
f 4013 4040 4014
f 4040 4041 4014
f 4014 4041 4015
f 4041 4042 4015
f 4015 4042 4016
f 4042 4043 4016
f 4016 4043 4017
f 4043 4044 4017
f 4017 4044 4018
f 4044 4045 4018
f 4018 4045 4019
f 4045 4046 4019
f 4019 4046 4020
f 4046 4047 4020
f 4020 4047 4021
f 4047 4048 4021
f 4021 4048 4022
f 4048 4049 4022
f 4022 4049 4023
f 4049 4050 4023
f 4023 4050 4024
f 4050 4051 4024
f 4024 4051 4025
f 4051 4052 4025
f 4025 4052 4026
f 4052 4053 4026
f 4026 4053 4027
f 4053 4054 4027
f 4027 4054 4028
f 4054 4055 4028
f 4028 4055 4029
f 4055 4056 4029
f 4029 4056 4030
f 4056 4057 4030
f 4030 4057 4031
f 4057 4058 4031
f 4031 4058 4032
f 4058 4059 4032
f 4032 4059 4033
f 4059 4060 4033
f 4033 4060 3672
f 4060 3670 3672
f 3711 3712 3714
f 3714 3712 4034
f 3712 4061 4034
f 4034 4061 4035
f 4061 4062 4035
f 4035 4062 4036
f 4062 4063 4036
f 4036 4063 4037
f 4063 4064 4037
f 4037 4064 4038
f 4064 4065 4038
f 4038 4065 4039
f 4065 4066 4039
f 4039 4066 4040
f 4066 4067 4040
f 4040 4067 4041
f 4067 4068 4041
f 4041 4068 4042
f 4068 4069 4042
f 4042 4069 4043
f 4069 4070 4043
f 4043 4070 4044
f 4070 4071 4044
f 4044 4071 4045
f 4071 4072 4045
f 4045 4072 4046
f 4072 4073 4046
f 4046 4073 4047
f 4073 4074 4047
f 4047 4074 4048
f 4074 4075 4048
f 4048 4075 4049
f 4075 4076 4049
f 4049 4076 4050
f 4076 4077 4050
f 4050 4077 4051
f 4077 4078 4051
f 4051 4078 4052
f 4078 4079 4052
f 4052 4079 4053
f 4079 4080 4053
f 4053 4080 4054
f 4080 4081 4054
f 4054 4081 4055
f 4081 4082 4055
f 4055 4082 4056
f 4082 4083 4056
f 4056 4083 4057
f 4083 4084 4057
f 4057 4084 4058
f 4084 4085 4058
f 4058 4085 4059
f 4085 4086 4059
f 4059 4086 4060
f 4086 4087 4060
f 4060 4087 3670
f 4087 3668 3670
f 3709 3710 3712
f 3712 3710 4061
f 3710 4088 4061
f 4061 4088 4062
f 4088 4089 4062
f 4062 4089 4063
f 4089 4090 4063
f 4063 4090 4064
f 4090 4091 4064
f 4064 4091 4065
f 4091 4092 4065
f 4065 4092 4066
f 4092 4093 4066
f 4066 4093 4067
f 4093 4094 4067
f 4067 4094 4068
f 4094 4095 4068
f 4068 4095 4069
f 4095 4096 4069
f 4069 4096 4070
f 4096 4097 4070
f 4070 4097 4071
f 4097 4098 4071
f 4071 4098 4072
f 4098 4099 4072
f 4072 4099 4073
f 4099 4100 4073
f 4073 4100 4074
f 4100 4101 4074
f 4074 4101 4075
f 4101 4102 4075
f 4075 4102 4076
f 4102 4103 4076
f 4076 4103 4077
f 4103 4104 4077
f 4077 4104 4078
f 4104 4105 4078
f 4078 4105 4079
f 4105 4106 4079
f 4079 4106 4080
f 4106 4107 4080
f 4080 4107 4081
f 4107 4108 4081
f 4081 4108 4082
f 4108 4109 4082
f 4082 4109 4083
f 4109 4110 4083
f 4083 4110 4084
f 4110 4111 4084
f 4084 4111 4085
f 4111 4112 4085
f 4085 4112 4086
f 4112 4113 4086
f 4086 4113 4087
f 4113 4114 4087
f 4087 4114 3668
f 4114 3666 3668
f 3707 3708 3710
f 3710 3708 4088
f 3708 4115 4088
f 4088 4115 4089
f 4115 4116 4089
f 4089 4116 4090
f 4116 4117 4090
f 4090 4117 4091
f 4117 4118 4091
f 4091 4118 4092
f 4118 4119 4092
f 4092 4119 4093
f 4119 4120 4093
f 4093 4120 4094
f 4120 4121 4094
f 4094 4121 4095
f 4121 4122 4095
f 4095 4122 4096
f 4122 4123 4096
f 4096 4123 4097
f 4123 4124 4097
f 4097 4124 4098
f 4124 4125 4098
f 4098 4125 4099
f 4125 4126 4099
f 4099 4126 4100
f 4126 4127 4100
f 4100 4127 4101
f 4127 4128 4101
f 4101 4128 4102
f 4128 4129 4102
f 4102 4129 4103
f 4129 4130 4103
f 4103 4130 4104
f 4130 4131 4104
f 4104 4131 4105
f 4131 4132 4105
f 4105 4132 4106
f 4132 4133 4106
f 4106 4133 4107
f 4133 4134 4107
f 4107 4134 4108
f 4134 4135 4108
f 4108 4135 4109
f 4135 4136 4109
f 4109 4136 4110
f 4136 4137 4110
f 4110 4137 4111
f 4137 4138 4111
f 4111 4138 4112
f 4138 4139 4112
f 4112 4139 4113
f 4139 4140 4113
f 4113 4140 4114
f 4140 4141 4114
f 4114 4141 3666
f 4141 3664 3666
f 3705 3706 3708
f 3708 3706 4115
f 3706 4142 4115
f 4115 4142 4116
f 4142 4143 4116
f 4116 4143 4117
f 4143 4144 4117
f 4117 4144 4118
f 4144 4145 4118
f 4118 4145 4119
f 4145 4146 4119
f 4119 4146 4120
f 4146 4147 4120
f 4120 4147 4121
f 4147 4148 4121
f 4121 4148 4122
f 4148 4149 4122
f 4122 4149 4123
f 4149 4150 4123
f 4123 4150 4124
f 4150 4151 4124
f 4124 4151 4125
f 4151 4152 4125
f 4125 4152 4126
f 4152 4153 4126
f 4126 4153 4127
f 4153 4154 4127
f 4127 4154 4128
f 4154 4155 4128
f 4128 4155 4129
f 4155 4156 4129
f 4129 4156 4130
f 4156 4157 4130
f 4130 4157 4131
f 4157 4158 4131
f 4131 4158 4132
f 4158 4159 4132
f 4132 4159 4133
f 4159 4160 4133
f 4133 4160 4134
f 4160 4161 4134
f 4134 4161 4135
f 4161 4162 4135
f 4135 4162 4136
f 4162 4163 4136
f 4136 4163 4137
f 4163 4164 4137
f 4137 4164 4138
f 4164 4165 4138
f 4138 4165 4139
f 4165 4166 4139
f 4139 4166 4140
f 4166 4167 4140
f 4140 4167 4141
f 4167 4168 4141
f 4141 4168 3664
f 4168 3662 3664
f 3703 3704 3706
f 3706 3704 4142
f 3704 4169 4142
f 4142 4169 4143
f 4169 4170 4143
f 4143 4170 4144
f 4170 4171 4144
f 4144 4171 4145
f 4171 4172 4145
f 4145 4172 4146
f 4172 4173 4146
f 4146 4173 4147
f 4173 4174 4147
f 4147 4174 4148
f 4174 4175 4148
f 4148 4175 4149
f 4175 4176 4149
f 4149 4176 4150
f 4176 4177 4150
f 4150 4177 4151
f 4177 4178 4151
f 4151 4178 4152
f 4178 4179 4152
f 4152 4179 4153
f 4179 4180 4153
f 4153 4180 4154
f 4180 4181 4154
f 4154 4181 4155
f 4181 4182 4155
f 4155 4182 4156
f 4182 4183 4156
f 4156 4183 4157
f 4183 4184 4157
f 4157 4184 4158
f 4184 4185 4158
f 4158 4185 4159
f 4185 4186 4159
f 4159 4186 4160
f 4186 4187 4160
f 4160 4187 4161
f 4187 4188 4161
f 4161 4188 4162
f 4188 4189 4162
f 4162 4189 4163
f 4189 4190 4163
f 4163 4190 4164
f 4190 4191 4164
f 4164 4191 4165
f 4191 4192 4165
f 4165 4192 4166
f 4192 4193 4166
f 4166 4193 4167
f 4193 4194 4167
f 4167 4194 4168
f 4194 4195 4168
f 4168 4195 3662
f 4195 3660 3662
f 3701 3702 3704
f 3704 3702 4169
f 3702 4196 4169
f 4169 4196 4170
f 4196 4197 4170
f 4170 4197 4171
f 4197 4198 4171
f 4171 4198 4172
f 4198 4199 4172
f 4172 4199 4173
f 4199 4200 4173
f 4173 4200 4174
f 4200 4201 4174
f 4174 4201 4175
f 4201 4202 4175
f 4175 4202 4176
f 4202 4203 4176
f 4176 4203 4177
f 4203 4204 4177
f 4177 4204 4178
f 4204 4205 4178
f 4178 4205 4179
f 4205 4206 4179
f 4179 4206 4180
f 4206 4207 4180
f 4180 4207 4181
f 4207 4208 4181
f 4181 4208 4182
f 4208 4209 4182
f 4182 4209 4183
f 4209 4210 4183
f 4183 4210 4184
f 4210 4211 4184
f 4184 4211 4185
f 4211 4212 4185
f 4185 4212 4186
f 4212 4213 4186
f 4186 4213 4187
f 4213 4214 4187
f 4187 4214 4188
f 4214 4215 4188
f 4188 4215 4189
f 4215 4216 4189
f 4189 4216 4190
f 4216 4217 4190
f 4190 4217 4191
f 4217 4218 4191
f 4191 4218 4192
f 4218 4219 4192
f 4192 4219 4193
f 4219 4220 4193
f 4193 4220 4194
f 4220 4221 4194
f 4194 4221 4195
f 4221 4222 4195
f 4195 4222 3660
f 4222 3658 3660
f 1334 1336 3702
f 3702 1336 4196
f 1336 1338 4196
f 4196 1338 4197
f 1338 1340 4197
f 4197 1340 4198
f 1340 1342 4198
f 4198 1342 4199
f 1342 1344 4199
f 4199 1344 4200
f 1344 1346 4200
f 4200 1346 4201
f 1346 1348 4201
f 4201 1348 4202
f 1348 1350 4202
f 4202 1350 4203
f 1350 1352 4203
f 4203 1352 4204
f 1352 1354 4204
f 4204 1354 4205
f 1354 1356 4205
f 4205 1356 4206
f 1356 1358 4206
f 4206 1358 4207
f 1358 1360 4207
f 4207 1360 4208
f 1360 1362 4208
f 4208 1362 4209
f 1362 1364 4209
f 4209 1364 4210
f 1364 1366 4210
f 4210 1366 4211
f 1366 1368 4211
f 4211 1368 4212
f 1368 1370 4212
f 4212 1370 4213
f 1370 1372 4213
f 4213 1372 4214
f 1372 1374 4214
f 4214 1374 4215
f 1374 1376 4215
f 4215 1376 4216
f 1376 1378 4216
f 4216 1378 4217
f 1378 1380 4217
f 4217 1380 4218
f 1380 1382 4218
f 4218 1382 4219
f 1382 1384 4219
f 4219 1384 4220
f 1384 1386 4220
f 4220 1386 4221
f 1386 1388 4221
f 4221 1388 4222
f 1388 1390 4222
f 4222 1390 3658
f 1390 1247 3658
f 3646 3647 4223
f 4223 3647 4224
f 3647 3641 4224
f 3641 3642 4224
f 4224 3642 4225
f 3642 3648 4225
f 3648 3649 4225
f 4225 3649 4226
f 3649 3650 4226
f 4226 3650 3492
f 3650 3491 3492
f 4227 4229 4228
f 4230 4232 4231
f 4233 4235 4234
f 4236 4238 4237
f 4239 4241 4240
f 4242 4244 4243
f 4245 4247 4246
f 1334 3701 4248
f 4248 3701 4249
f 3701 3703 4249
f 4249 3703 4250
f 3703 3705 4250
f 4250 3705 4251
f 3705 3707 4251
f 4251 3707 4252
f 3707 3709 4252
f 4252 3709 4253
f 3709 3711 4253
f 4253 3711 4254
f 3711 3713 4254
f 4254 3713 4255
f 3713 3715 4255
f 4255 3715 4256
f 3715 3717 4256
f 4256 3717 4257
f 3717 3719 4257
f 4257 3719 4258
f 3719 3721 4258
f 4258 3721 4259
f 3721 3723 4259
f 4259 3723 4260
f 3723 3725 4260
f 4260 3725 4261
f 3725 3727 4261
f 4261 3727 4262
f 3727 3729 4262
f 4262 3729 4263
f 3729 3731 4263
f 4263 3731 4264
f 3731 3733 4264
f 4264 3733 4265
f 3733 3735 4265
f 4265 3735 4266
f 4248 4249 4267
f 4267 4249 4268
f 4249 4250 4268
f 4268 4250 4269
f 4250 4251 4269
f 4269 4251 4270
f 4251 4252 4270
f 4270 4252 4271
f 4252 4253 4271
f 4271 4253 4272
f 4253 4254 4272
f 4272 4254 4273
f 4254 4255 4273
f 4273 4255 4274
f 4255 4256 4274
f 4274 4256 4275
f 4256 4257 4275
f 4275 4257 4276
f 4257 4258 4276
f 4276 4258 4277
f 4258 4259 4277
f 4277 4259 4278
f 4259 4260 4278
f 4278 4260 4279
f 4260 4261 4279
f 4279 4261 4280
f 4261 4262 4280
f 4280 4262 4281
f 4262 4263 4281
f 4281 4263 4282
f 4263 4264 4282
f 4282 4264 4283
f 4264 4265 4283
f 4283 4265 4247
f 4265 4266 4247
f 4247 4266 4246
f 4267 4268 4284
f 4284 4268 4285
f 4268 4269 4285
f 4285 4269 4286
f 4269 4270 4286
f 4286 4270 4287
f 4270 4271 4287
f 4287 4271 4288
f 4271 4272 4288
f 4288 4272 4289
f 4272 4273 4289
f 4289 4273 4290
f 4273 4274 4290
f 4290 4274 4291
f 4274 4275 4291
f 4291 4275 4292
f 4275 4276 4292
f 4292 4276 4293
f 4276 4277 4293
f 4293 4277 4294
f 4277 4278 4294
f 4294 4278 4295
f 4278 4279 4295
f 4295 4279 4296
f 4279 4280 4296
f 4296 4280 4297
f 4280 4281 4297
f 4297 4281 4298
f 4281 4282 4298
f 4298 4282 4299
f 4282 4283 4299
f 4299 4283 4300
f 4283 4247 4300
f 4300 4247 4244
f 4247 4245 4244
f 4244 4245 4243
f 4284 4285 4301
f 4301 4285 4302
f 4285 4286 4302
f 4302 4286 4303
f 4286 4287 4303
f 4303 4287 4304
f 4287 4288 4304
f 4304 4288 4305
f 4288 4289 4305
f 4305 4289 4306
f 4289 4290 4306
f 4306 4290 4307
f 4290 4291 4307
f 4307 4291 4308
f 4291 4292 4308
f 4308 4292 4309
f 4292 4293 4309
f 4309 4293 4310
f 4293 4294 4310
f 4310 4294 4311
f 4294 4295 4311
f 4311 4295 4312
f 4295 4296 4312
f 4312 4296 4313
f 4296 4297 4313
f 4313 4297 4314
f 4297 4298 4314
f 4314 4298 4315
f 4298 4299 4315
f 4315 4299 4316
f 4299 4300 4316
f 4316 4300 4317
f 4300 4244 4317
f 4317 4244 4241
f 4244 4242 4241
f 4241 4242 4240
f 4301 4302 4318
f 4318 4302 4319
f 4302 4303 4319
f 4319 4303 4320
f 4303 4304 4320
f 4320 4304 4321
f 4304 4305 4321
f 4321 4305 4322
f 4305 4306 4322
f 4322 4306 4323
f 4306 4307 4323
f 4323 4307 4324
f 4307 4308 4324
f 4324 4308 4325
f 4308 4309 4325
f 4325 4309 4326
f 4309 4310 4326
f 4326 4310 4327
f 4310 4311 4327
f 4327 4311 4328
f 4311 4312 4328
f 4328 4312 4329
f 4312 4313 4329
f 4329 4313 4330
f 4313 4314 4330
f 4330 4314 4331
f 4314 4315 4331
f 4331 4315 4332
f 4315 4316 4332
f 4332 4316 4333
f 4316 4317 4333
f 4333 4317 4334
f 4317 4241 4334
f 4334 4241 4238
f 4241 4239 4238
f 4238 4239 4237
f 4318 4319 4335
f 4335 4319 4336
f 4319 4320 4336
f 4336 4320 4337
f 4320 4321 4337
f 4337 4321 4338
f 4321 4322 4338
f 4338 4322 4339
f 4322 4323 4339
f 4339 4323 4340
f 4323 4324 4340
f 4340 4324 4341
f 4324 4325 4341
f 4341 4325 4342
f 4325 4326 4342
f 4342 4326 4343
f 4326 4327 4343
f 4343 4327 4344
f 4327 4328 4344
f 4344 4328 4345
f 4328 4329 4345
f 4345 4329 4346
f 4329 4330 4346
f 4346 4330 4347
f 4330 4331 4347
f 4347 4331 4348
f 4331 4332 4348
f 4348 4332 4349
f 4332 4333 4349
f 4349 4333 4350
f 4333 4334 4350
f 4350 4334 4351
f 4334 4238 4351
f 4351 4238 4235
f 4238 4236 4235
f 4235 4236 4234
f 4231 4232 4233
f 4233 4232 4235
f 4232 4352 4235
f 4235 4352 4351
f 4352 4353 4351
f 4351 4353 4350
f 4353 4354 4350
f 4350 4354 4349
f 4354 4355 4349
f 4349 4355 4348
f 4355 4356 4348
f 4348 4356 4347
f 4356 4357 4347
f 4347 4357 4346
f 4357 4358 4346
f 4346 4358 4345
f 4358 4359 4345
f 4345 4359 4344
f 4359 4360 4344
f 4344 4360 4343
f 4360 4361 4343
f 4343 4361 4342
f 4361 4362 4342
f 4342 4362 4341
f 4362 4363 4341
f 4341 4363 4340
f 4363 4364 4340
f 4340 4364 4339
f 4364 4365 4339
f 4339 4365 4338
f 4365 4366 4338
f 4338 4366 4337
f 4366 4367 4337
f 4337 4367 4336
f 4367 4368 4336
f 4336 4368 4335
f 4228 4229 4230
f 4230 4229 4232
f 4229 4369 4232
f 4232 4369 4352
f 4369 4370 4352
f 4352 4370 4353
f 4370 4371 4353
f 4353 4371 4354
f 4371 4372 4354
f 4354 4372 4355
f 4372 4373 4355
f 4355 4373 4356
f 4373 4374 4356
f 4356 4374 4357
f 4374 4375 4357
f 4357 4375 4358
f 4375 4376 4358
f 4358 4376 4359
f 4376 4377 4359
f 4359 4377 4360
f 4377 4378 4360
f 4360 4378 4361
f 4378 4379 4361
f 4361 4379 4362
f 4379 4380 4362
f 4362 4380 4363
f 4380 4381 4363
f 4363 4381 4364
f 4381 4382 4364
f 4364 4382 4365
f 4382 4383 4365
f 4365 4383 4366
f 4383 4384 4366
f 4366 4384 4367
f 4384 4385 4367
f 4367 4385 4368
f 4386 4387 4227
f 4227 4387 4229
f 4387 4388 4229
f 4229 4388 4369
f 4388 4389 4369
f 4369 4389 4370
f 4389 4390 4370
f 4370 4390 4371
f 4390 4391 4371
f 4371 4391 4372
f 4391 4392 4372
f 4372 4392 4373
f 4392 4393 4373
f 4373 4393 4374
f 4393 4394 4374
f 4374 4394 4375
f 4394 4395 4375
f 4375 4395 4376
f 4395 4396 4376
f 4376 4396 4377
f 4396 4397 4377
f 4377 4397 4378
f 4397 4398 4378
f 4378 4398 4379
f 4398 4399 4379
f 4379 4399 4380
f 4399 4400 4380
f 4380 4400 4381
f 4400 4401 4381
f 4381 4401 4382
f 4401 4402 4382
f 4382 4402 4383
f 4402 4403 4383
f 4383 4403 4384
f 4403 4404 4384
f 4384 4404 4385
f 4404 4403 4405
f 4405 4403 4406
f 4403 4402 4406
f 4406 4402 4407
f 4402 4401 4407
f 4407 4401 4408
f 4401 4400 4408
f 4408 4400 4409
f 4400 4399 4409
f 4409 4399 4410
f 4399 4398 4410
f 4410 4398 4411
f 4398 4397 4411
f 4411 4397 4412
f 4397 4396 4412
f 4412 4396 4413
f 4396 4395 4413
f 4413 4395 4414
f 4395 4394 4414
f 4414 4394 4415
f 4394 4393 4415
f 4415 4393 4416
f 4393 4392 4416
f 4416 4392 4417
f 4392 4391 4417
f 4417 4391 4418
f 4391 4390 4418
f 4418 4390 4419
f 4390 4389 4419
f 4419 4389 4420
f 4389 4388 4420
f 4420 4388 4421
f 4388 4387 4421
f 4421 4387 4422
f 4387 4386 4422
f 4422 4386 4423
f 4405 4406 60
f 60 4406 4424
f 4406 4407 4424
f 4424 4407 4425
f 4407 4408 4425
f 4425 4408 4426
f 4408 4409 4426
f 4426 4409 4427
f 4409 4410 4427
f 4427 4410 4428
f 4410 4411 4428
f 4428 4411 4429
f 4411 4412 4429
f 4429 4412 4430
f 4412 4413 4430
f 4430 4413 4431
f 4413 4414 4431
f 4431 4414 4432
f 4414 4415 4432
f 4432 4415 4433
f 4415 4416 4433
f 4433 4416 4434
f 4416 4417 4434
f 4434 4417 4435
f 4417 4418 4435
f 4435 4418 4436
f 4418 4419 4436
f 4436 4419 4437
f 4419 4420 4437
f 4437 4420 4438
f 4420 4421 4438
f 4438 4421 4439
f 4421 4422 4439
f 4439 4422 4440
f 4422 4423 4440
f 4440 4423 4441
f 4442 4444 4443
f 4443 4444 4445
f 4444 4446 4445
f 4447 4449 4448
f 4448 4449 4450
f 4449 4442 4450
f 4450 4442 4451
f 4442 4443 4451
f 4449 4447 4452
f 4452 4447 3489
f 4447 3488 3489
f 2 4454 4453
f 4453 4456 4455
f 4455 4458 4457
f 4457 4460 4459
f 4459 4462 4461
f 4461 4464 4463
f 4463 4466 4465
f 4465 4468 4467
f 4467 4470 4469
f 4469 4472 4471
f 4471 4474 4473
f 4473 4476 4475
f 4475 4478 4477
f 4477 4480 4479
f 4479 4482 4481
f 4481 4484 4483
f 4483 4486 4485
f 4485 4488 4487
f 4485 4486 4488
f 4488 4486 4489
f 4486 4490 4489
f 4489 4490 4491
f 4490 4492 4491
f 4491 4492 4493
f 4492 4494 4493
f 4493 4494 4495
f 4494 4496 4495
f 4495 4496 4497
f 4496 4498 4497
f 4497 4498 4499
f 4498 4500 4499
f 4499 4500 4501
f 4500 4502 4501
f 4501 4502 4503
f 4502 4504 4503
f 4503 4504 4505
f 4504 4506 4505
f 4505 4506 4507
f 4506 4508 4507
f 4507 4508 4509
f 4508 4510 4509
f 4509 4510 4511
f 4510 4512 4511
f 4511 4512 4513
f 4512 4514 4513
f 4513 4514 4515
f 4514 4516 4515
f 4515 4516 4517
f 4516 4518 4517
f 4517 4518 4519
f 4518 4520 4519
f 4519 4520 4521
f 4520 4522 4521
f 4521 4522 4523
f 4522 4524 4523
f 4523 4524 4525
f 4524 4526 4525
f 4525 4526 4527
f 4526 4528 4527
f 4527 4528 4529
f 4528 4530 4529
f 4529 4530 4531
f 4530 4532 4531
f 4531 4532 4533
f 4532 4534 4533
f 4533 4534 4535
f 4534 4536 4535
f 4535 4536 4537
f 4536 4538 4537
f 4537 4538 4539
f 4538 4540 4539
f 4539 4540 4541
f 4540 4542 4541
f 4541 4542 4441
f 4542 4440 4441
f 4483 4484 4486
f 4486 4484 4490
f 4484 4543 4490
f 4490 4543 4492
f 4543 4544 4492
f 4492 4544 4494
f 4544 4545 4494
f 4494 4545 4496
f 4545 4546 4496
f 4496 4546 4498
f 4546 4547 4498
f 4498 4547 4500
f 4547 4548 4500
f 4500 4548 4502
f 4548 4549 4502
f 4502 4549 4504
f 4549 4550 4504
f 4504 4550 4506
f 4550 4551 4506
f 4506 4551 4508
f 4551 4552 4508
f 4508 4552 4510
f 4552 4553 4510
f 4510 4553 4512
f 4553 4554 4512
f 4512 4554 4514
f 4554 4555 4514
f 4514 4555 4516
f 4555 4556 4516
f 4516 4556 4518
f 4556 4557 4518
f 4518 4557 4520
f 4557 4558 4520
f 4520 4558 4522
f 4558 4559 4522
f 4522 4559 4524
f 4559 4560 4524
f 4524 4560 4526
f 4560 4561 4526
f 4526 4561 4528
f 4561 4562 4528
f 4528 4562 4530
f 4562 4563 4530
f 4530 4563 4532
f 4563 4564 4532
f 4532 4564 4534
f 4564 4565 4534
f 4534 4565 4536
f 4565 4566 4536
f 4536 4566 4538
f 4566 4567 4538
f 4538 4567 4540
f 4567 4568 4540
f 4540 4568 4542
f 4568 4569 4542
f 4542 4569 4440
f 4569 4439 4440
f 4481 4482 4484
f 4484 4482 4543
f 4482 4570 4543
f 4543 4570 4544
f 4570 4571 4544
f 4544 4571 4545
f 4571 4572 4545
f 4545 4572 4546
f 4572 4573 4546
f 4546 4573 4547
f 4573 4574 4547
f 4547 4574 4548
f 4574 4575 4548
f 4548 4575 4549
f 4575 4576 4549
f 4549 4576 4550
f 4576 4577 4550
f 4550 4577 4551
f 4577 4578 4551
f 4551 4578 4552
f 4578 4579 4552
f 4552 4579 4553
f 4579 4580 4553
f 4553 4580 4554
f 4580 4581 4554
f 4554 4581 4555
f 4581 4582 4555
f 4555 4582 4556
f 4582 4583 4556
f 4556 4583 4557
f 4583 4584 4557
f 4557 4584 4558
f 4584 4585 4558
f 4558 4585 4559
f 4585 4586 4559
f 4559 4586 4560
f 4586 4587 4560
f 4560 4587 4561
f 4587 4588 4561
f 4561 4588 4562
f 4588 4589 4562
f 4562 4589 4563
f 4589 4590 4563
f 4563 4590 4564
f 4590 4591 4564
f 4564 4591 4565
f 4591 4592 4565
f 4565 4592 4566
f 4592 4593 4566
f 4566 4593 4567
f 4593 4594 4567
f 4567 4594 4568
f 4594 4595 4568
f 4568 4595 4569
f 4595 4596 4569
f 4569 4596 4439
f 4596 4438 4439
f 4479 4480 4482
f 4482 4480 4570
f 4480 4597 4570
f 4570 4597 4571
f 4597 4598 4571
f 4571 4598 4572
f 4598 4599 4572
f 4572 4599 4573
f 4599 4600 4573
f 4573 4600 4574
f 4600 4601 4574
f 4574 4601 4575
f 4601 4602 4575
f 4575 4602 4576
f 4602 4603 4576
f 4576 4603 4577
f 4603 4604 4577
f 4577 4604 4578
f 4604 4605 4578
f 4578 4605 4579
f 4605 4606 4579
f 4579 4606 4580
f 4606 4607 4580
f 4580 4607 4581
f 4607 4608 4581
f 4581 4608 4582
f 4608 4609 4582
f 4582 4609 4583
f 4609 4610 4583
f 4583 4610 4584
f 4610 4611 4584
f 4584 4611 4585
f 4611 4612 4585
f 4585 4612 4586
f 4612 4613 4586
f 4586 4613 4587
f 4613 4614 4587
f 4587 4614 4588
f 4614 4615 4588
f 4588 4615 4589
f 4615 4616 4589
f 4589 4616 4590
f 4616 4617 4590
f 4590 4617 4591
f 4617 4618 4591
f 4591 4618 4592
f 4618 4619 4592
f 4592 4619 4593
f 4619 4620 4593
f 4593 4620 4594
f 4620 4621 4594
f 4594 4621 4595
f 4621 4622 4595
f 4595 4622 4596
f 4622 4623 4596
f 4596 4623 4438
f 4623 4437 4438
f 4477 4478 4480
f 4480 4478 4597
f 4478 4624 4597
f 4597 4624 4598
f 4624 4625 4598
f 4598 4625 4599
f 4625 4626 4599
f 4599 4626 4600
f 4626 4627 4600
f 4600 4627 4601
f 4627 4628 4601
f 4601 4628 4602
f 4628 4629 4602
f 4602 4629 4603
f 4629 4630 4603
f 4603 4630 4604
f 4630 4631 4604
f 4604 4631 4605
f 4631 4632 4605
f 4605 4632 4606
f 4632 4633 4606
f 4606 4633 4607
f 4633 4634 4607
f 4607 4634 4608
f 4634 4635 4608
f 4608 4635 4609
f 4635 4636 4609
f 4609 4636 4610
f 4636 4637 4610
f 4610 4637 4611
f 4637 4638 4611
f 4611 4638 4612
f 4638 4639 4612
f 4612 4639 4613
f 4639 4640 4613
f 4613 4640 4614
f 4640 4641 4614
f 4614 4641 4615
f 4641 4642 4615
f 4615 4642 4616
f 4642 4643 4616
f 4616 4643 4617
f 4643 4644 4617
f 4617 4644 4618
f 4644 4645 4618
f 4618 4645 4619
f 4645 4646 4619
f 4619 4646 4620
f 4646 4647 4620
f 4620 4647 4621
f 4647 4648 4621
f 4621 4648 4622
f 4648 4649 4622
f 4622 4649 4623
f 4649 4650 4623
f 4623 4650 4437
f 4650 4436 4437
f 4475 4476 4478
f 4478 4476 4624
f 4476 4651 4624
f 4624 4651 4625
f 4651 4652 4625
f 4625 4652 4626
f 4652 4653 4626
f 4626 4653 4627
f 4653 4654 4627
f 4627 4654 4628
f 4654 4655 4628
f 4628 4655 4629
f 4655 4656 4629
f 4629 4656 4630
f 4656 4657 4630
f 4630 4657 4631
f 4657 4658 4631
f 4631 4658 4632
f 4658 4659 4632
f 4632 4659 4633
f 4659 4660 4633
f 4633 4660 4634
f 4660 4661 4634
f 4634 4661 4635
f 4661 4662 4635
f 4635 4662 4636
f 4662 4663 4636
f 4636 4663 4637
f 4663 4664 4637
f 4637 4664 4638
f 4664 4665 4638
f 4638 4665 4639
f 4665 4666 4639
f 4639 4666 4640
f 4666 4667 4640
f 4640 4667 4641
f 4667 4668 4641
f 4641 4668 4642
f 4668 4669 4642
f 4642 4669 4643
f 4669 4670 4643
f 4643 4670 4644
f 4670 4671 4644
f 4644 4671 4645
f 4671 4672 4645
f 4645 4672 4646
f 4672 4673 4646
f 4646 4673 4647
f 4673 4674 4647
f 4647 4674 4648
f 4674 4675 4648
f 4648 4675 4649
f 4675 4676 4649
f 4649 4676 4650
f 4676 4677 4650
f 4650 4677 4436
f 4677 4435 4436
f 4473 4474 4476
f 4476 4474 4651
f 4474 4678 4651
f 4651 4678 4652
f 4678 4679 4652
f 4652 4679 4653
f 4679 4680 4653
f 4653 4680 4654
f 4680 4681 4654
f 4654 4681 4655
f 4681 4682 4655
f 4655 4682 4656
f 4682 4683 4656
f 4656 4683 4657
f 4683 4684 4657
f 4657 4684 4658
f 4684 4685 4658
f 4658 4685 4659
f 4685 4686 4659
f 4659 4686 4660
f 4686 4687 4660
f 4660 4687 4661
f 4687 4688 4661
f 4661 4688 4662
f 4688 4689 4662
f 4662 4689 4663
f 4689 4690 4663
f 4663 4690 4664
f 4690 4691 4664
f 4664 4691 4665
f 4691 4692 4665
f 4665 4692 4666
f 4692 4693 4666
f 4666 4693 4667
f 4693 4694 4667
f 4667 4694 4668
f 4694 4695 4668
f 4668 4695 4669
f 4695 4696 4669
f 4669 4696 4670
f 4696 4697 4670
f 4670 4697 4671
f 4697 4698 4671
f 4671 4698 4672
f 4698 4699 4672
f 4672 4699 4673
f 4699 4700 4673
f 4673 4700 4674
f 4700 4701 4674
f 4674 4701 4675
f 4701 4702 4675
f 4675 4702 4676
f 4702 4703 4676
f 4676 4703 4677
f 4703 4704 4677
f 4677 4704 4435
f 4704 4434 4435
f 4471 4472 4474
f 4474 4472 4678
f 4472 4705 4678
f 4678 4705 4679
f 4705 4706 4679
f 4679 4706 4680
f 4706 4707 4680
f 4680 4707 4681
f 4707 4708 4681
f 4681 4708 4682
f 4708 4709 4682
f 4682 4709 4683
f 4709 4710 4683
f 4683 4710 4684
f 4710 4711 4684
f 4684 4711 4685
f 4711 4712 4685
f 4685 4712 4686
f 4712 4713 4686
f 4686 4713 4687
f 4713 4714 4687
f 4687 4714 4688
f 4714 4715 4688
f 4688 4715 4689
f 4715 4716 4689
f 4689 4716 4690
f 4716 4717 4690
f 4690 4717 4691
f 4717 4718 4691
f 4691 4718 4692
f 4718 4719 4692
f 4692 4719 4693
f 4719 4720 4693
f 4693 4720 4694
f 4720 4721 4694
f 4694 4721 4695
f 4721 4722 4695
f 4695 4722 4696
f 4722 4723 4696
f 4696 4723 4697
f 4723 4724 4697
f 4697 4724 4698
f 4724 4725 4698
f 4698 4725 4699
f 4725 4726 4699
f 4699 4726 4700
f 4726 4727 4700
f 4700 4727 4701
f 4727 4728 4701
f 4701 4728 4702
f 4728 4729 4702
f 4702 4729 4703
f 4729 4730 4703
f 4703 4730 4704
f 4730 4731 4704
f 4704 4731 4434
f 4731 4433 4434
f 4469 4470 4472
f 4472 4470 4705
f 4470 4732 4705
f 4705 4732 4706
f 4732 4733 4706
f 4706 4733 4707
f 4733 4734 4707
f 4707 4734 4708
f 4734 4735 4708
f 4708 4735 4709
f 4735 4736 4709
f 4709 4736 4710
f 4736 4737 4710
f 4710 4737 4711
f 4737 4738 4711
f 4711 4738 4712
f 4738 4739 4712
f 4712 4739 4713
f 4739 4740 4713
f 4713 4740 4714
f 4740 4741 4714
f 4714 4741 4715
f 4741 4742 4715
f 4715 4742 4716
f 4742 4743 4716
f 4716 4743 4717
f 4743 4744 4717
f 4717 4744 4718
f 4744 4745 4718
f 4718 4745 4719
f 4745 4746 4719
f 4719 4746 4720
f 4746 4747 4720
f 4720 4747 4721
f 4747 4748 4721
f 4721 4748 4722
f 4748 4749 4722
f 4722 4749 4723
f 4749 4750 4723
f 4723 4750 4724
f 4750 4751 4724
f 4724 4751 4725
f 4751 4752 4725
f 4725 4752 4726
f 4752 4753 4726
f 4726 4753 4727
f 4753 4754 4727
f 4727 4754 4728
f 4754 4755 4728
f 4728 4755 4729
f 4755 4756 4729
f 4729 4756 4730
f 4756 4757 4730
f 4730 4757 4731
f 4757 4758 4731
f 4731 4758 4433
f 4758 4432 4433
f 4467 4468 4470
f 4470 4468 4732
f 4468 4759 4732
f 4732 4759 4733
f 4759 4760 4733
f 4733 4760 4734
f 4760 4761 4734
f 4734 4761 4735
f 4761 4762 4735
f 4735 4762 4736
f 4762 4763 4736
f 4736 4763 4737
f 4763 4764 4737
f 4737 4764 4738
f 4764 4765 4738
f 4738 4765 4739
f 4765 4766 4739
f 4739 4766 4740
f 4766 4767 4740
f 4740 4767 4741
f 4767 4768 4741
f 4741 4768 4742
f 4768 4769 4742
f 4742 4769 4743
f 4769 4770 4743
f 4743 4770 4744
f 4770 4771 4744
f 4744 4771 4745
f 4771 4772 4745
f 4745 4772 4746
f 4772 4773 4746
f 4746 4773 4747
f 4773 4774 4747
f 4747 4774 4748
f 4774 4775 4748
f 4748 4775 4749
f 4775 4776 4749
f 4749 4776 4750
f 4776 4777 4750
f 4750 4777 4751
f 4777 4778 4751
f 4751 4778 4752
f 4778 4779 4752
f 4752 4779 4753
f 4779 4780 4753
f 4753 4780 4754
f 4780 4781 4754
f 4754 4781 4755
f 4781 4782 4755
f 4755 4782 4756
f 4782 4783 4756
f 4756 4783 4757
f 4783 4784 4757
f 4757 4784 4758
f 4784 4785 4758
f 4758 4785 4432
f 4785 4431 4432
f 4465 4466 4468
f 4468 4466 4759
f 4466 4786 4759
f 4759 4786 4760
f 4786 4787 4760
f 4760 4787 4761
f 4787 4788 4761
f 4761 4788 4762
f 4788 4789 4762
f 4762 4789 4763
f 4789 4790 4763
f 4763 4790 4764
f 4790 4791 4764
f 4764 4791 4765
f 4791 4792 4765
f 4765 4792 4766
f 4792 4793 4766
f 4766 4793 4767
f 4793 4794 4767
f 4767 4794 4768
f 4794 4795 4768
f 4768 4795 4769
f 4795 4796 4769
f 4769 4796 4770
f 4796 4797 4770
f 4770 4797 4771
f 4797 4798 4771
f 4771 4798 4772
f 4798 4799 4772
f 4772 4799 4773
f 4799 4800 4773
f 4773 4800 4774
f 4800 4801 4774
f 4774 4801 4775
f 4801 4802 4775
f 4775 4802 4776
f 4802 4803 4776
f 4776 4803 4777
f 4803 4804 4777
f 4777 4804 4778
f 4804 4805 4778
f 4778 4805 4779
f 4805 4806 4779
f 4779 4806 4780
f 4806 4807 4780
f 4780 4807 4781
f 4807 4808 4781
f 4781 4808 4782
f 4808 4809 4782
f 4782 4809 4783
f 4809 4810 4783
f 4783 4810 4784
f 4810 4811 4784
f 4784 4811 4785
f 4811 4812 4785
f 4785 4812 4431
f 4812 4430 4431
f 4463 4464 4466
f 4466 4464 4786
f 4464 4813 4786
f 4786 4813 4787
f 4813 4814 4787
f 4787 4814 4788
f 4814 4815 4788
f 4788 4815 4789
f 4815 4816 4789
f 4789 4816 4790
f 4816 4817 4790
f 4790 4817 4791
f 4817 4818 4791
f 4791 4818 4792
f 4818 4819 4792
f 4792 4819 4793
f 4819 4820 4793
f 4793 4820 4794
f 4820 4821 4794
f 4794 4821 4795
f 4821 4822 4795
f 4795 4822 4796
f 4822 4823 4796
f 4796 4823 4797
f 4823 4824 4797
f 4797 4824 4798
f 4824 4825 4798
f 4798 4825 4799
f 4825 4826 4799
f 4799 4826 4800
f 4826 4827 4800
f 4800 4827 4801
f 4827 4828 4801
f 4801 4828 4802
f 4828 4829 4802
f 4802 4829 4803
f 4829 4830 4803
f 4803 4830 4804
f 4830 4831 4804
f 4804 4831 4805
f 4831 4832 4805
f 4805 4832 4806
f 4832 4833 4806
f 4806 4833 4807
f 4833 4834 4807
f 4807 4834 4808
f 4834 4835 4808
f 4808 4835 4809
f 4835 4836 4809
f 4809 4836 4810
f 4836 4837 4810
f 4810 4837 4811
f 4837 4838 4811
f 4811 4838 4812
f 4838 4839 4812
f 4812 4839 4430
f 4839 4429 4430
f 4461 4462 4464
f 4464 4462 4813
f 4462 4840 4813
f 4813 4840 4814
f 4840 4841 4814
f 4814 4841 4815
f 4841 4842 4815
f 4815 4842 4816
f 4842 4843 4816
f 4816 4843 4817
f 4843 4844 4817
f 4817 4844 4818
f 4844 4845 4818
f 4818 4845 4819
f 4845 4846 4819
f 4819 4846 4820
f 4846 4847 4820
f 4820 4847 4821
f 4847 4848 4821
f 4821 4848 4822
f 4848 4849 4822
f 4822 4849 4823
f 4849 4850 4823
f 4823 4850 4824
f 4850 4851 4824
f 4824 4851 4825
f 4851 4852 4825
f 4825 4852 4826
f 4852 4853 4826
f 4826 4853 4827
f 4853 4854 4827
f 4827 4854 4828
f 4854 4855 4828
f 4828 4855 4829
f 4855 4856 4829
f 4829 4856 4830
f 4856 4857 4830
f 4830 4857 4831
f 4857 4858 4831
f 4831 4858 4832
f 4858 4859 4832
f 4832 4859 4833
f 4859 4860 4833
f 4833 4860 4834
f 4860 4861 4834
f 4834 4861 4835
f 4861 4862 4835
f 4835 4862 4836
f 4862 4863 4836
f 4836 4863 4837
f 4863 4864 4837
f 4837 4864 4838
f 4864 4865 4838
f 4838 4865 4839
f 4865 4866 4839
f 4839 4866 4429
f 4866 4428 4429
f 4459 4460 4462
f 4462 4460 4840
f 4460 4867 4840
f 4840 4867 4841
f 4867 4868 4841
f 4841 4868 4842
f 4868 4869 4842
f 4842 4869 4843
f 4869 4870 4843
f 4843 4870 4844
f 4870 4871 4844
f 4844 4871 4845
f 4871 4872 4845
f 4845 4872 4846
f 4872 4873 4846
f 4846 4873 4847
f 4873 4874 4847
f 4847 4874 4848
f 4874 4875 4848
f 4848 4875 4849
f 4875 4876 4849
f 4849 4876 4850
f 4876 4877 4850
f 4850 4877 4851
f 4877 4878 4851
f 4851 4878 4852
f 4878 4879 4852
f 4852 4879 4853
f 4879 4880 4853
f 4853 4880 4854
f 4880 4881 4854
f 4854 4881 4855
f 4881 4882 4855
f 4855 4882 4856
f 4882 4883 4856
f 4856 4883 4857
f 4883 4884 4857
f 4857 4884 4858
f 4884 4885 4858
f 4858 4885 4859
f 4885 4886 4859
f 4859 4886 4860
f 4886 4887 4860
f 4860 4887 4861
f 4887 4888 4861
f 4861 4888 4862
f 4888 4889 4862
f 4862 4889 4863
f 4889 4890 4863
f 4863 4890 4864
f 4890 4891 4864
f 4864 4891 4865
f 4891 4892 4865
f 4865 4892 4866
f 4892 4893 4866
f 4866 4893 4428
f 4893 4427 4428
f 4457 4458 4460
f 4460 4458 4867
f 4458 4894 4867
f 4867 4894 4868
f 4894 4895 4868
f 4868 4895 4869
f 4895 4896 4869
f 4869 4896 4870
f 4896 4897 4870
f 4870 4897 4871
f 4897 4898 4871
f 4871 4898 4872
f 4898 4899 4872
f 4872 4899 4873
f 4899 4900 4873
f 4873 4900 4874
f 4900 4901 4874
f 4874 4901 4875
f 4901 4902 4875
f 4875 4902 4876
f 4902 4903 4876
f 4876 4903 4877
f 4903 4904 4877
f 4877 4904 4878
f 4904 4905 4878
f 4878 4905 4879
f 4905 4906 4879
f 4879 4906 4880
f 4906 4907 4880
f 4880 4907 4881
f 4907 4908 4881
f 4881 4908 4882
f 4908 4909 4882
f 4882 4909 4883
f 4909 4910 4883
f 4883 4910 4884
f 4910 4911 4884
f 4884 4911 4885
f 4911 4912 4885
f 4885 4912 4886
f 4912 4913 4886
f 4886 4913 4887
f 4913 4914 4887
f 4887 4914 4888
f 4914 4915 4888
f 4888 4915 4889
f 4915 4916 4889
f 4889 4916 4890
f 4916 4917 4890
f 4890 4917 4891
f 4917 4918 4891
f 4891 4918 4892
f 4918 4919 4892
f 4892 4919 4893
f 4919 4920 4893
f 4893 4920 4427
f 4920 4426 4427
f 4455 4456 4458
f 4458 4456 4894
f 4456 4921 4894
f 4894 4921 4895
f 4921 4922 4895
f 4895 4922 4896
f 4922 4923 4896
f 4896 4923 4897
f 4923 4924 4897
f 4897 4924 4898
f 4924 4925 4898
f 4898 4925 4899
f 4925 4926 4899
f 4899 4926 4900
f 4926 4927 4900
f 4900 4927 4901
f 4927 4928 4901
f 4901 4928 4902
f 4928 4929 4902
f 4902 4929 4903
f 4929 4930 4903
f 4903 4930 4904
f 4930 4931 4904
f 4904 4931 4905
f 4931 4932 4905
f 4905 4932 4906
f 4932 4933 4906
f 4906 4933 4907
f 4933 4934 4907
f 4907 4934 4908
f 4934 4935 4908
f 4908 4935 4909
f 4935 4936 4909
f 4909 4936 4910
f 4936 4937 4910
f 4910 4937 4911
f 4937 4938 4911
f 4911 4938 4912
f 4938 4939 4912
f 4912 4939 4913
f 4939 4940 4913
f 4913 4940 4914
f 4940 4941 4914
f 4914 4941 4915
f 4941 4942 4915
f 4915 4942 4916
f 4942 4943 4916
f 4916 4943 4917
f 4943 4944 4917
f 4917 4944 4918
f 4944 4945 4918
f 4918 4945 4919
f 4945 4946 4919
f 4919 4946 4920
f 4946 4947 4920
f 4920 4947 4426
f 4947 4425 4426
f 4453 4454 4456
f 4456 4454 4921
f 4454 4948 4921
f 4921 4948 4922
f 4948 4949 4922
f 4922 4949 4923
f 4949 4950 4923
f 4923 4950 4924
f 4950 4951 4924
f 4924 4951 4925
f 4951 4952 4925
f 4925 4952 4926
f 4952 4953 4926
f 4926 4953 4927
f 4953 4954 4927
f 4927 4954 4928
f 4954 4955 4928
f 4928 4955 4929
f 4955 4956 4929
f 4929 4956 4930
f 4956 4957 4930
f 4930 4957 4931
f 4957 4958 4931
f 4931 4958 4932
f 4958 4959 4932
f 4932 4959 4933
f 4959 4960 4933
f 4933 4960 4934
f 4960 4961 4934
f 4934 4961 4935
f 4961 4962 4935
f 4935 4962 4936
f 4962 4963 4936
f 4936 4963 4937
f 4963 4964 4937
f 4937 4964 4938
f 4964 4965 4938
f 4938 4965 4939
f 4965 4966 4939
f 4939 4966 4940
f 4966 4967 4940
f 4940 4967 4941
f 4967 4968 4941
f 4941 4968 4942
f 4968 4969 4942
f 4942 4969 4943
f 4969 4970 4943
f 4943 4970 4944
f 4970 4971 4944
f 4944 4971 4945
f 4971 4972 4945
f 4945 4972 4946
f 4972 4973 4946
f 4946 4973 4947
f 4973 4974 4947
f 4947 4974 4425
f 4974 4424 4425
f 2 5 4454
f 4454 5 4948
f 5 7 4948
f 4948 7 4949
f 7 9 4949
f 4949 9 4950
f 9 11 4950
f 4950 11 4951
f 11 13 4951
f 4951 13 4952
f 13 15 4952
f 4952 15 4953
f 15 17 4953
f 4953 17 4954
f 17 19 4954
f 4954 19 4955
f 19 21 4955
f 4955 21 4956
f 21 23 4956
f 4956 23 4957
f 23 25 4957
f 4957 25 4958
f 25 27 4958
f 4958 27 4959
f 27 29 4959
f 4959 29 4960
f 29 31 4960
f 4960 31 4961
f 31 33 4961
f 4961 33 4962
f 33 35 4962
f 4962 35 4963
f 35 37 4963
f 4963 37 4964
f 37 39 4964
f 4964 39 4965
f 39 41 4965
f 4965 41 4966
f 41 43 4966
f 4966 43 4967
f 43 45 4967
f 4967 45 4968
f 45 47 4968
f 4968 47 4969
f 47 49 4969
f 4969 49 4970
f 49 51 4970
f 4970 51 4971
f 51 53 4971
f 4971 53 4972
f 53 55 4972
f 4972 55 4973
f 55 57 4973
f 4973 57 4974
f 57 59 4974
f 4974 59 4424
f 59 60 4424
f 4975 4977 4976
f 4978 4980 4979
f 2860 4980 2868
f 2868 4980 4975
f 4980 4978 4975
f 4975 4978 4977
f 4981 4983 4982
f 4982 4983 4984
f 4983 4985 4984
f 4984 4985 4986
f 4985 4987 4986
f 4986 4987 4988
f 4987 4989 4988
f 4988 4989 4990
f 4989 4991 4990
f 4990 4991 4992
f 4991 4993 4992
f 4992 4993 4994
f 4993 4995 4994
f 4994 4995 4996
f 4995 4997 4996
f 4996 4997 4998
f 4997 4999 4998
f 4998 4999 5000
f 4999 5001 5000
f 5000 5001 5002
f 5001 5003 5002
f 5002 5003 5004
f 5003 5005 5004
f 5004 5005 5006
f 5005 5007 5006
f 5006 5007 5008
f 5007 5009 5008
f 5008 5009 5010
f 5009 5011 5010
f 5010 5011 5012
f 5011 5013 5012
f 5012 5013 5014
f 5013 5015 5014
f 5014 5015 5016
f 5015 5017 5016
f 5016 5017 5018
f 5017 5019 5018
f 5018 5019 5020
f 5019 5021 5020
f 5020 5021 5022
f 5021 5023 5022
f 5022 5023 5024
f 5023 5025 5024
f 5024 5025 5026
f 5025 5027 5026
f 5026 5027 5028
f 5027 5029 5028
f 5028 5029 5030
f 5029 5031 5030
f 5030 5031 5032
f 5031 5033 5032
f 5032 5033 5034
f 5033 5035 5034
f 5034 5035 5036
f 5035 5037 5036
f 5036 5037 5038
f 5037 5039 5038
f 5038 5039 5040
f 5039 5041 5040
f 5040 5041 5042
f 5041 5043 5042
f 5042 5043 5044
f 5043 5045 5044
f 5044 5045 5046
f 5045 5047 5046
f 5046 5047 5048
f 5047 5049 5048
f 5048 5049 5050
f 5049 5051 5050
f 5050 5051 5052
f 5051 5053 5052
f 5052 5053 5054
f 5053 5055 5054
f 5054 5055 5056
f 5055 5057 5056
f 5056 5057 5058
f 5057 5059 5058
f 5058 5059 5060
f 5059 5061 5060
f 5060 5061 5062
f 5061 5063 5062
f 5062 5063 5064
f 5063 5065 5064
f 5064 5065 5066
f 5065 5067 5066
f 5066 5067 5068
f 5067 5069 5068
f 5068 5069 5070
f 5069 5071 5070
f 5070 5071 5072
f 5071 5073 5072
f 5072 5073 5074
f 5073 5075 5074
f 5074 5075 5076
f 5075 5077 5076
f 5076 5077 5078
f 5077 5079 5078
f 5078 5079 5080
f 5079 5081 5080
f 5080 5081 5082
f 5081 5083 5082
f 5082 5083 5084
f 5083 5085 5084
f 5084 5085 5086
f 5085 5087 5086
f 5086 5087 5088
f 5087 5089 5088
f 5088 5089 5090
f 5089 5091 5090
f 5090 5091 5092
f 5091 5093 5092
f 5092 5093 5094
f 5093 5095 5094
f 5094 5095 5096
f 5095 5097 5096
f 5096 5097 5098
f 5097 5099 5098
f 5098 5099 5100
f 5099 5101 5100
f 5100 5101 5102
f 5101 5103 5102
f 5102 5103 5104
f 5103 5105 5104
f 5104 5105 5106
f 5105 5107 5106
f 5106 5107 5108
f 5107 5109 5108
f 5108 5109 5110
f 5109 5111 5110
f 5110 5111 5112
f 5111 5113 5112
f 5112 5113 5114
f 5113 5115 5114
f 5114 5115 5116
f 5115 5117 5116
f 5116 5117 5118
f 5117 5119 5118
f 5118 5119 5120
f 5119 5121 5120
f 5120 5121 5122
f 5121 5123 5122
f 5122 5123 5124
f 5123 4981 5124
f 5124 4981 4982
f 3476 5125 3475
f 3475 5125 5126
f 5127 5128 5062
f 5062 5128 5060
f 5128 5129 5060
f 5060 5129 5058
f 5129 5130 5058
f 5058 5130 5056
f 5130 5131 5056
f 5056 5131 5054
f 5131 5132 5054
f 5054 5132 5052
f 5132 5133 5052
f 5052 5133 5050
f 5133 5134 5050
f 5050 5134 5048
f 5134 5135 5048
f 5048 5135 5046
f 5135 5136 5046
f 5046 5136 5044
f 5136 5137 5044
f 5044 5137 5042
f 5137 5138 5042
f 5042 5138 5040
f 5138 5139 5040
f 5040 5139 5038
f 5139 5140 5038
f 5038 5140 5036
f 5140 5141 5036
f 5036 5141 5034
f 5141 5142 5034
f 5034 5142 5032
f 5142 5143 5032
f 5032 5143 5030
f 5143 5144 5030
f 5030 5144 5028
f 5144 5145 5028
f 5028 5145 5026
f 5145 5146 5026
f 5026 5146 5024
f 5146 5147 5024
f 5024 5147 5022
f 5147 5148 5022
f 5022 5148 5020
f 5148 5149 5020
f 5020 5149 5018
f 5149 5150 5018
f 5018 5150 5016
f 5150 5151 5016
f 5016 5151 5014
f 5151 5152 5014
f 5014 5152 5012
f 5152 5153 5012
f 5012 5153 5010
f 5153 5154 5010
f 5010 5154 5008
f 5154 5155 5008
f 5008 5155 5006
f 5155 5156 5006
f 5006 5156 5004
f 5156 5157 5004
f 5004 5157 5002
f 5157 5158 5002
f 5002 5158 5000
f 5158 5159 5000
f 5000 5159 4998
f 5159 5160 4998
f 4998 5160 4996
f 5160 5161 4996
f 4996 5161 4994
f 5161 5162 4994
f 4994 5162 4992
f 5162 5163 4992
f 4992 5163 4990
f 5163 5164 4990
f 4990 5164 4988
f 5164 5165 4988
f 4988 5165 4986
f 5165 5166 4986
f 4986 5166 4984
f 5166 5167 4984
f 4984 5167 4982
f 5167 5168 4982
f 4982 5168 5124
f 5168 5169 5124
f 5124 5169 5122
f 5169 5170 5122
f 5122 5170 5120
f 5170 5171 5120
f 5120 5171 5118
f 5171 5172 5118
f 5118 5172 5116
f 5172 5173 5116
f 5116 5173 5114
f 5173 5174 5114
f 5114 5174 5112
f 5174 5175 5112
f 5112 5175 5110
f 5175 5176 5110
f 5110 5176 5108
f 5176 5177 5108
f 5108 5177 5106
f 5177 5178 5106
f 5106 5178 5104
f 5178 5179 5104
f 5104 5179 5102
f 5179 5180 5102
f 5102 5180 5100
f 5180 5181 5100
f 5100 5181 5098
f 5181 5182 5098
f 5098 5182 5096
f 5182 5183 5096
f 5096 5183 5094
f 5183 5184 5094
f 5094 5184 5092
f 5184 5185 5092
f 5092 5185 5090
f 5185 5186 5090
f 5090 5186 5088
f 5186 5187 5088
f 5088 5187 5086
f 5187 5188 5086
f 5086 5188 5084
f 5188 5189 5084
f 5084 5189 5082
f 5189 5190 5082
f 5082 5190 5080
f 5190 5191 5080
f 5080 5191 5078
f 5191 5192 5078
f 5078 5192 5076
f 5192 5193 5076
f 5076 5193 5074
f 5193 5194 5074
f 5074 5194 5072
f 5194 5195 5072
f 5072 5195 5070
f 5195 5196 5070
f 5070 5196 5068
f 5196 5197 5068
f 5068 5197 5066
f 5197 5198 5066
f 5066 5198 5064
f 5198 5127 5064
f 5064 5127 5062
f 5199 5201 5200
f 5200 5201 5202
f 3319 4975 4976
f 3317 3368 3318
f 3318 3368 3319
f 3368 3369 3319
f 3319 3369 4975
f 5203 5205 5204
f 5204 5205 5206
f 5207 5209 5208
f 5208 5209 5210
f 5209 5211 5210
f 5212 5205 5213
f 5213 5205 5214
f 5205 5203 5214
f 5215 5205 5216
f 5217 5218 5209
f 5209 5218 5205
f 5218 5219 5205
f 5205 5219 5216
f 5211 5209 5220
f 5220 5209 5221
f 5209 5222 5221
f 5223 5205 5224
f 5224 5205 5225
f 5205 5212 5225
f 5217 5209 5226
f 5226 5209 5227
f 5209 5228 5227
f 5229 5205 5230
f 5230 5205 5231
f 5205 5215 5231
f 5232 5233 4487
f 4487 5233 5209
f 5233 5234 5209
f 5209 5234 5222
f 5223 5235 5205
f 5205 5235 5236
f 5235 5237 5236
f 5228 5209 5238
f 5238 5209 5239
f 5209 5240 5239
f 5241 5205 5242
f 5242 5205 5243
f 5205 5229 5243
f 5240 5209 5244
f 5244 5209 5245
f 5209 5246 5245
f 5247 5205 5248
f 5248 5205 5249
f 5205 5241 5249
f 5246 5209 5250
f 5250 5209 5251
f 5209 5252 5251
f 5253 5205 5254
f 5254 5205 5255
f 5205 5247 5255
f 5252 5209 5256
f 5256 5209 5257
f 5209 5258 5257
f 5206 5205 5259
f 5259 5205 5260
f 5205 5253 5260
f 5258 5209 5261
f 5261 5209 5262
f 5209 5207 5262
f 5263 5264 3377
f 3377 5264 3376
f 5265 5267 5266
f 5266 5267 5268
f 5267 5269 5268
f 5268 5269 5270
f 5269 5271 5270
f 5270 5271 5272
f 5271 5273 5272
f 5272 5273 5274
f 5273 5275 5274
f 5274 5275 5276
f 5275 5277 5276
f 5276 5277 5278
f 5277 5279 5278
f 5278 5279 5280
f 5279 5281 5280
f 5280 5281 5282
f 5281 5283 5282
f 5282 5283 5284
f 5283 5285 5284
f 5284 5285 5286
f 5285 5287 5286
f 5286 5287 5288
f 5287 5289 5288
f 5288 5289 5290
f 5289 5291 5290
f 5290 5291 5292
f 5291 5293 5292
f 5292 5293 5294
f 5293 5295 5294
f 5294 5295 5296
f 5295 5297 5296
f 5296 5297 5298
f 5297 5299 5298
f 5298 5299 5300
f 5299 5301 5300
f 5300 5301 5302
f 5301 5303 5302
f 5302 5303 5304
f 5303 5305 5304
f 5304 5305 5306
f 5305 5307 5306
f 5306 5307 5308
f 5307 5309 5308
f 5308 5309 5310
f 5309 5311 5310
f 5310 5311 5312
f 5311 5313 5312
f 5312 5313 5314
f 5313 5315 5314
f 5314 5315 5316
f 5315 5317 5316
f 5316 5317 5318
f 5317 5319 5318
f 5318 5319 5320
f 5319 5321 5320
f 5320 5321 5322
f 5321 5323 5322
f 5322 5323 5324
f 5323 5325 5324
f 5324 5325 5326
f 5325 5327 5326
f 5326 5327 5328
f 5327 5329 5328
f 5328 5329 5330
f 5329 5331 5330
f 5330 5331 5332
f 5331 5333 5332
f 5332 5333 5334
f 5333 5335 5334
f 5334 5335 5336
f 5335 5337 5336
f 5336 5337 5338
f 5337 5339 5338
f 5338 5339 5340
f 5339 5341 5340
f 5340 5341 5342
f 5341 5343 5342
f 5342 5343 5344
f 5343 5345 5344
f 5344 5345 5346
f 5345 5347 5346
f 5346 5347 5348
f 5347 5349 5348
f 5348 5349 5350
f 5349 5351 5350
f 5350 5351 5352
f 5351 5353 5352
f 5352 5353 5354
f 5353 5355 5354
f 5354 5355 5356
f 5355 5357 5356
f 5356 5357 5358
f 5357 5359 5358
f 5358 5359 5360
f 5359 5361 5360
f 5360 5361 5362
f 5361 5363 5362
f 5362 5363 5364
f 5363 5365 5364
f 5364 5365 5366
f 5365 5367 5366
f 5366 5367 5368
f 5367 5369 5368
f 5368 5369 5370
f 5369 5371 5370
f 5370 5371 5372
f 5371 5373 5372
f 5372 5373 5374
f 5373 5375 5374
f 5374 5375 5376
f 5375 5377 5376
f 5376 5377 5378
f 5377 5379 5378
f 5378 5379 5380
f 5379 5381 5380
f 5380 5381 5382
f 5381 5383 5382
f 5382 5383 5384
f 5383 5385 5384
f 5384 5385 5386
f 5385 5387 5386
f 5386 5387 5388
f 5387 5389 5388
f 5388 5389 5390
f 5389 5391 5390
f 5390 5391 5392
f 5391 5393 5392
f 5392 5393 5394
f 5393 5395 5394
f 5394 5395 5396
f 5395 5397 5396
f 5396 5397 5398
f 5397 5399 5398
f 5398 5399 5400
f 5399 5401 5400
f 5400 5401 5402
f 5401 5403 5402
f 5402 5403 5404
f 5403 5405 5404
f 5404 5405 5406
f 5405 5407 5406
f 5406 5407 5408
f 5407 5265 5408
f 5408 5265 5266
f 5199 5200 5409
f 5409 5200 5410
f 5411 3700 5412
f 5412 3700 5413
f 5414 5416 5415
f 5415 5416 5417
f 5416 5418 5417
f 5419 3700 5420
f 5420 3700 5421
f 3700 5411 5421
f 5422 3700 5423
f 5423 3700 5424
f 5424 3700 5425
f 3700 5416 5425
f 5425 5416 5426
f 5418 5416 5427
f 5427 5416 5428
f 5416 5429 5428
f 5430 3700 5431
f 5431 3700 5432
f 3700 5419 5432
f 5426 5416 5433
f 5433 5416 5434
f 5416 5435 5434
f 5436 3700 5437
f 5437 3700 5438
f 3700 5422 5438
f 5439 5441 5440
f 5440 5441 5416
f 5441 5442 5416
f 5416 5442 5429
f 5430 5443 3700
f 3700 5443 3699
f 5443 5444 3699
f 5435 5416 5445
f 5445 5416 5446
f 5416 5447 5446
f 5448 3700 5449
f 5449 3700 5450
f 3700 5436 5450
f 5447 5416 5451
f 5451 5416 5452
f 5416 5453 5452
f 5454 3700 5455
f 5455 3700 5456
f 3700 5448 5456
f 5453 5416 5457
f 5457 5416 5458
f 5416 5459 5458
f 5460 3700 5461
f 5461 3700 5462
f 3700 5454 5462
f 5459 5416 5463
f 5463 5416 5464
f 5416 5465 5464
f 5465 5416 5466
f 5466 5416 5467
f 5416 5414 5467
f 5413 3700 5468
f 5468 3700 5469
f 3700 5460 5469
f 5424 5470 5423
f 5443 5472 5471
f 5443 5430 5472
f 5472 5430 5473
f 5430 5431 5473
f 5473 5431 5474
f 5431 5432 5474
f 5474 5432 5475
f 5432 5419 5475
f 5475 5419 5476
f 5419 5420 5476
f 5476 5420 5477
f 5420 5421 5477
f 5477 5421 5478
f 5421 5411 5478
f 5478 5411 5479
f 5411 5412 5479
f 5479 5412 5480
f 5412 5413 5480
f 5481 5461 5482
f 5461 5481 5460
f 5460 5481 5469
f 5481 5480 5469
f 5469 5480 5468
f 5480 5413 5468
f 5483 5456 5484
f 5456 5483 5455
f 5455 5483 5454
f 5483 5482 5454
f 5454 5482 5462
f 5482 5461 5462
f 5485 5436 5486
f 5436 5485 5450
f 5450 5485 5449
f 5485 5484 5449
f 5449 5484 5448
f 5484 5456 5448
f 5470 5487 5423
f 5423 5487 5422
f 5422 5487 5438
f 5487 5486 5438
f 5438 5486 5437
f 5486 5436 5437
f 5424 5425 5470
f 5470 5425 5488
f 5425 5426 5488
f 5488 5426 5489
f 5426 5433 5489
f 5433 5434 5489
f 5489 5434 5490
f 5434 5435 5490
f 5435 5445 5490
f 5490 5445 5491
f 5445 5446 5491
f 5446 5447 5491
f 5491 5447 5492
f 5447 5451 5492
f 5451 5452 5492
f 5492 5452 5493
f 5452 5453 5493
f 5453 5457 5493
f 5493 5457 5494
f 5457 5458 5494
f 5458 5459 5494
f 5494 5459 5495
f 5459 5463 5495
f 5463 5464 5495
f 5495 5464 5496
f 5464 5465 5496
f 5465 5466 5496
f 5496 5466 5497
f 5466 5467 5497
f 5497 5467 5498
f 5467 5414 5498
f 5498 5414 5499
f 5414 5415 5499
f 5499 5415 5500
f 5415 5417 5500
f 5500 5417 5501
f 5417 5418 5501
f 5501 5418 5502
f 5418 5427 5502
f 5502 5427 5503
f 5427 5428 5503
f 5503 5428 5504
f 5428 5429 5504
f 5504 5429 5505
f 5429 5442 5505
f 5505 5442 5506
f 5442 5441 5506
f 3735 5508 5507
f 3735 3736 5508
f 5508 3736 5509
f 3736 3737 5509
f 5509 3737 5510
f 3737 3739 5510
f 5510 3739 5511
f 3739 3741 5511
f 5511 3741 5512
f 3741 3743 5512
f 5512 3743 5513
f 3743 3745 5513
f 5513 3745 5514
f 3745 3747 5514
f 5514 3747 5515
f 3747 3749 5515
f 5515 3749 5516
f 3749 3751 5516
f 5516 3751 5517
f 3751 3753 5517
f 5517 3753 5518
f 3753 3755 5518
f 5518 3755 5519
f 3755 3757 5519
f 5519 3757 5520
f 3757 3759 5520
f 5520 3759 5521
f 3759 3761 5521
f 5521 3761 5522
f 3761 3763 5522
f 5522 3763 5523
f 3763 3765 5523
f 5523 3765 5524
f 3765 3767 5524
f 5524 3767 5525
f 3767 3769 5525
f 5525 3769 5526
f 3769 3771 5526
f 5526 3771 5527
f 3771 3773 5527
f 5527 3773 5528
f 3773 3775 5528
f 5528 3775 5529
f 3775 3777 5529
f 5529 3777 5530
f 3777 3779 5530
f 5530 3779 5531
f 3779 3781 5531
f 5531 3781 5532
f 3781 3783 5532
f 5532 3783 5533
f 3783 3785 5533
f 5533 3785 5534
f 3785 3787 5534
f 5534 3787 5535
f 3787 3789 5535
f 5535 3789 5444
f 3789 3699 5444
f 4487 5536 5232
f 4487 4488 5536
f 5536 4488 5537
f 4488 4489 5537
f 5537 4489 5538
f 4489 4491 5538
f 5538 4491 5539
f 4491 4493 5539
f 5539 4493 5540
f 4493 4495 5540
f 5540 4495 5541
f 4495 4497 5541
f 5541 4497 5542
f 4497 4499 5542
f 5542 4499 5543
f 4499 4501 5543
f 5543 4501 5544
f 4501 4503 5544
f 5544 4503 5545
f 4503 4505 5545
f 5545 4505 5546
f 4505 4507 5546
f 5546 4507 5547
f 4507 4509 5547
f 5547 4509 5548
f 4509 4511 5548
f 5548 4511 5549
f 4511 4513 5549
f 5549 4513 5550
f 4513 4515 5550
f 5550 4515 5551
f 4515 4517 5551
f 5551 4517 5552
f 4517 4519 5552
f 5552 4519 5553
f 4519 4521 5553
f 5553 4521 5554
f 4521 4523 5554
f 5554 4523 5555
f 4523 4525 5555
f 5555 4525 5556
f 4525 4527 5556
f 5556 4527 5557
f 4527 4529 5557
f 5557 4529 5558
f 4529 4531 5558
f 5558 4531 5559
f 4531 4533 5559
f 5559 4533 5560
f 4533 4535 5560
f 5560 4535 5561
f 4535 4537 5561
f 5561 4537 5562
f 4537 4539 5562
f 5562 4539 5563
f 4539 4541 5563
f 5563 4541 5564
f 4541 4441 5564
f 5565 5567 5566
f 5566 5567 5568
f 5567 5569 5568
f 5568 5569 5570
f 2536 2538 5571
f 5571 2538 5572
f 2538 2540 5572
f 5572 2540 5573
f 2540 2542 5573
f 5573 2542 5574
f 2542 2544 5574
f 5574 2544 5575
f 2544 2546 5575
f 5575 2546 5576
f 2546 2548 5576
f 5576 2548 5577
f 2548 2550 5577
f 5577 2550 5578
f 2550 2552 5578
f 5578 2552 5579
f 2552 2554 5579
f 5579 2554 5580
f 2554 2556 5580
f 5580 2556 5581
f 2556 2558 5581
f 5581 2558 5582
f 2558 2560 5582
f 5582 2560 5583
f 2560 2562 5583
f 5583 2562 5584
f 2562 2564 5584
f 5584 2564 5585
f 2564 2566 5585
f 5585 2566 5586
f 2566 2568 5586
f 5586 2568 5587
f 2568 2570 5587
f 5587 2570 5588
f 2570 2572 5588
f 5588 2572 5589
f 2572 2574 5589
f 5589 2574 5590
f 2574 2576 5590
f 5590 2576 5591
f 2576 2578 5591
f 5591 2578 5592
f 2578 2580 5592
f 5592 2580 5593
f 2580 2582 5593
f 5593 2582 5594
f 2582 2584 5594
f 5594 2584 5595
f 2584 2586 5595
f 5595 2586 5596
f 2586 2588 5596
f 5596 2588 5597
f 2588 2590 5597
f 5597 2590 5598
f 2590 2592 5598
f 5598 2592 5599
f 2592 2594 5599
f 5599 2594 5600
f 2594 2596 5600
f 5600 2596 5601
f 2596 2598 5601
f 5601 2598 5602
f 2598 2600 5602
f 5602 2600 5603
f 2600 2602 5603
f 5603 2602 5604
f 2602 2604 5604
f 5604 2604 5605
f 2604 2606 5605
f 5605 2606 5606
f 2606 2608 5606
f 5606 2608 5607
f 2608 2610 5607
f 5607 2610 5608
f 2610 2612 5608
f 5608 2612 5609
f 2612 2614 5609
f 5609 2614 5610
f 2614 2616 5610
f 5610 2616 5611
f 2616 2618 5611
f 5611 2618 5612
f 2618 2620 5612
f 5612 2620 5613
f 2620 2622 5613
f 5613 2622 5614
f 2622 2624 5614
f 5614 2624 5615
f 2624 2626 5615
f 5615 2626 5616
f 2626 2628 5616
f 5616 2628 5617
f 2628 2630 5617
f 5617 2630 5618
f 2630 2632 5618
f 5618 2632 5619
f 2632 2634 5619
f 5619 2634 5620
f 2634 2636 5620
f 5620 2636 5621
f 2636 2638 5621
f 5621 2638 5622
f 2638 2496 5622
f 5622 2496 5623
f 2496 2498 5623
f 5623 2498 5624
f 2498 2500 5624
f 5624 2500 5625
f 2500 2502 5625
f 5625 2502 5626
f 2502 2504 5626
f 5626 2504 5627
f 2504 2506 5627
f 5627 2506 5628
f 2506 2508 5628
f 5628 2508 5629
f 2508 2510 5629
f 5629 2510 5630
f 2510 2512 5630
f 5630 2512 5631
f 2512 2514 5631
f 5631 2514 5632
f 2514 2516 5632
f 5632 2516 5633
f 2516 2518 5633
f 5633 2518 5634
f 2518 2520 5634
f 5634 2520 5635
f 2520 2522 5635
f 5635 2522 5636
f 2522 2524 5636
f 5636 2524 5637
f 2524 2526 5637
f 5637 2526 5638
f 2526 2528 5638
f 5638 2528 5639
f 2528 2530 5639
f 5639 2530 5640
f 2530 2532 5640
f 5640 2532 5641
f 2532 2534 5641
f 5641 2534 5642
f 2534 2536 5642
f 5642 2536 5571
f 5643 3656 5644
f 5645 3654 5646
f 5646 3654 5647
f 3656 5649 5648
f 5650 5652 5651
f 5653 5233 5654
f 5187 5655 5188
f 5656 3656 5657
f 5657 3656 5658
f 3656 5659 5658
f 5644 3656 5660
f 5660 3656 5661
f 3656 5648 5661
f 5649 3656 5662
f 5662 3656 5663
f 3656 5650 5663
f 5663 5650 5664
f 5650 5651 5664
f 5652 5650 5665
f 5665 5650 5666
f 5650 5233 5666
f 5666 5233 5667
f 5667 5233 5668
f 5668 5233 5669
f 5233 5670 5669
f 5180 5671 5181
f 5181 5671 5182
f 5671 5672 5182
f 5659 3656 5673
f 5673 3656 5674
f 3656 5643 5674
f 5654 5233 5675
f 5675 5233 5676
f 5233 5232 5676
f 5176 5671 5177
f 5670 5233 5677
f 5677 5233 5678
f 5233 5679 5678
f 5679 5233 5680
f 5680 5233 5681
f 5233 5682 5681
f 3654 3656 5683
f 5683 3656 5684
f 5672 5647 5182
f 5182 5647 5183
f 5647 3654 5183
f 5183 3654 5184
f 3654 5185 5184
f 5655 5685 5188
f 5188 5685 5189
f 5685 5190 5189
f 5444 5153 5152
f 5164 5443 5165
f 5165 5443 5166
f 5471 5171 5170
f 5176 5175 5671
f 5177 5671 5178
f 5178 5671 5179
f 5671 5180 5179
f 5682 5233 5686
f 5686 5233 5687
f 5233 5653 5687
f 5688 5689 5564
f 5564 5689 5690
f 5689 5688 5691
f 5691 5688 5692
f 5688 5684 5692
f 5692 5684 5693
f 5684 3656 5693
f 5693 3656 5694
f 3656 5656 5694
f 5155 5443 5156
f 5171 5471 5172
f 5172 5471 5173
f 5471 5671 5173
f 5173 5671 5174
f 5671 5175 5174
f 5190 5685 5191
f 5191 5685 5192
f 5685 5507 5192
f 5444 5443 5153
f 5153 5443 5154
f 5443 5155 5154
f 5161 5160 5443
f 5443 5160 5159
f 5161 5443 5162
f 5162 5443 5163
f 5443 5164 5163
f 5166 5443 5167
f 5167 5443 5168
f 5443 5471 5168
f 5168 5471 5169
f 5471 5170 5169
f 5695 3654 5696
f 5696 3654 5697
f 3654 5683 5697
f 5156 5443 5157
f 5157 5443 5158
f 5443 5159 5158
f 5695 5698 3654
f 3654 5698 5185
f 5698 5655 5185
f 5185 5655 5186
f 5655 5187 5186
f 5676 5232 5699
f 5699 5232 5700
f 5232 5536 5700
f 5700 5536 5701
f 5536 5537 5701
f 5701 5537 5702
f 5537 5538 5702
f 5702 5538 5703
f 5538 5539 5703
f 5703 5539 5704
f 5539 5540 5704
f 5704 5540 5705
f 5540 5541 5705
f 5705 5541 5706
f 5541 5542 5706
f 5706 5542 5707
f 5542 5543 5707
f 5707 5543 5708
f 5543 5544 5708
f 5708 5544 5709
f 5544 5545 5709
f 5709 5545 5710
f 5545 5546 5710
f 5710 5546 5711
f 5546 5547 5711
f 5711 5547 5712
f 5547 5548 5712
f 5712 5548 5713
f 5548 5549 5713
f 5713 5549 5714
f 5549 5550 5714
f 5714 5550 5715
f 5550 5551 5715
f 5715 5551 5716
f 5551 5552 5716
f 5716 5552 5717
f 5552 5553 5717
f 5717 5553 5718
f 5553 5554 5718
f 5718 5554 5719
f 5554 5555 5719
f 5719 5555 5720
f 5555 5556 5720
f 5720 5556 5721
f 5556 5557 5721
f 5721 5557 5722
f 5557 5558 5722
f 5722 5558 5723
f 5558 5559 5723
f 5723 5559 5724
f 5559 5560 5724
f 5724 5560 5725
f 5560 5561 5725
f 5725 5561 5726
f 5561 5562 5726
f 5726 5562 5727
f 5562 5563 5727
f 5727 5563 5728
f 5563 5564 5728
f 5728 5564 5729
f 5564 5690 5729
f 5192 5507 5193
f 5193 5507 5194
f 5507 5508 5194
f 5194 5508 5195
f 5508 5509 5195
f 5195 5509 5196
f 5509 5510 5196
f 5196 5510 5197
f 5510 5511 5197
f 5197 5511 5198
f 5511 5512 5198
f 5198 5512 5127
f 5512 5513 5127
f 5127 5513 5128
f 5513 5514 5128
f 5128 5514 5129
f 5514 5515 5129
f 5129 5515 5130
f 5515 5516 5130
f 5130 5516 5131
f 5516 5517 5131
f 5131 5517 5132
f 5517 5518 5132
f 5132 5518 5133
f 5518 5519 5133
f 5133 5519 5134
f 5519 5520 5134
f 5134 5520 5135
f 5520 5521 5135
f 5135 5521 5136
f 5521 5522 5136
f 5136 5522 5137
f 5522 5523 5137
f 5137 5523 5138
f 5523 5524 5138
f 5138 5524 5139
f 5524 5525 5139
f 5139 5525 5140
f 5525 5526 5140
f 5140 5526 5141
f 5526 5527 5141
f 5141 5527 5142
f 5527 5528 5142
f 5142 5528 5143
f 5528 5529 5143
f 5143 5529 5144
f 5529 5530 5144
f 5144 5530 5145
f 5530 5531 5145
f 5145 5531 5146
f 5531 5532 5146
f 5146 5532 5147
f 5532 5533 5147
f 5147 5533 5148
f 5533 5534 5148
f 5148 5534 5149
f 5534 5535 5149
f 5149 5535 5150
f 5535 5444 5150
f 5150 5444 5151
f 5444 5152 5151
f 2871 2869 3486
f 3486 2869 3485
f 5730 5732 5731
f 5733 5735 5734
f 5734 5735 5736
f 5735 5732 5736
f 5736 5732 5737
f 5738 5732 5739
f 5739 5732 5740
f 5732 5741 5740
f 3325 3327 5742
f 5742 3327 3362
f 3325 5742 3330
f 3330 5742 3323
f 5742 5743 3323
f 5744 3322 5745
f 5745 3322 5746
f 5741 5732 5747
f 5747 5732 5748
f 5732 5749 5748
f 5750 5732 5751
f 5751 5732 5752
f 5732 5738 5752
f 5737 5732 5753
f 5753 5732 5754
f 5732 5730 5754
f 5754 5730 5755
f 5730 5756 5755
f 5746 3322 5757
f 5757 3322 5758
f 3322 3323 5758
f 5758 3323 5759
f 3323 5743 5759
f 5749 5732 5760
f 5760 5732 5761
f 5732 3322 5761
f 5761 3322 5762
f 3322 5744 5762
f 5763 5732 5764
f 5764 5732 5765
f 5732 5750 5765
f 5756 5730 5766
f 5766 5730 5767
f 5730 5768 5767
f 5731 5732 5769
f 5769 5732 5770
f 5732 5763 5770
f 5768 5730 5771
f 5771 5730 5772
f 5730 5773 5772
f 5773 5730 5774
f 5774 5730 5775
f 5730 5776 5775
f 5776 5730 5777
f 5777 5730 5778
f 5730 5779 5778
f 5779 5730 5780
f 5780 5730 5781
f 5730 5782 5781
f 5782 5730 5783
f 5783 5730 5784
f 5730 5785 5784
f 5785 5730 5786
f 5786 5730 5787
f 5730 5788 5787
f 5789 5790 3651
f 3651 5790 3483
f 5201 5791 5202
f 5202 5791 5792
f 2643 5793 2642
f 2642 5793 5791
f 5793 5794 5791
f 5791 5794 5795
f 5792 5791 5796
f 5796 5791 5797
f 5791 5795 5797
f 5798 5800 5799
f 3654 5645 3653
f 3653 5645 5798
f 5645 5801 5798
f 5798 5801 5800
f 5802 5804 5803
f 5803 5806 5805
f 5805 5808 5807
f 5807 5810 5809
f 5809 5812 5811
f 5811 5814 5813
f 5813 5816 5815
f 5815 5818 5817
f 5817 5820 5819
f 5819 5822 5821
f 5821 5824 5823
f 5823 5826 5825
f 5825 5828 5827
f 5827 5830 5829
f 5829 5832 5831
f 5831 5834 5833
f 5833 5836 5835
f 5835 5837 5440
f 5835 5836 5837
f 5837 5836 5838
f 5836 5839 5838
f 5838 5839 5840
f 5839 5841 5840
f 5840 5841 5842
f 5841 5843 5842
f 5842 5843 5844
f 5843 5845 5844
f 5844 5845 5846
f 5845 5847 5846
f 5846 5847 5848
f 5847 5849 5848
f 5848 5849 5850
f 5849 5851 5850
f 5850 5851 5852
f 5851 5853 5852
f 5852 5853 5854
f 5853 5855 5854
f 5854 5855 5856
f 5855 5857 5856
f 5856 5857 5858
f 5857 5859 5858
f 5858 5859 5860
f 5859 5861 5860
f 5860 5861 5862
f 5861 5863 5862
f 5862 5863 5864
f 5863 5865 5864
f 5864 5865 5866
f 5865 5867 5866
f 5866 5867 5868
f 5867 5869 5868
f 5868 5869 5870
f 5869 5871 5870
f 5870 5871 5872
f 5871 5873 5872
f 5872 5873 5874
f 5873 5875 5874
f 5874 5875 5876
f 5875 5877 5876
f 5876 5877 5878
f 5877 5879 5878
f 5878 5879 5880
f 5879 5881 5880
f 5880 5881 5882
f 5881 5883 5882
f 5882 5883 5884
f 5883 5885 5884
f 5884 5885 5886
f 5885 5887 5886
f 5886 5887 5888
f 5887 5889 5888
f 5888 5889 5890
f 5889 5891 5890
f 5890 5891 5892
f 5891 5893 5892
f 5833 5834 5836
f 5836 5834 5839
f 5834 5894 5839
f 5839 5894 5841
f 5894 5895 5841
f 5841 5895 5843
f 5895 5896 5843
f 5843 5896 5845
f 5896 5897 5845
f 5845 5897 5847
f 5897 5898 5847
f 5847 5898 5849
f 5898 5899 5849
f 5849 5899 5851
f 5899 5900 5851
f 5851 5900 5853
f 5900 5901 5853
f 5853 5901 5855
f 5901 5902 5855
f 5855 5902 5857
f 5902 5903 5857
f 5857 5903 5859
f 5903 5904 5859
f 5859 5904 5861
f 5904 5905 5861
f 5861 5905 5863
f 5905 5906 5863
f 5863 5906 5865
f 5906 5907 5865
f 5865 5907 5867
f 5907 5908 5867
f 5867 5908 5869
f 5908 5909 5869
f 5869 5909 5871
f 5909 5910 5871
f 5871 5910 5873
f 5910 5911 5873
f 5873 5911 5875
f 5911 5912 5875
f 5875 5912 5877
f 5912 5913 5877
f 5877 5913 5879
f 5913 5914 5879
f 5879 5914 5881
f 5914 5915 5881
f 5881 5915 5883
f 5915 5916 5883
f 5883 5916 5885
f 5916 5917 5885
f 5885 5917 5887
f 5917 5918 5887
f 5887 5918 5889
f 5918 5919 5889
f 5889 5919 5891
f 5919 5920 5891
f 5891 5920 5893
f 5920 5921 5893
f 5831 5832 5834
f 5834 5832 5894
f 5832 5922 5894
f 5894 5922 5895
f 5922 5923 5895
f 5895 5923 5896
f 5923 5924 5896
f 5896 5924 5897
f 5924 5925 5897
f 5897 5925 5898
f 5925 5926 5898
f 5898 5926 5899
f 5926 5927 5899
f 5899 5927 5900
f 5927 5928 5900
f 5900 5928 5901
f 5928 5929 5901
f 5901 5929 5902
f 5929 5930 5902
f 5902 5930 5903
f 5930 5931 5903
f 5903 5931 5904
f 5931 5932 5904
f 5904 5932 5905
f 5932 5933 5905
f 5905 5933 5906
f 5933 5934 5906
f 5906 5934 5907
f 5934 5935 5907
f 5907 5935 5908
f 5935 5936 5908
f 5908 5936 5909
f 5936 5937 5909
f 5909 5937 5910
f 5937 5938 5910
f 5910 5938 5911
f 5938 5939 5911
f 5911 5939 5912
f 5939 5940 5912
f 5912 5940 5913
f 5940 5941 5913
f 5913 5941 5914
f 5941 5942 5914
f 5914 5942 5915
f 5942 5943 5915
f 5915 5943 5916
f 5943 5944 5916
f 5916 5944 5917
f 5944 5945 5917
f 5917 5945 5918
f 5945 5946 5918
f 5918 5946 5919
f 5946 5947 5919
f 5919 5947 5920
f 5947 5948 5920
f 5920 5948 5921
f 5948 5949 5921
f 5829 5830 5832
f 5832 5830 5922
f 5830 5950 5922
f 5922 5950 5923
f 5950 5951 5923
f 5923 5951 5924
f 5951 5952 5924
f 5924 5952 5925
f 5952 5953 5925
f 5925 5953 5926
f 5953 5954 5926
f 5926 5954 5927
f 5954 5955 5927
f 5927 5955 5928
f 5955 5956 5928
f 5928 5956 5929
f 5956 5957 5929
f 5929 5957 5930
f 5957 5958 5930
f 5930 5958 5931
f 5958 5959 5931
f 5931 5959 5932
f 5959 5960 5932
f 5932 5960 5933
f 5960 5961 5933
f 5933 5961 5934
f 5961 5962 5934
f 5934 5962 5935
f 5962 5963 5935
f 5935 5963 5936
f 5963 5964 5936
f 5936 5964 5937
f 5964 5965 5937
f 5937 5965 5938
f 5965 5966 5938
f 5938 5966 5939
f 5966 5967 5939
f 5939 5967 5940
f 5967 5968 5940
f 5940 5968 5941
f 5968 5969 5941
f 5941 5969 5942
f 5969 5970 5942
f 5942 5970 5943
f 5970 5971 5943
f 5943 5971 5944
f 5971 5972 5944
f 5944 5972 5945
f 5972 5973 5945
f 5945 5973 5946
f 5973 5974 5946
f 5946 5974 5947
f 5974 5975 5947
f 5947 5975 5948
f 5975 5976 5948
f 5948 5976 5949
f 5976 5977 5949
f 5827 5828 5830
f 5830 5828 5950
f 5828 5978 5950
f 5950 5978 5951
f 5978 5979 5951
f 5951 5979 5952
f 5979 5980 5952
f 5952 5980 5953
f 5980 5981 5953
f 5953 5981 5954
f 5981 5982 5954
f 5954 5982 5955
f 5982 5983 5955
f 5955 5983 5956
f 5983 5984 5956
f 5956 5984 5957
f 5984 5985 5957
f 5957 5985 5958
f 5985 5986 5958
f 5958 5986 5959
f 5986 5987 5959
f 5959 5987 5960
f 5987 5988 5960
f 5960 5988 5961
f 5988 5989 5961
f 5961 5989 5962
f 5989 5990 5962
f 5962 5990 5963
f 5990 5991 5963
f 5963 5991 5964
f 5991 5992 5964
f 5964 5992 5965
f 5992 5993 5965
f 5965 5993 5966
f 5993 5994 5966
f 5966 5994 5967
f 5994 5995 5967
f 5967 5995 5968
f 5995 5996 5968
f 5968 5996 5969
f 5996 5997 5969
f 5969 5997 5970
f 5997 5998 5970
f 5970 5998 5971
f 5998 5999 5971
f 5971 5999 5972
f 5999 6000 5972
f 5972 6000 5973
f 6000 6001 5973
f 5973 6001 5974
f 6001 6002 5974
f 5974 6002 5975
f 6002 6003 5975
f 5975 6003 5976
f 6003 6004 5976
f 5976 6004 5977
f 6004 6005 5977
f 5825 5826 5828
f 5828 5826 5978
f 5826 6006 5978
f 5978 6006 5979
f 6006 6007 5979
f 5979 6007 5980
f 6007 6008 5980
f 5980 6008 5981
f 6008 6009 5981
f 5981 6009 5982
f 6009 6010 5982
f 5982 6010 5983
f 6010 6011 5983
f 5983 6011 5984
f 6011 6012 5984
f 5984 6012 5985
f 6012 6013 5985
f 5985 6013 5986
f 6013 6014 5986
f 5986 6014 5987
f 6014 6015 5987
f 5987 6015 5988
f 6015 6016 5988
f 5988 6016 5989
f 6016 6017 5989
f 5989 6017 5990
f 6017 6018 5990
f 5990 6018 5991
f 6018 6019 5991
f 5991 6019 5992
f 6019 6020 5992
f 5992 6020 5993
f 6020 6021 5993
f 5993 6021 5994
f 6021 6022 5994
f 5994 6022 5995
f 6022 6023 5995
f 5995 6023 5996
f 6023 6024 5996
f 5996 6024 5997
f 6024 6025 5997
f 5997 6025 5998
f 6025 6026 5998
f 5998 6026 5999
f 6026 6027 5999
f 5999 6027 6000
f 6027 6028 6000
f 6000 6028 6001
f 6028 6029 6001
f 6001 6029 6002
f 6029 6030 6002
f 6002 6030 6003
f 6030 6031 6003
f 6003 6031 6004
f 6031 6032 6004
f 6004 6032 6005
f 6032 6033 6005
f 5823 5824 5826
f 5826 5824 6006
f 5824 6034 6006
f 6006 6034 6007
f 6034 6035 6007
f 6007 6035 6008
f 6035 6036 6008
f 6008 6036 6009
f 6036 6037 6009
f 6009 6037 6010
f 6037 6038 6010
f 6010 6038 6011
f 6038 6039 6011
f 6011 6039 6012
f 6039 6040 6012
f 6012 6040 6013
f 6040 6041 6013
f 6013 6041 6014
f 6041 6042 6014
f 6014 6042 6015
f 6042 6043 6015
f 6015 6043 6016
f 6043 6044 6016
f 6016 6044 6017
f 6044 6045 6017
f 6017 6045 6018
f 6045 6046 6018
f 6018 6046 6019
f 6046 6047 6019
f 6019 6047 6020
f 6047 6048 6020
f 6020 6048 6021
f 6048 6049 6021
f 6021 6049 6022
f 6049 6050 6022
f 6022 6050 6023
f 6050 6051 6023
f 6023 6051 6024
f 6051 6052 6024
f 6024 6052 6025
f 6052 6053 6025
f 6025 6053 6026
f 6053 6054 6026
f 6026 6054 6027
f 6054 6055 6027
f 6027 6055 6028
f 6055 6056 6028
f 6028 6056 6029
f 6056 6057 6029
f 6029 6057 6030
f 6057 6058 6030
f 6030 6058 6031
f 6058 6059 6031
f 6031 6059 6032
f 6059 6060 6032
f 6032 6060 6033
f 6060 6061 6033
f 5821 5822 5824
f 5824 5822 6034
f 5822 6062 6034
f 6034 6062 6035
f 6062 6063 6035
f 6035 6063 6036
f 6063 6064 6036
f 6036 6064 6037
f 6064 6065 6037
f 6037 6065 6038
f 6065 6066 6038
f 6038 6066 6039
f 6066 6067 6039
f 6039 6067 6040
f 6067 6068 6040
f 6040 6068 6041
f 6068 6069 6041
f 6041 6069 6042
f 6069 6070 6042
f 6042 6070 6043
f 6070 6071 6043
f 6043 6071 6044
f 6071 6072 6044
f 6044 6072 6045
f 6072 6073 6045
f 6045 6073 6046
f 6073 6074 6046
f 6046 6074 6047
f 6074 6075 6047
f 6047 6075 6048
f 6075 6076 6048
f 6048 6076 6049
f 6076 6077 6049
f 6049 6077 6050
f 6077 6078 6050
f 6050 6078 6051
f 6078 6079 6051
f 6051 6079 6052
f 6079 6080 6052
f 6052 6080 6053
f 6080 6081 6053
f 6053 6081 6054
f 6081 6082 6054
f 6054 6082 6055
f 6082 6083 6055
f 6055 6083 6056
f 6083 6084 6056
f 6056 6084 6057
f 6084 6085 6057
f 6057 6085 6058
f 6085 6086 6058
f 6058 6086 6059
f 6086 6087 6059
f 6059 6087 6060
f 6087 6088 6060
f 6060 6088 6061
f 6088 6089 6061
f 5819 5820 5822
f 5822 5820 6062
f 5820 6090 6062
f 6062 6090 6063
f 6090 6091 6063
f 6063 6091 6064
f 6091 6092 6064
f 6064 6092 6065
f 6092 6093 6065
f 6065 6093 6066
f 6093 6094 6066
f 6066 6094 6067
f 6094 6095 6067
f 6067 6095 6068
f 6095 6096 6068
f 6068 6096 6069
f 6096 6097 6069
f 6069 6097 6070
f 6097 6098 6070
f 6070 6098 6071
f 6098 6099 6071
f 6071 6099 6072
f 6099 6100 6072
f 6072 6100 6073
f 6100 6101 6073
f 6073 6101 6074
f 6101 6102 6074
f 6074 6102 6075
f 6102 6103 6075
f 6075 6103 6076
f 6103 6104 6076
f 6076 6104 6077
f 6104 6105 6077
f 6077 6105 6078
f 6105 6106 6078
f 6078 6106 6079
f 6106 6107 6079
f 6079 6107 6080
f 6107 6108 6080
f 6080 6108 6081
f 6108 6109 6081
f 6081 6109 6082
f 6109 6110 6082
f 6082 6110 6083
f 6110 6111 6083
f 6083 6111 6084
f 6111 6112 6084
f 6084 6112 6085
f 6112 6113 6085
f 6085 6113 6086
f 6113 6114 6086
f 6086 6114 6087
f 6114 6115 6087
f 6087 6115 6088
f 6115 6116 6088
f 6088 6116 6089
f 6116 6117 6089
f 5817 5818 5820
f 5820 5818 6090
f 5818 6118 6090
f 6090 6118 6091
f 6118 6119 6091
f 6091 6119 6092
f 6119 6120 6092
f 6092 6120 6093
f 6120 6121 6093
f 6093 6121 6094
f 6121 6122 6094
f 6094 6122 6095
f 6122 6123 6095
f 6095 6123 6096
f 6123 6124 6096
f 6096 6124 6097
f 6124 6125 6097
f 6097 6125 6098
f 6125 6126 6098
f 6098 6126 6099
f 6126 6127 6099
f 6099 6127 6100
f 6127 6128 6100
f 6100 6128 6101
f 6128 6129 6101
f 6101 6129 6102
f 6129 6130 6102
f 6102 6130 6103
f 6130 6131 6103
f 6103 6131 6104
f 6131 6132 6104
f 6104 6132 6105
f 6132 6133 6105
f 6105 6133 6106
f 6133 6134 6106
f 6106 6134 6107
f 6134 6135 6107
f 6107 6135 6108
f 6135 6136 6108
f 6108 6136 6109
f 6136 6137 6109
f 6109 6137 6110
f 6137 6138 6110
f 6110 6138 6111
f 6138 6139 6111
f 6111 6139 6112
f 6139 6140 6112
f 6112 6140 6113
f 6140 6141 6113
f 6113 6141 6114
f 6141 6142 6114
f 6114 6142 6115
f 6142 6143 6115
f 6115 6143 6116
f 6143 6144 6116
f 6116 6144 6117
f 6144 6145 6117
f 5815 5816 5818
f 5818 5816 6118
f 5816 6146 6118
f 6118 6146 6119
f 6146 6147 6119
f 6119 6147 6120
f 6147 6148 6120
f 6120 6148 6121
f 6148 6149 6121
f 6121 6149 6122
f 6149 6150 6122
f 6122 6150 6123
f 6150 6151 6123
f 6123 6151 6124
f 6151 6152 6124
f 6124 6152 6125
f 6152 6153 6125
f 6125 6153 6126
f 6153 6154 6126
f 6126 6154 6127
f 6154 6155 6127
f 6127 6155 6128
f 6155 6156 6128
f 6128 6156 6129
f 6156 6157 6129
f 6129 6157 6130
f 6157 6158 6130
f 6130 6158 6131
f 6158 6159 6131
f 6131 6159 6132
f 6159 6160 6132
f 6132 6160 6133
f 6160 6161 6133
f 6133 6161 6134
f 6161 6162 6134
f 6134 6162 6135
f 6162 6163 6135
f 6135 6163 6136
f 6163 6164 6136
f 6136 6164 6137
f 6164 6165 6137
f 6137 6165 6138
f 6165 6166 6138
f 6138 6166 6139
f 6166 6167 6139
f 6139 6167 6140
f 6167 6168 6140
f 6140 6168 6141
f 6168 6169 6141
f 6141 6169 6142
f 6169 6170 6142
f 6142 6170 6143
f 6170 6171 6143
f 6143 6171 6144
f 6171 6172 6144
f 6144 6172 6145
f 6172 6173 6145
f 5813 5814 5816
f 5816 5814 6146
f 5814 6174 6146
f 6146 6174 6147
f 6174 6175 6147
f 6147 6175 6148
f 6175 6176 6148
f 6148 6176 6149
f 6176 6177 6149
f 6149 6177 6150
f 6177 6178 6150
f 6150 6178 6151
f 6178 6179 6151
f 6151 6179 6152
f 6179 6180 6152
f 6152 6180 6153
f 6180 6181 6153
f 6153 6181 6154
f 6181 6182 6154
f 6154 6182 6155
f 6182 6183 6155
f 6155 6183 6156
f 6183 6184 6156
f 6156 6184 6157
f 6184 6185 6157
f 6157 6185 6158
f 6185 6186 6158
f 6158 6186 6159
f 6186 6187 6159
f 6159 6187 6160
f 6187 6188 6160
f 6160 6188 6161
f 6188 6189 6161
f 6161 6189 6162
f 6189 6190 6162
f 6162 6190 6163
f 6190 6191 6163
f 6163 6191 6164
f 6191 6192 6164
f 6164 6192 6165
f 6192 6193 6165
f 6165 6193 6166
f 6193 6194 6166
f 6166 6194 6167
f 6194 6195 6167
f 6167 6195 6168
f 6195 6196 6168
f 6168 6196 6169
f 6196 6197 6169
f 6169 6197 6170
f 6197 6198 6170
f 6170 6198 6171
f 6198 6199 6171
f 6171 6199 6172
f 6199 6200 6172
f 6172 6200 6173
f 6200 6201 6173
f 5811 5812 5814
f 5814 5812 6174
f 5812 6202 6174
f 6174 6202 6175
f 6202 6203 6175
f 6175 6203 6176
f 6203 6204 6176
f 6176 6204 6177
f 6204 6205 6177
f 6177 6205 6178
f 6205 6206 6178
f 6178 6206 6179
f 6206 6207 6179
f 6179 6207 6180
f 6207 6208 6180
f 6180 6208 6181
f 6208 6209 6181
f 6181 6209 6182
f 6209 6210 6182
f 6182 6210 6183
f 6210 6211 6183
f 6183 6211 6184
f 6211 6212 6184
f 6184 6212 6185
f 6212 6213 6185
f 6185 6213 6186
f 6213 6214 6186
f 6186 6214 6187
f 6214 6215 6187
f 6187 6215 6188
f 6215 6216 6188
f 6188 6216 6189
f 6216 6217 6189
f 6189 6217 6190
f 6217 6218 6190
f 6190 6218 6191
f 6218 6219 6191
f 6191 6219 6192
f 6219 6220 6192
f 6192 6220 6193
f 6220 6221 6193
f 6193 6221 6194
f 6221 6222 6194
f 6194 6222 6195
f 6222 6223 6195
f 6195 6223 6196
f 6223 6224 6196
f 6196 6224 6197
f 6224 6225 6197
f 6197 6225 6198
f 6225 6226 6198
f 6198 6226 6199
f 6226 6227 6199
f 6199 6227 6200
f 6227 6228 6200
f 6200 6228 6201
f 6228 6229 6201
f 5809 5810 5812
f 5812 5810 6202
f 5810 6230 6202
f 6202 6230 6203
f 6230 6231 6203
f 6203 6231 6204
f 6231 6232 6204
f 6204 6232 6205
f 6232 6233 6205
f 6205 6233 6206
f 6233 6234 6206
f 6206 6234 6207
f 6234 6235 6207
f 6207 6235 6208
f 6235 6236 6208
f 6208 6236 6209
f 6236 6237 6209
f 6209 6237 6210
f 6237 6238 6210
f 6210 6238 6211
f 6238 6239 6211
f 6211 6239 6212
f 6239 6240 6212
f 6212 6240 6213
f 6240 6241 6213
f 6213 6241 6214
f 6241 6242 6214
f 6214 6242 6215
f 6242 6243 6215
f 6215 6243 6216
f 6243 6244 6216
f 6216 6244 6217
f 6244 6245 6217
f 6217 6245 6218
f 6245 6246 6218
f 6218 6246 6219
f 6246 6247 6219
f 6219 6247 6220
f 6247 6248 6220
f 6220 6248 6221
f 6248 6249 6221
f 6221 6249 6222
f 6249 6250 6222
f 6222 6250 6223
f 6250 6251 6223
f 6223 6251 6224
f 6251 6252 6224
f 6224 6252 6225
f 6252 6253 6225
f 6225 6253 6226
f 6253 6254 6226
f 6226 6254 6227
f 6254 6255 6227
f 6227 6255 6228
f 6255 6256 6228
f 6228 6256 6229
f 6256 6257 6229
f 5807 5808 5810
f 5810 5808 6230
f 5808 6258 6230
f 6230 6258 6231
f 6258 6259 6231
f 6231 6259 6232
f 6259 6260 6232
f 6232 6260 6233
f 6260 6261 6233
f 6233 6261 6234
f 6261 6262 6234
f 6234 6262 6235
f 6262 6263 6235
f 6235 6263 6236
f 6263 6264 6236
f 6236 6264 6237
f 6264 6265 6237
f 6237 6265 6238
f 6265 6266 6238
f 6238 6266 6239
f 6266 6267 6239
f 6239 6267 6240
f 6267 6268 6240
f 6240 6268 6241
f 6268 6269 6241
f 6241 6269 6242
f 6269 6270 6242
f 6242 6270 6243
f 6270 6271 6243
f 6243 6271 6244
f 6271 6272 6244
f 6244 6272 6245
f 6272 6273 6245
f 6245 6273 6246
f 6273 6274 6246
f 6246 6274 6247
f 6274 6275 6247
f 6247 6275 6248
f 6275 6276 6248
f 6248 6276 6249
f 6276 6277 6249
f 6249 6277 6250
f 6277 6278 6250
f 6250 6278 6251
f 6278 6279 6251
f 6251 6279 6252
f 6279 6280 6252
f 6252 6280 6253
f 6280 6281 6253
f 6253 6281 6254
f 6281 6282 6254
f 6254 6282 6255
f 6282 6283 6255
f 6255 6283 6256
f 6283 6284 6256
f 6256 6284 6257
f 6284 6285 6257
f 5805 5806 5808
f 5808 5806 6258
f 5806 6286 6258
f 6258 6286 6259
f 6286 6287 6259
f 6259 6287 6260
f 6287 6288 6260
f 6260 6288 6261
f 6288 6289 6261
f 6261 6289 6262
f 6289 6290 6262
f 6262 6290 6263
f 6290 6291 6263
f 6263 6291 6264
f 6291 6292 6264
f 6264 6292 6265
f 6292 6293 6265
f 6265 6293 6266
f 6293 6294 6266
f 6266 6294 6267
f 6294 6295 6267
f 6267 6295 6268
f 6295 6296 6268
f 6268 6296 6269
f 6296 6297 6269
f 6269 6297 6270
f 6297 6298 6270
f 6270 6298 6271
f 6298 6299 6271
f 6271 6299 6272
f 6299 6300 6272
f 6272 6300 6273
f 6300 6301 6273
f 6273 6301 6274
f 6301 6302 6274
f 6274 6302 6275
f 6302 6303 6275
f 6275 6303 6276
f 6303 6304 6276
f 6276 6304 6277
f 6304 6305 6277
f 6277 6305 6278
f 6305 6306 6278
f 6278 6306 6279
f 6306 6307 6279
f 6279 6307 6280
f 6307 6308 6280
f 6280 6308 6281
f 6308 6309 6281
f 6281 6309 6282
f 6309 6310 6282
f 6282 6310 6283
f 6310 6311 6283
f 6283 6311 6284
f 6311 6312 6284
f 6284 6312 6285
f 6312 6313 6285
f 5803 5804 5806
f 5806 5804 6286
f 5804 6314 6286
f 6286 6314 6287
f 6314 6315 6287
f 6287 6315 6288
f 6315 6316 6288
f 6288 6316 6289
f 6316 6317 6289
f 6289 6317 6290
f 6317 6318 6290
f 6290 6318 6291
f 6318 6319 6291
f 6291 6319 6292
f 6319 6320 6292
f 6292 6320 6293
f 6320 6321 6293
f 6293 6321 6294
f 6321 6322 6294
f 6294 6322 6295
f 6322 6323 6295
f 6295 6323 6296
f 6323 6324 6296
f 6296 6324 6297
f 6324 6325 6297
f 6297 6325 6298
f 6325 6326 6298
f 6298 6326 6299
f 6326 6327 6299
f 6299 6327 6300
f 6327 6328 6300
f 6300 6328 6301
f 6328 6329 6301
f 6301 6329 6302
f 6329 6330 6302
f 6302 6330 6303
f 6330 6331 6303
f 6303 6331 6304
f 6331 6332 6304
f 6304 6332 6305
f 6332 6333 6305
f 6305 6333 6306
f 6333 6334 6306
f 6306 6334 6307
f 6334 6335 6307
f 6307 6335 6308
f 6335 6336 6308
f 6308 6336 6309
f 6336 6337 6309
f 6309 6337 6310
f 6337 6338 6310
f 6310 6338 6311
f 6338 6339 6311
f 6311 6339 6312
f 6339 6340 6312
f 6312 6340 6313
f 6340 6341 6313
f 5802 6342 5804
f 5804 6342 6314
f 6342 6343 6314
f 6314 6343 6315
f 6343 6344 6315
f 6315 6344 6316
f 6344 6345 6316
f 6316 6345 6317
f 6345 6346 6317
f 6317 6346 6318
f 6346 6347 6318
f 6318 6347 6319
f 6347 6348 6319
f 6319 6348 6320
f 6348 6349 6320
f 6320 6349 6321
f 6349 6350 6321
f 6321 6350 6322
f 6350 6351 6322
f 6322 6351 6323
f 6351 6352 6323
f 6323 6352 6324
f 6352 6353 6324
f 6324 6353 6325
f 6353 6354 6325
f 6325 6354 6326
f 6354 6355 6326
f 6326 6355 6327
f 6355 6356 6327
f 6327 6356 6328
f 6356 6357 6328
f 6328 6357 6329
f 6357 6358 6329
f 6329 6358 6330
f 6358 6359 6330
f 6330 6359 6331
f 6359 6360 6331
f 6331 6360 6332
f 6360 6361 6332
f 6332 6361 6333
f 6361 6362 6333
f 6333 6362 6334
f 6362 6363 6334
f 6334 6363 6335
f 6363 6364 6335
f 6335 6364 6336
f 6364 6365 6336
f 6336 6365 6337
f 6365 6366 6337
f 6337 6366 6338
f 6366 6367 6338
f 6338 6367 6339
f 6367 6368 6339
f 6339 6368 6340
f 6368 6369 6340
f 6340 6369 6341
f 6369 6370 6341
f 1246 1175 3265
f 3265 1175 3264
f 1175 1176 3264
f 3264 1176 3263
f 1176 1177 3263
f 3263 1177 3262
f 1177 1178 3262
f 3262 1178 3261
f 1178 1179 3261
f 3261 1179 3260
f 1179 1180 3260
f 3260 1180 3259
f 1180 1181 3259
f 3259 1181 3258
f 1181 1182 3258
f 3258 1182 3257
f 1182 1183 3257
f 3257 1183 3256
f 1183 1184 3256
f 3256 1184 3255
f 1184 1185 3255
f 3255 1185 3254
f 1185 1186 3254
f 3254 1186 3253
f 1186 1187 3253
f 3253 1187 3252
f 1187 1188 3252
f 3252 1188 3251
f 1188 1189 3251
f 3251 1189 3250
f 1189 1190 3250
f 3250 1190 3249
f 1190 1191 3249
f 3249 1191 3248
f 1191 1192 3248
f 3248 1192 3247
f 1192 1193 3247
f 3247 1193 3246
f 1193 1194 3246
f 3246 1194 3245
f 1194 1195 3245
f 3245 1195 3244
f 1195 1196 3244
f 3244 1196 3243
f 1196 1197 3243
f 3243 1197 3242
f 1197 1198 3242
f 3242 1198 3313
f 1198 1199 3313
f 3313 1199 3312
f 1199 1200 3312
f 3312 1200 3311
f 1200 1201 3311
f 3311 1201 3310
f 1201 1202 3310
f 3310 1202 3309
f 1202 1203 3309
f 3309 1203 3308
f 1203 1204 3308
f 3308 1204 3307
f 1204 1205 3307
f 3307 1205 3306
f 1205 1206 3306
f 3306 1206 3305
f 1206 1207 3305
f 3305 1207 3304
f 1207 1208 3304
f 3304 1208 3303
f 1208 1209 3303
f 3303 1209 3302
f 1209 1210 3302
f 3302 1210 3301
f 1210 1211 3301
f 3301 1211 3300
f 1211 1212 3300
f 3300 1212 3299
f 1212 1213 3299
f 3299 1213 3298
f 1213 1214 3298
f 3298 1214 3297
f 1214 1215 3297
f 3297 1215 3296
f 1215 1216 3296
f 3296 1216 3295
f 1216 1217 3295
f 3295 1217 3294
f 1217 1218 3294
f 3294 1218 3293
f 1218 1219 3293
f 3293 1219 3292
f 1219 1220 3292
f 3292 1220 3291
f 1220 1221 3291
f 3291 1221 3290
f 1221 1222 3290
f 3290 1222 3289
f 1222 1223 3289
f 3289 1223 3288
f 1223 1224 3288
f 3288 1224 3287
f 1224 1225 3287
f 3287 1225 3286
f 1225 1226 3286
f 3286 1226 3285
f 1226 1227 3285
f 3285 1227 3284
f 1227 1228 3284
f 3284 1228 3283
f 1228 1229 3283
f 3283 1229 3282
f 1229 1230 3282
f 3282 1230 3281
f 1230 1231 3281
f 3281 1231 3280
f 1231 1232 3280
f 3280 1232 3279
f 1232 1233 3279
f 3279 1233 3278
f 1233 1234 3278
f 3278 1234 3277
f 1234 1235 3277
f 3277 1235 3276
f 1235 1236 3276
f 3276 1236 3275
f 1236 1237 3275
f 3275 1237 3274
f 1237 1238 3274
f 3274 1238 3273
f 1238 1239 3273
f 3273 1239 3272
f 1239 1240 3272
f 3272 1240 3271
f 1240 1241 3271
f 3271 1241 3270
f 1241 1242 3270
f 3270 1242 3269
f 1242 1243 3269
f 3269 1243 3268
f 1243 1244 3268
f 3268 1244 3267
f 1244 1245 3267
f 3267 1245 3266
f 1245 1246 3266
f 3266 1246 3265
f 3478 3480 6371
f 6371 3480 6372
f 4223 3021 3314
f 3482 6373 3492
f 6374 3487 6375
f 6375 3487 6376
f 6376 3487 6377
f 3487 6378 6377
f 6379 6381 6380
f 6380 6381 6382
f 3487 2871 3486
f 6383 4224 6384
f 6384 4224 4225
f 6383 6385 4224
f 4224 6385 4223
f 6385 6386 4223
f 4444 6388 6387
f 6389 6390 3484
f 3484 6390 3482
f 6384 4225 6391
f 6391 4225 6392
f 4225 4226 6392
f 6379 6380 6393
f 6393 6380 6394
f 6380 6395 6394
f 5126 6396 2711
f 2711 6396 2706
f 6396 2708 2706
f 6397 3492 6398
f 6398 3492 6399
f 3492 6373 6399
f 4223 6386 3021
f 3021 6386 3022
f 6386 6395 3022
f 3022 6395 3241
f 6395 6380 3241
f 6374 6400 3487
f 3487 6400 2871
f 6400 6401 2871
f 2871 6401 2872
f 6401 2873 2872
f 4449 6402 4442
f 6387 6403 4444
f 4444 6403 3480
f 6403 6396 3480
f 3480 6396 6372
f 6396 5126 6372
f 3377 2664 5263
f 2731 5126 2729
f 6402 4449 6404
f 6404 4449 6405
f 4449 4452 6405
f 6405 4452 6401
f 4452 3489 6401
f 6401 3489 2873
f 6388 4444 6406
f 6406 4444 6407
f 4444 6408 6407
f 2700 5263 2695
f 2673 5263 2670
f 2670 5263 2667
f 5263 2664 2667
f 3475 5126 2755
f 2755 5126 2752
f 5126 2749 2752
f 2731 2733 5126
f 6392 4226 6409
f 6409 4226 6410
f 4226 3492 6410
f 6410 3492 6411
f 3492 6397 6411
f 6373 3482 6412
f 6412 3482 6396
f 3482 6390 6396
f 6396 6390 2708
f 6390 5263 2708
f 2708 5263 2701
f 5263 2700 2701
f 2695 5263 2694
f 2694 5263 2691
f 5263 2689 2691
f 2678 5263 2680
f 2680 5263 2682
f 5263 2673 2682
f 2749 5126 2746
f 2746 5126 2743
f 5126 2740 2743
f 2729 5126 2727
f 2727 5126 2726
f 5126 2720 2726
f 6408 4444 6413
f 6413 4444 6414
f 4444 4442 6414
f 6414 4442 6415
f 4442 6402 6415
f 2689 5263 2688
f 2688 5263 2676
f 5263 2678 2676
f 2740 5126 2737
f 2737 5126 2735
f 5126 2733 2735
f 2720 5126 2717
f 2717 5126 2714
f 5126 2711 2714
f 2664 3377 2663
f 2663 3377 2662
f 3377 3379 2662
f 2662 3379 2851
f 3379 3380 2851
f 2851 3380 2848
f 3380 3383 2848
f 2848 3383 2845
f 3383 3388 2845
f 2845 3388 2842
f 3388 3399 2842
f 2842 3399 2839
f 3399 3397 2839
f 2839 3397 2833
f 3397 3395 2833
f 2833 3395 2835
f 3395 3393 2835
f 2835 3393 2837
f 3393 3391 2837
f 2837 3391 2838
f 3391 3404 2838
f 2838 3404 2825
f 3404 3405 2825
f 2825 3405 2827
f 3405 3375 2827
f 2827 3375 2822
f 3375 3408 2822
f 2822 3408 2819
f 3408 3372 2819
f 2819 3372 2816
f 3372 3412 2816
f 2816 3412 2813
f 3412 3413 2813
f 2813 3413 2808
f 3413 3418 2808
f 2808 3418 2810
f 3418 3419 2810
f 2810 3419 2803
f 3419 3424 2803
f 2803 3424 2802
f 3424 3429 2802
f 2802 3429 2797
f 3429 3433 2797
f 2797 3433 2796
f 3433 3436 2796
f 2796 3436 2793
f 3436 3438 2793
f 2793 3438 2791
f 3438 3443 2791
f 2791 3443 2789
f 3443 3445 2789
f 2789 3445 2787
f 3445 3448 2787
f 2787 3448 2785
f 3448 3450 2785
f 2785 3450 2783
f 3450 3452 2783
f 2783 3452 2781
f 3452 3455 2781
f 2781 3455 2779
f 3455 3457 2779
f 2779 3457 2776
f 3457 3460 2776
f 2776 3460 2773
f 3460 3463 2773
f 2773 3463 2770
f 3463 3466 2770
f 2770 3466 2767
f 3466 3469 2767
f 2767 3469 2764
f 3469 3472 2764
f 2764 3472 2761
f 3472 3475 2761
f 2761 3475 2758
f 3475 2755 2758
f 2864 2865 2862
f 2862 2865 2866
f 3488 5199 3490
f 3490 5199 5409
f 5791 5201 6416
f 6416 5201 3477
f 5199 3488 5201
f 5201 3488 3477
f 3488 4447 3477
f 3477 4447 3479
f 4451 3479 4450
f 4450 3479 4448
f 3479 4447 4448
f 4446 3479 4445
f 4445 3479 4443
f 3479 4451 4443
f 6417 3652 6418
f 6418 3652 6419
f 6419 3652 6420
f 6420 3652 6421
f 3652 6422 6421
f 5735 5733 3643
f 3643 5733 3652
f 5733 6423 3652
f 3652 6423 6422
f 5646 6424 5645
f 5645 6424 5801
f 6424 6425 5801
f 5801 6425 5800
f 6425 6426 5800
f 5800 6426 5799
f 6416 3477 5671
f 5671 3477 5672
f 6427 6429 6428
f 6428 6431 6430
f 6430 6433 6432
f 6432 6435 6434
f 6434 6437 6436
f 6436 6439 6438
f 6438 6441 6440
f 6440 6443 6442
f 6442 6445 6444
f 6444 6447 6446
f 6446 6449 6448
f 6448 6451 6450
f 6450 6453 6452
f 6452 6455 6454
f 6454 6457 6456
f 6456 6459 6458
f 6458 6461 6460
f 6460 6463 6462
f 6460 6461 6463
f 6463 6461 6464
f 6461 6465 6464
f 6464 6465 6466
f 6465 6467 6466
f 6466 6467 6468
f 6467 6469 6468
f 6468 6469 6470
f 6469 6471 6470
f 6470 6471 6472
f 6471 6473 6472
f 6472 6473 6474
f 6473 6475 6474
f 6474 6475 6476
f 6475 6477 6476
f 6476 6477 6478
f 6477 6479 6478
f 6478 6479 6480
f 6479 6481 6480
f 6480 6481 6482
f 6481 6483 6482
f 6482 6483 6484
f 6483 6485 6484
f 6484 6485 6486
f 6485 6487 6486
f 6486 6487 6488
f 6487 6489 6488
f 6488 6489 6490
f 6489 6491 6490
f 6490 6491 6492
f 6491 6493 6492
f 6492 6493 6494
f 6493 6495 6494
f 6494 6495 6496
f 6495 6497 6496
f 6496 6497 6498
f 6497 6499 6498
f 6498 6499 6500
f 6499 6501 6500
f 6500 6501 6502
f 6501 6503 6502
f 6502 6503 6504
f 6503 6505 6504
f 6504 6505 6506
f 6505 6507 6506
f 6506 6507 6508
f 6507 6509 6508
f 6508 6509 6510
f 6509 6511 6510
f 6510 6511 6512
f 6511 6513 6512
f 6512 6513 6514
f 6513 6515 6514
f 6514 6515 6516
f 6515 6517 6516
f 6516 6517 5236
f 6517 6518 5236
f 6458 6459 6461
f 6461 6459 6465
f 6459 6519 6465
f 6465 6519 6467
f 6519 6520 6467
f 6467 6520 6469
f 6520 6521 6469
f 6469 6521 6471
f 6521 6522 6471
f 6471 6522 6473
f 6522 6523 6473
f 6473 6523 6475
f 6523 6524 6475
f 6475 6524 6477
f 6524 6525 6477
f 6477 6525 6479
f 6525 6526 6479
f 6479 6526 6481
f 6526 6527 6481
f 6481 6527 6483
f 6527 6528 6483
f 6483 6528 6485
f 6528 6529 6485
f 6485 6529 6487
f 6529 6530 6487
f 6487 6530 6489
f 6530 6531 6489
f 6489 6531 6491
f 6531 6532 6491
f 6491 6532 6493
f 6532 6533 6493
f 6493 6533 6495
f 6533 6534 6495
f 6495 6534 6497
f 6534 6535 6497
f 6497 6535 6499
f 6535 6536 6499
f 6499 6536 6501
f 6536 6537 6501
f 6501 6537 6503
f 6537 6538 6503
f 6503 6538 6505
f 6538 6539 6505
f 6505 6539 6507
f 6539 6540 6507
f 6507 6540 6509
f 6540 6541 6509
f 6509 6541 6511
f 6541 6542 6511
f 6511 6542 6513
f 6542 6543 6513
f 6513 6543 6515
f 6543 6544 6515
f 6515 6544 6517
f 6544 6545 6517
f 6517 6545 6518
f 6545 6546 6518
f 6456 6457 6459
f 6459 6457 6519
f 6457 6547 6519
f 6519 6547 6520
f 6547 6548 6520
f 6520 6548 6521
f 6548 6549 6521
f 6521 6549 6522
f 6549 6550 6522
f 6522 6550 6523
f 6550 6551 6523
f 6523 6551 6524
f 6551 6552 6524
f 6524 6552 6525
f 6552 6553 6525
f 6525 6553 6526
f 6553 6554 6526
f 6526 6554 6527
f 6554 6555 6527
f 6527 6555 6528
f 6555 6556 6528
f 6528 6556 6529
f 6556 6557 6529
f 6529 6557 6530
f 6557 6558 6530
f 6530 6558 6531
f 6558 6559 6531
f 6531 6559 6532
f 6559 6560 6532
f 6532 6560 6533
f 6560 6561 6533
f 6533 6561 6534
f 6561 6562 6534
f 6534 6562 6535
f 6562 6563 6535
f 6535 6563 6536
f 6563 6564 6536
f 6536 6564 6537
f 6564 6565 6537
f 6537 6565 6538
f 6565 6566 6538
f 6538 6566 6539
f 6566 6567 6539
f 6539 6567 6540
f 6567 6568 6540
f 6540 6568 6541
f 6568 6569 6541
f 6541 6569 6542
f 6569 6570 6542
f 6542 6570 6543
f 6570 6571 6543
f 6543 6571 6544
f 6571 6572 6544
f 6544 6572 6545
f 6572 6573 6545
f 6545 6573 6546
f 6573 6574 6546
f 6454 6455 6457
f 6457 6455 6547
f 6455 6575 6547
f 6547 6575 6548
f 6575 6576 6548
f 6548 6576 6549
f 6576 6577 6549
f 6549 6577 6550
f 6577 6578 6550
f 6550 6578 6551
f 6578 6579 6551
f 6551 6579 6552
f 6579 6580 6552
f 6552 6580 6553
f 6580 6581 6553
f 6553 6581 6554
f 6581 6582 6554
f 6554 6582 6555
f 6582 6583 6555
f 6555 6583 6556
f 6583 6584 6556
f 6556 6584 6557
f 6584 6585 6557
f 6557 6585 6558
f 6585 6586 6558
f 6558 6586 6559
f 6586 6587 6559
f 6559 6587 6560
f 6587 6588 6560
f 6560 6588 6561
f 6588 6589 6561
f 6561 6589 6562
f 6589 6590 6562
f 6562 6590 6563
f 6590 6591 6563
f 6563 6591 6564
f 6591 6592 6564
f 6564 6592 6565
f 6592 6593 6565
f 6565 6593 6566
f 6593 6594 6566
f 6566 6594 6567
f 6594 6595 6567
f 6567 6595 6568
f 6595 6596 6568
f 6568 6596 6569
f 6596 6597 6569
f 6569 6597 6570
f 6597 6598 6570
f 6570 6598 6571
f 6598 6599 6571
f 6571 6599 6572
f 6599 6600 6572
f 6572 6600 6573
f 6600 6601 6573
f 6573 6601 6574
f 6601 6602 6574
f 6452 6453 6455
f 6455 6453 6575
f 6453 6603 6575
f 6575 6603 6576
f 6603 6604 6576
f 6576 6604 6577
f 6604 6605 6577
f 6577 6605 6578
f 6605 6606 6578
f 6578 6606 6579
f 6606 6607 6579
f 6579 6607 6580
f 6607 6608 6580
f 6580 6608 6581
f 6608 6609 6581
f 6581 6609 6582
f 6609 6610 6582
f 6582 6610 6583
f 6610 6611 6583
f 6583 6611 6584
f 6611 6612 6584
f 6584 6612 6585
f 6612 6613 6585
f 6585 6613 6586
f 6613 6614 6586
f 6586 6614 6587
f 6614 6615 6587
f 6587 6615 6588
f 6615 6616 6588
f 6588 6616 6589
f 6616 6617 6589
f 6589 6617 6590
f 6617 6618 6590
f 6590 6618 6591
f 6618 6619 6591
f 6591 6619 6592
f 6619 6620 6592
f 6592 6620 6593
f 6620 6621 6593
f 6593 6621 6594
f 6621 6622 6594
f 6594 6622 6595
f 6622 6623 6595
f 6595 6623 6596
f 6623 6624 6596
f 6596 6624 6597
f 6624 6625 6597
f 6597 6625 6598
f 6625 6626 6598
f 6598 6626 6599
f 6626 6627 6599
f 6599 6627 6600
f 6627 6628 6600
f 6600 6628 6601
f 6628 6629 6601
f 6601 6629 6602
f 6629 6630 6602
f 6450 6451 6453
f 6453 6451 6603
f 6451 6631 6603
f 6603 6631 6604
f 6631 6632 6604
f 6604 6632 6605
f 6632 6633 6605
f 6605 6633 6606
f 6633 6634 6606
f 6606 6634 6607
f 6634 6635 6607
f 6607 6635 6608
f 6635 6636 6608
f 6608 6636 6609
f 6636 6637 6609
f 6609 6637 6610
f 6637 6638 6610
f 6610 6638 6611
f 6638 6639 6611
f 6611 6639 6612
f 6639 6640 6612
f 6612 6640 6613
f 6640 6641 6613
f 6613 6641 6614
f 6641 6642 6614
f 6614 6642 6615
f 6642 6643 6615
f 6615 6643 6616
f 6643 6644 6616
f 6616 6644 6617
f 6644 6645 6617
f 6617 6645 6618
f 6645 6646 6618
f 6618 6646 6619
f 6646 6647 6619
f 6619 6647 6620
f 6647 6648 6620
f 6620 6648 6621
f 6648 6649 6621
f 6621 6649 6622
f 6649 6650 6622
f 6622 6650 6623
f 6650 6651 6623
f 6623 6651 6624
f 6651 6652 6624
f 6624 6652 6625
f 6652 6653 6625
f 6625 6653 6626
f 6653 6654 6626
f 6626 6654 6627
f 6654 6655 6627
f 6627 6655 6628
f 6655 6656 6628
f 6628 6656 6629
f 6656 6657 6629
f 6629 6657 6630
f 6657 6658 6630
f 6448 6449 6451
f 6451 6449 6631
f 6449 6659 6631
f 6631 6659 6632
f 6659 6660 6632
f 6632 6660 6633
f 6660 6661 6633
f 6633 6661 6634
f 6661 6662 6634
f 6634 6662 6635
f 6662 6663 6635
f 6635 6663 6636
f 6663 6664 6636
f 6636 6664 6637
f 6664 6665 6637
f 6637 6665 6638
f 6665 6666 6638
f 6638 6666 6639
f 6666 6667 6639
f 6639 6667 6640
f 6667 6668 6640
f 6640 6668 6641
f 6668 6669 6641
f 6641 6669 6642
f 6669 6670 6642
f 6642 6670 6643
f 6670 6671 6643
f 6643 6671 6644
f 6671 6672 6644
f 6644 6672 6645
f 6672 6673 6645
f 6645 6673 6646
f 6673 6674 6646
f 6646 6674 6647
f 6674 6675 6647
f 6647 6675 6648
f 6675 6676 6648
f 6648 6676 6649
f 6676 6677 6649
f 6649 6677 6650
f 6677 6678 6650
f 6650 6678 6651
f 6678 6679 6651
f 6651 6679 6652
f 6679 6680 6652
f 6652 6680 6653
f 6680 6681 6653
f 6653 6681 6654
f 6681 6682 6654
f 6654 6682 6655
f 6682 6683 6655
f 6655 6683 6656
f 6683 6684 6656
f 6656 6684 6657
f 6684 6685 6657
f 6657 6685 6658
f 6685 6686 6658
f 6446 6447 6449
f 6449 6447 6659
f 6447 6687 6659
f 6659 6687 6660
f 6687 6688 6660
f 6660 6688 6661
f 6688 6689 6661
f 6661 6689 6662
f 6689 6690 6662
f 6662 6690 6663
f 6690 6691 6663
f 6663 6691 6664
f 6691 6692 6664
f 6664 6692 6665
f 6692 6693 6665
f 6665 6693 6666
f 6693 6694 6666
f 6666 6694 6667
f 6694 6695 6667
f 6667 6695 6668
f 6695 6696 6668
f 6668 6696 6669
f 6696 6697 6669
f 6669 6697 6670
f 6697 6698 6670
f 6670 6698 6671
f 6698 6699 6671
f 6671 6699 6672
f 6699 6700 6672
f 6672 6700 6673
f 6700 6701 6673
f 6673 6701 6674
f 6701 6702 6674
f 6674 6702 6675
f 6702 6703 6675
f 6675 6703 6676
f 6703 6704 6676
f 6676 6704 6677
f 6704 6705 6677
f 6677 6705 6678
f 6705 6706 6678
f 6678 6706 6679
f 6706 6707 6679
f 6679 6707 6680
f 6707 6708 6680
f 6680 6708 6681
f 6708 6709 6681
f 6681 6709 6682
f 6709 6710 6682
f 6682 6710 6683
f 6710 6711 6683
f 6683 6711 6684
f 6711 6712 6684
f 6684 6712 6685
f 6712 6713 6685
f 6685 6713 6686
f 6713 6714 6686
f 6444 6445 6447
f 6447 6445 6687
f 6445 6715 6687
f 6687 6715 6688
f 6715 6716 6688
f 6688 6716 6689
f 6716 6717 6689
f 6689 6717 6690
f 6717 6718 6690
f 6690 6718 6691
f 6718 6719 6691
f 6691 6719 6692
f 6719 6720 6692
f 6692 6720 6693
f 6720 6721 6693
f 6693 6721 6694
f 6721 6722 6694
f 6694 6722 6695
f 6722 6723 6695
f 6695 6723 6696
f 6723 6724 6696
f 6696 6724 6697
f 6724 6725 6697
f 6697 6725 6698
f 6725 6726 6698
f 6698 6726 6699
f 6726 6727 6699
f 6699 6727 6700
f 6727 6728 6700
f 6700 6728 6701
f 6728 6729 6701
f 6701 6729 6702
f 6729 6730 6702
f 6702 6730 6703
f 6730 6731 6703
f 6703 6731 6704
f 6731 6732 6704
f 6704 6732 6705
f 6732 6733 6705
f 6705 6733 6706
f 6733 6734 6706
f 6706 6734 6707
f 6734 6735 6707
f 6707 6735 6708
f 6735 6736 6708
f 6708 6736 6709
f 6736 6737 6709
f 6709 6737 6710
f 6737 6738 6710
f 6710 6738 6711
f 6738 6739 6711
f 6711 6739 6712
f 6739 6740 6712
f 6712 6740 6713
f 6740 6741 6713
f 6713 6741 6714
f 6741 6742 6714
f 6442 6443 6445
f 6445 6443 6715
f 6443 6743 6715
f 6715 6743 6716
f 6743 6744 6716
f 6716 6744 6717
f 6744 6745 6717
f 6717 6745 6718
f 6745 6746 6718
f 6718 6746 6719
f 6746 6747 6719
f 6719 6747 6720
f 6747 6748 6720
f 6720 6748 6721
f 6748 6749 6721
f 6721 6749 6722
f 6749 6750 6722
f 6722 6750 6723
f 6750 6751 6723
f 6723 6751 6724
f 6751 6752 6724
f 6724 6752 6725
f 6752 6753 6725
f 6725 6753 6726
f 6753 6754 6726
f 6726 6754 6727
f 6754 6755 6727
f 6727 6755 6728
f 6755 6756 6728
f 6728 6756 6729
f 6756 6757 6729
f 6729 6757 6730
f 6757 6758 6730
f 6730 6758 6731
f 6758 6759 6731
f 6731 6759 6732
f 6759 6760 6732
f 6732 6760 6733
f 6760 6761 6733
f 6733 6761 6734
f 6761 6762 6734
f 6734 6762 6735
f 6762 6763 6735
f 6735 6763 6736
f 6763 6764 6736
f 6736 6764 6737
f 6764 6765 6737
f 6737 6765 6738
f 6765 6766 6738
f 6738 6766 6739
f 6766 6767 6739
f 6739 6767 6740
f 6767 6768 6740
f 6740 6768 6741
f 6768 6769 6741
f 6741 6769 6742
f 6769 6770 6742
f 6440 6441 6443
f 6443 6441 6743
f 6441 6771 6743
f 6743 6771 6744
f 6771 6772 6744
f 6744 6772 6745
f 6772 6773 6745
f 6745 6773 6746
f 6773 6774 6746
f 6746 6774 6747
f 6774 6775 6747
f 6747 6775 6748
f 6775 6776 6748
f 6748 6776 6749
f 6776 6777 6749
f 6749 6777 6750
f 6777 6778 6750
f 6750 6778 6751
f 6778 6779 6751
f 6751 6779 6752
f 6779 6780 6752
f 6752 6780 6753
f 6780 6781 6753
f 6753 6781 6754
f 6781 6782 6754
f 6754 6782 6755
f 6782 6783 6755
f 6755 6783 6756
f 6783 6784 6756
f 6756 6784 6757
f 6784 6785 6757
f 6757 6785 6758
f 6785 6786 6758
f 6758 6786 6759
f 6786 6787 6759
f 6759 6787 6760
f 6787 6788 6760
f 6760 6788 6761
f 6788 6789 6761
f 6761 6789 6762
f 6789 6790 6762
f 6762 6790 6763
f 6790 6791 6763
f 6763 6791 6764
f 6791 6792 6764
f 6764 6792 6765
f 6792 6793 6765
f 6765 6793 6766
f 6793 6794 6766
f 6766 6794 6767
f 6794 6795 6767
f 6767 6795 6768
f 6795 6796 6768
f 6768 6796 6769
f 6796 6797 6769
f 6769 6797 6770
f 6797 6798 6770
f 6438 6439 6441
f 6441 6439 6771
f 6439 6799 6771
f 6771 6799 6772
f 6799 6800 6772
f 6772 6800 6773
f 6800 6801 6773
f 6773 6801 6774
f 6801 6802 6774
f 6774 6802 6775
f 6802 6803 6775
f 6775 6803 6776
f 6803 6804 6776
f 6776 6804 6777
f 6804 6805 6777
f 6777 6805 6778
f 6805 6806 6778
f 6778 6806 6779
f 6806 6807 6779
f 6779 6807 6780
f 6807 6808 6780
f 6780 6808 6781
f 6808 6809 6781
f 6781 6809 6782
f 6809 6810 6782
f 6782 6810 6783
f 6810 6811 6783
f 6783 6811 6784
f 6811 6812 6784
f 6784 6812 6785
f 6812 6813 6785
f 6785 6813 6786
f 6813 6814 6786
f 6786 6814 6787
f 6814 6815 6787
f 6787 6815 6788
f 6815 6816 6788
f 6788 6816 6789
f 6816 6817 6789
f 6789 6817 6790
f 6817 6818 6790
f 6790 6818 6791
f 6818 6819 6791
f 6791 6819 6792
f 6819 6820 6792
f 6792 6820 6793
f 6820 6821 6793
f 6793 6821 6794
f 6821 6822 6794
f 6794 6822 6795
f 6822 6823 6795
f 6795 6823 6796
f 6823 6824 6796
f 6796 6824 6797
f 6824 6825 6797
f 6797 6825 6798
f 6825 6826 6798
f 6436 6437 6439
f 6439 6437 6799
f 6437 6827 6799
f 6799 6827 6800
f 6827 6828 6800
f 6800 6828 6801
f 6828 6829 6801
f 6801 6829 6802
f 6829 6830 6802
f 6802 6830 6803
f 6830 6831 6803
f 6803 6831 6804
f 6831 6832 6804
f 6804 6832 6805
f 6832 6833 6805
f 6805 6833 6806
f 6833 6834 6806
f 6806 6834 6807
f 6834 6835 6807
f 6807 6835 6808
f 6835 6836 6808
f 6808 6836 6809
f 6836 6837 6809
f 6809 6837 6810
f 6837 6838 6810
f 6810 6838 6811
f 6838 6839 6811
f 6811 6839 6812
f 6839 6840 6812
f 6812 6840 6813
f 6840 6841 6813
f 6813 6841 6814
f 6841 6842 6814
f 6814 6842 6815
f 6842 6843 6815
f 6815 6843 6816
f 6843 6844 6816
f 6816 6844 6817
f 6844 6845 6817
f 6817 6845 6818
f 6845 6846 6818
f 6818 6846 6819
f 6846 6847 6819
f 6819 6847 6820
f 6847 6848 6820
f 6820 6848 6821
f 6848 6849 6821
f 6821 6849 6822
f 6849 6850 6822
f 6822 6850 6823
f 6850 6851 6823
f 6823 6851 6824
f 6851 6852 6824
f 6824 6852 6825
f 6852 6853 6825
f 6825 6853 6826
f 6853 6854 6826
f 6434 6435 6437
f 6437 6435 6827
f 6435 6855 6827
f 6827 6855 6828
f 6855 6856 6828
f 6828 6856 6829
f 6856 6857 6829
f 6829 6857 6830
f 6857 6858 6830
f 6830 6858 6831
f 6858 6859 6831
f 6831 6859 6832
f 6859 6860 6832
f 6832 6860 6833
f 6860 6861 6833
f 6833 6861 6834
f 6861 6862 6834
f 6834 6862 6835
f 6862 6863 6835
f 6835 6863 6836
f 6863 6864 6836
f 6836 6864 6837
f 6864 6865 6837
f 6837 6865 6838
f 6865 6866 6838
f 6838 6866 6839
f 6866 6867 6839
f 6839 6867 6840
f 6867 6868 6840
f 6840 6868 6841
f 6868 6869 6841
f 6841 6869 6842
f 6869 6870 6842
f 6842 6870 6843
f 6870 6871 6843
f 6843 6871 6844
f 6871 6872 6844
f 6844 6872 6845
f 6872 6873 6845
f 6845 6873 6846
f 6873 6874 6846
f 6846 6874 6847
f 6874 6875 6847
f 6847 6875 6848
f 6875 6876 6848
f 6848 6876 6849
f 6876 6877 6849
f 6849 6877 6850
f 6877 6878 6850
f 6850 6878 6851
f 6878 6879 6851
f 6851 6879 6852
f 6879 6880 6852
f 6852 6880 6853
f 6880 6881 6853
f 6853 6881 6854
f 6881 6882 6854
f 6432 6433 6435
f 6435 6433 6855
f 6433 6883 6855
f 6855 6883 6856
f 6883 6884 6856
f 6856 6884 6857
f 6884 6885 6857
f 6857 6885 6858
f 6885 6886 6858
f 6858 6886 6859
f 6886 6887 6859
f 6859 6887 6860
f 6887 6888 6860
f 6860 6888 6861
f 6888 6889 6861
f 6861 6889 6862
f 6889 6890 6862
f 6862 6890 6863
f 6890 6891 6863
f 6863 6891 6864
f 6891 6892 6864
f 6864 6892 6865
f 6892 6893 6865
f 6865 6893 6866
f 6893 6894 6866
f 6866 6894 6867
f 6894 6895 6867
f 6867 6895 6868
f 6895 6896 6868
f 6868 6896 6869
f 6896 6897 6869
f 6869 6897 6870
f 6897 6898 6870
f 6870 6898 6871
f 6898 6899 6871
f 6871 6899 6872
f 6899 6900 6872
f 6872 6900 6873
f 6900 6901 6873
f 6873 6901 6874
f 6901 6902 6874
f 6874 6902 6875
f 6902 6903 6875
f 6875 6903 6876
f 6903 6904 6876
f 6876 6904 6877
f 6904 6905 6877
f 6877 6905 6878
f 6905 6906 6878
f 6878 6906 6879
f 6906 6907 6879
f 6879 6907 6880
f 6907 6908 6880
f 6880 6908 6881
f 6908 6909 6881
f 6881 6909 6882
f 6909 6910 6882
f 6430 6431 6433
f 6433 6431 6883
f 6431 6911 6883
f 6883 6911 6884
f 6911 6912 6884
f 6884 6912 6885
f 6912 6913 6885
f 6885 6913 6886
f 6913 6914 6886
f 6886 6914 6887
f 6914 6915 6887
f 6887 6915 6888
f 6915 6916 6888
f 6888 6916 6889
f 6916 6917 6889
f 6889 6917 6890
f 6917 6918 6890
f 6890 6918 6891
f 6918 6919 6891
f 6891 6919 6892
f 6919 6920 6892
f 6892 6920 6893
f 6920 6921 6893
f 6893 6921 6894
f 6921 6922 6894
f 6894 6922 6895
f 6922 6923 6895
f 6895 6923 6896
f 6923 6924 6896
f 6896 6924 6897
f 6924 6925 6897
f 6897 6925 6898
f 6925 6926 6898
f 6898 6926 6899
f 6926 6927 6899
f 6899 6927 6900
f 6927 6928 6900
f 6900 6928 6901
f 6928 6929 6901
f 6901 6929 6902
f 6929 6930 6902
f 6902 6930 6903
f 6930 6931 6903
f 6903 6931 6904
f 6931 6932 6904
f 6904 6932 6905
f 6932 6933 6905
f 6905 6933 6906
f 6933 6934 6906
f 6906 6934 6907
f 6934 6935 6907
f 6907 6935 6908
f 6935 6936 6908
f 6908 6936 6909
f 6936 6937 6909
f 6909 6937 6910
f 6937 6938 6910
f 6428 6429 6431
f 6431 6429 6911
f 6429 6939 6911
f 6911 6939 6912
f 6939 6940 6912
f 6912 6940 6913
f 6940 6941 6913
f 6913 6941 6914
f 6941 6942 6914
f 6914 6942 6915
f 6942 6943 6915
f 6915 6943 6916
f 6943 6944 6916
f 6916 6944 6917
f 6944 6945 6917
f 6917 6945 6918
f 6945 6946 6918
f 6918 6946 6919
f 6946 6947 6919
f 6919 6947 6920
f 6947 6948 6920
f 6920 6948 6921
f 6948 6949 6921
f 6921 6949 6922
f 6949 6950 6922
f 6922 6950 6923
f 6950 6951 6923
f 6923 6951 6924
f 6951 6952 6924
f 6924 6952 6925
f 6952 6953 6925
f 6925 6953 6926
f 6953 6954 6926
f 6926 6954 6927
f 6954 6955 6927
f 6927 6955 6928
f 6955 6956 6928
f 6928 6956 6929
f 6956 6957 6929
f 6929 6957 6930
f 6957 6958 6930
f 6930 6958 6931
f 6958 6959 6931
f 6931 6959 6932
f 6959 6960 6932
f 6932 6960 6933
f 6960 6961 6933
f 6933 6961 6934
f 6961 6962 6934
f 6934 6962 6935
f 6962 6963 6935
f 6935 6963 6936
f 6963 6964 6936
f 6936 6964 6937
f 6964 6965 6937
f 6937 6965 6938
f 6965 6966 6938
f 6427 6967 6429
f 6429 6967 6939
f 6967 6968 6939
f 6939 6968 6940
f 6968 6969 6940
f 6940 6969 6941
f 6969 6970 6941
f 6941 6970 6942
f 6970 6971 6942
f 6942 6971 6943
f 6971 6972 6943
f 6943 6972 6944
f 6972 6973 6944
f 6944 6973 6945
f 6973 6974 6945
f 6945 6974 6946
f 6974 6975 6946
f 6946 6975 6947
f 6975 6976 6947
f 6947 6976 6948
f 6976 6977 6948
f 6948 6977 6949
f 6977 6978 6949
f 6949 6978 6950
f 6978 6979 6950
f 6950 6979 6951
f 6979 6980 6951
f 6951 6980 6952
f 6980 6981 6952
f 6952 6981 6953
f 6981 6982 6953
f 6953 6982 6954
f 6982 6983 6954
f 6954 6983 6955
f 6983 6984 6955
f 6955 6984 6956
f 6984 6985 6956
f 6956 6985 6957
f 6985 6986 6957
f 6957 6986 6958
f 6986 6987 6958
f 6958 6987 6959
f 6987 6988 6959
f 6959 6988 6960
f 6988 6989 6960
f 6960 6989 6961
f 6989 6990 6961
f 6961 6990 6962
f 6990 6991 6962
f 6962 6991 6963
f 6991 6992 6963
f 6963 6992 6964
f 6992 6993 6964
f 6964 6993 6965
f 6993 6994 6965
f 6965 6994 6966
f 6994 6995 6966
f 2862 2866 2861
f 2861 2866 2867
f 5409 2640 3490
f 3490 2640 3487
f 5570 6380 6382
f 3644 6380 3321
f 3321 6380 3328
f 6380 5570 3328
f 3328 5570 6417
f 5570 5569 6417
f 3487 2640 6378
f 6378 2640 5569
f 2640 2642 5569
f 5569 2642 6417
f 5498 6417 5497
f 5671 5471 6416
f 6416 5471 5791
f 3652 5789 3651
f 5497 6417 5496
f 5496 6417 5495
f 6417 5494 5495
f 2642 5475 5476
f 5789 3652 5506
f 5506 3652 5505
f 3652 6417 5505
f 5505 6417 5504
f 5475 2642 5474
f 5474 2642 5473
f 2642 5791 5473
f 5473 5791 5472
f 5791 5471 5472
f 5483 2642 5482
f 5479 2642 5478
f 5478 2642 5477
f 2642 5476 5477
f 5504 6417 5503
f 5503 6417 5502
f 6417 5501 5502
f 5482 2642 5481
f 5481 2642 5480
f 2642 5479 5480
f 5501 6417 5500
f 5500 6417 5499
f 6417 5498 5499
f 5494 6417 5493
f 5493 6417 5492
f 6417 5491 5492
f 5486 5487 2642
f 2642 5487 5470
f 5486 2642 5485
f 5485 2642 5484
f 2642 5483 5484
f 5491 6417 5490
f 5490 6417 5489
f 6417 2642 5489
f 5489 2642 5488
f 2642 5470 5488
f 3643 3645 5735
f 5735 3645 5732
f 3692 6996 3694
f 3694 6996 3695
f 6996 3697 3695
f 3697 6996 3698
f 3698 6996 3700
f 6996 6997 3700
f 3700 6997 5416
f 5416 6997 6998
f 6998 6997 6999
f 6997 7000 6999
f 6999 7000 7001
f 7001 7000 7002
f 7002 7000 7003
f 7000 7004 7003
f 7005 7000 7006
f 7006 7000 7007
f 3688 6996 3689
f 3689 6996 3691
f 6996 3692 3691
f 3673 3671 6996
f 6996 3671 7008
f 3671 3669 7008
f 7008 3669 3667
f 3673 6996 3675
f 3675 6996 3677
f 6996 3679 3677
f 7004 7000 7009
f 7009 7000 7010
f 7000 7011 7010
f 7007 7000 7012
f 7012 7000 7013
f 7000 7014 7013
f 7011 7000 7015
f 7015 7000 7016
f 7000 7017 7016
f 3661 7008 3663
f 3663 7008 3665
f 7008 3667 3665
f 3683 6996 3685
f 3685 6996 3686
f 6996 3688 3686
f 7017 7000 7018
f 7018 7000 7019
f 7000 7005 7019
f 7014 7000 7020
f 7020 7000 7021
f 7000 7022 7021
f 7023 7008 3657
f 3657 7008 3659
f 7008 3661 3659
f 3679 6996 3680
f 3680 6996 3682
f 6996 3683 3682
f 7022 7000 7024
f 7024 7000 7025
f 7000 7026 7025
f 7027 7029 7028
f 7028 7029 7030
f 7029 7031 7030
f 7030 7031 7032
f 7031 7033 7032
f 7032 7033 7034
f 7033 7035 7034
f 7034 7035 7036
f 7035 7037 7036
f 7036 7037 7038
f 7037 7039 7038
f 7038 7039 7040
f 7039 7041 7040
f 7040 7041 7042
f 7041 7043 7042
f 7042 7043 7044
f 7043 7045 7044
f 7044 7045 7046
f 7045 7047 7046
f 7046 7047 7048
f 7047 7049 7048
f 7048 7049 7050
f 7049 7051 7050
f 7050 7051 7052
f 7051 7053 7052
f 7052 7053 7054
f 7053 7055 7054
f 7054 7055 7056
f 7055 7057 7056
f 7056 7057 7058
f 7057 7059 7058
f 7058 7059 7060
f 7059 7061 7060
f 7060 7061 7062
f 7061 7063 7062
f 7062 7063 7064
f 7063 7065 7064
f 7064 7065 7066
f 7065 7067 7066
f 7066 7067 7068
f 7067 7069 7068
f 7068 7069 7070
f 7069 7071 7070
f 7070 7071 7072
f 7071 7073 7072
f 7072 7073 7074
f 7073 7075 7074
f 7074 7075 7076
f 7075 7077 7076
f 7076 7077 7078
f 7077 7079 7078
f 7078 7079 7080
f 7079 7081 7080
f 7080 7081 7082
f 7081 7083 7082
f 7082 7083 7084
f 7083 7085 7084
f 7084 7085 7086
f 7085 7087 7086
f 7086 7087 7088
f 7087 7089 7088
f 7088 7089 7090
f 7089 7091 7090
f 7090 7091 7092
f 7091 7093 7092
f 7092 7093 7094
f 7093 7095 7094
f 7094 7095 7096
f 7095 7097 7096
f 7096 7097 7098
f 7097 7099 7098
f 7098 7099 7100
f 7099 7101 7100
f 7100 7101 7102
f 7101 7103 7102
f 7102 7103 7104
f 7103 7105 7104
f 7104 7105 7106
f 7105 7107 7106
f 7106 7107 7108
f 7107 7109 7108
f 7108 7109 7110
f 7109 7111 7110
f 7110 7111 7112
f 7111 7113 7112
f 7112 7113 7114
f 7113 7115 7114
f 7114 7115 7116
f 7115 7117 7116
f 7116 7117 7118
f 7117 7119 7118
f 7118 7119 7120
f 7119 7121 7120
f 7120 7121 7122
f 7121 7123 7122
f 7122 7123 7124
f 7123 7125 7124
f 7124 7125 7126
f 7125 7127 7126
f 7126 7127 7128
f 7127 7129 7128
f 7128 7129 7130
f 7129 7131 7130
f 7130 7131 7132
f 7131 7133 7132
f 7132 7133 7134
f 7133 7135 7134
f 7134 7135 7136
f 7135 7137 7136
f 7136 7137 7138
f 7137 7139 7138
f 7138 7139 7140
f 7139 7141 7140
f 7140 7141 7142
f 7141 7143 7142
f 7142 7143 7144
f 7143 7145 7144
f 7144 7145 7146
f 7145 7147 7146
f 7146 7147 7148
f 7147 7149 7148
f 7148 7149 7150
f 7149 7151 7150
f 7150 7151 7152
f 7151 7153 7152
f 7152 7153 7154
f 7153 7155 7154
f 7154 7155 7156
f 7155 7157 7156
f 7156 7157 7158
f 7157 7159 7158
f 7158 7159 7160
f 7159 7161 7160
f 7160 7161 7162
f 7161 7163 7162
f 7162 7163 7164
f 7163 7165 7164
f 7164 7165 7166
f 7165 7167 7166
f 7166 7167 7168
f 7167 7169 7168
f 7168 7169 7170
f 7169 7027 7170
f 7170 7027 7028
f 7171 7173 7172
f 5373 3640 5375
f 5375 3640 5377
f 5789 7175 7174
f 5379 7176 5381
f 5381 7176 5383
f 7176 5385 5383
f 7177 7178 5789
f 5789 7178 7179
f 7177 5789 7180
f 7180 5789 7181
f 5789 7182 7181
f 7182 5789 7183
f 7183 5789 7184
f 5789 7185 7184
f 7186 7187 5790
f 5790 7187 7188
f 7187 7176 7188
f 7171 7175 7173
f 7173 7175 7189
f 7175 5789 7189
f 7189 5789 7190
f 5789 7179 7190
f 5385 7176 5387
f 5387 7176 5389
f 7176 5391 5389
f 5361 3640 5363
f 5363 3640 5365
f 3640 5367 5365
f 7185 5789 7191
f 7191 5789 7192
f 5789 7193 7192
f 7194 5441 5439
f 7172 7195 7171
f 7171 7195 7196
f 7195 7197 7196
f 7186 5790 7198
f 7198 5790 7199
f 5790 5789 7199
f 7199 5789 7200
f 5789 7174 7200
f 5377 3640 5379
f 5379 3640 7176
f 3640 3639 7176
f 7176 3639 7188
f 3639 7201 7188
f 7188 7201 7202
f 5367 3640 5369
f 5369 3640 5371
f 3640 5373 5371
f 7193 5789 7203
f 7203 5789 7204
f 5789 5506 7204
f 5319 5317 5235
f 5235 5317 5237
f 5317 5315 5237
f 5319 5235 5321
f 5321 5235 5323
f 5235 5325 5323
f 7205 3640 5357
f 5357 3640 5359
f 3640 5361 5359
f 7204 5506 7206
f 7206 5506 7207
f 5506 7208 7207
f 7194 5439 7209
f 7209 5439 7210
f 5439 7211 7210
f 7210 7211 7212
f 7211 7213 7212
f 7212 7213 7214
f 7213 7215 7214
f 7214 7215 7216
f 7215 7217 7216
f 7216 7217 7218
f 7217 7219 7218
f 7218 7219 7220
f 7219 7221 7220
f 7220 7221 7222
f 7221 7223 7222
f 7222 7223 7224
f 7223 7225 7224
f 7224 7225 7226
f 7225 7227 7226
f 7226 7227 7228
f 7227 7229 7228
f 7228 7229 7230
f 7229 7231 7230
f 7230 7231 7232
f 7231 7233 7232
f 7232 7233 7234
f 7233 7235 7234
f 7234 7235 7236
f 7235 7237 7236
f 7236 7237 7238
f 7237 7239 7238
f 7238 7239 7240
f 7239 7241 7240
f 7240 7241 7242
f 7241 7243 7242
f 7242 7243 7244
f 7243 7245 7244
f 7244 7245 7246
f 7245 7247 7246
f 7246 7247 7248
f 7247 7249 7248
f 7248 7249 7250
f 7249 7251 7250
f 7250 7251 7252
f 7251 7253 7252
f 7252 7253 7254
f 7253 7255 7254
f 7254 7255 7256
f 7255 7257 7256
f 7256 7257 7258
f 7257 7259 7258
f 7258 7259 7260
f 7259 7261 7260
f 7260 7261 7262
f 7261 7263 7262
f 7262 7263 7264
f 7263 7265 7264
f 7264 7265 7266
f 7265 7196 7266
f 7266 7196 7267
f 7196 7197 7267
f 5391 7176 5393
f 5393 7176 5395
f 7176 7268 5395
f 5325 5235 5327
f 5327 5235 5329
f 5235 5331 5329
f 5351 7205 5353
f 5353 7205 5355
f 7205 5357 5355
f 7269 5441 7270
f 7270 5441 7271
f 5441 7194 7271
f 5395 7268 5397
f 5397 7268 5399
f 7268 7272 5399
f 5399 7272 5401
f 7272 7273 5401
f 5401 7273 5403
f 7273 7274 5403
f 5403 7274 5405
f 7274 7275 5405
f 5405 7275 5407
f 7275 7276 5407
f 5407 7276 5265
f 7276 7277 5265
f 5265 7277 5267
f 7277 7278 5267
f 5267 7278 5269
f 7278 7279 5269
f 5269 7279 5271
f 7279 7280 5271
f 5271 7280 5273
f 7280 7281 5273
f 5273 7281 5275
f 7281 7282 5275
f 5275 7282 5277
f 7282 7283 5277
f 5277 7283 5279
f 7283 7284 5279
f 5279 7284 5281
f 7284 7285 5281
f 5281 7285 5283
f 7285 7286 5283
f 5283 7286 5285
f 7286 7287 5285
f 5285 7287 5287
f 7287 7288 5287
f 5287 7288 5289
f 7288 7289 5289
f 5289 7289 5291
f 7289 7290 5291
f 5291 7290 5293
f 7290 7291 5293
f 5293 7291 5295
f 7291 7292 5295
f 5295 7292 5297
f 7292 7293 5297
f 5297 7293 5299
f 7293 7294 5299
f 5299 7294 5301
f 7294 7295 5301
f 5301 7295 5303
f 7295 7296 5303
f 5303 7296 5305
f 7296 7297 5305
f 5305 7297 5307
f 7297 7298 5307
f 5307 7298 5309
f 7298 7299 5309
f 5309 7299 5311
f 7299 5237 5311
f 5311 5237 5313
f 5237 5315 5313
f 5331 5235 5333
f 5333 5235 5335
f 5235 5337 5335
f 7300 7301 5441
f 5441 7301 5506
f 7301 7302 5506
f 5506 7302 7208
f 7300 5441 7303
f 7303 5441 7304
f 5441 7305 7304
f 7305 5441 7306
f 7306 5441 7307
f 5441 7308 7307
f 7308 5441 7309
f 7309 5441 7310
f 5441 7311 7310
f 7311 5441 7312
f 7312 5441 7313
f 5441 7269 7313
f 5337 5235 5339
f 5339 5235 5341
f 5235 5343 5341
f 5343 5235 5345
f 5345 5235 5347
f 5235 7205 5347
f 5347 7205 5349
f 7205 5351 5349
f 3340 7314 3338
f 3338 7314 3336
f 7314 3334 3336
f 7315 6419 7316
f 7316 6419 7317
f 6419 6420 7317
f 7317 6420 7318
f 6420 6421 7318
f 7318 6421 7319
f 6421 6422 7319
f 7319 6422 7320
f 6422 6423 7320
f 7320 6423 7321
f 6423 5733 7321
f 7321 5733 5734
f 7315 7316 3340
f 3340 7316 7314
f 7316 7322 7314
f 7314 7322 7323
f 7324 7323 7325
f 7325 7323 7326
f 7323 7322 7326
f 7327 7324 7328
f 7328 7324 7329
f 7324 7325 7329
f 7330 7327 7331
f 7331 7327 7332
f 7327 7328 7332
f 7333 7330 7334
f 7334 7330 7335
f 7330 7331 7335
f 7330 7333 7336
f 7336 7333 7337
f 7333 7338 7337
f 7337 7338 7339
f 7338 7340 7339
f 7339 7340 7341
f 7340 7342 7341
f 7341 7342 7343
f 7342 7344 7343
f 7343 7344 7345
f 7344 7346 7345
f 7345 7346 7347
f 7346 7348 7347
f 7347 7348 7349
f 7348 7350 7349
f 7349 7350 7351
f 7350 7352 7351
f 7351 7352 7353
f 7352 7354 7353
f 7353 7354 7000
f 7354 7026 7000
f 3355 7355 3359
f 3359 7355 3361
f 5742 3362 7355
f 3362 3363 7355
f 7355 3363 3361
f 3334 7314 3332
f 3332 7314 3344
f 7314 7356 3344
f 3344 7356 3343
f 7356 3342 3343
f 3342 7356 3352
f 3352 7356 3350
f 7356 3348 3350
f 3348 7356 3346
f 3346 7356 3356
f 7356 7355 3356
f 7355 3355 3356
f 5409 2656 2640
f 7357 2647 7358
f 2647 2655 7358
f 2653 2654 7359
f 7359 2654 7360
f 2654 2646 7360
f 7360 2646 7361
f 2646 2647 7361
f 7361 2647 7357
f 7362 2653 7363
f 2653 7359 7363
f 2648 2649 7364
f 7364 2649 7365
f 2649 2651 7365
f 7365 2651 7366
f 2651 2652 7366
f 7366 2652 7367
f 2652 2644 7367
f 7367 2644 7362
f 2644 2645 7362
f 7362 2645 2653
f 7368 2648 7369
f 7369 2648 7370
f 2648 7364 7370
f 2648 7368 2659
f 2659 7368 2660
f 7368 7371 2660
f 2660 7371 2658
f 7371 7372 2658
f 2658 7372 2657
f 7372 7373 2657
f 2657 7373 2650
f 7373 7374 2650
f 2650 7374 2639
f 7374 7375 2639
f 5410 7376 5409
f 5409 7376 2656
f 7376 7377 2656
f 2656 7377 2655
f 7377 7378 2655
f 2655 7378 7358
f 5507 4266 3735
f 4246 5655 4245
f 4423 5688 4441
f 4441 5688 5564
f 4423 4386 5688
f 5688 4386 5684
f 4386 4227 5684
f 4227 4228 5684
f 5684 4228 5683
f 4228 4230 5683
f 4230 4231 5683
f 5683 4231 5697
f 4231 4233 5697
f 4233 4234 5697
f 5697 4234 5696
f 4234 4236 5696
f 5695 5696 4239
f 4239 5696 4237
f 5696 4236 4237
f 5655 5698 4245
f 4245 5698 4243
f 4243 5698 4242
f 5698 5695 4242
f 4242 5695 4240
f 5695 4239 4240
f 4246 4266 5655
f 5655 4266 5685
f 4266 5507 5685
f 3522 3524 7142
f 7142 3524 7140
f 3524 3526 7140
f 7140 3526 7138
f 3526 3528 7138
f 7138 3528 7136
f 3528 3530 7136
f 7136 3530 7134
f 3530 3532 7134
f 7134 3532 7132
f 3532 3534 7132
f 7132 3534 7130
f 3534 3536 7130
f 7130 3536 7128
f 3536 3538 7128
f 7128 3538 7126
f 3538 3540 7126
f 7126 3540 7124
f 3540 3542 7124
f 7124 3542 7122
f 3542 3544 7122
f 7122 3544 7120
f 3544 3546 7120
f 7120 3546 7118
f 3546 3548 7118
f 7118 3548 7116
f 3548 3550 7116
f 7116 3550 7114
f 3550 3552 7114
f 7114 3552 7112
f 3552 3554 7112
f 7112 3554 7110
f 3554 3556 7110
f 7110 3556 7108
f 3556 3558 7108
f 7108 3558 7106
f 3558 3560 7106
f 7106 3560 7104
f 3560 3562 7104
f 7104 3562 7102
f 3562 3564 7102
f 7102 3564 7100
f 3564 3566 7100
f 7100 3566 7098
f 3566 3568 7098
f 7098 3568 7096
f 3568 3570 7096
f 7096 3570 7094
f 3570 3572 7094
f 7094 3572 7092
f 3572 3574 7092
f 7092 3574 7090
f 3574 3576 7090
f 7090 3576 7088
f 3576 3578 7088
f 7088 3578 7086
f 3578 3580 7086
f 7086 3580 7084
f 3580 3582 7084
f 7084 3582 7082
f 3582 3584 7082
f 7082 3584 7080
f 3584 3586 7080
f 7080 3586 7078
f 3586 3588 7078
f 7078 3588 7076
f 3588 3590 7076
f 7076 3590 7074
f 3590 3592 7074
f 7074 3592 7072
f 3592 3594 7072
f 7072 3594 7070
f 3594 3596 7070
f 7070 3596 7068
f 3596 3598 7068
f 7068 3598 7066
f 3598 3600 7066
f 7066 3600 7064
f 3600 3602 7064
f 7064 3602 7062
f 3602 3604 7062
f 7062 3604 7060
f 3604 3606 7060
f 7060 3606 7058
f 3606 3608 7058
f 7058 3608 7056
f 3608 3610 7056
f 7056 3610 7054
f 3610 3612 7054
f 7054 3612 7052
f 3612 3614 7052
f 7052 3614 7050
f 3614 3616 7050
f 7050 3616 7048
f 3616 3618 7048
f 7048 3618 7046
f 3618 3620 7046
f 7046 3620 7044
f 3620 3622 7044
f 7044 3622 7042
f 3622 3624 7042
f 7042 3624 7040
f 3624 3626 7040
f 7040 3626 7038
f 3626 3628 7038
f 7038 3628 7036
f 3628 3630 7036
f 7036 3630 7034
f 3630 3632 7034
f 7034 3632 7032
f 3632 3634 7032
f 7032 3634 7030
f 3634 3636 7030
f 7030 3636 7028
f 3636 3494 7028
f 7028 3494 7170
f 3494 3496 7170
f 7170 3496 7168
f 3496 3498 7168
f 7168 3498 7166
f 3498 3500 7166
f 7166 3500 7164
f 3500 3502 7164
f 7164 3502 7162
f 3502 3504 7162
f 7162 3504 7160
f 3504 3506 7160
f 7160 3506 7158
f 3506 3508 7158
f 7158 3508 7156
f 3508 3510 7156
f 7156 3510 7154
f 3510 3512 7154
f 7154 3512 7152
f 3512 3514 7152
f 7152 3514 7150
f 3514 3516 7150
f 7150 3516 7148
f 3516 3518 7148
f 7148 3518 7146
f 3518 3520 7146
f 7146 3520 7144
f 3520 3522 7144
f 7144 3522 7142
f 2863 2861 3367
f 3367 2861 3365
f 2861 2867 3365
f 3365 2867 3369
f 2867 2868 3369
f 3369 2868 4975
f 7379 6390 7380
f 5263 6390 5264
f 5264 6390 7381
f 6390 7382 7381
f 7382 6390 7383
f 7383 6390 7384
f 6390 7385 7384
f 7385 6390 7386
f 7386 6390 7387
f 6390 7388 7387
f 7388 6390 7389
f 7389 6390 7390
f 6390 7379 7390
f 7380 6390 7391
f 7391 6390 7205
f 6390 3638 7205
f 7205 3638 3640
f 7392 6418 7315
f 7315 6418 6419
f 3484 4977 6389
f 3320 3319 3366
f 3366 3319 4976
f 6371 7393 3478
f 3478 7393 3477
f 7393 3366 3477
f 3477 3366 5672
f 3366 4976 5672
f 5672 4976 5790
f 4976 4977 5790
f 5790 4977 3483
f 4977 3484 3483
f 3385 7394 3384
f 2725 5226 2724
f 2832 3417 2831
f 2831 3373 2830
f 3373 2831 3411
f 3411 2831 3410
f 2831 3409 3410
f 3409 2831 3371
f 3371 2831 3370
f 2831 3417 3370
f 2830 3373 2836
f 2836 3373 2834
f 3373 2841 2834
f 2841 3373 2840
f 2840 3373 2844
f 3373 2843 2844
f 2843 3373 2847
f 2847 3373 2846
f 3373 2850 2846
f 2850 3373 2849
f 2849 3373 2853
f 3373 2852 2853
f 2852 3373 2856
f 2856 3373 2855
f 3373 2854 2855
f 2661 5231 2666
f 2666 5231 2665
f 5231 2669 2665
f 2669 5231 2668
f 2668 5231 2672
f 5231 2671 2672
f 2671 5231 2675
f 2675 5231 2674
f 5231 2684 2674
f 2684 5231 2683
f 2683 5231 2681
f 5231 2679 2681
f 2687 5216 2686
f 2679 5231 2677
f 2677 5231 2687
f 5231 5215 2687
f 2687 5215 5216
f 3422 2809 3421
f 3422 3423 2809
f 2809 3423 2815
f 3423 3414 2815
f 2821 3417 2820
f 3414 3415 2815
f 2815 3415 2814
f 3415 3416 2814
f 2814 3416 2818
f 3416 3417 2818
f 2818 3417 2817
f 3417 2821 2817
f 2820 3417 2824
f 2824 3417 2823
f 3417 2829 2823
f 2829 3417 2828
f 2828 3417 2826
f 3417 2832 2826
f 2794 3428 2801
f 2801 3428 2800
f 2800 3428 2799
f 2799 3428 2798
f 3428 3430 2798
f 2798 3430 2807
f 3430 3431 2807
f 2807 3431 2806
f 3431 3425 2806
f 2806 3425 2805
f 3425 3426 2805
f 2805 3426 2804
f 3426 3420 2804
f 2804 3420 2812
f 3420 3421 2812
f 2812 3421 2811
f 3421 2809 2811
f 2771 3441 2772
f 2772 3441 2774
f 2774 3441 2775
f 3441 2777 2775
f 2777 3441 2778
f 2778 3441 2780
f 3441 2782 2780
f 2782 3441 2784
f 2784 3441 2786
f 3441 2788 2786
f 3432 2795 3434
f 2794 2795 3428
f 3428 2795 3427
f 2795 3432 3427
f 2788 3441 2790
f 2790 3441 2792
f 3441 3437 2792
f 2792 3437 2795
f 3437 3435 2795
f 2795 3435 3434
f 2753 3447 2754
f 2754 3447 2756
f 2756 3447 2757
f 2757 3447 2759
f 3447 2760 2759
f 2760 3447 2762
f 2762 3447 2763
f 3447 2765 2763
f 3439 2769 3442
f 2771 2769 3441
f 3441 2769 3440
f 2769 3439 3440
f 2765 3447 2766
f 2766 3447 2768
f 3447 3446 2768
f 2768 3446 2769
f 3446 3444 2769
f 2769 3444 3442
f 2730 5228 2732
f 2732 5228 2734
f 5228 2736 2734
f 5226 5227 2724
f 2724 5227 2723
f 5227 5228 2723
f 2723 5228 2728
f 5228 2730 2728
f 2736 5228 2738
f 2738 5228 2739
f 5228 2741 2739
f 2741 5228 2742
f 2742 5228 2744
f 5228 2745 2744
f 2751 2750 5239
f 5239 2750 5238
f 2750 2748 5238
f 5238 2748 5228
f 2748 2747 5228
f 5228 2747 2745
f 2710 5218 2709
f 2709 5218 2707
f 5218 5217 2707
f 2707 5217 2713
f 5217 5226 2713
f 2713 5226 2712
f 5226 2716 2712
f 2716 5226 2715
f 2715 5226 2719
f 5226 2718 2719
f 2718 5226 2722
f 2722 5226 2721
f 5226 2725 2721
f 2686 5216 2685
f 2685 5216 2690
f 5216 2693 2690
f 2693 5216 2692
f 2692 5216 2699
f 5216 2698 2699
f 2698 5216 2697
f 2697 5216 2696
f 5216 2705 2696
f 2705 5216 2704
f 2704 5216 2703
f 5216 2702 2703
f 2710 2702 5218
f 5218 2702 5219
f 2702 5216 5219
f 3467 7395 3468
f 3468 7395 3470
f 7395 3471 3470
f 3471 7395 3473
f 3473 7395 3474
f 7395 3476 3474
f 3454 7395 3456
f 3456 7395 3458
f 3458 7395 3459
f 3459 7395 3461
f 7395 3462 3461
f 3462 7395 3464
f 3464 7395 3465
f 7395 3467 3465
f 5244 5245 5125
f 5245 5246 5125
f 3449 3447 5239
f 5239 3447 2751
f 3447 2753 2751
f 3476 7395 5125
f 5125 7395 5244
f 7395 3454 5244
f 5244 3454 5240
f 3454 3453 5240
f 5240 3453 5239
f 3453 3451 5239
f 5239 3451 3449
f 2854 3373 2661
f 2661 3373 5231
f 3373 3374 5231
f 5231 3374 3407
f 3403 5231 3402
f 3402 5231 3406
f 5231 3407 3406
f 5231 3403 5230
f 5230 3403 5229
f 5229 3401 5243
f 3401 5229 3400
f 3400 5229 3398
f 5229 3396 3398
f 3396 5229 3394
f 3394 5229 3392
f 5229 3403 3392
f 7381 5242 5264
f 5243 3401 5242
f 5242 3401 7394
f 3401 3386 7394
f 7394 3386 3387
f 3384 7394 3390
f 3390 7394 3389
f 7394 3387 3389
f 3378 7394 3382
f 3382 7394 3381
f 7394 3385 3381
f 5242 7394 5264
f 5264 7394 3376
f 7394 3378 3376
f 5242 7381 5241
f 5241 7381 5249
f 7381 7382 5249
f 5249 7382 5248
f 5248 7382 5247
f 7382 7383 5247
f 5247 7383 5255
f 5255 7383 5254
f 7383 7384 5254
f 5254 7384 5253
f 5253 7384 5260
f 7384 7385 5260
f 5260 7385 5259
f 5259 7385 5206
f 5206 7385 5204
f 7385 7386 5204
f 5204 7386 5203
f 7386 7387 5203
f 5203 7387 5214
f 7387 7388 5214
f 5214 7388 5213
f 7388 7389 5213
f 5213 7389 5212
f 7389 7390 5212
f 5212 7390 5225
f 7390 7379 5225
f 5225 7379 5224
f 7379 7380 5224
f 5224 7380 5223
f 7380 7391 5223
f 5223 7391 5235
f 7391 7205 5235
f 5246 5250 5125
f 5125 5250 7396
f 5250 5251 7396
f 5251 5252 7396
f 7396 5252 7397
f 5252 5256 7397
f 5256 5257 7397
f 7397 5257 7398
f 5257 5258 7398
f 5258 5261 7398
f 7398 5261 7399
f 5261 5262 7399
f 7399 5262 7400
f 5262 5207 7400
f 7400 5207 7401
f 5207 5208 7401
f 7401 5208 7402
f 5208 5210 7402
f 7402 5210 7403
f 5210 5211 7403
f 7403 5211 7404
f 5211 5220 7404
f 7404 5220 7405
f 5220 5221 7405
f 7405 5221 7406
f 5221 5222 7406
f 7406 5222 7407
f 5222 5234 7407
f 7407 5234 5650
f 5234 5233 5650
f 7408 7410 7409
f 7409 7410 7411
f 7410 7412 7411
f 7411 7412 7413
f 7412 7414 7413
f 7413 7414 7415
f 7414 7416 7415
f 7415 7416 7417
f 7416 7418 7417
f 7417 7418 7419
f 7418 7420 7419
f 7419 7420 7421
f 7420 7422 7421
f 7421 7422 7423
f 7422 7424 7423
f 7423 7424 7425
f 7424 7426 7425
f 7425 7426 7023
f 7426 7008 7023
f 7427 7408 7428
f 7428 7408 7429
f 7408 7409 7429
f 7430 7427 7431
f 7431 7427 7432
f 7427 7428 7432
f 7433 7430 7434
f 7434 7430 7435
f 7430 7431 7435
f 7436 7433 7437
f 7437 7433 7438
f 7433 7434 7438
f 7439 7372 7371
f 7372 7439 7373
f 7373 7439 7374
f 7439 7375 7374
f 7375 7439 7440
f 7440 7439 7441
f 7439 7436 7441
f 7441 7436 7442
f 7436 7437 7442
f 7375 7440 7443
f 7443 7440 5793
f 7440 7444 5793
f 5793 7444 5794
f 5792 5796 7445
f 7445 5796 7446
f 5796 5797 7446
f 7446 5797 7447
f 5797 5795 7447
f 7447 5795 7448
f 5795 5794 7448
f 7448 5794 7449
f 5794 7444 7449
f 7367 7450 7366
f 7366 7450 7365
f 7450 7364 7365
f 7364 7450 7370
f 7370 7450 7369
f 7450 7439 7369
f 7369 7439 7368
f 7439 7371 7368
f 7360 7451 7359
f 7360 7361 7451
f 7452 7451 7357
f 7451 7361 7357
f 7359 7451 7363
f 7363 7451 7362
f 7451 7450 7362
f 7450 7367 7362
f 7445 5202 5792
f 5200 5202 7453
f 7453 5202 7454
f 7455 5202 7456
f 7457 5200 7458
f 7457 7459 5200
f 7460 5410 7461
f 7460 7462 5410
f 7376 7452 7377
f 7377 7452 7378
f 7378 7452 7358
f 7452 7357 7358
f 5202 7464 7463
f 7456 5202 7465
f 7465 5202 7466
f 5202 7463 7466
f 7454 5202 7467
f 7467 5202 7468
f 5202 7455 7468
f 7469 5200 7470
f 7470 5200 7471
f 5200 7459 7471
f 7458 5200 7472
f 7472 5200 7473
f 5200 7474 7473
f 7464 5202 7475
f 7475 5202 7476
f 5202 7477 7476
f 7452 7376 7478
f 7478 7376 7479
f 7376 5410 7479
f 7479 5410 7480
f 5410 7462 7480
f 5202 7482 7481
f 7477 5202 7483
f 7483 5202 7484
f 5202 7481 7484
f 7461 5410 7485
f 7485 5410 7486
f 5410 5200 7486
f 7486 5200 7487
f 5200 7469 7487
f 7474 5200 7488
f 7488 5200 7489
f 5200 7490 7489
f 7482 5202 7491
f 7491 5202 7492
f 5202 7493 7492
f 7493 5202 7494
f 7494 5202 7495
f 5202 7496 7495
f 7490 5200 7497
f 7497 5200 7498
f 5200 7499 7498
f 7496 5202 7500
f 7500 5202 7501
f 5202 7502 7501
f 7499 5200 7503
f 7503 5200 7453
f 7445 7504 5202
f 7502 5202 7505
f 7505 5202 7506
f 5202 7504 7506
f 7507 4978 4979
f 7507 7508 4978
f 3637 4978 3639
f 3639 4978 7201
f 4978 7508 7201
f 1330 1332 4248
f 4248 1332 1334
f 1254 3657 1252
f 1252 3657 1250
f 1250 3657 1248
f 3657 1247 1248
f 1330 4248 1328
f 1328 4248 1326
f 4248 1324 1326
f 1324 4248 1322
f 1322 4248 1320
f 4248 1318 1320
f 1318 4248 1316
f 1316 4248 1314
f 4248 1312 1314
f 70 68 7509
f 7509 68 66
f 1268 3657 1266
f 1266 3657 1264
f 1264 3657 1262
f 3657 1260 1262
f 2 7509 1
f 1 7509 64
f 7509 66 64
f 7446 1298 7445
f 1260 3657 1258
f 1258 3657 1256
f 3657 1254 1256
f 76 7509 78
f 78 7509 80
f 7509 82 80
f 82 7509 84
f 84 7509 86
f 7509 88 86
f 96 7510 98
f 102 7511 104
f 7512 110 7513
f 7513 110 7514
f 1302 4301 1300
f 124 4405 126
f 132 4405 134
f 134 4405 136
f 1276 3657 1274
f 7511 7515 104
f 104 7515 106
f 7515 7516 106
f 126 4405 128
f 128 4405 130
f 4405 132 130
f 142 4405 144
f 144 4405 145
f 4405 60 145
f 1284 1286 7415
f 7415 1286 7413
f 1286 1288 7413
f 1282 1284 7419
f 7419 1284 7417
f 1284 7415 7417
f 7023 1280 7425
f 7425 1280 7423
f 1280 1282 7423
f 7423 1282 7421
f 1282 7419 7421
f 1274 3657 1272
f 1272 3657 1270
f 3657 1268 1270
f 7510 96 7517
f 7517 96 7518
f 96 94 7518
f 7518 94 7519
f 88 7509 90
f 90 7509 92
f 7509 7520 92
f 92 7520 94
f 7520 7521 94
f 94 7521 7519
f 7511 102 7522
f 7522 102 7523
f 102 100 7523
f 7523 100 7524
f 100 98 7524
f 7524 98 7525
f 98 7510 7525
f 7526 108 7527
f 7527 108 7528
f 108 106 7528
f 7528 106 7529
f 106 7516 7529
f 7446 7447 1298
f 7441 1296 7440
f 136 4405 138
f 138 4405 140
f 4405 142 140
f 7023 3657 1280
f 1280 3657 1278
f 3657 1276 1278
f 70 7509 72
f 72 7509 74
f 7509 76 74
f 7514 110 7530
f 7530 110 7531
f 110 108 7531
f 7531 108 7532
f 108 7526 7532
f 7428 7429 1292
f 1292 7429 1290
f 7429 7409 1290
f 1290 7409 1288
f 7409 7411 1288
f 1288 7411 7413
f 4368 7504 4335
f 7428 1292 7432
f 7432 1292 7431
f 1292 1294 7431
f 7431 1294 7435
f 1294 7434 7435
f 1312 4248 1310
f 1310 4248 1308
f 4248 4267 1308
f 1308 4267 1306
f 4301 1302 4284
f 4284 1302 4267
f 1302 1304 4267
f 4267 1304 1306
f 7504 7445 4335
f 1300 4301 1298
f 1298 4301 7445
f 4301 4318 7445
f 7445 4318 4335
f 7440 1296 7444
f 7444 1296 7449
f 1296 1298 7449
f 7449 1298 7448
f 1298 7447 7448
f 7434 1294 7438
f 7438 1294 7437
f 1294 1296 7437
f 7437 1296 7442
f 1296 7441 7442
f 7512 7533 110
f 110 7533 112
f 7533 7534 112
f 4404 116 4385
f 4385 116 4368
f 116 114 4368
f 4368 114 7504
f 114 112 7504
f 7504 112 7535
f 112 7534 7535
f 116 4404 118
f 118 4404 120
f 4404 4405 120
f 120 4405 122
f 4405 124 122
f 5416 6998 5440
f 5440 6998 5835
f 6998 6999 5835
f 6999 7001 5835
f 5835 7001 5833
f 7001 7002 5833
f 7002 7003 5833
f 5833 7003 5831
f 7003 7004 5831
f 7004 7009 5831
f 5831 7009 5829
f 7009 7010 5829
f 5827 5829 7015
f 7015 5829 7011
f 5829 7010 7011
f 7019 5825 7018
f 7018 5825 7017
f 5825 5827 7017
f 7017 5827 7016
f 5827 7015 7016
f 5825 7019 5823
f 5823 7019 5821
f 7019 7005 5821
f 5821 7005 5819
f 7005 7006 5819
f 5819 7006 5817
f 7006 7007 5817
f 5817 7007 5815
f 7007 7012 5815
f 5815 7012 5813
f 7012 7013 5813
f 5813 7013 5811
f 7013 7014 5811
f 5811 7014 5809
f 7014 7020 5809
f 5809 7020 5807
f 7020 7021 5807
f 5807 7021 5805
f 7021 7022 5805
f 5805 7022 5803
f 7022 7024 5803
f 5803 7024 5802
f 7024 7025 5802
f 7536 6401 7537
f 7537 6401 6400
f 7538 7540 7539
f 7539 7540 7541
f 7540 7542 7541
f 7541 7542 7543
f 7542 7544 7543
f 7543 7544 7545
f 7544 7546 7545
f 7545 7546 7547
f 7546 7548 7547
f 7547 7548 7549
f 7548 7550 7549
f 7549 7550 7551
f 7550 7552 7551
f 7551 7552 7553
f 7552 7554 7553
f 7553 7554 7555
f 7554 7556 7555
f 7555 7556 7557
f 7556 7558 7557
f 7557 7558 7559
f 7558 7560 7559
f 7559 7560 7561
f 7560 7562 7561
f 7561 7562 7563
f 7562 7564 7563
f 7563 7564 7565
f 7564 7566 7565
f 7565 7566 7567
f 7566 7568 7567
f 7567 7568 7569
f 7568 7570 7569
f 7569 7570 7571
f 7570 7572 7571
f 7571 7572 7573
f 7572 7574 7573
f 7573 7574 7575
f 7574 7576 7575
f 7575 7576 7577
f 7576 7578 7577
f 7577 7578 7579
f 7578 7580 7579
f 7579 7580 7581
f 7580 7582 7581
f 7581 7582 7583
f 7582 7584 7583
f 7583 7584 7585
f 7584 7586 7585
f 7585 7586 7587
f 7586 7588 7587
f 7587 7588 7589
f 7588 7590 7589
f 7589 7590 7591
f 7590 7592 7591
f 7591 7592 7593
f 7592 7594 7593
f 7593 7594 7595
f 7594 7596 7595
f 7595 7596 7597
f 7596 7598 7597
f 7597 7598 7599
f 7598 7600 7599
f 7599 7600 7601
f 7600 7602 7601
f 7601 7602 7603
f 7602 7604 7603
f 7603 7604 7605
f 7604 7606 7605
f 7605 7606 7607
f 7606 7608 7607
f 7607 7608 7609
f 7608 7610 7609
f 7609 7610 7611
f 7610 7612 7611
f 7611 7612 7613
f 7612 7614 7613
f 7613 7614 7615
f 7614 7616 7615
f 7615 7616 7617
f 7616 7618 7617
f 7617 7618 7619
f 7618 7620 7619
f 7619 7620 7621
f 7620 7622 7621
f 7621 7622 7623
f 7622 7624 7623
f 7623 7624 7625
f 7624 7626 7625
f 7625 7626 7627
f 7626 7628 7627
f 7627 7628 7629
f 7628 7630 7629
f 7629 7630 7631
f 7630 7632 7631
f 7631 7632 7633
f 7632 7634 7633
f 7633 7634 7635
f 7634 7636 7635
f 7635 7636 7637
f 7636 7638 7637
f 7637 7638 7639
f 7638 7640 7639
f 7639 7640 7641
f 7640 7642 7641
f 7641 7642 7643
f 7642 7644 7643
f 7643 7644 7645
f 7644 7646 7645
f 7645 7646 7647
f 7646 7648 7647
f 7647 7648 7649
f 7648 7650 7649
f 7649 7650 7651
f 7650 7652 7651
f 7651 7652 7653
f 7652 7654 7653
f 7653 7654 7655
f 7654 7656 7655
f 7655 7656 7657
f 7656 7658 7657
f 7657 7658 7659
f 7658 7660 7659
f 7659 7660 7661
f 7660 7662 7661
f 7661 7662 7663
f 7662 7664 7663
f 7663 7664 7665
f 7664 7666 7665
f 7665 7666 7667
f 7666 7668 7667
f 7667 7668 7669
f 7668 7670 7669
f 7669 7670 7671
f 7670 7672 7671
f 7671 7672 7673
f 7672 7674 7673
f 7673 7674 7675
f 7674 7676 7675
f 7675 7676 7677
f 7676 7678 7677
f 7677 7678 7679
f 7678 7680 7679
f 7679 7680 7681
f 7680 7538 7681
f 7681 7538 7539
f 2869 2870 3485
f 3485 2870 2874
f 2970 2972 7682
f 7682 2972 7683
f 2972 2974 7683
f 7683 2974 7684
f 2974 2976 7684
f 7684 2976 7685
f 2976 2978 7685
f 7685 2978 7686
f 2978 2980 7686
f 7686 2980 7687
f 2980 2982 7687
f 7687 2982 7688
f 2982 2984 7688
f 7688 2984 7689
f 2984 2986 7689
f 7689 2986 7690
f 2986 2988 7690
f 7690 2988 7691
f 2988 2990 7691
f 7691 2990 7692
f 2990 2992 7692
f 7692 2992 7693
f 2992 2994 7693
f 7693 2994 7694
f 2994 2996 7694
f 7694 2996 7695
f 2996 2998 7695
f 7695 2998 7696
f 2998 3000 7696
f 7696 3000 7697
f 3000 3002 7697
f 7697 3002 7698
f 3002 3004 7698
f 7698 3004 7699
f 3004 3006 7699
f 7699 3006 7700
f 3006 3008 7700
f 7700 3008 7701
f 3008 3010 7701
f 7701 3010 7702
f 3010 3012 7702
f 7702 3012 7703
f 3012 3014 7703
f 7703 3014 7704
f 3014 3016 7704
f 7704 3016 7705
f 3016 3018 7705
f 7705 3018 7706
f 3018 2876 7706
f 7706 2876 7707
f 2876 2878 7707
f 7707 2878 7708
f 2878 2880 7708
f 7708 2880 7709
f 2880 2882 7709
f 7709 2882 7710
f 2882 2884 7710
f 7710 2884 7711
f 2884 2886 7711
f 7711 2886 7712
f 2886 2888 7712
f 7712 2888 7713
f 2888 2890 7713
f 7713 2890 7714
f 2890 2892 7714
f 7714 2892 7715
f 2892 2894 7715
f 7715 2894 7716
f 2894 2896 7716
f 7716 2896 7717
f 2896 2898 7717
f 7717 2898 7718
f 2898 2900 7718
f 7718 2900 7719
f 2900 2902 7719
f 7719 2902 7720
f 2902 2904 7720
f 7720 2904 7721
f 2904 2906 7721
f 7721 2906 7722
f 2906 2908 7722
f 7722 2908 7723
f 2908 2910 7723
f 7723 2910 7724
f 2910 2912 7724
f 7724 2912 7725
f 2912 2914 7725
f 7725 2914 7726
f 2914 2916 7726
f 7726 2916 7727
f 2916 2918 7727
f 7727 2918 7728
f 2918 2920 7728
f 7728 2920 7729
f 2920 2922 7729
f 7729 2922 7730
f 2922 2924 7730
f 7730 2924 7731
f 2924 2926 7731
f 7731 2926 7732
f 2926 2928 7732
f 7732 2928 7733
f 2928 2930 7733
f 7733 2930 7734
f 2930 2932 7734
f 7734 2932 7735
f 2932 2934 7735
f 7735 2934 7736
f 2934 2936 7736
f 7736 2936 7737
f 2936 2938 7737
f 7737 2938 7738
f 2938 2940 7738
f 7738 2940 7739
f 2940 2942 7739
f 7739 2942 7740
f 2942 2944 7740
f 7740 2944 7741
f 2944 2946 7741
f 7741 2946 7742
f 2946 2948 7742
f 7742 2948 7743
f 2948 2950 7743
f 7743 2950 7744
f 2950 2952 7744
f 7744 2952 7745
f 2952 2954 7745
f 7745 2954 7746
f 2954 2956 7746
f 7746 2956 7747
f 2956 2958 7747
f 7747 2958 7748
f 2958 2960 7748
f 7748 2960 7749
f 2960 2962 7749
f 7749 2962 7750
f 2962 2964 7750
f 7750 2964 7751
f 2964 2966 7751
f 7751 2966 7752
f 2966 2968 7752
f 7752 2968 7753
f 2968 2970 7753
f 7753 2970 7682
f 3314 3096 4223
f 4223 3096 3646
f 3096 3095 3646
f 3646 3095 3644
f 3095 3241 3644
f 3644 3241 6380
f 3480 3479 4444
f 4444 3479 4446
f 5209 7754 4487
f 4487 7754 4485
f 7754 7755 4485
f 7755 7756 4485
f 4485 7756 4483
f 7756 7757 4483
f 7757 7758 4483
f 4483 7758 4481
f 7758 7759 4481
f 7759 7760 4481
f 4481 7760 4479
f 7760 7761 4479
f 4477 4479 7762
f 7762 4479 7763
f 4479 7761 7763
f 7764 4475 7765
f 7765 4475 7766
f 4475 4477 7766
f 7766 4477 7767
f 4477 7762 7767
f 4475 7764 4473
f 4473 7764 4471
f 7764 7768 4471
f 4471 7768 4469
f 7768 7769 4469
f 4469 7769 4467
f 7769 7770 4467
f 4467 7770 4465
f 7770 7771 4465
f 4465 7771 4463
f 7771 7772 4463
f 4463 7772 4461
f 7772 7773 4461
f 4461 7773 4459
f 7773 7774 4459
f 4459 7774 4457
f 7774 7775 4457
f 4457 7775 4455
f 7775 7776 4455
f 4455 7776 4453
f 7776 7777 4453
f 4453 7777 2
f 7777 7509 2
f 7400 7401 6372
f 6372 7401 7402
f 7400 6372 7399
f 7399 6372 7398
f 6372 7397 7398
f 5126 5125 6372
f 5125 7396 6372
f 6372 7396 7397
f 7405 6372 7404
f 7404 6372 7403
f 6372 7402 7403
f 3656 3655 5650
f 5650 3655 7407
f 3655 6372 7407
f 7407 6372 7406
f 6372 7405 7406
f 2641 7443 2643
f 2643 7443 5793
f 4980 7778 4979
f 4979 7778 7507
f 7778 7779 7507
f 7507 7779 7508
f 7779 7202 7508
f 7508 7202 7201
f 7780 6966 6995
f 7780 7781 6966
f 6966 7781 6938
f 7781 7782 6938
f 6938 7782 6910
f 7782 7783 6910
f 6910 7783 6882
f 7783 7784 6882
f 6882 7784 6854
f 7784 7785 6854
f 6854 7785 6826
f 7785 7786 6826
f 6826 7786 6798
f 7786 7787 6798
f 6798 7787 6770
f 7787 7788 6770
f 6770 7788 6742
f 7788 7789 6742
f 6742 7789 6714
f 7789 7790 6714
f 6714 7790 6686
f 7790 7791 6686
f 7791 7792 6686
f 6686 7792 6658
f 7792 7793 6658
f 7793 7794 6658
f 6658 7794 6630
f 7794 7795 6630
f 7795 7796 6630
f 6630 7796 6602
f 7796 7797 6602
f 7797 7798 6602
f 6602 7798 6574
f 7798 7799 6574
f 7799 7800 6574
f 6574 7800 6546
f 7800 7801 6546
f 7801 7802 6546
f 6546 7802 6518
f 7802 7803 6518
f 7803 7804 6518
f 6518 7804 5236
f 7804 5205 5236
f 3645 3321 5732
f 5732 3321 3322
f 7800 7805 7801
f 7801 7805 7802
f 7805 7803 7802
f 7803 7805 7804
f 7804 7805 5205
f 7805 7806 5205
f 5205 7806 5209
f 5209 7806 7754
f 7754 7806 7755
f 7806 7807 7755
f 7755 7807 7756
f 7756 7807 7757
f 7757 7807 7758
f 7807 7759 7758
f 7768 7807 7769
f 7769 7807 7770
f 7797 7805 7798
f 7798 7805 7799
f 7805 7800 7799
f 7788 7787 7805
f 7805 7787 7808
f 7787 7786 7808
f 7808 7786 7785
f 7788 7805 7789
f 7789 7805 7790
f 7805 7791 7790
f 7759 7807 7760
f 7760 7807 7761
f 7807 7763 7761
f 7770 7807 7771
f 7771 7807 7772
f 7807 7773 7772
f 7763 7807 7762
f 7762 7807 7767
f 7807 7766 7767
f 7782 7808 7783
f 7783 7808 7784
f 7808 7785 7784
f 7794 7805 7795
f 7795 7805 7796
f 7805 7797 7796
f 7766 7807 7765
f 7765 7807 7764
f 7807 7768 7764
f 7773 7807 7774
f 7774 7807 7775
f 7807 7776 7775
f 7809 7808 7780
f 7780 7808 7781
f 7808 7782 7781
f 7791 7805 7792
f 7792 7805 7793
f 7805 7794 7793
f 7776 7807 7777
f 7777 7807 7509
f 7807 7520 7509
f 2859 5646 5647
f 5647 7188 2859
f 2859 7188 2860
f 7188 7202 2860
f 5646 2859 6424
f 6424 2859 6425
f 2859 6426 6425
f 4980 2860 7778
f 7778 2860 7779
f 2860 7202 7779
f 7258 7260 7810
f 7810 7260 7811
f 7260 7262 7811
f 7811 7262 7812
f 7262 7264 7812
f 7812 7264 7813
f 7264 7266 7813
f 7813 7266 7814
f 7266 7267 7814
f 7814 7267 7815
f 7267 7197 7815
f 7815 7197 7816
f 7197 7195 7816
f 7816 7195 7817
f 7195 7172 7817
f 7817 7172 7818
f 7172 7173 7818
f 7818 7173 7819
f 7173 7189 7819
f 7819 7189 7820
f 7189 7190 7820
f 7820 7190 7821
f 7190 7179 7821
f 7821 7179 7822
f 7179 7178 7822
f 7822 7178 7823
f 7178 7177 7823
f 7823 7177 7824
f 7177 7180 7824
f 7824 7180 7825
f 7180 7181 7825
f 7825 7181 7826
f 7181 7182 7826
f 7826 7182 7827
f 7182 7183 7827
f 7827 7183 7828
f 7183 7184 7828
f 7828 7184 7829
f 7184 7185 7829
f 7829 7185 7830
f 7185 7191 7830
f 7830 7191 7831
f 7191 7192 7831
f 7831 7192 7832
f 7192 7193 7832
f 7832 7193 7833
f 7193 7203 7833
f 7833 7203 7834
f 7203 7204 7834
f 7834 7204 7835
f 7204 7206 7835
f 7835 7206 7836
f 7206 7207 7836
f 7836 7207 7837
f 7207 7208 7837
f 7837 7208 7838
f 7208 7302 7838
f 7838 7302 7839
f 7302 7301 7839
f 7839 7301 7840
f 7301 7300 7840
f 7840 7300 7841
f 7300 7303 7841
f 7841 7303 7842
f 7303 7304 7842
f 7842 7304 7843
f 7304 7305 7843
f 7843 7305 7844
f 7305 7306 7844
f 7844 7306 7845
f 7306 7307 7845
f 7845 7307 7846
f 7307 7308 7846
f 7846 7308 7847
f 7308 7309 7847
f 7847 7309 7848
f 7309 7310 7848
f 7848 7310 7849
f 7310 7311 7849
f 7849 7311 7850
f 7311 7312 7850
f 7850 7312 7851
f 7312 7313 7851
f 7851 7313 7852
f 7313 7269 7852
f 7852 7269 7853
f 7269 7270 7853
f 7853 7270 7854
f 7270 7271 7854
f 7854 7271 7855
f 7271 7194 7855
f 7855 7194 7856
f 7194 7209 7856
f 7856 7209 7857
f 7209 7210 7857
f 7857 7210 7858
f 7210 7212 7858
f 7858 7212 7859
f 7212 7214 7859
f 7859 7214 7860
f 7214 7216 7860
f 7860 7216 7861
f 7216 7218 7861
f 7861 7218 7862
f 7218 7220 7862
f 7862 7220 7863
f 7220 7222 7863
f 7863 7222 7864
f 7222 7224 7864
f 7864 7224 7865
f 7224 7226 7865
f 7865 7226 7866
f 7226 7228 7866
f 7866 7228 7867
f 7228 7230 7867
f 7867 7230 7868
f 7230 7232 7868
f 7868 7232 7869
f 7232 7234 7869
f 7869 7234 7870
f 7234 7236 7870
f 7870 7236 7871
f 7236 7238 7871
f 7871 7238 7872
f 7238 7240 7872
f 7872 7240 7873
f 7240 7242 7873
f 7873 7242 7874
f 7242 7244 7874
f 7874 7244 7875
f 7244 7246 7875
f 7875 7246 7876
f 7246 7248 7876
f 7876 7248 7877
f 7248 7250 7877
f 7877 7250 7878
f 7250 7252 7878
f 7878 7252 7879
f 7252 7254 7879
f 7879 7254 7880
f 7254 7256 7880
f 7880 7256 7881
f 7256 7258 7881
f 7881 7258 7810
f 7188 5647 5790
f 5790 5647 5672
f 5724 5725 7882
f 7882 5725 7883
f 5725 5726 7883
f 7883 5726 7884
f 5726 5727 7884
f 7884 5727 7885
f 5727 5728 7885
f 7885 5728 7886
f 5728 5729 7886
f 7886 5729 7887
f 5729 5690 7887
f 7887 5690 7888
f 5690 5689 7888
f 7888 5689 7889
f 5689 5691 7889
f 7889 5691 7890
f 5691 5692 7890
f 7890 5692 7891
f 5692 5693 7891
f 7891 5693 7892
f 5693 5694 7892
f 7892 5694 7893
f 5694 5656 7893
f 7893 5656 7894
f 5656 5657 7894
f 7894 5657 7895
f 5657 5658 7895
f 7895 5658 7896
f 5658 5659 7896
f 7896 5659 7897
f 5659 5673 7897
f 7897 5673 7898
f 5673 5674 7898
f 7898 5674 7899
f 5674 5643 7899
f 7899 5643 7900
f 5643 5644 7900
f 7900 5644 7901
f 5644 5660 7901
f 7901 5660 7902
f 5660 5661 7902
f 7902 5661 7903
f 5661 5648 7903
f 7903 5648 7904
f 5648 5649 7904
f 7904 5649 7905
f 5649 5662 7905
f 7905 5662 7906
f 5662 5663 7906
f 7906 5663 7907
f 5663 5664 7907
f 7907 5664 7908
f 5664 5651 7908
f 7908 5651 7909
f 5651 5652 7909
f 7909 5652 7910
f 5652 5665 7910
f 7910 5665 7911
f 5665 5666 7911
f 7911 5666 7912
f 5666 5667 7912
f 7912 5667 7913
f 5667 5668 7913
f 7913 5668 7914
f 5668 5669 7914
f 7914 5669 7915
f 5669 5670 7915
f 7915 5670 7916
f 5670 5677 7916
f 7916 5677 7917
f 5677 5678 7917
f 7917 5678 7918
f 5678 5679 7918
f 7918 5679 7919
f 5679 5680 7919
f 7919 5680 7920
f 5680 5681 7920
f 7920 5681 7921
f 5681 5682 7921
f 7921 5682 7922
f 5682 5686 7922
f 7922 5686 7923
f 5686 5687 7923
f 7923 5687 7924
f 5687 5653 7924
f 7924 5653 7925
f 5653 5654 7925
f 7925 5654 7926
f 5654 5675 7926
f 7926 5675 7927
f 5675 5676 7927
f 7927 5676 7928
f 5676 5699 7928
f 7928 5699 7929
f 5699 5700 7929
f 7929 5700 7930
f 5700 5701 7930
f 7930 5701 7931
f 5701 5702 7931
f 7931 5702 7932
f 5702 5703 7932
f 7932 5703 7933
f 5703 5704 7933
f 7933 5704 7934
f 5704 5705 7934
f 7934 5705 7935
f 5705 5706 7935
f 7935 5706 7936
f 5706 5707 7936
f 7936 5707 7937
f 5707 5708 7937
f 7937 5708 7938
f 5708 5709 7938
f 7938 5709 7939
f 5709 5710 7939
f 7939 5710 7940
f 5710 5711 7940
f 7940 5711 7941
f 5711 5712 7941
f 7941 5712 7942
f 5712 5713 7942
f 7942 5713 7943
f 5713 5714 7943
f 7943 5714 7944
f 5714 5715 7944
f 7944 5715 7945
f 5715 5716 7945
f 7945 5716 7946
f 5716 5717 7946
f 7946 5717 7947
f 5717 5718 7947
f 7947 5718 7948
f 5718 5719 7948
f 7948 5719 7949
f 5719 5720 7949
f 7949 5720 7950
f 5720 5721 7950
f 7950 5721 7951
f 5721 5722 7951
f 7951 5722 7952
f 5722 5723 7952
f 7952 5723 7953
f 5723 5724 7953
f 7953 5724 7882
f 6426 5798 5799
f 7393 3367 3366
f 2863 3367 2859
f 2859 3367 6426
f 3367 7393 6426
f 6426 7393 5798
f 7562 7560 7893
f 7893 7560 7892
f 7560 7558 7892
f 7892 7558 7891
f 7558 7556 7891
f 7891 7556 7890
f 7556 7554 7890
f 7890 7554 7889
f 7554 7552 7889
f 7889 7552 7888
f 7552 7550 7888
f 7888 7550 7887
f 7550 7548 7887
f 7887 7548 7886
f 7548 7546 7886
f 7886 7546 7885
f 7546 7544 7885
f 7885 7544 7884
f 7544 7542 7884
f 7884 7542 7883
f 7542 7540 7883
f 7883 7540 7882
f 7540 7538 7882
f 7882 7538 7953
f 7538 7680 7953
f 7953 7680 7952
f 7680 7678 7952
f 7952 7678 7951
f 7678 7676 7951
f 7951 7676 7950
f 7676 7674 7950
f 7950 7674 7949
f 7674 7672 7949
f 7949 7672 7948
f 7672 7670 7948
f 7948 7670 7947
f 7670 7668 7947
f 7947 7668 7946
f 7668 7666 7946
f 7946 7666 7945
f 7666 7664 7945
f 7945 7664 7944
f 7664 7662 7944
f 7944 7662 7943
f 7662 7660 7943
f 7943 7660 7942
f 7660 7658 7942
f 7942 7658 7941
f 7658 7656 7941
f 7941 7656 7940
f 7656 7654 7940
f 7940 7654 7939
f 7654 7652 7939
f 7939 7652 7938
f 7652 7650 7938
f 7938 7650 7937
f 7650 7648 7937
f 7937 7648 7936
f 7648 7646 7936
f 7936 7646 7935
f 7646 7644 7935
f 7935 7644 7934
f 7644 7642 7934
f 7934 7642 7933
f 7642 7640 7933
f 7933 7640 7932
f 7640 7638 7932
f 7932 7638 7931
f 7638 7636 7931
f 7931 7636 7930
f 7636 7634 7930
f 7930 7634 7929
f 7634 7632 7929
f 7929 7632 7928
f 7632 7630 7928
f 7928 7630 7927
f 7630 7628 7927
f 7927 7628 7926
f 7628 7626 7926
f 7926 7626 7925
f 7626 7624 7925
f 7925 7624 7924
f 7624 7622 7924
f 7924 7622 7923
f 7622 7620 7923
f 7923 7620 7922
f 7620 7618 7922
f 7922 7618 7921
f 7618 7616 7921
f 7921 7616 7920
f 7616 7614 7920
f 7920 7614 7919
f 7614 7612 7919
f 7919 7612 7918
f 7612 7610 7918
f 7918 7610 7917
f 7610 7608 7917
f 7917 7608 7916
f 7608 7606 7916
f 7916 7606 7915
f 7606 7604 7915
f 7915 7604 7914
f 7604 7602 7914
f 7914 7602 7913
f 7602 7600 7913
f 7913 7600 7912
f 7600 7598 7912
f 7912 7598 7911
f 7598 7596 7911
f 7911 7596 7910
f 7596 7594 7910
f 7910 7594 7909
f 7594 7592 7909
f 7909 7592 7908
f 7592 7590 7908
f 7908 7590 7907
f 7590 7588 7907
f 7907 7588 7906
f 7588 7586 7906
f 7906 7586 7905
f 7586 7584 7905
f 7905 7584 7904
f 7584 7582 7904
f 7904 7582 7903
f 7582 7580 7903
f 7903 7580 7902
f 7580 7578 7902
f 7902 7578 7901
f 7578 7576 7901
f 7901 7576 7900
f 7576 7574 7900
f 7900 7574 7899
f 7574 7572 7899
f 7899 7572 7898
f 7572 7570 7898
f 7898 7570 7897
f 7570 7568 7897
f 7897 7568 7896
f 7568 7566 7896
f 7896 7566 7895
f 7566 7564 7895
f 7895 7564 7894
f 7564 7562 7894
f 7894 7562 7893
f 7954 7955 5622
f 5622 7955 5621
f 7955 7956 5621
f 5621 7956 5620
f 7956 7957 5620
f 5620 7957 5619
f 7957 7958 5619
f 5619 7958 5618
f 7958 7959 5618
f 5618 7959 5617
f 7959 7960 5617
f 5617 7960 5616
f 7960 7961 5616
f 5616 7961 5615
f 7961 7962 5615
f 5615 7962 5614
f 7962 7963 5614
f 5614 7963 5613
f 7963 7964 5613
f 5613 7964 5612
f 7964 7965 5612
f 5612 7965 5611
f 7965 7966 5611
f 5611 7966 5610
f 7966 7967 5610
f 5610 7967 5609
f 7967 7968 5609
f 5609 7968 5608
f 7968 7969 5608
f 5608 7969 5607
f 7969 7970 5607
f 5607 7970 5606
f 7970 7971 5606
f 5606 7971 5605
f 7971 7972 5605
f 5605 7972 5604
f 7972 7973 5604
f 5604 7973 5603
f 7973 7974 5603
f 5603 7974 5602
f 7974 7975 5602
f 5602 7975 5601
f 7975 7976 5601
f 5601 7976 5600
f 7976 7977 5600
f 5600 7977 5599
f 7977 7978 5599
f 5599 7978 5598
f 7978 7979 5598
f 5598 7979 5597
f 7979 7980 5597
f 5597 7980 5596
f 7980 7981 5596
f 5596 7981 5595
f 7981 7982 5595
f 5595 7982 5594
f 7982 7983 5594
f 5594 7983 5593
f 7983 7984 5593
f 5593 7984 5592
f 7984 7985 5592
f 5592 7985 5591
f 7985 7986 5591
f 5591 7986 5590
f 7986 7987 5590
f 5590 7987 5589
f 7987 7988 5589
f 5589 7988 5588
f 7988 7989 5588
f 5588 7989 5587
f 7989 7990 5587
f 5587 7990 5586
f 7990 7991 5586
f 5586 7991 5585
f 7991 7992 5585
f 5585 7992 5584
f 7992 7993 5584
f 5584 7993 5583
f 7993 7994 5583
f 5583 7994 5582
f 7994 7995 5582
f 5582 7995 5581
f 7995 7996 5581
f 5581 7996 5580
f 7996 7997 5580
f 5580 7997 5579
f 7997 7998 5579
f 5579 7998 5578
f 7998 7999 5578
f 5578 7999 5577
f 7999 8000 5577
f 5577 8000 5576
f 8000 8001 5576
f 5576 8001 5575
f 8001 8002 5575
f 5575 8002 5574
f 8002 8003 5574
f 5574 8003 5573
f 8003 8004 5573
f 5573 8004 5572
f 8004 8005 5572
f 5572 8005 5571
f 8005 8006 5571
f 5571 8006 5642
f 8006 8007 5642
f 5642 8007 5641
f 8007 8008 5641
f 5641 8008 5640
f 8008 8009 5640
f 5640 8009 5639
f 8009 8010 5639
f 5639 8010 5638
f 8010 8011 5638
f 5638 8011 5637
f 8011 8012 5637
f 5637 8012 5636
f 8012 8013 5636
f 5636 8013 5635
f 8013 8014 5635
f 5635 8014 5634
f 8014 8015 5634
f 5634 8015 5633
f 8015 8016 5633
f 5633 8016 5632
f 8016 8017 5632
f 5632 8017 5631
f 8017 8018 5631
f 5631 8018 5630
f 8018 8019 5630
f 5630 8019 5629
f 8019 8020 5629
f 5629 8020 5628
f 8020 8021 5628
f 5628 8021 5627
f 8021 8022 5627
f 5627 8022 5626
f 8022 8023 5626
f 5626 8023 5625
f 8023 8024 5625
f 5625 8024 5624
f 8024 8025 5624
f 5624 8025 5623
f 8025 7954 5623
f 5623 7954 5622
f 3128 3130 7579
f 7579 3130 7577
f 3130 3132 7577
f 7577 3132 7575
f 3132 3134 7575
f 7575 3134 7573
f 3134 3136 7573
f 7573 3136 7571
f 3136 3138 7571
f 7571 3138 7569
f 3138 3140 7569
f 7569 3140 7567
f 3140 3142 7567
f 7567 3142 7565
f 3142 3144 7565
f 7565 3144 7563
f 3144 3146 7563
f 7563 3146 7561
f 3146 3148 7561
f 7561 3148 7559
f 3148 3150 7559
f 7559 3150 7557
f 3150 3152 7557
f 7557 3152 7555
f 3152 3154 7555
f 7555 3154 7553
f 3154 3156 7553
f 7553 3156 7551
f 3156 3158 7551
f 7551 3158 7549
f 3158 3160 7549
f 7549 3160 7547
f 3160 3162 7547
f 7547 3162 7545
f 3162 3164 7545
f 7545 3164 7543
f 3164 3166 7543
f 7543 3166 7541
f 3166 3168 7541
f 7541 3168 7539
f 3168 3170 7539
f 7539 3170 7681
f 3170 3172 7681
f 7681 3172 7679
f 3172 3174 7679
f 7679 3174 7677
f 3174 3176 7677
f 7677 3176 7675
f 3176 3178 7675
f 7675 3178 7673
f 3178 3180 7673
f 7673 3180 7671
f 3180 3182 7671
f 7671 3182 7669
f 3182 3184 7669
f 7669 3184 7667
f 3184 3186 7667
f 7667 3186 7665
f 3186 3188 7665
f 7665 3188 7663
f 3188 3190 7663
f 7663 3190 7661
f 3190 3192 7661
f 7661 3192 7659
f 3192 3194 7659
f 7659 3194 7657
f 3194 3196 7657
f 7657 3196 7655
f 3196 3198 7655
f 7655 3198 7653
f 3198 3200 7653
f 7653 3200 7651
f 3200 3202 7651
f 7651 3202 7649
f 3202 3204 7649
f 7649 3204 7647
f 3204 3206 7647
f 7647 3206 7645
f 3206 3208 7645
f 7645 3208 7643
f 3208 3210 7643
f 7643 3210 7641
f 3210 3212 7641
f 7641 3212 7639
f 3212 3214 7639
f 7639 3214 7637
f 3214 3216 7637
f 7637 3216 7635
f 3216 3218 7635
f 7635 3218 7633
f 3218 3220 7633
f 7633 3220 7631
f 3220 3222 7631
f 7631 3222 7629
f 3222 3224 7629
f 7629 3224 7627
f 3224 3226 7627
f 7627 3226 7625
f 3226 3228 7625
f 7625 3228 7623
f 3228 3230 7623
f 7623 3230 7621
f 3230 3232 7621
f 7621 3232 7619
f 3232 3234 7619
f 7619 3234 7617
f 3234 3236 7617
f 7617 3236 7615
f 3236 3238 7615
f 7615 3238 7613
f 3238 3240 7613
f 7613 3240 7611
f 3240 3098 7611
f 7611 3098 7609
f 3098 3100 7609
f 7609 3100 7607
f 3100 3102 7607
f 7607 3102 7605
f 3102 3104 7605
f 7605 3104 7603
f 3104 3106 7603
f 7603 3106 7601
f 3106 3108 7601
f 7601 3108 7599
f 3108 3110 7599
f 7599 3110 7597
f 3110 3112 7597
f 7597 3112 7595
f 3112 3114 7595
f 7595 3114 7593
f 3114 3116 7593
f 7593 3116 7591
f 3116 3118 7591
f 7591 3118 7589
f 3118 3120 7589
f 7589 3120 7587
f 3120 3122 7587
f 7587 3122 7585
f 3122 3124 7585
f 7585 3124 7583
f 3124 3126 7583
f 7583 3126 7581
f 3126 3128 7581
f 7581 3128 7579
f 5063 5061 7742
f 7742 5061 7741
f 5061 5059 7741
f 7741 5059 7740
f 5059 5057 7740
f 7740 5057 7739
f 5057 5055 7739
f 7739 5055 7738
f 5055 5053 7738
f 7738 5053 7737
f 5053 5051 7737
f 7737 5051 7736
f 5051 5049 7736
f 7736 5049 7735
f 5049 5047 7735
f 7735 5047 7734
f 5047 5045 7734
f 7734 5045 7733
f 5045 5043 7733
f 7733 5043 7732
f 5043 5041 7732
f 7732 5041 7731
f 5041 5039 7731
f 7731 5039 7730
f 5039 5037 7730
f 7730 5037 7729
f 5037 5035 7729
f 7729 5035 7728
f 5035 5033 7728
f 7728 5033 7727
f 5033 5031 7727
f 7727 5031 7726
f 5031 5029 7726
f 7726 5029 7725
f 5029 5027 7725
f 7725 5027 7724
f 5027 5025 7724
f 7724 5025 7723
f 5025 5023 7723
f 7723 5023 7722
f 5023 5021 7722
f 7722 5021 7721
f 5021 5019 7721
f 7721 5019 7720
f 5019 5017 7720
f 7720 5017 7719
f 5017 5015 7719
f 7719 5015 7718
f 5015 5013 7718
f 7718 5013 7717
f 5013 5011 7717
f 7717 5011 7716
f 5011 5009 7716
f 7716 5009 7715
f 5009 5007 7715
f 7715 5007 7714
f 5007 5005 7714
f 7714 5005 7713
f 5005 5003 7713
f 7713 5003 7712
f 5003 5001 7712
f 7712 5001 7711
f 5001 4999 7711
f 7711 4999 7710
f 4999 4997 7710
f 7710 4997 7709
f 4997 4995 7709
f 7709 4995 7708
f 4995 4993 7708
f 7708 4993 7707
f 4993 4991 7707
f 7707 4991 7706
f 4991 4989 7706
f 7706 4989 7705
f 4989 4987 7705
f 7705 4987 7704
f 4987 4985 7704
f 7704 4985 7703
f 4985 4983 7703
f 7703 4983 7702
f 4983 4981 7702
f 7702 4981 7701
f 4981 5123 7701
f 7701 5123 7700
f 5123 5121 7700
f 7700 5121 7699
f 5121 5119 7699
f 7699 5119 7698
f 5119 5117 7698
f 7698 5117 7697
f 5117 5115 7697
f 7697 5115 7696
f 5115 5113 7696
f 7696 5113 7695
f 5113 5111 7695
f 7695 5111 7694
f 5111 5109 7694
f 7694 5109 7693
f 5109 5107 7693
f 7693 5107 7692
f 5107 5105 7692
f 7692 5105 7691
f 5105 5103 7691
f 7691 5103 7690
f 5103 5101 7690
f 7690 5101 7689
f 5101 5099 7689
f 7689 5099 7688
f 5099 5097 7688
f 7688 5097 7687
f 5097 5095 7687
f 7687 5095 7686
f 5095 5093 7686
f 7686 5093 7685
f 5093 5091 7685
f 7685 5091 7684
f 5091 5089 7684
f 7684 5089 7683
f 5089 5087 7683
f 7683 5087 7682
f 5087 5085 7682
f 7682 5085 7753
f 5085 5083 7753
f 7753 5083 7752
f 5083 5081 7752
f 7752 5081 7751
f 5081 5079 7751
f 7751 5079 7750
f 5079 5077 7750
f 7750 5077 7749
f 5077 5075 7749
f 7749 5075 7748
f 5075 5073 7748
f 7748 5073 7747
f 5073 5071 7747
f 7747 5071 7746
f 5071 5069 7746
f 7746 5069 7745
f 5069 5067 7745
f 7745 5067 7744
f 5067 5065 7744
f 7744 5065 7743
f 5065 5063 7743
f 7743 5063 7742
f 7809 8026 7808
f 7809 8027 8026
f 8026 8027 8028
f 8027 8029 8028
f 8028 8029 8030
f 8029 8031 8030
f 8030 8031 8032
f 8031 8033 8032
f 8032 8033 8034
f 8033 8035 8034
f 8034 8035 8036
f 8035 8037 8036
f 8036 8037 8038
f 8037 8039 8038
f 8038 8039 8040
f 8039 8041 8040
f 8040 8041 8042
f 8041 8043 8042
f 8042 8043 8044
f 8043 8045 8044
f 8045 8046 8044
f 8044 8046 8047
f 8046 8048 8047
f 8048 8049 8047
f 8047 8049 8050
f 8049 8051 8050
f 8051 8052 8050
f 8050 8052 8053
f 8052 8054 8053
f 8054 8055 8053
f 8053 8055 8056
f 8055 8057 8056
f 8057 8058 8056
f 8056 8058 8059
f 8058 8060 8059
f 8060 8061 8059
f 8059 8061 8062
f 8061 8063 8062
f 8063 8064 8062
f 8062 8064 8065
f 8064 8066 8065
f 8066 8067 8065
f 8065 8067 5737
f 8067 5736 5737
f 8068 6996 7008
f 8069 8071 8070
f 8072 8074 8073
f 5569 5567 6378
f 6378 5567 8075
f 5567 5565 8075
f 8075 5565 8072
f 5565 8076 8072
f 8072 8076 8074
f 8077 8073 8078
f 8078 8073 8079
f 8073 8074 8079
f 8080 8082 8081
f 8081 8082 8083
f 8083 8082 8084
f 8082 8085 8084
f 8084 8085 8086
f 8085 8077 8086
f 8086 8077 8087
f 8077 8078 8087
f 8082 8080 8088
f 8088 8080 8089
f 8080 8090 8089
f 8091 8093 8092
f 8092 8093 8094
f 8093 8089 8094
f 8094 8089 8095
f 8089 8090 8095
f 8096 8098 8097
f 8097 8098 8099
f 8098 8091 8099
f 8099 8091 8100
f 8091 8092 8100
f 8069 8096 8071
f 8071 8096 8101
f 8096 8102 8101
f 8102 8096 8103
f 8103 8096 8104
f 8096 8097 8104
f 8105 8070 8106
f 8106 8070 8107
f 8107 8070 8108
f 8108 8070 8109
f 8070 8071 8109
f 8110 8112 8111
f 8111 8112 8113
f 8105 8106 8114
f 8114 8106 8112
f 8106 8115 8112
f 8112 8115 8113
f 8110 8111 8116
f 8116 8111 8117
f 8111 8118 8117
f 8118 8119 8117
f 8117 8119 8120
f 8119 8121 8120
f 8120 8121 8122
f 8121 8123 8122
f 8124 8123 8125
f 8125 8123 8126
f 8126 8123 8127
f 8127 8123 8128
f 8123 8121 8128
f 8129 8131 8130
f 8130 8131 8132
f 8123 8124 8133
f 8133 8124 8131
f 8124 8134 8131
f 8131 8134 8132
f 8135 8137 8136
f 8136 8137 8138
f 8129 8130 8139
f 8139 8130 8137
f 8130 8140 8137
f 8137 8140 8138
f 8141 8143 8142
f 8135 8136 8144
f 8144 8136 8143
f 8136 8145 8143
f 8143 8145 8142
f 8143 8141 8146
f 8146 8141 8147
f 8141 8148 8147
f 8147 8148 8149
f 8148 8150 8149
f 8149 8150 8151
f 8151 8150 8152
f 8150 8153 8152
f 8152 8153 8154
f 8068 8152 6996
f 6996 8152 8155
f 8152 8154 8155
f 6400 8156 7537
f 6400 6374 8156
f 8156 6374 8157
f 6374 6375 8157
f 8157 6375 8158
f 6375 6376 8158
f 8158 6376 8159
f 6376 6377 8159
f 8159 6377 8160
f 6377 6378 8160
f 8160 6378 8161
f 6378 8075 8161
f 6396 8163 8162
f 6396 8165 8164
f 6396 6403 8165
f 8165 6403 8166
f 8166 6403 8167
f 6403 6387 8167
f 8167 6387 6388
f 8167 6388 8168
f 8168 6388 8169
f 6388 6406 8169
f 8169 6406 8170
f 6406 6407 8170
f 6407 6408 8170
f 8170 6408 8171
f 6408 6413 8171
f 8171 6413 8172
f 6413 6414 8172
f 8172 6414 8173
f 6414 6415 8173
f 8173 6415 8174
f 6415 6402 8174
f 8174 6402 8175
f 6402 6404 8175
f 8176 6401 7536
f 8175 6404 8177
f 8177 6404 8176
f 6404 6405 8176
f 8176 6405 6401
f 6396 8164 8163
f 8163 8164 8178
f 8164 8179 8178
f 8179 8164 8180
f 8180 8164 8181
f 8164 8182 8181
f 8181 8182 8183
f 8182 8184 8183
f 8183 8184 8185
f 8185 8184 8186
f 8186 8184 8187
f 8184 8188 8187
f 8187 8188 8189
f 8188 8190 8189
f 8191 8193 8192
f 8192 8193 8190
f 8193 8194 8190
f 8190 8194 8189
f 8195 8191 8196
f 8196 8191 8197
f 8191 8192 8197
f 8198 8200 8199
f 8199 8200 8201
f 8200 8202 8201
f 8201 8202 8196
f 8202 8203 8196
f 8196 8203 8195
f 8204 8206 8205
f 8205 8206 8207
f 8206 8208 8207
f 8207 8208 8198
f 8208 8209 8198
f 8198 8209 8200
f 8206 8204 8210
f 8210 8204 8211
f 8204 8212 8211
f 8211 8212 8213
f 8212 8214 8213
f 8215 8217 8216
f 8216 8217 8218
f 8217 8219 8218
f 8218 8219 8214
f 8219 8220 8214
f 8214 8220 8213
f 8221 8223 8222
f 8222 8223 8224
f 8223 8225 8224
f 8224 8225 8215
f 8225 8226 8215
f 8215 8226 8217
f 8227 8229 8228
f 8228 8229 8230
f 8229 8231 8230
f 8230 8231 8232
f 8231 8233 8232
f 8232 8233 8221
f 8233 8234 8221
f 8221 8234 8223
f 8235 8227 8236
f 8236 8227 8237
f 8227 8228 8237
f 8235 8236 8238
f 8238 8236 8239
f 8236 8240 8239
f 8239 8240 7806
f 8240 7807 7806
f 8241 8124 8242
f 8243 8074 8244
f 5565 5566 8076
f 8076 5566 8074
f 5566 8245 8074
f 8074 8245 8244
f 8246 8083 8247
f 8074 8243 8079
f 8079 8243 8078
f 8243 8248 8078
f 8078 8248 8087
f 8248 8249 8087
f 8087 8249 8086
f 8249 8247 8086
f 8086 8247 8084
f 8247 8083 8084
f 8250 8081 8251
f 8251 8081 8252
f 8081 8083 8252
f 8252 8083 8253
f 8083 8246 8253
f 8100 8092 8254
f 8254 8092 8255
f 8092 8094 8255
f 8255 8094 8095
f 8081 8250 8080
f 8080 8250 8090
f 8250 8256 8090
f 8090 8256 8095
f 8256 8257 8095
f 8095 8257 8255
f 8100 8254 8099
f 8099 8254 8097
f 8254 8258 8097
f 8097 8258 8259
f 8260 8109 8261
f 8259 8262 8097
f 8097 8262 8104
f 8262 8263 8104
f 8104 8263 8103
f 8263 8264 8103
f 8103 8264 8102
f 8264 8265 8102
f 8102 8265 8101
f 8265 8261 8101
f 8101 8261 8071
f 8261 8109 8071
f 8260 8266 8109
f 8109 8266 8108
f 8266 8107 8108
f 8115 8106 8267
f 8267 8106 8268
f 8106 8107 8268
f 8268 8107 8269
f 8107 8266 8269
f 8118 8111 8270
f 8270 8111 8271
f 8115 8267 8113
f 8113 8267 8111
f 8267 8272 8111
f 8111 8272 8271
f 8128 8121 8273
f 8273 8121 8274
f 8118 8270 8119
f 8119 8270 8121
f 8270 8275 8121
f 8121 8275 8274
f 8128 8273 8127
f 8127 8273 8126
f 8273 8276 8126
f 8126 8276 8277
f 8277 8242 8126
f 8126 8242 8125
f 8242 8124 8125
f 8278 8130 8279
f 8241 8280 8124
f 8124 8280 8134
f 8280 8279 8134
f 8134 8279 8132
f 8279 8130 8132
f 8278 8281 8130
f 8130 8281 8140
f 8281 8138 8140
f 8145 8136 8282
f 8282 8136 8283
f 8136 8138 8283
f 8283 8138 8284
f 8138 8281 8284
f 8148 8141 8285
f 8285 8141 8286
f 8145 8282 8142
f 8142 8282 8141
f 8282 8286 8141
f 8287 8153 8288
f 8148 8285 8150
f 8150 8285 8153
f 8285 8289 8153
f 8153 8289 8288
f 8155 6997 6996
f 8153 8287 8154
f 8154 8287 8155
f 8287 8290 8155
f 8155 8290 6997
f 8291 8293 8292
f 8294 8296 8295
f 8297 8299 8298
f 8300 8302 8301
f 8303 8305 8304
f 8306 8308 8307
f 8309 8311 8310
f 6427 6428 8312
f 8312 6428 8313
f 6428 6430 8313
f 8313 6430 8314
f 6430 6432 8314
f 8314 6432 8315
f 6432 6434 8315
f 8315 6434 8316
f 6434 6436 8316
f 8316 6436 8317
f 6436 6438 8317
f 8317 6438 8318
f 6438 6440 8318
f 8318 6440 8319
f 6440 6442 8319
f 8319 6442 8320
f 6442 6444 8320
f 8320 6444 8321
f 6444 6446 8321
f 8321 6446 8322
f 6446 6448 8322
f 8322 6448 8323
f 6448 6450 8323
f 8323 6450 8324
f 6450 6452 8324
f 8324 6452 8325
f 6452 6454 8325
f 8325 6454 8326
f 6454 6456 8326
f 8326 6456 8327
f 6456 6458 8327
f 8327 6458 8328
f 6458 6460 8328
f 8328 6460 8329
f 6460 6462 8329
f 8329 6462 8330
f 8312 8313 8331
f 8331 8313 8332
f 8313 8314 8332
f 8332 8314 8333
f 8314 8315 8333
f 8333 8315 8334
f 8315 8316 8334
f 8334 8316 8335
f 8316 8317 8335
f 8335 8317 8336
f 8317 8318 8336
f 8336 8318 8337
f 8318 8319 8337
f 8337 8319 8338
f 8319 8320 8338
f 8338 8320 8339
f 8320 8321 8339
f 8339 8321 8340
f 8321 8322 8340
f 8340 8322 8341
f 8322 8323 8341
f 8341 8323 8342
f 8323 8324 8342
f 8342 8324 8343
f 8324 8325 8343
f 8343 8325 8344
f 8325 8326 8344
f 8344 8326 8345
f 8326 8327 8345
f 8345 8327 8346
f 8327 8328 8346
f 8346 8328 8347
f 8328 8329 8347
f 8347 8329 8311
f 8329 8330 8311
f 8311 8330 8310
f 8331 8332 8348
f 8348 8332 8349
f 8332 8333 8349
f 8349 8333 8350
f 8333 8334 8350
f 8350 8334 8351
f 8334 8335 8351
f 8351 8335 8352
f 8335 8336 8352
f 8352 8336 8353
f 8336 8337 8353
f 8353 8337 8354
f 8337 8338 8354
f 8354 8338 8355
f 8338 8339 8355
f 8355 8339 8356
f 8339 8340 8356
f 8356 8340 8357
f 8340 8341 8357
f 8357 8341 8358
f 8341 8342 8358
f 8358 8342 8359
f 8342 8343 8359
f 8359 8343 8360
f 8343 8344 8360
f 8360 8344 8361
f 8344 8345 8361
f 8361 8345 8362
f 8345 8346 8362
f 8362 8346 8363
f 8346 8347 8363
f 8363 8347 8364
f 8347 8311 8364
f 8364 8311 8308
f 8311 8309 8308
f 8308 8309 8307
f 8348 8349 8365
f 8365 8349 8366
f 8349 8350 8366
f 8366 8350 8367
f 8350 8351 8367
f 8367 8351 8368
f 8351 8352 8368
f 8368 8352 8369
f 8352 8353 8369
f 8369 8353 8370
f 8353 8354 8370
f 8370 8354 8371
f 8354 8355 8371
f 8371 8355 8372
f 8355 8356 8372
f 8372 8356 8373
f 8356 8357 8373
f 8373 8357 8374
f 8357 8358 8374
f 8374 8358 8375
f 8358 8359 8375
f 8375 8359 8376
f 8359 8360 8376
f 8376 8360 8377
f 8360 8361 8377
f 8377 8361 8378
f 8361 8362 8378
f 8378 8362 8379
f 8362 8363 8379
f 8379 8363 8380
f 8363 8364 8380
f 8380 8364 8381
f 8364 8308 8381
f 8381 8308 8305
f 8308 8306 8305
f 8305 8306 8304
f 8365 8366 8382
f 8382 8366 8383
f 8366 8367 8383
f 8383 8367 8384
f 8367 8368 8384
f 8384 8368 8385
f 8368 8369 8385
f 8385 8369 8386
f 8369 8370 8386
f 8386 8370 8387
f 8370 8371 8387
f 8387 8371 8388
f 8371 8372 8388
f 8388 8372 8389
f 8372 8373 8389
f 8389 8373 8390
f 8373 8374 8390
f 8390 8374 8391
f 8374 8375 8391
f 8391 8375 8392
f 8375 8376 8392
f 8392 8376 8393
f 8376 8377 8393
f 8393 8377 8394
f 8377 8378 8394
f 8394 8378 8395
f 8378 8379 8395
f 8395 8379 8396
f 8379 8380 8396
f 8396 8380 8397
f 8380 8381 8397
f 8397 8381 8398
f 8381 8305 8398
f 8398 8305 8302
f 8305 8303 8302
f 8302 8303 8301
f 8298 8299 8300
f 8300 8299 8302
f 8299 8399 8302
f 8302 8399 8398
f 8399 8400 8398
f 8398 8400 8397
f 8400 8401 8397
f 8397 8401 8396
f 8401 8402 8396
f 8396 8402 8395
f 8402 8403 8395
f 8395 8403 8394
f 8403 8404 8394
f 8394 8404 8393
f 8404 8405 8393
f 8393 8405 8392
f 8405 8406 8392
f 8392 8406 8391
f 8406 8407 8391
f 8391 8407 8390
f 8407 8408 8390
f 8390 8408 8389
f 8408 8409 8389
f 8389 8409 8388
f 8409 8410 8388
f 8388 8410 8387
f 8410 8411 8387
f 8387 8411 8386
f 8411 8412 8386
f 8386 8412 8385
f 8412 8413 8385
f 8385 8413 8384
f 8413 8414 8384
f 8384 8414 8383
f 8414 8415 8383
f 8383 8415 8382
f 8295 8296 8297
f 8297 8296 8299
f 8296 8416 8299
f 8299 8416 8399
f 8416 8417 8399
f 8399 8417 8400
f 8417 8418 8400
f 8400 8418 8401
f 8418 8419 8401
f 8401 8419 8402
f 8419 8420 8402
f 8402 8420 8403
f 8420 8421 8403
f 8403 8421 8404
f 8421 8422 8404
f 8404 8422 8405
f 8422 8423 8405
f 8405 8423 8406
f 8423 8424 8406
f 8406 8424 8407
f 8424 8425 8407
f 8407 8425 8408
f 8425 8426 8408
f 8408 8426 8409
f 8426 8427 8409
f 8409 8427 8410
f 8427 8428 8410
f 8410 8428 8411
f 8428 8429 8411
f 8411 8429 8412
f 8429 8430 8412
f 8412 8430 8413
f 8430 8431 8413
f 8413 8431 8414
f 8431 8432 8414
f 8414 8432 8415
f 8292 8293 8294
f 8294 8293 8296
f 8293 8433 8296
f 8296 8433 8416
f 8433 8434 8416
f 8416 8434 8417
f 8434 8435 8417
f 8417 8435 8418
f 8435 8436 8418
f 8418 8436 8419
f 8436 8437 8419
f 8419 8437 8420
f 8437 8438 8420
f 8420 8438 8421
f 8438 8439 8421
f 8421 8439 8422
f 8439 8440 8422
f 8422 8440 8423
f 8440 8441 8423
f 8423 8441 8424
f 8441 8442 8424
f 8424 8442 8425
f 8442 8443 8425
f 8425 8443 8426
f 8443 8444 8426
f 8426 8444 8427
f 8444 8445 8427
f 8427 8445 8428
f 8445 8446 8428
f 8428 8446 8429
f 8446 8447 8429
f 8429 8447 8430
f 8447 8448 8430
f 8430 8448 8431
f 8448 8449 8431
f 8431 8449 8432
f 8450 8451 8291
f 8291 8451 8293
f 8451 8452 8293
f 8293 8452 8433
f 8452 8453 8433
f 8433 8453 8434
f 8453 8454 8434
f 8434 8454 8435
f 8454 8455 8435
f 8435 8455 8436
f 8455 8456 8436
f 8436 8456 8437
f 8456 8457 8437
f 8437 8457 8438
f 8457 8458 8438
f 8438 8458 8439
f 8458 8459 8439
f 8439 8459 8440
f 8459 8460 8440
f 8440 8460 8441
f 8460 8461 8441
f 8441 8461 8442
f 8461 8462 8442
f 8442 8462 8443
f 8462 8463 8443
f 8443 8463 8444
f 8463 8464 8444
f 8444 8464 8445
f 8464 8465 8445
f 8445 8465 8446
f 8465 8466 8446
f 8446 8466 8447
f 8466 8467 8447
f 8447 8467 8448
f 8467 8468 8448
f 8448 8468 8449
f 8468 8467 8469
f 8469 8467 8470
f 8467 8466 8470
f 8470 8466 8471
f 8466 8465 8471
f 8471 8465 8472
f 8465 8464 8472
f 8472 8464 8473
f 8464 8463 8473
f 8473 8463 8474
f 8463 8462 8474
f 8474 8462 8475
f 8462 8461 8475
f 8475 8461 8476
f 8461 8460 8476
f 8476 8460 8477
f 8460 8459 8477
f 8477 8459 8478
f 8459 8458 8478
f 8478 8458 8479
f 8458 8457 8479
f 8479 8457 8480
f 8457 8456 8480
f 8480 8456 8481
f 8456 8455 8481
f 8481 8455 8482
f 8455 8454 8482
f 8482 8454 8483
f 8454 8453 8483
f 8483 8453 8484
f 8453 8452 8484
f 8484 8452 8485
f 8452 8451 8485
f 8485 8451 8486
f 8451 8450 8486
f 8486 8450 8487
f 8469 8470 6370
f 6370 8470 6341
f 8470 8471 6341
f 6341 8471 6313
f 8471 8472 6313
f 6313 8472 6285
f 8472 8473 6285
f 6285 8473 6257
f 8473 8474 6257
f 6257 8474 6229
f 8474 8475 6229
f 6229 8475 6201
f 8475 8476 6201
f 6201 8476 6173
f 8476 8477 6173
f 6173 8477 6145
f 8477 8478 6145
f 6145 8478 6117
f 8478 8479 6117
f 6117 8479 6089
f 8479 8480 6089
f 6089 8480 6061
f 8480 8481 6061
f 6061 8481 6033
f 8481 8482 6033
f 6033 8482 6005
f 8482 8483 6005
f 6005 8483 5977
f 8483 8484 5977
f 5977 8484 5949
f 8484 8485 5949
f 5949 8485 5921
f 8485 8486 5921
f 5921 8486 5893
f 8486 8487 5893
f 5893 8487 5892
f 7392 6417 6418
f 7392 3341 6417
f 6417 3341 3328
f 3341 3329 3328
f 3337 3354 3339
f 3341 3358 3360
f 3329 3341 3324
f 3324 3341 3326
f 3341 3360 3326
f 3358 3341 3357
f 3357 3341 3345
f 3341 3347 3345
f 3347 3341 3349
f 3349 3341 3351
f 3341 3339 3351
f 3351 3339 3353
f 3339 3354 3353
f 3337 3335 3354
f 3354 3335 3331
f 3335 3333 3331
f 7268 8330 6462
f 8310 7187 8309
f 8487 7171 5892
f 5892 7171 7196
f 8487 8450 7171
f 7171 8450 7175
f 8450 8291 7175
f 8291 8292 7175
f 7175 8292 7174
f 8292 8294 7174
f 8294 8295 7174
f 7174 8295 7200
f 8295 8297 7200
f 8297 8298 7200
f 7200 8298 7199
f 8298 8300 7199
f 7198 7199 8303
f 8303 7199 8301
f 7199 8300 8301
f 7187 7186 8309
f 8309 7186 8307
f 8307 7186 8306
f 7186 7198 8306
f 8306 7198 8304
f 7198 8303 8304
f 8310 8330 7187
f 7187 8330 7176
f 8330 7268 7176
f 8152 8488 8151
f 8147 8489 8146
f 8143 8490 8144
f 8137 8491 8139
f 8131 8492 8133
f 8123 8493 8122
f 8117 8494 8116
f 8112 8495 8114
f 8082 8496 8085
f 8073 8497 8072
f 8075 8498 8161
f 8160 8499 8159
f 8158 8500 8157
f 8501 7537 8156
f 8502 8504 8503
f 8505 8507 8506
f 7453 8509 8508
f 8509 8510 8508
f 8508 8510 8511
f 8512 8514 8513
f 8513 8514 8515
f 8514 8511 8515
f 8515 8511 8516
f 8511 8510 8516
f 8517 8512 8518
f 8518 8512 8519
f 8512 8513 8519
f 8507 8505 8520
f 8520 8505 8521
f 8505 8522 8521
f 8521 8522 8523
f 8522 8517 8523
f 8523 8517 8524
f 8517 8518 8524
f 8525 8527 8526
f 8526 8527 8528
f 8527 8506 8528
f 8528 8506 8529
f 8506 8507 8529
f 8504 8502 8530
f 8530 8502 8531
f 8502 8532 8531
f 8531 8532 8533
f 8532 8525 8533
f 8533 8525 8534
f 8525 8526 8534
f 8535 8537 8536
f 8536 8537 8538
f 8537 8503 8538
f 8538 8503 8539
f 8503 8504 8539
f 7537 8501 8540
f 8540 8501 8541
f 8501 8542 8541
f 8541 8542 8543
f 8542 8535 8543
f 8543 8535 8544
f 8535 8536 8544
f 8157 8500 8156
f 8156 8500 8501
f 8500 8545 8501
f 8501 8545 8542
f 8545 8546 8542
f 8542 8546 8535
f 8546 8547 8535
f 8535 8547 8537
f 8547 8548 8537
f 8537 8548 8503
f 8548 8549 8503
f 8503 8549 8502
f 8549 8550 8502
f 8502 8550 8532
f 8550 8551 8532
f 8532 8551 8525
f 8551 8552 8525
f 8525 8552 8527
f 8552 8553 8527
f 8527 8553 8506
f 8553 8554 8506
f 8506 8554 8505
f 8554 8555 8505
f 8505 8555 8522
f 8555 8556 8522
f 8522 8556 8517
f 8556 8557 8517
f 8517 8557 8512
f 8557 8558 8512
f 8512 8558 8514
f 8558 8559 8514
f 8514 8559 8511
f 8559 8560 8511
f 8511 8560 8508
f 8560 7503 8508
f 8508 7503 7453
f 8159 8499 8158
f 8158 8499 8500
f 8499 8561 8500
f 8500 8561 8545
f 8561 8562 8545
f 8545 8562 8546
f 8562 8563 8546
f 8546 8563 8547
f 8563 8564 8547
f 8547 8564 8548
f 8564 8565 8548
f 8548 8565 8549
f 8565 8566 8549
f 8549 8566 8550
f 8566 8567 8550
f 8550 8567 8551
f 8567 8568 8551
f 8551 8568 8552
f 8568 8569 8552
f 8552 8569 8553
f 8569 8570 8553
f 8553 8570 8554
f 8570 8571 8554
f 8554 8571 8555
f 8571 8572 8555
f 8555 8572 8556
f 8572 8573 8556
f 8556 8573 8557
f 8573 8574 8557
f 8557 8574 8558
f 8574 8575 8558
f 8558 8575 8559
f 8575 8576 8559
f 8559 8576 8560
f 8576 7499 8560
f 8560 7499 7503
f 8161 8498 8160
f 8160 8498 8499
f 8498 8577 8499
f 8499 8577 8561
f 8577 8578 8561
f 8561 8578 8562
f 8578 8579 8562
f 8562 8579 8563
f 8579 8580 8563
f 8563 8580 8564
f 8580 8581 8564
f 8564 8581 8565
f 8581 8582 8565
f 8565 8582 8566
f 8582 8583 8566
f 8566 8583 8567
f 8583 8584 8567
f 8567 8584 8568
f 8584 8585 8568
f 8568 8585 8569
f 8585 8586 8569
f 8569 8586 8570
f 8586 8587 8570
f 8570 8587 8571
f 8587 8588 8571
f 8571 8588 8572
f 8588 8589 8572
f 8572 8589 8573
f 8589 8590 8573
f 8573 8590 8574
f 8590 8591 8574
f 8574 8591 8575
f 8591 8592 8575
f 8575 8592 8576
f 8592 7498 8576
f 8576 7498 7499
f 8072 8497 8075
f 8075 8497 8498
f 8497 8593 8498
f 8498 8593 8577
f 8593 8594 8577
f 8577 8594 8578
f 8594 8595 8578
f 8578 8595 8579
f 8595 8596 8579
f 8579 8596 8580
f 8596 8597 8580
f 8580 8597 8581
f 8597 8598 8581
f 8581 8598 8582
f 8598 8599 8582
f 8582 8599 8583
f 8599 8600 8583
f 8583 8600 8584
f 8600 8601 8584
f 8584 8601 8585
f 8601 8602 8585
f 8585 8602 8586
f 8602 8603 8586
f 8586 8603 8587
f 8603 8604 8587
f 8587 8604 8588
f 8604 8605 8588
f 8588 8605 8589
f 8605 8606 8589
f 8589 8606 8590
f 8606 8607 8590
f 8590 8607 8591
f 8607 8608 8591
f 8591 8608 8592
f 8608 7497 8592
f 8592 7497 7498
f 8077 8609 8073
f 8073 8609 8497
f 8609 8610 8497
f 8497 8610 8593
f 8610 8611 8593
f 8593 8611 8594
f 8611 8612 8594
f 8594 8612 8595
f 8612 8613 8595
f 8595 8613 8596
f 8613 8614 8596
f 8596 8614 8597
f 8614 8615 8597
f 8597 8615 8598
f 8615 8616 8598
f 8598 8616 8599
f 8616 8617 8599
f 8599 8617 8600
f 8617 8618 8600
f 8600 8618 8601
f 8618 8619 8601
f 8601 8619 8602
f 8619 8620 8602
f 8602 8620 8603
f 8620 8621 8603
f 8603 8621 8604
f 8621 8622 8604
f 8604 8622 8605
f 8622 8623 8605
f 8605 8623 8606
f 8623 8624 8606
f 8606 8624 8607
f 8624 8625 8607
f 8607 8625 8608
f 8625 7490 8608
f 8608 7490 7497
f 8085 8496 8077
f 8077 8496 8609
f 8496 8626 8609
f 8609 8626 8610
f 8626 8627 8610
f 8610 8627 8611
f 8627 8628 8611
f 8611 8628 8612
f 8628 8629 8612
f 8612 8629 8613
f 8629 8630 8613
f 8613 8630 8614
f 8630 8631 8614
f 8614 8631 8615
f 8631 8632 8615
f 8615 8632 8616
f 8632 8633 8616
f 8616 8633 8617
f 8633 8634 8617
f 8617 8634 8618
f 8634 8635 8618
f 8618 8635 8619
f 8635 8636 8619
f 8619 8636 8620
f 8636 8637 8620
f 8620 8637 8621
f 8637 8638 8621
f 8621 8638 8622
f 8638 8639 8622
f 8622 8639 8623
f 8639 8640 8623
f 8623 8640 8624
f 8640 8641 8624
f 8624 8641 8625
f 8641 7489 8625
f 8625 7489 7490
f 8088 8642 8082
f 8082 8642 8496
f 8642 8643 8496
f 8496 8643 8626
f 8643 8644 8626
f 8626 8644 8627
f 8644 8645 8627
f 8627 8645 8628
f 8645 8646 8628
f 8628 8646 8629
f 8646 8647 8629
f 8629 8647 8630
f 8647 8648 8630
f 8630 8648 8631
f 8648 8649 8631
f 8631 8649 8632
f 8649 8650 8632
f 8632 8650 8633
f 8650 8651 8633
f 8633 8651 8634
f 8651 8652 8634
f 8634 8652 8635
f 8652 8653 8635
f 8635 8653 8636
f 8653 8654 8636
f 8636 8654 8637
f 8654 8655 8637
f 8637 8655 8638
f 8655 8656 8638
f 8638 8656 8639
f 8656 8657 8639
f 8639 8657 8640
f 8657 8658 8640
f 8640 8658 8641
f 8658 7488 8641
f 8641 7488 7489
f 7488 8658 7474
f 7474 8658 8659
f 8658 8657 8659
f 8659 8657 8660
f 8657 8656 8660
f 8660 8656 8661
f 8656 8655 8661
f 8661 8655 8662
f 8655 8654 8662
f 8662 8654 8663
f 8654 8653 8663
f 8663 8653 8664
f 8653 8652 8664
f 8664 8652 8665
f 8652 8651 8665
f 8665 8651 8666
f 8651 8650 8666
f 8666 8650 8667
f 8650 8649 8667
f 8667 8649 8668
f 8649 8648 8668
f 8668 8648 8669
f 8648 8647 8669
f 8669 8647 8670
f 8647 8646 8670
f 8670 8646 8671
f 8646 8645 8671
f 8671 8645 8672
f 8645 8644 8672
f 8672 8644 8673
f 8644 8643 8673
f 8673 8643 8674
f 8643 8642 8674
f 8674 8642 8675
f 8675 8642 8093
f 8093 8642 8089
f 8642 8088 8089
f 7474 8659 7473
f 7473 8659 8676
f 8659 8660 8676
f 8676 8660 8677
f 8660 8661 8677
f 8677 8661 8678
f 8661 8662 8678
f 8678 8662 8679
f 8662 8663 8679
f 8679 8663 8680
f 8663 8664 8680
f 8680 8664 8681
f 8664 8665 8681
f 8681 8665 8682
f 8665 8666 8682
f 8682 8666 8683
f 8666 8667 8683
f 8683 8667 8684
f 8667 8668 8684
f 8684 8668 8685
f 8668 8669 8685
f 8685 8669 8686
f 8669 8670 8686
f 8686 8670 8687
f 8670 8671 8687
f 8687 8671 8688
f 8671 8672 8688
f 8688 8672 8689
f 8672 8673 8689
f 8689 8673 8690
f 8673 8674 8690
f 8690 8674 8691
f 8674 8675 8691
f 8691 8675 8692
f 8070 8693 8069
f 8069 8693 8692
f 8693 8694 8692
f 8692 8694 8691
f 8694 8695 8691
f 8691 8695 8690
f 8695 8696 8690
f 8690 8696 8689
f 8696 8697 8689
f 8689 8697 8688
f 8697 8698 8688
f 8688 8698 8687
f 8698 8699 8687
f 8687 8699 8686
f 8699 8700 8686
f 8686 8700 8685
f 8700 8701 8685
f 8685 8701 8684
f 8701 8702 8684
f 8684 8702 8683
f 8702 8703 8683
f 8683 8703 8682
f 8703 8704 8682
f 8682 8704 8681
f 8704 8705 8681
f 8681 8705 8680
f 8705 8706 8680
f 8680 8706 8679
f 8706 8707 8679
f 8679 8707 8678
f 8707 8708 8678
f 8678 8708 8677
f 8708 8709 8677
f 8677 8709 8676
f 8709 7472 8676
f 8676 7472 7473
f 8069 8692 8096
f 8096 8692 8098
f 8692 8675 8098
f 8098 8675 8091
f 8675 8093 8091
f 8105 8710 8070
f 8070 8710 8693
f 8710 8711 8693
f 8693 8711 8694
f 8711 8712 8694
f 8694 8712 8695
f 8712 8713 8695
f 8695 8713 8696
f 8713 8714 8696
f 8696 8714 8697
f 8714 8715 8697
f 8697 8715 8698
f 8715 8716 8698
f 8698 8716 8699
f 8716 8717 8699
f 8699 8717 8700
f 8717 8718 8700
f 8700 8718 8701
f 8718 8719 8701
f 8701 8719 8702
f 8719 8720 8702
f 8702 8720 8703
f 8720 8721 8703
f 8703 8721 8704
f 8721 8722 8704
f 8704 8722 8705
f 8722 8723 8705
f 8705 8723 8706
f 8723 8724 8706
f 8706 8724 8707
f 8724 8725 8707
f 8707 8725 8708
f 8725 8726 8708
f 8708 8726 8709
f 8726 7458 8709
f 8709 7458 7472
f 8114 8495 8105
f 8105 8495 8710
f 8495 8727 8710
f 8710 8727 8711
f 8727 8728 8711
f 8711 8728 8712
f 8728 8729 8712
f 8712 8729 8713
f 8729 8730 8713
f 8713 8730 8714
f 8730 8731 8714
f 8714 8731 8715
f 8731 8732 8715
f 8715 8732 8716
f 8732 8733 8716
f 8716 8733 8717
f 8733 8734 8717
f 8717 8734 8718
f 8734 8735 8718
f 8718 8735 8719
f 8735 8736 8719
f 8719 8736 8720
f 8736 8737 8720
f 8720 8737 8721
f 8737 8738 8721
f 8721 8738 8722
f 8738 8739 8722
f 8722 8739 8723
f 8739 8740 8723
f 8723 8740 8724
f 8740 8741 8724
f 8724 8741 8725
f 8741 8742 8725
f 8725 8742 8726
f 8742 7457 8726
f 8726 7457 7458
f 8110 8743 8112
f 8112 8743 8495
f 8743 8744 8495
f 8495 8744 8727
f 8744 8745 8727
f 8727 8745 8728
f 8745 8746 8728
f 8728 8746 8729
f 8746 8747 8729
f 8729 8747 8730
f 8747 8748 8730
f 8730 8748 8731
f 8748 8749 8731
f 8731 8749 8732
f 8749 8750 8732
f 8732 8750 8733
f 8750 8751 8733
f 8733 8751 8734
f 8751 8752 8734
f 8734 8752 8735
f 8752 8753 8735
f 8735 8753 8736
f 8753 8754 8736
f 8736 8754 8737
f 8754 8755 8737
f 8737 8755 8738
f 8755 8756 8738
f 8738 8756 8739
f 8756 8757 8739
f 8739 8757 8740
f 8757 8758 8740
f 8740 8758 8741
f 8758 8759 8741
f 8741 8759 8742
f 8759 7459 8742
f 8742 7459 7457
f 8116 8494 8110
f 8110 8494 8743
f 8494 8760 8743
f 8743 8760 8744
f 8760 8761 8744
f 8744 8761 8745
f 8761 8762 8745
f 8745 8762 8746
f 8762 8763 8746
f 8746 8763 8747
f 8763 8764 8747
f 8747 8764 8748
f 8764 8765 8748
f 8748 8765 8749
f 8765 8766 8749
f 8749 8766 8750
f 8766 8767 8750
f 8750 8767 8751
f 8767 8768 8751
f 8751 8768 8752
f 8768 8769 8752
f 8752 8769 8753
f 8769 8770 8753
f 8753 8770 8754
f 8770 8771 8754
f 8754 8771 8755
f 8771 8772 8755
f 8755 8772 8756
f 8772 8773 8756
f 8756 8773 8757
f 8773 8774 8757
f 8757 8774 8758
f 8774 8775 8758
f 8758 8775 8759
f 8775 7471 8759
f 8759 7471 7459
f 8120 8776 8117
f 8117 8776 8494
f 8776 8777 8494
f 8494 8777 8760
f 8777 8778 8760
f 8760 8778 8761
f 8778 8779 8761
f 8761 8779 8762
f 8779 8780 8762
f 8762 8780 8763
f 8780 8781 8763
f 8763 8781 8764
f 8781 8782 8764
f 8764 8782 8765
f 8782 8783 8765
f 8765 8783 8766
f 8783 8784 8766
f 8766 8784 8767
f 8784 8785 8767
f 8767 8785 8768
f 8785 8786 8768
f 8768 8786 8769
f 8786 8787 8769
f 8769 8787 8770
f 8787 8788 8770
f 8770 8788 8771
f 8788 8789 8771
f 8771 8789 8772
f 8789 8790 8772
f 8772 8790 8773
f 8790 8791 8773
f 8773 8791 8774
f 8791 8792 8774
f 8774 8792 8775
f 8792 7470 8775
f 8775 7470 7471
f 8122 8493 8120
f 8120 8493 8776
f 8493 8793 8776
f 8776 8793 8777
f 8793 8794 8777
f 8777 8794 8778
f 8794 8795 8778
f 8778 8795 8779
f 8795 8796 8779
f 8779 8796 8780
f 8796 8797 8780
f 8780 8797 8781
f 8797 8798 8781
f 8781 8798 8782
f 8798 8799 8782
f 8782 8799 8783
f 8799 8800 8783
f 8783 8800 8784
f 8800 8801 8784
f 8784 8801 8785
f 8801 8802 8785
f 8785 8802 8786
f 8802 8803 8786
f 8786 8803 8787
f 8803 8804 8787
f 8787 8804 8788
f 8804 8805 8788
f 8788 8805 8789
f 8805 8806 8789
f 8789 8806 8790
f 8806 8807 8790
f 8790 8807 8791
f 8807 8808 8791
f 8791 8808 8792
f 8808 7469 8792
f 8792 7469 7470
f 8133 8492 8123
f 8123 8492 8493
f 8492 8809 8493
f 8493 8809 8793
f 8809 8810 8793
f 8793 8810 8794
f 8810 8811 8794
f 8794 8811 8795
f 8811 8812 8795
f 8795 8812 8796
f 8812 8813 8796
f 8796 8813 8797
f 8813 8814 8797
f 8797 8814 8798
f 8814 8815 8798
f 8798 8815 8799
f 8815 8816 8799
f 8799 8816 8800
f 8816 8817 8800
f 8800 8817 8801
f 8817 8818 8801
f 8801 8818 8802
f 8818 8819 8802
f 8802 8819 8803
f 8819 8820 8803
f 8803 8820 8804
f 8820 8821 8804
f 8804 8821 8805
f 8821 8822 8805
f 8805 8822 8806
f 8822 8823 8806
f 8806 8823 8807
f 8823 8824 8807
f 8807 8824 8808
f 8824 7487 8808
f 8808 7487 7469
f 8129 8825 8131
f 8131 8825 8492
f 8825 8826 8492
f 8492 8826 8809
f 8826 8827 8809
f 8809 8827 8810
f 8827 8828 8810
f 8810 8828 8811
f 8828 8829 8811
f 8811 8829 8812
f 8829 8830 8812
f 8812 8830 8813
f 8830 8831 8813
f 8813 8831 8814
f 8831 8832 8814
f 8814 8832 8815
f 8832 8833 8815
f 8815 8833 8816
f 8833 8834 8816
f 8816 8834 8817
f 8834 8835 8817
f 8817 8835 8818
f 8835 8836 8818
f 8818 8836 8819
f 8836 8837 8819
f 8819 8837 8820
f 8837 8838 8820
f 8820 8838 8821
f 8838 8839 8821
f 8821 8839 8822
f 8839 8840 8822
f 8822 8840 8823
f 8840 8841 8823
f 8823 8841 8824
f 8841 7486 8824
f 8824 7486 7487
f 8139 8491 8129
f 8129 8491 8825
f 8491 8842 8825
f 8825 8842 8826
f 8842 8843 8826
f 8826 8843 8827
f 8843 8844 8827
f 8827 8844 8828
f 8844 8845 8828
f 8828 8845 8829
f 8845 8846 8829
f 8829 8846 8830
f 8846 8847 8830
f 8830 8847 8831
f 8847 8848 8831
f 8831 8848 8832
f 8848 8849 8832
f 8832 8849 8833
f 8849 8850 8833
f 8833 8850 8834
f 8850 8851 8834
f 8834 8851 8835
f 8851 8852 8835
f 8835 8852 8836
f 8852 8853 8836
f 8836 8853 8837
f 8853 8854 8837
f 8837 8854 8838
f 8854 8855 8838
f 8838 8855 8839
f 8855 8856 8839
f 8839 8856 8840
f 8856 8857 8840
f 8840 8857 8841
f 8857 7485 8841
f 8841 7485 7486
f 8135 8858 8137
f 8137 8858 8491
f 8858 8859 8491
f 8491 8859 8842
f 8859 8860 8842
f 8842 8860 8843
f 8860 8861 8843
f 8843 8861 8844
f 8861 8862 8844
f 8844 8862 8845
f 8862 8863 8845
f 8845 8863 8846
f 8863 8864 8846
f 8846 8864 8847
f 8864 8865 8847
f 8847 8865 8848
f 8865 8866 8848
f 8848 8866 8849
f 8866 8867 8849
f 8849 8867 8850
f 8867 8868 8850
f 8850 8868 8851
f 8868 8869 8851
f 8851 8869 8852
f 8869 8870 8852
f 8852 8870 8853
f 8870 8871 8853
f 8853 8871 8854
f 8871 8872 8854
f 8854 8872 8855
f 8872 8873 8855
f 8855 8873 8856
f 8873 8874 8856
f 8856 8874 8857
f 8874 7461 8857
f 8857 7461 7485
f 8144 8490 8135
f 8135 8490 8858
f 8490 8875 8858
f 8858 8875 8859
f 8875 8876 8859
f 8859 8876 8860
f 8876 8877 8860
f 8860 8877 8861
f 8877 8878 8861
f 8861 8878 8862
f 8878 8879 8862
f 8862 8879 8863
f 8879 8880 8863
f 8863 8880 8864
f 8880 8881 8864
f 8864 8881 8865
f 8881 8882 8865
f 8865 8882 8866
f 8882 8883 8866
f 8866 8883 8867
f 8883 8884 8867
f 8867 8884 8868
f 8884 8885 8868
f 8868 8885 8869
f 8885 8886 8869
f 8869 8886 8870
f 8886 8887 8870
f 8870 8887 8871
f 8887 8888 8871
f 8871 8888 8872
f 8888 8889 8872
f 8872 8889 8873
f 8889 8890 8873
f 8873 8890 8874
f 8890 7460 8874
f 8874 7460 7461
f 8146 8489 8143
f 8143 8489 8490
f 8489 8891 8490
f 8490 8891 8875
f 8891 8892 8875
f 8875 8892 8876
f 8892 8893 8876
f 8876 8893 8877
f 8893 8894 8877
f 8877 8894 8878
f 8894 8895 8878
f 8878 8895 8879
f 8895 8896 8879
f 8879 8896 8880
f 8896 8897 8880
f 8880 8897 8881
f 8897 8898 8881
f 8881 8898 8882
f 8898 8899 8882
f 8882 8899 8883
f 8899 8900 8883
f 8883 8900 8884
f 8900 8901 8884
f 8884 8901 8885
f 8901 8902 8885
f 8885 8902 8886
f 8902 8903 8886
f 8886 8903 8887
f 8903 8904 8887
f 8887 8904 8888
f 8904 8905 8888
f 8888 8905 8889
f 8905 8906 8889
f 8889 8906 8890
f 8906 7462 8890
f 8890 7462 7460
f 8149 8907 8147
f 8147 8907 8489
f 8907 8908 8489
f 8489 8908 8891
f 8908 8909 8891
f 8891 8909 8892
f 8909 8910 8892
f 8892 8910 8893
f 8910 8911 8893
f 8893 8911 8894
f 8911 8912 8894
f 8894 8912 8895
f 8912 8913 8895
f 8895 8913 8896
f 8913 8914 8896
f 8896 8914 8897
f 8914 8915 8897
f 8897 8915 8898
f 8915 8916 8898
f 8898 8916 8899
f 8916 8917 8899
f 8899 8917 8900
f 8917 8918 8900
f 8900 8918 8901
f 8918 8919 8901
f 8901 8919 8902
f 8919 8920 8902
f 8902 8920 8903
f 8920 8921 8903
f 8903 8921 8904
f 8921 8922 8904
f 8904 8922 8905
f 8922 8923 8905
f 8905 8923 8906
f 8923 7480 8906
f 8906 7480 7462
f 8151 8488 8149
f 8149 8488 8907
f 8488 8924 8907
f 8907 8924 8908
f 8924 8925 8908
f 8908 8925 8909
f 8925 8926 8909
f 8909 8926 8910
f 8926 8927 8910
f 8910 8927 8911
f 8927 8928 8911
f 8911 8928 8912
f 8928 8929 8912
f 8912 8929 8913
f 8929 8930 8913
f 8913 8930 8914
f 8930 8931 8914
f 8914 8931 8915
f 8931 8932 8915
f 8915 8932 8916
f 8932 8933 8916
f 8916 8933 8917
f 8933 8934 8917
f 8917 8934 8918
f 8934 8935 8918
f 8918 8935 8919
f 8935 8936 8919
f 8919 8936 8920
f 8936 8937 8920
f 8920 8937 8921
f 8937 8938 8921
f 8921 8938 8922
f 8938 8939 8922
f 8922 8939 8923
f 8939 7479 8923
f 8923 7479 7480
f 8068 8940 8152
f 8152 8940 8488
f 8940 8941 8488
f 8488 8941 8924
f 8941 8942 8924
f 8924 8942 8925
f 8942 8943 8925
f 8925 8943 8926
f 8943 8944 8926
f 8926 8944 8927
f 8944 8945 8927
f 8927 8945 8928
f 8945 8946 8928
f 8928 8946 8929
f 8946 8947 8929
f 8929 8947 8930
f 8947 8948 8930
f 8930 8948 8931
f 8948 8949 8931
f 8931 8949 8932
f 8949 8950 8932
f 8932 8950 8933
f 8950 8951 8933
f 8933 8951 8934
f 8951 8952 8934
f 8934 8952 8935
f 8952 8953 8935
f 8935 8953 8936
f 8953 8954 8936
f 8936 8954 8937
f 8954 8955 8937
f 8937 8955 8938
f 8955 8956 8938
f 8938 8956 8939
f 8956 7478 8939
f 8939 7478 7479
f 7008 7426 8068
f 8068 7426 8940
f 7426 7424 8940
f 8940 7424 8941
f 7424 7422 8941
f 8941 7422 8942
f 7422 7420 8942
f 8942 7420 8943
f 7420 7418 8943
f 8943 7418 8944
f 7418 7416 8944
f 8944 7416 8945
f 7416 7414 8945
f 8945 7414 8946
f 7414 7412 8946
f 8946 7412 8947
f 7412 7410 8947
f 8947 7410 8948
f 7410 7408 8948
f 8948 7408 8949
f 7408 7427 8949
f 8949 7427 8950
f 7427 7430 8950
f 8950 7430 8951
f 7430 7433 8951
f 8951 7433 8952
f 7433 7436 8952
f 8952 7436 8953
f 7436 7439 8953
f 8953 7439 8954
f 7439 7450 8954
f 8954 7450 8955
f 7450 7451 8955
f 8955 7451 8956
f 7451 7452 8956
f 8956 7452 7478
f 8181 8957 8180
f 8957 8958 8180
f 8180 8958 8179
f 8958 8959 8179
f 8179 8959 8178
f 8959 8960 8178
f 8178 8960 8163
f 8960 8162 8163
f 8957 8181 8961
f 8961 8181 8962
f 8181 8183 8962
f 8962 8183 8185
f 8962 8185 8963
f 8963 8185 8964
f 8185 8186 8964
f 8964 8186 8965
f 8186 8187 8965
f 8965 8187 8966
f 8191 8967 8193
f 8193 8967 8194
f 8967 8966 8194
f 8194 8966 8189
f 8966 8187 8189
f 8967 8191 8968
f 8968 8191 8969
f 8191 8195 8969
f 8969 8195 8970
f 8195 8971 8970
f 8209 8972 8200
f 8200 8972 8202
f 8972 8971 8202
f 8202 8971 8203
f 8971 8195 8203
f 8972 8209 8973
f 8973 8209 8974
f 8209 8208 8974
f 8974 8208 8975
f 8208 8206 8975
f 8975 8206 8976
f 8206 8210 8976
f 8976 8210 8977
f 8210 8211 8977
f 8977 8211 8978
f 8211 8979 8978
f 8217 8981 8980
f 8217 8226 8981
f 8217 8980 8219
f 8219 8980 8220
f 8980 8979 8220
f 8220 8979 8213
f 8979 8211 8213
f 8981 8226 8982
f 8982 8226 8983
f 8226 8225 8983
f 8983 8225 8984
f 8225 8223 8984
f 8223 8234 8984
f 8984 8234 8985
f 8234 8986 8985
f 8235 8987 8227
f 8227 8987 8229
f 8987 8988 8229
f 8229 8988 8231
f 8988 8986 8231
f 8231 8986 8233
f 8986 8234 8233
f 7805 8989 7806
f 7806 8989 8239
f 8989 8990 8239
f 8239 8990 8238
f 8990 8991 8238
f 8238 8991 8235
f 8991 8992 8235
f 8235 8992 8987
f 7537 8540 7536
f 7536 8540 8993
f 8540 8541 8993
f 8993 8541 8994
f 8541 8543 8994
f 8994 8543 8995
f 8543 8544 8995
f 8995 8544 8996
f 8544 8536 8996
f 8996 8536 8997
f 8536 8538 8997
f 8997 8538 8998
f 8538 8539 8998
f 8998 8539 8999
f 8539 8504 8999
f 8999 8504 9000
f 8504 8530 9000
f 9000 8530 9001
f 8530 8531 9001
f 9001 8531 9002
f 8531 8533 9002
f 9002 8533 9003
f 8533 8534 9003
f 9003 8534 9004
f 8534 8526 9004
f 9004 8526 9005
f 8526 8528 9005
f 9005 8528 9006
f 8528 8529 9006
f 9006 8529 9007
f 8529 8507 9007
f 9007 8507 9008
f 8507 8520 9008
f 9008 8520 9009
f 8520 8521 9009
f 9009 8521 9010
f 8521 8523 9010
f 9010 8523 9011
f 8523 8524 9011
f 9011 8524 9012
f 8524 8518 9012
f 9012 8518 9013
f 8518 8519 9013
f 9013 8519 9014
f 8519 8513 9014
f 9014 8513 9015
f 8513 8515 9015
f 9015 8515 9016
f 8515 8516 9016
f 9016 8516 9017
f 8516 8510 9017
f 9017 8510 9018
f 8510 8509 9018
f 9018 8509 9019
f 8509 7453 9019
f 9019 7453 7454
f 9020 9022 9021
f 9023 9024 9020
f 9025 9027 9026
f 9028 9029 9025
f 9030 9031 9028
f 9032 9034 9033
f 9035 9036 9032
f 9037 9039 9038
f 9040 9041 9037
f 9042 9044 9043
f 9045 9046 9042
f 9047 9048 9045
f 8240 9049 7807
f 7807 9049 9047
f 8240 8236 9049
f 9049 8236 9050
f 8236 8237 9050
f 9050 8237 9051
f 8237 8228 9051
f 8228 8230 9051
f 9051 8230 9052
f 8230 8232 9052
f 8232 8221 9052
f 9052 8221 9053
f 8221 8222 9053
f 9053 8222 9054
f 8222 8224 9054
f 8224 8215 9054
f 9054 8215 9055
f 8215 8216 9055
f 9055 8216 9056
f 8216 8218 9056
f 8218 8214 9056
f 9056 8214 9057
f 8214 8212 9057
f 8212 8204 9057
f 9057 8204 9058
f 8204 8205 9058
f 9058 8205 9059
f 8205 8207 9059
f 8207 8198 9059
f 9059 8198 9060
f 8198 8199 9060
f 9060 8199 9061
f 8199 8201 9061
f 8201 8196 9061
f 9061 8196 9062
f 8196 8197 9062
f 9062 8197 9063
f 8197 8192 9063
f 8192 8190 9063
f 9063 8190 9064
f 8190 8188 9064
f 9065 9066 8164
f 8164 9066 8182
f 9066 9064 8182
f 8182 9064 8184
f 9064 8188 8184
f 9067 9065 8166
f 8166 9065 8165
f 9065 8164 8165
f 9068 9069 8169
f 8169 9069 8168
f 9069 9067 8168
f 8168 9067 8167
f 9067 8166 8167
f 9070 9068 8170
f 9068 8169 8170
f 8174 9071 8173
f 8173 9071 8172
f 9071 9070 8172
f 8172 9070 8171
f 9070 8170 8171
f 9020 9024 9022
f 9022 9024 9072
f 9024 9073 9072
f 9072 9073 9074
f 9073 9075 9074
f 9074 9075 9076
f 9075 9077 9076
f 9076 9077 9078
f 9077 9079 9078
f 9078 9079 9080
f 9079 9081 9080
f 9080 9081 9082
f 9081 9083 9082
f 9082 9083 9084
f 9083 9085 9084
f 9084 9085 9086
f 9085 9087 9086
f 9086 9087 9088
f 9087 9089 9088
f 9088 9089 9090
f 9089 9091 9090
f 9090 9091 9092
f 9091 9093 9092
f 9092 9093 9094
f 9093 9095 9094
f 9094 9095 9096
f 9095 9097 9096
f 9096 9097 9098
f 9097 9099 9098
f 9098 9099 9100
f 9099 9101 9100
f 9100 9101 9102
f 9101 9103 9102
f 9102 9103 9104
f 9103 9105 9104
f 9104 9105 9106
f 9105 9107 9106
f 9106 9107 9108
f 9107 9109 9108
f 9108 9109 9110
f 9109 9111 9110
f 9110 9111 9112
f 9111 9113 9112
f 9112 9113 9114
f 9113 9115 9114
f 9114 9115 9116
f 9115 9117 9116
f 9116 9117 9118
f 9117 9119 9118
f 9023 9120 9024
f 9024 9120 9073
f 9120 9121 9073
f 9073 9121 9075
f 9121 9122 9075
f 9075 9122 9077
f 9122 9123 9077
f 9077 9123 9079
f 9123 9124 9079
f 9079 9124 9081
f 9124 9125 9081
f 9081 9125 9083
f 9125 9126 9083
f 9083 9126 9085
f 9126 9127 9085
f 9085 9127 9087
f 9127 9128 9087
f 9087 9128 9089
f 9128 9129 9089
f 9089 9129 9091
f 9129 9130 9091
f 9091 9130 9093
f 9130 9131 9093
f 9093 9131 9095
f 9131 9132 9095
f 9095 9132 9097
f 9132 9133 9097
f 9097 9133 9099
f 9133 9134 9099
f 9099 9134 9101
f 9134 9135 9101
f 9101 9135 9103
f 9135 9136 9103
f 9103 9136 9105
f 9136 9137 9105
f 9105 9137 9107
f 9137 9138 9107
f 9107 9138 9109
f 9138 9139 9109
f 9109 9139 9111
f 9139 9140 9111
f 9111 9140 9113
f 9140 9141 9113
f 9113 9141 9115
f 9141 9142 9115
f 9115 9142 9117
f 9142 9143 9117
f 9117 9143 9119
f 9143 9144 9119
f 9025 9029 9027
f 9027 9029 9145
f 9029 9146 9145
f 9145 9146 9147
f 9146 9148 9147
f 9147 9148 9149
f 9148 9150 9149
f 9149 9150 9151
f 9150 9152 9151
f 9151 9152 9153
f 9152 9154 9153
f 9153 9154 9155
f 9154 9156 9155
f 9155 9156 9157
f 9156 9158 9157
f 9157 9158 9159
f 9158 9160 9159
f 9159 9160 9161
f 9160 9162 9161
f 9161 9162 9163
f 9162 9164 9163
f 9163 9164 9165
f 9164 9166 9165
f 9165 9166 9167
f 9166 9168 9167
f 9167 9168 9169
f 9168 9170 9169
f 9169 9170 9171
f 9170 9172 9171
f 9171 9172 9173
f 9172 9174 9173
f 9173 9174 9175
f 9174 9176 9175
f 9175 9176 9177
f 9176 9178 9177
f 9177 9178 9179
f 9178 9180 9179
f 9179 9180 9181
f 9180 9182 9181
f 9181 9182 9183
f 9182 9184 9183
f 9183 9184 9185
f 9184 9186 9185
f 9185 9186 9187
f 9186 9188 9187
f 9187 9188 9189
f 9188 9190 9189
f 9189 9190 9191
f 9190 9192 9191
f 9028 9031 9029
f 9029 9031 9146
f 9031 9193 9146
f 9146 9193 9148
f 9193 9194 9148
f 9148 9194 9150
f 9194 9195 9150
f 9150 9195 9152
f 9195 9196 9152
f 9152 9196 9154
f 9196 9197 9154
f 9154 9197 9156
f 9197 9198 9156
f 9156 9198 9158
f 9198 9199 9158
f 9158 9199 9160
f 9199 9200 9160
f 9160 9200 9162
f 9200 9201 9162
f 9162 9201 9164
f 9201 9202 9164
f 9164 9202 9166
f 9202 9203 9166
f 9166 9203 9168
f 9203 9204 9168
f 9168 9204 9170
f 9204 9205 9170
f 9170 9205 9172
f 9205 9206 9172
f 9172 9206 9174
f 9206 9207 9174
f 9174 9207 9176
f 9207 9208 9176
f 9176 9208 9178
f 9208 9209 9178
f 9178 9209 9180
f 9209 9210 9180
f 9180 9210 9182
f 9210 9211 9182
f 9182 9211 9184
f 9211 9212 9184
f 9184 9212 9186
f 9212 9213 9186
f 9186 9213 9188
f 9213 9214 9188
f 9188 9214 9190
f 9214 9215 9190
f 9190 9215 9192
f 9215 9216 9192
f 9032 9036 9034
f 9034 9036 9217
f 9036 9218 9217
f 9217 9218 9219
f 9218 9220 9219
f 9219 9220 9221
f 9220 9222 9221
f 9221 9222 9223
f 9222 9224 9223
f 9223 9224 9225
f 9224 9226 9225
f 9225 9226 9227
f 9226 9228 9227
f 9227 9228 9229
f 9228 9230 9229
f 9229 9230 9231
f 9230 9232 9231
f 9231 9232 9233
f 9232 9234 9233
f 9233 9234 9235
f 9234 9236 9235
f 9235 9236 9237
f 9236 9238 9237
f 9237 9238 9239
f 9238 9240 9239
f 9239 9240 9241
f 9240 9242 9241
f 9241 9242 9243
f 9242 9244 9243
f 9243 9244 9245
f 9244 9246 9245
f 9245 9246 9247
f 9246 9248 9247
f 9247 9248 9249
f 9248 9250 9249
f 9249 9250 9251
f 9250 9252 9251
f 9251 9252 9253
f 9252 9254 9253
f 9253 9254 9255
f 9254 9256 9255
f 9255 9256 9257
f 9256 9258 9257
f 9257 9258 9259
f 9258 9260 9259
f 9259 9260 9261
f 9260 9262 9261
f 9261 9262 9263
f 9262 9264 9263
f 9037 9041 9039
f 9039 9041 9265
f 9041 9266 9265
f 9265 9266 9267
f 9266 9268 9267
f 9267 9268 9269
f 9268 9270 9269
f 9269 9270 9271
f 9270 9272 9271
f 9271 9272 9273
f 9272 9274 9273
f 9273 9274 9275
f 9274 9276 9275
f 9275 9276 9277
f 9276 9278 9277
f 9277 9278 9279
f 9278 9280 9279
f 9279 9280 9281
f 9280 9282 9281
f 9281 9282 9283
f 9282 9284 9283
f 9283 9284 9285
f 9284 9286 9285
f 9285 9286 9287
f 9286 9288 9287
f 9287 9288 9289
f 9288 9290 9289
f 9289 9290 9291
f 9290 9292 9291
f 9291 9292 9293
f 9292 9294 9293
f 9293 9294 9295
f 9294 9296 9295
f 9295 9296 9297
f 9296 9298 9297
f 9297 9298 9299
f 9298 9300 9299
f 9299 9300 9301
f 9300 9302 9301
f 9301 9302 9303
f 9302 9304 9303
f 9303 9304 9305
f 9304 9306 9305
f 9305 9306 9307
f 9306 9308 9307
f 9307 9308 9309
f 9308 9310 9309
f 9309 9310 9311
f 9310 9312 9311
f 9040 9313 9041
f 9041 9313 9266
f 9313 9314 9266
f 9266 9314 9268
f 9314 9315 9268
f 9268 9315 9270
f 9315 9316 9270
f 9270 9316 9272
f 9316 9317 9272
f 9272 9317 9274
f 9317 9318 9274
f 9274 9318 9276
f 9318 9319 9276
f 9276 9319 9278
f 9319 9320 9278
f 9278 9320 9280
f 9320 9321 9280
f 9280 9321 9282
f 9321 9322 9282
f 9282 9322 9284
f 9322 9323 9284
f 9284 9323 9286
f 9323 9324 9286
f 9286 9324 9288
f 9324 9325 9288
f 9288 9325 9290
f 9325 9326 9290
f 9290 9326 9292
f 9326 9327 9292
f 9292 9327 9294
f 9327 9328 9294
f 9294 9328 9296
f 9328 9329 9296
f 9296 9329 9298
f 9329 9330 9298
f 9298 9330 9300
f 9330 9331 9300
f 9300 9331 9302
f 9331 9332 9302
f 9302 9332 9304
f 9332 9333 9304
f 9304 9333 9306
f 9333 9334 9306
f 9306 9334 9308
f 9334 9335 9308
f 9308 9335 9310
f 9335 9336 9310
f 9310 9336 9312
f 9336 9337 9312
f 9042 9046 9044
f 9044 9046 9338
f 9046 9339 9338
f 9338 9339 9340
f 9339 9341 9340
f 9340 9341 9342
f 9341 9343 9342
f 9342 9343 9344
f 9343 9345 9344
f 9344 9345 9346
f 9345 9347 9346
f 9346 9347 9348
f 9347 9349 9348
f 9348 9349 9350
f 9349 9351 9350
f 9350 9351 9352
f 9351 9353 9352
f 9352 9353 9354
f 9353 9355 9354
f 9354 9355 9356
f 9355 9357 9356
f 9356 9357 9358
f 9357 9359 9358
f 9358 9359 9360
f 9359 9361 9360
f 9360 9361 9362
f 9361 9363 9362
f 9362 9363 9364
f 9363 9365 9364
f 9364 9365 9366
f 9365 9367 9366
f 9366 9367 9368
f 9367 9369 9368
f 9368 9369 9370
f 9369 9371 9370
f 9370 9371 9372
f 9371 9373 9372
f 9372 9373 9374
f 9373 9375 9374
f 9374 9375 9376
f 9375 9377 9376
f 9376 9377 9378
f 9377 9379 9378
f 9378 9379 9380
f 9379 9381 9380
f 9380 9381 9382
f 9381 9383 9382
f 9382 9383 9384
f 9383 9385 9384
f 9045 9048 9046
f 9046 9048 9339
f 9048 9386 9339
f 9339 9386 9341
f 9386 9387 9341
f 9341 9387 9343
f 9387 9388 9343
f 9343 9388 9345
f 9388 9389 9345
f 9345 9389 9347
f 9389 9390 9347
f 9347 9390 9349
f 9390 9391 9349
f 9349 9391 9351
f 9391 9392 9351
f 9351 9392 9353
f 9392 9393 9353
f 9353 9393 9355
f 9393 9394 9355
f 9355 9394 9357
f 9394 9395 9357
f 9357 9395 9359
f 9395 9396 9359
f 9359 9396 9361
f 9396 9397 9361
f 9361 9397 9363
f 9397 9398 9363
f 9363 9398 9365
f 9398 9399 9365
f 9365 9399 9367
f 9399 9400 9367
f 9367 9400 9369
f 9400 9401 9369
f 9369 9401 9371
f 9401 9402 9371
f 9371 9402 9373
f 9402 9403 9373
f 9373 9403 9375
f 9403 9404 9375
f 9375 9404 9377
f 9404 9405 9377
f 9377 9405 9379
f 9405 9406 9379
f 9379 9406 9381
f 9406 9407 9381
f 9381 9407 9383
f 9407 9408 9383
f 9383 9408 9385
f 9408 9409 9385
f 7454 7467 9118
f 9118 7467 9116
f 7467 7468 9116
f 9116 7468 9114
f 7468 7455 9114
f 9114 7455 9112
f 7455 7456 9112
f 9112 7456 9110
f 7456 7465 9110
f 9110 7465 9108
f 7465 7466 9108
f 9108 7466 9106
f 7466 7463 9106
f 9106 7463 9104
f 7463 7464 9104
f 9104 7464 9102
f 7464 7475 9102
f 9102 7475 9100
f 7475 7476 9100
f 9100 7476 9098
f 7476 7477 9098
f 9098 7477 9096
f 7477 7483 9096
f 9096 7483 9094
f 7483 7484 9094
f 9094 7484 9092
f 7484 7481 9092
f 9092 7481 9090
f 7481 7482 9090
f 9090 7482 9088
f 7482 7491 9088
f 9088 7491 9086
f 7491 7492 9086
f 9086 7492 9084
f 7492 7493 9084
f 9084 7493 9082
f 7493 7494 9082
f 9082 7494 9080
f 7494 7495 9080
f 9080 7495 9078
f 7495 7496 9078
f 9078 7496 9076
f 7496 7500 9076
f 9076 7500 9074
f 7500 7501 9074
f 9074 7501 9072
f 7501 7502 9072
f 9072 7502 9022
f 7502 7505 9022
f 9022 7505 9021
f 7505 7506 9021
f 7454 9118 9019
f 9019 9118 9018
f 9118 9119 9018
f 9018 9119 9017
f 9119 9144 9017
f 9017 9144 9016
f 9144 9015 9016
f 9015 9144 9191
f 9191 9144 9189
f 9144 9143 9189
f 9189 9143 9187
f 9143 9142 9187
f 9187 9142 9185
f 9142 9141 9185
f 9185 9141 9183
f 9141 9140 9183
f 9183 9140 9181
f 9140 9139 9181
f 9181 9139 9179
f 9139 9138 9179
f 9179 9138 9177
f 9138 9137 9177
f 9177 9137 9175
f 9137 9136 9175
f 9175 9136 9173
f 9136 9135 9173
f 9173 9135 9171
f 9135 9134 9171
f 9171 9134 9169
f 9134 9133 9169
f 9169 9133 9167
f 9133 9132 9167
f 9167 9132 9165
f 9132 9131 9165
f 9165 9131 9163
f 9131 9130 9163
f 9163 9130 9161
f 9130 9129 9161
f 9161 9129 9159
f 9129 9128 9159
f 9159 9128 9157
f 9128 9127 9157
f 9157 9127 9155
f 9127 9126 9155
f 9155 9126 9153
f 9126 9125 9153
f 9153 9125 9151
f 9125 9124 9151
f 9151 9124 9149
f 9124 9123 9149
f 9149 9123 9147
f 9123 9122 9147
f 9147 9122 9145
f 9122 9121 9145
f 9145 9121 9027
f 9121 9120 9027
f 9027 9120 9026
f 9120 9023 9026
f 9015 9191 9014
f 9014 9191 9013
f 9191 9192 9013
f 9013 9192 9012
f 9192 9216 9012
f 9012 9216 9011
f 9216 9010 9011
f 9030 9410 9031
f 9031 9410 9193
f 9410 9411 9193
f 9193 9411 9194
f 9411 9412 9194
f 9194 9412 9195
f 9412 9413 9195
f 9195 9413 9196
f 9413 9414 9196
f 9196 9414 9197
f 9414 9415 9197
f 9197 9415 9198
f 9415 9416 9198
f 9198 9416 9199
f 9416 9417 9199
f 9199 9417 9200
f 9417 9418 9200
f 9200 9418 9201
f 9418 9419 9201
f 9201 9419 9202
f 9419 9420 9202
f 9202 9420 9203
f 9420 9421 9203
f 9203 9421 9204
f 9421 9422 9204
f 9204 9422 9205
f 9422 9423 9205
f 9205 9423 9206
f 9423 9424 9206
f 9206 9424 9207
f 9424 9425 9207
f 9207 9425 9208
f 9425 9426 9208
f 9208 9426 9209
f 9426 9427 9209
f 9209 9427 9210
f 9427 9428 9210
f 9210 9428 9211
f 9428 9429 9211
f 9211 9429 9212
f 9429 9430 9212
f 9212 9430 9213
f 9430 9431 9213
f 9213 9431 9214
f 9431 9432 9214
f 9214 9432 9215
f 9432 9433 9215
f 9215 9433 9216
f 9433 9434 9216
f 9216 9434 9010
f 9434 9009 9010
f 9009 9434 9263
f 9263 9434 9261
f 9434 9433 9261
f 9261 9433 9259
f 9433 9432 9259
f 9259 9432 9257
f 9432 9431 9257
f 9257 9431 9255
f 9431 9430 9255
f 9255 9430 9253
f 9430 9429 9253
f 9253 9429 9251
f 9429 9428 9251
f 9251 9428 9249
f 9428 9427 9249
f 9249 9427 9247
f 9427 9426 9247
f 9247 9426 9245
f 9426 9425 9245
f 9245 9425 9243
f 9425 9424 9243
f 9243 9424 9241
f 9424 9423 9241
f 9241 9423 9239
f 9423 9422 9239
f 9239 9422 9237
f 9422 9421 9237
f 9237 9421 9235
f 9421 9420 9235
f 9235 9420 9233
f 9420 9419 9233
f 9233 9419 9231
f 9419 9418 9231
f 9231 9418 9229
f 9418 9417 9229
f 9229 9417 9227
f 9417 9416 9227
f 9227 9416 9225
f 9416 9415 9225
f 9225 9415 9223
f 9415 9414 9223
f 9223 9414 9221
f 9414 9413 9221
f 9221 9413 9219
f 9413 9412 9219
f 9219 9412 9217
f 9412 9411 9217
f 9217 9411 9034
f 9411 9410 9034
f 9034 9410 9033
f 9410 9030 9033
f 9009 9263 9008
f 9008 9263 9007
f 9263 9264 9007
f 9007 9264 9006
f 9264 9005 9006
f 9035 9435 9036
f 9036 9435 9218
f 9435 9436 9218
f 9218 9436 9220
f 9436 9437 9220
f 9220 9437 9222
f 9437 9438 9222
f 9222 9438 9224
f 9438 9439 9224
f 9224 9439 9226
f 9439 9440 9226
f 9226 9440 9228
f 9440 9441 9228
f 9228 9441 9230
f 9441 9442 9230
f 9230 9442 9232
f 9442 9443 9232
f 9232 9443 9234
f 9443 9444 9234
f 9234 9444 9236
f 9444 9445 9236
f 9236 9445 9238
f 9445 9446 9238
f 9238 9446 9240
f 9446 9447 9240
f 9240 9447 9242
f 9447 9448 9242
f 9242 9448 9244
f 9448 9449 9244
f 9244 9449 9246
f 9449 9450 9246
f 9246 9450 9248
f 9450 9451 9248
f 9248 9451 9250
f 9451 9452 9250
f 9250 9452 9252
f 9452 9453 9252
f 9252 9453 9254
f 9453 9454 9254
f 9254 9454 9256
f 9454 9455 9256
f 9256 9455 9258
f 9455 9456 9258
f 9258 9456 9260
f 9456 9457 9260
f 9260 9457 9262
f 9457 9458 9262
f 9262 9458 9264
f 9458 9459 9264
f 9264 9459 9005
f 9459 9004 9005
f 9004 9459 9311
f 9311 9459 9309
f 9459 9458 9309
f 9309 9458 9307
f 9458 9457 9307
f 9307 9457 9305
f 9457 9456 9305
f 9305 9456 9303
f 9456 9455 9303
f 9303 9455 9301
f 9455 9454 9301
f 9301 9454 9299
f 9454 9453 9299
f 9299 9453 9297
f 9453 9452 9297
f 9297 9452 9295
f 9452 9451 9295
f 9295 9451 9293
f 9451 9450 9293
f 9293 9450 9291
f 9450 9449 9291
f 9291 9449 9289
f 9449 9448 9289
f 9289 9448 9287
f 9448 9447 9287
f 9287 9447 9285
f 9447 9446 9285
f 9285 9446 9283
f 9446 9445 9283
f 9283 9445 9281
f 9445 9444 9281
f 9281 9444 9279
f 9444 9443 9279
f 9279 9443 9277
f 9443 9442 9277
f 9277 9442 9275
f 9442 9441 9275
f 9275 9441 9273
f 9441 9440 9273
f 9273 9440 9271
f 9440 9439 9271
f 9271 9439 9269
f 9439 9438 9269
f 9269 9438 9267
f 9438 9437 9267
f 9267 9437 9265
f 9437 9436 9265
f 9265 9436 9039
f 9436 9435 9039
f 9039 9435 9038
f 9435 9035 9038
f 9004 9311 9003
f 9003 9311 9002
f 9311 9312 9002
f 9002 9312 9001
f 9312 9337 9001
f 9001 9337 9000
f 9337 8999 9000
f 8999 9337 9384
f 9384 9337 9382
f 9337 9336 9382
f 9382 9336 9380
f 9336 9335 9380
f 9380 9335 9378
f 9335 9334 9378
f 9378 9334 9376
f 9334 9333 9376
f 9376 9333 9374
f 9333 9332 9374
f 9374 9332 9372
f 9332 9331 9372
f 9372 9331 9370
f 9331 9330 9370
f 9370 9330 9368
f 9330 9329 9368
f 9368 9329 9366
f 9329 9328 9366
f 9366 9328 9364
f 9328 9327 9364
f 9364 9327 9362
f 9327 9326 9362
f 9362 9326 9360
f 9326 9325 9360
f 9360 9325 9358
f 9325 9324 9358
f 9358 9324 9356
f 9324 9323 9356
f 9356 9323 9354
f 9323 9322 9354
f 9354 9322 9352
f 9322 9321 9352
f 9352 9321 9350
f 9321 9320 9350
f 9350 9320 9348
f 9320 9319 9348
f 9348 9319 9346
f 9319 9318 9346
f 9346 9318 9344
f 9318 9317 9344
f 9344 9317 9342
f 9317 9316 9342
f 9342 9316 9340
f 9316 9315 9340
f 9340 9315 9338
f 9315 9314 9338
f 9338 9314 9044
f 9314 9313 9044
f 9044 9313 9043
f 9313 9040 9043
f 8999 9384 8998
f 8998 9384 8997
f 9384 9385 8997
f 8997 9385 8996
f 9385 9409 8996
f 8996 9409 8995
f 9409 8994 8995
f 9047 9049 9048
f 9048 9049 9386
f 9049 9050 9386
f 9386 9050 9387
f 9050 9051 9387
f 9387 9051 9388
f 9051 9052 9388
f 9388 9052 9389
f 9052 9053 9389
f 9389 9053 9390
f 9053 9054 9390
f 9390 9054 9391
f 9054 9055 9391
f 9391 9055 9392
f 9055 9056 9392
f 9392 9056 9393
f 9056 9057 9393
f 9393 9057 9394
f 9057 9058 9394
f 9394 9058 9395
f 9058 9059 9395
f 9395 9059 9396
f 9059 9060 9396
f 9396 9060 9397
f 9060 9061 9397
f 9397 9061 9398
f 9061 9062 9398
f 9398 9062 9399
f 9062 9063 9399
f 9399 9063 9400
f 9063 9064 9400
f 9400 9064 9401
f 9064 9066 9401
f 9401 9066 9402
f 9066 9065 9402
f 9402 9065 9403
f 9065 9067 9403
f 9403 9067 9404
f 9067 9069 9404
f 9404 9069 9405
f 9069 9068 9405
f 9405 9068 9406
f 9068 9070 9406
f 9406 9070 9407
f 9070 9071 9407
f 9407 9071 9408
f 9071 9460 9408
f 9408 9460 9409
f 9460 9461 9409
f 9409 9461 8994
f 9461 8993 8994
f 8174 8175 9071
f 9071 8175 9460
f 8175 8177 9460
f 9460 8177 9461
f 8177 8176 9461
f 9461 8176 8993
f 8176 7536 8993
f 7504 7535 7506
f 7506 7535 9021
f 9020 9021 7533
f 7533 9021 7534
f 9021 7535 7534
f 9023 9020 7513
f 7513 9020 7512
f 9020 7533 7512
f 9026 9023 7530
f 7530 9023 7514
f 9023 7513 7514
f 9025 9026 7532
f 7532 9026 7531
f 9026 7530 7531
f 9028 9025 7527
f 7527 9025 7526
f 9025 7532 7526
f 9030 9028 7529
f 7529 9028 7528
f 9028 7527 7528
f 7511 9030 7515
f 7515 9030 7516
f 9030 7529 7516
f 9030 7511 9033
f 9033 7511 9032
f 7511 7522 9032
f 9032 7522 9035
f 7522 7523 9035
f 9035 7523 9038
f 7523 7524 9038
f 9038 7524 9037
f 7524 7525 9037
f 9037 7525 9040
f 7525 7510 9040
f 9040 7510 9043
f 7510 7517 9043
f 9043 7517 9042
f 7517 7518 9042
f 9042 7518 9045
f 7518 7519 9045
f 9045 7519 9047
f 7519 7521 9047
f 9047 7521 7807
f 7521 7520 7807
f 6412 6396 8960
f 8960 6396 8162
f 7392 7315 3341
f 3341 7315 3340
f 3653 5798 3655
f 3655 5798 6372
f 5798 7393 6372
f 6372 7393 6371
f 5440 7211 5439
f 5440 5837 7211
f 7211 5837 7213
f 5837 5838 7213
f 7213 5838 7215
f 5838 5840 7215
f 7215 5840 7217
f 5840 5842 7217
f 7217 5842 7219
f 5842 5844 7219
f 7219 5844 7221
f 5844 5846 7221
f 7221 5846 7223
f 5846 5848 7223
f 7223 5848 7225
f 5848 5850 7225
f 7225 5850 7227
f 5850 5852 7227
f 7227 5852 7229
f 5852 5854 7229
f 7229 5854 7231
f 5854 5856 7231
f 7231 5856 7233
f 5856 5858 7233
f 7233 5858 7235
f 5858 5860 7235
f 7235 5860 7237
f 5860 5862 7237
f 7237 5862 7239
f 5862 5864 7239
f 7239 5864 7241
f 5864 5866 7241
f 7241 5866 7243
f 5866 5868 7243
f 7243 5868 7245
f 5868 5870 7245
f 7245 5870 7247
f 5870 5872 7247
f 7247 5872 7249
f 5872 5874 7249
f 7249 5874 7251
f 5874 5876 7251
f 7251 5876 7253
f 5876 5878 7253
f 7253 5878 7255
f 5878 5880 7255
f 7255 5880 7257
f 5880 5882 7257
f 7257 5882 7259
f 5882 5884 7259
f 7259 5884 7261
f 5884 5886 7261
f 7261 5886 7263
f 5886 5888 7263
f 7263 5888 7265
f 5888 5890 7265
f 7265 5890 7196
f 5890 5892 7196
f 9462 6395 9463
f 9463 6395 6386
f 2641 2639 7443
f 7443 2639 7375
f 4977 4978 6389
f 6389 4978 6390
f 4978 3637 6390
f 6390 3637 3638
f 6462 7272 7268
f 6462 6463 7272
f 7272 6463 7273
f 6463 6464 7273
f 7273 6464 7274
f 6464 6466 7274
f 7274 6466 7275
f 6466 6468 7275
f 7275 6468 7276
f 6468 6470 7276
f 7276 6470 7277
f 6470 6472 7277
f 7277 6472 7278
f 6472 6474 7278
f 7278 6474 7279
f 6474 6476 7279
f 7279 6476 7280
f 6476 6478 7280
f 7280 6478 7281
f 6478 6480 7281
f 7281 6480 7282
f 6480 6482 7282
f 7282 6482 7283
f 6482 6484 7283
f 7283 6484 7284
f 6484 6486 7284
f 7284 6486 7285
f 6486 6488 7285
f 7285 6488 7286
f 6488 6490 7286
f 7286 6490 7287
f 6490 6492 7287
f 7287 6492 7288
f 6492 6494 7288
f 7288 6494 7289
f 6494 6496 7289
f 7289 6496 7290
f 6496 6498 7290
f 7290 6498 7291
f 6498 6500 7291
f 7291 6500 7292
f 6500 6502 7292
f 7292 6502 7293
f 6502 6504 7293
f 7293 6504 7294
f 6504 6506 7294
f 7294 6506 7295
f 6506 6508 7295
f 7295 6508 7296
f 6508 6510 7296
f 7296 6510 7297
f 6510 6512 7297
f 7297 6512 7298
f 6512 6514 7298
f 7298 6514 7299
f 6514 6516 7299
f 7299 6516 5237
f 6516 5236 5237
f 2623 6370 2625
f 3505 6427 3507
f 8449 8468 2601
f 2601 8468 2603
f 8468 8469 2603
f 2545 5802 2547
f 2547 5802 2549
f 5802 2551 2549
f 2603 8469 2605
f 2605 8469 2607
f 8469 2609 2607
f 2551 5802 2553
f 2553 5802 2555
f 5802 7025 2555
f 2555 7025 2557
f 7025 2559 2557
f 2559 7025 2561
f 2561 7025 2563
f 7025 2565 2563
f 3579 6995 3581
f 3581 6995 3583
f 6995 3585 3583
f 3567 7780 3569
f 3569 7780 3571
f 2609 8469 2611
f 2611 8469 2613
f 8469 2615 2613
f 2615 8469 2617
f 2617 8469 2619
f 8469 6370 2619
f 2619 6370 2621
f 6370 2623 2621
f 3571 7780 3573
f 3573 7780 3575
f 7780 6995 3575
f 3575 6995 3577
f 6995 3579 3577
f 7780 3555 7809
f 3555 7780 3557
f 3557 7780 3559
f 7780 3561 3559
f 3561 7780 3563
f 3563 7780 3565
f 7780 3567 3565
f 2565 7025 2567
f 2567 7025 2569
f 7025 2571 2569
f 2625 6370 2627
f 2627 6370 2629
f 6370 6369 2629
f 2629 6369 2631
f 6369 6368 2631
f 2631 6368 2633
f 6368 6367 2633
f 2633 6367 2635
f 6367 6366 2635
f 2635 6366 2637
f 6366 6365 2637
f 2637 6365 2495
f 6365 6364 2495
f 2495 6364 2497
f 6364 6363 2497
f 2497 6363 2499
f 6363 6362 2499
f 2499 6362 2501
f 6362 6361 2501
f 2501 6361 2503
f 6361 6360 2503
f 2503 6360 2505
f 6360 6359 2505
f 2505 6359 2507
f 6359 6358 2507
f 2507 6358 2509
f 6358 6357 2509
f 2509 6357 2511
f 6357 6356 2511
f 2511 6356 2513
f 6356 6355 2513
f 2513 6355 2515
f 6355 6354 2515
f 2515 6354 2517
f 6354 6353 2517
f 2517 6353 2519
f 6353 6352 2519
f 2519 6352 2521
f 6352 6351 2521
f 2521 6351 2523
f 6351 6350 2523
f 2523 6350 2525
f 6350 6349 2525
f 2525 6349 2527
f 6349 6348 2527
f 2527 6348 2529
f 6348 6347 2529
f 2529 6347 2531
f 6347 6346 2531
f 2531 6346 2533
f 6346 6345 2533
f 2533 6345 2535
f 6345 6344 2535
f 2535 6344 2537
f 6344 6343 2537
f 2537 6343 2539
f 6343 6342 2539
f 2539 6342 2541
f 6342 5802 2541
f 2541 5802 2543
f 5802 2545 2543
f 2571 7025 2573
f 2573 7025 2575
f 7025 7026 2575
f 2575 7026 2577
f 7026 7354 2577
f 2579 7346 2581
f 3551 8033 3553
f 7809 3555 8027
f 8027 3555 8029
f 3555 3553 8029
f 8029 3553 8031
f 3553 8033 8031
f 7346 2579 7348
f 7348 2579 7350
f 2579 2577 7350
f 7350 2577 7352
f 2577 7354 7352
f 3515 8312 3517
f 3507 6427 3509
f 3509 6427 3511
f 6427 8312 3511
f 3511 8312 3513
f 8312 3515 3513
f 3517 8312 3519
f 3519 8312 3521
f 8312 3523 3521
f 7338 2585 7340
f 8449 5734 8432
f 3585 6995 3587
f 3587 6995 3589
f 6995 6994 3589
f 3589 6994 3591
f 6994 6993 3591
f 3591 6993 3593
f 6993 6992 3593
f 3593 6992 3595
f 6992 6991 3595
f 3595 6991 3597
f 6991 6990 3597
f 3597 6990 3599
f 6990 6989 3599
f 3599 6989 3601
f 6989 6988 3601
f 3601 6988 3603
f 6988 6987 3603
f 3603 6987 3605
f 6987 6986 3605
f 3605 6986 3607
f 6986 6985 3607
f 3607 6985 3609
f 6985 6984 3609
f 3609 6984 3611
f 6984 6983 3611
f 3611 6983 3613
f 6983 6982 3613
f 3613 6982 3615
f 6982 6981 3615
f 3615 6981 3617
f 6981 6980 3617
f 3617 6980 3619
f 6980 6979 3619
f 3619 6979 3621
f 6979 6978 3621
f 3621 6978 3623
f 6978 6977 3623
f 3623 6977 3625
f 6977 6976 3625
f 3625 6976 3627
f 6976 6975 3627
f 3627 6975 3629
f 6975 6974 3629
f 3629 6974 3631
f 6974 6973 3631
f 3631 6973 3633
f 6973 6972 3633
f 3633 6972 3635
f 6972 6971 3635
f 3635 6971 3493
f 6971 6970 3493
f 3493 6970 3495
f 6970 6969 3495
f 3495 6969 3497
f 6969 6968 3497
f 3497 6968 3499
f 6968 6967 3499
f 3499 6967 3501
f 6967 6427 3501
f 3501 6427 3503
f 6427 3505 3503
f 8067 3537 5736
f 8033 3551 8035
f 8035 3551 8037
f 3551 3549 8037
f 8037 3549 8039
f 3549 3547 8039
f 2585 2583 7340
f 7340 2583 7342
f 2583 2581 7342
f 7342 2581 7344
f 2581 7346 7344
f 8067 8066 3537
f 7321 5734 2595
f 2595 5734 2597
f 5734 8449 2597
f 2597 8449 2599
f 8449 2601 2599
f 8432 5734 8415
f 8415 5734 8382
f 5734 5736 8382
f 8382 5736 8365
f 8058 3539 8060
f 2593 7316 7317
f 3523 8312 3525
f 3525 8312 3527
f 8312 8331 3527
f 3527 8331 3529
f 8331 8348 3529
f 3529 8348 3531
f 8348 8365 3531
f 3531 8365 3533
f 8365 5736 3533
f 3533 5736 3535
f 5736 3537 3535
f 8039 3547 8041
f 8041 3547 8043
f 3547 3545 8043
f 8043 3545 8045
f 3545 3543 8045
f 8045 3543 8046
f 7338 7333 2585
f 2585 7333 2587
f 7333 7334 2587
f 2587 7334 2589
f 7334 7335 2589
f 8060 3539 8061
f 8061 3539 8063
f 3539 3537 8063
f 8063 3537 8064
f 3537 8066 8064
f 8046 3543 8048
f 8048 3543 8049
f 3543 3541 8049
f 8049 3541 8051
f 3541 8052 8051
f 7329 2591 7328
f 7328 2591 7332
f 2591 2589 7332
f 7332 2589 7331
f 2589 7335 7331
f 7321 2595 7320
f 7320 2595 7319
f 2595 2593 7319
f 7319 2593 7318
f 2593 7317 7318
f 8052 3541 8054
f 8054 3541 8055
f 3541 3539 8055
f 8055 3539 8057
f 3539 8058 8057
f 7316 2593 7322
f 7322 2593 7326
f 2593 2591 7326
f 7326 2591 7325
f 2591 7329 7325
f 3317 3315 3368
f 3368 3315 3364
f 7977 7976 7832
f 7832 7976 7831
f 7976 7975 7831
f 7831 7975 7830
f 7975 7974 7830
f 7830 7974 7829
f 7974 7973 7829
f 7829 7973 7828
f 7973 7972 7828
f 7828 7972 7827
f 7972 7971 7827
f 7827 7971 7826
f 7971 7970 7826
f 7826 7970 7825
f 7970 7969 7825
f 7825 7969 7824
f 7969 7968 7824
f 7824 7968 7823
f 7968 7967 7823
f 7823 7967 7822
f 7967 7966 7822
f 7822 7966 7821
f 7966 7965 7821
f 7821 7965 7820
f 7965 7964 7820
f 7820 7964 7819
f 7964 7963 7819
f 7819 7963 7818
f 7963 7962 7818
f 7818 7962 7817
f 7962 7961 7817
f 7817 7961 7816
f 7961 7960 7816
f 7816 7960 7815
f 7960 7959 7815
f 7815 7959 7814
f 7959 7958 7814
f 7814 7958 7813
f 7958 7957 7813
f 7813 7957 7812
f 7957 7956 7812
f 7812 7956 7811
f 7956 7955 7811
f 7811 7955 7810
f 7955 7954 7810
f 7810 7954 7881
f 7954 8025 7881
f 7881 8025 7880
f 8025 8024 7880
f 7880 8024 7879
f 8024 8023 7879
f 7879 8023 7878
f 8023 8022 7878
f 7878 8022 7877
f 8022 8021 7877
f 7877 8021 7876
f 8021 8020 7876
f 7876 8020 7875
f 8020 8019 7875
f 7875 8019 7874
f 8019 8018 7874
f 7874 8018 7873
f 8018 8017 7873
f 7873 8017 7872
f 8017 8016 7872
f 7872 8016 7871
f 8016 8015 7871
f 7871 8015 7870
f 8015 8014 7870
f 7870 8014 7869
f 8014 8013 7869
f 7869 8013 7868
f 8013 8012 7868
f 7868 8012 7867
f 8012 8011 7867
f 7867 8011 7866
f 8011 8010 7866
f 7866 8010 7865
f 8010 8009 7865
f 7865 8009 7864
f 8009 8008 7864
f 7864 8008 7863
f 8008 8007 7863
f 7863 8007 7862
f 8007 8006 7862
f 7862 8006 7861
f 8006 8005 7861
f 7861 8005 7860
f 8005 8004 7860
f 7860 8004 7859
f 8004 8003 7859
f 7859 8003 7858
f 8003 8002 7858
f 7858 8002 7857
f 8002 8001 7857
f 7857 8001 7856
f 8001 8000 7856
f 7856 8000 7855
f 8000 7999 7855
f 7855 7999 7854
f 7999 7998 7854
f 7854 7998 7853
f 7998 7997 7853
f 7853 7997 7852
f 7997 7996 7852
f 7852 7996 7851
f 7996 7995 7851
f 7851 7995 7850
f 7995 7994 7850
f 7850 7994 7849
f 7994 7993 7849
f 7849 7993 7848
f 7993 7992 7848
f 7848 7992 7847
f 7992 7991 7847
f 7847 7991 7846
f 7991 7990 7846
f 7846 7990 7845
f 7990 7989 7845
f 7845 7989 7844
f 7989 7988 7844
f 7844 7988 7843
f 7988 7987 7843
f 7843 7987 7842
f 7987 7986 7842
f 7842 7986 7841
f 7986 7985 7841
f 7841 7985 7840
f 7985 7984 7840
f 7840 7984 7839
f 7984 7983 7839
f 7839 7983 7838
f 7983 7982 7838
f 7838 7982 7837
f 7982 7981 7837
f 7837 7981 7836
f 7981 7980 7836
f 7836 7980 7835
f 7980 7979 7835
f 7835 7979 7834
f 7979 7978 7834
f 7834 7978 7833
f 7978 7977 7833
f 7833 7977 7832
f 7143 7141 5380
f 5380 7141 5378
f 7141 7139 5378
f 5378 7139 5376
f 7139 7137 5376
f 5376 7137 5374
f 7137 7135 5374
f 5374 7135 5372
f 7135 7133 5372
f 5372 7133 5370
f 7133 7131 5370
f 5370 7131 5368
f 7131 7129 5368
f 5368 7129 5366
f 7129 7127 5366
f 5366 7127 5364
f 7127 7125 5364
f 5364 7125 5362
f 7125 7123 5362
f 5362 7123 5360
f 7123 7121 5360
f 5360 7121 5358
f 7121 7119 5358
f 5358 7119 5356
f 7119 7117 5356
f 5356 7117 5354
f 7117 7115 5354
f 5354 7115 5352
f 7115 7113 5352
f 5352 7113 5350
f 7113 7111 5350
f 5350 7111 5348
f 7111 7109 5348
f 5348 7109 5346
f 7109 7107 5346
f 5346 7107 5344
f 7107 7105 5344
f 5344 7105 5342
f 7105 7103 5342
f 5342 7103 5340
f 7103 7101 5340
f 5340 7101 5338
f 7101 7099 5338
f 5338 7099 5336
f 7099 7097 5336
f 5336 7097 5334
f 7097 7095 5334
f 5334 7095 5332
f 7095 7093 5332
f 5332 7093 5330
f 7093 7091 5330
f 5330 7091 5328
f 7091 7089 5328
f 5328 7089 5326
f 7089 7087 5326
f 5326 7087 5324
f 7087 7085 5324
f 5324 7085 5322
f 7085 7083 5322
f 5322 7083 5320
f 7083 7081 5320
f 5320 7081 5318
f 7081 7079 5318
f 5318 7079 5316
f 7079 7077 5316
f 5316 7077 5314
f 7077 7075 5314
f 5314 7075 5312
f 7075 7073 5312
f 5312 7073 5310
f 7073 7071 5310
f 5310 7071 5308
f 7071 7069 5308
f 5308 7069 5306
f 7069 7067 5306
f 5306 7067 5304
f 7067 7065 5304
f 5304 7065 5302
f 7065 7063 5302
f 5302 7063 5300
f 7063 7061 5300
f 5300 7061 5298
f 7061 7059 5298
f 5298 7059 5296
f 7059 7057 5296
f 5296 7057 5294
f 7057 7055 5294
f 5294 7055 5292
f 7055 7053 5292
f 5292 7053 5290
f 7053 7051 5290
f 5290 7051 5288
f 7051 7049 5288
f 5288 7049 5286
f 7049 7047 5286
f 5286 7047 5284
f 7047 7045 5284
f 5284 7045 5282
f 7045 7043 5282
f 5282 7043 5280
f 7043 7041 5280
f 5280 7041 5278
f 7041 7039 5278
f 5278 7039 5276
f 7039 7037 5276
f 5276 7037 5274
f 7037 7035 5274
f 5274 7035 5272
f 7035 7033 5272
f 5272 7033 5270
f 7033 7031 5270
f 5270 7031 5268
f 7031 7029 5268
f 5268 7029 5266
f 7029 7027 5266
f 5266 7027 5408
f 7027 7169 5408
f 5408 7169 5406
f 7169 7167 5406
f 5406 7167 5404
f 7167 7165 5404
f 5404 7165 5402
f 7165 7163 5402
f 5402 7163 5400
f 7163 7161 5400
f 5400 7161 5398
f 7161 7159 5398
f 5398 7159 5396
f 7159 7157 5396
f 5396 7157 5394
f 7157 7155 5394
f 5394 7155 5392
f 7155 7153 5392
f 5392 7153 5390
f 7153 7151 5390
f 5390 7151 5388
f 7151 7149 5388
f 5388 7149 5386
f 7149 7147 5386
f 5386 7147 5384
f 7147 7145 5384
f 5384 7145 5382
f 7145 7143 5382
f 5382 7143 5380
f 9464 6395 9462
f 6382 5568 5570
f 6379 9465 6381
f 6381 9465 9466
f 6379 6393 9465
f 9465 6393 9467
f 6393 9468 9467
f 9464 9468 6395
f 6395 9468 6394
f 9468 6393 6394
f 8245 9469 8244
f 8244 9469 9470
f 9466 9471 6381
f 6381 9471 6382
f 9471 9472 6382
f 6382 9472 5568
f 9472 9469 5568
f 5568 9469 5566
f 9469 8245 5566
f 9473 9474 8247
f 8247 9474 8246
f 9474 9475 8246
f 8244 9470 8243
f 8243 9470 8248
f 9470 9473 8248
f 8248 9473 8249
f 9473 8247 8249
f 8246 9475 8253
f 8253 9475 8252
f 9475 9476 8252
f 8252 9476 8251
f 9476 9477 8251
f 8251 9477 8250
f 8250 9477 8256
f 8256 9477 8257
f 9477 9478 8257
f 8257 9478 8255
f 9478 9479 8255
f 8255 9479 8254
f 8254 9479 8258
f 9479 9480 8258
f 8258 9480 8259
f 9480 9481 8259
f 8259 9481 8262
f 9481 8263 8262
f 8263 9481 8264
f 8264 9481 8265
f 9481 9482 8265
f 8265 9482 8261
f 9482 9483 8261
f 8261 9483 8260
f 9484 8268 9485
f 9485 8268 9486
f 8268 8269 9486
f 9486 8269 9483
f 8269 8266 9483
f 9483 8266 8260
f 9487 8271 9488
f 9488 8271 9489
f 8271 8272 9489
f 9489 8272 9484
f 8272 8267 9484
f 9484 8267 8268
f 8271 9487 8270
f 8270 9487 8275
f 9487 9490 8275
f 8275 9490 8274
f 9490 9491 8274
f 9491 9492 8274
f 8274 9492 8273
f 9492 8276 8273
f 8276 9492 8277
f 8277 9492 8242
f 9492 9493 8242
f 8242 9493 8241
f 9493 9494 8241
f 9495 8278 9496
f 9496 8278 9497
f 8278 8279 9497
f 9497 8279 9494
f 8279 8280 9494
f 9494 8280 8241
f 9498 8283 9499
f 9499 8283 9500
f 8283 8284 9500
f 9500 8284 9495
f 8284 8281 9495
f 9495 8281 8278
f 8289 8285 9501
f 9501 8285 9502
f 8285 8286 9502
f 9502 8286 9503
f 9503 8286 9498
f 8286 8282 9498
f 9498 8282 8283
f 8288 8289 9504
f 9504 8289 9505
f 8289 9501 9505
f 8288 9504 8287
f 8287 9504 8290
f 9504 9506 8290
f 8290 9506 6997
f 9506 7000 6997
f 2494 2423 3023
f 3023 2423 3094
f 2423 2424 3094
f 3094 2424 3093
f 2424 2425 3093
f 3093 2425 3092
f 2425 2426 3092
f 3092 2426 3091
f 2426 2427 3091
f 3091 2427 3090
f 2427 2428 3090
f 3090 2428 3089
f 2428 2429 3089
f 3089 2429 3088
f 2429 2430 3088
f 3088 2430 3087
f 2430 2431 3087
f 3087 2431 3086
f 2431 2432 3086
f 3086 2432 3085
f 2432 2433 3085
f 3085 2433 3084
f 2433 2434 3084
f 3084 2434 3083
f 2434 2435 3083
f 3083 2435 3082
f 2435 2436 3082
f 3082 2436 3081
f 2436 2437 3081
f 3081 2437 3080
f 2437 2438 3080
f 3080 2438 3079
f 2438 2439 3079
f 3079 2439 3078
f 2439 2440 3078
f 3078 2440 3077
f 2440 2441 3077
f 3077 2441 3076
f 2441 2442 3076
f 3076 2442 3075
f 2442 2443 3075
f 3075 2443 3074
f 2443 2444 3074
f 3074 2444 3073
f 2444 2445 3073
f 3073 2445 3072
f 2445 2446 3072
f 3072 2446 3071
f 2446 2447 3071
f 3071 2447 3070
f 2447 2448 3070
f 3070 2448 3069
f 2448 2449 3069
f 3069 2449 3068
f 2449 2450 3068
f 3068 2450 3067
f 2450 2451 3067
f 3067 2451 3066
f 2451 2452 3066
f 3066 2452 3065
f 2452 2453 3065
f 3065 2453 3064
f 2453 2454 3064
f 3064 2454 3063
f 2454 2455 3063
f 3063 2455 3062
f 2455 2456 3062
f 3062 2456 3061
f 2456 2457 3061
f 3061 2457 3060
f 2457 2458 3060
f 3060 2458 3059
f 2458 2459 3059
f 3059 2459 3058
f 2459 2460 3058
f 3058 2460 3057
f 2460 2461 3057
f 3057 2461 3056
f 2461 2462 3056
f 3056 2462 3055
f 2462 2463 3055
f 3055 2463 3054
f 2463 2464 3054
f 3054 2464 3053
f 2464 2465 3053
f 3053 2465 3052
f 2465 2466 3052
f 3052 2466 3051
f 2466 2467 3051
f 3051 2467 3050
f 2467 2468 3050
f 3050 2468 3049
f 2468 2469 3049
f 3049 2469 3048
f 2469 2470 3048
f 3048 2470 3047
f 2470 2471 3047
f 3047 2471 3046
f 2471 2472 3046
f 3046 2472 3045
f 2472 2473 3045
f 3045 2473 3044
f 2473 2474 3044
f 3044 2474 3043
f 2474 2475 3043
f 3043 2475 3042
f 2475 2476 3042
f 3042 2476 3041
f 2476 2477 3041
f 3041 2477 3040
f 2477 2478 3040
f 3040 2478 3039
f 2478 2479 3039
f 3039 2479 3038
f 2479 2480 3038
f 3038 2480 3037
f 2480 2481 3037
f 3037 2481 3036
f 2481 2482 3036
f 3036 2482 3035
f 2482 2483 3035
f 3035 2483 3034
f 2483 2484 3034
f 3034 2484 3033
f 2484 2485 3033
f 3033 2485 3032
f 2485 2486 3032
f 3032 2486 3031
f 2486 2487 3031
f 3031 2487 3030
f 2487 2488 3030
f 3030 2488 3029
f 2488 2489 3029
f 3029 2489 3028
f 2489 2490 3028
f 3028 2490 3027
f 2490 2491 3027
f 3027 2491 3026
f 2491 2492 3026
f 3026 2492 3025
f 2492 2493 3025
f 3025 2493 3024
f 2493 2494 3024
f 3024 2494 3023
f 9507 7805 7808
f 8962 9508 8961
f 8961 9508 8957
f 8960 8959 6412
f 6412 8959 9508
f 8959 8958 9508
f 9508 8958 8957
f 9508 8962 9509
f 9509 8962 9510
f 8962 8963 9510
f 9510 8963 8964
f 8964 8965 9510
f 9510 8965 9511
f 8965 8966 9511
f 9511 8966 9512
f 8966 8967 9512
f 8967 8968 9512
f 9512 8968 9513
f 8968 8969 9513
f 9513 8969 9514
f 8969 9515 9514
f 9516 9515 8973
f 8973 9515 8972
f 8972 9515 8971
f 8971 9515 8970
f 9515 8969 8970
f 9517 9518 8976
f 8976 9518 8975
f 9516 8973 9519
f 9519 8973 9518
f 8973 8974 9518
f 9518 8974 8975
f 8979 9520 8978
f 9517 8976 9521
f 9521 8976 9520
f 8976 8977 9520
f 9520 8977 8978
f 9520 8979 9522
f 9522 8979 9523
f 8979 8980 9523
f 8980 8981 9523
f 9523 8981 9524
f 8981 8982 9524
f 9524 8982 9525
f 9525 8982 9526
f 8982 8983 9526
f 9526 8983 9527
f 8983 8984 9527
f 8988 9528 8986
f 9527 8984 9529
f 9529 8984 9528
f 8984 8985 9528
f 9528 8985 8986
f 9528 8988 9530
f 9530 8988 9531
f 8988 8987 9531
f 9531 8987 9532
f 8987 8992 9532
f 9532 8992 9533
f 9533 8992 9534
f 8992 8991 9534
f 9534 8991 8990
f 9507 9534 7805
f 7805 9534 8989
f 9534 8990 8989
f 6398 6399 9535
f 9535 6399 9536
f 6399 6373 9536
f 9536 6373 9537
f 6373 6412 9537
f 9537 6412 9538
f 6412 9508 9538
f 6386 6385 9463
f 9463 6385 9539
f 6385 6383 9539
f 9539 6383 9540
f 6383 6384 9540
f 9540 6384 9541
f 6384 6391 9541
f 9541 6391 9542
f 6391 6392 9542
f 9542 6392 9543
f 6392 6409 9543
f 9543 6409 9544
f 6409 6410 9544
f 9544 6410 9545
f 6410 6411 9545
f 9545 6411 9546
f 6411 6397 9546
f 6397 6398 9546
f 9546 6398 9547
f 6398 9535 9547
f 7000 9548 7353
f 9549 9551 9550
f 9552 9554 9553
f 9555 9557 9556
f 9558 9560 9559
f 9561 9563 9562
f 9564 9566 9565
f 9567 9569 9568
f 9570 9572 9571
f 9573 9575 9574
f 9576 9578 9577
f 9579 9576 9580
f 9580 9574 9579
f 9573 9571 9575
f 9581 9570 9582
f 9582 9568 9581
f 9583 9567 9584
f 9584 9565 9583
f 9564 9562 9566
f 9585 9561 9586
f 9586 9559 9585
f 9587 9558 9588
f 9588 9556 9587
f 9555 9553 9557
f 9589 9552 9590
f 9590 9550 9589
f 9591 9549 9592
f 9592 5731 9591
f 9466 9465 9593
f 9593 9465 9594
f 9465 9467 9594
f 9594 9467 9595
f 9467 9468 9595
f 9595 9468 9578
f 9468 9464 9578
f 9578 9464 9577
f 9464 9462 9577
f 9466 9593 9471
f 9471 9593 9472
f 9593 9596 9472
f 9472 9596 9469
f 9469 9596 9470
f 9596 9597 9470
f 9470 9597 9473
f 9473 9597 9474
f 9597 9598 9474
f 9474 9598 9475
f 9598 9599 9475
f 9475 9599 9476
f 9476 9599 9477
f 9599 9600 9477
f 9477 9600 9478
f 9478 9600 9479
f 9600 9601 9479
f 9479 9601 9480
f 9480 9601 9481
f 9601 9602 9481
f 9481 9602 9482
f 9482 9602 9483
f 9602 9603 9483
f 9483 9603 9486
f 9486 9603 9485
f 9603 9604 9485
f 9485 9604 9484
f 9604 9605 9484
f 9484 9605 9489
f 9489 9605 9488
f 9605 9606 9488
f 9488 9606 9487
f 9606 9607 9487
f 9487 9607 9490
f 9490 9607 9491
f 9607 9608 9491
f 9491 9608 9492
f 9608 9609 9492
f 9492 9609 9493
f 9493 9609 9494
f 9609 9610 9494
f 9494 9610 9497
f 9497 9610 9496
f 9610 9611 9496
f 9496 9611 9495
f 9611 9612 9495
f 9495 9612 9500
f 9500 9612 9499
f 9612 9613 9499
f 9499 9613 9498
f 9613 9614 9498
f 9498 9614 9503
f 9503 9614 9502
f 9614 9615 9502
f 9502 9615 9501
f 9501 9615 9505
f 9615 9616 9505
f 9505 9616 9504
f 9616 9548 9504
f 9504 9548 9506
f 9548 7000 9506
f 9576 9579 9578
f 9578 9579 9595
f 9579 9617 9595
f 9595 9617 9594
f 9617 9618 9594
f 9594 9618 9593
f 9618 9619 9593
f 9593 9619 9596
f 9619 9620 9596
f 9596 9620 9597
f 9620 9621 9597
f 9597 9621 9598
f 9621 9622 9598
f 9598 9622 9599
f 9622 9623 9599
f 9599 9623 9600
f 9623 9624 9600
f 9600 9624 9601
f 9624 9625 9601
f 9601 9625 9602
f 9625 9626 9602
f 9602 9626 9603
f 9626 9627 9603
f 9603 9627 9604
f 9627 9628 9604
f 9604 9628 9605
f 9628 9629 9605
f 9605 9629 9606
f 9629 9630 9606
f 9606 9630 9607
f 9630 9631 9607
f 9607 9631 9608
f 9631 9632 9608
f 9608 9632 9609
f 9632 9633 9609
f 9609 9633 9610
f 9633 9634 9610
f 9610 9634 9611
f 9634 9635 9611
f 9611 9635 9612
f 9635 9636 9612
f 9612 9636 9613
f 9636 9637 9613
f 9613 9637 9614
f 9637 9638 9614
f 9614 9638 9615
f 9638 9639 9615
f 9615 9639 9616
f 9639 9640 9616
f 9616 9640 9548
f 9640 9641 9548
f 9548 9641 7353
f 9641 7351 7353
f 9574 9575 9579
f 9579 9575 9617
f 9575 9642 9617
f 9617 9642 9618
f 9642 9643 9618
f 9618 9643 9619
f 9643 9644 9619
f 9619 9644 9620
f 9644 9645 9620
f 9620 9645 9621
f 9645 9646 9621
f 9621 9646 9622
f 9646 9647 9622
f 9622 9647 9623
f 9647 9648 9623
f 9623 9648 9624
f 9648 9649 9624
f 9624 9649 9625
f 9649 9650 9625
f 9625 9650 9626
f 9650 9651 9626
f 9626 9651 9627
f 9651 9652 9627
f 9627 9652 9628
f 9652 9653 9628
f 9628 9653 9629
f 9653 9654 9629
f 9629 9654 9630
f 9654 9655 9630
f 9630 9655 9631
f 9655 9656 9631
f 9631 9656 9632
f 9656 9657 9632
f 9632 9657 9633
f 9657 9658 9633
f 9633 9658 9634
f 9658 9659 9634
f 9634 9659 9635
f 9659 9660 9635
f 9635 9660 9636
f 9660 9661 9636
f 9636 9661 9637
f 9661 9662 9637
f 9637 9662 9638
f 9662 9663 9638
f 9638 9663 9639
f 9663 9664 9639
f 9639 9664 9640
f 9664 9665 9640
f 9640 9665 9641
f 9665 9666 9641
f 9641 9666 7351
f 9666 7349 7351
f 9571 9572 9575
f 9575 9572 9642
f 9572 9667 9642
f 9642 9667 9643
f 9667 9668 9643
f 9643 9668 9644
f 9668 9669 9644
f 9644 9669 9645
f 9669 9670 9645
f 9645 9670 9646
f 9670 9671 9646
f 9646 9671 9647
f 9671 9672 9647
f 9647 9672 9648
f 9672 9673 9648
f 9648 9673 9649
f 9673 9674 9649
f 9649 9674 9650
f 9674 9675 9650
f 9650 9675 9651
f 9675 9676 9651
f 9651 9676 9652
f 9676 9677 9652
f 9652 9677 9653
f 9677 9678 9653
f 9653 9678 9654
f 9678 9679 9654
f 9654 9679 9655
f 9679 9680 9655
f 9655 9680 9656
f 9680 9681 9656
f 9656 9681 9657
f 9681 9682 9657
f 9657 9682 9658
f 9682 9683 9658
f 9658 9683 9659
f 9683 9684 9659
f 9659 9684 9660
f 9684 9685 9660
f 9660 9685 9661
f 9685 9686 9661
f 9661 9686 9662
f 9686 9687 9662
f 9662 9687 9663
f 9687 9688 9663
f 9663 9688 9664
f 9688 9689 9664
f 9664 9689 9665
f 9689 9690 9665
f 9665 9690 9666
f 9690 9691 9666
f 9666 9691 7349
f 9691 7347 7349
f 9570 9581 9572
f 9572 9581 9667
f 9581 9692 9667
f 9667 9692 9668
f 9692 9693 9668
f 9668 9693 9669
f 9693 9694 9669
f 9669 9694 9670
f 9694 9695 9670
f 9670 9695 9671
f 9695 9696 9671
f 9671 9696 9672
f 9696 9697 9672
f 9672 9697 9673
f 9697 9698 9673
f 9673 9698 9674
f 9698 9699 9674
f 9674 9699 9675
f 9699 9700 9675
f 9675 9700 9676
f 9700 9701 9676
f 9676 9701 9677
f 9701 9702 9677
f 9677 9702 9678
f 9702 9703 9678
f 9678 9703 9679
f 9703 9704 9679
f 9679 9704 9680
f 9704 9705 9680
f 9680 9705 9681
f 9705 9706 9681
f 9681 9706 9682
f 9706 9707 9682
f 9682 9707 9683
f 9707 9708 9683
f 9683 9708 9684
f 9708 9709 9684
f 9684 9709 9685
f 9709 9710 9685
f 9685 9710 9686
f 9710 9711 9686
f 9686 9711 9687
f 9711 9712 9687
f 9687 9712 9688
f 9712 9713 9688
f 9688 9713 9689
f 9713 9714 9689
f 9689 9714 9690
f 9714 9715 9690
f 9690 9715 9691
f 9715 9716 9691
f 9691 9716 7347
f 9716 7345 7347
f 9568 9569 9581
f 9581 9569 9692
f 9569 9717 9692
f 9692 9717 9693
f 9717 9718 9693
f 9693 9718 9694
f 9718 9719 9694
f 9694 9719 9695
f 9719 9720 9695
f 9695 9720 9696
f 9720 9721 9696
f 9696 9721 9697
f 9721 9722 9697
f 9697 9722 9698
f 9722 9723 9698
f 9698 9723 9699
f 9723 9724 9699
f 9699 9724 9700
f 9724 9725 9700
f 9700 9725 9701
f 9725 9726 9701
f 9701 9726 9702
f 9726 9727 9702
f 9702 9727 9703
f 9727 9728 9703
f 9703 9728 9704
f 9728 9729 9704
f 9704 9729 9705
f 9729 9730 9705
f 9705 9730 9706
f 9730 9731 9706
f 9706 9731 9707
f 9731 9732 9707
f 9707 9732 9708
f 9732 9733 9708
f 9708 9733 9709
f 9733 9734 9709
f 9709 9734 9710
f 9734 9735 9710
f 9710 9735 9711
f 9735 9736 9711
f 9711 9736 9712
f 9736 9737 9712
f 9712 9737 9713
f 9737 9738 9713
f 9713 9738 9714
f 9738 9739 9714
f 9714 9739 9715
f 9739 9740 9715
f 9715 9740 9716
f 9740 9741 9716
f 9716 9741 7345
f 9741 7343 7345
f 9567 9583 9569
f 9569 9583 9717
f 9583 9742 9717
f 9717 9742 9718
f 9742 9743 9718
f 9718 9743 9719
f 9743 9744 9719
f 9719 9744 9720
f 9744 9745 9720
f 9720 9745 9721
f 9745 9746 9721
f 9721 9746 9722
f 9746 9747 9722
f 9722 9747 9723
f 9747 9748 9723
f 9723 9748 9724
f 9748 9749 9724
f 9724 9749 9725
f 9749 9750 9725
f 9725 9750 9726
f 9750 9751 9726
f 9726 9751 9727
f 9751 9752 9727
f 9727 9752 9728
f 9752 9753 9728
f 9728 9753 9729
f 9753 9754 9729
f 9729 9754 9730
f 9754 9755 9730
f 9730 9755 9731
f 9755 9756 9731
f 9731 9756 9732
f 9756 9757 9732
f 9732 9757 9733
f 9757 9758 9733
f 9733 9758 9734
f 9758 9759 9734
f 9734 9759 9735
f 9759 9760 9735
f 9735 9760 9736
f 9760 9761 9736
f 9736 9761 9737
f 9761 9762 9737
f 9737 9762 9738
f 9762 9763 9738
f 9738 9763 9739
f 9763 9764 9739
f 9739 9764 9740
f 9764 9765 9740
f 9740 9765 9741
f 9765 9766 9741
f 9741 9766 7343
f 9766 7341 7343
f 9565 9566 9583
f 9583 9566 9742
f 9566 9767 9742
f 9742 9767 9743
f 9767 9768 9743
f 9743 9768 9744
f 9768 9769 9744
f 9744 9769 9745
f 9769 9770 9745
f 9745 9770 9746
f 9770 9771 9746
f 9746 9771 9747
f 9771 9772 9747
f 9747 9772 9748
f 9772 9773 9748
f 9748 9773 9749
f 9773 9774 9749
f 9749 9774 9750
f 9774 9775 9750
f 9750 9775 9751
f 9775 9776 9751
f 9751 9776 9752
f 9776 9777 9752
f 9752 9777 9753
f 9777 9778 9753
f 9753 9778 9754
f 9778 9779 9754
f 9754 9779 9755
f 9779 9780 9755
f 9755 9780 9756
f 9780 9781 9756
f 9756 9781 9757
f 9781 9782 9757
f 9757 9782 9758
f 9782 9783 9758
f 9758 9783 9759
f 9783 9784 9759
f 9759 9784 9760
f 9784 9785 9760
f 9760 9785 9761
f 9785 9786 9761
f 9761 9786 9762
f 9786 9787 9762
f 9762 9787 9763
f 9787 9788 9763
f 9763 9788 9764
f 9788 9789 9764
f 9764 9789 9765
f 9789 9790 9765
f 9765 9790 9766
f 9790 9791 9766
f 9766 9791 7341
f 9791 7339 7341
f 9562 9563 9566
f 9566 9563 9767
f 9563 9792 9767
f 9767 9792 9768
f 9792 9793 9768
f 9768 9793 9769
f 9793 9794 9769
f 9769 9794 9770
f 9794 9795 9770
f 9770 9795 9771
f 9795 9796 9771
f 9771 9796 9772
f 9796 9797 9772
f 9772 9797 9773
f 9797 9798 9773
f 9773 9798 9774
f 9798 9799 9774
f 9774 9799 9775
f 9799 9800 9775
f 9775 9800 9776
f 9800 9801 9776
f 9776 9801 9777
f 9801 9802 9777
f 9777 9802 9778
f 9802 9803 9778
f 9778 9803 9779
f 9803 9804 9779
f 9779 9804 9780
f 9804 9805 9780
f 9780 9805 9781
f 9805 9806 9781
f 9781 9806 9782
f 9806 9807 9782
f 9782 9807 9783
f 9807 9808 9783
f 9783 9808 9784
f 9808 9809 9784
f 9784 9809 9785
f 9809 9810 9785
f 9785 9810 9786
f 9810 9811 9786
f 9786 9811 9787
f 9811 9812 9787
f 9787 9812 9788
f 9812 9813 9788
f 9788 9813 9789
f 9813 9814 9789
f 9789 9814 9790
f 9814 9815 9790
f 9790 9815 9791
f 9815 9816 9791
f 9791 9816 7339
f 9816 7337 7339
f 9561 9585 9563
f 9563 9585 9792
f 9585 9817 9792
f 9792 9817 9793
f 9817 9818 9793
f 9793 9818 9794
f 9818 9819 9794
f 9794 9819 9795
f 9819 9820 9795
f 9795 9820 9796
f 9820 9821 9796
f 9796 9821 9797
f 9821 9822 9797
f 9797 9822 9798
f 9822 9823 9798
f 9798 9823 9799
f 9823 9824 9799
f 9799 9824 9800
f 9824 9825 9800
f 9800 9825 9801
f 9825 9826 9801
f 9801 9826 9802
f 9826 9827 9802
f 9802 9827 9803
f 9827 9828 9803
f 9803 9828 9804
f 9828 9829 9804
f 9804 9829 9805
f 9829 9830 9805
f 9805 9830 9806
f 9830 9831 9806
f 9806 9831 9807
f 9831 9832 9807
f 9807 9832 9808
f 9832 9833 9808
f 9808 9833 9809
f 9833 9834 9809
f 9809 9834 9810
f 9834 9835 9810
f 9810 9835 9811
f 9835 9836 9811
f 9811 9836 9812
f 9836 9837 9812
f 9812 9837 9813
f 9837 9838 9813
f 9813 9838 9814
f 9838 9839 9814
f 9814 9839 9815
f 9839 9840 9815
f 9815 9840 9816
f 9840 9841 9816
f 9816 9841 7337
f 9841 7336 7337
f 9559 9560 9585
f 9585 9560 9817
f 9560 9842 9817
f 9817 9842 9818
f 9842 9843 9818
f 9818 9843 9819
f 9843 9844 9819
f 9819 9844 9820
f 9844 9845 9820
f 9820 9845 9821
f 9845 9846 9821
f 9821 9846 9822
f 9846 9847 9822
f 9822 9847 9823
f 9847 9848 9823
f 9823 9848 9824
f 9848 9849 9824
f 9824 9849 9825
f 9849 9850 9825
f 9825 9850 9826
f 9850 9851 9826
f 9826 9851 9827
f 9851 9852 9827
f 9827 9852 9828
f 9852 9853 9828
f 9828 9853 9829
f 9853 9854 9829
f 9829 9854 9830
f 9854 9855 9830
f 9830 9855 9831
f 9855 9856 9831
f 9831 9856 9832
f 9856 9857 9832
f 9832 9857 9833
f 9857 9858 9833
f 9833 9858 9834
f 9858 9859 9834
f 9834 9859 9835
f 9859 9860 9835
f 9835 9860 9836
f 9860 9861 9836
f 9836 9861 9837
f 9861 9862 9837
f 9837 9862 9838
f 9862 9863 9838
f 9838 9863 9839
f 9863 9864 9839
f 9839 9864 9840
f 9864 9865 9840
f 9840 9865 9841
f 9865 9866 9841
f 9841 9866 7336
f 9866 7330 7336
f 9558 9587 9560
f 9560 9587 9842
f 9587 9867 9842
f 9842 9867 9843
f 9867 9868 9843
f 9843 9868 9844
f 9868 9869 9844
f 9844 9869 9845
f 9869 9870 9845
f 9845 9870 9846
f 9870 9871 9846
f 9846 9871 9847
f 9871 9872 9847
f 9847 9872 9848
f 9872 9873 9848
f 9848 9873 9849
f 9873 9874 9849
f 9849 9874 9850
f 9874 9875 9850
f 9850 9875 9851
f 9875 9876 9851
f 9851 9876 9852
f 9876 9877 9852
f 9852 9877 9853
f 9877 9878 9853
f 9853 9878 9854
f 9878 9879 9854
f 9854 9879 9855
f 9879 9880 9855
f 9855 9880 9856
f 9880 9881 9856
f 9856 9881 9857
f 9881 9882 9857
f 9857 9882 9858
f 9882 9883 9858
f 9858 9883 9859
f 9883 9884 9859
f 9859 9884 9860
f 9884 9885 9860
f 9860 9885 9861
f 9885 9886 9861
f 9861 9886 9862
f 9886 9887 9862
f 9862 9887 9863
f 9887 9888 9863
f 9863 9888 9864
f 9888 9889 9864
f 9864 9889 9865
f 9889 9890 9865
f 9865 9890 9866
f 9890 9891 9866
f 9866 9891 7330
f 9891 7327 7330
f 9556 9557 9587
f 9587 9557 9867
f 9557 9892 9867
f 9867 9892 9868
f 9892 9893 9868
f 9868 9893 9869
f 9893 9894 9869
f 9869 9894 9870
f 9894 9895 9870
f 9870 9895 9871
f 9895 9896 9871
f 9871 9896 9872
f 9896 9897 9872
f 9872 9897 9873
f 9897 9898 9873
f 9873 9898 9874
f 9898 9899 9874
f 9874 9899 9875
f 9899 9900 9875
f 9875 9900 9876
f 9900 9901 9876
f 9876 9901 9877
f 9901 9902 9877
f 9877 9902 9878
f 9902 9903 9878
f 9878 9903 9879
f 9903 9904 9879
f 9879 9904 9880
f 9904 9905 9880
f 9880 9905 9881
f 9905 9906 9881
f 9881 9906 9882
f 9906 9907 9882
f 9882 9907 9883
f 9907 9908 9883
f 9883 9908 9884
f 9908 9909 9884
f 9884 9909 9885
f 9909 9910 9885
f 9885 9910 9886
f 9910 9911 9886
f 9886 9911 9887
f 9911 9912 9887
f 9887 9912 9888
f 9912 9913 9888
f 9888 9913 9889
f 9913 9914 9889
f 9889 9914 9890
f 9914 9915 9890
f 9890 9915 9891
f 9915 9916 9891
f 9891 9916 7327
f 9916 7324 7327
f 9553 9554 9557
f 9557 9554 9892
f 9554 9917 9892
f 9892 9917 9893
f 9917 9918 9893
f 9893 9918 9894
f 9918 9919 9894
f 9894 9919 9895
f 9919 9920 9895
f 9895 9920 9896
f 9920 9921 9896
f 9896 9921 9897
f 9921 9922 9897
f 9897 9922 9898
f 9922 9923 9898
f 9898 9923 9899
f 9923 9924 9899
f 9899 9924 9900
f 9924 9925 9900
f 9900 9925 9901
f 9925 9926 9901
f 9901 9926 9902
f 9926 9927 9902
f 9902 9927 9903
f 9927 9928 9903
f 9903 9928 9904
f 9928 9929 9904
f 9904 9929 9905
f 9929 9930 9905
f 9905 9930 9906
f 9930 9931 9906
f 9906 9931 9907
f 9931 9932 9907
f 9907 9932 9908
f 9932 9933 9908
f 9908 9933 9909
f 9933 9934 9909
f 9909 9934 9910
f 9934 9935 9910
f 9910 9935 9911
f 9935 9936 9911
f 9911 9936 9912
f 9936 9937 9912
f 9912 9937 9913
f 9937 9938 9913
f 9913 9938 9914
f 9938 9939 9914
f 9914 9939 9915
f 9939 9940 9915
f 9915 9940 9916
f 9940 9941 9916
f 9916 9941 7324
f 9941 7323 7324
f 9552 9589 9554
f 9554 9589 9917
f 9589 9942 9917
f 9917 9942 9918
f 9942 9943 9918
f 9918 9943 9919
f 9943 9944 9919
f 9919 9944 9920
f 9944 9945 9920
f 9920 9945 9921
f 9945 9946 9921
f 9921 9946 9922
f 9946 9947 9922
f 9922 9947 9923
f 9947 9948 9923
f 9923 9948 9924
f 9948 9949 9924
f 9924 9949 9925
f 9949 9950 9925
f 9925 9950 9926
f 9950 9951 9926
f 9926 9951 9927
f 9951 9952 9927
f 9927 9952 9928
f 9952 9953 9928
f 9928 9953 9929
f 9953 9954 9929
f 9929 9954 9930
f 9954 9955 9930
f 9930 9955 9931
f 9955 9956 9931
f 9931 9956 9932
f 9956 9957 9932
f 9932 9957 9933
f 9957 9958 9933
f 9933 9958 9934
f 9958 9959 9934
f 9934 9959 9935
f 9959 9960 9935
f 9935 9960 9936
f 9960 9961 9936
f 9936 9961 9937
f 9961 9962 9937
f 9937 9962 9938
f 9962 9963 9938
f 9938 9963 9939
f 9963 9964 9939
f 9939 9964 9940
f 9964 9965 9940
f 9940 9965 9941
f 9965 9966 9941
f 9941 9966 7323
f 9966 7314 7323
f 9550 9551 9589
f 9589 9551 9942
f 9551 9967 9942
f 9942 9967 9943
f 9967 9968 9943
f 9943 9968 9944
f 9968 9969 9944
f 9944 9969 9945
f 9969 9970 9945
f 9945 9970 9946
f 9970 9971 9946
f 9946 9971 9947
f 9971 9972 9947
f 9947 9972 9948
f 9972 9973 9948
f 9948 9973 9949
f 9973 9974 9949
f 9949 9974 9950
f 9974 9975 9950
f 9950 9975 9951
f 9975 9976 9951
f 9951 9976 9952
f 9976 9977 9952
f 9952 9977 9953
f 9977 9978 9953
f 9953 9978 9954
f 9978 9979 9954
f 9954 9979 9955
f 9979 9980 9955
f 9955 9980 9956
f 9980 9981 9956
f 9956 9981 9957
f 9981 9982 9957
f 9957 9982 9958
f 9982 9983 9958
f 9958 9983 9959
f 9983 9984 9959
f 9959 9984 9960
f 9984 9985 9960
f 9960 9985 9961
f 9985 9986 9961
f 9961 9986 9962
f 9986 9987 9962
f 9962 9987 9963
f 9987 9988 9963
f 9963 9988 9964
f 9988 9989 9964
f 9964 9989 9965
f 9989 9990 9965
f 9965 9990 9966
f 9990 9991 9966
f 9966 9991 7314
f 9991 7356 7314
f 9549 9591 9551
f 9551 9591 9967
f 9591 9992 9967
f 9967 9992 9968
f 9992 9993 9968
f 9968 9993 9969
f 9993 9994 9969
f 9969 9994 9970
f 9994 9995 9970
f 9970 9995 9971
f 9995 9996 9971
f 9971 9996 9972
f 9996 9997 9972
f 9972 9997 9973
f 9997 9998 9973
f 9973 9998 9974
f 9998 9999 9974
f 9974 9999 9975
f 9999 10000 9975
f 9975 10000 9976
f 10000 10001 9976
f 9976 10001 9977
f 10001 10002 9977
f 9977 10002 9978
f 10002 10003 9978
f 9978 10003 9979
f 10003 10004 9979
f 9979 10004 9980
f 10004 10005 9980
f 9980 10005 9981
f 10005 10006 9981
f 9981 10006 9982
f 10006 10007 9982
f 9982 10007 9983
f 10007 10008 9983
f 9983 10008 9984
f 10008 10009 9984
f 9984 10009 9985
f 10009 10010 9985
f 9985 10010 9986
f 10010 10011 9986
f 9986 10011 9987
f 10011 10012 9987
f 9987 10012 9988
f 10012 10013 9988
f 9988 10013 9989
f 10013 10014 9989
f 9989 10014 9990
f 10014 10015 9990
f 9990 10015 9991
f 10015 10016 9991
f 9991 10016 7356
f 10016 7355 7356
f 9591 5731 9992
f 5731 5769 9992
f 9992 5769 9993
f 5769 5770 9993
f 9993 5770 9994
f 5770 5763 9994
f 9994 5763 9995
f 5763 5764 9995
f 9995 5764 9996
f 5764 5765 9996
f 9996 5765 9997
f 5765 5750 9997
f 9997 5750 9998
f 5750 5751 9998
f 9998 5751 9999
f 5751 5752 9999
f 9999 5752 10000
f 5752 5738 10000
f 10000 5738 10001
f 5738 5739 10001
f 10001 5739 10002
f 5739 5740 10002
f 10002 5740 10003
f 5740 5741 10003
f 10003 5741 10004
f 5741 5747 10004
f 10004 5747 10005
f 5747 5748 10005
f 10005 5748 10006
f 5748 5749 10006
f 10006 5749 10007
f 5749 5760 10007
f 10007 5760 10008
f 5760 5761 10008
f 10008 5761 10009
f 5761 5762 10009
f 10009 5762 10010
f 5762 5744 10010
f 10010 5744 10011
f 5744 5745 10011
f 10011 5745 10012
f 5745 5746 10012
f 10012 5746 10013
f 5746 5757 10013
f 10013 5757 10014
f 5757 5758 10014
f 10014 5758 10015
f 5758 5759 10015
f 10015 5759 10016
f 5759 5743 10016
f 10016 5743 7355
f 5743 5742 7355
f 5731 9592 5730
f 5730 9592 10017
f 9592 9549 10017
f 10017 9549 10018
f 9549 9550 10018
f 10018 9550 10019
f 9550 9590 10019
f 10019 9590 10020
f 9590 9552 10020
f 10020 9552 10021
f 9552 9553 10021
f 10021 9553 10022
f 9553 9555 10022
f 10022 9555 10023
f 9555 9556 10023
f 10023 9556 10024
f 9556 9588 10024
f 10024 9588 10025
f 9588 9558 10025
f 10025 9558 10026
f 9558 9559 10026
f 10026 9559 10027
f 9559 9586 10027
f 10027 9586 10028
f 9586 9561 10028
f 10028 9561 10029
f 9561 9562 10029
f 10029 9562 10030
f 9562 9564 10030
f 10030 9564 10031
f 9564 9565 10031
f 10031 9565 10032
f 9565 9584 10032
f 10032 9584 10033
f 9584 9567 10033
f 10033 9567 10034
f 9567 9568 10034
f 10034 9568 10035
f 9568 9582 10035
f 10035 9582 10036
f 9582 9570 10036
f 10036 9570 10037
f 9570 9571 10037
f 10037 9571 10038
f 9571 9573 10038
f 10038 9573 10039
f 9573 9574 10039
f 10039 9574 10040
f 9574 9580 10040
f 10040 9580 10041
f 9580 9576 10041
f 10041 9576 10042
f 9576 9577 10042
f 10042 9577 10043
f 9577 9462 10043
f 10043 9462 9463
f 8026 9507 7808
f 8028 10044 8026
f 8030 10045 8028
f 8034 10046 8032
f 8036 10047 8034
f 8038 10048 8036
f 8042 10049 8040
f 8044 10050 8042
f 8050 10051 8047
f 8053 10052 8050
f 8059 10053 8056
f 8062 10054 8059
f 8065 10055 8062
f 5737 10056 8065
f 8026 10044 9507
f 9507 10044 9534
f 10044 10057 9534
f 9534 10057 9533
f 9533 10057 9532
f 10057 10058 9532
f 9532 10058 9531
f 10058 10059 9531
f 9531 10059 9530
f 9530 10059 9528
f 10059 10060 9528
f 9528 10060 9529
f 9529 10060 9527
f 10060 10061 9527
f 9527 10061 9526
f 10061 10062 9526
f 9526 10062 9525
f 9525 10062 9524
f 10062 10063 9524
f 9524 10063 9523
f 10063 10064 9523
f 9523 10064 9522
f 9522 10064 9520
f 10064 10065 9520
f 9520 10065 9521
f 9521 10065 9517
f 10065 10066 9517
f 9517 10066 9518
f 10066 10067 9518
f 9518 10067 9519
f 9519 10067 9516
f 10067 10068 9516
f 9516 10068 9515
f 10068 10069 9515
f 9515 10069 9514
f 9514 10069 9513
f 10069 10070 9513
f 9513 10070 9512
f 10070 10071 9512
f 9512 10071 9511
f 9511 10071 9510
f 10071 10072 9510
f 9510 10072 9509
f 10072 10073 9509
f 9509 10073 9508
f 9508 10073 9538
f 10073 10074 9538
f 9538 10074 9537
f 9537 10074 9536
f 9536 10074 9535
f 10074 10075 9535
f 9535 10075 9547
f 9547 10075 9546
f 10075 10076 9546
f 10076 10077 9546
f 9546 10077 9545
f 9545 10077 9544
f 10077 10078 9544
f 9544 10078 9543
f 9543 10078 9542
f 10078 10079 9542
f 8028 10045 10044
f 10044 10045 10057
f 10045 10080 10057
f 10057 10080 10058
f 10080 10081 10058
f 10058 10081 10059
f 10081 10082 10059
f 10059 10082 10060
f 10082 10083 10060
f 10060 10083 10061
f 10083 10084 10061
f 10061 10084 10062
f 10084 10085 10062
f 10062 10085 10063
f 10085 10086 10063
f 10063 10086 10064
f 10086 10087 10064
f 10064 10087 10065
f 10087 10088 10065
f 10065 10088 10066
f 10088 10089 10066
f 10066 10089 10067
f 10089 10090 10067
f 10067 10090 10068
f 10090 10091 10068
f 10068 10091 10069
f 10091 10092 10069
f 10069 10092 10070
f 10092 10093 10070
f 10070 10093 10071
f 10093 10094 10071
f 10071 10094 10072
f 10094 10095 10072
f 10072 10095 10073
f 10095 10096 10073
f 10073 10096 10074
f 10096 10097 10074
f 10074 10097 10075
f 10097 10098 10075
f 10075 10098 10076
f 10098 10099 10076
f 10076 10099 10077
f 10099 10100 10077
f 10077 10100 10078
f 10100 10101 10078
f 10078 10101 10079
f 10101 10102 10079
f 10079 10102 10103
f 10102 10104 10103
f 8030 10105 10045
f 10045 10105 10080
f 10105 10106 10080
f 10080 10106 10081
f 10106 10107 10081
f 10081 10107 10082
f 10107 10108 10082
f 10082 10108 10083
f 10108 10109 10083
f 10083 10109 10084
f 10109 10110 10084
f 10084 10110 10085
f 10110 10111 10085
f 10085 10111 10086
f 10111 10112 10086
f 10086 10112 10087
f 10112 10113 10087
f 10087 10113 10088
f 10113 10114 10088
f 10088 10114 10089
f 10114 10115 10089
f 10089 10115 10090
f 10115 10116 10090
f 10090 10116 10091
f 10116 10117 10091
f 10091 10117 10092
f 10117 10118 10092
f 10092 10118 10093
f 10118 10119 10093
f 10093 10119 10094
f 10119 10120 10094
f 10094 10120 10095
f 10120 10121 10095
f 10095 10121 10096
f 10121 10122 10096
f 10096 10122 10097
f 10122 10123 10097
f 10097 10123 10098
f 10123 10124 10098
f 10098 10124 10099
f 10124 10125 10099
f 10099 10125 10100
f 10125 10126 10100
f 10100 10126 10101
f 10126 10127 10101
f 10101 10127 10102
f 10127 10128 10102
f 10102 10128 10104
f 10128 10129 10104
f 8034 10047 10046
f 10046 10047 10130
f 10047 10131 10130
f 10130 10131 10132
f 10131 10133 10132
f 10132 10133 10134
f 10133 10135 10134
f 10134 10135 10136
f 10135 10137 10136
f 10136 10137 10138
f 10137 10139 10138
f 10138 10139 10140
f 10139 10141 10140
f 10140 10141 10142
f 10141 10143 10142
f 10142 10143 10144
f 10143 10145 10144
f 10144 10145 10146
f 10145 10147 10146
f 10146 10147 10148
f 10147 10149 10148
f 10148 10149 10150
f 10149 10151 10150
f 10150 10151 10152
f 10151 10153 10152
f 10152 10153 10154
f 10153 10155 10154
f 10154 10155 10156
f 10155 10157 10156
f 10156 10157 10158
f 10157 10159 10158
f 10158 10159 10160
f 10159 10161 10160
f 10160 10161 10162
f 10161 10163 10162
f 10162 10163 10164
f 10163 10165 10164
f 10164 10165 10166
f 10165 10167 10166
f 10166 10167 10168
f 10167 10169 10168
f 10168 10169 10170
f 10169 10171 10170
f 10170 10171 10172
f 10171 10173 10172
f 10172 10173 10174
f 10173 10175 10174
f 10174 10175 10176
f 10175 10177 10176
f 8036 10048 10047
f 10047 10048 10131
f 10048 10178 10131
f 10131 10178 10133
f 10178 10179 10133
f 10133 10179 10135
f 10179 10180 10135
f 10135 10180 10137
f 10180 10181 10137
f 10137 10181 10139
f 10181 10182 10139
f 10139 10182 10141
f 10182 10183 10141
f 10141 10183 10143
f 10183 10184 10143
f 10143 10184 10145
f 10184 10185 10145
f 10145 10185 10147
f 10185 10186 10147
f 10147 10186 10149
f 10186 10187 10149
f 10149 10187 10151
f 10187 10188 10151
f 10151 10188 10153
f 10188 10189 10153
f 10153 10189 10155
f 10189 10190 10155
f 10155 10190 10157
f 10190 10191 10157
f 10157 10191 10159
f 10191 10192 10159
f 10159 10192 10161
f 10192 10193 10161
f 10161 10193 10163
f 10193 10194 10163
f 10163 10194 10165
f 10194 10195 10165
f 10165 10195 10167
f 10195 10196 10167
f 10167 10196 10169
f 10196 10197 10169
f 10169 10197 10171
f 10197 10198 10171
f 10171 10198 10173
f 10198 10199 10173
f 10173 10199 10175
f 10199 10200 10175
f 10175 10200 10177
f 10200 10201 10177
f 8042 10050 10049
f 10049 10050 10202
f 10050 10203 10202
f 10202 10203 10204
f 10203 10205 10204
f 10204 10205 10206
f 10205 10207 10206
f 10206 10207 10208
f 10207 10209 10208
f 10208 10209 10210
f 10209 10211 10210
f 10210 10211 10212
f 10211 10213 10212
f 10212 10213 10214
f 10213 10215 10214
f 10214 10215 10216
f 10215 10217 10216
f 10216 10217 10218
f 10217 10219 10218
f 10218 10219 10220
f 10219 10221 10220
f 10220 10221 10222
f 10221 10223 10222
f 10222 10223 10224
f 10223 10225 10224
f 10224 10225 10226
f 10225 10227 10226
f 10226 10227 10228
f 10227 10229 10228
f 10228 10229 10230
f 10229 10231 10230
f 10230 10231 10232
f 10231 10233 10232
f 10232 10233 10234
f 10233 10235 10234
f 10234 10235 10236
f 10235 10237 10236
f 10236 10237 10238
f 10237 10239 10238
f 10238 10239 10240
f 10239 10241 10240
f 10240 10241 10242
f 10241 10243 10242
f 10242 10243 10244
f 10243 10245 10244
f 10244 10245 10246
f 10245 10247 10246
f 10246 10247 10248
f 10247 10249 10248
f 8050 10052 10051
f 10051 10052 10250
f 10052 10251 10250
f 10250 10251 10252
f 10251 10253 10252
f 10252 10253 10254
f 10253 10255 10254
f 10254 10255 10256
f 10255 10257 10256
f 10256 10257 10258
f 10257 10259 10258
f 10258 10259 10260
f 10259 10261 10260
f 10260 10261 10262
f 10261 10263 10262
f 10262 10263 10264
f 10263 10265 10264
f 10264 10265 10266
f 10265 10267 10266
f 10266 10267 10268
f 10267 10269 10268
f 10268 10269 10270
f 10269 10271 10270
f 10270 10271 10272
f 10271 10273 10272
f 10272 10273 10274
f 10273 10275 10274
f 10274 10275 10276
f 10275 10277 10276
f 10276 10277 10278
f 10277 10279 10278
f 10278 10279 10280
f 10279 10281 10280
f 10280 10281 10282
f 10281 10283 10282
f 10282 10283 10284
f 10283 10285 10284
f 10284 10285 10286
f 10285 10287 10286
f 10286 10287 10288
f 10287 10289 10288
f 10288 10289 10290
f 10289 10291 10290
f 10290 10291 10292
f 10291 10293 10292
f 10292 10293 10294
f 10293 10295 10294
f 10294 10295 10296
f 10295 10297 10296
f 8053 10298 10052
f 10052 10298 10251
f 10298 10299 10251
f 10251 10299 10253
f 10299 10300 10253
f 10253 10300 10255
f 10300 10301 10255
f 10255 10301 10257
f 10301 10302 10257
f 10257 10302 10259
f 10302 10303 10259
f 10259 10303 10261
f 10303 10304 10261
f 10261 10304 10263
f 10304 10305 10263
f 10263 10305 10265
f 10305 10306 10265
f 10265 10306 10267
f 10306 10307 10267
f 10267 10307 10269
f 10307 10308 10269
f 10269 10308 10271
f 10308 10309 10271
f 10271 10309 10273
f 10309 10310 10273
f 10273 10310 10275
f 10310 10311 10275
f 10275 10311 10277
f 10311 10312 10277
f 10277 10312 10279
f 10312 10313 10279
f 10279 10313 10281
f 10313 10314 10281
f 10281 10314 10283
f 10314 10315 10283
f 10283 10315 10285
f 10315 10316 10285
f 10285 10316 10287
f 10316 10317 10287
f 10287 10317 10289
f 10317 10318 10289
f 10289 10318 10291
f 10318 10319 10291
f 10291 10319 10293
f 10319 10320 10293
f 10293 10320 10295
f 10320 10321 10295
f 10295 10321 10297
f 10321 10322 10297
f 8059 10054 10053
f 10053 10054 10323
f 10054 10324 10323
f 10323 10324 10325
f 10324 10326 10325
f 10325 10326 10327
f 10326 10328 10327
f 10327 10328 10329
f 10328 10330 10329
f 10329 10330 10331
f 10330 10332 10331
f 10331 10332 10333
f 10332 10334 10333
f 10333 10334 10335
f 10334 10336 10335
f 10335 10336 10337
f 10336 10338 10337
f 10337 10338 10339
f 10338 10340 10339
f 10339 10340 10341
f 10340 10342 10341
f 10341 10342 10343
f 10342 10344 10343
f 10343 10344 10345
f 10344 10346 10345
f 10345 10346 10347
f 10346 10348 10347
f 10347 10348 10349
f 10348 10350 10349
f 10349 10350 10351
f 10350 10352 10351
f 10351 10352 10353
f 10352 10354 10353
f 10353 10354 10355
f 10354 10356 10355
f 10355 10356 10357
f 10356 10358 10357
f 10357 10358 10359
f 10358 10360 10359
f 10359 10360 10361
f 10360 10362 10361
f 10361 10362 10363
f 10362 10364 10363
f 10363 10364 10365
f 10364 10366 10365
f 10365 10366 10367
f 10366 10368 10367
f 10367 10368 10369
f 10368 10370 10369
f 8062 10055 10054
f 10054 10055 10324
f 10055 10371 10324
f 10324 10371 10326
f 10371 10372 10326
f 10326 10372 10328
f 10372 10373 10328
f 10328 10373 10330
f 10373 10374 10330
f 10330 10374 10332
f 10374 10375 10332
f 10332 10375 10334
f 10375 10376 10334
f 10334 10376 10336
f 10376 10377 10336
f 10336 10377 10338
f 10377 10378 10338
f 10338 10378 10340
f 10378 10379 10340
f 10340 10379 10342
f 10379 10380 10342
f 10342 10380 10344
f 10380 10381 10344
f 10344 10381 10346
f 10381 10382 10346
f 10346 10382 10348
f 10382 10383 10348
f 10348 10383 10350
f 10383 10384 10350
f 10350 10384 10352
f 10384 10385 10352
f 10352 10385 10354
f 10385 10386 10354
f 10354 10386 10356
f 10386 10387 10356
f 10356 10387 10358
f 10387 10388 10358
f 10358 10388 10360
f 10388 10389 10360
f 10360 10389 10362
f 10389 10390 10362
f 10362 10390 10364
f 10390 10391 10364
f 10364 10391 10366
f 10391 10392 10366
f 10366 10392 10368
f 10392 10393 10368
f 10368 10393 10370
f 10393 10394 10370
f 9542 10079 9541
f 9541 10079 9540
f 10079 10103 9540
f 9540 10103 9539
f 10103 9463 9539
f 9463 10103 10043
f 10043 10103 10042
f 10103 10104 10042
f 10042 10104 10041
f 10104 10129 10041
f 10041 10129 10040
f 10129 10039 10040
f 10039 10129 10176
f 10176 10129 10174
f 10129 10128 10174
f 10174 10128 10172
f 10128 10127 10172
f 10172 10127 10170
f 10127 10126 10170
f 10170 10126 10168
f 10126 10125 10168
f 10168 10125 10166
f 10125 10124 10166
f 10166 10124 10164
f 10124 10123 10164
f 10164 10123 10162
f 10123 10122 10162
f 10162 10122 10160
f 10122 10121 10160
f 10160 10121 10158
f 10121 10120 10158
f 10158 10120 10156
f 10120 10119 10156
f 10156 10119 10154
f 10119 10118 10154
f 10154 10118 10152
f 10118 10117 10152
f 10152 10117 10150
f 10117 10116 10150
f 10150 10116 10148
f 10116 10115 10148
f 10148 10115 10146
f 10115 10114 10146
f 10146 10114 10144
f 10114 10113 10144
f 10144 10113 10142
f 10113 10112 10142
f 10142 10112 10140
f 10112 10111 10140
f 10140 10111 10138
f 10111 10110 10138
f 10138 10110 10136
f 10110 10109 10136
f 10136 10109 10134
f 10109 10108 10134
f 10134 10108 10132
f 10108 10107 10132
f 10132 10107 10130
f 10107 10106 10130
f 10130 10106 10046
f 10106 10105 10046
f 10046 10105 8032
f 10105 8030 8032
f 10039 10176 10038
f 10038 10176 10037
f 10176 10177 10037
f 10037 10177 10036
f 10177 10201 10036
f 10036 10201 10035
f 10201 10034 10035
f 8038 10395 10048
f 10048 10395 10178
f 10395 10396 10178
f 10178 10396 10179
f 10396 10397 10179
f 10179 10397 10180
f 10397 10398 10180
f 10180 10398 10181
f 10398 10399 10181
f 10181 10399 10182
f 10399 10400 10182
f 10182 10400 10183
f 10400 10401 10183
f 10183 10401 10184
f 10401 10402 10184
f 10184 10402 10185
f 10402 10403 10185
f 10185 10403 10186
f 10403 10404 10186
f 10186 10404 10187
f 10404 10405 10187
f 10187 10405 10188
f 10405 10406 10188
f 10188 10406 10189
f 10406 10407 10189
f 10189 10407 10190
f 10407 10408 10190
f 10190 10408 10191
f 10408 10409 10191
f 10191 10409 10192
f 10409 10410 10192
f 10192 10410 10193
f 10410 10411 10193
f 10193 10411 10194
f 10411 10412 10194
f 10194 10412 10195
f 10412 10413 10195
f 10195 10413 10196
f 10413 10414 10196
f 10196 10414 10197
f 10414 10415 10197
f 10197 10415 10198
f 10415 10416 10198
f 10198 10416 10199
f 10416 10417 10199
f 10199 10417 10200
f 10417 10418 10200
f 10200 10418 10201
f 10418 10419 10201
f 10201 10419 10034
f 10419 10033 10034
f 10033 10419 10248
f 10248 10419 10246
f 10419 10418 10246
f 10246 10418 10244
f 10418 10417 10244
f 10244 10417 10242
f 10417 10416 10242
f 10242 10416 10240
f 10416 10415 10240
f 10240 10415 10238
f 10415 10414 10238
f 10238 10414 10236
f 10414 10413 10236
f 10236 10413 10234
f 10413 10412 10234
f 10234 10412 10232
f 10412 10411 10232
f 10232 10411 10230
f 10411 10410 10230
f 10230 10410 10228
f 10410 10409 10228
f 10228 10409 10226
f 10409 10408 10226
f 10226 10408 10224
f 10408 10407 10224
f 10224 10407 10222
f 10407 10406 10222
f 10222 10406 10220
f 10406 10405 10220
f 10220 10405 10218
f 10405 10404 10218
f 10218 10404 10216
f 10404 10403 10216
f 10216 10403 10214
f 10403 10402 10214
f 10214 10402 10212
f 10402 10401 10212
f 10212 10401 10210
f 10401 10400 10210
f 10210 10400 10208
f 10400 10399 10208
f 10208 10399 10206
f 10399 10398 10206
f 10206 10398 10204
f 10398 10397 10204
f 10204 10397 10202
f 10397 10396 10202
f 10202 10396 10049
f 10396 10395 10049
f 10049 10395 8040
f 10395 8038 8040
f 10033 10248 10032
f 10032 10248 10031
f 10248 10249 10031
f 10031 10249 10030
f 10249 10029 10030
f 8044 10420 10050
f 10050 10420 10203
f 10420 10421 10203
f 10203 10421 10205
f 10421 10422 10205
f 10205 10422 10207
f 10422 10423 10207
f 10207 10423 10209
f 10423 10424 10209
f 10209 10424 10211
f 10424 10425 10211
f 10211 10425 10213
f 10425 10426 10213
f 10213 10426 10215
f 10426 10427 10215
f 10215 10427 10217
f 10427 10428 10217
f 10217 10428 10219
f 10428 10429 10219
f 10219 10429 10221
f 10429 10430 10221
f 10221 10430 10223
f 10430 10431 10223
f 10223 10431 10225
f 10431 10432 10225
f 10225 10432 10227
f 10432 10433 10227
f 10227 10433 10229
f 10433 10434 10229
f 10229 10434 10231
f 10434 10435 10231
f 10231 10435 10233
f 10435 10436 10233
f 10233 10436 10235
f 10436 10437 10235
f 10235 10437 10237
f 10437 10438 10237
f 10237 10438 10239
f 10438 10439 10239
f 10239 10439 10241
f 10439 10440 10241
f 10241 10440 10243
f 10440 10441 10243
f 10243 10441 10245
f 10441 10442 10245
f 10245 10442 10247
f 10442 10443 10247
f 10247 10443 10249
f 10443 10444 10249
f 10249 10444 10029
f 10444 10028 10029
f 10028 10444 10296
f 10296 10444 10294
f 10444 10443 10294
f 10294 10443 10292
f 10443 10442 10292
f 10292 10442 10290
f 10442 10441 10290
f 10290 10441 10288
f 10441 10440 10288
f 10288 10440 10286
f 10440 10439 10286
f 10286 10439 10284
f 10439 10438 10284
f 10284 10438 10282
f 10438 10437 10282
f 10282 10437 10280
f 10437 10436 10280
f 10280 10436 10278
f 10436 10435 10278
f 10278 10435 10276
f 10435 10434 10276
f 10276 10434 10274
f 10434 10433 10274
f 10274 10433 10272
f 10433 10432 10272
f 10272 10432 10270
f 10432 10431 10270
f 10270 10431 10268
f 10431 10430 10268
f 10268 10430 10266
f 10430 10429 10266
f 10266 10429 10264
f 10429 10428 10264
f 10264 10428 10262
f 10428 10427 10262
f 10262 10427 10260
f 10427 10426 10260
f 10260 10426 10258
f 10426 10425 10258
f 10258 10425 10256
f 10425 10424 10256
f 10256 10424 10254
f 10424 10423 10254
f 10254 10423 10252
f 10423 10422 10252
f 10252 10422 10250
f 10422 10421 10250
f 10250 10421 10051
f 10421 10420 10051
f 10051 10420 8047
f 10420 8044 8047
f 10028 10296 10027
f 10027 10296 10026
f 10296 10297 10026
f 10026 10297 10025
f 10297 10322 10025
f 10025 10322 10024
f 10322 10023 10024
f 10023 10322 10369
f 10369 10322 10367
f 10322 10321 10367
f 10367 10321 10365
f 10321 10320 10365
f 10365 10320 10363
f 10320 10319 10363
f 10363 10319 10361
f 10319 10318 10361
f 10361 10318 10359
f 10318 10317 10359
f 10359 10317 10357
f 10317 10316 10357
f 10357 10316 10355
f 10316 10315 10355
f 10355 10315 10353
f 10315 10314 10353
f 10353 10314 10351
f 10314 10313 10351
f 10351 10313 10349
f 10313 10312 10349
f 10349 10312 10347
f 10312 10311 10347
f 10347 10311 10345
f 10311 10310 10345
f 10345 10310 10343
f 10310 10309 10343
f 10343 10309 10341
f 10309 10308 10341
f 10341 10308 10339
f 10308 10307 10339
f 10339 10307 10337
f 10307 10306 10337
f 10337 10306 10335
f 10306 10305 10335
f 10335 10305 10333
f 10305 10304 10333
f 10333 10304 10331
f 10304 10303 10331
f 10331 10303 10329
f 10303 10302 10329
f 10329 10302 10327
f 10302 10301 10327
f 10327 10301 10325
f 10301 10300 10325
f 10325 10300 10323
f 10300 10299 10323
f 10323 10299 10053
f 10299 10298 10053
f 10053 10298 8056
f 10298 8053 8056
f 10023 10369 10022
f 10022 10369 10021
f 10369 10370 10021
f 10021 10370 10020
f 10370 10394 10020
f 10020 10394 10019
f 10394 10018 10019
f 8065 10056 10055
f 10055 10056 10371
f 10056 10445 10371
f 10371 10445 10372
f 10445 10446 10372
f 10372 10446 10373
f 10446 10447 10373
f 10373 10447 10374
f 10447 10448 10374
f 10374 10448 10375
f 10448 10449 10375
f 10375 10449 10376
f 10449 10450 10376
f 10376 10450 10377
f 10450 10451 10377
f 10377 10451 10378
f 10451 10452 10378
f 10378 10452 10379
f 10452 10453 10379
f 10379 10453 10380
f 10453 10454 10380
f 10380 10454 10381
f 10454 10455 10381
f 10381 10455 10382
f 10455 10456 10382
f 10382 10456 10383
f 10456 10457 10383
f 10383 10457 10384
f 10457 10458 10384
f 10384 10458 10385
f 10458 10459 10385
f 10385 10459 10386
f 10459 10460 10386
f 10386 10460 10387
f 10460 10461 10387
f 10387 10461 10388
f 10461 10462 10388
f 10388 10462 10389
f 10462 10463 10389
f 10389 10463 10390
f 10463 10464 10390
f 10390 10464 10391
f 10464 10465 10391
f 10391 10465 10392
f 10465 10466 10392
f 10392 10466 10393
f 10466 10467 10393
f 10393 10467 10394
f 10467 10468 10394
f 10394 10468 10018
f 10468 10017 10018
f 5737 5753 10056
f 10056 5753 10445
f 5753 5754 10445
f 10445 5754 10446
f 5754 5755 10446
f 10446 5755 10447
f 5755 5756 10447
f 10447 5756 10448
f 5756 5766 10448
f 10448 5766 10449
f 5766 5767 10449
f 10449 5767 10450
f 5767 5768 10450
f 10450 5768 10451
f 5768 5771 10451
f 10451 5771 10452
f 5771 5772 10452
f 10452 5772 10453
f 5772 5773 10453
f 10453 5773 10454
f 5773 5774 10454
f 10454 5774 10455
f 5774 5775 10455
f 10455 5775 10456
f 5775 5776 10456
f 10456 5776 10457
f 5776 5777 10457
f 10457 5777 10458
f 5777 5778 10458
f 10458 5778 10459
f 5778 5779 10459
f 10459 5779 10460
f 5779 5780 10460
f 10460 5780 10461
f 5780 5781 10461
f 10461 5781 10462
f 5781 5782 10462
f 10462 5782 10463
f 5782 5783 10463
f 10463 5783 10464
f 5783 5784 10464
f 10464 5784 10465
f 5784 5785 10465
f 10465 5785 10466
f 5785 5786 10466
f 10466 5786 10467
f 5786 5787 10467
f 10467 5787 10468
f 5787 5788 10468
f 10468 5788 10017
f 5788 5730 10017
