# Generated MicroDuck mesh; do not edit by hand.
# Source: microduck_rl/src/mjlab_microduck/robot/microduck/assets/upper_leg_rigidity_plate.stl
# Source repository: https://github.com/pollen-robotics/microduck_rl.git@5946fd9cdbc58956424420153e51975af3b30d77
# Source SHA-256: 41a4f826b5badfb75a1c0a6d26527c49761de88597d67c25ad731df2cdab7995
# License: Creative Commons BY-SA-NC; see ../Licenses/ATTRIBUTION.json.
# Modified: exported MuJoCo-compiled mesh geometry in Tuanjie coordinates.
# Transform: (x,y,z) -> (-y,z,x); triangle winding reversed.
o upper_leg_rigidity_plate
v 0.0100371325 0.0167166144 0.000499999151
v 0.0100371325 0.0167166144 -0.000499999151
v 0.0101255625 0.0168080311 0.000499999151
v 0.0101255625 0.0168080311 -0.000499999151
v 0.010205932 0.0169066172 0.000499999151
v 0.010205932 0.0169066172 -0.000499999151
v 0.0102776596 0.0170116555 0.000499999151
v 0.0102776596 0.0170116555 -0.000499999151
v 0.0103402315 0.0171223935 0.000499999151
v 0.0103402315 0.0171223935 -0.000499999151
v 0.0103931958 0.0172380339 0.000499999151
v 0.0103931958 0.0172380339 -0.000499999151
v 0.0104361735 0.0173577424 0.000499999151
v 0.0104361735 0.0173577424 -0.000499999151
v 0.0104688536 0.017480664 0.000499999151
v 0.0104688536 0.017480664 -0.000499999151
v 0.0104910051 0.0176059138 0.000499999151
v 0.0104910051 0.0176059138 -0.000499999151
v 0.0105024641 0.0177325886 0.000499999151
v 0.0105024641 0.0177325886 -0.000499999151
v 0.0105031505 0.0178597774 0.000499999151
v 0.0105031505 0.0178597774 -0.000499999151
v 0.0104930596 0.0179865696 0.000499999151
v 0.0104930596 0.0179865696 -0.000499999151
v 0.0104722623 0.0181120485 0.000499999151
v 0.0104722623 0.0181120485 -0.000499999151
v 0.0104409112 0.0182353165 0.000499999151
v 0.0104409112 0.0182353165 -0.000499999151
v 0.0103992289 0.0183554851 0.000499999151
v 0.0103992289 0.0183554851 -0.000499999151
v 0.0103475153 0.0184716899 0.000499999151
v 0.0103475153 0.0184716899 -0.000499999151
v 0.010286144 0.0185830984 0.000499999151
v 0.010286144 0.0185830984 -0.000499999151
v 0.0102155535 0.0186889023 0.000499999151
v 0.0102155535 0.0186889023 -0.000499999151
v 0.0101362551 0.0187883489 0.000499999151
v 0.0101362551 0.0187883489 -0.000499999151
v 0.010048816 0.0188807193 0.000499999151
v 0.010048816 0.0188807193 -0.000499999151
v 0.00995386392 0.0189653467 0.000499999151
v 0.00995386392 0.0189653467 -0.000499999151
v 0.00985208619 0.0190416295 0.000499999151
v 0.00985208619 0.0190416295 -0.000499999151
v 0.00974421203 0.0191090163 0.000499999151
v 0.00974421203 0.0191090163 -0.000499999151
v 0.00963101443 0.0191670191 0.000499999151
v 0.00963101443 0.0191670191 -0.000499999151
v 0.00179456477 0.0202315152 -0.000499999151
v 0.00179456477 0.0202315152 0.000499999151
v 0.00178242987 0.0203592647 -0.000499999151
v 0.00178242987 0.0203592647 0.000499999151
v 0.00178126013 0.020487586 -0.000499999151
v 0.00178126013 0.020487586 0.000499999151
v 0.00179106148 0.0206155367 -0.000499999151
v 0.00179106148 0.0206155367 0.000499999151
v 0.00181176246 0.0207421798 -0.000499999151
v 0.00181176246 0.0207421798 0.000499999151
v 0.00184321334 0.0208665915 -0.000499999151
v 0.00184321334 0.0208665915 0.000499999151
v 0.00188518199 0.0209878609 -0.000499999151
v 0.00188518199 0.0209878609 0.000499999151
v 0.00193736237 0.0211050957 -0.000499999151
v 0.00193736237 0.0211050957 0.000499999151
v 0.00199937285 0.0212174449 -0.000499999151
v 0.00199937285 0.0212174449 0.000499999151
v 0.00207075872 0.0213240832 -0.000499999151
v 0.00207075872 0.0213240832 0.000499999151
v 0.00215099636 0.0214242265 -0.000499999151
v 0.00215099636 0.0214242265 0.000499999151
v 0.00223950157 0.0215171464 -0.000499999151
v 0.00223950157 0.0215171464 0.000499999151
v 0.00233562477 0.0216021631 -0.000499999151
v 0.00233562477 0.0216021631 0.000499999151
v 0.00243866234 0.0216786526 -0.000499999151
v 0.00243866234 0.0216786526 0.000499999151
v 0.00254786038 0.0217460543 -0.000499999151
v 0.00254786038 0.0217460543 0.000499999151
v 0.00266242144 0.0218038782 -0.000499999151
v 0.00266242144 0.0218038782 0.000499999151
v 0.00278150383 0.0218516979 -0.000499999151
v 0.00278150383 0.0218516979 0.000499999151
v 0.00290423818 0.021889165 -0.000499999151
v 0.00290423818 0.021889165 0.000499999151
v 0.00302972645 0.021916002 -0.000499999151
v 0.00302972645 0.021916002 0.000499999151
v 0.00315704779 0.0219320171 -0.000499999151
v 0.00315704779 0.0219320171 0.000499999151
v 0.00328527251 0.0219370909 -0.000499999151
v 0.00328527251 0.0219370909 0.000499999151
v 0.00341346208 0.0219311863 -0.000499999151
v 0.00341346208 0.0219311863 0.000499999151
v 0.00354067795 0.0219143461 -0.000499999151
v 0.00354067795 0.0219143461 0.000499999151
v 0.00366598787 0.0218866933 -0.000499999151
v 0.00366598787 0.0218866933 0.000499999151
v 0.00378847681 0.0218484346 -0.000499999151
v 0.00378847681 0.0218484346 0.000499999151
v 0.00390724605 0.0217998419 -0.000499999151
v 0.00390724605 0.0217998419 0.000499999151
v -0.0031969042 0.00635539275 -0.000499999151
v -0.0031969042 0.00635539275 0.000499999151
v -0.00331108668 0.00641395664 -0.000499999151
v -0.00331108668 0.00641395664 0.000499999151
v -0.0034198456 0.00648206472 -0.000499999151
v -0.0034198456 0.00648206472 0.000499999151
v -0.00352238561 0.00655922014 -0.000499999151
v -0.00352238561 0.00655922014 0.000499999151
v -0.0036179556 0.00664485805 -0.000499999151
v -0.0036179556 0.00664485805 0.000499999151
v -0.00370585592 0.00673835073 -0.000499999151
v -0.00370585592 0.00673835073 0.000499999151
v -0.00378544419 0.00683901412 -0.000499999151
v -0.00378544419 0.00683901412 0.000499999151
v -0.0038561367 0.0069461111 -0.000499999151
v -0.0038561367 0.0069461111 0.000499999151
v -0.00391741749 0.00705885934 -0.000499999151
v -0.00391741749 0.00705885934 0.000499999151
v -0.00396883674 0.00717643322 -0.000499999151
v -0.00396883674 0.00717643322 0.000499999151
v -0.00401001796 0.00729797035 -0.000499999151
v -0.00401001796 0.00729797035 0.000499999151
v -0.00404066173 0.00742258225 -0.000499999151
v -0.00404066173 0.00742258225 0.000499999151
v -0.00406054128 0.00754935946 -0.000499999151
v -0.00406054128 0.00754935946 0.000499999151
v -0.00406951271 0.00767737068 -0.000499999151
v -0.00406951271 0.00767737068 0.000499999151
v -0.00406751083 0.00780567899 -0.000499999151
v -0.00406751083 0.00780567899 0.000499999151
v -0.00405454822 0.00793334935 -0.000499999151
v -0.00405454822 0.00793334935 0.000499999151
v -0.00403072126 0.00805944297 -0.000499999151
v -0.00403072126 0.00805944297 0.000499999151
v -0.00399620458 0.00818303786 -0.000499999151
v -0.00399620458 0.00818303786 0.000499999151
v -0.00395124964 0.00830323249 -0.000499999151
v -0.00395124964 0.00830323249 0.000499999151
v -0.00389618659 0.00841914397 -0.000499999151
v -0.00389618659 0.00841914397 0.000499999151
v -0.00383141707 0.00852992479 -0.000499999151
v -0.00383141707 0.00852992479 0.000499999151
v -0.0037574165 0.00863476284 -0.000499999151
v -0.0037574165 0.00863476284 0.000499999151
v -0.00367472647 0.00873289257 -0.000499999151
v -0.00367472647 0.00873289257 0.000499999151
v -0.00358395069 0.0088235978 -0.000499999151
v -0.00358395069 0.0088235978 0.000499999151
v -0.0034857546 0.0089062117 -0.000499999151
v -0.0034857546 0.0089062117 0.000499999151
v -0.00338085741 0.00898012891 -0.000499999151
v -0.00338085741 0.00898012891 0.000499999151
v -0.000894452212 0.00633486453 -0.000499999151
v -0.000894452212 0.00633486453 0.000499999151
v -0.000990582164 0.00625104876 -0.000499999151
v -0.000990582164 0.00625104876 0.000499999151
v -0.00109348493 0.00617569918 -0.000499999151
v -0.00109348493 0.00617569918 0.000499999151
v -0.00120241696 0.00610936619 -0.000499999151
v -0.00120241696 0.00610936619 0.000499999151
v -0.00131659 0.00605252525 -0.000499999151
v -0.00131659 0.00605252525 0.000499999151
v -0.00143517926 0.00600558892 -0.000499999151
v -0.00143517926 0.00600558892 0.000499999151
v -0.00155732641 0.00596889574 -0.000499999151
v -0.00155732641 0.00596889574 0.000499999151
v -0.00168214901 0.005942713 -0.000499999151
v -0.00168214901 0.005942713 0.000499999151
v -0.00180874579 0.00592722604 -0.000499999151
v -0.00180874579 0.00592722604 0.000499999151
v -0.00193620019 0.00592255127 -0.000499999151
v -0.00193620019 0.00592255127 0.000499999151
v -0.00206358987 0.00592872128 -0.000499999151
v -0.00206358987 0.00592872128 0.000499999151
v -0.00218999572 0.00594569044 -0.000499999151
v -0.00218999572 0.00594569044 0.000499999151
v -0.00231450284 0.00597333536 -0.000499999151
v -0.00231450284 0.00597333536 0.000499999151
v -0.00243621203 0.00601145718 -0.000499999151
v -0.00243621203 0.00601145718 0.000499999151
v -0.00255424273 0.00605978072 -0.000499999151
v -0.00255424273 0.00605978072 0.000499999151
v 0.0106833559 -0.010240729 0.000499999151
v 0.0106833559 -0.010240729 -0.000499999151
v 0.0107328026 -0.0101195723 0.000499999151
v 0.0107328026 -0.0101195723 -0.000499999151
v 0.0107715018 -0.00999456737 0.000499999151
v 0.0107715018 -0.00999456737 -0.000499999151
v 0.0107991593 -0.00986666419 0.000499999151
v 0.0107991593 -0.00986666419 -0.000499999151
v 0.0108155636 -0.00973683875 0.000499999151
v 0.0108155636 -0.00973683875 -0.000499999151
v 0.0108205909 -0.0096060764 0.000499999151
v 0.0108205909 -0.0096060764 -0.000499999151
v 0.0108142011 -0.00947537366 0.000499999151
v 0.0108142011 -0.00947537366 -0.000499999151
v 0.0107964445 -0.00934572704 0.000499999151
v 0.0107964445 -0.00934572704 -0.000499999151
v 0.0107674571 -0.00921812095 0.000499999151
v 0.0107674571 -0.00921812095 -0.000499999151
v 0.0107274577 -0.00909352489 0.000499999151
v 0.0107274577 -0.00909352489 -0.000499999151
v 0.0106767518 -0.00897288974 0.000499999151
v 0.0106767518 -0.00897288974 -0.000499999151
v 0.0106157241 -0.0088571338 0.000499999151
v 0.0106157241 -0.0088571338 -0.000499999151
v 0.0105448402 -0.00874713715 0.000499999151
v 0.0105448402 -0.00874713715 -0.000499999151
v 0.0104646385 -0.00864373613 0.000499999151
v 0.0104646385 -0.00864373613 -0.000499999151
v 0.0103757316 -0.00854771957 0.000499999151
v 0.0103757316 -0.00854771957 -0.000499999151
v 0.0102787931 -0.00845981669 0.000499999151
v 0.0102787931 -0.00845981669 -0.000499999151
v 0.0101745622 -0.00838069804 0.000499999151
v 0.0101745622 -0.00838069804 -0.000499999151
v 0.0100638326 -0.00831096433 0.000499999151
v 0.0100638326 -0.00831096433 -0.000499999151
v 0.00994744804 -0.00825114455 0.000499999151
v 0.00994744804 -0.00825114455 -0.000499999151
v 0.0112078423 -0.00192159193 -0.000499999151
v 0.0112078423 -0.00192159193 0.000499999151
v 0.0111302519 -0.00188171316 -0.000499999151
v 0.0111302519 -0.00188171316 0.000499999151
v 0.0110564316 -0.0018352241 -0.000499999151
v 0.0110564316 -0.0018352241 0.000499999151
v 0.0109869447 -0.00178247807 -0.000499999151
v 0.0109869447 -0.00178247807 0.000499999151
v 0.0109223193 -0.00172387599 -0.000499999151
v 0.0109223193 -0.00172387599 0.000499999151
v 0.0108630471 -0.00165986537 -0.000499999151
v 0.0108630471 -0.00165986537 0.000499999151
v 0.0108095799 -0.00159093086 -0.000499999151
v 0.0108095799 -0.00159093086 0.000499999151
v 0.0107623246 -0.00151759956 -0.000499999151
v 0.0107623246 -0.00151759956 0.000499999151
v 0.0107216388 -0.00144043018 -0.000499999151
v 0.0107216388 -0.00144043018 0.000499999151
v 0.0106878346 -0.0013600071 -0.000499999151
v 0.0106878346 -0.0013600071 0.000499999151
v 0.010661168 -0.00127694383 -0.000499999151
v 0.010661168 -0.00127694383 0.000499999151
v 0.0106418431 -0.00119187147 -0.000499999151
v 0.0106418431 -0.00119187147 0.000499999151
v 0.010630006 -0.00110543985 -0.000499999151
v 0.010630006 -0.00110543985 0.000499999151
v 0.0106257461 -0.00101830508 -0.000499999151
v 0.0106257461 -0.00101830508 0.000499999151
v 0.0106290979 -0.000931130373 -0.000499999151
v 0.0106290979 -0.000931130373 0.000499999151
v 0.0106400335 -0.000844580063 -0.000499999151
v 0.0106400335 -0.000844580063 0.000499999151
v 0.0106584718 -0.000759311719 -0.000499999151
v 0.0106584718 -0.000759311719 0.000499999151
v 0.0106842713 -0.000675975403 -0.000499999151
v 0.0106842713 -0.000675975403 0.000499999151
v 0.0107172355 -0.000595205114 -0.000499999151
v 0.0107172355 -0.000595205114 0.000499999151
v 0.0153140398 0.00939826388 0.000499999151
v 0.0153140398 0.00939826388 -0.000499999151
v 0.0108008143 -0.000413504313 0.000499999151
v 0.0108008143 -0.000413504313 -0.000499999151
v 0.0153539171 0.00947585236 -0.000499999151
v 0.0153539171 0.00947585236 0.000499999151
v 0.0154004078 0.00954967272 -0.000499999151
v 0.0154004078 0.00954967272 0.000499999151
v 0.0154531542 0.00961916056 -0.000499999151
v 0.0154531542 0.00961916056 0.000499999151
v 0.0155117558 0.00968378503 -0.000499999151
v 0.0155117558 0.00968378503 0.000499999151
v 0.0155757666 0.00974305626 -0.000499999151
v 0.0155757666 0.00974305626 0.000499999151
v 0.0156446993 0.00979652349 -0.000499999151
v 0.0156446993 0.00979652349 0.000499999151
v 0.0157180317 0.00984378159 -0.000499999151
v 0.0157180317 0.00984378159 0.000499999151
v 0.0157952029 0.00988446735 -0.000499999151
v 0.0157952029 0.00988446735 0.000499999151
v 0.0158756245 0.0099182697 -0.000499999151
v 0.0158756245 0.0099182697 0.000499999151
v 0.0159586892 0.00994493626 -0.000499999151
v 0.0159586892 0.00994493626 0.000499999151
v 0.0160437599 0.0099642612 -0.000499999151
v 0.0160437599 0.0099642612 0.000499999151
v 0.0161301922 0.00997610018 -0.000499999151
v 0.0161301922 0.00997610018 0.000499999151
v 0.0162173267 0.00998035911 -0.000499999151
v 0.0162173267 0.00998035911 0.000499999151
v 0.0163045023 0.00997700915 -0.000499999151
v 0.0163045023 0.00997700915 0.000499999151
v 0.0163910519 0.00996606983 -0.000499999151
v 0.0163910519 0.00996606983 0.000499999151
v 0.0164763201 0.00994763337 -0.000499999151
v 0.0164763201 0.00994763337 0.000499999151
v 0.0165596567 0.0099218348 -0.000499999151
v 0.0165596567 0.0099218348 0.000499999151
v 0.0166404266 0.00988886878 -0.000499999151
v 0.0166404266 0.00988886878 0.000499999151
v 0.0152597204 -0.00268466119 -0.000499999151
v 0.0152597204 -0.00268466119 0.000499999151
v 0.0152198421 -0.00276225107 -0.000499999151
v 0.0152198421 -0.00276225107 0.000499999151
v 0.0151733533 -0.00283607049 -0.000499999151
v 0.0151733533 -0.00283607049 0.000499999151
v 0.0151206059 -0.0029055574 -0.000499999151
v 0.0151206059 -0.0029055574 0.000499999151
v 0.0150620053 -0.00297018257 -0.000499999151
v 0.0150620053 -0.00297018257 0.000499999151
v 0.0149979936 -0.00302945473 -0.000499999151
v 0.0149979936 -0.00302945473 0.000499999151
v 0.0149290599 -0.00308292219 -0.000499999151
v 0.0149290599 -0.00308292219 0.000499999151
v 0.0148557285 -0.00313017797 -0.000499999151
v 0.0148557285 -0.00313017797 0.000499999151
v 0.0147785572 -0.00317086396 -0.000499999151
v 0.0147785572 -0.00317086396 0.000499999151
v 0.0146981347 -0.00320466817 -0.000499999151
v 0.0146981347 -0.00320466817 0.000499999151
v 0.014615071 -0.00323133427 -0.000499999151
v 0.014615071 -0.00323133427 0.000499999151
v 0.0145300012 -0.00325065851 -0.000499999151
v 0.0145300012 -0.00325065851 0.000499999151
v 0.014443568 -0.00326249562 -0.000499999151
v 0.014443568 -0.00326249562 0.000499999151
v 0.0143564334 -0.00326675596 -0.000499999151
v 0.0143564334 -0.00326675596 0.000499999151
v 0.0142692598 -0.00326340436 -0.000499999151
v 0.0142692598 -0.00326340436 0.000499999151
v 0.0141827082 -0.00325246807 -0.000499999151
v 0.0141827082 -0.00325246807 0.000499999151
v 0.014097441 -0.00323402998 -0.000499999151
v 0.014097441 -0.00323402998 0.000499999151
v 0.0140141044 -0.00320823002 -0.000499999151
v 0.0140141044 -0.00320823002 0.000499999151
v 0.0139333336 -0.00317526585 -0.000499999151
v 0.0139333336 -0.00317526585 0.000499999151
v -0.0117308637 -0.0146994311 -0.000499999151
v -0.0117308637 -0.0146994311 0.000499999151
v -0.0124240806 -0.0153493593 0.000499999151
v -0.0124240806 -0.0153493593 -0.000499999151
v -0.0130586196 -0.0160566904 0.000499999151
v -0.0130586196 -0.0160566904 -0.000499999151
v -0.0136297438 -0.0168161467 0.000499999151
v -0.0136297438 -0.0168161467 -0.000499999151
v -0.0141331935 -0.0176220592 0.000499999151
v -0.0141331935 -0.0176220592 -0.000499999151
v -0.0145652099 -0.0184684154 0.000499999151
v -0.0145652099 -0.0184684154 -0.000499999151
v -0.0149225695 -0.0193488989 0.000499999151
v -0.0149225695 -0.0193488989 -0.000499999151
v -0.0152026061 -0.0202569403 0.000499999151
v -0.0152026061 -0.0202569403 -0.000499999151
v -0.0154032288 -0.0211857595 0.000499999151
v -0.0154032288 -0.0211857595 -0.000499999151
v -0.0155229419 -0.0221284293 0.000499999151
v -0.0155229419 -0.0221284293 -0.000499999151
v -0.0155608505 -0.0230779145 0.000499999151
v -0.0155608505 -0.0230779145 -0.000499999151
v -0.0155166741 -0.0240271278 0.000499999151
v -0.0155166741 -0.0240271278 -0.000499999151
v -0.0153907388 -0.0249689855 0.000499999151
v -0.0153907388 -0.0249689855 -0.000499999151
v -0.015183988 -0.0258964617 0.000499999151
v -0.015183988 -0.0258964617 -0.000499999151
v -0.0148979621 -0.026802633 0.000499999151
v -0.0148979621 -0.026802633 -0.000499999151
v -0.0145347975 -0.0276807379 0.000499999151
v -0.0145347975 -0.0276807379 -0.000499999151
v -0.0140972016 -0.0285242219 0.000499999151
v -0.0140972016 -0.0285242219 -0.000499999151
v -0.0135884425 -0.0293267947 0.000499999151
v -0.0135884425 -0.0293267947 -0.000499999151
v -0.0130123161 -0.0300824624 0.000499999151
v -0.0130123161 -0.0300824624 -0.000499999151
v -0.0123731215 -0.0307855885 0.000499999151
v -0.0123731215 -0.0307855885 -0.000499999151
v -0.0116756279 -0.0314309262 0.000499999151
v -0.0116756279 -0.0314309262 -0.000499999151
v -0.0109250415 -0.0320136584 0.000499999151
v -0.0109250415 -0.0320136584 -0.000499999151
v -0.0101269623 -0.0325294361 0.000499999151
v -0.0101269623 -0.0325294361 -0.000499999151
v -0.00928734802 -0.0329744145 0.000499999151
v -0.00928734802 -0.0329744145 -0.000499999151
v -0.00841246173 -0.0333452672 0.000499999151
v -0.00841246173 -0.0333452672 -0.000499999151
v -0.00750883436 -0.0336392298 0.000499999151
v -0.00750883436 -0.0336392298 -0.000499999151
v -0.00658320729 -0.0338541083 0.000499999151
v -0.00658320729 -0.0338541083 -0.000499999151
v -0.00564248953 -0.033988297 0.000499999151
v -0.00564248953 -0.033988297 -0.000499999151
v -0.00469370047 -0.0340407975 0.000499999151
v -0.00469370047 -0.0340407975 -0.000499999151
v -0.00374392071 -0.0340112187 0.000499999151
v -0.00374392071 -0.0340112187 -0.000499999151
v -0.00280023715 -0.0338997766 0.000499999151
v -0.00280023715 -0.0338997766 -0.000499999151
v -0.00186969293 -0.0337073095 0.000499999151
v -0.00186969293 -0.0337073095 -0.000499999151
v -0.000959231809 -0.0334352478 0.000499999151
v -0.000959231809 -0.0334352478 -0.000499999151
v -7.56476147e-05 -0.0330856219 0.000499999151
v -7.56476147e-05 -0.0330856219 -0.000499999151
v 0.000774465152 -0.0326610468 0.000499999151
v 0.000774465152 -0.0326610468 -0.000499999151
v 0.00158476247 -0.0321646854 0.000499999151
v 0.00158476247 -0.0321646854 -0.000499999151
v 0.00234919903 -0.0316002443 0.000499999151
v 0.00234919903 -0.0316002443 -0.000499999151
v 0.00306206802 -0.0309719332 0.000499999151
v 0.00306206802 -0.0309719332 -0.000499999151
v 0.00371805206 -0.0302844439 0.000499999151
v 0.00371805206 -0.0302844439 -0.000499999151
v 0.00431225356 -0.0295429025 0.000499999151
v 0.00431225356 -0.0295429025 -0.000499999151
v 0.00484024035 -0.0287528485 0.000499999151
v 0.00484024035 -0.0287528485 -0.000499999151
v 0.00529807061 -0.0279201716 0.000499999151
v 0.00529807061 -0.0279201716 -0.000499999151
v 0.00394862751 0.0217808075 -0.000499999151
v 0.00394862751 0.0217808075 0.000499999151
v 0.00549307233 0.0210703928 -0.000499999151
v 0.00549307233 0.0210703928 0.000499999151
v 0.0093336124 0.0193038173 -0.000499999151
v 0.0093336124 0.0193038173 0.000499999151
v 0.00542647904 -0.0276606753 -0.000499999151
v 0.00542647904 -0.0276606753 0.000499999151
v 0.0145099498 -0.00930412579 -0.000499999151
v 0.0145099498 -0.00930412579 0.000499999151
v 0.0163905285 -0.00550371036 -0.000499999151
v 0.0163905285 -0.00550371036 0.000499999151
v 0.0171840806 -0.0039000446 -0.000499999151
v 0.0171840806 -0.0039000446 0.000499999151
v 0.0174059235 -0.00345172756 -0.000499999151
v 0.0174059235 -0.00345172756 0.000499999151
v 0.0209943857 0.00380010367 -0.000499999151
v 0.0209943857 0.00380010367 0.000499999151
v 0.0213826708 0.00474905502 0.000499999151
v 0.0213826708 0.00474905502 -0.000499999151
v 0.0216885302 0.00572768319 0.000499999151
v 0.0216885302 0.00572768319 -0.000499999151
v 0.0219097324 0.00672884937 0.000499999151
v 0.0219097324 0.00672884937 -0.000499999151
v 0.0220446624 0.00774524733 0.000499999151
v 0.0220446624 0.00774524733 -0.000499999151
v 0.0220923368 0.00876944978 0.000499999151
v 0.0220923368 0.00876944978 -0.000499999151
v 0.0220524054 0.00979398564 0.000499999151
v 0.0220524054 0.00979398564 -0.000499999151
v 0.0219251607 0.0108113717 0.000499999151
v 0.0219251607 0.0108113717 -0.000499999151
v 0.021711532 0.0118141817 0.000499999151
v 0.021711532 0.0118141817 -0.000499999151
v 0.0214130785 0.0127950972 0.000499999151
v 0.0214130785 0.0127950972 -0.000499999151
v 0.0210319776 0.0137469526 0.000499999151
v 0.0210319776 0.0137469526 -0.000499999151
v 0.0205710139 0.0146628004 0.000499999151
v 0.0205710139 0.0146628004 -0.000499999151
v 0.0200335514 0.0155359553 0.000499999151
v 0.0200335514 0.0155359553 -0.000499999151
v 0.0194235146 0.0163600445 0.000499999151
v 0.0194235146 0.0163600445 -0.000499999151
v 0.0187453553 0.0171290468 0.000499999151
v 0.0187453553 0.0171290468 -0.000499999151
v 0.0180040263 0.0178373549 0.000499999151
v 0.0180040263 0.0178373549 -0.000499999151
v 0.0172049403 0.0184797924 0.000499999151
v 0.0172049403 0.0184797924 -0.000499999151
v 0.0163539276 0.019051671 0.000499999151
v 0.0163539276 0.019051671 -0.000499999151
v 0.0154572055 0.0195488185 0.000499999151
v 0.0154572055 0.0195488185 -0.000499999151
v 0.0142052379 -0.00449851807 0.000499999151
v 0.00210409495 0.00358681963 0.000499999151
v -0.00235140207 0.0247996971 0.000499999151
v -0.00291448599 0.025407806 0.000499999151
v 0.00407399563 0.0220533572 0.000499999151
v -0.00284449756 0.0119729582 0.000499999151
v -0.00228778063 0.0125868982 0.000499999151
v -0.00123001717 0.0107658366 0.000499999151
v -0.00871964637 0.00919597875 0.000499999151
v -0.0078985421 0.00930843316 0.000499999151
v -0.00328089017 0.00606380962 0.000499999151
v -0.00709036458 0.00949202385 0.000499999151
v -0.00630126335 0.00974535476 0.000499999151
v -0.000653030293 0.0154527444 0.000499999151
v -0.000407936546 0.0162444413 0.000499999151
v 0.00183829106 0.0174363498 0.000499999151
v -0.000232774721 0.0170544889 0.000499999151
v -0.000128880885 0.0178767201 0.000499999151
v 0.00189949805 0.0183682293 0.000499999151
v -0.00315552298 0.00633635838 0.000499999151
v -0.00553724449 0.0100664953 0.000499999151
v -0.00345260603 0.0114098731 0.000499999151
v -0.00189777056 0.0101129534 0.000499999151
v -0.00410747388 0.0109019335 0.000499999151
v -0.00261629652 0.00951640587 0.000499999151
v -0.00480412086 0.0104530016 0.000499999151
v -0.00178669114 0.0132470224 0.000499999151
v -0.00134504086 0.0139483111 0.000499999151
v -0.000966193213 0.0146854203 0.000499999151
v 0.00170167279 0.0165125094 0.000499999151
v 0.00149054104 0.0156027982 0.000499999151
v 0.00120629312 0.0147132194 0.000499999151
v 0.00085080124 0.0138496384 0.000499999151
v 0.000426409388 0.0130177494 0.000499999151
v -6.40845756e-05 0.012223036 0.000499999151
v -0.000617441779 0.0114707462 0.000499999151
v -0.00100802269 0.0227150582 0.000499999151
v -0.00139452924 0.0234481823 0.000499999151
v -0.00184346212 0.0241448283 0.000499999151
v -0.000249962846 0.0203537587 0.000499999151
v -9.70449837e-05 0.0187048744 0.000499999151
v -0.000137507857 0.0195326544 0.000499999151
v 0.00188489119 0.0193020049 0.000499999151
v -0.000433554 0.0211619362 0.000499999151
v -0.00068688282 0.0219510384 0.000499999151
v 0.00945898052 0.0195763689 0.000499999151
v 0.00561844045 0.0213429425 0.000499999151
v 0.0123207467 0.0182600114 0.000499999151
v 0.0107118646 0.0147622954 0.000499999151
v 0.00496586086 0.00227046222 0.000499999151
v -0.00173644524 0.00535339443 0.000499999151
v -0.00301767304 -0.00231252285 0.000499999151
v -0.00314557459 -0.00228486466 0.000499999151
v -0.00446405821 -0.000576446299 0.000499999151
v -0.00289266836 -0.00235122186 0.000499999151
v -0.00327540096 -0.00226846058 0.000499999151
v -0.00340616214 -0.00226343377 0.000499999151
v -0.00353686465 -0.00226982334 0.000499999151
v -0.00652106013 -0.0116536226 0.000499999151
v -0.00639310945 -0.0116634239 0.000499999151
v -0.00625928352 -0.0136946468 0.000499999151
v -0.00277151144 -0.00240066764 0.000499999151
v -0.000623518077 -0.0023430211 0.000499999151
v -0.00102051452 -0.00320609263 0.000499999151
v -0.00366651197 -0.00228757877 0.000499999151
v -0.00379411969 -0.00231656665 0.000499999151
v -0.00391871436 -0.00235656649 0.000499999151
v -0.0040393495 -0.00240727328 0.000499999151
v -0.00415510498 -0.00246830075 0.000499999151
v -0.00426510163 -0.00253918371 0.000499999151
v -0.00862058252 -0.014452707 0.000499999151
v -0.00784261338 -0.0101594115 0.000499999151
v -0.00785656273 -0.0141315674 0.000499999151
v -0.00783753954 -0.0102876369 0.000499999151
v -0.00782152545 -0.010414958 0.000499999151
v -0.00779468659 -0.0105404453 0.000499999151
v -0.0070674615 -0.0138782375 0.000499999151
v -0.00775722135 -0.0106631797 0.000499999151
v -0.00436850265 -0.00261938456 0.000499999151
v -0.00446452014 -0.00270829396 0.000499999151
v -0.00455242209 -0.00280523137 0.000499999151
v -0.0100503527 -0.0152881462 0.000499999151
v -0.0107052205 -0.0157960877 0.000499999151
v -0.00770940166 -0.0107822632 0.000499999151
v -0.0076515805 -0.0108968224 0.000499999151
v -0.00758417742 -0.0110060209 0.000499999151
v -0.00463154214 -0.0029094622 0.000499999151
v -0.00470127678 -0.0030201918 0.000499999151
v -0.00476109469 -0.00313657732 0.000499999151
v -0.0113133285 -0.0163591709 0.000499999151
v -0.0118700452 -0.0169731118 0.000499999151
v -0.0123711359 -0.0176332369 0.000499999151
v -0.00750768883 -0.0111090587 0.000499999151
v -0.00742267258 -0.0112051815 0.000499999151
v -0.0073297522 -0.0112936869 0.000499999151
v -0.00722960662 -0.011373926 0.000499999151
v -0.00712296972 -0.0114453109 0.000499999151
v -0.00701062148 -0.0115073211 0.000499999151
v -0.0068933838 -0.0115595013 0.000499999151
v -0.00677211629 -0.0116014713 0.000499999151
v -0.00664770463 -0.0116329212 0.000499999151
v -0.00770536764 -0.009537437 0.000499999151
v -0.00775395753 -0.00965620764 0.000499999151
v -0.00779221766 -0.00977869611 0.000499999151
v -0.00935370475 -0.0148392143 0.000499999151
v -0.00781986956 -0.0099040065 0.000499999151
v -0.0078367088 -0.0100312224 0.000499999151
v 0.0119797383 -0.00814027712 0.000499999151
v 0.00725546153 -0.0172301289 0.000499999151
v 0.0073561254 -0.0171505399 0.000499999151
v 0.00434912136 -0.0197459478 0.000499999151
v 0.00773908338 -0.0166415889 0.000499999151
v 0.00460245134 -0.02053505 0.000499999151
v 0.00744961761 -0.0170626398 0.000499999151
v 0.00753525505 -0.0169670694 0.000499999151
v 0.00478604203 -0.0213432275 0.000499999151
v 0.00761241047 -0.0168645289 0.000499999151
v 0.0048984969 -0.0221643299 0.000499999151
v 0.00768051948 -0.0167557709 0.000499999151
v 0.00493895961 -0.0229921099 0.000499999151
v 0.0067965053 -0.0174547024 0.000499999151
v 0.00691804336 -0.0174135193 0.000499999151
v 0.00402798131 -0.018981928 0.000499999151
v 0.00703561632 -0.017362101 0.000499999151
v 0.00714836456 -0.01730082 0.000499999151
v 0.00518826535 -0.0169304386 0.000499999151
v 0.00527087832 -0.0170286354 0.000499999151
v 0.00364147406 -0.0182488058 0.000499999151
v 0.00635888427 -0.00660047447 0.000499999151
v 0.00675588055 -0.00573740294 0.000499999151
v 0.0057912441 -0.0173959341 0.000499999151
v 0.00591143779 -0.017440889 0.000499999151
v 0.0062887962 -0.0175121948 0.000499999151
v 0.00641710591 -0.0175141972 0.000499999151
v 0.00567533309 -0.0173408706 0.000499999151
v 0.00654511666 -0.0175052248 0.000499999151
v 0.00667189294 -0.0174853466 0.000499999151
v 0.00536158262 -0.0171194095 0.000499999151
v 0.00545971328 -0.0172021016 0.000499999151
v 0.00556455227 -0.0172761027 0.000499999151
v 0.00603503315 -0.0174754057 0.000499999151
v 0.00616112724 -0.0174992327 0.000499999151
v -0.00626478996 -0.0116622532 0.000499999151
v -0.00613703998 -0.0116501199 0.000499999151
v -0.00543817971 -0.0135821914 0.000499999151
v -0.00520752929 -0.0115597928 0.000499999151
v -0.00461040018 -0.0135417292 0.000499999151
v -0.00427375501 -0.011545185 0.000499999151
v -0.00378224347 -0.0135735646 0.000499999151
v -0.00334187434 -0.0116063934 0.000499999151
v -0.00296001299 -0.0136774592 0.000499999151
v -0.00241803215 -0.0117430119 0.000499999151
v -0.00214996631 -0.0138526196 0.000499999151
v -0.00150832243 -0.0119541418 0.000499999151
v -0.0013582682 -0.0140977148 0.000499999151
v -0.000618743594 -0.0122383907 0.000499999151
v -0.00059094443 -0.0144108776 0.000499999151
v 0.000244838186 -0.0125938831 0.000499999151
v 0.000146165708 -0.0147897257 0.000499999151
v 0.00107672729 -0.0130182756 0.000499999151
v 0.000847452204 -0.0152313747 0.000499999151
v 0.00187143835 -0.0135087669 0.000499999151
v 0.00150757772 -0.0157324653 0.000499999151
v 0.00262372964 -0.0140621262 0.000499999151
v 0.00212151837 -0.016289182 0.000499999151
v 0.00332864048 -0.0146747017 0.000499999151
v 0.00268460135 -0.0168972891 0.000499999151
v 0.00398152182 -0.0153424544 0.000499999151
v 0.00319254189 -0.0175521579 0.000499999151
v 0.00457806932 -0.01606098 0.000499999151
v 0.00511434721 -0.0168255419 0.000499999151
v 0.0110740103 -0.00557271298 0.000499999151
v 0.011045631 -0.00566438353 0.000499999151
v 0.0122111971 -0.00703884568 0.000499999151
v 0.0123062721 -0.00702582346 0.000499999151
v 0.0131041212 -0.00547347823 0.000499999151
v 0.0130593684 -0.00538859051 0.000499999151
v 0.013750989 -0.00428957259 0.000499999151
v 0.0130073866 -0.0053079254 0.000499999151
v 0.0129485726 -0.00523209851 0.000499999151
v 0.0128833735 -0.0051616854 0.000499999151
v 0.0128122857 -0.00509722391 0.000499999151
v 0.0127358502 -0.00503920252 0.000499999151
v 0.0126546482 -0.00498806592 0.000499999151
v 0.012569299 -0.00494419783 0.000499999151
v 0.0124804508 -0.00490793819 0.000499999151
v 0.0123887807 -0.00487955753 0.000499999151
v 0.0122949854 -0.00485927612 0.000499999151
v 0.00852713082 -0.00188669807 0.000499999151
v 0.01219978 -0.00484724576 0.000499999151
v 0.0121038882 -0.00484356005 0.000499999151
v 0.0110096335 -0.00594927557 0.000499999151
v 0.011014319 -0.0060451231 0.000499999151
v 0.0110253496 -0.00575817795 0.000499999151
v 0.0110133197 -0.00585338334 0.000499999151
v 0.0120080402 -0.00484824507 0.000499999151
v 0.0119129643 -0.00486126728 0.000499999151
v 0.0118193859 -0.00488252472 0.000499999151
v 0.0111541376 -0.00539851515 0.000499999151
v 0.0111102713 -0.00548386388 0.000499999151
v 0.0110273389 -0.00614019949 0.000499999151
v 0.0110485973 -0.00623377739 0.000499999151
v 0.0110779302 -0.00632514711 0.000499999151
v 0.0116499383 -0.00694289152 0.000499999151
v 0.0115645891 -0.00689902529 0.000499999151
v 0.0114833862 -0.00684788777 0.000499999151
v 0.0117387865 -0.00697915256 0.000499999151
v 0.0118304556 -0.00700753322 0.000499999151
v 0.011924251 -0.00702781463 0.000499999151
v 0.0120194573 -0.00703984313 0.000499999151
v 0.0121153481 -0.0070435307 0.000499999151
v 0.0117280167 -0.00491185766 0.000499999151
v 0.0116395513 -0.00494904164 0.000499999151
v 0.0115546631 -0.00499379495 0.000499999151
v 0.0114739994 -0.00504577626 0.000499999151
v 0.011398172 -0.0051045916 0.000499999151
v 0.0113277594 -0.0051697907 0.000499999151
v 0.0112632969 -0.00524087856 0.000499999151
v 0.0112052765 -0.0053173136 0.000499999151
v 0.0111151151 -0.00641361205 0.000499999151
v 0.0111598689 -0.00649850024 0.000499999151
v 0.0112118497 -0.00657916535 0.000499999151
v 0.0112706637 -0.00665499223 0.000499999151
v 0.0113358637 -0.00672540348 0.000499999151
v 0.0114069507 -0.00678986683 0.000499999151
v 0.0126645733 -0.00689329579 0.000499999151
v 0.0127452379 -0.00684131263 0.000499999151
v 0.0124339871 -0.00834922306 0.000499999151
v 0.0128210643 -0.00678249914 0.000499999151
v 0.0123998504 -0.00700456556 0.000499999151
v 0.0124912206 -0.00697523309 0.000499999151
v 0.0125796851 -0.00693804864 0.000499999151
v 0.0128914779 -0.00671730004 0.000499999151
v 0.0129559394 -0.00664621219 0.000499999151
v 0.0130139599 -0.00656977715 0.000499999151
v 0.0130650979 -0.00648857513 0.000499999151
v 0.0131089659 -0.00640322501 0.000499999151
v 0.0131452261 -0.00631437777 0.000499999151
v 0.0131736053 -0.00622270722 0.000499999151
v 0.0131938867 -0.00612891279 0.000499999151
v 0.0132059166 -0.00603370741 0.000499999151
v 0.0132096028 -0.00593781518 0.000499999151
v 0.0132049182 -0.00584196579 0.000499999151
v 0.0131918974 -0.00574689079 0.000499999151
v 0.0131706391 -0.0056533129 0.000499999151
v 0.0131413061 -0.00556194363 0.000499999151
v 0.00927454792 -0.00026181154 0.000499999151
v 0.00750686927 0.000884872396 0.000499999151
v 0.00760271726 0.000889557472 0.000499999151
v 0.00788274035 0.000953169947 0.000499999151
v 0.00948349386 0.000192437918 0.000499999151
v 0.00779137108 0.000923837244 0.000499999151
v 0.00769779272 0.000902579515 0.000499999151
v 0.00713030668 0.000949250476 0.000499999151
v 0.00722197676 0.000920869992 0.000499999151
v 0.00704145804 0.000985510182 0.000499999151
v 0.00731577165 0.000900588406 0.000499999151
v 0.00741097704 0.000888558221 0.000499999151
v 0.00655138912 0.0014299032 0.000499999151
v 0.00660337042 0.00134923786 0.000499999151
v 0.00475691492 0.00181621278 0.000499999151
v 0.00666218484 0.00127341098 0.000499999151
v 0.00672738347 0.0012029981 0.000499999151
v 0.00679847179 0.00113853649 0.000499999151
v 0.0068749073 0.00108051533 0.000499999151
v 0.00695610931 0.00102937804 0.000499999151
v 0.0084508881 0.00253981235 0.000499999151
v 0.00839890726 0.0026204777 0.000499999151
v 0.0152294971 0.0126842707 0.000499999151
v 0.00834009331 0.00269630458 0.000499999151
v 0.00827489328 0.00276671583 0.000499999151
v 0.00820380636 0.00283117918 0.000499999151
v 0.00812736992 0.00288919848 0.000499999151
v 0.00804616883 0.00294033764 0.000499999151
v 0.00796081871 0.00298420363 0.000499999151
v 0.00787197147 0.00302046514 0.000499999151
v 0.00778030045 0.00304884394 0.000499999151
v 0.00665481808 0.00268752454 0.000499999151
v 0.00659679715 0.00261108973 0.000499999151
v 0.00654565869 0.00252988772 0.000499999151
v 0.00650179153 0.00244453736 0.000499999151
v 0.00850048568 0.00152517657 0.000499999151
v 0.00853674673 0.00161402544 0.000499999151
v 0.00856512599 0.00170569611 0.000499999151
v 0.0085854074 0.00179949042 0.000499999151
v 0.00768650649 0.00306912721 0.000499999151
v 0.00759130018 0.00308115571 0.000499999151
v 0.00749540888 0.00308484328 0.000499999151
v 0.00640583877 0.00188327837 0.000499999151
v 0.00641886005 0.00178820349 0.000499999151
v 0.00797120575 0.000990354223 0.000499999151
v 0.00805609394 0.0010351073 0.000499999151
v 0.00813675765 0.00108708872 0.000499999151
v 0.008212585 0.00114590384 0.000499999151
v 0.00828299765 0.00121110328 0.000499999151
v 0.00834746007 0.0012821909 0.000499999151
v 0.00859743729 0.00189469592 0.000499999151
v 0.00860112347 0.00199058792 0.000499999151
v 0.00646553142 0.00235569011 0.000499999151
v 0.00643715169 0.00226401957 0.000499999151
v 0.00641687028 0.00217022514 0.000499999151
v 0.00644011796 0.00169462536 0.000499999151
v 0.00646945089 0.0016032561 0.000499999151
v 0.00650663581 0.00151479093 0.000499999151
v 0.00840548053 0.00135862594 0.000499999151
v 0.00845661946 0.00143982796 0.000499999151
v 0.00859643798 0.00208643544 0.000499999151
v 0.00858341809 0.00218151207 0.000499999151
v 0.00856215972 0.0022750902 0.000499999151
v 0.00853282679 0.00236645946 0.000499999151
v 0.00849564187 0.00245492463 0.000499999151
v 0.00739956042 0.00308015803 0.000499999151
v 0.00730448496 0.00306713604 0.000499999151
v 0.00721090659 0.00304587837 0.000499999151
v 0.00711953687 0.00301654567 0.000499999151
v 0.00703107193 0.00297936122 0.000499999151
v 0.00694618421 0.00293460814 0.000499999151
v 0.0068655191 0.00288262521 0.000499999151
v 0.00678969221 0.00282381172 0.000499999151
v 0.00671928003 0.00275861239 0.000499999151
v 0.00640484039 0.00207501976 0.000499999151
v 0.00640115375 0.00197912776 0.000499999151
v 0.0136423679 0.0155653302 0.000499999151
v 0.0137277171 0.0155214621 0.000499999151
v 0.0138165662 0.0154852029 0.000499999151
v 0.0150337201 0.0158181451 0.000499999151
v 0.0168383792 0.0161819868 0.000499999151
v 0.0150917405 0.0158945806 0.000499999151
v 0.0151428785 0.0159757808 0.000499999151
v 0.0131051186 0.016324155 0.000499999151
v 0.0131263779 0.0162305795 0.000499999151
v 0.0131557109 0.0161392093 0.000499999151
v 0.0131928958 0.0160507448 0.000499999151
v 0.0132376486 0.0159658547 0.000499999151
v 0.0134136435 0.015738951 0.000499999151
v 0.0134847313 0.0156744905 0.000499999151
v 0.0135611659 0.0156164672 0.000499999151
v 0.0139082354 0.0154568218 0.000499999151
v 0.0140020316 0.0154365422 0.000499999151
v 0.014097237 0.0154245123 0.000499999151
v 0.0148230176 0.0156230424 0.000499999151
v 0.014742353 0.0155710597 0.000499999151
v 0.0146574657 0.0155263077 0.000499999151
v 0.014898845 0.0156818554 0.000499999151
v 0.0149692567 0.0157470554 0.000499999151
v 0.0133410767 0.0172234774 0.000499999151
v 0.0132830562 0.0171470419 0.000499999151
v 0.0132319182 0.0170658417 0.000499999151
v 0.0131880511 0.0169804897 0.000499999151
v 0.0132896295 0.0158851892 0.000499999151
v 0.0133484444 0.0158093646 0.000499999151
v 0.0141931288 0.0154208262 0.000499999151
v 0.0142889768 0.0154255098 0.000499999151
v 0.0143840518 0.0154385315 0.000499999151
v 0.0144776311 0.0154597908 0.000499999151
v 0.0145690003 0.0154891238 0.000499999151
v 0.0151867447 0.016061129 0.000499999151
v 0.0152230067 0.0161499791 0.000499999151
v 0.015251385 0.0162416473 0.000499999151
v 0.0152873835 0.0165265426 0.000499999151
v 0.015282698 0.0166223887 0.000499999151
v 0.0138057964 0.0175524969 0.000499999151
v 0.013717331 0.0175153129 0.000499999151
v 0.0136324437 0.0174705628 0.000499999151
v 0.0135517791 0.0174185783 0.000499999151
v 0.01315179 0.0168916415 0.000499999151
v 0.0131234117 0.0167999733 0.000499999151
v 0.0131031303 0.0167061798 0.000499999151
v 0.0130910994 0.0166109726 0.000499999151
v 0.0152716665 0.0163354427 0.000499999151
v 0.0152836973 0.0164306499 0.000499999151
v 0.0152696781 0.0167174656 0.000499999151
v 0.0152484188 0.016811043 0.000499999151
v 0.0152190858 0.0169024114 0.000499999151
v 0.0134759527 0.0173597652 0.000499999151
v 0.01340554 0.0172945652 0.000499999151
v 0.0130874133 0.0165150799 0.000499999151
v 0.0130920988 0.0164192319 0.000499999151
v 0.0145582305 0.0175564196 0.000499999151
v 0.0146470778 0.0175201558 0.000499999151
v 0.0147324288 0.0174762905 0.000499999151
v 0.0148136308 0.0174251534 0.000499999151
v 0.0148900654 0.017367132 0.000499999151
v 0.0151371481 0.0170757659 0.000499999151
v 0.0150851673 0.0171564315 0.000499999151
v 0.0150263524 0.017232256 0.000499999151
v 0.0149611533 0.0173026696 0.000499999151
v 0.0141816679 0.0176207945 0.000499999151
v 0.0140858209 0.0176161118 0.000499999151
v 0.0133456672 0.0204881914 0.000499999151
v 0.0139907449 0.01760309 0.000499999151
v 0.0138971657 0.0175818298 0.000499999151
v 0.0151819009 0.0169908777 0.000499999151
v 0.0144665614 0.0175847989 0.000499999151
v 0.0143727651 0.0176050793 0.000499999151
v 0.0142775597 0.0176171102 0.000499999151
v -0.0139250513 -0.0214407016 0.000499999151
v -0.014028945 -0.0222629327 0.000499999151
v -0.0140607813 -0.023091089 0.000499999151
v -0.0140203191 -0.023918869 0.000499999151
v -0.0139078638 -0.0247399714 0.000499999151
v -0.0137242731 -0.0255481508 0.000499999151
v -0.0134709431 -0.0263372511 0.000499999151
v -0.0131498035 -0.0271012709 0.000499999151
v -0.0127632963 -0.0278343931 0.000499999151
v -0.0123143634 -0.028531041 0.000499999151
v -0.0118064228 -0.0291859098 0.000499999151
v -0.0112433406 -0.0297940169 0.000499999151
v -0.0106293997 -0.0303507335 0.000499999151
v -0.00996927358 -0.0308518242 0.000499999151
v -0.00926798768 -0.0312934741 0.000499999151
v -0.00853087753 -0.0316723213 0.000499999151
v -0.00776355341 -0.0319854841 0.000499999151
v -0.00697185565 -0.0322305784 0.000499999151
v -0.01374989 -0.0206306539 0.000499999151
v -0.00584544148 -0.00190450239 0.000499999151
v -0.0135047957 -0.0198389571 0.000499999151
v -0.0131916329 -0.019071633 0.000499999151
v -0.0128127849 -0.0183345228 0.000499999151
v -0.00569512881 -0.00154063082 0.000499999151
v -0.0055739102 -0.00116606022 0.000499999151
v -0.00548253814 -0.000783116149 0.000499999151
v 0.00462806877 -0.0254525449 0.000499999151
v 0.00480322959 -0.0246424973 0.000499999151
v 0.00490712374 -0.0238202661 0.000499999151
v 0.00324931368 -0.0284499619 0.000499999151
v 0.00369096315 -0.027748676 0.000499999151
v 0.00406981073 -0.0270115659 0.000499999151
v 0.004382974 -0.0262442417 0.000499999151
v 0.00219150633 -0.029724028 0.000499999151
v 0.00274822349 -0.0291100889 0.000499999151
v -0.00616180897 -0.0324057415 0.000499999151
v -0.00533957826 -0.0325096324 0.000499999151
v -0.00451142155 -0.0325414687 0.000499999151
v 0.000231883314 -0.0312439837 0.000499999151
v 0.000928530353 -0.0307950526 0.000499999151
v 0.00158339902 -0.0302871112 0.000499999151
v -0.000501239672 -0.03163049 0.000499999151
v -0.00126525923 -0.0319516324 0.000499999151
v -0.00205436046 -0.0322049633 0.000499999151
v -0.00286253844 -0.032388553 0.000499999151
v -0.00368364202 -0.0325010084 0.000499999151
v -0.0183489993 0.0119919777 0.000499999151
v -0.0188840814 0.0127605963 0.000499999151
v -0.0150052775 0.0108451629 0.000499999151
v -0.00949650351 0.00754809007 0.000499999151
v -0.00991986413 0.00763303088 0.000499999151
v -0.0120078605 0.00946640782 0.000499999151
v -0.0103489747 0.00768112484 0.000499999151
v -0.0163808912 0.0099964235 0.000499999151
v -0.0170928538 0.0106048631 0.000499999151
v -0.0177504756 0.0112716602 0.000499999151
v -0.00423725275 0.00398467341 0.000499999151
v -0.00622336939 0.00493824109 0.000499999151
v -0.00348983612 0.00560956029 0.000499999151
v -0.00643375982 0.00531531451 0.000499999151
v -0.00667590043 0.00567282876 0.000499999151
v -0.00757365255 0.0066022086 0.000499999151
v -0.00792257395 0.00685657654 0.000499999151
v -0.0112797394 0.00778487045 0.000499999151
v -0.0121983057 0.0079674134 0.000499999151
v -0.0127995582 0.00971150119 0.000499999151
v -0.0130980173 0.00822742935 0.000499999151
v -0.0135668823 0.0100246649 0.000499999151
v -0.0139723495 0.00856303424 0.000499999151
v -0.0143039916 0.010403512 0.000499999151
v -0.0148149654 0.00897179451 0.000499999151
v -0.0156197576 0.00945074856 0.000499999151
v -0.00694798212 0.00600811979 0.000499999151
v -0.00724797929 0.0063186842 0.000499999151
v -0.00829214044 0.00707989093 0.000499999151
v -0.00867959484 0.00727048563 0.000499999151
v -0.00908204913 0.0074269427 0.000499999151
v -0.0173503682 0.0131659452 0.000499999151
v -0.0168424286 0.0125110764 0.000499999151
v -0.0193518437 0.0135719441 0.000499999151
v -0.0162793435 0.0119029684 0.000499999151
v -0.0156654045 0.0113462526 0.000499999151
v -0.0185069479 0.0153597351 0.000499999151
v -0.0181858074 0.0145957153 0.000499999151
v -0.0177993011 0.0138625922 0.000499999151
v -0.0197488945 0.0144201405 0.000499999151
v -0.0200723596 0.0152990371 0.000499999151
v -0.018760277 0.0161488354 0.000499999151
v -0.0203198902 0.0162022635 0.000499999151
v -0.0189438686 0.0169570148 0.000499999151
v -0.0204896946 0.0171232708 0.000499999151
v -0.0190563239 0.0177781191 0.000499999151
v -0.0205805395 0.0180553831 0.000499999151
v -0.019096788 0.0186058953 0.000499999151
v -0.0205917694 0.0189918447 0.000499999151
v -0.0190649498 0.0194340553 0.000499999151
v -0.0205233004 0.01992587 0.000499999151
v -0.0189610552 0.0202562846 0.000499999151
v -0.0203756299 0.0208506826 0.000499999151
v -0.0187858976 0.0210663322 0.000499999151
v -0.0201498289 0.0217595845 0.000499999151
v -0.0185408015 0.0218580309 0.000499999151
v -0.0198475309 0.022645982 0.000499999151
v -0.0182276387 0.0226253532 0.000499999151
v -0.0194709357 0.0235034563 0.000499999151
v -0.0178487897 0.0233624633 0.000499999151
v -0.0190227609 0.0243257862 0.000499999151
v -0.0174071416 0.0240637492 0.000499999151
v -0.0185062643 0.0251070131 0.000499999151
v -0.0169060491 0.0247238763 0.000499999151
v -0.0179251879 0.0258414783 0.000499999151
v -0.0163493343 0.0253378153 0.000499999151
v -0.0172837395 0.0265238509 0.000499999151
v -0.0157412272 0.0259008985 0.000499999151
v -0.0165865719 0.0271491893 0.000499999151
v -0.0150863575 0.02640884 0.000499999151
v -0.0158387404 0.0277129579 0.000499999151
v -0.0143897105 0.026857771 0.000499999151
v -0.0150456661 0.0282110702 0.000499999151
v -0.0136565864 0.0272442773 0.000499999151
v -0.0142130926 0.0286399201 0.000499999151
v -0.0128925666 0.0275654197 0.000499999151
v -0.0133470595 0.0289963931 0.000499999151
v -0.0121034663 0.0278187487 0.000499999151
v -0.012453842 0.0292779077 0.000499999151
v -0.0112952879 0.0280023403 0.000499999151
v -0.0115399174 0.0294824224 0.000499999151
v -0.0104741845 0.0281147938 0.000499999151
v -0.00418855296 0.0264656097 0.000499999151
v -0.00512576383 0.0287057012 0.000499999151
v -0.0035284264 0.0259645209 0.000499999151
v 0.00505135348 0.024178138 0.000499999151
v -0.0106119066 0.0296084583 0.000499999151
v -0.00881824642 0.0281234216 0.000499999151
v -0.00964640453 0.0281552598 0.000499999151
v -0.0048898384 0.0269072615 0.000499999151
v -0.00562694808 0.0272861104 0.000499999151
v -0.00599686755 0.0290495995 0.000499999151
v -0.00639427174 0.0275992732 0.000499999151
v -0.00689406646 0.0293181539 0.000499999151
v -0.0071859709 0.0278443657 0.000499999151
v -0.00781085901 0.0295094177 0.000499999151
v -0.00799601711 0.028019527 0.000499999151
v -0.00874059461 0.0296220034 0.000499999151
v -0.00967653934 0.0296551008 0.000499999151
v -0.0111978129 0.00929124653 0.000499999151
v -0.0103755835 0.00918735191 0.000499999151
v -0.00954742543 0.00915551558 0.000499999151
v 0.0199480131 0.00773190614 0.000499999151
v 0.0199437533 0.00781904068 0.000499999151
v 0.019931918 0.00790547486 0.000499999151
v 0.0198894888 0.00738957664 0.000499999151
v 0.0199152883 0.00747291464 0.000499999151
v 0.0199337266 0.00755818328 0.000499999151
v 0.0199446622 0.00764473295 0.000499999151
v 0.0153432991 -0.00250296039 0.000499999151
v 0.0198565256 0.00730880816 0.000499999151
v 0.0204533543 0.0102813961 0.000499999151
v 0.0209076032 0.0100724511 0.000499999151
v 0.00660470594 0.0234870892 0.000499999151
v 0.0104673961 0.0217686668 0.000499999151
v -0.00539221847 0.000392066897 0.000499999151
v -0.00542400079 0.000784477394 0.000499999151
v -0.00572689157 0.0032923494 0.000499999151
v -0.00579712866 0.00371839502 0.000499999151
v -0.00590386195 0.00413679332 0.000499999151
v -0.0060462961 0.0045444211 0.000499999151
v -0.00542157842 -0.000394166505 0.000499999151
v -0.00539140962 -1.62892275e-06 0.000499999151
v -0.00269280793 0.00327425846 0.000499999151
v 0.0195173286 0.00854882691 0.000499999151
v 0.0194435101 0.0085953176 0.000499999151
v 0.0193659198 0.00863519497 0.000499999151
v 0.0197641812 0.00830453541 0.000499999151
v 0.0197107121 0.00837346818 0.000499999151
v 0.0196514428 0.00843748078 0.000499999151
v 0.0195868146 0.00849607959 0.000499999151
v 0.0199125912 0.00799054652 0.000499999151
v 0.0198859256 0.00807360839 0.000499999151
v 0.0198521204 0.00815403182 0.000499999151
v 0.0198114365 0.00823120214 0.000499999151
v -0.00194539118 0.0048991451 0.000499999151
v 0.00189514889 0.0031325703 0.000499999151
v 0.00114773226 0.00150768377 0.000499999151
v -0.00261170254 -0.000341554958 0.000499999151
v -0.002516496 -0.000353583629 0.000499999151
v -0.00242060493 -0.000357271027 0.000499999151
v -0.00232475647 -0.000352586037 0.000499999151
v -0.00297136488 -0.000212765299 0.000499999151
v -0.00288601522 -0.000256631465 0.000499999151
v -0.00279716752 -0.00029289283 0.000499999151
v -0.0027054972 -0.000321273459 0.000499999151
v -0.00214717234 0.001806702 0.000499999151
v -0.0020555032 0.00177832181 0.000499999151
v -0.00196665456 0.00174206204 0.000499999151
v -0.00179071492 -0.000155053145 0.000499999151
v -0.00171488838 -9.62395861e-05 0.000499999151
v -0.00147658552 0.00129766902 0.000499999151
v -0.00152856635 0.00137833424 0.000499999151
v -0.00158738077 0.00145416113 0.000499999151
v -0.00165257941 0.00152457401 0.000499999151
v -0.00172366784 0.00158903573 0.000499999151
v -0.00180010311 0.00164705678 0.000499999151
v -0.00188130559 0.00169819419 0.000499999151
v -0.00326528936 3.12676275e-05 0.000499999151
v -0.00320008933 -3.91437243e-05 0.000499999151
v -0.0022409677 0.00182698364 0.000499999151
v -0.00233617285 0.00183901389 0.000499999151
v -0.00243206532 0.00184269983 0.000499999151
v -0.00345802307 0.000361112732 0.000499999151
v -0.00342083769 0.000272647274 0.000499999151
v -0.00312900241 -0.000103606952 0.000499999151
v -0.00305256643 -0.000161628253 0.000499999151
v -0.00320819439 0.00151646906 0.000499999151
v -0.00327265589 0.00144538109 0.000499999151
v -0.00333067682 0.00136894616 0.000499999151
v -0.00349032227 0.00102187612 0.000499999151
v -0.00351060368 0.000928081688 0.000499999151
v -0.00337608461 0.00018775971 0.000499999151
v -0.00332410377 0.000107094493 0.000499999151
v -0.00222968124 -0.000339563878 0.000499999151
v -0.00213610264 -0.000318306207 0.000499999151
v -0.00204473315 -0.000288973533 0.000499999151
v -0.00164447585 -3.10402938e-05 0.000499999151
v -0.00158001389 4.00474237e-05 0.000499999151
v -0.00152199331 0.00011648253 0.000499999151
v -0.00136234774 0.000463552627 0.000499999151
v -0.00134206598 0.000557346852 0.000499999151
v -0.00133003632 0.000652552349 0.000499999151
v -0.00132634991 0.000748444465 0.000499999151
v -0.00252791354 0.00183801481 0.000499999151
v -0.00262298877 0.00182499259 0.000499999151
v -0.0027165669 0.00180373481 0.000499999151
v -0.0028079371 0.00177440222 0.000499999151
v -0.00289640203 0.00173721788 0.000499999151
v -0.00298128952 0.00169246469 0.000499999151
v -0.00306195393 0.00164048339 0.000499999151
v -0.00313778128 0.00158166816 0.000499999151
v -0.00195626752 -0.000251789315 0.000499999151
v -0.00187138002 -0.000207036137 0.000499999151
v -0.00147085462 0.000197684378 0.000499999151
v -0.0014269877 0.00028303478 0.000499999151
v -0.00139072712 0.000371881935 0.000499999151
v -0.00133103458 0.000844293623 0.000499999151
v -0.00134405587 0.000939368561 0.000499999151
v -0.00136531377 0.00103294663 0.000499999151
v -0.00139464706 0.00112431601 0.000499999151
v -0.00143183186 0.0012127813 0.000499999151
v -0.00352163427 0.000641136605 0.000499999151
v -0.00350861391 0.000546059979 0.000499999151
v -0.00348735601 0.000452481967 0.000499999151
v -0.00338181504 0.00128774415 0.000499999151
v -0.00342568173 0.00120239565 0.000499999151
v -0.00346194254 0.00111354666 0.000499999151
v -0.00352263381 0.000832876365 0.000499999151
v -0.00352631975 0.000736984075 0.000499999151
v 0.00400949828 0.000191326268 0.000499999151
v 0.00223824801 -0.0036593785 0.000499999151
v 0.00184125151 -0.00452245027 0.000499999151
v -0.00542400079 0.000784477394 -0.000499999151
v -0.00572689157 0.0032923494 -0.000499999151
v 0.0133456672 0.0204881914 -0.000499999151
v 0.0104673961 0.0217686668 -0.000499999151
v 0.00660470594 0.0234870892 -0.000499999151
v 0.00505135348 0.024178138 -0.000499999151
v -0.00512576383 0.0287057012 -0.000499999151
v 0.0153432991 -0.00250296039 -0.000499999151
v 0.0198565256 0.00730880816 -0.000499999151
v -0.00599686755 0.0290495995 -0.000499999151
v -0.00689406646 0.0293181539 -0.000499999151
v -0.00781085901 0.0295094177 -0.000499999151
v -0.00874059461 0.0296220034 -0.000499999151
v -0.00967653934 0.0296551008 -0.000499999151
v -0.0106119066 0.0296084583 -0.000499999151
v -0.0115399174 0.0294824224 -0.000499999151
v -0.012453842 0.0292779077 -0.000499999151
v -0.0133470595 0.0289963931 -0.000499999151
v -0.0142130926 0.0286399201 -0.000499999151
v -0.0150456661 0.0282110702 -0.000499999151
v -0.0158387404 0.0277129579 -0.000499999151
v -0.0165865719 0.0271491893 -0.000499999151
v -0.0172837395 0.0265238509 -0.000499999151
v -0.0179251879 0.0258414783 -0.000499999151
v -0.0185062643 0.0251070131 -0.000499999151
v -0.0190227609 0.0243257862 -0.000499999151
v -0.0194709357 0.0235034563 -0.000499999151
v -0.0198475309 0.022645982 -0.000499999151
v -0.0201498289 0.0217595845 -0.000499999151
v -0.0203756299 0.0208506826 -0.000499999151
v -0.0205233004 0.01992587 -0.000499999151
v -0.0205917694 0.0189918447 -0.000499999151
v -0.0205805395 0.0180553831 -0.000499999151
v -0.0204896946 0.0171232708 -0.000499999151
v -0.0203198902 0.0162022635 -0.000499999151
v -0.0200723596 0.0152990371 -0.000499999151
v -0.0197488945 0.0144201405 -0.000499999151
v -0.0193518437 0.0135719441 -0.000499999151
v -0.0188840814 0.0127605963 -0.000499999151
v -0.0183489993 0.0119919777 -0.000499999151
v -0.0177504756 0.0112716602 -0.000499999151
v -0.0170928538 0.0106048631 -0.000499999151
v -0.0163808912 0.0099964235 -0.000499999151
v -0.0156197576 0.00945074856 -0.000499999151
v -0.0148149654 0.00897179451 -0.000499999151
v -0.0139723495 0.00856303424 -0.000499999151
v -0.0130980173 0.00822742935 -0.000499999151
v -0.0121983057 0.0079674134 -0.000499999151
v -0.0112797394 0.00778487045 -0.000499999151
v -0.0103489747 0.00768112484 -0.000499999151
v 0.00511434721 -0.0168255419 -0.000499999151
v 0.00457806932 -0.01606098 -0.000499999151
v 0.00398152182 -0.0153424544 -0.000499999151
v 0.00332864048 -0.0146747017 -0.000499999151
v 0.00262372964 -0.0140621262 -0.000499999151
v 0.00187143835 -0.0135087669 -0.000499999151
v 0.00107672729 -0.0130182756 -0.000499999151
v 0.000244838186 -0.0125938831 -0.000499999151
v -0.000618743594 -0.0122383907 -0.000499999151
v -0.00150832243 -0.0119541418 -0.000499999151
v -0.00241803215 -0.0117430119 -0.000499999151
v -0.00334187434 -0.0116063934 -0.000499999151
v -0.00427375501 -0.011545185 -0.000499999151
v -0.00520752929 -0.0115597928 -0.000499999151
v -0.00613703998 -0.0116501199 -0.000499999151
v 0.00927454792 -0.00026181154 -0.000499999151
v -0.0157412272 0.0259008985 -0.000499999151
v -0.0150863575 0.02640884 -0.000499999151
v 0.0123207467 0.0182600114 -0.000499999151
v 0.0107118646 0.0147622954 -0.000499999151
v 0.00945898052 0.0195763689 -0.000499999151
v -0.00235140207 0.0247996971 -0.000499999151
v -0.00184346212 0.0241448283 -0.000499999151
v 0.00407399563 0.0220533572 -0.000499999151
v -0.00139452924 0.0234481823 -0.000499999151
v -0.00100802269 0.0227150582 -0.000499999151
v -0.00068688282 0.0219510384 -0.000499999151
v -0.000433554 0.0211619362 -0.000499999151
v -0.000249962846 0.0203537587 -0.000499999151
v 0.00561844045 0.0213429425 -0.000499999151
v -0.00630126335 0.00974535476 -0.000499999151
v -0.00709036458 0.00949202385 -0.000499999151
v -0.00328089017 0.00606380962 -0.000499999151
v -0.0078985421 0.00930843316 -0.000499999151
v -0.00871964637 0.00919597875 -0.000499999151
v 0.00188489119 0.0193020049 -0.000499999151
v -0.000137507857 0.0195326544 -0.000499999151
v 0.00189949805 0.0183682293 -0.000499999151
v -9.70449837e-05 0.0187048744 -0.000499999151
v 0.00183829106 0.0174363498 -0.000499999151
v -0.000128880885 0.0178767201 -0.000499999151
v -0.000232774721 0.0170544889 -0.000499999151
v -0.00134504086 0.0139483111 -0.000499999151
v -0.00178669114 0.0132470224 -0.000499999151
v -0.00123001717 0.0107658366 -0.000499999151
v -0.00553724449 0.0100664953 -0.000499999151
v -0.000407936546 0.0162444413 -0.000499999151
v -0.000653030293 0.0154527444 -0.000499999151
v -0.000966193213 0.0146854203 -0.000499999151
v -0.00480412086 0.0104530016 -0.000499999151
v -0.00228778063 0.0125868982 -0.000499999151
v -0.00284449756 0.0119729582 -0.000499999151
v -0.00189777056 0.0101129534 -0.000499999151
v -0.00345260603 0.0114098731 -0.000499999151
v -0.00261629652 0.00951640587 -0.000499999151
v -0.00410747388 0.0109019335 -0.000499999151
v 0.00085080124 0.0138496384 -0.000499999151
v 0.00120629312 0.0147132194 -0.000499999151
v -0.000617441779 0.0114707462 -0.000499999151
v -6.40845756e-05 0.012223036 -0.000499999151
v 0.000426409388 0.0130177494 -0.000499999151
v 0.00149054104 0.0156027982 -0.000499999151
v 0.00170167279 0.0165125094 -0.000499999151
v -0.00173644524 0.00535339443 -0.000499999151
v -0.00315552298 0.00633635838 -0.000499999151
v 0.00210409495 0.00358681963 -0.000499999151
v 0.0121038882 -0.00484356005 -0.000499999151
v 0.01219978 -0.00484724576 -0.000499999151
v 0.00852713082 -0.00188669807 -0.000499999151
v 0.011014319 -0.0060451231 -0.000499999151
v 0.0110096335 -0.00594927557 -0.000499999151
v 0.00675588055 -0.00573740294 -0.000499999151
v 0.0123998504 -0.00700456556 -0.000499999151
v 0.0123062721 -0.00702582346 -0.000499999151
v 0.0119797383 -0.00814027712 -0.000499999151
v 0.0122111971 -0.00703884568 -0.000499999151
v 0.0121153481 -0.0070435307 -0.000499999151
v 0.0116499383 -0.00694289152 -0.000499999151
v 0.0117387865 -0.00697915256 -0.000499999151
v 0.0118304556 -0.00700753322 -0.000499999151
v 0.013750989 -0.00428957259 -0.000499999151
v 0.0122949854 -0.00485927612 -0.000499999151
v 0.0123887807 -0.00487955753 -0.000499999151
v 0.0124804508 -0.00490793819 -0.000499999151
v 0.012569299 -0.00494419783 -0.000499999151
v 0.0126546482 -0.00498806592 -0.000499999151
v 0.0127358502 -0.00503920252 -0.000499999151
v 0.0128122857 -0.00509722391 -0.000499999151
v 0.0128833735 -0.0051616854 -0.000499999151
v 0.0129485726 -0.00523209851 -0.000499999151
v 0.0130073866 -0.0053079254 -0.000499999151
v 0.0130593684 -0.00538859051 -0.000499999151
v 0.0120194573 -0.00703984313 -0.000499999151
v 0.011924251 -0.00702781463 -0.000499999151
v 0.0110133197 -0.00585338334 -0.000499999151
v 0.0110253496 -0.00575817795 -0.000499999151
v 0.011045631 -0.00566438353 -0.000499999151
v 0.011398172 -0.0051045916 -0.000499999151
v 0.0114739994 -0.00504577626 -0.000499999151
v 0.0117280167 -0.00491185766 -0.000499999151
v 0.0118193859 -0.00488252472 -0.000499999151
v 0.0110779302 -0.00632514711 -0.000499999151
v 0.0110485973 -0.00623377739 -0.000499999151
v 0.0110273389 -0.00614019949 -0.000499999151
v 0.0110740103 -0.00557271298 -0.000499999151
v 0.0111102713 -0.00548386388 -0.000499999151
v 0.0111541376 -0.00539851515 -0.000499999151
v 0.0112052765 -0.0053173136 -0.000499999151
v 0.0119129643 -0.00486126728 -0.000499999151
v 0.0120080402 -0.00484824507 -0.000499999151
v 0.0115546631 -0.00499379495 -0.000499999151
v 0.0116395513 -0.00494904164 -0.000499999151
v 0.0114069507 -0.00678986683 -0.000499999151
v 0.0113358637 -0.00672540348 -0.000499999151
v 0.0112706637 -0.00665499223 -0.000499999151
v 0.0112118497 -0.00657916535 -0.000499999151
v 0.0111598689 -0.00649850024 -0.000499999151
v 0.0111151151 -0.00641361205 -0.000499999151
v 0.0112632969 -0.00524087856 -0.000499999151
v 0.0113277594 -0.0051697907 -0.000499999151
v 0.0115645891 -0.00689902529 -0.000499999151
v 0.0114833862 -0.00684788777 -0.000499999151
v 0.0128210643 -0.00678249914 -0.000499999151
v 0.0127452379 -0.00684131263 -0.000499999151
v 0.0124339871 -0.00834922306 -0.000499999151
v 0.0131089659 -0.00640322501 -0.000499999151
v 0.0130650979 -0.00648857513 -0.000499999151
v 0.0130139599 -0.00656977715 -0.000499999151
v 0.0129559394 -0.00664621219 -0.000499999151
v 0.0128914779 -0.00671730004 -0.000499999151
v 0.0126645733 -0.00689329579 -0.000499999151
v 0.0125796851 -0.00693804864 -0.000499999151
v 0.0124912206 -0.00697523309 -0.000499999151
v 0.0131918974 -0.00574689079 -0.000499999151
v 0.0132049182 -0.00584196579 -0.000499999151
v 0.0142052379 -0.00449851807 -0.000499999151
v 0.0132096028 -0.00593781518 -0.000499999151
v 0.0132059166 -0.00603370741 -0.000499999151
v 0.0131938867 -0.00612891279 -0.000499999151
v 0.0131736053 -0.00622270722 -0.000499999151
v 0.0131452261 -0.00631437777 -0.000499999151
v 0.0131041212 -0.00547347823 -0.000499999151
v 0.0131413061 -0.00556194363 -0.000499999151
v 0.0131706391 -0.0056533129 -0.000499999151
v 0.00948349386 0.000192437918 -0.000499999151
v 0.00788274035 0.000953169947 -0.000499999151
v 0.00779137108 0.000923837244 -0.000499999151
v 0.00769779272 0.000902579515 -0.000499999151
v 0.00760271726 0.000889557472 -0.000499999151
v 0.00750686927 0.000884872396 -0.000499999151
v 0.00741097704 0.000888558221 -0.000499999151
v 0.00731577165 0.000900588406 -0.000499999151
v 0.0068749073 0.00108051533 -0.000499999151
v 0.00475691492 0.00181621278 -0.000499999151
v 0.00695610931 0.00102937804 -0.000499999151
v 0.00704145804 0.000985510182 -0.000499999151
v 0.00666218484 0.00127341098 -0.000499999151
v 0.00660337042 0.00134923786 -0.000499999151
v 0.00722197676 0.000920869992 -0.000499999151
v 0.00713030668 0.000949250476 -0.000499999151
v 0.00679847179 0.00113853649 -0.000499999151
v 0.00672738347 0.0012029981 -0.000499999151
v 0.00654565869 0.00252988772 -0.000499999151
v 0.00659679715 0.00261108973 -0.000499999151
v 0.00496586086 0.00227046222 -0.000499999151
v 0.00787197147 0.00302046514 -0.000499999151
v 0.00796081871 0.00298420363 -0.000499999151
v 0.00804616883 0.00294033764 -0.000499999151
v 0.00812736992 0.00288919848 -0.000499999151
v 0.0152294971 0.0126842707 -0.000499999151
v 0.00820380636 0.00283117918 -0.000499999151
v 0.00827489328 0.00276671583 -0.000499999151
v 0.00834009331 0.00269630458 -0.000499999151
v 0.00839890726 0.0026204777 -0.000499999151
v 0.00749540888 0.00308484328 -0.000499999151
v 0.00759130018 0.00308115571 -0.000499999151
v 0.00768650649 0.00306912721 -0.000499999151
v 0.00778030045 0.00304884394 -0.000499999151
v 0.00850048568 0.00152517657 -0.000499999151
v 0.00853674673 0.00161402544 -0.000499999151
v 0.00856512599 0.00170569611 -0.000499999151
v 0.00655138912 0.0014299032 -0.000499999151
v 0.00650663581 0.00151479093 -0.000499999151
v 0.00646945089 0.0016032561 -0.000499999151
v 0.00644011796 0.00169462536 -0.000499999151
v 0.00641886005 0.00178820349 -0.000499999151
v 0.00640583877 0.00188327837 -0.000499999151
v 0.00640115375 0.00197912776 -0.000499999151
v 0.00643715169 0.00226401957 -0.000499999151
v 0.00646553142 0.00235569011 -0.000499999151
v 0.00650179153 0.00244453736 -0.000499999151
v 0.0068655191 0.00288262521 -0.000499999151
v 0.00694618421 0.00293460814 -0.000499999151
v 0.00845661946 0.00143982796 -0.000499999151
v 0.00840548053 0.00135862594 -0.000499999151
v 0.00834746007 0.0012821909 -0.000499999151
v 0.00828299765 0.00121110328 -0.000499999151
v 0.008212585 0.00114590384 -0.000499999151
v 0.00813675765 0.00108708872 -0.000499999151
v 0.00640484039 0.00207501976 -0.000499999151
v 0.00641687028 0.00217022514 -0.000499999151
v 0.00665481808 0.00268752454 -0.000499999151
v 0.00671928003 0.00275861239 -0.000499999151
v 0.00678969221 0.00282381172 -0.000499999151
v 0.00703107193 0.00297936122 -0.000499999151
v 0.00711953687 0.00301654567 -0.000499999151
v 0.00721090659 0.00304587837 -0.000499999151
v 0.00730448496 0.00306713604 -0.000499999151
v 0.00739956042 0.00308015803 -0.000499999151
v 0.0084508881 0.00253981235 -0.000499999151
v 0.00849564187 0.00245492463 -0.000499999151
v 0.00853282679 0.00236645946 -0.000499999151
v 0.00856215972 0.0022750902 -0.000499999151
v 0.00858341809 0.00218151207 -0.000499999151
v 0.00859643798 0.00208643544 -0.000499999151
v 0.00860112347 0.00199058792 -0.000499999151
v 0.00859743729 0.00189469592 -0.000499999151
v 0.0085854074 0.00179949042 -0.000499999151
v 0.00805609394 0.0010351073 -0.000499999151
v 0.00797120575 0.000990354223 -0.000499999151
v 0.0138165662 0.0154852029 -0.000499999151
v 0.0131928958 0.0160507448 -0.000499999151
v 0.0131557109 0.0161392093 -0.000499999151
v 0.0168383792 0.0161819868 -0.000499999151
v 0.0152873835 0.0165265426 -0.000499999151
v 0.0152836973 0.0164306499 -0.000499999151
v 0.0152230067 0.0161499791 -0.000499999151
v 0.0151867447 0.016061129 -0.000499999151
v 0.0137277171 0.0155214621 -0.000499999151
v 0.0136423679 0.0155653302 -0.000499999151
v 0.0135611659 0.0156164672 -0.000499999151
v 0.0151428785 0.0159757808 -0.000499999151
v 0.0150917405 0.0158945806 -0.000499999151
v 0.0150337201 0.0158181451 -0.000499999151
v 0.0149692567 0.0157470554 -0.000499999151
v 0.014898845 0.0156818554 -0.000499999151
v 0.0148230176 0.0156230424 -0.000499999151
v 0.014742353 0.0155710597 -0.000499999151
v 0.0146574657 0.0155263077 -0.000499999151
v 0.014097237 0.0154245123 -0.000499999151
v 0.0140020316 0.0154365422 -0.000499999151
v 0.0139082354 0.0154568218 -0.000499999151
v 0.0134847313 0.0156744905 -0.000499999151
v 0.0134136435 0.015738951 -0.000499999151
v 0.0133484444 0.0158093646 -0.000499999151
v 0.0138057964 0.0175524969 -0.000499999151
v 0.013717331 0.0175153129 -0.000499999151
v 0.0136324437 0.0174705628 -0.000499999151
v 0.0152484188 0.016811043 -0.000499999151
v 0.0152696781 0.0167174656 -0.000499999151
v 0.015282698 0.0166223887 -0.000499999151
v 0.0152716665 0.0163354427 -0.000499999151
v 0.015251385 0.0162416473 -0.000499999151
v 0.0145690003 0.0154891238 -0.000499999151
v 0.0144776311 0.0154597908 -0.000499999151
v 0.0143840518 0.0154385315 -0.000499999151
v 0.0142889768 0.0154255098 -0.000499999151
v 0.0141931288 0.0154208262 -0.000499999151
v 0.0132896295 0.0158851892 -0.000499999151
v 0.0132376486 0.0159658547 -0.000499999151
v 0.0131263779 0.0162305795 -0.000499999151
v 0.0131051186 0.016324155 -0.000499999151
v 0.0130920988 0.0164192319 -0.000499999151
v 0.0131234117 0.0167999733 -0.000499999151
v 0.01315179 0.0168916415 -0.000499999151
v 0.0131880511 0.0169804897 -0.000499999151
v 0.0132319182 0.0170658417 -0.000499999151
v 0.0131031303 0.0167061798 -0.000499999151
v 0.0132830562 0.0171470419 -0.000499999151
v 0.0133410767 0.0172234774 -0.000499999151
v 0.01340554 0.0172945652 -0.000499999151
v 0.0130874133 0.0165150799 -0.000499999151
v 0.0130910994 0.0166109726 -0.000499999151
v 0.0134759527 0.0173597652 -0.000499999151
v 0.0135517791 0.0174185783 -0.000499999151
v 0.0144665614 0.0175847989 -0.000499999151
v 0.0145582305 0.0175564196 -0.000499999151
v 0.0138971657 0.0175818298 -0.000499999151
v 0.0139907449 0.01760309 -0.000499999151
v 0.0140858209 0.0176161118 -0.000499999151
v 0.0146470778 0.0175201558 -0.000499999151
v 0.0147324288 0.0174762905 -0.000499999151
v 0.0148136308 0.0174251534 -0.000499999151
v 0.0148900654 0.017367132 -0.000499999151
v 0.0149611533 0.0173026696 -0.000499999151
v 0.0150263524 0.017232256 -0.000499999151
v 0.0141816679 0.0176207945 -0.000499999151
v 0.0142775597 0.0176171102 -0.000499999151
v 0.0143727651 0.0176050793 -0.000499999151
v 0.0150851673 0.0171564315 -0.000499999151
v 0.0151371481 0.0170757659 -0.000499999151
v 0.0151819009 0.0169908777 -0.000499999151
v 0.0152190858 0.0169024114 -0.000499999151
v 0.00158339902 -0.0302871112 -0.000499999151
v 0.00219150633 -0.029724028 -0.000499999151
v 0.00274822349 -0.0291100889 -0.000499999151
v 0.00369096315 -0.027748676 -0.000499999151
v 0.00406981073 -0.0270115659 -0.000499999151
v 0.004382974 -0.0262442417 -0.000499999151
v 0.00324931368 -0.0284499619 -0.000499999151
v 0.00462806877 -0.0254525449 -0.000499999151
v 0.00480322959 -0.0246424973 -0.000499999151
v 0.00490712374 -0.0238202661 -0.000499999151
v 0.00493895961 -0.0229921099 -0.000499999151
v 0.00268460135 -0.0168972891 -0.000499999151
v 0.00212151837 -0.016289182 -0.000499999151
v 0.00150757772 -0.0157324653 -0.000499999151
v 0.00536158262 -0.0171194095 -0.000499999151
v 0.00527087832 -0.0170286354 -0.000499999151
v 0.00364147406 -0.0182488058 -0.000499999151
v 0.00635888427 -0.00660047447 -0.000499999151
v 0.00460245134 -0.02053505 -0.000499999151
v 0.0073561254 -0.0171505399 -0.000499999151
v 0.00434912136 -0.0197459478 -0.000499999151
v 0.00725546153 -0.0172301289 -0.000499999151
v 0.00714836456 -0.01730082 -0.000499999151
v 0.00703561632 -0.017362101 -0.000499999151
v 0.00402798131 -0.018981928 -0.000499999151
v 0.00691804336 -0.0174135193 -0.000499999151
v 0.00773908338 -0.0166415889 -0.000499999151
v 0.00768051948 -0.0167557709 -0.000499999151
v 0.0048984969 -0.0221643299 -0.000499999151
v 0.00761241047 -0.0168645289 -0.000499999151
v 0.00478604203 -0.0213432275 -0.000499999151
v 0.00753525505 -0.0169670694 -0.000499999151
v 0.00744961761 -0.0170626398 -0.000499999151
v 0.00518826535 -0.0169304386 -0.000499999151
v 0.00319254189 -0.0175521579 -0.000499999151
v 0.0067965053 -0.0174547024 -0.000499999151
v 0.00667189294 -0.0174853466 -0.000499999151
v 0.00654511666 -0.0175052248 -0.000499999151
v 0.00641710591 -0.0175141972 -0.000499999151
v 0.0062887962 -0.0175121948 -0.000499999151
v 0.00616112724 -0.0174992327 -0.000499999151
v 0.00603503315 -0.0174754057 -0.000499999151
v 0.00591143779 -0.017440889 -0.000499999151
v 0.0057912441 -0.0173959341 -0.000499999151
v 0.00567533309 -0.0173408706 -0.000499999151
v 0.00556455227 -0.0172761027 -0.000499999151
v 0.00545971328 -0.0172021016 -0.000499999151
v -0.00327540096 -0.00226846058 -0.000499999151
v -0.00314557459 -0.00228486466 -0.000499999151
v -0.00446405821 -0.000576446299 -0.000499999151
v -0.00455242209 -0.00280523137 -0.000499999151
v -0.00446452014 -0.00270829396 -0.000499999151
v -0.00379411969 -0.00231656665 -0.000499999151
v -0.00366651197 -0.00228757877 -0.000499999151
v -0.00626478996 -0.0116622532 -0.000499999151
v -0.00639310945 -0.0116634239 -0.000499999151
v -0.00625928352 -0.0136946468 -0.000499999151
v -0.00436850265 -0.00261938456 -0.000499999151
v -0.00426510163 -0.00253918371 -0.000499999151
v -0.00415510498 -0.00246830075 -0.000499999151
v -0.00353686465 -0.00226982334 -0.000499999151
v -0.00340616214 -0.00226343377 -0.000499999151
v -0.00301767304 -0.00231252285 -0.000499999151
v -0.00289266836 -0.00235122186 -0.000499999151
v -0.000623518077 -0.0023430211 -0.000499999151
v -0.00277151144 -0.00240066764 -0.000499999151
v -0.00102051452 -0.00320609263 -0.000499999151
v -0.0107052205 -0.0157960877 -0.000499999151
v -0.0100503527 -0.0152881462 -0.000499999151
v -0.0040393495 -0.00240727328 -0.000499999151
v -0.00391871436 -0.00235656649 -0.000499999151
v -0.0123711359 -0.0176332369 -0.000499999151
v -0.0118700452 -0.0169731118 -0.000499999151
v -0.0113133285 -0.0163591709 -0.000499999151
v -0.00476109469 -0.00313657732 -0.000499999151
v -0.00470127678 -0.0030201918 -0.000499999151
v -0.00463154214 -0.0029094622 -0.000499999151
v -0.00782152545 -0.010414958 -0.000499999151
v -0.00783753954 -0.0102876369 -0.000499999151
v -0.00785656273 -0.0141315674 -0.000499999151
v -0.00784261338 -0.0101594115 -0.000499999151
v -0.00862058252 -0.014452707 -0.000499999151
v 0.000847452204 -0.0152313747 -0.000499999151
v 0.000146165708 -0.0147897257 -0.000499999151
v -0.00059094443 -0.0144108776 -0.000499999151
v -0.0013582682 -0.0140977148 -0.000499999151
v -0.00214996631 -0.0138526196 -0.000499999151
v -0.00296001299 -0.0136774592 -0.000499999151
v -0.00378224347 -0.0135735646 -0.000499999151
v -0.00461040018 -0.0135417292 -0.000499999151
v -0.00543817971 -0.0135821914 -0.000499999151
v -0.00779468659 -0.0105404453 -0.000499999151
v -0.0070674615 -0.0138782375 -0.000499999151
v -0.00775722135 -0.0106631797 -0.000499999151
v -0.0068933838 -0.0115595013 -0.000499999151
v -0.00701062148 -0.0115073211 -0.000499999151
v -0.00758417742 -0.0110060209 -0.000499999151
v -0.0076515805 -0.0108968224 -0.000499999151
v -0.00770940166 -0.0107822632 -0.000499999151
v -0.00652106013 -0.0116536226 -0.000499999151
v -0.00664770463 -0.0116329212 -0.000499999151
v -0.00677211629 -0.0116014713 -0.000499999151
v -0.00712296972 -0.0114453109 -0.000499999151
v -0.00722960662 -0.011373926 -0.000499999151
v -0.0073297522 -0.0112936869 -0.000499999151
v -0.00742267258 -0.0112051815 -0.000499999151
v -0.00750768883 -0.0111090587 -0.000499999151
v -0.0078367088 -0.0100312224 -0.000499999151
v -0.00781986956 -0.0099040065 -0.000499999151
v -0.00935370475 -0.0148392143 -0.000499999151
v -0.00779221766 -0.00977869611 -0.000499999151
v -0.00775395753 -0.00965620764 -0.000499999151
v -0.00770536764 -0.009537437 -0.000499999151
v -0.00569512881 -0.00154063082 -0.000499999151
v -0.00584544148 -0.00190450239 -0.000499999151
v -0.00542157842 -0.000394166505 -0.000499999151
v -0.00548253814 -0.000783116149 -0.000499999151
v -0.0055739102 -0.00116606022 -0.000499999151
v -0.0128127849 -0.0183345228 -0.000499999151
v -0.0131916329 -0.019071633 -0.000499999151
v -0.0135047957 -0.0198389571 -0.000499999151
v -0.01374989 -0.0206306539 -0.000499999151
v -0.0140607813 -0.023091089 -0.000499999151
v -0.014028945 -0.0222629327 -0.000499999151
v -0.0139250513 -0.0214407016 -0.000499999151
v 0.000928530353 -0.0307950526 -0.000499999151
v 0.000231883314 -0.0312439837 -0.000499999151
v -0.000501239672 -0.03163049 -0.000499999151
v -0.00126525923 -0.0319516324 -0.000499999151
v -0.00205436046 -0.0322049633 -0.000499999151
v -0.00286253844 -0.032388553 -0.000499999151
v -0.00368364202 -0.0325010084 -0.000499999151
v -0.00451142155 -0.0325414687 -0.000499999151
v -0.00533957826 -0.0325096324 -0.000499999151
v -0.00616180897 -0.0324057415 -0.000499999151
v -0.00697185565 -0.0322305784 -0.000499999151
v -0.00776355341 -0.0319854841 -0.000499999151
v -0.00853087753 -0.0316723213 -0.000499999151
v -0.00926798768 -0.0312934741 -0.000499999151
v -0.00996927358 -0.0308518242 -0.000499999151
v -0.0106293997 -0.0303507335 -0.000499999151
v -0.0112433406 -0.0297940169 -0.000499999151
v -0.0118064228 -0.0291859098 -0.000499999151
v -0.0123143634 -0.028531041 -0.000499999151
v -0.0127632963 -0.0278343931 -0.000499999151
v -0.0131498035 -0.0271012709 -0.000499999151
v -0.0134709431 -0.0263372511 -0.000499999151
v -0.0137242731 -0.0255481508 -0.000499999151
v -0.0139078638 -0.0247399714 -0.000499999151
v -0.0140203191 -0.023918869 -0.000499999151
v -0.0120078605 0.00946640782 -0.000499999151
v -0.00991986413 0.00763303088 -0.000499999151
v -0.00949650351 0.00754809007 -0.000499999151
v -0.00792257395 0.00685657654 -0.000499999151
v -0.00757365255 0.0066022086 -0.000499999151
v -0.00348983612 0.00560956029 -0.000499999151
v -0.00724797929 0.0063186842 -0.000499999151
v -0.00423725275 0.00398467341 -0.000499999151
v -0.00643375982 0.00531531451 -0.000499999151
v -0.0150052775 0.0108451629 -0.000499999151
v -0.00908204913 0.0074269427 -0.000499999151
v -0.00867959484 0.00727048563 -0.000499999151
v -0.00829214044 0.00707989093 -0.000499999151
v -0.00694798212 0.00600811979 -0.000499999151
v -0.00667590043 0.00567282876 -0.000499999151
v -0.0143039916 0.010403512 -0.000499999151
v -0.0135668823 0.0100246649 -0.000499999151
v -0.0127995582 0.00971150119 -0.000499999151
v -0.00954742543 0.00915551558 -0.000499999151
v -0.0103755835 0.00918735191 -0.000499999151
v -0.0111978129 0.00929124653 -0.000499999151
v -0.00562694808 0.0272861104 -0.000499999151
v -0.0048898384 0.0269072615 -0.000499999151
v -0.00418855296 0.0264656097 -0.000499999151
v -0.0035284264 0.0259645209 -0.000499999151
v -0.00291448599 0.025407806 -0.000499999151
v -0.00639427174 0.0275992732 -0.000499999151
v -0.0071859709 0.0278443657 -0.000499999151
v -0.00799601711 0.028019527 -0.000499999151
v -0.00881824642 0.0281234216 -0.000499999151
v -0.00964640453 0.0281552598 -0.000499999151
v -0.0104741845 0.0281147938 -0.000499999151
v -0.0143897105 0.026857771 -0.000499999151
v -0.0136565864 0.0272442773 -0.000499999151
v -0.0128925666 0.0275654197 -0.000499999151
v -0.0121034663 0.0278187487 -0.000499999151
v -0.0112952879 0.0280023403 -0.000499999151
v -0.0173503682 0.0131659452 -0.000499999151
v -0.0177993011 0.0138625922 -0.000499999151
v -0.0181858074 0.0145957153 -0.000499999151
v -0.0185069479 0.0153597351 -0.000499999151
v -0.018760277 0.0161488354 -0.000499999151
v -0.0163493343 0.0253378153 -0.000499999151
v -0.0169060491 0.0247238763 -0.000499999151
v -0.0174071416 0.0240637492 -0.000499999151
v -0.0178487897 0.0233624633 -0.000499999151
v -0.0182276387 0.0226253532 -0.000499999151
v -0.0185408015 0.0218580309 -0.000499999151
v -0.0187858976 0.0210663322 -0.000499999151
v -0.0189610552 0.0202562846 -0.000499999151
v -0.0190649498 0.0194340553 -0.000499999151
v -0.019096788 0.0186058953 -0.000499999151
v -0.0190563239 0.0177781191 -0.000499999151
v -0.0189438686 0.0169570148 -0.000499999151
v -0.0156654045 0.0113462526 -0.000499999151
v -0.0162793435 0.0119029684 -0.000499999151
v -0.0168424286 0.0125110764 -0.000499999151
v -0.00269280793 0.00327425846 -0.000499999151
v -0.00539221847 0.000392066897 -0.000499999151
v -0.00539140962 -1.62892275e-06 -0.000499999151
v -0.00622336939 0.00493824109 -0.000499999151
v -0.0060462961 0.0045444211 -0.000499999151
v -0.00590386195 0.00413679332 -0.000499999151
v -0.00579712866 0.00371839502 -0.000499999151
v 0.0209076032 0.0100724511 -0.000499999151
v 0.019931918 0.00790547486 -0.000499999151
v 0.0199437533 0.00781904068 -0.000499999151
v 0.0199480131 0.00773190614 -0.000499999151
v 0.0199446622 0.00764473295 -0.000499999151
v 0.0199337266 0.00755818328 -0.000499999151
v 0.0199152883 0.00747291464 -0.000499999151
v 0.0198894888 0.00738957664 -0.000499999151
v 0.0195868146 0.00849607959 -0.000499999151
v 0.0204533543 0.0102813961 -0.000499999151
v 0.0195173286 0.00854882691 -0.000499999151
v 0.0194435101 0.0085953176 -0.000499999151
v 0.0193659198 0.00863519497 -0.000499999151
v 0.0196514428 0.00843748078 -0.000499999151
v 0.0197107121 0.00837346818 -0.000499999151
v 0.0197641812 0.00830453541 -0.000499999151
v 0.0198114365 0.00823120214 -0.000499999151
v 0.0198521204 0.00815403182 -0.000499999151
v 0.0198859256 0.00807360839 -0.000499999151
v 0.0199125912 0.00799054652 -0.000499999151
v -0.00213610264 -0.000318306207 -0.000499999151
v -0.00222968124 -0.000339563878 -0.000499999151
v -0.0020555032 0.00177832181 -0.000499999151
v -0.00196665456 0.00174206204 -0.000499999151
v -0.00188130559 0.00169819419 -0.000499999151
v -0.00232475647 -0.000352586037 -0.000499999151
v -0.00242060493 -0.000357271027 -0.000499999151
v -0.002516496 -0.000353583629 -0.000499999151
v -0.00288601522 -0.000256631465 -0.000499999151
v -0.00297136488 -0.000212765299 -0.000499999151
v -0.00261170254 -0.000341554958 -0.000499999151
v -0.0027054972 -0.000321273459 -0.000499999151
v -0.00279716752 -0.00029289283 -0.000499999151
v -0.00180010311 0.00164705678 -0.000499999151
v -0.00172366784 0.00158903573 -0.000499999151
v 0.00114773226 0.00150768377 -0.000499999151
v -0.00165257941 0.00152457401 -0.000499999151
v -0.00158738077 0.00145416113 -0.000499999151
v -0.00243206532 0.00184269983 -0.000499999151
v -0.00233617285 0.00183901389 -0.000499999151
v -0.00305256643 -0.000161628253 -0.000499999151
v -0.00312900241 -0.000103606952 -0.000499999151
v -0.00320008933 -3.91437243e-05 -0.000499999151
v -0.00333067682 0.00136894616 -0.000499999151
v -0.00327265589 0.00144538109 -0.000499999151
v -0.00320819439 0.00151646906 -0.000499999151
v -0.0022409677 0.00182698364 -0.000499999151
v -0.00214717234 0.001806702 -0.000499999151
v -0.00326528936 3.12676275e-05 -0.000499999151
v -0.00332410377 0.000107094493 -0.000499999151
v -0.00337608461 0.00018775971 -0.000499999151
v -0.00342083769 0.000272647274 -0.000499999151
v -0.00345802307 0.000361112732 -0.000499999151
v -0.00348735601 0.000452481967 -0.000499999151
v -0.00152856635 0.00137833424 -0.000499999151
v -0.00147658552 0.00129766902 -0.000499999151
v -0.00143183186 0.0012127813 -0.000499999151
v -0.00133003632 0.000652552349 -0.000499999151
v -0.00134206598 0.000557346852 -0.000499999151
v -0.00147085462 0.000197684378 -0.000499999151
v -0.00152199331 0.00011648253 -0.000499999151
v -0.00158001389 4.00474237e-05 -0.000499999151
v -0.00164447585 -3.10402938e-05 -0.000499999151
v -0.00171488838 -9.62395861e-05 -0.000499999151
v -0.00179071492 -0.000155053145 -0.000499999151
v -0.00187138002 -0.000207036137 -0.000499999151
v -0.00350861391 0.000546059979 -0.000499999151
v -0.00352163427 0.000641136605 -0.000499999151
v -0.00352631975 0.000736984075 -0.000499999151
v -0.00313778128 0.00158166816 -0.000499999151
v -0.00306195393 0.00164048339 -0.000499999151
v -0.00298128952 0.00169246469 -0.000499999151
v -0.00289640203 0.00173721788 -0.000499999151
v -0.0028079371 0.00177440222 -0.000499999151
v -0.0027165669 0.00180373481 -0.000499999151
v -0.00262298877 0.00182499259 -0.000499999151
v -0.00252791354 0.00183801481 -0.000499999151
v -0.00139464706 0.00112431601 -0.000499999151
v -0.00136531377 0.00103294663 -0.000499999151
v -0.00134405587 0.000939368561 -0.000499999151
v -0.00133103458 0.000844293623 -0.000499999151
v -0.00132634991 0.000748444465 -0.000499999151
v -0.00136234774 0.000463552627 -0.000499999151
v -0.00139072712 0.000371881935 -0.000499999151
v -0.0014269877 0.00028303478 -0.000499999151
v -0.00195626752 -0.000251789315 -0.000499999151
v -0.00204473315 -0.000288973533 -0.000499999151
v -0.00352263381 0.000832876365 -0.000499999151
v -0.00351060368 0.000928081688 -0.000499999151
v -0.00349032227 0.00102187612 -0.000499999151
v -0.00346194254 0.00111354666 -0.000499999151
v -0.00342568173 0.00120239565 -0.000499999151
v -0.00338181504 0.00128774415 -0.000499999151
v 0.00400949828 0.000191326268 -0.000499999151
v 0.00223824801 -0.0036593785 -0.000499999151
v 0.00184125151 -0.00452245027 -0.000499999151
v -0.00194539118 0.0048991451 -0.000499999151
v 0.00189514889 0.0031325703 -0.000499999151
f 1 3 2
f 2 3 4
f 3 5 4
f 4 5 6
f 5 7 6
f 6 7 8
f 7 9 8
f 8 9 10
f 9 11 10
f 10 11 12
f 11 13 12
f 12 13 14
f 13 15 14
f 14 15 16
f 15 17 16
f 16 17 18
f 17 19 18
f 18 19 20
f 19 21 20
f 20 21 22
f 21 23 22
f 22 23 24
f 23 25 24
f 24 25 26
f 25 27 26
f 26 27 28
f 27 29 28
f 28 29 30
f 29 31 30
f 30 31 32
f 31 33 32
f 32 33 34
f 33 35 34
f 34 35 36
f 35 37 36
f 36 37 38
f 37 39 38
f 38 39 40
f 39 41 40
f 40 41 42
f 41 43 42
f 42 43 44
f 43 45 44
f 44 45 46
f 45 47 46
f 46 47 48
f 49 51 50
f 50 51 52
f 51 53 52
f 52 53 54
f 53 55 54
f 54 55 56
f 55 57 56
f 56 57 58
f 57 59 58
f 58 59 60
f 59 61 60
f 60 61 62
f 61 63 62
f 62 63 64
f 63 65 64
f 64 65 66
f 65 67 66
f 66 67 68
f 67 69 68
f 68 69 70
f 69 71 70
f 70 71 72
f 71 73 72
f 72 73 74
f 73 75 74
f 74 75 76
f 75 77 76
f 76 77 78
f 77 79 78
f 78 79 80
f 79 81 80
f 80 81 82
f 81 83 82
f 82 83 84
f 83 85 84
f 84 85 86
f 85 87 86
f 86 87 88
f 87 89 88
f 88 89 90
f 89 91 90
f 90 91 92
f 91 93 92
f 92 93 94
f 93 95 94
f 94 95 96
f 95 97 96
f 96 97 98
f 97 99 98
f 98 99 100
f 101 103 102
f 102 103 104
f 103 105 104
f 104 105 106
f 105 107 106
f 106 107 108
f 107 109 108
f 108 109 110
f 109 111 110
f 110 111 112
f 111 113 112
f 112 113 114
f 113 115 114
f 114 115 116
f 115 117 116
f 116 117 118
f 117 119 118
f 118 119 120
f 119 121 120
f 120 121 122
f 121 123 122
f 122 123 124
f 123 125 124
f 124 125 126
f 125 127 126
f 126 127 128
f 127 129 128
f 128 129 130
f 129 131 130
f 130 131 132
f 131 133 132
f 132 133 134
f 133 135 134
f 134 135 136
f 135 137 136
f 136 137 138
f 137 139 138
f 138 139 140
f 139 141 140
f 140 141 142
f 141 143 142
f 142 143 144
f 143 145 144
f 144 145 146
f 145 147 146
f 146 147 148
f 147 149 148
f 148 149 150
f 149 151 150
f 150 151 152
f 153 155 154
f 154 155 156
f 155 157 156
f 156 157 158
f 157 159 158
f 158 159 160
f 159 161 160
f 160 161 162
f 161 163 162
f 162 163 164
f 163 165 164
f 164 165 166
f 165 167 166
f 166 167 168
f 167 169 168
f 168 169 170
f 169 171 170
f 170 171 172
f 171 173 172
f 172 173 174
f 173 175 174
f 174 175 176
f 175 177 176
f 176 177 178
f 177 179 178
f 178 179 180
f 179 181 180
f 180 181 182
f 183 185 184
f 184 185 186
f 185 187 186
f 186 187 188
f 187 189 188
f 188 189 190
f 189 191 190
f 190 191 192
f 191 193 192
f 192 193 194
f 193 195 194
f 194 195 196
f 195 197 196
f 196 197 198
f 197 199 198
f 198 199 200
f 199 201 200
f 200 201 202
f 201 203 202
f 202 203 204
f 203 205 204
f 204 205 206
f 205 207 206
f 206 207 208
f 207 209 208
f 208 209 210
f 209 211 210
f 210 211 212
f 211 213 212
f 212 213 214
f 213 215 214
f 214 215 216
f 215 217 216
f 216 217 218
f 217 219 218
f 218 219 220
f 221 223 222
f 222 223 224
f 223 225 224
f 224 225 226
f 225 227 226
f 226 227 228
f 227 229 228
f 228 229 230
f 229 231 230
f 230 231 232
f 231 233 232
f 232 233 234
f 233 235 234
f 234 235 236
f 235 237 236
f 236 237 238
f 237 239 238
f 238 239 240
f 239 241 240
f 240 241 242
f 241 243 242
f 242 243 244
f 243 245 244
f 244 245 246
f 245 247 246
f 246 247 248
f 247 249 248
f 248 249 250
f 249 251 250
f 250 251 252
f 251 253 252
f 252 253 254
f 253 255 254
f 254 255 256
f 255 257 256
f 256 257 258
f 259 261 260
f 260 261 262
f 261 258 262
f 262 258 257
f 260 263 259
f 259 263 264
f 263 265 264
f 264 265 266
f 265 267 266
f 266 267 268
f 267 269 268
f 268 269 270
f 269 271 270
f 270 271 272
f 271 273 272
f 272 273 274
f 273 275 274
f 274 275 276
f 275 277 276
f 276 277 278
f 277 279 278
f 278 279 280
f 279 281 280
f 280 281 282
f 281 283 282
f 282 283 284
f 283 285 284
f 284 285 286
f 285 287 286
f 286 287 288
f 287 289 288
f 288 289 290
f 289 291 290
f 290 291 292
f 291 293 292
f 292 293 294
f 293 295 294
f 294 295 296
f 295 297 296
f 296 297 298
f 299 301 300
f 300 301 302
f 301 303 302
f 302 303 304
f 303 305 304
f 304 305 306
f 305 307 306
f 306 307 308
f 307 309 308
f 308 309 310
f 309 311 310
f 310 311 312
f 311 313 312
f 312 313 314
f 313 315 314
f 314 315 316
f 315 317 316
f 316 317 318
f 317 319 318
f 318 319 320
f 319 321 320
f 320 321 322
f 321 323 322
f 322 323 324
f 323 325 324
f 324 325 326
f 325 327 326
f 326 327 328
f 327 329 328
f 328 329 330
f 329 331 330
f 330 331 332
f 331 333 332
f 332 333 334
f 333 335 334
f 334 335 336
f 337 339 338
f 337 340 339
f 339 340 341
f 340 342 341
f 341 342 343
f 342 344 343
f 343 344 345
f 344 346 345
f 345 346 347
f 346 348 347
f 347 348 349
f 348 350 349
f 349 350 351
f 350 352 351
f 351 352 353
f 352 354 353
f 353 354 355
f 354 356 355
f 355 356 357
f 356 358 357
f 357 358 359
f 358 360 359
f 359 360 361
f 360 362 361
f 361 362 363
f 362 364 363
f 363 364 365
f 364 366 365
f 365 366 367
f 366 368 367
f 367 368 369
f 368 370 369
f 369 370 371
f 370 372 371
f 371 372 373
f 372 374 373
f 373 374 375
f 374 376 375
f 375 376 377
f 376 378 377
f 377 378 379
f 378 380 379
f 379 380 381
f 380 382 381
f 381 382 383
f 382 384 383
f 383 384 385
f 384 386 385
f 385 386 387
f 386 388 387
f 387 388 389
f 388 390 389
f 389 390 391
f 390 392 391
f 391 392 393
f 392 394 393
f 393 394 395
f 394 396 395
f 395 396 397
f 396 398 397
f 397 398 399
f 398 400 399
f 399 400 401
f 400 402 401
f 401 402 403
f 402 404 403
f 403 404 405
f 404 406 405
f 405 406 407
f 406 408 407
f 407 408 409
f 408 410 409
f 409 410 411
f 410 412 411
f 411 412 413
f 412 414 413
f 413 414 415
f 414 416 415
f 415 416 417
f 416 418 417
f 417 418 419
f 418 420 419
f 99 421 100
f 100 421 422
f 421 423 422
f 422 423 424
f 423 425 424
f 424 425 426
f 425 48 426
f 426 48 47
f 420 427 419
f 419 427 428
f 427 429 428
f 428 429 430
f 429 431 430
f 430 431 432
f 431 433 432
f 432 433 434
f 433 435 434
f 434 435 436
f 435 437 436
f 436 437 438
f 437 439 438
f 437 440 439
f 439 440 441
f 440 442 441
f 441 442 443
f 442 444 443
f 443 444 445
f 444 446 445
f 445 446 447
f 446 448 447
f 447 448 449
f 448 450 449
f 449 450 451
f 450 452 451
f 451 452 453
f 452 454 453
f 453 454 455
f 454 456 455
f 455 456 457
f 456 458 457
f 457 458 459
f 458 460 459
f 459 460 461
f 460 462 461
f 461 462 463
f 462 464 463
f 463 464 465
f 464 466 465
f 465 466 467
f 466 468 467
f 467 468 469
f 468 470 469
f 469 470 471
f 470 472 471
f 471 472 473
f 472 474 473
f 316 475 314
f 156 476 154
f 477 479 478
f 480 482 481
f 483 485 484
f 484 485 486
f 485 487 486
f 488 490 489
f 489 490 491
f 491 490 492
f 490 493 492
f 494 102 485
f 485 102 104
f 126 495 124
f 480 496 482
f 482 496 497
f 496 498 497
f 497 498 499
f 498 500 499
f 481 482 501
f 501 482 502
f 482 503 502
f 487 118 495
f 110 485 108
f 108 485 106
f 485 104 106
f 499 500 152
f 152 500 150
f 500 148 150
f 118 487 116
f 116 487 114
f 487 485 114
f 114 485 112
f 485 110 112
f 495 138 140
f 138 495 136
f 136 495 134
f 495 132 134
f 132 495 130
f 130 495 128
f 495 126 128
f 124 495 122
f 122 495 120
f 495 118 120
f 148 500 146
f 146 500 144
f 500 495 144
f 144 495 142
f 495 140 142
f 504 490 482
f 482 490 503
f 490 488 503
f 504 482 505
f 505 482 506
f 482 507 506
f 507 482 508
f 508 482 509
f 482 510 509
f 511 479 512
f 512 479 513
f 479 477 513
f 98 479 96
f 52 54 514
f 514 54 56
f 492 493 515
f 515 493 516
f 493 517 516
f 516 517 514
f 517 50 514
f 514 50 52
f 96 479 94
f 94 479 92
f 479 90 92
f 80 518 78
f 78 518 76
f 70 518 68
f 68 518 66
f 518 64 66
f 90 479 88
f 88 479 519
f 479 511 519
f 88 519 86
f 86 519 84
f 519 518 84
f 84 518 82
f 518 80 82
f 64 518 62
f 62 518 60
f 518 514 60
f 60 514 58
f 514 56 58
f 76 518 74
f 74 518 72
f 518 70 72
f 47 520 426
f 426 520 424
f 520 521 424
f 424 521 422
f 521 479 422
f 422 479 100
f 479 98 100
f 33 522 35
f 35 522 37
f 522 39 37
f 13 522 15
f 27 522 29
f 29 522 31
f 522 33 31
f 39 522 41
f 41 522 43
f 522 520 43
f 43 520 45
f 520 47 45
f 15 522 17
f 17 522 19
f 522 21 19
f 21 522 23
f 23 522 25
f 522 27 25
f 5 523 7
f 7 523 9
f 523 522 9
f 9 522 11
f 522 13 11
f 524 523 1
f 1 523 3
f 523 5 3
f 164 476 162
f 162 476 160
f 160 476 158
f 476 156 158
f 180 525 178
f 180 182 525
f 178 525 176
f 176 525 174
f 525 172 174
f 172 525 170
f 170 525 168
f 525 166 168
f 526 528 527
f 526 529 528
f 527 528 530
f 530 528 531
f 528 532 531
f 533 535 534
f 529 536 528
f 528 536 537
f 536 538 537
f 532 528 539
f 539 528 540
f 528 541 540
f 541 528 542
f 542 528 543
f 528 544 543
f 545 547 546
f 546 547 548
f 548 547 549
f 549 547 550
f 547 551 550
f 550 551 552
f 544 528 553
f 553 528 554
f 528 555 554
f 528 557 556
f 552 551 558
f 558 551 559
f 551 560 559
f 555 528 561
f 561 528 562
f 528 563 562
f 557 528 564
f 564 528 565
f 528 566 565
f 560 551 567
f 567 551 568
f 551 569 568
f 569 551 570
f 570 551 571
f 551 572 571
f 572 551 573
f 573 551 574
f 551 535 574
f 574 535 575
f 535 533 575
f 563 528 576
f 576 528 577
f 528 556 577
f 577 556 578
f 556 579 578
f 578 579 580
f 579 545 580
f 580 545 581
f 545 546 581
f 187 582 189
f 189 582 191
f 582 193 191
f 199 582 201
f 583 585 584
f 582 215 213
f 586 582 183
f 183 582 185
f 582 187 185
f 193 582 195
f 195 582 197
f 582 199 197
f 585 587 584
f 201 582 203
f 203 582 205
f 582 207 205
f 207 582 209
f 209 582 211
f 582 213 211
f 584 587 588
f 588 587 589
f 587 590 589
f 589 590 591
f 590 592 591
f 591 592 593
f 592 594 593
f 595 597 596
f 596 597 598
f 597 585 598
f 598 585 599
f 585 583 599
f 600 602 601
f 603 219 604
f 604 219 582
f 219 217 582
f 582 217 215
f 605 597 606
f 597 608 607
f 605 609 597
f 608 597 610
f 610 597 611
f 597 595 611
f 601 602 612
f 612 602 613
f 602 597 613
f 613 597 614
f 597 609 614
f 606 597 615
f 615 597 616
f 597 607 616
f 534 535 617
f 617 535 618
f 535 619 618
f 618 619 620
f 619 621 620
f 620 621 622
f 621 623 622
f 622 623 624
f 623 625 624
f 624 625 626
f 625 627 626
f 626 627 628
f 627 629 628
f 628 629 630
f 629 631 630
f 630 631 632
f 631 633 632
f 632 633 634
f 633 635 634
f 634 635 636
f 635 637 636
f 636 637 638
f 637 639 638
f 638 639 640
f 639 641 640
f 640 641 642
f 641 643 642
f 642 643 644
f 643 602 644
f 644 602 645
f 602 600 645
f 646 604 647
f 648 582 649
f 650 652 651
f 651 652 653
f 652 654 653
f 654 652 655
f 655 652 656
f 652 657 656
f 657 652 658
f 658 652 659
f 652 660 659
f 660 652 661
f 661 652 662
f 652 663 662
f 662 663 664
f 663 665 664
f 604 667 666
f 647 604 668
f 668 604 669
f 604 666 669
f 665 663 670
f 670 663 671
f 663 672 671
f 663 604 673
f 673 604 674
f 604 646 674
f 667 604 675
f 675 604 676
f 604 677 676
f 678 679 582
f 582 679 680
f 678 582 681
f 681 582 682
f 582 683 682
f 683 582 684
f 684 582 685
f 582 648 685
f 672 663 686
f 686 663 687
f 663 688 687
f 688 663 689
f 689 663 690
f 663 691 690
f 691 663 692
f 692 663 693
f 663 673 693
f 677 604 694
f 694 604 695
f 604 696 695
f 696 604 697
f 697 604 698
f 604 582 698
f 698 582 699
f 582 680 699
f 700 702 701
f 701 702 703
f 649 582 704
f 704 582 705
f 582 702 705
f 705 702 706
f 702 700 706
f 703 702 707
f 707 702 708
f 702 709 708
f 709 702 710
f 710 702 711
f 702 475 711
f 711 475 712
f 712 475 713
f 475 714 713
f 714 475 715
f 715 475 716
f 475 717 716
f 717 475 718
f 718 475 719
f 475 652 719
f 719 652 720
f 652 650 720
f 721 723 722
f 724 726 725
f 725 726 721
f 726 727 721
f 721 727 723
f 728 721 729
f 728 730 721
f 729 721 731
f 731 721 732
f 721 722 732
f 733 735 734
f 734 735 736
f 735 737 736
f 737 735 738
f 738 735 739
f 735 740 739
f 741 743 742
f 742 743 744
f 743 745 744
f 745 743 746
f 746 743 747
f 743 748 747
f 748 523 749
f 749 523 750
f 523 751 750
f 752 524 753
f 753 524 754
f 524 755 754
f 756 725 757
f 757 725 758
f 725 759 758
f 751 523 760
f 760 523 761
f 523 762 761
f 763 524 764
f 724 725 765
f 765 725 766
f 725 767 766
f 767 725 768
f 768 725 769
f 725 770 769
f 771 743 772
f 755 524 773
f 773 524 774
f 524 775 774
f 764 524 776
f 776 524 777
f 524 735 777
f 777 735 778
f 735 733 778
f 770 725 779
f 779 725 780
f 725 756 780
f 772 743 781
f 781 743 782
f 743 783 782
f 783 743 784
f 784 743 785
f 743 741 785
f 762 523 786
f 786 523 787
f 523 788 787
f 788 523 789
f 789 523 790
f 523 791 790
f 791 523 792
f 792 523 793
f 523 524 793
f 793 524 794
f 524 752 794
f 775 524 795
f 795 524 796
f 524 763 796
f 523 798 797
f 748 743 523
f 523 743 798
f 743 799 798
f 743 801 800
f 800 801 802
f 801 803 802
f 804 523 805
f 805 523 806
f 806 523 807
f 523 808 807
f 809 523 810
f 810 523 811
f 523 797 811
f 799 743 812
f 812 743 813
f 743 814 813
f 815 816 743
f 743 816 817
f 815 743 818
f 818 743 819
f 743 800 819
f 820 522 821
f 821 522 822
f 522 823 822
f 808 523 824
f 824 523 825
f 523 809 825
f 814 743 826
f 826 743 827
f 743 828 827
f 828 743 829
f 829 743 830
f 743 817 830
f 803 801 831
f 831 801 832
f 801 833 832
f 801 835 834
f 836 522 837
f 837 522 838
f 522 839 838
f 823 522 840
f 840 522 841
f 522 523 841
f 841 523 842
f 523 843 842
f 833 801 844
f 844 801 845
f 801 834 845
f 835 801 846
f 846 801 847
f 801 848 847
f 839 522 849
f 849 522 850
f 522 820 850
f 843 523 851
f 851 523 852
f 523 804 852
f 853 854 473
f 473 854 855
f 855 856 473
f 473 856 471
f 856 857 471
f 858 469 859
f 859 469 860
f 469 471 860
f 860 471 861
f 471 857 861
f 862 864 863
f 863 864 865
f 864 866 865
f 858 867 469
f 469 867 467
f 867 848 467
f 853 473 868
f 868 473 869
f 473 864 869
f 869 864 870
f 864 862 870
f 359 872 871
f 872 359 873
f 873 359 874
f 359 361 874
f 874 361 875
f 361 363 875
f 875 363 876
f 363 365 876
f 876 365 877
f 365 367 877
f 877 367 878
f 367 369 878
f 878 369 879
f 369 371 879
f 879 371 880
f 371 373 880
f 880 373 881
f 373 375 881
f 881 375 882
f 375 377 882
f 882 377 883
f 377 379 883
f 883 379 884
f 379 381 884
f 884 381 885
f 381 383 885
f 885 383 886
f 383 385 886
f 886 385 887
f 385 387 887
f 887 387 888
f 387 389 888
f 871 889 359
f 359 889 357
f 889 355 357
f 890 338 528
f 528 338 566
f 338 339 566
f 566 339 341
f 355 889 353
f 353 889 351
f 889 891 351
f 351 891 349
f 891 892 349
f 349 892 347
f 892 893 347
f 347 893 345
f 893 566 345
f 345 566 343
f 566 341 343
f 890 528 894
f 894 528 895
f 528 896 895
f 897 702 898
f 898 702 899
f 702 582 899
f 899 582 594
f 582 586 594
f 594 586 593
f 430 897 428
f 413 415 900
f 900 415 901
f 415 417 901
f 417 419 901
f 901 419 902
f 419 428 902
f 902 428 903
f 428 897 903
f 413 900 411
f 411 900 409
f 900 407 409
f 405 407 904
f 904 407 905
f 407 900 905
f 888 389 906
f 906 389 907
f 389 391 907
f 907 391 908
f 909 405 910
f 910 405 911
f 405 904 911
f 909 912 405
f 405 912 403
f 912 913 403
f 403 913 401
f 913 914 401
f 401 914 399
f 914 915 399
f 399 915 397
f 915 916 397
f 397 916 395
f 916 908 395
f 395 908 393
f 908 391 393
f 917 919 918
f 920 922 921
f 921 922 923
f 924 919 925
f 925 919 926
f 919 917 926
f 927 929 928
f 928 929 930
f 929 931 930
f 929 933 932
f 923 922 934
f 934 922 935
f 922 936 935
f 935 936 937
f 936 938 937
f 937 938 939
f 938 940 939
f 939 940 941
f 940 919 941
f 941 919 942
f 919 924 942
f 931 929 943
f 943 929 944
f 929 932 944
f 933 929 945
f 945 929 946
f 929 922 946
f 946 922 947
f 922 920 947
f 948 950 949
f 949 950 951
f 950 918 951
f 951 918 952
f 918 919 952
f 953 950 954
f 954 950 955
f 950 948 955
f 950 953 956
f 956 953 957
f 953 958 957
f 957 958 959
f 958 960 959
f 959 960 961
f 960 962 961
f 961 962 963
f 962 964 963
f 963 964 965
f 964 966 965
f 965 966 967
f 966 968 967
f 967 968 969
f 968 970 969
f 969 970 971
f 970 972 971
f 971 972 973
f 972 974 973
f 973 974 975
f 974 976 975
f 975 976 977
f 976 978 977
f 977 978 979
f 978 980 979
f 979 980 981
f 980 982 981
f 981 982 983
f 982 984 983
f 983 984 985
f 984 986 985
f 985 986 987
f 986 988 987
f 987 988 989
f 988 990 989
f 989 990 991
f 990 992 991
f 991 992 993
f 992 994 993
f 993 994 995
f 994 996 995
f 995 996 997
f 996 998 997
f 999 1001 1000
f 1000 1001 1002
f 1001 478 1002
f 1003 997 1004
f 1004 997 1005
f 997 998 1005
f 999 1000 1006
f 1006 1000 1007
f 1000 1008 1007
f 1007 1008 1009
f 1008 1010 1009
f 1009 1010 1011
f 1010 1012 1011
f 1011 1012 1013
f 1012 1014 1013
f 1013 1014 1004
f 1014 1015 1004
f 1004 1015 1003
f 922 929 1016
f 1016 929 1017
f 929 485 1017
f 1017 485 1018
f 485 483 1018
f 897 430 702
f 702 430 475
f 430 432 475
f 475 432 314
f 432 312 314
f 306 308 434
f 434 308 432
f 308 310 432
f 432 310 312
f 306 434 304
f 304 434 302
f 434 436 302
f 445 1020 1019
f 445 447 1020
f 1020 447 1021
f 447 449 1021
f 1022 443 1023
f 1023 443 1024
f 443 445 1024
f 1024 445 1025
f 445 1019 1025
f 302 436 300
f 300 436 1026
f 436 438 1026
f 1026 438 1027
f 438 439 1027
f 1022 1027 443
f 443 1027 441
f 1027 439 441
f 1028 1029 453
f 453 1029 451
f 1029 449 451
f 463 801 461
f 461 801 459
f 801 743 459
f 459 743 457
f 743 1028 457
f 457 1028 455
f 1028 453 455
f 848 801 467
f 467 801 465
f 801 463 465
f 478 479 1002
f 1002 479 1030
f 479 521 1030
f 1030 521 1031
f 521 520 1031
f 1031 520 864
f 520 522 864
f 864 522 866
f 522 836 866
f 1032 927 1033
f 1033 927 1034
f 927 1035 1034
f 1035 927 1036
f 1036 927 1037
f 927 928 1037
f 896 528 1038
f 1038 528 1039
f 528 1040 1039
f 290 743 288
f 296 743 294
f 294 743 292
f 743 290 292
f 288 743 286
f 286 743 284
f 743 282 284
f 1041 1028 1042
f 1042 1028 1043
f 1028 743 1043
f 1043 743 298
f 743 296 298
f 264 743 259
f 259 743 725
f 743 771 725
f 725 771 759
f 282 743 280
f 280 743 278
f 743 276 278
f 270 743 268
f 268 743 266
f 743 264 266
f 276 743 274
f 274 743 272
f 743 270 272
f 1044 1029 1045
f 1045 1029 1046
f 1029 1028 1046
f 1046 1028 1047
f 1028 1041 1047
f 449 1029 1021
f 1021 1029 1048
f 1029 1049 1048
f 1049 1029 1050
f 1050 1029 1051
f 1029 1044 1051
f 326 475 324
f 324 475 322
f 322 475 320
f 320 475 318
f 475 316 318
f 334 652 332
f 332 652 330
f 652 475 330
f 330 475 328
f 475 326 328
f 254 721 252
f 252 721 250
f 721 663 250
f 250 663 248
f 663 246 248
f 663 232 234
f 246 663 244
f 244 663 242
f 663 240 242
f 240 663 238
f 238 663 236
f 663 234 236
f 232 663 230
f 230 663 228
f 663 226 228
f 226 663 224
f 224 663 222
f 663 652 222
f 222 652 336
f 652 334 336
f 259 725 261
f 261 725 258
f 725 721 258
f 258 721 256
f 721 254 256
f 494 485 182
f 182 485 525
f 485 929 525
f 525 929 1052
f 929 927 1052
f 1052 927 1040
f 927 1032 1040
f 1040 1032 1039
f 166 525 164
f 164 525 476
f 525 1052 476
f 476 1052 1053
f 1052 1040 1053
f 1053 1040 1054
f 1055 537 1056
f 1056 537 1057
f 537 1058 1057
f 1059 528 1060
f 1060 528 1061
f 528 537 1061
f 1061 537 1062
f 537 1055 1062
f 1063 1064 1040
f 1040 1064 1065
f 1066 537 1067
f 1068 1054 1069
f 1069 1054 1070
f 1054 1071 1070
f 1071 1054 1072
f 1072 1054 1073
f 1054 1040 1073
f 1073 1040 1074
f 1040 1065 1074
f 1075 528 1076
f 1063 1040 1077
f 1077 1040 1078
f 1040 1079 1078
f 1080 528 1081
f 1076 528 1082
f 1082 528 1083
f 528 1059 1083
f 1084 1040 1085
f 1085 1040 1086
f 1087 528 1088
f 1081 528 1089
f 1089 528 1090
f 528 1075 1090
f 1058 537 1091
f 1091 537 1092
f 537 1093 1092
f 1067 537 1094
f 1094 537 1095
f 537 1096 1095
f 1097 1054 1098
f 1098 1054 1099
f 1054 1100 1099
f 1079 1040 1101
f 1101 1040 1102
f 1040 1103 1102
f 1103 1040 1104
f 1104 1040 1105
f 1040 1106 1105
f 1106 1040 1107
f 1107 1040 1108
f 1040 1084 1108
f 1093 537 1109
f 1109 537 1110
f 537 1066 1110
f 1096 537 1111
f 1111 537 1112
f 537 1054 1112
f 1112 1054 1113
f 1054 1097 1113
f 1100 1054 1114
f 1114 1054 1115
f 1054 1116 1115
f 1116 1054 1117
f 1117 1054 1118
f 1054 1068 1118
f 1119 528 1120
f 1120 528 1121
f 528 1080 1121
f 1086 1040 1122
f 1122 1040 1123
f 1040 528 1123
f 1123 528 1124
f 528 1087 1124
f 1088 528 1125
f 1125 528 1126
f 528 1119 1126
f 154 476 1
f 1 476 524
f 476 1053 524
f 524 1053 735
f 1053 1054 735
f 735 1054 1127
f 1054 537 1127
f 1127 537 1128
f 537 538 1128
f 1128 538 1129
f 740 735 730
f 730 735 721
f 735 1127 721
f 721 1127 663
f 1127 1128 663
f 663 1128 604
f 1128 1129 604
f 604 1129 603
f 1130 1033 1131
f 1131 1033 1034
f 474 1132 473
f 473 1132 864
f 1132 1133 864
f 864 1133 1031
f 1133 1134 1031
f 1031 1134 1030
f 1134 1135 1030
f 1030 1135 1002
f 1135 1136 1002
f 1002 1136 1000
f 300 1026 299
f 299 1026 1137
f 1026 1027 1137
f 1137 1027 1138
f 1136 1008 1000
f 1136 1139 1008
f 1008 1139 1010
f 1139 1140 1010
f 1010 1140 1012
f 1140 1141 1012
f 1012 1141 1014
f 1141 1142 1014
f 1014 1142 1015
f 1142 1143 1015
f 1015 1143 1003
f 1143 1144 1003
f 1003 1144 997
f 1144 1145 997
f 997 1145 995
f 1145 1146 995
f 995 1146 993
f 1146 1147 993
f 993 1147 991
f 1147 1148 991
f 991 1148 989
f 1148 1149 989
f 989 1149 987
f 1149 1150 987
f 987 1150 985
f 1150 1151 985
f 985 1151 983
f 1151 1152 983
f 983 1152 981
f 1152 1153 981
f 981 1153 979
f 1153 1154 979
f 979 1154 977
f 1154 1155 977
f 977 1155 975
f 1155 1156 975
f 975 1156 973
f 1156 1157 973
f 973 1157 971
f 1157 1158 971
f 971 1158 969
f 1158 1159 969
f 969 1159 967
f 1159 1160 967
f 967 1160 965
f 1160 1161 965
f 965 1161 963
f 1161 1162 963
f 963 1162 961
f 1162 1163 961
f 961 1163 959
f 1163 1164 959
f 959 1164 957
f 1164 1165 957
f 957 1165 956
f 1165 1166 956
f 956 1166 950
f 1166 1167 950
f 950 1167 918
f 1167 1168 918
f 918 1168 917
f 1168 1169 917
f 917 1169 926
f 1169 1170 926
f 926 1170 925
f 1170 1171 925
f 925 1171 924
f 1171 1172 924
f 924 1172 942
f 1172 1173 942
f 942 1173 941
f 1173 1174 941
f 941 1174 939
f 1174 1175 939
f 939 1175 937
f 1175 1176 937
f 937 1176 935
f 1176 1177 935
f 935 1177 934
f 1177 1178 934
f 934 1178 923
f 1178 1179 923
f 1180 644 645
f 1180 1181 644
f 644 1181 642
f 1181 1182 642
f 642 1182 640
f 1182 1183 640
f 640 1183 638
f 1183 1184 638
f 638 1184 636
f 1184 1185 636
f 636 1185 634
f 1185 1186 634
f 634 1186 632
f 1186 1187 632
f 632 1187 630
f 1187 1188 630
f 630 1188 628
f 1188 1189 628
f 628 1189 626
f 1189 1190 626
f 626 1190 624
f 1190 1191 624
f 624 1191 622
f 1191 1192 622
f 622 1192 620
f 1192 1193 620
f 620 1193 618
f 1193 1194 618
f 221 222 335
f 335 222 336
f 249 1195 251
f 1196 1151 1197
f 38 1198 36
f 38 40 1198
f 6 1199 4
f 48 1200 46
f 46 1200 44
f 1200 1198 44
f 44 1198 42
f 1198 40 42
f 36 1198 34
f 34 1198 32
f 1198 30 32
f 30 1198 28
f 28 1198 26
f 1198 24 26
f 24 1198 22
f 22 1198 20
f 1198 18 20
f 18 1198 16
f 16 1198 14
f 1198 12 14
f 12 1199 10
f 10 1199 8
f 1199 6 8
f 1201 1203 1202
f 1202 1203 1204
f 1204 1203 1205
f 1203 1206 1205
f 77 1207 79
f 91 1203 93
f 93 1203 95
f 1203 97 95
f 49 1208 51
f 51 1208 53
f 79 1207 81
f 81 1207 83
f 1207 1206 83
f 83 1206 85
f 85 1206 87
f 1206 1203 87
f 87 1203 89
f 1203 91 89
f 97 1203 99
f 99 1203 421
f 1203 1209 421
f 421 1209 423
f 1209 1200 423
f 423 1200 425
f 1200 48 425
f 65 63 1207
f 1207 63 61
f 53 1208 55
f 55 1208 57
f 1208 1207 57
f 57 1207 59
f 1207 61 59
f 65 1207 67
f 67 1207 69
f 1207 71 69
f 71 1207 73
f 73 1207 75
f 1207 77 75
f 1210 1212 1211
f 1211 1212 1213
f 1212 1214 1213
f 49 1215 1208
f 1208 1215 1216
f 1215 1217 1216
f 1216 1217 1218
f 1217 1219 1218
f 1218 1219 1220
f 1219 1221 1220
f 1222 1224 1223
f 117 1210 1225
f 101 1212 103
f 1221 1219 1226
f 1226 1219 1227
f 1219 1224 1227
f 1227 1224 1228
f 1224 1222 1228
f 1229 147 145
f 1225 125 123
f 1223 1224 1230
f 1230 1224 1231
f 1224 1232 1231
f 1231 1232 1233
f 1232 1234 1233
f 1233 1234 1235
f 1234 151 1235
f 1235 151 1229
f 151 149 1229
f 1229 149 147
f 117 1225 119
f 119 1225 121
f 1225 123 121
f 125 1225 127
f 127 1225 129
f 1225 131 129
f 131 1225 133
f 133 1225 135
f 1225 137 135
f 103 1212 105
f 105 1212 107
f 1212 109 107
f 137 1225 139
f 139 1225 141
f 1225 1229 141
f 141 1229 143
f 1229 145 143
f 109 1212 111
f 111 1212 113
f 1212 1210 113
f 113 1210 115
f 1210 117 115
f 1224 1237 1236
f 1238 1224 1239
f 1239 1224 1240
f 1224 1236 1240
f 1237 1224 1241
f 1241 1224 1242
f 1224 1219 1242
f 161 1243 163
f 163 1243 165
f 1243 167 165
f 167 1243 169
f 169 1243 171
f 1243 173 171
f 173 1243 175
f 175 1243 177
f 1243 179 177
f 179 1212 181
f 181 1212 1244
f 1212 101 1244
f 161 159 1245
f 1245 159 157
f 2 1245 153
f 153 1245 155
f 1245 157 155
f 1246 1248 1247
f 1249 1251 1250
f 1252 1254 1253
f 1253 1254 1255
f 1254 1256 1255
f 1257 1258 1254
f 1254 1258 1259
f 1248 1260 1247
f 1247 1260 1261
f 1260 1262 1261
f 1262 1260 1263
f 1263 1260 1264
f 1260 1265 1264
f 1265 1260 1266
f 1266 1260 1267
f 1260 1268 1267
f 1268 1260 1269
f 1269 1260 1270
f 1260 1271 1270
f 1256 1254 1272
f 1272 1254 1273
f 1254 1259 1273
f 1250 1251 1274
f 1274 1251 1275
f 1251 1276 1275
f 1277 1248 1278
f 1248 1280 1279
f 1281 1251 1282
f 1282 1251 1283
f 1251 1249 1283
f 1276 1251 1284
f 1284 1251 1285
f 1251 1248 1285
f 1285 1248 1286
f 1248 1287 1286
f 1280 1248 1288
f 1288 1248 1289
f 1248 1246 1289
f 1278 1248 1290
f 1290 1248 1291
f 1248 1279 1291
f 1292 1251 1293
f 1293 1251 1294
f 1251 1295 1294
f 1295 1251 1296
f 1296 1251 1297
f 1251 1281 1297
f 1287 1248 1298
f 1298 1248 1299
f 1248 1277 1299
f 1257 1254 1300
f 1300 1254 1301
f 1254 1292 1301
f 1302 1304 1303
f 1305 1304 1306
f 1306 1304 1307
f 1307 1304 1308
f 1308 1304 1309
f 1304 1302 1309
f 1303 1304 1310
f 1310 1304 1311
f 1304 1254 1311
f 1311 1254 1312
f 1254 1252 1312
f 1313 1315 1314
f 1314 1315 1316
f 1315 1317 1316
f 1317 1315 1318
f 1318 1315 1319
f 1315 1320 1319
f 1271 1260 1321
f 1321 1260 1322
f 1260 1315 1322
f 1322 1315 1323
f 1315 1313 1323
f 1195 1325 1324
f 1325 1195 1326
f 1326 1195 1327
f 1195 1328 1327
f 1328 1195 1329
f 1329 1195 1330
f 1195 1331 1330
f 1332 1334 1333
f 1333 1334 1335
f 1336 1333 1337
f 1331 1195 1338
f 1338 1195 1339
f 1195 1335 1339
f 1332 1333 1340
f 1340 1333 1341
f 1333 1336 1341
f 1342 1344 1343
f 1345 1199 1346
f 1347 1349 1348
f 1348 1349 1350
f 1350 1349 1351
f 1351 1349 1352
f 1349 1353 1352
f 1354 1199 1355
f 1355 1199 1356
f 1356 1199 1357
f 1199 1345 1357
f 1358 1359 1324
f 1324 1359 1360
f 1337 1333 1361
f 1361 1333 1362
f 1333 1344 1362
f 1362 1344 1363
f 1344 1364 1363
f 1364 1344 1365
f 1365 1344 1366
f 1344 1367 1366
f 1368 1344 1369
f 1369 1344 1370
f 1344 1342 1370
f 1371 1199 1372
f 1358 1324 1373
f 1373 1324 1374
f 1324 1375 1374
f 1375 1324 1376
f 1376 1324 1377
f 1324 1378 1377
f 1367 1344 1379
f 1379 1344 1380
f 1344 1368 1380
f 1343 1344 1381
f 1381 1344 1382
f 1344 1199 1382
f 1382 1199 1383
f 1199 1371 1383
f 1372 1199 1384
f 1384 1199 1385
f 1199 1386 1385
f 1386 1199 1387
f 1387 1199 1388
f 1199 1354 1388
f 1353 1349 1389
f 1389 1349 1390
f 1349 1391 1390
f 1391 1349 1392
f 1392 1349 1393
f 1349 1394 1393
f 1394 1324 1395
f 1395 1324 1396
f 1396 1324 1397
f 1324 1360 1397
f 1378 1324 1398
f 1398 1324 1399
f 1324 1325 1399
f 1400 1349 1199
f 1199 1349 1346
f 1349 1347 1346
f 1401 1199 1402
f 1403 1405 1404
f 1403 1407 1406
f 1400 1199 1408
f 1408 1199 1409
f 1199 1410 1409
f 1407 1403 1411
f 1411 1403 1412
f 1403 1349 1412
f 1412 1349 1413
f 1413 1349 1414
f 1349 1415 1414
f 1415 1349 1416
f 1416 1349 1417
f 1349 1418 1417
f 1419 1349 1420
f 1420 1349 1421
f 1349 1400 1421
f 1410 1199 1422
f 1422 1199 1423
f 1199 1424 1423
f 1425 1426 1198
f 1198 1426 1427
f 1428 1403 1429
f 1429 1403 1430
f 1403 1404 1430
f 1405 1403 1431
f 1431 1403 1432
f 1403 1406 1432
f 1418 1349 1433
f 1433 1349 1434
f 1349 1435 1434
f 1435 1349 1436
f 1436 1349 1437
f 1349 1419 1437
f 1424 1199 1438
f 1438 1199 1439
f 1199 1401 1439
f 1402 1199 1440
f 1440 1199 1441
f 1199 1442 1441
f 1443 1198 1444
f 1444 1198 1445
f 1198 1446 1445
f 12 1198 1199
f 1199 1198 1447
f 1198 1443 1447
f 1446 1198 1448
f 1448 1198 1449
f 1198 1450 1449
f 1442 1199 1451
f 1451 1199 1452
f 1199 1447 1452
f 1450 1198 1453
f 1453 1198 1454
f 1198 1427 1454
f 1455 474 1456
f 1425 1132 1457
f 1457 1132 1458
f 1132 1459 1458
f 1456 474 1460
f 1460 474 1461
f 474 472 1461
f 1461 472 1462
f 1462 472 1463
f 1463 472 1464
f 472 470 1464
f 1464 470 1465
f 1459 1132 1466
f 1466 1132 1467
f 1132 474 1467
f 1467 474 1468
f 474 1455 1468
f 1465 470 1469
f 1469 470 1470
f 470 468 1470
f 1470 468 1471
f 468 1403 1471
f 1471 1403 1472
f 1403 1428 1472
f 1473 1474 406
f 406 1474 408
f 1474 1475 408
f 1476 1477 420
f 420 1477 427
f 1477 1478 427
f 1475 1479 408
f 408 1479 410
f 1479 412 410
f 412 1479 414
f 414 1479 416
f 1479 1476 416
f 416 1476 418
f 1476 420 418
f 427 1304 429
f 1478 1480 427
f 427 1480 1304
f 1480 1481 1304
f 1481 1482 1304
f 1304 1482 1254
f 1482 1483 1254
f 192 1254 190
f 190 1254 188
f 1254 186 188
f 1254 198 200
f 1484 1485 1183
f 1183 1485 1184
f 1485 1486 1184
f 220 1254 218
f 218 1254 216
f 216 1254 214
f 1254 212 214
f 198 1254 196
f 196 1254 194
f 1254 192 194
f 212 1254 210
f 210 1254 208
f 1254 206 208
f 206 1254 204
f 204 1254 202
f 1254 200 202
f 1487 1489 1488
f 1292 1254 1251
f 1251 1254 1490
f 1254 220 1490
f 1491 1493 1492
f 1492 1493 1494
f 1494 1493 1495
f 1495 1493 1496
f 1493 1497 1496
f 1496 1497 1498
f 186 1254 184
f 184 1254 1499
f 1254 1483 1499
f 1499 1483 1500
f 1483 1501 1500
f 1500 1501 1502
f 1501 1503 1502
f 1502 1503 1504
f 1503 1491 1504
f 1504 1491 1505
f 1491 1492 1505
f 1488 1489 1506
f 1506 1489 1180
f 1489 1507 1180
f 1180 1507 1181
f 1507 1484 1181
f 1181 1484 1182
f 1484 1183 1182
f 1498 1497 1508
f 1508 1497 1509
f 1497 1510 1509
f 1510 1497 1511
f 1511 1497 1512
f 1497 1513 1512
f 1513 1497 1514
f 1514 1497 1515
f 1497 1516 1515
f 1516 1497 1517
f 1517 1497 1518
f 1497 1489 1518
f 1518 1489 1519
f 1489 1487 1519
f 1520 1522 1521
f 1523 1522 1524
f 1525 1522 1526
f 1527 1529 1528
f 1524 1522 1530
f 1530 1522 1531
f 1522 1532 1531
f 1526 1522 1533
f 1533 1522 1534
f 1522 1520 1534
f 1521 1522 1535
f 1535 1522 1536
f 1522 1537 1536
f 1536 1537 1538
f 1537 1539 1538
f 1522 1541 1540
f 1532 1522 1542
f 1542 1522 1543
f 1522 1525 1543
f 1544 1522 1545
f 1545 1522 1546
f 1522 1540 1546
f 1547 1522 1548
f 1548 1522 1549
f 1522 1523 1549
f 1550 1552 1551
f 1551 1552 1553
f 1552 1554 1553
f 1486 1555 1184
f 1184 1555 1185
f 1555 1556 1185
f 1185 1556 1186
f 1556 1557 1186
f 1186 1557 1187
f 1557 1558 1187
f 1187 1558 1188
f 1558 1559 1188
f 1188 1559 1189
f 1559 1560 1189
f 1189 1560 1190
f 1560 1561 1190
f 1190 1561 1191
f 1561 1562 1191
f 1191 1562 1192
f 1562 1563 1192
f 1192 1563 1193
f 1563 1529 1193
f 1193 1529 1194
f 1529 1527 1194
f 1550 1564 1552
f 1552 1564 1565
f 1564 1566 1565
f 1567 1565 1568
f 1569 1565 1570
f 1570 1565 1571
f 1565 1566 1571
f 1528 1529 1572
f 1572 1529 1573
f 1529 1565 1573
f 1573 1565 1574
f 1565 1567 1574
f 1568 1565 1575
f 1575 1565 1576
f 1565 1577 1576
f 1577 1565 1578
f 1578 1565 1579
f 1565 1569 1579
f 1553 1554 1580
f 1580 1554 1581
f 1554 1582 1581
f 1581 1582 1583
f 1582 1541 1583
f 1583 1541 1584
f 1541 1522 1584
f 1584 1522 1585
f 1522 1547 1585
f 1586 1522 1587
f 1587 1522 337
f 1522 1544 337
f 337 1544 340
f 1588 1522 1589
f 1589 1522 1590
f 1522 1586 1590
f 340 1544 342
f 342 1544 344
f 1544 1591 344
f 344 1591 346
f 1591 1592 346
f 346 1592 348
f 1592 1593 348
f 360 358 1594
f 1594 358 356
f 348 1593 350
f 350 1593 352
f 1593 1594 352
f 352 1594 354
f 1594 356 354
f 1595 360 1596
f 1596 360 1597
f 360 1594 1597
f 1473 406 1598
f 1598 406 1599
f 406 404 1599
f 1599 404 1600
f 404 402 1600
f 1600 402 1601
f 402 400 1601
f 1601 400 1602
f 400 398 1602
f 1602 398 1603
f 398 396 1603
f 1603 396 1604
f 396 394 1604
f 1604 394 1605
f 394 392 1605
f 1605 392 1606
f 392 390 1606
f 1606 390 1607
f 390 388 1607
f 1607 388 1608
f 388 386 1608
f 1608 386 1609
f 386 384 1609
f 1609 384 1610
f 384 382 1610
f 1610 382 1611
f 382 380 1611
f 1611 380 1612
f 380 378 1612
f 1612 378 1613
f 378 376 1613
f 1613 376 1614
f 376 374 1614
f 1614 374 1615
f 374 372 1615
f 1615 372 1616
f 372 370 1616
f 1616 370 1617
f 370 368 1617
f 1617 368 1618
f 368 366 1618
f 1618 366 1619
f 366 364 1619
f 1619 364 1620
f 364 362 1620
f 1620 362 1621
f 362 360 1621
f 1621 360 1622
f 360 1595 1622
f 1178 1623 1179
f 1179 1623 1624
f 1623 1625 1624
f 1626 1628 1627
f 1627 1628 1629
f 1630 1631 1628
f 1168 1632 1169
f 1169 1632 1170
f 1632 1171 1170
f 1625 1623 1633
f 1633 1623 1634
f 1623 1628 1634
f 1634 1628 1635
f 1628 1626 1635
f 1629 1628 1636
f 1636 1628 1637
f 1628 1631 1637
f 1171 1632 1172
f 1172 1632 1173
f 1632 1638 1173
f 1173 1638 1174
f 1638 1639 1174
f 1174 1639 1175
f 1639 1640 1175
f 1175 1640 1176
f 1640 1623 1176
f 1176 1623 1177
f 1623 1178 1177
f 1214 1212 1641
f 1641 1212 1642
f 1212 1628 1642
f 1642 1628 1643
f 1628 1623 1643
f 1644 1136 1645
f 1645 1136 1646
f 1136 1135 1646
f 1646 1135 1647
f 1135 1648 1647
f 1644 1649 1136
f 1136 1649 1139
f 1649 1650 1139
f 1139 1650 1140
f 1650 1651 1140
f 1140 1651 1141
f 1651 1652 1141
f 1141 1652 1142
f 1652 1143 1142
f 1143 1652 1144
f 1144 1652 1145
f 1652 1653 1145
f 1145 1653 1654
f 1151 1150 1197
f 1197 1150 1655
f 1150 1149 1655
f 1149 1148 1655
f 1655 1148 1656
f 1148 1147 1656
f 1656 1147 1657
f 1147 1146 1657
f 1657 1146 1658
f 1146 1145 1658
f 1658 1145 1659
f 1145 1654 1659
f 1660 1167 1661
f 1661 1167 1662
f 1167 1166 1662
f 1662 1166 1663
f 1166 1165 1663
f 1663 1165 1664
f 1196 1665 1151
f 1151 1665 1152
f 1665 1666 1152
f 1152 1666 1153
f 1666 1667 1153
f 1153 1667 1154
f 1667 1668 1154
f 1154 1668 1155
f 1668 1669 1155
f 1155 1669 1156
f 1669 1670 1156
f 1156 1670 1157
f 1670 1671 1157
f 1157 1671 1158
f 1671 1672 1158
f 1158 1672 1159
f 1672 1673 1159
f 1159 1673 1160
f 1673 1674 1160
f 1160 1674 1161
f 1674 1675 1161
f 1161 1675 1162
f 1675 1676 1162
f 1162 1676 1163
f 1676 1664 1163
f 1163 1664 1164
f 1664 1165 1164
f 1632 1168 1677
f 1677 1168 1678
f 1168 1167 1678
f 1678 1167 1679
f 1167 1660 1679
f 1680 1522 1681
f 1681 1522 1682
f 1522 1588 1682
f 1631 1630 1683
f 1683 1630 1684
f 1630 1685 1684
f 1685 1630 1686
f 1686 1630 1131
f 1630 1130 1131
f 1425 1198 1132
f 1132 1198 1133
f 1198 1200 1133
f 1133 1200 1134
f 1200 1209 1134
f 1134 1209 1135
f 1209 1203 1135
f 1135 1203 1648
f 1203 1201 1648
f 462 1403 464
f 464 1403 466
f 1403 468 466
f 1687 456 454
f 448 1687 450
f 450 1687 452
f 1687 454 452
f 1688 446 1689
f 1689 446 1690
f 1690 446 1691
f 446 444 1691
f 1691 444 1692
f 444 1693 1692
f 435 1138 437
f 437 1138 440
f 1693 444 1694
f 1694 444 1138
f 444 442 1138
f 1138 442 440
f 301 299 433
f 433 299 435
f 299 1137 435
f 435 1137 1138
f 301 433 303
f 303 433 305
f 433 431 305
f 305 431 307
f 1320 1315 1305
f 1305 1315 1304
f 1315 431 1304
f 1304 431 429
f 263 1349 265
f 1695 1697 1696
f 1696 1697 1698
f 263 260 1349
f 289 1349 291
f 291 1349 293
f 283 1349 285
f 285 1349 287
f 1349 289 287
f 1394 1349 1324
f 1324 1349 262
f 1349 260 262
f 293 1349 295
f 295 1349 297
f 1349 1696 297
f 297 1696 1699
f 1696 1698 1699
f 265 1349 267
f 267 1349 269
f 1349 271 269
f 277 1349 279
f 279 1349 281
f 1349 283 281
f 271 1349 273
f 273 1349 275
f 1349 277 275
f 251 1195 253
f 253 1195 255
f 1195 1324 255
f 255 1324 257
f 1324 262 257
f 249 247 1195
f 1195 247 1248
f 247 245 1248
f 233 1248 235
f 235 1248 237
f 1248 239 237
f 239 1248 241
f 241 1248 243
f 1248 245 243
f 223 1248 225
f 225 1248 227
f 227 1248 229
f 229 1248 231
f 1248 233 231
f 331 1260 333
f 333 1260 335
f 1260 1248 335
f 335 1248 221
f 1248 223 221
f 315 1315 317
f 307 431 309
f 309 431 311
f 431 1315 311
f 311 1315 313
f 1315 315 313
f 323 1315 325
f 325 1315 327
f 1315 1260 327
f 327 1260 329
f 1260 331 329
f 317 1315 319
f 319 1315 321
f 1315 323 321
f 1695 1696 1687
f 1687 1696 456
f 1696 1349 456
f 456 1349 458
f 1349 1403 458
f 458 1403 460
f 1403 462 460
f 1695 1687 1700
f 1700 1687 1701
f 1687 1702 1701
f 1702 1687 1703
f 1703 1687 1704
f 1687 1705 1704
f 446 1688 448
f 448 1688 1687
f 1688 1706 1687
f 1687 1706 1705
f 1707 1537 1708
f 1709 1680 1710
f 1710 1680 1711
f 1708 1537 1712
f 1712 1537 1713
f 1537 1714 1713
f 1522 1716 1715
f 1714 1537 1717
f 1717 1537 1718
f 1537 1522 1718
f 1718 1522 1719
f 1522 1715 1719
f 1720 1722 1721
f 1721 1722 1723
f 1722 1724 1723
f 1725 1680 1726
f 1716 1522 1727
f 1727 1522 1728
f 1522 1729 1728
f 1730 1680 1731
f 1731 1680 1732
f 1726 1680 1733
f 1733 1680 1734
f 1680 1709 1734
f 1729 1522 1735
f 1735 1522 1736
f 1522 1737 1736
f 1737 1522 1738
f 1738 1522 1739
f 1522 1740 1739
f 1724 1722 1741
f 1741 1722 1742
f 1722 1743 1742
f 1722 1745 1744
f 1746 1537 1747
f 1747 1537 1748
f 1537 1749 1748
f 1749 1537 1750
f 1750 1537 1751
f 1537 1752 1751
f 1740 1522 1753
f 1753 1522 1754
f 1522 1755 1754
f 1732 1680 1756
f 1756 1680 1757
f 1680 1758 1757
f 1758 1680 1759
f 1759 1680 1760
f 1680 1761 1760
f 1761 1680 1762
f 1762 1680 1763
f 1680 1725 1763
f 1743 1722 1764
f 1764 1722 1765
f 1722 1766 1765
f 1766 1722 1767
f 1767 1722 1768
f 1722 1744 1768
f 1745 1722 1769
f 1769 1722 1770
f 1722 1537 1770
f 1770 1537 1771
f 1537 1746 1771
f 1752 1537 1772
f 1772 1537 1773
f 1537 1707 1773
f 1755 1522 1774
f 1774 1522 1775
f 1522 1776 1775
f 1776 1522 1777
f 1777 1522 1778
f 1522 1680 1778
f 1778 1680 1779
f 1680 1730 1779
f 1335 1195 1333
f 1333 1195 1780
f 1195 1248 1780
f 1780 1248 1781
f 1248 1251 1781
f 1781 1251 1782
f 1251 1490 1782
f 179 1243 1212
f 1212 1243 1628
f 1243 1783 1628
f 1628 1783 1630
f 1783 1680 1630
f 1630 1680 1130
f 1680 1681 1130
f 161 1245 1243
f 1243 1245 1783
f 1245 1784 1783
f 1783 1784 1680
f 1784 1722 1680
f 1680 1722 1711
f 1722 1720 1711
f 4 1199 2
f 2 1199 1245
f 1199 1344 1245
f 1245 1344 1784
f 1344 1333 1784
f 1784 1333 1722
f 1333 1780 1722
f 1722 1780 1537
f 1780 1781 1537
f 1537 1781 1539
f 1781 1782 1539
f 1408 1409 798
f 798 1409 797
f 1409 1410 797
f 797 1410 811
f 1410 1422 811
f 811 1422 810
f 1422 1423 810
f 810 1423 809
f 1423 1424 809
f 809 1424 825
f 1424 1438 825
f 825 1438 824
f 1438 1439 824
f 824 1439 808
f 1439 1401 808
f 808 1401 807
f 1401 1402 807
f 807 1402 806
f 1402 1440 806
f 806 1440 805
f 1440 1441 805
f 805 1441 804
f 1441 1442 804
f 804 1442 852
f 1442 1451 852
f 852 1451 851
f 1451 1452 851
f 851 1452 843
f 1452 1447 843
f 843 1447 842
f 1447 1443 842
f 842 1443 841
f 1443 1444 841
f 841 1444 840
f 1444 1445 840
f 840 1445 823
f 1445 1446 823
f 823 1446 822
f 1446 1448 822
f 822 1448 821
f 1448 1449 821
f 821 1449 820
f 1449 1450 820
f 820 1450 850
f 1450 1453 850
f 850 1453 849
f 1453 1454 849
f 849 1454 839
f 1454 1427 839
f 839 1427 838
f 1427 1426 838
f 838 1426 837
f 1426 1425 837
f 837 1425 836
f 1425 1457 836
f 836 1457 866
f 1457 1458 866
f 866 1458 865
f 1458 1459 865
f 865 1459 863
f 1459 1466 863
f 863 1466 862
f 1466 1467 862
f 862 1467 870
f 1467 1468 870
f 870 1468 869
f 1468 1455 869
f 869 1455 868
f 1455 1456 868
f 868 1456 853
f 1456 1460 853
f 853 1460 854
f 1460 1461 854
f 854 1461 855
f 1461 1462 855
f 855 1462 856
f 1462 1463 856
f 856 1463 857
f 1463 1464 857
f 857 1464 861
f 1464 1465 861
f 861 1465 860
f 1465 1469 860
f 860 1469 859
f 1469 1470 859
f 859 1470 858
f 1470 1471 858
f 858 1471 867
f 1471 1472 867
f 867 1472 848
f 1472 1428 848
f 848 1428 847
f 1428 1429 847
f 847 1429 846
f 1429 1430 846
f 846 1430 835
f 1430 1404 835
f 835 1404 834
f 1404 1405 834
f 834 1405 845
f 1405 1431 845
f 845 1431 844
f 1431 1432 844
f 844 1432 833
f 1432 1406 833
f 833 1406 832
f 1406 1407 832
f 832 1407 831
f 1407 1411 831
f 831 1411 803
f 1411 1412 803
f 803 1412 802
f 1412 1413 802
f 802 1413 800
f 1413 1414 800
f 800 1414 819
f 1414 1415 819
f 819 1415 818
f 1415 1416 818
f 818 1416 815
f 1416 1417 815
f 815 1417 816
f 1417 1418 816
f 816 1418 817
f 1418 1433 817
f 817 1433 830
f 1433 1434 830
f 830 1434 829
f 1434 1435 829
f 829 1435 828
f 1435 1436 828
f 828 1436 827
f 1436 1437 827
f 827 1437 826
f 1437 1419 826
f 826 1419 814
f 1419 1420 814
f 814 1420 813
f 1420 1421 813
f 813 1421 812
f 1421 1400 812
f 812 1400 799
f 1400 1408 799
f 799 1408 798
f 1130 1681 1033
f 1033 1681 1032
f 1681 1682 1032
f 1032 1682 1039
f 1682 1588 1039
f 1039 1588 1038
f 1588 1589 1038
f 1038 1589 896
f 1589 1590 896
f 896 1590 895
f 1590 1586 895
f 895 1586 894
f 1586 1587 894
f 894 1587 890
f 1179 1624 923
f 923 1624 921
f 1624 1625 921
f 921 1625 920
f 1625 1633 920
f 920 1633 947
f 1633 1634 947
f 947 1634 946
f 1634 1635 946
f 946 1635 945
f 1635 1626 945
f 945 1626 933
f 1626 1627 933
f 933 1627 932
f 1627 1629 932
f 932 1629 944
f 1629 1636 944
f 944 1636 943
f 1636 1637 943
f 943 1637 931
f 1637 1631 931
f 931 1631 930
f 1631 1683 930
f 930 1683 928
f 1683 1684 928
f 928 1684 1037
f 1684 1685 1037
f 1037 1685 1036
f 1685 1686 1036
f 1036 1686 1035
f 1686 1131 1035
f 1035 1131 1034
f 1699 1698 1043
f 1043 1698 1042
f 1698 1697 1042
f 1042 1697 1041
f 1697 1695 1041
f 1041 1695 1047
f 1695 1700 1047
f 1047 1700 1046
f 1700 1701 1046
f 1046 1701 1045
f 1701 1702 1045
f 1045 1702 1044
f 1702 1703 1044
f 1044 1703 1051
f 1703 1704 1051
f 1051 1704 1050
f 1704 1705 1050
f 1050 1705 1049
f 1705 1706 1049
f 1049 1706 1048
f 1706 1688 1048
f 1048 1688 1021
f 1688 1689 1021
f 1021 1689 1020
f 1689 1690 1020
f 1020 1690 1019
f 1690 1691 1019
f 1019 1691 1025
f 1691 1692 1025
f 1025 1692 1024
f 1692 1693 1024
f 1024 1693 1023
f 1693 1694 1023
f 1023 1694 1022
f 1694 1138 1022
f 1022 1138 1027
f 1715 1716 1060
f 1060 1716 1059
f 1716 1727 1059
f 1059 1727 1083
f 1727 1728 1083
f 1083 1728 1082
f 1728 1729 1082
f 1082 1729 1076
f 1729 1735 1076
f 1076 1735 1075
f 1735 1736 1075
f 1075 1736 1090
f 1736 1737 1090
f 1090 1737 1089
f 1737 1738 1089
f 1089 1738 1081
f 1738 1739 1081
f 1081 1739 1080
f 1739 1740 1080
f 1080 1740 1121
f 1740 1753 1121
f 1121 1753 1120
f 1753 1754 1120
f 1120 1754 1119
f 1754 1755 1119
f 1119 1755 1126
f 1755 1774 1126
f 1126 1774 1125
f 1774 1775 1125
f 1125 1775 1088
f 1775 1776 1088
f 1088 1776 1087
f 1776 1777 1087
f 1087 1777 1124
f 1777 1778 1124
f 1124 1778 1123
f 1778 1779 1123
f 1123 1779 1122
f 1779 1730 1122
f 1122 1730 1086
f 1730 1731 1086
f 1086 1731 1085
f 1731 1732 1085
f 1085 1732 1084
f 1732 1756 1084
f 1084 1756 1108
f 1756 1757 1108
f 1108 1757 1107
f 1757 1758 1107
f 1107 1758 1106
f 1758 1759 1106
f 1106 1759 1105
f 1759 1760 1105
f 1105 1760 1104
f 1760 1761 1104
f 1104 1761 1103
f 1761 1762 1103
f 1103 1762 1102
f 1762 1763 1102
f 1102 1763 1101
f 1763 1725 1101
f 1101 1725 1079
f 1725 1726 1079
f 1079 1726 1078
f 1726 1733 1078
f 1078 1733 1077
f 1733 1734 1077
f 1077 1734 1063
f 1734 1709 1063
f 1063 1709 1064
f 1709 1710 1064
f 1064 1710 1065
f 1710 1711 1065
f 1065 1711 1074
f 1711 1720 1074
f 1074 1720 1073
f 1720 1721 1073
f 1073 1721 1072
f 1721 1723 1072
f 1072 1723 1071
f 1723 1724 1071
f 1071 1724 1070
f 1724 1741 1070
f 1070 1741 1069
f 1741 1742 1069
f 1069 1742 1068
f 1742 1743 1068
f 1068 1743 1118
f 1743 1764 1118
f 1118 1764 1117
f 1764 1765 1117
f 1117 1765 1116
f 1765 1766 1116
f 1116 1766 1115
f 1766 1767 1115
f 1115 1767 1114
f 1767 1768 1114
f 1114 1768 1100
f 1768 1744 1100
f 1100 1744 1099
f 1744 1745 1099
f 1099 1745 1098
f 1745 1769 1098
f 1098 1769 1097
f 1769 1770 1097
f 1097 1770 1113
f 1770 1771 1113
f 1113 1771 1112
f 1771 1746 1112
f 1112 1746 1111
f 1746 1747 1111
f 1111 1747 1096
f 1747 1748 1096
f 1096 1748 1095
f 1748 1749 1095
f 1095 1749 1094
f 1749 1750 1094
f 1094 1750 1067
f 1750 1751 1067
f 1067 1751 1066
f 1751 1752 1066
f 1066 1752 1110
f 1752 1772 1110
f 1110 1772 1109
f 1772 1773 1109
f 1109 1773 1093
f 1773 1707 1093
f 1093 1707 1092
f 1707 1708 1092
f 1092 1708 1091
f 1708 1712 1091
f 1091 1712 1058
f 1712 1713 1058
f 1058 1713 1057
f 1713 1714 1057
f 1057 1714 1056
f 1714 1717 1056
f 1056 1717 1055
f 1717 1718 1055
f 1055 1718 1062
f 1718 1719 1062
f 1062 1719 1061
f 1719 1715 1061
f 1061 1715 1060
f 1335 1334 730
f 730 1334 740
f 1334 1332 740
f 740 1332 739
f 1332 1340 739
f 739 1340 738
f 1340 1341 738
f 738 1341 737
f 1341 1336 737
f 737 1336 736
f 1336 1337 736
f 736 1337 734
f 1337 1361 734
f 734 1361 733
f 1361 1362 733
f 733 1362 778
f 1362 1363 778
f 778 1363 777
f 1363 1364 777
f 777 1364 776
f 1364 1365 776
f 776 1365 764
f 1365 1366 764
f 764 1366 763
f 1366 1367 763
f 763 1367 796
f 1367 1379 796
f 796 1379 795
f 1379 1380 795
f 795 1380 775
f 1380 1368 775
f 775 1368 774
f 1368 1369 774
f 774 1369 773
f 1369 1370 773
f 773 1370 755
f 1370 1342 755
f 755 1342 754
f 1342 1343 754
f 754 1343 753
f 1343 1381 753
f 753 1381 752
f 1381 1382 752
f 752 1382 794
f 1382 1383 794
f 794 1383 793
f 1383 1371 793
f 793 1371 792
f 1371 1372 792
f 792 1372 791
f 1372 1384 791
f 791 1384 790
f 1384 1385 790
f 790 1385 789
f 1385 1386 789
f 789 1386 788
f 1386 1387 788
f 788 1387 787
f 1387 1388 787
f 787 1388 786
f 1388 1354 786
f 786 1354 762
f 1354 1355 762
f 762 1355 761
f 1355 1356 761
f 761 1356 760
f 1356 1357 760
f 760 1357 751
f 1357 1345 751
f 751 1345 750
f 1345 1346 750
f 750 1346 749
f 1346 1347 749
f 749 1347 748
f 1347 1348 748
f 748 1348 747
f 1348 1350 747
f 747 1350 746
f 1350 1351 746
f 746 1351 745
f 1351 1352 745
f 745 1352 744
f 1352 1353 744
f 744 1353 742
f 1353 1389 742
f 742 1389 741
f 1389 1390 741
f 741 1390 785
f 1390 1391 785
f 785 1391 784
f 1391 1392 784
f 784 1392 783
f 1392 1393 783
f 783 1393 782
f 1393 1394 782
f 782 1394 781
f 1394 1395 781
f 781 1395 772
f 1395 1396 772
f 772 1396 771
f 1396 1397 771
f 771 1397 759
f 1397 1360 759
f 759 1360 758
f 1360 1359 758
f 758 1359 757
f 1359 1358 757
f 757 1358 756
f 1358 1373 756
f 756 1373 780
f 1373 1374 780
f 780 1374 779
f 1374 1375 779
f 779 1375 770
f 1375 1376 770
f 770 1376 769
f 1376 1377 769
f 769 1377 768
f 1377 1378 768
f 768 1378 767
f 1378 1398 767
f 767 1398 766
f 1398 1399 766
f 766 1399 765
f 1399 1325 765
f 765 1325 724
f 1325 1326 724
f 724 1326 726
f 1326 1327 726
f 726 1327 727
f 1327 1328 727
f 727 1328 723
f 1328 1329 723
f 723 1329 722
f 1329 1330 722
f 722 1330 732
f 1330 1331 732
f 732 1331 731
f 1331 1338 731
f 731 1338 729
f 1338 1339 729
f 729 1339 728
f 1339 1335 728
f 728 1335 730
f 1610 1611 886
f 886 1611 885
f 1611 1612 885
f 885 1612 884
f 1612 1613 884
f 884 1613 883
f 1613 1614 883
f 883 1614 882
f 1614 1615 882
f 882 1615 881
f 1615 1616 881
f 881 1616 880
f 1616 1617 880
f 880 1617 879
f 1617 1618 879
f 879 1618 878
f 1618 1619 878
f 878 1619 877
f 1619 1620 877
f 877 1620 876
f 1620 1621 876
f 876 1621 875
f 1621 1622 875
f 875 1622 874
f 1622 1595 874
f 874 1595 873
f 1595 1596 873
f 873 1596 872
f 1596 1597 872
f 872 1597 871
f 1597 1594 871
f 871 1594 889
f 1594 1593 889
f 889 1593 891
f 1593 1592 891
f 891 1592 892
f 1592 1591 892
f 892 1591 893
f 1591 1544 893
f 893 1544 566
f 1544 1545 566
f 566 1545 565
f 1545 1546 565
f 565 1546 564
f 1546 1540 564
f 564 1540 557
f 1540 1541 557
f 557 1541 556
f 1541 1582 556
f 556 1582 579
f 1582 1554 579
f 579 1554 545
f 1554 1552 545
f 545 1552 547
f 1552 1565 547
f 547 1565 551
f 1565 1529 551
f 551 1529 535
f 1529 1563 535
f 535 1563 619
f 1563 1562 619
f 619 1562 621
f 1562 1561 621
f 621 1561 623
f 1561 1560 623
f 623 1560 625
f 1560 1559 625
f 625 1559 627
f 1559 1558 627
f 627 1558 629
f 1558 1557 629
f 629 1557 631
f 1557 1556 631
f 631 1556 633
f 1556 1555 633
f 633 1555 635
f 1555 1486 635
f 635 1486 637
f 1486 1485 637
f 637 1485 639
f 1485 1484 639
f 639 1484 641
f 1484 1507 641
f 641 1507 643
f 1507 1489 643
f 643 1489 602
f 1489 1497 602
f 602 1497 597
f 1497 1493 597
f 597 1493 585
f 1493 1491 585
f 585 1491 587
f 1491 1503 587
f 587 1503 590
f 1503 1501 590
f 590 1501 592
f 1501 1483 592
f 592 1483 594
f 1483 1482 594
f 594 1482 899
f 1482 1481 899
f 899 1481 898
f 1481 1480 898
f 898 1480 897
f 1480 1478 897
f 897 1478 903
f 1478 1477 903
f 903 1477 902
f 1477 1476 902
f 902 1476 901
f 1476 1479 901
f 901 1479 900
f 1479 1475 900
f 900 1475 905
f 1475 1474 905
f 905 1474 904
f 1474 1473 904
f 904 1473 911
f 1473 1598 911
f 911 1598 910
f 1598 1599 910
f 910 1599 909
f 1599 1600 909
f 909 1600 912
f 1600 1601 912
f 912 1601 913
f 1601 1602 913
f 913 1602 914
f 1602 1603 914
f 914 1603 915
f 1603 1604 915
f 915 1604 916
f 1604 1605 916
f 916 1605 908
f 1605 1606 908
f 908 1606 907
f 1606 1607 907
f 907 1607 906
f 1607 1608 906
f 906 1608 888
f 1608 1609 888
f 888 1609 887
f 1609 1610 887
f 887 1610 886
f 576 1585 563
f 563 1585 1547
f 1639 1638 938
f 938 1638 940
f 1638 1632 940
f 940 1632 919
f 1632 1677 919
f 919 1677 952
f 1677 1678 952
f 952 1678 951
f 1678 1679 951
f 951 1679 949
f 1679 1660 949
f 949 1660 948
f 1660 1661 948
f 948 1661 955
f 1661 1662 955
f 955 1662 954
f 1662 1663 954
f 954 1663 953
f 1663 1664 953
f 953 1664 958
f 1664 1676 958
f 958 1676 960
f 1676 1675 960
f 960 1675 962
f 1675 1674 962
f 962 1674 964
f 1674 1673 964
f 964 1673 966
f 1673 1672 966
f 966 1672 968
f 1672 1671 968
f 968 1671 970
f 1671 1670 970
f 970 1670 972
f 1670 1669 972
f 972 1669 974
f 1669 1668 974
f 974 1668 976
f 1668 1667 976
f 976 1667 978
f 1667 1666 978
f 978 1666 980
f 1666 1665 980
f 980 1665 982
f 1665 1196 982
f 982 1196 984
f 1196 1197 984
f 984 1197 986
f 1197 1655 986
f 986 1655 988
f 1655 1656 988
f 988 1656 990
f 1656 1657 990
f 990 1657 992
f 1657 1658 992
f 992 1658 994
f 1658 1659 994
f 994 1659 996
f 1659 1654 996
f 996 1654 998
f 1654 1653 998
f 998 1653 1005
f 1653 1652 1005
f 1005 1652 1004
f 1652 1651 1004
f 1004 1651 1013
f 1651 1650 1013
f 1013 1650 1011
f 1650 1649 1011
f 1011 1649 1009
f 1649 1644 1009
f 1009 1644 1007
f 1644 1645 1007
f 1007 1645 1006
f 1645 1646 1006
f 1006 1646 999
f 1646 1647 999
f 999 1647 1001
f 1647 1648 1001
f 1001 1648 478
f 1648 1201 478
f 478 1201 477
f 1201 1202 477
f 477 1202 513
f 1202 1204 513
f 513 1204 512
f 1204 1205 512
f 512 1205 511
f 1205 1206 511
f 511 1206 519
f 1206 1207 519
f 519 1207 518
f 1207 1208 518
f 518 1208 514
f 1208 1216 514
f 514 1216 516
f 1216 1218 516
f 516 1218 515
f 1218 1220 515
f 515 1220 492
f 1220 1221 492
f 492 1221 491
f 1221 1226 491
f 491 1226 489
f 1226 1227 489
f 489 1227 488
f 1227 1228 488
f 488 1228 503
f 1228 1222 503
f 503 1222 502
f 1222 1223 502
f 502 1223 501
f 1223 1230 501
f 501 1230 481
f 1230 1231 481
f 481 1231 480
f 1231 1233 480
f 480 1233 496
f 1233 1235 496
f 496 1235 498
f 1235 1229 498
f 498 1229 500
f 1229 1225 500
f 500 1225 495
f 1225 1210 495
f 495 1210 487
f 1210 1211 487
f 487 1211 486
f 1211 1213 486
f 486 1213 484
f 1213 1214 484
f 484 1214 483
f 1214 1641 483
f 483 1641 1018
f 1641 1642 1018
f 1018 1642 1017
f 1642 1643 1017
f 1017 1643 1016
f 1643 1623 1016
f 1016 1623 922
f 1623 1640 922
f 922 1640 936
f 1640 1639 936
f 936 1639 938
f 181 1244 182
f 182 1244 494
f 1244 101 494
f 494 101 102
f 337 338 1587
f 1587 338 890
f 1499 586 184
f 184 586 183
f 1699 1043 297
f 297 1043 298
f 1257 1300 678
f 678 1300 679
f 1300 1301 679
f 679 1301 680
f 1301 1292 680
f 680 1292 699
f 1292 1293 699
f 699 1293 698
f 1293 1294 698
f 698 1294 697
f 1294 1295 697
f 697 1295 696
f 1295 1296 696
f 696 1296 695
f 1296 1297 695
f 695 1297 694
f 1297 1281 694
f 694 1281 677
f 1281 1282 677
f 677 1282 676
f 1282 1283 676
f 676 1283 675
f 1283 1249 675
f 675 1249 667
f 1249 1250 667
f 667 1250 666
f 1250 1274 666
f 666 1274 669
f 1274 1275 669
f 669 1275 668
f 1275 1276 668
f 668 1276 647
f 1276 1284 647
f 647 1284 646
f 1284 1285 646
f 646 1285 674
f 1285 1286 674
f 674 1286 673
f 1286 1287 673
f 673 1287 693
f 1287 1298 693
f 693 1298 692
f 1298 1299 692
f 692 1299 691
f 1299 1277 691
f 691 1277 690
f 1277 1278 690
f 690 1278 689
f 1278 1290 689
f 689 1290 688
f 1290 1291 688
f 688 1291 687
f 1291 1279 687
f 687 1279 686
f 1279 1280 686
f 686 1280 672
f 1280 1288 672
f 672 1288 671
f 1288 1289 671
f 671 1289 670
f 1289 1246 670
f 670 1246 665
f 1246 1247 665
f 665 1247 664
f 1247 1261 664
f 664 1261 662
f 1261 1262 662
f 662 1262 661
f 1262 1263 661
f 661 1263 660
f 1263 1264 660
f 660 1264 659
f 1264 1265 659
f 659 1265 658
f 1265 1266 658
f 658 1266 657
f 1266 1267 657
f 657 1267 656
f 1267 1268 656
f 656 1268 655
f 1268 1269 655
f 655 1269 654
f 1269 1270 654
f 654 1270 653
f 1270 1271 653
f 653 1271 651
f 1271 1321 651
f 651 1321 650
f 1321 1322 650
f 650 1322 720
f 1322 1323 720
f 720 1323 719
f 1323 1313 719
f 719 1313 718
f 1313 1314 718
f 718 1314 717
f 1314 1316 717
f 717 1316 716
f 1316 1317 716
f 716 1317 715
f 1317 1318 715
f 715 1318 714
f 1318 1319 714
f 714 1319 713
f 1319 1320 713
f 713 1320 712
f 1320 1305 712
f 712 1305 711
f 1305 1306 711
f 711 1306 710
f 1306 1307 710
f 710 1307 709
f 1307 1308 709
f 709 1308 708
f 1308 1309 708
f 708 1309 707
f 1309 1302 707
f 707 1302 703
f 1302 1303 703
f 703 1303 701
f 1303 1310 701
f 701 1310 700
f 1310 1311 700
f 700 1311 706
f 1311 1312 706
f 706 1312 705
f 1312 1252 705
f 705 1252 704
f 1252 1253 704
f 704 1253 649
f 1253 1255 649
f 649 1255 648
f 1255 1256 648
f 648 1256 685
f 1256 1272 685
f 685 1272 684
f 1272 1273 684
f 684 1273 683
f 1273 1259 683
f 683 1259 682
f 1259 1258 682
f 682 1258 681
f 1258 1257 681
f 681 1257 678
f 1538 1539 536
f 536 1539 538
f 1539 1782 538
f 538 1782 1129
f 1782 1490 1129
f 1129 1490 603
f 1490 220 603
f 603 220 219
f 153 154 2
f 2 154 1
f 151 499 152
f 151 1234 499
f 499 1234 497
f 1234 1232 497
f 497 1232 482
f 1232 1224 482
f 482 1224 510
f 1224 1238 510
f 510 1238 509
f 1238 1239 509
f 509 1239 508
f 1239 1240 508
f 508 1240 507
f 1240 1236 507
f 507 1236 506
f 1236 1237 506
f 506 1237 505
f 1237 1241 505
f 505 1241 504
f 1241 1242 504
f 504 1242 490
f 1242 1219 490
f 490 1219 493
f 1219 1217 493
f 493 1217 517
f 1217 1215 517
f 517 1215 50
f 1215 49 50
f 1499 1500 586
f 586 1500 593
f 1500 1502 593
f 593 1502 591
f 1502 1504 591
f 591 1504 589
f 1504 1505 589
f 589 1505 588
f 1505 1492 588
f 588 1492 584
f 1492 1494 584
f 584 1494 583
f 1494 1495 583
f 583 1495 599
f 1495 1496 599
f 599 1496 598
f 1496 1498 598
f 598 1498 596
f 1498 1508 596
f 596 1508 595
f 1508 1509 595
f 595 1509 611
f 1509 1510 611
f 611 1510 610
f 1510 1511 610
f 610 1511 608
f 1511 1512 608
f 608 1512 607
f 1512 1513 607
f 607 1513 616
f 1513 1514 616
f 616 1514 615
f 1514 1515 615
f 615 1515 606
f 1515 1516 606
f 606 1516 605
f 1516 1517 605
f 605 1517 609
f 1517 1518 609
f 609 1518 614
f 1518 1519 614
f 614 1519 613
f 1519 1487 613
f 613 1487 612
f 1487 1488 612
f 612 1488 601
f 1488 1506 601
f 601 1506 600
f 1506 1180 600
f 600 1180 645
f 1194 1527 618
f 618 1527 617
f 1527 1528 617
f 617 1528 534
f 1528 1572 534
f 534 1572 533
f 1572 1573 533
f 533 1573 575
f 1573 1574 575
f 575 1574 574
f 1574 1567 574
f 574 1567 573
f 1567 1568 573
f 573 1568 572
f 1568 1575 572
f 572 1575 571
f 1575 1576 571
f 571 1576 570
f 1576 1577 570
f 570 1577 569
f 1577 1578 569
f 569 1578 568
f 1578 1579 568
f 568 1579 567
f 1579 1569 567
f 567 1569 560
f 1569 1570 560
f 560 1570 559
f 1570 1571 559
f 559 1571 558
f 1571 1566 558
f 558 1566 552
f 1566 1564 552
f 552 1564 550
f 1564 1550 550
f 550 1550 549
f 1550 1551 549
f 549 1551 548
f 1551 1553 548
f 548 1553 546
f 1553 1580 546
f 546 1580 581
f 1580 1581 581
f 581 1581 580
f 1581 1583 580
f 580 1583 578
f 1583 1584 578
f 578 1584 577
f 1584 1585 577
f 577 1585 576
f 1547 1548 563
f 563 1548 562
f 1548 1549 562
f 562 1549 561
f 1549 1523 561
f 561 1523 555
f 1523 1524 555
f 555 1524 554
f 1524 1530 554
f 554 1530 553
f 1530 1531 553
f 553 1531 544
f 1531 1532 544
f 544 1532 543
f 1532 1542 543
f 543 1542 542
f 1542 1543 542
f 542 1543 541
f 1543 1525 541
f 541 1525 540
f 1525 1526 540
f 540 1526 539
f 1526 1533 539
f 539 1533 532
f 1533 1534 532
f 532 1534 531
f 1534 1520 531
f 531 1520 530
f 1520 1521 530
f 530 1521 527
f 1521 1535 527
f 527 1535 526
f 1535 1536 526
f 526 1536 529
f 1536 1538 529
f 529 1538 536
