# Generated MicroDuck mesh; do not edit by hand.
# Source: microduck_rl/src/mjlab_microduck/robot/microduck/assets/yaw_roll_motion.stl
# Source repository: https://github.com/pollen-robotics/microduck_rl.git@5946fd9cdbc58956424420153e51975af3b30d77
# Source SHA-256: 41149f07f2fb4f2c62b589b3e43c17bedbc57e17d2de5d4e22c4f4e4d3e73dc7
# License: Creative Commons BY-SA-NC; see ../Licenses/ATTRIBUTION.json.
# Modified: exported MuJoCo-compiled mesh geometry in Tuanjie coordinates.
# Transform: (x,y,z) -> (-y,z,x); triangle winding reversed.
o yaw_roll_motion
v -0.0013603057 -0.0113573447 0.00322249089
v -0.00254781521 -0.0112639032 0.00597586948
v -0.00106476864 -0.00938022137 0.00328285596
v -0.00225227838 -0.00928677991 0.00603623455
v -0.0033961935 -0.00910053402 0.00553655252
v -0.00220868387 -0.00919397548 0.00278317393
v -0.00250422093 -0.0111710979 0.00272280886
v 0.00836105645 -0.0129401293 0.00746895047
v 0.00950497203 -0.0131263761 0.0079686325
v 0.00865659397 -0.0109630069 0.00752931554
v 0.00980050862 -0.0111492528 0.00802899711
v -0.0231424831 -0.00696476176 -0.00087320368
v -0.0216253139 -0.00923702028 -0.000141746888
v -0.0211633015 -0.00712049706 -0.00546216592
v -0.0196461324 -0.00939275604 -0.00473070936
v -0.0151529182 0.0162585955 -0.0054559228
v -0.0173874982 0.0164344274 -0.000274792488
v -0.0179123953 0.0146278515 -0.00479815062
v -0.0188374538 0.0156245809 0.000216905537
v -0.0198915768 0.0147835873 -0.000209188249
v 0.00861299969 -0.0110558113 0.0107823759
v 0.00746908411 -0.0108695654 0.0102826934
v 0.00258121011 -0.0144263702 0.00161521393
v 0.00364764291 -0.0145789906 0.00139289012
v 0.00259590591 -0.014431458 0.00170990778
v 0.00367703428 -0.0145891663 0.00158227794
v 0.00260237348 -0.0144353453 0.00180557347
v 0.00368996919 -0.0145969419 0.00177360931
v 0.00260056369 -0.0144380033 0.00190148246
v 0.00368635007 -0.0146022569 0.00196542637
v 0.00259049051 -0.0144394105 0.00199690438
v 0.00366620347 -0.0146050723 0.00215627137
v 0.0025722303 -0.0144395577 0.00209111394
v 0.00362968352 -0.0146053657 0.00234468956
v 0.00254592253 -0.0144384429 0.00218339288
v 0.00357706775 -0.0146031361 0.0025292479
v 0.0025117672 -0.0144360745 0.00227304013
v 0.00350875687 -0.0145983994 0.00270854239
v 0.00247002393 -0.0144324703 0.0023593728
v 0.00342527032 -0.0145911919 0.00288120774
v 0.00242101052 -0.0144276591 0.00244173431
v 0.00332724419 -0.0145815685 0.00304593029
v 0.00236510066 -0.0144216754 0.00251949672
v 0.00321542355 -0.014569602 0.00320145674
v 0.00230271858 -0.0144145666 0.00259207049
v 0.00309066009 -0.0145553844 0.0033466022
v 0.00223434065 -0.0144063858 0.00265890011
v 0.00295390328 -0.0145390229 0.00348026352
v 0.00216048583 -0.0143971955 0.00271947961
v 0.00280619413 -0.0145206423 0.00360142183
v 0.0020817169 -0.0143870665 0.00277334661
v 0.00264865602 -0.0145003833 0.00370915653
v 0.00199863315 -0.0143760741 0.00282009225
v 0.00248248875 -0.0144783994 0.00380264712
v 0.00191186718 -0.014364304 0.00285935937
v 0.00230895681 -0.0144548584 0.00388118112
v 0.00182207872 -0.0143518439 0.00289085065
v 0.00212938013 -0.014429938 0.00394416275
v 0.00172995182 -0.0143387895 0.00291432487
v 0.00194512657 -0.0144038294 0.00399111118
v 0.0016361872 -0.0143252406 0.00292960415
v 0.00175759732 -0.0143767307 0.00402166974
v 0.0015414987 -0.0143112987 0.00293657207
v 0.00156822032 -0.0143488487 0.00403560558
v 0.00144660694 -0.0142970718 0.00293517555
v 0.00137843646 -0.014320395 0.00403281348
v 0.0013522337 -0.014282668 0.002925426
v 0.0011896902 -0.0142915864 0.00401331345
v 0.00125909795 -0.0142681953 0.00290739583
v 0.00100341788 -0.0142626418 0.00397725496
v 0.0011679075 -0.0142537653 0.00288122473
v 0.0008210378 -0.014233781 0.00392491091
v 0.00107935735 -0.0142394872 0.00284710969
v 0.000643937266 -0.0142052257 0.00385668152
v 0.000994120724 -0.0142254699 0.0028053117
v 0.000473464315 -0.0141771911 0.00377308507
v 0.000912847056 -0.0142118204 0.00275614765
v 0.000310916192 -0.0141498921 0.00367475837
v 0.000836153864 -0.0141986422 0.00269999332
v 0.000157530565 -0.0141235348 0.00356244831
v 0.000764625904 -0.0141860349 0.00263727433
v 1.44742553e-05 -0.0140983211 0.00343701104
v 0.000698806718 -0.0141740963 0.00256846962
v -0.000117163749 -0.0140744429 0.00329940068
v 0.000639197591 -0.0141629148 0.00249410188
v -0.000236381937 -0.0140520809 0.0031506652
v 0.00058625231 -0.0141525781 0.00241473713
v -0.000342272542 -0.0140314065 0.00299193547
v 0.000540373498 -0.0141431624 0.00233097957
v -0.000434030138 -0.0140125761 0.00282442081
v 0.000501910923 -0.0141347414 0.00224346598
v -0.000510955695 -0.0139957331 0.00264939433
v 0.000471156352 -0.0141273784 0.00215286412
v -0.000572464778 -0.013981007 0.00246819039
v 0.000448344828 -0.0141211282 0.00205986155
v -0.000618088234 -0.0139685078 0.00228218618
v 0.000433649111 -0.0141160404 0.00196516747
v -0.000647479261 -0.0139583321 0.00209279754
v 0.000427181629 -0.0141121531 0.0018695019
v -0.000660414633 -0.0139505574 0.00190146698
v 0.000428991072 -0.0141094951 0.00177359371
v -0.000656795048 -0.0139452415 0.00170964899
v 0.000439064548 -0.0141080879 0.00167817087
v -0.000636648794 -0.0139424261 0.00151880493
v 0.00045732432 -0.0141079407 0.00158396224
v -0.000600128551 -0.0139421327 0.00133038592
v 0.000483632379 -0.0141090555 0.00149168249
v -0.000547512725 -0.0139443623 0.00114582735
v 0.000517787877 -0.0141114248 0.00140203536
v -0.000479201728 -0.013949099 0.000966533029
v 0.000559531094 -0.0141150281 0.00131570257
v -0.000395715353 -0.0139563074 0.00079386757
v 0.00060854404 -0.0141198402 0.00123334187
v -0.000297689083 -0.0139659308 0.000629145128
v 0.000664454361 -0.014125823 0.00115557853
v -0.000185868819 -0.0139778964 0.00047361941
v 0.000726835977 -0.0141329318 0.0010830058
v -6.1105151e-05 -0.0139921149 0.000328473106
v 0.000795214495 -0.0141411126 0.00101617514
v 7.56514564e-05 -0.0140084755 0.000194812674
v 0.000869069248 -0.0141503029 0.000955595693
v 0.000223360999 -0.014026856 7.36536458e-05
v 0.000947838067 -0.0141604319 0.000901728694
v 0.000380898622 -0.0140471151 -3.40803235e-05
v 0.00103092194 -0.0141714243 0.000854982994
v 0.000547065923 -0.014069099 -0.000127570835
v 0.00111768791 -0.0141831953 0.00081571599
v 0.000720598269 -0.014092641 -0.000206105658
v 0.00120747602 -0.0141956545 0.000784225529
v 0.000900174782 -0.0141175603 -0.000269087468
v 0.00129960279 -0.0142087089 0.000760751427
v 0.00108442851 -0.014143669 -0.000316035701
v 0.00139336742 -0.0142222587 0.000745471974
v 0.00127195776 -0.0141707677 -0.000346594519
v 0.00148805592 -0.0142361997 0.00073850411
v 0.00146133464 -0.0141986497 -0.000360530306
v 0.00158294803 -0.0142504266 0.000739899813
v 0.00165111863 -0.0142271034 -0.000357737998
v 0.00167732104 -0.0142648313 0.000749650178
v 0.00183986488 -0.014255913 -0.00033823814
v 0.00177045714 -0.0142793031 0.000767679419
v 0.00202613673 -0.0142848575 -0.000302178814
v 0.00186164724 -0.0142937331 0.000793851388
v 0.00220851717 -0.0143137174 -0.000249835721
v 0.00195019762 -0.0143080112 0.000827965792
v 0.0023856177 -0.0143422727 -0.000181606112
v 0.00203543389 -0.0143220285 0.000869764481
v 0.00255609071 -0.0143703073 -9.80096083e-05
v 0.00211670808 -0.014335678 0.000918927777
v 0.0027186384 -0.0143976072 3.17919927e-07
v 0.00219340087 -0.0143488562 0.000975082803
v 0.00287202443 -0.0144239636 0.000112627044
v 0.00226492924 -0.0143614635 0.00103780103
v 0.0030150807 -0.0144491773 0.000238064284
v 0.0023307479 -0.014373403 0.00110660656
v 0.00314671872 -0.0144730555 0.00037567463
v 0.00239035697 -0.0143845836 0.0011809743
v 0.00326593686 -0.0144954175 0.000524410105
v 0.00244330242 -0.0143949203 0.00126033917
v 0.00337182754 -0.0145160919 0.000683139835
v 0.00248918124 -0.014404336 0.0013440965
v 0.00346358516 -0.0145349223 0.000850654556
v 0.00252764416 -0.014412757 0.00143160927
v 0.00354051078 -0.0145517653 0.00102568092
v 0.00255839876 -0.014420121 0.00152221124
v 0.00360201951 -0.0145664914 0.00120688579
v 0.000576944556 -0.017600596 0.00274448912
v 0.000665494648 -0.0176148731 0.00277860416
v 0.000756685098 -0.017629303 0.00280477549
v 0.000849820848 -0.0176437758 0.00282280543
v 0.000944194151 -0.0176581796 0.00283255498
v 0.00103908591 -0.0176724065 0.0028339515
v 0.00113377441 -0.0176863484 0.00282698357
v 0.00122753903 -0.0176998973 0.0028117043
v 0.00131966593 -0.0177129526 0.00278823008
v 0.00140945439 -0.0177254118 0.0027567388
v 0.00149622036 -0.0177371819 0.00271747191
v 0.00157930423 -0.0177481752 0.00267072604
v 0.00165807293 -0.0177583043 0.00261685904
v 0.00173192774 -0.0177674945 0.00255627953
v 0.00180030591 -0.0177756753 0.00248944992
v 0.00186268787 -0.0177827831 0.00241687614
v 0.00191859785 -0.0177887678 0.00233911374
v 0.00196761126 -0.017793579 0.00225675222
v 0.0020093543 -0.0177971832 0.00217041955
v 0.00204350986 -0.0177995507 0.0020807723
v 0.00206981762 -0.0178006664 0.00198849337
v 0.0020880776 -0.0178005192 0.00189428392
v 0.00209815078 -0.0177991111 0.00179886189
v 0.00209996058 -0.0177964531 0.0017029529
v 0.00209349301 -0.0177925657 0.00160728721
v 0.00207879744 -0.0177874789 0.00151259336
v 0.00205598585 -0.0177812297 0.00141959079
v 0.00202523125 -0.0177738648 0.0013289887
v 0.00198676833 -0.0177654438 0.00124147604
v 0.00194088952 -0.01775603 0.00115771859
v 0.00188794429 -0.0177456923 0.00107835373
v 0.00182833511 -0.0177345108 0.00100398599
v 0.00176251633 -0.0177225713 0.000935180404
v 0.00169098796 -0.0177099649 0.000872462231
v 0.00161429518 -0.0176967867 0.000816307263
v 0.0015330211 -0.0176831372 0.000767143909
v 0.00144778483 -0.0176691189 0.00072534522
v 0.00135923445 -0.0176548418 0.000691230875
v 0.00126804435 -0.0176404119 0.000665058848
v 0.00117490825 -0.0176259391 0.000647029665
v 0.00108053524 -0.0176115353 0.0006372793
v 0.000985643128 -0.0175973084 0.000635883538
v 0.00089095463 -0.0175833665 0.000642851461
v 0.000797190005 -0.0175698176 0.000658130855
v 0.000705063168 -0.0175567642 0.000681604957
v 0.000615275057 -0.0175443031 0.000713095476
v 0.000528509088 -0.017532533 0.000752362423
v 0.000445425278 -0.0175215397 0.000799108122
v 0.000366656459 -0.0175114106 0.000852975121
v 0.000292801677 -0.0175022203 0.000913554628
v 0.000224423202 -0.0174940396 0.00098038523
v 0.000162041557 -0.0174869318 0.00105295796
v 0.000106131236 -0.0174809489 0.0011307213
v 5.71182863e-05 -0.0174761359 0.00121308211
v 1.53750916e-05 -0.0174725335 0.00129941478
v -1.87804126e-05 -0.0174701642 0.00138906192
v -4.50884872e-05 -0.0174690485 0.00148134166
v -6.33482632e-05 -0.0174691956 0.0015755503
v -7.34217392e-05 -0.0174706038 0.00167097314
v -7.5231168e-05 -0.0174732618 0.00176688132
v -6.87636712e-05 -0.0174771491 0.00186254701
v -5.40679684e-05 -0.0174822379 0.00195724098
v -3.12564334e-05 -0.0174884871 0.00205024355
v -5.01881175e-07 -0.0174958501 0.0021408454
v 3.79607081e-05 -0.0175042711 0.00222835923
v 8.38395135e-05 -0.0175136868 0.00231211656
v 0.000136784802 -0.0175240226 0.00239148131
v 0.000196393899 -0.0175352041 0.00246584904
v 0.000262213085 -0.0175471436 0.00253465376
v 0.000333741074 -0.01755975 0.00259737298
v 0.000410434237 -0.0175729282 0.00265352707
v 0.000491707935 -0.0175865777 0.00270269113
v 0.0102564469 -0.0154672125 -0.00187094975
v 0.0111849718 -0.0155883841 -0.00244814879
v 0.0103023257 -0.0154766282 -0.00178719242
v 0.0112767294 -0.0156072145 -0.00228063366
v 0.0103407884 -0.0154850492 -0.0016996793
v 0.0113536548 -0.0156240566 -0.00210560788
v 0.0103715425 -0.0154924123 -0.00160907686
v 0.011415164 -0.0156387836 -0.00192440313
v 0.0103943544 -0.0154986614 -0.00151607476
v 0.0114607876 -0.0156512819 -0.00173839892
v 0.0104090506 -0.0155037493 -0.00142138079
v 0.0114901783 -0.0156614576 -0.0015490104
v 0.0104155177 -0.0155076375 -0.00132571522
v 0.0115031134 -0.0156692341 -0.0013576796
v 0.0104137082 -0.0155102946 -0.00122980657
v 0.0114994943 -0.0156745482 -0.00116586196
v 0.010403635 -0.0155117027 -0.00113438419
v 0.0114793479 -0.0156773645 -0.000975017785
v 0.0103853745 -0.0155118499 -0.00104017509
v 0.0114428271 -0.0156776588 -0.000786599354
v 0.0103590665 -0.0155107342 -0.000947895751
v 0.011390212 -0.0156754274 -0.000602040614
v 0.0103249112 -0.0155083658 -0.000858248619
v 0.0113219013 -0.0156706907 -0.000422746263
v 0.0102831684 -0.0155047625 -0.000771915424
v 0.0112384148 -0.0156634841 -0.000250080368
v 0.0102341548 -0.0154999504 -0.000689554319
v 0.0111403875 -0.0156538598 -8.53581078e-05
v 0.0101782447 -0.0154939676 -0.000611791387
v 0.0110285673 -0.0156418942 7.01681856e-05
v 0.0101158628 -0.0154868588 -0.000539218658
v 0.0109038046 -0.0156276766 0.00021531363
v 0.0100474842 -0.015478678 -0.000472388056
v 0.0107670473 -0.0156113142 0.000348974427
v 0.00997363031 -0.0154694878 -0.000411808898
v 0.0106193386 -0.0155929346 0.000470133149
v 0.00989486091 -0.0154593578 -0.000357941521
v 0.0104617998 -0.0155726755 0.000577867904
v 0.00981177762 -0.0154483663 -0.0003111962
v 0.0102956332 -0.0155506916 0.000671357906
v 0.00972501095 -0.0154365953 -0.000271928875
v 0.0101221008 -0.0155271497 0.00074989273
v 0.00963522308 -0.0154241351 -0.000240438443
v 0.00994252414 -0.0155022303 0.000812874234
v 0.00954309665 -0.0154110817 -0.000216963745
v 0.00975827035 -0.0154761216 0.000859822845
v 0.00944933202 -0.0153975319 -0.00020168483
v 0.00957074203 -0.0154490229 0.000890381285
v 0.00935464259 -0.0153835909 -0.000194716573
v 0.0093813641 -0.0154211409 0.000904317538
v 0.00925975107 -0.0153693641 -0.000196113077
v 0.00919158105 -0.0153926872 0.000901524792
v 0.00916537829 -0.0153549593 -0.000205862947
v 0.00900283456 -0.0153638776 0.000882024819
v 0.00907224137 -0.0153404875 -0.000223892304
v 0.00881656166 -0.0153349331 0.000845965871
v 0.00898105185 -0.0153260576 -0.000250064244
v 0.00863418169 -0.0153060732 0.000793622457
v 0.0088925017 -0.0153117795 -0.000284179026
v 0.00845708139 -0.015277517 0.000725392892
v 0.0088072652 -0.0152977621 -0.000325977278
v 0.00828660838 -0.0152494833 0.000641796389
v 0.00872599147 -0.0152841127 -0.000375140575
v 0.00812406 -0.0152221834 0.000543469156
v 0.00864929799 -0.0152709335 -0.000431295688
v 0.00797067489 -0.015195827 0.000431159744
v 0.00857777055 -0.0152583271 -0.000494014239
v 0.00782761816 -0.0151706133 0.000305722438
v 0.00851195119 -0.0152463876 -0.000562818896
v 0.00769598037 -0.0151467342 0.0001681125
v 0.00845234189 -0.015235207 -0.000637187157
v 0.00757676223 -0.0151243731 1.937663e-05
v 0.0083993962 -0.0152248694 -0.000716551614
v 0.00747087179 -0.0151036987 -0.000139352589
v 0.00835351739 -0.0152154546 -0.00080030947
v 0.00737911416 -0.0150848683 -0.000306867791
v 0.0083150547 -0.0152070336 -0.000887822069
v 0.00730218831 -0.0150680253 -0.000481893832
v 0.00828430057 -0.0151996696 -0.000978424563
v 0.00724067958 -0.0150532983 -0.000663098646
v 0.00826148875 -0.0151934205 -0.00107142667
v 0.00719505595 -0.0150408 -0.000849102449
v 0.00824679341 -0.0151883326 -0.0011661211
v 0.00716566481 -0.0150306243 -0.00103849126
v 0.00824032538 -0.0151844453 -0.00126178621
v 0.00715272967 -0.0150228487 -0.00122982217
v 0.00824213587 -0.0151817873 -0.00135769532
v 0.00715634925 -0.0150175337 -0.0014216397
v 0.00825220905 -0.0151803801 -0.00145311735
v 0.00717649562 -0.0150147183 -0.00161248364
v 0.00827046856 -0.0151802329 -0.00154732645
v 0.00721301557 -0.015014424 -0.0018009023
v 0.00829677656 -0.0151813477 -0.00163960562
v 0.00726563111 -0.0150166545 -0.00198546075
v 0.00833093189 -0.0151837161 -0.00172925321
v 0.00733394269 -0.0150213912 -0.00216475548
v 0.00837267563 -0.0151873203 -0.001815586
v 0.00741742877 -0.0150285987 -0.00233742106
v 0.00842168834 -0.0151921315 -0.00189794728
v 0.00751545513 -0.0150382221 -0.00250214362
v 0.00847759843 -0.0151981153 -0.00197571004
v 0.00762727577 -0.0150501886 -0.0026576696
v 0.00853998028 -0.015205224 -0.00204828312
v 0.007752039 -0.0150644062 -0.00280281529
v 0.00860835891 -0.0152134048 -0.00211511343
v 0.00788879581 -0.0150807677 -0.00293647614
v 0.00868221372 -0.0152225941 -0.00217569293
v 0.00803650543 -0.0150991483 -0.00305763469
v 0.00876098219 -0.0152327241 -0.00222955993
v 0.0081940433 -0.0151194073 -0.00316536939
v 0.00884406548 -0.0152437165 -0.00227630534
v 0.00836020987 -0.0151413912 -0.00325885974
v 0.00893083215 -0.0152554866 -0.00231557246
v 0.00853374228 -0.0151649322 -0.00333739445
v 0.00902062003 -0.0152679468 -0.00234706351
v 0.00871331897 -0.0151898526 -0.0034003756
v 0.00911274739 -0.0152810011 -0.00237053772
v 0.00889757276 -0.0152159613 -0.00344732427
v 0.00920651201 -0.01529455 -0.00238581677
v 0.00908510201 -0.015243059 -0.00347788283
v 0.00930120051 -0.0153084919 -0.00239278493
v 0.009274479 -0.0152709419 -0.0034918189
v 0.00939609203 -0.0153227188 -0.00239138864
v 0.00946426298 -0.0152993957 -0.00348902633
v 0.00949046481 -0.0153371226 -0.00238163862
v 0.00965300947 -0.0153282043 -0.00346952653
v 0.00958360173 -0.0153515954 -0.00236360915
v 0.00983928051 -0.0153571488 -0.00343346782
v 0.00967479125 -0.0153660253 -0.00233743736
v 0.0100216614 -0.0153860087 -0.003381124
v 0.0097633414 -0.0153803034 -0.00230332254
v 0.0101987617 -0.0154145649 -0.00331289461
v 0.0098485779 -0.0153943198 -0.00226152432
v 0.0103692347 -0.0154425995 -0.00322929793
v 0.00992985256 -0.0154079702 -0.00221236097
v 0.0105317822 -0.0154698985 -0.00313097099
v 0.0100065451 -0.0154211484 -0.00215620594
v 0.0106851682 -0.0154962558 -0.0030186614
v 0.0100780735 -0.0154337548 -0.00209348742
v 0.0108282249 -0.0155214695 -0.00289322413
v 0.0101438919 -0.0154456943 -0.00202468247
v 0.0109598627 -0.0155453477 -0.002755614
v 0.0102035012 -0.0154568749 -0.0019503145
v 0.0110790813 -0.0155677097 -0.00260687829
v 0.00839008857 -0.0186728872 -0.000386799598
v 0.00847863872 -0.0186871663 -0.000352684787
v 0.00856982917 -0.0187015962 -0.000326512847
v 0.00866296515 -0.0187160671 -0.000308483519
v 0.00875733886 -0.0187304728 -0.000298733648
v 0.00885223038 -0.0187446997 -0.00029733713
v 0.00894691888 -0.0187586397 -0.000304305373
v 0.00904068351 -0.0187721904 -0.000319584302
v 0.00913280994 -0.0187852439 -0.000343059015
v 0.00922259875 -0.0187977031 -0.000374549447
v 0.00930936448 -0.018809475 -0.000413816742
v 0.00939244777 -0.0188204665 -0.000460562092
v 0.00947121717 -0.0188305955 -0.00051442947
v 0.00954507198 -0.0188397858 -0.000575008627
v 0.00961345062 -0.0188479666 -0.00064183923
v 0.00967583153 -0.0188550763 -0.000714411959
v 0.00973174162 -0.0188610591 -0.000792174891
v 0.00978075527 -0.0188658703 -0.000874535996
v 0.00982249901 -0.0188694745 -0.000960869133
v 0.00985665433 -0.0188718438 -0.00105051638
v 0.0098829614 -0.0188729577 -0.00114279566
v 0.00990122184 -0.0188728105 -0.00123700465
v 0.00991129503 -0.0188714042 -0.00133242714
v 0.00991310459 -0.0188687462 -0.00142833579
v 0.00990663748 -0.0188648589 -0.00152400136
v 0.00989194121 -0.0188597701 -0.00161869533
v 0.00986913033 -0.018853521 -0.00171169743
v 0.00983837526 -0.0188461579 -0.00180229987
v 0.00979991257 -0.0188377369 -0.00188981288
v 0.00975403376 -0.0188283212 -0.00197357032
v 0.009701089 -0.0188179836 -0.00205293507
v 0.0096414797 -0.0188068021 -0.00212730304
v 0.00957566034 -0.0187948644 -0.00219610799
v 0.0095041329 -0.0187822562 -0.00225882651
v 0.00942743942 -0.018769078 -0.00231498131
v 0.00934616569 -0.0187554285 -0.00236414489
v 0.00926092919 -0.0187414121 -0.00240594312
v 0.00917237904 -0.0187271331 -0.00244005793
v 0.00908118859 -0.0187127031 -0.00246622972
v 0.00898805261 -0.0186982304 -0.0024842592
v 0.00889367983 -0.0186838266 -0.00249400921
v 0.00879878737 -0.0186695997 -0.0024954055
v 0.00870409887 -0.0186556578 -0.00248843734
v 0.00861033425 -0.0186421089 -0.0024731583
v 0.00851820689 -0.0186290555 -0.00244968385
v 0.00842841901 -0.0186165944 -0.00241819303
v 0.00834165327 -0.0186048243 -0.00237892568
v 0.00825856999 -0.0185938329 -0.00233218051
v 0.00817980058 -0.0185837038 -0.00227831351
v 0.00810594577 -0.0185745135 -0.002217734
v 0.00803756807 -0.0185663328 -0.00215090369
v 0.00797518622 -0.018559223 -0.00207833061
v 0.0079192752 -0.0185532402 -0.00200056797
v 0.00787026249 -0.018548429 -0.00191820657
v 0.00782851968 -0.0185448248 -0.00183187379
v 0.00779436342 -0.0185424555 -0.00174222619
v 0.00776805542 -0.0185413416 -0.00164994702
v 0.00774979591 -0.0185414888 -0.00155573781
v 0.00773972273 -0.0185428951 -0.00146031589
v 0.00773791317 -0.0185455531 -0.00136440678
v 0.00774438074 -0.0185494404 -0.00126874167
v 0.00775907608 -0.0185545292 -0.00117404724
v 0.00778188789 -0.0185607783 -0.00108104513
v 0.00781264249 -0.0185681414 -0.000990442582
v 0.00785110518 -0.0185765624 -0.000902930042
v 0.007896984 -0.0185859781 -0.000819172186
v 0.00794992968 -0.0185963158 -0.000739807729
v 0.00800953805 -0.0186074954 -0.000665439467
v 0.00807535741 -0.0186194349 -0.000596634811
v 0.00814688578 -0.0186320432 -0.000533916231
v 0.00822357833 -0.0186452214 -0.000477761118
v 0.00830485206 -0.0186588708 -0.000428597821
v 0.00717354706 -0.0128466878 0.0102223288
v -0.000619803672 -0.0136963949 -0.00662188418
v 0.000308721093 -0.0138175664 -0.00719908345
v -0.000573924917 -0.0137058096 -0.00653812662
v 0.000400478631 -0.0138363969 -0.00703156833
v -0.000535462343 -0.0137142306 -0.00645061396
v 0.000477404566 -0.0138532389 -0.00685654208
v -0.000504707743 -0.0137215946 -0.00636001118
v 0.000538913417 -0.0138679659 -0.00667533744
v -0.000481896219 -0.0137278438 -0.0062670093
v 0.000584536581 -0.0138804642 -0.0064893337
v -0.000467200385 -0.0137329316 -0.00617231522
v 0.000613927958 -0.0138906399 -0.00629994506
v -0.000460733048 -0.0137368189 -0.00607664976
v 0.000626863213 -0.0138984155 -0.00610861415
v -0.000462542579 -0.0137394769 -0.00598074123
v 0.000623243628 -0.0139037305 -0.00591679662
v -0.000472615851 -0.0137408851 -0.00588531885
v 0.000603097316 -0.0139065459 -0.00572595233
v -0.000490875624 -0.0137410313 -0.00579110952
v 0.00056657719 -0.0139068402 -0.00553753367
v -0.000517183682 -0.0137399165 -0.00569883035
v 0.000513961422 -0.0139046097 -0.00535297533
v -0.000551339239 -0.0137375481 -0.00560918311
v 0.000445650396 -0.013899873 -0.00517368084
v -0.000593082572 -0.0137339439 -0.00552284997
v 0.000362163846 -0.0138926655 -0.00500101503
v -0.000642095518 -0.0137291327 -0.00544048846
v 0.000264137576 -0.0138830421 -0.00483629247
v -0.000698005839 -0.0137231499 -0.00536272582
v 0.000152317123 -0.0138710756 -0.00468076626
v -0.000760387513 -0.0137160402 -0.00529015297
v 2.75538241e-05 -0.013856858 -0.00453562103
v -0.000828766089 -0.0137078594 -0.00522332266
v -0.00010920276 -0.0138404965 -0.00440195994
v -0.000902620552 -0.0136986701 -0.00516274339
v -0.00025691223 -0.0138221169 -0.0042808014
v -0.000981389661 -0.0136885401 -0.00510887615
v -0.00041445042 -0.0138018569 -0.00417306647
v -0.00106447306 -0.0136775486 -0.00506213075
v -0.000580617227 -0.013779873 -0.00407957658
v -0.0011512395 -0.0136657776 -0.00502286339
v -0.000754149514 -0.013756332 -0.00400104141
v -0.00124102726 -0.0136533175 -0.00499137258
v -0.000933726085 -0.0137314117 -0.00393806025
v -0.00133315439 -0.0136402631 -0.00496789813
v -0.00111798011 -0.013705303 -0.00389111182
v -0.0014269189 -0.0136267142 -0.00495261932
v -0.00130550901 -0.0136782052 -0.00386055326
v -0.00152160774 -0.0136127733 -0.00494565116
v -0.00149488612 -0.0136503223 -0.00384661695
v -0.00161649939 -0.0135985464 -0.00494704768
v -0.00168466987 -0.0136218686 -0.00384940975
v -0.0017108724 -0.0135841416 -0.0049567977
v -0.00187341624 -0.01359306 -0.00386890979
v -0.00180400873 -0.0135696689 -0.0049748267
v -0.00205968809 -0.0135641154 -0.0039049685
v -0.00189519871 -0.013555239 -0.00500099873
v -0.00224206853 -0.0135352556 -0.00395731209
v -0.00198374898 -0.0135409618 -0.00503511354
v -0.00241916906 -0.0135066994 -0.00402554171
v -0.00206898549 -0.0135269444 -0.00507691177
v -0.00258964207 -0.0134786656 -0.00410913816
v -0.00215025945 -0.013513294 -0.00512607489
v -0.00275218976 -0.0134513658 -0.00420746533
v -0.00222695246 -0.0135001158 -0.00518223038
v -0.00290557579 -0.0134250084 -0.00431977492
v -0.0022984806 -0.0134875095 -0.0052449489
v -0.00304863206 -0.0133997947 -0.00444521196
v -0.00236429949 -0.0134755699 -0.00531375362
v -0.00318027032 -0.0133759165 -0.00458282186
v -0.00242390856 -0.0134643894 -0.00538812159
v -0.00329948822 -0.0133535545 -0.0047315578
v -0.00247685425 -0.0134540517 -0.0054674861
v -0.0034053789 -0.0133328801 -0.00489028729
v -0.00252273236 -0.0134446369 -0.00555124367
v -0.00349713652 -0.0133140497 -0.00505780242
v -0.00256119552 -0.013436215 -0.00563875679
v -0.00357406191 -0.0132972077 -0.0052328282
v -0.00259195012 -0.013428852 -0.00572935911
v -0.00363557064 -0.0132824806 -0.00541403284
v -0.0026147617 -0.0134226028 -0.00582236145
v -0.0036811945 -0.0132699823 -0.00560003705
v -0.00262945727 -0.013417515 -0.00591705553
v -0.00371058565 -0.0132598067 -0.00578942569
v -0.00263592484 -0.0134136267 -0.00601272099
v -0.00372352055 -0.0132520311 -0.0059807566
v -0.00263411505 -0.0134109696 -0.00610862998
v -0.00371990143 -0.013246716 -0.00617257413
v -0.0026240421 -0.0134095615 -0.0062040519
v -0.00369975506 -0.0132439006 -0.00636341842
v -0.00260578189 -0.0134094153 -0.00629826076
v -0.00366323465 -0.0132436063 -0.00655183662
v -0.00257947412 -0.0134105301 -0.00639054039
v -0.00361061934 -0.0132458368 -0.00673639541
v -0.00254531857 -0.0134128984 -0.00648018764
v -0.003542308 -0.0132505735 -0.00691568991
v -0.00250357529 -0.0134165017 -0.00656652031
v -0.00345882168 -0.013257781 -0.00708835572
v -0.00245456188 -0.0134213138 -0.00664888183
v -0.00336079509 -0.0132674044 -0.00725307781
v -0.00239865202 -0.0134272967 -0.00672664447
v -0.00324897491 -0.013279371 -0.00740860403
v -0.00233627018 -0.0134344054 -0.00679921778
v -0.00312421168 -0.0132935885 -0.00755374972
v -0.00226789177 -0.0134425862 -0.00686604809
v -0.00298745465 -0.01330995 -0.00768741081
v -0.0021940372 -0.0134517765 -0.00692662736
v -0.00283974549 -0.0133283297 -0.00780856935
v -0.00211526826 -0.0134619065 -0.0069804946
v -0.00268220739 -0.0133485887 -0.00791630428
v -0.00203218474 -0.0134728979 -0.00702724
v -0.00251604011 -0.0133705735 -0.00800979417
v -0.00194541842 -0.0134846689 -0.00706650689
v -0.00234250794 -0.0133941146 -0.00808832888
v -0.00185563008 -0.0134971291 -0.0070979977
v -0.00216293172 -0.0134190349 -0.0081513105
v -0.00176350353 -0.0135101834 -0.00712147215
v -0.0019786777 -0.0134451427 -0.00819825847
v -0.00166973879 -0.0135237323 -0.00713675143
v -0.00179114868 -0.0134722413 -0.00822881702
v -0.00157505006 -0.0135376733 -0.00714371959
v -0.0016017718 -0.0135001242 -0.00824275333
v -0.00148015842 -0.0135519002 -0.00714232307
v -0.00141198793 -0.013528578 -0.00823996123
v -0.00138578541 -0.0135663049 -0.00713257305
v -0.00122324144 -0.0135573866 -0.0082204612
v -0.00129264907 -0.0135807768 -0.00711454358
v -0.00103696925 -0.0135863312 -0.00818440225
v -0.00120145909 -0.0135952076 -0.00708837202
v -0.000854589161 -0.013615191 -0.0081320582
v -0.00111290882 -0.0136094848 -0.00705425721
v -0.000677488686 -0.0136437472 -0.0080638295
v -0.00102767232 -0.0136235021 -0.00701245898
v -0.000507015793 -0.0136717809 -0.00798023213
v -0.000946398475 -0.0136371516 -0.0069632954
v -0.000344467582 -0.0136990808 -0.00788190495
v -0.000869705284 -0.0136503307 -0.00690714037
v -0.000191082087 -0.0137254372 -0.00776959583
v -0.000798177265 -0.0136629371 -0.00684442185
v -4.80256203e-05 -0.0137506509 -0.00764415879
v -0.00073235837 -0.0136748767 -0.00677561713
v 8.36125255e-05 -0.01377453 -0.00750654843
v -0.000672749185 -0.0136860572 -0.00670124916
v 0.000202830517 -0.0137968911 -0.00735781295
v -0.00248616165 -0.0169020705 -0.00513773412
v -0.0023976115 -0.0169163477 -0.0051036193
v -0.00230642152 -0.0169307776 -0.00507744728
v -0.00221328507 -0.0169452503 -0.00505941827
v -0.00211891206 -0.0169596542 -0.00504966825
v -0.00202402053 -0.0169738811 -0.00504827173
v -0.00192933169 -0.0169878229 -0.00505523989
v -0.00183556718 -0.0170013718 -0.0050705187
v -0.00174344005 -0.0170144252 -0.00509399315
v -0.00165365229 -0.0170268863 -0.00512548396
v -0.00156688597 -0.0170386564 -0.00516475132
v -0.00148380245 -0.0170496479 -0.00521149673
v -0.00140503328 -0.0170597788 -0.00526536396
v -0.00133117894 -0.0170689691 -0.00532594323
v -0.0012628003 -0.017077148 -0.00539277354
v -0.00120041869 -0.0170842577 -0.00546534639
v -0.00114450837 -0.0170902405 -0.00554310903
v -0.00109549542 -0.0170950536 -0.00562547054
v -0.00105375203 -0.0170986559 -0.00571180368
v -0.00101959647 -0.0171010252 -0.00580145093
v -0.000993288355 -0.0171021391 -0.00589373009
v -0.00097502867 -0.0171019938 -0.00598793942
v -0.000964955369 -0.0171005856 -0.0060833618
v -0.000963145867 -0.0170979276 -0.00617927033
v -0.000969613204 -0.0170940403 -0.00627493579
v -0.000984309008 -0.0170889515 -0.00636962987
v -0.00100712059 -0.0170827024 -0.00646263175
v -0.00103787519 -0.0170753393 -0.00655323453
v -0.00107633765 -0.0170669183 -0.00664074719
v -0.00112221646 -0.0170575026 -0.00672450475
v -0.00117516203 -0.017047165 -0.00680386974
v -0.00123477122 -0.0170359854 -0.00687823771
v -0.00130059011 -0.0170240458 -0.00694704242
v -0.00137211813 -0.0170114394 -0.00700976094
v -0.00144881126 -0.0169982612 -0.00706591597
v -0.00153008511 -0.0169846099 -0.00711507956
v -0.00161532161 -0.0169705935 -0.00715687778
v -0.00170387188 -0.0169563163 -0.00719099259
v -0.00179506186 -0.0169418845 -0.00721716415
v -0.0018881982 -0.0169274136 -0.00723519363
v -0.00198257109 -0.0169130079 -0.00724494364
v -0.00207746285 -0.0168987811 -0.00724634016
v -0.00217215158 -0.016884841 -0.007239372
v -0.00226591621 -0.0168712921 -0.00722409273
v -0.00235804287 -0.0168582369 -0.00720061827
v -0.00244783121 -0.0168457776 -0.00716912746
v -0.00253459765 -0.0168340057 -0.00712986011
v -0.00261768093 -0.0168230142 -0.00708311517
v -0.00269644987 -0.0168128852 -0.00702924794
v -0.00277030445 -0.0168036949 -0.00696866866
v -0.00283868308 -0.0167955142 -0.00690183835
v -0.0029010647 -0.0167884044 -0.00682926504
v -0.00295697479 -0.0167824216 -0.0067515024
v -0.00300598796 -0.0167776104 -0.00666914089
v -0.00304773124 -0.0167740062 -0.00658280822
v -0.00308188703 -0.0167716388 -0.00649316097
v -0.00310819456 -0.016770523 -0.00640088134
v -0.00312645477 -0.0167706702 -0.00630667247
v -0.00313652796 -0.0167720784 -0.00621125055
v -0.00313833752 -0.0167747363 -0.00611534156
v -0.00313187018 -0.0167786237 -0.0060196761
v -0.00311717438 -0.0167837106 -0.00592498202
v -0.00309436279 -0.0167899597 -0.00583197968
v -0.00306360843 -0.0167973228 -0.00574137736
v -0.00302514527 -0.0168057457 -0.00565386424
v -0.00297926692 -0.0168151595 -0.00557010667
v -0.00292632147 -0.0168254972 -0.00549074216
v -0.0028667124 -0.0168366786 -0.00541637419
v -0.00280089327 -0.0168486182 -0.00534756947
v -0.00272936537 -0.0168612245 -0.00528485095
v -0.00265267212 -0.0168744028 -0.00522869546
v -0.00257139816 -0.0168880522 -0.00517953234
v -0.00219751638 -0.0120238578 -0.00398026779
v -0.00202041608 -0.012052414 -0.00391203817
v -0.00183803542 -0.0120812738 -0.00385969481
v -0.00165176368 -0.0121102184 -0.00382363587
v -0.00146301731 -0.0121390279 -0.00380413607
v -0.00127323344 -0.0121674817 -0.00380134326
v -0.00108385645 -0.0121953636 -0.00381527958
v -0.000896327489 -0.0122224623 -0.0038458379
v -0.000712073466 -0.012248571 -0.00389278657
v -0.000532496895 -0.0122734904 -0.00395576796
v -0.000358964608 -0.0122970324 -0.00403430266
v -0.000192797786 -0.0123190163 -0.00412779301
v -3.52596071e-05 -0.0123392753 -0.00423552748
v 0.000112449859 -0.012357655 -0.00435668603
v 0.000249206438 -0.0123740165 -0.00449034711
v 0.000373969728 -0.012388234 -0.00463549281
v 0.000485790195 -0.0124002006 -0.00479101855
v 0.000583816436 -0.0124098239 -0.00495574111
v 0.000667303044 -0.0124170315 -0.00512840692
v 0.000735614041 -0.0124217691 -0.00530770142
v 0.000788229809 -0.0124239987 -0.00549225975
v 0.000824749935 -0.0124237053 -0.00568067841
v 0.000844896247 -0.0124208899 -0.00587152271
v 0.000848515832 -0.0124155739 -0.00606334023
v 0.000835580577 -0.0124077993 -0.00625467114
v 0.0008061892 -0.0123976227 -0.00644405978
v 0.000760566036 -0.0123851243 -0.00663006399
v 0.000699057186 -0.0123703973 -0.00681126816
v 0.000622131221 -0.0123535553 -0.00698629441
v 0.000530373713 -0.0123347249 -0.00715380954
v 0.000424483122 -0.0123140505 -0.00731253903
v 0.00030526513 -0.0122916885 -0.00746127451
v 0.000173626991 -0.0122678103 -0.00759888487
v 3.05705253e-05 -0.0122425966 -0.00772432238
v -0.000122814978 -0.0122162392 -0.0078366315
v -0.000285363174 -0.0121889403 -0.00793495867
v -0.000455836038 -0.0121609056 -0.00801855512
v -0.000632936542 -0.0121323494 -0.00808678474
v -0.000815316627 -0.0121034896 -0.0081391288
v -0.00100158888 -0.012074545 -0.00817518774
v -0.00119033526 -0.0120457364 -0.00819468684
v -0.00138011912 -0.0120172827 -0.00819747988
v -0.00156949612 -0.0119893998 -0.00818354357
v -0.00175702514 -0.011962302 -0.00815298501
v -0.00194127916 -0.0119361933 -0.00810603611
v -0.00212085526 -0.011911273 -0.00804305542
v -0.00229438744 -0.011887732 -0.00796452072
v -0.00246055494 -0.0118657481 -0.0078710299
v -0.00261809304 -0.011845489 -0.00776329543
v -0.00276580197 -0.0118271085 -0.00764213689
v -0.002902559 -0.011810747 -0.00750847626
v -0.00302732247 -0.0117965294 -0.00736333057
v -0.00313914241 -0.0117845628 -0.00720780389
v -0.003237169 -0.0117749395 -0.0070430818
v -0.00332065555 -0.011767732 -0.00687041646
v -0.00338896667 -0.0117629953 -0.0066911215
v -0.00344158197 -0.0117607648 -0.0065065627
v -0.00347810262 -0.0117610591 -0.0063181445
v -0.00349824876 -0.0117638744 -0.00612730067
v -0.00350186788 -0.0117691895 -0.00593548268
v -0.0034889332 -0.0117769651 -0.00574415224
v -0.00345954183 -0.0117871407 -0.00555476313
v -0.0034139182 -0.0117996391 -0.00536875939
v -0.00335240946 -0.0118143661 -0.00518755428
v -0.00327548385 -0.0118312091 -0.00501252851
v -0.00318372645 -0.0118500385 -0.00484501338
v -0.00307783578 -0.0118707139 -0.00468628434
v -0.00295861787 -0.011893075 -0.0045375484
v -0.00282697962 -0.0119169541 -0.00439993851
v -0.00268392311 -0.0119421678 -0.004274501
v -0.00253053708 -0.0119685242 -0.00416219141
v -0.00236798939 -0.0119958241 -0.00406386424
v 0.00574415876 -0.0145992357 -0.00820820034
v 0.00522350194 -0.0145509569 -0.00724042673
v 0.00566288456 -0.0145855863 -0.00825736392
v 0.00506095402 -0.014523657 -0.0073387539
v 0.00558619201 -0.0145724081 -0.00831351895
v 0.00490756845 -0.0144973006 -0.00745106349
v 0.00551466364 -0.0145598007 -0.008376237
v 0.00476451218 -0.0144720869 -0.00757650053
v 0.00544884475 -0.0145478621 -0.00844504219
v 0.00463287393 -0.0144482087 -0.00771411043
v 0.00538923545 -0.0145366807 -0.00851941016
v 0.00451365579 -0.0144258467 -0.00786284637
v 0.00533629023 -0.0145263439 -0.00859877467
v 0.00440776534 -0.0144051723 -0.0080215754
v 0.00529041141 -0.0145169282 -0.00868253224
v 0.00431600772 -0.0143863419 -0.00818909053
v 0.00525194872 -0.0145085072 -0.00877004582
v 0.00423908187 -0.0143694989 -0.00836411677
v 0.00522119412 -0.0145011442 -0.00886064768
v 0.00417757314 -0.0143547729 -0.00854532141
v 0.00519838231 -0.0144948941 -0.00895364955
v 0.00413194951 -0.0143422736 -0.00873132609
v 0.00518368697 -0.0144898063 -0.00904834364
v 0.00410255836 -0.014332098 -0.00892071426
v 0.0051772194 -0.0144859189 -0.00914400909
v 0.00408962322 -0.0143243233 -0.00911204517
v 0.00517902896 -0.0144832609 -0.00923991855
v 0.00409324281 -0.0143190073 -0.00930386223
v 0.00518910214 -0.0144818537 -0.00933534
v 0.00411338918 -0.0143161919 -0.00949470699
v 0.00520736212 -0.0144817065 -0.0094295498
v 0.00414990913 -0.0143158985 -0.00968312565
v 0.00523367012 -0.0144828213 -0.00952182896
v 0.00420252513 -0.0143181281 -0.00986768398
v 0.00526782591 -0.0144851897 -0.00961147621
v 0.00427083625 -0.0143228648 -0.0100469785
v 0.00530956872 -0.0144887939 -0.00969780888
v 0.00435432233 -0.0143300723 -0.0102196438
v 0.0053585819 -0.0144936061 -0.0097801704
v 0.00445234869 -0.0143396966 -0.0103843668
v 0.00541449245 -0.0144995889 -0.00985793304
v 0.00456416933 -0.0143516622 -0.0105398921
v 0.00547687383 -0.0145066977 -0.00993050635
v 0.00468893256 -0.0143658808 -0.0106850388
v 0.00554525247 -0.0145148784 -0.00999733619
v 0.00482568936 -0.0143822413 -0.0108186994
v 0.00561910728 -0.0145240687 -0.0100579159
v 0.00497339899 -0.0144006219 -0.0109398579
v 0.00569787575 -0.0145341977 -0.0101117827
v 0.00513093639 -0.0144208809 -0.0110475924
v 0.0057809595 -0.0145451901 -0.0101585286
v 0.0052971039 -0.0144428648 -0.0111410832
v 0.0058677257 -0.0145569611 -0.0101977959
v 0.0054706363 -0.0144664068 -0.011219617
v 0.00595751405 -0.0145694204 -0.0102292858
v 0.00565021252 -0.0144913262 -0.0112825986
v 0.00604964094 -0.0145824747 -0.0102527607
v 0.00583446631 -0.0145174349 -0.0113295475
v 0.00614340557 -0.0145960245 -0.01026804
v 0.00602199556 -0.0145445336 -0.0113601061
v 0.00623809407 -0.0146099655 -0.0102750082
v 0.00621137256 -0.0145724155 -0.0113740424
v 0.00633298606 -0.0146241924 -0.0102736121
v 0.00640115654 -0.0146008693 -0.0113712493
v 0.00642735884 -0.0146385962 -0.0102638621
v 0.00658990256 -0.0146296779 -0.0113517493
v 0.00652049482 -0.014653069 -0.0102458326
v 0.00677617453 -0.0146586224 -0.0113156904
v 0.00661168527 -0.0146674989 -0.0102196606
v 0.00695855496 -0.0146874832 -0.0112633472
v 0.00670023542 -0.014681777 -0.0101855462
v 0.00713565573 -0.0147160385 -0.0111951176
v 0.00678547192 -0.0146957943 -0.0101437476
v 0.00730612874 -0.0147440732 -0.0111115212
v 0.00686674612 -0.0147094438 -0.010094584
v 0.00746867666 -0.014771373 -0.011013194
v 0.00694343867 -0.014722622 -0.0100384289
v 0.00762206223 -0.0147977294 -0.0109008849
v 0.00701496704 -0.0147352293 -0.00997571088
v 0.0077651185 -0.0148229431 -0.0107754469
v 0.00708078593 -0.0147471679 -0.0099069057
v 0.00789675675 -0.0148468213 -0.0106378375
v 0.00714039523 -0.0147583494 -0.00983253773
v 0.00801597442 -0.0148691833 -0.0104891015
v 0.00719334045 -0.0147686861 -0.00975317322
v 0.0081218658 -0.0148898577 -0.0103303716
v 0.00723921927 -0.0147781018 -0.00966941565
v 0.0082136225 -0.0149086881 -0.0101628564
v 0.00727768196 -0.0147865228 -0.00958190206
v 0.00829054881 -0.0149255311 -0.00998783112
v 0.00730843656 -0.0147938859 -0.00949130021
v 0.00835205708 -0.0149402572 -0.00980662648
v 0.00733124791 -0.014800136 -0.00939829741
v 0.00839768071 -0.0149527565 -0.0096206218
v 0.00734594371 -0.0148052238 -0.00930360332
v 0.00842707232 -0.0149629321 -0.00943123363
v 0.00735241128 -0.0148091111 -0.00920793787
v 0.00844000746 -0.0149707068 -0.00923990272
v 0.00735060172 -0.0148117691 -0.00911202934
v 0.0084363874 -0.0149760228 -0.00904808473
v 0.00734052854 -0.0148131764 -0.00901660696
v 0.00841624103 -0.0149788382 -0.0088572409
v 0.00732226856 -0.0148133235 -0.00892239809
v 0.00837972108 -0.0149791315 -0.00866882224
v 0.00729596056 -0.0148122087 -0.00883011892
v 0.00832710601 -0.0149769019 -0.0084842639
v 0.00726180477 -0.0148098404 -0.00874047168
v 0.00825879443 -0.0149721652 -0.00830496941
v 0.00722006196 -0.0148062361 -0.008654139
v 0.00817530788 -0.0149649577 -0.00813230406
v 0.00717104878 -0.014801424 -0.00857177749
v 0.00807728153 -0.0149553334 -0.00796758104
v 0.00711513823 -0.0147954412 -0.00849401485
v 0.00796546135 -0.0149433678 -0.00781205529
v 0.00705275685 -0.0147883324 -0.00842144154
v 0.00784069765 -0.0149291493 -0.00766690914
v 0.00698437821 -0.0147801517 -0.00835461076
v 0.00770394132 -0.0149127888 -0.00753324851
v 0.0069105234 -0.0147709614 -0.00829403196
v 0.00755623169 -0.0148944082 -0.00741208997
v 0.00683175446 -0.0147608323 -0.00824016426
v 0.00739869382 -0.0148741491 -0.0073043555
v 0.00674867118 -0.0147498399 -0.00819341931
v 0.00723252678 -0.0148521652 -0.00721086515
v 0.00666190498 -0.0147380689 -0.00815415196
v 0.00705899438 -0.0148286233 -0.00713233044
v 0.00657211663 -0.0147256097 -0.00812266115
v 0.00687941816 -0.0148037039 -0.00706934882
v 0.00647998974 -0.0147125553 -0.00809918717
v 0.00669516437 -0.0147775952 -0.00702240039
v 0.00638622511 -0.0146990055 -0.00808390789
v 0.00650763512 -0.0147504965 -0.00699184183
v 0.00629153661 -0.0146850646 -0.00807693973
v 0.00631825812 -0.0147226145 -0.00697790552
v 0.00619664462 -0.0146708377 -0.00807833578
v 0.00612847414 -0.0146941608 -0.00698069809
v 0.00610227184 -0.0146564338 -0.0080880858
v 0.00593972811 -0.0146653522 -0.00700019812
v 0.0060091354 -0.0146419611 -0.00810611527
v 0.00575345568 -0.0146364076 -0.00703625707
v 0.00591794541 -0.0146275312 -0.0081322873
v 0.00557107572 -0.0146075469 -0.00708860066
v 0.00582939526 -0.0146132531 -0.00816640165
v 0.00539397495 -0.0145789916 -0.00715683028
v 0.00532698259 -0.0179743618 -0.00826902222
v 0.00541553274 -0.017988639 -0.00823490787
v 0.00550672272 -0.0180030689 -0.00820873585
v 0.0055998587 -0.0180175416 -0.00819070637
v 0.00569423195 -0.0180319455 -0.00818095636
v 0.00578912394 -0.0180461723 -0.0081795603
v 0.00588381244 -0.0180601142 -0.00818652846
v 0.00597757706 -0.0180736631 -0.00820180774
v 0.00606970396 -0.0180867184 -0.00822528172
v 0.0061594923 -0.0180991776 -0.00825677253
v 0.00624625804 -0.0181109477 -0.00829603989
v 0.00632934179 -0.018121941 -0.00834278483
v 0.00640811073 -0.0181320701 -0.00839665253
v 0.00648196554 -0.0181412604 -0.00845723134
v 0.00655034371 -0.0181494411 -0.00852406211
v 0.00661272556 -0.018156549 -0.00859663542
v 0.00666863564 -0.0181625336 -0.00867439806
v 0.00671764882 -0.0181673449 -0.00875675958
v 0.0067593921 -0.0181709491 -0.00884309225
v 0.00679354742 -0.0181733165 -0.0089327395
v 0.00681985542 -0.0181744322 -0.00902501866
v 0.0068381154 -0.0181742851 -0.00911922753
v 0.00684818858 -0.0181728769 -0.00921464991
v 0.00684999861 -0.0181702189 -0.00931055844
v 0.00684353104 -0.0181663316 -0.00940622389
v 0.00682883523 -0.0181612447 -0.00950091798
v 0.00680602342 -0.0181549955 -0.00959392078
v 0.00677526928 -0.0181476306 -0.00968452264
v 0.00673680613 -0.0181392096 -0.00977203622
v 0.00669092732 -0.0181297939 -0.00985579379
v 0.00663798209 -0.0181194581 -0.0099351583
v 0.00657837326 -0.0181082767 -0.0100095263
v 0.00651255436 -0.0180963371 -0.0100783315
v 0.00644102599 -0.0180837307 -0.0101410495
v 0.00636433298 -0.0180705525 -0.0101972045
v 0.00628305925 -0.018056903 -0.0102463681
v 0.00619782275 -0.0180428848 -0.0102881659
v 0.0061092726 -0.0180286076 -0.0103222812
v 0.00601808215 -0.0180141777 -0.0103484532
v 0.00592494616 -0.0179997049 -0.0103664827
v 0.00583057292 -0.0179853011 -0.0103762327
v 0.00573568093 -0.0179710742 -0.0103776287
v 0.00564099243 -0.0179571323 -0.0103706606
v 0.0055472278 -0.0179435834 -0.0103553813
v 0.00545510091 -0.0179305281 -0.0103319064
v 0.00536531303 -0.0179180689 -0.0103004165
v 0.00527854683 -0.0179062989 -0.0102611491
v 0.00519546308 -0.0178953055 -0.0102144033
v 0.00511669414 -0.0178851765 -0.0101605365
v 0.0050428398 -0.0178759862 -0.0100999568
v 0.00497446116 -0.0178678054 -0.0100331269
v 0.00491207931 -0.0178606976 -0.00996055361
v 0.00485616922 -0.0178547148 -0.00988279097
v 0.00480715604 -0.0178499017 -0.00980042946
v 0.00476541277 -0.0178462975 -0.00971409678
v 0.00473125745 -0.0178439301 -0.00962444954
v 0.00470494945 -0.0178428143 -0.00953217037
v 0.00468668947 -0.0178429615 -0.00943796057
v 0.00467661628 -0.0178443696 -0.00934253912
v 0.00467480673 -0.0178470276 -0.00924662966
v 0.00468127429 -0.017850915 -0.00915096421
v 0.00469596963 -0.0178560019 -0.00905627012
v 0.00471878145 -0.0178622529 -0.00896326825
v 0.00474953605 -0.0178696159 -0.0088726664
v 0.00478799874 -0.0178780369 -0.00878515281
v 0.00483387755 -0.0178874526 -0.00870139524
v 0.00488682278 -0.0178977884 -0.00862203073
v 0.00494643161 -0.0179089699 -0.00854766276
v 0.00501225097 -0.0179209094 -0.00847885758
v 0.00508377887 -0.0179335158 -0.00841613952
v 0.00516047189 -0.017946694 -0.00835998449
v 0.00524174608 -0.0179603435 -0.00831082091
v 0.00990036782 0.00763781741 0.0123375561
v 0.00985298306 0.00773313828 0.0123138856
v 0.0104835434 0.00858241227 0.0125570185
v 0.0100111002 0.00700408919 0.0124068214
v 0.00999931246 0.00689568883 0.012405416
v 0.00996825751 0.00513518136 0.0124517689
v 0.00997890253 0.00678869197 0.0124002444
v 0.0100141745 0.00711306836 0.0124044493
v 0.0100085139 0.00722179748 0.0123983175
v 0.00999416225 0.00732944766 0.0123884743
v 0.00997122563 0.0074352012 0.0123749934
v 0.00993988104 0.00753825251 0.0123579772
v 0.0096884761 0.0062202788 0.0122942766
v 0.0097551709 0.0063025509 0.0123202493
v 0.00981510151 0.00639074109 0.012343104
v 0.00986781251 0.00648417836 0.0123626674
v 0.00991290063 0.0065821507 0.0123787886
v 0.00995002501 0.00668391353 0.0123913465
v 0.00945311505 0.00601497758 0.0121997343
v 0.00953687076 0.00607594289 0.0122337881
v 0.00961552374 0.00614455016 0.0122653833
v 0.00772163924 0.00715620862 0.0114142327
v 0.0067689321 0.00732022524 0.0109977722
v 0.00773342652 0.00726460945 0.011415638
v 0.00679853139 0.00751824211 0.0110038184
v 0.00775383646 0.00737160537 0.0114208097
v 0.00684381463 0.00771293556 0.0110167405
v 0.00778271304 0.00747638382 0.0114297075
v 0.00690443814 0.00790282898 0.0110364426
v 0.00781983696 0.00757814711 0.0114422655
v 0.00697994232 0.00808648299 0.0110627748
v 0.00786492601 0.00767611945 0.0114583876
v 0.00706975441 0.00826250482 0.0110955359
v 0.00791763607 0.00776955625 0.01147795
v 0.00717319315 0.00842955802 0.0111344792
v 0.00797756761 0.00785774644 0.0115008047
v 0.00728947436 0.00858637691 0.0111793084
v 0.00804426242 0.00794001948 0.0115267774
v 0.00741771609 0.00873177126 0.0112296836
v 0.00811721478 0.00801574811 0.0115556708
v 0.00755694509 0.0088646384 0.0112852231
v 0.00819586776 0.00808435492 0.0115872659
v 0.00770610571 0.00898397062 0.0113455048
v 0.0082796244 0.00814532023 0.0116213197
v 0.0078640664 0.00908886362 0.0114100724
v 0.00836784579 0.00819817837 0.0116575751
v 0.00802962948 0.00917852111 0.0114784352
v 0.00845986232 0.00824252795 0.0116957556
v 0.00820153952 0.0092522623 0.0115500763
v 0.00855497178 0.0082780309 0.0117355715
v 0.00837849081 0.00930952933 0.0116244508
v 0.00865245145 0.00830441806 0.0117767183
v 0.00855914317 0.00934988633 0.0117009953
v 0.00875155907 0.00832148641 0.011818883
v 0.00874212664 0.00937302876 0.0117791286
v 0.00885154027 0.00832910836 0.0118617453
v 0.00892605167 0.00937878061 0.0118582584
v 0.00895163417 0.00832722429 0.0119049791
v 0.00910952315 0.0093670981 0.011937785
v 0.00905107986 0.00831585098 0.0119482549
v 0.00929115154 0.00933806784 0.0120171057
v 0.00914911926 0.00829507131 0.0119912438
v 0.00946955848 0.00929191429 0.0120956171
v 0.0092450073 0.0082650464 0.012033619
v 0.00964338891 0.00922898389 0.0121727241
v 0.00933801383 0.00822600257 0.0120750563
v 0.00981132686 0.00914975628 0.0122478437
v 0.00942742918 0.00817823969 0.012115242
v 0.00997209735 0.0090548303 0.0123204039
v 0.00951257627 0.00812211819 0.0121538695
v 0.0101244813 0.00894492678 0.0123898555
v 0.00959280413 0.00805806741 0.0121906446
v 0.0102673229 0.00882088114 0.012455672
v 0.00966750458 0.00798657443 0.0122252889
v 0.0103995381 0.0086836312 0.0125173535
v 0.00973610766 0.00790818222 0.0122575369
v 0.0097980909 0.00782348868 0.0122871445
v 0.00936489273 0.00596211944 0.0121634789
v 0.00985870324 0.00506547699 0.0124068847
v 0.0092728762 0.00591776986 0.0121252984
v 0.00969271362 0.00497677969 0.0123383049
v 0.00917776674 0.00588226691 0.0120854825
v 0.00952045619 0.00490403594 0.0122664804
v 0.00908028707 0.00585588021 0.0120443357
v 0.00934323668 0.0048477971 0.0121919559
v 0.00898118038 0.00583881093 0.012002171
v 0.00916240178 0.0048084897 0.0121152969
v 0.00888119824 0.00583118899 0.0119593088
v 0.00897932053 0.00478641316 0.0120370844
v 0.00878110342 0.00583307259 0.0119160749
v 0.00879538339 0.0047817328 0.0119579127
v 0.00868165866 0.0058444473 0.0118727991
v 0.00861198455 0.00479448587 0.0118783815
v 0.00858361926 0.00586522603 0.0118298102
v 0.00843051448 0.00482457457 0.0117990943
v 0.00848773122 0.00589525141 0.011787436
v 0.00825235154 0.00487177167 0.0117206518
v 0.00839472562 0.00593429478 0.0117459977
v 0.00807884429 0.00493571861 0.01164365
v 0.00830530841 0.00598205812 0.0117058121
v 0.00791131146 0.00501593016 0.011568672
v 0.00822016224 0.00603817916 0.0116671845
v 0.00775102153 0.00511179818 0.0114962868
v 0.00813993346 0.00610222993 0.0116304094
v 0.00759919174 0.00522259576 0.0114270439
v 0.00806523394 0.00617372338 0.0115957651
v 0.00745697226 0.00534748193 0.0113614677
v 0.00799663179 0.00625211513 0.0115635172
v 0.00732544344 0.00548551045 0.0113000553
v 0.00793464761 0.00633680914 0.0115339095
v 0.00720560178 0.00563563313 0.0112432744
v 0.00787975453 0.00642715953 0.0115071684
v 0.00709835673 0.00579671236 0.0111915534
v 0.00783237163 0.0065224804 0.0114834979
v 0.00700452132 0.00596752623 0.0111452863
v 0.00779285654 0.0066220453 0.0114630768
v 0.00692480756 0.00614677882 0.0111048231
v 0.00776151242 0.00672509661 0.0114460606
v 0.00685981987 0.00633311085 0.0110704713
v 0.00773857674 0.00683085015 0.0114325797
v 0.00681005139 0.00652510906 0.0110424906
v 0.00772422412 0.00693850033 0.0114227366
v 0.0067758793 0.00672131684 0.0110210935
v 0.00771856355 0.00704722945 0.0114166047
v 0.00675756345 0.00692024641 0.0110064428
v 0.00675524166 0.00712038856 0.0109986495
v 0.0101599377 0.00882933009 0.0127046565
v 0.0103572709 0.00868695695 0.0126153547
v 0.00988086872 0.00899569318 0.012827849
v 0.00994828902 0.00895879045 0.0127983782
v 0.00981643517 0.00506880274 0.0125048859
v 0.0095853284 0.00498522911 0.0125872893
v 0.00934426393 0.00491789961 0.0126750031
v 0.00926874299 0.00490061473 0.012702819
v 0.00914531853 0.00486337068 0.0126508512
v 0.00896448363 0.00482406328 0.0125741921
v 0.00878140237 0.00480198674 0.0124959806
v 0.00859746616 0.00479730638 0.0124168089
v 0.00841406733 0.00481005944 0.0123372776
v 0.00823259726 0.00484014815 0.0122579895
v 0.00805443339 0.00488734525 0.012179547
v 0.00788092613 0.00495129218 0.0121025452
v 0.00771339331 0.00503150374 0.0120275673
v 0.00755310338 0.00512737175 0.0119551821
v 0.00740127359 0.00523816934 0.0118859392
v 0.00725905458 0.0053630555 0.0118203629
v 0.00712752575 0.00550108356 0.0117589515
v 0.00700768409 0.00565120671 0.0117021697
v 0.00690043857 0.00581228593 0.0116504496
v 0.00680660363 0.00598309981 0.0116041815
v 0.00672688941 0.00616235239 0.0115637183
v 0.00666190172 0.00634868443 0.0115293665
v 0.0066121337 0.00654068263 0.0115013858
v 0.00657796161 0.00673689041 0.0114799887
v 0.00655964529 0.00693581952 0.0114653381
v 0.00655732397 0.00713596214 0.0114575448
v 0.00657101441 0.00733579881 0.0114566674
v 0.00660061371 0.00753381569 0.0114627136
v 0.00664589694 0.00772850914 0.0114756366
v 0.00670652045 0.00791840255 0.0114953388
v 0.00678202417 0.00810205657 0.01152167
v 0.00687183673 0.0082780784 0.0115544321
v 0.00697527546 0.00844513159 0.0115933744
v 0.00709155668 0.00860195048 0.0116382036
v 0.00721979793 0.00874734484 0.0116885789
v 0.00735902693 0.00888021197 0.0117441183
v 0.00750818802 0.0089995442 0.0118044
v 0.00766614918 0.00910443719 0.0118689677
v 0.00783171132 0.00919409469 0.0119373314
v 0.00800362136 0.00926783588 0.0120089715
v 0.00818057358 0.00932510197 0.012083346
v 0.00836122595 0.0093654599 0.0121598905
v 0.00854420848 0.00938860234 0.0122380238
v 0.00872813351 0.00939435419 0.0123171546
v 0.00891160592 0.00938267168 0.0123966811
v 0.00909323432 0.00935364142 0.0124760009
v 0.00927164033 0.00930748787 0.0125545124
v 0.00944547076 0.00924455747 0.0126316193
v 0.00961340871 0.00916532986 0.0127067389
v 0.0097741792 0.00907040387 0.0127792992
v -0.0142243598 -0.0102755027 -0.00236238516
v -0.0210155342 -0.00613193586 -0.00543198315
v -0.0117254034 -0.00764450943 -0.0013738937
v -0.0124642458 -0.0125873163 -0.00152480637
v -0.0145198964 -0.0122526251 -0.00242275023
v -0.0161032416 -0.0121280365 0.00124842103
v -0.0163513105 -0.0111083286 0.00219639461
v -0.0162035413 -0.0101197669 0.00222657714
v -0.0105486177 0.00826591346 0.00186240487
v -0.00103189796 0.00671644742 0.00601947261
v -0.0113402894 0.00832820777 0.00369798881
v -0.00182357035 0.00677874172 0.00785505679
v 0.0116158379 0.0117122456 0.0123943668
v 0.0101658795 0.0109023992 0.0128860641
v -0.0196551178 0.0117072277 -2.80252425e-06
v -0.0188634451 0.0116449334 -0.00183838641
v -0.0196669046 0.0115988264 -4.20733704e-06
v -0.018875232 0.011536533 -0.00183979119
v -0.0196699798 0.0114898477 -1.8357365e-06
v -0.0188783091 0.0114275534 -0.00183741958
v -0.0196643192 0.0113811186 4.29578768e-06
v -0.0188726466 0.0113188243 -0.0018312881
v -0.0196499676 0.0112734688 1.41386981e-05
v -0.0188582968 0.0112111745 -0.00182144518
v -0.0196270309 0.0111677153 2.762027e-05
v -0.0188353583 0.011105421 -0.00180796359
v -0.0195956863 0.0110646635 4.46360718e-05
v -0.0188040137 0.0110023692 -0.00179094775
v -0.0195561722 0.0109650986 6.50571528e-05
v -0.0187644996 0.0109028043 -0.00177052675
v -0.0195087884 0.0108697778 8.87283677e-05
v -0.0187171157 0.0108074835 -0.00174685556
v -0.0194538962 0.0107794274 0.00011546904
v -0.0186622236 0.0107171331 -0.00172011484
v -0.019391913 0.0106947338 0.000145076381
v -0.0186002403 0.0106324395 -0.00169050752
v -0.0193233099 0.0106163416 0.000177324706
v -0.0185316373 0.0105540473 -0.00165825919
v -0.0192486104 0.0105448486 0.000211968203
v -0.0184569377 0.0104825543 -0.00162361562
v -0.0191683825 0.0104807978 0.000248743803
v -0.0183767099 0.0104185035 -0.00158684014
v -0.0190832354 0.0104246764 0.000287371746
v -0.0182915628 0.010362382 -0.00154821214
v -0.0189938191 0.0103769135 0.000327557093
v -0.0182021465 0.0103146192 -0.00150802673
v -0.0189008135 0.0103378696 0.00036899469
v -0.0181091409 0.0102755753 -0.00146658916
v -0.0188049264 0.0103078447 0.000411369168
v -0.0180132538 0.0102455504 -0.00142421469
v -0.0187068861 0.010287066 0.000454357854
v -0.0179152135 0.0102247717 -0.001381226
v -0.0186074395 0.0102756908 0.000497634406
v -0.0178157669 0.0102133965 -0.00133794942
v -0.0185073446 0.0102738077 0.000540868088
v -0.0177156739 0.0102115134 -0.0012947158
v -0.0184073653 0.0102814296 0.000583730463
v -0.0176156927 0.0102191353 -0.00125185342
v -0.0183082577 0.0102984989 0.000625895278
v -0.0175165851 0.0102362046 -0.00120968861
v -0.0182107762 0.0103248851 0.000667042332
v -0.0174191054 0.0102625908 -0.00116854149
v -0.0181156676 0.0103603881 0.000706857478
v -0.017323995 0.0102980938 -0.00112872641
v -0.0180236511 0.0104047377 0.000745037862
v -0.0172319803 0.0103424434 -0.00109054602
v -0.0179354306 0.0104575958 0.000781293493
v -0.017143758 0.0103953015 -0.00105429033
v -0.0178516731 0.0105185611 0.000815348059
v -0.0170600004 0.0104562668 -0.00102023582
v -0.017773021 0.0105871689 0.000846942014
v -0.0169813484 0.0105248746 -0.00098864187
v -0.0177000687 0.0106628975 0.000875835656
v -0.016908396 0.0106006032 -0.000959748228
v -0.0176333729 0.0107451696 0.000901808555
v -0.0168417003 0.0106828753 -0.000933775329
v -0.0175734423 0.0108333593 0.000924663269
v -0.0167817697 0.010771065 -0.000910920615
v -0.0175207313 0.0109267961 0.000944226456
v -0.0167290587 0.0108645018 -0.000891357369
v -0.0174756441 0.0110247694 0.000960347417
v -0.0166839715 0.0109624751 -0.000875236467
v -0.0174385179 0.0111265322 0.000972905662
v -0.0166468453 0.0110642379 -0.000862678222
v -0.0174096432 0.0112313107 0.000981803634
v -0.0166179705 0.0111690164 -0.00085378025
v -0.0173892323 0.0113383075 0.000986975268
v -0.0165975597 0.0112760132 -0.000848608557
v -0.0173774455 0.0114467079 0.000988380052
v -0.0165857729 0.0113844136 -0.000847203773
v -0.0173743684 0.0115556866 0.000986008439
v -0.0165826976 0.0114933923 -0.000849575386
v -0.0173800308 0.0116644157 0.000979876961
v -0.0165883582 0.0116021214 -0.000855706923
v -0.0173943806 0.0117720664 0.000970034045
v -0.0166027099 0.0117097721 -0.000865549839
v -0.0174173191 0.0118778199 0.000956552452
v -0.0166256465 0.0118155256 -0.000879031431
v -0.0174486637 0.0119808707 0.000939536665
v -0.0166569911 0.0119185764 -0.000896047219
v -0.0174881779 0.0120804356 0.000919115613
v -0.0166965052 0.0120181413 -0.000916468271
v -0.0175355617 0.0121757565 0.000895444362
v -0.0167438891 0.0121134622 -0.000940139464
v -0.0175904538 0.0122661069 0.000868703704
v -0.0167987812 0.0122038126 -0.000966880179
v -0.0176524371 0.0123508004 0.000839096378
v -0.0168607645 0.0122885071 -0.000996487564
v -0.0177210402 0.0124291927 0.000806848053
v -0.0169293676 0.0123668984 -0.00102873577
v -0.0177957397 0.0125006856 0.000772204541
v -0.0170040671 0.0124383913 -0.00106337934
v -0.0178759675 0.0125647364 0.000735428941
v -0.0170842949 0.0125024421 -0.00110015494
v -0.0179611146 0.0126208579 0.000696800998
v -0.017169442 0.0125585636 -0.00113878283
v -0.0180505309 0.0126686217 0.000656615652
v -0.0172588583 0.0126063274 -0.00117896823
v -0.0181435365 0.0127076646 0.000615178025
v -0.0173518639 0.0126453703 -0.0012204058
v -0.0182394236 0.0127376895 0.000572803547
v -0.017447751 0.0126753952 -0.00126278028
v -0.0183374658 0.0127584692 0.000529814162
v -0.0175457932 0.0126961749 -0.00130576966
v -0.0184369106 0.0127698435 0.000486538309
v -0.017645238 0.0127075491 -0.00134904555
v -0.0185370035 0.0127717266 0.000443304627
v -0.0177453309 0.0127094323 -0.00139227929
v -0.0186369848 0.0127641046 0.000400442281
v -0.0178453121 0.0127018103 -0.00143514154
v -0.0187360924 0.0127470363 0.000358277466
v -0.0179444198 0.012684742 -0.00147730636
v -0.018833572 0.0127206491 0.000317130412
v -0.0180419013 0.0126583548 -0.00151845347
v -0.0189286824 0.0126851462 0.000277315266
v -0.0181370098 0.0126228519 -0.00155826856
v -0.0190206971 0.0126407966 0.000239134883
v -0.0182290263 0.0125785023 -0.00159644894
v -0.0191089194 0.0125879385 0.000202879251
v -0.0183172468 0.0125256442 -0.00163270463
v -0.019192677 0.0125269732 0.000168824685
v -0.0184010044 0.0124646788 -0.00166675914
v -0.019271329 0.0124583663 0.00013723076
v -0.0184796564 0.012396072 -0.00169835309
v -0.0193442814 0.0123826377 0.000108337103
v -0.0185526088 0.0123203434 -0.0017272468
v -0.0194109771 0.0123003647 8.23642113e-05
v -0.0186193045 0.0122380704 -0.00175321964
v -0.0194709077 0.0122121749 5.95094716e-05
v -0.0186792351 0.0121498806 -0.00177607441
v -0.0195236187 0.0121187381 3.99462624e-05
v -0.0187319461 0.0120564438 -0.00179563765
v -0.0195687059 0.0120207658 2.38253269e-05
v -0.0187770333 0.0119584715 -0.0018117585
v -0.0196058322 0.011919002 1.12671041e-05
v -0.0188141596 0.0118567077 -0.0018243168
v -0.0196347069 0.0118142236 2.36911455e-06
v -0.0188430343 0.0117519293 -0.00183321477
v 0.0065347678 -0.00988164358 0.00984620396
v 0.00644962117 -0.00982552208 0.00980757643
v 0.00636939285 -0.0097614713 0.00977080036
v 0.00629469287 -0.00968997832 0.00973615702
v 0.00622609025 -0.00961158704 0.00970390905
v 0.00616410654 -0.00952689257 0.00967430137
v 0.00610921346 -0.00943654217 0.00964756031
v 0.00606183009 -0.0093412213 0.00962388888
v 0.00814235955 -0.00928155147 0.0105191795
v 0.00809727143 -0.00937952381 0.0105030583
v 0.00804456044 -0.00947296061 0.0104834959
v 0.00681307772 -0.0099984752 0.00997020118
v 0.00671719015 -0.00996845029 0.00992782693
v 0.00662418408 -0.00992940739 0.00988638867
v 0.00602231547 -0.0092416564 0.00960346777
v 0.00599097135 -0.00913860556 0.00958645251
v 0.0059680352 -0.00903285202 0.00957297068
v 0.00759435119 -0.00990158319 0.0103038698
v 0.00750233512 -0.00994593184 0.0102656893
v 0.00740722567 -0.00998143479 0.0102258744
v 0.007309746 -0.010007822 0.0101847276
v 0.00721063884 -0.0100248903 0.0101425629
v -0.0123218391 -0.00359682296 0.00150021468
v -0.00280511985 -0.00514628878 0.00565728219
v -0.0211413298 -0.00385851017 -0.00229467894
v -0.0210962426 -0.00376053737 -0.00227855798
v -0.0210435297 -0.00366710057 -0.00225899462
v -0.0192476735 0.0137327313 -0.00207495457
v 0.00595368259 -0.00892520137 0.00956312753
v 0.00594802247 -0.00881647225 0.00955699664
v 0.00798462983 -0.00956115127 0.0104606403
v 0.00791793503 -0.00964342337 0.0104346676
v 0.00784498267 -0.009719152 0.0104057742
v 0.00776632922 -0.00978775881 0.01037418
v 0.00768257352 -0.00984872412 0.0103401253
v -0.0203775484 -0.00557143008 -0.00190713501
v -0.0204734355 -0.00554140517 -0.00194950949
v -0.0222030431 -0.00603849441 -0.00267860503
v 0.00711065717 -0.0100325122 0.0100996997
v 0.00701056281 -0.0100306291 0.0100564659
v 0.00691111712 -0.0100192549 0.0100131901
v -0.0205013063 -0.00319412909 -0.002041189
v -0.0204061959 -0.00315862591 -0.0020013738
v -0.0203087162 -0.00313223945 -0.0019602268
v -0.0202096086 -0.0031151704 -0.00191806187
v -0.0201096274 -0.00310754823 -0.00187519949
v -0.0200095326 -0.00310943159 -0.00183196587
v -0.0199100878 -0.00312080653 -0.00178868999
v -0.0198120475 -0.00314158527 -0.0017457006
v -0.0197161604 -0.00317161088 -0.00170332612
v -0.0129129132 -0.00755106797 0.00137948466
v -0.0198808815 -0.0055807773 -0.00169260893
v -0.0199799873 -0.00559784565 -0.00173477374
v 0.00824055821 -0.00885961298 0.0105472123
v 0.00822877046 -0.00896801334 0.0105458079
v -0.020765299 -0.00335230213 -0.00214967947
v -0.0206815433 -0.00329133682 -0.00211562496
v -0.020593321 -0.00323847868 -0.00207936927
v -0.0195080526 -0.00542167947 -0.00153721066
v -0.0195962749 -0.00547453761 -0.00157346635
v 0.00835526641 0.00667837588 0.0100693721
v 0.00833233073 0.00678412942 0.0100558912
v 0.00831797812 0.00689178007 0.0100460481
v 0.00831231847 0.00700050872 0.0100399172
v 0.0115683684 0.00871541444 0.0113860257
v 0.0105336355 0.00749153178 0.0109812887
v 0.0105649801 0.00738848047 0.0109983049
v 0.0105930669 0.0068489681 0.0110287275
v 0.0106048547 0.00695736846 0.0110301329
v 0.010607929 0.00706634764 0.0110277608
v 0.00820836145 -0.0090750102 0.0105406363
v 0.00817948394 -0.00917978771 0.0105317375
v -0.0196231548 -0.00321065402 -0.00166188856
v -0.0195337385 -0.00325841736 -0.00162170315
v -0.0194485914 -0.00331453863 -0.00158307527
v -0.0193683617 -0.0033785894 -0.00154629967
v -0.0192936622 -0.00345008285 -0.0015116561
v -0.0192250591 -0.00352847436 -0.00147940777
v -0.0189822651 -0.00464796461 -0.00133670052
v -0.0189618561 -0.00454096869 -0.00133152888
v -0.0189500693 -0.00443256786 -0.0013301241
v -0.0190111417 -0.00475274306 -0.00134559849
v -0.0190482661 -0.00485450635 -0.00135815679
v -0.0190933533 -0.00495247869 -0.00137427764
v -0.0196882896 -0.00551888719 -0.00161164673
v -0.0197834 -0.00555439014 -0.00165146182
v -0.0200799685 -0.0056054676 -0.001777636
v -0.0201800633 -0.005603584 -0.00182086974
v -0.0202795099 -0.00559220975 -0.00186414632
v 0.0101306252 0.00602922216 0.0108571006
v 0.0100468695 0.00596825685 0.0108230459
v 0.00852840208 0.00629008841 0.0101572219
v 0.00859038625 0.0062053944 0.0101868287
v 0.0086589884 0.00612700265 0.0102190766
v 0.00847350899 0.0063804388 0.0101304809
v 0.00842612609 0.00647575967 0.0101068094
v 0.00838661101 0.00657532457 0.0100863883
v 0.00871096924 0.00796902739 0.0101789832
v 0.00878962222 0.00803763419 0.0102105774
v -0.000440824107 0.0106706927 0.00614020275
v 0.00887337886 0.0080985995 0.0102446321
v 0.00896160025 0.00815145764 0.0102808876
v 0.0103918454 0.00777676795 0.0109104561
v 0.0104467375 0.00768641755 0.0109371971
v 0.0104941223 0.00759109668 0.0109608686
v 0.0105879167 0.00728272693 0.0110117858
v 0.0106022684 0.00717507675 0.0110216299
v 0.010461567 0.00643745763 0.0109859789
v 0.00824363343 -0.00875063334 0.0105448402
v 0.0105066551 0.00653542997 0.0110021001
v 0.0105437795 0.00663719326 0.011014658
v 0.00820068456 -0.00842850097 0.0105153844
v 0.00822362117 -0.00853425451 0.0105288662
v 0.0103489254 0.00625583017 0.0109435609
v 0.010572657 0.00674197124 0.0110235568
v -0.0212395284 -0.00428044843 -0.00232271152
v -0.0212277416 -0.00417204853 -0.00232130662
v -0.0212073307 -0.00406505121 -0.00231613498
v -0.0211784542 -0.00396027276 -0.00230723713
v -0.00995754357 0.0122201582 0.00198313501
v -0.0191630758 -0.00361316837 -0.00144980045
v -0.0191081837 -0.003703519 -0.00142305985
v -0.0190607999 -0.00379883987 -0.00139938854
v -0.0190212857 -0.00389840454 -0.00137896754
v -0.0189899411 -0.00400145585 -0.0013619517
v -0.0189670045 -0.00410720939 -0.0013484701
v -0.0189526528 -0.00421485957 -0.00133862719
v -0.0189469922 -0.00432358868 -0.00133249571
v -0.0191460662 -0.00504591549 -0.00139384088
v -0.0192059968 -0.00513410568 -0.00141669565
v -0.0192726925 -0.00521637872 -0.00144266849
v 0.010408856 0.00634402037 0.0109664155
v 0.00823797286 -0.00864190515 0.0105387093
v -0.0209835991 -0.00357891014 -0.00223613996
v -0.0209169053 -0.00349663803 -0.002210167
v -0.0208439529 -0.00342090963 -0.00218127342
v -0.019345643 -0.00529210689 -0.00147156219
v -0.0194242969 -0.00536071416 -0.00150315615
v -0.0205664411 -0.00550236227 -0.00199094717
v -0.0206558574 -0.00545459893 -0.00203113235
v -0.0207410045 -0.00539847743 -0.00206976035
v -0.0208212342 -0.00533442665 -0.00210653595
v -0.0208959337 -0.00526293367 -0.00214117952
v -0.0209645368 -0.00518454192 -0.00217342773
v -0.0210265201 -0.00509984791 -0.00220303517
v -0.0210814122 -0.00500949752 -0.00222977577
v -0.021128796 -0.00491417665 -0.00225344696
v 0.00995864719 0.00591539871 0.0107867904
v 0.00986663066 0.00587104913 0.0107486099
v 0.0097715212 0.00583554618 0.010708794
v 0.00889906287 0.00593533739 0.0103291236
v 0.00881391671 0.00599145843 0.0102904961
v 0.00873368792 0.00605550921 0.0102537209
v 0.00851139054 0.00772283552 0.0101012615
v 0.00857132208 0.00781102618 0.0101241162
v 0.00863801688 0.00789329875 0.0101500899
v 0.00905361678 0.00819580723 0.0103190681
v 0.00914872624 0.00823131017 0.0103588831
v 0.00924620591 0.00825769734 0.0104000298
v 0.00993176829 0.00817928184 0.0106983678
v 0.0100211836 0.00813151896 0.0107385535
v 0.0101063307 0.00807539746 0.010777181
v 0.0101865586 0.00801134668 0.0108139571
v 0.00595109817 -0.00870749354 0.00955462456
v 0.00596288545 -0.00859909318 0.00955602992
v 0.00598329538 -0.00849209633 0.00956120063
v 0.00601217197 -0.00838731788 0.00957009941
v 0.00668932078 -0.00762117375 0.00983614754
v 0.00678443024 -0.0075856708 0.00987596251
v -0.0211683102 -0.00481461175 -0.00227386807
v -0.0211996548 -0.00471156044 -0.0022908838
v -0.0212225914 -0.0046058069 -0.00230436539
v -0.0212369431 -0.00449815672 -0.00231420831
v -0.0212426037 -0.0043894276 -0.0023203399
v 0.00934531353 0.00827476569 0.0104421945
v 0.00944529474 0.00828238763 0.0104850568
v 0.00954538863 0.00828050356 0.0105282906
v 0.00964483432 0.00826913025 0.0105715664
v 0.010261259 0.00793985371 0.0108486004
v 0.0103298621 0.00786146149 0.0108808484
v 0.00604929589 -0.00828555506 0.00958265737
v 0.00609438494 -0.00818758272 0.00959877856
v 0.00614709547 -0.00809414499 0.00961834099
v 0.00634667324 -0.00784795452 0.00969606265
v 0.00642532669 -0.00777934724 0.00972765684
v 0.00650908332 -0.00771838194 0.00976171158
v 0.00659730472 -0.00766552379 0.00979796704
v 0.00808244199 -0.00813056342 0.0104542766
v 0.00812982582 -0.00822588522 0.010477948
v 0.00816933997 -0.00832544919 0.0104983691
v 0.00967404153 0.00580915948 0.0106676482
v 0.00957493484 0.0057920902 0.0106254825
v 0.00947495271 0.00578446826 0.0105826203
v 0.0083153937 0.00710948789 0.0100375451
v 0.00832718145 0.00721788872 0.0100389495
v 0.00834759139 0.00732488465 0.0100441212
v 0.00837646704 0.00742966309 0.01005302
v 0.00841359142 0.00753142638 0.010065577
v 0.00845868047 0.00762939872 0.0100816991
v 0.00974287372 0.00824835058 0.0106145553
v 0.00983876176 0.00821832567 0.0106569305
v 0.00620702608 -0.00800595526 0.00964119565
v 0.00627372134 -0.00792368315 0.0096671693
v 0.00688190991 -0.0075592841 0.00991710927
v 0.00698101753 -0.00754221529 0.00995927397
v 0.0070809992 -0.00753459334 0.0100021372
v 0.0076568881 -0.00768546248 0.0102556329
v 0.00774203474 -0.00774158351 0.0102942605
v 0.00782226305 -0.00780563429 0.0103310365
v 0.00789696351 -0.00787712727 0.0103656799
v 0.00796556659 -0.00795551948 0.0103979288
v 0.00802754983 -0.00804021303 0.0104275355
v 0.00937485788 0.00578635186 0.0105393864
v 0.00927541312 0.00579772657 0.0104961107
v 0.00917737372 0.00581850531 0.0104531217
v 0.00908148568 0.00584853068 0.0104107475
v 0.00898848008 0.00588757405 0.0103693092
v 0.00737857819 -0.00756863039 0.0101316357
v 0.00747446623 -0.00759865576 0.0101740099
v 0.00756747229 -0.00763769867 0.0102154482
v 0.0071810931 -0.00753647648 0.0100453701
v 0.00728053832 -0.00754785165 0.0100886468
v 0.0102092782 0.00609782944 0.0108886948
v 0.0102822306 0.00617355807 0.0109175881
v 0.00760396151 -0.0106817996 0.0119688483
v 0.0074521401 -0.0107481787 0.0120219663
v 0.00749440724 -0.0107515045 0.0119239641
v 0.0072210324 -0.0108317519 0.0121043697
v 0.00732841762 -0.0108402018 0.0118553843
v 0.00697996793 -0.0108990809 0.0121920826
v 0.00715616066 -0.0109129455 0.0117835598
v 0.00697894115 -0.0109691843 0.0117090354
v 0.00776018621 -0.00687205419 0.0119069358
v 0.00779564213 -0.00698765088 0.0122217368
v 0.00790302735 -0.00699610077 0.0119727515
v 0.00799297541 -0.00713002449 0.0121324342
v 0.00803524256 -0.00713335024 0.012034433
v 0.00811924785 -0.00723456917 0.0120740989
v 0.00760780135 -0.00676215068 0.0118374834
v 0.00751657318 -0.00682128733 0.0123449285
v 0.00758399349 -0.00685819006 0.0123154586
v 0.00690444792 -0.0109163662 0.0122198984
v 0.00678102346 -0.0109536108 0.0121679306
v 0.00679810578 -0.0110084917 0.0116323764
v 0.00660018809 -0.0109929182 0.0120912716
v 0.00661502499 -0.0110305687 0.0115541639
v 0.00641710684 -0.0110149952 0.01201306
v 0.00643108785 -0.0110352486 0.0114749931
v 0.00623317016 -0.0110196751 0.0119338883
v 0.00624768902 -0.0110224951 0.0113954619
v 0.00604977133 -0.0110069215 0.0118543571
v 0.00606621942 -0.0109924069 0.0113161737
v 0.00586830126 -0.0109768333 0.0117750689
v 0.00588805554 -0.0109452102 0.0112377312
v 0.00569013739 -0.0109296367 0.0116966274
v 0.00571454875 -0.0108812628 0.0111607295
v 0.00551663106 -0.0108656893 0.0116196247
v 0.00554701546 -0.0108010508 0.0110857515
v 0.00534909777 -0.0107854772 0.0115446467
v 0.005386726 -0.0107051833 0.0110133663
v 0.00518880785 -0.0106896097 0.0114722615
v 0.00523489574 -0.0105943857 0.0109441234
v 0.00503697805 -0.0105788121 0.0114030186
v 0.00509267673 -0.010469499 0.0108785471
v 0.00489475857 -0.0104539255 0.0113374423
v 0.0049611479 -0.0103314715 0.0108171357
v 0.00476323022 -0.0103158979 0.0112760309
v 0.00484130625 -0.0101813478 0.0107603539
v 0.00464338856 -0.0101657743 0.0112192491
v 0.00473406073 -0.0100202681 0.0107086329
v 0.00453614304 -0.0100046946 0.011167529
v 0.00464022579 -0.00984945521 0.0106623657
v 0.00444230763 -0.00983388163 0.0111212619
v 0.00456051202 -0.00967020262 0.0106219025
v 0.00436259387 -0.00965462904 0.0110807987
v 0.00449552434 -0.00948387105 0.0105875507
v 0.00429760618 -0.00946829747 0.0110464459
v 0.00444575585 -0.00929187238 0.01055957
v 0.0042478377 -0.00927629881 0.0110184653
v 0.00441158377 -0.00909566414 0.0105381729
v 0.00421366608 -0.00908009056 0.0109970691
v 0.00439326745 -0.0088967355 0.0105235223
v 0.00419534976 -0.00888116192 0.0109824184
v 0.00439094612 -0.00869659334 0.010515729
v 0.00419302797 -0.00868101977 0.0109746242
v 0.00440463657 -0.00849675573 0.0105148517
v 0.00420671888 -0.00848118216 0.0109737478
v 0.00443423586 -0.00829873886 0.0105208978
v 0.00423631817 -0.00828316528 0.010979793
v 0.00447951909 -0.00810404588 0.0105338208
v 0.00428160094 -0.0080884723 0.0109927161
v 0.0045401426 -0.007914152 0.010553523
v 0.00434222445 -0.00789857842 0.0110124182
v 0.00461564632 -0.00773049798 0.0105798542
v 0.00441772863 -0.00771492487 0.0110387495
v 0.00470545888 -0.00755447662 0.0106126154
v 0.00450754073 -0.00753890304 0.0110715115
v 0.00480889762 -0.00738742296 0.0106515586
v 0.00461097993 -0.00737184938 0.0111104548
v 0.00492517883 -0.00723060453 0.0106963878
v 0.00472726068 -0.00721503096 0.011155284
v 0.00505342055 -0.00708521018 0.0107467631
v 0.0048555024 -0.0070696366 0.0112056592
v 0.00519264909 -0.00695234258 0.0108023025
v 0.0049947314 -0.006936769 0.0112611977
v 0.00534181017 -0.00683301035 0.0108625842
v 0.00514389249 -0.00681743678 0.0113214804
v 0.00549977133 -0.00672811782 0.0109271519
v 0.00530185318 -0.00671254424 0.011386048
v 0.00566533394 -0.00663846079 0.0109955156
v 0.00546741579 -0.00662288722 0.0114544109
v 0.00583724352 -0.00656471914 0.0110671557
v 0.00563932583 -0.00654914556 0.0115260519
v 0.00601419574 -0.00650745211 0.0111415302
v 0.00581627758 -0.00649187854 0.0116004264
v 0.0061948481 -0.00646709511 0.0112180747
v 0.00599692995 -0.00645152153 0.0116769699
v 0.00637783064 -0.00644395221 0.011296208
v 0.00617991248 -0.00642837863 0.0117551042
v 0.00656175567 -0.00643820083 0.0113753388
v 0.00636383751 -0.00642262725 0.011834234
v 0.00674522808 -0.0064498838 0.0114548653
v 0.00654730992 -0.00643431023 0.0119137606
v 0.006926856 -0.00647891266 0.0115341851
v 0.00672893832 -0.00646333955 0.0119930804
v 0.00710526248 -0.00652506715 0.0116126966
v 0.00690734433 -0.00650949357 0.0120715918
v 0.00727909291 -0.00658799708 0.0116898036
v 0.00708117522 -0.0065724235 0.0121486997
v 0.00744703086 -0.00666722516 0.0117649231
v 0.00724911317 -0.00665165158 0.0122238183
v 0.00740988366 -0.0067465771 0.0122963786
v -0.0131135117 -0.00353452866 0.00333579862
v -0.014295659 -0.0114430198 0.00309433835
v -0.0140475919 -0.0124627277 0.00214636489
v -0.0122348834 -0.0127578638 0.00293818745
v -0.00666273385 -0.0131963184 -0.00998148415
v -0.0124829505 -0.011738156 0.00388616091
v -0.00636719726 -0.011219197 -0.00992111955
v -0.0123351822 -0.0107495943 0.00391634367
v -0.0107492162 0.0122824525 0.00381871895
v 0.00710545667 -0.012388424 -0.00445374195
v 0.00618323917 -0.0182086211 -0.00478845835
v 0.00702158082 -0.0123683419 -0.00470083952
v 0.00614974694 -0.0182008538 -0.00487891631
v 0.00691668224 -0.0123453746 -0.00493951142
v 0.00604484836 -0.0181778856 -0.00511758821
v 0.00679155858 -0.0123196971 -0.0051679411
v 0.0059197247 -0.018152209 -0.00534601789
v 0.00664716214 -0.0122915041 -0.00538439024
v 0.00577532826 -0.018124016 -0.00556246703
v 0.00648459233 -0.0122610107 -0.00558721181
v 0.00561275799 -0.0180935226 -0.0057652886
v 0.0063050855 -0.0122284498 -0.00577486167
v 0.00543325162 -0.0180609599 -0.00595293893
v 0.00611000881 -0.0121940672 -0.00594591256
v 0.00523817493 -0.0180265792 -0.00612398935
v 0.00590084633 -0.0121581256 -0.00609906204
v 0.00502901245 -0.0179906376 -0.00627713883
v 0.00567919016 -0.0121208997 -0.00623314455
v 0.00480735628 -0.0179534107 -0.00641122134
v 0.00544672692 -0.0120826708 -0.00634713983
v 0.00457489304 -0.0179151818 -0.00652521662
v 0.00520522613 -0.0120437313 -0.00644017989
v 0.00433339225 -0.0178762414 -0.00661825668
v 0.00495652575 -0.0120043764 -0.00651155738
v 0.00408469187 -0.0178368874 -0.00668963417
v 0.00470251823 -0.0119649069 -0.00656072842
v 0.00383068435 -0.0177974179 -0.00673880568
v 0.00444513699 -0.0119256219 -0.00658731954
v 0.00357330334 -0.0177581329 -0.00676539633
v 0.00418634107 -0.0118868211 -0.00659112772
v 0.00331450719 -0.0177193321 -0.00676920451
v 0.00392809976 -0.0118487999 -0.00657212362
v 0.00305626565 -0.0176813118 -0.00675020041
v 0.00367237814 -0.0118118469 -0.00653045299
v 0.00280054426 -0.0176443588 -0.00670852978
v 0.00342112267 -0.0117762443 -0.00646643201
v 0.00254928879 -0.0176087562 -0.0066445088
v 0.00239406968 -0.0175871309 -0.00659288187
v 0.00317624607 -0.0117422631 -0.0063805487
v 0.00230441219 -0.0175747741 -0.00655862549
v 0.00221588113 -0.0175626744 -0.00652146898
v 0.00293961121 -0.0117101613 -0.00627345545
v 0.0020677771 -0.0175426714 -0.00645153224
v 0.00271301926 -0.011680183 -0.00614596903
v 0.00184118527 -0.017512694 -0.00632404583
v 0.00249819504 -0.0116525572 -0.00599905802
v 0.00162636105 -0.0174850672 -0.00617713481
v 0.00229677302 -0.0116274925 -0.00583384186
v 0.00142493914 -0.0174600035 -0.00601191865
v 0.00211028662 -0.0116051817 -0.00565157691
v 0.00123845274 -0.0174376927 -0.0058296537
v 0.00194015459 -0.0115857944 -0.00545365084
v 0.00106832071 -0.0174183045 -0.00563172763
v 0.0017876724 -0.0115694767 -0.00524157006
v 0.000915838464 -0.0174019877 -0.00541964686
v 0.00165399991 -0.0115563534 -0.0050169481
v 0.000782166026 -0.0173888654 -0.00519502535
v 0.00154015492 -0.0115465252 -0.00478149578
v 0.000668321038 -0.0173790362 -0.00495957257
v 0.00144700345 -0.0115400655 -0.00453700311
v 0.000575169513 -0.0173725765 -0.00471507991
v 0.00137525483 -0.0115370248 -0.00428533228
v 0.000503420888 -0.0173695367 -0.00446340907
v 0.00132545456 -0.0115374252 -0.00402839808
v 0.000453620683 -0.0173699372 -0.00420647487
v 0.00129798241 -0.0115412641 -0.00376815582
v 0.000426148472 -0.0173737761 -0.00394623261
v 0.00129304663 -0.0115485126 -0.00350658619
v 0.000421212724 -0.0173810236 -0.00368466298
v 0.00131068553 -0.0115591157 -0.00324568013
v 0.000438851595 -0.0173916258 -0.00342375715
v 0.00135076442 -0.0115729915 -0.00298742368
v 0.000478930451 -0.0174055025 -0.00316550047
v 0.0014129784 -0.0115900347 -0.00273378124
v 0.000541144516 -0.0174225457 -0.00291185803
v 0.00149685401 -0.0116101168 -0.00248668413
v 0.000625020126 -0.0174426287 -0.00266476092
v 0.000661386177 -0.0174507909 -0.002575455
v 0.00160175271 -0.0116330842 -0.00224801246
v 0.000729918771 -0.0174655952 -0.00242608925
v 0.00172687648 -0.0116587617 -0.00201958278
v 0.000855042599 -0.0174912736 -0.00219765957
v 0.00187127269 -0.0116869546 -0.00180313317
v 0.000999438809 -0.0175194647 -0.00198120996
v 0.00203384296 -0.011717448 -0.00160031184
v 0.00116200896 -0.0175499581 -0.00177838863
v 0.00221334933 -0.0117500089 -0.00141266163
v 0.00134151557 -0.0175825208 -0.00159073854
v 0.00240842625 -0.0117843915 -0.00124161108
v 0.00153659238 -0.0176169034 -0.00141968788
v 0.00261758873 -0.0118203331 -0.00108846161
v 0.00174575485 -0.0176528431 -0.00126653851
v 0.0028392449 -0.011857559 -0.000954379037
v 0.00196741102 -0.01769007 -0.00113245589
v 0.00307170814 -0.0118957879 -0.000840383989
v 0.00219987426 -0.0177282989 -0.00101846084
v 0.0033132087 -0.0119347274 -0.000747343409
v 0.00244137482 -0.0177672394 -0.00092542026
v 0.00356190931 -0.0119740823 -0.00067596609
v 0.00269007543 -0.0178065933 -0.000854042883
v 0.0038159166 -0.0120135527 -0.000626794877
v 0.00294408272 -0.0178460628 -0.000804871728
v 0.0040732976 -0.0120528368 -0.000600204046
v 0.00320146396 -0.0178853478 -0.000778280839
v 0.00433209399 -0.0120916376 -0.000596395927
v 0.00346026011 -0.0179241486 -0.000774472719
v 0.0045903353 -0.0121296588 -0.000615399505
v 0.00371850142 -0.0179621708 -0.000793476356
v 0.00484605692 -0.0121666119 -0.000657070719
v 0.00397422304 -0.0179991219 -0.000835147512
v 0.00509731239 -0.0122022144 -0.000721091463
v 0.00422547851 -0.0180347245 -0.000899168313
v 0.00534218922 -0.0122361956 -0.000806975178
v 0.00447035534 -0.0180687066 -0.000985051971
v 0.00557882385 -0.0122682974 -0.000914067845
v 0.00470698997 -0.0181008093 -0.00109214475
v 0.00580541603 -0.0122982757 -0.00104155485
v 0.00493358215 -0.0181307867 -0.00121963164
v 0.00602024002 -0.0123259015 -0.00118846528
v 0.00514840614 -0.0181584135 -0.00136654207
v 0.00622166181 -0.0123509662 -0.00135368167
v 0.00534982793 -0.0181834772 -0.00153175846
v 0.00640814845 -0.012373277 -0.00153594674
v 0.00553631457 -0.018205788 -0.00171402353
v 0.00657828059 -0.0123926643 -0.00173387269
v 0.00570644671 -0.0182251763 -0.00191194948
v 0.00673076278 -0.012408982 -0.00194595358
v 0.0058589289 -0.018241493 -0.00212403038
v 0.00686443504 -0.0124221053 -0.00217057508
v 0.00599260116 -0.0182546172 -0.00234865188
v 0.00697828038 -0.0124319335 -0.00240602833
v 0.0061064465 -0.0182644445 -0.00258410512
v 0.00707143173 -0.0124383932 -0.00265052053
v 0.00619959738 -0.0182709042 -0.00282859732
v 0.00714318035 -0.012441434 -0.00290219137
v 0.00627134647 -0.0182739459 -0.00308026816
v 0.0071929805 -0.0124410335 -0.0031591258
v 0.00632114662 -0.0182735454 -0.00333720259
v 0.00722045265 -0.0124371946 -0.00341936783
v 0.00634861877 -0.0182697047 -0.00359744485
v 0.0072253882 -0.0124299461 -0.00368093722
v 0.00635355432 -0.0182624571 -0.00385901402
v 0.00720774941 -0.012419343 -0.00394184329
v 0.00633591553 -0.0182518549 -0.00411992008
v 0.00716767088 -0.0124054672 -0.00420009997
v 0.006295837 -0.0182379782 -0.00437817676
v 0.00623362279 -0.018220935 -0.0046318192
v 0.00340513792 0.0146111595 -0.00922313984
v 0.00281813019 0.0147233838 -0.0100249061
v 0.00397800282 0.01453749 -0.00961490162
v 0.00346260308 0.0146405054 -0.0104656378
v 0.0045822477 0.014457548 -0.00995486695
v 0.00414237892 0.0145505704 -0.0108480984
v 0.00521327369 0.0143719427 -0.0102404477
v 0.00485228328 0.0144542642 -0.0111693759
v 0.00586627889 0.014281325 -0.0104694702
v 0.00558691379 0.0143523198 -0.0114270272
v 0.00653629284 0.0141863842 -0.0106401928
v 0.00634067971 0.014245512 -0.0116190901
v 0.00721821655 0.0140878446 -0.0107513154
v 0.00710784411 0.0141346548 -0.0117441025
v 0.00790686067 0.0139864543 -0.0108019914
v 0.00788256899 0.0140205901 -0.0118011134
v 0.00859698374 0.0138829863 -0.0107918372
v 0.00865895674 0.0139041888 -0.0117896888
v 0.00928333402 0.0137782265 -0.0107209282
v 0.00943110045 0.0137863345 -0.0117099173
v 0.00996068679 0.013672974 -0.0105898045
v 0.0101931226 0.0136679243 -0.0115624033
v 0.0106238881 0.0135680279 -0.0103994645
v 0.0109392237 0.0135498606 -0.0113482708
v 0.0112678902 0.0134641882 -0.0101513574
v 0.0116637265 0.0134330411 -0.0110691497
v 0.0118877916 0.0133622456 -0.00984736998
v 0.0123611158 0.0133183552 -0.0107271643
v 0.012478875 0.0132629741 -0.00948981661
v 0.0130260838 0.0132066756 -0.0103249168
v 0.0130366413 0.0131671317 -0.00908141863
v 0.0136535717 0.0130988518 -0.00986546837
v 0.0135568464 0.0130754458 -0.00862528291
v 0.0142388018 0.012995705 -0.00935231615
v 0.0140355304 0.0129886139 -0.00812488236
v 0.0147773223 0.0128980204 -0.00878936611
v 0.0144690508 0.0129072992 -0.00758402515
v 0.0152650317 0.0128065413 -0.00818090141
v 0.0148541071 0.0128321182 -0.00700682728
v 0.0156982206 0.0127219632 -0.00753155351
v 0.0151877711 0.0127636446 -0.00639768131
v 0.016073592 0.0126449298 -0.00684626447
v 0.0154675012 0.0127023989 -0.00576122338
v 0.0163882896 0.0125760287 -0.00613024924
v 0.0156911686 0.0126488479 -0.00510229776
v 0.0166399162 0.0125157824 -0.00538895791
v 0.0158570725 0.0126033975 -0.00442591822
v 0.016826557 0.0124646509 -0.00462803105
v 0.0159639493 0.0125663951 -0.00373723358
v 0.0169467945 0.0124230236 -0.00385326054
v 0.0160109866 0.0125381211 -0.00304148439
v 0.0169997104 0.0123912161 -0.00307054305
v 0.0159978252 0.0125187924 -0.00234396616
v 0.0169849042 0.0123694707 -0.00228583487
v 0.0159245655 0.0125085544 -0.00164998719
v 0.0169024877 0.012357953 -0.0015051082
v 0.0157917645 0.0125074862 -0.000964829
v 0.0167530868 0.0123567516 -0.00073430565
v 0.0156004354 0.0125155952 -0.000293706456
v 0.0165378395 0.0123658739 2.07073481e-05
v 0.0153520321 0.01253282 0.000358273392
v 0.016258385 0.0123852519 0.000754184322
v 0.0150484443 0.0125590302 0.000986148138
v 0.0159168504 0.0124147376 0.00146054348
v 0.0146919852 0.0125940247 0.00158513908
v 0.0155158332 0.0124541074 0.00213440857
v 0.0142853651 0.0126375379 0.00215068832
v 0.0150583871 0.0125030596 0.00277065136
v 0.0138316806 0.0126892393 0.00267849118
v 0.0145479906 0.0125612235 0.00336442911
v 0.0133343833 0.012748735 0.00316453003
v 0.0139885312 0.0126281558 0.00391122326
v 0.0127972579 0.0128155723 0.00360510801
v 0.0133842658 0.012703348 0.00440687267
v 0.0122243939 0.0128892418 0.00399686908
v 0.0127397934 0.0127862263 0.00484760478
v 0.0116201481 0.0129691837 0.00433683442
v 0.0120600173 0.0128761604 0.0052300659
v 0.0109891221 0.013054789 0.00462241471
v 0.011350113 0.0129724666 0.00555134332
v 0.0103361169 0.0131454067 0.00485143811
v 0.010615482 0.013074412 0.00580899464
v 0.00966610294 0.0132403467 0.00502216024
v 0.00986171607 0.0131812189 0.00600105664
v 0.00898417924 0.0133388862 0.00513328286
v 0.00909455214 0.013292077 0.00612606946
v 0.00829553511 0.0134402765 0.00518395938
v 0.00831982773 0.0134061407 0.00618308084
v 0.00760541251 0.0135437455 0.00517380424
v 0.00754343858 0.013522543 0.00617165724
v 0.00691906223 0.0136485044 0.00510289567
v 0.00677129533 0.0136403972 0.0060918848
v 0.00624170946 0.0137537578 0.00497177197
v 0.00600927323 0.0137588065 0.00594437122
v 0.00557850813 0.013858703 0.00478143292
v 0.00526317209 0.0138768703 0.00573023828
v 0.00493450603 0.0139625426 0.00453332486
v 0.00453866925 0.0139936898 0.00545111764
v 0.00431460422 0.0140644861 0.00422933791
v 0.00384128047 0.0141083756 0.00510913134
v 0.00372352125 0.0141637567 0.00387178385
v 0.0031763115 0.0142200552 0.00470688427
v 0.00316575449 0.0142596001 0.00346338586
v 0.0025488243 0.0143278791 0.0042474363
v 0.00264554983 0.014351286 0.00300725037
v 0.00196359376 0.0144310258 0.00373428431
v 0.00216686563 0.0144381169 0.00250685029
v 0.0014250743 0.0145287104 0.00317133311
v 0.00173334533 0.0145194316 0.00196599285
v 0.000937364355 0.0146201905 0.00256286864
v 0.0013482885 0.0145946126 0.00138879509
v 0.000504175085 0.0147047685 0.00191352074
v 0.00101462519 0.0146630863 0.000779648952
v 0.000128803542 0.014781801 0.00122823205
v 0.000734895119 0.0147243319 0.000143190759
v -0.000185892612 0.0148507031 0.000512216589
v 0.000511226885 0.0147778839 -0.000515734719
v -0.000437519571 0.0149109485 -0.000229074532
v 0.000345323002 0.0148233334 -0.00119211443
v -0.000624161505 0.0149620799 -0.000990001718
v 0.000238445777 0.0148603367 -0.00188079861
v -0.000744398159 0.0150037082 -0.00176477234
v 0.000191409417 0.0148886098 -0.00257654837
v -0.000797314162 0.0150355157 -0.00254748971
v 0.000204570766 0.0149079384 -0.00327406614
v -0.000782507297 0.0150572602 -0.00333219767
v 0.000277830433 0.0149181765 -0.00396804512
v -0.000700090895 0.0150687778 -0.00411292445
v 0.000410630746 0.0149192447 -0.00465320377
v -0.000550690049 0.0150699802 -0.00488372659
v 0.000601960754 0.0149111357 -0.00532432599
v -0.00033544391 0.0150608569 -0.00563874003
v 0.000850364042 0.0148939108 -0.00597630627
v -5.59894434e-05 0.0150414789 -0.00637221709
v 0.00115395163 0.0148677016 -0.00660418067
v 0.000285545713 0.0150119932 -0.00707857637
v 0.00151041127 0.0148327062 -0.00720317196
v 0.000686563028 0.0149726244 -0.00775244087
v 0.00191703078 0.0147891929 -0.00776872085
v 0.00114400941 0.0149236713 -0.00838868413
v 0.00237071561 0.0147374915 -0.00829652324
v 0.00165440561 0.0148655074 -0.00898246188
v 0.00286801299 0.0146779958 -0.0087825628
v 0.00221386482 0.0147985751 -0.00952925626
v 0.00764680421 -0.00881289225 0.0119239008
v 0.00764987897 -0.00870391261 0.0119215287
v 0.00763501646 -0.00892129261 0.0119224954
v 0.00761460699 -0.00902828947 0.0119173247
v 0.00764421839 -0.00859518442 0.0119153978
v 0.00762986671 -0.00848753378 0.0119055538
v 0.0076069301 -0.00838178024 0.0118920729
v 0.00757558597 -0.00827872846 0.0118750576
v 0.00753607182 -0.00817916449 0.0118546365
v 0.00748868752 -0.00808384363 0.0118309651
v 0.00732418057 -0.00959670264 0.0118113561
v 0.00739087537 -0.00951443054 0.0118373288
v 0.00745080598 -0.00942623988 0.0118601834
v 0.00750351697 -0.00933280308 0.0118797468
v 0.00754860509 -0.00923483074 0.011895868
v 0.00758572947 -0.00913306698 0.0119084259
v 0.0053573437 -0.00866077282 0.010931313
v 0.00536913099 -0.00855237246 0.0109327175
v 0.00538954092 -0.0084453756 0.0109378891
v 0.00541841751 -0.00834059715 0.0109467879
v 0.00545554142 -0.00823883433 0.0109593458
v 0.00550063048 -0.00814086199 0.010975467
v 0.005553341 -0.00804742426 0.0109950295
v 0.00561327161 -0.00795923453 0.0110178841
v 0.00567996688 -0.00787696242 0.0110438578
v 0.00575291878 -0.00780123379 0.0110727511
v 0.00583157223 -0.00773262652 0.0111043453
v 0.00591532886 -0.00767166121 0.0111384001
v 0.00600355025 -0.00761880307 0.0111746555
v 0.00609556632 -0.00757445302 0.011212836
v 0.00619067578 -0.00753895007 0.011252651
v 0.00628815545 -0.00751256337 0.0112937978
v 0.00638726307 -0.00749549456 0.0113359625
v 0.00648724474 -0.00748787262 0.0113788247
v 0.00658733863 -0.00748975575 0.0114220586
v 0.00668678386 -0.00750113092 0.0114653353
v 0.00678482372 -0.00752190966 0.0115083242
v 0.00688071176 -0.00755193504 0.0115506984
v 0.00697371783 -0.00759097794 0.0115921358
v 0.00706313364 -0.00763874175 0.0116323214
v 0.00714828027 -0.00769486278 0.0116709489
v 0.00722850859 -0.00775891356 0.011707725
v 0.00730320904 -0.00783040654 0.0117423683
v 0.00737181213 -0.00790879875 0.0117746172
v 0.0074337949 -0.0079934923 0.011804224
v 0.00708881905 -0.00980200339 0.0117168138
v 0.00717257475 -0.00974103808 0.0117508685
v 0.00725122821 -0.00967243128 0.0117824627
v 0.00700059673 -0.00985486247 0.0116805583
v 0.00690858066 -0.00989921112 0.0116423778
v 0.00681347121 -0.00993471406 0.0116025629
v 0.00671599153 -0.00996110123 0.0115614161
v 0.00661688438 -0.00997817051 0.0115192514
v 0.00651690271 -0.00998579152 0.0114763882
v 0.00641680835 -0.00998390839 0.0114331543
v 0.00631736265 -0.00997253414 0.0113898786
v 0.00621932326 -0.00995175447 0.0113468897
v 0.00612343568 -0.00992172956 0.0113045154
v 0.00603042962 -0.00988268666 0.0112630771
v 0.00594101334 -0.00983492285 0.0112228915
v 0.00585586671 -0.00977880228 0.011184264
v 0.00577563839 -0.0097147515 0.0111474888
v 0.0057009384 -0.0096432576 0.0111128455
v 0.00563233579 -0.00956486631 0.0110805966
v 0.00557035208 -0.00948017184 0.0110509899
v 0.00551545899 -0.00938982144 0.0110242488
v 0.00546807563 -0.00929450057 0.0110005774
v 0.00542856101 -0.00919493567 0.0109801563
v 0.00539721688 -0.00909188483 0.0109631401
v 0.00537428074 -0.00898613129 0.0109496592
v 0.00535992812 -0.00887848064 0.010939816
v 0.00535426801 -0.00876975153 0.0109336851
v -0.00123249646 0.010732987 0.00797578692
v 0.00101335836 -0.0117338225 0.00393213797
v 0.00119045889 -0.0117623787 0.0040003676
v 0.00137283897 -0.0117912386 0.00405271119
v 0.00155911129 -0.0118201831 0.00408876967
v 0.00174785755 -0.0118489917 0.0041082697
v 0.00193764141 -0.0118774455 0.0041110618
v 0.00212701852 -0.0119053284 0.00409712596
v 0.00231454754 -0.0119324271 0.0040665674
v 0.00249880133 -0.0119585348 0.00401961897
v 0.00267837802 -0.0119834552 0.00395663735
v 0.00285190996 -0.0120069962 0.00387810334
v 0.00301807723 -0.012028981 0.00378461275
v 0.0031756151 -0.0120492401 0.00367687806
v 0.00332332426 -0.0120676197 0.00355571974
v 0.00346008129 -0.0120839812 0.00342205842
v 0.00358484453 -0.0120981988 0.00327691319
v 0.00369666517 -0.0121101653 0.00312138651
v 0.00379469153 -0.0121197887 0.00295666419
v 0.00387817784 -0.0121269962 0.00278399861
v 0.00394648872 -0.0121317329 0.00260470435
v 0.00399910472 -0.0121339634 0.00242014579
v 0.00403562468 -0.0121336691 0.00223172759
v 0.00405577105 -0.0121308547 0.00204088259
v 0.00405939063 -0.0121255387 0.00184906553
v 0.00404645549 -0.012117763 0.00165773416
v 0.00401706388 -0.0121075874 0.00146834645
v 0.00397144072 -0.0120950891 0.00128234201
v 0.00390993198 -0.0120803621 0.00110113726
v 0.00383300637 -0.01206352 0.000926110835
v 0.00374124874 -0.0120446896 0.000758596114
v 0.00363535807 -0.0120240152 0.000599866384
v 0.00351613993 -0.0120016532 0.000451130909
v 0.00338450191 -0.011977775 0.000313520548
v 0.00324144564 -0.0119525613 0.00018808333
v 0.0030880596 -0.011926204 7.57742018e-05
v 0.00292551192 -0.011898905 -2.25533313e-05
v 0.00275503891 -0.0118708704 -0.000106149833
v 0.00257793837 -0.0118423142 -0.000174379442
v 0.00239555794 -0.0118134543 -0.000226722535
v 0.00220928597 -0.0117845098 -0.000262781861
v 0.00202053972 -0.0117557012 -0.000282281719
v 0.00183075585 -0.0117272474 -0.000285074027
v 0.00164137885 -0.0116993645 -0.00027113824
v 0.0014538496 -0.0116722668 -0.000240579408
v 0.00126959593 -0.0116461581 -0.000193631189
v 0.00109001936 -0.0116212377 -0.000130649365
v 0.000916487013 -0.0115976967 -5.21145521e-05
v 0.000750319741 -0.0115757128 4.1375959e-05
v 0.000592782104 -0.0115554528 0.000149109925
v 0.000445072568 -0.0115370732 0.000270268938
v 0.000308315968 -0.0115207117 0.000403929385
v 0.0001835523 -0.0115064941 0.000549075718
v 7.17320363e-05 -0.0114945276 0.000704601407
v -2.62942303e-05 -0.0114849042 0.000869323849
v -0.000109780616 -0.0114776967 0.00104198931
v -0.000178091621 -0.01147296 0.00122128369
v -0.000230707403 -0.0114707295 0.00140584214
v -0.000267227704 -0.0114710238 0.00159426127
v -0.000287373899 -0.0114738392 0.00178510521
v -0.000290993514 -0.0114791542 0.00197692332
v -0.000278058142 -0.0114869298 0.00216825376
v -0.000248667115 -0.0114971055 0.0023576424
v -0.000203043674 -0.0115096038 0.00254364684
v -0.000141534561 -0.0115243308 0.00272485078
v -6.46090193e-05 -0.0115411738 0.00289987703
v 2.7148586e-05 -0.0115600033 0.00306739192
v 0.000133039182 -0.0115806786 0.00322612142
v 0.000252257363 -0.0116030397 0.00337485713
v 0.000383895385 -0.0116269188 0.00351246726
v 0.000526951684 -0.0116521325 0.00363790453
v 0.000680337311 -0.0116784889 0.00375021459
v 0.000842885405 -0.0117057888 0.0038485413
v 0.0088265026 -0.0128061147 0.000800849171
v 0.0090036029 -0.012834671 0.000869078736
v 0.00918598287 -0.0128635308 0.00092142215
v 0.00937225576 -0.0128924754 0.000957481097
v 0.00956100225 -0.012921284 0.000976981013
v 0.00975078531 -0.0129497377 0.000979773817
v 0.0099401623 -0.0129776197 0.000965837564
v 0.0101276916 -0.0130047183 0.000935279124
v 0.0103119453 -0.013030827 0.000888330513
v 0.010491522 -0.0130557474 0.000825349009
v 0.0106650544 -0.0130792884 0.000746814185
v 0.010831221 -0.0131012723 0.000653324183
v 0.0109887598 -0.0131215313 0.000545589428
v 0.0111364685 -0.0131399119 0.000424430706
v 0.0112732258 -0.0131562734 0.000290769909
v 0.0113979885 -0.013170491 0.000145624464
v 0.0115098087 -0.0131824575 -9.90183071e-06
v 0.011607836 -0.0131920809 -0.000174624103
v 0.0116913226 -0.0131992884 -0.000347289984
v 0.0117596332 -0.0132040251 -0.000526584336
v 0.0118122483 -0.0132062547 -0.000711143075
v 0.0118487692 -0.0132059613 -0.000899561506
v 0.0118689155 -0.0132031459 -0.00109040574
v 0.0118725346 -0.0131978309 -0.00128222338
v 0.0118595995 -0.0131900553 -0.00147355418
v 0.0118302079 -0.0131798796 -0.0016629427
v 0.0117845843 -0.0131673813 -0.00184894691
v 0.011723076 -0.0131526543 -0.00203015143
v 0.0116461506 -0.0131358113 -0.00220517744
v 0.011554393 -0.0131169809 -0.00237269257
v 0.0114485025 -0.0130963065 -0.00253142207
v 0.0113292839 -0.0130739454 -0.00268015778
v 0.0111976461 -0.0130500663 -0.00281776791
v 0.0110545894 -0.0130248526 -0.00294320518
v 0.0109012034 -0.0129984962 -0.00305551477
v 0.0107386559 -0.0129711963 -0.00315384171
v 0.0105681829 -0.0129431617 -0.00323743816
v 0.0103910826 -0.0129146064 -0.00330566778
v 0.0102087017 -0.0128857465 -0.00335801137
v 0.0100224307 -0.012856802 -0.00339407031
v 0.00983368419 -0.0128279924 -0.00341357011
v 0.00964390021 -0.0127995387 -0.00341636268
v 0.00945452321 -0.0127716567 -0.00340242661
v 0.00926699396 -0.012744558 -0.00337186805
v 0.00908274017 -0.0127184493 -0.00332491938
v 0.00890316349 -0.0126935299 -0.00326193799
v 0.00872963108 -0.012669988 -0.00318340352
v 0.00856346451 -0.0126480041 -0.00308991293
v 0.00840592571 -0.012627745 -0.00298217847
v 0.00825821701 -0.0126093654 -0.00286101992
v 0.00812145974 -0.0125930039 -0.00272735907
v 0.00799669698 -0.0125787854 -0.00258221338
v 0.00788487587 -0.0125668198 -0.00242668716
v 0.00778684998 -0.0125571964 -0.00226196484
v 0.00770336343 -0.012549988 -0.00208929926
v 0.00763505232 -0.0125452513 -0.00191000453
v 0.00758243678 -0.0125430217 -0.00172544597
v 0.00754591636 -0.0125433151 -0.00153702742
v 0.00752577046 -0.0125461305 -0.00134618336
v 0.00752215087 -0.0125514464 -0.00115436595
v 0.00753508601 -0.0125592211 -0.000963034923
v 0.00756447716 -0.0125693968 -0.00077364617
v 0.00761010032 -0.012581896 -0.000587642367
v 0.00767160952 -0.012596623 -0.000406437553
v 0.00774853537 -0.0126134651 -0.000231411526
v 0.00784029253 -0.0126322955 -6.38963029e-05
v 0.00794618297 -0.0126529699 9.48329107e-05
v 0.00806540158 -0.0126753319 0.000243568793
v 0.00819703937 -0.0126992101 0.000381178717
v 0.0083400961 -0.0127244238 0.000506616023
v 0.0084934812 -0.0127507811 0.000618925435
v 0.00865602959 -0.0127780801 0.000717252668
v -0.00463117147 -0.0120039238 0.00728158886
v 0.00395117048 -0.0126792416 -0.0126175629
v 0.00168061408 -0.0123505546 -0.0122667225
v 0.00389281963 -0.0126705663 -0.012616042
v 0.00311809522 -0.0125565026 -0.0125590302
v 0.00235093059 -0.0124456445 -0.0124340178
v -0.00126729999 -0.0153972413 0.00255791028
v -0.00206826464 -0.0171838198 0.00204442791
v -0.00178750465 -0.0153055554 0.00210177479
v -0.00254694885 -0.0170969889 0.00154402805
v -0.00226618885 -0.0152187245 0.00160137482
v -0.00298046903 -0.0170156732 0.00100317062
v -0.00269970926 -0.0151374089 0.00106051739
v -0.00336552598 -0.0169404931 0.000425972714
v -0.00308476598 -0.0150622288 0.000483319454
v -0.00369918928 -0.0168720204 -0.000183173412
v -0.00341842929 -0.0149937542 -0.000125826657
v -0.00397891924 -0.0168107748 -0.000819631561
v -0.00369815947 -0.0149325086 -0.00076228485
v -0.00420258753 -0.0167572219 -0.00147855701
v -0.00392182777 -0.0148789575 -0.00142121036
v -0.00436849147 -0.0167117715 -0.00215493678
v -0.00408773171 -0.0148335071 -0.00209759013
v -0.00447536865 -0.01667477 -0.00284362095
v -0.00419460889 -0.0147965048 -0.00278627407
v -0.0045224051 -0.016646497 -0.00353937084
v -0.00424164487 -0.0147682307 -0.00348202395
v -0.00450924365 -0.0166271664 -0.00423688861
v -0.00422848389 -0.0147489021 -0.00417954195
v -0.00443598395 -0.0166169293 -0.00493086781
v -0.00415522419 -0.014738664 -0.00487352069
v -0.00430318387 -0.016615862 -0.005616026
v -0.00402242364 -0.0147375958 -0.00555867935
v -0.00411185389 -0.0166239701 -0.00628714822
v -0.00383109367 -0.0147457048 -0.00622980157
v -0.00386345037 -0.0166411959 -0.00693912851
v -0.00358269038 -0.0147629296 -0.00688178185
v -0.00355986273 -0.0166674051 -0.0075670029
v -0.00327910297 -0.0147891399 -0.00750965625
v -0.0032034032 -0.0167023987 -0.00816599373
v -0.00292264321 -0.0148241343 -0.00810864754
v -0.00279678358 -0.0167459138 -0.00873154309
v -0.00251602358 -0.0148676476 -0.00867419597
v -0.00234309863 -0.0167976152 -0.00925934594
v -0.00206233887 -0.014919349 -0.00920199882
v -0.00184580148 -0.01685711 -0.0097453855
v -0.0015650416 -0.0149788447 -0.00968803838
v -0.00130867655 -0.0169239473 -0.0101859625
v -0.00102791667 -0.015045682 -0.0101286154
v -0.000735811773 -0.0169976167 -0.0105777243
v -0.000455051893 -0.0151193514 -0.0105203772
v -0.000131566805 -0.0170775577 -0.0109176887
v 0.000149193103 -0.0151992934 -0.0108603425
v 0.000499459216 -0.0171631631 -0.0112032695
v 0.000780219154 -0.0152848987 -0.0111459233
v 0.00115246431 -0.0172537807 -0.0114322929
v 0.00143322418 -0.0153755164 -0.0113749458
v 0.00182247849 -0.0173487216 -0.0116030145
v 0.00210323837 -0.0154704563 -0.0115456684
v 0.00250440207 -0.0174472611 -0.0117141372
v 0.00278516207 -0.0155689968 -0.011656791
v 0.00319304643 -0.0175486524 -0.0117648141
v 0.00347380643 -0.0156703871 -0.011707467
v 0.00388316927 -0.0176521204 -0.011754659
v 0.00416392926 -0.0157738551 -0.0116973128
v 0.00456951931 -0.0177568793 -0.0116837509
v 0.00485027907 -0.015878614 -0.0116264038
v 0.00524687208 -0.0178621318 -0.0115526272
v 0.00552763231 -0.0159838665 -0.0114952801
v 0.00591007341 -0.0179670788 -0.0113622872
v 0.00619083317 -0.0160888135 -0.0113049401
v 0.00655407552 -0.0180709176 -0.0111141801
v 0.00683483528 -0.0161926523 -0.011056833
v 0.00717397686 -0.0181728601 -0.0108101927
v 0.00745473709 -0.0162945949 -0.0107528456
v 0.00776506029 -0.0182721317 -0.0104526393
v 0.00804582052 -0.0163938664 -0.0103952922
v 0.00832282659 -0.0183679741 -0.0100442404
v 0.00860358682 -0.0164897088 -0.00998689421
v 0.00884303171 -0.0184596609 -0.0095881056
v 0.00912379194 -0.0165813956 -0.00953075849
v 0.00932171568 -0.0185464919 -0.00908770505
v 0.00960247591 -0.0166682266 -0.00903035793
v 0.0097552361 -0.0186278075 -0.00854684785
v 0.0100359963 -0.0167495422 -0.00848950073
v 0.0101402933 -0.0187029876 -0.00796964951
v 0.0104210526 -0.0168247223 -0.00791230332
v 0.0104739564 -0.0187714603 -0.00736050354
v 0.0107547166 -0.0168931969 -0.00730315689
v 0.0107536865 -0.0188327078 -0.00672404561
v 0.0110344468 -0.0169544425 -0.00666669896
v 0.0109773548 -0.0188862588 -0.00606511999
v 0.0112581141 -0.0170079935 -0.00600777334
v 0.0111432588 -0.0189317092 -0.00538874045
v 0.011424019 -0.0170534439 -0.0053313938
v 0.0112501355 -0.0189687107 -0.00470005581
v 0.0115308957 -0.0170904454 -0.00464270916
v 0.0112971719 -0.0189969856 -0.00400430663
v 0.0115779322 -0.0171187203 -0.00394695997
v 0.0112840105 -0.0190163143 -0.00330678863
v 0.0115647707 -0.017138049 -0.00324944174
v 0.0112107508 -0.0190265514 -0.00261280942
v 0.011491511 -0.0171482861 -0.00255546276
v 0.0112076104 -0.019026719 -0.00259197527
v 0.0113587109 -0.0171493553 -0.00187030458
v 0.0110779507 -0.0190276206 -0.00192765135
v 0.0108866207 -0.0190195106 -0.00125652878
v 0.011167381 -0.0171412453 -0.00119918201
v 0.0106382174 -0.0190022867 -0.000604548957
v 0.0109189777 -0.0171240214 -0.000547202188
v 0.0103346296 -0.0189760756 2.33258161e-05
v 0.0106153898 -0.0170978103 8.06725584e-05
v 0.00997817051 -0.0189410821 0.000622316787
v 0.0102589307 -0.0170628168 0.000679663499
v 0.00957155041 -0.0188975688 0.00118786609
v 0.00985231064 -0.0170193035 0.00124521286
v 0.00911786593 -0.0188458674 0.00171566871
v 0.00939862616 -0.0169676021 0.00177301548
v 0.00862056855 -0.0187863708 0.0022017078
v 0.00890132878 -0.0169081055 0.00225905445
v 0.00808344316 -0.0187195335 0.00264228578
v 0.00836420339 -0.0168412682 0.00269963243
v 0.00751057919 -0.018645864 0.00303404685
v 0.00779133895 -0.0167675987 0.0030913935
v 0.00690633385 -0.018565923 0.00337401219
v 0.00718709361 -0.0166876577 0.00343135884
v 0.00627530785 -0.0184803177 0.00365959248
v 0.00655606808 -0.0166020524 0.00371693913
v 0.00562230265 -0.0183897 0.00388861564
v 0.00590306288 -0.0165114347 0.00394596253
v 0.0049522887 -0.0182947591 0.00405933801
v 0.00523304846 -0.0164164938 0.00411668466
v 0.004270365 -0.0181962196 0.00417046063
v 0.00455112476 -0.0163179543 0.00422780728
v 0.00358172064 -0.0180948302 0.00422113715
v 0.00386248063 -0.0162165649 0.0042784838
v 0.00289159804 -0.0179913603 0.00421098201
v 0.0031723578 -0.016113095 0.00426832866
v 0.00220524799 -0.0178866014 0.00414007343
v 0.00248600799 -0.0160083361 0.00419742009
v 0.0015278951 -0.0177813489 0.00400894973
v 0.00180865498 -0.0159030836 0.00406629639
v 0.000864693488 -0.0176764037 0.00381861068
v 0.00114545343 -0.0157981385 0.00387595734
v 0.000220691611 -0.0175725631 0.00357050262
v 0.00050145149 -0.0156942979 0.00362784951
v -0.000399210083 -0.0174706206 0.00326651568
v -0.00011845016 -0.0155923553 0.00332386233
v -0.000990293105 -0.017371349 0.00290896138
v -0.000709533168 -0.0154930847 0.00296630827
v -0.0015317552 -0.0172783416 0.0025136047
v -0.00154805987 -0.0172755066 0.00250056363
v 0.00576339616 -0.0121075884 -0.00708137359
v 0.00594049692 -0.0121361446 -0.00701314397
v 0.00612287689 -0.0121650044 -0.00696080085
v 0.00630914932 -0.012193949 -0.0069247419
v 0.00649789535 -0.0122227576 -0.00690524187
v 0.00668767933 -0.0122512113 -0.0069024493
v 0.00687705632 -0.0122790942 -0.00691638561
v 0.00706458557 -0.0123061929 -0.00694694417
v 0.00724883936 -0.0123323007 -0.0069938926
v 0.00742841559 -0.012357221 -0.00705687422
v 0.00760194799 -0.012380762 -0.00713540846
v 0.00776811503 -0.0124027459 -0.00722889882
v 0.0079256529 -0.0124230059 -0.00733663375
v 0.00807336252 -0.0124413855 -0.00745779229
v 0.00821011886 -0.012457747 -0.00759145292
v 0.00833488256 -0.0124719646 -0.00773659861
v 0.00844670273 -0.0124839311 -0.00789212435
v 0.00854472909 -0.0124935545 -0.00805684738
v 0.00862821564 -0.012500762 -0.00822951272
v 0.00869652629 -0.0125054987 -0.00840880722
v 0.00874914229 -0.0125077292 -0.00859336648
v 0.00878566224 -0.0125074349 -0.00878178421
v 0.00880580861 -0.0125046195 -0.00897262897
v 0.00880942866 -0.0124993045 -0.00916444603
v 0.00879649352 -0.0124915289 -0.00935577694
v 0.00876710191 -0.0124813532 -0.00954516605
v 0.00872147828 -0.0124688549 -0.00973116979
v 0.00865997002 -0.0124541279 -0.00991237443
v 0.0085830437 -0.0124372859 -0.0100874007
v 0.00849128701 -0.0124184554 -0.0102549158
v 0.00838539563 -0.0123977801 -0.0104136448
v 0.00826617796 -0.012375419 -0.0105623808
v 0.00813453924 -0.0123515399 -0.0106999911
v 0.00799148344 -0.0123263262 -0.0108254282
v 0.0078380974 -0.0122999698 -0.0109377382
v 0.00767554948 -0.0122726699 -0.0110360645
v 0.00750507647 -0.0122446362 -0.0111196619
v 0.00732797617 -0.01221608 -0.0111878905
v 0.00714559574 -0.0121872202 -0.0112402346
v 0.00695932377 -0.0121582756 -0.0112762935
v 0.00677057775 -0.012129467 -0.0112957936
v 0.00658079376 -0.0121010132 -0.0112985857
v 0.00639141677 -0.0120731303 -0.0112846494
v 0.00620388752 -0.0120460317 -0.0112540908
v 0.00601963373 -0.0120199239 -0.0112071428
v 0.00584005704 -0.0119950036 -0.0111441612
v 0.0056665251 -0.0119714625 -0.0110656265
v 0.0055003576 -0.0119494777 -0.0109721357
v 0.00534281973 -0.0119292187 -0.0108644012
v 0.00519511057 -0.011910839 -0.0107432427
v 0.00505835377 -0.0118944775 -0.0106095821
v 0.00493359007 -0.01188026 -0.0104644364
v 0.00482176989 -0.0118682934 -0.0103089102
v 0.00472374354 -0.01185867 -0.0101441881
v 0.00464025699 -0.0118514625 -0.00997152179
v 0.00457194634 -0.0118467258 -0.00979222823
v 0.00451933034 -0.0118444953 -0.00960766897
v 0.00448281039 -0.0118447896 -0.0094192503
v 0.00446266402 -0.011847605 -0.00922840647
v 0.00445904443 -0.0118529201 -0.00903658848
v 0.00447197957 -0.0118606957 -0.00884525757
v 0.00450137071 -0.0118708713 -0.0086558694
v 0.00454699434 -0.0118833696 -0.00846986566
v 0.00460850308 -0.0118980967 -0.00828866102
v 0.00468542892 -0.0119149387 -0.00811363477
v 0.00477718655 -0.0119337691 -0.00794611964
v 0.004883077 -0.0119544445 -0.00778739015
v 0.00500229513 -0.0119768055 -0.00763865421
v 0.00513393339 -0.0120006846 -0.00750104431
v 0.00527698966 -0.0120258974 -0.0073756068
v 0.00543037523 -0.0120522548 -0.00726329768
v 0.00559292315 -0.0120795546 -0.00716497051
v 0.00507928897 0.0103863562 -0.0115725249
v 0.00552259479 0.0133520402 -0.0114819771
v -0.0180601645 0.0136392899 -0.00482833292
v 0.0122068608 -0.017141059 -0.00629443349
v 0.0119552342 -0.0170808118 -0.00703572482
v 0.0116405375 -0.0170119107 -0.00775174005
v 0.0112651661 -0.0169348773 -0.00843702909
v 0.0108319772 -0.0168503001 -0.00908637699
v 0.0103442678 -0.01675882 -0.00969484169
v 0.00980574731 -0.0166611355 -0.0102577917
v 0.00922051724 -0.0165579896 -0.0107709439
v 0.00859302934 -0.0164501648 -0.0112303924
v 0.0079280613 -0.0163384862 -0.0116326399
v 0.00723067159 -0.0162237994 -0.0119746253
v 0.00650616968 -0.0161069799 -0.0122537464
v 0.00576006807 -0.0159889162 -0.0124678789
v 0.00499804597 -0.0158705059 -0.0126153929
v 0.00422590226 -0.0157526527 -0.0126951644
v 0.00344951404 -0.0156362504 -0.012706589
v 0.00267478987 -0.0155221866 -0.012649578
v 0.00190762524 -0.0154113285 -0.0125245657
v 0.00115385931 -0.0153045217 -0.0123325028
v 0.000419228716 -0.0152025763 -0.0120748514
v -0.000290675758 -0.0151062701 -0.011753574
v -0.000970451452 -0.015016336 -0.0113711134
v -0.0016149244 -0.0149334576 -0.0109303817
v -0.00221918966 -0.0148582663 -0.0104347318
v -0.00277864886 -0.0147913331 -0.00988793746
v -0.00328904507 -0.0147331692 -0.00929415971
v -0.00374649139 -0.0146842171 -0.00865791645
v -0.00414750865 -0.0146448473 -0.00798405148
v -0.00448904373 -0.0146153616 -0.00727769267
v -0.00476849824 -0.0145959835 -0.0065442156
v -0.00498374458 -0.0145868612 -0.00578920217
v -0.00513314549 -0.0145880627 -0.00501840003
v -0.00521556195 -0.0145995803 -0.00423767325
v -0.00523036858 -0.0146213258 -0.00345296529
v -0.00517745269 -0.0146531332 -0.00267024781
v -0.00505721616 -0.0146947615 -0.00189547741
v -0.00487057399 -0.014745892 -0.00113455008
v -0.00461894693 -0.0148061384 -0.00039325899
v -0.00430425117 -0.0148750395 0.000322756474
v -0.00392887928 -0.0149520729 0.00100804516
v -0.00349569018 -0.0150366509 0.00165739306
v -0.0030079803 -0.0151281301 0.00226585753
v -0.00246946095 -0.0152258147 0.00282880873
v -0.0018842303 -0.0153289614 0.00334196049
v -0.00125674298 -0.0154367853 0.00380140892
v -0.000591774005 -0.0155484648 0.00420365576
v 0.000105614963 -0.0156631507 0.00454564206
v 0.000830117497 -0.0157799702 0.0048247627
v 0.00157621852 -0.015898034 0.00503889564
v 0.00233824085 -0.0160164442 0.00518640922
v 0.00311038434 -0.0161342975 0.00526618166
v 0.00388677302 -0.0162506998 0.00527760526
v 0.00466149719 -0.0163647644 0.00522059388
v 0.00542866206 -0.0164756216 0.00509558106
v 0.00618242752 -0.0165824294 0.00490351906
v 0.00691705849 -0.0166843738 0.00464586774
v 0.00762696238 -0.01678068 0.00432459032
v 0.00830673892 -0.0168706141 0.0039421292
v 0.00895121135 -0.0169534925 0.00350139732
v 0.00955547672 -0.0170286857 0.00300574792
v 0.0101149362 -0.0170956179 0.00245895353
v 0.0106253326 -0.0171537809 0.00186517579
v 0.0110827787 -0.0172027331 0.00122893299
v 0.0114837959 -0.0172421038 0.000555067905
v 0.0118253315 -0.0172715895 -0.000151291286
v 0.0121047851 -0.0172909666 -0.000884768262
v 0.0123200314 -0.0173000898 -0.00163978129
v 0.0124694323 -0.0172988884 -0.0024105839
v 0.0125518488 -0.0172873698 -0.00319131045
v 0.0125666559 -0.0172656253 -0.00397601863
v 0.01251374 -0.0172338169 -0.00475873612
v 0.0123935034 -0.0171921905 -0.00553350663
v 0.0126062268 -0.0133311637 -0.000507232849
v 0.0130605064 -0.0133446418 -0.00228985376
v 0.00918410346 -0.0124959191 -0.0111096622
v 0.00851913542 -0.0123842396 -0.0115119098
v 0.00782174617 -0.0122695537 -0.0118538952
v 0.00481697638 -0.011798407 -0.0125744352
v 0.00409893878 -0.0116906799 -0.0125873806
v 0.0114230514 -0.0128960544 -0.00896564685
v 0.0118562402 -0.0129806325 -0.00831629895
v 0.0122316116 -0.013057665 -0.00763100991
v 0.0125463083 -0.013126567 -0.00691499468
v 0.0127979349 -0.0131868124 -0.00617370335
v 0.0129845776 -0.0132379439 -0.00541277649
v 0.0131048141 -0.0132795712 -0.00463800598
v 0.01315773 -0.0133113787 -0.00385528849
v 0.0131429229 -0.0133331241 -0.00307058054
v 0.010935341 -0.0128045743 -0.00957411155
v 0.0103968214 -0.0127068898 -0.0101370616
v 0.0070972438 -0.0121527342 -0.0121330163
v 0.00558912009 -0.0119162612 -0.0124946628
v 0.00635114219 -0.0120346704 -0.0123471487
v 0.0129111055 -0.0133458432 -0.00151905115
v 0.0126958592 -0.0133367209 -0.000764038123
v 0.00981159136 -0.012603743 -0.0106502138
v 0.012162921 -0.0162968468 -0.000597780396
v 0.0119730998 -0.016283026 -0.000121108744
v 0.000566997332 -0.0142140137 -0.0120446691
v -0.000142907113 -0.0141177084 -0.0117233908
v -0.000822682807 -0.0140277734 -0.0113409311
v -0.00146715576 -0.013944895 -0.0109001985
v -0.00207142113 -0.0138697037 -0.0104045495
v -0.00263088034 -0.0138027715 -0.00985775515
v -0.00314127654 -0.0137446066 -0.00926397741
v -0.00359872286 -0.0136956545 -0.00862773415
v -0.00399974035 -0.0136562856 -0.00795386918
v -0.00434127543 -0.0136267999 -0.00724751037
v -0.00462072995 -0.0136074219 -0.00651403284
v -0.00483597582 -0.0135982987 -0.00575901987
v -0.00498537673 -0.0135995001 -0.00498821726
v -0.00506779319 -0.0136110177 -0.00420749094
v -0.00508259982 -0.0136327632 -0.00342278276
v -0.00502968393 -0.0136645706 -0.00264006527
v -0.00490944739 -0.0137061989 -0.00186529476
v -0.00472280523 -0.0137573304 -0.00110436755
v -0.00447117863 -0.0138175758 -0.000363076426
v -0.00415648241 -0.0138864769 0.000352939038
v -0.00378111075 -0.0139635103 0.0010382277
v -0.00334792165 -0.0140480883 0.0016875756
v -0.00286021153 -0.0141395675 0.00229604007
v -0.00232169218 -0.014237253 0.00285899127
v -0.00173646165 -0.0143403998 0.00337214302
v -0.00110897433 -0.0144482227 0.00383159146
v -0.00044400536 -0.0145599023 0.00423383852
v 0.000253383594 -0.014674589 0.00457582483
v 0.000977886142 -0.0147914076 0.004854945
v 0.00172398717 -0.0149094723 0.00506907795
v 0.00248600938 -0.0150278816 0.00521659153
v 0.00325815286 -0.0151457358 0.00529636443
v 0.00403454155 -0.0152621381 0.00530778756
v 0.00480926596 -0.0153762018 0.00525077619
v 0.00557643082 -0.015487059 0.00512576383
v 0.00633019628 -0.0155938668 0.00493370183
v 0.00706482725 -0.0156958122 0.00467605051
v 0.00777473114 -0.0157921184 0.00435477262
v 0.00845450722 -0.0158820525 0.00397231197
v 0.00909898058 -0.0159649309 0.00353157986
v 0.00970324501 -0.0160401221 0.00303593045
v 0.0102627045 -0.0161070544 0.00248913607
v 0.0107731009 -0.0161652192 0.00189535832
v 0.011230547 -0.0162141714 0.00125911552
v 0.0116315642 -0.0162535403 0.00058525044
v 0.00138507725 -0.014327677 -0.012327088
v 0.00130162796 -0.0143159591 -0.0123023205
v -0.003596792 -0.00508399447 0.00749286637
v 0.00287536532 0.0185000859 -0.00147560996
v 0.000936396769 0.0187775772 -0.00107138441
v 0.00279520778 0.0185278375 -0.00199212343
v 0.000829519529 0.0188145805 -0.00176006847
v 0.00275993021 0.0185490437 -0.00251393532
v 0.000782483141 0.0188428536 -0.00245581847
v 0.00276980153 0.0185635388 -0.00303707388
v 0.000795644533 0.0188621823 -0.00315333623
v 0.00282474584 0.0185712185 -0.0035575584
v 0.000868904172 0.0188724212 -0.00384731521
v 0.00292434637 0.0185720194 -0.00407142658
v 0.00100170448 0.0188734885 -0.00453247363
v 0.00306784362 0.0185659379 -0.00457476871
v 0.00119303446 0.0188653804 -0.00520359585
v 0.00325414655 0.0185530186 -0.00506375358
v 0.00144143775 0.0188481547 -0.00585557614
v 0.00348183676 0.0185333621 -0.00553465961
v 0.00174502539 0.0188219454 -0.00648345053
v 0.00374918175 0.0185071155 -0.00598390307
v 0.00210148492 0.01878695 -0.00708244182
v 0.00405414589 0.0184744801 -0.00640806463
v 0.00250810455 0.0187434368 -0.00764799071
v 0.00439441018 0.0184357036 -0.00680391677
v 0.00296178949 0.0186917353 -0.0081757931
v 0.00476738298 0.0183910821 -0.0071684462
v 0.00345908664 0.0186322406 -0.00866183266
v 0.00517022656 0.0183409546 -0.00749887899
v 0.00399621157 0.0185654033 -0.00910240971
v 0.005599875 0.0182857029 -0.00779270055
v 0.00456907647 0.0184917338 -0.00949417148
v 0.0060530589 0.0182257462 -0.00804767385
v 0.00517332135 0.018411791 -0.00983413681
v 0.00652632862 0.0181615427 -0.00826185942
v 0.00580434734 0.0183261856 -0.0101197176
v 0.00701608229 0.0180935785 -0.00843362696
v 0.00645735255 0.018235568 -0.01034874
v 0.00751859276 0.0180223733 -0.00856166892
v 0.00712736649 0.0181406289 -0.0105194626
v 0.00803003553 0.0179484691 -0.00864501018
v 0.0078092902 0.0180420894 -0.0106305853
v 0.00854651909 0.0178724267 -0.00868301746
v 0.00849793479 0.0179406982 -0.0106812613
v 0.00906411093 0.0177948251 -0.00867540203
v 0.00918805785 0.0178372301 -0.0106711071
v 0.0095788734 0.017716255 -0.00862221979
v 0.0098744072 0.0177324712 -0.0106001981
v 0.0100868884 0.0176373161 -0.00852387771
v 0.01055176 0.0176272169 -0.0104690744
v 0.0105842892 0.0175586063 -0.00838112272
v 0.0112149613 0.0175222717 -0.0102787353
v 0.0110672908 0.0174807273 -0.00819504168
v 0.0118589634 0.017418433 -0.0100306273
v 0.0115322173 0.0174042694 -0.00796705112
v 0.0124788648 0.0173164885 -0.00972663984
v 0.0119755296 0.0173298158 -0.00769888656
v 0.0130699482 0.0172172189 -0.00936908647
v 0.0123938546 0.0172579344 -0.00739258761
v 0.0136277154 0.0171213746 -0.00896068849
v 0.0127840079 0.0171891693 -0.00705048628
v 0.0141479196 0.0170296896 -0.00850455277
v 0.0131430207 0.0171240456 -0.0066751861
v 0.0146266045 0.0169428587 -0.00800415315
v 0.0134681612 0.0170630608 -0.00626954297
v 0.015060124 0.0168615431 -0.00746329501
v 0.0137569541 0.0170066748 -0.00583664468
v 0.0154451812 0.016786363 -0.00688609714
v 0.0140072014 0.0169553198 -0.00537978485
v 0.0157788452 0.0167178884 -0.00627695117
v 0.0142169986 0.0169093851 -0.00490244152
v 0.0160585754 0.0166566428 -0.00564049324
v 0.0143847503 0.0168692209 -0.0044082473
v 0.0162822437 0.0166030917 -0.00498156762
v 0.0145091778 0.0168351326 -0.00390096265
v 0.0164481476 0.0165576413 -0.00430518808
v 0.0145893358 0.0168073811 -0.00338444929
v 0.0165550243 0.016520638 -0.00361650344
v 0.0146246133 0.0167861767 -0.0028626374
v 0.0166020598 0.0164923649 -0.00292075449
v 0.0146147422 0.0167716797 -0.00233949861
v 0.0165888984 0.0164730363 -0.00222323625
v 0.0145597979 0.0167640019 -0.0018190142
v 0.0165156387 0.0164627992 -0.00152925716
v 0.0144601976 0.016763201 -0.00130514591
v 0.0163828395 0.01646173 -0.000844098977
v 0.0143166995 0.0167692825 -0.000801803835
v 0.0161915086 0.01646984 -0.000172976404
v 0.0141303968 0.0167822 -0.000312819117
v 0.0159431063 0.0164870638 0.000479003415
v 0.013902707 0.0168018583 0.000158087234
v 0.0156395175 0.0165132731 0.00110687816
v 0.0136353616 0.0168281049 0.000607330352
v 0.0152830584 0.0165482685 0.0017058691
v 0.0133303972 0.0168607384 0.00103149214
v 0.0148764392 0.0165917818 0.00227141846
v 0.0129901338 0.0168995149 0.00142734405
v 0.0144227538 0.0166434832 0.00279922108
v 0.0126171606 0.0169441365 0.00179187371
v 0.0139254574 0.0167029798 0.00328526017
v 0.012214317 0.016994264 0.0021223065
v 0.013388332 0.0167698152 0.00372583815
v 0.0117846681 0.0170495175 0.00241612783
v 0.0128154671 0.0168434866 0.00411759922
v 0.0113314847 0.0171094723 0.00267110183
v 0.0122112222 0.0169234276 0.00445756456
v 0.0108582145 0.0171736777 0.00288528716
v 0.0115801962 0.0170090329 0.00474314485
v 0.0103684617 0.01724164 0.00305705448
v 0.010927191 0.0170996506 0.00497216824
v 0.00986595079 0.0173128452 0.00318509596
v 0.0102571771 0.0171945915 0.00514289038
v 0.00935450755 0.0173867512 0.00326843746
v 0.00957525335 0.017293131 0.005254013
v 0.00883802492 0.0174627937 0.00330644567
v 0.00888660923 0.0173945203 0.00530468952
v 0.00832043216 0.0175403953 0.00329882931
v 0.00819648616 0.0174979884 0.00529453438
v 0.00780567015 0.0176189635 0.00324564776
v 0.00751013635 0.0176027492 0.00522362581
v 0.0072976551 0.0176979043 0.00314730522
v 0.00683278311 0.0177080017 0.00509250211
v 0.00680025434 0.0177766122 0.0030045507
v 0.00616958179 0.0178129468 0.00490216305
v 0.00631725276 0.0178544931 0.00281846942
v 0.00552557968 0.0179167874 0.004654055
v 0.00585232629 0.0179309491 0.00259047933
v 0.00490567787 0.01801873 0.00435006805
v 0.00540901395 0.0180054028 0.00232231431
v 0.0043145949 0.0181180015 0.00399251375
v 0.00499068899 0.018077286 0.00201601535
v 0.00375682837 0.0182138439 0.003584116
v 0.00460053561 0.0181460492 0.00167391414
v 0.00323662371 0.0183055308 0.00312798028
v 0.0042415224 0.0182111729 0.00129861385
v 0.00275793951 0.0183923617 0.00262758043
v 0.00391638232 0.0182721596 0.000892970245
v 0.0023244191 0.0184736755 0.00208672299
v 0.00362758967 0.0183285456 0.000460072013
v 0.00193936215 0.0185488574 0.00150952511
v 0.00337734213 0.0183799006 3.21257926e-06
v 0.00160569896 0.0186173301 0.000900378975
v 0.00316754472 0.0184258353 -0.000474130706
v 0.00132596889 0.0186785758 0.000263920811
v 0.00299979351 0.0184659977 -0.000968325068
v 0.00110230059 0.0187321287 -0.000395004667
v 0.00906166621 -0.0160920601 0.00787808467
v 0.00747832051 -0.0159674715 0.0115492558
v 0.00632389961 -0.0148001956 0.0121013187
v -0.0213581137 -0.00544006797 -0.000155363188
v -0.0212651081 -0.00547911087 -0.000113925598
v -0.021169221 -0.00550913624 -7.15511123e-05
v -0.0216129068 -0.00527213234 -0.000270952092
v -0.0215326771 -0.00533618312 -0.000234176492
v -0.02144753 -0.00539230509 -0.000195548564
v -0.0208716411 -0.00554317376 5.79478183e-05
v -0.0207716599 -0.00553555181 0.000100810175
v -0.0206725523 -0.005518483 0.000142974968
v -0.0203879476 -0.00541224377 0.000262117566
v -0.0202997252 -0.00535938516 0.000298373197
v -0.0202159695 -0.00529841986 0.000332427764
v -0.0201373156 -0.00522981258 0.000364021689
v -0.0210711826 -0.00552991545 -2.85624428e-05
v -0.0209717359 -0.00554128969 1.47141291e-05
v -0.0205750726 -0.00549209584 0.000184122036
v -0.0204799622 -0.00545659289 0.000223937182
v -0.0200643633 -0.00515408441 0.000392915332
v -0.0199976694 -0.00507181184 0.00041888823
v -0.0199377388 -0.00498362118 0.000441742974
v -0.0198850259 -0.00489018438 0.00046130619
v -0.0198399387 -0.00479221204 0.000477427122
v -0.0198028143 -0.00469044875 0.000489985337
v -0.0197739378 -0.00458567031 0.00049888331
v -0.0197535288 -0.00447867438 0.000504055002
v -0.0197417419 -0.00437027356 0.000505459786
v -0.0197386649 -0.00426129438 0.000503088173
v -0.0197443254 -0.00415256573 0.000496956636
v -0.0197586771 -0.00404491508 0.00048711375
v -0.0197816137 -0.00393916154 0.000473632186
v -0.0198129583 -0.00383611023 0.00045661637
v -0.0198524725 -0.00373654556 0.000436195289
v -0.0198998563 -0.0036412247 0.000412524067
v -0.0208012052 -0.00304713752 3.61804473e-06
v -0.0207017604 -0.00305851223 4.68938524e-05
v -0.0206037201 -0.0030792912 8.98832805e-05
v -0.020507833 -0.00310931657 0.000132257759
v -0.0204148274 -0.00314835971 0.000173695356
v -0.0199547485 -0.00355087407 0.000385783409
v -0.0200167317 -0.00346618006 0.000356176082
v -0.0200853348 -0.00338778854 0.000323927728
v -0.0201600343 -0.0033162951 0.000289284246
v -0.0210012812 -0.0030528761 -8.24780218e-05
v -0.0211003888 -0.00306994515 -0.000124642829
v -0.0217562094 -0.00512224762 -0.0003378439
v -0.0218181927 -0.00503755361 -0.000367451255
v -0.0218730848 -0.00494720321 -0.000394191942
v -0.020240264 -0.00325224432 0.000252508646
v -0.0203254111 -0.00319612329 0.000213880703
v -0.0213849936 -0.0031761846 -0.000243785413
v -0.0214732159 -0.00322904275 -0.000280041044
v -0.0215569716 -0.00329000782 -0.000314095611
v -0.0216356255 -0.00335861533 -0.000345689536
v -0.0217085779 -0.00343434373 -0.000374583207
v -0.0217752717 -0.00351661607 -0.000400556077
v -0.0218352024 -0.00360480626 -0.00042341082
v -0.0219913274 -0.00464926613 -0.000455300033
v -0.0219599828 -0.00475231744 -0.000438284216
v -0.0219204687 -0.00485188235 -0.000417863164
v -0.0216876063 -0.00520063937 -0.000305595604
v -0.0211978685 -0.00309633161 -0.000165789883
v -0.0212929789 -0.00313183479 -0.000205605029
v -0.0219990034 -0.0040027569 -0.000480551185
v -0.0220194124 -0.00410975423 -0.000485722849
v -0.0220311992 -0.00421815412 -0.000487127632
v -0.0220342763 -0.0043271333 -0.000484756019
v -0.0220286157 -0.00443586241 -0.000478624512
v -0.022014264 -0.00454351259 -0.000468781596
v -0.0209013 -0.00304525415 -3.96156574e-05
v -0.0218879152 -0.00369824306 -0.000442974037
v -0.0219330024 -0.00379621587 -0.000459094968
v -0.0219701268 -0.00389797869 -0.000471653184
v 0.00611550733 0.00978941377 0.00290584518
v 0.00561810657 0.00986812264 0.00276309042
v 0.00513510499 0.00994600262 0.00257700938
v 0.00467017852 0.0100224596 0.00234901928
v 0.00422686618 0.0100969132 0.00208085403
v 0.00380854146 0.0101687955 0.00177455519
v 0.00341838785 0.0102375597 0.00143245398
v 0.00305937463 0.0103026833 0.0010571538
v 0.00273423479 0.0103636691 0.000651510141
v 0.0127558783 0.00862197299 0.0086326478
v 0.00967606716 0.0092651872 0.00264382688
v 0.00918631349 0.00933315046 0.00281559443
v 0.00868380256 0.00940435566 0.00294363592
v 0.00817236025 0.00947826076 0.00302697741
v 0.00765587669 0.00955430325 0.00306498562
v 0.00713828439 0.00963190477 0.00305736926
v 0.00662352238 0.00971047394 0.00300418749
v 0.0118079856 0.00899102539 0.00118588388
v 0.0114350133 0.00903564692 0.00155041367
v 0.0110321688 0.00908577442 0.00188084634
v 0.0024454419 0.0104200551 0.00021861188
v 0.00219519436 0.0104714101 -0.00023824755
v 0.00198539696 0.0105173448 -0.000715590839
v 0.00157778233 0.0106405532 -0.00275539537
v 0.00158765365 0.0106550492 -0.00327853416
v 0.00164259807 0.010662728 -0.00379901845
v 0.0106025208 0.009141027 0.00217466778
v 0.0101493364 0.00920098275 0.00242964155
v 0.00181764574 0.0105575081 -0.00120978523
v 0.00169321767 0.0105915954 -0.00171707012
v 0.00161306013 0.0106193479 -0.00223358348
v 0.00174219848 0.0106635289 -0.00431288686
v 0.00188569585 0.0106574474 -0.00481622852
v 0.00207199878 0.010644529 -0.00530521385
v 0.0127205588 0.00889336783 -8.33728918e-05
v 0.0124532143 0.00891961344 0.000365870219
v 0.0158571322 0.0084171854 0.000156782538
v 0.00441772724 0.0103772124 -0.00803416036
v 0.00487091113 0.0103172567 -0.00828913413
v 0.0121482499 0.00895224884 0.000790032034
v 0.00229968899 0.0106248716 -0.00577611988
v 0.00256703398 0.0105986251 -0.00622536289
v 0.00287199835 0.0105659906 -0.0066495249
v 0.00534418086 0.0102530522 -0.0085033197
v 0.00583393453 0.010185089 -0.00867508724
v 0.0057496056 0.0102912663 -0.0117398193
v 0.00633644499 0.0101138838 -0.00880312826
v 0.00651677046 0.0101804081 -0.0118648326
v 0.00684788823 0.0100399787 -0.00888647046
v 0.0072914944 0.0100663444 -0.0119218435
v 0.00736437086 0.00996393617 -0.00892447773
v 0.00806788262 0.00994994212 -0.011910419
v 0.00788196363 0.00988633465 -0.00891686138
v 0.00884002633 0.0098320879 -0.0118306475
v 0.0083967261 0.00980776548 -0.00886368006
v 0.00960204843 0.00971367862 -0.0116831334
v 0.00890474021 0.00972882565 -0.00876533799
v 0.0103481505 0.00959561486 -0.011469001
v 0.00940214097 0.00965011679 -0.008622583
v 0.0110726524 0.00947879534 -0.0111898798
v 0.00988514256 0.0095722368 -0.00843650196
v 0.0117700417 0.00936410949 -0.0108478945
v 0.010350069 0.00949577987 -0.0082085114
v 0.0124350106 0.00925242994 -0.0104456469
v 0.0107933814 0.00942132622 -0.00794034638
v 0.0130624976 0.00914460607 -0.00998619851
v 0.0112117063 0.00934944395 -0.00763404788
v 0.0136477286 0.0090414593 -0.00947304629
v 0.0116018597 0.00928067975 -0.00729194656
v 0.0141862482 0.00894377474 -0.00891009625
v 0.0119608734 0.00921555609 -0.00691664638
v 0.0146739576 0.00885229465 -0.00830163155
v 0.012286013 0.00915456936 -0.00651100324
v 0.0151071474 0.00876771659 -0.00765228365
v 0.0125748059 0.00909818429 -0.00607810449
v 0.0154825188 0.0086906841 -0.00696699461
v 0.0128250541 0.00904682931 -0.00562124513
v 0.0157972146 0.00862178206 -0.00625097938
v 0.0130348513 0.00900089461 -0.0051439018
v 0.0160488412 0.00856153667 -0.00550968759
v 0.013202602 0.00896073133 -0.00464970758
v 0.0162354838 0.0085104052 -0.00474876119
v 0.0133270305 0.00892664306 -0.00414242269
v 0.0163557194 0.00846877787 -0.00397399068
v 0.0134071875 0.00889889151 -0.00362590933
v 0.0164086372 0.00843696948 -0.00319127319
v 0.013442466 0.00887768622 -0.00310409744
v 0.0163938291 0.00841522496 -0.00240656501
v 0.013432594 0.00886318926 -0.00258095865
v 0.0163114127 0.0084037073 -0.00162583834
v 0.0133776497 0.00885551143 -0.00206047436
v 0.0161620118 0.00840250589 -0.000855035731
v 0.0132780494 0.0088547105 -0.00154660607
v 0.0159467664 0.00841162819 -0.000100022742
v 0.0131345522 0.00886079203 -0.00104326394
v 0.0129482495 0.00887371041 -0.00055427925
v 0.00321226218 0.010527214 -0.00704537658
v 0.00358523498 0.0104825925 -0.00740990648
v 0.0039880788 0.010432465 -0.00774033926
v 0.0131991841 0.011587657 0.00872319564
v 0.016300438 0.0113828704 0.000247330114
v 0.00543914549 0.0133637581 -0.0114572095
v 0.00470451452 0.0134657025 -0.0111995591
v 0.00399461016 0.0135620087 -0.0108782807
v 0.00331483455 0.0136519438 -0.0104958201
v 0.00267036166 0.0137348222 -0.0100550884
v 0.00206609629 0.0138100134 -0.00955943856
v 0.00150663708 0.0138769457 -0.00901264418
v 0.00099624088 0.0139351096 -0.00841886643
v 0.000538794557 0.0139840627 -0.00778262364
v 0.000137777199 0.0140234316 -0.00710875867
v -0.00020375794 0.0140529172 -0.00640239986
v -0.00048321241 0.0140722953 -0.00566892233
v -0.00069845852 0.0140814185 -0.00491390936
v -0.000847859366 0.0140802162 -0.00414310675
v -0.000930275768 0.0140686994 -0.0033623802
v -0.000945082691 0.014046954 -0.00257767225
v -0.00089216663 0.0140151465 -0.00179495476
v -0.000771930034 0.0139735183 -0.00102018425
v -0.000585288042 0.0139223868 -0.000259257038
v -0.000333661126 0.0138621414 0.000482034084
v -1.89649636e-05 0.0137932403 0.00119804952
v 0.000356406585 0.0137162069 0.00188333821
v 0.000789595826 0.0136316288 0.00253268611
v 0.00127730577 0.0135401487 0.00314115058
v 0.00181582512 0.0134424642 0.00370410178
v 0.00240105577 0.0133393174 0.00421725353
v 0.00302854297 0.0132314945 0.00467670197
v 0.00369351194 0.013119814 0.00507894903
v 0.00439090095 0.0130051281 0.00542093534
v 0.00511540333 0.0128883086 0.00570005551
v 0.00586150447 0.0127702449 0.00591418846
v 0.00662352704 0.0126518356 0.00606170204
v 0.00739567028 0.0125339814 0.00614147494
v 0.00817205943 0.0124175791 0.00615289807
v 0.00894678291 0.0123035153 0.0060958867
v 0.00971394777 0.0121926581 0.00597087434
v 0.0104677137 0.0120858504 0.00577881234
v 0.0112023447 0.011983905 0.00552116102
v 0.011912249 0.0118875988 0.00519988313
v 0.0125920242 0.0117976647 0.00481742248
v 0.0132364975 0.0117147863 0.00437669037
v 0.0138407629 0.011639595 0.00388104096
v 0.0144002223 0.0115726618 0.00333424658
v 0.0149106178 0.0115144979 0.00274046883
v 0.0153680649 0.0114655457 0.00210422603
v 0.0157690812 0.0114261759 0.00143036095
v 0.0161106177 0.0113966903 0.000724001788
f 1 3 2
f 2 3 4
f 4 3 5
f 5 3 6
f 7 6 1
f 1 6 3
f 8 10 9
f 9 10 11
f 12 14 13
f 13 14 15
f 16 18 17
f 17 18 19
f 18 20 19
f 11 10 21
f 21 10 22
f 23 25 24
f 24 25 26
f 25 27 26
f 26 27 28
f 27 29 28
f 28 29 30
f 29 31 30
f 30 31 32
f 31 33 32
f 32 33 34
f 33 35 34
f 34 35 36
f 35 37 36
f 36 37 38
f 37 39 38
f 38 39 40
f 39 41 40
f 40 41 42
f 41 43 42
f 42 43 44
f 43 45 44
f 44 45 46
f 45 47 46
f 46 47 48
f 47 49 48
f 48 49 50
f 49 51 50
f 50 51 52
f 51 53 52
f 52 53 54
f 53 55 54
f 54 55 56
f 55 57 56
f 56 57 58
f 57 59 58
f 58 59 60
f 59 61 60
f 60 61 62
f 61 63 62
f 62 63 64
f 63 65 64
f 64 65 66
f 65 67 66
f 66 67 68
f 67 69 68
f 68 69 70
f 69 71 70
f 70 71 72
f 71 73 72
f 72 73 74
f 73 75 74
f 74 75 76
f 75 77 76
f 76 77 78
f 77 79 78
f 78 79 80
f 79 81 80
f 80 81 82
f 81 83 82
f 82 83 84
f 83 85 84
f 84 85 86
f 85 87 86
f 86 87 88
f 87 89 88
f 88 89 90
f 89 91 90
f 90 91 92
f 91 93 92
f 92 93 94
f 93 95 94
f 94 95 96
f 95 97 96
f 96 97 98
f 97 99 98
f 98 99 100
f 99 101 100
f 100 101 102
f 101 103 102
f 102 103 104
f 103 105 104
f 104 105 106
f 105 107 106
f 106 107 108
f 107 109 108
f 108 109 110
f 109 111 110
f 110 111 112
f 111 113 112
f 112 113 114
f 113 115 114
f 114 115 116
f 115 117 116
f 116 117 118
f 117 119 118
f 118 119 120
f 119 121 120
f 120 121 122
f 121 123 122
f 122 123 124
f 123 125 124
f 124 125 126
f 125 127 126
f 126 127 128
f 127 129 128
f 128 129 130
f 129 131 130
f 130 131 132
f 131 133 132
f 132 133 134
f 133 135 134
f 134 135 136
f 135 137 136
f 136 137 138
f 137 139 138
f 138 139 140
f 139 141 140
f 140 141 142
f 141 143 142
f 142 143 144
f 143 145 144
f 144 145 146
f 145 147 146
f 146 147 148
f 147 149 148
f 148 149 150
f 149 151 150
f 150 151 152
f 151 153 152
f 152 153 154
f 153 155 154
f 154 155 156
f 155 157 156
f 156 157 158
f 157 159 158
f 158 159 160
f 159 161 160
f 160 161 162
f 161 163 162
f 162 163 164
f 163 165 164
f 164 165 166
f 165 23 166
f 166 23 24
f 73 71 167
f 167 71 168
f 71 69 168
f 168 69 169
f 69 67 169
f 169 67 170
f 67 65 170
f 170 65 171
f 65 63 171
f 171 63 172
f 63 61 172
f 172 61 173
f 61 59 173
f 173 59 174
f 59 57 174
f 174 57 175
f 57 55 175
f 175 55 176
f 55 53 176
f 176 53 177
f 53 51 177
f 177 51 178
f 51 49 178
f 178 49 179
f 49 47 179
f 179 47 180
f 47 45 180
f 180 45 181
f 45 43 181
f 181 43 182
f 43 41 182
f 182 41 183
f 41 39 183
f 183 39 184
f 39 37 184
f 184 37 185
f 37 35 185
f 185 35 186
f 35 33 186
f 186 33 187
f 33 31 187
f 187 31 188
f 31 29 188
f 188 29 189
f 29 27 189
f 189 27 190
f 27 25 190
f 190 25 191
f 25 23 191
f 191 23 192
f 23 165 192
f 192 165 193
f 165 163 193
f 193 163 194
f 163 161 194
f 194 161 195
f 161 159 195
f 195 159 196
f 159 157 196
f 196 157 197
f 157 155 197
f 197 155 198
f 155 153 198
f 198 153 199
f 153 151 199
f 199 151 200
f 151 149 200
f 200 149 201
f 149 147 201
f 201 147 202
f 147 145 202
f 202 145 203
f 145 143 203
f 203 143 204
f 143 141 204
f 204 141 205
f 141 139 205
f 205 139 206
f 139 137 206
f 206 137 207
f 137 135 207
f 207 135 208
f 135 133 208
f 208 133 209
f 133 131 209
f 209 131 210
f 131 129 210
f 210 129 211
f 129 127 211
f 211 127 212
f 127 125 212
f 212 125 213
f 125 123 213
f 213 123 214
f 123 121 214
f 214 121 215
f 121 119 215
f 215 119 216
f 119 117 216
f 216 117 217
f 117 115 217
f 217 115 218
f 115 113 218
f 218 113 219
f 113 111 219
f 219 111 220
f 111 109 220
f 220 109 221
f 109 107 221
f 221 107 222
f 107 105 222
f 222 105 223
f 105 103 223
f 223 103 224
f 103 101 224
f 224 101 225
f 101 99 225
f 225 99 226
f 99 97 226
f 226 97 227
f 97 95 227
f 227 95 228
f 95 93 228
f 228 93 229
f 93 91 229
f 229 91 230
f 91 89 230
f 230 89 231
f 89 87 231
f 231 87 232
f 87 85 232
f 232 85 233
f 85 83 233
f 233 83 234
f 83 81 234
f 234 81 235
f 81 79 235
f 235 79 236
f 79 77 236
f 236 77 237
f 77 75 237
f 237 75 238
f 75 73 238
f 238 73 167
f 239 241 240
f 240 241 242
f 241 243 242
f 242 243 244
f 243 245 244
f 244 245 246
f 245 247 246
f 246 247 248
f 247 249 248
f 248 249 250
f 249 251 250
f 250 251 252
f 251 253 252
f 252 253 254
f 253 255 254
f 254 255 256
f 255 257 256
f 256 257 258
f 257 259 258
f 258 259 260
f 259 261 260
f 260 261 262
f 261 263 262
f 262 263 264
f 263 265 264
f 264 265 266
f 265 267 266
f 266 267 268
f 267 269 268
f 268 269 270
f 269 271 270
f 270 271 272
f 271 273 272
f 272 273 274
f 273 275 274
f 274 275 276
f 275 277 276
f 276 277 278
f 277 279 278
f 278 279 280
f 279 281 280
f 280 281 282
f 281 283 282
f 282 283 284
f 283 285 284
f 284 285 286
f 285 287 286
f 286 287 288
f 287 289 288
f 288 289 290
f 289 291 290
f 290 291 292
f 291 293 292
f 292 293 294
f 293 295 294
f 294 295 296
f 295 297 296
f 296 297 298
f 297 299 298
f 298 299 300
f 299 301 300
f 300 301 302
f 301 303 302
f 302 303 304
f 303 305 304
f 304 305 306
f 305 307 306
f 306 307 308
f 307 309 308
f 308 309 310
f 309 311 310
f 310 311 312
f 311 313 312
f 312 313 314
f 313 315 314
f 314 315 316
f 315 317 316
f 316 317 318
f 317 319 318
f 318 319 320
f 319 321 320
f 320 321 322
f 321 323 322
f 322 323 324
f 323 325 324
f 324 325 326
f 325 327 326
f 326 327 328
f 327 329 328
f 328 329 330
f 329 331 330
f 330 331 332
f 331 333 332
f 332 333 334
f 333 335 334
f 334 335 336
f 335 337 336
f 336 337 338
f 337 339 338
f 338 339 340
f 339 341 340
f 340 341 342
f 341 343 342
f 342 343 344
f 343 345 344
f 344 345 346
f 345 347 346
f 346 347 348
f 347 349 348
f 348 349 350
f 349 351 350
f 350 351 352
f 351 353 352
f 352 353 354
f 353 355 354
f 354 355 356
f 355 357 356
f 356 357 358
f 357 359 358
f 358 359 360
f 359 361 360
f 360 361 362
f 361 363 362
f 362 363 364
f 363 365 364
f 364 365 366
f 365 367 366
f 366 367 368
f 367 369 368
f 368 369 370
f 369 371 370
f 370 371 372
f 371 373 372
f 372 373 374
f 373 375 374
f 374 375 376
f 375 377 376
f 376 377 378
f 377 379 378
f 378 379 380
f 379 381 380
f 380 381 382
f 381 239 382
f 382 239 240
f 297 295 383
f 383 295 384
f 295 293 384
f 384 293 385
f 293 291 385
f 385 291 386
f 291 289 386
f 386 289 387
f 289 287 387
f 387 287 388
f 287 285 388
f 388 285 389
f 285 283 389
f 389 283 390
f 283 281 390
f 390 281 391
f 281 279 391
f 391 279 392
f 279 277 392
f 392 277 393
f 277 275 393
f 393 275 394
f 275 273 394
f 394 273 395
f 273 271 395
f 395 271 396
f 271 269 396
f 396 269 397
f 269 267 397
f 397 267 398
f 267 265 398
f 398 265 399
f 265 263 399
f 399 263 400
f 263 261 400
f 400 261 401
f 261 259 401
f 401 259 402
f 259 257 402
f 402 257 403
f 257 255 403
f 403 255 404
f 255 253 404
f 404 253 405
f 253 251 405
f 405 251 406
f 251 249 406
f 406 249 407
f 249 247 407
f 407 247 408
f 247 245 408
f 408 245 409
f 245 243 409
f 409 243 410
f 243 241 410
f 410 241 411
f 241 239 411
f 411 239 412
f 239 381 412
f 412 381 413
f 381 379 413
f 413 379 414
f 379 377 414
f 414 377 415
f 377 375 415
f 415 375 416
f 375 373 416
f 416 373 417
f 373 371 417
f 417 371 418
f 371 369 418
f 418 369 419
f 369 367 419
f 419 367 420
f 367 365 420
f 420 365 421
f 365 363 421
f 421 363 422
f 363 361 422
f 422 361 423
f 361 359 423
f 423 359 424
f 359 357 424
f 424 357 425
f 357 355 425
f 425 355 426
f 355 353 426
f 426 353 427
f 353 351 427
f 427 351 428
f 351 349 428
f 428 349 429
f 349 347 429
f 429 347 430
f 347 345 430
f 430 345 431
f 345 343 431
f 431 343 432
f 343 341 432
f 432 341 433
f 341 339 433
f 433 339 434
f 339 337 434
f 434 337 435
f 337 335 435
f 435 335 436
f 335 333 436
f 436 333 437
f 333 331 437
f 437 331 438
f 331 329 438
f 438 329 439
f 329 327 439
f 439 327 440
f 327 325 440
f 440 325 441
f 325 323 441
f 441 323 442
f 323 321 442
f 442 321 443
f 321 319 443
f 443 319 444
f 319 317 444
f 444 317 445
f 317 315 445
f 445 315 446
f 315 313 446
f 446 313 447
f 313 311 447
f 447 311 448
f 311 309 448
f 448 309 449
f 309 307 449
f 449 307 450
f 307 305 450
f 450 305 451
f 305 303 451
f 451 303 452
f 303 301 452
f 452 301 453
f 301 299 453
f 453 299 454
f 299 297 454
f 454 297 383
f 22 10 455
f 455 10 8
f 456 458 457
f 457 458 459
f 458 460 459
f 459 460 461
f 460 462 461
f 461 462 463
f 462 464 463
f 463 464 465
f 464 466 465
f 465 466 467
f 466 468 467
f 467 468 469
f 468 470 469
f 469 470 471
f 470 472 471
f 471 472 473
f 472 474 473
f 473 474 475
f 474 476 475
f 475 476 477
f 476 478 477
f 477 478 479
f 478 480 479
f 479 480 481
f 480 482 481
f 481 482 483
f 482 484 483
f 483 484 485
f 484 486 485
f 485 486 487
f 486 488 487
f 487 488 489
f 488 490 489
f 489 490 491
f 490 492 491
f 491 492 493
f 492 494 493
f 493 494 495
f 494 496 495
f 495 496 497
f 496 498 497
f 497 498 499
f 498 500 499
f 499 500 501
f 500 502 501
f 501 502 503
f 502 504 503
f 503 504 505
f 504 506 505
f 505 506 507
f 506 508 507
f 507 508 509
f 508 510 509
f 509 510 511
f 510 512 511
f 511 512 513
f 512 514 513
f 513 514 515
f 514 516 515
f 515 516 517
f 516 518 517
f 517 518 519
f 518 520 519
f 519 520 521
f 520 522 521
f 521 522 523
f 522 524 523
f 523 524 525
f 524 526 525
f 525 526 527
f 526 528 527
f 527 528 529
f 528 530 529
f 529 530 531
f 530 532 531
f 531 532 533
f 532 534 533
f 533 534 535
f 534 536 535
f 535 536 537
f 536 538 537
f 537 538 539
f 538 540 539
f 539 540 541
f 540 542 541
f 541 542 543
f 542 544 543
f 543 544 545
f 544 546 545
f 545 546 547
f 546 548 547
f 547 548 549
f 548 550 549
f 549 550 551
f 550 552 551
f 551 552 553
f 552 554 553
f 553 554 555
f 554 556 555
f 555 556 557
f 556 558 557
f 557 558 559
f 558 560 559
f 559 560 561
f 560 562 561
f 561 562 563
f 562 564 563
f 563 564 565
f 564 566 565
f 565 566 567
f 566 568 567
f 567 568 569
f 568 570 569
f 569 570 571
f 570 572 571
f 571 572 573
f 572 574 573
f 573 574 575
f 574 576 575
f 575 576 577
f 576 578 577
f 577 578 579
f 578 580 579
f 579 580 581
f 580 582 581
f 581 582 583
f 582 584 583
f 583 584 585
f 584 586 585
f 585 586 587
f 586 588 587
f 587 588 589
f 588 590 589
f 589 590 591
f 590 592 591
f 591 592 593
f 592 594 593
f 593 594 595
f 594 596 595
f 595 596 597
f 596 598 597
f 597 598 599
f 598 456 599
f 599 456 457
f 514 512 600
f 600 512 601
f 512 510 601
f 601 510 602
f 510 508 602
f 602 508 603
f 508 506 603
f 603 506 604
f 506 504 604
f 604 504 605
f 504 502 605
f 605 502 606
f 502 500 606
f 606 500 607
f 500 498 607
f 607 498 608
f 498 496 608
f 608 496 609
f 496 494 609
f 609 494 610
f 494 492 610
f 610 492 611
f 492 490 611
f 611 490 612
f 490 488 612
f 612 488 613
f 488 486 613
f 613 486 614
f 486 484 614
f 614 484 615
f 484 482 615
f 615 482 616
f 482 480 616
f 616 480 617
f 480 478 617
f 617 478 618
f 478 476 618
f 618 476 619
f 476 474 619
f 619 474 620
f 474 472 620
f 620 472 621
f 472 470 621
f 621 470 622
f 470 468 622
f 622 468 623
f 468 466 623
f 623 466 624
f 466 464 624
f 624 464 625
f 464 462 625
f 625 462 626
f 462 460 626
f 626 460 627
f 460 458 627
f 627 458 628
f 458 456 628
f 628 456 629
f 456 598 629
f 629 598 630
f 598 596 630
f 630 596 631
f 596 594 631
f 631 594 632
f 594 592 632
f 632 592 633
f 592 590 633
f 633 590 634
f 590 588 634
f 634 588 635
f 588 586 635
f 635 586 636
f 586 584 636
f 636 584 637
f 584 582 637
f 637 582 638
f 582 580 638
f 638 580 639
f 580 578 639
f 639 578 640
f 578 576 640
f 640 576 641
f 576 574 641
f 641 574 642
f 574 572 642
f 642 572 643
f 572 570 643
f 643 570 644
f 570 568 644
f 644 568 645
f 568 566 645
f 645 566 646
f 566 564 646
f 646 564 647
f 564 562 647
f 647 562 648
f 562 560 648
f 648 560 649
f 560 558 649
f 649 558 650
f 558 556 650
f 650 556 651
f 556 554 651
f 651 554 652
f 554 552 652
f 652 552 653
f 552 550 653
f 653 550 654
f 550 548 654
f 654 548 655
f 548 546 655
f 655 546 656
f 546 544 656
f 656 544 657
f 544 542 657
f 657 542 658
f 542 540 658
f 658 540 659
f 540 538 659
f 659 538 660
f 538 536 660
f 660 536 661
f 536 534 661
f 661 534 662
f 534 532 662
f 662 532 663
f 532 530 663
f 663 530 664
f 530 528 664
f 664 528 665
f 528 526 665
f 665 526 666
f 526 524 666
f 666 524 667
f 524 522 667
f 667 522 668
f 522 520 668
f 668 520 669
f 520 518 669
f 669 518 670
f 518 516 670
f 670 516 671
f 516 514 671
f 671 514 600
f 672 673 515
f 515 673 513
f 673 674 513
f 513 674 511
f 674 675 511
f 511 675 509
f 675 676 509
f 509 676 507
f 676 677 507
f 507 677 505
f 677 678 505
f 505 678 503
f 678 679 503
f 503 679 501
f 679 680 501
f 501 680 499
f 680 681 499
f 499 681 497
f 681 682 497
f 497 682 495
f 682 683 495
f 495 683 493
f 683 684 493
f 493 684 491
f 684 685 491
f 491 685 489
f 685 686 489
f 489 686 487
f 686 687 487
f 487 687 485
f 687 688 485
f 485 688 483
f 688 689 483
f 483 689 481
f 689 690 481
f 481 690 479
f 690 691 479
f 479 691 477
f 691 692 477
f 477 692 475
f 692 693 475
f 475 693 473
f 693 694 473
f 473 694 471
f 694 695 471
f 471 695 469
f 695 696 469
f 469 696 467
f 696 697 467
f 467 697 465
f 697 698 465
f 465 698 463
f 698 699 463
f 463 699 461
f 699 700 461
f 461 700 459
f 700 701 459
f 459 701 457
f 701 702 457
f 457 702 599
f 702 703 599
f 599 703 597
f 703 704 597
f 597 704 595
f 704 705 595
f 595 705 593
f 705 706 593
f 593 706 591
f 706 707 591
f 591 707 589
f 707 708 589
f 589 708 587
f 708 709 587
f 587 709 585
f 709 710 585
f 585 710 583
f 710 711 583
f 583 711 581
f 711 712 581
f 581 712 579
f 712 713 579
f 579 713 577
f 713 714 577
f 577 714 575
f 714 715 575
f 575 715 573
f 715 716 573
f 573 716 571
f 716 717 571
f 571 717 569
f 717 718 569
f 569 718 567
f 718 719 567
f 567 719 565
f 719 720 565
f 565 720 563
f 720 721 563
f 563 721 561
f 721 722 561
f 561 722 559
f 722 723 559
f 559 723 557
f 723 724 557
f 557 724 555
f 724 725 555
f 555 725 553
f 725 726 553
f 553 726 551
f 726 727 551
f 551 727 549
f 727 728 549
f 549 728 547
f 728 729 547
f 547 729 545
f 729 730 545
f 545 730 543
f 730 731 543
f 543 731 541
f 731 732 541
f 541 732 539
f 732 733 539
f 539 733 537
f 733 734 537
f 537 734 535
f 734 735 535
f 535 735 533
f 735 736 533
f 533 736 531
f 736 737 531
f 531 737 529
f 737 738 529
f 529 738 527
f 738 739 527
f 527 739 525
f 739 740 525
f 525 740 523
f 740 741 523
f 523 741 521
f 741 742 521
f 521 742 519
f 742 743 519
f 519 743 517
f 743 672 517
f 517 672 515
f 744 746 745
f 745 746 747
f 746 748 747
f 747 748 749
f 748 750 749
f 749 750 751
f 750 752 751
f 751 752 753
f 752 754 753
f 753 754 755
f 754 756 755
f 755 756 757
f 756 758 757
f 757 758 759
f 758 760 759
f 759 760 761
f 760 762 761
f 761 762 763
f 762 764 763
f 763 764 765
f 764 766 765
f 765 766 767
f 766 768 767
f 767 768 769
f 768 770 769
f 769 770 771
f 770 772 771
f 771 772 773
f 772 774 773
f 773 774 775
f 774 776 775
f 775 776 777
f 776 778 777
f 777 778 779
f 778 780 779
f 779 780 781
f 780 782 781
f 781 782 783
f 782 784 783
f 783 784 785
f 784 786 785
f 785 786 787
f 786 788 787
f 787 788 789
f 788 790 789
f 789 790 791
f 790 792 791
f 791 792 793
f 792 794 793
f 793 794 795
f 794 796 795
f 795 796 797
f 796 798 797
f 797 798 799
f 798 800 799
f 799 800 801
f 800 802 801
f 801 802 803
f 802 804 803
f 803 804 805
f 804 806 805
f 805 806 807
f 806 808 807
f 807 808 809
f 808 810 809
f 809 810 811
f 810 812 811
f 811 812 813
f 812 814 813
f 813 814 815
f 814 816 815
f 815 816 817
f 816 818 817
f 817 818 819
f 818 820 819
f 819 820 821
f 820 822 821
f 821 822 823
f 822 824 823
f 823 824 825
f 824 826 825
f 825 826 827
f 826 828 827
f 827 828 829
f 828 830 829
f 829 830 831
f 830 832 831
f 831 832 833
f 832 834 833
f 833 834 835
f 834 836 835
f 835 836 837
f 836 838 837
f 837 838 839
f 838 840 839
f 839 840 841
f 840 842 841
f 841 842 843
f 842 844 843
f 843 844 845
f 844 846 845
f 845 846 847
f 846 848 847
f 847 848 849
f 848 850 849
f 849 850 851
f 850 852 851
f 851 852 853
f 852 854 853
f 853 854 855
f 854 856 855
f 855 856 857
f 856 858 857
f 857 858 859
f 858 860 859
f 859 860 861
f 860 862 861
f 861 862 863
f 862 864 863
f 863 864 865
f 864 866 865
f 865 866 867
f 866 868 867
f 867 868 869
f 868 870 869
f 869 870 871
f 870 872 871
f 871 872 873
f 872 874 873
f 873 874 875
f 874 876 875
f 875 876 877
f 876 878 877
f 877 878 879
f 878 880 879
f 879 880 881
f 880 882 881
f 881 882 883
f 882 884 883
f 883 884 885
f 884 886 885
f 885 886 887
f 886 744 887
f 887 744 745
f 886 884 888
f 888 884 889
f 884 882 889
f 889 882 890
f 882 880 890
f 890 880 891
f 880 878 891
f 891 878 892
f 878 876 892
f 892 876 893
f 876 874 893
f 893 874 894
f 874 872 894
f 894 872 895
f 872 870 895
f 895 870 896
f 870 868 896
f 896 868 897
f 868 866 897
f 897 866 898
f 866 864 898
f 898 864 899
f 864 862 899
f 899 862 900
f 862 860 900
f 900 860 901
f 860 858 901
f 901 858 902
f 858 856 902
f 902 856 903
f 856 854 903
f 903 854 904
f 854 852 904
f 904 852 905
f 852 850 905
f 905 850 906
f 850 848 906
f 906 848 907
f 848 846 907
f 907 846 908
f 846 844 908
f 908 844 909
f 844 842 909
f 909 842 910
f 842 840 910
f 910 840 911
f 840 838 911
f 911 838 912
f 838 836 912
f 912 836 913
f 836 834 913
f 913 834 914
f 834 832 914
f 914 832 915
f 832 830 915
f 915 830 916
f 830 828 916
f 916 828 917
f 828 826 917
f 917 826 918
f 826 824 918
f 918 824 919
f 824 822 919
f 919 822 920
f 822 820 920
f 920 820 921
f 820 818 921
f 921 818 922
f 818 816 922
f 922 816 923
f 816 814 923
f 923 814 924
f 814 812 924
f 924 812 925
f 812 810 925
f 925 810 926
f 810 808 926
f 926 808 927
f 808 806 927
f 927 806 928
f 806 804 928
f 928 804 929
f 804 802 929
f 929 802 930
f 802 800 930
f 930 800 931
f 800 798 931
f 931 798 932
f 798 796 932
f 932 796 933
f 796 794 933
f 933 794 934
f 794 792 934
f 934 792 935
f 792 790 935
f 935 790 936
f 790 788 936
f 936 788 937
f 788 786 937
f 937 786 938
f 786 784 938
f 938 784 939
f 784 782 939
f 939 782 940
f 782 780 940
f 940 780 941
f 780 778 941
f 941 778 942
f 778 776 942
f 942 776 943
f 776 774 943
f 943 774 944
f 774 772 944
f 944 772 945
f 772 770 945
f 945 770 946
f 770 768 946
f 946 768 947
f 768 766 947
f 947 766 948
f 766 764 948
f 948 764 949
f 764 762 949
f 949 762 950
f 762 760 950
f 950 760 951
f 760 758 951
f 951 758 952
f 758 756 952
f 952 756 953
f 756 754 953
f 953 754 954
f 754 752 954
f 954 752 955
f 752 750 955
f 955 750 956
f 750 748 956
f 956 748 957
f 748 746 957
f 957 746 958
f 746 744 958
f 958 744 959
f 744 886 959
f 959 886 888
f 960 962 961
f 963 964 962
f 962 964 965
f 964 966 965
f 963 962 967
f 967 962 968
f 962 969 968
f 969 962 970
f 970 962 971
f 962 960 971
f 972 965 973
f 973 965 974
f 965 975 974
f 975 965 976
f 976 965 977
f 965 966 977
f 978 965 979
f 979 965 980
f 965 972 980
f 981 983 982
f 982 983 984
f 983 985 984
f 984 985 986
f 985 987 986
f 986 987 988
f 987 989 988
f 988 989 990
f 989 991 990
f 990 991 992
f 991 993 992
f 992 993 994
f 993 995 994
f 994 995 996
f 995 997 996
f 996 997 998
f 997 999 998
f 998 999 1000
f 999 1001 1000
f 1000 1001 1002
f 1001 1003 1002
f 1002 1003 1004
f 1003 1005 1004
f 1004 1005 1006
f 1005 1007 1006
f 1006 1007 1008
f 1007 1009 1008
f 1008 1009 1010
f 1009 1011 1010
f 1010 1011 1012
f 1011 1013 1012
f 1012 1013 1014
f 1013 1015 1014
f 1014 1015 1016
f 1015 1017 1016
f 1016 1017 1018
f 1017 1019 1018
f 1018 1019 1020
f 1019 1021 1020
f 1020 1021 1022
f 1021 1023 1022
f 1022 1023 1024
f 1023 1025 1024
f 1024 1025 1026
f 1025 1027 1026
f 1026 1027 1028
f 1027 1029 1028
f 1028 1029 1030
f 1029 1031 1030
f 1030 1031 1032
f 1031 1033 1032
f 1032 1033 1034
f 1033 1035 1034
f 1034 1035 962
f 1035 1036 962
f 962 1036 961
f 978 1037 965
f 965 1037 1038
f 1037 1039 1038
f 1038 1039 1040
f 1039 1041 1040
f 1040 1041 1042
f 1041 1043 1042
f 1042 1043 1044
f 1043 1045 1044
f 1044 1045 1046
f 1045 1047 1046
f 1046 1047 1048
f 1047 1049 1048
f 1048 1049 1050
f 1049 1051 1050
f 1050 1051 1052
f 1051 1053 1052
f 1052 1053 1054
f 1053 1055 1054
f 1054 1055 1056
f 1055 1057 1056
f 1056 1057 1058
f 1057 1059 1058
f 1058 1059 1060
f 1059 1061 1060
f 1060 1061 1062
f 1061 1063 1062
f 1062 1063 1064
f 1063 1065 1064
f 1064 1065 1066
f 1065 1067 1066
f 1066 1067 1068
f 1067 1069 1068
f 1068 1069 1070
f 1069 1071 1070
f 1070 1071 1072
f 1071 1073 1072
f 1072 1073 1074
f 1073 1075 1074
f 1074 1075 1076
f 1075 1077 1076
f 1076 1077 1078
f 1077 1079 1078
f 1078 1079 1080
f 1079 1081 1080
f 1080 1081 1082
f 1081 1083 1082
f 1082 1083 1084
f 1083 981 1084
f 1084 981 1085
f 981 982 1085
f 1030 1032 1086
f 1086 1032 1087
f 1032 1034 1087
f 1087 1034 962
f 1028 1030 1088
f 1088 1030 1089
f 1030 1086 1089
f 965 1038 1090
f 1090 1038 1091
f 1038 1040 1091
f 1091 1040 1092
f 1040 1042 1092
f 1092 1042 1044
f 1092 1044 1093
f 1093 1044 1094
f 1044 1046 1094
f 1094 1046 1095
f 1046 1048 1095
f 1095 1048 1096
f 1048 1050 1096
f 1096 1050 1097
f 1050 1052 1097
f 1097 1052 1098
f 1052 1054 1098
f 1098 1054 1099
f 1054 1056 1099
f 1099 1056 1100
f 1056 1058 1100
f 1100 1058 1101
f 1058 1060 1101
f 1101 1060 1102
f 1060 1062 1102
f 1102 1062 1103
f 1062 1064 1103
f 1103 1064 1104
f 1064 1066 1104
f 1104 1066 1105
f 1066 1068 1105
f 1105 1068 1106
f 1068 1070 1106
f 1106 1070 1107
f 1070 1072 1107
f 1107 1072 1108
f 1072 1074 1108
f 1108 1074 1109
f 1074 1076 1109
f 1109 1076 1110
f 1076 1078 1110
f 1110 1078 1111
f 1078 1080 1111
f 1111 1080 1112
f 1080 1082 1112
f 1112 1082 1113
f 1082 1084 1113
f 1113 1084 1114
f 1084 1085 1114
f 1114 1085 1115
f 1085 982 1115
f 1115 982 1116
f 982 984 1116
f 1116 984 1117
f 984 986 1117
f 1117 986 1118
f 986 988 1118
f 1118 988 1119
f 988 990 1119
f 1119 990 1120
f 990 992 1120
f 1120 992 1121
f 992 994 1121
f 1121 994 1122
f 994 996 1122
f 1122 996 1123
f 996 998 1123
f 1123 998 1124
f 998 1000 1124
f 1124 1000 1125
f 1000 1002 1125
f 1125 1002 1126
f 1002 1004 1126
f 1126 1004 1127
f 1004 1006 1127
f 1127 1006 1128
f 1006 1008 1128
f 1128 1008 1129
f 1008 1010 1129
f 1129 1010 1130
f 1010 1012 1130
f 1130 1012 1131
f 1012 1014 1131
f 1131 1014 1132
f 1014 1016 1132
f 1132 1016 1133
f 1016 1018 1133
f 1133 1018 1134
f 1018 1020 1134
f 1134 1020 1135
f 1020 1022 1135
f 1135 1022 1136
f 1022 1024 1136
f 1136 1024 1137
f 1024 1026 1137
f 1137 1026 1138
f 1026 1028 1138
f 1138 1028 1139
f 1028 1088 1139
f 14 1140 15
f 1141 1142 14
f 14 1142 1140
f 1142 1143 1140
f 1140 1143 1144
f 1145 1146 1144
f 1144 1146 1140
f 1146 1147 1140
f 13 15 1147
f 1147 15 1140
f 1148 1150 1149
f 1149 1150 1151
f 17 19 1152
f 1152 19 1153
f 1154 1156 1155
f 1155 1156 1157
f 1156 1158 1157
f 1157 1158 1159
f 1158 1160 1159
f 1159 1160 1161
f 1160 1162 1161
f 1161 1162 1163
f 1162 1164 1163
f 1163 1164 1165
f 1164 1166 1165
f 1165 1166 1167
f 1166 1168 1167
f 1167 1168 1169
f 1168 1170 1169
f 1169 1170 1171
f 1170 1172 1171
f 1171 1172 1173
f 1172 1174 1173
f 1173 1174 1175
f 1174 1176 1175
f 1175 1176 1177
f 1176 1178 1177
f 1177 1178 1179
f 1178 1180 1179
f 1179 1180 1181
f 1180 1182 1181
f 1181 1182 1183
f 1182 1184 1183
f 1183 1184 1185
f 1184 1186 1185
f 1185 1186 1187
f 1186 1188 1187
f 1187 1188 1189
f 1188 1190 1189
f 1189 1190 1191
f 1190 1192 1191
f 1191 1192 1193
f 1192 1194 1193
f 1193 1194 1195
f 1194 1196 1195
f 1195 1196 1197
f 1196 1198 1197
f 1197 1198 1199
f 1198 1200 1199
f 1199 1200 1201
f 1200 1202 1201
f 1201 1202 1203
f 1202 1204 1203
f 1203 1204 1205
f 1204 1206 1205
f 1205 1206 1207
f 1206 1208 1207
f 1207 1208 1209
f 1208 1210 1209
f 1209 1210 1211
f 1210 1212 1211
f 1211 1212 1213
f 1212 1214 1213
f 1213 1214 1215
f 1214 1216 1215
f 1215 1216 1217
f 1216 1218 1217
f 1217 1218 1219
f 1218 1220 1219
f 1219 1220 1221
f 1220 1222 1221
f 1221 1222 1223
f 1222 1224 1223
f 1223 1224 1225
f 1224 1226 1225
f 1225 1226 1227
f 1226 1228 1227
f 1227 1228 1229
f 1228 1230 1229
f 1229 1230 1231
f 1230 1232 1231
f 1231 1232 1233
f 1232 1234 1233
f 1233 1234 1235
f 1234 1236 1235
f 1235 1236 1237
f 1236 1238 1237
f 1237 1238 1239
f 1238 1240 1239
f 1239 1240 1241
f 1240 1242 1241
f 1241 1242 1243
f 1242 1244 1243
f 1243 1244 1245
f 1244 1246 1245
f 1245 1246 1247
f 1246 1248 1247
f 1247 1248 1249
f 1248 1250 1249
f 1249 1250 1251
f 1250 1252 1251
f 1251 1252 1253
f 1252 1254 1253
f 1253 1254 1255
f 1254 1256 1255
f 1255 1256 1257
f 1256 1258 1257
f 1257 1258 1259
f 1258 1260 1259
f 1259 1260 1261
f 1260 1262 1261
f 1261 1262 1263
f 1262 1264 1263
f 1263 1264 1265
f 1264 1266 1265
f 1265 1266 1267
f 1266 1268 1267
f 1267 1268 1269
f 1268 1270 1269
f 1269 1270 1271
f 1270 1272 1271
f 1271 1272 1273
f 1272 1274 1273
f 1273 1274 1275
f 1274 1276 1275
f 1275 1276 1277
f 1276 1278 1277
f 1277 1278 1279
f 1278 1280 1279
f 1279 1280 1281
f 1280 1282 1281
f 1281 1282 1283
f 1282 1284 1283
f 1283 1284 1285
f 1284 1286 1285
f 1285 1286 1287
f 1286 1288 1287
f 1287 1288 1289
f 1288 1290 1289
f 1289 1290 1291
f 1290 1292 1291
f 1291 1292 1293
f 1292 1294 1293
f 1293 1294 1295
f 1294 1296 1295
f 1295 1296 1297
f 1296 1154 1297
f 1297 1154 1155
f 1298 4 1299
f 2 4 455
f 455 4 22
f 1299 4 1300
f 1300 4 1301
f 4 1302 1301
f 1302 4 1303
f 1303 4 1304
f 4 1305 1304
f 21 22 1306
f 1306 22 1307
f 22 1308 1307
f 1309 4 1310
f 1310 4 1311
f 4 1298 1311
f 1305 4 1312
f 1312 4 1313
f 4 1314 1313
f 22 1316 1315
f 1316 22 1317
f 1317 22 1318
f 22 1319 1318
f 1148 1149 1320
f 1320 1149 1321
f 1322 1223 1323
f 1323 1223 1324
f 1295 1297 1325
f 1325 1297 1155
f 1314 4 1326
f 1326 4 1327
f 4 5 1327
f 1308 22 1328
f 1328 22 1329
f 22 1330 1329
f 1330 22 1331
f 1331 22 1332
f 22 1315 1332
f 1333 1335 1334
f 1169 1335 1167
f 1167 1335 1165
f 1335 1163 1165
f 1163 1335 1161
f 1161 1335 1159
f 1335 1325 1159
f 1159 1325 1157
f 1325 1155 1157
f 1319 22 1336
f 1336 22 1337
f 22 4 1337
f 1337 4 1338
f 4 1309 1338
f 1339 1148 1340
f 1340 1148 1341
f 1341 1148 1342
f 1342 1148 1343
f 1148 1344 1343
f 1344 1148 1345
f 1345 1148 1346
f 1148 1347 1346
f 1348 1350 1349
f 1351 21 1352
f 1353 1148 1354
f 1354 1148 1355
f 1148 1339 1355
f 1356 1348 1357
f 1358 1149 1359
f 1359 1149 1360
f 1149 1361 1360
f 1362 1364 1363
f 1365 1366 1362
f 1362 1366 1367
f 1352 21 1368
f 1368 21 1369
f 21 1306 1369
f 1215 1335 1213
f 1175 1335 1173
f 1173 1335 1171
f 1335 1169 1171
f 1295 1325 1293
f 1293 1325 1291
f 1325 1289 1291
f 1347 1148 1370
f 1370 1148 1371
f 1148 1372 1371
f 1372 1148 1373
f 1373 1148 1374
f 1148 1375 1374
f 1376 1377 1348
f 1348 1377 1320
f 1377 1378 1320
f 1376 1348 1379
f 1379 1348 1380
f 1348 1381 1380
f 1357 1348 1382
f 1382 1348 1383
f 1348 1349 1383
f 1350 1348 1384
f 1384 1348 1385
f 1348 1335 1385
f 1385 1335 1386
f 1335 1333 1386
f 1321 1388 1387
f 1389 1390 1321
f 1321 1390 1391
f 1389 1321 1392
f 1392 1321 1393
f 1321 1149 1393
f 1393 1149 1394
f 1149 1358 1394
f 1395 1397 1396
f 1396 1397 1398
f 1397 1399 1398
f 1400 1362 1401
f 1401 1362 1402
f 1362 1363 1402
f 1364 1362 1403
f 1403 1362 1404
f 1362 1367 1404
f 1405 1407 1406
f 1406 1407 1408
f 1409 1411 1410
f 1365 1362 1412
f 1412 1362 1408
f 1362 21 1408
f 1408 21 1406
f 21 1351 1406
f 1413 1335 1414
f 1414 1335 1415
f 1335 1416 1415
f 1215 1217 1335
f 1289 1325 1287
f 1287 1325 1285
f 1325 1283 1285
f 1241 1417 1239
f 1239 1417 1237
f 1237 1417 1235
f 1235 1417 1233
f 1417 1231 1233
f 1231 1417 1229
f 1229 1417 1227
f 1417 1148 1227
f 1227 1148 1225
f 1148 1223 1225
f 1375 1148 1418
f 1418 1148 1419
f 1148 1320 1419
f 1419 1320 1420
f 1420 1320 1421
f 1421 1320 1422
f 1320 1423 1422
f 1423 1320 1424
f 1424 1320 1425
f 1320 1378 1425
f 1381 1348 1426
f 1426 1348 1427
f 1348 1428 1427
f 1405 1406 1429
f 1429 1406 1411
f 1406 1430 1411
f 1411 1430 1410
f 1322 1416 1223
f 1223 1416 1221
f 1416 1335 1221
f 1221 1335 1219
f 1335 1217 1219
f 1249 1417 1247
f 1324 1223 1431
f 1431 1223 1432
f 1223 1148 1432
f 1432 1148 1433
f 1148 1353 1433
f 1428 1348 1434
f 1434 1348 1435
f 1348 1356 1435
f 1334 1335 1436
f 1436 1335 1437
f 1335 1438 1437
f 1438 1335 1439
f 1439 1335 1440
f 1335 1441 1440
f 1441 1335 1442
f 1442 1335 1443
f 1335 1444 1443
f 1388 1321 1445
f 1445 1321 1446
f 1321 1447 1446
f 1448 1321 1449
f 1449 1321 1450
f 1321 1391 1450
f 1451 1397 1452
f 1452 1397 1453
f 1397 1395 1453
f 1399 1397 1454
f 1454 1397 1455
f 1397 1456 1455
f 1457 1362 1458
f 1458 1362 1459
f 1362 1460 1459
f 1327 5 1461
f 1461 5 1462
f 5 1321 1462
f 1462 1321 1463
f 1321 1464 1463
f 1387 1466 1465
f 1213 1335 1211
f 1211 1335 1209
f 1335 1207 1209
f 1283 1325 1281
f 1281 1325 1279
f 1325 1277 1279
f 1257 1417 1255
f 1247 1417 1245
f 1245 1417 1243
f 1417 1241 1243
f 1444 1335 1467
f 1467 1335 1468
f 1335 1469 1468
f 1469 1335 1470
f 1470 1335 1471
f 1335 1413 1471
f 1456 1397 1472
f 1472 1397 1473
f 1397 1362 1473
f 1473 1362 1474
f 1362 1475 1474
f 1460 1362 1476
f 1476 1362 1477
f 1362 1400 1477
f 1464 1321 1478
f 1478 1321 1479
f 1321 1480 1479
f 1481 1321 1482
f 1482 1321 1483
f 1321 1387 1483
f 1483 1387 1484
f 1387 1465 1484
f 1485 1411 1486
f 1486 1411 1487
f 1411 1409 1487
f 1207 1335 1205
f 1205 1335 1203
f 1335 1201 1203
f 1277 1325 1275
f 1275 1325 1273
f 1325 1271 1273
f 1271 1325 1269
f 1269 1325 1267
f 1325 1265 1267
f 1265 1325 1263
f 1263 1325 1261
f 1325 1417 1261
f 1261 1417 1259
f 1417 1257 1259
f 1255 1417 1253
f 1253 1417 1251
f 1417 1249 1251
f 1447 1321 1488
f 1488 1321 1489
f 1321 1490 1489
f 1361 1149 1491
f 1491 1149 1492
f 1149 1397 1492
f 1492 1397 1493
f 1397 1494 1493
f 1494 1397 1495
f 1495 1397 1496
f 1397 1451 1496
f 1475 1362 1497
f 1497 1362 1498
f 1362 1457 1498
f 1480 1321 1499
f 1499 1321 1500
f 1321 1481 1500
f 1466 1387 1501
f 1501 1387 1502
f 1387 1503 1502
f 1504 1411 1505
f 1505 1411 1506
f 1411 1507 1506
f 1507 1411 1508
f 1508 1411 1509
f 1411 1485 1509
f 1183 1335 1181
f 1490 1321 1510
f 1510 1321 1511
f 1321 1512 1511
f 1512 1321 1513
f 1513 1321 1514
f 1321 1448 1514
f 1201 1335 1199
f 1199 1335 1197
f 1335 1195 1197
f 1515 1411 1516
f 1516 1411 1517
f 1411 1504 1517
f 1195 1335 1193
f 1193 1335 1191
f 1335 1189 1191
f 1189 1335 1187
f 1187 1335 1185
f 1335 1183 1185
f 1181 1335 1179
f 1179 1335 1177
f 1335 1175 1177
f 1503 1387 1518
f 1518 1387 1519
f 1387 1520 1519
f 1519 1520 1515
f 1520 1521 1515
f 1515 1521 1411
f 1522 1524 1523
f 1523 1524 1525
f 1524 1526 1525
f 1525 1526 1527
f 1526 1528 1527
f 1527 1528 1529
f 1530 1532 1531
f 1531 1532 1533
f 1532 1534 1533
f 1533 1534 1535
f 1536 1530 1537
f 1537 1530 1538
f 1530 1531 1538
f 1527 1529 1539
f 1539 1529 1540
f 1529 1541 1540
f 1540 1541 1542
f 1541 1543 1542
f 1542 1543 1544
f 1543 1545 1544
f 1544 1545 1546
f 1545 1547 1546
f 1546 1547 1548
f 1547 1549 1548
f 1548 1549 1550
f 1549 1551 1550
f 1550 1551 1552
f 1551 1553 1552
f 1552 1553 1554
f 1553 1555 1554
f 1554 1555 1556
f 1555 1557 1556
f 1556 1557 1558
f 1557 1559 1558
f 1558 1559 1560
f 1559 1561 1560
f 1560 1561 1562
f 1561 1563 1562
f 1562 1563 1564
f 1563 1565 1564
f 1564 1565 1566
f 1565 1567 1566
f 1566 1567 1568
f 1567 1569 1568
f 1568 1569 1570
f 1569 1571 1570
f 1570 1571 1572
f 1571 1573 1572
f 1572 1573 1574
f 1573 1575 1574
f 1574 1575 1576
f 1575 1577 1576
f 1576 1577 1578
f 1577 1579 1578
f 1578 1579 1580
f 1579 1581 1580
f 1580 1581 1582
f 1581 1583 1582
f 1582 1583 1584
f 1583 1585 1584
f 1584 1585 1586
f 1585 1587 1586
f 1586 1587 1588
f 1587 1589 1588
f 1588 1589 1590
f 1589 1591 1590
f 1590 1591 1592
f 1591 1593 1592
f 1592 1593 1594
f 1593 1595 1594
f 1594 1595 1596
f 1595 1597 1596
f 1596 1597 1598
f 1597 1599 1598
f 1598 1599 1600
f 1599 1601 1600
f 1600 1601 1602
f 1601 1603 1602
f 1602 1603 1604
f 1603 1605 1604
f 1604 1605 1606
f 1605 1607 1606
f 1606 1607 1608
f 1607 1609 1608
f 1608 1609 1610
f 1609 1611 1610
f 1610 1611 1612
f 1611 1613 1612
f 1612 1613 1614
f 1613 1615 1614
f 1614 1615 1616
f 1615 1617 1616
f 1616 1617 1618
f 1617 1619 1618
f 1618 1619 1620
f 1619 1621 1620
f 1620 1621 1622
f 1621 1623 1622
f 1622 1623 1624
f 1623 1625 1624
f 1624 1625 1626
f 1625 1627 1626
f 1626 1627 1628
f 1627 1536 1628
f 1628 1536 1629
f 1536 1537 1629
f 983 981 1492
f 1492 981 1491
f 981 1083 1491
f 1491 1083 1361
f 1083 1081 1361
f 1361 1081 1360
f 1081 1079 1360
f 1360 1079 1359
f 1079 1077 1359
f 1359 1077 1358
f 1077 1075 1358
f 1358 1075 1394
f 1075 1073 1394
f 1394 1073 1393
f 1073 1071 1393
f 1393 1071 1392
f 1071 1069 1392
f 1392 1069 1389
f 1069 1067 1389
f 1389 1067 1390
f 1067 1065 1390
f 1390 1065 1391
f 1065 1063 1391
f 1391 1063 1450
f 1063 1061 1450
f 1450 1061 1449
f 1061 1059 1449
f 1449 1059 1448
f 1059 1057 1448
f 1448 1057 1514
f 1057 1055 1514
f 1514 1055 1513
f 1055 1053 1513
f 1513 1053 1512
f 1053 1051 1512
f 1512 1051 1511
f 1051 1049 1511
f 1511 1049 1510
f 1049 1047 1510
f 1510 1047 1490
f 1047 1045 1490
f 1490 1045 1489
f 1045 1043 1489
f 1489 1043 1488
f 1043 1041 1488
f 1488 1041 1447
f 1041 1039 1447
f 1447 1039 1446
f 1039 1037 1446
f 1446 1037 1445
f 1037 978 1445
f 1445 978 1388
f 978 979 1388
f 1388 979 1387
f 979 980 1387
f 1387 980 1520
f 980 972 1520
f 1520 972 1521
f 972 973 1521
f 1521 973 1411
f 973 974 1411
f 1411 974 1429
f 974 975 1429
f 1429 975 1405
f 975 976 1405
f 1405 976 1407
f 976 977 1407
f 1407 977 1408
f 977 966 1408
f 1408 966 1412
f 966 964 1412
f 1412 964 1365
f 964 963 1365
f 1365 963 1366
f 963 967 1366
f 1366 967 1367
f 967 968 1367
f 1367 968 1404
f 968 969 1404
f 1404 969 1403
f 969 970 1403
f 1403 970 1364
f 970 971 1364
f 1364 971 1363
f 971 960 1363
f 1363 960 1402
f 960 961 1402
f 1402 961 1401
f 961 1036 1401
f 1401 1036 1400
f 1036 1035 1400
f 1400 1035 1477
f 1035 1033 1477
f 1477 1033 1476
f 1033 1031 1476
f 1476 1031 1460
f 1031 1029 1460
f 1460 1029 1459
f 1029 1027 1459
f 1459 1027 1458
f 1027 1025 1458
f 1458 1025 1457
f 1025 1023 1457
f 1457 1023 1498
f 1023 1021 1498
f 1498 1021 1497
f 1021 1019 1497
f 1497 1019 1475
f 1019 1017 1475
f 1475 1017 1474
f 1017 1015 1474
f 1474 1015 1473
f 1015 1013 1473
f 1473 1013 1472
f 1013 1011 1472
f 1472 1011 1456
f 1011 1009 1456
f 1456 1009 1455
f 1009 1007 1455
f 1455 1007 1454
f 1007 1005 1454
f 1454 1005 1399
f 1005 1003 1399
f 1399 1003 1398
f 1003 1001 1398
f 1398 1001 1396
f 1001 999 1396
f 1396 999 1395
f 999 997 1395
f 1395 997 1453
f 997 995 1453
f 1453 995 1452
f 995 993 1452
f 1452 993 1451
f 993 991 1451
f 1451 991 1496
f 991 989 1496
f 1496 989 1495
f 989 987 1495
f 1495 987 1494
f 987 985 1494
f 1494 985 1493
f 985 983 1493
f 1493 983 1492
f 1630 1631 1320
f 1320 1631 1348
f 1631 1632 1348
f 1348 1632 1142
f 1632 1143 1142
f 1633 1635 1634
f 1634 1635 1636
f 1635 1637 1636
f 1417 1638 1148
f 1148 1638 1150
f 1632 1145 1143
f 1143 1145 1144
f 1639 1641 1640
f 1640 1641 1642
f 1641 1643 1642
f 1642 1643 1644
f 1643 1645 1644
f 1644 1645 1646
f 1645 1647 1646
f 1646 1647 1648
f 1647 1649 1648
f 1648 1649 1650
f 1649 1651 1650
f 1650 1651 1652
f 1651 1653 1652
f 1652 1653 1654
f 1653 1655 1654
f 1654 1655 1656
f 1655 1657 1656
f 1656 1657 1658
f 1657 1659 1658
f 1658 1659 1660
f 1659 1661 1660
f 1660 1661 1662
f 1661 1663 1662
f 1662 1663 1664
f 1663 1665 1664
f 1664 1665 1666
f 1665 1667 1666
f 1666 1667 1668
f 1667 1669 1668
f 1668 1669 1670
f 1669 1671 1670
f 1670 1671 1672
f 1671 1673 1672
f 1672 1673 1674
f 1673 1675 1674
f 1674 1675 1676
f 1676 1675 1677
f 1675 1678 1677
f 1677 1678 1679
f 1679 1678 1680
f 1678 1681 1680
f 1680 1681 1682
f 1681 1683 1682
f 1682 1683 1684
f 1683 1685 1684
f 1684 1685 1686
f 1685 1687 1686
f 1686 1687 1688
f 1687 1689 1688
f 1688 1689 1690
f 1689 1691 1690
f 1690 1691 1692
f 1691 1693 1692
f 1692 1693 1694
f 1693 1695 1694
f 1694 1695 1696
f 1695 1697 1696
f 1696 1697 1698
f 1697 1699 1698
f 1698 1699 1700
f 1699 1701 1700
f 1700 1701 1702
f 1701 1703 1702
f 1702 1703 1704
f 1703 1705 1704
f 1704 1705 1706
f 1705 1707 1706
f 1706 1707 1708
f 1707 1709 1708
f 1708 1709 1710
f 1709 1711 1710
f 1710 1711 1712
f 1711 1713 1712
f 1712 1713 1714
f 1713 1715 1714
f 1714 1715 1716
f 1716 1715 1717
f 1715 1718 1717
f 1717 1718 1719
f 1718 1720 1719
f 1719 1720 1721
f 1720 1722 1721
f 1721 1722 1723
f 1722 1724 1723
f 1723 1724 1725
f 1724 1726 1725
f 1725 1726 1727
f 1726 1728 1727
f 1727 1728 1729
f 1728 1730 1729
f 1729 1730 1731
f 1730 1732 1731
f 1731 1732 1733
f 1732 1734 1733
f 1733 1734 1735
f 1734 1736 1735
f 1735 1736 1737
f 1736 1738 1737
f 1737 1738 1739
f 1738 1740 1739
f 1739 1740 1741
f 1740 1742 1741
f 1741 1742 1743
f 1742 1744 1743
f 1743 1744 1745
f 1744 1746 1745
f 1745 1746 1747
f 1746 1748 1747
f 1747 1748 1749
f 1748 1750 1749
f 1749 1750 1751
f 1750 1752 1751
f 1751 1752 1753
f 1752 1754 1753
f 1753 1754 1755
f 1754 1756 1755
f 1755 1756 1757
f 1756 1758 1757
f 1757 1758 1759
f 1758 1760 1759
f 1759 1760 1761
f 1760 1762 1761
f 1761 1762 1763
f 1762 1764 1763
f 1763 1764 1765
f 1764 1766 1765
f 1765 1766 1767
f 1766 1768 1767
f 1767 1768 1769
f 1768 1770 1769
f 1769 1770 1771
f 1770 1772 1771
f 1771 1772 1773
f 1772 1774 1773
f 1773 1774 1775
f 1774 1776 1775
f 1775 1776 1777
f 1776 1778 1777
f 1777 1778 1779
f 1778 1780 1779
f 1779 1780 1781
f 1780 1782 1781
f 1781 1782 1783
f 1782 1784 1783
f 1783 1784 1785
f 1784 1639 1785
f 1785 1639 1786
f 1639 1640 1786
f 1787 1789 1788
f 1788 1789 1790
f 1789 1791 1790
f 1790 1791 1792
f 1791 1793 1792
f 1792 1793 1794
f 1793 1795 1794
f 1794 1795 1796
f 1795 1797 1796
f 1796 1797 1798
f 1797 1799 1798
f 1798 1799 1800
f 1799 1801 1800
f 1800 1801 1802
f 1801 1803 1802
f 1802 1803 1804
f 1803 1805 1804
f 1804 1805 1806
f 1805 1807 1806
f 1806 1807 1808
f 1807 1809 1808
f 1808 1809 1810
f 1809 1811 1810
f 1810 1811 1812
f 1811 1813 1812
f 1812 1813 1814
f 1813 1815 1814
f 1814 1815 1816
f 1815 1817 1816
f 1816 1817 1818
f 1817 1819 1818
f 1818 1819 1820
f 1819 1821 1820
f 1820 1821 1822
f 1821 1823 1822
f 1822 1823 1824
f 1823 1825 1824
f 1824 1825 1826
f 1825 1827 1826
f 1826 1827 1828
f 1827 1829 1828
f 1828 1829 1830
f 1829 1831 1830
f 1830 1831 1832
f 1831 1833 1832
f 1832 1833 1834
f 1833 1835 1834
f 1834 1835 1836
f 1835 1837 1836
f 1836 1837 1838
f 1837 1839 1838
f 1838 1839 1840
f 1839 1841 1840
f 1840 1841 1842
f 1841 1843 1842
f 1842 1843 1844
f 1843 1845 1844
f 1844 1845 1846
f 1845 1847 1846
f 1846 1847 1848
f 1847 1849 1848
f 1848 1849 1850
f 1849 1851 1850
f 1850 1851 1852
f 1851 1853 1852
f 1852 1853 1854
f 1853 1855 1854
f 1854 1855 1856
f 1855 1857 1856
f 1856 1857 1858
f 1857 1859 1858
f 1858 1859 1860
f 1859 1861 1860
f 1860 1861 1862
f 1861 1863 1862
f 1862 1863 1864
f 1863 1865 1864
f 1864 1865 1866
f 1865 1867 1866
f 1866 1867 1868
f 1867 1869 1868
f 1868 1869 1870
f 1869 1871 1870
f 1870 1871 1872
f 1871 1873 1872
f 1872 1873 1874
f 1873 1875 1874
f 1874 1875 1876
f 1875 1877 1876
f 1876 1877 1878
f 1877 1879 1878
f 1878 1879 1880
f 1879 1881 1880
f 1880 1881 1882
f 1881 1883 1882
f 1882 1883 1884
f 1883 1885 1884
f 1884 1885 1886
f 1885 1887 1886
f 1886 1887 1888
f 1887 1889 1888
f 1888 1889 1890
f 1889 1891 1890
f 1890 1891 1892
f 1891 1893 1892
f 1892 1893 1894
f 1893 1895 1894
f 1894 1895 1896
f 1895 1897 1896
f 1896 1897 1898
f 1897 1899 1898
f 1898 1899 1900
f 1899 1901 1900
f 1900 1901 1902
f 1901 1903 1902
f 1902 1903 1904
f 1903 1905 1904
f 1904 1905 1906
f 1905 1907 1906
f 1906 1907 1908
f 1907 1909 1908
f 1908 1909 1910
f 1909 1911 1910
f 1910 1911 1912
f 1911 1913 1912
f 1912 1913 1914
f 1913 1915 1914
f 1914 1915 1916
f 1915 1917 1916
f 1916 1917 1918
f 1917 1919 1918
f 1918 1919 1920
f 1919 1921 1920
f 1920 1921 1922
f 1921 1923 1922
f 1922 1923 1924
f 1923 1925 1924
f 1924 1925 1926
f 1925 1927 1926
f 1926 1927 1928
f 1927 1929 1928
f 1928 1929 1930
f 1929 1787 1930
f 1930 1787 1788
f 1931 1535 1932
f 1931 1933 1535
f 1535 1933 1522
f 1933 1934 1522
f 1932 1535 1935
f 1935 1535 1936
f 1535 1937 1936
f 1937 1535 1938
f 1938 1535 1939
f 1535 1940 1939
f 1941 1522 1942
f 1942 1522 1943
f 1522 1944 1943
f 1944 1522 1945
f 1945 1522 1946
f 1522 1934 1946
f 1947 1948 1583
f 1583 1948 1585
f 1948 1949 1585
f 1585 1949 1587
f 1949 1950 1587
f 1587 1950 1589
f 1950 1951 1589
f 1589 1951 1591
f 1951 1952 1591
f 1591 1952 1593
f 1952 1953 1593
f 1593 1953 1595
f 1953 1954 1595
f 1595 1954 1597
f 1954 1955 1597
f 1597 1955 1599
f 1955 1956 1599
f 1599 1956 1601
f 1956 1957 1601
f 1601 1957 1603
f 1957 1958 1603
f 1603 1958 1605
f 1958 1959 1605
f 1605 1959 1607
f 1959 1960 1607
f 1607 1960 1609
f 1960 1961 1609
f 1609 1961 1611
f 1961 1962 1611
f 1611 1962 1613
f 1962 1963 1613
f 1613 1963 1615
f 1963 1964 1615
f 1615 1964 1617
f 1964 1965 1617
f 1617 1965 1619
f 1965 1966 1619
f 1619 1966 1621
f 1966 1967 1621
f 1621 1967 1623
f 1967 1968 1623
f 1623 1968 1625
f 1968 1969 1625
f 1625 1969 1627
f 1969 1970 1627
f 1627 1970 1536
f 1970 1971 1536
f 1536 1971 1530
f 1971 1972 1530
f 1530 1972 1532
f 1972 1973 1532
f 1532 1973 1534
f 1973 1974 1534
f 1534 1974 1535
f 1974 1975 1535
f 1535 1975 1940
f 1976 1522 1977
f 1977 1522 1978
f 1522 1941 1978
f 1976 1979 1522
f 1522 1979 1524
f 1979 1980 1524
f 1524 1980 1526
f 1980 1981 1526
f 1526 1981 1528
f 1981 1982 1528
f 1528 1982 1529
f 1982 1983 1529
f 1529 1983 1541
f 1983 1984 1541
f 1541 1984 1543
f 1984 1985 1543
f 1543 1985 1545
f 1985 1986 1545
f 1545 1986 1547
f 1986 1987 1547
f 1547 1987 1549
f 1987 1988 1549
f 1549 1988 1551
f 1988 1989 1551
f 1551 1989 1553
f 1989 1990 1553
f 1553 1990 1555
f 1990 1991 1555
f 1555 1991 1557
f 1991 1992 1557
f 1557 1992 1559
f 1992 1993 1559
f 1559 1993 1561
f 1993 1994 1561
f 1561 1994 1563
f 1994 1995 1563
f 1563 1995 1565
f 1995 1996 1565
f 1565 1996 1567
f 1996 1997 1567
f 1567 1997 1569
f 1997 1998 1569
f 1569 1998 1571
f 1998 1999 1571
f 1571 1999 1573
f 1999 2000 1573
f 1573 2000 1575
f 2000 2001 1575
f 1575 2001 1577
f 2001 2002 1577
f 1577 2002 1579
f 2002 1947 1579
f 1579 1947 1581
f 1947 1583 1581
f 1948 1947 1462
f 1462 1947 1461
f 1947 2002 1461
f 1461 2002 1327
f 2002 2001 1327
f 1327 2001 1326
f 2001 2000 1326
f 1326 2000 1314
f 2000 1999 1314
f 1314 1999 1313
f 1999 1998 1313
f 1313 1998 1312
f 1998 1997 1312
f 1312 1997 1305
f 1997 1996 1305
f 1305 1996 1304
f 1996 1995 1304
f 1304 1995 1303
f 1995 1994 1303
f 1303 1994 1302
f 1994 1993 1302
f 1302 1993 1301
f 1993 1992 1301
f 1301 1992 1300
f 1992 1991 1300
f 1300 1991 1299
f 1991 1990 1299
f 1299 1990 1298
f 1990 1989 1298
f 1298 1989 1311
f 1989 1988 1311
f 1311 1988 1310
f 1988 1987 1310
f 1310 1987 1309
f 1987 1986 1309
f 1309 1986 1338
f 1986 1985 1338
f 1338 1985 1337
f 1985 1984 1337
f 1337 1984 1336
f 1984 1983 1336
f 1336 1983 1319
f 1983 1982 1319
f 1319 1982 1318
f 1982 1981 1318
f 1318 1981 1317
f 1981 1980 1317
f 1317 1980 1316
f 1980 1979 1316
f 1316 1979 1315
f 1979 1976 1315
f 1315 1976 1332
f 1976 1977 1332
f 1332 1977 1331
f 1977 1978 1331
f 1331 1978 1330
f 1978 1941 1330
f 1330 1941 1329
f 1941 1942 1329
f 1329 1942 1328
f 1942 1943 1328
f 1328 1943 1308
f 1943 1944 1308
f 1308 1944 1307
f 1944 1945 1307
f 1307 1945 1306
f 1945 1946 1306
f 1306 1946 1369
f 1946 1934 1369
f 1369 1934 1368
f 1934 1933 1368
f 1368 1933 1352
f 1933 1931 1352
f 1352 1931 1351
f 1931 1932 1351
f 1351 1932 1406
f 1932 1935 1406
f 1406 1935 1430
f 1935 1936 1430
f 1430 1936 1410
f 1936 1937 1410
f 1410 1937 1409
f 1937 1938 1409
f 1409 1938 1487
f 1938 1939 1487
f 1487 1939 1486
f 1939 1940 1486
f 1486 1940 1485
f 1940 1975 1485
f 1485 1975 1509
f 1975 1974 1509
f 1509 1974 1508
f 1974 1973 1508
f 1508 1973 1507
f 1973 1972 1507
f 1507 1972 1506
f 1972 1971 1506
f 1506 1971 1505
f 1971 1970 1505
f 1505 1970 1504
f 1970 1969 1504
f 1504 1969 1517
f 1969 1968 1517
f 1517 1968 1516
f 1968 1967 1516
f 1516 1967 1515
f 1967 1966 1515
f 1515 1966 1519
f 1966 1965 1519
f 1519 1965 1518
f 1965 1964 1518
f 1518 1964 1503
f 1964 1963 1503
f 1503 1963 1502
f 1963 1962 1502
f 1502 1962 1501
f 1962 1961 1501
f 1501 1961 1466
f 1961 1960 1466
f 1466 1960 1465
f 1960 1959 1465
f 1465 1959 1484
f 1959 1958 1484
f 1484 1958 1483
f 1958 1957 1483
f 1483 1957 1482
f 1957 1956 1482
f 1482 1956 1481
f 1956 1955 1481
f 1481 1955 1500
f 1955 1954 1500
f 1500 1954 1499
f 1954 1953 1499
f 1499 1953 1480
f 1953 1952 1480
f 1480 1952 1479
f 1952 1951 1479
f 1479 1951 1478
f 1951 1950 1478
f 1478 1950 1464
f 1950 1949 1464
f 1464 1949 1463
f 1949 1948 1463
f 1463 1948 1462
f 1397 1149 2003
f 2003 1149 1151
f 2004 2005 74
f 74 2005 72
f 2005 2006 72
f 72 2006 70
f 2006 2007 70
f 70 2007 68
f 2007 2008 68
f 68 2008 66
f 2008 2009 66
f 66 2009 64
f 2009 2010 64
f 64 2010 62
f 2010 2011 62
f 62 2011 60
f 2011 2012 60
f 60 2012 58
f 2012 2013 58
f 58 2013 56
f 2013 2014 56
f 56 2014 54
f 2014 2015 54
f 54 2015 52
f 2015 2016 52
f 52 2016 50
f 2016 2017 50
f 50 2017 48
f 2017 2018 48
f 48 2018 46
f 2018 2019 46
f 46 2019 44
f 2019 2020 44
f 44 2020 42
f 2020 2021 42
f 42 2021 40
f 2021 2022 40
f 40 2022 38
f 2022 2023 38
f 38 2023 36
f 2023 2024 36
f 36 2024 34
f 2024 2025 34
f 34 2025 32
f 2025 2026 32
f 32 2026 30
f 2026 2027 30
f 30 2027 28
f 2027 2028 28
f 28 2028 26
f 2028 2029 26
f 26 2029 24
f 2029 2030 24
f 24 2030 166
f 2030 2031 166
f 166 2031 164
f 2031 2032 164
f 164 2032 162
f 2032 2033 162
f 162 2033 160
f 2033 2034 160
f 160 2034 158
f 2034 2035 158
f 158 2035 156
f 2035 2036 156
f 156 2036 154
f 2036 2037 154
f 154 2037 152
f 2037 2038 152
f 152 2038 150
f 2038 2039 150
f 150 2039 148
f 2039 2040 148
f 148 2040 146
f 2040 2041 146
f 146 2041 144
f 2041 2042 144
f 144 2042 142
f 2042 2043 142
f 142 2043 140
f 2043 2044 140
f 140 2044 138
f 2044 2045 138
f 138 2045 136
f 2045 2046 136
f 136 2046 134
f 2046 2047 134
f 134 2047 132
f 2047 2048 132
f 132 2048 130
f 2048 2049 130
f 130 2049 128
f 2049 2050 128
f 128 2050 126
f 2050 2051 126
f 126 2051 124
f 2051 2052 124
f 124 2052 122
f 2052 2053 122
f 122 2053 120
f 2053 2054 120
f 120 2054 118
f 2054 2055 118
f 118 2055 116
f 2055 2056 116
f 116 2056 114
f 2056 2057 114
f 114 2057 112
f 2057 2058 112
f 112 2058 110
f 2058 2059 110
f 110 2059 108
f 2059 2060 108
f 108 2060 106
f 2060 2061 106
f 106 2061 104
f 2061 2062 104
f 104 2062 102
f 2062 2063 102
f 102 2063 100
f 2063 2064 100
f 100 2064 98
f 2064 2065 98
f 98 2065 96
f 2065 2066 96
f 96 2066 94
f 2066 2067 94
f 94 2067 92
f 2067 2068 92
f 92 2068 90
f 2068 2069 90
f 90 2069 88
f 2069 2070 88
f 88 2070 86
f 2070 2071 86
f 86 2071 84
f 2071 2072 84
f 84 2072 82
f 2072 2073 82
f 82 2073 80
f 2073 2074 80
f 80 2074 78
f 2074 2075 78
f 78 2075 76
f 2075 2004 76
f 76 2004 74
f 2076 2077 298
f 298 2077 296
f 2077 2078 296
f 296 2078 294
f 2078 2079 294
f 294 2079 292
f 2079 2080 292
f 292 2080 290
f 2080 2081 290
f 290 2081 288
f 2081 2082 288
f 288 2082 286
f 2082 2083 286
f 286 2083 284
f 2083 2084 284
f 284 2084 282
f 2084 2085 282
f 282 2085 280
f 2085 2086 280
f 280 2086 278
f 2086 2087 278
f 278 2087 276
f 2087 2088 276
f 276 2088 274
f 2088 2089 274
f 274 2089 272
f 2089 2090 272
f 272 2090 270
f 2090 2091 270
f 270 2091 268
f 2091 2092 268
f 268 2092 266
f 2092 2093 266
f 266 2093 264
f 2093 2094 264
f 264 2094 262
f 2094 2095 262
f 262 2095 260
f 2095 2096 260
f 260 2096 258
f 2096 2097 258
f 258 2097 256
f 2097 2098 256
f 256 2098 254
f 2098 2099 254
f 254 2099 252
f 2099 2100 252
f 252 2100 250
f 2100 2101 250
f 250 2101 248
f 2101 2102 248
f 248 2102 246
f 2102 2103 246
f 246 2103 244
f 2103 2104 244
f 244 2104 242
f 2104 2105 242
f 242 2105 240
f 2105 2106 240
f 240 2106 382
f 2106 2107 382
f 382 2107 380
f 2107 2108 380
f 380 2108 378
f 2108 2109 378
f 378 2109 376
f 2109 2110 376
f 376 2110 374
f 2110 2111 374
f 374 2111 372
f 2111 2112 372
f 372 2112 370
f 2112 2113 370
f 370 2113 368
f 2113 2114 368
f 368 2114 366
f 2114 2115 366
f 366 2115 364
f 2115 2116 364
f 364 2116 362
f 2116 2117 362
f 362 2117 360
f 2117 2118 360
f 360 2118 358
f 2118 2119 358
f 358 2119 356
f 2119 2120 356
f 356 2120 354
f 2120 2121 354
f 354 2121 352
f 2121 2122 352
f 352 2122 350
f 2122 2123 350
f 350 2123 348
f 2123 2124 348
f 348 2124 346
f 2124 2125 346
f 346 2125 344
f 2125 2126 344
f 344 2126 342
f 2126 2127 342
f 342 2127 340
f 2127 2128 340
f 340 2128 338
f 2128 2129 338
f 338 2129 336
f 2129 2130 336
f 336 2130 334
f 2130 2131 334
f 334 2131 332
f 2131 2132 332
f 332 2132 330
f 2132 2133 330
f 330 2133 328
f 2133 2134 328
f 328 2134 326
f 2134 2135 326
f 326 2135 324
f 2135 2136 324
f 324 2136 322
f 2136 2137 322
f 322 2137 320
f 2137 2138 320
f 320 2138 318
f 2138 2139 318
f 318 2139 316
f 2139 2140 316
f 316 2140 314
f 2140 2141 314
f 314 2141 312
f 2141 2142 312
f 312 2142 310
f 2142 2143 310
f 310 2143 308
f 2143 2144 308
f 308 2144 306
f 2144 2145 306
f 306 2145 304
f 2145 2146 304
f 304 2146 302
f 2146 2147 302
f 302 2147 300
f 2147 2076 300
f 300 2076 298
f 737 736 1637
f 1637 736 735
f 737 1637 738
f 738 1637 739
f 1637 740 739
f 740 1637 741
f 741 1637 742
f 1637 2148 742
f 742 2148 743
f 743 2148 672
f 672 2148 673
f 2148 674 673
f 677 2148 678
f 678 2148 679
f 692 2149 693
f 693 2149 694
f 694 2149 695
f 2149 696 695
f 2150 710 709
f 674 2148 675
f 675 2148 676
f 2148 677 676
f 679 2148 680
f 680 2148 681
f 2148 682 681
f 682 2148 683
f 683 2148 684
f 2148 685 684
f 685 2148 686
f 686 2148 687
f 2148 688 687
f 696 2149 697
f 697 2149 698
f 2149 699 698
f 699 2149 700
f 700 2149 701
f 2149 702 701
f 710 2150 711
f 711 2150 712
f 2150 713 712
f 688 2148 689
f 689 2148 690
f 2148 2149 690
f 690 2149 691
f 2149 692 691
f 702 2149 703
f 703 2149 704
f 2149 2151 704
f 704 2151 705
f 2151 2152 705
f 705 2152 706
f 2152 2153 706
f 706 2153 707
f 2153 2150 707
f 707 2150 708
f 2150 709 708
f 1636 721 720
f 732 1637 733
f 733 1637 734
f 1637 735 734
f 717 1636 718
f 718 1636 719
f 1636 720 719
f 1636 1637 730
f 730 1637 731
f 1637 732 731
f 713 2150 714
f 714 2150 715
f 2150 1636 715
f 715 1636 716
f 1636 717 716
f 721 1636 722
f 722 1636 723
f 1636 724 723
f 724 1636 725
f 725 1636 726
f 1636 727 726
f 727 1636 728
f 728 1636 729
f 1636 730 729
f 2154 2156 2155
f 2155 2156 2157
f 2156 2158 2157
f 2157 2158 2159
f 2158 2160 2159
f 2159 2160 2161
f 2160 2162 2161
f 2161 2162 2163
f 2162 2164 2163
f 2163 2164 2165
f 2164 2166 2165
f 2165 2166 2167
f 2166 2168 2167
f 2167 2168 2169
f 2168 2170 2169
f 2169 2170 2171
f 2170 2172 2171
f 2171 2172 2173
f 2172 2174 2173
f 2173 2174 2175
f 2174 2176 2175
f 2175 2176 2177
f 2176 2178 2177
f 2177 2178 2179
f 2178 2180 2179
f 2179 2180 2181
f 2180 2182 2181
f 2181 2182 2183
f 2182 2184 2183
f 2183 2184 2185
f 2184 2186 2185
f 2185 2186 2187
f 2186 2188 2187
f 2187 2188 2189
f 2188 2190 2189
f 2189 2190 2191
f 2190 2192 2191
f 2191 2192 2193
f 2192 2194 2193
f 2193 2194 2195
f 2194 2196 2195
f 2195 2196 2197
f 2196 2198 2197
f 2197 2198 2199
f 2198 2200 2199
f 2199 2200 2201
f 2200 2202 2201
f 2201 2202 2203
f 2202 2204 2203
f 2203 2204 2205
f 2204 2206 2205
f 2205 2206 2207
f 2206 2208 2207
f 2207 2208 2209
f 2208 2210 2209
f 2209 2210 2211
f 2210 2212 2211
f 2211 2212 2213
f 2212 2214 2213
f 2213 2214 2215
f 2214 2216 2215
f 2215 2216 2217
f 2216 2218 2217
f 2217 2218 2219
f 2218 2220 2219
f 2219 2220 2221
f 2220 2222 2221
f 2221 2222 2223
f 2222 2224 2223
f 2223 2224 2225
f 2224 2226 2225
f 2225 2226 2227
f 2226 2228 2227
f 2227 2228 2229
f 2228 2230 2229
f 2229 2230 2231
f 2230 2232 2231
f 2231 2232 2233
f 2232 2234 2233
f 2233 2234 2235
f 2234 2236 2235
f 2235 2236 2237
f 2236 2238 2237
f 2237 2238 2239
f 2238 2240 2239
f 2239 2240 2241
f 2240 2242 2241
f 2241 2242 2243
f 2242 2244 2243
f 2243 2244 2245
f 2244 2246 2245
f 2245 2246 2247
f 2246 2248 2247
f 2247 2248 2249
f 2248 2250 2249
f 2249 2250 2251
f 2250 2252 2251
f 2251 2252 2253
f 2253 2252 2254
f 2252 2255 2254
f 2254 2255 2256
f 2255 2257 2256
f 2256 2257 2258
f 2257 2259 2258
f 2258 2259 2260
f 2259 2261 2260
f 2260 2261 2262
f 2261 2263 2262
f 2262 2263 2264
f 2263 2265 2264
f 2264 2265 2266
f 2265 2267 2266
f 2266 2267 2268
f 2267 2269 2268
f 2268 2269 2270
f 2269 2271 2270
f 2270 2271 2272
f 2271 2273 2272
f 2272 2273 2274
f 2273 2275 2274
f 2274 2275 2276
f 2275 2277 2276
f 2276 2277 2278
f 2277 2279 2278
f 2278 2279 2280
f 2279 2281 2280
f 2280 2281 2282
f 2281 2283 2282
f 2282 2283 2284
f 2283 2285 2284
f 2284 2285 2286
f 2285 2287 2286
f 2286 2287 2288
f 2287 2289 2288
f 2288 2289 2290
f 2289 2291 2290
f 2290 2291 2292
f 2291 2293 2292
f 2292 2293 2294
f 2293 2295 2294
f 2294 2295 2296
f 2295 2297 2296
f 2296 2297 2298
f 2297 2154 2298
f 2298 2154 2299
f 2154 2155 2299
f 2300 2301 887
f 887 2301 885
f 2301 2302 885
f 885 2302 883
f 2302 2303 883
f 883 2303 881
f 2303 2304 881
f 881 2304 879
f 2304 2305 879
f 879 2305 877
f 2305 2306 877
f 877 2306 875
f 2306 2307 875
f 875 2307 873
f 2307 2308 873
f 873 2308 871
f 2308 2309 871
f 871 2309 869
f 2309 2310 869
f 869 2310 867
f 2310 2311 867
f 867 2311 865
f 2311 2312 865
f 865 2312 863
f 2312 2313 863
f 863 2313 861
f 2313 2314 861
f 861 2314 859
f 2314 2315 859
f 859 2315 857
f 2315 2316 857
f 857 2316 855
f 2316 2317 855
f 855 2317 853
f 2317 2318 853
f 853 2318 851
f 2318 2319 851
f 851 2319 849
f 2319 2320 849
f 849 2320 847
f 2320 2321 847
f 847 2321 845
f 2321 2322 845
f 845 2322 843
f 2322 2323 843
f 843 2323 841
f 2323 2324 841
f 841 2324 839
f 2324 2325 839
f 839 2325 837
f 2325 2326 837
f 837 2326 835
f 2326 2327 835
f 835 2327 833
f 2327 2328 833
f 833 2328 831
f 2328 2329 831
f 831 2329 829
f 2329 2330 829
f 829 2330 827
f 2330 2331 827
f 827 2331 825
f 2331 2332 825
f 825 2332 823
f 2332 2333 823
f 823 2333 821
f 2333 2334 821
f 821 2334 819
f 2334 2335 819
f 819 2335 817
f 2335 2336 817
f 817 2336 815
f 2336 2337 815
f 815 2337 813
f 2337 2338 813
f 813 2338 811
f 2338 2339 811
f 811 2339 809
f 2339 2340 809
f 809 2340 807
f 2340 2341 807
f 807 2341 805
f 2341 2342 805
f 805 2342 803
f 2342 2343 803
f 803 2343 801
f 2343 2344 801
f 801 2344 799
f 2344 2345 799
f 799 2345 797
f 2345 2346 797
f 797 2346 795
f 2346 2347 795
f 795 2347 793
f 2347 2348 793
f 793 2348 791
f 2348 2349 791
f 791 2349 789
f 2349 2350 789
f 789 2350 787
f 2350 2351 787
f 787 2351 785
f 2351 2352 785
f 785 2352 783
f 2352 2353 783
f 783 2353 781
f 2353 2354 781
f 781 2354 779
f 2354 2355 779
f 779 2355 777
f 2355 2356 777
f 777 2356 775
f 2356 2357 775
f 775 2357 773
f 2357 2358 773
f 773 2358 771
f 2358 2359 771
f 771 2359 769
f 2359 2360 769
f 769 2360 767
f 2360 2361 767
f 767 2361 765
f 2361 2362 765
f 765 2362 763
f 2362 2363 763
f 763 2363 761
f 2363 2364 761
f 761 2364 759
f 2364 2365 759
f 759 2365 757
f 2365 2366 757
f 757 2366 755
f 2366 2367 755
f 755 2367 753
f 2367 2368 753
f 753 2368 751
f 2368 2369 751
f 751 2369 749
f 2369 2370 749
f 749 2370 747
f 2370 2371 747
f 747 2371 745
f 2371 2300 745
f 745 2300 887
f 2372 2374 2373
f 2373 2374 16
f 2374 18 16
f 2240 2238 2375
f 2375 2238 2376
f 2238 2236 2376
f 2376 2236 2377
f 2236 2234 2377
f 2377 2234 2378
f 2234 2232 2378
f 2378 2232 2379
f 2232 2230 2379
f 2379 2230 2380
f 2230 2228 2380
f 2380 2228 2381
f 2228 2226 2381
f 2381 2226 2382
f 2226 2224 2382
f 2382 2224 2383
f 2224 2222 2383
f 2383 2222 2384
f 2222 2220 2384
f 2384 2220 2385
f 2220 2218 2385
f 2385 2218 2386
f 2218 2216 2386
f 2386 2216 2387
f 2216 2214 2387
f 2387 2214 2388
f 2214 2212 2388
f 2388 2212 2389
f 2212 2210 2389
f 2389 2210 2390
f 2210 2208 2390
f 2390 2208 2391
f 2208 2206 2391
f 2391 2206 2392
f 2206 2204 2392
f 2392 2204 2393
f 2204 2202 2393
f 2393 2202 2394
f 2202 2200 2394
f 2394 2200 2395
f 2200 2198 2395
f 2395 2198 2396
f 2198 2196 2396
f 2396 2196 2397
f 2196 2194 2397
f 2397 2194 2398
f 2194 2192 2398
f 2398 2192 2399
f 2192 2190 2399
f 2399 2190 2400
f 2190 2188 2400
f 2400 2188 2401
f 2188 2186 2401
f 2401 2186 2402
f 2186 2184 2402
f 2402 2184 2403
f 2184 2182 2403
f 2403 2182 2404
f 2182 2180 2404
f 2404 2180 2405
f 2180 2178 2405
f 2405 2178 2406
f 2178 2176 2406
f 2406 2176 2407
f 2176 2174 2407
f 2407 2174 2408
f 2174 2172 2408
f 2408 2172 2409
f 2172 2170 2409
f 2409 2170 2410
f 2170 2168 2410
f 2410 2168 2411
f 2168 2166 2411
f 2411 2166 2412
f 2166 2164 2412
f 2412 2164 2413
f 2164 2162 2413
f 2413 2162 2414
f 2162 2160 2414
f 2414 2160 2415
f 2160 2158 2415
f 2415 2158 2416
f 2158 2156 2416
f 2416 2156 2417
f 2156 2154 2417
f 2417 2154 2418
f 2154 2297 2418
f 2418 2297 2419
f 2297 2295 2419
f 2419 2295 2420
f 2295 2293 2420
f 2420 2293 2421
f 2293 2291 2421
f 2421 2291 2422
f 2291 2289 2422
f 2422 2289 2423
f 2289 2287 2423
f 2423 2287 2424
f 2287 2285 2424
f 2424 2285 2425
f 2285 2283 2425
f 2425 2283 2426
f 2283 2281 2426
f 2426 2281 2427
f 2281 2279 2427
f 2427 2279 2428
f 2279 2277 2428
f 2428 2277 2429
f 2277 2275 2429
f 2429 2275 2430
f 2275 2273 2430
f 2430 2273 2431
f 2273 2271 2431
f 2431 2271 2432
f 2271 2269 2432
f 2432 2269 2433
f 2269 2267 2433
f 2433 2267 2434
f 2267 2265 2434
f 2434 2265 2435
f 2265 2263 2435
f 2435 2263 2436
f 2263 2261 2436
f 2436 2261 2437
f 2261 2259 2437
f 2437 2259 2438
f 2259 2257 2438
f 2438 2257 2439
f 2257 2255 2439
f 2439 2255 2440
f 2255 2252 2440
f 2440 2252 2441
f 2252 2250 2441
f 2441 2250 2442
f 2250 2248 2442
f 2442 2248 2443
f 2248 2246 2443
f 2443 2246 2444
f 2246 2244 2444
f 2444 2244 2445
f 2244 2242 2445
f 2445 2242 2446
f 2242 2240 2446
f 2446 2240 2375
f 2006 2005 8
f 8 2005 2004
f 2093 2447 2094
f 2009 8 2010
f 2010 8 2011
f 8 2012 2011
f 2070 2 2071
f 1691 2359 1693
f 2006 8 2007
f 2007 8 2008
f 8 2009 2008
f 2017 2016 8
f 8 2016 2015
f 2077 9 2078
f 2138 2029 2139
f 2300 2371 2448
f 2448 2371 2370
f 2012 8 2013
f 2013 8 2014
f 8 2015 2014
f 2032 1748 2033
f 2041 1732 2042
f 1750 2029 1752
f 2071 2 2072
f 2072 2 2073
f 2 2074 2073
f 8 2004 455
f 455 2004 2
f 2004 2075 2
f 2 2075 2074
f 2083 2082 9
f 9 2082 2081
f 2083 9 2084
f 2084 9 2085
f 9 2086 2085
f 2032 2031 1748
f 2449 2450 2331
f 2331 2450 2332
f 2335 2334 2451
f 2451 2334 2450
f 2334 2333 2450
f 2450 2333 2332
f 2452 2453 2347
f 2347 2453 2348
f 2453 2349 2348
f 2300 2448 2301
f 2301 2448 2302
f 2448 2303 2302
f 2020 2019 9
f 9 2019 8
f 2019 2018 8
f 8 2018 2017
f 2078 9 2079
f 2079 9 2080
f 9 2081 2080
f 2086 9 2087
f 2087 9 2088
f 9 2089 2088
f 2033 1748 2034
f 2034 1748 2035
f 1748 1746 2035
f 2134 1764 2135
f 2029 2143 2142
f 2454 2321 2455
f 2102 2448 2103
f 2370 2369 2113
f 2113 2369 2114
f 2369 2115 2114
f 2303 2448 2304
f 2304 2448 2305
f 2448 2306 2305
f 2306 2448 2307
f 2307 2448 2308
f 2448 2309 2308
f 2024 2146 2025
f 2143 2029 2144
f 2144 2029 2145
f 2029 2028 2145
f 2145 2028 2146
f 2146 9 2147
f 2147 9 2076
f 9 2077 2076
f 1750 1748 2029
f 2029 1748 2030
f 1748 2031 2030
f 2065 1 2066
f 2139 2029 2140
f 2140 2029 2141
f 2029 2142 2141
f 2321 2320 2455
f 2455 2320 2456
f 2320 2319 2456
f 2456 2319 2457
f 2319 2318 2457
f 2457 2318 2458
f 2318 2317 2458
f 2458 2317 2459
f 2317 2316 2459
f 2459 2316 2460
f 2316 2315 2460
f 2460 2315 2461
f 2315 2314 2461
f 2461 2314 2462
f 2314 2313 2462
f 2462 2313 2448
f 2313 2312 2448
f 2115 2369 2116
f 2116 2369 2117
f 2369 2368 2117
f 2122 2121 1770
f 1770 2121 1772
f 2121 1774 1772
f 2020 9 2021
f 2021 9 2022
f 9 2146 2022
f 2022 2146 2023
f 2146 2024 2023
f 2025 2146 2026
f 2026 2146 2027
f 2146 2028 2027
f 2089 9 2090
f 2090 9 2091
f 9 2447 2091
f 2091 2447 2092
f 2447 2093 2092
f 2045 1722 1720
f 2065 2064 1
f 2066 1 2067
f 2067 1 2068
f 1 2 2068
f 2068 2 2069
f 2 2070 2069
f 2122 1770 2123
f 2123 1770 2124
f 1770 2125 2124
f 2321 2454 2322
f 2322 2454 2323
f 2454 2463 2323
f 2323 2463 2324
f 2463 2464 2324
f 2335 2451 2336
f 2336 2451 2337
f 2451 2465 2337
f 2337 2465 2338
f 2343 2342 2466
f 2466 2342 2467
f 2109 2448 2110
f 2110 2448 2111
f 2448 2370 2111
f 2111 2370 2112
f 2370 2113 2112
f 2041 2040 1732
f 1732 2040 1734
f 2040 2039 1734
f 1734 2039 1736
f 2039 2038 1736
f 1736 2038 1738
f 2038 2037 1738
f 1738 2037 1740
f 2037 2036 1740
f 1740 2036 1742
f 2036 2035 1742
f 1742 2035 1744
f 2035 1746 1744
f 1722 2045 1724
f 1724 2045 1726
f 2045 2044 1726
f 1711 1709 2047
f 2047 1709 1707
f 1711 2047 1713
f 1713 2047 1715
f 2047 1718 1715
f 2338 2465 2339
f 2339 2465 2340
f 2465 2467 2340
f 2340 2467 2341
f 2467 2342 2341
f 2343 2466 2344
f 2344 2466 2345
f 2466 2452 2345
f 2345 2452 2346
f 2452 2347 2346
f 2349 2453 2350
f 2350 2453 2351
f 2453 2352 2351
f 2352 2453 2353
f 2353 2453 2354
f 2453 2355 2354
f 2468 2098 2469
f 2103 2448 2104
f 2104 2448 2105
f 2448 2106 2105
f 2359 1691 2360
f 2360 1691 2361
f 1691 1689 2361
f 2361 1689 2362
f 1689 1687 2362
f 2362 1687 1685
f 1667 2367 1669
f 2309 2448 2310
f 2310 2448 2311
f 2448 2312 2311
f 2044 2043 1726
f 1726 2043 1728
f 2043 2042 1728
f 1728 2042 1730
f 2042 1732 1730
f 1720 1718 2045
f 2045 1718 2046
f 1718 2047 2046
f 2047 1707 2048
f 2048 1707 2049
f 1707 1705 2049
f 2055 1701 2056
f 2056 1701 2057
f 2125 1770 2126
f 2126 1770 2127
f 1770 2128 2127
f 2132 1768 1766
f 1758 2135 1760
f 1760 2135 1762
f 2135 1764 1762
f 2138 2137 2029
f 2029 2137 1752
f 2137 2136 1752
f 1752 2136 1754
f 2136 2135 1754
f 1754 2135 1756
f 2135 1758 1756
f 2324 2464 2325
f 2325 2464 2326
f 2464 2470 2326
f 2326 2470 2327
f 2106 2448 2107
f 2107 2448 2108
f 2448 2109 2108
f 2363 1681 2364
f 2118 2117 1780
f 1780 2117 1782
f 2049 1705 2050
f 2050 1705 2051
f 1705 1703 2051
f 2058 1 2059
f 2059 1 2060
f 1 2061 2060
f 2327 2470 2328
f 2328 2470 2329
f 2470 2449 2329
f 2329 2449 2330
f 2449 2331 2330
f 2098 2468 2099
f 2099 2468 2100
f 2468 2448 2100
f 2100 2448 2101
f 2448 2102 2101
f 2118 1780 2119
f 2119 1780 2120
f 1780 1778 2120
f 2120 1778 2121
f 1778 1776 2121
f 2121 1776 1774
f 2364 1681 2365
f 2365 1681 2366
f 1681 1678 2366
f 1669 2367 1671
f 1671 2367 1673
f 2367 2366 1673
f 1673 2366 1675
f 2366 1678 1675
f 2363 2362 1681
f 1681 2362 1683
f 2362 1685 1683
f 1782 2117 1784
f 1784 2117 1639
f 2117 1641 1639
f 1641 2117 1643
f 1643 2117 1645
f 2117 1647 1645
f 2051 1703 2052
f 2052 1703 2053
f 1703 1701 2053
f 2053 1701 2054
f 1701 2055 2054
f 2061 1 2062
f 2062 1 2063
f 1 2064 2063
f 2128 1770 2129
f 2129 1770 2130
f 1770 1768 2130
f 2130 1768 2131
f 1768 2132 2131
f 1766 1764 2132
f 2132 1764 2133
f 1764 2134 2133
f 2355 2453 2356
f 2356 2453 2357
f 2453 1693 2357
f 2357 1693 2358
f 1693 2359 2358
f 2094 2447 2095
f 2095 2447 2096
f 2447 2469 2096
f 2096 2469 2097
f 2469 2098 2097
f 1693 2453 1695
f 1695 2453 1697
f 2453 7 1697
f 1697 7 1699
f 7 1 1699
f 1699 1 1701
f 1 2058 1701
f 1701 2058 2057
f 1655 2368 1657
f 1657 2368 1659
f 1647 2117 1649
f 1649 2117 1651
f 2117 2368 1651
f 1651 2368 1653
f 2368 1655 1653
f 1659 2368 1661
f 1661 2368 1663
f 2368 2367 1663
f 1663 2367 1665
f 2367 1667 1665
f 2471 2469 2447
f 2472 2440 2471
f 2393 2394 2473
f 2473 2394 2474
f 2394 2395 2474
f 2474 2395 2475
f 2395 2396 2475
f 2475 2396 2476
f 2396 2397 2476
f 2476 2397 2477
f 2397 2398 2477
f 2477 2398 2478
f 2398 2399 2478
f 2478 2399 2479
f 2399 2400 2479
f 2479 2400 2480
f 2400 2401 2480
f 2480 2401 2481
f 2401 2402 2481
f 2481 2402 2482
f 2402 2403 2482
f 2482 2403 2483
f 2403 2404 2483
f 2483 2404 2484
f 2404 2405 2484
f 2484 2405 2485
f 2405 2406 2485
f 2485 2406 2486
f 2406 2407 2486
f 2486 2407 2487
f 2407 2408 2487
f 2487 2408 2488
f 2408 2409 2488
f 2488 2409 2489
f 2409 2410 2489
f 2489 2410 2490
f 2410 2411 2490
f 2490 2411 2491
f 2411 2412 2491
f 2491 2412 2492
f 2412 2413 2492
f 2492 2413 2493
f 2413 2414 2493
f 2493 2414 2494
f 2414 2415 2494
f 2494 2415 2495
f 2415 2416 2495
f 2495 2416 2496
f 2416 2417 2496
f 2496 2417 2497
f 2417 2418 2497
f 2497 2418 2498
f 2418 2419 2498
f 2498 2419 2499
f 2419 2420 2499
f 2499 2420 2500
f 2420 2421 2500
f 2500 2421 2501
f 2421 2422 2501
f 2501 2422 2502
f 2422 2423 2502
f 2502 2423 2503
f 2423 2424 2503
f 2503 2424 2504
f 2424 2425 2504
f 2504 2425 2505
f 2425 2426 2505
f 2505 2426 2506
f 2426 2427 2506
f 2506 2427 2507
f 2427 2428 2507
f 2507 2428 2508
f 2428 2429 2508
f 2508 2429 2509
f 2429 2430 2509
f 2509 2430 2510
f 2430 2431 2510
f 2510 2431 2511
f 2431 2432 2511
f 2511 2432 2512
f 2432 2433 2512
f 2512 2433 2513
f 2433 2434 2513
f 2513 2434 2514
f 2434 2435 2514
f 2514 2435 2515
f 2435 2436 2515
f 2515 2436 2516
f 2436 2437 2516
f 2516 2437 2517
f 2437 2438 2517
f 2517 2438 2472
f 2438 2439 2472
f 2472 2439 2440
f 2392 2393 2518
f 2518 2393 2519
f 2393 2473 2519
f 2390 2391 2152
f 2152 2391 2153
f 2391 2392 2153
f 2153 2392 2150
f 2392 2518 2150
f 2452 2149 2453
f 2471 2440 2469
f 2469 2440 2468
f 2440 2441 2468
f 2468 2441 2448
f 2441 2442 2448
f 2448 2442 2462
f 2442 2443 2462
f 2462 2443 2461
f 2443 2444 2461
f 2461 2444 2460
f 2444 2445 2460
f 2460 2445 2459
f 2445 2446 2459
f 2459 2446 2458
f 2446 2375 2458
f 2458 2375 2457
f 2375 2376 2457
f 2457 2376 2456
f 2376 2377 2456
f 2456 2377 2455
f 2377 2378 2455
f 2455 2378 2454
f 2378 2379 2454
f 2454 2379 2463
f 2379 2380 2463
f 2463 2380 2464
f 2380 2381 2464
f 2464 2381 2470
f 2381 2382 2470
f 2470 2382 2449
f 2382 2383 2449
f 2449 2383 2450
f 2383 2384 2450
f 2450 2384 2451
f 2384 2385 2451
f 2451 2385 2465
f 2385 2386 2465
f 2465 2386 2467
f 2386 2387 2467
f 2467 2387 2466
f 2387 2388 2466
f 2466 2388 2452
f 2388 2389 2452
f 2452 2389 2149
f 2389 2390 2149
f 2149 2390 2151
f 2390 2152 2151
f 2148 7 2149
f 2149 7 2453
f 1321 5 2520
f 2520 5 2148
f 5 6 2148
f 2148 6 7
f 1631 1146 1632
f 1632 1146 1145
f 2521 2523 2522
f 2522 2523 2524
f 2523 2525 2524
f 2524 2525 2526
f 2525 2527 2526
f 2526 2527 2528
f 2527 2529 2528
f 2528 2529 2530
f 2529 2531 2530
f 2530 2531 2532
f 2531 2533 2532
f 2532 2533 2534
f 2533 2535 2534
f 2534 2535 2536
f 2535 2537 2536
f 2536 2537 2538
f 2537 2539 2538
f 2538 2539 2540
f 2539 2541 2540
f 2540 2541 2542
f 2541 2543 2542
f 2542 2543 2544
f 2543 2545 2544
f 2544 2545 2546
f 2545 2547 2546
f 2546 2547 2548
f 2547 2549 2548
f 2548 2549 2550
f 2549 2551 2550
f 2550 2551 2552
f 2551 2553 2552
f 2552 2553 2554
f 2553 2555 2554
f 2554 2555 2556
f 2555 2557 2556
f 2556 2557 2558
f 2557 2559 2558
f 2558 2559 2560
f 2559 2561 2560
f 2560 2561 2562
f 2561 2563 2562
f 2562 2563 2564
f 2563 2565 2564
f 2564 2565 2566
f 2565 2567 2566
f 2566 2567 2568
f 2567 2569 2568
f 2568 2569 2570
f 2569 2571 2570
f 2570 2571 2572
f 2571 2573 2572
f 2572 2573 2574
f 2573 2575 2574
f 2574 2575 2576
f 2575 2577 2576
f 2576 2577 2578
f 2577 2579 2578
f 2578 2579 2580
f 2579 2581 2580
f 2580 2581 2582
f 2581 2583 2582
f 2582 2583 2584
f 2583 2585 2584
f 2584 2585 2586
f 2585 2587 2586
f 2586 2587 2588
f 2587 2589 2588
f 2588 2589 2590
f 2589 2591 2590
f 2590 2591 2592
f 2591 2593 2592
f 2592 2593 2594
f 2593 2595 2594
f 2594 2595 2596
f 2595 2597 2596
f 2596 2597 2598
f 2597 2599 2598
f 2598 2599 2600
f 2599 2601 2600
f 2600 2601 2602
f 2601 2603 2602
f 2602 2603 2604
f 2603 2605 2604
f 2604 2605 2606
f 2605 2607 2606
f 2606 2607 2608
f 2607 2609 2608
f 2608 2609 2610
f 2609 2611 2610
f 2610 2611 2612
f 2611 2613 2612
f 2612 2613 2614
f 2613 2615 2614
f 2614 2615 2616
f 2615 2617 2616
f 2616 2617 2618
f 2617 2619 2618
f 2618 2619 2620
f 2619 2621 2620
f 2620 2621 2622
f 2621 2623 2622
f 2622 2623 2624
f 2623 2625 2624
f 2624 2625 2626
f 2625 2627 2626
f 2626 2627 2628
f 2627 2629 2628
f 2628 2629 2630
f 2629 2631 2630
f 2630 2631 2632
f 2631 2633 2632
f 2632 2633 2634
f 2633 2635 2634
f 2634 2635 2636
f 2635 2637 2636
f 2636 2637 2638
f 2637 2639 2638
f 2638 2639 2640
f 2639 2641 2640
f 2640 2641 2642
f 2641 2643 2642
f 2642 2643 2644
f 2643 2645 2644
f 2644 2645 2646
f 2645 2647 2646
f 2646 2647 2648
f 2647 2649 2648
f 2648 2649 2650
f 2649 2651 2650
f 2650 2651 2652
f 2651 2653 2652
f 2652 2653 2654
f 2653 2655 2654
f 2654 2655 2656
f 2655 2657 2656
f 2656 2657 2658
f 2657 2659 2658
f 2658 2659 2660
f 2659 2661 2660
f 2660 2661 2662
f 2661 2663 2662
f 2662 2663 2664
f 2663 2521 2664
f 2664 2521 2522
f 2374 1325 18
f 18 1325 20
f 1325 1335 20
f 20 1335 12
f 1335 1141 12
f 12 1141 14
f 2447 9 2471
f 2471 9 2665
f 2518 1634 2150
f 2150 1634 1636
f 1142 1141 1348
f 1348 1141 1335
f 1883 1881 2642
f 2642 1881 2640
f 1881 1879 2640
f 2640 1879 2638
f 1879 1877 2638
f 2638 1877 2636
f 1877 1875 2636
f 2636 1875 2634
f 1875 1873 2634
f 2634 1873 2632
f 1873 1871 2632
f 2632 1871 2630
f 1871 1869 2630
f 2630 1869 2628
f 1869 1867 2628
f 2628 1867 2626
f 1867 1865 2626
f 2626 1865 2624
f 1865 1863 2624
f 2624 1863 2622
f 1863 1861 2622
f 2622 1861 2620
f 1861 1859 2620
f 2620 1859 2618
f 1859 1857 2618
f 2618 1857 2616
f 1857 1855 2616
f 2616 1855 2614
f 1855 1853 2614
f 2614 1853 2612
f 1853 1851 2612
f 2612 1851 2610
f 1851 1849 2610
f 2610 1849 2608
f 1849 1847 2608
f 2608 1847 2606
f 1847 1845 2606
f 2606 1845 2604
f 1845 1843 2604
f 2604 1843 2602
f 1843 1841 2602
f 2602 1841 2600
f 1841 1839 2600
f 2600 1839 2598
f 1839 1837 2598
f 2598 1837 2596
f 1837 1835 2596
f 2596 1835 2594
f 1835 1833 2594
f 2594 1833 2592
f 1833 1831 2592
f 2592 1831 2590
f 1831 1829 2590
f 2590 1829 2588
f 1829 1827 2588
f 2588 1827 2586
f 1827 1825 2586
f 2586 1825 2584
f 1825 1823 2584
f 2584 1823 2582
f 1823 1821 2582
f 2582 1821 2580
f 1821 1819 2580
f 2580 1819 2578
f 1819 1817 2578
f 2578 1817 2576
f 1817 1815 2576
f 2576 1815 2574
f 1815 1813 2574
f 2574 1813 2572
f 1813 1811 2572
f 2572 1811 2570
f 1811 1809 2570
f 2570 1809 2568
f 1809 1807 2568
f 2568 1807 2566
f 1807 1805 2566
f 2566 1805 2564
f 1805 1803 2564
f 2564 1803 2562
f 1803 1801 2562
f 2562 1801 2560
f 1801 1799 2560
f 2560 1799 2558
f 1799 1797 2558
f 2558 1797 2556
f 1797 1795 2556
f 2556 1795 2554
f 1795 1793 2554
f 2554 1793 2552
f 1793 1791 2552
f 2552 1791 2550
f 1791 1789 2550
f 2550 1789 2548
f 1789 1787 2548
f 2548 1787 2546
f 1787 1929 2546
f 2546 1929 2544
f 1929 1927 2544
f 2544 1927 2542
f 1927 1925 2542
f 2542 1925 2540
f 1925 1923 2540
f 2540 1923 2538
f 1923 1921 2538
f 2538 1921 2536
f 1921 1919 2536
f 2536 1919 2534
f 1919 1917 2534
f 2534 1917 2532
f 1917 1915 2532
f 2532 1915 2530
f 1915 1913 2530
f 2530 1913 2528
f 1913 1911 2528
f 2528 1911 2526
f 1911 1909 2526
f 2526 1909 2524
f 1909 1907 2524
f 2524 1907 2522
f 1907 1905 2522
f 2522 1905 2664
f 1905 1903 2664
f 2664 1903 2662
f 1903 1901 2662
f 2662 1901 2660
f 1901 1899 2660
f 2660 1899 2658
f 1899 1897 2658
f 2658 1897 2656
f 1897 1895 2656
f 2656 1895 2654
f 1895 1893 2654
f 2654 1893 2652
f 1893 1891 2652
f 2652 1891 2650
f 1891 1889 2650
f 2650 1889 2648
f 1889 1887 2648
f 2648 1887 2646
f 1887 1885 2646
f 2646 1885 2644
f 1885 1883 2644
f 2644 1883 2642
f 1535 2666 1152
f 1525 2666 1523
f 1523 2666 1522
f 2666 1535 1522
f 2667 2666 1539
f 1539 2666 1527
f 2666 1525 1527
f 1091 1535 1090
f 1090 1535 965
f 1535 1152 965
f 965 1152 962
f 1152 1087 962
f 1088 1089 1153
f 1153 1089 1152
f 1089 1086 1152
f 1152 1086 1087
f 1537 1538 1093
f 1093 1538 1092
f 1538 1531 1092
f 1092 1531 1091
f 1531 1533 1091
f 1091 1533 1535
f 2667 2148 1635
f 1635 2148 1637
f 1630 1147 1631
f 1631 1147 1146
f 1218 1150 1220
f 1151 1624 1626
f 1638 2003 19
f 19 2003 1153
f 1188 1150 1190
f 1190 1150 1192
f 1150 1194 1192
f 1194 1150 1196
f 1196 1150 1198
f 1150 1200 1198
f 1200 1150 1202
f 1202 1150 1204
f 1150 1206 1204
f 1544 2667 1542
f 1542 2667 1540
f 2667 1539 1540
f 1093 1094 1537
f 1537 1094 1095
f 1206 1150 1208
f 1208 1150 1210
f 1150 1212 1210
f 1620 2520 1618
f 1618 2520 1616
f 2520 1614 1616
f 2668 1147 2669
f 2669 1147 2670
f 1138 1139 1153
f 1153 1139 1088
f 1095 1096 1537
f 1537 1096 1629
f 1096 1628 1629
f 1104 1626 1103
f 1212 1150 1214
f 1214 1150 1216
f 1150 1218 1216
f 1556 2667 1554
f 1554 2667 1552
f 2667 1550 1552
f 1186 2520 1188
f 1188 2520 1150
f 2520 1620 1150
f 1150 1620 1151
f 1620 1622 1151
f 1151 1622 1624
f 2671 1147 2672
f 2672 1147 2673
f 1147 2668 2673
f 2674 1147 2675
f 2675 1147 2676
f 2677 1147 2678
f 2678 1147 2679
f 1147 2680 2679
f 1104 1105 1626
f 1168 1630 1170
f 1170 1630 1172
f 1550 2667 1548
f 1548 2667 1546
f 2667 1544 1546
f 1180 2520 1182
f 1182 2520 1184
f 2520 1186 1184
f 2670 1147 2681
f 2681 1147 2682
f 1147 2674 2682
f 2676 1147 2683
f 2683 1147 2684
f 1147 2677 2684
f 2680 1147 2685
f 2685 1147 2686
f 1147 2687 2686
f 2687 1147 2688
f 2688 1147 2689
f 1147 1630 2689
f 2689 1630 2690
f 1630 2691 2690
f 1111 1151 1110
f 1110 1151 1109
f 1614 2520 1612
f 1612 2520 1610
f 2520 1608 1610
f 1172 1630 1174
f 1174 1630 1176
f 1630 2520 1176
f 1176 2520 1178
f 2520 1180 1178
f 1109 1151 1108
f 1108 1151 1107
f 1151 1626 1107
f 1107 1626 1106
f 1626 1105 1106
f 1103 1626 1102
f 1102 1626 1101
f 1626 1100 1101
f 1228 1638 1230
f 1608 2520 1606
f 1606 2520 1604
f 2520 1602 1604
f 1602 2520 1600
f 1600 2520 1598
f 2520 1596 1598
f 1580 2148 1578
f 1578 2148 1576
f 1576 2148 1574
f 1574 2148 1572
f 2148 1570 1572
f 1138 1153 1137
f 1137 1153 1136
f 1153 1135 1136
f 1135 1153 1134
f 1134 1153 1133
f 1153 1132 1133
f 2691 1630 2692
f 2692 1630 2693
f 1630 2694 2693
f 2694 1630 2695
f 2695 1630 2696
f 1630 2697 2696
f 2697 1630 2698
f 2698 1630 2699
f 1630 2700 2699
f 1160 2701 1162
f 1162 2701 1164
f 2701 2702 1164
f 1164 2702 1166
f 2702 2703 1166
f 1166 2703 1168
f 2703 2704 1168
f 1168 2704 2705
f 1220 1150 1222
f 1222 1150 1224
f 1150 1638 1224
f 1224 1638 1226
f 1638 1228 1226
f 1278 1276 20
f 20 1276 1274
f 1570 2148 1568
f 1568 2148 1566
f 2148 1564 1566
f 1564 2148 1562
f 1562 2148 1560
f 2148 2667 1560
f 1560 2667 1558
f 2667 1556 1558
f 1132 1153 1131
f 1131 1153 1130
f 1153 2003 1130
f 1130 2003 1129
f 2003 1128 1129
f 1100 1626 1099
f 1099 1626 1098
f 1626 1628 1098
f 1098 1628 1097
f 1628 1096 1097
f 2700 1630 2706
f 2706 1630 2707
f 1630 1168 2707
f 2707 1168 2708
f 1168 2709 2708
f 1230 1638 1232
f 1232 1638 1234
f 1638 1236 1234
f 1246 1244 1638
f 1638 1244 1242
f 1254 19 1256
f 1256 19 1258
f 19 1260 1258
f 1288 1286 20
f 20 1286 1284
f 20 2711 2710
f 2712 2713 12
f 12 2713 2714
f 2520 1588 1590
f 2709 1168 2715
f 2715 1168 2716
f 1168 2705 2716
f 1236 1638 1238
f 1238 1638 1240
f 1638 1242 1240
f 1246 1638 1248
f 1248 1638 1250
f 1638 19 1250
f 1250 19 1252
f 19 1254 1252
f 1260 19 1262
f 1262 19 1264
f 19 1266 1264
f 1278 20 1280
f 1280 20 1282
f 20 1284 1282
f 1288 20 1290
f 1290 20 1292
f 20 1294 1292
f 2717 20 2718
f 2718 20 2719
f 20 2720 2719
f 2720 20 2721
f 2721 20 2722
f 20 2723 2722
f 2724 12 2725
f 2725 12 2726
f 12 2714 2726
f 1147 2671 13
f 13 2671 12
f 2671 2727 12
f 12 2727 2712
f 1596 2520 1594
f 1594 2520 1592
f 2520 1590 1592
f 1588 2520 1586
f 1586 2520 1584
f 2520 2148 1584
f 1584 2148 1582
f 2148 1580 1582
f 1128 2003 1127
f 1127 2003 1126
f 2003 1125 1126
f 1125 2003 1124
f 1124 2003 1123
f 2003 1122 1123
f 1151 1114 1115
f 1266 19 1268
f 1268 19 1270
f 19 20 1270
f 1270 20 1272
f 20 1274 1272
f 1294 20 1296
f 1296 20 1154
f 20 1156 1154
f 2711 20 2728
f 2728 20 2729
f 20 2717 2729
f 2730 12 2731
f 2731 12 2732
f 12 2733 2732
f 2733 12 2734
f 2734 12 2735
f 12 2724 2735
f 1114 1151 1113
f 1113 1151 1112
f 1151 1111 1112
f 2710 2736 20
f 20 2736 1156
f 2736 2701 1156
f 1156 2701 1158
f 2701 1160 1158
f 1122 2003 1121
f 1121 2003 1120
f 2003 1119 1120
f 2723 20 2737
f 2737 20 2738
f 20 12 2738
f 2738 12 2739
f 12 2730 2739
f 1119 2003 1118
f 1118 2003 1117
f 2003 1151 1117
f 1117 1151 1116
f 1151 1115 1116
f 1638 1417 2003
f 2003 1417 1397
f 2740 1417 2741
f 2741 1417 2742
f 2742 1417 2743
f 2743 1417 2744
f 1417 2745 2744
f 2745 1417 2746
f 2746 1417 2747
f 1417 2748 2747
f 2749 1362 2750
f 2750 1362 2751
f 1362 1397 2751
f 2751 1397 2752
f 1397 2753 2752
f 2753 1397 2754
f 2754 1397 2755
f 1397 1417 2755
f 2755 1417 2756
f 1417 2740 2756
f 2757 2749 2758
f 2758 2749 2759
f 2748 1417 2760
f 2760 1417 2761
f 1417 2762 2761
f 1325 2374 2763
f 2763 2374 2764
f 2374 2765 2764
f 2759 2749 2766
f 2766 2749 2767
f 2749 2750 2767
f 2762 1417 2768
f 2768 1417 2769
f 1417 1325 2769
f 2769 1325 2770
f 1325 2763 2770
f 2765 2374 2771
f 2771 2374 2772
f 2374 2773 2772
f 2774 2776 2775
f 2372 2778 2777
f 2776 2749 2775
f 2775 2749 2779
f 2749 2757 2779
f 2773 2374 2780
f 2780 2374 2781
f 2374 2782 2781
f 2778 2372 2783
f 2783 2372 2784
f 2372 2785 2784
f 2784 2785 2786
f 2785 2787 2786
f 2786 2787 2788
f 2787 2789 2788
f 2788 2789 2790
f 2789 2791 2790
f 2790 2791 2792
f 2791 2793 2792
f 2792 2793 2794
f 2793 2795 2794
f 2794 2795 2796
f 2795 2797 2796
f 2796 2797 2798
f 2797 2799 2798
f 2798 2799 2800
f 2799 2801 2800
f 2800 2801 2802
f 2801 2803 2802
f 2802 2803 2804
f 2803 2805 2804
f 2804 2805 2806
f 2805 2807 2806
f 2806 2807 2808
f 2807 2809 2808
f 2808 2809 2810
f 2809 2811 2810
f 2810 2811 2812
f 2811 2813 2812
f 2812 2813 2814
f 2813 2815 2814
f 2814 2815 2816
f 2815 2817 2816
f 2816 2817 2818
f 2817 2819 2818
f 2818 2819 2820
f 2819 2821 2820
f 2820 2821 2822
f 2821 2823 2822
f 2822 2823 2824
f 2823 2825 2824
f 2824 2825 2826
f 2825 2827 2826
f 2826 2827 2828
f 2827 2829 2828
f 2828 2829 2830
f 2829 2831 2830
f 2830 2831 2832
f 2831 2833 2832
f 2832 2833 2834
f 2833 2776 2834
f 2834 2776 2835
f 2776 2774 2835
f 2782 2374 2836
f 2836 2374 2837
f 2374 2372 2837
f 2837 2372 2838
f 2372 2777 2838
f 1320 1321 1630
f 1630 1321 2520
f 2483 1634 2482
f 2482 1634 2481
f 1634 2480 2481
f 2471 2665 2472
f 2472 2665 2517
f 2665 2516 2517
f 2511 2512 2665
f 2665 2512 2513
f 2506 2666 2505
f 2480 1634 2479
f 2479 1634 2478
f 1634 2477 2478
f 2516 2665 2515
f 2515 2665 2514
f 2665 2513 2514
f 2506 2507 2666
f 2477 1634 2476
f 2476 1634 2475
f 1634 2474 2475
f 2474 1634 2473
f 2473 1634 2519
f 1634 2518 2519
f 2511 2665 2510
f 2510 2665 2509
f 2665 2666 2509
f 2509 2666 2508
f 2666 2507 2508
f 2490 1633 2489
f 2489 1633 2488
f 1633 2487 2488
f 2496 2497 1633
f 1633 2497 2498
f 2505 2666 2504
f 2504 2666 2503
f 2666 2502 2503
f 2493 1633 2492
f 2492 1633 2491
f 1633 2490 2491
f 2487 1633 2486
f 2486 1633 2485
f 1633 1634 2485
f 2485 1634 2484
f 1634 2483 2484
f 2502 2666 2501
f 2501 2666 2500
f 2666 1633 2500
f 2500 1633 2499
f 1633 2498 2499
f 2496 1633 2495
f 2495 1633 2494
f 1633 2493 2494
f 2839 2749 2840
f 2840 2749 2776
f 1152 2749 2839
f 21 9 11
f 2749 1152 1362
f 1362 1152 21
f 1152 2666 21
f 21 2666 9
f 2666 2665 9
f 2841 1798 2373
f 1798 2841 1796
f 1796 2841 1794
f 2841 2842 1794
f 1794 2842 1792
f 2842 2843 1792
f 1792 2843 1790
f 2843 2844 1790
f 1790 2844 1788
f 2844 2845 1788
f 1788 2845 1930
f 2845 2846 1930
f 1930 2846 1928
f 2846 2847 1928
f 1928 2847 1926
f 2847 2848 1926
f 1926 2848 1924
f 2848 2849 1924
f 1924 2849 1922
f 2849 2850 1922
f 1922 2850 1920
f 2850 2851 1920
f 1920 2851 1918
f 2851 2852 1918
f 1918 2852 1916
f 2852 2853 1916
f 1916 2853 1914
f 2853 2854 1914
f 1914 2854 1912
f 2854 2855 1912
f 1912 2855 1910
f 2855 2856 1910
f 1910 2856 1908
f 2856 2857 1908
f 1908 2857 1906
f 2857 2858 1906
f 1906 2858 1904
f 2858 2859 1904
f 1904 2859 1902
f 2859 2860 1902
f 1902 2860 1900
f 2860 2861 1900
f 1900 2861 1898
f 2861 2862 1898
f 1898 2862 1896
f 2862 2863 1896
f 1896 2863 1894
f 2863 2864 1894
f 1894 2864 1892
f 2864 2865 1892
f 1892 2865 1890
f 2865 2866 1890
f 1890 2866 1888
f 2866 2867 1888
f 1888 2867 1886
f 2867 2868 1886
f 1886 2868 1884
f 2868 2869 1884
f 1884 2869 1882
f 2869 2870 1882
f 1882 2870 1880
f 2870 2871 1880
f 1880 2871 1878
f 2871 2872 1878
f 1878 2872 1876
f 2872 2873 1876
f 1876 2873 1874
f 2873 2874 1874
f 1874 2874 1872
f 2874 2875 1872
f 1872 2875 1870
f 2875 2876 1870
f 1870 2876 1868
f 2876 2877 1868
f 1868 2877 1866
f 2877 2878 1866
f 1866 2878 1864
f 2878 2879 1864
f 1864 2879 1862
f 2879 2880 1862
f 1862 2880 1860
f 2880 2881 1860
f 1860 2881 1858
f 2881 2882 1858
f 1858 2882 1856
f 2882 2883 1856
f 1856 2883 1854
f 2883 2884 1854
f 1854 2884 1852
f 2884 2885 1852
f 1852 2885 1850
f 2885 2886 1850
f 1850 2886 1848
f 2886 2887 1848
f 2833 2840 2776
f 2887 2840 1848
f 1848 2840 1846
f 2840 2833 1846
f 1846 2833 1844
f 2833 2831 1844
f 1844 2831 1842
f 2831 2829 1842
f 1842 2829 1840
f 2829 2827 1840
f 1840 2827 1838
f 2827 2825 1838
f 1838 2825 1836
f 2825 2823 1836
f 1836 2823 1834
f 2823 2821 1834
f 1834 2821 1832
f 2821 2819 1832
f 1832 2819 1830
f 2819 2817 1830
f 1830 2817 1828
f 2817 2815 1828
f 1828 2815 1826
f 2815 2813 1826
f 1826 2813 1824
f 2813 2811 1824
f 1824 2811 1822
f 2811 2809 1822
f 1822 2809 1820
f 2809 2807 1820
f 1820 2807 1818
f 2807 2805 1818
f 1818 2805 1816
f 2805 2803 1816
f 1816 2803 1814
f 2803 2801 1814
f 1814 2801 1812
f 2801 2799 1812
f 1812 2799 1810
f 2799 2797 1810
f 1810 2797 1808
f 2797 2795 1808
f 1808 2795 1806
f 2795 2793 1806
f 1806 2793 1804
f 2793 2791 1804
f 1804 2791 1802
f 2791 2789 1802
f 1802 2789 1800
f 2789 2787 1800
f 1800 2787 1798
f 2787 2785 1798
f 1798 2785 2373
f 2785 2372 2373
f 1677 944 945
f 944 2213 943
f 943 2213 942
f 2213 941 942
f 2227 2229 911
f 911 2229 910
f 2229 2231 910
f 910 2231 909
f 2231 2233 909
f 899 900 2251
f 2251 900 2249
f 900 901 2249
f 2249 901 2247
f 901 902 2247
f 2247 902 2245
f 902 903 2245
f 896 897 1640
f 1640 897 2251
f 897 898 2251
f 2251 898 899
f 894 1650 1652
f 1650 894 1648
f 1648 894 1646
f 894 1644 1646
f 1674 955 1672
f 1672 955 1670
f 1674 1676 955
f 955 1676 954
f 1676 1677 954
f 954 1677 953
f 1677 952 953
f 1677 948 949
f 941 2213 940
f 940 2213 939
f 2213 938 939
f 938 2213 937
f 937 2213 936
f 2213 935 936
f 909 2233 908
f 908 2233 907
f 2233 2235 907
f 907 2235 906
f 2235 2237 906
f 906 2237 905
f 2237 2239 905
f 905 2239 904
f 2239 2241 904
f 904 2241 903
f 2241 2243 903
f 903 2243 2245
f 896 1640 895
f 895 1640 894
f 1640 1642 894
f 894 1642 1644
f 952 1677 951
f 951 1677 950
f 1677 949 950
f 948 1677 947
f 947 1677 946
f 1677 945 946
f 932 933 2215
f 2215 933 2213
f 933 934 2213
f 2213 934 935
f 932 2215 931
f 931 2215 930
f 2215 2217 930
f 930 2217 929
f 2217 928 929
f 894 1652 893
f 893 1652 892
f 1652 1654 892
f 892 1654 891
f 1654 1656 891
f 891 1656 890
f 1656 1658 890
f 890 1658 889
f 1658 1660 889
f 889 1660 888
f 1660 1662 888
f 888 1662 959
f 1662 958 959
f 957 958 1666
f 1666 958 1664
f 958 1662 1664
f 1670 955 1668
f 1668 955 1666
f 955 956 1666
f 1666 956 957
f 928 2217 927
f 927 2217 926
f 2217 2219 926
f 926 2219 925
f 925 2219 924
f 924 2219 923
f 2219 2221 923
f 923 2221 922
f 2221 921 922
f 921 2221 920
f 920 2221 919
f 2221 2223 919
f 919 2223 918
f 918 2223 917
f 917 2223 916
f 2223 2225 916
f 916 2225 915
f 915 2225 914
f 914 2225 913
f 2225 2227 913
f 913 2227 912
f 2227 911 912
f 1781 1783 432
f 432 1783 1785
f 2256 400 401
f 1781 432 1779
f 1779 432 1777
f 432 433 1777
f 174 2288 173
f 429 1640 428
f 428 1640 427
f 1640 426 427
f 202 1737 201
f 201 1737 1739
f 435 1773 1775
f 1785 1786 432
f 432 1786 431
f 1786 1640 431
f 431 1640 430
f 1640 429 430
f 2256 2258 400
f 400 2258 399
f 2258 398 399
f 398 2258 397
f 397 2258 396
f 2258 2260 396
f 396 2260 395
f 2272 384 2270
f 1775 1777 435
f 435 1777 434
f 1777 433 434
f 168 169 2292
f 2292 169 2290
f 169 170 2290
f 2290 170 171
f 414 2251 413
f 413 2251 412
f 405 2254 404
f 404 2254 403
f 2254 2256 403
f 403 2256 402
f 2256 401 402
f 233 234 2296
f 2296 234 2294
f 234 235 2294
f 2294 235 236
f 384 2272 383
f 383 2272 454
f 2272 453 454
f 192 448 191
f 191 448 190
f 448 189 190
f 2278 2280 183
f 183 2280 182
f 2280 2282 182
f 182 2282 181
f 2282 2284 181
f 2288 2290 173
f 173 2290 172
f 2290 171 172
f 426 1640 425
f 425 1640 424
f 1640 423 424
f 409 410 2253
f 2253 410 2251
f 410 411 2251
f 2251 411 412
f 409 2253 408
f 408 2253 407
f 2253 2254 407
f 407 2254 406
f 2254 405 406
f 168 2292 167
f 167 2292 238
f 2292 2294 238
f 238 2294 237
f 2294 236 237
f 452 187 451
f 451 187 450
f 1747 201 1745
f 450 187 449
f 449 187 448
f 187 188 448
f 448 188 189
f 181 2284 180
f 180 2284 179
f 2284 2286 179
f 179 2286 178
f 178 2286 177
f 177 2286 176
f 2286 2288 176
f 176 2288 175
f 2288 174 175
f 395 2260 394
f 394 2260 393
f 2260 2262 393
f 393 2262 392
f 392 2262 391
f 391 2262 390
f 2262 2264 390
f 210 1721 1723
f 453 2272 452
f 452 2272 187
f 2272 2274 187
f 187 2274 186
f 2274 2276 186
f 186 2276 185
f 2276 2278 185
f 185 2278 184
f 2278 183 184
f 198 444 197
f 197 444 196
f 444 195 196
f 423 1640 422
f 422 1640 421
f 1640 2251 421
f 421 2251 420
f 420 2251 419
f 419 2251 418
f 2251 417 418
f 390 2264 389
f 389 2264 388
f 2264 2266 388
f 388 2266 387
f 2266 2268 387
f 387 2268 386
f 2268 2270 386
f 386 2270 385
f 2270 384 385
f 233 2296 232
f 232 2296 231
f 2296 2298 231
f 231 2298 230
f 2298 229 230
f 1721 210 1719
f 1719 210 1717
f 210 211 1717
f 202 203 1737
f 1737 203 1735
f 203 204 1735
f 1735 204 1733
f 204 205 1733
f 1733 205 1731
f 205 206 1731
f 1731 206 1729
f 206 207 1729
f 201 444 200
f 200 444 199
f 444 198 199
f 442 1763 1765
f 1745 201 1743
f 1743 201 1741
f 201 1739 1741
f 417 2251 416
f 416 2251 415
f 2251 414 415
f 1729 207 1727
f 1727 207 1725
f 207 208 1725
f 1725 208 1723
f 208 209 1723
f 1723 209 210
f 192 193 448
f 448 193 447
f 193 194 447
f 447 194 446
f 194 195 446
f 446 195 445
f 195 444 445
f 1763 442 1761
f 1761 442 1759
f 442 443 1759
f 2298 225 226
f 215 1717 214
f 442 1765 441
f 441 1765 440
f 1765 1767 440
f 440 1767 439
f 1767 1769 439
f 439 1769 438
f 1769 1771 438
f 438 1771 437
f 1771 1773 437
f 437 1773 436
f 1773 435 436
f 443 444 1759
f 1759 444 1757
f 444 1755 1757
f 1755 444 1753
f 1753 444 1751
f 444 201 1751
f 1751 201 1749
f 201 1747 1749
f 229 2298 228
f 228 2298 227
f 2298 226 227
f 225 2298 224
f 224 2298 223
f 2298 222 223
f 214 1717 213
f 213 1717 212
f 1717 211 212
f 222 2298 221
f 221 2298 220
f 2298 1717 220
f 220 1717 219
f 1717 218 219
f 218 1717 217
f 217 1717 216
f 1717 215 216
f 665 2177 664
f 664 2177 663
f 2177 2179 663
f 663 2179 662
f 616 1700 1702
f 665 666 2177
f 2177 666 2175
f 666 667 2175
f 667 668 2175
f 2175 668 2173
f 668 669 2173
f 2173 669 2171
f 669 670 2171
f 2171 670 2169
f 670 671 2169
f 609 2298 608
f 608 2298 607
f 2298 606 607
f 641 2189 640
f 640 2189 639
f 634 1680 633
f 662 2179 661
f 661 2179 660
f 2179 2181 660
f 660 2181 659
f 2181 658 659
f 644 2189 643
f 643 2189 642
f 2189 641 642
f 639 2189 638
f 638 2189 637
f 2189 636 637
f 609 610 2298
f 2298 610 1717
f 610 611 1717
f 1717 611 1716
f 611 1714 1716
f 658 2181 657
f 657 2181 656
f 2181 2183 656
f 656 2183 655
f 655 2183 654
f 654 2183 653
f 2183 2185 653
f 653 2185 652
f 2185 651 652
f 634 635 1680
f 633 1680 632
f 632 1680 631
f 1680 630 631
f 1690 1692 625
f 625 1692 624
f 1692 623 624
f 623 1692 622
f 622 1692 621
f 1692 1694 621
f 621 1694 620
f 1694 1696 620
f 620 1696 619
f 1696 1698 619
f 619 1698 618
f 1698 1700 618
f 618 1700 617
f 1700 616 617
f 1690 625 1688
f 1688 625 1686
f 625 1684 1686
f 1708 1710 613
f 613 1710 1712
f 1708 613 1706
f 1706 613 1704
f 613 614 1704
f 1712 1714 613
f 613 1714 612
f 1714 611 612
f 651 2185 650
f 650 2185 649
f 2185 2187 649
f 649 2187 648
f 648 2187 647
f 647 2187 646
f 2187 2189 646
f 646 2189 645
f 2189 644 645
f 630 1680 629
f 629 1680 628
f 1680 627 628
f 627 1680 626
f 626 1680 625
f 1680 1682 625
f 625 1682 1684
f 1702 1704 616
f 616 1704 615
f 1704 614 615
f 603 604 2159
f 2159 604 2157
f 604 605 2157
f 2157 605 2155
f 605 606 2155
f 2155 606 2299
f 606 2298 2299
f 671 600 2169
f 2169 600 2167
f 600 601 2167
f 2167 601 2165
f 601 602 2165
f 2165 602 2163
f 602 603 2163
f 2163 603 2161
f 603 2159 2161
f 1680 2193 2195
f 1679 1680 2199
f 2199 1680 2197
f 1680 2195 2197
f 636 2189 635
f 635 2189 1680
f 2189 2191 1680
f 1680 2191 2193
f 2209 1677 2207
f 944 1677 2213
f 2213 1677 2211
f 1677 2209 2211
f 2207 1677 2205
f 2205 1677 2203
f 1677 1679 2203
f 2203 1679 2201
f 1679 2199 2201
f 2800 2802 2571
f 2571 2802 2573
f 2802 2804 2573
f 2573 2804 2575
f 2804 2806 2575
f 2575 2806 2577
f 2806 2808 2577
f 2577 2808 2579
f 2808 2810 2579
f 2579 2810 2581
f 2810 2812 2581
f 2581 2812 2583
f 2812 2814 2583
f 2583 2814 2585
f 2814 2816 2585
f 2585 2816 2587
f 2816 2818 2587
f 2587 2818 2589
f 2818 2820 2589
f 2589 2820 2591
f 2820 2822 2591
f 2591 2822 2593
f 2822 2824 2593
f 2593 2824 2595
f 2824 2826 2595
f 2595 2826 2597
f 2826 2828 2597
f 2597 2828 2599
f 2828 2830 2599
f 2599 2830 2601
f 2830 2832 2601
f 2601 2832 2603
f 2832 2834 2603
f 2603 2834 2605
f 2834 2835 2605
f 2605 2835 2607
f 2835 2774 2607
f 2607 2774 2609
f 2774 2775 2609
f 2609 2775 2611
f 2775 2779 2611
f 2611 2779 2613
f 2779 2757 2613
f 2613 2757 2615
f 2757 2758 2615
f 2615 2758 2617
f 2758 2759 2617
f 2617 2759 2619
f 2759 2766 2619
f 2619 2766 2621
f 2766 2767 2621
f 2621 2767 2623
f 2767 2750 2623
f 2623 2750 2625
f 2750 2751 2625
f 2625 2751 2627
f 2751 2752 2627
f 2627 2752 2629
f 2752 2753 2629
f 2629 2753 2631
f 2753 2754 2631
f 2631 2754 2633
f 2754 2755 2633
f 2633 2755 2635
f 2755 2756 2635
f 2635 2756 2637
f 2756 2740 2637
f 2637 2740 2639
f 2740 2741 2639
f 2639 2741 2641
f 2741 2742 2641
f 2641 2742 2643
f 2742 2743 2643
f 2643 2743 2645
f 2743 2744 2645
f 2645 2744 2647
f 2744 2745 2647
f 2647 2745 2649
f 2745 2746 2649
f 2649 2746 2651
f 2746 2747 2651
f 2651 2747 2653
f 2747 2748 2653
f 2653 2748 2655
f 2748 2760 2655
f 2655 2760 2657
f 2760 2761 2657
f 2657 2761 2659
f 2761 2762 2659
f 2659 2762 2661
f 2762 2768 2661
f 2661 2768 2663
f 2768 2769 2663
f 2663 2769 2521
f 2769 2770 2521
f 2521 2770 2523
f 2770 2763 2523
f 2523 2763 2525
f 2763 2764 2525
f 2525 2764 2527
f 2764 2765 2527
f 2527 2765 2529
f 2765 2771 2529
f 2529 2771 2531
f 2771 2772 2531
f 2531 2772 2533
f 2772 2773 2533
f 2533 2773 2535
f 2773 2780 2535
f 2535 2780 2537
f 2780 2781 2537
f 2537 2781 2539
f 2781 2782 2539
f 2539 2782 2541
f 2782 2836 2541
f 2541 2836 2543
f 2836 2837 2543
f 2543 2837 2545
f 2837 2838 2545
f 2545 2838 2547
f 2838 2777 2547
f 2547 2777 2549
f 2777 2778 2549
f 2549 2778 2551
f 2778 2783 2551
f 2551 2783 2553
f 2783 2784 2553
f 2553 2784 2555
f 2784 2786 2555
f 2555 2786 2557
f 2786 2788 2557
f 2557 2788 2559
f 2788 2790 2559
f 2559 2790 2561
f 2790 2792 2561
f 2561 2792 2563
f 2792 2794 2563
f 2563 2794 2565
f 2794 2796 2565
f 2565 2796 2567
f 2796 2798 2567
f 2567 2798 2569
f 2798 2800 2569
f 2569 2800 2571
f 2667 1635 2666
f 2666 1635 1633
f 2879 2839 2880
f 16 2841 2373
f 2841 16 2842
f 2842 16 2843
f 16 2844 2843
f 2847 16 2848
f 2848 16 2849
f 16 2850 2849
f 2850 16 2851
f 2851 16 2852
f 16 2853 2852
f 2880 2839 2881
f 2881 2839 2882
f 2839 2883 2882
f 2840 2887 2839
f 2839 2887 2886
f 2844 16 2845
f 2845 16 2846
f 16 2847 2846
f 2883 2839 2884
f 2884 2839 2885
f 2839 2886 2885
f 17 2858 2857
f 2861 17 2862
f 2862 17 2863
f 2875 1152 2876
f 2876 1152 2877
f 1152 2839 2877
f 2877 2839 2878
f 2839 2879 2878
f 2853 16 2854
f 2854 16 2855
f 16 17 2855
f 2855 17 2856
f 17 2857 2856
f 2858 17 2859
f 2859 17 2860
f 17 2861 2860
f 2863 17 2864
f 2864 17 2865
f 17 2866 2865
f 2872 2871 1152
f 1152 2871 2870
f 2872 1152 2873
f 2873 1152 2874
f 1152 2875 2874
f 2866 17 2867
f 2867 17 2868
f 17 1152 2868
f 2868 1152 2869
f 1152 2870 2869
f 2731 2732 1414
f 1414 2732 1413
f 2732 2733 1413
f 1413 2733 1471
f 2733 2734 1471
f 1471 2734 1470
f 2734 2735 1470
f 1470 2735 1469
f 2735 2724 1469
f 1469 2724 1468
f 2724 2725 1468
f 1468 2725 1467
f 2725 2726 1467
f 1467 2726 1444
f 2726 2714 1444
f 1444 2714 1443
f 2714 2713 1443
f 1443 2713 1442
f 2713 2712 1442
f 1442 2712 1441
f 2712 2727 1441
f 1441 2727 1440
f 2727 2671 1440
f 1440 2671 1439
f 2671 2672 1439
f 1439 2672 1438
f 2672 2673 1438
f 1438 2673 1437
f 2673 2668 1437
f 1437 2668 1436
f 2668 2669 1436
f 1436 2669 1334
f 2669 2670 1334
f 1334 2670 1333
f 2670 2681 1333
f 1333 2681 1386
f 2681 2682 1386
f 1386 2682 1385
f 2682 2674 1385
f 1385 2674 1384
f 2674 2675 1384
f 1384 2675 1350
f 2675 2676 1350
f 1350 2676 1349
f 2676 2683 1349
f 1349 2683 1383
f 2683 2684 1383
f 1383 2684 1382
f 2684 2677 1382
f 1382 2677 1357
f 2677 2678 1357
f 1357 2678 1356
f 2678 2679 1356
f 1356 2679 1435
f 2679 2680 1435
f 1435 2680 1434
f 2680 2685 1434
f 1434 2685 1428
f 2685 2686 1428
f 1428 2686 1427
f 2686 2687 1427
f 1427 2687 1426
f 2687 2688 1426
f 1426 2688 1381
f 2688 2689 1381
f 1381 2689 1380
f 2689 2690 1380
f 1380 2690 1379
f 2690 2691 1379
f 1379 2691 1376
f 2691 2692 1376
f 1376 2692 1377
f 2692 2693 1377
f 1377 2693 1378
f 2693 2694 1378
f 1378 2694 1425
f 2694 2695 1425
f 1425 2695 1424
f 2695 2696 1424
f 1424 2696 1423
f 2696 2697 1423
f 1423 2697 1422
f 2697 2698 1422
f 1422 2698 1421
f 2698 2699 1421
f 1421 2699 1420
f 2699 2700 1420
f 1420 2700 1419
f 2700 2706 1419
f 1419 2706 1418
f 2706 2707 1418
f 1418 2707 1375
f 2707 2708 1375
f 1375 2708 1374
f 2708 2709 1374
f 1374 2709 1373
f 2709 2715 1373
f 1373 2715 1372
f 2715 2716 1372
f 1372 2716 1371
f 2716 2705 1371
f 1371 2705 1370
f 2705 2704 1370
f 1370 2704 1347
f 2704 2703 1347
f 1347 2703 1346
f 2703 2702 1346
f 1346 2702 1345
f 2702 2701 1345
f 1345 2701 1344
f 2701 2736 1344
f 1344 2736 1343
f 2736 2710 1343
f 1343 2710 1342
f 2710 2711 1342
f 1342 2711 1341
f 2711 2728 1341
f 1341 2728 1340
f 2728 2729 1340
f 1340 2729 1339
f 2729 2717 1339
f 1339 2717 1355
f 2717 2718 1355
f 1355 2718 1354
f 2718 2719 1354
f 1354 2719 1353
f 2719 2720 1353
f 1353 2720 1433
f 2720 2721 1433
f 1433 2721 1432
f 2721 2722 1432
f 1432 2722 1431
f 2722 2723 1431
f 1431 2723 1324
f 2723 2737 1324
f 1324 2737 1323
f 2737 2738 1323
f 1323 2738 1322
f 2738 2739 1322
f 1322 2739 1416
f 2739 2730 1416
f 1416 2730 1415
f 2730 2731 1415
f 1415 2731 1414
